# https://github.com/mikedh/trimesh
v -0.00420212 0.06243020 -0.00686312
v -0.00424627 0.06240843 -0.00687683
v -0.00424627 0.06241444 -0.00686312
v -0.00420212 0.06098113 -0.00686312
v -0.00420212 0.06229806 -0.00713073
v -0.00455531 0.06207807 -0.00733703
v -0.00455531 0.06213438 -0.00722234
v -0.00440788 0.06235512 -0.00686312
v -0.00463808 0.06215540 -0.00711847
v -0.00456713 0.06229656 -0.00686312
v -0.00420212 0.05475989 -0.01315445
v -0.00432905 0.06010343 -0.00686312
v -0.00432747 0.06003886 -0.00693670
v -0.00420212 0.06214339 -0.00743152
v -0.00424548 0.06217868 -0.00733703
v -0.00428884 0.06213964 -0.00738680
v -0.00455531 0.06202176 -0.00744811
v -0.00464124 0.06200674 -0.00741998
v -0.00469642 0.06202927 -0.00733414
v -0.00469484 0.06210735 -0.00717617
v -0.00469484 0.06217342 -0.00702975
v -0.00470509 0.06223349 -0.00688693
v -0.00458684 0.06228905 -0.00686312
v -0.00420212 0.05475989 -0.01422272
v -0.00432747 0.05974604 -0.00725408
v -0.00432905 0.05960039 -0.00741060
v -0.00437083 0.06000582 -0.00686312
v -0.00439291 0.05997579 -0.00686312
v -0.00444257 0.05986542 -0.00691650
v -0.00453481 0.05981887 -0.00686312
v -0.00453875 0.05981136 -0.00686745
v -0.00468381 0.05967622 -0.00686312
v -0.00484778 0.05951930 -0.00686312
v -0.00561485 0.05878575 -0.00686312
v -0.00926255 0.05529822 -0.00686312
v -0.00957868 0.05499640 -0.00686312
v -0.00956922 0.05494234 -0.00694752
v -0.00967329 0.05492957 -0.00686312
v -0.00980573 0.05490329 -0.00686312
v -0.01096066 0.05475989 -0.00686312
v -0.00434245 0.05993900 -0.00699945
v -0.00420212 0.06201125 -0.00767605
v -0.00425494 0.06203002 -0.00761257
v -0.00424548 0.06210660 -0.00747552
v -0.00446307 0.06199698 -0.00755198
v -0.00455531 0.06198122 -0.00752313
v -0.00474136 0.06198647 -0.00738247
v -0.00480600 0.06201275 -0.00728221
v -0.00462783 0.06185132 -0.00771067
v -0.00478708 0.06170492 -0.00786720
v -0.00484463 0.06165011 -0.00792562
v -0.00479733 0.06185958 -0.00757506
v -0.00473820 0.06213588 -0.00707519
v -0.00490612 0.06199248 -0.00724037
v -0.00485567 0.06203678 -0.00718916
v -0.00470746 0.06224250 -0.00686312
v -0.00479418 0.06215841 -0.00697565
v -0.00484936 0.06218319 -0.00686312
v -0.00420212 0.05526218 -0.01423210
v -0.00425652 0.05475989 -0.01419459
v -0.00496998 0.05562558 -0.01388731
v -0.00485488 0.05562558 -0.01394429
v -0.00440867 0.05995777 -0.00686312
v -0.00962756 0.05496036 -0.00686312
v -0.01177976 0.05475989 -0.00686312
v -0.00420212 0.06199698 -0.00770202
v -0.00425494 0.06198872 -0.00768759
v -0.00436295 0.06201275 -0.00758156
v -0.00452850 0.06186859 -0.00774097
v -0.00456871 0.06190538 -0.00765152
v -0.00440946 0.06196845 -0.00763421
v -0.00505354 0.06169140 -0.00769120
v -0.00500940 0.06181904 -0.00748706
v -0.00485567 0.06196470 -0.00733414
v -0.00460813 0.06169515 -0.00799992
v -0.00470509 0.06167864 -0.00796890
v -0.00470509 0.06172068 -0.00789389
v -0.00476974 0.06154875 -0.00815572
v -0.00485488 0.06157502 -0.00805185
v -0.00494081 0.06155776 -0.00802156
v -0.00488720 0.06168464 -0.00782969
v -0.00495973 0.06201500 -0.00714011
v -0.00506222 0.06184457 -0.00739690
v -0.00511740 0.06186934 -0.00729736
v -0.00500782 0.06197145 -0.00718916
v -0.00500782 0.06203828 -0.00703912
v -0.00484857 0.06217643 -0.00687971
v -0.00486513 0.06217643 -0.00686312
v -0.00420212 0.05533126 -0.01423137
v -0.00490297 0.05475989 -0.01384908
v -0.00504487 0.05562558 -0.01384186
v -0.00496683 0.05577574 -0.01388659
v -0.00500782 0.05475989 -0.01379209
v -0.00511582 0.05475989 -0.01373295
v -0.00518835 0.05475989 -0.01369255
v -0.00530582 0.05475989 -0.01362547
v -0.00547137 0.05475989 -0.01353025
v -0.00591364 0.05475989 -0.01327491
v -0.00635590 0.05475989 -0.01301884
v -0.00644104 0.05475989 -0.01296907
v -0.00651594 0.05475989 -0.01292435
v -0.00664838 0.05475989 -0.01284500
v -0.00672721 0.05475989 -0.01279740
v -0.01221808 0.05487551 -0.00686312
v -0.01225514 0.05475989 -0.00686384
v -0.00420212 0.06185658 -0.00794366
v -0.00425494 0.06193166 -0.00778713
v -0.00434245 0.06185658 -0.00786864
v -0.00444178 0.06184006 -0.00784123
v -0.00439685 0.06188436 -0.00778929
v -0.00510163 0.06156301 -0.00788018
v -0.00515288 0.06159154 -0.00778713
v -0.00516076 0.06167038 -0.00763998
v -0.00511425 0.06171768 -0.00759165
v -0.00455688 0.06166437 -0.00808143
v -0.00466962 0.06156602 -0.00818458
v -0.00471376 0.06160130 -0.00809874
v -0.00477841 0.06125142 -0.00861160
v -0.00481310 0.06141660 -0.00833389
v -0.00485961 0.06145339 -0.00824517
v -0.00485488 0.06153073 -0.00812687
v -0.00420607 0.06126194 -0.00892897
v -0.00420212 0.06109300 -0.00919803
v -0.00420212 0.06096161 -0.00940504
v -0.00420212 0.06078292 -0.00968492
v -0.00420212 0.06051262 -0.01010761
v -0.00491322 0.06139483 -0.00830071
v -0.00497629 0.06142711 -0.00820044
v -0.00504093 0.06153223 -0.00798044
v -0.00505906 0.06199323 -0.00709034
v -0.00516076 0.06174846 -0.00749355
v -0.00516234 0.06182580 -0.00734280
v -0.00552498 0.06169966 -0.00725696
v -0.00521752 0.06184607 -0.00724975
v -0.00536967 0.06184757 -0.00710116
v -0.00516234 0.06189788 -0.00719493
v -0.00542013 0.06187010 -0.00700162
v -0.00510794 0.06201500 -0.00699080
v -0.00498180 0.06212537 -0.00686312
v -0.00420212 0.05544238 -0.01421406
v -0.00485488 0.05577574 -0.01393131
v -0.00691248 0.05475989 -0.01268271
v -0.00698579 0.05475989 -0.01263654
v -0.00701417 0.05475989 -0.01261851
v -0.00523329 0.05571117 -0.01371563
v -0.00504172 0.05577574 -0.01383681
v -0.00494948 0.05587109 -0.01387649
v -0.00710641 0.05475989 -0.01255864
v -0.01217000 0.05501817 -0.00686312
v -0.01220705 0.05487551 -0.00688693
v -0.01224489 0.05475989 -0.00688621
v -0.00420212 0.06174171 -0.00813985
v -0.00426125 0.06174846 -0.00809802
v -0.00425494 0.06182655 -0.00796746
v -0.00520175 0.06153673 -0.00783762
v -0.00525930 0.06156752 -0.00773736
v -0.00530818 0.06159755 -0.00764142
v -0.00583007 0.06155175 -0.00726201
v -0.00521437 0.06169441 -0.00754765
v -0.00441892 0.06160731 -0.00825166
v -0.00455531 0.06158479 -0.00821559
v -0.00440473 0.06168389 -0.00813048
v -0.00447805 0.06155175 -0.00831153
v -0.00447253 0.06019803 -0.01040767
v -0.00460813 0.06034219 -0.01009823
v -0.00478077 0.06065228 -0.00951324
v -0.00486119 0.06106372 -0.00883737
v -0.00420212 0.06045706 -0.01019344
v -0.00420212 0.06035570 -0.01034925
v -0.00425100 0.06024233 -0.01048990
v -0.00437241 0.06022056 -0.01044158
v -0.00420212 0.06140684 -0.00869527
v -0.00420212 0.06126269 -0.00892970
v -0.00491479 0.06109526 -0.00875225
v -0.00500545 0.06112379 -0.00864478
v -0.00508508 0.06110427 -0.00861592
v -0.00504960 0.06123716 -0.00843848
v -0.00501807 0.06137681 -0.00824517
v -0.00511109 0.06126869 -0.00833822
v -0.00552025 0.06184757 -0.00695112
v -0.00561327 0.06183030 -0.00689558
v -0.00546428 0.06189712 -0.00689558
v -0.00526955 0.06172143 -0.00744739
v -0.00577016 0.06161106 -0.00720214
v -0.00598380 0.06155400 -0.00711486
v -0.00613674 0.06155550 -0.00696771
v -0.00590575 0.06162984 -0.00703696
v -0.00567713 0.06170116 -0.00710909
v -0.00536967 0.06169741 -0.00740267
v -0.00583007 0.06170191 -0.00696122
v -0.00520806 0.06199248 -0.00693958
v -0.00524511 0.06200900 -0.00686312
v -0.00420212 0.05556551 -0.01417800
v -0.00420764 0.05557002 -0.01417511
v -0.00521831 0.05581103 -0.01370409
v -0.00516313 0.05576673 -0.01375386
v -0.00714741 0.05475989 -0.01253051
v -0.00720574 0.05475989 -0.01249012
v -0.00725305 0.05475989 -0.01245621
v -0.00754316 0.05475989 -0.01224559
v -0.00782460 0.05475989 -0.01204074
v -0.00512450 0.05592590 -0.01374521
v -0.00500545 0.05605279 -0.01374737
v -0.00485488 0.05589287 -0.01389019
v -0.00510085 0.05602501 -0.01372790
v -0.00534523 0.05642970 -0.01340114
v -0.00518678 0.05627803 -0.01355045
v -0.01215186 0.05507073 -0.00686312
v -0.01215896 0.05501892 -0.00688621
v -0.01213688 0.05496411 -0.00697060
v -0.01215107 0.05487551 -0.00699945
v -0.01216921 0.05475989 -0.00703696
v -0.00420212 0.06171543 -0.00818458
v -0.00420212 0.06167488 -0.00825310
v -0.00426125 0.06166813 -0.00823363
v -0.00521121 0.06124166 -0.00829638
v -0.00538938 0.06065678 -0.00907035
v -0.00534523 0.06108324 -0.00843271
v -0.00550369 0.06108775 -0.00828917
v -0.00544851 0.06143688 -0.00778280
v -0.00535942 0.06154124 -0.00769408
v -0.00541697 0.06157052 -0.00759382
v -0.00567319 0.06154875 -0.00740555
v -0.00561643 0.06152472 -0.00749500
v -0.00591127 0.06145715 -0.00734352
v -0.00602164 0.06142486 -0.00729808
v -0.00612176 0.06139708 -0.00725408
v -0.00650017 0.06132425 -0.00703191
v -0.00635590 0.06137831 -0.00707303
v -0.00635590 0.06142261 -0.00699801
v -0.00420212 0.06159455 -0.00838799
v -0.00424233 0.06158178 -0.00838799
v -0.00437793 0.06156827 -0.00833822
v -0.00441498 0.06016875 -0.01048990
v -0.00455609 0.06010118 -0.01049351
v -0.00464360 0.06020854 -0.01027279
v -0.00429752 0.06018752 -0.01054112
v -0.00477999 0.06035195 -0.00996334
v -0.00481625 0.06051863 -0.00968852
v -0.00491637 0.06049536 -0.00965318
v -0.00495185 0.06066204 -0.00937836
v -0.00420212 0.06020404 -0.01057935
v -0.00420212 0.06150520 -0.00853441
v -0.00428411 0.06153749 -0.00843848
v -0.00500230 0.06090154 -0.00898163
v -0.00512134 0.06067180 -0.00924203
v -0.00522146 0.06064777 -0.00920596
v -0.00525379 0.06081445 -0.00893114
v -0.00556282 0.06186709 -0.00686312
v -0.00594517 0.06169365 -0.00686312
v -0.00608392 0.06152772 -0.00706726
v -0.00623686 0.06152923 -0.00692011
v -0.00626603 0.06154424 -0.00686312
v -0.00621636 0.06156902 -0.00686312
v -0.00619429 0.06157277 -0.00687683
v -0.00607919 0.06163209 -0.00686312
v -0.00420212 0.05557077 -0.01417511
v -0.00420212 0.05574721 -0.01407701
v -0.00470509 0.05591464 -0.01390462
v -0.00519939 0.05592590 -0.01369111
v -0.00787900 0.05475989 -0.01200106
v -0.00542722 0.05622623 -0.01344802
v -0.00525221 0.05617818 -0.01357858
v -0.00508666 0.05630431 -0.01356560
v -0.00485488 0.05596795 -0.01384186
v -0.00540121 0.05661440 -0.01327202
v -0.00550133 0.05657911 -0.01325111
v -0.00555257 0.05676757 -0.01312343
v -0.01213610 0.05511502 -0.00686312
v -0.01214950 0.05475989 -0.00707591
v -0.01210693 0.05519536 -0.00686312
v -0.01211796 0.05506472 -0.00693526
v -0.01208406 0.05501892 -0.00702758
v -0.01203519 0.05488753 -0.00719998
v -0.01211087 0.05487551 -0.00707447
v -0.01212664 0.05478617 -0.00710260
v -0.00514420 0.06053290 -0.00943390
v -0.00518599 0.06048034 -0.00948150
v -0.00525379 0.06051413 -0.00938124
v -0.00535391 0.06048785 -0.00934301
v -0.00541619 0.06052314 -0.00924275
v -0.00548950 0.06062900 -0.00902707
v -0.00554705 0.06066128 -0.00892681
v -0.00560066 0.06068982 -0.00883520
v -0.00563771 0.06092858 -0.00842477
v -0.00582849 0.06080094 -0.00846084
v -0.00552734 0.06125067 -0.00801002
v -0.00560303 0.06135203 -0.00778280
v -0.00555099 0.06141360 -0.00773015
v -0.00570788 0.06141736 -0.00758660
v -0.00546191 0.06151796 -0.00764142
v -0.00615566 0.06126644 -0.00743441
v -0.00620611 0.06129798 -0.00733919
v -0.00641266 0.06124241 -0.00724614
v -0.00651357 0.06121989 -0.00719204
v -0.00656797 0.06124542 -0.00710044
v -0.00675717 0.06111778 -0.00713795
v -0.00662000 0.06127545 -0.00700017
v -0.00653170 0.06137531 -0.00691362
v -0.00643158 0.06140234 -0.00696267
v -0.00450643 0.06006439 -0.01058007
v -0.00460655 0.06004036 -0.01054689
v -0.00477841 0.06005087 -0.01041200
v -0.00471140 0.06012971 -0.01034276
v -0.00426362 0.06013121 -0.01064355
v -0.00481467 0.06021831 -0.01013790
v -0.00483990 0.06037823 -0.00988183
v -0.00500545 0.06047433 -0.00962144
v -0.00500309 0.06060197 -0.00943173
v -0.00420212 0.06006364 -0.01077338
v -0.00422972 0.06007490 -0.01074309
v -0.00649150 0.06142036 -0.00687322
v -0.00634565 0.06149544 -0.00687683
v -0.00635117 0.06149994 -0.00686312
v -0.00420212 0.05578175 -0.01405682
v -0.00470509 0.05598972 -0.01385557
v -0.00462153 0.05600023 -0.01386278
v -0.00420212 0.05604678 -0.01389380
v -0.00420212 0.05592140 -0.01397242
v -0.00420212 0.05589812 -0.01398685
v -0.00420212 0.05584031 -0.01402219
v -0.00820301 0.05475989 -0.01176231
v -0.00565033 0.05637639 -0.01324029
v -0.00557464 0.05637639 -0.01329655
v -0.00555099 0.05647925 -0.01327852
v -0.00540278 0.05632984 -0.01342927
v -0.00830628 0.05475989 -0.01168513
v -0.00843163 0.05475989 -0.01159136
v -0.00508744 0.05675405 -0.01326481
v -0.00491401 0.05614664 -0.01371058
v -0.00530503 0.05663692 -0.01328645
v -0.00515524 0.05647925 -0.01343215
v -0.00515524 0.05655433 -0.01338238
v -0.00486040 0.05608808 -0.01376035
v -0.00545560 0.05679309 -0.01314074
v -0.00560381 0.05667672 -0.01315012
v -0.00551315 0.05704386 -0.01295753
v -0.00545560 0.05686817 -0.01309242
v -0.00565190 0.05672627 -0.01309963
v -0.00574808 0.05682313 -0.01299648
v -0.00560381 0.05682162 -0.01306645
v -0.00560539 0.05694025 -0.01298999
v -0.01211402 0.05475989 -0.00714227
v -0.01205017 0.05533501 -0.00686312
v -0.01203282 0.05533426 -0.00689703
v -0.01209983 0.05518110 -0.00688621
v -0.01201784 0.05517209 -0.00703912
v -0.01198946 0.05511953 -0.00712496
v -0.01200759 0.05502568 -0.00715670
v -0.01198000 0.05494534 -0.00725841
v -0.01202100 0.05475989 -0.00730601
v -0.01210220 0.05475989 -0.00716319
v -0.01199892 0.05484473 -0.00729086
v -0.00505118 0.06033768 -0.00979167
v -0.00521831 0.06034519 -0.00965390
v -0.00546191 0.06046157 -0.00929108
v -0.00567555 0.06049911 -0.00905881
v -0.00524354 0.06020930 -0.00982341
v -0.00583480 0.06050437 -0.00891599
v -0.00589314 0.06052914 -0.00882871
v -0.00564717 0.06063350 -0.00888353
v -0.00575518 0.06069732 -0.00868878
v -0.00566136 0.06109150 -0.00814563
v -0.00596173 0.06064176 -0.00859645
v -0.00601928 0.06067330 -0.00849618
v -0.00632358 0.06097588 -0.00774962
v -0.00609890 0.06123491 -0.00753467
v -0.00644656 0.06111102 -0.00742647
v -0.00660344 0.06111478 -0.00728221
v -0.00670356 0.06108700 -0.00723749
v -0.00665469 0.06114481 -0.00718699
v -0.00689119 0.06095861 -0.00727283
v -0.00685729 0.06108775 -0.00708673
v -0.00680605 0.06114631 -0.00703696
v -0.00665153 0.06132425 -0.00688260
v -0.00655772 0.06138958 -0.00686312
v -0.00463651 0.05990522 -0.01071712
v -0.00440473 0.06003436 -0.01068827
v -0.00480679 0.05991573 -0.01058223
v -0.00485488 0.06003060 -0.01038387
v -0.00494475 0.06005988 -0.01027495
v -0.00432984 0.06005162 -0.01071207
v -0.00495106 0.06036171 -0.00982774
v -0.00420212 0.06002910 -0.01081810
v -0.00448278 0.05975280 -0.01101430
v -0.00458290 0.05973103 -0.01098473
v -0.00466489 0.05976857 -0.01088519
v -0.00455531 0.05986918 -0.01081810
v -0.00650648 0.06141736 -0.00686312
v -0.00481389 0.05616091 -0.01371996
v -0.00485488 0.05633960 -0.01359012
v -0.00485488 0.05641468 -0.01353819
v -0.00420212 0.05612187 -0.01384331
v -0.00579696 0.05652580 -0.01308809
v -0.00586870 0.05667597 -0.01299215
v -0.00572207 0.05652580 -0.01314435
v -0.00845844 0.05475989 -0.01157116
v -0.00569920 0.05662641 -0.01312704
v -0.00500545 0.05667597 -0.01333261
v -0.00500545 0.05657986 -0.01339897
v -0.00518756 0.05673603 -0.01325327
v -0.00525457 0.05691172 -0.01311983
v -0.00530503 0.05708891 -0.01298855
v -0.00530503 0.05716399 -0.01293733
v -0.00515524 0.05700257 -0.01308015
v -0.00515524 0.05711144 -0.01300514
v -0.00530503 0.05671201 -0.01323740
v -0.00530503 0.05683514 -0.01315661
v -0.00554705 0.05721355 -0.01282192
v -0.00539175 0.05750787 -0.01266756
v -0.00541303 0.05706639 -0.01297340
v -0.00545955 0.05698680 -0.01301235
v -0.00535469 0.05689070 -0.01310612
v -0.00584741 0.05677057 -0.01297556
v -0.00579302 0.05687118 -0.01294094
v -0.00569290 0.05691097 -0.01296979
v -0.01201232 0.05542586 -0.00686312
v -0.01197764 0.05539057 -0.00695401
v -0.01199813 0.05528996 -0.00699008
v -0.01184046 0.05527194 -0.00727716
v -0.01181681 0.05517584 -0.00738536
v -0.01183179 0.05510001 -0.00741132
v -0.01188934 0.05504069 -0.00735146
v -0.01167333 0.05507898 -0.00769841
v -0.01172458 0.05502793 -0.00764359
v -0.01196502 0.05475989 -0.00740267
v -0.01182154 0.05492282 -0.00754477
v -0.01151251 0.05475989 -0.00817808
v -0.00508193 0.06020254 -0.00996479
v -0.00510636 0.06006739 -0.01013430
v -0.00513001 0.05993149 -0.01030453
v -0.00530503 0.06012671 -0.00988760
v -0.00590575 0.06022506 -0.00924491
v -0.00643552 0.06035495 -0.00861665
v -0.00695268 0.06009818 -0.00853730
v -0.00687779 0.06019954 -0.00845940
v -0.00506931 0.05989546 -0.01040479
v -0.00615014 0.06051337 -0.00862963
v -0.00630781 0.06051713 -0.00848609
v -0.00662158 0.06052539 -0.00819828
v -0.00627628 0.06064927 -0.00830864
v -0.00674692 0.06066128 -0.00787657
v -0.00655693 0.06078892 -0.00784123
v -0.00658058 0.06095185 -0.00756208
v -0.00665469 0.06105396 -0.00733414
v -0.00673746 0.06095560 -0.00741782
v -0.00683758 0.06092782 -0.00737237
v -0.00692430 0.06082722 -0.00745316
v -0.00705675 0.06066729 -0.00758660
v -0.00702442 0.06079793 -0.00740555
v -0.00720417 0.06066654 -0.00743801
v -0.00707015 0.06082722 -0.00730601
v -0.00694717 0.06097963 -0.00717617
v -0.00703704 0.06095560 -0.00711847
v -0.00690223 0.06111628 -0.00698647
v -0.00676033 0.06127019 -0.00686312
v -0.00663261 0.06134603 -0.00686312
v -0.00665705 0.06133176 -0.00686312
v -0.00476501 0.05974454 -0.01085201
v -0.00485488 0.05972052 -0.01081882
v -0.00490612 0.05988870 -0.01054545
v -0.00496998 0.05992474 -0.01044518
v -0.00420212 0.05994951 -0.01091476
v -0.00425494 0.05993750 -0.01090466
v -0.00460182 0.05959213 -0.01115063
v -0.00470509 0.05956960 -0.01112178
v -0.00470509 0.05962817 -0.01104676
v -0.00479102 0.05960714 -0.01102007
v -0.00500545 0.05676306 -0.01327202
v -0.00420212 0.05623073 -0.01376612
v -0.00515524 0.05718577 -0.01295248
v -0.00856644 0.05475989 -0.01148965
v -0.00613043 0.05660013 -0.01281327
v -0.00530503 0.05696728 -0.01306933
v -0.00529714 0.05728262 -0.01285438
v -0.00524196 0.05735545 -0.01281615
v -0.00534208 0.05733743 -0.01280317
v -0.00564717 0.05717676 -0.01279379
v -0.00556518 0.05737948 -0.01268415
v -0.00549187 0.05748009 -0.01264592
v -0.00541776 0.05767680 -0.01253195
v -0.00530503 0.05777441 -0.01249228
v -0.00530503 0.05769933 -0.01254854
v -0.00530503 0.05759721 -0.01262356
v -0.00600272 0.05678108 -0.01283418
v -0.00590496 0.05682613 -0.01288756
v -0.00586318 0.05693575 -0.01284068
v -0.00581115 0.05703561 -0.01279956
v -0.00571103 0.05707690 -0.01283274
v -0.01199025 0.05547616 -0.00686312
v -0.01195872 0.05547616 -0.00692011
v -0.01188382 0.05548367 -0.00704706
v -0.01166939 0.05552197 -0.00739041
v -0.01169068 0.05542211 -0.00742791
v -0.01181997 0.05537180 -0.00724109
v -0.01168279 0.05525317 -0.00756352
v -0.01165441 0.05517584 -0.00766523
v -0.01157715 0.05517809 -0.00779362
v -0.01123422 0.05480794 -0.00861737
v -0.01169225 0.05497913 -0.00773015
v -0.01136272 0.05475989 -0.00843054
v -0.00499205 0.05977983 -0.01062912
v -0.00514815 0.05979109 -0.01048413
v -0.00554863 0.05991272 -0.00997849
v -0.00561012 0.05982938 -0.01004197
v -0.00703625 0.06020479 -0.00831730
v -0.00709459 0.06023032 -0.00822930
v -0.00690065 0.06006364 -0.00862891
v -0.00705911 0.06006889 -0.00848681
v -0.00709774 0.06012220 -0.00838077
v -0.00612649 0.05989921 -0.00950963
v -0.00638586 0.05987443 -0.00932498
v -0.00640793 0.06048860 -0.00844209
v -0.00700787 0.06033844 -0.00814202
v -0.00695584 0.06052689 -0.00790038
v -0.00684704 0.06063275 -0.00783257
v -0.00669016 0.06062900 -0.00797684
v -0.00690302 0.06066504 -0.00773231
v -0.00681472 0.06077090 -0.00764287
v -0.00677057 0.06082421 -0.00759742
v -0.00680369 0.06087602 -0.00748562
v -0.00687070 0.06079643 -0.00755270
v -0.00700314 0.06063576 -0.00768687
v -0.00710641 0.06060648 -0.00763710
v -0.00715687 0.06063801 -0.00753756
v -0.00725462 0.06060497 -0.00748778
v -0.00725462 0.06069357 -0.00733342
v -0.00700235 0.06108324 -0.00692516
v -0.00734607 0.06066279 -0.00728149
v -0.00695347 0.06113955 -0.00687971
v -0.00695426 0.06114781 -0.00686312
v -0.00682891 0.06122815 -0.00686312
v -0.00484700 0.05964018 -0.01093568
v -0.00489114 0.05958086 -0.01098401
v -0.00493293 0.05975280 -0.01071496
v -0.00420212 0.05988419 -0.01099194
v -0.00425494 0.05987443 -0.01097968
v -0.00495658 0.05916641 -0.01147811
v -0.00481389 0.05946824 -0.01118453
v -0.00493608 0.05930456 -0.01131725
v -0.00491401 0.05944346 -0.01115135
v -0.00420212 0.05628930 -0.01372429
v -0.00515524 0.05727662 -0.01288684
v -0.00866814 0.05475989 -0.01141030
v -0.00628653 0.05660989 -0.01266828
v -0.00610994 0.05667597 -0.01279307
v -0.00880610 0.05475989 -0.01129778
v -0.00881398 0.05475989 -0.01129129
v -0.00894721 0.05475989 -0.01118020
v -0.00908754 0.05475989 -0.01106263
v -0.00912853 0.05479668 -0.01101070
v -0.00515524 0.05736446 -0.01282264
v -0.00518126 0.05779017 -0.01250454
v -0.00508193 0.05780219 -0.01251320
v -0.00551788 0.05764301 -0.01250598
v -0.00546270 0.05772711 -0.01246848
v -0.00545560 0.05783297 -0.01238769
v -0.00537913 0.05810101 -0.01221241
v -0.00534445 0.05794034 -0.01235379
v -0.00529872 0.05788478 -0.01240861
v -0.00524511 0.05795610 -0.01236677
v -0.00515524 0.05796812 -0.01237543
v -0.00625499 0.05671050 -0.01263799
v -0.00615487 0.05678333 -0.01268631
v -0.00626918 0.05688694 -0.01250238
v -0.00596330 0.05688094 -0.01279740
v -0.00583322 0.05735470 -0.01251536
v -0.00582298 0.05719478 -0.01265746
v -0.00591758 0.05698906 -0.01274835
v -0.00587185 0.05709492 -0.01270002
v -0.00567950 0.05750036 -0.01251248
v -0.00566531 0.05733968 -0.01265313
v -0.01192718 0.05561206 -0.00686312
v -0.01183179 0.05570141 -0.00696194
v -0.01184992 0.05562558 -0.00699296
v -0.01170487 0.05574946 -0.00715237
v -0.01173246 0.05563309 -0.00719637
v -0.01167570 0.05568790 -0.00725191
v -0.01164889 0.05563309 -0.00733919
v -0.01156691 0.05561882 -0.00748562
v -0.01155902 0.05547616 -0.00760608
v -0.01155350 0.05529897 -0.00774818
v -0.01166151 0.05535303 -0.00752746
v -0.01170566 0.05531249 -0.00748129
v -0.01152276 0.05522990 -0.00784844
v -0.01121688 0.05475989 -0.00867507
v -0.01124289 0.05475989 -0.00863179
v -0.01125235 0.05475989 -0.00861592
v -0.01121372 0.05490780 -0.00858274
v -0.01115854 0.05487777 -0.00868878
v -0.00503305 0.05972352 -0.01067312
v -0.00509296 0.05975956 -0.01057358
v -0.00495579 0.05961690 -0.01088446
v -0.00505591 0.05958687 -0.01084263
v -0.00516155 0.05956059 -0.01079069
v -0.00521594 0.05959288 -0.01070053
v -0.00545955 0.05970625 -0.01033915
v -0.00713637 0.06017476 -0.00827330
v -0.00719392 0.06020930 -0.00817376
v -0.00676269 0.05992173 -0.00894052
v -0.00617143 0.05962666 -0.00984721
v -0.00597513 0.05944797 -0.01025836
v -0.00721520 0.06007490 -0.00834399
v -0.00590418 0.05965144 -0.01003908
v -0.00706384 0.06037147 -0.00804176
v -0.00716396 0.06034219 -0.00799703
v -0.00713400 0.06047433 -0.00781959
v -0.00709301 0.06052614 -0.00777631
v -0.00718840 0.06050662 -0.00771933
v -0.00724516 0.06052839 -0.00762483
v -0.00733503 0.06050512 -0.00756713
v -0.00730350 0.06063426 -0.00738103
v -0.00717658 0.06094885 -0.00695617
v -0.00710878 0.06102918 -0.00689053
v -0.00736972 0.06052839 -0.00748706
v -0.00747851 0.06049986 -0.00740844
v -0.00737997 0.06068756 -0.00718699
v -0.00734765 0.06081445 -0.00698575
v -0.00731138 0.06078817 -0.00708601
v -0.00711587 0.06103819 -0.00686312
v -0.00497865 0.05948101 -0.01105181
v -0.00420212 0.05980836 -0.01106984
v -0.00485488 0.05918594 -0.01149470
v -0.00494869 0.05901100 -0.01162021
v -0.00504881 0.05898622 -0.01159785
v -0.00515524 0.05895318 -0.01156611
v -0.00515524 0.05902977 -0.01149109
v -0.00505670 0.05913638 -0.01144565
v -0.00499678 0.05922122 -0.01138145
v -0.00503620 0.05927678 -0.01127975
v -0.00420212 0.05655659 -0.01353098
v -0.00700471 0.05625776 -0.01218788
v -0.00762278 0.05598747 -0.01175509
v -0.00814940 0.05576523 -0.01138145
v -0.00705675 0.05634185 -0.01208762
v -0.00919318 0.05475989 -0.01096597
v -0.00923417 0.05475989 -0.01092486
v -0.00927832 0.05479668 -0.01085994
v -0.00917978 0.05487551 -0.01091187
v -0.00957789 0.05554524 -0.01010977
v -0.00925782 0.05536279 -0.01053968
v -0.00908912 0.05517584 -0.01082099
v -0.00880610 0.05536054 -0.01098833
v -0.00870598 0.05544238 -0.01103738
v -0.00808870 0.05571342 -0.01147017
v -0.00507798 0.05840134 -0.01206237
v -0.00501886 0.05846816 -0.01202198
v -0.00420212 0.05914764 -0.01164185
v -0.00420212 0.05902977 -0.01172841
v -0.00420212 0.05848017 -0.01212946
v -0.00420212 0.05836154 -0.01221602
v -0.00420212 0.05682988 -0.01333189
v -0.00553365 0.05780444 -0.01236533
v -0.00545560 0.05790805 -0.01232710
v -0.00545560 0.05799965 -0.01225208
v -0.00539411 0.05826168 -0.01207103
v -0.00521594 0.05854549 -0.01190729
v -0.00530503 0.05828421 -0.01208906
v -0.00511582 0.05856727 -0.01192460
v -0.00515524 0.05831424 -0.01211142
v -0.00515524 0.05821739 -0.01218644
v -0.00515524 0.05814231 -0.01224343
v -0.00664996 0.05666696 -0.01228238
v -0.00670987 0.05671801 -0.01219293
v -0.00645839 0.05678934 -0.01238985
v -0.00736026 0.05634711 -0.01179116
v -0.00642133 0.05688920 -0.01235451
v -0.00672564 0.05689445 -0.01205805
v -0.00616906 0.05694476 -0.01254999
v -0.00806505 0.05718126 -0.01054761
v -0.00811708 0.05724433 -0.01044807
v -0.00802011 0.05729314 -0.01050145
v -0.00688883 0.05706038 -0.01177024
v -0.00601612 0.05694175 -0.01269713
v -0.00597197 0.05704161 -0.01265530
v -0.00589235 0.05726160 -0.01254133
v -0.00598065 0.05720154 -0.01251320
v -0.00593334 0.05730139 -0.01247064
v -0.00598853 0.05735996 -0.01237038
v -0.00584032 0.05751162 -0.01237182
v -0.00569605 0.05781795 -0.01222683
v -0.00568896 0.05766028 -0.01237038
v -0.00554469 0.05796586 -0.01222467
v -0.01182154 0.05582980 -0.00686312
v -0.01177503 0.05591389 -0.00687466
v -0.01180814 0.05580127 -0.00691650
v -0.01168122 0.05584932 -0.00711054
v -0.01166072 0.05579001 -0.00719637
v -0.01157952 0.05577799 -0.00734208
v -0.01154562 0.05572919 -0.00743441
v -0.01151409 0.05566462 -0.00753467
v -0.01153853 0.05556476 -0.00757218
v -0.01153064 0.05539883 -0.00771067
v -0.01110335 0.05484849 -0.00879192
v -0.01119323 0.05475989 -0.00871114
v -0.01108049 0.05494834 -0.00876091
v -0.00510085 0.05931433 -0.01117948
v -0.00507877 0.05945022 -0.01101142
v -0.00520097 0.05928354 -0.01113837
v -0.00530503 0.05917693 -0.01119752
v -0.00529951 0.05937289 -0.01093279
v -0.00515288 0.05934961 -0.01108788
v -0.00571576 0.05947350 -0.01044302
v -0.00729404 0.06017851 -0.00812759
v -0.00724832 0.06023632 -0.00808143
v -0.00567871 0.05930081 -0.01071135
v -0.00553759 0.05915665 -0.01101935
v -0.00598853 0.05930757 -0.01042066
v -0.00672249 0.05974604 -0.00920524
v -0.00731532 0.06004036 -0.00829782
v -0.00715923 0.06003661 -0.00844353
v -0.00736814 0.06007865 -0.00819828
v -0.00725305 0.06042478 -0.00778352
v -0.00728852 0.06047433 -0.00766739
v -0.00734528 0.06021155 -0.00802733
v -0.00736420 0.06037447 -0.00774818
v -0.00746432 0.06034069 -0.00769336
v -0.00750847 0.06037072 -0.00759310
v -0.00726093 0.06092032 -0.00689847
v -0.00722230 0.06096536 -0.00686312
v -0.00760859 0.06033618 -0.00753251
v -0.00777730 0.06019878 -0.00755631
v -0.00756050 0.06046908 -0.00735001
v -0.00761332 0.06048860 -0.00723677
v -0.00756050 0.06055392 -0.00718699
v -0.00751320 0.06052614 -0.00730818
v -0.00740126 0.06083247 -0.00687250
v -0.00726093 0.06093834 -0.00686312
v -0.00764801 0.06051488 -0.00713650
v -0.00754868 0.06072135 -0.00687611
v -0.00420212 0.05973253 -0.01114486
v -0.00470509 0.05920471 -0.01150840
v -0.00485488 0.05909884 -0.01156972
v -0.00485488 0.05902376 -0.01162958
v -0.00515524 0.05872268 -0.01178034
v -0.00523092 0.05870166 -0.01176303
v -0.00528217 0.05876098 -0.01167286
v -0.00523408 0.05900424 -0.01146585
v -0.00512292 0.05917618 -0.01134539
v -0.00516628 0.05911161 -0.01139227
v -0.00522304 0.05914689 -0.01130716
v -0.00854437 0.05572243 -0.01102584
v -0.00810998 0.05589662 -0.01134034
v -0.00749192 0.05616767 -0.01177313
v -0.00933981 0.05475989 -0.01081666
v -0.00957553 0.05478917 -0.01055627
v -0.00955109 0.05487551 -0.01053246
v -0.00973556 0.05525918 -0.01011770
v -0.00958735 0.05526143 -0.01026918
v -0.00966698 0.05549419 -0.01004918
v -0.00972689 0.05554374 -0.00995829
v -0.00976079 0.05592590 -0.00969357
v -0.00959760 0.05572769 -0.00997921
v -0.00950694 0.05577799 -0.01003908
v -0.00927753 0.05554524 -0.01040912
v -0.00921762 0.05549494 -0.01049928
v -0.00905601 0.05577649 -0.01048846
v -0.00869573 0.05572468 -0.01087725
v -0.00500545 0.05858378 -0.01193687
v -0.00420212 0.05916867 -0.01162598
v -0.00549423 0.05822339 -0.01203713
v -0.00540121 0.05841785 -0.01192749
v -0.00530503 0.05844714 -0.01195129
v -0.00734844 0.05662867 -0.01162958
v -0.00810683 0.05664143 -0.01088735
v -0.00777178 0.05673603 -0.01115352
v -0.00807530 0.05674129 -0.01085633
v -0.00822666 0.05674429 -0.01070774
v -0.00797045 0.05682613 -0.01090033
v -0.00793970 0.05691247 -0.01087076
v -0.00755183 0.05621947 -0.01168368
v -0.00790107 0.05607607 -0.01143339
v -0.00821720 0.05718352 -0.01039974
v -0.00820459 0.05701684 -0.01053751
v -0.00840798 0.05708591 -0.01028938
v -0.00816123 0.05713246 -0.01049279
v -0.00643079 0.05705137 -0.01221313
v -0.00607052 0.05699356 -0.01260264
v -0.00715056 0.05716625 -0.01143411
v -0.00868390 0.05735545 -0.00981619
v -0.00844582 0.05741251 -0.00999724
v -0.00869336 0.05751688 -0.00967554
v -0.00819355 0.05742678 -0.01022662
v -0.00811866 0.05742678 -0.01029803
v -0.00601376 0.05712645 -0.01254494
v -0.00613359 0.05720454 -0.01236605
v -0.00608865 0.05730515 -0.01232349
v -0.00614699 0.05751838 -0.01207824
v -0.00629441 0.05736672 -0.01207608
v -0.00732006 0.05748985 -0.01100204
v -0.00809185 0.05766254 -0.01012275
v -0.00778518 0.05765578 -0.01041705
v -0.00584505 0.05766629 -0.01222683
v -0.00565190 0.05807248 -0.01203641
v -0.00555178 0.05812354 -0.01208185
v -0.01178607 0.05590263 -0.00686312
v -0.01178055 0.05591389 -0.00686312
v -0.01169777 0.05607982 -0.00686312
v -0.01168358 0.05600549 -0.00696555
v -0.01166230 0.05592590 -0.00707663
v -0.01158898 0.05593491 -0.00719637
v -0.01155272 0.05589062 -0.00729519
v -0.01152039 0.05582905 -0.00739546
v -0.01148807 0.05577799 -0.00748562
v -0.01124210 0.05557077 -0.00802805
v -0.01123501 0.05540709 -0.00816726
v -0.01106630 0.05476665 -0.00889219
v -0.01111676 0.05475989 -0.00882511
v -0.01113252 0.05475989 -0.00880202
v -0.01091888 0.05507373 -0.00889435
v -0.01078092 0.05509926 -0.00906170
v -0.01086133 0.05503694 -0.00899462
v -0.01094253 0.05497387 -0.00892681
v -0.01104817 0.05488903 -0.00884025
v -0.01109547 0.05527720 -0.00848320
v -0.01106236 0.05521263 -0.00858346
v -0.01095751 0.05532600 -0.00865055
v -0.01095436 0.05514355 -0.00879481
v -0.01063034 0.05539883 -0.00906098
v -0.00538229 0.05915290 -0.01116506
v -0.00740677 0.06012821 -0.00808792
v -0.00569211 0.05916041 -0.01087365
v -0.00548241 0.05911536 -0.01111961
v -0.00615566 0.05917017 -0.01043581
v -0.00631018 0.05917317 -0.01029010
v -0.00639768 0.05927678 -0.01008236
v -0.00708828 0.05966345 -0.00897153
v -0.00658137 0.05960189 -0.00951324
v -0.00748167 0.05990221 -0.00831297
v -0.00746827 0.06004186 -0.00814923
v -0.00727197 0.05998856 -0.00840169
v -0.00735317 0.05961841 -0.00878327
v -0.00752030 0.05948101 -0.00879842
v -0.00762042 0.05944346 -0.00875225
v -0.00760780 0.05958387 -0.00859068
v -0.00751714 0.06007715 -0.00804897
v -0.00731690 0.06034294 -0.00784844
v -0.00739968 0.06023707 -0.00792995
v -0.00744540 0.06017701 -0.00797467
v -0.00749270 0.06020930 -0.00787441
v -0.00754789 0.06023257 -0.00777631
v -0.00763776 0.06020629 -0.00771933
v -0.00767087 0.06023107 -0.00763710
v -0.00774577 0.06017626 -0.00763710
v -0.00778124 0.06050211 -0.00696194
v -0.00780410 0.06007040 -0.00773952
v -0.00785456 0.06009517 -0.00762844
v -0.00793891 0.06005763 -0.00757290
v -0.00785850 0.06016350 -0.00749860
v -0.00794285 0.06021080 -0.00728004
v -0.00805165 0.06032867 -0.00688693
v -0.00740835 0.06083172 -0.00686312
v -0.00740126 0.06083698 -0.00686312
v -0.00771108 0.06060572 -0.00686312
v -0.00761490 0.06064026 -0.00693814
v -0.00764013 0.06065903 -0.00686312
v -0.00755183 0.06072510 -0.00686312
v -0.00420212 0.05966120 -0.01120761
v -0.00420212 0.05957110 -0.01128624
v -0.00420212 0.05949602 -0.01135116
v -0.00420212 0.05940893 -0.01142617
v -0.00420212 0.05930306 -0.01151706
v -0.00420212 0.05923549 -0.01157260
v -0.00533104 0.05866863 -0.01173057
v -0.00540278 0.05856952 -0.01177962
v -0.00529241 0.05903728 -0.01138001
v -0.00540357 0.05871968 -0.01163103
v -0.00540121 0.05886834 -0.01148027
v -0.00533420 0.05896820 -0.01142473
v -0.00530503 0.05911836 -0.01127253
v -0.00851283 0.05582304 -0.01099555
v -0.00792630 0.05599423 -0.01145863
v -0.00948250 0.05475989 -0.01066879
v -0.00962283 0.05475989 -0.01052236
v -0.00972295 0.05478392 -0.01040407
v -0.00962283 0.05487551 -0.01045744
v -0.00975527 0.05544388 -0.00998859
v -0.00983332 0.05517584 -0.01006144
v -0.01002174 0.05553323 -0.00965246
v -0.00986564 0.05582379 -0.00964669
v -0.00973635 0.05600924 -0.00966760
v -0.00968669 0.05592590 -0.00976859
v -0.00988456 0.05600699 -0.00951613
v -0.00985461 0.05610685 -0.00948583
v -0.00958657 0.05600999 -0.00981836
v -0.00940525 0.05610910 -0.00993738
v -0.00904418 0.05605730 -0.01032689
v -0.00895352 0.05610685 -0.01038603
v -0.00880294 0.05610610 -0.01053535
v -0.00846790 0.05669624 -0.01050072
v -0.00849233 0.05637639 -0.01067456
v -0.00555651 0.05827670 -0.01193687
v -0.00550133 0.05837731 -0.01188854
v -0.00545166 0.05847341 -0.01183444
v -0.00840877 0.05664593 -0.01059017
v -0.00837723 0.05674579 -0.01055915
v -0.00834885 0.05682613 -0.01053246
v -0.00819749 0.05682613 -0.01068033
v -0.00824243 0.05691698 -0.01057358
v -0.00829919 0.05696803 -0.01048197
v -0.00852072 0.05718877 -0.01010328
v -0.00855856 0.05708891 -0.01014079
v -0.00643947 0.05721130 -0.01207103
v -0.00808476 0.05750486 -0.01026630
v -0.00863739 0.05727662 -0.00992223
v -0.00871465 0.05727662 -0.00984721
v -0.00883527 0.05735695 -0.00966760
v -0.00873909 0.05740651 -0.00972170
v -0.00879349 0.05745756 -0.00962432
v -0.00870046 0.05767380 -0.00953344
v -0.00865000 0.05761674 -0.00963370
v -0.00859561 0.05756568 -0.00972819
v -0.00639453 0.05731115 -0.01202919
v -0.00819197 0.05760848 -0.01007587
v -0.00814388 0.05771434 -0.01002610
v -0.00794285 0.05781345 -0.01012420
v -0.00855067 0.05767230 -0.00968131
v -0.00778991 0.05781045 -0.01027062
v -0.00565585 0.05822715 -0.01188998
v -0.00560381 0.05817534 -0.01198664
v -0.01167097 0.05613088 -0.00686312
v -0.01165757 0.05610535 -0.00691578
v -0.01153064 0.05614889 -0.00710981
v -0.01152591 0.05599122 -0.00725336
v -0.01149911 0.05593491 -0.00734208
v -0.01136193 0.05596269 -0.00753178
v -0.01109626 0.05602876 -0.00788451
v -0.01108286 0.05570366 -0.00816438
v -0.01110257 0.05544088 -0.00834399
v -0.01106946 0.05537781 -0.00844425
v -0.01107419 0.05475989 -0.00888497
v -0.01092755 0.05479293 -0.00905809
v -0.01096934 0.05475989 -0.00902275
v -0.01105605 0.05475989 -0.00890950
v -0.01076200 0.05517584 -0.00903645
v -0.01065636 0.05529897 -0.00909344
v -0.01068159 0.05517209 -0.00914104
v -0.01074702 0.05503994 -0.00914032
v -0.01096382 0.05546565 -0.00853297
v -0.01092755 0.05524341 -0.00875730
v -0.01078250 0.05570291 -0.00861376
v -0.01077461 0.05553773 -0.00875225
v -0.01060985 0.05547616 -0.00903212
v -0.01047662 0.05569165 -0.00905593
v -0.01034969 0.05588461 -0.00908478
v -0.01050342 0.05559179 -0.00908911
v -0.01052786 0.05546791 -0.00913888
v -0.01061458 0.05521939 -0.00919370
v -0.00539332 0.05901175 -0.01132519
v -0.00559278 0.05906731 -0.01107633
v -0.00610126 0.05912887 -0.01053607
v -0.00749113 0.05915891 -0.00922183
v -0.00724437 0.05978509 -0.00867796
v -0.00759440 0.05972427 -0.00842766
v -0.00754158 0.05992699 -0.00822353
v -0.00763224 0.05990296 -0.00816366
v -0.00756287 0.06001033 -0.00809441
v -0.00761726 0.06004111 -0.00799703
v -0.00754710 0.05919119 -0.00913022
v -0.00764486 0.05916191 -0.00907540
v -0.00768900 0.05921221 -0.00897009
v -0.00767087 0.05948401 -0.00865199
v -0.00765905 0.05962366 -0.00849041
v -0.00755498 0.06012595 -0.00793572
v -0.00759282 0.06017476 -0.00781959
v -0.00769925 0.06012295 -0.00777992
v -0.00781199 0.06052839 -0.00686312
v -0.00805953 0.06033468 -0.00686312
v -0.00766141 0.06007490 -0.00789677
v -0.00776153 0.06003511 -0.00783979
v -0.00786165 0.05998180 -0.00779434
v -0.00796099 0.05992774 -0.00774890
v -0.00790422 0.06002760 -0.00767316
v -0.00807057 0.06004337 -0.00739618
v -0.00796650 0.06008091 -0.00748706
v -0.00809816 0.05991573 -0.00758444
v -0.00820616 0.05987969 -0.00748706
v -0.00813048 0.05994351 -0.00748706
v -0.00852229 0.05974454 -0.00724903
v -0.00790974 0.06018452 -0.00738031
v -0.00820774 0.06018227 -0.00692516
v -0.00815729 0.06025585 -0.00686312
v -0.00550369 0.05867839 -0.01159063
v -0.00545245 0.05877374 -0.01153509
v -0.00550133 0.05882705 -0.01143627
v -0.00544772 0.05892015 -0.01138073
v -0.00969221 0.05475989 -0.01044879
v -0.00976000 0.05475989 -0.01037666
v -0.01047110 0.05475989 -0.00960485
v -0.01035363 0.05484473 -0.00968708
v -0.01032841 0.05494459 -0.00965967
v -0.01049475 0.05512629 -0.00937763
v -0.00994921 0.05501216 -0.01003043
v -0.01005564 0.05514656 -0.00983928
v -0.01004066 0.05571868 -0.00952334
v -0.01005406 0.05592590 -0.00938701
v -0.01003277 0.05600324 -0.00936393
v -0.01022198 0.05532600 -0.00955652
v -0.01029687 0.05532600 -0.00947573
v -0.01048765 0.05541235 -0.00921967
v -0.01031421 0.05551971 -0.00934445
v -0.01028583 0.05562558 -0.00931344
v -0.01010057 0.05576523 -0.00943173
v -0.01000360 0.05610310 -0.00933436
v -0.00972453 0.05629005 -0.00950603
v -0.00970561 0.05610910 -0.00963731
v -0.00990348 0.05618794 -0.00938557
v -0.01005169 0.05618568 -0.00923409
v -0.00960549 0.05619094 -0.00968780
v -0.00957474 0.05629080 -0.00965678
v -0.00924679 0.05637639 -0.00992872
v -0.00915455 0.05618869 -0.01013646
v -0.00886996 0.05637639 -0.01030164
v -0.00875013 0.05651754 -0.01033266
v -0.00855934 0.05664593 -0.01044158
v -0.00870992 0.05664593 -0.01029154
v -0.00852702 0.05674579 -0.01040984
v -0.00581115 0.05838332 -0.01159496
v -0.00560697 0.05832851 -0.01183949
v -0.00555809 0.05842837 -0.01178827
v -0.00580957 0.05823015 -0.01174283
v -0.00586239 0.05828346 -0.01164257
v -0.00719234 0.05856276 -0.01012348
v -0.00688567 0.05855676 -0.01041777
v -0.00555888 0.05857928 -0.01163968
v -0.00842532 0.05682613 -0.01045744
v -0.00839300 0.05691923 -0.01042571
v -0.00867208 0.05719027 -0.00995469
v -0.00865868 0.05701909 -0.01009102
v -0.00870834 0.05709042 -0.00999075
v -0.00898111 0.05735170 -0.00951324
v -0.00888809 0.05740426 -0.00956878
v -0.00884079 0.05751463 -0.00952406
v -0.00882265 0.05718952 -0.00980465
v -0.00886444 0.05727662 -0.00969790
v -0.00897165 0.05718877 -0.00965318
v -0.00911986 0.05718652 -0.00950098
v -0.00880058 0.05761448 -0.00947862
v -0.00884473 0.05766779 -0.00937836
v -0.00875091 0.05772110 -0.00943101
v -0.00870046 0.05782246 -0.00938413
v -0.00865316 0.05777366 -0.00948439
v -0.00860191 0.05772335 -0.00958465
v -0.00809579 0.05781645 -0.00997705
v -0.00814782 0.05786826 -0.00987967
v -0.00764013 0.05796061 -0.01027135
v -0.00611545 0.05823691 -0.01144853
v -0.00850101 0.05777215 -0.00963514
v -0.01163234 0.05620295 -0.00686312
v -0.01160711 0.05622623 -0.00688693
v -0.01152907 0.05629756 -0.00695834
v -0.01151093 0.05623899 -0.00705067
v -0.01137061 0.05643345 -0.00709250
v -0.01126654 0.05652130 -0.00718122
v -0.01124132 0.05646799 -0.00727860
v -0.01108207 0.05660239 -0.00741277
v -0.01137139 0.05628254 -0.00724470
v -0.01123974 0.05631558 -0.00742503
v -0.01139899 0.05618193 -0.00728942
v -0.01136745 0.05612487 -0.00738896
v -0.01142658 0.05607532 -0.00733847
v -0.01139426 0.05602426 -0.00743152
v -0.01107655 0.05629155 -0.00770418
v -0.01088183 0.05637489 -0.00793284
v -0.01090548 0.05593942 -0.00824517
v -0.01095672 0.05589812 -0.00820044
v -0.01104817 0.05548442 -0.00839159
v -0.01077067 0.05613088 -0.00829638
v -0.01076436 0.05491381 -0.00919153
v -0.01078723 0.05481395 -0.00921967
v -0.01090627 0.05475989 -0.00910281
v -0.01064059 0.05511878 -0.00922327
v -0.01066345 0.05502568 -0.00924924
v -0.01073677 0.05607907 -0.00838655
v -0.01075569 0.05580277 -0.00857481
v -0.01065557 0.05589587 -0.00864766
v -0.01062088 0.05583130 -0.00874720
v -0.01064769 0.05573144 -0.00878543
v -0.01061221 0.05566537 -0.00888570
v -0.01048529 0.05585833 -0.00891816
v -0.01035836 0.05605054 -0.00895061
v -0.01023302 0.05622698 -0.00899173
v -0.01016758 0.05627728 -0.00904439
v -0.01019517 0.05617743 -0.00908045
v -0.01046085 0.05551220 -0.00918937
v -0.01055466 0.05517284 -0.00928603
v -0.00549344 0.05897195 -0.01127902
v -0.00554784 0.05901550 -0.01117876
v -0.00590181 0.05907406 -0.01078420
v -0.00621006 0.05908082 -0.01049279
v -0.00647415 0.05903577 -0.01030308
v -0.00703704 0.05900649 -0.00981836
v -0.00759125 0.05911836 -0.00917567
v -0.00764564 0.05976331 -0.00832740
v -0.00768900 0.05981287 -0.00821992
v -0.00779307 0.05976181 -0.00817592
v -0.00766772 0.05993224 -0.00808720
v -0.00771975 0.05998856 -0.00795303
v -0.00774498 0.05911986 -0.00902563
v -0.00771502 0.05941193 -0.00869671
v -0.00779228 0.05916191 -0.00892537
v -0.00778203 0.05930231 -0.00876379
v -0.00771502 0.05953356 -0.00854596
v -0.00775917 0.05958312 -0.00843920
v -0.00770241 0.05967321 -0.00838366
v -0.00777809 0.05989846 -0.00800858
v -0.00781987 0.05993525 -0.00790831
v -0.00791999 0.05989170 -0.00784844
v -0.00811787 0.05978358 -0.00775684
v -0.00821720 0.05973929 -0.00769408
v -0.00806111 0.05988344 -0.00768470
v -0.00860507 0.05979485 -0.00702758
v -0.00870519 0.05947275 -0.00744378
v -0.00899846 0.05931658 -0.00728582
v -0.00884000 0.05945923 -0.00727572
v -0.00860113 0.05963642 -0.00732260
v -0.00868154 0.05960189 -0.00726273
v -0.00878166 0.05955909 -0.00718699
v -0.00881398 0.05958762 -0.00708601
v -0.00860507 0.05970475 -0.00719421
v -0.00842454 0.06003360 -0.00686312
v -0.00822745 0.06019803 -0.00686312
v -0.00852702 0.05989846 -0.00695617
v -0.00863897 0.05985416 -0.00686312
v -0.00555967 0.05872719 -0.01149037
v -0.00565585 0.05883080 -0.01128984
v -0.00555572 0.05887210 -0.01133601
v -0.00586476 0.05887885 -0.01104388
v -0.00657427 0.05899598 -0.01025692
v -0.00595700 0.05898247 -0.01084046
v -0.01061615 0.05475989 -0.00944472
v -0.01064453 0.05482821 -0.00937763
v -0.01049948 0.05483647 -0.00953272
v -0.01059566 0.05502568 -0.00932426
v -0.01052076 0.05502568 -0.00940577
v -0.01013841 0.05593867 -0.00928891
v -0.01017941 0.05599723 -0.00921029
v -0.01007298 0.05606255 -0.00928531
v -0.01044114 0.05532600 -0.00931993
v -0.01033314 0.05570516 -0.00921534
v -0.00977025 0.05637639 -0.00940288
v -0.00974108 0.05646649 -0.00937331
v -0.00954715 0.05637639 -0.00962865
v -0.01002174 0.05628554 -0.00920308
v -0.00991846 0.05637639 -0.00925068
v -0.01015733 0.05607607 -0.00918649
v -0.01010924 0.05623148 -0.00914176
v -0.00885971 0.05664518 -0.01014223
v -0.00882660 0.05674504 -0.01010905
v -0.00850022 0.05682613 -0.01038243
v -0.00744540 0.05851621 -0.00992944
v -0.00765116 0.05857177 -0.00968203
v -0.00744619 0.05866788 -0.00978013
v -0.00703940 0.05870917 -0.01012131
v -0.00612018 0.05869115 -0.01100276
v -0.00565979 0.05868139 -0.01144349
v -0.00865000 0.05682613 -0.01023167
v -0.00884236 0.05691848 -0.00997488
v -0.00880846 0.05701834 -0.00994026
v -0.00910725 0.05701684 -0.00963875
v -0.00891489 0.05713922 -0.00974695
v -0.00901186 0.05741176 -0.00942668
v -0.00898663 0.05750862 -0.00936970
v -0.00935794 0.05712871 -0.00928963
v -0.00921841 0.05729314 -0.00930190
v -0.00927201 0.05734044 -0.00920163
v -0.00944072 0.05691472 -0.00937258
v -0.00958893 0.05691097 -0.00922039
v -0.00889518 0.05771434 -0.00927521
v -0.00884552 0.05781795 -0.00922976
v -0.00880058 0.05776765 -0.00933003
v -0.00913169 0.05765277 -0.00906386
v -0.00875013 0.05787051 -0.00928098
v -0.00869888 0.05797112 -0.00923265
v -0.00865237 0.05792232 -0.00933291
v -0.00860191 0.05802293 -0.00928314
v -0.00855225 0.05797412 -0.00938557
v -0.00835437 0.05822489 -0.00933580
v -0.00820537 0.05837581 -0.00933652
v -0.00850337 0.05792457 -0.00948583
v -0.00855304 0.05782471 -0.00953488
v -0.00820143 0.05807248 -0.00963514
v -0.00780174 0.05842236 -0.00968203
v -0.00718682 0.05825718 -0.01041849
v -0.00703625 0.05840734 -0.01041849
v -0.00810447 0.05827445 -0.00953488
v -0.01155587 0.05634110 -0.00686312
v -0.01155114 0.05634936 -0.00686312
v -0.01124053 0.05661590 -0.00712713
v -0.01108128 0.05675105 -0.00726201
v -0.01092282 0.05673603 -0.00754693
v -0.01079274 0.05677057 -0.00773015
v -0.01098353 0.05652956 -0.00764215
v -0.01094884 0.05648150 -0.00773952
v -0.01091730 0.05642369 -0.00783907
v -0.01078407 0.05645598 -0.00801579
v -0.01077698 0.05629380 -0.00815645
v -0.01065084 0.05648676 -0.00819035
v -0.01064375 0.05632383 -0.00833028
v -0.01076042 0.05475989 -0.00927881
v -0.01079905 0.05475989 -0.00923337
v -0.01087789 0.05475989 -0.00913744
v -0.01070445 0.05487101 -0.00928531
v -0.01067686 0.05475989 -0.00937619
v -0.01062010 0.05492807 -0.00935095
v -0.01062877 0.05599573 -0.00860871
v -0.01031027 0.05622623 -0.00888281
v -0.01046637 0.05612337 -0.00874071
v -0.01017389 0.05643946 -0.00890301
v -0.01014078 0.05638390 -0.00899173
v -0.01006588 0.05651454 -0.00898091
v -0.01003514 0.05645673 -0.00906675
v -0.01006115 0.05637639 -0.00909632
v -0.01045533 0.05639066 -0.00854596
v -0.01031027 0.05641393 -0.00873278
v -0.01034575 0.05647625 -0.00863251
v -0.01030633 0.05580502 -0.00918504
v -0.00585687 0.05902226 -0.01088663
v -0.00749665 0.05901550 -0.00937763
v -0.00581036 0.05883380 -0.01114414
v -0.00596409 0.05883756 -0.01099771
v -0.00611861 0.05884056 -0.01085128
v -0.00642528 0.05884657 -0.01055771
v -0.00657822 0.05884957 -0.01041128
v -0.00764959 0.05901850 -0.00923048
v -0.00774577 0.05972277 -0.00827546
v -0.00774261 0.05986993 -0.00808720
v -0.00780489 0.05962291 -0.00833966
v -0.00784904 0.05967021 -0.00822930
v -0.00789319 0.05971751 -0.00811677
v -0.00793497 0.05975505 -0.00801723
v -0.00780016 0.05902001 -0.00908262
v -0.00777099 0.05944271 -0.00860150
v -0.00784667 0.05906731 -0.00897658
v -0.00789240 0.05911386 -0.00886838
v -0.00793576 0.05915590 -0.00876812
v -0.00792630 0.05929706 -0.00860655
v -0.00781593 0.05933310 -0.00868733
v -0.00781593 0.05948326 -0.00850196
v -0.00786402 0.05986617 -0.00795015
v -0.00807687 0.05974754 -0.00785638
v -0.00816280 0.05971226 -0.00779867
v -0.00837250 0.05959363 -0.00770202
v -0.00896062 0.05928279 -0.00738608
v -0.00851125 0.05958387 -0.00753539
v -0.00868627 0.05975655 -0.00697132
v -0.00871307 0.05977908 -0.00688693
v -0.00915376 0.05917317 -0.00729086
v -0.00909858 0.05927303 -0.00721296
v -0.00905128 0.05933685 -0.00717257
v -0.00886917 0.05948476 -0.00718699
v -0.00897244 0.05944497 -0.00709972
v -0.00900476 0.05947200 -0.00699945
v -0.00895983 0.05958387 -0.00686312
v -0.00887705 0.05964093 -0.00688693
v -0.00878797 0.05971601 -0.00688693
v -0.00879585 0.05972202 -0.00686312
v -0.00571339 0.05873094 -0.01134322
v -0.00989008 0.05646499 -0.00922183
v -0.00979942 0.05651529 -0.00928098
v -0.00966619 0.05669098 -0.00929757
v -0.00940919 0.05656785 -0.00964019
v -0.00925940 0.05656860 -0.00979095
v -0.00910961 0.05656860 -0.00994170
v -0.00999336 0.05637639 -0.00917134
v -0.00897638 0.05674429 -0.00995829
v -0.00915928 0.05664368 -0.00984144
v -0.00780410 0.05857477 -0.00953416
v -0.00775207 0.05867388 -0.00948583
v -0.00734607 0.05871518 -0.00982701
v -0.00678240 0.05875497 -0.01031607
v -0.00602006 0.05873770 -0.01104965
v -0.00899215 0.05691773 -0.00982413
v -0.00904970 0.05696728 -0.00973180
v -0.00913011 0.05750111 -0.00921173
v -0.00941076 0.05717601 -0.00918865
v -0.00973005 0.05690046 -0.00906170
v -0.00945176 0.05722781 -0.00908839
v -0.00931222 0.05739074 -0.00910209
v -0.00957474 0.05674129 -0.00935599
v -0.00972374 0.05674054 -0.00920524
v -0.00976789 0.05680060 -0.00910498
v -0.00962125 0.05696728 -0.00913022
v -0.00954951 0.05701158 -0.00917494
v -0.00898742 0.05780894 -0.00907035
v -0.00889361 0.05786375 -0.00912301
v -0.00879900 0.05791856 -0.00917639
v -0.00869652 0.05811903 -0.00908117
v -0.00927201 0.05749060 -0.00905160
v -0.00931064 0.05753865 -0.00895134
v -0.00927044 0.05763851 -0.00889868
v -0.00916164 0.05768806 -0.00898740
v -0.00912775 0.05779843 -0.00890950
v -0.00909621 0.05776314 -0.00898740
v -0.00865079 0.05807098 -0.00918071
v -0.00850258 0.05822264 -0.00918288
v -0.00840246 0.05827445 -0.00923553
v -0.00805480 0.05852597 -0.00933652
v -0.00810525 0.05842536 -0.00938629
v -0.00815492 0.05832550 -0.00943606
v -0.00820459 0.05852522 -0.00918504
v -0.00795547 0.05872494 -0.00923698
v -0.00820380 0.05822489 -0.00948655
v -0.00785298 0.05847341 -0.00958465
v -0.01151487 0.05640793 -0.00686312
v -0.01136824 0.05657986 -0.00693670
v -0.01120978 0.05671576 -0.00707086
v -0.01110966 0.05679459 -0.00716175
v -0.01106000 0.05683739 -0.00720214
v -0.01092125 0.05688469 -0.00739401
v -0.01076279 0.05687043 -0.00768038
v -0.01076121 0.05671501 -0.00782969
v -0.01066109 0.05679835 -0.00790759
v -0.01062798 0.05674579 -0.00800785
v -0.01078880 0.05661515 -0.00787369
v -0.01075648 0.05655584 -0.00797395
v -0.01075490 0.05637639 -0.00812326
v -0.01065636 0.05664593 -0.00805041
v -0.01062325 0.05658662 -0.00814995
v -0.01061615 0.05642369 -0.00829061
v -0.01050105 0.05618719 -0.00864117
v -0.01018020 0.05660013 -0.00876163
v -0.01031658 0.05657611 -0.00859140
v -0.01004223 0.05661740 -0.00892609
v -0.01000203 0.05655734 -0.00902635
v -0.00990191 0.05663167 -0.00908622
v -0.00985697 0.05656485 -0.00918649
v -0.01059093 0.05653256 -0.00823940
v -0.01048765 0.05661215 -0.00832163
v -0.00739416 0.05891564 -0.00957672
v -0.00765116 0.05886984 -0.00938196
v -0.00652934 0.05879776 -0.01051010
v -0.00683207 0.05880602 -0.01021725
v -0.00780410 0.05887285 -0.00923481
v -0.00774971 0.05897271 -0.00918216
v -0.00786086 0.05952981 -0.00839231
v -0.00790501 0.05957711 -0.00828195
v -0.00794758 0.05961690 -0.00818241
v -0.00799173 0.05966345 -0.00806989
v -0.00814625 0.05963417 -0.00792274
v -0.00790344 0.05882480 -0.00918432
v -0.00800356 0.05877374 -0.00913455
v -0.00795153 0.05887059 -0.00908406
v -0.00790028 0.05897120 -0.00902780
v -0.00794443 0.05901400 -0.00892753
v -0.00799015 0.05906055 -0.00881933
v -0.00807924 0.05914915 -0.00860943
v -0.00796887 0.05933685 -0.00850700
v -0.00791605 0.05943746 -0.00844425
v -0.00806899 0.05928955 -0.00844786
v -0.00826214 0.05963042 -0.00778713
v -0.00823060 0.05960189 -0.00786287
v -0.00838433 0.05945473 -0.00786648
v -0.00852544 0.05944647 -0.00770634
v -0.00881950 0.05929105 -0.00754910
v -0.00901343 0.05918293 -0.00745172
v -0.00916164 0.05903427 -0.00745172
v -0.00920737 0.05907782 -0.00733847
v -0.00929882 0.05902151 -0.00728654
v -0.00925388 0.05912212 -0.00721801
v -0.00919239 0.05921372 -0.00716535
v -0.00911356 0.05913413 -0.00739113
v -0.00913169 0.05930156 -0.00711270
v -0.00905522 0.05940442 -0.00704417
v -0.00910488 0.05942845 -0.00691939
v -0.00905522 0.05949452 -0.00687611
v -0.00905522 0.05950128 -0.00686312
v -0.00930907 0.05664293 -0.00969069
v -0.00795468 0.05857552 -0.00938629
v -0.00785456 0.05862433 -0.00943606
v -0.00780489 0.05872344 -0.00938557
v -0.00775128 0.05882404 -0.00933436
v -0.00770162 0.05877224 -0.00943390
v -0.00749901 0.05871818 -0.00967987
v -0.00759834 0.05882104 -0.00948150
v -0.00970640 0.05699131 -0.00900183
v -0.00986801 0.05673153 -0.00904583
v -0.00990743 0.05678709 -0.00894557
v -0.01004775 0.05677357 -0.00878327
v -0.01000912 0.05687343 -0.00873422
v -0.00973084 0.05705062 -0.00891166
v -0.00955109 0.05731416 -0.00887343
v -0.00898348 0.05795460 -0.00891599
v -0.00879664 0.05806422 -0.00902130
v -0.00884157 0.05796436 -0.00907612
v -0.00864922 0.05821889 -0.00902491
v -0.00854910 0.05827069 -0.00908262
v -0.00883290 0.05825418 -0.00876524
v -0.00941076 0.05747633 -0.00888642
v -0.00935952 0.05758145 -0.00884242
v -0.00940840 0.05762349 -0.00873278
v -0.00944624 0.05767004 -0.00863251
v -0.00916638 0.05784348 -0.00880924
v -0.00926650 0.05778417 -0.00874360
v -0.00926255 0.05792982 -0.00858779
v -0.00912380 0.05794334 -0.00875370
v -0.00835358 0.05837431 -0.00918432
v -0.00825110 0.05857327 -0.00908478
v -0.00805559 0.05867463 -0.00918504
v -0.00785456 0.05877449 -0.00928603
v -0.01141239 0.05657235 -0.00686312
v -0.01142737 0.05652806 -0.00688693
v -0.01123659 0.05675931 -0.00697132
v -0.01107734 0.05689445 -0.00710404
v -0.01094963 0.05692899 -0.00729375
v -0.01078880 0.05706188 -0.00742431
v -0.01075963 0.05701759 -0.00752457
v -0.01079196 0.05691773 -0.00758011
v -0.01065951 0.05709417 -0.00760897
v -0.01062877 0.05704837 -0.00770851
v -0.01066267 0.05694851 -0.00775900
v -0.01062877 0.05689821 -0.00785926
v -0.01052392 0.05682162 -0.00808287
v -0.01049238 0.05676832 -0.00817881
v -0.01032210 0.05673603 -0.00844930
v -0.01045770 0.05671276 -0.00827835
v -0.01021173 0.05667597 -0.00865487
v -0.01018650 0.05675855 -0.00861953
v -0.01015576 0.05667597 -0.00872989
v -0.01035206 0.05663617 -0.00849186
v -0.01000755 0.05671726 -0.00888353
v -0.01040488 0.05667446 -0.00838582
v -0.00795862 0.05947725 -0.00834471
v -0.00800356 0.05952380 -0.00823363
v -0.00814546 0.05951629 -0.00807421
v -0.00808949 0.05960940 -0.00802228
v -0.00828657 0.05950879 -0.00791480
v -0.00810210 0.05872193 -0.00908550
v -0.00805165 0.05882179 -0.00902924
v -0.00809500 0.05886534 -0.00892897
v -0.00804455 0.05896520 -0.00886983
v -0.00812260 0.05904178 -0.00868733
v -0.00822114 0.05914164 -0.00845074
v -0.00812102 0.05918969 -0.00850989
v -0.00830786 0.05922873 -0.00824012
v -0.00853727 0.05930757 -0.00787008
v -0.00805874 0.05942995 -0.00828556
v -0.00867838 0.05929931 -0.00770995
v -0.00876432 0.05926402 -0.00765080
v -0.00883133 0.05915140 -0.00771283
v -0.00897244 0.05914314 -0.00755198
v -0.00926177 0.05898021 -0.00738680
v -0.00912223 0.05899223 -0.00755126
v -0.00916874 0.05889237 -0.00761041
v -0.00927596 0.05869566 -0.00770562
v -0.00940603 0.05882254 -0.00737742
v -0.00944230 0.05886384 -0.00727716
v -0.00940525 0.05897195 -0.00718699
v -0.00942890 0.05899898 -0.00710837
v -0.00928384 0.05915515 -0.00711775
v -0.00901186 0.05903277 -0.00763710
v -0.00922865 0.05925201 -0.00703696
v -0.00915376 0.05932258 -0.00703696
v -0.00907335 0.05948551 -0.00686312
v -0.00912144 0.05944346 -0.00686312
v -0.00981992 0.05699356 -0.00885540
v -0.01009742 0.05681637 -0.00867724
v -0.01004775 0.05692223 -0.00863396
v -0.00986958 0.05703711 -0.00874720
v -0.00970245 0.05728863 -0.00870104
v -0.00907177 0.05804395 -0.00870681
v -0.00897875 0.05809951 -0.00875947
v -0.00911907 0.05808900 -0.00859789
v -0.00864291 0.05836304 -0.00886694
v -0.00854279 0.05841410 -0.00892681
v -0.00850022 0.05837055 -0.00902707
v -0.00869100 0.05826244 -0.00892537
v -0.00840010 0.05842236 -0.00908406
v -0.00901895 0.05814381 -0.00865992
v -0.00911356 0.05823315 -0.00844136
v -0.00910804 0.05837731 -0.00828412
v -0.00910173 0.05852072 -0.00812687
v -0.00882660 0.05839758 -0.00860727
v -0.00972689 0.05734644 -0.00860727
v -0.00981361 0.05743579 -0.00839736
v -0.00976237 0.05754015 -0.00835336
v -0.01003514 0.05765653 -0.00786720
v -0.00944230 0.05781495 -0.00847743
v -0.00989324 0.05781645 -0.00787874
v -0.00916243 0.05798839 -0.00865343
v -0.00946358 0.05801692 -0.00822425
v -0.00925782 0.05807473 -0.00843199
v -0.00920973 0.05803194 -0.00854307
v -0.00820222 0.05867238 -0.00902924
v -0.00835122 0.05852222 -0.00902852
v -0.01136351 0.05664969 -0.00686312
v -0.01121057 0.05688920 -0.00686312
v -0.01113568 0.05698230 -0.00689126
v -0.01109390 0.05707014 -0.00686312
v -0.01107182 0.05703636 -0.00694391
v -0.01094411 0.05707089 -0.00713506
v -0.01097722 0.05697779 -0.00718627
v -0.01091652 0.05702885 -0.00723532
v -0.01080772 0.05711820 -0.00732404
v -0.01075490 0.05716249 -0.00736516
v -0.01070760 0.05712796 -0.00748923
v -0.01062640 0.05719403 -0.00755342
v -0.01060354 0.05713697 -0.00765008
v -0.01049238 0.05721505 -0.00772654
v -0.01052392 0.05712120 -0.00778064
v -0.01049317 0.05706789 -0.00787946
v -0.01052470 0.05697179 -0.00793284
v -0.01060591 0.05698981 -0.00780011
v -0.01040803 0.05682838 -0.00823940
v -0.01018571 0.05690647 -0.00846805
v -0.01014787 0.05685841 -0.00856832
v -0.01032210 0.05688920 -0.00829999
v -0.00824479 0.05871518 -0.00892897
v -0.00823691 0.05885783 -0.00877029
v -0.00814152 0.05891114 -0.00882006
v -0.00819749 0.05896745 -0.00868733
v -0.00841350 0.05903427 -0.00835120
v -0.00836305 0.05913413 -0.00829133
v -0.00868942 0.05915966 -0.00787225
v -0.00898111 0.05900124 -0.00771211
v -0.00878954 0.05911010 -0.00781238
v -0.00913642 0.05870692 -0.00786864
v -0.00898821 0.05885933 -0.00787152
v -0.00915297 0.05827670 -0.00834110
v -0.00928620 0.05840809 -0.00801867
v -0.00930907 0.05858528 -0.00778713
v -0.00938948 0.05848317 -0.00779651
v -0.00941865 0.05853723 -0.00769552
v -0.00936583 0.05863784 -0.00765008
v -0.00941234 0.05867989 -0.00753683
v -0.00914194 0.05856426 -0.00802661
v -0.00959130 0.05856426 -0.00742647
v -0.00958499 0.05870617 -0.00726778
v -0.00961101 0.05873545 -0.00718699
v -0.00947068 0.05889687 -0.00718699
v -0.00971664 0.05868439 -0.00708529
v -0.00965831 0.05877900 -0.00704057
v -0.00959997 0.05887285 -0.00699657
v -0.00962047 0.05892465 -0.00687322
v -0.00945570 0.05902902 -0.00700811
v -0.00956922 0.05898772 -0.00686312
v -0.00949591 0.05906581 -0.00686745
v -0.00940998 0.05912887 -0.00692155
v -0.00930512 0.05917693 -0.00703696
v -0.00927753 0.05929856 -0.00686312
v -0.00926098 0.05928204 -0.00692516
v -0.00918766 0.05938340 -0.00686312
v -0.01000755 0.05702209 -0.00858130
v -0.00915770 0.05813330 -0.00849763
v -0.00868469 0.05840584 -0.00876740
v -0.00856959 0.05859204 -0.00868733
v -0.00839379 0.05856501 -0.00892825
v -0.00900161 0.05857402 -0.00818818
v -0.00890070 0.05877074 -0.00808071
v -0.00885419 0.05872494 -0.00819035
v -0.00877299 0.05849444 -0.00855822
v -0.01004302 0.05721580 -0.00832812
v -0.01018098 0.05720078 -0.00816149
v -0.01021567 0.05739450 -0.00790831
v -0.01021252 0.05754090 -0.00775467
v -0.01017231 0.05764076 -0.00769985
v -0.01006510 0.05769257 -0.00778713
v -0.01003120 0.05780144 -0.00771211
v -0.00961337 0.05798989 -0.00805546
v -0.00946280 0.05813930 -0.00808720
v -0.00920579 0.05817609 -0.00838655
v -0.00834491 0.05866487 -0.00886983
v -0.01104738 0.05714072 -0.00686312
v -0.01096776 0.05712270 -0.00702975
v -0.01091100 0.05717075 -0.00707447
v -0.01078328 0.05720379 -0.00726490
v -0.01061852 0.05733443 -0.00739113
v -0.01059408 0.05728112 -0.00749716
v -0.01048686 0.05735846 -0.00757074
v -0.01051840 0.05726986 -0.00762700
v -0.01075333 0.05731115 -0.00718699
v -0.01065478 0.05723457 -0.00745388
v -0.01064848 0.05737422 -0.00729086
v -0.01031579 0.05733143 -0.00784123
v -0.01026928 0.05714297 -0.00810451
v -0.01045533 0.05716775 -0.00782680
v -0.01031264 0.05747784 -0.00768542
v -0.01029056 0.05698305 -0.00824517
v -0.01018335 0.05705363 -0.00831513
v -0.00856329 0.05888411 -0.00835120
v -0.00869731 0.05901775 -0.00803238
v -0.00864685 0.05911836 -0.00797251
v -0.00893933 0.05895919 -0.00781238
v -0.00879743 0.05896745 -0.00797251
v -0.00884709 0.05886759 -0.00803166
v -0.00946122 0.05843737 -0.00775251
v -0.00959760 0.05842161 -0.00758516
v -0.00955503 0.05852147 -0.00752674
v -0.01000203 0.05788778 -0.00765224
v -0.00973399 0.05840509 -0.00741637
v -0.00972768 0.05854774 -0.00725696
v -0.00969299 0.05863108 -0.00719926
v -0.00975922 0.05858454 -0.00715670
v -0.00974345 0.05871593 -0.00698503
v -0.00985934 0.05852522 -0.00707231
v -0.01002962 0.05839983 -0.00695906
v -0.00988693 0.05855826 -0.00697204
v -0.00990979 0.05858528 -0.00688693
v -0.00976946 0.05874596 -0.00688693
v -0.00972216 0.05881428 -0.00686312
v -0.00971034 0.05882780 -0.00686312
v -0.00962520 0.05892465 -0.00686312
v -0.00949906 0.05906430 -0.00686312
v -0.00942495 0.05914464 -0.00686312
v -0.00935164 0.05922198 -0.00686312
v -0.00933666 0.05923774 -0.00686312
v -0.00862399 0.05864535 -0.00855966
v -0.00852860 0.05869941 -0.00861015
v -0.00880531 0.05882480 -0.00813192
v -0.01020621 0.05768281 -0.00759959
v -0.01002489 0.05794484 -0.00755342
v -0.01095593 0.05727511 -0.00686312
v -0.01095672 0.05726761 -0.00687178
v -0.01093859 0.05721205 -0.00697421
v -0.01077698 0.05734494 -0.00710332
v -0.01080457 0.05723607 -0.00718699
v -0.01064059 0.05751312 -0.00712713
v -0.01055545 0.05757544 -0.00718555
v -0.01047819 0.05749811 -0.00740772
v -0.01025194 0.05772185 -0.00748057
v -0.01030633 0.05762049 -0.00752313
v -0.01016600 0.05778267 -0.00753828
v -0.01067449 0.05742528 -0.00718122
v -0.00987668 0.05824667 -0.00740483
v -0.00990900 0.05828646 -0.00730529
v -0.00986801 0.05838632 -0.00724182
v -0.00989954 0.05842461 -0.00714155
v -0.01000676 0.05837130 -0.00703696
v -0.01017073 0.05823916 -0.00694391
v -0.01028978 0.05815132 -0.00686312
v -0.01019439 0.05826694 -0.00686312
v -0.01017073 0.05829547 -0.00686312
v -0.01006273 0.05842236 -0.00686312
v -0.00991689 0.05859129 -0.00686312
v -0.01091730 0.05733143 -0.00686312
v -0.01086606 0.05740501 -0.00686312
v -0.01076909 0.05748384 -0.00693886
v -0.01065399 0.05768206 -0.00688693
v -0.01063192 0.05765277 -0.00696267
v -0.01054678 0.05771434 -0.00702109
v -0.01046085 0.05777666 -0.00707952
v -0.01036546 0.05769407 -0.00733703
v -0.01022513 0.05787426 -0.00732982
v -0.01073204 0.05757394 -0.00688837
v -0.01007692 0.05817534 -0.00718050
v -0.01003987 0.05826319 -0.00712640
v -0.01059566 0.05775714 -0.00688693
v -0.01051288 0.05787727 -0.00686312
v -0.01038674 0.05803269 -0.00686312
v -0.01083216 0.05745306 -0.00686312
v -0.01078959 0.05751312 -0.00686312
v -0.01076436 0.05754841 -0.00686312
v -0.01073835 0.05758445 -0.00686312
v -0.01066188 0.05768881 -0.00686312
v -0.01060275 0.05776540 -0.00686312
f 1 2 3
f 1 3 8
f 1 8 10
f 1 10 23
f 1 23 56
f 1 56 58
f 1 58 88
f 1 88 139
f 1 139 192
f 1 192 249
f 1 249 250
f 1 250 256
f 1 256 254
f 1 254 253
f 1 253 314
f 1 314 389
f 1 389 376
f 1 376 457
f 1 457 458
f 1 458 456
f 1 456 532
f 1 532 531
f 1 531 620
f 1 620 720
f 1 720 728
f 1 728 853
f 1 853 852
f 1 852 857
f 1 857 856
f 1 856 854
f 1 854 967
f 1 967 968
f 1 968 982
f 1 982 1122
f 1 1122 1121
f 1 1121 1124
f 1 1124 1257
f 1 1257 1254
f 1 1254 1367
f 1 1367 1454
f 1 1454 1455
f 1 1455 1542
f 1 1542 1540
f 1 1540 1606
f 1 1606 1605
f 1 1605 1604
f 1 1604 1603
f 1 1603 1536
f 1 1536 1602
f 1 1602 1601
f 1 1601 1600
f 1 1600 1634
f 1 1634 1633
f 1 1633 1632
f 1 1632 1631
f 1 1631 1630
f 1 1630 1649
f 1 1649 1648
f 1 1648 1655
f 1 1655 1654
f 1 1654 1653
f 1 1653 1652
f 1 1652 1651
f 1 1651 1650
f 1 1650 1636
f 1 1636 1635
f 1 1635 1612
f 1 1612 1563
f 1 1563 1489
f 1 1489 1487
f 1 1487 1486
f 1 1486 1401
f 1 1401 1305
f 1 1305 1188
f 1 1188 1187
f 1 1187 1049
f 1 1049 921
f 1 921 798
f 1 798 797
f 1 797 796
f 1 796 684
f 1 684 573
f 1 573 490
f 1 490 417
f 1 417 344
f 1 344 271
f 1 271 269
f 1 269 208
f 1 208 149
f 1 149 104
f 1 104 65
f 1 65 40
f 1 40 39
f 1 39 38
f 1 38 64
f 1 64 36
f 1 36 35
f 1 35 34
f 1 34 33
f 1 33 32
f 1 32 30
f 1 30 63
f 1 63 28
f 1 28 27
f 1 27 12
f 1 12 4
f 1 4 11
f 1 11 24
f 1 24 59
f 1 59 89
f 1 89 140
f 1 140 193
f 1 193 257
f 1 257 258
f 1 258 315
f 1 315 321
f 1 321 320
f 1 320 319
f 1 319 318
f 1 318 393
f 1 393 470
f 1 470 542
f 1 542 631
f 1 631 652
f 1 652 651
f 1 651 650
f 1 650 649
f 1 649 648
f 1 648 760
f 1 760 863
f 1 863 862
f 1 862 861
f 1 861 860
f 1 860 859
f 1 859 858
f 1 858 731
f 1 731 622
f 1 622 536
f 1 536 463
f 1 463 384
f 1 384 310
f 1 310 242
f 1 242 169
f 1 169 168
f 1 168 126
f 1 126 125
f 1 125 124
f 1 124 123
f 1 123 173
f 1 173 172
f 1 172 243
f 1 243 231
f 1 231 214
f 1 214 213
f 1 213 152
f 1 152 106
f 1 106 66
f 1 66 42
f 1 42 14
f 1 14 5
f 1 5 6
f 1 6 7
f 1 7 2
f 2 8 3
f 2 7 9
f 2 9 10
f 2 10 8
f 4 12 13
f 4 13 11
f 5 14 15
f 5 15 16
f 5 16 17
f 5 17 6
f 6 17 18
f 6 18 19
f 6 19 7
f 7 19 20
f 7 20 9
f 9 20 21
f 9 21 22
f 9 22 10
f 10 22 23
f 11 13 25
f 11 25 26
f 11 26 27
f 11 27 28
f 11 28 29
f 11 29 30
f 11 30 31
f 11 31 32
f 11 32 33
f 11 33 34
f 11 34 35
f 11 35 36
f 11 36 37
f 11 37 38
f 11 38 39
f 11 39 40
f 11 40 65
f 11 65 105
f 11 105 151
f 11 151 212
f 11 212 270
f 11 270 343
f 11 343 352
f 11 352 351
f 11 351 426
f 11 426 428
f 11 428 501
f 11 501 588
f 11 588 587
f 11 587 586
f 11 586 695
f 11 695 809
f 11 809 808
f 11 808 931
f 11 931 934
f 11 934 933
f 11 933 1071
f 11 1071 1202
f 11 1202 1201
f 11 1201 1200
f 11 1200 1204
f 11 1204 1131
f 11 1131 989
f 11 989 988
f 11 988 987
f 11 987 874
f 11 874 873
f 11 873 745
f 11 745 637
f 11 637 636
f 11 636 550
f 11 550 549
f 11 549 548
f 11 548 547
f 11 547 544
f 11 544 472
f 11 472 397
f 11 397 328
f 11 328 327
f 11 327 322
f 11 322 261
f 11 261 201
f 11 201 200
f 11 200 199
f 11 199 198
f 11 198 197
f 11 197 148
f 11 148 144
f 11 144 143
f 11 143 142
f 11 142 103
f 11 103 102
f 11 102 101
f 11 101 100
f 11 100 99
f 11 99 98
f 11 98 97
f 11 97 96
f 11 96 95
f 11 95 94
f 11 94 93
f 11 93 90
f 11 90 60
f 11 60 24
f 12 27 41
f 12 41 13
f 13 41 25
f 14 42 43
f 14 43 44
f 14 44 16
f 14 16 15
f 16 44 45
f 16 45 17
f 17 45 46
f 17 46 18
f 18 47 48
f 18 48 19
f 18 46 49
f 18 49 50
f 18 50 51
f 18 51 52
f 18 52 47
f 19 48 20
f 20 53 21
f 20 48 54
f 20 54 55
f 20 55 53
f 21 53 22
f 22 56 23
f 22 53 57
f 22 57 58
f 22 58 56
f 24 60 61
f 24 61 62
f 24 62 59
f 25 41 26
f 26 41 27
f 28 63 29
f 29 63 30
f 30 32 31
f 36 64 37
f 37 64 38
f 42 66 43
f 43 66 67
f 43 67 68
f 43 68 44
f 44 68 45
f 45 69 70
f 45 70 46
f 45 68 67
f 45 67 71
f 45 71 69
f 46 70 49
f 47 52 72
f 47 72 73
f 47 73 74
f 47 74 48
f 48 74 54
f 49 70 75
f 49 75 76
f 49 76 77
f 49 77 50
f 50 77 76
f 50 76 78
f 50 78 79
f 50 79 51
f 51 79 80
f 51 80 72
f 51 72 81
f 51 81 52
f 52 81 72
f 53 55 57
f 54 82 55
f 54 74 83
f 54 83 84
f 54 84 85
f 54 85 82
f 55 82 57
f 57 82 86
f 57 86 87
f 57 87 58
f 58 87 88
f 59 62 89
f 60 90 61
f 61 91 92
f 61 92 62
f 61 90 93
f 61 93 94
f 61 94 95
f 61 95 96
f 61 96 97
f 61 97 98
f 61 98 99
f 61 99 100
f 61 100 101
f 61 101 102
f 61 102 103
f 61 103 91
f 62 92 89
f 65 104 105
f 66 106 107
f 66 107 67
f 67 107 108
f 67 108 109
f 67 109 110
f 67 110 71
f 69 75 70
f 69 71 75
f 71 110 109
f 71 109 75
f 72 80 111
f 72 111 112
f 72 112 113
f 72 113 114
f 72 114 83
f 72 83 73
f 73 83 74
f 75 115 116
f 75 116 117
f 75 117 76
f 75 109 108
f 75 108 115
f 76 117 78
f 78 118 119
f 78 119 120
f 78 120 121
f 78 121 80
f 78 80 79
f 78 117 116
f 78 116 122
f 78 122 123
f 78 123 124
f 78 124 125
f 78 125 126
f 78 126 118
f 80 121 127
f 80 127 128
f 80 128 129
f 80 129 111
f 82 85 130
f 82 130 86
f 83 114 131
f 83 131 132
f 83 132 84
f 84 132 133
f 84 133 134
f 84 134 135
f 84 135 136
f 84 136 85
f 85 136 135
f 85 135 137
f 85 137 130
f 86 130 138
f 86 138 139
f 86 139 88
f 86 88 87
f 89 92 141
f 89 141 140
f 91 103 142
f 91 142 143
f 91 143 144
f 91 144 92
f 92 145 146
f 92 146 147
f 92 147 141
f 92 144 148
f 92 148 145
f 104 149 150
f 104 150 151
f 104 151 105
f 106 152 153
f 106 153 154
f 106 154 107
f 107 154 153
f 107 153 108
f 108 153 115
f 111 129 155
f 111 155 156
f 111 156 112
f 112 156 157
f 112 157 113
f 113 157 158
f 113 158 159
f 113 159 131
f 113 131 114
f 115 160 161
f 115 161 116
f 115 153 162
f 115 162 160
f 116 161 163
f 116 163 122
f 118 164 165
f 118 165 166
f 118 166 167
f 118 167 127
f 118 127 119
f 118 126 168
f 118 168 169
f 118 169 170
f 118 170 171
f 118 171 164
f 119 127 120
f 120 127 121
f 122 172 173
f 122 173 123
f 122 163 172
f 127 167 174
f 127 174 175
f 127 175 176
f 127 176 177
f 127 177 128
f 128 177 178
f 128 178 129
f 129 178 179
f 129 179 155
f 130 137 180
f 130 180 181
f 130 181 182
f 130 182 138
f 131 159 183
f 131 183 132
f 132 183 133
f 133 158 184
f 133 184 185
f 133 185 186
f 133 186 187
f 133 187 188
f 133 188 134
f 133 183 189
f 133 189 158
f 134 188 135
f 135 188 190
f 135 190 137
f 137 190 180
f 138 182 191
f 138 191 192
f 138 192 139
f 140 141 193
f 141 147 194
f 141 194 193
f 145 195 196
f 145 196 146
f 145 148 197
f 145 197 198
f 145 198 199
f 145 199 200
f 145 200 201
f 145 201 195
f 146 202 147
f 146 196 202
f 147 203 204
f 147 204 194
f 147 202 205
f 147 205 206
f 147 206 207
f 147 207 203
f 149 208 209
f 149 209 150
f 150 209 210
f 150 210 151
f 151 210 211
f 151 211 212
f 152 213 153
f 153 213 214
f 153 214 215
f 153 215 162
f 155 216 217
f 155 217 218
f 155 218 219
f 155 219 220
f 155 220 221
f 155 221 156
f 155 179 216
f 156 221 222
f 156 222 157
f 157 222 158
f 158 189 159
f 158 222 223
f 158 223 224
f 158 224 225
f 158 225 226
f 158 226 227
f 158 227 228
f 158 228 229
f 158 229 230
f 158 230 185
f 158 185 184
f 159 189 183
f 160 162 215
f 160 215 231
f 160 231 232
f 160 232 233
f 160 233 161
f 161 233 163
f 163 233 172
f 164 234 235
f 164 235 236
f 164 236 165
f 164 171 237
f 164 237 234
f 165 236 238
f 165 238 239
f 165 239 166
f 166 239 240
f 166 240 241
f 166 241 174
f 166 174 167
f 169 242 170
f 170 242 237
f 170 237 171
f 172 233 244
f 172 244 243
f 174 241 175
f 175 241 245
f 175 245 246
f 175 246 247
f 175 247 248
f 175 248 176
f 176 248 217
f 176 217 177
f 177 217 178
f 178 217 179
f 179 217 216
f 180 190 181
f 181 249 182
f 181 190 250
f 181 250 249
f 182 249 192
f 182 192 191
f 185 230 251
f 185 251 252
f 185 252 186
f 186 252 253
f 186 253 254
f 186 254 255
f 186 255 187
f 187 255 190
f 187 190 188
f 190 255 254
f 190 254 256
f 190 256 250
f 193 194 257
f 194 258 257
f 194 204 259
f 194 259 258
f 195 260 202
f 195 202 196
f 195 201 261
f 195 261 260
f 202 260 262
f 202 262 263
f 202 263 205
f 203 264 204
f 203 207 264
f 204 264 265
f 204 265 259
f 205 263 206
f 206 266 207
f 206 263 267
f 206 267 268
f 206 268 266
f 207 266 264
f 208 269 209
f 209 269 210
f 210 270 211
f 210 269 271
f 210 271 272
f 210 272 273
f 210 273 274
f 210 274 275
f 210 275 276
f 210 276 270
f 211 270 212
f 214 231 215
f 217 248 247
f 217 247 277
f 217 277 278
f 217 278 279
f 217 279 355
f 217 355 280
f 217 280 281
f 217 281 282
f 217 282 361
f 217 361 283
f 217 283 219
f 217 219 218
f 219 283 284
f 219 284 285
f 219 285 286
f 219 286 287
f 219 287 220
f 220 287 288
f 220 288 289
f 220 289 290
f 220 290 221
f 221 290 291
f 221 291 224
f 221 224 223
f 221 223 222
f 224 291 290
f 224 290 292
f 224 292 226
f 224 226 225
f 226 292 293
f 226 293 294
f 226 294 227
f 227 294 295
f 227 295 228
f 228 295 296
f 228 296 297
f 228 297 298
f 228 298 299
f 228 299 300
f 228 300 230
f 228 230 229
f 230 300 252
f 230 252 251
f 231 243 232
f 232 243 244
f 232 244 233
f 234 301 235
f 234 237 301
f 235 301 302
f 235 302 303
f 235 303 304
f 235 304 236
f 236 304 238
f 237 242 305
f 237 305 301
f 238 304 306
f 238 306 307
f 238 307 240
f 238 240 239
f 240 307 308
f 240 308 241
f 241 308 309
f 241 309 246
f 241 246 245
f 242 310 311
f 242 311 305
f 246 309 277
f 246 277 247
f 252 300 312
f 252 312 313
f 252 313 314
f 252 314 253
f 258 259 315
f 259 265 316
f 259 316 317
f 259 317 318
f 259 318 319
f 259 319 320
f 259 320 321
f 259 321 315
f 260 261 322
f 260 322 262
f 262 323 324
f 262 324 325
f 262 325 326
f 262 326 263
f 262 322 327
f 262 327 328
f 262 328 323
f 263 326 267
f 264 329 330
f 264 330 265
f 264 266 331
f 264 331 332
f 264 332 333
f 264 333 329
f 265 330 334
f 265 334 316
f 266 268 335
f 266 335 331
f 267 336 268
f 267 326 336
f 268 337 338
f 268 338 335
f 268 336 339
f 268 339 340
f 268 340 341
f 268 341 342
f 268 342 337
f 270 276 343
f 271 344 345
f 271 345 346
f 271 346 272
f 272 346 347
f 272 347 273
f 273 347 348
f 273 348 349
f 273 349 350
f 273 350 274
f 274 351 352
f 274 352 275
f 274 350 353
f 274 353 351
f 275 352 343
f 275 343 276
f 277 309 308
f 277 308 354
f 277 354 278
f 278 354 279
f 279 354 355
f 280 355 281
f 281 356 357
f 281 357 282
f 281 355 358
f 281 358 356
f 282 357 359
f 282 359 360
f 282 360 361
f 283 361 284
f 284 361 362
f 284 362 286
f 284 286 285
f 286 363 287
f 286 362 364
f 286 364 365
f 286 365 366
f 286 366 363
f 287 363 288
f 288 290 289
f 288 363 366
f 288 366 367
f 288 367 290
f 290 367 292
f 292 367 368
f 292 368 369
f 292 369 294
f 292 294 293
f 294 369 370
f 294 370 295
f 295 371 296
f 295 370 371
f 296 371 297
f 297 370 447
f 297 447 372
f 297 372 373
f 297 373 374
f 297 374 375
f 297 375 376
f 297 376 298
f 297 371 370
f 298 376 299
f 299 312 300
f 299 376 312
f 301 377 302
f 301 305 378
f 301 378 377
f 302 377 303
f 303 377 379
f 303 379 380
f 303 380 381
f 303 381 354
f 303 354 383
f 303 383 306
f 303 306 304
f 305 311 382
f 305 382 378
f 306 383 307
f 307 383 308
f 308 383 354
f 310 384 311
f 311 384 385
f 311 385 386
f 311 386 387
f 311 387 388
f 311 388 382
f 312 376 389
f 312 389 314
f 312 314 313
f 316 334 390
f 316 390 317
f 317 390 391
f 317 391 392
f 317 392 393
f 317 393 318
f 323 394 395
f 323 395 396
f 323 396 324
f 323 328 397
f 323 397 394
f 324 396 398
f 324 398 325
f 325 398 336
f 325 336 326
f 329 399 400
f 329 400 330
f 329 333 401
f 329 401 402
f 329 402 403
f 329 403 404
f 329 404 405
f 329 405 406
f 329 406 399
f 330 390 334
f 330 400 390
f 331 335 338
f 331 338 407
f 331 407 332
f 332 407 408
f 332 408 402
f 332 402 333
f 333 402 401
f 336 398 339
f 337 342 409
f 337 409 410
f 337 410 411
f 337 411 412
f 337 412 338
f 338 412 411
f 338 411 413
f 338 413 408
f 338 408 407
f 339 398 414
f 339 414 340
f 340 414 415
f 340 415 416
f 340 416 341
f 341 416 342
f 342 416 409
f 344 417 345
f 345 417 418
f 345 418 419
f 345 419 347
f 345 347 346
f 347 419 420
f 347 420 421
f 347 421 348
f 348 421 422
f 348 422 349
f 349 422 423
f 349 423 350
f 350 423 424
f 350 424 425
f 350 425 353
f 351 353 426
f 353 425 427
f 353 427 428
f 353 428 426
f 354 381 429
f 354 429 355
f 355 429 462
f 355 462 430
f 355 430 358
f 356 358 431
f 356 431 432
f 356 432 433
f 356 433 357
f 357 434 359
f 357 433 435
f 357 435 436
f 357 436 434
f 358 430 437
f 358 437 431
f 359 434 438
f 359 438 360
f 360 438 361
f 361 438 364
f 361 364 362
f 364 438 439
f 364 439 440
f 364 440 441
f 364 441 365
f 365 441 442
f 365 442 443
f 365 443 366
f 366 443 444
f 366 444 368
f 366 368 367
f 368 444 445
f 368 445 369
f 369 445 370
f 370 446 447
f 370 445 446
f 372 448 449
f 372 449 450
f 372 450 451
f 372 451 452
f 372 452 453
f 372 453 373
f 372 447 522
f 372 522 448
f 373 453 454
f 373 454 455
f 373 455 374
f 374 455 456
f 374 456 375
f 375 457 376
f 375 456 458
f 375 458 457
f 377 388 387
f 377 387 459
f 377 459 379
f 377 378 388
f 378 382 388
f 379 460 461
f 379 461 381
f 379 381 380
f 379 459 460
f 381 461 462
f 381 462 429
f 384 463 464
f 384 464 385
f 385 465 466
f 385 466 467
f 385 467 386
f 385 464 465
f 386 467 387
f 387 467 468
f 387 468 459
f 390 400 391
f 391 400 399
f 391 399 392
f 392 399 469
f 392 469 393
f 393 469 406
f 393 406 471
f 393 471 470
f 394 397 395
f 395 414 398
f 395 398 396
f 395 397 472
f 395 472 473
f 395 473 414
f 399 406 469
f 402 408 474
f 402 474 403
f 403 474 411
f 403 411 404
f 404 475 476
f 404 476 406
f 404 406 405
f 404 411 410
f 404 410 477
f 404 477 475
f 406 476 471
f 408 413 474
f 409 416 478
f 409 478 479
f 409 479 480
f 409 480 481
f 409 481 410
f 410 481 482
f 410 482 483
f 410 483 484
f 410 484 476
f 410 476 475
f 410 475 477
f 411 474 413
f 414 473 485
f 414 485 486
f 414 486 487
f 414 487 415
f 415 487 488
f 415 488 489
f 415 489 416
f 416 489 478
f 417 490 418
f 418 490 491
f 418 491 492
f 418 492 493
f 418 493 494
f 418 494 495
f 418 495 420
f 418 420 419
f 420 495 496
f 420 496 421
f 421 496 422
f 422 496 497
f 422 497 424
f 422 424 423
f 424 497 498
f 424 498 499
f 424 499 428
f 424 428 425
f 425 428 500
f 425 500 427
f 427 500 428
f 428 499 501
f 430 462 437
f 431 437 502
f 431 502 503
f 431 503 432
f 432 504 433
f 432 503 504
f 433 504 505
f 433 505 435
f 434 436 506
f 434 506 507
f 434 507 438
f 435 508 509
f 435 509 510
f 435 510 436
f 435 505 511
f 435 511 512
f 435 512 508
f 436 510 506
f 437 462 502
f 438 513 439
f 438 507 513
f 439 513 440
f 440 513 514
f 440 514 515
f 440 515 516
f 440 516 517
f 440 517 441
f 441 517 442
f 442 517 516
f 442 516 518
f 442 518 519
f 442 519 520
f 442 520 444
f 442 444 443
f 444 520 446
f 444 446 445
f 446 520 521
f 446 521 447
f 447 521 522
f 448 522 449
f 449 522 523
f 449 523 524
f 449 524 525
f 449 525 450
f 450 525 451
f 451 525 526
f 451 526 527
f 451 527 454
f 451 454 452
f 452 454 453
f 454 528 455
f 454 527 529
f 454 529 528
f 455 530 531
f 455 531 532
f 455 532 456
f 455 528 530
f 459 468 533
f 459 533 460
f 460 533 534
f 460 534 535
f 460 535 461
f 461 535 462
f 462 535 502
f 463 536 537
f 463 537 464
f 464 537 465
f 465 538 466
f 465 537 536
f 465 536 538
f 466 538 539
f 466 539 467
f 467 539 468
f 468 539 540
f 468 540 541
f 468 541 534
f 468 534 533
f 470 471 542
f 471 476 543
f 471 543 542
f 472 544 473
f 473 545 546
f 473 546 485
f 473 544 547
f 473 547 548
f 473 548 549
f 473 549 550
f 473 550 551
f 473 551 545
f 476 552 543
f 476 484 483
f 476 483 553
f 476 553 554
f 476 554 552
f 478 555 479
f 478 489 555
f 479 555 480
f 480 555 481
f 481 555 556
f 481 556 557
f 481 557 558
f 481 558 559
f 481 559 482
f 482 560 561
f 482 561 562
f 482 562 553
f 482 553 483
f 482 559 560
f 485 546 545
f 485 545 563
f 485 563 564
f 485 564 667
f 485 667 565
f 485 565 566
f 485 566 486
f 486 566 487
f 487 567 568
f 487 568 488
f 487 566 569
f 487 569 570
f 487 570 567
f 488 568 571
f 488 571 572
f 488 572 489
f 489 572 555
f 490 573 574
f 490 574 575
f 490 575 491
f 491 575 576
f 491 576 492
f 492 576 577
f 492 577 493
f 493 577 578
f 493 578 579
f 493 579 580
f 493 580 581
f 493 581 582
f 493 582 494
f 494 582 583
f 494 583 496
f 494 496 584
f 494 584 495
f 495 584 496
f 496 583 582
f 496 582 585
f 496 585 498
f 496 498 497
f 498 585 499
f 499 586 587
f 499 587 588
f 499 588 501
f 499 585 589
f 499 589 590
f 499 590 586
f 502 591 592
f 502 592 503
f 502 535 593
f 502 593 591
f 503 592 594
f 503 594 595
f 503 595 596
f 503 596 597
f 503 597 504
f 504 597 505
f 505 597 512
f 505 512 511
f 506 510 598
f 506 598 599
f 506 599 507
f 507 599 514
f 507 514 513
f 508 600 509
f 508 512 601
f 508 601 600
f 509 600 602
f 509 602 603
f 509 603 510
f 510 603 598
f 512 597 604
f 512 604 601
f 514 599 605
f 514 605 515
f 515 605 599
f 515 599 606
f 515 606 607
f 515 607 608
f 515 608 523
f 515 523 518
f 515 518 516
f 518 523 522
f 518 522 519
f 519 522 520
f 520 522 521
f 523 608 609
f 523 609 524
f 524 609 525
f 525 609 610
f 525 610 526
f 526 610 611
f 526 611 612
f 526 612 527
f 527 612 529
f 528 531 530
f 528 529 613
f 528 613 614
f 528 614 531
f 529 612 615
f 529 615 616
f 529 616 617
f 529 617 618
f 529 618 619
f 529 619 613
f 531 614 620
f 534 541 621
f 534 621 593
f 534 593 535
f 536 622 623
f 536 623 538
f 538 623 624
f 538 624 625
f 538 625 626
f 538 626 627
f 538 627 628
f 538 628 629
f 538 629 540
f 538 540 539
f 540 629 630
f 540 630 541
f 541 630 621
f 542 543 631
f 543 552 554
f 543 554 631
f 545 551 632
f 545 632 633
f 545 633 634
f 545 634 635
f 545 635 563
f 550 636 551
f 551 636 637
f 551 637 638
f 551 638 639
f 551 639 640
f 551 640 641
f 551 641 642
f 551 642 643
f 551 643 644
f 551 644 645
f 551 645 632
f 553 562 554
f 554 646 647
f 554 647 648
f 554 648 649
f 554 649 650
f 554 650 651
f 554 651 652
f 554 652 631
f 554 562 646
f 555 572 653
f 555 653 654
f 555 654 557
f 555 557 556
f 557 654 558
f 558 654 655
f 558 655 656
f 558 656 657
f 558 657 658
f 558 658 659
f 558 659 559
f 559 660 560
f 559 659 660
f 560 660 561
f 561 660 661
f 561 661 646
f 561 646 662
f 561 662 562
f 562 662 646
f 563 663 664
f 563 664 665
f 563 665 564
f 563 635 666
f 563 666 663
f 564 665 668
f 564 668 667
f 565 669 566
f 565 667 773
f 565 773 670
f 565 670 671
f 565 671 672
f 565 672 673
f 565 673 669
f 566 669 674
f 566 674 675
f 566 675 569
f 567 570 676
f 567 676 677
f 567 677 678
f 567 678 679
f 567 679 680
f 567 680 681
f 567 681 795
f 567 795 682
f 567 682 571
f 567 571 568
f 569 675 677
f 569 677 570
f 570 677 676
f 571 683 653
f 571 653 572
f 571 682 683
f 573 684 685
f 573 685 686
f 573 686 574
f 574 686 687
f 574 687 576
f 574 576 575
f 576 687 688
f 576 688 578
f 576 578 577
f 578 688 689
f 578 689 579
f 579 689 580
f 580 689 690
f 580 690 691
f 580 691 692
f 580 692 693
f 580 693 581
f 581 693 582
f 582 693 589
f 582 589 585
f 586 590 694
f 586 694 695
f 589 696 590
f 589 693 692
f 589 692 691
f 589 691 696
f 590 696 694
f 591 593 592
f 592 593 594
f 593 621 697
f 593 697 698
f 593 698 594
f 594 698 595
f 595 699 700
f 595 700 701
f 595 701 596
f 595 698 702
f 595 702 699
f 596 701 597
f 597 701 703
f 597 703 604
f 598 603 599
f 599 603 704
f 599 704 705
f 599 705 606
f 600 601 602
f 601 604 703
f 601 703 706
f 601 706 602
f 602 706 707
f 602 707 708
f 602 708 709
f 602 709 710
f 602 710 711
f 602 711 603
f 603 711 710
f 603 710 712
f 603 712 704
f 606 705 609
f 606 609 607
f 607 609 608
f 609 713 714
f 609 714 610
f 609 705 704
f 609 704 715
f 609 715 713
f 610 714 611
f 611 615 612
f 611 714 716
f 611 716 717
f 611 717 842
f 611 842 718
f 611 718 615
f 613 719 720
f 613 720 614
f 613 619 719
f 614 720 620
f 615 718 616
f 616 718 721
f 616 721 722
f 616 722 723
f 616 723 724
f 616 724 725
f 616 725 726
f 616 726 617
f 617 726 725
f 617 725 618
f 618 727 728
f 618 728 719
f 618 719 619
f 618 725 729
f 618 729 730
f 618 730 727
f 621 630 697
f 622 731 623
f 623 732 733
f 623 733 624
f 623 731 732
f 624 733 734
f 624 734 646
f 624 646 659
f 624 659 657
f 624 657 735
f 624 735 625
f 625 735 736
f 625 736 626
f 626 736 737
f 626 737 738
f 626 738 627
f 627 738 628
f 628 739 629
f 628 738 740
f 628 740 741
f 628 741 739
f 629 739 630
f 630 739 741
f 630 741 697
f 632 645 633
f 633 645 634
f 634 645 644
f 634 644 742
f 634 742 743
f 634 743 744
f 634 744 635
f 635 744 666
f 637 745 638
f 638 745 746
f 638 746 747
f 638 747 748
f 638 748 749
f 638 749 640
f 638 640 639
f 640 749 750
f 640 750 751
f 640 751 752
f 640 752 753
f 640 753 754
f 640 754 641
f 641 754 755
f 641 755 756
f 641 756 642
f 642 757 758
f 642 758 643
f 642 756 757
f 643 758 644
f 644 758 742
f 646 734 759
f 646 759 647
f 646 661 660
f 646 660 659
f 647 759 734
f 647 734 648
f 648 734 760
f 653 683 655
f 653 655 654
f 655 683 656
f 656 761 762
f 656 762 736
f 656 736 763
f 656 763 657
f 656 683 761
f 657 763 736
f 657 736 735
f 657 659 658
f 663 666 764
f 663 764 765
f 663 765 664
f 664 765 766
f 664 766 665
f 665 766 767
f 665 767 768
f 665 768 769
f 665 769 770
f 665 770 668
f 666 744 771
f 666 771 772
f 666 772 765
f 666 765 764
f 667 668 773
f 668 770 774
f 668 774 775
f 668 775 776
f 668 776 773
f 669 777 778
f 669 778 674
f 669 673 779
f 669 779 777
f 670 773 671
f 671 773 780
f 671 780 672
f 672 781 782
f 672 782 783
f 672 783 784
f 672 784 779
f 672 779 673
f 672 780 781
f 674 778 675
f 675 778 785
f 675 785 677
f 677 679 678
f 677 785 786
f 677 786 913
f 677 913 787
f 677 787 679
f 679 788 680
f 679 787 789
f 679 789 790
f 679 790 791
f 679 791 792
f 679 792 788
f 680 793 794
f 680 794 681
f 680 788 793
f 681 794 795
f 682 795 683
f 683 795 761
f 684 796 685
f 685 796 797
f 685 797 798
f 685 798 799
f 685 799 686
f 686 799 687
f 687 799 800
f 687 800 801
f 687 801 688
f 688 801 802
f 688 802 689
f 689 802 803
f 689 803 690
f 690 803 691
f 691 803 804
f 691 804 805
f 691 805 806
f 691 806 696
f 694 696 807
f 694 807 808
f 694 808 809
f 694 809 695
f 696 810 811
f 696 811 812
f 696 812 813
f 696 813 814
f 696 814 807
f 696 806 815
f 696 815 816
f 696 816 817
f 696 817 818
f 696 818 819
f 696 819 810
f 697 702 698
f 697 741 699
f 697 699 702
f 699 741 700
f 700 741 820
f 700 820 706
f 700 706 703
f 700 703 701
f 704 712 821
f 704 821 715
f 706 820 707
f 707 822 708
f 707 820 823
f 707 823 822
f 708 824 825
f 708 825 826
f 708 826 827
f 708 827 828
f 708 828 710
f 708 710 709
f 708 822 824
f 710 829 830
f 710 830 712
f 710 828 831
f 710 831 832
f 710 832 833
f 710 833 834
f 710 834 835
f 710 835 829
f 712 830 836
f 712 836 821
f 713 715 837
f 713 837 714
f 714 837 716
f 715 838 837
f 715 821 839
f 715 839 840
f 715 840 838
f 716 837 838
f 716 838 840
f 716 840 717
f 717 840 841
f 717 841 842
f 718 842 721
f 719 728 720
f 721 842 843
f 721 843 844
f 721 844 722
f 722 845 729
f 722 729 724
f 722 724 723
f 722 844 846
f 722 846 847
f 722 847 848
f 722 848 849
f 722 849 850
f 722 850 851
f 722 851 845
f 724 729 725
f 727 852 853
f 727 853 728
f 727 730 852
f 729 854 855
f 729 855 730
f 729 845 854
f 730 855 854
f 730 854 856
f 730 856 857
f 730 857 852
f 731 858 732
f 732 858 859
f 732 859 860
f 732 860 861
f 732 861 862
f 732 862 733
f 733 862 863
f 733 863 760
f 733 760 734
f 736 762 737
f 737 762 864
f 737 864 865
f 737 865 738
f 738 866 741
f 738 741 740
f 738 865 867
f 738 867 868
f 738 868 869
f 738 869 866
f 741 866 870
f 741 870 820
f 742 758 871
f 742 871 743
f 743 871 772
f 743 772 872
f 743 872 744
f 744 872 772
f 744 772 771
f 745 873 746
f 746 873 874
f 746 874 875
f 746 875 876
f 746 876 747
f 747 876 748
f 748 877 749
f 748 876 875
f 748 875 878
f 748 878 879
f 748 879 877
f 749 877 750
f 750 877 751
f 751 877 880
f 751 880 752
f 752 881 882
f 752 882 753
f 752 880 883
f 752 883 884
f 752 884 881
f 753 885 754
f 753 882 885
f 754 885 757
f 754 757 755
f 755 757 756
f 757 885 886
f 757 886 758
f 758 886 887
f 758 887 888
f 758 888 889
f 758 889 890
f 758 890 891
f 758 891 768
f 758 768 871
f 761 795 892
f 761 892 893
f 761 893 762
f 762 865 864
f 762 893 894
f 762 894 865
f 765 772 871
f 765 871 768
f 765 768 767
f 765 767 766
f 768 891 895
f 768 895 896
f 768 896 897
f 768 897 898
f 768 898 769
f 769 898 770
f 770 898 899
f 770 899 900
f 770 900 774
f 773 776 901
f 773 901 780
f 774 900 775
f 775 901 776
f 775 900 902
f 775 902 901
f 777 903 778
f 777 779 904
f 777 904 903
f 778 903 785
f 779 784 904
f 780 905 906
f 780 906 907
f 780 907 908
f 780 908 782
f 780 782 781
f 780 901 905
f 782 908 907
f 782 907 909
f 782 909 910
f 782 910 911
f 782 911 912
f 782 912 904
f 782 904 783
f 783 904 784
f 785 903 786
f 786 903 913
f 787 913 904
f 787 904 790
f 787 790 789
f 788 792 793
f 790 904 914
f 790 914 791
f 791 915 916
f 791 916 792
f 791 914 917
f 791 917 915
f 792 916 918
f 792 918 794
f 792 794 793
f 794 919 920
f 794 920 795
f 794 918 919
f 795 920 892
f 798 921 922
f 798 922 799
f 799 922 923
f 799 923 800
f 800 923 801
f 801 923 802
f 802 923 924
f 802 924 925
f 802 925 803
f 803 925 926
f 803 926 805
f 803 805 804
f 805 926 927
f 805 927 928
f 805 928 929
f 805 929 930
f 805 930 806
f 806 930 815
f 807 931 808
f 807 814 813
f 807 813 812
f 807 812 932
f 807 932 933
f 807 933 934
f 807 934 931
f 810 935 811
f 810 819 935
f 811 935 936
f 811 936 937
f 811 937 938
f 811 938 932
f 811 932 812
f 815 930 816
f 816 930 939
f 816 939 817
f 817 940 818
f 817 939 941
f 817 941 942
f 817 942 940
f 818 940 942
f 818 942 943
f 818 943 819
f 819 943 944
f 819 944 945
f 819 945 946
f 819 946 947
f 819 947 948
f 819 948 936
f 819 936 935
f 820 870 949
f 820 949 823
f 821 836 839
f 822 823 950
f 822 950 951
f 822 951 824
f 823 949 950
f 824 951 952
f 824 952 825
f 825 952 826
f 826 952 827
f 827 952 832
f 827 832 953
f 827 953 831
f 827 831 828
f 829 835 954
f 829 954 955
f 829 955 830
f 830 955 956
f 830 956 957
f 830 957 958
f 830 958 836
f 831 953 832
f 832 952 833
f 833 952 834
f 834 952 959
f 834 959 960
f 834 960 961
f 834 961 962
f 834 962 835
f 835 962 963
f 835 963 954
f 836 958 964
f 836 964 839
f 839 964 840
f 840 964 965
f 840 965 841
f 841 965 842
f 842 965 966
f 842 966 846
f 842 846 844
f 842 844 843
f 845 967 854
f 845 851 968
f 845 968 967
f 846 966 969
f 846 969 958
f 846 958 970
f 846 970 971
f 846 971 972
f 846 972 973
f 846 973 847
f 847 973 848
f 848 974 975
f 848 975 849
f 848 973 976
f 848 976 977
f 848 977 978
f 848 978 979
f 848 979 974
f 849 975 980
f 849 980 850
f 850 980 975
f 850 975 981
f 850 981 982
f 850 982 851
f 851 982 968
f 865 894 983
f 865 983 867
f 866 869 949
f 866 949 870
f 867 984 868
f 867 983 984
f 868 984 985
f 868 985 986
f 868 986 949
f 868 949 869
f 874 987 875
f 875 987 988
f 875 988 989
f 875 989 990
f 875 990 991
f 875 991 992
f 875 992 993
f 875 993 994
f 875 994 878
f 877 879 995
f 877 995 996
f 877 996 997
f 877 997 880
f 878 994 879
f 879 994 998
f 879 998 999
f 879 999 1000
f 879 1000 1001
f 879 1001 1002
f 879 1002 1003
f 879 1003 995
f 880 997 1004
f 880 1004 883
f 881 1005 1006
f 881 1006 885
f 881 885 882
f 881 884 1007
f 881 1007 1005
f 883 1004 884
f 884 1004 1008
f 884 1008 1007
f 885 1006 1009
f 885 1009 1010
f 885 1010 886
f 886 1010 1011
f 886 1011 1012
f 886 1012 887
f 887 1012 888
f 888 1013 1014
f 888 1014 889
f 888 1012 1013
f 889 1014 1015
f 889 1015 890
f 890 896 895
f 890 895 891
f 890 1015 1011
f 890 1011 1010
f 890 1010 1016
f 890 1016 1017
f 890 1017 896
f 892 1018 1019
f 892 1019 1020
f 892 1020 893
f 892 920 919
f 892 919 1021
f 892 1021 1047
f 892 1047 1022
f 892 1022 1023
f 892 1023 1024
f 892 1024 1018
f 893 1020 1025
f 893 1025 983
f 893 983 894
f 896 1026 897
f 896 1017 1026
f 897 1026 1027
f 897 1027 898
f 898 1027 899
f 899 1027 900
f 900 1027 902
f 901 902 1028
f 901 1028 906
f 901 906 905
f 902 1029 1030
f 902 1030 1028
f 902 1027 1029
f 903 904 913
f 904 912 911
f 904 911 917
f 904 917 914
f 906 1028 907
f 907 1031 1032
f 907 1032 1033
f 907 1033 909
f 907 1028 1034
f 907 1034 1035
f 907 1035 1036
f 907 1036 1037
f 907 1037 1031
f 909 1033 910
f 910 1033 1038
f 910 1038 1039
f 910 1039 1040
f 910 1040 1041
f 910 1041 1042
f 910 1042 1043
f 910 1043 917
f 910 917 911
f 915 917 916
f 916 917 1044
f 916 1044 1045
f 916 1045 1046
f 916 1046 1047
f 916 1047 1021
f 916 1021 918
f 917 1043 1048
f 917 1048 1045
f 917 1045 1044
f 918 1021 919
f 921 1049 922
f 922 1049 1050
f 922 1050 923
f 923 1050 1051
f 923 1051 1052
f 923 1052 1053
f 923 1053 1054
f 923 1054 1055
f 923 1055 1056
f 923 1056 1057
f 923 1057 1058
f 923 1058 1059
f 923 1059 1060
f 923 1060 1061
f 923 1061 924
f 924 1061 1062
f 924 1062 925
f 925 1062 926
f 926 1062 1063
f 926 1063 927
f 927 1063 1064
f 927 1064 1065
f 927 1065 1066
f 927 1066 928
f 928 1066 1065
f 928 1065 929
f 929 1065 1067
f 929 1067 930
f 930 1067 1065
f 930 1065 1068
f 930 1068 939
f 932 938 1069
f 932 1069 1070
f 932 1070 1071
f 932 1071 933
f 936 948 937
f 937 948 1072
f 937 1072 938
f 938 1072 1073
f 938 1073 1069
f 939 1068 941
f 941 1068 1074
f 941 1074 1075
f 941 1075 1206
f 941 1206 1076
f 941 1076 942
f 942 1076 1077
f 942 1077 1078
f 942 1078 1079
f 942 1079 943
f 943 1079 1080
f 943 1080 944
f 944 1080 1081
f 944 1081 1082
f 944 1082 1083
f 944 1083 1084
f 944 1084 945
f 945 1085 947
f 945 947 946
f 945 1084 1217
f 945 1217 1085
f 947 1085 948
f 948 1085 1000
f 948 1000 1086
f 948 1086 1072
f 949 986 1087
f 949 1087 1088
f 949 1088 950
f 950 1088 1218
f 950 1218 1089
f 950 1089 951
f 951 1089 1090
f 951 1090 1091
f 951 1091 952
f 952 1092 1093
f 952 1093 960
f 952 960 959
f 952 1091 1092
f 954 963 1094
f 954 1094 955
f 955 1094 956
f 956 1094 1105
f 956 1105 1095
f 956 1095 1096
f 956 1096 1097
f 956 1097 958
f 956 958 957
f 958 965 964
f 958 1097 1098
f 958 1098 970
f 958 969 965
f 960 1099 961
f 960 1093 1099
f 961 1100 962
f 961 1099 1101
f 961 1101 1102
f 961 1102 1100
f 962 1100 1103
f 962 1103 963
f 963 1103 1104
f 963 1104 1105
f 963 1105 1094
f 965 969 966
f 970 1106 1107
f 970 1107 971
f 970 1098 1106
f 971 1107 1108
f 971 1108 972
f 972 1108 1241
f 972 1241 1109
f 972 1109 1110
f 972 1110 1111
f 972 1111 973
f 973 1111 976
f 974 981 975
f 974 979 1112
f 974 1112 981
f 976 1111 1113
f 976 1113 1114
f 976 1114 1115
f 976 1115 977
f 977 1115 1116
f 977 1116 1117
f 977 1117 979
f 977 979 978
f 979 1117 1118
f 979 1118 1119
f 979 1119 1120
f 979 1120 1112
f 981 1121 1122
f 981 1122 982
f 981 1112 1123
f 981 1123 1124
f 981 1124 1121
f 983 1025 1125
f 983 1125 984
f 984 1125 985
f 985 1125 1126
f 985 1126 1127
f 985 1127 986
f 986 1127 1128
f 986 1128 1129
f 986 1129 1130
f 986 1130 1087
f 989 1131 1132
f 989 1132 1133
f 989 1133 990
f 990 1133 1134
f 990 1134 991
f 991 1134 1135
f 991 1135 992
f 992 1135 1072
f 992 1072 1086
f 992 1086 999
f 992 999 998
f 992 998 994
f 992 994 993
f 995 1003 996
f 996 1003 1136
f 996 1136 1137
f 996 1137 997
f 997 1137 1138
f 997 1138 1008
f 997 1008 1004
f 999 1086 1139
f 999 1139 1000
f 1000 1085 1217
f 1000 1217 1140
f 1000 1140 1002
f 1000 1002 1001
f 1000 1139 1086
f 1002 1140 1137
f 1002 1137 1003
f 1003 1137 1136
f 1005 1141 1142
f 1005 1142 1143
f 1005 1143 1010
f 1005 1010 1009
f 1005 1009 1006
f 1005 1007 1144
f 1005 1144 1145
f 1005 1145 1141
f 1007 1008 1144
f 1008 1138 1137
f 1008 1137 1146
f 1008 1146 1147
f 1008 1147 1144
f 1010 1143 1148
f 1010 1148 1017
f 1010 1017 1016
f 1011 1015 1014
f 1011 1014 1012
f 1012 1014 1013
f 1017 1148 1149
f 1017 1149 1150
f 1017 1150 1026
f 1018 1020 1019
f 1018 1024 1020
f 1020 1024 1025
f 1022 1047 1151
f 1022 1151 1023
f 1023 1151 1152
f 1023 1152 1269
f 1023 1269 1153
f 1023 1153 1024
f 1024 1153 1154
f 1024 1154 1155
f 1024 1155 1025
f 1025 1155 1156
f 1025 1156 1125
f 1026 1150 1029
f 1026 1029 1027
f 1028 1030 1034
f 1029 1157 1158
f 1029 1158 1273
f 1029 1273 1159
f 1029 1159 1030
f 1029 1150 1157
f 1030 1159 1160
f 1030 1160 1161
f 1030 1161 1034
f 1031 1162 1163
f 1031 1163 1033
f 1031 1033 1032
f 1031 1037 1164
f 1031 1164 1165
f 1031 1165 1166
f 1031 1166 1162
f 1033 1163 1038
f 1034 1161 1036
f 1034 1036 1035
f 1036 1161 1167
f 1036 1167 1037
f 1037 1167 1168
f 1037 1168 1164
f 1038 1163 1039
f 1039 1169 1170
f 1039 1170 1171
f 1039 1171 1040
f 1039 1163 1172
f 1039 1172 1169
f 1040 1171 1041
f 1041 1171 1173
f 1041 1173 1174
f 1041 1174 1175
f 1041 1175 1042
f 1042 1175 1176
f 1042 1176 1177
f 1042 1177 1178
f 1042 1178 1179
f 1042 1179 1180
f 1042 1180 1181
f 1042 1181 1043
f 1043 1181 1048
f 1045 1048 1182
f 1045 1182 1183
f 1045 1183 1046
f 1046 1183 1184
f 1046 1184 1047
f 1047 1184 1185
f 1047 1185 1151
f 1048 1186 1182
f 1048 1181 1186
f 1049 1187 1050
f 1050 1187 1051
f 1051 1187 1188
f 1051 1188 1189
f 1051 1189 1053
f 1051 1053 1052
f 1053 1189 1054
f 1054 1189 1190
f 1054 1190 1056
f 1054 1056 1055
f 1056 1190 1191
f 1056 1191 1192
f 1056 1192 1057
f 1057 1192 1193
f 1057 1193 1058
f 1058 1193 1194
f 1058 1194 1063
f 1058 1063 1059
f 1059 1063 1060
f 1060 1063 1061
f 1061 1063 1062
f 1063 1194 1195
f 1063 1195 1196
f 1063 1196 1064
f 1064 1196 1197
f 1064 1197 1068
f 1064 1068 1065
f 1068 1197 1198
f 1068 1198 1199
f 1068 1199 1074
f 1069 1073 1070
f 1070 1200 1201
f 1070 1201 1202
f 1070 1202 1071
f 1070 1073 1203
f 1070 1203 1132
f 1070 1132 1204
f 1070 1204 1200
f 1072 1135 1134
f 1072 1134 1073
f 1073 1134 1205
f 1073 1205 1132
f 1073 1132 1203
f 1074 1199 1206
f 1074 1206 1075
f 1076 1206 1077
f 1077 1080 1078
f 1077 1206 1081
f 1077 1081 1080
f 1078 1080 1079
f 1081 1207 1082
f 1081 1206 1208
f 1081 1208 1207
f 1082 1207 1083
f 1083 1209 1210
f 1083 1210 1211
f 1083 1211 1212
f 1083 1212 1213
f 1083 1213 1147
f 1083 1147 1084
f 1083 1207 1214
f 1083 1214 1215
f 1083 1215 1216
f 1083 1216 1209
f 1084 1147 1146
f 1084 1146 1137
f 1084 1137 1217
f 1087 1130 1088
f 1088 1130 1218
f 1089 1091 1090
f 1089 1218 1091
f 1091 1218 1130
f 1091 1130 1129
f 1091 1129 1092
f 1092 1219 1093
f 1092 1129 1128
f 1092 1128 1220
f 1092 1220 1221
f 1092 1221 1222
f 1092 1222 1223
f 1092 1223 1224
f 1092 1224 1219
f 1093 1225 1099
f 1093 1219 1225
f 1095 1105 1104
f 1095 1104 1226
f 1095 1226 1096
f 1096 1106 1227
f 1096 1227 1097
f 1096 1226 1104
f 1096 1104 1228
f 1096 1228 1229
f 1096 1229 1230
f 1096 1230 1231
f 1096 1231 1106
f 1097 1227 1098
f 1098 1227 1106
f 1099 1225 1232
f 1099 1232 1101
f 1100 1102 1233
f 1100 1233 1103
f 1101 1232 1234
f 1101 1234 1235
f 1101 1235 1236
f 1101 1236 1237
f 1101 1237 1102
f 1102 1237 1238
f 1102 1238 1239
f 1102 1239 1233
f 1103 1233 1104
f 1104 1233 1239
f 1104 1239 1228
f 1106 1231 1240
f 1106 1240 1108
f 1106 1108 1107
f 1108 1240 1231
f 1108 1231 1241
f 1109 1241 1242
f 1109 1242 1243
f 1109 1243 1110
f 1110 1243 1244
f 1110 1244 1113
f 1110 1113 1245
f 1110 1245 1111
f 1111 1245 1113
f 1112 1246 1247
f 1112 1247 1124
f 1112 1124 1123
f 1112 1120 1119
f 1112 1119 1246
f 1113 1244 1114
f 1114 1244 1248
f 1114 1248 1249
f 1114 1249 1115
f 1115 1249 1250
f 1115 1250 1251
f 1115 1251 1117
f 1115 1117 1116
f 1117 1251 1118
f 1118 1251 1119
f 1119 1251 1252
f 1119 1252 1253
f 1119 1253 1254
f 1119 1254 1255
f 1119 1255 1256
f 1119 1256 1246
f 1124 1247 1256
f 1124 1256 1257
f 1125 1156 1258
f 1125 1258 1222
f 1125 1222 1221
f 1125 1221 1220
f 1125 1220 1126
f 1126 1220 1128
f 1126 1128 1127
f 1131 1204 1132
f 1132 1205 1133
f 1133 1205 1134
f 1137 1140 1217
f 1141 1145 1259
f 1141 1259 1142
f 1142 1259 1260
f 1142 1260 1261
f 1142 1261 1262
f 1142 1262 1263
f 1142 1263 1143
f 1143 1263 1264
f 1143 1264 1148
f 1144 1147 1213
f 1144 1213 1265
f 1144 1265 1259
f 1144 1259 1145
f 1148 1264 1263
f 1148 1263 1149
f 1149 1266 1273
f 1149 1273 1158
f 1149 1158 1157
f 1149 1157 1150
f 1149 1263 1267
f 1149 1267 1368
f 1149 1368 1266
f 1151 1185 1183
f 1151 1183 1152
f 1152 1183 1268
f 1152 1268 1269
f 1153 1270 1154
f 1153 1269 1374
f 1153 1374 1270
f 1154 1270 1271
f 1154 1271 1272
f 1154 1272 1155
f 1155 1272 1156
f 1156 1272 1258
f 1159 1273 1274
f 1159 1274 1160
f 1160 1274 1167
f 1160 1167 1161
f 1162 1166 1163
f 1163 1166 1275
f 1163 1275 1172
f 1164 1168 1166
f 1164 1166 1165
f 1166 1168 1276
f 1166 1276 1277
f 1166 1277 1278
f 1166 1278 1279
f 1166 1279 1172
f 1166 1172 1275
f 1167 1280 1281
f 1167 1281 1168
f 1167 1274 1273
f 1167 1273 1280
f 1168 1281 1282
f 1168 1282 1277
f 1168 1277 1283
f 1168 1283 1284
f 1168 1284 1276
f 1169 1172 1170
f 1170 1285 1286
f 1170 1286 1287
f 1170 1287 1288
f 1170 1288 1173
f 1170 1173 1171
f 1170 1172 1285
f 1172 1279 1289
f 1172 1289 1290
f 1172 1290 1291
f 1172 1291 1292
f 1172 1292 1293
f 1172 1293 1294
f 1172 1294 1285
f 1173 1288 1174
f 1174 1288 1295
f 1174 1295 1296
f 1174 1296 1176
f 1174 1176 1175
f 1176 1296 1297
f 1176 1297 1177
f 1177 1297 1178
f 1178 1297 1179
f 1179 1298 1369
f 1179 1369 1299
f 1179 1299 1300
f 1179 1300 1180
f 1179 1297 1301
f 1179 1301 1302
f 1179 1302 1298
f 1180 1300 1181
f 1181 1300 1303
f 1181 1303 1186
f 1182 1186 1304
f 1182 1304 1183
f 1183 1304 1268
f 1183 1185 1184
f 1186 1303 1300
f 1186 1300 1268
f 1186 1268 1304
f 1188 1305 1306
f 1188 1306 1189
f 1189 1306 1307
f 1189 1307 1190
f 1190 1307 1308
f 1190 1308 1309
f 1190 1309 1310
f 1190 1310 1311
f 1190 1311 1191
f 1191 1311 1192
f 1192 1312 1193
f 1192 1311 1313
f 1192 1313 1314
f 1192 1314 1312
f 1193 1312 1194
f 1194 1312 1315
f 1194 1315 1195
f 1195 1315 1316
f 1195 1316 1196
f 1196 1317 1197
f 1196 1316 1318
f 1196 1318 1319
f 1196 1319 1198
f 1196 1198 1317
f 1197 1317 1198
f 1198 1319 1320
f 1198 1320 1199
f 1199 1320 1207
f 1199 1207 1321
f 1199 1321 1206
f 1206 1321 1208
f 1207 1208 1321
f 1207 1320 1214
f 1209 1322 1211
f 1209 1211 1210
f 1209 1216 1323
f 1209 1323 1322
f 1211 1324 1325
f 1211 1325 1212
f 1211 1322 1324
f 1212 1325 1326
f 1212 1326 1327
f 1212 1327 1213
f 1213 1327 1259
f 1213 1259 1265
f 1214 1320 1328
f 1214 1328 1216
f 1214 1216 1215
f 1216 1328 1319
f 1216 1319 1329
f 1216 1329 1323
f 1219 1330 1331
f 1219 1331 1334
f 1219 1334 1225
f 1219 1224 1330
f 1222 1258 1272
f 1222 1272 1223
f 1223 1272 1224
f 1224 1272 1332
f 1224 1332 1271
f 1224 1271 1333
f 1224 1333 1330
f 1225 1334 1335
f 1225 1335 1232
f 1228 1239 1336
f 1228 1336 1337
f 1228 1337 1229
f 1229 1337 1338
f 1229 1338 1230
f 1230 1338 1339
f 1230 1339 1231
f 1231 1339 1340
f 1231 1340 1241
f 1232 1335 1334
f 1232 1334 1341
f 1232 1341 1342
f 1232 1342 1343
f 1232 1343 1429
f 1232 1429 1344
f 1232 1344 1234
f 1234 1344 1345
f 1234 1345 1346
f 1234 1346 1235
f 1235 1346 1236
f 1236 1346 1347
f 1236 1347 1237
f 1237 1348 1423
f 1237 1423 1349
f 1237 1349 1239
f 1237 1239 1238
f 1237 1347 1350
f 1237 1350 1348
f 1239 1349 1336
f 1241 1340 1351
f 1241 1351 1243
f 1241 1243 1242
f 1243 1351 1340
f 1243 1340 1352
f 1243 1352 1353
f 1243 1353 1354
f 1243 1354 1355
f 1243 1355 1244
f 1244 1355 1356
f 1244 1356 1248
f 1246 1256 1247
f 1248 1357 1358
f 1248 1358 1359
f 1248 1359 1360
f 1248 1360 1361
f 1248 1361 1249
f 1248 1356 1362
f 1248 1362 1357
f 1249 1361 1363
f 1249 1363 1250
f 1250 1363 1251
f 1251 1363 1252
f 1252 1364 1253
f 1252 1363 1364
f 1253 1364 1365
f 1253 1365 1254
f 1254 1365 1366
f 1254 1366 1367
f 1254 1257 1256
f 1254 1256 1255
f 1259 1327 1281
f 1259 1281 1260
f 1260 1281 1261
f 1261 1281 1280
f 1261 1280 1368
f 1261 1368 1262
f 1262 1368 1267
f 1262 1267 1263
f 1266 1368 1280
f 1266 1280 1273
f 1268 1369 1370
f 1268 1370 1371
f 1268 1371 1269
f 1268 1300 1369
f 1269 1371 1372
f 1269 1372 1373
f 1269 1373 1374
f 1270 1374 1372
f 1270 1372 1375
f 1270 1375 1331
f 1270 1331 1330
f 1270 1330 1333
f 1270 1333 1271
f 1271 1332 1272
f 1276 1284 1283
f 1276 1283 1277
f 1277 1376 1278
f 1277 1282 1377
f 1277 1377 1378
f 1277 1378 1379
f 1277 1379 1380
f 1277 1380 1376
f 1278 1376 1381
f 1278 1381 1279
f 1279 1381 1382
f 1279 1382 1289
f 1281 1327 1326
f 1281 1326 1377
f 1281 1377 1282
f 1285 1294 1383
f 1285 1383 1384
f 1285 1384 1385
f 1285 1385 1286
f 1286 1385 1287
f 1287 1385 1288
f 1288 1386 1387
f 1288 1387 1295
f 1288 1385 1384
f 1288 1384 1388
f 1288 1388 1386
f 1289 1389 1290
f 1289 1382 1389
f 1290 1389 1291
f 1291 1389 1390
f 1291 1390 1391
f 1291 1391 1392
f 1291 1392 1292
f 1292 1393 1293
f 1292 1392 1394
f 1292 1394 1395
f 1292 1395 1393
f 1293 1393 1480
f 1293 1480 1396
f 1293 1396 1383
f 1293 1383 1294
f 1295 1387 1296
f 1296 1397 1297
f 1296 1387 1468
f 1296 1468 1397
f 1297 1397 1301
f 1298 1302 1369
f 1299 1369 1300
f 1301 1397 1468
f 1301 1468 1398
f 1301 1398 1399
f 1301 1399 1302
f 1302 1341 1334
f 1302 1334 1400
f 1302 1400 1371
f 1302 1371 1370
f 1302 1370 1369
f 1302 1399 1342
f 1302 1342 1341
f 1305 1401 1402
f 1305 1402 1306
f 1306 1402 1401
f 1306 1401 1403
f 1306 1403 1307
f 1307 1403 1308
f 1308 1404 1309
f 1308 1403 1404
f 1309 1405 1310
f 1309 1404 1405
f 1310 1406 1407
f 1310 1407 1408
f 1310 1408 1311
f 1310 1405 1406
f 1311 1408 1409
f 1311 1409 1410
f 1311 1410 1411
f 1311 1411 1313
f 1312 1314 1315
f 1313 1411 1412
f 1313 1412 1314
f 1314 1319 1318
f 1314 1318 1315
f 1314 1412 1413
f 1314 1413 1414
f 1314 1414 1415
f 1314 1415 1416
f 1314 1416 1329
f 1314 1329 1319
f 1315 1318 1316
f 1319 1328 1320
f 1322 1417 1418
f 1322 1418 1419
f 1322 1419 1324
f 1322 1323 1417
f 1323 1329 1420
f 1323 1420 1417
f 1324 1419 1418
f 1324 1418 1421
f 1324 1421 1377
f 1324 1377 1325
f 1325 1377 1326
f 1329 1416 1422
f 1329 1422 1420
f 1331 1375 1372
f 1331 1372 1334
f 1334 1372 1371
f 1334 1371 1400
f 1336 1349 1337
f 1337 1349 1423
f 1337 1423 1338
f 1338 1423 1424
f 1338 1424 1425
f 1338 1425 1426
f 1338 1426 1340
f 1338 1340 1339
f 1340 1426 1425
f 1340 1425 1427
f 1340 1427 1352
f 1342 1399 1428
f 1342 1428 1343
f 1343 1428 1429
f 1344 1429 1345
f 1345 1429 1430
f 1345 1430 1431
f 1345 1431 1346
f 1346 1431 1432
f 1346 1432 1347
f 1347 1432 1433
f 1347 1433 1434
f 1347 1434 1350
f 1348 1350 1437
f 1348 1437 1423
f 1350 1434 1435
f 1350 1435 1436
f 1350 1436 1437
f 1352 1427 1353
f 1353 1427 1425
f 1353 1425 1436
f 1353 1436 1438
f 1353 1438 1354
f 1354 1438 1355
f 1355 1438 1439
f 1355 1439 1356
f 1356 1439 1440
f 1356 1440 1441
f 1356 1441 1362
f 1357 1442 1358
f 1357 1362 1443
f 1357 1443 1444
f 1357 1444 1445
f 1357 1445 1442
f 1358 1442 1359
f 1359 1446 1447
f 1359 1447 1448
f 1359 1448 1360
f 1359 1442 1446
f 1360 1448 1449
f 1360 1449 1450
f 1360 1450 1361
f 1361 1450 1363
f 1362 1441 1451
f 1362 1451 1443
f 1363 1450 1452
f 1363 1452 1453
f 1363 1453 1365
f 1363 1365 1364
f 1365 1454 1366
f 1365 1453 1455
f 1365 1455 1454
f 1366 1454 1367
f 1372 1374 1373
f 1376 1380 1456
f 1376 1456 1381
f 1377 1421 1379
f 1377 1379 1378
f 1379 1421 1418
f 1379 1418 1457
f 1379 1457 1380
f 1380 1457 1458
f 1380 1458 1459
f 1380 1459 1456
f 1381 1456 1459
f 1381 1459 1382
f 1382 1460 1389
f 1382 1459 1460
f 1383 1461 1462
f 1383 1462 1388
f 1383 1388 1384
f 1383 1396 1463
f 1383 1463 1461
f 1386 1464 1465
f 1386 1465 1466
f 1386 1466 1387
f 1386 1388 1467
f 1386 1467 1464
f 1387 1466 1485
f 1387 1485 1468
f 1388 1462 1469
f 1388 1469 1470
f 1388 1470 1471
f 1388 1471 1472
f 1388 1472 1473
f 1388 1473 1464
f 1388 1464 1467
f 1389 1460 1390
f 1390 1460 1474
f 1390 1474 1475
f 1390 1475 1391
f 1391 1475 1476
f 1391 1476 1477
f 1391 1477 1392
f 1392 1478 1395
f 1392 1395 1394
f 1392 1477 1479
f 1392 1479 1478
f 1393 1395 1480
f 1395 1481 1482
f 1395 1482 1483
f 1395 1483 1480
f 1395 1478 1479
f 1395 1479 1481
f 1396 1480 1463
f 1398 1484 1428
f 1398 1428 1399
f 1398 1468 1485
f 1398 1485 1484
f 1401 1486 1403
f 1403 1486 1487
f 1403 1487 1488
f 1403 1488 1404
f 1404 1488 1489
f 1404 1489 1490
f 1404 1490 1491
f 1404 1491 1492
f 1404 1492 1405
f 1405 1492 1493
f 1405 1493 1406
f 1406 1493 1494
f 1406 1494 1495
f 1406 1495 1496
f 1406 1496 1407
f 1407 1496 1497
f 1407 1497 1409
f 1407 1409 1408
f 1409 1497 1410
f 1410 1412 1411
f 1410 1497 1498
f 1410 1498 1499
f 1410 1499 1500
f 1410 1500 1501
f 1410 1501 1502
f 1410 1502 1503
f 1410 1503 1412
f 1412 1503 1502
f 1412 1502 1504
f 1412 1504 1413
f 1413 1504 1418
f 1413 1418 1414
f 1414 1418 1415
f 1415 1422 1416
f 1415 1418 1417
f 1415 1417 1422
f 1417 1420 1422
f 1418 1505 1506
f 1418 1506 1457
f 1418 1504 1507
f 1418 1507 1505
f 1423 1437 1424
f 1424 1437 1436
f 1424 1436 1425
f 1428 1484 1429
f 1429 1484 1430
f 1430 1484 1508
f 1430 1508 1509
f 1430 1509 1510
f 1430 1510 1431
f 1431 1510 1432
f 1432 1510 1511
f 1432 1511 1512
f 1432 1512 1433
f 1433 1512 1513
f 1433 1513 1514
f 1433 1514 1435
f 1433 1435 1434
f 1435 1514 1436
f 1436 1514 1440
f 1436 1440 1438
f 1438 1440 1439
f 1440 1515 1451
f 1440 1451 1441
f 1440 1514 1516
f 1440 1516 1515
f 1442 1445 1446
f 1443 1517 1444
f 1443 1451 1515
f 1443 1515 1518
f 1443 1518 1517
f 1444 1517 1445
f 1445 1519 1520
f 1445 1520 1521
f 1445 1521 1522
f 1445 1522 1523
f 1445 1523 1524
f 1445 1524 1525
f 1445 1525 1446
f 1445 1517 1526
f 1445 1526 1471
f 1445 1471 1470
f 1445 1470 1519
f 1446 1525 1527
f 1446 1527 1528
f 1446 1528 1447
f 1447 1528 1529
f 1447 1529 1530
f 1447 1530 1448
f 1448 1530 1449
f 1449 1530 1531
f 1449 1531 1532
f 1449 1532 1533
f 1449 1533 1534
f 1449 1534 1535
f 1449 1535 1450
f 1450 1535 1536
f 1450 1536 1537
f 1450 1537 1538
f 1450 1538 1539
f 1450 1539 1540
f 1450 1540 1541
f 1450 1541 1452
f 1452 1541 1453
f 1453 1542 1455
f 1453 1541 1542
f 1457 1506 1458
f 1458 1506 1505
f 1458 1505 1543
f 1458 1543 1459
f 1459 1543 1460
f 1460 1543 1474
f 1461 1463 1462
f 1462 1463 1469
f 1463 1480 1483
f 1463 1483 1544
f 1463 1544 1519
f 1463 1519 1470
f 1463 1470 1469
f 1464 1473 1545
f 1464 1545 1465
f 1465 1545 1546
f 1465 1546 1547
f 1465 1547 1485
f 1465 1485 1466
f 1471 1526 1472
f 1472 1548 1473
f 1472 1526 1517
f 1472 1517 1548
f 1473 1548 1518
f 1473 1518 1549
f 1473 1549 1550
f 1473 1550 1551
f 1473 1551 1545
f 1474 1543 1579
f 1474 1579 1552
f 1474 1552 1475
f 1475 1552 1553
f 1475 1553 1554
f 1475 1554 1477
f 1475 1477 1476
f 1477 1554 1555
f 1477 1555 1556
f 1477 1556 1557
f 1477 1557 1558
f 1477 1558 1479
f 1479 1558 1559
f 1479 1559 1481
f 1481 1559 1560
f 1481 1560 1520
f 1481 1520 1482
f 1482 1520 1561
f 1482 1561 1544
f 1482 1544 1483
f 1484 1485 1562
f 1484 1562 1508
f 1485 1547 1562
f 1487 1489 1488
f 1489 1563 1490
f 1490 1563 1491
f 1491 1563 1564
f 1491 1564 1565
f 1491 1565 1494
f 1491 1494 1493
f 1491 1493 1492
f 1494 1565 1566
f 1494 1566 1495
f 1495 1566 1497
f 1495 1497 1496
f 1497 1567 1568
f 1497 1568 1569
f 1497 1569 1570
f 1497 1570 1499
f 1497 1499 1498
f 1497 1566 1571
f 1497 1571 1572
f 1497 1572 1573
f 1497 1573 1567
f 1499 1574 1575
f 1499 1575 1576
f 1499 1576 1501
f 1499 1501 1500
f 1499 1570 1577
f 1499 1577 1555
f 1499 1555 1574
f 1501 1576 1578
f 1501 1578 1507
f 1501 1507 1502
f 1502 1507 1504
f 1505 1579 1543
f 1505 1507 1578
f 1505 1578 1576
f 1505 1576 1575
f 1505 1575 1579
f 1508 1562 1509
f 1509 1511 1510
f 1509 1562 1580
f 1509 1580 1511
f 1511 1580 1512
f 1512 1580 1581
f 1512 1581 1516
f 1512 1516 1582
f 1512 1582 1513
f 1513 1582 1514
f 1514 1582 1516
f 1515 1516 1583
f 1515 1583 1518
f 1516 1581 1584
f 1516 1584 1583
f 1517 1518 1548
f 1518 1583 1585
f 1518 1585 1549
f 1519 1544 1561
f 1519 1561 1520
f 1520 1522 1521
f 1520 1560 1522
f 1522 1586 1523
f 1522 1560 1558
f 1522 1558 1586
f 1523 1587 1588
f 1523 1588 1524
f 1523 1586 1558
f 1523 1558 1589
f 1523 1589 1587
f 1524 1588 1525
f 1525 1588 1527
f 1527 1588 1590
f 1527 1590 1591
f 1527 1591 1528
f 1528 1591 1592
f 1528 1592 1529
f 1529 1592 1593
f 1529 1593 1531
f 1529 1531 1530
f 1531 1594 1532
f 1531 1593 1595
f 1531 1595 1596
f 1531 1596 1597
f 1531 1597 1598
f 1531 1598 1594
f 1532 1594 1533
f 1533 1594 1534
f 1534 1594 1599
f 1534 1599 1600
f 1534 1600 1601
f 1534 1601 1602
f 1534 1602 1536
f 1534 1536 1535
f 1536 1603 1537
f 1537 1603 1604
f 1537 1604 1538
f 1538 1604 1605
f 1538 1605 1539
f 1539 1605 1606
f 1539 1606 1540
f 1540 1542 1541
f 1545 1551 1546
f 1546 1551 1607
f 1546 1607 1608
f 1546 1608 1562
f 1546 1562 1547
f 1549 1585 1550
f 1550 1585 1551
f 1551 1609 1607
f 1551 1585 1609
f 1552 1579 1553
f 1553 1579 1574
f 1553 1574 1554
f 1554 1574 1555
f 1555 1577 1556
f 1556 1577 1569
f 1556 1569 1610
f 1556 1610 1611
f 1556 1611 1558
f 1556 1558 1557
f 1558 1611 1589
f 1558 1560 1559
f 1562 1608 1580
f 1563 1612 1613
f 1563 1613 1614
f 1563 1614 1564
f 1564 1614 1565
f 1565 1614 1566
f 1566 1615 1571
f 1566 1614 1616
f 1566 1616 1615
f 1567 1573 1617
f 1567 1617 1618
f 1567 1618 1619
f 1567 1619 1569
f 1567 1569 1568
f 1569 1577 1570
f 1569 1619 1620
f 1569 1620 1621
f 1569 1621 1622
f 1569 1622 1610
f 1571 1615 1573
f 1571 1573 1572
f 1573 1615 1623
f 1573 1623 1617
f 1574 1579 1575
f 1580 1608 1585
f 1580 1585 1584
f 1580 1584 1581
f 1583 1584 1585
f 1585 1608 1607
f 1585 1607 1609
f 1587 1590 1588
f 1587 1589 1590
f 1589 1611 1624
f 1589 1624 1590
f 1590 1624 1591
f 1591 1593 1592
f 1591 1624 1625
f 1591 1625 1626
f 1591 1626 1646
f 1591 1646 1627
f 1591 1627 1593
f 1593 1627 1595
f 1594 1598 1599
f 1595 1627 1628
f 1595 1628 1629
f 1595 1629 1596
f 1596 1629 1630
f 1596 1630 1631
f 1596 1631 1632
f 1596 1632 1633
f 1596 1633 1597
f 1597 1633 1598
f 1598 1633 1634
f 1598 1634 1600
f 1598 1600 1599
f 1610 1622 1611
f 1611 1622 1625
f 1611 1625 1624
f 1612 1635 1613
f 1613 1635 1615
f 1613 1615 1614
f 1614 1615 1616
f 1615 1635 1636
f 1615 1636 1637
f 1615 1637 1623
f 1617 1623 1638
f 1617 1638 1639
f 1617 1639 1618
f 1618 1640 1641
f 1618 1641 1619
f 1618 1639 1640
f 1619 1641 1642
f 1619 1642 1643
f 1619 1643 1620
f 1620 1643 1625
f 1620 1625 1622
f 1620 1622 1621
f 1623 1637 1644
f 1623 1644 1638
f 1625 1643 1645
f 1625 1645 1646
f 1625 1646 1626
f 1627 1646 1628
f 1628 1646 1629
f 1629 1646 1647
f 1629 1647 1648
f 1629 1648 1649
f 1629 1649 1630
f 1636 1650 1637
f 1637 1650 1651
f 1637 1651 1652
f 1637 1652 1644
f 1638 1644 1653
f 1638 1653 1654
f 1638 1654 1655
f 1638 1655 1647
f 1638 1647 1639
f 1639 1647 1640
f 1640 1647 1641
f 1641 1647 1646
f 1641 1646 1645
f 1641 1645 1642
f 1642 1645 1643
f 1644 1652 1653
f 1647 1655 1648

