# https://github.com/mikedh/trimesh
v 0.01135110 0.01605112 -0.00733675
v 0.01121912 0.01606949 -0.00733675
v 0.01120856 0.01607264 -0.00748732
v 0.01112985 0.01608734 -0.00763697
v 0.01120520 0.01607999 -0.00763697
v 0.01135110 0.01605847 -0.00748732
v 0.01150132 0.01605899 -0.00733675
v 0.01150132 0.01605374 -0.00718710
v 0.01135110 0.01605322 -0.00718710
v 0.01122967 0.01607002 -0.00718710
v 0.01118840 0.01609154 -0.00778662
v 0.01113369 0.01608997 -0.00748732
v 0.01011668 0.01644852 -0.01067197
v 0.01011668 0.01644590 -0.01078695
v 0.01011668 0.01644590 -0.01082162
v 0.01011668 0.01645062 -0.01093751
v 0.01011668 0.01645220 -0.01097127
v 0.01123015 0.01608472 -0.00773643
v 0.01135110 0.01607264 -0.00763697
v 0.01143317 0.01608472 -0.00773461
v 0.01160019 0.01607684 -0.00733675
v 0.01162947 0.01607107 -0.00718710
v 0.01176193 0.01607579 -0.00688689
v 0.01203454 0.01608419 -0.00624175
v 0.01165107 0.01606162 -0.00688689
v 0.01215933 0.01608787 -0.00583659
v 0.01195151 0.01607737 -0.00613681
v 0.01165107 0.01606267 -0.00673724
v 0.01150132 0.01605637 -0.00703654
v 0.01135110 0.01605584 -0.00703654
v 0.01124215 0.01607159 -0.00703654
v 0.01011668 0.01646427 -0.01112184
v 0.01125751 0.01607579 -0.00688689
v 0.01114425 0.01609679 -0.00733675
v 0.01037345 0.01638500 -0.00965087
v 0.01011668 0.01648632 -0.01051137
v 0.01081452 0.01622698 -0.00823740
v 0.01082172 0.01623276 -0.00814615
v 0.01135110 0.01608367 -0.00774647
v 0.01120088 0.01610572 -0.00793718
v 0.01135110 0.01613091 -0.00808775
v 0.01135110 0.01615926 -0.00823740
v 0.01150132 0.01615086 -0.00793718
v 0.01149029 0.01611622 -0.00778571
v 0.01158243 0.01608419 -0.00742709
v 0.01135110 0.01609154 -0.00782130
v 0.01120088 0.01613721 -0.00823740
v 0.01098346 0.01623486 -0.00907508
v 0.01174226 0.01607999 -0.00700460
v 0.01188240 0.01608472 -0.00667792
v 0.01201390 0.01608892 -0.00634212
v 0.01225148 0.01611254 -0.00583659
v 0.01214013 0.01609259 -0.00598624
v 0.01225148 0.01610047 -0.00568694
v 0.01225148 0.01609469 -0.00553638
v 0.01225148 0.01609522 -0.00538673
v 0.01208446 0.01608472 -0.00583659
v 0.01211133 0.01608734 -0.00567417
v 0.01195151 0.01607947 -0.00598624
v 0.01165107 0.01606582 -0.00658667
v 0.01135110 0.01606162 -0.00688689
v 0.01165107 0.01606897 -0.00643702
v 0.01011668 0.01649419 -0.01128974
v 0.01054287 0.01638185 -0.01028780
v 0.01120088 0.01612146 -0.00808775
v 0.01126903 0.01608157 -0.00678925
v 0.01052320 0.01638290 -0.00905227
v 0.01011668 0.01649419 -0.01049677
v 0.01097434 0.01623433 -0.00755667
v 0.01115048 0.01622751 -0.00883783
v 0.01131702 0.01621701 -0.00853761
v 0.01136118 0.01619968 -0.00839344
v 0.01112697 0.01623696 -0.00891448
v 0.01161795 0.01621386 -0.00793718
v 0.01165970 0.01620074 -0.00778753
v 0.01165107 0.01616294 -0.00763697
v 0.01147109 0.01621071 -0.00823740
v 0.01151140 0.01619391 -0.00809231
v 0.01167554 0.01611202 -0.00733675
v 0.01172162 0.01608839 -0.00710498
v 0.01193999 0.01612251 -0.00673176
v 0.01225148 0.01615979 -0.00613681
v 0.01225148 0.01613249 -0.00598624
v 0.01240170 0.01615034 -0.00568694
v 0.01240170 0.01613249 -0.00553638
v 0.01240170 0.01612514 -0.00538673
v 0.01240170 0.01612304 -0.00523616
v 0.01225148 0.01611517 -0.00523616
v 0.01210125 0.01609364 -0.00553638
v 0.01189968 0.01608787 -0.00577637
v 0.01199951 0.01608629 -0.00571614
v 0.01134918 0.01607422 -0.00673815
v 0.01186272 0.01608472 -0.00587583
v 0.01171778 0.01608419 -0.00604556
v 0.01155748 0.01608157 -0.00632570
v 0.01011668 0.01651939 -0.01138920
v 0.01011716 0.01651887 -0.01138738
v 0.01031010 0.01650522 -0.01109446
v 0.01045073 0.01647424 -0.01078695
v 0.01068110 0.01638500 -0.01011990
v 0.01140197 0.01607999 -0.00658667
v 0.01142261 0.01608524 -0.00650455
v 0.01129783 0.01610257 -0.00668887
v 0.01126231 0.01620231 -0.00662956
v 0.01124599 0.01615611 -0.00673815
v 0.01111689 0.01621228 -0.00708125
v 0.01110105 0.01618814 -0.00718710
v 0.01037297 0.01652202 -0.00950213
v 0.01021459 0.01651572 -0.01007336
v 0.01011668 0.01661231 -0.01037632
v 0.01082508 0.01638185 -0.00800927
v 0.01128919 0.01623066 -0.00863525
v 0.01141733 0.01624168 -0.00844728
v 0.01144373 0.01622698 -0.00834690
v 0.01060095 0.01645167 -0.01048764
v 0.01081596 0.01639130 -0.00994744
v 0.01067102 0.01653934 -0.01070573
v 0.01098154 0.01638447 -0.00967095
v 0.01171586 0.01624326 -0.00783772
v 0.01173746 0.01623118 -0.00773735
v 0.01175857 0.01622016 -0.00763697
v 0.01187856 0.01623591 -0.00741706
v 0.01192559 0.01621071 -0.00718710
v 0.01196207 0.01619864 -0.00704201
v 0.01195151 0.01615979 -0.00688689
v 0.01154644 0.01625481 -0.00823740
v 0.01156852 0.01624168 -0.00814615
v 0.01159251 0.01622751 -0.00804577
v 0.01149700 0.01627161 -0.00839344
v 0.01179601 0.01611359 -0.00704749
v 0.01240698 0.01620808 -0.00597621
v 0.01240170 0.01617711 -0.00583659
v 0.01210125 0.01617501 -0.00658667
v 0.01226300 0.01619811 -0.00629285
v 0.01252024 0.01621281 -0.00568694
v 0.01255912 0.01620703 -0.00552634
v 0.01255144 0.01619129 -0.00538673
v 0.01255144 0.01618709 -0.00523616
v 0.01304482 0.01639760 -0.00478538
v 0.01297043 0.01637135 -0.00478538
v 0.01285141 0.01633775 -0.00478538
v 0.01270118 0.01630363 -0.00478538
v 0.01213293 0.01618499 -0.00523616
v 0.01194431 0.01616136 -0.00553181
v 0.01195055 0.01609784 -0.00567417
v 0.01255192 0.01631045 -0.00478538
v 0.01225148 0.01618604 -0.00511936
v 0.01216653 0.01621491 -0.00514947
v 0.01176289 0.01609574 -0.00594609
v 0.01159251 0.01608997 -0.00622532
v 0.01011668 0.01656401 -0.01150600
v 0.01036578 0.01654196 -0.01114921
v 0.01026595 0.01652097 -0.01120852
v 0.01040273 0.01652622 -0.01104884
v 0.01045217 0.01651309 -0.01093295
v 0.01145765 0.01610782 -0.00640417
v 0.01161939 0.01611097 -0.00613681
v 0.01180129 0.01618079 -0.00569607
v 0.01169762 0.01619759 -0.00583659
v 0.01172066 0.01622541 -0.00575173
v 0.01156612 0.01621648 -0.00604282
v 0.01141157 0.01620808 -0.00633482
v 0.01126231 0.01626688 -0.00662956
v 0.01103626 0.01631203 -0.00733675
v 0.01099402 0.01631203 -0.00746998
v 0.01029906 0.01661231 -0.00973665
v 0.01022947 0.01661231 -0.00997573
v 0.01016948 0.01661231 -0.01018743
v 0.01011668 0.01670103 -0.01037814
v 0.01082508 0.01639235 -0.00800927
v 0.01037105 0.01661231 -0.00949666
v 0.01139190 0.01625533 -0.00853761
v 0.01114089 0.01637975 -0.00938807
v 0.01119512 0.01642227 -0.00943826
v 0.01126999 0.01639025 -0.00920283
v 0.01129831 0.01637502 -0.00910246
v 0.01142597 0.01638710 -0.00891266
v 0.01145237 0.01637187 -0.00881228
v 0.01061295 0.01649997 -0.01064824
v 0.01075117 0.01661546 -0.01078695
v 0.01090427 0.01665116 -0.01063273
v 0.01088939 0.01658764 -0.01047761
v 0.01083180 0.01653409 -0.01042194
v 0.01053616 0.01653252 -0.01088002
v 0.01050256 0.01654721 -0.01097948
v 0.01059231 0.01657924 -0.01093295
v 0.01074685 0.01666323 -0.01092291
v 0.01108137 0.01640915 -0.00958700
v 0.01217085 0.01639025 -0.00739880
v 0.01219244 0.01637870 -0.00729843
v 0.01221596 0.01636610 -0.00718710
v 0.01185792 0.01624693 -0.00751743
v 0.01233355 0.01638342 -0.00697905
v 0.01245785 0.01639707 -0.00673724
v 0.01206190 0.01621806 -0.00688689
v 0.01210653 0.01620756 -0.00672811
v 0.01165107 0.01631728 -0.00823740
v 0.01165203 0.01635823 -0.00837428
v 0.01187616 0.01638762 -0.00801201
v 0.01200431 0.01640022 -0.00778753
v 0.01202350 0.01638867 -0.00770632
v 0.01262535 0.01653776 -0.00696080
v 0.01155268 0.01640127 -0.00871647
v 0.01157811 0.01638605 -0.00861609
v 0.01247945 0.01623538 -0.00591963
v 0.01236234 0.01621806 -0.00613681
v 0.01243769 0.01625796 -0.00613681
v 0.01246073 0.01624588 -0.00602001
v 0.01218044 0.01623486 -0.00667154
v 0.01239498 0.01626846 -0.00629285
v 0.01259464 0.01625481 -0.00568694
v 0.01261383 0.01624378 -0.00557014
v 0.01262871 0.01623591 -0.00547068
v 0.01315137 0.01645902 -0.00478630
v 0.01315137 0.01645902 -0.00478538
v 0.01185168 0.01620388 -0.00557926
v 0.01180801 0.01611569 -0.00583020
v 0.01245593 0.01636190 -0.00478538
v 0.01245593 0.01636085 -0.00478630
v 0.01243577 0.01646217 -0.00478538
v 0.01216365 0.01631203 -0.00514582
v 0.01209406 0.01631203 -0.00523616
v 0.01203166 0.01631203 -0.00531920
v 0.01011668 0.01657871 -0.01154159
v 0.01046176 0.01663436 -0.01124776
v 0.01045217 0.01656454 -0.01109446
v 0.01172066 0.01625113 -0.00575173
v 0.01156612 0.01626321 -0.00604282
v 0.01141157 0.01627108 -0.00633482
v 0.01097098 0.01639970 -0.00754572
v 0.01309330 0.02141420 -0.00478630
v 0.01011668 0.02141420 -0.01083896
v 0.01011668 0.01676245 -0.01038362
v 0.01114952 0.01652412 -0.00985254
v 0.01135398 0.01650522 -0.00943187
v 0.01143365 0.01653252 -0.00937712
v 0.01145717 0.01651887 -0.00928770
v 0.01082604 0.01668738 -0.01086268
v 0.01095659 0.01669945 -0.01067927
v 0.01098634 0.01668108 -0.01057889
v 0.01105977 0.01664066 -0.01034164
v 0.01104490 0.01657766 -0.01018743
v 0.01093115 0.01656296 -0.01033708
v 0.01096091 0.01654564 -0.01023762
v 0.01112025 0.01654039 -0.00995200
v 0.01060623 0.01664538 -0.01108807
v 0.01088603 0.01674618 -0.01092291
v 0.01069358 0.01667688 -0.01103880
v 0.01079388 0.01670628 -0.01096215
v 0.01264695 0.01652622 -0.00686043
v 0.01256632 0.01649157 -0.00690058
v 0.01267239 0.01651257 -0.00673724
v 0.01276742 0.01654196 -0.00663777
v 0.01251784 0.01636505 -0.00643702
v 0.01174658 0.01637502 -0.00823740
v 0.01185792 0.01639865 -0.00808775
v 0.01172786 0.01638657 -0.00831496
v 0.01178737 0.01644012 -0.00837428
v 0.01170290 0.01640127 -0.00841534
v 0.01195151 0.01645535 -0.00808775
v 0.01235082 0.01652254 -0.00748732
v 0.01260711 0.01654879 -0.00703654
v 0.01269878 0.01656664 -0.00690058
v 0.01274774 0.01655351 -0.00673724
v 0.01247849 0.01653619 -0.00726558
v 0.01245449 0.01655089 -0.00736595
v 0.01158483 0.01653146 -0.00908056
v 0.01160835 0.01651729 -0.00898748
v 0.01180657 0.01649997 -0.00853305
v 0.01253848 0.01628001 -0.00597621
v 0.01256872 0.01626951 -0.00583659
v 0.01272374 0.01641702 -0.00613681
v 0.01274918 0.01640285 -0.00598624
v 0.01276646 0.01639287 -0.00588039
v 0.01270118 0.01631780 -0.00568694
v 0.01279525 0.01637502 -0.00568694
v 0.01268774 0.01628106 -0.00552634
v 0.01281589 0.01636190 -0.00553638
v 0.01283509 0.01635088 -0.00538673
v 0.01324688 0.01652307 -0.00478630
v 0.01290996 0.01639760 -0.00538673
v 0.01300115 0.01645797 -0.00538673
v 0.01324688 0.01652307 -0.00478538
v 0.01243817 0.01661231 -0.00478538
v 0.01245017 0.01676245 -0.00478538
v 0.01197839 0.01631203 -0.00539403
v 0.01011668 0.01664066 -0.01168029
v 0.01055967 0.01666796 -0.01120396
v 0.01309378 0.02141420 -0.00478538
v 0.01011668 0.02141420 -0.01234733
v 0.01124935 0.01655299 -0.00976585
v 0.01127815 0.01653619 -0.00966547
v 0.01153204 0.01656611 -0.00928770
v 0.01155988 0.01654774 -0.00918093
v 0.01140629 0.01654879 -0.00947658
v 0.01143125 0.01668371 -0.00982242
v 0.01126135 0.01699606 -0.01098861
v 0.01110921 0.01684750 -0.01083440
v 0.01104202 0.01673410 -0.01063273
v 0.01108857 0.01670995 -0.01048764
v 0.01117640 0.01665641 -0.01018743
v 0.01121528 0.01663173 -0.01005055
v 0.01119992 0.01656874 -0.00989634
v 0.01065950 0.01669683 -0.01113917
v 0.01097770 0.01683647 -0.01101507
v 0.01074685 0.01672780 -0.01108807
v 0.01112889 0.01698556 -0.01116655
v 0.01284181 0.01657924 -0.00658759
v 0.01287732 0.01656874 -0.00643702
v 0.01278517 0.01653199 -0.00653831
v 0.01190736 0.01651782 -0.00838705
v 0.01195631 0.01650102 -0.00823192
v 0.01218236 0.01653357 -0.00787422
v 0.01233067 0.01653461 -0.00757036
v 0.01257160 0.01657136 -0.00718710
v 0.01270118 0.01661021 -0.00703654
v 0.01282693 0.01664906 -0.00688689
v 0.01286341 0.01663331 -0.00674454
v 0.01230667 0.01654984 -0.00767073
v 0.01242570 0.01656979 -0.00748732
v 0.01171010 0.01654774 -0.00888072
v 0.01173506 0.01653199 -0.00878034
v 0.01188480 0.01653199 -0.00847921
v 0.01280245 0.01652149 -0.00643702
v 0.01282645 0.01650679 -0.00628646
v 0.01286101 0.01649892 -0.00613498
v 0.01285141 0.01646479 -0.00598624
v 0.01278181 0.01638395 -0.00578093
v 0.01287012 0.01642280 -0.00568694
v 0.01293204 0.01653304 -0.00608297
v 0.01289076 0.01640967 -0.00553638
v 0.01332127 0.01657609 -0.00478538
v 0.01309618 0.01652254 -0.00538673
v 0.01308370 0.01653199 -0.00549075
v 0.01307122 0.01654092 -0.00559113
v 0.01301315 0.01649209 -0.00553911
v 0.01011668 0.01665483 -0.01171132
v 0.01051888 0.01669106 -0.01130434
v 0.01070846 0.01681862 -0.01135270
v 0.01075549 0.01679500 -0.01123864
v 0.01395480 0.02141420 -0.00478538
v 0.01185168 0.02026137 -0.01143026
v 0.01176001 0.02017475 -0.01165748
v 0.01140917 0.02011962 -0.01219038
v 0.01127815 0.01998996 -0.01251524
v 0.01109385 0.02010283 -0.01262109
v 0.01095419 0.02011542 -0.01278625
v 0.01011668 0.02138375 -0.01238201
v 0.01188816 0.02141420 -0.00997846
v 0.01133766 0.01659184 -0.00972387
v 0.01135254 0.01665431 -0.00987809
v 0.01145285 0.01666848 -0.00973665
v 0.01160307 0.01666796 -0.00943826
v 0.01165443 0.01664801 -0.00927948
v 0.01168322 0.01656611 -0.00898748
v 0.01140341 0.01670156 -0.00992280
v 0.01142645 0.01683752 -0.01026225
v 0.01115480 0.01697034 -0.01108716
v 0.01122967 0.01701549 -0.01108716
v 0.01129879 0.01712153 -0.01123772
v 0.01134582 0.01703071 -0.01093842
v 0.01129207 0.01697769 -0.01088823
v 0.01124263 0.01685747 -0.01063729
v 0.01125127 0.01670208 -0.01018743
v 0.01130359 0.01667058 -0.01000858
v 0.01084476 0.01682650 -0.01118845
v 0.01089707 0.01687847 -0.01123864
v 0.01099354 0.01697716 -0.01133719
v 0.01109337 0.01700709 -0.01126692
v 0.01127623 0.01713728 -0.01131255
v 0.01296035 0.01666113 -0.00658667
v 0.01298291 0.01664381 -0.00643702
v 0.01290180 0.01655299 -0.00628646
v 0.01203358 0.01653252 -0.00817809
v 0.01215837 0.01654879 -0.00797460
v 0.01270166 0.01665431 -0.00717250
v 0.01279381 0.01667373 -0.00703654
v 0.01292100 0.01669158 -0.00679929
v 0.01294116 0.01667583 -0.00669891
v 0.01227835 0.01656821 -0.00778753
v 0.01238922 0.01659079 -0.00762693
v 0.01255336 0.01665221 -0.00747454
v 0.01179169 0.01658816 -0.00883327
v 0.01210461 0.01664853 -0.00837884
v 0.01185984 0.01654774 -0.00857959
v 0.01200958 0.01654826 -0.00827755
v 0.01291764 0.01654301 -0.00618334
v 0.01298963 0.01658606 -0.00613498
v 0.01301987 0.01657871 -0.00598624
v 0.01303907 0.01656401 -0.00583659
v 0.01305874 0.01654984 -0.00568694
v 0.01296419 0.01651099 -0.00583659
v 0.01342398 0.01665168 -0.00478630
v 0.01342398 0.01665168 -0.00478538
v 0.01314081 0.01663908 -0.00583659
v 0.01011668 0.01666796 -0.01173960
v 0.01066766 0.01684172 -0.01145308
v 0.01085724 0.01696981 -0.01150053
v 0.01095707 0.01699816 -0.01143756
v 0.01419429 0.02096272 -0.00478538
v 0.01395480 0.02141420 -0.00478630
v 0.01188912 0.02030231 -0.01132989
v 0.01189728 0.02016110 -0.01149049
v 0.01185984 0.02011910 -0.01159086
v 0.01154692 0.02010545 -0.01202431
v 0.01145381 0.02001935 -0.01224969
v 0.01141637 0.01997631 -0.01235007
v 0.01141973 0.01982984 -0.01250429
v 0.01123927 0.01994376 -0.01261561
v 0.01113896 0.02000256 -0.01267949
v 0.01100026 0.02001515 -0.01284100
v 0.01081020 0.02012225 -0.01294594
v 0.01011668 0.02106877 -0.01271234
v 0.01051888 0.02013117 -0.01325619
v 0.01195391 0.02141420 -0.00988904
v 0.01194335 0.02020362 -0.01137643
v 0.01178257 0.01679657 -0.00943826
v 0.01173170 0.01668318 -0.00922382
v 0.01175329 0.01666796 -0.00913804
v 0.01152004 0.01687742 -0.01018743
v 0.01180465 0.01664801 -0.00897927
v 0.01132134 0.01695931 -0.01078695
v 0.01142069 0.01699134 -0.01070208
v 0.01143605 0.01712940 -0.01103058
v 0.01135398 0.01709528 -0.01108351
v 0.01146101 0.01710998 -0.01093751
v 0.01139622 0.01700656 -0.01078695
v 0.01143509 0.01727955 -0.01132715
v 0.01137366 0.01718085 -0.01123772
v 0.01140629 0.01715355 -0.01113005
v 0.01113753 0.01712993 -0.01147680
v 0.01123735 0.01716615 -0.01141293
v 0.01130263 0.01726642 -0.01149688
v 0.01140294 0.01730684 -0.01142753
v 0.01303522 0.01672098 -0.00658667
v 0.01321952 0.01684277 -0.00649086
v 0.01323536 0.01683017 -0.00639048
v 0.01305778 0.01670156 -0.00643702
v 0.01307122 0.01669106 -0.00634395
v 0.01308562 0.01668003 -0.00624448
v 0.01213101 0.01656716 -0.00808775
v 0.01277653 0.01668686 -0.00711319
v 0.01264743 0.01667163 -0.00733675
v 0.01290228 0.01670680 -0.00688689
v 0.01300691 0.01679080 -0.00687959
v 0.01315089 0.01691259 -0.00688598
v 0.01308130 0.01683332 -0.00682392
v 0.01299491 0.01673463 -0.00674454
v 0.01338030 0.01698399 -0.00652189
v 0.01240362 0.01665063 -0.00777658
v 0.01249961 0.01667006 -0.00763697
v 0.01215645 0.01670156 -0.00842264
v 0.01220252 0.01666848 -0.00823740
v 0.01235130 0.01666901 -0.00793718
v 0.01225436 0.01664958 -0.00807771
v 0.01188192 0.01668318 -0.00892361
v 0.01310050 0.01666901 -0.00613681
v 0.01312113 0.01665378 -0.00598624
v 0.01352429 0.01672728 -0.00478538
v 0.01321568 0.01669525 -0.00583659
v 0.01319649 0.01670995 -0.00598624
v 0.01011668 0.01670051 -0.01180713
v 0.01071613 0.01696509 -0.01165930
v 0.01081596 0.01699291 -0.01160090
v 0.01090475 0.01701864 -0.01154524
v 0.01104826 0.01710053 -0.01153064
v 0.01425476 0.02084618 -0.00478538
v 0.01373450 0.02141367 -0.00658667
v 0.01373402 0.02141420 -0.00658759
v 0.01203358 0.02014640 -0.01132259
v 0.01199711 0.02010335 -0.01142296
v 0.01190208 0.02001935 -0.01164835
v 0.01172882 0.01999101 -0.01191572
v 0.01159155 0.02000518 -0.01208271
v 0.01150564 0.01991856 -0.01229441
v 0.01145765 0.01987604 -0.01240482
v 0.01155412 0.01996108 -0.01218308
v 0.01128103 0.01984349 -0.01266854
v 0.01150900 0.01977262 -0.01244771
v 0.01095659 0.01996108 -0.01294046
v 0.01085628 0.02002198 -0.01299613
v 0.01011668 0.02078686 -0.01300616
v 0.01056447 0.02003143 -0.01330273
v 0.01011668 0.02011910 -0.01369237
v 0.01011668 0.02019469 -0.01361937
v 0.01011668 0.02026819 -0.01354363
v 0.01011668 0.02034221 -0.01346698
v 0.01011668 0.02063462 -0.01316403
v 0.01071037 0.02002670 -0.01315034
v 0.01201870 0.02141420 -0.00980052
v 0.01202590 0.02028709 -0.01116199
v 0.01185744 0.01685065 -0.00943826
v 0.01190112 0.01681915 -0.00926306
v 0.01154980 0.01700656 -0.01048764
v 0.01150804 0.01708688 -0.01078695
v 0.01149796 0.01702704 -0.01064642
v 0.01146197 0.01725592 -0.01123772
v 0.01150036 0.01721340 -0.01108625
v 0.01159251 0.01727325 -0.01104153
v 0.01171970 0.01729319 -0.01084991
v 0.01153588 0.01717298 -0.01093751
v 0.01156276 0.01714935 -0.01083622
v 0.01158819 0.01712783 -0.01073584
v 0.01153684 0.01732312 -0.01123772
v 0.01149748 0.01736564 -0.01138099
v 0.01099642 0.01712310 -0.01163740
v 0.01109673 0.01715880 -0.01157626
v 0.01120040 0.01721235 -0.01153703
v 0.01126375 0.01729687 -0.01159725
v 0.01142693 0.01743704 -0.01161368
v 0.01145189 0.01741446 -0.01153794
v 0.01155988 0.01745331 -0.01143574
v 0.01339518 0.01697191 -0.00643702
v 0.01367499 0.01713833 -0.00620798
v 0.01349501 0.01701286 -0.00628646
v 0.01351373 0.01699764 -0.00616966
v 0.01332655 0.01687742 -0.00628646
v 0.01325120 0.01681810 -0.00628646
v 0.01334815 0.01685957 -0.00613681
v 0.01327328 0.01680130 -0.00613681
v 0.01336495 0.01684645 -0.00602001
v 0.01317585 0.01672623 -0.00613681
v 0.01291620 0.01684540 -0.00724003
v 0.01247993 0.01668476 -0.00771910
v 0.01249769 0.01682125 -0.00805581
v 0.01264551 0.01682230 -0.00775195
v 0.01279333 0.01682387 -0.00744808
v 0.01290996 0.01700026 -0.00767712
v 0.01293300 0.01698189 -0.00757674
v 0.01306018 0.01685065 -0.00692430
v 0.01303618 0.01687059 -0.00703654
v 0.01324112 0.01697506 -0.00684674
v 0.01326320 0.01695616 -0.00673724
v 0.01307698 0.01698661 -0.00726375
v 0.01322000 0.01699291 -0.00694711
v 0.01329536 0.01703753 -0.00689328
v 0.01317345 0.01688109 -0.00673724
v 0.01309858 0.01681862 -0.00673724
v 0.01336111 0.01700026 -0.00662226
v 0.01353917 0.01712625 -0.00654470
v 0.01355980 0.01710946 -0.00643702
v 0.01383529 0.01728007 -0.00623445
v 0.01347054 0.01703438 -0.00643702
v 0.01230619 0.01670208 -0.00812151
v 0.01197839 0.01672203 -0.00883783
v 0.01215693 0.01685170 -0.00883783
v 0.01366779 0.01684382 -0.00482736
v 0.01373642 0.01688792 -0.00478538
v 0.01329344 0.01672780 -0.00569972
v 0.01340910 0.01681285 -0.00568694
v 0.01337839 0.01683542 -0.00591963
v 0.01346478 0.01688477 -0.00583659
v 0.01011668 0.01673043 -0.01186918
v 0.01056399 0.01696614 -0.01183815
v 0.01063886 0.01700866 -0.01183815
v 0.01075981 0.01701024 -0.01170037
v 0.01075789 0.01708268 -0.01184363
v 0.01090331 0.01709056 -0.01168759
v 0.01459840 0.02017737 -0.00478538
v 0.01371579 0.02141420 -0.00673085
v 0.01471119 0.01995741 -0.00478538
v 0.01220588 0.02017160 -0.01105340
v 0.01230619 0.02011385 -0.01098405
v 0.01203886 0.02000308 -0.01147954
v 0.01221164 0.02003038 -0.01121126
v 0.01186560 0.01997473 -0.01174873
v 0.01183728 0.01992014 -0.01184728
v 0.01173266 0.01984559 -0.01207084
v 0.01164339 0.01990334 -0.01212742
v 0.01159539 0.01986082 -0.01223783
v 0.01155748 0.01981514 -0.01233821
v 0.01146005 0.01973010 -0.01255356
v 0.01141829 0.01967603 -0.01265394
v 0.01113753 0.01985294 -0.01282549
v 0.01159779 0.01971487 -0.01239205
v 0.01099258 0.01986082 -0.01298153
v 0.01090139 0.01991384 -0.01303901
v 0.01081020 0.01996633 -0.01309650
v 0.01066430 0.01997053 -0.01325072
v 0.01011668 0.02006450 -0.01373617
v 0.01051552 0.01997158 -0.01340310
v 0.01206718 0.02141420 -0.00973026
v 0.01234123 0.02015532 -0.01088367
v 0.01189584 0.01697349 -0.00970106
v 0.01169954 0.01700656 -0.01018743
v 0.01177441 0.01695249 -0.00988721
v 0.01161315 0.01710893 -0.01063729
v 0.01165874 0.01708688 -0.01048673
v 0.01176337 0.01710893 -0.01033708
v 0.01164819 0.01702704 -0.01034620
v 0.01156468 0.01729792 -0.01114191
v 0.01177969 0.01738979 -0.01093751
v 0.01187568 0.01743809 -0.01086086
v 0.01190304 0.01741394 -0.01076140
v 0.01202974 0.01743441 -0.01056886
v 0.01205182 0.01741551 -0.01048764
v 0.01185168 0.01730947 -0.01063729
v 0.01187280 0.01729057 -0.01055608
v 0.01218332 0.01743179 -0.01027503
v 0.01189872 0.01726852 -0.01045571
v 0.01171346 0.01714778 -0.01053692
v 0.01173842 0.01712783 -0.01043654
v 0.01161939 0.01739819 -0.01123772
v 0.01159011 0.01742496 -0.01133536
v 0.01085532 0.01711838 -0.01179709
v 0.01081260 0.01714673 -0.01189747
v 0.01095515 0.01715250 -0.01173778
v 0.01106025 0.01720552 -0.01169854
v 0.01112361 0.01728952 -0.01175968
v 0.01120856 0.01731944 -0.01170128
v 0.01157667 0.01758718 -0.01161276
v 0.01160211 0.01756145 -0.01153794
v 0.01152676 0.01748638 -0.01153794
v 0.01128631 0.01742916 -0.01177519
v 0.01124551 0.01746276 -0.01187557
v 0.01130551 0.01756250 -0.01194948
v 0.01144229 0.01757143 -0.01178614
v 0.01171010 0.01760608 -0.01143665
v 0.01174082 0.01757300 -0.01133627
v 0.01187136 0.01759295 -0.01115469
v 0.01169426 0.01746853 -0.01123772
v 0.01413046 0.01743441 -0.00592146
v 0.01387801 0.01724595 -0.00598624
v 0.01396872 0.01729372 -0.00588404
v 0.01371003 0.01711051 -0.00598624
v 0.01361596 0.01703544 -0.00598624
v 0.01352861 0.01698556 -0.00606928
v 0.01354109 0.01697611 -0.00598624
v 0.01343790 0.01689369 -0.00597621
v 0.01356172 0.01695984 -0.00583659
v 0.01299347 0.01689054 -0.00718893
v 0.01305538 0.01700499 -0.00736322
v 0.01247321 0.01683962 -0.00815619
v 0.01202062 0.01699186 -0.00950031
v 0.01274822 0.01685904 -0.00763697
v 0.01246601 0.01699554 -0.00859054
v 0.01266183 0.01695984 -0.00808775
v 0.01280869 0.01696194 -0.00778753
v 0.01278613 0.01697979 -0.00788243
v 0.01283221 0.01709318 -0.00808775
v 0.01290708 0.01715303 -0.00808775
v 0.01292532 0.01713833 -0.00801018
v 0.01294836 0.01711943 -0.00791072
v 0.01297619 0.01709633 -0.00778753
v 0.01305106 0.01715828 -0.00778753
v 0.01307074 0.01714200 -0.00769993
v 0.01333855 0.01701969 -0.00673724
v 0.01325696 0.01711156 -0.00718710
v 0.01316865 0.01703649 -0.00718710
v 0.01323008 0.01728427 -0.00772092
v 0.01330495 0.01709371 -0.00702559
v 0.01339518 0.01712100 -0.00688689
v 0.01342590 0.01709476 -0.00673724
v 0.01351949 0.01714358 -0.00664416
v 0.01372107 0.01724857 -0.00643702
v 0.01411174 0.01745069 -0.00602092
v 0.01381609 0.01729687 -0.00633391
v 0.01380889 0.01700079 -0.00508651
v 0.01384681 0.01697191 -0.00478630
v 0.01384681 0.01697191 -0.00478538
v 0.01368315 0.01698241 -0.00548619
v 0.01367019 0.01699239 -0.00558656
v 0.01052944 0.01698556 -0.01191754
v 0.01011668 0.01680235 -0.01201427
v 0.01048528 0.01701129 -0.01201701
v 0.01071277 0.01711418 -0.01195131
v 0.01475007 0.01988076 -0.00478538
v 0.01480814 0.01976160 -0.00478538
v 0.01371387 0.02141420 -0.00674271
v 0.01239450 0.02005453 -0.01092747
v 0.01234746 0.02001358 -0.01104153
v 0.01200238 0.01995793 -0.01157991
v 0.01217516 0.01998628 -0.01131072
v 0.01231147 0.01996843 -0.01114191
v 0.01190592 0.01987499 -0.01180348
v 0.01187280 0.01968233 -0.01205807
v 0.01169522 0.01979939 -0.01217122
v 0.01186944 0.01982932 -0.01190294
v 0.01164675 0.01975740 -0.01228163
v 0.01156036 0.01965975 -0.01249151
v 0.01144949 0.01957576 -0.01269317
v 0.01130887 0.01958363 -0.01284921
v 0.01127335 0.01968390 -0.01280998
v 0.01109241 0.01979152 -0.01292586
v 0.01173554 0.01969912 -0.01222506
v 0.01112841 0.01969125 -0.01296601
v 0.01084668 0.01986659 -0.01313483
v 0.01098058 0.01969440 -0.01311749
v 0.01011668 0.01994639 -0.01382286
v 0.01236186 0.02141420 -0.00927857
v 0.01323104 0.01969335 -0.01011899
v 0.01295651 0.01987446 -0.01030788
v 0.01255384 0.02021569 -0.01049038
v 0.01247465 0.02013590 -0.01070938
v 0.01233307 0.02029549 -0.01072216
v 0.01248233 0.01999521 -0.01087090
v 0.01187088 0.01699134 -0.00980052
v 0.01184928 0.01700709 -0.00988721
v 0.01186368 0.01714778 -0.01023670
v 0.01188816 0.01712835 -0.01013633
v 0.01191216 0.01710946 -0.01003686
v 0.01171970 0.01744386 -0.01115104
v 0.01174801 0.01741814 -0.01105066
v 0.01185456 0.01745751 -0.01093751
v 0.01195247 0.01747956 -0.01080155
v 0.01200287 0.01745908 -0.01066832
v 0.01212669 0.01748376 -0.01048764
v 0.01215645 0.01745541 -0.01037449
v 0.01228075 0.01747851 -0.01018743
v 0.01251689 0.01755095 -0.00988721
v 0.01230859 0.01745278 -0.01007793
v 0.01233451 0.01743074 -0.00997755
v 0.01217469 0.01728899 -0.00995839
v 0.01056543 0.01711103 -0.01210461
v 0.01066574 0.01714463 -0.01205168
v 0.01069166 0.01727692 -0.01222962
v 0.01074541 0.01725015 -0.01213016
v 0.01083708 0.01727902 -0.01207541
v 0.01089275 0.01725592 -0.01197594
v 0.01098106 0.01728374 -0.01191846
v 0.01101514 0.01725855 -0.01183815
v 0.01090331 0.01717980 -0.01184363
v 0.01109049 0.01731472 -0.01183815
v 0.01114520 0.01742234 -0.01193671
v 0.01175377 0.01770582 -0.01150326
v 0.01154260 0.01762655 -0.01171314
v 0.01116536 0.01755515 -0.01211099
v 0.01126567 0.01759715 -0.01204986
v 0.01140533 0.01760870 -0.01188652
v 0.01149652 0.01766750 -0.01183177
v 0.01188624 0.01772629 -0.01132806
v 0.01184592 0.01762077 -0.01123772
v 0.01191312 0.01769585 -0.01123772
v 0.01201582 0.01774992 -0.01114374
v 0.01210221 0.01781186 -0.01108899
v 0.01204462 0.01771684 -0.01104427
v 0.01200047 0.01761710 -0.01096580
v 0.01202830 0.01758560 -0.01086542
v 0.01190064 0.01756303 -0.01105431
v 0.01428260 0.01757983 -0.00592967
v 0.01421829 0.01748953 -0.00583659
v 0.01423941 0.01746958 -0.00568694
v 0.01414294 0.01742444 -0.00583659
v 0.01404071 0.01734044 -0.00583477
v 0.01398312 0.01728217 -0.00578367
v 0.01380698 0.01715303 -0.00583659
v 0.01373210 0.01709371 -0.00583659
v 0.01382041 0.01714200 -0.00573987
v 0.01363660 0.01701864 -0.00583659
v 0.01376282 0.01708583 -0.00568877
v 0.01384825 0.01712048 -0.00553638
v 0.01309282 0.01712363 -0.00759956
v 0.01234171 0.01697559 -0.00879403
v 0.01219340 0.01697454 -0.00909789
v 0.01209741 0.01703018 -0.00944556
v 0.01214733 0.01700971 -0.00928770
v 0.01195823 0.01708793 -0.00988539
v 0.01273670 0.01701811 -0.00808775
v 0.01220780 0.01711260 -0.00943826
v 0.01250249 0.01711680 -0.00883783
v 0.01262967 0.01713465 -0.00861974
v 0.01279237 0.01727430 -0.00864712
v 0.01291668 0.01729529 -0.00844180
v 0.01294020 0.01727639 -0.00834234
v 0.01303907 0.01731787 -0.00823740
v 0.01312977 0.01739294 -0.00823740
v 0.01315473 0.01735987 -0.00809414
v 0.01324544 0.01742129 -0.00805581
v 0.01335727 0.01715408 -0.00706756
v 0.01335487 0.01730579 -0.00748732
v 0.01327136 0.01739924 -0.00793718
v 0.01337839 0.01713570 -0.00696719
v 0.01339326 0.01727220 -0.00730390
v 0.01357708 0.01739241 -0.00718710
v 0.01353485 0.01728007 -0.00698270
v 0.01367595 0.01728794 -0.00666059
v 0.01350077 0.01716038 -0.00673724
v 0.01360780 0.01720657 -0.00660219
v 0.01379594 0.01731524 -0.00643702
v 0.01369611 0.01727010 -0.00656021
v 0.01408966 0.01747116 -0.00613681
v 0.01398552 0.01713045 -0.00504636
v 0.01392168 0.01703018 -0.00478630
v 0.01377050 0.01703018 -0.00538673
v 0.01386745 0.01710526 -0.00538673
v 0.01388665 0.01709056 -0.00523616
v 0.01392120 0.01702966 -0.00478538
v 0.01011668 0.01687164 -0.01215388
v 0.01038545 0.01698241 -0.01207267
v 0.01011668 0.01696666 -0.01233273
v 0.01485997 0.01964820 -0.00478538
v 0.01368891 0.02141420 -0.00686043
v 0.01382761 0.02119109 -0.00666606
v 0.01244777 0.01995006 -0.01097036
v 0.01200574 0.01981199 -0.01173504
v 0.01217852 0.01984034 -0.01146585
v 0.01239882 0.01990911 -0.01108351
v 0.01234986 0.01986869 -0.01119575
v 0.01195775 0.01977052 -0.01184637
v 0.01190928 0.01972905 -0.01195769
v 0.01190160 0.01958206 -0.01209639
v 0.01204510 0.01971225 -0.01178888
v 0.01218092 0.01969387 -0.01161915
v 0.01231675 0.01967445 -0.01144943
v 0.01228603 0.01961985 -0.01154250
v 0.01234939 0.01957471 -0.01149505
v 0.01217661 0.01953743 -0.01176242
v 0.01172594 0.01953691 -0.01236193
v 0.01158771 0.01955948 -0.01252801
v 0.01140917 0.01950331 -0.01279264
v 0.01126279 0.01950961 -0.01294868
v 0.01115528 0.01961303 -0.01299156
v 0.01011668 0.01985032 -0.01386848
v 0.01111017 0.01950016 -0.01309833
v 0.01295027 0.02141420 -0.00837428
v 0.01338270 0.02044773 -0.00892452
v 0.01325648 0.01972590 -0.01003686
v 0.01336207 0.01964925 -0.00992554
v 0.01332991 0.01960463 -0.01002683
v 0.01324928 0.01959886 -0.01017648
v 0.01319745 0.01963928 -0.01021845
v 0.01306306 0.01966710 -0.01039274
v 0.01292868 0.01969072 -0.01056521
v 0.01309762 0.01971382 -0.01029328
v 0.01256200 0.02007553 -0.01065281
v 0.01322240 0.01983299 -0.00995565
v 0.01331647 0.02141420 -0.00780578
v 0.01337551 0.02058685 -0.00876118
v 0.01262103 0.01983089 -0.01085538
v 0.01275590 0.01981094 -0.01068201
v 0.01201246 0.01714830 -0.00993375
v 0.01232395 0.01728952 -0.00965635
v 0.01206046 0.01711103 -0.00973665
v 0.01195103 0.01754203 -0.01092473
v 0.01220588 0.01755883 -0.01048764
v 0.01233643 0.01757720 -0.01028142
v 0.01236186 0.01755358 -0.01018743
v 0.01249049 0.01757405 -0.00998759
v 0.01264167 0.01757300 -0.00969285
v 0.01266951 0.01754938 -0.00958700
v 0.01243241 0.01747588 -0.00988721
v 0.01279285 0.01757248 -0.00939720
v 0.01245977 0.01745173 -0.00977862
v 0.01248521 0.01743074 -0.00967916
v 0.01235754 0.01741184 -0.00988721
v 0.01263447 0.01743074 -0.00937895
v 0.01011668 0.01703964 -0.01245683
v 0.01037105 0.01714043 -0.01235828
v 0.01060959 0.01716825 -0.01214841
v 0.01039553 0.01727377 -0.01253348
v 0.01066766 0.01744334 -0.01250429
v 0.01081548 0.01744491 -0.01235190
v 0.01079149 0.01731209 -0.01217578
v 0.01086108 0.01741184 -0.01225152
v 0.01096091 0.01744858 -0.01219586
v 0.01093739 0.01731629 -0.01201883
v 0.01110393 0.01745541 -0.01203617
v 0.01185360 0.01776409 -0.01142753
v 0.01180849 0.01780451 -0.01154798
v 0.01158579 0.01772682 -0.01177610
v 0.01101754 0.01755410 -0.01228802
v 0.01098298 0.01758193 -0.01237106
v 0.01112409 0.01758928 -0.01221046
v 0.01109241 0.01761710 -0.01228802
v 0.01109865 0.01776252 -0.01247965
v 0.01127911 0.01773417 -0.01221684
v 0.01145093 0.01770897 -0.01194766
v 0.01155076 0.01776777 -0.01187648
v 0.01194143 0.01782446 -0.01137186
v 0.01217085 0.01804495 -0.01130342
v 0.01230187 0.01806700 -0.01112275
v 0.01233259 0.01803078 -0.01102237
v 0.01229083 0.01792841 -0.01093751
v 0.01206622 0.01766540 -0.01092473
v 0.01229995 0.01776777 -0.01066376
v 0.01232731 0.01773679 -0.01056338
v 0.01215549 0.01761132 -0.01067379
v 0.01230955 0.01760608 -0.01038088
v 0.01204942 0.01756460 -0.01078695
v 0.01430708 0.01766015 -0.00598259
v 0.01434835 0.01766277 -0.00583659
v 0.01429556 0.01756460 -0.00583659
v 0.01416789 0.01754623 -0.00613681
v 0.01414438 0.01756933 -0.00625635
v 0.01412422 0.01759033 -0.00635672
v 0.01414054 0.01771684 -0.00654835
v 0.01426388 0.01760817 -0.00603004
v 0.01427588 0.01773942 -0.00620890
v 0.01425908 0.01745278 -0.00553638
v 0.01416453 0.01740659 -0.00568694
v 0.01407191 0.01733152 -0.00568694
v 0.01399703 0.01727115 -0.00568694
v 0.01389145 0.01718715 -0.00568877
v 0.01383433 0.01713150 -0.00563949
v 0.01392312 0.01717980 -0.00553638
v 0.01394280 0.01716405 -0.00538673
v 0.01228267 0.01717193 -0.00943826
v 0.01243050 0.01717403 -0.00913804
v 0.01248185 0.01713308 -0.00892361
v 0.01257736 0.01717613 -0.00883783
v 0.01267191 0.01725120 -0.00883783
v 0.01293156 0.01743336 -0.00877304
v 0.01305442 0.01745541 -0.00856590
v 0.01307794 0.01743651 -0.00846553
v 0.01309570 0.01742129 -0.00838705
v 0.01320465 0.01745541 -0.00823740
v 0.01322336 0.01744018 -0.00815527
v 0.01329775 0.01748271 -0.00809870
v 0.01334623 0.01746381 -0.00793718
v 0.01337263 0.01729057 -0.00740337
v 0.01336687 0.01744596 -0.00783955
v 0.01340910 0.01740869 -0.00763697
v 0.01345566 0.01739084 -0.00747637
v 0.01367067 0.01744281 -0.00709768
v 0.01352909 0.01743494 -0.00741888
v 0.01397160 0.01744176 -0.00634942
v 0.01378826 0.01747168 -0.00688689
v 0.01381129 0.01745121 -0.00677374
v 0.01392408 0.01748533 -0.00658667
v 0.01384441 0.01756933 -0.00700916
v 0.01398456 0.01757878 -0.00668249
v 0.01397304 0.01714043 -0.00514674
v 0.01403639 0.01723912 -0.00538673
v 0.01407430 0.01717980 -0.00493595
v 0.01401767 0.01710526 -0.00478630
v 0.01401767 0.01710526 -0.00478538
v 0.01011668 0.01693937 -0.01228255
v 0.01489261 0.01957208 -0.00478538
v 0.01489213 0.01957313 -0.00478630
v 0.01368315 0.02141420 -0.00688689
v 0.01472943 0.01969387 -0.00532194
v 0.01443570 0.02015952 -0.00580100
v 0.01427300 0.02042883 -0.00604464
v 0.01470975 0.01961513 -0.00555098
v 0.01472655 0.01953743 -0.00561120
v 0.01397880 0.02089395 -0.00652006
v 0.01381465 0.02115434 -0.00676644
v 0.01364284 0.02141420 -0.00703928
v 0.01369515 0.02138375 -0.00688689
v 0.01228459 0.01976842 -0.01139468
v 0.01245017 0.01980307 -0.01112549
v 0.01248809 0.01970332 -0.01117932
v 0.01262295 0.01968337 -0.01100777
v 0.01245257 0.01965135 -0.01127879
v 0.01275830 0.01965923 -0.01083713
v 0.01248425 0.01955161 -0.01132350
v 0.01231387 0.01950331 -0.01159543
v 0.01202446 0.01938047 -0.01205989
v 0.01206190 0.01946289 -0.01196134
v 0.01200622 0.01946289 -0.01203617
v 0.01192655 0.01946184 -0.01214293
v 0.01186368 0.01951066 -0.01219586
v 0.01174945 0.01943664 -0.01239387
v 0.01169426 0.01947706 -0.01244132
v 0.01155364 0.01946289 -0.01263386
v 0.01147205 0.01945711 -0.01274062
v 0.01143317 0.01940357 -0.01282093
v 0.01128631 0.01940934 -0.01297240
v 0.01011716 0.01976265 -0.01390498
v 0.01011668 0.01976265 -0.01390498
v 0.01011668 0.01965398 -0.01394970
v 0.01314033 0.02141420 -0.00808045
v 0.01337551 0.01998576 -0.00950944
v 0.01336927 0.02012540 -0.00934883
v 0.01342062 0.02141315 -0.00763514
v 0.01349021 0.02141420 -0.00748914
v 0.01349357 0.02141420 -0.00748184
v 0.01335487 0.01979834 -0.00976767
v 0.01338079 0.01969807 -0.00982516
v 0.01339278 0.01960463 -0.00987991
v 0.01337983 0.01954898 -0.00997025
v 0.01337839 0.01984244 -0.00966821
v 0.01322720 0.01953901 -0.01026317
v 0.01309234 0.01956683 -0.01043563
v 0.01295172 0.01961303 -0.01059897
v 0.01278805 0.01955948 -0.01088002
v 0.01265847 0.01973115 -0.01090831
v 0.01337551 0.02141420 -0.00771271
v 0.01237722 0.01724700 -0.00943826
v 0.01278325 0.01743179 -0.00907691
v 0.01246361 0.01760188 -0.01008796
v 0.01259128 0.01762550 -0.00988721
v 0.01261575 0.01759820 -0.00979231
v 0.01276790 0.01759558 -0.00949575
v 0.01258264 0.01747431 -0.00958700
v 0.01291764 0.01759663 -0.00919553
v 0.01294212 0.01757300 -0.00909516
v 0.01281973 0.01754938 -0.00928770
v 0.01273190 0.01747431 -0.00928770
v 0.01260951 0.01745121 -0.00947841
v 0.01275878 0.01745173 -0.00917728
v 0.01011668 0.01710421 -0.01256269
v 0.01011668 0.01714935 -0.01263295
v 0.01011668 0.01721812 -0.01273697
v 0.01061103 0.01746748 -0.01259919
v 0.01037057 0.01744124 -0.01280815
v 0.01083852 0.01757825 -0.01252619
v 0.01075981 0.01747011 -0.01244771
v 0.01089371 0.01755305 -0.01242763
v 0.01090715 0.01747536 -0.01229623
v 0.01189632 0.01786436 -0.01149231
v 0.01186272 0.01790373 -0.01159269
v 0.01172834 0.01788536 -0.01176515
v 0.01093835 0.01761815 -0.01247143
v 0.01095563 0.01775464 -0.01264025
v 0.01097242 0.01789113 -0.01280906
v 0.01099834 0.01771789 -0.01253987
v 0.01104058 0.01767170 -0.01242581
v 0.01111305 0.01790163 -0.01264664
v 0.01120376 0.01795938 -0.01259189
v 0.01128631 0.01787591 -0.01237745
v 0.01141541 0.01775044 -0.01204712
v 0.01142213 0.01789218 -0.01220772
v 0.01142933 0.01803392 -0.01236741
v 0.01155796 0.01790951 -0.01203708
v 0.01206142 0.01796935 -0.01137460
v 0.01203838 0.01802343 -0.01148045
v 0.01231291 0.01820506 -0.01129065
v 0.01225724 0.01810585 -0.01124685
v 0.01234363 0.01816727 -0.01119027
v 0.01236906 0.01811529 -0.01107895
v 0.01235658 0.01800348 -0.01093751
v 0.01247369 0.01819089 -0.01100777
v 0.01250297 0.01815677 -0.01090740
v 0.01260279 0.01821661 -0.01081888
v 0.01254520 0.01812002 -0.01077600
v 0.01240218 0.01796200 -0.01078786
v 0.01225820 0.01780504 -0.01079972
v 0.01255672 0.01795728 -0.01049677
v 0.01252216 0.01781291 -0.01032795
v 0.01248185 0.01773207 -0.01027138
v 0.01234795 0.01771369 -0.01048764
v 0.01250441 0.01770634 -0.01018743
v 0.01438579 0.01782709 -0.00597256
v 0.01429172 0.01770844 -0.00610852
v 0.01432148 0.01779874 -0.00614958
v 0.01440451 0.01779086 -0.00583659
v 0.01441746 0.01775937 -0.00571979
v 0.01442850 0.01773364 -0.00562033
v 0.01438915 0.01767537 -0.00567690
v 0.01440067 0.01764125 -0.00553638
v 0.01441315 0.01761343 -0.00538673
v 0.01431188 0.01754465 -0.00568694
v 0.01382521 0.01758928 -0.00710863
v 0.01410790 0.01761132 -0.00643702
v 0.01412134 0.01774624 -0.00664872
v 0.01399895 0.01770634 -0.00688689
v 0.01423845 0.01781921 -0.00643520
v 0.01427588 0.01804022 -0.00665876
v 0.01429892 0.01784074 -0.00628646
v 0.01417269 0.01780294 -0.00659397
v 0.01413142 0.01787906 -0.00682575
v 0.01427156 0.01744229 -0.00543874
v 0.01418421 0.01739031 -0.00553638
v 0.01409254 0.01731524 -0.00553638
v 0.01401719 0.01725435 -0.00553638
v 0.01264455 0.01727272 -0.00895098
v 0.01302659 0.01747903 -0.00868727
v 0.01290756 0.01745278 -0.00887342
v 0.01314609 0.01751683 -0.00852666
v 0.01323680 0.01757825 -0.00848651
v 0.01330591 0.01753941 -0.00822827
v 0.01338030 0.01758350 -0.00817170
v 0.01339758 0.01756723 -0.00808775
v 0.01348397 0.01747536 -0.00763697
v 0.01350845 0.01745331 -0.00751834
v 0.01365195 0.01745908 -0.00718710
v 0.01368411 0.01757983 -0.00743074
v 0.01411174 0.01730002 -0.00538673
v 0.01412278 0.01729057 -0.00529639
v 0.01413526 0.01728059 -0.00519601
v 0.01409254 0.01716510 -0.00478630
v 0.01409206 0.01716458 -0.00478538
v 0.01493772 0.01946184 -0.00478538
v 0.01493724 0.01946289 -0.00478630
v 0.01478030 0.01961303 -0.00523616
v 0.01474863 0.01961513 -0.00537760
v 0.01471839 0.01966658 -0.00542231
v 0.01458689 0.01986344 -0.00565592
v 0.01480718 0.01946289 -0.00538673
v 0.01476350 0.01947759 -0.00555098
v 0.01474479 0.01943612 -0.00568694
v 0.01471695 0.01951066 -0.00568694
v 0.01428020 0.02029759 -0.00622532
v 0.01424468 0.02035376 -0.00628007
v 0.01396536 0.02085668 -0.00662044
v 0.01359724 0.02141367 -0.00718710
v 0.01359676 0.02141420 -0.00718710
v 0.01419765 0.02036321 -0.00643702
v 0.01443570 0.01986239 -0.00624083
v 0.01473711 0.01926602 -0.00594518
v 0.01460608 0.01946761 -0.00614046
v 0.01466176 0.01931275 -0.00613681
v 0.01261863 0.01951591 -0.01115195
v 0.01244921 0.01946289 -0.01142296
v 0.01233211 0.01940357 -0.01162098
v 0.01219676 0.01943769 -0.01179162
v 0.01203742 0.01928072 -0.01207723
v 0.01198607 0.01932325 -0.01213198
v 0.01172642 0.01923873 -0.01251341
v 0.01184688 0.01931275 -0.01232361
v 0.01176289 0.01929857 -0.01244132
v 0.01171154 0.01933900 -0.01249334
v 0.01188720 0.01941092 -0.01222688
v 0.01216317 0.01931275 -0.01189473
v 0.01157283 0.01937679 -0.01265850
v 0.01153156 0.01932115 -0.01273241
v 0.01144805 0.01931275 -0.01283917
v 0.01137942 0.01931275 -0.01291400
v 0.01104346 0.01944451 -0.01318137
v 0.01130455 0.01931275 -0.01298974
v 0.01106601 0.01931275 -0.01320874
v 0.01097626 0.01938834 -0.01326349
v 0.01011668 0.01952221 -0.01399988
v 0.01011668 0.01962563 -0.01396065
v 0.01352381 0.02141420 -0.00740702
v 0.01351805 0.02131708 -0.00753842
v 0.01352141 0.02117534 -0.00769719
v 0.01341918 0.02141420 -0.00763606
v 0.01339230 0.01975425 -0.00972570
v 0.01353965 0.01960253 -0.00942457
v 0.01352909 0.01954583 -0.00952039
v 0.01343694 0.01961303 -0.00973665
v 0.01346574 0.01946289 -0.00973665
v 0.01341438 0.01946289 -0.00988721
v 0.01338222 0.01946289 -0.00997664
v 0.01335103 0.01946289 -0.01005146
v 0.01328144 0.01946289 -0.01018743
v 0.01398599 0.01941617 -0.00818995
v 0.01403303 0.01931275 -0.00808775
v 0.01399223 0.01931275 -0.00820911
v 0.01323200 0.01946289 -0.01027229
v 0.01292628 0.01908859 -0.01086268
v 0.01291860 0.01918833 -0.01085082
v 0.01279861 0.01916261 -0.01104427
v 0.01295459 0.01931275 -0.01075501
v 0.01290420 0.01931275 -0.01082983
v 0.01282357 0.01931537 -0.01094755
v 0.01277030 0.01936682 -0.01100412
v 0.01263591 0.01941617 -0.01117659
v 0.01265991 0.01770057 -0.00988721
v 0.01270214 0.01766120 -0.00973847
v 0.01274438 0.01762130 -0.00958700
v 0.01285285 0.01765962 -0.00944191
v 0.01289460 0.01762130 -0.00928770
v 0.01281253 0.01769585 -0.00958700
v 0.01296227 0.01769637 -0.00928770
v 0.01311106 0.01769794 -0.00898748
v 0.01306642 0.01759768 -0.00889167
v 0.01308994 0.01757510 -0.00879220
v 0.01296803 0.01755095 -0.00898748
v 0.01287972 0.01747588 -0.00898748
v 0.01011668 0.01726012 -0.01279811
v 0.01069070 0.01757720 -0.01267857
v 0.01074493 0.01754938 -0.01258094
v 0.01059567 0.01754675 -0.01273241
v 0.01011668 0.01733887 -0.01291035
v 0.01039217 0.01757615 -0.01297879
v 0.01044593 0.01754570 -0.01288298
v 0.01054239 0.01757563 -0.01283005
v 0.01079053 0.01761395 -0.01262656
v 0.01080924 0.01775044 -0.01279537
v 0.01085580 0.01771422 -0.01269500
v 0.01089707 0.01766592 -0.01258367
v 0.01195055 0.01796358 -0.01153703
v 0.01190496 0.01800348 -0.01165292
v 0.01175857 0.01797145 -0.01182447
v 0.01091387 0.01780241 -0.01275249
v 0.01082604 0.01788798 -0.01296328
v 0.01091387 0.01791476 -0.01290305
v 0.01098346 0.01802920 -0.01297149
v 0.01115720 0.01800138 -0.01270595
v 0.01134006 0.01797565 -0.01242216
v 0.01139334 0.01808117 -0.01246778
v 0.01160451 0.01815204 -0.01225152
v 0.01174033 0.01817042 -0.01208271
v 0.01156468 0.01805230 -0.01219586
v 0.01159971 0.01800978 -0.01209639
v 0.01112073 0.01804652 -0.01280541
v 0.01200478 0.01806437 -0.01158083
v 0.01209213 0.01812422 -0.01152425
v 0.01217948 0.01818407 -0.01146676
v 0.01235322 0.01830481 -0.01135270
v 0.01248473 0.01832738 -0.01117567
v 0.01228651 0.01825809 -0.01139650
v 0.01245017 0.01822029 -0.01108716
v 0.01246025 0.01805702 -0.01083257
v 0.01248761 0.01802500 -0.01073220
v 0.01255864 0.01825389 -0.01094937
v 0.01264263 0.01831688 -0.01089097
v 0.01277126 0.01834418 -0.01070299
v 0.01275734 0.01821084 -0.01052688
v 0.01262967 0.01818354 -0.01071942
v 0.01265223 0.01815729 -0.01063729
v 0.01269926 0.01811477 -0.01048399
v 0.01276886 0.01804652 -0.01024857
v 0.01271030 0.01795203 -0.01020477
v 0.01258792 0.01780976 -0.01020112
v 0.01277893 0.01788431 -0.00996751
v 0.01273478 0.01778509 -0.00988721
v 0.01263495 0.01772734 -0.00997846
v 0.01442706 0.01788693 -0.00591324
v 0.01472847 0.01803392 -0.00486660
v 0.01473807 0.01801345 -0.00478538
v 0.01470255 0.01793786 -0.00478538
v 0.01463920 0.01781291 -0.00478630
v 0.01458832 0.01771842 -0.00478630
v 0.01454417 0.01764335 -0.00478630
v 0.01454369 0.01764230 -0.00478538
v 0.01446930 0.01752943 -0.00478630
v 0.01441219 0.01745436 -0.00478630
v 0.01352189 0.01759243 -0.00785232
v 0.01337886 0.01773417 -0.00846826
v 0.01354013 0.01771894 -0.00804669
v 0.01368123 0.01773102 -0.00772366
v 0.01384153 0.01771684 -0.00729934
v 0.01385641 0.01784546 -0.00748732
v 0.01397592 0.01788851 -0.00726102
v 0.01420773 0.01796253 -0.00673724
v 0.01429076 0.01814889 -0.00673724
v 0.01431380 0.01809955 -0.00659945
v 0.01436419 0.01811267 -0.00643702
v 0.01441362 0.01792526 -0.00601271
v 0.01413046 0.01817987 -0.00727379
v 0.01427876 0.01818302 -0.00681845
v 0.01397736 0.01818669 -0.00771453
v 0.01428260 0.01743231 -0.00533836
v 0.01418181 0.01724017 -0.00478630
v 0.01311538 0.01755410 -0.00868727
v 0.01321424 0.01759925 -0.00858689
v 0.01335871 0.01760713 -0.00827207
v 0.01362076 0.01748691 -0.00733675
v 0.01418181 0.01724017 -0.00478538
v 0.01494492 0.01944189 -0.00478538
v 0.01487965 0.01939412 -0.00517320
v 0.01482542 0.01931275 -0.00553638
v 0.01478942 0.01931275 -0.00568694
v 0.01475055 0.01931485 -0.00583385
v 0.01473231 0.01940199 -0.00578184
v 0.01469823 0.01945659 -0.00583385
v 0.01463920 0.01961303 -0.00583659
v 0.01471887 0.01936629 -0.00588222
v 0.01441746 0.01996266 -0.00617787
v 0.01355020 0.02141420 -0.00733219
v 0.01441075 0.01962038 -0.00659762
v 0.01366011 0.01977000 -0.00884787
v 0.01348829 0.01974900 -0.00942457
v 0.01346670 0.02006293 -0.00913804
v 0.01478846 0.01916261 -0.00583659
v 0.01472175 0.01919306 -0.00604464
v 0.01459024 0.01927705 -0.00640600
v 0.01413334 0.01940672 -0.00773370
v 0.01442658 0.01938677 -0.00681115
v 0.01246697 0.01935475 -0.01144851
v 0.01242570 0.01930802 -0.01152699
v 0.01234555 0.01931275 -0.01163923
v 0.01229227 0.01931275 -0.01171405
v 0.01221740 0.01931275 -0.01181899
v 0.01217421 0.01921038 -0.01190933
v 0.01186080 0.01916261 -0.01234186
v 0.01173026 0.01916261 -0.01251797
v 0.01167362 0.01916261 -0.01259371
v 0.01159875 0.01916261 -0.01269317
v 0.01154116 0.01916261 -0.01276800
v 0.01146629 0.01916261 -0.01286381
v 0.01158819 0.01927652 -0.01267857
v 0.01164963 0.01930802 -0.01258641
v 0.01248137 0.01925448 -0.01146950
v 0.01140294 0.01916261 -0.01293864
v 0.01011668 0.01958258 -0.01397707
v 0.01132806 0.01916261 -0.01301255
v 0.01124839 0.01916261 -0.01308738
v 0.01117352 0.01916261 -0.01315764
v 0.01101802 0.01916261 -0.01330273
v 0.01093643 0.01916261 -0.01337755
v 0.01011668 0.01946289 -0.01402087
v 0.01362508 0.01961303 -0.00913804
v 0.01362508 0.01931275 -0.00928770
v 0.01393176 0.01931275 -0.00838705
v 0.01357372 0.01931275 -0.00943826
v 0.01351181 0.01931275 -0.00961894
v 0.01347054 0.01931275 -0.00973665
v 0.01341582 0.01931275 -0.00988721
v 0.01338222 0.01931275 -0.00997573
v 0.01335055 0.01931275 -0.01005146
v 0.01328528 0.01931275 -0.01018743
v 0.01323632 0.01931275 -0.01028050
v 0.01319553 0.01931275 -0.01035533
v 0.01307986 0.01926340 -0.01056886
v 0.01457489 0.01916261 -0.00650546
v 0.01449714 0.01916261 -0.00673724
v 0.01292628 0.01908596 -0.01086268
v 0.01280581 0.01901247 -0.01105614
v 0.01287924 0.01914791 -0.01092291
v 0.01278421 0.01926708 -0.01102420
v 0.01262535 0.01906549 -0.01131164
v 0.01274582 0.01916261 -0.01111910
v 0.01273286 0.01931537 -0.01107986
v 0.01251833 0.01930802 -0.01139376
v 0.01276214 0.01775412 -0.00978501
v 0.01278805 0.01772419 -0.00968464
v 0.01293780 0.01772419 -0.00938625
v 0.01291332 0.01775307 -0.00948571
v 0.01308706 0.01772472 -0.00908512
v 0.01321185 0.01775517 -0.00888254
v 0.01323536 0.01772682 -0.00878217
v 0.01319025 0.01762550 -0.00868727
v 0.01011668 0.01740921 -0.01300708
v 0.01011860 0.01740764 -0.01300343
v 0.01023763 0.01757930 -0.01312388
v 0.01029666 0.01766540 -0.01318410
v 0.01035522 0.01775202 -0.01324433
v 0.01052656 0.01788693 -0.01326440
v 0.01050976 0.01774939 -0.01309833
v 0.01049248 0.01761132 -0.01293043
v 0.01066094 0.01774887 -0.01294776
v 0.01064222 0.01761237 -0.01277804
v 0.01076749 0.01779979 -0.01290579
v 0.01204558 0.01816464 -0.01164014
v 0.01186992 0.01804600 -0.01175329
v 0.01071469 0.01785753 -0.01303810
v 0.01067774 0.01788641 -0.01311475
v 0.01078957 0.01791791 -0.01303810
v 0.01089179 0.01799665 -0.01302806
v 0.01083564 0.01802763 -0.01312296
v 0.01078909 0.01811267 -0.01322608
v 0.01093739 0.01811267 -0.01307278
v 0.01100602 0.01811267 -0.01299795
v 0.01143077 0.01818144 -0.01251889
v 0.01187760 0.01833578 -0.01206446
v 0.01201534 0.01835730 -0.01189747
v 0.01205086 0.01830743 -0.01179709
v 0.01218620 0.01832633 -0.01162645
v 0.01221020 0.01827069 -0.01152516
v 0.01232011 0.01834576 -0.01145308
v 0.01245305 0.01836938 -0.01127605
v 0.01248905 0.01846912 -0.01133445
v 0.01251449 0.01841663 -0.01123042
v 0.01258888 0.01840823 -0.01109537
v 0.01261335 0.01835573 -0.01099135
v 0.01274774 0.01837778 -0.01078695
v 0.01280101 0.01845285 -0.01078695
v 0.01285237 0.01841085 -0.01064003
v 0.01290228 0.01837043 -0.01048764
v 0.01279765 0.01831111 -0.01060262
v 0.01282165 0.01826176 -0.01048126
v 0.01278373 0.01817829 -0.01042651
v 0.01279573 0.01801503 -0.01014819
v 0.01275206 0.01791528 -0.01006789
v 0.01280005 0.01785964 -0.00988721
v 0.01452593 0.01811267 -0.00583659
v 0.01457537 0.01819246 -0.00575538
v 0.01473615 0.01846125 -0.00549714
v 0.01471839 0.01836098 -0.00542596
v 0.01483934 0.01827594 -0.00478538
v 0.01478462 0.01812842 -0.00478538
v 0.01477838 0.01811162 -0.00478538
v 0.01463872 0.01781186 -0.00478538
v 0.01458832 0.01771842 -0.00478538
v 0.01446930 0.01752943 -0.00478538
v 0.01441171 0.01745384 -0.00478538
v 0.01433731 0.01737981 -0.00478630
v 0.01325696 0.01770057 -0.00868727
v 0.01335823 0.01776199 -0.00856864
v 0.01337503 0.01788956 -0.00875935
v 0.01366107 0.01775937 -0.00782403
v 0.01377818 0.01781921 -0.00763697
v 0.01366107 0.01791056 -0.00808775
v 0.01383625 0.01787381 -0.00758678
v 0.01383001 0.01803235 -0.00787148
v 0.01384009 0.01816464 -0.00804851
v 0.01392120 0.01812684 -0.00777385
v 0.01394904 0.01808642 -0.00763697
v 0.01437283 0.01826281 -0.00658667
v 0.01441746 0.01806437 -0.00617787
v 0.01441026 0.01825756 -0.00644615
v 0.01443810 0.01830428 -0.00640235
v 0.01458257 0.01847122 -0.00608206
v 0.01442130 0.01820401 -0.00634121
v 0.01474047 0.01859879 -0.00566139
v 0.01398552 0.01832056 -0.00788791
v 0.01400375 0.01841085 -0.00793810
v 0.01411750 0.01836623 -0.00753203
v 0.01426388 0.01837673 -0.00707121
v 0.01429028 0.01827279 -0.00687594
v 0.01432867 0.01826281 -0.00673724
v 0.01383145 0.01832948 -0.00832500
v 0.01384009 0.01846282 -0.00850203
v 0.01425620 0.01730422 -0.00478538
v 0.01499100 0.01931117 -0.00478538
v 0.01488205 0.01925815 -0.00534110
v 0.01482350 0.01916261 -0.00568694
v 0.01499340 0.01930277 -0.00478538
v 0.01367403 0.01968023 -0.00890444
v 0.01479854 0.01901247 -0.00583659
v 0.01472751 0.01909279 -0.00606381
v 0.01474383 0.01915106 -0.00599172
v 0.01470159 0.01915106 -0.00612312
v 0.01248953 0.01916261 -0.01148045
v 0.01243577 0.01916261 -0.01155528
v 0.01222172 0.01916156 -0.01185093
v 0.01199567 0.01901247 -0.01217122
v 0.01217852 0.01911063 -0.01191572
v 0.01173410 0.01901247 -0.01252345
v 0.01186512 0.01901247 -0.01234733
v 0.01179793 0.01901247 -0.01243767
v 0.01167794 0.01901247 -0.01259827
v 0.01160307 0.01901247 -0.01269774
v 0.01154500 0.01901247 -0.01277347
v 0.01147013 0.01901247 -0.01286746
v 0.01140725 0.01901247 -0.01294229
v 0.01267095 0.01916261 -0.01122495
v 0.01255576 0.01916261 -0.01138738
v 0.01133238 0.01901247 -0.01301803
v 0.01125463 0.01901247 -0.01309285
v 0.01117976 0.01901247 -0.01316403
v 0.01110057 0.01901247 -0.01323885
v 0.01102522 0.01901247 -0.01331003
v 0.01094507 0.01901247 -0.01338485
v 0.01087020 0.01901247 -0.01345238
v 0.01078477 0.01901247 -0.01352721
v 0.01077469 0.01916261 -0.01351899
v 0.01011668 0.01931275 -0.01406376
v 0.01052944 0.01924660 -0.01371610
v 0.01424181 0.01916261 -0.00748732
v 0.01399415 0.01916261 -0.00821367
v 0.01434403 0.01916261 -0.00718710
v 0.01366443 0.01916261 -0.00917728
v 0.01381658 0.01916261 -0.00873289
v 0.01362652 0.01916261 -0.00928770
v 0.01357324 0.01916261 -0.00943826
v 0.01350941 0.01916261 -0.00961529
v 0.01337935 0.01919726 -0.00996934
v 0.01346478 0.01916261 -0.00973665
v 0.01327808 0.01916261 -0.01018743
v 0.01335199 0.01915316 -0.01002683
v 0.01323296 0.01916261 -0.01027503
v 0.01307746 0.01907336 -0.01056521
v 0.01295459 0.01902664 -0.01079698
v 0.01292196 0.01898622 -0.01085356
v 0.01288740 0.01902664 -0.01092291
v 0.01279765 0.01886233 -0.01104610
v 0.01274918 0.01886233 -0.01112184
v 0.01262727 0.01892847 -0.01131437
v 0.01275446 0.01901247 -0.01113096
v 0.01262727 0.01896574 -0.01131437
v 0.01244153 0.01901247 -0.01156531
v 0.01224092 0.01901247 -0.01183815
v 0.01284661 0.01781816 -0.00972752
v 0.01293060 0.01788273 -0.00967095
v 0.01288788 0.01778299 -0.00958700
v 0.01299635 0.01781816 -0.00942822
v 0.01307986 0.01788378 -0.00936982
v 0.01322864 0.01788483 -0.00906778
v 0.01324736 0.01786121 -0.00898748
v 0.01327664 0.01780819 -0.00883418
v 0.01011668 0.01745856 -0.01307278
v 0.01011668 0.01756618 -0.01321604
v 0.01018244 0.01761710 -0.01322425
v 0.01037153 0.01789061 -0.01340949
v 0.01045073 0.01791948 -0.01337390
v 0.01053664 0.01802710 -0.01342318
v 0.01062687 0.01792736 -0.01321513
v 0.01058655 0.01786331 -0.01317407
v 0.01056111 0.01771159 -0.01299795
v 0.01068638 0.01802710 -0.01327353
v 0.01071421 0.01811267 -0.01330090
v 0.01081644 0.01820401 -0.01325345
v 0.01096475 0.01820926 -0.01310106
v 0.01099066 0.01830901 -0.01312935
v 0.01113369 0.01832266 -0.01297240
v 0.01110873 0.01822291 -0.01294138
v 0.01145189 0.01826281 -0.01254443
v 0.01232491 0.01849275 -0.01161003
v 0.01235946 0.01844550 -0.01150965
v 0.01240602 0.01840718 -0.01139376
v 0.01264407 0.01860194 -0.01118936
v 0.01261863 0.01850167 -0.01115012
v 0.01277798 0.01848487 -0.01086542
v 0.01245929 0.01853790 -0.01143483
v 0.01293300 0.01847700 -0.01057616
v 0.01292292 0.01834261 -0.01040552
v 0.01288884 0.01826071 -0.01034803
v 0.01290948 0.01820926 -0.01022940
v 0.01292148 0.01804390 -0.00995291
v 0.01288260 0.01796253 -0.00989634
v 0.01281685 0.01796410 -0.01002500
v 0.01290516 0.01791266 -0.00977041
v 0.01472319 0.01849905 -0.00559751
v 0.01475679 0.01855469 -0.00554276
v 0.01479854 0.01856309 -0.00538673
v 0.01474767 0.01841190 -0.00538034
v 0.01484941 0.01830481 -0.00478538
v 0.01433731 0.01737981 -0.00478538
v 0.01351565 0.01790321 -0.00843633
v 0.01353581 0.01787433 -0.00833595
v 0.01332847 0.01796673 -0.00899113
v 0.01336831 0.01805020 -0.00904314
v 0.01338894 0.01801975 -0.00894368
v 0.01368987 0.01801765 -0.00819542
v 0.01379594 0.01793261 -0.00778753
v 0.01352909 0.01803340 -0.00861974
v 0.01366971 0.01804862 -0.00829489
v 0.01370955 0.01826281 -0.00852940
v 0.01380314 0.01822606 -0.00823740
v 0.01442418 0.01834628 -0.00650272
v 0.01472655 0.01863816 -0.00576085
v 0.01481150 0.01871323 -0.00553638
v 0.01476206 0.01869801 -0.00570154
v 0.01396776 0.01835941 -0.00798828
v 0.01398695 0.01845967 -0.00804577
v 0.01405271 0.01841295 -0.00778753
v 0.01410118 0.01841505 -0.00763606
v 0.01428020 0.01847700 -0.00712323
v 0.01429172 0.01842135 -0.00702741
v 0.01413382 0.01846650 -0.00758496
v 0.01379450 0.01841295 -0.00854674
v 0.01372874 0.01840245 -0.00869548
v 0.01369803 0.01845180 -0.00883783
v 0.01382281 0.01850587 -0.00860240
v 0.01500060 0.01925710 -0.00478538
v 0.01501548 0.01916261 -0.00478538
v 0.01483070 0.01901247 -0.00568694
v 0.01472751 0.01893582 -0.00606289
v 0.01475391 0.01901247 -0.00598624
v 0.01501116 0.01885602 -0.00478538
v 0.01484702 0.01886233 -0.00553638
v 0.01481246 0.01886233 -0.00568694
v 0.01470207 0.01901247 -0.00613863
v 0.01465168 0.01901247 -0.00628646
v 0.01236714 0.01886233 -0.01166843
v 0.01231195 0.01886233 -0.01174325
v 0.01224188 0.01886233 -0.01183815
v 0.01173218 0.01891167 -0.01252071
v 0.01218140 0.01886233 -0.01191937
v 0.01159155 0.01886233 -0.01268222
v 0.01152916 0.01886233 -0.01275705
v 0.01131175 0.01886233 -0.01299886
v 0.01123783 0.01886233 -0.01307460
v 0.01145429 0.01886233 -0.01284556
v 0.01138662 0.01886233 -0.01292039
v 0.01116296 0.01886233 -0.01314852
v 0.01101082 0.01886233 -0.01329634
v 0.01093163 0.01886233 -0.01337117
v 0.01085676 0.01886233 -0.01344143
v 0.01077565 0.01886233 -0.01351717
v 0.01061823 0.01886233 -0.01366134
v 0.01054335 0.01886233 -0.01372887
v 0.01011668 0.01886233 -0.01410665
v 0.01070942 0.01901247 -0.01359291
v 0.01069982 0.01916261 -0.01358378
v 0.01011668 0.01916261 -0.01408657
v 0.01444962 0.01901247 -0.00687868
v 0.01384153 0.01901247 -0.00865624
v 0.01427204 0.01901247 -0.00739789
v 0.01368843 0.01901247 -0.00909698
v 0.01377914 0.01901247 -0.00883783
v 0.01384009 0.01886233 -0.00865077
v 0.01366155 0.01901247 -0.00917181
v 0.01361980 0.01901247 -0.00928770
v 0.01340238 0.01915316 -0.00990090
v 0.01337551 0.01909699 -0.00996021
v 0.01380938 0.01871323 -0.00871738
v 0.01356412 0.01901247 -0.00943826
v 0.01333135 0.01901247 -0.01003686
v 0.01325648 0.01901562 -0.01019747
v 0.01322864 0.01906759 -0.01026682
v 0.01307314 0.01897362 -0.01055608
v 0.01291524 0.01886233 -0.01083987
v 0.01286148 0.01886233 -0.01093751
v 0.01278709 0.01874578 -0.01102967
v 0.01266135 0.01871323 -0.01121400
v 0.01262103 0.01882820 -0.01130525
v 0.01249577 0.01886233 -0.01148958
v 0.01244201 0.01886233 -0.01156440
v 0.01296755 0.01796253 -0.00972752
v 0.01305538 0.01791318 -0.00946928
v 0.01324496 0.01801450 -0.00925120
v 0.01326368 0.01796358 -0.00912527
v 0.01318161 0.01796358 -0.00929591
v 0.01011668 0.01763495 -0.01330455
v 0.01011668 0.01766067 -0.01333740
v 0.01019779 0.01775674 -0.01338942
v 0.01011668 0.01781134 -0.01352629
v 0.01011668 0.01785753 -0.01358378
v 0.01021219 0.01789848 -0.01355184
v 0.01011668 0.01795308 -0.01368690
v 0.01011668 0.01799560 -0.01373070
v 0.01011668 0.01802658 -0.01375716
v 0.01011668 0.01809167 -0.01381191
v 0.01011668 0.01813997 -0.01384476
v 0.01011668 0.01823131 -0.01390042
v 0.01056399 0.01811267 -0.01344873
v 0.01063886 0.01811267 -0.01337573
v 0.01066574 0.01820611 -0.01340310
v 0.01084476 0.01830376 -0.01328174
v 0.01101274 0.01841295 -0.01315125
v 0.01108761 0.01841295 -0.01307004
v 0.01115432 0.01841295 -0.01299521
v 0.01117352 0.01826859 -0.01289028
v 0.01140005 0.01856309 -0.01278077
v 0.01129735 0.01844183 -0.01283917
v 0.01172018 0.01850167 -0.01235555
v 0.01216365 0.01868016 -0.01189655
v 0.01228603 0.01855102 -0.01168485
v 0.01234123 0.01859302 -0.01163193
v 0.01247657 0.01863764 -0.01146311
v 0.01146149 0.01856309 -0.01270595
v 0.01174226 0.01860142 -0.01238292
v 0.01188288 0.01862294 -0.01222050
v 0.01202350 0.01864656 -0.01205898
v 0.01277366 0.01864656 -0.01100868
v 0.01267863 0.01855627 -0.01109537
v 0.01275302 0.01856309 -0.01097401
v 0.01279669 0.01856309 -0.01089918
v 0.01285765 0.01856309 -0.01078695
v 0.01291188 0.01856309 -0.01068474
v 0.01292628 0.01863816 -0.01071212
v 0.01294836 0.01856309 -0.01060992
v 0.01307890 0.01848330 -0.01026773
v 0.01307122 0.01834576 -0.01010165
v 0.01323200 0.01817934 -0.00952404
v 0.01308418 0.01817724 -0.00982790
v 0.01294740 0.01830953 -0.01030605
v 0.01307122 0.01804442 -0.00965179
v 0.01485085 0.01872216 -0.00538034
v 0.01488973 0.01842450 -0.00478538
v 0.01486909 0.01836203 -0.00478538
v 0.01354589 0.01800873 -0.00853761
v 0.01322048 0.01804547 -0.00935066
v 0.01334671 0.01808380 -0.00913804
v 0.01337743 0.01818617 -0.00921470
v 0.01339422 0.01815887 -0.00913804
v 0.01352045 0.01819771 -0.00889714
v 0.01348973 0.01811424 -0.00884330
v 0.01354061 0.01816569 -0.00879768
v 0.01367163 0.01834576 -0.00875114
v 0.01437523 0.01841295 -0.00673724
v 0.01442466 0.01849590 -0.00665420
v 0.01474047 0.01890065 -0.00598624
v 0.01476446 0.01884868 -0.00585028
v 0.01488013 0.01877728 -0.00532650
v 0.01397160 0.01851270 -0.00814615
v 0.01365387 0.01837673 -0.00883783
v 0.01352909 0.01833368 -0.00906869
v 0.01355260 0.01841768 -0.00912618
v 0.01367979 0.01848225 -0.00891996
v 0.01383241 0.01860562 -0.00862887
v 0.01385161 0.01855837 -0.00854674
v 0.01390440 0.01856309 -0.00838705
v 0.01366107 0.01856309 -0.00902672
v 0.01369227 0.01856309 -0.00895189
v 0.01367451 0.01867071 -0.00905774
v 0.01501932 0.01901247 -0.00478538
v 0.01501836 0.01897887 -0.00478538
v 0.01395432 0.01856257 -0.00823192
v 0.01398168 0.01861244 -0.00817809
v 0.01387273 0.01871323 -0.00853761
v 0.01383721 0.01871323 -0.00864164
v 0.01387897 0.01886233 -0.00853761
v 0.01498908 0.01875366 -0.00478538
v 0.01217852 0.01877938 -0.01191572
v 0.01172018 0.01881193 -0.01250611
v 0.01157907 0.01877938 -0.01266671
v 0.01127623 0.01863816 -0.01296328
v 0.01097770 0.01863239 -0.01326532
v 0.01099018 0.01871323 -0.01327718
v 0.01142021 0.01865706 -0.01280541
v 0.01082700 0.01863501 -0.01341405
v 0.01083756 0.01871323 -0.01342409
v 0.01068686 0.01875103 -0.01357283
v 0.01053232 0.01876731 -0.01371883
v 0.01037729 0.01878253 -0.01386483
v 0.01011668 0.01874946 -0.01408749
v 0.01011668 0.01891640 -0.01410482
v 0.01062254 0.01901247 -0.01366773
v 0.01011668 0.01905761 -0.01409661
v 0.01337023 0.01901247 -0.00994744
v 0.01335631 0.01886233 -0.00991550
v 0.01330207 0.01886233 -0.01003686
v 0.01324736 0.01886233 -0.01015732
v 0.01322288 0.01896732 -0.01025495
v 0.01319361 0.01901562 -0.01032522
v 0.01282165 0.01870326 -0.01095028
v 0.01301555 0.01886233 -0.01063729
v 0.01293972 0.01873791 -0.01074041
v 0.01290516 0.01869801 -0.01078968
v 0.01274294 0.01870326 -0.01108260
v 0.01261047 0.01871323 -0.01128974
v 0.01254472 0.01871323 -0.01138738
v 0.01248521 0.01871323 -0.01147498
v 0.01243241 0.01871323 -0.01154980
v 0.01235754 0.01871323 -0.01165474
v 0.01011668 0.01769900 -0.01338577
v 0.01011668 0.01775149 -0.01345147
v 0.01011668 0.01779454 -0.01350531
v 0.01011668 0.01787066 -0.01359838
v 0.01011668 0.01793261 -0.01366499
v 0.01011668 0.01826281 -0.01391776
v 0.01051072 0.01821451 -0.01355002
v 0.01060191 0.01826019 -0.01348979
v 0.01069262 0.01830638 -0.01342865
v 0.01078909 0.01841295 -0.01337847
v 0.01086636 0.01841295 -0.01330364
v 0.01094171 0.01841295 -0.01322608
v 0.01126087 0.01856309 -0.01294503
v 0.01221788 0.01872321 -0.01184363
v 0.01204030 0.01874631 -0.01208088
v 0.01230139 0.01871323 -0.01172957
v 0.01156084 0.01868016 -0.01264481
v 0.01170338 0.01871323 -0.01248512
v 0.01183968 0.01871323 -0.01231722
v 0.01190016 0.01871323 -0.01224240
v 0.01297091 0.01869801 -0.01065189
v 0.01308706 0.01874946 -0.01043563
v 0.01323440 0.01876048 -0.01012903
v 0.01321904 0.01866126 -0.01009709
v 0.01300499 0.01856309 -0.01048764
v 0.01320033 0.01840665 -0.00989999
v 0.01309282 0.01856309 -0.01029784
v 0.01324208 0.01859302 -0.00999671
v 0.01322432 0.01849275 -0.00995839
v 0.01339182 0.01846072 -0.00954776
v 0.01334239 0.01841138 -0.00959339
v 0.01325984 0.01826439 -0.00957970
v 0.01493340 0.01856309 -0.00478630
v 0.01493293 0.01856152 -0.00478538
v 0.01335487 0.01822344 -0.00931507
v 0.01338510 0.01832318 -0.00938260
v 0.01497996 0.01871166 -0.00478538
v 0.01348253 0.01841768 -0.00928587
v 0.01353581 0.01847122 -0.00923477
v 0.01337023 0.01850535 -0.00964814
v 0.01351421 0.01852267 -0.00933515
v 0.01353149 0.01862294 -0.00937438
v 0.01338750 0.01886233 -0.00983976
v 0.01111065 0.01853527 -0.01309650
v 0.01104442 0.01858409 -0.01318137
v 0.01096139 0.01853212 -0.01324798
v 0.01089419 0.01858357 -0.01333193
v 0.01081020 0.01853527 -0.01339854
v 0.01075645 0.01857622 -0.01346059
v 0.01058223 0.01856309 -0.01361481
v 0.01020835 0.01871323 -0.01399806
v 0.01013300 0.01871323 -0.01406559
v 0.01011668 0.01871323 -0.01408019
v 0.01011668 0.01901247 -0.01410026
v 0.01337886 0.01877885 -0.00981695
v 0.01321232 0.01886233 -0.01023214
v 0.01316193 0.01886233 -0.01033708
v 0.01306450 0.01886233 -0.01053692
v 0.01011668 0.01827856 -0.01392506
v 0.01022467 0.01834051 -0.01386210
v 0.01038161 0.01832686 -0.01371883
v 0.01053855 0.01831478 -0.01357466
v 0.01071421 0.01841295 -0.01344873
v 0.01333711 0.01872268 -0.00987535
v 0.01336495 0.01867964 -0.00978592
v 0.01325888 0.01871218 -0.01004325
v 0.01338702 0.01860562 -0.00968646
v 0.01341342 0.01841138 -0.00943461
v 0.01055727 0.01841295 -0.01359199
v 0.01049968 0.01856309 -0.01368963
v 0.01011668 0.01861926 -0.01405007
v 0.01047328 0.01841295 -0.01366682
v 0.01039841 0.01841295 -0.01373343
v 0.01011668 0.01838093 -0.01397160
v 0.01029618 0.01839930 -0.01381921
v 0.01011668 0.01856309 -0.01403182
v 0.01011668 0.01843290 -0.01398893
f 1 2 3
f 1 3 4
f 1 4 5
f 1 5 6
f 1 6 7
f 1 7 8
f 1 8 9
f 1 9 10
f 1 10 2
f 2 4 3
f 2 10 4
f 4 11 5
f 4 10 12
f 4 12 13
f 4 13 14
f 4 14 15
f 4 15 16
f 4 16 17
f 4 17 11
f 5 11 18
f 5 18 6
f 6 18 19
f 6 19 20
f 6 20 7
f 7 20 21
f 7 21 22
f 7 22 23
f 7 23 24
f 7 24 8
f 8 25 26
f 8 26 27
f 8 27 28
f 8 28 29
f 8 29 30
f 8 30 9
f 8 24 25
f 9 30 10
f 10 30 31
f 10 31 12
f 11 17 32
f 11 32 18
f 12 31 33
f 12 33 34
f 12 34 13
f 13 35 36
f 13 36 68
f 13 68 110
f 13 110 169
f 13 169 233
f 13 233 232
f 13 232 290
f 13 290 348
f 13 348 413
f 13 413 482
f 13 482 488
f 13 488 487
f 13 487 486
f 13 486 485
f 13 485 484
f 13 484 580
f 13 580 689
f 13 689 813
f 13 813 960
f 13 960 961
f 13 961 1115
f 13 1115 1270
f 13 1270 1114
f 13 1114 1276
f 13 1276 1423
f 13 1423 1552
f 13 1552 1677
f 13 1677 1747
f 13 1747 1675
f 13 1675 1549
f 13 1549 1674
f 13 1674 1746
f 13 1746 1764
f 13 1764 1769
f 13 1769 1770
f 13 1770 1767
f 13 1767 1752
f 13 1752 1699
f 13 1699 1592
f 13 1592 1591
f 13 1591 1590
f 13 1590 1589
f 13 1589 1588
f 13 1588 1587
f 13 1587 1698
f 13 1698 1697
f 13 1697 1585
f 13 1585 1584
f 13 1584 1696
f 13 1696 1695
f 13 1695 1694
f 13 1694 1582
f 13 1582 1581
f 13 1581 1458
f 13 1458 1457
f 13 1457 1308
f 13 1308 1157
f 13 1157 1153
f 13 1153 994
f 13 994 993
f 13 993 992
f 13 992 847
f 13 847 790
f 13 790 927
f 13 927 788
f 13 788 664
f 13 664 553
f 13 553 462
f 13 462 396
f 13 396 337
f 13 337 287
f 13 287 224
f 13 224 151
f 13 151 96
f 13 96 63
f 13 63 32
f 13 32 17
f 13 17 16
f 13 16 15
f 13 15 14
f 13 34 37
f 13 37 38
f 13 38 35
f 18 39 19
f 18 32 40
f 18 40 39
f 19 39 20
f 20 41 42
f 20 42 43
f 20 43 44
f 20 44 45
f 20 45 21
f 20 39 46
f 20 46 47
f 20 47 48
f 20 48 41
f 21 45 49
f 21 49 22
f 22 49 23
f 23 49 24
f 24 50 51
f 24 51 52
f 24 52 53
f 24 53 26
f 24 26 25
f 24 49 50
f 26 53 54
f 26 54 55
f 26 55 56
f 26 56 57
f 26 57 27
f 27 57 58
f 27 58 59
f 27 59 28
f 28 30 29
f 28 59 60
f 28 60 30
f 30 61 31
f 30 60 62
f 30 62 61
f 31 61 33
f 32 63 64
f 32 64 48
f 32 48 47
f 32 47 65
f 32 65 40
f 33 61 66
f 33 66 34
f 34 66 38
f 34 38 37
f 35 67 68
f 35 68 36
f 35 38 67
f 38 66 69
f 38 69 67
f 39 40 65
f 39 65 47
f 39 47 46
f 41 48 70
f 41 70 42
f 42 71 72
f 42 72 43
f 42 70 73
f 42 73 71
f 43 74 75
f 43 75 76
f 43 76 45
f 43 45 44
f 43 72 77
f 43 77 78
f 43 78 74
f 45 76 79
f 45 79 80
f 45 80 49
f 48 64 73
f 48 73 70
f 49 80 50
f 50 81 82
f 50 82 83
f 50 83 51
f 50 80 81
f 51 83 52
f 52 83 84
f 52 84 85
f 52 85 54
f 52 54 53
f 54 85 86
f 54 86 55
f 55 86 87
f 55 87 56
f 56 87 88
f 56 88 89
f 56 89 90
f 56 90 91
f 56 91 58
f 56 58 57
f 58 91 59
f 59 91 62
f 59 62 60
f 61 92 66
f 61 62 93
f 61 93 94
f 61 94 95
f 61 95 92
f 62 91 93
f 63 96 97
f 63 97 98
f 63 98 64
f 64 99 100
f 64 100 73
f 64 98 99
f 66 92 101
f 66 101 102
f 66 102 103
f 66 103 104
f 66 104 105
f 66 105 106
f 66 106 107
f 66 107 69
f 67 108 109
f 67 109 68
f 67 69 108
f 68 109 110
f 69 107 106
f 69 106 111
f 69 111 108
f 71 112 113
f 71 113 114
f 71 114 77
f 71 77 72
f 71 73 112
f 73 100 115
f 73 115 116
f 73 116 117
f 73 117 118
f 73 118 112
f 74 119 75
f 74 78 119
f 75 119 120
f 75 120 121
f 75 121 76
f 76 121 122
f 76 122 123
f 76 123 124
f 76 124 125
f 76 125 79
f 77 126 127
f 77 127 128
f 77 128 78
f 77 114 129
f 77 129 126
f 78 128 119
f 79 125 130
f 79 130 80
f 80 130 81
f 81 130 125
f 81 125 82
f 82 131 132
f 82 132 83
f 82 125 133
f 82 133 134
f 82 134 131
f 83 132 84
f 84 135 136
f 84 136 85
f 84 132 135
f 85 136 137
f 85 137 86
f 86 137 138
f 86 138 87
f 87 138 139
f 87 139 140
f 87 140 141
f 87 141 142
f 87 142 88
f 88 143 144
f 88 144 145
f 88 145 90
f 88 90 89
f 88 142 146
f 88 146 147
f 88 147 148
f 88 148 143
f 90 149 94
f 90 94 93
f 90 93 91
f 90 145 149
f 92 95 101
f 94 149 150
f 94 150 102
f 94 102 101
f 94 101 95
f 96 151 97
f 97 151 152
f 97 152 153
f 97 153 98
f 98 153 154
f 98 154 155
f 98 155 99
f 99 155 100
f 100 155 115
f 102 156 103
f 102 150 157
f 102 157 158
f 102 158 159
f 102 159 156
f 103 156 159
f 103 159 160
f 103 160 161
f 103 161 162
f 103 162 104
f 104 162 229
f 104 229 163
f 104 163 106
f 104 106 105
f 106 164 165
f 106 165 111
f 106 163 164
f 108 166 167
f 108 167 168
f 108 168 110
f 108 110 109
f 108 111 166
f 110 168 169
f 111 165 170
f 111 170 171
f 111 171 166
f 112 172 113
f 112 118 173
f 112 173 174
f 112 174 175
f 112 175 176
f 112 176 172
f 113 129 114
f 113 172 176
f 113 176 177
f 113 177 178
f 113 178 129
f 115 179 116
f 115 155 179
f 116 179 117
f 117 180 181
f 117 181 182
f 117 182 183
f 117 183 118
f 117 179 184
f 117 184 185
f 117 185 186
f 117 186 187
f 117 187 180
f 118 183 188
f 118 188 173
f 119 128 189
f 119 189 120
f 120 189 190
f 120 190 191
f 120 191 192
f 120 192 121
f 121 192 122
f 122 192 191
f 122 191 193
f 122 193 123
f 123 193 194
f 123 194 195
f 123 195 124
f 124 195 196
f 124 196 125
f 125 196 133
f 126 197 127
f 126 129 198
f 126 198 197
f 127 197 199
f 127 199 200
f 127 200 128
f 128 200 201
f 128 201 202
f 128 202 189
f 129 178 203
f 129 203 204
f 129 204 198
f 131 205 132
f 131 134 206
f 131 206 207
f 131 207 208
f 131 208 205
f 132 205 135
f 133 196 134
f 134 196 209
f 134 209 210
f 134 210 207
f 134 207 206
f 135 211 212
f 135 212 136
f 135 205 211
f 136 213 137
f 136 212 213
f 137 213 139
f 137 139 138
f 139 214 215
f 139 215 283
f 139 283 332
f 139 332 394
f 139 394 459
f 139 459 548
f 139 548 660
f 139 660 787
f 139 787 926
f 139 926 1073
f 139 1073 1233
f 139 1233 1389
f 139 1389 1494
f 139 1494 1361
f 139 1361 1360
f 139 1360 1209
f 139 1209 1359
f 139 1359 1358
f 139 1358 1205
f 139 1205 1204
f 139 1204 1357
f 139 1357 1356
f 139 1356 1355
f 139 1355 1493
f 139 1493 1628
f 139 1628 1627
f 139 1627 1727
f 139 1727 1730
f 139 1730 1661
f 139 1661 1526
f 139 1526 1655
f 139 1655 1654
f 139 1654 1522
f 139 1522 1521
f 139 1521 1393
f 139 1393 1390
f 139 1390 1234
f 139 1234 1074
f 139 1074 928
f 139 928 791
f 139 791 668
f 139 668 667
f 139 667 561
f 139 561 559
f 139 559 467
f 139 467 400
f 139 400 341
f 139 341 289
f 139 289 285
f 139 285 284
f 139 284 220
f 139 220 218
f 139 218 146
f 139 146 142
f 139 142 141
f 139 141 140
f 139 213 214
f 143 216 144
f 143 148 216
f 144 216 158
f 144 158 217
f 144 217 145
f 145 217 149
f 146 218 219
f 146 219 147
f 147 219 148
f 148 219 218
f 148 218 220
f 148 220 221
f 148 221 222
f 148 222 223
f 148 223 160
f 148 160 216
f 149 217 150
f 150 217 158
f 150 158 157
f 151 224 152
f 152 225 226
f 152 226 185
f 152 185 154
f 152 154 153
f 152 224 225
f 154 185 155
f 155 185 184
f 155 184 179
f 158 160 159
f 158 216 160
f 160 227 228
f 160 228 161
f 160 223 227
f 161 228 229
f 161 229 162
f 163 230 164
f 163 229 231
f 163 231 232
f 163 232 230
f 164 230 165
f 165 230 170
f 166 171 232
f 166 232 167
f 167 233 169
f 167 169 168
f 167 232 233
f 170 230 232
f 170 232 171
f 173 188 174
f 174 188 234
f 174 234 175
f 175 234 235
f 175 235 176
f 176 235 177
f 177 235 236
f 177 236 237
f 177 237 178
f 178 237 203
f 180 187 238
f 180 238 181
f 181 239 240
f 181 240 241
f 181 241 182
f 181 238 239
f 182 241 242
f 182 242 243
f 182 243 183
f 183 243 244
f 183 244 245
f 183 245 234
f 183 234 188
f 185 226 246
f 185 246 186
f 186 246 187
f 187 247 238
f 187 246 248
f 187 248 249
f 187 249 247
f 189 202 250
f 189 250 190
f 190 250 191
f 191 250 251
f 191 251 252
f 191 252 193
f 193 252 194
f 194 252 253
f 194 253 254
f 194 254 207
f 194 207 210
f 194 210 209
f 194 209 196
f 194 196 195
f 197 255 256
f 197 256 199
f 197 198 257
f 197 257 255
f 198 258 257
f 198 204 259
f 198 259 258
f 199 256 260
f 199 260 261
f 199 261 200
f 200 261 201
f 201 261 202
f 202 262 263
f 202 263 264
f 202 264 250
f 202 261 265
f 202 265 266
f 202 266 262
f 203 237 267
f 203 267 268
f 203 268 204
f 204 269 258
f 204 258 259
f 204 268 269
f 205 208 253
f 205 253 270
f 205 270 271
f 205 271 211
f 207 254 253
f 207 253 208
f 211 271 272
f 211 272 273
f 211 273 212
f 212 273 274
f 212 274 275
f 212 275 276
f 212 276 277
f 212 277 213
f 213 277 278
f 213 278 279
f 213 279 214
f 214 280 283
f 214 283 215
f 214 279 281
f 214 281 282
f 214 282 280
f 220 284 222
f 220 222 221
f 222 284 223
f 223 284 285
f 223 285 286
f 223 286 227
f 224 287 225
f 225 288 226
f 225 287 288
f 226 288 246
f 227 286 285
f 227 285 289
f 227 289 228
f 228 289 229
f 229 289 231
f 231 289 341
f 231 341 401
f 231 401 469
f 231 469 560
f 231 560 669
f 231 669 792
f 231 792 930
f 231 930 938
f 231 938 1088
f 231 1088 1244
f 231 1244 1116
f 231 1116 967
f 231 967 966
f 231 966 1119
f 231 1119 978
f 231 978 827
f 231 827 962
f 231 962 815
f 231 815 690
f 231 690 582
f 231 582 490
f 231 490 415
f 231 415 349
f 231 349 290
f 231 290 232
f 234 245 291
f 234 291 292
f 234 292 235
f 235 292 236
f 236 293 294
f 236 294 267
f 236 267 237
f 236 292 295
f 236 295 296
f 236 296 293
f 238 247 297
f 238 297 298
f 238 298 239
f 239 298 240
f 240 298 299
f 240 299 300
f 240 300 241
f 241 300 301
f 241 301 242
f 242 301 302
f 242 302 245
f 242 245 244
f 242 244 243
f 245 303 291
f 245 302 303
f 246 288 304
f 246 304 248
f 247 249 305
f 247 305 297
f 248 304 306
f 248 306 249
f 249 306 307
f 249 307 305
f 250 264 253
f 250 253 252
f 250 252 251
f 253 308 309
f 253 309 310
f 253 310 270
f 253 264 308
f 255 260 256
f 255 257 258
f 255 258 260
f 258 269 311
f 258 311 312
f 258 312 260
f 260 312 313
f 260 313 314
f 260 314 261
f 261 266 265
f 261 314 266
f 262 315 263
f 262 266 315
f 263 315 316
f 263 316 317
f 263 317 318
f 263 318 264
f 264 318 308
f 266 314 319
f 266 319 320
f 266 320 315
f 267 294 321
f 267 321 322
f 267 322 268
f 268 322 269
f 269 323 311
f 269 322 323
f 270 272 271
f 270 310 324
f 270 324 272
f 272 324 273
f 273 324 325
f 273 325 274
f 274 325 326
f 274 326 327
f 274 327 328
f 274 328 275
f 275 328 276
f 276 329 331
f 276 331 278
f 276 278 277
f 276 328 327
f 276 327 330
f 276 330 329
f 278 331 281
f 278 281 279
f 280 332 283
f 280 282 333
f 280 333 334
f 280 334 335
f 280 335 332
f 281 331 282
f 282 331 336
f 282 336 333
f 287 337 338
f 287 338 288
f 288 338 397
f 288 397 339
f 288 339 340
f 288 340 304
f 290 342 343
f 290 343 344
f 290 344 345
f 290 345 346
f 290 346 347
f 290 347 348
f 290 349 342
f 291 350 295
f 291 295 292
f 291 303 302
f 291 302 351
f 291 351 350
f 293 296 294
f 294 296 352
f 294 352 353
f 294 353 354
f 294 354 355
f 294 355 321
f 295 350 351
f 295 351 296
f 296 351 356
f 296 356 357
f 296 357 353
f 296 353 352
f 297 305 358
f 297 358 307
f 297 307 359
f 297 359 360
f 297 360 361
f 297 361 362
f 297 362 298
f 298 362 300
f 298 300 299
f 300 363 364
f 300 364 301
f 300 362 363
f 301 364 365
f 301 365 302
f 302 365 351
f 304 340 366
f 304 366 307
f 304 307 306
f 305 307 358
f 307 366 367
f 307 367 368
f 307 368 369
f 307 369 370
f 307 370 359
f 308 371 309
f 308 318 371
f 309 372 373
f 309 373 324
f 309 324 310
f 309 371 372
f 311 323 374
f 311 374 312
f 312 374 313
f 313 374 375
f 313 375 319
f 313 319 314
f 315 376 316
f 315 320 376
f 316 376 377
f 316 377 317
f 317 378 379
f 317 379 318
f 317 377 378
f 318 379 371
f 319 375 320
f 320 375 380
f 320 380 381
f 320 381 382
f 320 382 376
f 321 355 383
f 321 383 384
f 321 384 385
f 321 385 323
f 321 323 322
f 323 386 374
f 323 385 386
f 324 373 325
f 325 373 326
f 326 387 327
f 326 373 387
f 327 387 330
f 329 330 331
f 330 387 388
f 330 388 389
f 330 389 390
f 330 390 391
f 330 391 335
f 330 335 392
f 330 392 331
f 331 392 336
f 332 393 394
f 332 335 393
f 333 336 334
f 334 336 335
f 335 336 392
f 335 391 395
f 335 395 393
f 337 396 397
f 337 397 338
f 339 397 398
f 339 398 399
f 339 399 340
f 340 367 366
f 340 399 367
f 341 400 401
f 342 402 403
f 342 403 343
f 342 349 402
f 343 403 404
f 343 404 405
f 343 405 344
f 344 405 406
f 344 406 407
f 344 407 345
f 345 407 408
f 345 408 409
f 345 409 410
f 345 410 347
f 345 347 346
f 347 411 412
f 347 412 348
f 347 410 411
f 348 412 414
f 348 414 413
f 349 415 416
f 349 416 402
f 351 365 356
f 353 417 418
f 353 418 456
f 353 456 419
f 353 419 421
f 353 421 354
f 353 357 420
f 353 420 417
f 354 421 355
f 355 421 383
f 356 365 364
f 356 364 422
f 356 422 357
f 357 422 423
f 357 423 420
f 359 370 360
f 360 370 424
f 360 424 425
f 360 425 361
f 361 425 424
f 361 424 426
f 361 426 427
f 361 427 362
f 362 427 422
f 362 422 363
f 363 422 364
f 367 399 368
f 368 399 369
f 369 399 370
f 370 428 429
f 370 429 430
f 370 430 424
f 370 399 431
f 370 431 432
f 370 432 433
f 370 433 434
f 370 434 428
f 371 379 435
f 371 435 436
f 371 436 437
f 371 437 438
f 371 438 372
f 372 438 439
f 372 439 440
f 372 440 388
f 372 388 387
f 372 387 373
f 374 386 375
f 375 386 441
f 375 441 380
f 376 442 377
f 376 382 443
f 376 443 442
f 377 442 444
f 377 444 378
f 378 444 445
f 378 445 446
f 378 446 447
f 378 447 448
f 378 448 379
f 379 449 436
f 379 436 435
f 379 448 449
f 380 441 382
f 380 382 381
f 382 441 450
f 382 450 451
f 382 451 443
f 383 421 384
f 384 452 453
f 384 453 454
f 384 454 455
f 384 455 441
f 384 441 385
f 384 421 456
f 384 456 452
f 385 441 386
f 388 440 457
f 388 457 458
f 388 458 389
f 389 458 395
f 389 395 390
f 390 395 391
f 393 459 394
f 393 395 460
f 393 460 459
f 395 458 461
f 395 461 460
f 396 462 463
f 396 463 464
f 396 464 397
f 397 464 398
f 398 464 399
f 399 464 465
f 399 465 466
f 399 466 431
f 400 467 468
f 400 468 401
f 401 468 469
f 402 416 403
f 403 416 470
f 403 470 471
f 403 471 404
f 404 471 472
f 404 472 473
f 404 473 474
f 404 474 405
f 405 474 406
f 406 474 407
f 407 475 476
f 407 476 408
f 407 474 473
f 407 473 477
f 407 477 569
f 407 569 475
f 408 478 409
f 408 476 479
f 408 479 478
f 409 478 411
f 409 411 410
f 411 480 481
f 411 481 412
f 411 478 480
f 412 481 414
f 413 414 482
f 414 483 484
f 414 484 485
f 414 485 486
f 414 486 487
f 414 487 488
f 414 488 482
f 414 481 489
f 414 489 483
f 415 490 416
f 416 491 470
f 416 490 491
f 417 492 493
f 417 493 456
f 417 456 418
f 417 420 494
f 417 494 492
f 419 456 421
f 420 423 494
f 422 427 423
f 423 427 426
f 423 426 495
f 423 495 496
f 423 496 494
f 424 430 497
f 424 497 498
f 424 498 499
f 424 499 500
f 424 500 501
f 424 501 502
f 424 502 426
f 426 502 503
f 426 503 495
f 428 504 497
f 428 497 429
f 428 434 505
f 428 505 504
f 429 497 430
f 431 466 506
f 431 506 507
f 431 507 508
f 431 508 432
f 432 508 509
f 432 509 433
f 433 509 510
f 433 510 434
f 434 510 511
f 434 511 512
f 434 512 505
f 436 449 513
f 436 513 514
f 436 514 515
f 436 515 516
f 436 516 437
f 437 517 518
f 437 518 438
f 437 516 517
f 438 518 519
f 438 519 520
f 438 520 439
f 439 520 440
f 440 520 521
f 440 521 522
f 440 522 461
f 440 461 457
f 441 455 454
f 441 454 450
f 442 523 444
f 442 443 524
f 442 524 525
f 442 525 526
f 442 526 527
f 442 527 528
f 442 528 529
f 442 529 523
f 443 451 524
f 444 530 445
f 444 523 531
f 444 531 530
f 445 530 446
f 446 532 533
f 446 533 447
f 446 530 531
f 446 531 534
f 446 534 535
f 446 535 536
f 446 536 532
f 447 533 537
f 447 537 538
f 447 538 448
f 448 538 539
f 448 539 449
f 449 540 541
f 449 541 542
f 449 542 543
f 449 543 513
f 449 539 540
f 450 454 451
f 451 454 524
f 452 544 453
f 452 456 545
f 452 545 493
f 452 493 546
f 452 546 544
f 453 544 454
f 454 544 524
f 456 493 545
f 457 461 458
f 459 547 548
f 459 460 549
f 459 549 547
f 460 461 550
f 460 550 549
f 461 522 521
f 461 521 551
f 461 551 552
f 461 552 550
f 462 553 463
f 463 553 554
f 463 554 464
f 464 554 555
f 464 555 556
f 464 556 557
f 464 557 558
f 464 558 465
f 465 558 466
f 466 558 506
f 467 559 468
f 468 560 469
f 468 559 561
f 468 561 560
f 470 491 490
f 470 490 562
f 470 562 563
f 470 563 471
f 471 564 472
f 471 563 565
f 471 565 564
f 472 564 566
f 472 566 473
f 473 566 567
f 473 567 568
f 473 568 569
f 473 569 477
f 475 569 570
f 475 570 476
f 476 570 571
f 476 571 479
f 478 479 572
f 478 572 573
f 478 573 574
f 478 574 480
f 479 571 575
f 479 575 572
f 480 574 576
f 480 576 577
f 480 577 578
f 480 578 481
f 481 578 489
f 483 489 579
f 483 579 484
f 484 579 581
f 484 581 580
f 489 578 579
f 490 582 583
f 490 583 563
f 490 563 562
f 492 584 493
f 492 494 585
f 492 585 586
f 492 586 584
f 493 584 546
f 494 496 587
f 494 587 588
f 494 588 589
f 494 589 590
f 494 590 585
f 495 503 587
f 495 587 496
f 497 504 591
f 497 591 498
f 498 591 499
f 499 592 593
f 499 593 500
f 499 591 592
f 500 593 594
f 500 594 595
f 500 595 596
f 500 596 597
f 500 597 501
f 501 597 502
f 502 597 598
f 502 598 599
f 502 599 600
f 502 600 601
f 502 601 503
f 503 601 602
f 503 602 587
f 504 603 591
f 504 505 603
f 505 512 604
f 505 604 603
f 506 558 605
f 506 605 606
f 506 606 607
f 506 607 507
f 507 607 608
f 507 608 609
f 507 609 508
f 508 609 509
f 509 609 610
f 509 610 510
f 510 611 612
f 510 612 613
f 510 613 512
f 510 512 511
f 510 610 614
f 510 614 615
f 510 615 616
f 510 616 617
f 510 617 611
f 512 613 612
f 512 612 618
f 512 618 619
f 512 619 620
f 512 620 621
f 512 621 604
f 513 543 514
f 514 622 623
f 514 623 516
f 514 516 515
f 514 543 622
f 516 623 624
f 516 624 625
f 516 625 626
f 516 626 627
f 516 627 517
f 517 627 518
f 518 627 628
f 518 628 519
f 519 628 521
f 519 521 520
f 521 628 629
f 521 629 630
f 521 630 551
f 523 534 631
f 523 631 531
f 523 529 632
f 523 632 534
f 524 544 546
f 524 546 525
f 525 633 526
f 525 546 634
f 525 634 633
f 526 635 527
f 526 633 636
f 526 636 637
f 526 637 635
f 527 635 638
f 527 638 528
f 528 638 639
f 528 639 640
f 528 640 641
f 528 641 642
f 528 642 643
f 528 643 644
f 528 644 645
f 528 645 529
f 529 645 646
f 529 646 632
f 531 631 534
f 532 647 533
f 532 536 647
f 533 647 539
f 533 539 537
f 534 648 649
f 534 649 535
f 534 632 650
f 534 650 648
f 535 651 536
f 535 649 648
f 535 648 651
f 536 651 652
f 536 652 647
f 537 539 538
f 539 647 540
f 540 647 653
f 540 653 654
f 540 654 655
f 540 655 542
f 540 542 541
f 542 656 622
f 542 622 543
f 542 655 657
f 542 657 656
f 546 584 634
f 547 658 659
f 547 659 548
f 547 549 550
f 547 550 658
f 548 659 660
f 550 661 658
f 550 552 661
f 551 630 552
f 552 630 662
f 552 662 661
f 553 663 554
f 553 664 663
f 554 663 555
f 555 663 665
f 555 665 557
f 555 557 556
f 557 666 606
f 557 606 605
f 557 605 558
f 557 665 666
f 560 561 667
f 560 667 668
f 560 668 669
f 563 583 670
f 563 670 671
f 563 671 565
f 564 672 566
f 564 565 673
f 564 673 672
f 565 671 674
f 565 674 673
f 566 675 567
f 566 672 675
f 567 675 568
f 568 676 677
f 568 677 569
f 568 675 678
f 568 678 676
f 569 677 571
f 569 571 570
f 571 677 679
f 571 679 575
f 572 680 573
f 572 575 680
f 573 680 681
f 573 681 682
f 573 682 683
f 573 683 684
f 573 684 574
f 574 684 576
f 575 679 685
f 575 685 680
f 576 684 686
f 576 686 687
f 576 687 577
f 577 687 579
f 577 579 578
f 579 687 688
f 579 688 581
f 580 581 689
f 581 688 689
f 582 690 691
f 582 691 692
f 582 692 693
f 582 693 694
f 582 694 695
f 582 695 583
f 583 696 670
f 583 695 694
f 583 694 696
f 584 697 634
f 584 586 585
f 584 585 697
f 585 698 634
f 585 634 697
f 585 590 589
f 585 589 698
f 587 602 589
f 587 589 588
f 589 602 699
f 589 699 700
f 589 700 701
f 589 701 634
f 589 634 698
f 591 603 702
f 591 702 703
f 591 703 704
f 591 704 593
f 591 593 592
f 593 704 705
f 593 705 706
f 593 706 595
f 593 595 594
f 595 706 707
f 595 707 708
f 595 708 599
f 595 599 596
f 596 599 597
f 597 599 598
f 599 709 710
f 599 710 711
f 599 711 712
f 599 712 600
f 599 708 709
f 600 712 601
f 601 712 713
f 601 713 699
f 601 699 602
f 603 604 702
f 604 621 702
f 606 666 714
f 606 714 715
f 606 715 716
f 606 716 717
f 606 717 718
f 606 718 719
f 606 719 720
f 606 720 721
f 606 721 722
f 606 722 607
f 607 722 609
f 607 609 608
f 609 614 610
f 609 722 721
f 609 721 720
f 609 720 723
f 609 723 724
f 609 724 614
f 611 725 618
f 611 618 612
f 611 617 726
f 611 726 725
f 614 724 615
f 615 724 727
f 615 727 728
f 615 728 616
f 616 728 617
f 617 728 729
f 617 729 730
f 617 730 726
f 618 725 731
f 618 731 732
f 618 732 620
f 618 620 619
f 620 732 731
f 620 731 733
f 620 733 734
f 620 734 735
f 620 735 736
f 620 736 737
f 620 737 738
f 620 738 739
f 620 739 621
f 621 739 702
f 622 740 741
f 622 741 742
f 622 742 743
f 622 743 744
f 622 744 624
f 622 624 623
f 622 656 740
f 624 744 745
f 624 745 746
f 624 746 625
f 625 746 626
f 626 746 747
f 626 747 628
f 626 628 627
f 628 747 748
f 628 748 749
f 628 749 630
f 628 630 629
f 630 749 748
f 630 748 750
f 630 750 751
f 630 751 662
f 632 646 752
f 632 752 650
f 633 753 636
f 633 634 754
f 633 754 753
f 634 755 756
f 634 756 754
f 634 701 757
f 634 757 755
f 635 637 638
f 636 758 637
f 636 753 756
f 636 756 759
f 636 759 760
f 636 760 758
f 637 758 639
f 637 639 638
f 639 758 640
f 640 758 760
f 640 760 761
f 640 761 762
f 640 762 763
f 640 763 641
f 641 763 764
f 641 764 642
f 642 764 643
f 643 764 765
f 643 765 766
f 643 766 645
f 643 645 644
f 645 766 767
f 645 767 768
f 645 768 646
f 646 650 752
f 646 768 650
f 647 652 653
f 648 769 651
f 648 650 770
f 648 770 769
f 650 768 771
f 650 771 770
f 651 772 652
f 651 769 772
f 652 772 773
f 652 773 774
f 652 774 775
f 652 775 776
f 652 776 777
f 652 777 654
f 652 654 653
f 654 777 778
f 654 778 655
f 655 779 657
f 655 778 780
f 655 780 779
f 656 781 740
f 656 657 781
f 657 779 781
f 658 782 783
f 658 783 659
f 658 661 784
f 658 784 785
f 658 785 786
f 658 786 782
f 659 783 787
f 659 787 660
f 661 662 784
f 662 751 785
f 662 785 784
f 663 664 788
f 663 788 789
f 663 789 665
f 665 789 790
f 665 790 714
f 665 714 666
f 668 791 669
f 669 791 793
f 669 793 792
f 670 696 671
f 671 696 794
f 671 794 674
f 672 795 675
f 672 673 796
f 672 796 795
f 673 674 796
f 674 794 797
f 674 797 798
f 674 798 796
f 675 795 799
f 675 799 800
f 675 800 678
f 676 801 680
f 676 680 685
f 676 685 677
f 676 678 800
f 676 800 802
f 676 802 803
f 676 803 804
f 676 804 805
f 676 805 806
f 676 806 807
f 676 807 801
f 677 685 679
f 680 801 808
f 680 808 809
f 680 809 681
f 681 810 682
f 681 809 810
f 682 810 811
f 682 811 812
f 682 812 686
f 682 686 683
f 683 686 684
f 686 812 688
f 686 688 687
f 688 812 811
f 688 811 689
f 689 811 814
f 689 814 813
f 690 815 691
f 691 816 817
f 691 817 818
f 691 818 819
f 691 819 820
f 691 820 821
f 691 821 822
f 691 822 823
f 691 823 824
f 691 824 696
f 691 696 825
f 691 825 692
f 691 815 826
f 691 826 827
f 691 827 828
f 691 828 816
f 692 825 693
f 693 825 694
f 694 825 696
f 696 829 794
f 696 824 830
f 696 830 829
f 699 831 700
f 699 713 832
f 699 832 831
f 700 831 759
f 700 759 833
f 700 833 757
f 700 757 701
f 702 739 704
f 702 704 703
f 704 739 834
f 704 834 705
f 705 835 707
f 705 707 706
f 705 834 835
f 707 835 836
f 707 836 837
f 707 837 838
f 707 838 708
f 708 838 709
f 709 838 710
f 710 838 839
f 710 839 711
f 711 839 840
f 711 840 841
f 711 841 712
f 712 841 842
f 712 842 843
f 712 843 844
f 712 844 845
f 712 845 713
f 713 845 844
f 713 844 846
f 713 846 832
f 714 790 847
f 714 847 848
f 714 848 715
f 715 848 849
f 715 849 716
f 716 849 848
f 716 848 850
f 716 850 851
f 716 851 852
f 716 852 853
f 716 853 717
f 717 853 718
f 718 853 852
f 718 852 854
f 718 854 855
f 718 855 856
f 718 856 720
f 718 720 719
f 720 856 855
f 720 855 723
f 723 855 857
f 723 857 724
f 724 857 727
f 725 858 731
f 725 726 859
f 725 859 858
f 726 730 860
f 726 860 859
f 727 857 861
f 727 861 862
f 727 862 863
f 727 863 728
f 728 863 864
f 728 864 865
f 728 865 866
f 728 866 729
f 729 867 730
f 729 866 867
f 730 867 868
f 730 868 860
f 731 869 870
f 731 870 871
f 731 871 872
f 731 872 733
f 731 858 869
f 733 872 734
f 734 872 735
f 735 872 736
f 736 872 873
f 736 873 874
f 736 874 737
f 737 874 738
f 738 834 739
f 738 874 875
f 738 875 876
f 738 876 877
f 738 877 878
f 738 878 836
f 738 836 835
f 738 835 879
f 738 879 834
f 740 880 881
f 740 881 882
f 740 882 741
f 740 781 883
f 740 883 884
f 740 884 885
f 740 885 886
f 740 886 887
f 740 887 888
f 740 888 880
f 741 882 742
f 742 889 890
f 742 890 743
f 742 882 889
f 743 890 744
f 744 890 891
f 744 891 745
f 745 891 892
f 745 892 746
f 746 892 893
f 746 893 748
f 746 748 747
f 748 893 894
f 748 894 750
f 750 894 751
f 751 894 893
f 751 893 895
f 751 895 896
f 751 896 785
f 753 754 756
f 755 759 756
f 755 757 759
f 757 833 759
f 759 831 897
f 759 897 898
f 759 898 899
f 759 899 760
f 760 899 900
f 760 900 761
f 761 900 901
f 761 901 762
f 762 902 763
f 762 901 902
f 763 902 764
f 764 902 903
f 764 903 904
f 764 904 905
f 764 905 765
f 765 905 766
f 766 906 767
f 766 905 906
f 767 906 907
f 767 907 768
f 768 907 908
f 768 908 909
f 768 909 771
f 769 770 772
f 770 910 772
f 770 771 909
f 770 909 911
f 770 911 910
f 772 910 773
f 773 910 912
f 773 912 913
f 773 913 774
f 774 914 775
f 774 913 915
f 774 915 914
f 775 914 776
f 776 916 781
f 776 781 779
f 776 779 780
f 776 780 778
f 776 778 777
f 776 914 917
f 776 917 918
f 776 918 916
f 781 919 920
f 781 920 921
f 781 921 884
f 781 884 883
f 781 916 918
f 781 918 917
f 781 917 919
f 782 786 922
f 782 922 923
f 782 923 924
f 782 924 925
f 782 925 783
f 783 925 787
f 785 896 786
f 786 896 922
f 787 925 926
f 788 927 789
f 789 927 790
f 791 928 929
f 791 929 793
f 792 793 930
f 793 929 931
f 793 931 932
f 793 932 933
f 793 933 934
f 793 934 935
f 793 935 936
f 793 936 937
f 793 937 938
f 793 938 939
f 793 939 930
f 794 829 797
f 795 796 799
f 796 940 803
f 796 803 802
f 796 802 799
f 796 798 940
f 797 829 941
f 797 941 798
f 798 941 942
f 798 942 940
f 799 802 800
f 801 807 808
f 803 940 942
f 803 942 804
f 804 942 943
f 804 943 944
f 804 944 806
f 804 806 805
f 806 944 943
f 806 943 945
f 806 945 946
f 806 946 947
f 806 947 807
f 807 947 948
f 807 948 949
f 807 949 950
f 807 950 951
f 807 951 952
f 807 952 808
f 808 953 954
f 808 954 809
f 808 952 953
f 809 954 955
f 809 955 810
f 810 955 956
f 810 956 957
f 810 957 811
f 811 957 958
f 811 958 814
f 813 959 960
f 813 814 959
f 814 958 961
f 814 961 959
f 815 962 826
f 816 963 964
f 816 964 817
f 816 828 965
f 816 965 966
f 816 966 967
f 816 967 963
f 817 964 963
f 817 963 968
f 817 968 818
f 818 969 970
f 818 970 971
f 818 971 819
f 818 968 963
f 818 963 972
f 818 972 969
f 819 971 973
f 819 973 820
f 820 973 821
f 821 973 822
f 822 974 975
f 822 975 976
f 822 976 946
f 822 946 945
f 822 945 823
f 822 973 974
f 823 830 824
f 823 945 943
f 823 943 942
f 823 942 977
f 823 977 829
f 823 829 830
f 826 962 827
f 827 978 828
f 828 978 965
f 829 977 942
f 829 942 941
f 831 832 979
f 831 979 897
f 832 846 980
f 832 980 979
f 834 879 835
f 836 878 981
f 836 981 838
f 836 838 837
f 838 982 983
f 838 983 984
f 838 984 839
f 838 981 982
f 839 984 842
f 839 842 840
f 840 842 841
f 842 985 843
f 842 984 986
f 842 986 987
f 842 987 988
f 842 988 989
f 842 989 985
f 843 985 844
f 844 985 990
f 844 990 846
f 846 990 989
f 846 989 991
f 846 991 980
f 847 992 848
f 848 992 993
f 848 993 994
f 848 994 850
f 850 995 851
f 850 994 996
f 850 996 995
f 851 995 997
f 851 997 998
f 851 998 852
f 852 998 997
f 852 997 999
f 852 999 1000
f 852 1000 854
f 854 1000 855
f 855 1000 862
f 855 862 861
f 855 861 857
f 858 859 1001
f 858 1001 869
f 859 1002 1165
f 859 1165 1001
f 859 860 1002
f 860 868 1003
f 860 1003 1002
f 862 1000 999
f 862 999 997
f 862 997 1004
f 862 1004 1005
f 862 1005 1006
f 862 1006 1007
f 862 1007 1008
f 862 1008 864
f 862 864 863
f 864 1008 865
f 865 1008 1006
f 865 1006 866
f 866 1006 1009
f 866 1009 1010
f 866 1010 1011
f 866 1011 1012
f 866 1012 867
f 867 1012 1013
f 867 1013 1014
f 867 1014 1015
f 867 1015 868
f 868 1015 1003
f 869 1016 870
f 869 1001 1017
f 869 1017 1016
f 870 1016 1017
f 870 1017 1018
f 870 1018 1019
f 870 1019 871
f 871 1019 1018
f 871 1018 1020
f 871 1020 1021
f 871 1021 872
f 872 1022 873
f 872 1021 1023
f 872 1023 1024
f 872 1024 1025
f 872 1025 1026
f 872 1026 1022
f 873 1022 1027
f 873 1027 1028
f 873 1028 874
f 874 1028 875
f 875 1028 1027
f 875 1027 1029
f 875 1029 1030
f 875 1030 876
f 876 1030 1031
f 876 1031 1032
f 876 1032 877
f 877 1032 1031
f 877 1031 1033
f 877 1033 878
f 878 1033 981
f 880 1034 881
f 880 888 1035
f 880 1035 1036
f 880 1036 1034
f 881 1034 1037
f 881 1037 1038
f 881 1038 1039
f 881 1039 1040
f 881 1040 882
f 882 1040 1041
f 882 1041 1042
f 882 1042 1043
f 882 1043 889
f 884 921 885
f 885 921 1044
f 885 1044 1045
f 885 1045 886
f 886 1046 888
f 886 888 887
f 886 1045 1047
f 886 1047 1046
f 888 1048 1049
f 888 1049 1050
f 888 1050 1036
f 888 1036 1035
f 888 1046 1051
f 888 1051 1052
f 888 1052 1048
f 889 1053 1054
f 889 1054 890
f 889 1043 1053
f 890 1054 1055
f 890 1055 891
f 891 1055 1056
f 891 1056 892
f 892 1056 893
f 893 1056 895
f 895 1056 896
f 896 1056 923
f 896 923 922
f 897 979 898
f 898 1057 901
f 898 901 900
f 898 900 899
f 898 979 1057
f 901 1057 902
f 902 1058 903
f 902 1057 980
f 902 980 1059
f 902 1059 1058
f 903 1058 1060
f 903 1060 904
f 904 1060 905
f 905 1060 906
f 906 908 907
f 906 1060 1061
f 906 1061 908
f 908 1061 1062
f 908 1062 909
f 909 1062 1063
f 909 1063 1064
f 909 1064 1065
f 909 1065 911
f 910 911 912
f 911 1065 912
f 912 1065 1066
f 912 1066 915
f 912 915 913
f 914 915 1067
f 914 1067 917
f 915 1066 1067
f 917 1067 1068
f 917 1068 920
f 917 920 919
f 920 1068 1044
f 920 1044 921
f 923 1056 1055
f 923 1055 1069
f 923 1069 1070
f 923 1070 1071
f 923 1071 924
f 924 1072 925
f 924 1071 1072
f 925 1072 1073
f 925 1073 926
f 928 1074 1075
f 928 1075 929
f 929 1075 931
f 930 939 938
f 931 1075 1076
f 931 1076 1077
f 931 1077 1078
f 931 1078 932
f 932 1078 933
f 933 1078 1079
f 933 1079 934
f 934 1079 1078
f 934 1078 1080
f 934 1080 935
f 935 1080 1081
f 935 1081 1082
f 935 1082 1083
f 935 1083 936
f 936 1083 1084
f 936 1084 1085
f 936 1085 1086
f 936 1086 937
f 937 1086 938
f 938 1087 1088
f 938 1086 1089
f 938 1089 1090
f 938 1090 1091
f 938 1091 1092
f 938 1092 1093
f 938 1093 1087
f 946 976 973
f 946 973 1094
f 946 1094 947
f 947 1094 1095
f 947 1095 1096
f 947 1096 1097
f 947 1097 948
f 948 1098 1099
f 948 1099 1100
f 948 1100 1101
f 948 1101 1102
f 948 1102 1103
f 948 1103 1104
f 948 1104 949
f 948 1097 1096
f 948 1096 1105
f 948 1105 1098
f 949 1104 950
f 950 1104 951
f 951 1104 953
f 951 953 952
f 953 1106 955
f 953 955 954
f 953 1104 1106
f 955 1106 957
f 955 957 956
f 957 1106 1107
f 957 1107 1108
f 957 1108 1109
f 957 1109 958
f 958 1110 961
f 958 1109 1111
f 958 1111 1112
f 958 1112 1113
f 958 1113 1114
f 958 1114 1110
f 959 961 960
f 961 1110 1115
f 963 967 1116
f 963 1116 1117
f 963 1117 1118
f 963 1118 972
f 965 978 1119
f 965 1119 966
f 969 972 1120
f 969 1120 1121
f 969 1121 1122
f 969 1122 1123
f 969 1123 970
f 970 1123 1122
f 970 1122 971
f 971 1124 1125
f 971 1125 1126
f 971 1126 1127
f 971 1127 1128
f 971 1128 973
f 971 1122 1129
f 971 1129 1130
f 971 1130 1131
f 971 1131 1124
f 972 1118 1120
f 973 1128 1132
f 973 1132 1133
f 973 1133 1134
f 973 1134 1135
f 973 1135 1136
f 973 1136 1137
f 973 1137 1138
f 973 1138 1139
f 973 1139 1140
f 973 1140 1095
f 973 1095 1094
f 973 976 974
f 974 976 975
f 979 980 1057
f 980 991 1059
f 981 1033 1141
f 981 1141 982
f 982 1141 1301
f 982 1301 1142
f 982 1142 983
f 983 1142 1143
f 983 1143 984
f 984 1144 1145
f 984 1145 986
f 984 1143 1146
f 984 1146 1144
f 985 989 990
f 986 1145 1147
f 986 1147 1148
f 986 1148 1149
f 986 1149 987
f 987 989 988
f 987 1149 1150
f 987 1150 1151
f 987 1151 1059
f 987 1059 1152
f 987 1152 989
f 989 1152 991
f 991 1152 1059
f 994 1153 996
f 995 1154 1155
f 995 1155 997
f 995 996 1156
f 995 1156 1154
f 996 1153 1157
f 996 1157 1158
f 996 1158 1159
f 996 1159 1160
f 996 1160 1156
f 997 1155 1154
f 997 1154 1161
f 997 1161 1162
f 997 1162 1163
f 997 1163 1164
f 997 1164 1004
f 1001 1165 1017
f 1002 1166 1165
f 1002 1003 1166
f 1003 1167 1166
f 1003 1015 1167
f 1004 1164 1005
f 1005 1164 1168
f 1005 1168 1006
f 1006 1168 1169
f 1006 1169 1170
f 1006 1170 1171
f 1006 1171 1009
f 1006 1008 1007
f 1009 1171 1172
f 1009 1172 1010
f 1010 1014 1173
f 1010 1173 1011
f 1010 1172 1014
f 1011 1173 1012
f 1012 1173 1013
f 1013 1173 1014
f 1014 1174 1175
f 1014 1175 1176
f 1014 1176 1177
f 1014 1177 1178
f 1014 1178 1015
f 1014 1172 1179
f 1014 1179 1174
f 1015 1178 1167
f 1017 1165 1180
f 1017 1180 1181
f 1017 1181 1182
f 1017 1182 1018
f 1018 1183 1184
f 1018 1184 1020
f 1018 1182 1185
f 1018 1185 1183
f 1020 1184 1021
f 1021 1186 1023
f 1021 1184 1186
f 1022 1026 1187
f 1022 1187 1188
f 1022 1188 1027
f 1023 1189 1025
f 1023 1025 1024
f 1023 1186 1184
f 1023 1184 1189
f 1025 1189 1190
f 1025 1190 1191
f 1025 1191 1192
f 1025 1192 1193
f 1025 1193 1026
f 1026 1193 1194
f 1026 1194 1195
f 1026 1195 1196
f 1026 1196 1188
f 1026 1188 1187
f 1027 1188 1029
f 1029 1188 1196
f 1029 1196 1197
f 1029 1197 1030
f 1030 1197 1198
f 1030 1198 1031
f 1031 1198 1033
f 1033 1198 1199
f 1033 1199 1200
f 1033 1200 1201
f 1033 1201 1141
f 1034 1202 1037
f 1034 1036 1049
f 1034 1049 1202
f 1036 1050 1049
f 1037 1202 1203
f 1037 1203 1038
f 1038 1203 1204
f 1038 1204 1039
f 1039 1204 1040
f 1040 1204 1205
f 1040 1205 1041
f 1041 1205 1206
f 1041 1206 1207
f 1041 1207 1042
f 1042 1207 1208
f 1042 1208 1209
f 1042 1209 1210
f 1042 1210 1043
f 1043 1210 1211
f 1043 1211 1053
f 1044 1068 1212
f 1044 1212 1213
f 1044 1213 1214
f 1044 1214 1215
f 1044 1215 1216
f 1044 1216 1047
f 1044 1047 1045
f 1046 1047 1217
f 1046 1217 1218
f 1046 1218 1052
f 1046 1052 1051
f 1047 1216 1217
f 1048 1219 1049
f 1048 1052 1219
f 1049 1220 1221
f 1049 1221 1222
f 1049 1222 1223
f 1049 1223 1202
f 1049 1219 1224
f 1049 1224 1225
f 1049 1225 1220
f 1052 1218 1226
f 1052 1226 1219
f 1053 1211 1227
f 1053 1227 1228
f 1053 1228 1072
f 1053 1072 1071
f 1053 1071 1070
f 1053 1070 1054
f 1054 1070 1069
f 1054 1069 1055
f 1058 1059 1229
f 1058 1229 1060
f 1059 1151 1150
f 1059 1150 1229
f 1060 1229 1061
f 1061 1229 1230
f 1061 1230 1063
f 1061 1063 1062
f 1063 1212 1068
f 1063 1068 1064
f 1063 1230 1231
f 1063 1231 1212
f 1064 1068 1065
f 1065 1068 1232
f 1065 1232 1067
f 1065 1067 1066
f 1067 1232 1068
f 1072 1228 1073
f 1073 1228 1233
f 1074 1234 1075
f 1075 1234 1235
f 1075 1235 1080
f 1075 1080 1076
f 1076 1080 1077
f 1077 1080 1078
f 1080 1236 1081
f 1080 1235 1236
f 1081 1236 1237
f 1081 1237 1082
f 1082 1237 1238
f 1082 1238 1239
f 1082 1239 1240
f 1082 1240 1241
f 1082 1241 1083
f 1083 1241 1084
f 1084 1241 1085
f 1085 1241 1240
f 1085 1240 1242
f 1085 1242 1243
f 1085 1243 1086
f 1086 1243 1089
f 1087 1118 1244
f 1087 1244 1088
f 1087 1093 1245
f 1087 1245 1246
f 1087 1246 1247
f 1087 1247 1248
f 1087 1248 1120
f 1087 1120 1118
f 1089 1243 1242
f 1089 1242 1091
f 1089 1091 1090
f 1091 1242 1238
f 1091 1238 1237
f 1091 1237 1249
f 1091 1249 1250
f 1091 1250 1251
f 1091 1251 1093
f 1091 1093 1092
f 1093 1251 1252
f 1093 1252 1253
f 1093 1253 1245
f 1095 1140 1096
f 1096 1140 1254
f 1096 1254 1255
f 1096 1255 1256
f 1096 1256 1257
f 1096 1257 1258
f 1096 1258 1105
f 1098 1100 1099
f 1098 1105 1259
f 1098 1259 1100
f 1100 1260 1261
f 1100 1261 1262
f 1100 1262 1263
f 1100 1263 1264
f 1100 1264 1265
f 1100 1265 1266
f 1100 1266 1267
f 1100 1267 1103
f 1100 1103 1102
f 1100 1102 1101
f 1100 1259 1260
f 1103 1267 1106
f 1103 1106 1104
f 1105 1258 1268
f 1105 1268 1259
f 1106 1267 1266
f 1106 1266 1107
f 1107 1266 1108
f 1108 1265 1269
f 1108 1269 1109
f 1108 1266 1265
f 1109 1269 1111
f 1110 1114 1270
f 1110 1270 1115
f 1111 1269 1271
f 1111 1271 1272
f 1111 1272 1273
f 1111 1273 1274
f 1111 1274 1112
f 1112 1274 1275
f 1112 1275 1276
f 1112 1276 1114
f 1112 1114 1113
f 1116 1244 1118
f 1116 1118 1117
f 1120 1248 1247
f 1120 1247 1121
f 1121 1247 1277
f 1121 1277 1252
f 1121 1252 1122
f 1122 1252 1251
f 1122 1251 1129
f 1124 1278 1280
f 1124 1280 1125
f 1124 1131 1279
f 1124 1279 1278
f 1125 1280 1281
f 1125 1281 1282
f 1125 1282 1126
f 1126 1282 1283
f 1126 1283 1284
f 1126 1284 1127
f 1127 1285 1286
f 1127 1286 1128
f 1127 1284 1285
f 1128 1286 1287
f 1128 1287 1288
f 1128 1288 1133
f 1128 1133 1289
f 1128 1289 1132
f 1129 1251 1250
f 1129 1250 1290
f 1129 1290 1130
f 1130 1290 1291
f 1130 1291 1131
f 1131 1291 1279
f 1132 1289 1133
f 1133 1292 1293
f 1133 1293 1135
f 1133 1135 1294
f 1133 1294 1134
f 1133 1288 1287
f 1133 1287 1292
f 1134 1294 1135
f 1135 1295 1138
f 1135 1138 1137
f 1135 1137 1136
f 1135 1293 1296
f 1135 1296 1297
f 1135 1297 1268
f 1135 1268 1295
f 1138 1295 1298
f 1138 1298 1139
f 1139 1298 1299
f 1139 1299 1254
f 1139 1254 1140
f 1141 1201 1300
f 1141 1300 1301
f 1142 1301 1143
f 1143 1301 1146
f 1144 1146 1302
f 1144 1302 1147
f 1144 1147 1145
f 1146 1301 1303
f 1146 1303 1302
f 1147 1304 1148
f 1147 1302 1304
f 1148 1304 1305
f 1148 1305 1306
f 1148 1306 1307
f 1148 1307 1149
f 1149 1307 1230
f 1149 1230 1150
f 1150 1230 1229
f 1154 1156 1160
f 1154 1160 1317
f 1154 1317 1161
f 1157 1308 1309
f 1157 1309 1158
f 1158 1309 1310
f 1158 1310 1311
f 1158 1311 1312
f 1158 1312 1313
f 1158 1313 1314
f 1158 1314 1315
f 1158 1315 1159
f 1159 1315 1160
f 1160 1315 1316
f 1160 1316 1317
f 1161 1317 1316
f 1161 1316 1162
f 1162 1316 1318
f 1162 1318 1169
f 1162 1169 1168
f 1162 1168 1163
f 1163 1168 1164
f 1165 1166 1180
f 1166 1319 1180
f 1166 1167 1320
f 1166 1320 1319
f 1167 1178 1320
f 1169 1321 1322
f 1169 1322 1323
f 1169 1323 1324
f 1169 1324 1171
f 1169 1171 1170
f 1169 1318 1321
f 1171 1179 1172
f 1171 1324 1325
f 1171 1325 1326
f 1171 1326 1327
f 1171 1327 1328
f 1171 1328 1329
f 1171 1329 1179
f 1174 1179 1175
f 1175 1179 1329
f 1175 1329 1330
f 1175 1330 1331
f 1175 1331 1332
f 1175 1332 1176
f 1176 1332 1333
f 1176 1333 1319
f 1176 1319 1320
f 1176 1320 1177
f 1177 1320 1178
f 1180 1319 1181
f 1181 1319 1333
f 1181 1333 1334
f 1181 1334 1335
f 1181 1335 1182
f 1182 1335 1185
f 1183 1336 1184
f 1183 1185 1335
f 1183 1335 1336
f 1184 1336 1337
f 1184 1337 1338
f 1184 1338 1339
f 1184 1339 1340
f 1184 1340 1190
f 1184 1190 1189
f 1190 1340 1341
f 1190 1341 1191
f 1191 1341 1342
f 1191 1342 1343
f 1191 1343 1344
f 1191 1344 1345
f 1191 1345 1192
f 1192 1195 1194
f 1192 1194 1193
f 1192 1345 1346
f 1192 1346 1347
f 1192 1347 1196
f 1192 1196 1195
f 1196 1348 1197
f 1196 1347 1348
f 1197 1348 1349
f 1197 1349 1198
f 1198 1349 1199
f 1199 1350 1300
f 1199 1300 1200
f 1199 1349 1348
f 1199 1348 1350
f 1200 1300 1201
f 1202 1223 1351
f 1202 1351 1352
f 1202 1352 1353
f 1202 1353 1354
f 1202 1354 1355
f 1202 1355 1356
f 1202 1356 1357
f 1202 1357 1203
f 1203 1357 1204
f 1205 1358 1206
f 1206 1358 1207
f 1207 1358 1359
f 1207 1359 1209
f 1207 1209 1208
f 1209 1360 1210
f 1210 1360 1211
f 1211 1360 1361
f 1211 1361 1362
f 1211 1362 1227
f 1212 1231 1213
f 1213 1231 1363
f 1213 1363 1364
f 1213 1364 1365
f 1213 1365 1214
f 1214 1365 1215
f 1215 1365 1366
f 1215 1366 1216
f 1216 1366 1367
f 1216 1367 1217
f 1217 1367 1368
f 1217 1368 1369
f 1217 1369 1218
f 1218 1369 1370
f 1218 1370 1371
f 1218 1371 1372
f 1218 1372 1373
f 1218 1373 1226
f 1219 1226 1224
f 1220 1374 1221
f 1220 1225 1374
f 1221 1374 1222
f 1222 1375 1223
f 1222 1374 1376
f 1222 1376 1377
f 1222 1377 1378
f 1222 1378 1379
f 1222 1379 1380
f 1222 1380 1375
f 1223 1375 1351
f 1224 1226 1381
f 1224 1381 1382
f 1224 1382 1225
f 1225 1382 1383
f 1225 1383 1384
f 1225 1384 1385
f 1225 1385 1386
f 1225 1386 1374
f 1226 1373 1372
f 1226 1372 1387
f 1226 1387 1388
f 1226 1388 1381
f 1227 1362 1389
f 1227 1389 1228
f 1228 1389 1233
f 1230 1307 1363
f 1230 1363 1231
f 1234 1390 1235
f 1235 1390 1236
f 1236 1391 1392
f 1236 1392 1249
f 1236 1249 1237
f 1236 1390 1393
f 1236 1393 1391
f 1238 1242 1239
f 1239 1242 1240
f 1245 1253 1246
f 1246 1394 1277
f 1246 1277 1247
f 1246 1253 1252
f 1246 1252 1394
f 1249 1395 1396
f 1249 1396 1397
f 1249 1397 1250
f 1249 1392 1395
f 1250 1397 1398
f 1250 1398 1290
f 1252 1277 1394
f 1254 1299 1268
f 1254 1268 1255
f 1255 1268 1256
f 1256 1268 1257
f 1257 1268 1258
f 1259 1268 1399
f 1259 1399 1400
f 1259 1400 1296
f 1259 1296 1401
f 1259 1401 1260
f 1260 1402 1405
f 1260 1405 1261
f 1260 1401 1403
f 1260 1403 1402
f 1261 1404 1262
f 1261 1405 1406
f 1261 1406 1404
f 1262 1404 1407
f 1262 1407 1408
f 1262 1408 1263
f 1263 1408 1409
f 1263 1409 1264
f 1264 1409 1265
f 1265 1409 1410
f 1265 1410 1411
f 1265 1411 1269
f 1268 1299 1298
f 1268 1298 1295
f 1268 1297 1412
f 1268 1412 1413
f 1268 1413 1399
f 1269 1411 1414
f 1269 1414 1271
f 1271 1414 1415
f 1271 1415 1416
f 1271 1416 1417
f 1271 1417 1418
f 1271 1418 1272
f 1272 1418 1273
f 1273 1418 1419
f 1273 1419 1274
f 1274 1419 1275
f 1275 1419 1420
f 1275 1420 1421
f 1275 1421 1422
f 1275 1422 1423
f 1275 1423 1424
f 1275 1424 1276
f 1276 1424 1423
f 1278 1279 1427
f 1278 1427 1425
f 1278 1425 1426
f 1278 1426 1280
f 1279 1291 1427
f 1280 1428 1281
f 1280 1426 1429
f 1280 1429 1428
f 1281 1428 1430
f 1281 1430 1282
f 1282 1430 1431
f 1282 1431 1432
f 1282 1432 1283
f 1283 1433 1284
f 1283 1432 1434
f 1283 1434 1433
f 1284 1433 1285
f 1285 1435 1286
f 1285 1433 1436
f 1285 1436 1435
f 1286 1435 1437
f 1286 1437 1292
f 1286 1292 1287
f 1290 1398 1396
f 1290 1396 1291
f 1291 1396 1427
f 1292 1437 1435
f 1292 1435 1438
f 1292 1438 1439
f 1292 1439 1440
f 1292 1440 1441
f 1292 1441 1293
f 1293 1441 1442
f 1293 1442 1443
f 1293 1443 1444
f 1293 1444 1445
f 1293 1445 1296
f 1296 1412 1297
f 1296 1445 1446
f 1296 1446 1447
f 1296 1447 1448
f 1296 1448 1403
f 1296 1403 1401
f 1296 1400 1399
f 1296 1399 1413
f 1296 1413 1412
f 1300 1449 1301
f 1300 1350 1449
f 1301 1450 1451
f 1301 1451 1303
f 1301 1449 1450
f 1302 1303 1304
f 1303 1452 1304
f 1303 1451 1450
f 1303 1450 1452
f 1304 1452 1453
f 1304 1453 1305
f 1305 1453 1454
f 1305 1454 1455
f 1305 1455 1456
f 1305 1456 1306
f 1306 1365 1363
f 1306 1363 1307
f 1306 1456 1365
f 1308 1457 1309
f 1309 1457 1458
f 1309 1458 1459
f 1309 1459 1310
f 1310 1459 1311
f 1311 1459 1312
f 1312 1460 1313
f 1312 1459 1460
f 1313 1460 1461
f 1313 1461 1462
f 1313 1462 1463
f 1313 1463 1322
f 1313 1322 1464
f 1313 1464 1465
f 1313 1465 1314
f 1314 1465 1315
f 1315 1465 1316
f 1316 1465 1322
f 1316 1322 1321
f 1316 1321 1318
f 1322 1463 1325
f 1322 1325 1323
f 1322 1465 1464
f 1323 1325 1324
f 1325 1463 1466
f 1325 1466 1326
f 1326 1466 1462
f 1326 1462 1467
f 1326 1467 1468
f 1326 1468 1327
f 1327 1469 1328
f 1327 1468 1469
f 1328 1469 1470
f 1328 1470 1471
f 1328 1471 1472
f 1328 1472 1473
f 1328 1473 1329
f 1329 1473 1330
f 1330 1473 1474
f 1330 1474 1331
f 1331 1474 1332
f 1332 1474 1333
f 1333 1474 1475
f 1333 1475 1335
f 1333 1335 1334
f 1335 1475 1476
f 1335 1476 1336
f 1336 1476 1337
f 1337 1477 1478
f 1337 1478 1479
f 1337 1479 1339
f 1337 1339 1338
f 1337 1476 1475
f 1337 1475 1474
f 1337 1474 1480
f 1337 1480 1477
f 1339 1479 1340
f 1340 1479 1342
f 1340 1342 1341
f 1342 1481 1343
f 1342 1479 1481
f 1343 1481 1344
f 1344 1482 1345
f 1344 1481 1482
f 1345 1482 1346
f 1346 1482 1483
f 1346 1483 1484
f 1346 1484 1485
f 1346 1485 1347
f 1347 1485 1348
f 1348 1485 1486
f 1348 1486 1487
f 1348 1487 1350
f 1350 1487 1486
f 1350 1486 1488
f 1350 1488 1449
f 1351 1375 1352
f 1352 1375 1380
f 1352 1380 1489
f 1352 1489 1353
f 1353 1489 1490
f 1353 1490 1491
f 1353 1491 1492
f 1353 1492 1354
f 1354 1492 1355
f 1355 1492 1493
f 1361 1494 1362
f 1362 1494 1389
f 1363 1365 1364
f 1365 1495 1496
f 1365 1496 1366
f 1365 1456 1497
f 1365 1497 1498
f 1365 1498 1499
f 1365 1499 1495
f 1366 1496 1368
f 1366 1368 1367
f 1368 1496 1495
f 1368 1495 1500
f 1368 1500 1370
f 1368 1370 1501
f 1368 1501 1369
f 1369 1501 1370
f 1370 1500 1502
f 1370 1502 1503
f 1370 1503 1504
f 1370 1504 1505
f 1370 1505 1387
f 1370 1387 1371
f 1371 1387 1372
f 1374 1506 1376
f 1374 1386 1506
f 1376 1506 1377
f 1377 1506 1378
f 1378 1506 1507
f 1378 1507 1380
f 1378 1380 1379
f 1380 1508 1490
f 1380 1490 1489
f 1380 1507 1509
f 1380 1509 1508
f 1381 1388 1510
f 1381 1510 1382
f 1382 1510 1388
f 1382 1388 1511
f 1382 1511 1512
f 1382 1512 1383
f 1383 1513 1384
f 1383 1512 1513
f 1384 1514 1515
f 1384 1515 1385
f 1384 1513 1516
f 1384 1516 1514
f 1385 1515 1386
f 1386 1515 1506
f 1387 1505 1517
f 1387 1517 1388
f 1388 1517 1518
f 1388 1518 1519
f 1388 1519 1520
f 1388 1520 1511
f 1391 1393 1392
f 1392 1393 1521
f 1392 1521 1522
f 1392 1522 1523
f 1392 1523 1395
f 1395 1524 1525
f 1395 1525 1396
f 1395 1523 1526
f 1395 1526 1527
f 1395 1527 1528
f 1395 1528 1524
f 1396 1398 1397
f 1396 1525 1529
f 1396 1529 1530
f 1396 1530 1426
f 1396 1426 1425
f 1396 1425 1427
f 1402 1403 1448
f 1402 1448 1446
f 1402 1446 1531
f 1402 1531 1532
f 1402 1532 1533
f 1402 1533 1405
f 1404 1534 1407
f 1404 1406 1533
f 1404 1533 1535
f 1404 1535 1534
f 1405 1533 1406
f 1407 1534 1408
f 1408 1534 1409
f 1409 1534 1410
f 1410 1534 1536
f 1410 1536 1537
f 1410 1537 1411
f 1411 1538 1539
f 1411 1539 1414
f 1411 1537 1540
f 1411 1540 1541
f 1411 1541 1538
f 1414 1539 1542
f 1414 1542 1543
f 1414 1543 1415
f 1415 1543 1416
f 1416 1543 1544
f 1416 1544 1417
f 1417 1544 1418
f 1418 1544 1545
f 1418 1545 1546
f 1418 1546 1419
f 1419 1546 1547
f 1419 1547 1548
f 1419 1548 1420
f 1420 1548 1549
f 1420 1549 1421
f 1421 1550 1422
f 1421 1549 1550
f 1422 1550 1551
f 1422 1551 1423
f 1423 1551 1552
f 1426 1530 1553
f 1426 1553 1555
f 1426 1555 1429
f 1428 1429 1554
f 1428 1554 1430
f 1429 1555 1554
f 1430 1556 1431
f 1430 1554 1557
f 1430 1557 1558
f 1430 1558 1556
f 1431 1556 1559
f 1431 1559 1560
f 1431 1560 1432
f 1432 1560 1434
f 1433 1434 1561
f 1433 1561 1562
f 1433 1562 1436
f 1434 1560 1563
f 1434 1563 1564
f 1434 1564 1562
f 1434 1562 1561
f 1435 1436 1565
f 1435 1565 1566
f 1435 1566 1567
f 1435 1567 1568
f 1435 1568 1438
f 1436 1562 1565
f 1438 1568 1439
f 1439 1568 1440
f 1440 1569 1570
f 1440 1570 1441
f 1440 1568 1569
f 1441 1570 1442
f 1442 1570 1571
f 1442 1571 1443
f 1443 1572 1573
f 1443 1573 1444
f 1443 1571 1572
f 1444 1446 1445
f 1444 1573 1574
f 1444 1574 1575
f 1444 1575 1531
f 1444 1531 1446
f 1446 1448 1447
f 1449 1488 1450
f 1450 1488 1485
f 1450 1485 1576
f 1450 1576 1577
f 1450 1577 1452
f 1452 1577 1453
f 1453 1577 1454
f 1454 1578 1579
f 1454 1579 1497
f 1454 1497 1455
f 1454 1577 1580
f 1454 1580 1578
f 1455 1497 1456
f 1458 1581 1459
f 1459 1581 1460
f 1460 1581 1582
f 1460 1582 1583
f 1460 1583 1584
f 1460 1584 1585
f 1460 1585 1586
f 1460 1586 1462
f 1460 1462 1461
f 1462 1586 1587
f 1462 1587 1588
f 1462 1588 1589
f 1462 1589 1590
f 1462 1590 1591
f 1462 1591 1592
f 1462 1592 1593
f 1462 1593 1594
f 1462 1594 1467
f 1462 1466 1463
f 1467 1594 1468
f 1468 1594 1595
f 1468 1595 1596
f 1468 1596 1469
f 1469 1596 1470
f 1470 1597 1598
f 1470 1598 1599
f 1470 1599 1471
f 1470 1596 1597
f 1471 1473 1600
f 1471 1600 1472
f 1471 1599 1601
f 1471 1601 1602
f 1471 1602 1603
f 1471 1603 1474
f 1471 1474 1473
f 1472 1600 1473
f 1474 1604 1605
f 1474 1605 1606
f 1474 1606 1607
f 1474 1607 1480
f 1474 1603 1608
f 1474 1608 1609
f 1474 1609 1610
f 1474 1610 1611
f 1474 1611 1604
f 1477 1572 1612
f 1477 1612 1613
f 1477 1613 1478
f 1477 1480 1607
f 1477 1607 1572
f 1478 1613 1479
f 1479 1613 1614
f 1479 1614 1615
f 1479 1615 1481
f 1481 1615 1616
f 1481 1616 1617
f 1481 1617 1618
f 1481 1618 1619
f 1481 1619 1620
f 1481 1620 1621
f 1481 1621 1482
f 1482 1621 1622
f 1482 1622 1623
f 1482 1623 1624
f 1482 1624 1484
f 1482 1484 1483
f 1484 1624 1485
f 1485 1624 1625
f 1485 1625 1576
f 1485 1488 1486
f 1490 1508 1491
f 1491 1508 1626
f 1491 1626 1627
f 1491 1627 1628
f 1491 1628 1493
f 1491 1493 1492
f 1495 1629 1500
f 1495 1499 1629
f 1497 1579 1578
f 1497 1578 1498
f 1498 1578 1630
f 1498 1630 1622
f 1498 1622 1631
f 1498 1631 1632
f 1498 1632 1633
f 1498 1633 1634
f 1498 1634 1635
f 1498 1635 1502
f 1498 1502 1499
f 1499 1502 1629
f 1500 1629 1502
f 1502 1636 1503
f 1502 1635 1636
f 1503 1636 1504
f 1504 1636 1634
f 1504 1634 1637
f 1504 1637 1518
f 1504 1518 1517
f 1504 1517 1505
f 1506 1515 1638
f 1506 1638 1639
f 1506 1639 1640
f 1506 1640 1641
f 1506 1641 1509
f 1506 1509 1507
f 1508 1509 1641
f 1508 1641 1528
f 1508 1528 1642
f 1508 1642 1626
f 1511 1643 1516
f 1511 1516 1513
f 1511 1513 1512
f 1511 1520 1643
f 1514 1516 1643
f 1514 1643 1524
f 1514 1524 1640
f 1514 1640 1639
f 1514 1639 1638
f 1514 1638 1515
f 1518 1637 1644
f 1518 1644 1519
f 1519 1644 1645
f 1519 1645 1646
f 1519 1646 1647
f 1519 1647 1520
f 1520 1648 1649
f 1520 1649 1650
f 1520 1650 1643
f 1520 1647 1651
f 1520 1651 1652
f 1520 1652 1653
f 1520 1653 1648
f 1522 1654 1523
f 1523 1654 1655
f 1523 1655 1526
f 1524 1530 1529
f 1524 1529 1525
f 1524 1528 1640
f 1524 1643 1656
f 1524 1656 1657
f 1524 1657 1648
f 1524 1648 1658
f 1524 1658 1659
f 1524 1659 1660
f 1524 1660 1554
f 1524 1554 1555
f 1524 1555 1553
f 1524 1553 1530
f 1526 1661 1642
f 1526 1642 1527
f 1527 1642 1528
f 1528 1641 1640
f 1531 1575 1662
f 1531 1662 1532
f 1532 1662 1533
f 1533 1662 1535
f 1534 1663 1536
f 1534 1535 1662
f 1534 1662 1663
f 1536 1663 1664
f 1536 1664 1537
f 1537 1664 1540
f 1538 1541 1665
f 1538 1665 1539
f 1539 1665 1666
f 1539 1666 1667
f 1539 1667 1542
f 1540 1664 1668
f 1540 1668 1665
f 1540 1665 1541
f 1542 1667 1543
f 1543 1667 1669
f 1543 1669 1670
f 1543 1670 1544
f 1544 1670 1545
f 1545 1670 1546
f 1546 1670 1671
f 1546 1671 1672
f 1546 1672 1673
f 1546 1673 1547
f 1547 1673 1548
f 1548 1673 1549
f 1549 1673 1674
f 1549 1675 1676
f 1549 1676 1550
f 1550 1676 1552
f 1550 1552 1551
f 1552 1676 1677
f 1554 1660 1558
f 1554 1558 1557
f 1556 1558 1659
f 1556 1659 1559
f 1558 1660 1659
f 1559 1659 1560
f 1560 1659 1563
f 1562 1653 1678
f 1562 1678 1565
f 1562 1564 1563
f 1562 1563 1648
f 1562 1648 1653
f 1563 1659 1648
f 1565 1678 1679
f 1565 1679 1680
f 1565 1680 1681
f 1565 1681 1682
f 1565 1682 1566
f 1566 1682 1567
f 1567 1682 1683
f 1567 1683 1568
f 1568 1683 1682
f 1568 1682 1569
f 1569 1684 1571
f 1569 1571 1570
f 1569 1682 1685
f 1569 1685 1686
f 1569 1686 1687
f 1569 1687 1684
f 1571 1688 1572
f 1571 1684 1612
f 1571 1612 1688
f 1572 1688 1612
f 1572 1607 1689
f 1572 1689 1573
f 1573 1689 1690
f 1573 1690 1691
f 1573 1691 1574
f 1574 1691 1692
f 1574 1692 1693
f 1574 1693 1575
f 1575 1693 1662
f 1576 1625 1577
f 1577 1625 1578
f 1577 1578 1580
f 1578 1625 1630
f 1582 1694 1583
f 1583 1694 1695
f 1583 1695 1696
f 1583 1696 1584
f 1585 1697 1586
f 1586 1697 1698
f 1586 1698 1587
f 1592 1699 1593
f 1593 1700 1701
f 1593 1701 1595
f 1593 1595 1594
f 1593 1699 1700
f 1595 1701 1702
f 1595 1702 1596
f 1596 1702 1703
f 1596 1703 1704
f 1596 1704 1705
f 1596 1705 1597
f 1597 1705 1665
f 1597 1665 1598
f 1598 1665 1599
f 1599 1665 1706
f 1599 1706 1668
f 1599 1668 1601
f 1601 1668 1608
f 1601 1608 1602
f 1602 1608 1603
f 1604 1707 1606
f 1604 1606 1605
f 1604 1611 1708
f 1604 1708 1707
f 1606 1693 1607
f 1606 1707 1709
f 1606 1709 1693
f 1607 1693 1692
f 1607 1692 1691
f 1607 1691 1690
f 1607 1690 1689
f 1608 1668 1609
f 1609 1668 1710
f 1609 1710 1610
f 1610 1710 1611
f 1611 1710 1711
f 1611 1711 1712
f 1611 1712 1713
f 1611 1713 1708
f 1612 1684 1687
f 1612 1687 1618
f 1612 1618 1617
f 1612 1617 1616
f 1612 1616 1615
f 1612 1615 1614
f 1612 1614 1613
f 1618 1687 1686
f 1618 1686 1714
f 1618 1714 1715
f 1618 1715 1716
f 1618 1716 1717
f 1618 1717 1619
f 1619 1717 1718
f 1619 1718 1620
f 1620 1719 1621
f 1620 1718 1720
f 1620 1720 1721
f 1620 1721 1722
f 1620 1722 1723
f 1620 1723 1724
f 1620 1724 1719
f 1621 1719 1725
f 1621 1725 1622
f 1622 1725 1632
f 1622 1632 1631
f 1622 1630 1623
f 1623 1630 1625
f 1623 1625 1624
f 1626 1642 1726
f 1626 1726 1627
f 1627 1726 1727
f 1632 1645 1633
f 1632 1725 1728
f 1632 1728 1729
f 1632 1729 1645
f 1633 1645 1644
f 1633 1644 1634
f 1634 1644 1637
f 1634 1636 1635
f 1642 1661 1730
f 1642 1730 1726
f 1643 1650 1656
f 1645 1731 1646
f 1645 1729 1731
f 1646 1731 1732
f 1646 1732 1647
f 1647 1732 1733
f 1647 1733 1734
f 1647 1734 1735
f 1647 1735 1651
f 1648 1659 1658
f 1648 1657 1649
f 1649 1657 1650
f 1650 1657 1656
f 1651 1735 1652
f 1652 1735 1653
f 1653 1735 1679
f 1653 1679 1736
f 1653 1736 1678
f 1662 1693 1709
f 1662 1709 1707
f 1662 1707 1708
f 1662 1708 1663
f 1663 1712 1664
f 1663 1708 1713
f 1663 1713 1712
f 1664 1712 1711
f 1664 1711 1710
f 1664 1710 1668
f 1665 1705 1737
f 1665 1737 1704
f 1665 1704 1738
f 1665 1738 1666
f 1665 1668 1706
f 1666 1739 1704
f 1666 1704 1740
f 1666 1740 1669
f 1666 1669 1667
f 1666 1738 1739
f 1669 1671 1670
f 1669 1740 1741
f 1669 1741 1742
f 1669 1742 1743
f 1669 1743 1744
f 1669 1744 1673
f 1669 1673 1672
f 1669 1672 1671
f 1673 1744 1745
f 1673 1745 1746
f 1673 1746 1674
f 1675 1747 1676
f 1676 1747 1677
f 1678 1736 1679
f 1679 1735 1748
f 1679 1748 1680
f 1680 1748 1716
f 1680 1716 1681
f 1681 1716 1749
f 1681 1749 1682
f 1682 1749 1750
f 1682 1750 1751
f 1682 1751 1685
f 1685 1751 1686
f 1686 1751 1750
f 1686 1750 1749
f 1686 1749 1715
f 1686 1715 1714
f 1699 1752 1753
f 1699 1753 1754
f 1699 1754 1700
f 1700 1755 1701
f 1700 1754 1755
f 1701 1755 1702
f 1702 1755 1756
f 1702 1756 1703
f 1703 1741 1704
f 1703 1756 1741
f 1704 1739 1738
f 1704 1737 1705
f 1704 1741 1740
f 1715 1749 1716
f 1716 1748 1757
f 1716 1757 1758
f 1716 1758 1759
f 1716 1759 1717
f 1717 1721 1720
f 1717 1720 1718
f 1717 1759 1758
f 1717 1758 1760
f 1717 1760 1721
f 1719 1724 1729
f 1719 1729 1725
f 1721 1760 1733
f 1721 1733 1722
f 1722 1733 1723
f 1723 1733 1732
f 1723 1732 1761
f 1723 1761 1729
f 1723 1729 1724
f 1725 1729 1728
f 1726 1730 1727
f 1729 1761 1731
f 1731 1761 1732
f 1733 1760 1735
f 1733 1735 1734
f 1735 1760 1758
f 1735 1758 1748
f 1741 1756 1742
f 1742 1756 1762
f 1742 1762 1743
f 1743 1763 1744
f 1743 1762 1763
f 1744 1763 1762
f 1744 1762 1745
f 1745 1762 1746
f 1746 1762 1765
f 1746 1765 1766
f 1746 1766 1764
f 1748 1758 1757
f 1752 1767 1753
f 1753 1767 1754
f 1754 1767 1768
f 1754 1768 1766
f 1754 1766 1765
f 1754 1765 1762
f 1754 1762 1755
f 1755 1762 1756
f 1764 1766 1769
f 1766 1768 1770
f 1766 1770 1769
f 1767 1770 1768

