# https://github.com/mikedh/trimesh
v -0.00018326 0.01853310 0.01591268
v -0.00018326 0.01839123 0.01591098
v -0.00012676 0.01839123 0.01590420
v -0.00012676 0.01858910 0.01590420
v -0.00018326 0.01858910 0.01591098
v -0.00018326 0.01833522 0.01590759
v -0.00018326 0.01818961 0.01589741
v -0.00012676 0.01818961 0.01588893
v 0.00007328 0.01839123 0.01587366
v 0.00007328 0.01858910 0.01587366
v 0.00167359 0.04319343 0.01372431
v 0.00147355 0.04339504 0.01372600
v 0.00107347 0.04379453 0.01371752
v 0.00087343 0.04399615 0.01371243
v 0.00067339 0.04439564 0.01368868
v 0.00059857 0.04490714 0.01364627
v 0.00055429 0.04490714 0.01364627
v 0.00000609 0.04929037 0.01324422
v -0.00012676 0.05039551 0.01314244
v -0.00018326 0.05054112 0.01312717
v -0.00018326 0.01799173 0.01586518
v -0.00014356 0.01799173 0.01586009
v 0.00000762 0.01806267 0.01585161
v 0.00007328 0.01820081 0.01585839
v 0.00020613 0.01839123 0.01585161
v 0.00020766 0.01858910 0.01585161
v 0.00187363 0.04299555 0.01370734
v 0.00167359 0.04299555 0.01373957
v 0.00197899 0.04350705 0.01364627
v 0.00180338 0.04379453 0.01364966
v 0.00167359 0.04359292 0.01368868
v 0.00160334 0.04414549 0.01364966
v 0.00147355 0.04359292 0.01370904
v 0.00083526 0.04474287 0.01364966
v 0.00087343 0.04419403 0.01369547
v 0.00067339 0.04539624 0.01359877
v 0.00067339 0.04659472 0.01348850
v 0.00047336 0.04979814 0.01319842
v 0.00047336 0.04799482 0.01336467
v 0.00039701 0.04930157 0.01324592
v 0.00027332 0.05059713 0.01312886
v 0.00027332 0.04979814 0.01320181
v 0.00007328 0.05099662 0.01309324
v 0.00027332 0.04779694 0.01338333
v 0.00027332 0.04739744 0.01341895
v 0.00013894 0.04930531 0.01324592
v -0.00012676 0.05079874 0.01310681
v -0.00018326 0.05094062 0.01309154
v -0.00018326 0.01793946 0.01585330
v -0.00018326 0.01789839 0.01584313
v -0.00008706 0.01792826 0.01583464
v 0.00007328 0.01799173 0.01582107
v 0.00027332 0.01798800 0.01578036
v 0.00014200 0.01814107 0.01583973
v 0.00018017 0.01827548 0.01584652
v 0.00030691 0.01839123 0.01583125
v 0.00030691 0.01858910 0.01583295
v 0.00204007 0.04319343 0.01365984
v 0.00200342 0.04339504 0.01365136
v 0.00207366 0.04399615 0.01358520
v 0.00207366 0.04439564 0.01354957
v 0.00195761 0.04806576 0.01324252
v 0.00187363 0.04539624 0.01349529
v 0.00187363 0.04499675 0.01353091
v 0.00185836 0.04618403 0.01342743
v 0.00167053 0.04397748 0.01365475
v 0.00178201 0.04611309 0.01344609
v 0.00178811 0.04832337 0.01324761
v 0.00154532 0.04427617 0.01364288
v 0.00167359 0.04759532 0.01332904
v 0.00167359 0.04879754 0.01322047
v 0.00156212 0.04868927 0.01324422
v 0.00155448 0.04648272 0.01344440
v 0.00147355 0.04399615 0.01367341
v 0.00107347 0.04799482 0.01334092
v 0.00087343 0.04599362 0.01353431
v 0.00087343 0.04679634 0.01346136
v 0.00098491 0.04910369 0.01324592
v 0.00087343 0.04839431 0.01331547
v 0.00067339 0.05059713 0.01311869
v 0.00067339 0.05079874 0.01310003
v 0.00047336 0.05136998 0.01305253
v 0.00027332 0.05079874 0.01311020
v 0.00021071 0.05150812 0.01304574
v 0.00007328 0.05119823 0.01307458
v -0.00012676 0.05119823 0.01307119
v -0.00018326 0.05137745 0.01305253
v -0.00018326 0.01784612 0.01582107
v 0.00051611 0.01771171 0.01563616
v 0.00067339 0.01774905 0.01562259
v 0.00067339 0.01784985 0.01565991
v 0.00078487 0.01787972 0.01564804
v 0.00067339 0.01798800 0.01569214
v 0.00092230 0.01798800 0.01563447
v 0.00025805 0.01820081 0.01582107
v 0.00047336 0.01839123 0.01579393
v 0.00047336 0.01858910 0.01579732
v 0.00208741 0.04299181 0.01366493
v 0.00210268 0.04339504 0.01363100
v 0.00227370 0.04459352 0.01349190
v 0.00227676 0.04497808 0.01345797
v 0.00215001 0.04544478 0.01344100
v 0.00202175 0.04779694 0.01325440
v 0.00199426 0.05014163 0.01304913
v 0.00187363 0.04959653 0.01311869
v 0.00187363 0.05079874 0.01301012
v 0.00179117 0.05052619 0.01304744
v 0.00167359 0.04999602 0.01311190
v 0.00167359 0.05019763 0.01309324
v 0.00147355 0.05019763 0.01311360
v 0.00147355 0.04999602 0.01313226
v 0.00127351 0.05019763 0.01312886
v 0.00142927 0.04874154 0.01324931
v 0.00127351 0.04959653 0.01318315
v 0.00107347 0.04859593 0.01328663
v 0.00107347 0.05019763 0.01314074
v 0.00087343 0.05079874 0.01309324
v 0.00087343 0.05039551 0.01313056
v 0.00067339 0.05119823 0.01306270
v 0.00027484 0.05158279 0.01303726
v 0.00047336 0.05159773 0.01303047
v 0.00027332 0.05179561 0.01301520
v 0.00007328 0.05179561 0.01301690
v 0.00011145 0.05150812 0.01304574
v -0.00012676 0.05148572 0.01304404
v -0.00018326 0.05155666 0.01303556
v 0.00007328 0.01764077 0.01567179
v 0.00027332 0.01767064 0.01565652
v 0.00038326 0.01768558 0.01564634
v -0.00018326 0.01761464 0.01569384
v -0.00012676 0.01761837 0.01568875
v 0.00098032 0.01748770 0.01544616
v 0.00105667 0.01758104 0.01547670
v 0.00127351 0.01764451 0.01546313
v 0.00107347 0.01798800 0.01559884
v 0.00139414 0.01767811 0.01544956
v 0.00152852 0.01773038 0.01543599
v 0.00159418 0.01786479 0.01545125
v 0.00096047 0.01811121 0.01564295
v 0.00088565 0.01818214 0.01567009
v 0.00067339 0.01839123 0.01574643
v 0.00067339 0.01858910 0.01574813
v 0.00196983 0.03808588 0.01404493
v 0.00216223 0.04305902 0.01364288
v 0.00196830 0.04088234 0.01384475
v 0.00214085 0.04319343 0.01363779
v 0.00238976 0.04479514 0.01344949
v 0.00237449 0.04489594 0.01344440
v 0.00234395 0.04503035 0.01343931
v 0.00267378 0.04919703 0.01299994
v 0.00227370 0.04779694 0.01320520
v 0.00218514 0.04752065 0.01324761
v 0.00315937 0.04986534 0.01284217
v 0.00306775 0.05020883 0.01283030
v 0.00296697 0.05028351 0.01284387
v 0.00207366 0.04919703 0.01311869
v 0.00207366 0.04819643 0.01320860
v 0.00207366 0.05079874 0.01297449
v 0.00207366 0.05099662 0.01295583
v 0.00207366 0.05119823 0.01293547
v 0.00187363 0.05119823 0.01296940
v 0.00167359 0.05099662 0.01301690
v 0.00174536 0.05066060 0.01304065
v 0.00167664 0.05059713 0.01305592
v 0.00161098 0.05073900 0.01304913
v 0.00147355 0.05039551 0.01309494
v 0.00127351 0.05039551 0.01311020
v 0.00107347 0.05059713 0.01310342
v 0.00107347 0.05099662 0.01306440
v 0.00087191 0.05138491 0.01303556
v 0.00067339 0.05159773 0.01302369
v 0.00047336 0.05179561 0.01301012
v 0.00027332 0.05199722 0.01299315
v 0.00007328 0.05199722 0.01299485
v -0.00018326 0.05174334 0.01301690
v -0.00018326 0.01758477 0.01566331
v -0.00012676 0.01751757 0.01558866
v 0.00087343 0.01748396 0.01545295
v 0.00287382 0.01733835 0.01474555
v 0.00247374 0.01739062 0.01494572
v 0.00167359 0.01746903 0.01527313
v 0.00181865 0.01748023 0.01525617
v 0.00195303 0.01749890 0.01523751
v 0.00167359 0.01758850 0.01534608
v 0.00147355 0.01798800 0.01550215
v 0.00147355 0.01818961 0.01553098
v 0.00188126 0.01757730 0.01529010
v 0.00207366 0.01764451 0.01526295
v 0.00166595 0.01779385 0.01541733
v 0.00187363 0.01779012 0.01535965
v 0.00173161 0.01798800 0.01543429
v 0.00163236 0.01798800 0.01546143
v 0.00167359 0.01839123 0.01549536
v 0.00167359 0.01858910 0.01548858
v 0.00178506 0.01873845 0.01544956
v 0.00165221 0.01898860 0.01546652
v 0.00177437 0.02169171 0.01524599
v 0.00177895 0.02451430 0.01504751
v 0.00198357 0.03513635 0.01424850
v 0.00200189 0.03499448 0.01425359
v 0.00217597 0.04010575 0.01384645
v 0.00227370 0.04339504 0.01358689
v 0.00241724 0.04459352 0.01345797
v 0.00336704 0.04927170 0.01284217
v 0.00331207 0.04959653 0.01283030
v 0.00298376 0.04792761 0.01304744
v 0.00321129 0.04959653 0.01285405
v 0.00307386 0.05119823 0.01274039
v 0.00254856 0.05124304 0.01284047
v 0.00349226 0.05101155 0.01266914
v 0.00344950 0.05119823 0.01266235
v 0.00346172 0.05159399 0.01262503
v 0.00338689 0.05152679 0.01264708
v 0.00328458 0.05159399 0.01266235
v 0.00227370 0.05119823 0.01289815
v 0.00241113 0.05139611 0.01285235
v 0.00227370 0.05139611 0.01287779
v 0.00207366 0.05139611 0.01291342
v 0.00167359 0.05139611 0.01296940
v 0.00167359 0.05119823 0.01299485
v 0.00227065 0.05179934 0.01283030
v 0.00207366 0.05179934 0.01285913
v 0.00187363 0.05159773 0.01291512
v 0.00147355 0.05119823 0.01301351
v 0.00154074 0.05087341 0.01304235
v 0.00127351 0.05079874 0.01307119
v 0.00118494 0.05110489 0.01304574
v 0.00107347 0.05124304 0.01303895
v 0.00087343 0.05179561 0.01299315
v 0.00067339 0.05179561 0.01300333
v 0.00047336 0.05199722 0.01298806
v 0.00027332 0.05219884 0.01296601
v -0.00018326 0.05199722 0.01298636
v -0.00018326 0.05194122 0.01299315
v 0.00007328 0.05219884 0.01296601
v -0.00012676 0.05219884 0.01296092
v -0.00018326 0.01751383 0.01559036
v 0.00067339 0.01747650 0.01546313
v 0.00267378 0.01733089 0.01474555
v 0.00340827 0.01728608 0.01445207
v 0.00354265 0.01728982 0.01443510
v 0.00307386 0.01736449 0.01474555
v 0.00227370 0.01744289 0.01509331
v 0.00247374 0.01746156 0.01506787
v 0.00259743 0.01748023 0.01505260
v 0.00168733 0.01817841 0.01547500
v 0.00179728 0.01823815 0.01545295
v 0.00217750 0.01768558 0.01524599
v 0.00273181 0.01752877 0.01503224
v 0.00284022 0.01779012 0.01506617
v 0.00235158 0.01793199 0.01523920
v 0.00187363 0.01798800 0.01539358
v 0.00176521 0.01810747 0.01544277
v 0.00181102 0.01839123 0.01545634
v 0.00180338 0.01858910 0.01545465
v 0.00186141 0.01879819 0.01542411
v 0.00187363 0.01938809 0.01538001
v 0.00187363 0.02019081 0.01532402
v 0.00195456 0.02679179 0.01484054
v 0.00207366 0.03579346 0.01417725
v 0.00204312 0.03179479 0.01446564
v 0.00233631 0.03959425 0.01383457
v 0.00225538 0.04018043 0.01381761
v 0.00227370 0.04039324 0.01379725
v 0.00228592 0.04218163 0.01366832
v 0.00208893 0.03439710 0.01427055
v 0.00207366 0.02999521 0.01458269
v 0.00216681 0.03446431 0.01424341
v 0.00220651 0.03699194 0.01405511
v 0.00267378 0.03139530 0.01430787
v 0.00267378 0.03379600 0.01413993
v 0.00302652 0.04479514 0.01326118
v 0.00327389 0.04819643 0.01294735
v 0.00305401 0.04739744 0.01306949
v 0.00289214 0.03380720 0.01407377
v 0.00338384 0.04913729 0.01284726
v 0.00368619 0.05038805 0.01266744
v 0.00364343 0.05059713 0.01266405
v 0.00361595 0.05079874 0.01265557
v 0.00367397 0.05139611 0.01259280
v 0.00347393 0.05059713 0.01270815
v 0.00287382 0.05159773 0.01274378
v 0.00367397 0.05159773 0.01257583
v 0.00367397 0.05179561 0.01255887
v 0.00347393 0.05179561 0.01260298
v 0.00307386 0.05179561 0.01268440
v 0.00245847 0.05158653 0.01282351
v 0.00238212 0.05151186 0.01284556
v 0.00287382 0.05179561 0.01272342
v 0.00233631 0.05164253 0.01283878
v 0.00247374 0.05199722 0.01277262
v 0.00147355 0.05139611 0.01299145
v 0.00227370 0.05259833 0.01272172
v 0.00167359 0.05159773 0.01294056
v 0.00147355 0.05159773 0.01296431
v 0.00127351 0.05139611 0.01300842
v 0.00147355 0.05099289 0.01303556
v 0.00126129 0.05118330 0.01303217
v 0.00107347 0.05159773 0.01300163
v 0.00107347 0.05179561 0.01297958
v 0.00087343 0.05199722 0.01296940
v 0.00067339 0.05199722 0.01298128
v 0.00007328 0.05259833 0.01289985
v 0.00007328 0.05239672 0.01293378
v 0.00047336 0.05219884 0.01295922
v 0.00047336 0.05239672 0.01292529
v 0.00033745 0.05289328 0.01284387
v 0.00020308 0.05290448 0.01284556
v 0.00007328 0.05279621 0.01286592
v -0.00018326 0.05214283 0.01296601
v -0.00012676 0.05259833 0.01289815
v -0.00018326 0.05239672 0.01292699
v -0.00018326 0.05219884 0.01295753
v -0.00018326 0.01748023 0.01549027
v 0.00007328 0.01747650 0.01547840
v 0.00067339 0.01745036 0.01534608
v 0.00047336 0.01745036 0.01534608
v 0.00867493 0.01654683 0.01054353
v 0.00400991 0.01728235 0.01425867
v 0.00719526 0.01708447 0.01265217
v 0.00427409 0.01730475 0.01420778
v 0.00367397 0.01737195 0.01454537
v 0.00307386 0.01745036 0.01488126
v 0.00287382 0.01742796 0.01491179
v 0.00321434 0.01747276 0.01485920
v 0.00227370 0.01818961 0.01530027
v 0.00318380 0.01846590 0.01504751
v 0.00191180 0.01839123 0.01542750
v 0.00238365 0.01806640 0.01524938
v 0.00307386 0.01758850 0.01494742
v 0.00279747 0.01766318 0.01505260
v 0.00293948 0.01779012 0.01503563
v 0.00297002 0.01789839 0.01504411
v 0.00246000 0.01799546 0.01521545
v 0.00207366 0.01798800 0.01533250
v 0.00207366 0.01858910 0.01537661
v 0.00207366 0.01879072 0.01536474
v 0.00207366 0.01919021 0.01533759
v 0.00197594 0.02090019 0.01524599
v 0.00199579 0.02359211 0.01505260
v 0.00267378 0.03459498 0.01408394
v 0.00207366 0.02419321 0.01498813
v 0.00220804 0.01979132 0.01525617
v 0.00231493 0.03119369 0.01442832
v 0.00306011 0.02239736 0.01482188
v 0.00327389 0.02219201 0.01477269
v 0.00307386 0.02639230 0.01453858
v 0.00345866 0.02358837 0.01462001
v 0.00307386 0.02879299 0.01437064
v 0.00304484 0.03039470 0.01426716
v 0.00333192 0.03819416 0.01363270
v 0.00328611 0.04358172 0.01326797
v 0.00348768 0.04838685 0.01286931
v 0.00367397 0.04939491 0.01274208
v 0.00379003 0.05019763 0.01265047
v 0.00367397 0.04999602 0.01269967
v 0.00346019 0.04920077 0.01282012
v 0.00358999 0.02259151 0.01465055
v 0.00347393 0.02659391 0.01440457
v 0.00327389 0.03339650 0.01398725
v 0.00387401 0.05119823 0.01255208
v 0.00371520 0.05079874 0.01262842
v 0.00387401 0.05159773 0.01252155
v 0.00387401 0.05179561 0.01250458
v 0.00367397 0.05199722 0.01253682
v 0.00308149 0.05199349 0.01266235
v 0.00347393 0.05199722 0.01258092
v 0.00315479 0.05206069 0.01264030
v 0.00267378 0.05179561 0.01276074
v 0.00287382 0.05199722 0.01270137
v 0.00247374 0.05179561 0.01279637
v 0.00267378 0.05219884 0.01271324
v 0.00247374 0.05259833 0.01269119
v 0.00207366 0.05279621 0.01271833
v 0.00107347 0.05199722 0.01295074
v 0.00087343 0.05219884 0.01293887
v 0.00067339 0.05219884 0.01295074
v -0.00012676 0.05319943 0.01279806
v 0.00067339 0.05239672 0.01291681
v 0.00047336 0.05319943 0.01278619
v 0.00027332 0.05339731 0.01275735
v 0.00007328 0.05319943 0.01279637
v -0.00018326 0.05296049 0.01283708
v -0.00018326 0.05280368 0.01286253
v -0.00018326 0.01747276 0.01544786
v 0.00867493 0.01651697 0.01034335
v 0.00887497 0.01649830 0.01015675
v 0.00898034 0.01648710 0.01004818
v 0.00887497 0.01653190 0.01034335
v 0.00887497 0.01659910 0.01054353
v 0.00868868 0.01663271 0.01076067
v 0.00759992 0.01707700 0.01246217
v 0.00447413 0.01727488 0.01407377
v 0.00616453 0.01729355 0.01344100
v 0.00603015 0.01727488 0.01346645
v 0.00573238 0.01729728 0.01362761
v 0.00559953 0.01728235 0.01365475
v 0.00516739 0.01728982 0.01384136
v 0.00472608 0.01729728 0.01402627
v 0.00447413 0.01732715 0.01417385
v 0.00407558 0.01733462 0.01433332
v 0.00427409 0.01738689 0.01434519
v 0.00347393 0.01743169 0.01470992
v 0.00367397 0.01745783 0.01467430
v 0.00379613 0.01748023 0.01465394
v 0.00334719 0.01751757 0.01483376
v 0.00327848 0.01758477 0.01488126
v 0.00287382 0.01818961 0.01511197
v 0.00315632 0.01833149 0.01504072
v 0.00306775 0.01797306 0.01502376
v 0.00326015 0.01839496 0.01501528
v 0.00347393 0.01839123 0.01494742
v 0.00379003 0.01845096 0.01485072
v 0.00380071 0.01858910 0.01485581
v 0.00367397 0.01858910 0.01489653
v 0.00328153 0.01858910 0.01501697
v 0.00318075 0.01858910 0.01504751
v 0.00307386 0.01858910 0.01507974
v 0.00254551 0.01858910 0.01523751
v 0.00340675 0.01765197 0.01485751
v 0.00307386 0.01779012 0.01499322
v 0.00327389 0.01798800 0.01495930
v 0.00327389 0.01779012 0.01492876
v 0.00242488 0.01879072 0.01526126
v 0.00238517 0.01913794 0.01524938
v 0.00347393 0.01879072 0.01495081
v 0.00365412 0.01919021 0.01486939
v 0.00367397 0.04659472 0.01293887
v 0.00377170 0.03328076 0.01384475
v 0.00387401 0.05079874 0.01258092
v 0.00376865 0.01906327 0.01484394
v 0.00367397 0.02399160 0.01452671
v 0.00406336 0.05139611 0.01247574
v 0.00404045 0.05159773 0.01246726
v 0.00401297 0.05179561 0.01245878
v 0.00399006 0.05194122 0.01245030
v 0.00388775 0.05200469 0.01247574
v 0.00396410 0.05207563 0.01244182
v 0.00383125 0.05216150 0.01246217
v 0.00369230 0.05221377 0.01248932
v 0.00347393 0.05219884 0.01255039
v 0.00302041 0.05216150 0.01265387
v 0.00327389 0.05219884 0.01259449
v 0.00308149 0.05221377 0.01263351
v 0.00289214 0.05221377 0.01267083
v 0.00267378 0.05239672 0.01268610
v 0.00266767 0.05258713 0.01265896
v 0.00259590 0.05271780 0.01264878
v 0.00246152 0.05278874 0.01265896
v 0.00227370 0.05279621 0.01268780
v 0.00207366 0.05299782 0.01268101
v 0.00187363 0.05299782 0.01270815
v 0.00187363 0.05279621 0.01274039
v 0.00167359 0.05299782 0.01273021
v 0.00107347 0.05257219 0.01285744
v 0.00107347 0.05299782 0.01278449
v 0.00087343 0.05319943 0.01276414
v -0.00012676 0.05339731 0.01276244
v -0.00018326 0.05334131 0.01277262
v 0.00067339 0.05339731 0.01274208
v 0.00047336 0.05339731 0.01275056
v 0.00027332 0.05359893 0.01271833
v 0.00007328 0.05359893 0.01272342
v 0.00007328 0.05339731 0.01276074
v -0.00018326 0.01745783 0.01534608
v 0.00876808 0.01648710 0.01005496
v 0.00887497 0.01648710 0.01005666
v 0.00911319 0.01649830 0.00999898
v 0.01019584 0.01628548 0.00786489
v 0.01040351 0.01628175 0.00767659
v 0.00932544 0.01650203 0.00980220
v 0.00905821 0.01652070 0.01012621
v 0.00909028 0.01661404 0.01035862
v 0.00902157 0.01666257 0.01054353
v 0.00897576 0.01668871 0.01064531
v 0.00887497 0.01666631 0.01069112
v 0.00876503 0.01669244 0.01083871
v 0.00874823 0.01690152 0.01122379
v 0.00858789 0.01708074 0.01165807
v 0.00794655 0.01710687 0.01221959
v 0.00773124 0.01711807 0.01240789
v 0.00766558 0.01719648 0.01253851
v 0.00760145 0.01727115 0.01266235
v 0.00736629 0.01729355 0.01284047
v 0.00711127 0.01731969 0.01301012
v 0.00697690 0.01728982 0.01304574
v 0.00670967 0.01731595 0.01321368
v 0.00657682 0.01728982 0.01324592
v 0.00627447 0.01730848 0.01341556
v 0.00566978 0.01734582 0.01373109
v 0.00587440 0.01731595 0.01359877
v 0.00547432 0.01732715 0.01378029
v 0.00487420 0.01731222 0.01399743
v 0.00407405 0.01743916 0.01449787
v 0.00527428 0.01737942 0.01394484
v 0.00527428 0.01746530 0.01407037
v 0.00427409 0.01746903 0.01446394
v 0.00437640 0.01748770 0.01444528
v 0.00458407 0.01767811 0.01444867
v 0.00347393 0.01818961 0.01492028
v 0.00407405 0.01839123 0.01473706
v 0.00424355 0.01839123 0.01467260
v 0.00363427 0.01818961 0.01486599
v 0.00360068 0.01802907 0.01485412
v 0.00376254 0.01831655 0.01484054
v 0.00386332 0.01838749 0.01481510
v 0.00464515 0.01798800 0.01447242
v 0.00390150 0.01858910 0.01481680
v 0.00379461 0.01879072 0.01485242
v 0.00367397 0.01879072 0.01488974
v 0.00317464 0.01869365 0.01504581
v 0.00344645 0.01779012 0.01487108
v 0.00349226 0.01797306 0.01488296
v 0.00380224 0.03299327 0.01385493
v 0.00393356 0.04979814 0.01263181
v 0.00396869 0.02085912 0.01464376
v 0.00400381 0.02339050 0.01445716
v 0.00396410 0.02383852 0.01444189
v 0.00394883 0.02399160 0.01443680
v 0.00382820 0.02419321 0.01446394
v 0.00396563 0.04665073 0.01284217
v 0.00395036 0.04679634 0.01283708
v 0.00467416 0.05059713 0.01232137
v 0.00481465 0.05079874 0.01225860
v 0.00479327 0.05099662 0.01225182
v 0.00427409 0.05139611 0.01240280
v 0.00409237 0.04840551 0.01267592
v 0.00465584 0.04938371 0.01241298
v 0.00414124 0.05159773 0.01243164
v 0.00476579 0.05125797 0.01224164
v 0.00447413 0.05159773 0.01231119
v 0.00464668 0.05139611 0.01227048
v 0.00427409 0.05179561 0.01236209
v 0.00406336 0.05200469 0.01241467
v 0.00444359 0.05199722 0.01227048
v 0.00467416 0.05199722 0.01218227
v 0.00467416 0.05219884 0.01215003
v 0.00481770 0.05239672 0.01206182
v 0.00478869 0.05252366 0.01204994
v 0.00468027 0.05259459 0.01207539
v 0.00461767 0.05276261 0.01206012
v 0.00449398 0.05281861 0.01209066
v 0.00444053 0.05299782 0.01206861
v 0.00427409 0.05299782 0.01212459
v 0.00407405 0.05319943 0.01214495
v 0.00399006 0.05372214 0.01204994
v 0.00387401 0.05379308 0.01207030
v 0.00374116 0.05325544 0.01223485
v 0.00367397 0.05299782 0.01231459
v 0.00353960 0.05265433 0.01243333
v 0.00347241 0.05259086 0.01246726
v 0.00347393 0.05239672 0.01250967
v 0.00327389 0.05239672 0.01256057
v 0.00278678 0.05251245 0.01264708
v 0.00307386 0.05239672 0.01260467
v 0.00286160 0.05258713 0.01261655
v 0.00307386 0.05259833 0.01256565
v 0.00266767 0.05278874 0.01261655
v 0.00251955 0.05285221 0.01263351
v 0.00238670 0.05290822 0.01264708
v 0.00217597 0.05309863 0.01264539
v 0.00187210 0.05320690 0.01266574
v 0.00167359 0.05319943 0.01269289
v 0.00147355 0.05319943 0.01271324
v 0.00127351 0.05319943 0.01273190
v 0.00107347 0.05319943 0.01274887
v -0.00018326 0.05339731 0.01276244
v -0.00012676 0.05359893 0.01272512
v 0.00107347 0.05339731 0.01271155
v 0.00087343 0.05359893 0.01268780
v 0.00067339 0.05359893 0.01270137
v 0.00047336 0.05359893 0.01271155
v 0.00047336 0.05377814 0.01266744
v 0.00027332 0.05378934 0.01267083
v -0.00012676 0.05379681 0.01267592
v -0.00018326 0.05374454 0.01268949
v -0.00018326 0.01745036 0.01514590
v 0.01107540 0.01611747 0.00594455
v 0.01067532 0.01618467 0.00674356
v 0.01027524 0.01625561 0.00754257
v 0.00939416 0.01648336 0.00966818
v 0.01107540 0.01612867 0.00614303
v 0.01138538 0.01608760 0.00567313
v 0.01059439 0.01628175 0.00746963
v 0.00952701 0.01650576 0.00958845
v 0.00946593 0.01653563 0.00973773
v 0.00922466 0.01665511 0.01030264
v 0.00916816 0.01669244 0.01043666
v 0.00912082 0.01672604 0.01054353
v 0.00894980 0.01690526 0.01101683
v 0.00881695 0.01686046 0.01109147
v 0.00878488 0.01708074 0.01145450
v 0.00872074 0.01714047 0.01158852
v 0.00865508 0.01720768 0.01172593
v 0.00858942 0.01727488 0.01185995
v 0.00838480 0.01727862 0.01205334
v 0.00827333 0.01723755 0.01209914
v 0.00788394 0.01717781 0.01235191
v 0.00782133 0.01725248 0.01248083
v 0.00773277 0.01731969 0.01261485
v 0.00759686 0.01747276 0.01285913
v 0.00747470 0.01733089 0.01280485
v 0.00736629 0.01749890 0.01303895
v 0.00723344 0.01745409 0.01307797
v 0.00698606 0.01748396 0.01325101
v 0.00687459 0.01745409 0.01328154
v 0.00659820 0.01747650 0.01345627
v 0.00620423 0.01747650 0.01365814
v 0.00627295 0.01741676 0.01355297
v 0.00580568 0.01747650 0.01385832
v 0.00567436 0.01745409 0.01388716
v 0.00546058 0.01743543 0.01394993
v 0.00538575 0.01748396 0.01404832
v 0.00494750 0.01751010 0.01423323
v 0.00487878 0.01758104 0.01429260
v 0.00502080 0.01764077 0.01426376
v 0.00558121 0.01767811 0.01404832
v 0.00515365 0.01774532 0.01423662
v 0.00487420 0.01779012 0.01435537
v 0.00470929 0.01779012 0.01441983
v 0.00460850 0.01779012 0.01445716
v 0.00447413 0.01779012 0.01450635
v 0.00387401 0.01779012 0.01472010
v 0.00478564 0.01824935 0.01445037
v 0.00434433 0.01839123 0.01463358
v 0.00357166 0.01789466 0.01484394
v 0.00366939 0.01797306 0.01482188
v 0.00415956 0.01792453 0.01464037
v 0.00418705 0.01805893 0.01465055
v 0.00487420 0.01798800 0.01438251
v 0.00476579 0.01811867 0.01444189
v 0.00447413 0.01798800 0.01453519
v 0.00480091 0.01839123 0.01445546
v 0.00435655 0.01858910 0.01463867
v 0.00389386 0.01879072 0.01481340
v 0.00385874 0.01899607 0.01481340
v 0.00409237 0.02059031 0.01461323
v 0.00416109 0.01979132 0.01464037
v 0.00461919 0.03439337 0.01346306
v 0.00470776 0.04039324 0.01301860
v 0.00497957 0.05012669 0.01224673
v 0.00459018 0.04059485 0.01305083
v 0.00455048 0.04099435 0.01303726
v 0.00478869 0.04819643 0.01245030
v 0.00416262 0.03143637 0.01384136
v 0.00407405 0.03339650 0.01373448
v 0.00493528 0.05059713 0.01222977
v 0.00489405 0.05099662 0.01221619
v 0.00478106 0.05112356 0.01224673
v 0.00423439 0.04499675 0.01286592
v 0.00487420 0.05139611 0.01218566
v 0.00485741 0.05119450 0.01221280
v 0.00461461 0.05159773 0.01225860
v 0.00456575 0.05187401 0.01224164
v 0.00471387 0.05159773 0.01222128
v 0.00487420 0.05179561 0.01213307
v 0.00487420 0.05199722 0.01210423
v 0.00497804 0.05210923 0.01204655
v 0.00522083 0.05259833 0.01186334
v 0.00559190 0.05293062 0.01165129
v 0.00486351 0.05259459 0.01200584
v 0.00475051 0.05265807 0.01203468
v 0.00468027 0.05281861 0.01202450
v 0.00457491 0.05289701 0.01204486
v 0.00435044 0.05326291 0.01203637
v 0.00417178 0.05349439 0.01204316
v 0.00406336 0.05379308 0.01200584
v 0.00393967 0.05385281 0.01203298
v 0.00380682 0.05393495 0.01205503
v 0.00354723 0.05347199 0.01223825
v 0.00360678 0.05333758 0.01225352
v 0.00367397 0.05340105 0.01221959
v 0.00340522 0.05273274 0.01245369
v 0.00327389 0.05259833 0.01251816
v 0.00287382 0.05279621 0.01256735
v 0.00287382 0.05299782 0.01251985
v 0.00267378 0.05319943 0.01251476
v 0.00230882 0.05304263 0.01263181
v 0.00207366 0.05323304 0.01262842
v 0.00193929 0.05327784 0.01264030
v 0.00247374 0.05319943 0.01255717
v 0.00247374 0.05339731 0.01250458
v 0.00227370 0.05339731 0.01254530
v 0.00207366 0.05359893 0.01253003
v 0.00207366 0.05339731 0.01258432
v 0.00155143 0.05348692 0.01264199
v 0.00141705 0.05352052 0.01265047
v 0.00127351 0.05355786 0.01265896
v 0.00127351 0.05339731 0.01269289
v -0.00018326 0.05359893 0.01272512
v 0.00114982 0.05368854 0.01264199
v 0.00101545 0.05371467 0.01264878
v 0.00087343 0.05373707 0.01265557
v 0.00067339 0.05376321 0.01266235
v 0.00067339 0.05399842 0.01259619
v 0.00047336 0.05399842 0.01260467
v 0.00027332 0.05399842 0.01261146
v 0.00007175 0.05381548 0.01266744
v 0.00013741 0.05389762 0.01264369
v 0.00000456 0.05390135 0.01264539
v -0.00018326 0.05387521 0.01265387
v -0.00018326 0.05379681 0.01267592
v -0.00018326 0.01745409 0.01510688
v 0.01267570 0.01603907 -0.00141788
v 0.01267570 0.01603160 -0.00125842
v 0.01267570 0.01602413 -0.00105824
v 0.01267570 0.01601293 -0.00065789
v 0.01135179 0.01608013 0.00514385
v 0.01133041 0.01608013 0.00534402
v 0.01131972 0.01608387 0.00554420
v 0.01133957 0.01608760 0.00567313
v 0.00958351 0.01648336 0.00945613
v 0.01147547 0.01607267 0.00534402
v 0.01167551 0.01605773 0.00494367
v 0.01160680 0.01608013 0.00534402
v 0.01158236 0.01608760 0.00545429
v 0.01078221 0.01628548 0.00725249
v 0.00977591 0.01648710 0.00924408
v 0.00967055 0.01664391 0.00973264
v 0.00947814 0.01663271 0.00994300
v 0.00971788 0.01651323 0.00937809
v 0.00973315 0.01671485 0.00979372
v 0.00954533 0.01670738 0.01000916
v 0.01008437 0.01692766 0.00975809
v 0.00977896 0.01688659 0.01004818
v 0.00958656 0.01687912 0.01025684
v 0.00920175 0.01686792 0.01067415
v 0.00971941 0.01692766 0.01018219
v 0.00928268 0.01697993 0.01075389
v 0.00897728 0.01708447 0.01124754
v 0.00891773 0.01714421 0.01138156
v 0.00885359 0.01720768 0.01152236
v 0.00878946 0.01727488 0.01165977
v 0.00872380 0.01734209 0.01179209
v 0.00858789 0.01747650 0.01205673
v 0.00851765 0.01734209 0.01199227
v 0.00817255 0.01749143 0.01244351
v 0.00817102 0.01728982 0.01224164
v 0.00795419 0.01730475 0.01242994
v 0.00781828 0.01745409 0.01267762
v 0.00795266 0.01751010 0.01262842
v 0.00772819 0.01753250 0.01281163
v 0.00766711 0.01759597 0.01289815
v 0.00779385 0.01766691 0.01285913
v 0.00748692 0.01757357 0.01300503
v 0.00756022 0.01770798 0.01303556
v 0.00742737 0.01763331 0.01307458
v 0.00711891 0.01755117 0.01321029
v 0.00706088 0.01760717 0.01327306
v 0.00673105 0.01753997 0.01342065
v 0.00633708 0.01753250 0.01362591
v 0.00593853 0.01752877 0.01382609
v 0.00551860 0.01754743 0.01402118
v 0.00565909 0.01760344 0.01398386
v 0.00587287 0.01759224 0.01388377
v 0.00599350 0.01765944 0.01385493
v 0.00587440 0.01779012 0.01394314
v 0.00570795 0.01779012 0.01401779
v 0.00517960 0.01787599 0.01424680
v 0.00547432 0.01818961 0.01416537
v 0.00578278 0.01826055 0.01404832
v 0.00579957 0.01839123 0.01405511
v 0.00507424 0.01839123 0.01434689
v 0.00490016 0.01839123 0.01441644
v 0.00507424 0.01798800 0.01430278
v 0.00564534 0.01798800 0.01407377
v 0.00535979 0.01858910 0.01424001
v 0.00580263 0.01879072 0.01405680
v 0.00467416 0.01879072 0.01450466
v 0.00424660 0.01879072 0.01467430
v 0.00509409 0.01960837 0.01428243
v 0.00497957 0.04132290 0.01284726
v 0.00577667 0.02790066 0.01344609
v 0.00554303 0.03239590 0.01323234
v 0.00595991 0.02399160 0.01363948
v 0.00536743 0.04204722 0.01264199
v 0.00517808 0.04892075 0.01224673
v 0.00505744 0.05019390 0.01220941
v 0.00507424 0.05079874 0.01216021
v 0.00507424 0.05099662 0.01214495
v 0.00507424 0.05119823 0.01212798
v 0.00507424 0.05139611 0.01210593
v 0.00487420 0.05159773 0.01216021
v 0.00499789 0.05199722 0.01205503
v 0.00508493 0.05159026 0.01207709
v 0.00575376 0.05263566 0.01163602
v 0.00532009 0.05259833 0.01182263
v 0.00562244 0.05279621 0.01166316
v 0.00515212 0.05285968 0.01183620
v 0.00526359 0.05279621 0.01180736
v 0.00572169 0.05279621 0.01162245
v 0.00566520 0.05299782 0.01160718
v 0.00555372 0.05306129 0.01163602
v 0.00548195 0.05299782 0.01167843
v 0.00487420 0.05279621 0.01195664
v 0.00527428 0.05299782 0.01175816
v 0.00541171 0.05319943 0.01165807
v 0.00505592 0.05318077 0.01179548
v 0.00467416 0.05319943 0.01193289
v 0.00446802 0.05319943 0.01200923
v 0.00449398 0.05361760 0.01189388
v 0.00467416 0.05399842 0.01172593
v 0.00479174 0.05412163 0.01164959
v 0.00434280 0.05405443 0.01183280
v 0.00407405 0.05399842 0.01194646
v 0.00387401 0.05400215 0.01201432
v 0.00374574 0.05406936 0.01203637
v 0.00367703 0.05400215 0.01207370
v 0.00347851 0.05360266 0.01222298
v 0.00327542 0.05300156 0.01242146
v 0.00327542 0.05279994 0.01247066
v 0.00347393 0.05319943 0.01232307
v 0.00307386 0.05279621 0.01251985
v 0.00307538 0.05300156 0.01247066
v 0.00307538 0.05319943 0.01242146
v 0.00307386 0.05339731 0.01237226
v 0.00293948 0.05326664 0.01243673
v 0.00287382 0.05319943 0.01246896
v 0.00280663 0.05332638 0.01245199
v 0.00313341 0.05386775 0.01223655
v 0.00259285 0.05351306 0.01244860
v 0.00187363 0.05379681 0.01251307
v 0.00187210 0.05338985 0.01262164
v 0.00167359 0.05345332 0.01263351
v 0.00223553 0.05374454 0.01245708
v 0.00207519 0.05380428 0.01247235
v 0.00200953 0.05392375 0.01245199
v 0.00167359 0.05359893 0.01259619
v 0.00167359 0.05379681 0.01254530
v 0.00147966 0.05359146 0.01262503
v 0.00127351 0.05365867 0.01263521
v 0.00127351 0.05379681 0.01259789
v 0.00127351 0.05399842 0.01254190
v 0.00107347 0.05399842 0.01256396
v 0.00087343 0.05399842 0.01258262
v 0.00067339 0.05412163 0.01255887
v 0.00047336 0.05412163 0.01256905
v 0.00027332 0.05412163 0.01257414
v 0.00020155 0.05412163 0.01257583
v 0.00007175 0.05397975 0.01262164
v -0.00018326 0.05397602 0.01262503
v -0.00018326 0.01746903 0.01500679
v 0.01256271 0.01607640 -0.00141788
v 0.01287574 0.01602040 -0.00141788
v 0.01287574 0.01601293 -0.00125842
v 0.01287574 0.01599053 -0.00065789
v 0.01287574 0.01597933 -0.00025753
v 0.01267570 0.01600920 -0.00045771
v 0.01167551 0.01605400 0.00474349
v 0.01147547 0.01606894 0.00514385
v 0.01187555 0.01604653 0.00454332
v 0.01187555 0.01606147 0.00474349
v 0.01179462 0.01608013 0.00507938
v 0.01197633 0.01608760 0.00484358
v 0.01165871 0.01614734 0.00553063
v 0.01147547 0.01618841 0.00594455
v 0.01122046 0.01626308 0.00654339
v 0.01041725 0.01646469 0.00830766
v 0.01019431 0.01647963 0.00867239
v 0.01007673 0.01645350 0.00874194
v 0.00996068 0.01649456 0.00902694
v 0.00991487 0.01651697 0.00914399
v 0.00986295 0.01665884 0.00952399
v 0.00992098 0.01672231 0.00957657
v 0.01006604 0.01679325 0.00953247
v 0.01002329 0.01685672 0.00970211
v 0.01027524 0.01694259 0.00954943
v 0.01038671 0.01708074 0.00965800
v 0.01019431 0.01707327 0.00986496
v 0.00966749 0.01699113 0.01033657
v 0.00917121 0.01709194 0.01103888
v 0.00912388 0.01713674 0.01114406
v 0.00917885 0.01728608 0.01124924
v 0.00898492 0.01727862 0.01145450
v 0.00898339 0.01747650 0.01165468
v 0.00885512 0.01740929 0.01172423
v 0.00842756 0.01758850 0.01229253
v 0.00878641 0.01747650 0.01185655
v 0.00863370 0.01758850 0.01210253
v 0.00857262 0.01768931 0.01224334
v 0.00809314 0.01756610 0.01255887
v 0.00836648 0.01770051 0.01243673
v 0.00814812 0.01771918 0.01262503
v 0.00801374 0.01764451 0.01267592
v 0.00806566 0.01779758 0.01273869
v 0.00798320 0.01787972 0.01285065
v 0.00786562 0.01780132 0.01288797
v 0.00717846 0.01768558 0.01324592
v 0.00767627 0.01777892 0.01299824
v 0.00774498 0.01793199 0.01302878
v 0.00761366 0.01784239 0.01306610
v 0.00678755 0.01767064 0.01345118
v 0.00606680 0.01759224 0.01378877
v 0.00639205 0.01766318 0.01365475
v 0.00642870 0.01779012 0.01367172
v 0.00612788 0.01779012 0.01382100
v 0.00602710 0.01779012 0.01387020
v 0.00615842 0.01793573 0.01383627
v 0.00608512 0.01799546 0.01388207
v 0.00587440 0.01798800 0.01397707
v 0.00574460 0.01798800 0.01403305
v 0.00585913 0.01819334 0.01400930
v 0.00589883 0.01839123 0.01401439
v 0.00607443 0.01858910 0.01395332
v 0.00591257 0.01858910 0.01401948
v 0.00581179 0.01858910 0.01406019
v 0.00558579 0.02015348 0.01405002
v 0.00590341 0.01879072 0.01401609
v 0.00585607 0.01917528 0.01400930
v 0.00561175 0.02278939 0.01386002
v 0.00598587 0.02075458 0.01384984
v 0.00618438 0.01955237 0.01384984
v 0.00577667 0.03370266 0.01304574
v 0.00565298 0.03399388 0.01307797
v 0.00536285 0.04499675 0.01244012
v 0.00536590 0.04784547 0.01224164
v 0.00510631 0.04979814 0.01221619
v 0.00527428 0.04959653 0.01215852
v 0.00527428 0.05039551 0.01210253
v 0.00525748 0.05079874 0.01208048
v 0.00523916 0.05099662 0.01207370
v 0.00531856 0.05119823 0.01201941
v 0.00519640 0.05139611 0.01205334
v 0.00518113 0.05151559 0.01204655
v 0.00515823 0.05165000 0.01203807
v 0.00577667 0.05250499 0.01164450
v 0.00585607 0.05257966 0.01159700
v 0.00587440 0.05279621 0.01155290
v 0.00587440 0.05299782 0.01151388
v 0.00587440 0.05318077 0.01147317
v 0.00567436 0.05319943 0.01155459
v 0.00551097 0.05319943 0.01161906
v 0.00545599 0.05337865 0.01159361
v 0.00526817 0.05359893 0.01160888
v 0.00515212 0.05366613 0.01163602
v 0.00508035 0.05359893 0.01168013
v 0.00468180 0.05361760 0.01182432
v 0.00479785 0.05333384 0.01185316
v 0.00468180 0.05339731 0.01188030
v 0.00489253 0.05381548 0.01169370
v 0.00493528 0.05399842 0.01162923
v 0.00459781 0.05412163 0.01172084
v 0.00489100 0.05412163 0.01161227
v 0.00419010 0.05412163 0.01187012
v 0.00407863 0.05412163 0.01190914
v 0.00387401 0.05412163 0.01197870
v 0.00379613 0.05412163 0.01200414
v 0.00371978 0.05412163 0.01202789
v 0.00361900 0.05412163 0.01205673
v 0.00359915 0.05412163 0.01206182
v 0.00347393 0.05399842 0.01212459
v 0.00347393 0.05379681 0.01217548
v 0.00334719 0.05366987 0.01223825
v 0.00327695 0.05360266 0.01227218
v 0.00321129 0.05293435 0.01245369
v 0.00321281 0.05373334 0.01225352
v 0.00347241 0.05412163 0.01209236
v 0.00319754 0.05412163 0.01215173
v 0.00287993 0.05412163 0.01221789
v 0.00266462 0.05358773 0.01241298
v 0.00236838 0.05369600 0.01244351
v 0.00187363 0.05396482 0.01246387
v 0.00176826 0.05409550 0.01244351
v 0.00169038 0.05401709 0.01247914
v 0.00207519 0.05399469 0.01241807
v 0.00179269 0.05412163 0.01243164
v 0.00147355 0.05379681 0.01257244
v 0.00163847 0.05412163 0.01245708
v 0.00147355 0.05399842 0.01251646
v 0.00127809 0.05412163 0.01250458
v 0.00119105 0.05412163 0.01251476
v 0.00107347 0.05412163 0.01252833
v 0.00099407 0.05412163 0.01253512
v 0.00087343 0.05412163 0.01254530
v -0.00000765 0.05412163 0.01257923
v -0.00018326 0.05412163 0.01257923
v -0.00018326 0.01749143 0.01497965
v 0.01255202 0.01609880 -0.00141788
v -0.00018326 0.01755490 0.01490671
v -0.00018326 0.01758104 0.01488296
v -0.00018326 0.01765571 0.01482528
v 0.01291239 0.01602787 -0.00141788
v 0.01306051 0.01604653 -0.00105824
v 0.01307578 0.01602787 -0.00045771
v 0.01307578 0.01602413 -0.00025753
v 0.01307578 0.01602413 -0.00005905
v 0.01307578 0.01602787 0.00014112
v 0.01287574 0.01599053 0.00034130
v 0.01207559 0.01605400 0.00434314
v 0.01207559 0.01606894 0.00453144
v 0.01218248 0.01608387 0.00445680
v 0.01231227 0.01611747 0.00434314
v 0.01226036 0.01614361 0.00453144
v 0.01244207 0.01624815 0.00454332
v 0.01205574 0.01615854 0.00492331
v 0.01179767 0.01627428 0.00567991
v 0.01168315 0.01623321 0.00574438
v 0.01147242 0.01625188 0.00612946
v 0.01107387 0.01633029 0.00695222
v 0.01059439 0.01647590 0.00807355
v 0.01055163 0.01650203 0.00820757
v 0.01033785 0.01650950 0.00854346
v 0.01014392 0.01650203 0.00880640
v 0.01008437 0.01661777 0.00914908
v 0.01001260 0.01666257 0.00934247
v 0.00997442 0.01668871 0.00944425
v 0.01034243 0.01690899 0.00939845
v 0.01042947 0.01704713 0.00954265
v 0.01032716 0.01713674 0.00979032
v 0.00994235 0.01712181 0.01020764
v 0.00936362 0.01709941 0.01083192
v 0.01056843 0.01709567 0.00943577
v 0.01053025 0.01714047 0.00954265
v 0.01062035 0.01723755 0.00954265
v 0.01057912 0.01728235 0.00964952
v 0.01039130 0.01727115 0.00986157
v 0.00922466 0.01723755 0.01114406
v 0.00994846 0.01731595 0.01041460
v 0.00943539 0.01742423 0.01111013
v 0.00937431 0.01748770 0.01124415
v 0.00905058 0.01741302 0.01151897
v 0.00902767 0.01758850 0.01169879
v 0.00893147 0.01758850 0.01179888
v 0.00883069 0.01758850 0.01190236
v 0.00918038 0.01748396 0.01144941
v 0.00942775 0.01762211 0.01130183
v 0.00936667 0.01770051 0.01143415
v 0.00873296 0.01758850 0.01200245
v 0.00877266 0.01768931 0.01204316
v 0.00862302 0.01782372 0.01229423
v 0.00855583 0.01791333 0.01242655
v 0.00849780 0.01776025 0.01236548
v 0.00842145 0.01783119 0.01248253
v 0.00828555 0.01777518 0.01255378
v 0.00820461 0.01785359 0.01266744
v 0.00812521 0.01798800 0.01280824
v 0.00802595 0.01798800 0.01287949
v 0.00779232 0.01806267 0.01305422
v 0.00735865 0.01792079 0.01323574
v 0.00786562 0.01799546 0.01298297
v 0.00692498 0.01779012 0.01341895
v 0.00696163 0.01791706 0.01343761
v 0.00699522 0.01804774 0.01345458
v 0.00648673 0.01798800 0.01368868
v 0.00659056 0.01805520 0.01365136
v 0.00625920 0.01799546 0.01379895
v 0.00618285 0.01806640 0.01384814
v 0.00623172 0.01839123 0.01387189
v 0.00607443 0.01839123 0.01394145
v 0.00624699 0.01858910 0.01387868
v 0.00624088 0.01879072 0.01387529
v 0.00607443 0.01879072 0.01394654
v 0.00647451 0.01879072 0.01376502
v 0.00687459 0.01879072 0.01357502
v 0.00665928 0.01979505 0.01360725
v 0.00611566 0.02899460 0.01321708
v 0.00571864 0.04299555 0.01241807
v 0.00546363 0.04939491 0.01208727
v 0.00537964 0.05052992 0.01204655
v 0.00538575 0.04759532 0.01225012
v 0.00535827 0.05079874 0.01203637
v 0.00547432 0.05099662 0.01196343
v 0.00573086 0.05119823 0.01182263
v 0.00570948 0.05139611 0.01181245
v 0.00547432 0.05139611 0.01192441
v 0.00549417 0.05161640 0.01189048
v 0.00529566 0.05139611 0.01200753
v 0.00525748 0.05159026 0.01200245
v 0.00582095 0.05219884 0.01166486
v 0.00592021 0.05219884 0.01161906
v 0.00546058 0.05179561 0.01188370
v 0.00607443 0.05219884 0.01154441
v 0.00608665 0.05258713 0.01148334
v 0.00603626 0.05279621 0.01147486
v 0.00599808 0.05299782 0.01145620
v 0.00597671 0.05310236 0.01144432
v 0.00594006 0.05323677 0.01142906
v 0.00607596 0.05358399 0.01127638
v 0.00580721 0.05334878 0.01145790
v 0.00572628 0.05359893 0.01142397
v 0.00568810 0.05340852 0.01149183
v 0.00547432 0.05359893 0.01152745
v 0.00527428 0.05379681 0.01155290
v 0.00507424 0.05399842 0.01157665
v 0.00507424 0.05412163 0.01154102
v 0.00239281 0.05412163 0.01231628
v 0.00169038 0.05412163 0.01244860
v 0.00219735 0.05412163 0.01235530
v 0.00207366 0.05412163 0.01237905
v 0.00195608 0.05412163 0.01240110
v 0.00147355 0.05412163 0.01247914
v -0.00018326 0.05412163 0.01115085
v 0.01251384 0.01618841 -0.00141788
v -0.00018326 0.01769304 0.01480322
v -0.00018326 0.01795439 0.01465224
v 0.01304066 0.01605773 -0.00141788
v 0.01307578 0.01603533 -0.00065789
v 0.01312006 0.01609507 -0.00141788
v 0.01316129 0.01609507 -0.00105824
v 0.01318267 0.01608387 -0.00065789
v 0.01319031 0.01608013 -0.00045771
v 0.01319489 0.01607640 -0.00025753
v 0.01319489 0.01607640 -0.00005905
v 0.01319183 0.01608013 0.00014112
v 0.01318725 0.01608387 0.00034130
v 0.01309410 0.01605027 0.00054826
v 0.01307578 0.01603533 0.00034130
v 0.01306509 0.01604653 0.00074165
v 0.01287574 0.01600546 0.00074165
v 0.01227563 0.01605773 0.00394279
v 0.01228021 0.01606894 0.00413957
v 0.01221302 0.01607640 0.00434314
v 0.01238557 0.01608387 0.00407171
v 0.01235045 0.01609880 0.00420403
v 0.01249246 0.01622201 0.00435841
v 0.01260241 0.01627055 0.00430242
v 0.01254133 0.01630788 0.00454332
v 0.01247108 0.01633775 0.00474858
v 0.01236114 0.01629668 0.00481983
v 0.01222371 0.01625935 0.00494367
v 0.01171521 0.01632282 0.00594455
v 0.01158084 0.01628548 0.00605312
v 0.01235350 0.01650203 0.00540679
v 0.01121435 0.01646469 0.00710490
v 0.01087994 0.01643856 0.00754088
v 0.01117160 0.01649083 0.00723892
v 0.01087994 0.01652443 0.00776141
v 0.01042336 0.01665511 0.00874364
v 0.01038519 0.01668124 0.00885899
v 0.01027372 0.01664017 0.00893194
v 0.01026608 0.01655057 0.00874194
v 0.01020500 0.01666631 0.00908801
v 0.01015919 0.01669991 0.00922033
v 0.01043100 0.01684925 0.00914399
v 0.01053178 0.01692019 0.00914399
v 0.01047986 0.01698366 0.00934926
v 0.01061118 0.01705834 0.00930176
v 0.01078832 0.01707700 0.00906426
v 0.01074556 0.01711807 0.00919827
v 0.01094255 0.01732342 0.00919318
v 0.01080970 0.01725248 0.00929327
v 0.01076389 0.01730102 0.00942729
v 0.01072724 0.01737569 0.00955791
v 0.01076847 0.01749890 0.00963425
v 0.01058217 0.01748023 0.00985139
v 0.01039282 0.01746903 0.01006514
v 0.01033327 0.01733462 0.00999559
v 0.01020195 0.01745783 0.01027550
v 0.00956824 0.01749516 0.01103719
v 0.00975606 0.01771171 0.01102361
v 0.00929185 0.01776398 0.01156307
v 0.00897117 0.01769304 0.01184129
v 0.00968429 0.01777518 0.01115424
v 0.00980798 0.01784612 0.01107960
v 0.00961252 0.01783865 0.01128317
v 0.00909486 0.01776025 0.01176495
v 0.00882153 0.01782372 0.01209405
v 0.00875739 0.01791333 0.01222637
v 0.00867952 0.01798053 0.01234851
v 0.00860011 0.01804774 0.01246726
v 0.00833747 0.01794319 0.01261655
v 0.00827180 0.01799920 0.01269967
v 0.00816797 0.01810374 0.01283878
v 0.00739530 0.01805520 0.01325440
v 0.00809009 0.01817841 0.01291172
v 0.00792212 0.01818961 0.01301690
v 0.00782286 0.01818961 0.01306949
v 0.00706699 0.01798426 0.01340199
v 0.00742431 0.01818961 0.01326967
v 0.00727467 0.01818961 0.01334431
v 0.00702423 0.01818961 0.01346815
v 0.00671578 0.01818961 0.01361574
v 0.00630196 0.01818961 0.01381082
v 0.00664706 0.01839123 0.01367850
v 0.00665928 0.01858910 0.01368529
v 0.00676006 0.01858910 0.01363779
v 0.00687459 0.01858910 0.01358350
v 0.00707005 0.01858910 0.01349020
v 0.00716930 0.01858910 0.01344270
v 0.00716167 0.01879072 0.01343761
v 0.00711738 0.01938809 0.01341726
v 0.00700286 0.01958970 0.01345797
v 0.00698759 0.01979132 0.01345118
v 0.00689139 0.01998547 0.01348341
v 0.00671272 0.02499220 0.01321538
v 0.00640885 0.02639230 0.01326118
v 0.00625462 0.03279539 0.01288288
v 0.00618285 0.03659245 0.01264878
v 0.00569421 0.04500795 0.01228744
v 0.00550486 0.05019763 0.01201093
v 0.00674479 0.02739290 0.01303047
v 0.00567436 0.05059713 0.01190066
v 0.00568810 0.05078007 0.01188030
v 0.00576445 0.05083234 0.01183959
v 0.00564840 0.05099662 0.01188030
v 0.00603931 0.05119823 0.01167504
v 0.00601793 0.05139611 0.01166486
v 0.00566367 0.05161640 0.01181075
v 0.00584844 0.05199722 0.01167843
v 0.00555983 0.05179561 0.01183789
v 0.00594769 0.05199722 0.01163093
v 0.00607443 0.05199722 0.01156986
v 0.00625157 0.05199722 0.01148334
v 0.00622408 0.05219884 0.01146977
v 0.00625768 0.05258713 0.01139683
v 0.00615995 0.05264686 0.01143754
v 0.00627447 0.05279621 0.01135441
v 0.00637984 0.05310983 0.01124754
v 0.00609887 0.05299782 0.01140700
v 0.00634930 0.05324424 0.01123227
v 0.00605611 0.05318077 0.01138834
v 0.00618285 0.05350932 0.01124754
v 0.00614315 0.05364373 0.01123058
v 0.00607596 0.05381174 0.01121531
v 0.00601030 0.05375574 0.01125942
v 0.00587440 0.05359893 0.01136120
v 0.00554151 0.05384908 0.01143075
v 0.00547432 0.05378934 0.01147486
v 0.00593242 0.05399842 0.01122718
v 0.00579041 0.05412163 0.01125263
v 0.00540866 0.05394615 0.01145790
v 0.00528650 0.05400589 0.01149013
v 0.00536132 0.05408056 0.01143924
v 0.00524527 0.05412163 0.01147317
v -0.00018326 0.05385281 0.01116442
v 0.01194427 0.05412163 -0.00141788
v 0.01247108 0.01639002 -0.00141788
v -0.00018326 0.01807387 0.01458439
v -0.00018326 0.01821948 0.01450296
v -0.00018326 0.01830909 0.01445546
v -0.00018326 0.01840989 0.01440457
v -0.00018326 0.01861897 0.01430278
v -0.00018326 0.01902220 0.01410770
v -0.00018326 0.01938809 0.01393127
v -0.00018326 0.02008254 0.01359708
v -0.00018326 0.02034389 0.01347154
v -0.00018326 0.02044470 0.01342404
v -0.00018326 0.02059031 0.01335618
v -0.00018326 0.02078819 0.01326458
v -0.00018326 0.02098980 0.01317127
v -0.00018326 0.02119888 0.01308136
v -0.00018326 0.02125489 0.01305931
v -0.00018326 0.02132582 0.01303726
v 0.01327582 0.01617721 -0.00141788
v 0.01317046 0.01609134 -0.00090556
v 0.01342394 0.01625935 -0.00141788
v 0.01343005 0.01625561 -0.00125842
v 0.01353083 0.01631535 -0.00125842
v 0.01328956 0.01613987 -0.00045771
v 0.01329567 0.01613614 -0.00025753
v 0.01329567 0.01613614 -0.00005905
v 0.01346364 0.01623695 0.00034130
v 0.01329262 0.01613614 0.00014112
v 0.01325902 0.01613241 0.00054826
v 0.01318114 0.01608760 0.00048549
v 0.01345906 0.01624068 0.00054148
v 0.01355221 0.01630042 0.00074165
v 0.01302386 0.01606520 0.00134218
v 0.01278259 0.01608760 0.00306404
v 0.01315213 0.01609880 0.00094183
v 0.01240390 0.01607640 0.00394279
v 0.01257492 0.01608760 0.00364252
v 0.01246192 0.01614361 0.00413957
v 0.01263906 0.01624815 0.00414296
v 0.01273831 0.01631162 0.00414296
v 0.01289254 0.01641616 0.00415823
v 0.01297194 0.01649083 0.00423457
v 0.01267265 0.01633402 0.00435841
v 0.01257187 0.01629295 0.00443474
v 0.01269403 0.01641243 0.00456028
v 0.01264516 0.01644229 0.00474349
v 0.01256729 0.01649456 0.00502849
v 0.01243138 0.01645350 0.00514385
v 0.01217790 0.01648710 0.00564768
v 0.01200229 0.01647216 0.00588687
v 0.01167551 0.01644603 0.00633303
v 0.01253216 0.01651697 0.00514385
v 0.01231075 0.01653190 0.00554420
v 0.01213514 0.01651323 0.00578000
v 0.01156557 0.01649456 0.00662990
v 0.01152892 0.01651697 0.00674356
v 0.01127849 0.01652816 0.00716088
v 0.01082039 0.01665511 0.00814311
v 0.01078374 0.01668124 0.00825676
v 0.01056232 0.01669618 0.00862489
v 0.01061271 0.01686046 0.00889970
v 0.01074556 0.01690899 0.00879792
v 0.01100515 0.01706207 0.00869274
v 0.01096392 0.01709941 0.00882676
v 0.01092728 0.01692393 0.00854346
v 0.01136095 0.01690152 0.00781909
v 0.01092728 0.01713674 0.00894381
v 0.01102348 0.01723755 0.00894381
v 0.01098683 0.01727862 0.00906086
v 0.01112426 0.01734582 0.00894381
v 0.01117923 0.01748396 0.00905069
v 0.01100210 0.01745783 0.00927970
v 0.01081886 0.01743543 0.00950193
v 0.01095324 0.01751757 0.00941372
v 0.01088605 0.01757357 0.00955791
v 0.01081886 0.01762957 0.00969872
v 0.01057759 0.01768558 0.01004648
v 0.01045848 0.01761090 0.01012282
v 0.01033480 0.01753623 0.01019746
v 0.00995304 0.01751383 0.01061817
v 0.01000802 0.01764824 0.01068264
v 0.00994999 0.01772291 0.01081496
v 0.01000038 0.01785359 0.01087433
v 0.00941553 0.01783492 0.01148674
v 0.00935140 0.01792453 0.01162075
v 0.00994083 0.01793573 0.01100665
v 0.00974537 0.01793199 0.01121361
v 0.00915442 0.01792079 0.01182263
v 0.00902004 0.01782745 0.01189218
v 0.00907654 0.01798426 0.01194646
v 0.00880015 0.01804774 0.01227048
v 0.00873296 0.01818961 0.01240280
v 0.00863218 0.01818961 0.01249780
v 0.00851307 0.01818961 0.01259789
v 0.00819545 0.01823815 0.01285913
v 0.00807329 0.01839123 0.01296601
v 0.00795724 0.01839123 0.01303556
v 0.00785646 0.01839123 0.01308645
v 0.00745791 0.01839123 0.01328663
v 0.00715709 0.01839123 0.01343592
v 0.00687459 0.01839123 0.01357163
v 0.00757091 0.01858910 0.01324252
v 0.00727467 0.01879072 0.01338163
v 0.00719068 0.02119141 0.01325270
v 0.00711891 0.02219201 0.01321708
v 0.00700438 0.02238989 0.01325949
v 0.00697995 0.02272592 0.01324761
v 0.00689291 0.02278939 0.01328493
v 0.00570795 0.04879754 0.01201262
v 0.00584233 0.04979814 0.01187691
v 0.00674785 0.03299327 0.01263181
v 0.00670204 0.03079419 0.01280994
v 0.00657224 0.03966892 0.01224334
v 0.00657987 0.03392294 0.01264708
v 0.00588203 0.05059713 0.01180057
v 0.00577514 0.05069793 0.01184468
v 0.00621950 0.05019763 0.01166656
v 0.00616911 0.05086221 0.01164111
v 0.00615689 0.05099662 0.01163602
v 0.00617980 0.05073154 0.01164620
v 0.00627447 0.05119823 0.01155968
v 0.00611719 0.05139611 0.01161736
v 0.00588967 0.05179187 0.01168352
v 0.00596602 0.05185535 0.01163941
v 0.00605916 0.05179187 0.01160209
v 0.00629127 0.05179934 0.01148843
v 0.00636762 0.05187028 0.01144093
v 0.00635235 0.05199722 0.01143245
v 0.00669287 0.05239672 0.01120174
v 0.00657682 0.05250499 0.01124584
v 0.00648520 0.05258339 0.01128147
v 0.00655850 0.05263940 0.01123567
v 0.00653406 0.05279621 0.01122210
v 0.00650047 0.05299782 0.01120513
v 0.00669287 0.05300902 0.01109995
v 0.00664859 0.05319943 0.01108469
v 0.00645771 0.05318450 0.01118986
v 0.00647451 0.05339731 0.01113049
v 0.00631112 0.05339731 0.01121361
v 0.00621187 0.05339731 0.01126111
v 0.00625920 0.05358399 0.01119156
v 0.00624699 0.05399842 0.01108299
v 0.00617827 0.05412163 0.01108129
v 0.00607443 0.05399842 0.01116442
v 0.00596907 0.05389015 0.01124076
v 0.00602252 0.05412163 0.01115254
v 0.00588967 0.05412163 0.01121022
v 0.00559801 0.05412163 0.01133067
v 0.00530482 0.05412163 0.01144941
v -0.00018326 0.05325171 0.01119495
v 0.01334759 0.05412163 -0.00141788
v -0.00018326 0.02159091 0.01298128
v -0.00018326 0.02179252 0.01295413
v -0.00018326 0.02184479 0.01294904
v -0.00018326 0.02224428 0.01292021
v -0.00018326 0.02318515 0.01285235
v -0.00018326 0.02424549 0.01277601
v -0.00018326 0.02625042 0.01263181
v -0.00018326 0.02804627 0.01250289
v -0.00018326 0.02824789 0.01248932
v -0.00018326 0.02883779 0.01245030
v -0.00018326 0.02899460 0.01244012
v -0.00018326 0.02984960 0.01239432
v -0.00018326 0.03004748 0.01238414
v -0.00018326 0.03272446 0.01224673
v -0.00018326 0.03699194 0.01202789
v -0.00018326 0.05222124 0.01124754
v 0.01352472 0.01631908 -0.00141788
v 0.01353694 0.01631162 -0.00105824
v 0.01355526 0.01633775 -0.00141788
v 0.01370033 0.01642736 -0.00141788
v 0.01345906 0.01623695 -0.00025753
v 0.01356290 0.01629668 -0.00005905
v 0.01367590 0.01636389 0.00014112
v 0.01356442 0.01629668 0.00014112
v 0.01367590 0.01636389 0.00054148
v 0.01355832 0.01629668 0.00054148
v 0.01327582 0.01615107 0.00074165
v 0.01344226 0.01625188 0.00094183
v 0.01382096 0.01646096 0.00094183
v 0.01381333 0.01646469 0.00114201
v 0.01298416 0.01608387 0.00189521
v 0.01285894 0.01613987 0.00313529
v 0.01307578 0.01616227 0.00234307
v 0.01307578 0.01619961 0.00274342
v 0.01312465 0.01611374 0.00134218
v 0.01349418 0.01633029 0.00174254
v 0.01339340 0.01627802 0.00174254
v 0.01327582 0.01621828 0.00174254
v 0.01287574 0.01619588 0.00334225
v 0.01267570 0.01616974 0.00374261
v 0.01268945 0.01622948 0.00394957
v 0.01279328 0.01627802 0.00388680
v 0.01286658 0.01634149 0.00394957
v 0.01303455 0.01644976 0.00394279
v 0.01316282 0.01649830 0.00381216
v 0.01328040 0.01663271 0.00392752
v 0.01306967 0.01654310 0.00415823
v 0.01321474 0.01665511 0.00414296
v 0.01318725 0.01667751 0.00426850
v 0.01294599 0.01650950 0.00434314
v 0.01280703 0.01646843 0.00450599
v 0.01277343 0.01649083 0.00464001
v 0.01274595 0.01650950 0.00474349
v 0.01282077 0.01665137 0.00494367
v 0.01267876 0.01662524 0.00513536
v 0.01244513 0.01663271 0.00554420
v 0.01240237 0.01666631 0.00568839
v 0.01218859 0.01667751 0.00606500
v 0.01207711 0.01662897 0.00613625
v 0.01207101 0.01654310 0.00594964
v 0.01201298 0.01665884 0.00630419
v 0.01179615 0.01667378 0.00667740
v 0.01160985 0.01666257 0.00694374
v 0.01100363 0.01666631 0.00788695
v 0.01113800 0.01671485 0.00778516
v 0.01153350 0.01671858 0.00717954
v 0.01122046 0.01685299 0.00794293
v 0.01121130 0.01705460 0.00834328
v 0.01157626 0.01688659 0.00744588
v 0.01117923 0.01708447 0.00844846
v 0.01113800 0.01712554 0.00858248
v 0.01120214 0.01725995 0.00868765
v 0.01197175 0.01669244 0.00643821
v 0.01116244 0.01730475 0.00882167
v 0.01135637 0.01751010 0.00881319
v 0.01132277 0.01758104 0.00895738
v 0.01136858 0.01770051 0.00903203
v 0.01118687 0.01767437 0.00925935
v 0.01100363 0.01765197 0.00948157
v 0.01095324 0.01772291 0.00961390
v 0.01076541 0.01770425 0.00983273
v 0.01038061 0.01787972 0.01045023
v 0.01038977 0.01767064 0.01026023
v 0.01019889 0.01765944 0.01047228
v 0.01017904 0.01808134 0.01084888
v 0.00979118 0.01806267 0.01126111
v 0.00998664 0.01807014 0.01105754
v 0.00986600 0.01799920 0.01113558
v 0.00939568 0.01805520 0.01166486
v 0.00883222 0.01818961 0.01230271
v 0.00875587 0.01839123 0.01242655
v 0.00865661 0.01839123 0.01251816
v 0.00854056 0.01839123 0.01261824
v 0.00844130 0.01839123 0.01269797
v 0.00831303 0.01839123 0.01279806
v 0.00821378 0.01839123 0.01287440
v 0.00807329 0.01858910 0.01297788
v 0.00796945 0.01858910 0.01304235
v 0.00746096 0.01879072 0.01328833
v 0.00751899 0.01938809 0.01321708
v 0.00739072 0.01979132 0.01325270
v 0.00685932 0.03260125 0.01260467
v 0.00604542 0.04839431 0.01187861
v 0.00607443 0.04979814 0.01176495
v 0.00631876 0.04739744 0.01181754
v 0.00639205 0.04639684 0.01185316
v 0.00619049 0.05059713 0.01165129
v 0.00632028 0.05019763 0.01161736
v 0.00629127 0.05059713 0.01160209
v 0.00625768 0.05079874 0.01160209
v 0.00649131 0.05079127 0.01148504
v 0.00645619 0.05099662 0.01148504
v 0.00653865 0.05119823 0.01142566
v 0.00641954 0.05139611 0.01146638
v 0.00639969 0.05159773 0.01145620
v 0.00627447 0.05159773 0.01151897
v 0.00638442 0.05173587 0.01144941
v 0.00646077 0.05179934 0.01140192
v 0.00674479 0.05199722 0.01122888
v 0.00672036 0.05219884 0.01121531
v 0.00684710 0.05259833 0.01108638
v 0.00665623 0.05258339 0.01119326
v 0.00667455 0.05279621 0.01114915
v 0.00677075 0.05308370 0.01104058
v 0.00681809 0.05279621 0.01106942
v 0.00679213 0.05295302 0.01105415
v 0.00674785 0.05319943 0.01102870
v 0.00660431 0.05339731 0.01106094
v 0.00657987 0.05350559 0.01104737
v 0.00647604 0.05358399 0.01108129
v 0.00637526 0.05389762 0.01104397
v 0.00621339 0.05412163 0.01106433
v 0.00641038 0.05376321 0.01106433
v 0.00608360 0.05412163 0.01112540
v 0.01335217 0.05412163 -0.00133306
v 0.01336591 0.05406189 -0.00141788
v 0.01367590 0.01637136 -0.00025753
v 0.01381791 0.01646096 -0.00025753
v 0.01378584 0.01648336 -0.00141788
v 0.01379042 0.01647963 -0.00125842
v 0.01379653 0.01647590 -0.00105824
v 0.01382096 0.01645723 -0.00005905
v 0.01382554 0.01645723 0.00014112
v 0.01382860 0.01645723 0.00034130
v 0.01382860 0.01645723 0.00054148
v 0.01382707 0.01645723 0.00074165
v 0.01353083 0.01631162 0.00114201
v 0.01367590 0.01639002 0.00114201
v 0.01392175 0.01652443 0.00094183
v 0.01391411 0.01652816 0.00114201
v 0.01380417 0.01647216 0.00134218
v 0.01307578 0.01614734 0.00214289
v 0.01320558 0.01627055 0.00274342
v 0.01308952 0.01623695 0.00294190
v 0.01304066 0.01624815 0.00314208
v 0.01336591 0.01629295 0.00214289
v 0.01323001 0.01625935 0.00254324
v 0.01378279 0.01648336 0.00169673
v 0.01366521 0.01643856 0.00194271
v 0.01364994 0.01644603 0.00214289
v 0.01297958 0.01628548 0.00345422
v 0.01282230 0.01625935 0.00374261
v 0.01292308 0.01632282 0.00374261
v 0.01337966 0.01648710 0.00325234
v 0.01335064 0.01650576 0.00338467
v 0.01331858 0.01653190 0.00354243
v 0.01340103 0.01666631 0.00374261
v 0.01337813 0.01668498 0.00384948
v 0.01299332 0.01667378 0.00467733
v 0.01302386 0.01664764 0.00454332
v 0.01335064 0.01671111 0.00398350
v 0.01355679 0.01690526 0.00399877
v 0.01339340 0.01687165 0.00428207
v 0.01323306 0.01683432 0.00454332
v 0.01287422 0.01653563 0.00456028
v 0.01295820 0.01670364 0.00480965
v 0.01278718 0.01667751 0.00506242
v 0.01261462 0.01665511 0.00530840
v 0.01257492 0.01668871 0.00544241
v 0.01232449 0.01673725 0.00594455
v 0.01226952 0.01679325 0.00613455
v 0.01200382 0.01686046 0.00669267
v 0.01187250 0.01699113 0.00713883
v 0.01237946 0.01708447 0.00645178
v 0.01173965 0.01712554 0.00758329
v 0.01168467 0.01717781 0.00775802
v 0.01162665 0.01723381 0.00794293
v 0.01133499 0.01733089 0.00857739
v 0.01127849 0.01738316 0.00875042
v 0.01139760 0.01746530 0.00867917
v 0.01157168 0.01749516 0.00843658
v 0.01153961 0.01753623 0.00854346
v 0.01140828 0.01764451 0.00889970
v 0.01157931 0.01768184 0.00865033
v 0.01154113 0.01774532 0.00878435
v 0.01147547 0.01779012 0.00894212
v 0.01140828 0.01783119 0.00909479
v 0.01133041 0.01777518 0.00915417
v 0.01113800 0.01774905 0.00939167
v 0.01099599 0.01785732 0.00966988
v 0.01088147 0.01777892 0.00975130
v 0.01118076 0.01787972 0.00944934
v 0.01080970 0.01783492 0.00988702
v 0.01056843 0.01789839 0.01023478
v 0.01041420 0.01798800 0.01049264
v 0.01033174 0.01798800 0.01059273
v 0.01060813 0.01803280 0.01028568
v 0.01036839 0.01811867 0.01063514
v 0.01030426 0.01818588 0.01073014
v 0.01019126 0.01818961 0.01086415
v 0.01010422 0.01818961 0.01096424
v 0.01000496 0.01818961 0.01107620
v 0.00952243 0.01818961 0.01158852
v 0.00942164 0.01818961 0.01169370
v 0.00922619 0.01818961 0.01189727
v 0.00912998 0.01818961 0.01199736
v 0.00991181 0.01818961 0.01117629
v 0.00981103 0.01818961 0.01128317
v 0.00961710 0.01818961 0.01148843
v 0.00902920 0.01818961 0.01210084
v 0.00885512 0.01839123 0.01232646
v 0.00875892 0.01858910 0.01242994
v 0.00865966 0.01858910 0.01251985
v 0.00854361 0.01858910 0.01261994
v 0.00844436 0.01858910 0.01269967
v 0.00821836 0.01858910 0.01288119
v 0.00807329 0.01879072 0.01296940
v 0.00796029 0.01879072 0.01303726
v 0.00785951 0.01879072 0.01308815
v 0.00793128 0.01919021 0.01302369
v 0.00759076 0.02119141 0.01305253
v 0.00705936 0.03119742 0.01260467
v 0.00705936 0.03400134 0.01240450
v 0.00697232 0.03686874 0.01224334
v 0.00659209 0.04499675 0.01185316
v 0.00639205 0.04919703 0.01165298
v 0.00647451 0.05059713 0.01150879
v 0.00657835 0.05071660 0.01144602
v 0.00656766 0.05085101 0.01144093
v 0.00694941 0.05099662 0.01123058
v 0.00693109 0.05119823 0.01122210
v 0.00691276 0.05139611 0.01121192
v 0.00649894 0.05159773 0.01140531
v 0.00679213 0.05159773 0.01125263
v 0.00668829 0.05178814 0.01128486
v 0.00685779 0.05178814 0.01119495
v 0.00687459 0.05219884 0.01112879
v 0.00687459 0.05199722 0.01115763
v 0.00694636 0.05259833 0.01102701
v 0.00702271 0.05199722 0.01107281
v 0.00716625 0.05166120 0.01103888
v 0.00705019 0.05299782 0.01088960
v 0.00709142 0.05280741 0.01090147
v 0.00741362 0.05299782 0.01066737
v 0.00738766 0.05312850 0.01065210
v 0.00687459 0.05319943 0.01095067
v 0.00698606 0.05331891 0.01085058
v 0.00670509 0.05339731 0.01100156
v 0.00695399 0.05345332 0.01083022
v 0.00719373 0.05353546 0.01065549
v 0.00691734 0.05359893 0.01080817
v 0.00656308 0.05412163 0.01085397
v 0.00630349 0.05412163 0.01101174
v 0.01337049 0.05412163 -0.00093440
v 0.01339340 0.05396109 -0.00141788
v 0.01391258 0.01653563 -0.00045771
v 0.01392175 0.01652816 -0.00005905
v 0.01392633 0.01652443 0.00014112
v 0.01386525 0.01653937 -0.00141788
v 0.01390189 0.01654310 -0.00085806
v 0.01392785 0.01652070 0.00034130
v 0.01392938 0.01652070 0.00054148
v 0.01392633 0.01652070 0.00074165
v 0.01405918 0.01662524 0.00094183
v 0.01405307 0.01662897 0.00114201
v 0.01390342 0.01653563 0.00134218
v 0.01318573 0.01628175 0.00287574
v 0.01347586 0.01637136 0.00234307
v 0.01363009 0.01645723 0.00234307
v 0.01360565 0.01647216 0.00254324
v 0.01326208 0.01634149 0.00294190
v 0.01310174 0.01633402 0.00334225
v 0.01327582 0.01639376 0.00314208
v 0.01386067 0.01654310 0.00175441
v 0.01376599 0.01649456 0.00194271
v 0.01374919 0.01650576 0.00214289
v 0.01339951 0.01647216 0.00314208
v 0.01353694 0.01651697 0.00294360
v 0.01380569 0.01666257 0.00274342
v 0.01350029 0.01654683 0.00314208
v 0.01378279 0.01668124 0.00286047
v 0.01347280 0.01658790 0.00333717
v 0.01356748 0.01669618 0.00342368
v 0.01372629 0.01673351 0.00314208
v 0.01371255 0.01694633 0.00374261
v 0.01319794 0.01686792 0.00468751
v 0.01358580 0.01687912 0.00386645
v 0.01352472 0.01693513 0.00414296
v 0.01379042 0.01707327 0.00387663
v 0.01333385 0.01692766 0.00454332
v 0.01316282 0.01690152 0.00481983
v 0.01312770 0.01693513 0.00494367
v 0.01286963 0.01679325 0.00513197
v 0.01273831 0.01692393 0.00558152
v 0.01213820 0.01692393 0.00658071
v 0.01263142 0.01703220 0.00594455
v 0.01319183 0.01706953 0.00507260
v 0.01276732 0.01709941 0.00582920
v 0.01233976 0.01712554 0.00658410
v 0.01228479 0.01717781 0.00675883
v 0.01154877 0.01731595 0.00819909
v 0.01142661 0.01739436 0.00852310
v 0.01178240 0.01748023 0.00805489
v 0.01236267 0.01730475 0.00682329
v 0.01257492 0.01728982 0.00644160
v 0.01160985 0.01763704 0.00854346
v 0.01181905 0.01759597 0.00812953
v 0.01178851 0.01766691 0.00826694
v 0.01217026 0.01769678 0.00763248
v 0.01297347 0.01789466 0.00643991
v 0.01158084 0.01787972 0.00885221
v 0.01154572 0.01798800 0.00899131
v 0.01136400 0.01791333 0.00922711
v 0.01094255 0.01795066 0.00980389
v 0.01097614 0.01808507 0.00984630
v 0.01079290 0.01805520 0.01006684
v 0.01055774 0.01818961 0.01042139
v 0.01044627 0.01818588 0.01055880
v 0.01038366 0.01824935 0.01065380
v 0.01039588 0.01839123 0.01066737
v 0.01030884 0.01839123 0.01076746
v 0.01011949 0.01839123 0.01098120
v 0.01001870 0.01839123 0.01109317
v 0.00982783 0.01839123 0.01130183
v 0.00963542 0.01839123 0.01150879
v 0.00934835 0.01839123 0.01181584
v 0.00924756 0.01839123 0.01192102
v 0.00905211 0.01839123 0.01212459
v 0.00954228 0.01839123 0.01160888
v 0.00885665 0.01858910 0.01232985
v 0.00875587 0.01879072 0.01242485
v 0.00865508 0.01879072 0.01251646
v 0.00853598 0.01879072 0.01261655
v 0.00821225 0.01879072 0.01287610
v 0.00819393 0.01919021 0.01286083
v 0.00817102 0.01966064 0.01284217
v 0.00804275 0.02019081 0.01288797
v 0.00800916 0.02079192 0.01286592
v 0.00799694 0.02098980 0.01285913
v 0.00797709 0.02132209 0.01284726
v 0.00796945 0.02145650 0.01284217
v 0.00750524 0.02799400 0.01260976
v 0.00750524 0.02519008 0.01280994
v 0.00721817 0.03479660 0.01226709
v 0.00661805 0.04739744 0.01166656
v 0.00652032 0.04879754 0.01161566
v 0.00664248 0.04979814 0.01147995
v 0.00689444 0.05061206 0.01128995
v 0.00660125 0.05039551 0.01145790
v 0.00696468 0.05079874 0.01123906
v 0.00707463 0.05079874 0.01118138
v 0.00707463 0.05099662 0.01116442
v 0.00707463 0.05119823 0.01114576
v 0.00707463 0.05139611 0.01112370
v 0.00689139 0.05159773 0.01120004
v 0.00708990 0.05159399 0.01109147
v 0.00744569 0.05279621 0.01068772
v 0.00719526 0.05139611 0.01105754
v 0.00725939 0.05159399 0.01098799
v 0.00740599 0.05179561 0.01086415
v 0.00761519 0.05219884 0.01067076
v 0.00758007 0.05251619 0.01064701
v 0.00756480 0.05265060 0.01063683
v 0.00716930 0.05287835 0.01084040
v 0.00751288 0.05299782 0.01060460
v 0.00775873 0.05305756 0.01043496
v 0.00754647 0.05279621 0.01062496
v 0.00711127 0.05319943 0.01080478
v 0.00796945 0.05328904 0.01024157
v 0.00759839 0.05334878 0.01045871
v 0.00756785 0.05348319 0.01043835
v 0.00743806 0.05359893 0.01048246
v 0.00747012 0.05380428 0.01039425
v 0.00728841 0.05380428 0.01050790
v 0.00719831 0.05412163 0.01045871
v 0.01337508 0.05412163 -0.00080208
v 0.01341325 0.05399842 -0.00065789
v 0.01340103 0.05398722 -0.00105824
v 0.01344684 0.05375574 -0.00141788
v 0.01402711 0.01664764 -0.00105824
v 0.01404238 0.01663644 -0.00045771
v 0.01405154 0.01662897 -0.00005905
v 0.01405612 0.01662524 0.00014112
v 0.01405918 0.01662150 0.00034130
v 0.01388510 0.01655430 -0.00141788
v 0.01388968 0.01655057 -0.00125842
v 0.01401795 0.01665511 -0.00141788
v 0.01406223 0.01662150 0.00054148
v 0.01406223 0.01662150 0.00074165
v 0.01416301 0.01669991 0.00074165
v 0.01415843 0.01670364 0.00094183
v 0.01404238 0.01663644 0.00134218
v 0.01415232 0.01670738 0.00114201
v 0.01402864 0.01664391 0.00154236
v 0.01358580 0.01648336 0.00267047
v 0.01372934 0.01651697 0.00234307
v 0.01370491 0.01653563 0.00254324
v 0.01343616 0.01644976 0.00294360
v 0.01387593 0.01657297 0.00194271
v 0.01356137 0.01649830 0.00280449
v 0.01366215 0.01655430 0.00274003
v 0.01384081 0.01663644 0.00254324
v 0.01394007 0.01672231 0.00254324
v 0.01401337 0.01685299 0.00274342
v 0.01411415 0.01694633 0.00274342
v 0.01396145 0.01690152 0.00300806
v 0.01380264 0.01686419 0.00330663
v 0.01397977 0.01708447 0.00345083
v 0.01381944 0.01704713 0.00374261
v 0.01328193 0.01698366 0.00475537
v 0.01363009 0.01703593 0.00414296
v 0.01375988 0.01710687 0.00401064
v 0.01359649 0.01706953 0.00428546
v 0.01395229 0.01711807 0.00358484
v 0.01416912 0.01729728 0.00342538
v 0.01343463 0.01702846 0.00454332
v 0.01339798 0.01706580 0.00469090
v 0.01336591 0.01710314 0.00482322
v 0.01307273 0.01699113 0.00513876
v 0.01299332 0.01726368 0.00567482
v 0.01334453 0.01733462 0.00514385
v 0.01279176 0.01746530 0.00627196
v 0.01261768 0.01759597 0.00672999
v 0.01300707 0.01764077 0.00609893
v 0.01320863 0.01780132 0.00592589
v 0.01377363 0.01789839 0.00503867
v 0.01356442 0.01792079 0.00542206
v 0.01304830 0.01797306 0.00636187
v 0.01177935 0.01807760 0.00864864
v 0.01196259 0.01792079 0.00821944
v 0.01339187 0.01786479 0.00567313
v 0.01160374 0.01798800 0.00889122
v 0.01144188 0.01798426 0.00915417
v 0.01139301 0.01804774 0.00926783
v 0.01120519 0.01798800 0.00948327
v 0.01115938 0.01818961 0.00962238
v 0.01098530 0.01818961 0.00985648
v 0.01057148 0.01832028 0.01043835
v 0.01057912 0.01845470 0.01045023
v 0.01050429 0.01858910 0.01055371
v 0.01040351 0.01858910 0.01067585
v 0.01050888 0.01838749 0.01052826
v 0.01031494 0.01858910 0.01077594
v 0.01012560 0.01858910 0.01098799
v 0.01002481 0.01858910 0.01109826
v 0.00993319 0.01858910 0.01119835
v 0.00983241 0.01858910 0.01130692
v 0.00964001 0.01858910 0.01151388
v 0.00934987 0.01858910 0.01181923
v 0.00925062 0.01858910 0.01192271
v 0.00915442 0.01858910 0.01202280
v 0.00895743 0.01858910 0.01222637
v 0.00905058 0.01879072 0.01212289
v 0.00885359 0.01879072 0.01232476
v 0.00874976 0.01898860 0.01241976
v 0.00864134 0.01919021 0.01250119
v 0.00862454 0.01958970 0.01248592
v 0.00860622 0.01998920 0.01247066
v 0.00861691 0.02238989 0.01227726
v 0.00817713 0.02211734 0.01264708
v 0.00815270 0.02259151 0.01262842
v 0.00798167 0.02395800 0.01264878
v 0.00796793 0.02419321 0.01264030
v 0.00758617 0.03239590 0.01225012
v 0.00760297 0.02939410 0.01245878
v 0.00758007 0.02972265 0.01244691
v 0.00757396 0.03807842 0.01184298
v 0.00737239 0.04507142 0.01144263
v 0.00689139 0.04518343 0.01168522
v 0.00715556 0.04399615 0.01163432
v 0.00682725 0.04859593 0.01147147
v 0.00676770 0.04944345 0.01144093
v 0.00704409 0.04139384 0.01188030
v 0.00672952 0.04999602 0.01142058
v 0.00699369 0.05039551 0.01125433
v 0.00709448 0.05039551 0.01120174
v 0.00722580 0.05099662 0.01107790
v 0.00721206 0.05119823 0.01106772
v 0.00742278 0.05159773 0.01087772
v 0.00771444 0.05219884 0.01060290
v 0.00792364 0.05259833 0.01040951
v 0.00782286 0.05259833 0.01047737
v 0.00767322 0.05279621 0.01054353
v 0.00768543 0.05299409 0.01049603
v 0.00799694 0.05315463 0.01025853
v 0.00785951 0.05299409 0.01038407
v 0.00778163 0.05292315 0.01044853
v 0.00806718 0.05321064 0.01019577
v 0.00809162 0.05341225 0.01012112
v 0.00794502 0.05339731 0.01022630
v 0.00784577 0.05339731 0.01028907
v 0.00780606 0.05355786 0.01026362
v 0.00777094 0.05369227 0.01024157
v 0.00751746 0.05412163 0.01025853
v 0.01337966 0.05412163 -0.00065789
v 0.01338576 0.05412163 -0.00045771
v 0.01341783 0.05399842 -0.00045771
v 0.01346212 0.05379681 -0.00065789
v 0.01344990 0.05379681 -0.00105824
v 0.01349113 0.05359893 -0.00125842
v 0.01348502 0.05359893 -0.00141788
v 0.01413247 0.01672604 -0.00085806
v 0.01415080 0.01671111 -0.00005905
v 0.01415996 0.01670364 0.00034130
v 0.01416301 0.01669991 0.00054148
v 0.01414011 0.01675965 -0.00141788
v 0.01412636 0.01672978 -0.00105824
v 0.01426227 0.01680072 0.00074165
v 0.01426074 0.01680445 0.00094183
v 0.01425616 0.01680818 0.00114201
v 0.01434931 0.01691646 0.00134218
v 0.01424853 0.01681939 0.00134218
v 0.01414316 0.01671858 0.00134218
v 0.01401489 0.01665511 0.00174254
v 0.01387593 0.01659910 0.00214289
v 0.01388815 0.01663271 0.00232271
v 0.01399962 0.01666631 0.00194271
v 0.01396297 0.01669991 0.00237700
v 0.01416912 0.01689779 0.00240753
v 0.01414927 0.01691646 0.00254324
v 0.01425311 0.01701353 0.00254324
v 0.01435389 0.01711060 0.00254324
v 0.01421799 0.01704713 0.00274342
v 0.01419203 0.01707327 0.00288422
v 0.01416607 0.01709941 0.00301654
v 0.01463944 0.01742049 0.00254324
v 0.01419661 0.01726368 0.00329306
v 0.01356442 0.01710314 0.00441948
v 0.01397672 0.01728608 0.00384609
v 0.01380875 0.01724501 0.00414296
v 0.01460432 0.01745783 0.00270271
v 0.01438290 0.01748023 0.00325913
v 0.01378126 0.01728235 0.00425493
v 0.01374767 0.01732715 0.00438894
v 0.01358122 0.01728235 0.00465358
v 0.01354457 0.01733462 0.00478590
v 0.01341172 0.01723755 0.00490635
v 0.01348197 0.01737942 0.00495385
v 0.01338118 0.01748023 0.00525411
v 0.01376752 0.01770051 0.00482831
v 0.01355832 0.01771544 0.00521340
v 0.01381027 0.01783492 0.00490465
v 0.01397672 0.01788719 0.00464510
v 0.01384234 0.01797306 0.00496063
v 0.01379653 0.01802907 0.00508108
v 0.01358886 0.01805147 0.00546616
v 0.01337966 0.01807760 0.00585125
v 0.01278870 0.01805147 0.00686740
v 0.01317046 0.01812241 0.00623464
v 0.01318114 0.01825681 0.00625330
v 0.01194274 0.01818961 0.00838569
v 0.01185112 0.01818961 0.00854346
v 0.01162512 0.01818961 0.00892685
v 0.01156557 0.01818961 0.00902694
v 0.01149380 0.01818961 0.00914399
v 0.01140218 0.01818961 0.00928309
v 0.01133193 0.01818961 0.00938318
v 0.01092270 0.01839123 0.00997014
v 0.01058217 0.01858910 0.01045362
v 0.01050277 0.01879072 0.01055032
v 0.01040198 0.01879072 0.01067585
v 0.01031494 0.01879072 0.01077594
v 0.01021569 0.01879072 0.01088960
v 0.01002634 0.01879072 0.01109995
v 0.00993319 0.01879072 0.01120004
v 0.00963848 0.01879072 0.01151049
v 0.00944302 0.01879072 0.01171575
v 0.00924756 0.01879072 0.01191932
v 0.00915136 0.01879072 0.01201941
v 0.00914525 0.01898860 0.01201432
v 0.00884749 0.01898860 0.01231968
v 0.00880320 0.02299100 0.01207200
v 0.00877266 0.02107567 0.01224334
v 0.00875281 0.02159091 0.01222467
v 0.00872533 0.01958970 0.01239771
v 0.00902462 0.01958970 0.01209575
v 0.00912846 0.02499220 0.01159700
v 0.00957587 0.03730183 0.01024496
v 0.00905516 0.02699340 0.01152575
v 0.00897423 0.02648937 0.01164450
v 0.00873601 0.02199040 0.01220941
v 0.00878030 0.02359211 0.01204994
v 0.00873449 0.02459271 0.01201093
v 0.00875739 0.03179479 0.01143075
v 0.00872838 0.03239590 0.01140700
v 0.00817560 0.02470098 0.01244521
v 0.00875892 0.04199495 0.01063174
v 0.00875434 0.04719583 0.01022800
v 0.00870395 0.04819643 0.01018898
v 0.00802901 0.02559331 0.01248592
v 0.00797251 0.02667231 0.01244351
v 0.00725023 0.04539624 0.01148334
v 0.00760755 0.03999375 0.01166825
v 0.00738003 0.04493701 0.01144772
v 0.00734949 0.05059713 0.01102531
v 0.00725023 0.05059713 0.01109486
v 0.00717236 0.04927544 0.01124245
v 0.00713571 0.04979814 0.01122379
v 0.00713876 0.04699422 0.01142566
v 0.00705019 0.04959653 0.01128317
v 0.00723802 0.05079874 0.01108638
v 0.00732658 0.05099662 0.01100835
v 0.00731131 0.05119823 0.01099817
v 0.00753731 0.05139611 0.01081665
v 0.00752204 0.05159773 0.01080647
v 0.00806566 0.05259833 0.01030942
v 0.00784119 0.05239672 0.01049094
v 0.00804581 0.05279621 0.01029416
v 0.00789921 0.05279621 0.01039425
v 0.00779996 0.05279621 0.01046041
v 0.00822599 0.05319943 0.01008550
v 0.00802137 0.05299782 0.01027550
v 0.00812063 0.05299782 0.01020594
v 0.00819851 0.05335624 0.01006175
v 0.00817102 0.05349066 0.01004139
v 0.00804428 0.05359893 0.01009398
v 0.00787325 0.05361386 0.01020255
v 0.00755716 0.05412163 0.01023309
v 0.01338576 0.05412163 -0.00045262
v 0.01341783 0.05399842 -0.00025753
v 0.01346822 0.05379681 -0.00025753
v 0.01346670 0.05379681 -0.00045771
v 0.01350334 0.05359893 -0.00085806
v 0.01353083 0.05339731 -0.00141788
v 0.01422867 0.01683805 -0.00141788
v 0.01423173 0.01683432 -0.00125842
v 0.01423631 0.01683059 -0.00105824
v 0.01434625 0.01692019 -0.00045771
v 0.01435236 0.01691272 -0.00005905
v 0.01426074 0.01680072 0.00054148
v 0.01436152 0.01690526 0.00054148
v 0.01436152 0.01690526 0.00074165
v 0.01436000 0.01690526 0.00094183
v 0.01435694 0.01690899 0.00114201
v 0.01433862 0.01692766 0.00154236
v 0.01423936 0.01683059 0.00154236
v 0.01443482 0.01702473 0.00154236
v 0.01442566 0.01703593 0.00174254
v 0.01411568 0.01674098 0.00174254
v 0.01397672 0.01668871 0.00224298
v 0.01418287 0.01688286 0.00227521
v 0.01437221 0.01709194 0.00242280
v 0.01444856 0.01721141 0.00254324
v 0.01431877 0.01715167 0.00274342
v 0.01454935 0.01731969 0.00254324
v 0.01456920 0.01729728 0.00240753
v 0.01476465 0.01750637 0.00237700
v 0.01473870 0.01754370 0.00254324
v 0.01418897 0.01746903 0.00367136
v 0.01382249 0.01739062 0.00432957
v 0.01468067 0.01758477 0.00274851
v 0.01462264 0.01762584 0.00294360
v 0.01459210 0.01766691 0.00307592
v 0.01435389 0.01752503 0.00339145
v 0.01371255 0.01739062 0.00454501
v 0.01375988 0.01751383 0.00461287
v 0.01359038 0.01746903 0.00486903
v 0.01387288 0.01779385 0.00473671
v 0.01384081 0.01758477 0.00454501
v 0.01417676 0.01789092 0.00424305
v 0.01419813 0.01802160 0.00428885
v 0.01399351 0.01798800 0.00467903
v 0.01394312 0.01798800 0.00477912
v 0.01394160 0.01774532 0.00454332
v 0.01397061 0.01770051 0.00443135
v 0.01396603 0.01818961 0.00482322
v 0.01390342 0.01818961 0.00494367
v 0.01381333 0.01818961 0.00511161
v 0.01360260 0.01818961 0.00548991
v 0.01346059 0.01818961 0.00574438
v 0.01339035 0.01818961 0.00586821
v 0.01347739 0.01839123 0.00574438
v 0.01334148 0.01839123 0.00598357
v 0.01318420 0.01839123 0.00625839
v 0.01237794 0.01827175 0.00764606
v 0.01194579 0.01839123 0.00839248
v 0.01162665 0.01839123 0.00892854
v 0.01156557 0.01839123 0.00902863
v 0.01149380 0.01839123 0.00914399
v 0.01140370 0.01839123 0.00928479
v 0.01133499 0.01839123 0.00938488
v 0.01116549 0.01839123 0.00962916
v 0.01099446 0.01839123 0.00987005
v 0.01075320 0.01858910 0.01021273
v 0.01057759 0.01893633 0.01044683
v 0.01057912 0.01879072 0.01045023
v 0.01051346 0.01899607 0.01052487
v 0.01039893 0.01898860 0.01067076
v 0.01031189 0.01898860 0.01077085
v 0.01012254 0.01898860 0.01098460
v 0.01002176 0.01898860 0.01109486
v 0.00992861 0.01898860 0.01119495
v 0.00934224 0.01898860 0.01181075
v 0.00923535 0.01919021 0.01190745
v 0.00935293 0.02699340 0.01122210
v 0.00924604 0.02719128 0.01131709
v 0.00996984 0.04559412 0.00923899
v 0.00994846 0.04619523 0.00921693
v 0.00982935 0.04399615 0.00949854
v 0.00957893 0.03994521 0.01004818
v 0.00915289 0.02979359 0.01122210
v 0.00935140 0.02979359 0.01102022
v 0.00955449 0.03239590 0.01062326
v 0.00897728 0.02912528 0.01144602
v 0.00961099 0.04179333 0.00988023
v 0.00917885 0.03179479 0.01104906
v 0.00942164 0.03879153 0.01029076
v 0.00975300 0.04879754 0.00922202
v 0.00917274 0.03466965 0.01084210
v 0.00898339 0.03159318 0.01125263
v 0.00893911 0.03259378 0.01121361
v 0.00889330 0.03179479 0.01131540
v 0.00876808 0.02642963 0.01183959
v 0.00957893 0.05075020 0.00924747
v 0.00877114 0.03406481 0.01124245
v 0.00815728 0.02759451 0.01223146
v 0.00854514 0.04679634 0.01042139
v 0.00836953 0.04064712 0.01104058
v 0.00877419 0.04168506 0.01064362
v 0.00882916 0.04819643 0.01008889
v 0.00882000 0.04839431 0.01008041
v 0.00880015 0.04879754 0.01006345
v 0.00857721 0.04871913 0.01024496
v 0.00834205 0.04879754 0.01041969
v 0.00806413 0.02999521 0.01211271
v 0.00793128 0.02999521 0.01221280
v 0.00759076 0.04539624 0.01125602
v 0.00744569 0.04879754 0.01109656
v 0.00745638 0.05018270 0.01097951
v 0.00733880 0.05079874 0.01101683
v 0.00754953 0.05119823 0.01082513
v 0.00817255 0.05248632 0.01024326
v 0.00816491 0.05259833 0.01023818
v 0.00814659 0.05279621 0.01022291
v 0.00825501 0.05299782 0.01010586
v 0.00835426 0.05299782 0.01002782
v 0.00832678 0.05319943 0.01000407
v 0.00826875 0.05341225 0.00998541
v 0.00838328 0.05351679 0.00985139
v 0.00835121 0.05365120 0.00982425
v 0.00814353 0.05359893 0.01001934
v 0.00796945 0.05389015 0.01003970
v 0.00780912 0.05412163 0.01006853
v 0.01338424 0.05412163 -0.00025245
v 0.01338118 0.05411043 -0.00009638
v 0.01340256 0.05401709 -0.00004209
v 0.01345906 0.05379681 -0.00005905
v 0.01351098 0.05359893 -0.00025753
v 0.01351098 0.05359893 -0.00045771
v 0.01350793 0.05359893 -0.00065789
v 0.01353541 0.05339731 -0.00125842
v 0.01356442 0.05323677 -0.00141788
v 0.01430808 0.01691646 -0.00141788
v 0.01433251 0.01693513 -0.00125842
v 0.01442413 0.01703593 -0.00141788
v 0.01444551 0.01700980 0.00014112
v 0.01450354 0.01712181 -0.00141788
v 0.01461501 0.01724501 -0.00141788
v 0.01454782 0.01712181 0.00034130
v 0.01454935 0.01712181 0.00054148
v 0.01445009 0.01700606 0.00074165
v 0.01454782 0.01712181 0.00094183
v 0.01444551 0.01700980 0.00114201
v 0.01454171 0.01712927 0.00134218
v 0.01422562 0.01684179 0.00174254
v 0.01432640 0.01693886 0.00174254
v 0.01453408 0.01713674 0.00154236
v 0.01461501 0.01724501 0.00174254
v 0.01452492 0.01714421 0.00174254
v 0.01451423 0.01715541 0.00194271
v 0.01441344 0.01705087 0.00194271
v 0.01431113 0.01695006 0.00194271
v 0.01421188 0.01685672 0.00194271
v 0.01408514 0.01677085 0.00214289
v 0.01419508 0.01687165 0.00214289
v 0.01429586 0.01696499 0.00214289
v 0.01439970 0.01706580 0.00214289
v 0.01458294 0.01728235 0.00227521
v 0.01467456 0.01739436 0.00232610
v 0.01477687 0.01748770 0.00224298
v 0.01481505 0.01758104 0.00232271
v 0.01480130 0.01764451 0.00254324
v 0.01478298 0.01767811 0.00266030
v 0.01432488 0.01758850 0.00354922
v 0.01415843 0.01751757 0.00380538
v 0.01399351 0.01746530 0.00407850
v 0.01396145 0.01751383 0.00421251
v 0.01379500 0.01746156 0.00448055
v 0.01475549 0.01772665 0.00279431
v 0.01472648 0.01779012 0.00294529
v 0.01439665 0.01765571 0.00348475
v 0.01400268 0.01764451 0.00429734
v 0.01437374 0.01789466 0.00383761
v 0.01439817 0.01802907 0.00388680
v 0.01424242 0.01796933 0.00416332
v 0.01420882 0.01783492 0.00410903
v 0.01436611 0.01818961 0.00402252
v 0.01430655 0.01818961 0.00414296
v 0.01410651 0.01818961 0.00454332
v 0.01401642 0.01818961 0.00472314
v 0.01397214 0.01839123 0.00483510
v 0.01391564 0.01839123 0.00494367
v 0.01381944 0.01839123 0.00512179
v 0.01376446 0.01839123 0.00522188
v 0.01376294 0.01858910 0.00522018
v 0.01347433 0.01858910 0.00574438
v 0.01339798 0.01858910 0.00588179
v 0.01318267 0.01858910 0.00625500
v 0.01290323 0.01839123 0.00674356
v 0.01267112 0.01839123 0.00714392
v 0.01209086 0.01839123 0.00814311
v 0.01208628 0.01858910 0.00814311
v 0.01200229 0.01858910 0.00828730
v 0.01194274 0.01858910 0.00838739
v 0.01162359 0.01858910 0.00892346
v 0.01156251 0.01858910 0.00902354
v 0.01148769 0.01858910 0.00914399
v 0.01148005 0.01879072 0.00914399
v 0.01139912 0.01858910 0.00927970
v 0.01133193 0.01858910 0.00937979
v 0.01082344 0.01858910 0.01011264
v 0.01059591 0.02119141 0.01027210
v 0.01058217 0.02179252 0.01025175
v 0.01056232 0.01958970 0.01042478
v 0.01054705 0.02019081 0.01040612
v 0.01075014 0.01879072 0.01020764
v 0.01091964 0.01879072 0.00996336
v 0.01076083 0.02138929 0.01002273
v 0.01101432 0.03299327 0.00889970
v 0.01117923 0.04239444 0.00804811
v 0.01048902 0.01919021 0.01054353
v 0.01039282 0.01919021 0.01066398
v 0.01057454 0.02208001 0.01024326
v 0.01056079 0.02259151 0.01022460
v 0.01057606 0.02490260 0.01004478
v 0.01030578 0.01919021 0.01076406
v 0.01011643 0.01919021 0.01097781
v 0.01001565 0.01919021 0.01108808
v 0.01000343 0.01958970 0.01107451
v 0.00982172 0.01919021 0.01129335
v 0.00962626 0.01919021 0.01149861
v 0.00973315 0.02179252 0.01120004
v 0.00931475 0.01979132 0.01178191
v 0.00977438 0.03727943 0.01004309
v 0.00997900 0.04534771 0.00924747
v 0.01013781 0.04919703 0.00880471
v 0.00998206 0.04799482 0.00905069
v 0.00987516 0.04819643 0.00914399
v 0.00973010 0.04399615 0.00959863
v 0.00938805 0.04239444 0.01005666
v 0.00991639 0.04979814 0.00898453
v 0.00983088 0.04939491 0.00909988
v 0.00969192 0.05039551 0.00916265
v 0.00960030 0.05019763 0.00926783
v 0.00932850 0.04639684 0.00980389
v 0.00918343 0.04739744 0.00985139
v 0.00907501 0.04739744 0.00994470
v 0.00898492 0.04699422 0.01005327
v 0.00967665 0.05082114 0.00914569
v 0.00957282 0.05088461 0.00924238
v 0.00893911 0.04799482 0.01001425
v 0.00829471 0.04301422 0.01091165
v 0.00816949 0.04004602 0.01124076
v 0.00795113 0.04739744 0.01082683
v 0.00835579 0.04599362 0.01063005
v 0.00891009 0.04859593 0.00999050
v 0.00900171 0.04919703 0.00986666
v 0.00887497 0.04959653 0.00993452
v 0.00878946 0.04899542 0.01005496
v 0.00839396 0.05259833 0.01006005
v 0.00825806 0.05000722 0.01038407
v 0.00794655 0.04999602 0.01062326
v 0.00797404 0.04949198 0.01064362
v 0.00798931 0.04919703 0.01065549
v 0.00813132 0.04839431 0.01061139
v 0.00759839 0.04779694 0.01106094
v 0.00758312 0.05059713 0.01085058
v 0.00747470 0.05059713 0.01093201
v 0.00756938 0.05084728 0.01084040
v 0.00756174 0.05099662 0.01083362
v 0.00793586 0.05019763 0.01061478
v 0.00816644 0.05019763 0.01043835
v 0.00838328 0.05274021 0.01005157
v 0.00829013 0.05280368 0.01011264
v 0.00836800 0.05287461 0.01003970
v 0.00858026 0.05292688 0.00984970
v 0.00848864 0.05299409 0.00991416
v 0.00856499 0.05305756 0.00983443
v 0.00844283 0.05319943 0.00990398
v 0.00850696 0.05339731 0.00978523
v 0.00862149 0.05339731 0.00968514
v 0.00859248 0.05353919 0.00965970
v 0.00847184 0.05359520 0.00974282
v 0.00856194 0.05367360 0.00963256
v 0.00843214 0.05379681 0.00969363
v 0.00856957 0.05412163 0.00943916
v 0.00836342 0.05407683 0.00963425
v 0.00824890 0.05412163 0.00971229
v 0.00809925 0.05412163 0.00983613
v 0.00807940 0.05399096 0.00990737
v 0.00803664 0.05412163 0.00988702
v 0.00789921 0.05412163 0.00999728
v 0.01337660 0.05412163 -0.00008959
v 0.01336897 0.05412163 0.00001728
v 0.01337202 0.05408429 0.00014112
v 0.01339951 0.05398349 0.00014112
v 0.01344532 0.05379681 0.00014112
v 0.01350182 0.05359893 -0.00005905
v 0.01354763 0.05339731 -0.00025753
v 0.01355068 0.05339731 -0.00045771
v 0.01354457 0.05339731 -0.00085806
v 0.01356901 0.05325544 -0.00105824
v 0.01357970 0.05315837 -0.00141788
v 0.01454171 0.01712927 -0.00025753
v 0.01471426 0.01736076 -0.00141788
v 0.01462264 0.01723381 -0.00065789
v 0.01462875 0.01722635 -0.00005905
v 0.01472648 0.01734582 -0.00025753
v 0.01473106 0.01734209 0.00014112
v 0.01473411 0.01733835 0.00054148
v 0.01454935 0.01712181 0.00074165
v 0.01463181 0.01722261 0.00094183
v 0.01472954 0.01734582 0.00114201
v 0.01462570 0.01723008 0.00134218
v 0.01462112 0.01723755 0.00154236
v 0.01479672 0.01746156 0.00174254
v 0.01479061 0.01747276 0.00194271
v 0.01470510 0.01737195 0.00194271
v 0.01460585 0.01725621 0.00194271
v 0.01449896 0.01717034 0.00214289
v 0.01459363 0.01727115 0.00214289
v 0.01485933 0.01758850 0.00194271
v 0.01484253 0.01758850 0.00214289
v 0.01494332 0.01779758 0.00214968
v 0.01490972 0.01779012 0.00234307
v 0.01486697 0.01779012 0.00254324
v 0.01481199 0.01779012 0.00273324
v 0.01479214 0.01786106 0.00288083
v 0.01423173 0.01758477 0.00374091
v 0.01413095 0.01758477 0.00395296
v 0.01456920 0.01790586 0.00342708
v 0.01459974 0.01784985 0.00329476
v 0.01444093 0.01777892 0.00354922
v 0.01434167 0.01777892 0.00375957
v 0.01454171 0.01798053 0.00354582
v 0.01459363 0.01804027 0.00348136
v 0.01456309 0.01818961 0.00361368
v 0.01441497 0.01818961 0.00392243
v 0.01437221 0.01839123 0.00403609
v 0.01422257 0.01839123 0.00433635
v 0.01411873 0.01839123 0.00454332
v 0.01402253 0.01839123 0.00473501
v 0.01417065 0.01858910 0.00443135
v 0.01411415 0.01858910 0.00454332
v 0.01396908 0.01858910 0.00483001
v 0.01391106 0.01858910 0.00494367
v 0.01381791 0.01858910 0.00512010
v 0.01346670 0.01879072 0.00574438
v 0.01374767 0.01938809 0.00519135
v 0.01317656 0.02189706 0.00604464
v 0.01318267 0.02159091 0.00605482
v 0.01319794 0.02079192 0.00608196
v 0.01338576 0.01919021 0.00586143
v 0.01277343 0.02939410 0.00623973
v 0.01302081 0.01879072 0.00652133
v 0.01312465 0.01858910 0.00635508
v 0.01275053 0.01858910 0.00699972
v 0.01237641 0.01853310 0.00764606
v 0.01214889 0.01919021 0.00799721
v 0.01199466 0.01898860 0.00827543
v 0.01193510 0.01898860 0.00837551
v 0.01153961 0.01979132 0.00898453
v 0.01155946 0.01879072 0.00901676
v 0.01177171 0.01919021 0.00863676
v 0.01164497 0.02079192 0.00874364
v 0.01156099 0.02179252 0.00881828
v 0.01141897 0.02079192 0.00910836
v 0.01144646 0.01958970 0.00914399
v 0.01139149 0.01898860 0.00926613
v 0.01150754 0.02119141 0.00894381
v 0.01141134 0.04259232 0.00769695
v 0.01139607 0.03719356 0.00807355
v 0.01137775 0.01958970 0.00924747
v 0.01138843 0.02219201 0.00906256
v 0.01133499 0.02459271 0.00898453
v 0.01119145 0.02038869 0.00946631
v 0.01117618 0.04251018 0.00804471
v 0.01103111 0.01998920 0.00972416
v 0.01118992 0.02659391 0.00906426
v 0.01091353 0.02519008 0.00955452
v 0.01117313 0.03959425 0.00823980
v 0.01137316 0.04743851 0.00743909
v 0.01137622 0.05031337 0.00724570
v 0.01038061 0.01958970 0.01065040
v 0.01058523 0.02459271 0.01005496
v 0.01137316 0.05044778 0.00724061
v 0.01076694 0.03019309 0.00943238
v 0.01096240 0.04399615 0.00822623
v 0.01077457 0.03568892 0.00904390
v 0.01044627 0.03379973 0.00956300
v 0.01097919 0.04915970 0.00784793
v 0.01073029 0.03999375 0.00879113
v 0.01018668 0.01979132 0.01085737
v 0.01009658 0.01979132 0.01095746
v 0.01000954 0.02219201 0.01088112
v 0.00997289 0.02606001 0.01064192
v 0.00988738 0.02299100 0.01095237
v 0.01017293 0.02865485 0.01024157
v 0.01019889 0.04739744 0.00886917
v 0.00982783 0.02459271 0.01089978
v 0.00989807 0.03659245 0.00996336
v 0.00970261 0.03379600 0.01036880
v 0.01004619 0.04339504 0.00931872
v 0.00995762 0.04319343 0.00942559
v 0.01023096 0.04919703 0.00870462
v 0.01011491 0.04979814 0.00877926
v 0.00999885 0.05019763 0.00886917
v 0.00989349 0.05039551 0.00896078
v 0.00976980 0.05099662 0.00903881
v 0.00979271 0.05039551 0.00906256
v 0.00933613 0.04879754 0.00961050
v 0.00902920 0.04859593 0.00989041
v 0.00976217 0.05119823 0.00903033
v 0.00967055 0.05099662 0.00913720
v 0.00965222 0.05139611 0.00912194
v 0.00956824 0.05099662 0.00923729
v 0.00945982 0.05119823 0.00931533
v 0.00949341 0.05080994 0.00931702
v 0.00899103 0.04939491 0.00985818
v 0.00936820 0.05063446 0.00943916
v 0.00936056 0.05079874 0.00943238
v 0.00916816 0.05024244 0.00963934
v 0.00916052 0.05039551 0.00963256
v 0.00923993 0.05119823 0.00949684
v 0.00943997 0.05159773 0.00929667
v 0.00919412 0.05199722 0.00945952
v 0.00861385 0.05259833 0.00987684
v 0.00871464 0.05259833 0.00979202
v 0.00859553 0.05279621 0.00986157
v 0.00845963 0.05280368 0.00997523
v 0.00878946 0.05296049 0.00965800
v 0.00869631 0.05279621 0.00977505
v 0.00881084 0.05279621 0.00967497
v 0.00877266 0.05309116 0.00964273
v 0.00854361 0.05319943 0.00981577
v 0.00872074 0.05339731 0.00959524
v 0.00880015 0.05355786 0.00946631
v 0.00875587 0.05319943 0.00962577
v 0.00877114 0.05369227 0.00944086
v 0.00885054 0.05412163 0.00919488
v 0.00878488 0.05412163 0.00925256
v 0.01336439 0.05412163 0.00007666
v 0.01335828 0.05412163 0.00014112
v 0.01333537 0.05412163 0.00034130
v 0.01335981 0.05404696 0.00034130
v 0.01339035 0.05394615 0.00034130
v 0.01342394 0.05379681 0.00034130
v 0.01348655 0.05359893 0.00014112
v 0.01352319 0.05339731 0.00014112
v 0.01356595 0.05323304 -0.00005905
v 0.01357053 0.05326291 -0.00025753
v 0.01357206 0.05327411 -0.00045771
v 0.01357206 0.05327037 -0.00065789
v 0.01358733 0.05316583 -0.00085806
v 0.01358428 0.05314717 -0.00125842
v 0.01358733 0.05310610 -0.00141788
v 0.01479825 0.01746156 -0.00141788
v 0.01479978 0.01745783 -0.00125842
v 0.01472037 0.01735329 -0.00085806
v 0.01480589 0.01745036 -0.00065789
v 0.01481047 0.01744663 -0.00025753
v 0.01481505 0.01743916 0.00034130
v 0.01481505 0.01743916 0.00054148
v 0.01481352 0.01743916 0.00074165
v 0.01473106 0.01734209 0.00094183
v 0.01481199 0.01744289 0.00094183
v 0.01480894 0.01744663 0.00114201
v 0.01480436 0.01745036 0.00134218
v 0.01490972 0.01758850 0.00094183
v 0.01489445 0.01758850 0.00134218
v 0.01488529 0.01758850 0.00154236
v 0.01487307 0.01758850 0.00174254
v 0.01496622 0.01770798 0.00134218
v 0.01496011 0.01772291 0.00154236
v 0.01495248 0.01773785 0.00174254
v 0.01494637 0.01775651 0.00194271
v 0.01499218 0.01785359 0.00194271
v 0.01498302 0.01787226 0.00208861
v 0.01497386 0.01790212 0.00222262
v 0.01496164 0.01794319 0.00234307
v 0.01494179 0.01800667 0.00252798
v 0.01488529 0.01798800 0.00274342
v 0.01481657 0.01798800 0.00294529
v 0.01476313 0.01792079 0.00301315
v 0.01473259 0.01798800 0.00314038
v 0.01478909 0.01805147 0.00307083
v 0.01480436 0.01818961 0.00310306
v 0.01461043 0.01818961 0.00351359
v 0.01476618 0.01839123 0.00322011
v 0.01461806 0.01839123 0.00352886
v 0.01442108 0.01839123 0.00393600
v 0.01437069 0.01858910 0.00403269
v 0.01431571 0.01858910 0.00414296
v 0.01422104 0.01858910 0.00433126
v 0.01401184 0.01898860 0.00471465
v 0.01396603 0.01879072 0.00482153
v 0.01390342 0.01879072 0.00494367
v 0.01381027 0.01898860 0.00510483
v 0.01355679 0.02119141 0.00540849
v 0.01311090 0.02499220 0.00594455
v 0.01357970 0.02278939 0.00525072
v 0.01339340 0.02439109 0.00547465
v 0.01255812 0.03239590 0.00641276
v 0.01280092 0.02799400 0.00628723
v 0.01302081 0.02179252 0.00632116
v 0.01280855 0.02759451 0.00630080
v 0.01239168 0.03579346 0.00647214
v 0.01272762 0.01979132 0.00696070
v 0.01296278 0.01879072 0.00662142
v 0.01263142 0.02559331 0.00674017
v 0.01239626 0.02659391 0.00707945
v 0.01262379 0.02299100 0.00692678
v 0.01197175 0.02019081 0.00823641
v 0.01153808 0.02599280 0.00858078
v 0.01139301 0.04959653 0.00726776
v 0.01154113 0.03499448 0.00798534
v 0.01139912 0.02479059 0.00887765
v 0.01137316 0.03823523 0.00803962
v 0.01118381 0.03299327 0.00865542
v 0.01144341 0.05019763 0.00714392
v 0.01143119 0.05059713 0.00713544
v 0.01037755 0.02812468 0.01004648
v 0.01033174 0.02679179 0.01019407
v 0.01136858 0.05059713 0.00723552
v 0.01112273 0.05039551 0.00757311
v 0.01107845 0.04879754 0.00774275
v 0.01117007 0.04859593 0.00763588
v 0.01069975 0.04099435 0.00875551
v 0.01061882 0.04879754 0.00829409
v 0.01045696 0.04519463 0.00873855
v 0.01040809 0.04679634 0.00868087
v 0.01036381 0.03699194 0.00943068
v 0.01102806 0.05019763 0.00770882
v 0.01095324 0.04999602 0.00781739
v 0.01084329 0.04978694 0.00796159
v 0.01090895 0.04921570 0.00792596
v 0.01000191 0.02799400 0.01047228
v 0.01031953 0.03279539 0.00978014
v 0.01035159 0.04299555 0.00901676
v 0.01036381 0.04819643 0.00863167
v 0.01020042 0.03339650 0.00987175
v 0.01034396 0.04879754 0.00860962
v 0.01032411 0.04939491 0.00858757
v 0.01030884 0.04979814 0.00857060
v 0.01020805 0.04979814 0.00867917
v 0.01009964 0.05019763 0.00876230
v 0.00999122 0.05039551 0.00886069
v 0.00938805 0.05019763 0.00945613
v 0.00997137 0.05085848 0.00884033
v 0.00985684 0.05119823 0.00893024
v 0.00974384 0.05159773 0.00900997
v 0.00964306 0.05159773 0.00911176
v 0.00954991 0.05139611 0.00922033
v 0.00955907 0.05119823 0.00922881
v 0.00953922 0.05159773 0.00921185
v 0.00933918 0.05119823 0.00941541
v 0.00952853 0.05179561 0.00920167
v 0.00942775 0.05179561 0.00928649
v 0.00941401 0.05199722 0.00927631
v 0.00893147 0.05259833 0.00960541
v 0.00891009 0.05279621 0.00958506
v 0.00901851 0.05279621 0.00948497
v 0.00886428 0.05301276 0.00957657
v 0.00897881 0.05310983 0.00944765
v 0.00895743 0.05324424 0.00942729
v 0.00883069 0.05339731 0.00949515
v 0.00900171 0.05359893 0.00926783
v 0.00897881 0.05370720 0.00924747
v 0.00910097 0.05412163 0.00897095
v 0.00899713 0.05412163 0.00906426
v 0.00888872 0.05412163 0.00916095
v 0.01330331 0.05412163 0.00054148
v 0.01334606 0.05398722 0.00053808
v 0.01337966 0.05391255 0.00047023
v 0.01339340 0.05380054 0.00053808
v 0.01346364 0.05359893 0.00034130
v 0.01350029 0.05339731 0.00034130
v 0.01353388 0.05319943 0.00034130
v 0.01355984 0.05318077 0.00013094
v 0.01358122 0.05313223 -0.00005905
v 0.01358580 0.05316583 -0.00025753
v 0.01358733 0.05317330 -0.00045771
v 0.01360871 0.05299782 -0.00065789
v 0.01360565 0.05299782 -0.00105824
v 0.01360260 0.05299782 -0.00125842
v 0.01359955 0.05299782 -0.00141788
v 0.01488987 0.01758850 -0.00141788
v 0.01489751 0.01758850 -0.00105824
v 0.01490514 0.01758850 -0.00065789
v 0.01491430 0.01758104 0.00014112
v 0.01491430 0.01758104 0.00054148
v 0.01498149 0.01768184 0.00054148
v 0.01497844 0.01768558 0.00070094
v 0.01497386 0.01769304 0.00094183
v 0.01497080 0.01770051 0.00114201
v 0.01514488 0.01794319 0.00034130
v 0.01514183 0.01795439 0.00054148
v 0.01520138 0.01804400 0.00034130
v 0.01519374 0.01805520 0.00054148
v 0.01501661 0.01780879 0.00134218
v 0.01500134 0.01783865 0.00174254
v 0.01517848 0.01808507 0.00085871
v 0.01517237 0.01810374 0.00099272
v 0.01505631 0.01798800 0.00174254
v 0.01503494 0.01798800 0.00194271
v 0.01497844 0.01808134 0.00245164
v 0.01508685 0.01818961 0.00194271
v 0.01505784 0.01818961 0.00214289
v 0.01502425 0.01818961 0.00234307
v 0.01496469 0.01813361 0.00258396
v 0.01498302 0.01826428 0.00266199
v 0.01487002 0.01818961 0.00294360
v 0.01488682 0.01839123 0.00294360
v 0.01481199 0.01839123 0.00312002
v 0.01481047 0.01858910 0.00311663
v 0.01476313 0.01858910 0.00321672
v 0.01470358 0.01858910 0.00334225
v 0.01441955 0.01858910 0.00393261
v 0.01435847 0.01919021 0.00400555
v 0.01417676 0.02068738 0.00424305
v 0.01399504 0.01979132 0.00468072
v 0.01394465 0.01979132 0.00478081
v 0.01376904 0.02098980 0.00502849
v 0.01387899 0.01938809 0.00494367
v 0.01378126 0.02038869 0.00505394
v 0.01378584 0.02019081 0.00506072
v 0.01286505 0.03119369 0.00594455
v 0.01290476 0.03019309 0.00594455
v 0.01261921 0.03437843 0.00616169
v 0.01257645 0.03430003 0.00624482
v 0.01336133 0.02599280 0.00541527
v 0.01216874 0.04199495 0.00642973
v 0.01217790 0.04153945 0.00644669
v 0.01218859 0.04099435 0.00646705
v 0.01201756 0.04179333 0.00671812
v 0.01218401 0.03839204 0.00665874
v 0.01159458 0.04739744 0.00707606
v 0.01241153 0.03179479 0.00670624
v 0.01162512 0.04579574 0.00713035
v 0.01176713 0.04659472 0.00682838
v 0.01233823 0.02659391 0.00717954
v 0.01222676 0.03019309 0.00713204
v 0.01216874 0.03019309 0.00723213
v 0.01156709 0.04579574 0.00723043
v 0.01155946 0.04319343 0.00741534
v 0.01153503 0.04139384 0.00757481
v 0.01149074 0.04299555 0.00754257
v 0.01147700 0.04939491 0.00714392
v 0.01146020 0.04979814 0.00714392
v 0.01153961 0.05019763 0.00697767
v 0.01153503 0.05039551 0.00697088
v 0.01153044 0.05059713 0.00696070
v 0.01142508 0.05079874 0.00712356
v 0.01119298 0.05059713 0.00746454
v 0.01136095 0.05079874 0.00722365
v 0.01127085 0.05079874 0.00734240
v 0.01118534 0.05079874 0.00745436
v 0.01111510 0.05059713 0.00756463
v 0.01101584 0.05059713 0.00769186
v 0.01060050 0.04939491 0.00827203
v 0.01043252 0.04879754 0.00850953
v 0.01045085 0.04819643 0.00853158
v 0.01037450 0.04507889 0.00884203
v 0.01038366 0.04759532 0.00865203
v 0.01094713 0.05019763 0.00780891
v 0.01084634 0.05019763 0.00792596
v 0.01070281 0.04978694 0.00812444
v 0.01041420 0.04939491 0.00848748
v 0.01039893 0.04979814 0.00847051
v 0.01019278 0.05019763 0.00866221
v 0.01005688 0.05099662 0.00873346
v 0.00996526 0.05099662 0.00883355
v 0.01017751 0.05052992 0.00864694
v 0.00995610 0.05119823 0.00882337
v 0.00994693 0.05139611 0.00881319
v 0.00983699 0.05159773 0.00890988
v 0.00973163 0.05179561 0.00899640
v 0.00963084 0.05179561 0.00910158
v 0.00961710 0.05199722 0.00908631
v 0.00951326 0.05199722 0.00918640
v 0.00939263 0.05219884 0.00925935
v 0.00914220 0.05259833 0.00941372
v 0.00911929 0.05279621 0.00939167
v 0.00909334 0.05299782 0.00936792
v 0.00930101 0.05299782 0.00917452
v 0.00918343 0.05312850 0.00925256
v 0.00936820 0.05327784 0.00903711
v 0.00903836 0.05339731 0.00930345
v 0.00892994 0.05339731 0.00940354
v 0.00921092 0.05359893 0.00907613
v 0.00939110 0.05373707 0.00885899
v 0.00915594 0.05385655 0.00902694
v 0.00920786 0.05412163 0.00887426
v 0.01326818 0.05412163 0.00074165
v 0.01330636 0.05399842 0.00074165
v 0.01336897 0.05386775 0.00060255
v 0.01338271 0.05373334 0.00067889
v 0.01343157 0.05359893 0.00054148
v 0.01346822 0.05339731 0.00054148
v 0.01350334 0.05319943 0.00054148
v 0.01353847 0.05279621 0.00074165
v 0.01357359 0.05268047 0.00062290
v 0.01357359 0.05287461 0.00041425
v 0.01357206 0.05306503 0.00019032
v 0.01357664 0.05310610 0.00005630
v 0.01359802 0.05299782 -0.00005905
v 0.01360718 0.05299782 -0.00025753
v 0.01360871 0.05299782 -0.00045771
v 0.01362856 0.05279621 -0.00065789
v 0.01362551 0.05279621 -0.00105824
v 0.01362092 0.05279621 -0.00141788
v 0.01360413 0.05295675 -0.00141788
v 0.01496775 0.01770425 -0.00141788
v 0.01496927 0.01770051 -0.00125842
v 0.01497233 0.01769304 -0.00085806
v 0.01492194 0.01760717 -0.00046280
v 0.01497844 0.01768558 -0.00025753
v 0.01498149 0.01768184 0.00014112
v 0.01498302 0.01768184 0.00034130
v 0.01514641 0.01793946 0.00014112
v 0.01502577 0.01776772 0.00075692
v 0.01520443 0.01804027 0.00014112
v 0.01526704 0.01818961 0.00014112
v 0.01525788 0.01818961 0.00034130
v 0.01524108 0.01818961 0.00054148
v 0.01522276 0.01818961 0.00074165
v 0.01520138 0.01817841 0.00093165
v 0.01519527 0.01822695 0.00114201
v 0.01515404 0.01816348 0.00134218
v 0.01514641 0.01820455 0.00153049
v 0.01517848 0.01828295 0.00145584
v 0.01499218 0.01819708 0.00252798
v 0.01516931 0.01833149 0.00158986
v 0.01515710 0.01839496 0.00173745
v 0.01518000 0.01846590 0.00166620
v 0.01508838 0.01839123 0.00214289
v 0.01505173 0.01839123 0.00234307
v 0.01501050 0.01839123 0.00254324
v 0.01498302 0.01839123 0.00266199
v 0.01495095 0.01839123 0.00276208
v 0.01488376 0.01858910 0.00294360
v 0.01480589 0.01879072 0.00310815
v 0.01476007 0.01879072 0.00320824
v 0.01439359 0.01979132 0.00387832
v 0.01420577 0.02159091 0.00410394
v 0.01214736 0.04779694 0.00598527
v 0.01319641 0.03379600 0.00508447
v 0.01416607 0.02119141 0.00422100
v 0.01396450 0.02359211 0.00441948
v 0.01237336 0.04423510 0.00583938
v 0.01322237 0.03259378 0.00513536
v 0.01357053 0.02799400 0.00483171
v 0.01400726 0.02159091 0.00450430
v 0.01354152 0.02699340 0.00497420
v 0.01377821 0.02292753 0.00484697
v 0.01357970 0.02519008 0.00505054
v 0.01351556 0.02559331 0.00514385
v 0.01314297 0.03159318 0.00537795
v 0.01327887 0.02879299 0.00534402
v 0.01297958 0.03219429 0.00565107
v 0.01221149 0.04239444 0.00631437
v 0.01215194 0.04279393 0.00639750
v 0.01180836 0.04719583 0.00670624
v 0.01160680 0.04959653 0.00690133
v 0.01174728 0.04759532 0.00679106
v 0.01155946 0.04919703 0.00701499
v 0.01152739 0.04838685 0.00712526
v 0.01153655 0.04739744 0.00717615
v 0.01155182 0.04359292 0.00740177
v 0.01158847 0.05039551 0.00687080
v 0.01158389 0.05059713 0.00686062
v 0.01153503 0.05080994 0.00692847
v 0.01151059 0.05099662 0.00694374
v 0.01141592 0.05099662 0.00710999
v 0.01100821 0.05079874 0.00768338
v 0.01135179 0.05099662 0.00721008
v 0.01117923 0.05093315 0.00744758
v 0.01093186 0.05059713 0.00779195
v 0.01064325 0.05017896 0.00816007
v 0.01058675 0.04979814 0.00825676
v 0.01084024 0.05039551 0.00791579
v 0.01039130 0.04999602 0.00846033
v 0.01029967 0.05038805 0.00852480
v 0.01015766 0.05099662 0.00862319
v 0.01004772 0.05119823 0.00872328
v 0.01014850 0.05119823 0.00861301
v 0.00993625 0.05159773 0.00880131
v 0.00982477 0.05179561 0.00889631
v 0.00971636 0.05199722 0.00898113
v 0.00979271 0.05219884 0.00886238
v 0.00993319 0.05279621 0.00859944
v 0.00991487 0.05299782 0.00857908
v 0.00983394 0.05279621 0.00870292
v 0.00959725 0.05219884 0.00906595
v 0.00949341 0.05219884 0.00916604
v 0.00934987 0.05259833 0.00922033
v 0.00922619 0.05279621 0.00929158
v 0.00940790 0.05299782 0.00907444
v 0.00959267 0.05315837 0.00886069
v 0.00948120 0.05321810 0.00894890
v 0.00955449 0.05339731 0.00882506
v 0.00934682 0.05339731 0.00901845
v 0.00941859 0.05359893 0.00888444
v 0.00931017 0.05359893 0.00898453
v 0.00951937 0.05359893 0.00879113
v 0.00959572 0.05374827 0.00866390
v 0.00947967 0.05380801 0.00874872
v 0.00937431 0.05412163 0.00872158
v 0.00923535 0.05399842 0.00889801
v 0.01318267 0.05412163 0.00121326
v 0.01298263 0.05412163 0.00227691
v 0.01318420 0.05392748 0.00148299
v 0.01317046 0.05387521 0.00161531
v 0.01315977 0.05380428 0.00175272
v 0.01335675 0.05380054 0.00074335
v 0.01337049 0.05366987 0.00081121
v 0.01339645 0.05359893 0.00074335
v 0.01343463 0.05339731 0.00074165
v 0.01346975 0.05319943 0.00074165
v 0.01350640 0.05279621 0.00094183
v 0.01353999 0.05259833 0.00094183
v 0.01357511 0.05228844 0.00103174
v 0.01358886 0.05280368 0.00034639
v 0.01357970 0.05293435 0.00028193
v 0.01359191 0.05240791 0.00075353
v 0.01360871 0.05279621 0.00014112
v 0.01361940 0.05279621 -0.00005905
v 0.01362703 0.05279621 -0.00025753
v 0.01362856 0.05279621 -0.00045771
v 0.01364230 0.05259833 -0.00065789
v 0.01364077 0.05259833 -0.00085806
v 0.01363619 0.05259833 -0.00125842
v 0.01363314 0.05259833 -0.00141788
v 0.01497996 0.01772291 -0.00141788
v 0.01503799 0.01779385 -0.00085806
v 0.01503952 0.01779012 -0.00065789
v 0.01514335 0.01793946 -0.00025753
v 0.01505173 0.01779012 0.00014112
v 0.01514488 0.01793946 -0.00005905
v 0.01520596 0.01804027 -0.00005905
v 0.01527162 0.01818961 -0.00005905
v 0.01533118 0.01839123 -0.00005905
v 0.01532354 0.01839123 0.00014112
v 0.01531132 0.01839123 0.00034130
v 0.01529758 0.01839123 0.00054148
v 0.01526399 0.01839123 0.00094183
v 0.01524261 0.01839123 0.00114201
v 0.01521665 0.01839123 0.00134218
v 0.01518917 0.01839496 0.00153049
v 0.01527621 0.01858910 0.00114201
v 0.01524261 0.01858910 0.00134218
v 0.01520596 0.01858910 0.00154236
v 0.01516321 0.01858910 0.00176968
v 0.01524566 0.01879072 0.00134218
v 0.01508685 0.01858910 0.00214289
v 0.01357664 0.05132144 0.00164923
v 0.01477840 0.02132956 0.00284860
v 0.01355526 0.05139238 0.00172557
v 0.01349876 0.05139611 0.00194271
v 0.01344379 0.05139611 0.00214289
v 0.01339645 0.05139611 0.00230744
v 0.01477840 0.01991826 0.00304538
v 0.01478145 0.01979132 0.00305386
v 0.01479672 0.01919021 0.00308779
v 0.01478756 0.02098980 0.00287235
v 0.01437985 0.02779239 0.00305217
v 0.01397825 0.03432243 0.00324726
v 0.01460127 0.02138929 0.00329645
v 0.01434931 0.02399160 0.00358484
v 0.01356748 0.03259378 0.00442457
v 0.01397366 0.02759451 0.00403778
v 0.01394771 0.02659391 0.00418368
v 0.01398283 0.02499220 0.00425662
v 0.01283451 0.03919476 0.00534402
v 0.01240542 0.04499675 0.00570536
v 0.01218706 0.04819643 0.00586652
v 0.01211376 0.04899542 0.00594455
v 0.01200229 0.04979814 0.00610062
v 0.01195343 0.04979814 0.00620071
v 0.01196717 0.04919703 0.00622616
v 0.01197175 0.04899542 0.00623464
v 0.01216874 0.04679634 0.00602937
v 0.01231380 0.04439564 0.00594455
v 0.01333690 0.03000267 0.00512688
v 0.01319336 0.03159318 0.00527786
v 0.01261768 0.03939637 0.00576304
v 0.01215652 0.04499675 0.00620580
v 0.01177019 0.04899542 0.00663330
v 0.01177629 0.04870793 0.00664517
v 0.01169689 0.04939491 0.00674356
v 0.01175339 0.04979814 0.00659937
v 0.01174423 0.05019763 0.00658240
v 0.01173965 0.05039551 0.00657053
v 0.01157931 0.05075020 0.00685213
v 0.01179462 0.05019763 0.00648232
v 0.01157473 0.05088461 0.00684196
v 0.01157015 0.05099662 0.00683178
v 0.01156099 0.05119823 0.00681481
v 0.01149227 0.05119823 0.00694374
v 0.01140676 0.05119823 0.00709303
v 0.01099905 0.05099662 0.00767150
v 0.01092270 0.05079874 0.00778347
v 0.01133957 0.05119823 0.00719311
v 0.01116396 0.05119823 0.00742722
v 0.01111204 0.05099662 0.00752561
v 0.01082344 0.05079874 0.00789713
v 0.01064325 0.05059713 0.00811936
v 0.01037144 0.05045152 0.00843828
v 0.01035617 0.05079874 0.00842132
v 0.01033785 0.05119823 0.00840096
v 0.01012712 0.05159773 0.00858926
v 0.00992403 0.05179561 0.00878774
v 0.01000038 0.05199722 0.00867239
v 0.00980950 0.05199722 0.00888104
v 0.00995152 0.05259833 0.00861810
v 0.01000802 0.05299782 0.00848069
v 0.00999122 0.05315463 0.00846033
v 0.00978965 0.05319943 0.00865881
v 0.00981408 0.05299782 0.00868256
v 0.00965528 0.05259833 0.00892515
v 0.00956976 0.05246765 0.00903711
v 0.00945524 0.05259833 0.00912024
v 0.00961252 0.05299782 0.00888104
v 0.00966596 0.05321437 0.00877417
v 0.00957282 0.05328904 0.00884033
v 0.00975300 0.05343092 0.00862149
v 0.00962321 0.05359893 0.00869105
v 0.00977438 0.05330024 0.00864355
v 0.00972399 0.05359893 0.00859096
v 0.00979271 0.05374080 0.00846203
v 0.00956824 0.05388268 0.00863676
v 0.00941553 0.05412163 0.00868256
v 0.01296126 0.05412163 0.00238208
v 0.01296889 0.05406936 0.00240923
v 0.01298416 0.05393868 0.00248896
v 0.01299790 0.05400215 0.00234307
v 0.01307731 0.05399842 0.00194271
v 0.01300248 0.05380801 0.00255003
v 0.01308494 0.05379681 0.00214289
v 0.01318573 0.05374080 0.00169164
v 0.01312770 0.05359893 0.00214289
v 0.01324375 0.05359893 0.00154236
v 0.01317351 0.05348319 0.00202753
v 0.01337049 0.05347199 0.00101478
v 0.01343463 0.05319943 0.00094183
v 0.01347128 0.05299782 0.00094183
v 0.01350640 0.05259833 0.00114201
v 0.01353999 0.05219884 0.00134218
v 0.01359191 0.05221003 0.00095540
v 0.01357511 0.05208309 0.00123022
v 0.01358275 0.05215403 0.00109620
v 0.01361176 0.05259833 0.00034130
v 0.01361329 0.05239672 0.00054148
v 0.01362551 0.05259833 0.00014112
v 0.01363467 0.05259833 -0.00005905
v 0.01364077 0.05259833 -0.00025753
v 0.01364230 0.05259833 -0.00045771
v 0.01541211 0.01898860 -0.00085806
v 0.01541058 0.01898860 -0.00141788
v 0.01502883 0.01780505 -0.00141788
v 0.01513725 0.01795439 -0.00085806
v 0.01514183 0.01794319 -0.00045771
v 0.01520443 0.01804027 -0.00025753
v 0.01527162 0.01818961 -0.00025753
v 0.01533423 0.01839123 -0.00025753
v 0.01536935 0.01852563 -0.00045771
v 0.01536783 0.01853310 -0.00025753
v 0.01536477 0.01855550 -0.00005905
v 0.01536172 0.01860030 0.00014112
v 0.01534645 0.01858910 0.00034130
v 0.01533270 0.01858910 0.00054148
v 0.01529911 0.01858910 0.00094183
v 0.01530675 0.01879072 0.00094183
v 0.01528231 0.01879072 0.00114201
v 0.01527468 0.01898860 0.00114201
v 0.01357359 0.05145585 0.00162379
v 0.01353847 0.05159773 0.00174254
v 0.01417828 0.03173132 0.00304878
v 0.01437374 0.02803881 0.00303351
v 0.01348807 0.05159773 0.00194271
v 0.01343310 0.05159773 0.00214289
v 0.01339035 0.05159773 0.00228878
v 0.01298569 0.05219884 0.00347118
v 0.01303761 0.05199722 0.00334225
v 0.01304830 0.05179561 0.00334225
v 0.01310021 0.05079874 0.00334225
v 0.01315366 0.04959653 0.00337109
v 0.01376446 0.03879153 0.00320485
v 0.01417523 0.03046190 0.00323877
v 0.01457836 0.02232269 0.00324726
v 0.01437527 0.02645950 0.00323877
v 0.01438596 0.02439109 0.00346440
v 0.01337508 0.04486607 0.00343895
v 0.01397977 0.02939410 0.00384948
v 0.01398893 0.02899460 0.00386984
v 0.01399810 0.02859138 0.00389020
v 0.01375530 0.03079419 0.00419725
v 0.01296431 0.03979213 0.00501831
v 0.01297347 0.03939264 0.00503697
v 0.01217332 0.04879754 0.00583768
v 0.01210460 0.04919703 0.00594455
v 0.01199771 0.04999602 0.00608875
v 0.01208628 0.04959653 0.00594455
v 0.01194885 0.04999602 0.00618884
v 0.01180378 0.04979814 0.00649928
v 0.01180836 0.04959653 0.00650776
v 0.01200993 0.04719583 0.00631098
v 0.01219011 0.04579574 0.00607178
v 0.01178851 0.05039551 0.00647044
v 0.01173354 0.05059713 0.00655526
v 0.01175644 0.05119823 0.00640258
v 0.01178088 0.05059713 0.00645517
v 0.01196717 0.05079874 0.00602598
v 0.01160069 0.05139611 0.00669606
v 0.01155030 0.05139611 0.00679615
v 0.01153961 0.05159773 0.00677410
v 0.01146937 0.05139611 0.00694374
v 0.01139454 0.05139611 0.00707267
v 0.01091353 0.05099662 0.00777159
v 0.01098683 0.05119823 0.00765793
v 0.01090284 0.05119823 0.00775802
v 0.01081428 0.05099662 0.00788695
v 0.01132430 0.05139611 0.00717276
v 0.01122504 0.05139611 0.00730847
v 0.01115022 0.05139611 0.00740856
v 0.01103722 0.05138865 0.00755784
v 0.01054552 0.05079874 0.00820926
v 0.01032716 0.05139611 0.00838908
v 0.01053636 0.05099662 0.00819909
v 0.01071502 0.05119823 0.00797516
v 0.01021569 0.05159773 0.00848917
v 0.01011491 0.05179561 0.00857399
v 0.01001412 0.05179561 0.00868765
v 0.01010116 0.05199722 0.00855703
v 0.01004008 0.05259833 0.00851801
v 0.01002481 0.05279621 0.00849935
v 0.01019431 0.05299782 0.00826525
v 0.01018209 0.05312476 0.00825168
v 0.01012407 0.05279621 0.00838569
v 0.01021111 0.05279621 0.00828560
v 0.00997289 0.05328904 0.00843998
v 0.00990571 0.05321437 0.00853328
v 0.00971330 0.05299782 0.00878265
v 0.00963542 0.05279621 0.00890310
v 0.00983852 0.05337865 0.00855024
v 0.00982019 0.05359893 0.00849087
v 0.00991945 0.05359893 0.00838400
v 0.00998664 0.05372587 0.00825676
v 0.00976369 0.05387521 0.00843149
v 0.00958809 0.05412163 0.00850614
v 0.00952548 0.05412163 0.00857060
v 0.01290781 0.05412163 0.00262128
v 0.01291545 0.05399842 0.00274342
v 0.01295667 0.05400215 0.00255003
v 0.01297194 0.05387895 0.00262128
v 0.01298721 0.05374827 0.00269083
v 0.01304830 0.05359893 0.00254324
v 0.01328346 0.05339731 0.00154236
v 0.01312770 0.05339731 0.00234307
v 0.01337049 0.05266553 0.00181209
v 0.01335828 0.05279994 0.00174423
v 0.01332163 0.05319943 0.00154236
v 0.01339645 0.05300156 0.00134558
v 0.01343463 0.05259833 0.00154236
v 0.01347128 0.05259833 0.00134218
v 0.01350640 0.05239672 0.00134218
v 0.01350334 0.05219884 0.00154236
v 0.01353388 0.05199722 0.00154236
v 0.01359191 0.05200842 0.00115388
v 0.01361329 0.05199722 0.00094183
v 0.01361329 0.05219884 0.00074165
v 0.01357206 0.05185908 0.00141513
v 0.01357970 0.05172467 0.00146263
v 0.01358886 0.05179561 0.00134558
v 0.01362703 0.05239672 0.00034130
v 0.01363619 0.05239672 0.00014112
v 0.01539836 0.01898860 -0.00025753
v 0.01540447 0.01898860 -0.00045771
v 0.01540905 0.01898860 -0.00065789
v 0.01541516 0.01879072 -0.00065789
v 0.01541669 0.01879072 -0.00085806
v 0.01541364 0.01879072 -0.00141788
v 0.01512808 0.01797306 -0.00141788
v 0.01519527 0.01805520 -0.00085806
v 0.01520291 0.01804400 -0.00045771
v 0.01526857 0.01818961 -0.00045771
v 0.01532354 0.01839123 -0.00141788
v 0.01532812 0.01839123 -0.00105824
v 0.01533270 0.01839123 -0.00065789
v 0.01533423 0.01839123 -0.00045771
v 0.01536783 0.01852563 -0.00085806
v 0.01539073 0.01862644 -0.00085806
v 0.01539073 0.01862644 -0.00045771
v 0.01538768 0.01863391 -0.00025753
v 0.01538310 0.01865631 -0.00005905
v 0.01537851 0.01867498 0.00007327
v 0.01537393 0.01874965 0.00020559
v 0.01534645 0.01879072 0.00054148
v 0.01532812 0.01879072 0.00074165
v 0.01530216 0.01898860 0.00094183
v 0.01358733 0.05139238 0.00155084
v 0.01358428 0.05159773 0.00149486
v 0.01356901 0.05159773 0.00159495
v 0.01352014 0.05179561 0.00174254
v 0.01347128 0.05179561 0.00194271
v 0.01377363 0.03843684 0.00323368
v 0.01341630 0.05179561 0.00214289
v 0.01338271 0.05179561 0.00226164
v 0.01300554 0.05240791 0.00336092
v 0.01302539 0.05219884 0.00334225
v 0.01295057 0.05219884 0.00357127
v 0.01295667 0.05199722 0.00358823
v 0.01299638 0.05179561 0.00350341
v 0.01297500 0.05248632 0.00343895
v 0.01317656 0.04870420 0.00344404
v 0.01297500 0.05127664 0.00364082
v 0.01336744 0.04359292 0.00362047
v 0.01377210 0.03699194 0.00343216
v 0.01416607 0.02759451 0.00361707
v 0.01438138 0.02459271 0.00345252
v 0.01441192 0.02499220 0.00333038
v 0.01358122 0.03579346 0.00405475
v 0.01376446 0.03239590 0.00401403
v 0.01376904 0.03219429 0.00402591
v 0.01250773 0.04839431 0.00514385
v 0.01239626 0.04939491 0.00528974
v 0.01281772 0.04379453 0.00493519
v 0.01286047 0.04279393 0.00494367
v 0.01319336 0.03819416 0.00468072
v 0.01373698 0.03159318 0.00415823
v 0.01249246 0.04679634 0.00534402
v 0.01216416 0.04919703 0.00581732
v 0.01207559 0.04979814 0.00594455
v 0.01206490 0.04999602 0.00594455
v 0.01205116 0.05019763 0.00594455
v 0.01199008 0.05019763 0.00607518
v 0.01194274 0.05019763 0.00617527
v 0.01220538 0.04939491 0.00570706
v 0.01228021 0.04939491 0.00554420
v 0.01214889 0.04979814 0.00578509
v 0.01203741 0.05039551 0.00594455
v 0.01199771 0.05119823 0.00589027
v 0.01196412 0.05199722 0.00581902
v 0.01209849 0.05079874 0.00574438
v 0.01159000 0.05159773 0.00667401
v 0.01190456 0.05199722 0.00594455
v 0.01198549 0.05259833 0.00566295
v 0.01193663 0.05259833 0.00576304
v 0.01186791 0.05239672 0.00594455
v 0.01184654 0.05259833 0.00594455
v 0.01157473 0.05188521 0.00664178
v 0.01153503 0.05181054 0.00673169
v 0.01143119 0.05160520 0.00696070
v 0.01138233 0.05154546 0.00705570
v 0.01096851 0.05145212 0.00763418
v 0.01090284 0.05138865 0.00772579
v 0.01078985 0.05139611 0.00785980
v 0.01080206 0.05119823 0.00787507
v 0.01131972 0.05160520 0.00713035
v 0.01120825 0.05159773 0.00728811
v 0.01113342 0.05159773 0.00738820
v 0.01103417 0.05159773 0.00751882
v 0.01041573 0.05139611 0.00828900
v 0.01060355 0.05139611 0.00807525
v 0.01040351 0.05159773 0.00827543
v 0.01030273 0.05179561 0.00835855
v 0.01058981 0.05159773 0.00805998
v 0.01014087 0.05259833 0.00840266
v 0.01039282 0.05279621 0.00806507
v 0.01040962 0.05259833 0.00808543
v 0.01036839 0.05306129 0.00803453
v 0.01035159 0.05319943 0.00801248
v 0.01024012 0.05319570 0.00815498
v 0.01016377 0.05325917 0.00822962
v 0.01076847 0.05165746 0.00783605
v 0.01004314 0.05339731 0.00832123
v 0.00995457 0.05339731 0.00842132
v 0.01000954 0.05359893 0.00828391
v 0.01012254 0.05361386 0.00813971
v 0.01017293 0.05369227 0.00803962
v 0.01004314 0.05379681 0.00815159
v 0.01001107 0.05399842 0.00808712
v 0.00995762 0.05386028 0.00822284
v 0.00970719 0.05412163 0.00837382
v 0.01287727 0.05412163 0.00274342
v 0.01286200 0.05399842 0.00294360
v 0.01291392 0.05379681 0.00294360
v 0.01295973 0.05380801 0.00275190
v 0.01297194 0.05366987 0.00282315
v 0.01300096 0.05360266 0.00275190
v 0.01308494 0.05339731 0.00254324
v 0.01318573 0.05314717 0.00228539
v 0.01324223 0.05299782 0.00214289
v 0.01335675 0.05259833 0.00194102
v 0.01338271 0.05253112 0.00187316
v 0.01343157 0.05239672 0.00174254
v 0.01346975 0.05239672 0.00154236
v 0.01346517 0.05219884 0.00174254
v 0.01349418 0.05199722 0.00174254
v 0.01355984 0.05179561 0.00153557
v 0.01361176 0.05179561 0.00114201
v 0.01362703 0.05199722 0.00074165
v 0.01362398 0.05159773 0.00114201
v 0.01362703 0.05219884 0.00054148
v 0.01360413 0.05159773 0.00134218
v 0.01538157 0.01892886 0.00014112
v 0.01540600 0.01879072 -0.00025753
v 0.01541211 0.01879072 -0.00045771
v 0.01539073 0.01863391 -0.00125842
v 0.01538920 0.01863764 -0.00141788
v 0.01518458 0.01807387 -0.00141788
v 0.01519222 0.01806267 -0.00105824
v 0.01523039 0.01816348 -0.00141788
v 0.01525330 0.01818961 -0.00105824
v 0.01526399 0.01818961 -0.00065789
v 0.01530675 0.01834642 -0.00141788
v 0.01535714 0.01850697 -0.00141788
v 0.01536630 0.01853310 -0.00125842
v 0.01537088 0.01855550 -0.00141788
v 0.01539531 0.01879072 -0.00005905
v 0.01538157 0.01880565 0.00014112
v 0.01537699 0.01888032 0.00024630
v 0.01537699 0.01889153 0.00024630
v 0.01344837 0.05199722 0.00194271
v 0.01339493 0.05197855 0.00214798
v 0.01305288 0.05259833 0.00314208
v 0.01300096 0.05259833 0.00332359
v 0.01297042 0.05259833 0.00342368
v 0.01288185 0.05219884 0.00374261
v 0.01289559 0.05199722 0.00374261
v 0.01294751 0.05240791 0.00353056
v 0.01292613 0.05259833 0.00354243
v 0.01279176 0.05139611 0.00408189
v 0.01286811 0.05099662 0.00394279
v 0.01294751 0.05079874 0.00376975
v 0.01294446 0.04960399 0.00392752
v 0.01260546 0.04839431 0.00491313
v 0.01276427 0.04599362 0.00481474
v 0.01265127 0.04719583 0.00494367
v 0.01381180 0.03379600 0.00373073
v 0.01334606 0.03959425 0.00416841
v 0.01257034 0.04979814 0.00483001
v 0.01272457 0.04739744 0.00474349
v 0.01251384 0.04999602 0.00494367
v 0.01244971 0.04959653 0.00514385
v 0.01243902 0.04979814 0.00514385
v 0.01238557 0.04979814 0.00526429
v 0.01234587 0.04959653 0.00537795
v 0.01240084 0.04919703 0.00529992
v 0.01219469 0.04979814 0.00568500
v 0.01225883 0.04979814 0.00554420
v 0.01237946 0.04999602 0.00525242
v 0.01223440 0.05019763 0.00554420
v 0.01218248 0.05019763 0.00565786
v 0.01213667 0.05019763 0.00575795
v 0.01239931 0.05079874 0.00509465
v 0.01220691 0.05079874 0.00551027
v 0.01214430 0.05119823 0.00557473
v 0.01207559 0.05219884 0.00554420
v 0.01205879 0.05239672 0.00554420
v 0.01226799 0.05099662 0.00534402
v 0.01218706 0.05239672 0.00526768
v 0.01213972 0.05260580 0.00532875
v 0.01217332 0.05268047 0.00524054
v 0.01197786 0.05272154 0.00565107
v 0.01193205 0.05279247 0.00572741
v 0.01177782 0.05271780 0.00604973
v 0.01178546 0.05259833 0.00606330
v 0.01156709 0.05199722 0.00662821
v 0.01150143 0.05199722 0.00674356
v 0.01142508 0.05179561 0.00692338
v 0.01140981 0.05199722 0.00689624
v 0.01137164 0.05167613 0.00703874
v 0.01084329 0.05159399 0.00775802
v 0.01095629 0.05159773 0.00761891
v 0.01136095 0.05179561 0.00702347
v 0.01127543 0.05179561 0.00714392
v 0.01118992 0.05179561 0.00726267
v 0.01111663 0.05179561 0.00736275
v 0.01101737 0.05179561 0.00749677
v 0.01093949 0.05179561 0.00759686
v 0.01077457 0.05249379 0.00764097
v 0.01054858 0.05299782 0.00780722
v 0.01042642 0.05319943 0.00791239
v 0.01092117 0.05199722 0.00757311
v 0.01099752 0.05199722 0.00747302
v 0.01039893 0.05339731 0.00787507
v 0.01032258 0.05339731 0.00797346
v 0.01022180 0.05339731 0.00810239
v 0.01014239 0.05339731 0.00820248
v 0.01019584 0.05355786 0.00807016
v 0.01038061 0.05351306 0.00785132
v 0.01035617 0.05364747 0.00781739
v 0.01037755 0.05412163 0.00754936
v 0.01018668 0.05412163 0.00780043
v 0.01017141 0.05408803 0.00783775
v 0.01012101 0.05401336 0.00794123
v 0.00992708 0.05399842 0.00818721
v 0.01013628 0.05412163 0.00786489
v 0.00998511 0.05412163 0.00805319
v 0.00979882 0.05412163 0.00827034
v 0.01285589 0.05412163 0.00282146
v 0.01282382 0.05412163 0.00293681
v 0.01278412 0.05412163 0.00306744
v 0.01279939 0.05398349 0.00313699
v 0.01284520 0.05379681 0.00314208
v 0.01288949 0.05359893 0.00314208
v 0.01295362 0.05360266 0.00293851
v 0.01298263 0.05353919 0.00286896
v 0.01311854 0.05319943 0.00254324
v 0.01319794 0.05299782 0.00234816
v 0.01336897 0.05244898 0.00200548
v 0.01337966 0.05231831 0.00205468
v 0.01342241 0.05219884 0.00194271
v 0.01524261 0.01818961 -0.00141788
v 0.01338729 0.05219884 0.00208352
v 0.01302844 0.05279621 0.00314208
v 0.01298874 0.05279621 0.00328627
v 0.01295820 0.05279621 0.00338467
v 0.01290170 0.05279621 0.00354243
v 0.01269250 0.05239672 0.00414296
v 0.01261310 0.05239672 0.00432787
v 0.01276427 0.05219884 0.00401573
v 0.01277649 0.05190015 0.00404287
v 0.01284520 0.05259833 0.00374261
v 0.01278870 0.05259833 0.00387493
v 0.01260393 0.05259833 0.00430751
v 0.01282535 0.05179561 0.00394279
v 0.01275053 0.05139611 0.00418198
v 0.01255507 0.05039551 0.00479269
v 0.01271693 0.05079874 0.00434314
v 0.01279176 0.04979814 0.00428207
v 0.01254896 0.04899542 0.00497760
v 0.01276580 0.04759532 0.00461796
v 0.01250315 0.05019763 0.00494367
v 0.01248025 0.05059713 0.00494367
v 0.01241000 0.05018270 0.00515911
v 0.01241306 0.05039551 0.00512349
v 0.01246650 0.05079874 0.00494367
v 0.01252606 0.05119823 0.00474349
v 0.01249552 0.05159773 0.00474349
v 0.01237794 0.05132144 0.00504885
v 0.01216568 0.05179561 0.00542206
v 0.01238099 0.05235938 0.00485546
v 0.01241306 0.05159773 0.00492331
v 0.01239626 0.05199722 0.00488769
v 0.01241917 0.05241538 0.00476215
v 0.01237030 0.05259833 0.00483171
v 0.01216721 0.05279621 0.00522527
v 0.01211224 0.05279621 0.00534402
v 0.01201298 0.05279247 0.00555777
v 0.01197022 0.05285594 0.00563241
v 0.01195954 0.05299782 0.00561206
v 0.01189235 0.05299782 0.00574438
v 0.01181600 0.05278874 0.00595473
v 0.01180836 0.05299782 0.00590554
v 0.01176713 0.05284848 0.00602937
v 0.01172438 0.05278874 0.00612777
v 0.01158236 0.05254233 0.00645687
v 0.01153655 0.05239672 0.00657562
v 0.01152739 0.05260580 0.00653151
v 0.01139149 0.05219884 0.00686740
v 0.01134110 0.05199722 0.00699633
v 0.01116549 0.05204576 0.00723043
v 0.01097003 0.05227351 0.00743570
v 0.01098378 0.05213910 0.00745436
v 0.01097461 0.05289701 0.00724401
v 0.01062035 0.05299782 0.00770713
v 0.01052567 0.05319943 0.00777498
v 0.01115022 0.05219884 0.00720838
v 0.01058217 0.05332264 0.00765284
v 0.01050735 0.05339358 0.00772918
v 0.01056385 0.05345705 0.00762739
v 0.01053941 0.05359893 0.00759347
v 0.01058828 0.05373334 0.00746115
v 0.01063104 0.05412163 0.00721008
v 0.01053941 0.05399842 0.00739499
v 0.00989502 0.05412163 0.00816007
v 0.01268181 0.05412163 0.00333717
v 0.01275969 0.05403949 0.00319976
v 0.01272610 0.05398349 0.00332529
v 0.01281161 0.05359520 0.00334904
v 0.01286047 0.05339731 0.00334225
v 0.01290323 0.05319943 0.00334225
v 0.01293835 0.05337865 0.00312342
v 0.01295667 0.05319943 0.00317431
v 0.01296584 0.05343092 0.00300128
v 0.01297652 0.05330024 0.00304369
v 0.01301775 0.05319943 0.00294360
v 0.01331247 0.05259833 0.00214289
v 0.01299790 0.05299035 0.00314717
v 0.01297958 0.05291942 0.00325574
v 0.01294599 0.05299035 0.00333038
v 0.01286963 0.05299782 0.00354243
v 0.01281314 0.05279994 0.00375618
v 0.01278107 0.05273274 0.00385627
v 0.01254133 0.05220630 0.00452974
v 0.01261462 0.05220630 0.00436180
v 0.01250163 0.05259833 0.00454332
v 0.01255049 0.05179561 0.00458573
v 0.01255812 0.05159773 0.00460269
v 0.01256576 0.05139611 0.00461965
v 0.01260852 0.05139611 0.00451957
v 0.01247567 0.05279621 0.00454332
v 0.01254438 0.05101529 0.00472992
v 0.01254285 0.05079874 0.00476555
v 0.01241611 0.05259833 0.00473162
v 0.01221302 0.05279621 0.00512519
v 0.01208475 0.05299782 0.00534402
v 0.01200687 0.05299782 0.00551197
v 0.01199160 0.05319943 0.00547634
v 0.01194121 0.05319943 0.00557643
v 0.01185417 0.05319943 0.00574438
v 0.01178851 0.05319943 0.00586991
v 0.01175492 0.05299782 0.00600562
v 0.01160069 0.05299782 0.00628893
v 0.01161748 0.05279621 0.00631946
v 0.01157168 0.05267673 0.00643821
v 0.01154266 0.05299782 0.00638901
v 0.01142661 0.05238925 0.00675544
v 0.01137927 0.05231831 0.00685044
v 0.01132124 0.05219884 0.00696749
v 0.01136706 0.05306129 0.00663330
v 0.01093949 0.05319943 0.00719311
v 0.01077916 0.05311356 0.00744758
v 0.01059744 0.05319943 0.00767489
v 0.01072113 0.05299782 0.00756632
v 0.01130903 0.05238925 0.00692847
v 0.01136553 0.05244898 0.00683008
v 0.01098988 0.05335251 0.00706419
v 0.01137927 0.05350932 0.00645008
v 0.01079137 0.05354666 0.00726606
v 0.01074862 0.05379681 0.00720668
v 0.01078679 0.05412163 0.00699803
v 0.01256881 0.05412163 0.00362386
v 0.01257339 0.05408803 0.00363573
v 0.01252758 0.05378561 0.00392582
v 0.01277191 0.05327784 0.00363234
v 0.01281924 0.05320690 0.00355600
v 0.01296889 0.05305382 0.00321672
v 0.01280245 0.05299782 0.00370359
v 0.01278718 0.05314717 0.00366966
v 0.01264822 0.05279621 0.00414296
v 0.01261157 0.05299409 0.00415314
v 0.01254743 0.05279621 0.00437707
v 0.01240390 0.05279621 0.00470447
v 0.01229548 0.05279621 0.00494367
v 0.01256881 0.05305756 0.00422778
v 0.01237794 0.05310983 0.00464849
v 0.01234282 0.05299782 0.00476894
v 0.01215347 0.05299782 0.00519304
v 0.01205268 0.05319943 0.00534402
v 0.01197939 0.05331518 0.00545259
v 0.01192442 0.05338985 0.00552893
v 0.01177782 0.05330771 0.00584786
v 0.01158695 0.05314717 0.00626348
v 0.01152892 0.05320690 0.00633642
v 0.01142050 0.05319943 0.00650776
v 0.01143424 0.05299409 0.00655696
v 0.01141745 0.05259833 0.00670624
v 0.01117007 0.05327784 0.00683687
v 0.01095324 0.05359893 0.00701160
v 0.01139454 0.05339731 0.00647044
v 0.01147700 0.05339731 0.00634321
v 0.01142203 0.05358399 0.00634830
v 0.01139912 0.05379681 0.00627875
v 0.01135637 0.05364373 0.00641785
v 0.01110746 0.05412163 0.00654339
v 0.01089215 0.05412163 0.00684874
v 0.01243596 0.05412163 0.00394787
v 0.01241000 0.05412163 0.00401064
v 0.01242375 0.05381174 0.00415823
v 0.01248177 0.05359893 0.00414296
v 0.01259172 0.05359893 0.00388002
v 0.01238252 0.05412163 0.00407680
v 0.01274442 0.05320690 0.00373922
v 0.01255507 0.05319943 0.00419385
v 0.01226494 0.05299782 0.00494367
v 0.01218553 0.05314717 0.00506581
v 0.01249094 0.05319943 0.00434314
v 0.01236419 0.05324050 0.00461626
v 0.01210002 0.05339731 0.00514385
v 0.01200993 0.05338985 0.00534911
v 0.01196412 0.05344959 0.00542036
v 0.01186944 0.05359893 0.00554420
v 0.01176255 0.05343838 0.00581902
v 0.01161290 0.05339731 0.00611250
v 0.01157168 0.05328157 0.00623803
v 0.01155793 0.05339731 0.00621259
v 0.01153961 0.05361760 0.00614303
v 0.01148311 0.05379681 0.00614303
v 0.01140370 0.05412163 0.00610062
v 0.01137927 0.05391255 0.00624991
v 0.01124795 0.05412163 0.00634151
v 0.01234587 0.05381174 0.00434144
v 0.01237641 0.05350186 0.00444662
v 0.01253522 0.05339358 0.00413278
v 0.01258256 0.05332638 0.00405814
v 0.01201451 0.05412163 0.00494197
v 0.01244513 0.05339731 0.00434314
v 0.01238863 0.05339731 0.00447546
v 0.01234587 0.05339731 0.00457555
v 0.01227410 0.05339731 0.00474349
v 0.01220386 0.05339731 0.00490635
v 0.01205421 0.05359893 0.00514385
v 0.01199313 0.05359893 0.00528295
v 0.01194732 0.05359893 0.00538304
v 0.01178088 0.05371840 0.00565447
v 0.01179615 0.05359893 0.00568331
v 0.01192442 0.05378934 0.00532875
v 0.01186028 0.05399842 0.00534402
v 0.01181600 0.05378934 0.00554759
v 0.01174270 0.05359893 0.00578339
v 0.01163886 0.05361760 0.00596321
v 0.01159153 0.05356159 0.00607518
v 0.01157473 0.05369600 0.00604294
v 0.01155946 0.05379681 0.00601580
v 0.01149991 0.05412163 0.00594286
v 0.01134415 0.05412163 0.00619562
v 0.01200840 0.05378934 0.00514724
v 0.01214125 0.05360640 0.00493858
v 0.01198244 0.05412163 0.00501661
v 0.01197939 0.05371467 0.00525411
v 0.01179309 0.05399842 0.00547634
v 0.01176102 0.05385281 0.00561715
v 0.01156709 0.05412163 0.00582920
v 0.01196259 0.05384908 0.00521510
v 0.01194274 0.05399842 0.00517269
v 0.01192442 0.05412163 0.00514045
v 0.01178393 0.05412163 0.00542375
v 0.01195954 0.05412163 0.00506581
v 0.01173965 0.05399842 0.00557643
f 1 2 3
f 1 3 4
f 1 4 5
f 1 5 20
f 1 20 48
f 1 48 87
f 1 87 126
f 1 126 175
f 1 175 234
f 1 234 233
f 1 233 310
f 1 310 313
f 1 313 312
f 1 312 384
f 1 384 383
f 1 383 459
f 1 459 567
f 1 567 690
f 1 690 576
f 1 576 702
f 1 702 701
f 1 701 841
f 1 841 976
f 1 976 1092
f 1 1092 1225
f 1 1225 1375
f 1 1375 1392
f 1 1392 1391
f 1 1391 1390
f 1 1390 1389
f 1 1389 1388
f 1 1388 1387
f 1 1387 1386
f 1 1386 1385
f 1 1385 1384
f 1 1384 1383
f 1 1383 1382
f 1 1382 1381
f 1 1381 1380
f 1 1380 1379
f 1 1379 1378
f 1 1378 1377
f 1 1377 1243
f 1 1243 1242
f 1 1242 1241
f 1 1241 1240
f 1 1240 1239
f 1 1239 1238
f 1 1238 1237
f 1 1237 1236
f 1 1236 1235
f 1 1235 1234
f 1 1234 1233
f 1 1233 1232
f 1 1232 1231
f 1 1231 1230
f 1 1230 1229
f 1 1229 1228
f 1 1228 1095
f 1 1095 1094
f 1 1094 981
f 1 981 980
f 1 980 979
f 1 979 977
f 1 977 842
f 1 842 703
f 1 703 577
f 1 577 465
f 1 465 385
f 1 385 314
f 1 314 237
f 1 237 176
f 1 176 130
f 1 130 88
f 1 88 50
f 1 50 49
f 1 49 21
f 1 21 7
f 1 7 6
f 1 6 2
f 2 6 3
f 3 6 7
f 3 7 8
f 3 8 9
f 3 9 10
f 3 10 4
f 4 10 11
f 4 11 5
f 5 11 12
f 5 12 13
f 5 13 14
f 5 14 15
f 5 15 16
f 5 16 17
f 5 17 18
f 5 18 19
f 5 19 20
f 7 21 22
f 7 22 23
f 7 23 8
f 8 24 9
f 8 23 24
f 9 24 25
f 9 25 26
f 9 26 10
f 10 26 27
f 10 27 28
f 10 28 11
f 11 28 27
f 11 27 29
f 11 29 30
f 11 30 31
f 11 31 32
f 11 32 12
f 12 32 33
f 12 33 13
f 13 33 34
f 13 34 35
f 13 35 14
f 14 35 15
f 15 35 34
f 15 34 36
f 15 36 16
f 16 36 37
f 16 37 38
f 16 38 39
f 16 39 40
f 16 40 41
f 16 41 42
f 16 42 43
f 16 43 17
f 17 43 44
f 17 44 45
f 17 45 18
f 18 45 46
f 18 46 47
f 18 47 19
f 19 47 20
f 20 47 86
f 20 86 48
f 21 49 22
f 22 49 50
f 22 50 51
f 22 51 23
f 23 51 52
f 23 52 53
f 23 53 54
f 23 54 24
f 24 55 25
f 24 54 55
f 25 55 56
f 25 56 57
f 25 57 26
f 26 57 27
f 27 58 59
f 27 59 29
f 27 57 58
f 29 59 60
f 29 60 61
f 29 61 62
f 29 62 63
f 29 63 64
f 29 64 30
f 30 64 63
f 30 63 65
f 30 65 31
f 31 66 32
f 31 65 67
f 31 67 68
f 31 68 66
f 32 69 33
f 32 66 68
f 32 68 70
f 32 70 71
f 32 71 72
f 32 72 73
f 32 73 69
f 33 69 74
f 33 74 34
f 34 73 75
f 34 75 76
f 34 76 36
f 34 74 73
f 36 76 77
f 36 77 78
f 36 78 79
f 36 79 37
f 37 79 118
f 37 118 80
f 37 80 38
f 38 80 81
f 38 81 82
f 38 82 83
f 38 83 41
f 38 41 40
f 38 40 39
f 41 83 84
f 41 84 43
f 41 43 42
f 43 84 85
f 43 85 86
f 43 86 46
f 43 46 44
f 44 46 45
f 46 86 47
f 48 86 87
f 50 88 89
f 50 89 90
f 50 90 91
f 50 91 51
f 51 91 92
f 51 92 52
f 52 92 53
f 53 92 54
f 54 92 93
f 54 93 94
f 54 94 95
f 54 95 55
f 55 95 56
f 56 95 96
f 56 96 97
f 56 97 57
f 57 97 98
f 57 98 58
f 58 98 99
f 58 99 59
f 59 99 60
f 60 99 100
f 60 100 101
f 60 101 61
f 61 101 102
f 61 102 62
f 62 68 65
f 62 65 63
f 62 102 103
f 62 103 104
f 62 104 105
f 62 105 68
f 65 68 67
f 68 105 106
f 68 106 107
f 68 107 108
f 68 108 71
f 68 71 70
f 69 73 74
f 71 108 72
f 72 108 109
f 72 109 110
f 72 110 111
f 72 111 112
f 72 112 113
f 72 113 73
f 73 113 114
f 73 114 75
f 75 115 76
f 75 114 112
f 75 112 115
f 76 115 78
f 76 78 77
f 78 115 112
f 78 112 116
f 78 116 117
f 78 117 118
f 78 118 79
f 80 118 117
f 80 117 81
f 81 117 119
f 81 119 82
f 82 120 84
f 82 84 83
f 82 119 121
f 82 121 120
f 84 120 122
f 84 122 123
f 84 123 124
f 84 124 85
f 85 124 125
f 85 125 86
f 86 125 87
f 87 125 126
f 88 127 128
f 88 128 129
f 88 129 89
f 88 130 131
f 88 131 127
f 89 129 132
f 89 132 133
f 89 133 90
f 90 133 134
f 90 134 91
f 91 134 92
f 92 135 94
f 92 94 93
f 92 134 136
f 92 136 137
f 92 137 138
f 92 138 135
f 94 135 139
f 94 139 95
f 95 140 96
f 95 139 140
f 96 140 141
f 96 141 97
f 97 141 142
f 97 142 143
f 97 143 144
f 97 144 145
f 97 145 98
f 98 144 146
f 98 146 99
f 98 145 144
f 99 146 147
f 99 147 148
f 99 148 100
f 100 148 149
f 100 149 101
f 101 150 151
f 101 151 152
f 101 152 102
f 101 149 153
f 101 153 154
f 101 154 155
f 101 155 150
f 102 152 156
f 102 156 157
f 102 157 103
f 103 157 104
f 104 158 106
f 104 106 105
f 104 157 156
f 104 156 158
f 106 158 159
f 106 159 160
f 106 160 161
f 106 161 162
f 106 162 163
f 106 163 107
f 107 163 164
f 107 164 108
f 108 164 109
f 109 164 110
f 110 112 111
f 110 164 165
f 110 165 166
f 110 166 167
f 110 167 112
f 112 114 113
f 112 167 168
f 112 168 116
f 116 168 117
f 117 169 170
f 117 170 171
f 117 171 119
f 117 168 169
f 119 171 121
f 120 121 172
f 120 172 122
f 121 171 230
f 121 230 172
f 122 172 231
f 122 231 173
f 122 173 174
f 122 174 123
f 123 174 175
f 123 175 125
f 123 125 124
f 125 175 126
f 127 131 132
f 127 132 128
f 128 132 129
f 130 176 132
f 130 132 131
f 132 176 177
f 132 177 178
f 132 178 179
f 132 179 180
f 132 180 181
f 132 181 182
f 132 182 183
f 132 183 184
f 132 184 134
f 132 134 133
f 134 184 136
f 135 138 185
f 135 185 186
f 135 186 139
f 136 184 137
f 137 184 187
f 137 187 188
f 137 188 189
f 137 189 138
f 138 189 190
f 138 190 191
f 138 191 192
f 138 192 185
f 139 186 140
f 140 186 141
f 141 186 193
f 141 193 142
f 142 193 194
f 142 194 195
f 142 195 196
f 142 196 197
f 142 197 198
f 142 198 143
f 143 199 200
f 143 200 144
f 143 198 199
f 144 200 201
f 144 201 202
f 144 202 203
f 144 203 147
f 144 147 146
f 147 203 204
f 147 204 205
f 147 205 206
f 147 206 207
f 147 207 148
f 148 207 153
f 148 153 149
f 150 152 151
f 150 155 208
f 150 208 209
f 150 209 158
f 150 158 152
f 152 158 156
f 153 207 210
f 153 210 211
f 153 211 212
f 153 212 213
f 153 213 214
f 153 214 154
f 154 214 208
f 154 208 155
f 158 209 215
f 158 215 159
f 159 215 160
f 160 215 216
f 160 216 217
f 160 217 218
f 160 218 161
f 161 219 220
f 161 220 162
f 161 218 221
f 161 221 222
f 161 222 223
f 161 223 219
f 162 220 224
f 162 224 225
f 162 225 165
f 162 165 164
f 162 164 163
f 165 225 166
f 166 225 226
f 166 226 167
f 167 226 168
f 168 226 169
f 169 226 227
f 169 227 228
f 169 228 229
f 169 229 170
f 170 229 230
f 170 230 171
f 172 230 302
f 172 302 231
f 173 231 232
f 173 232 174
f 174 233 234
f 174 234 175
f 174 232 235
f 174 235 236
f 174 236 233
f 176 237 177
f 177 237 178
f 178 237 238
f 178 238 179
f 179 239 240
f 179 240 241
f 179 241 242
f 179 242 180
f 179 238 239
f 180 242 243
f 180 243 181
f 181 243 182
f 182 243 244
f 182 244 245
f 182 245 183
f 183 245 187
f 183 187 184
f 185 192 246
f 185 246 186
f 186 246 247
f 186 247 193
f 187 245 188
f 188 248 190
f 188 190 189
f 188 245 249
f 188 249 248
f 190 250 251
f 190 251 252
f 190 252 191
f 190 248 250
f 191 252 253
f 191 253 246
f 191 246 192
f 193 247 254
f 193 254 255
f 193 255 194
f 194 255 195
f 195 255 256
f 195 256 257
f 195 257 258
f 195 258 198
f 195 198 197
f 195 197 196
f 198 258 259
f 198 259 200
f 198 200 199
f 200 260 201
f 200 259 340
f 200 340 261
f 200 261 260
f 201 262 263
f 201 263 264
f 201 264 265
f 201 265 202
f 201 260 261
f 201 261 266
f 201 266 267
f 201 267 268
f 201 268 269
f 201 269 270
f 201 270 271
f 201 271 262
f 202 272 273
f 202 273 274
f 202 274 203
f 202 265 275
f 202 275 272
f 203 274 276
f 203 276 204
f 204 276 277
f 204 277 278
f 204 278 279
f 204 279 280
f 204 280 205
f 205 280 281
f 205 281 210
f 205 210 207
f 205 207 206
f 208 214 282
f 208 282 209
f 209 282 215
f 210 280 283
f 210 283 284
f 210 284 212
f 210 212 211
f 210 281 280
f 212 284 285
f 212 285 214
f 212 214 213
f 214 285 286
f 214 286 282
f 215 282 216
f 216 287 288
f 216 288 217
f 216 282 289
f 216 289 287
f 217 288 218
f 218 288 290
f 218 290 291
f 218 291 221
f 219 292 220
f 219 223 293
f 219 293 294
f 219 294 295
f 219 295 292
f 220 292 224
f 221 291 293
f 221 293 222
f 222 293 223
f 224 292 296
f 224 296 297
f 224 297 225
f 225 297 226
f 226 297 298
f 226 298 227
f 227 298 299
f 227 299 228
f 228 299 229
f 229 299 300
f 229 300 301
f 229 301 302
f 229 302 230
f 231 302 305
f 231 305 232
f 232 303 304
f 232 304 235
f 232 305 306
f 232 306 307
f 232 307 308
f 232 308 309
f 232 309 303
f 233 236 310
f 235 304 311
f 235 311 236
f 236 312 313
f 236 313 310
f 236 311 312
f 237 314 315
f 237 315 238
f 238 315 316
f 238 316 239
f 239 316 315
f 239 315 317
f 239 317 318
f 239 318 240
f 240 318 241
f 241 319 242
f 241 318 320
f 241 320 319
f 242 319 321
f 242 321 322
f 242 322 323
f 242 323 324
f 242 324 243
f 243 324 244
f 244 324 323
f 244 323 245
f 245 323 325
f 245 325 249
f 246 253 247
f 247 326 327
f 247 327 328
f 247 328 254
f 247 253 252
f 247 252 329
f 247 329 326
f 248 249 330
f 248 330 331
f 248 331 250
f 249 325 330
f 250 331 332
f 250 332 333
f 250 333 251
f 251 333 334
f 251 334 329
f 251 329 335
f 251 335 252
f 252 335 329
f 254 328 255
f 255 328 336
f 255 336 337
f 255 337 256
f 256 337 338
f 256 338 257
f 257 338 339
f 257 339 258
f 258 339 340
f 258 340 259
f 261 340 267
f 261 267 266
f 262 265 264
f 262 264 263
f 262 271 341
f 262 341 265
f 265 341 275
f 267 340 342
f 267 342 268
f 268 342 338
f 268 338 343
f 268 343 344
f 268 344 269
f 269 344 270
f 270 344 345
f 270 345 346
f 270 346 347
f 270 347 348
f 270 348 271
f 271 348 349
f 271 349 350
f 271 350 341
f 272 275 351
f 272 351 352
f 272 352 273
f 273 352 353
f 273 353 354
f 273 354 355
f 273 355 356
f 273 356 357
f 273 357 276
f 273 276 274
f 275 350 358
f 275 358 359
f 275 359 360
f 275 360 351
f 275 341 350
f 276 357 356
f 276 356 277
f 277 356 355
f 277 355 361
f 277 361 362
f 277 362 278
f 278 362 280
f 278 280 279
f 280 362 363
f 280 363 283
f 282 286 289
f 283 363 364
f 283 364 284
f 284 364 365
f 284 365 367
f 284 367 285
f 285 366 286
f 285 367 368
f 285 368 366
f 286 366 289
f 287 289 369
f 287 369 290
f 287 290 288
f 289 366 370
f 289 370 369
f 290 369 371
f 290 371 291
f 291 371 369
f 291 369 370
f 291 370 372
f 291 372 373
f 291 373 293
f 292 295 300
f 292 300 296
f 293 373 450
f 293 450 374
f 293 374 294
f 294 374 295
f 295 374 375
f 295 375 300
f 296 298 297
f 296 300 299
f 296 299 298
f 300 375 301
f 301 375 376
f 301 376 377
f 301 377 302
f 302 377 305
f 303 309 378
f 303 378 304
f 304 378 311
f 305 377 379
f 305 379 306
f 306 379 380
f 306 380 307
f 307 380 381
f 307 381 308
f 308 382 309
f 308 381 382
f 309 382 378
f 311 378 383
f 311 383 384
f 311 384 312
f 314 385 318
f 314 318 317
f 314 317 315
f 318 386 387
f 318 387 388
f 318 388 389
f 318 389 390
f 318 390 391
f 318 391 392
f 318 392 320
f 318 385 386
f 319 393 321
f 319 320 393
f 320 392 394
f 320 394 395
f 320 395 396
f 320 396 397
f 320 397 398
f 320 398 399
f 320 399 393
f 321 393 399
f 321 399 400
f 321 400 401
f 321 401 322
f 322 402 403
f 322 403 323
f 322 401 400
f 322 400 402
f 323 404 325
f 323 403 404
f 325 405 406
f 325 406 407
f 325 407 330
f 325 404 405
f 326 408 409
f 326 409 327
f 326 329 333
f 326 333 410
f 326 410 408
f 327 409 411
f 327 411 412
f 327 412 413
f 327 413 414
f 327 414 415
f 327 415 416
f 327 416 417
f 327 417 418
f 327 418 419
f 327 419 328
f 328 419 336
f 329 334 333
f 330 407 420
f 330 420 331
f 331 420 421
f 331 421 332
f 332 421 333
f 333 422 410
f 333 421 423
f 333 423 422
f 336 419 424
f 336 424 337
f 337 424 425
f 337 425 338
f 338 342 340
f 338 340 339
f 338 425 343
f 343 425 344
f 344 425 345
f 345 425 426
f 345 426 427
f 345 427 346
f 346 427 347
f 347 427 348
f 348 427 358
f 348 358 349
f 349 358 350
f 351 428 353
f 351 353 352
f 351 360 359
f 351 359 429
f 351 429 428
f 353 428 354
f 354 428 355
f 355 430 361
f 355 428 429
f 355 429 430
f 358 427 431
f 358 431 432
f 358 432 429
f 358 429 359
f 361 433 363
f 361 363 362
f 361 430 433
f 363 433 434
f 363 434 364
f 364 434 435
f 364 435 436
f 364 436 437
f 364 437 365
f 365 437 438
f 365 438 439
f 365 439 440
f 365 440 441
f 365 441 443
f 365 443 367
f 366 368 442
f 366 442 370
f 367 443 368
f 368 443 444
f 368 444 442
f 370 442 372
f 372 445 446
f 372 446 373
f 372 442 445
f 373 446 447
f 373 447 448
f 373 448 449
f 373 449 450
f 374 450 451
f 374 451 452
f 374 452 454
f 374 454 453
f 374 453 375
f 375 453 454
f 375 454 376
f 376 454 455
f 376 455 456
f 376 456 457
f 376 457 460
f 376 460 379
f 376 379 377
f 378 382 464
f 378 464 458
f 378 458 459
f 378 459 383
f 379 460 380
f 380 460 461
f 380 461 381
f 381 461 572
f 381 572 462
f 381 462 463
f 381 463 464
f 381 464 382
f 385 465 386
f 386 466 467
f 386 467 388
f 386 388 387
f 386 465 466
f 388 468 389
f 388 467 469
f 388 469 470
f 388 470 468
f 389 468 471
f 389 471 472
f 389 472 390
f 390 473 474
f 390 474 475
f 390 475 476
f 390 476 477
f 390 477 391
f 390 472 471
f 390 471 473
f 391 477 392
f 392 477 478
f 392 478 479
f 392 479 480
f 392 480 481
f 392 481 482
f 392 482 483
f 392 483 484
f 392 484 485
f 392 485 486
f 392 486 487
f 392 487 488
f 392 488 489
f 392 489 394
f 394 489 490
f 394 490 491
f 394 491 396
f 394 396 395
f 396 398 397
f 396 491 490
f 396 490 492
f 396 492 493
f 396 493 398
f 398 493 399
f 399 493 400
f 400 493 402
f 402 494 403
f 402 493 495
f 402 495 496
f 402 496 497
f 402 497 494
f 403 494 404
f 404 497 405
f 404 494 497
f 405 497 498
f 405 498 406
f 406 498 499
f 406 499 407
f 407 499 420
f 408 410 409
f 409 412 411
f 409 410 412
f 410 422 412
f 412 500 413
f 412 422 500
f 413 501 502
f 413 502 414
f 413 500 422
f 413 422 503
f 413 503 504
f 413 504 505
f 413 505 506
f 413 506 507
f 413 507 501
f 414 502 625
f 414 625 508
f 414 508 509
f 414 509 415
f 415 509 510
f 415 510 416
f 416 510 511
f 416 511 417
f 417 511 418
f 418 511 419
f 419 511 424
f 420 499 512
f 420 512 423
f 420 423 421
f 422 423 512
f 422 512 513
f 422 513 503
f 424 511 426
f 424 426 425
f 426 511 510
f 426 510 431
f 426 431 427
f 429 432 431
f 429 431 514
f 429 514 515
f 429 515 430
f 430 515 433
f 431 510 509
f 431 509 516
f 431 516 517
f 431 517 518
f 431 518 519
f 431 519 520
f 431 520 521
f 431 521 522
f 431 522 514
f 433 523 524
f 433 524 525
f 433 525 526
f 433 526 434
f 433 515 521
f 433 521 527
f 433 527 528
f 433 528 523
f 434 529 435
f 434 526 530
f 434 530 529
f 435 531 436
f 435 529 530
f 435 530 532
f 435 532 531
f 436 531 533
f 436 533 534
f 436 534 438
f 436 438 437
f 438 534 535
f 438 535 536
f 438 536 537
f 438 537 538
f 438 538 539
f 438 539 540
f 438 540 541
f 438 541 542
f 438 542 543
f 438 543 544
f 438 544 545
f 438 545 546
f 438 546 547
f 438 547 439
f 439 547 548
f 439 548 549
f 439 549 550
f 439 550 551
f 439 551 440
f 440 551 552
f 440 552 441
f 441 552 553
f 441 553 555
f 441 555 443
f 442 444 554
f 442 554 446
f 442 446 445
f 443 555 444
f 444 555 554
f 446 554 447
f 447 554 556
f 447 556 448
f 448 556 557
f 448 557 558
f 448 558 559
f 448 559 560
f 448 560 449
f 449 560 561
f 449 561 450
f 450 561 451
f 451 561 562
f 451 562 452
f 452 562 563
f 452 563 454
f 454 563 564
f 454 564 565
f 454 565 455
f 455 565 456
f 456 565 566
f 456 566 457
f 457 566 569
f 457 569 460
f 458 567 459
f 458 464 463
f 458 463 568
f 458 568 690
f 458 690 567
f 460 569 570
f 460 570 571
f 460 571 572
f 460 572 461
f 462 572 573
f 462 573 574
f 462 574 463
f 463 574 575
f 463 575 576
f 463 576 568
f 465 577 578
f 465 578 579
f 465 579 466
f 466 579 580
f 466 580 467
f 467 580 469
f 468 581 471
f 468 470 581
f 469 580 582
f 469 582 583
f 469 583 470
f 470 583 584
f 470 584 581
f 471 585 586
f 471 586 473
f 471 581 585
f 473 586 587
f 473 587 474
f 474 587 475
f 475 477 476
f 475 587 588
f 475 588 589
f 475 589 590
f 475 590 591
f 475 591 477
f 477 591 478
f 478 591 479
f 479 591 592
f 479 592 593
f 479 593 594
f 479 594 595
f 479 595 596
f 479 596 597
f 479 597 480
f 480 597 598
f 480 598 481
f 481 598 599
f 481 599 482
f 482 599 483
f 483 599 600
f 483 600 601
f 483 601 602
f 483 602 484
f 484 602 603
f 484 603 604
f 484 604 605
f 484 605 485
f 485 605 606
f 485 606 607
f 485 607 486
f 486 607 487
f 487 607 608
f 487 608 609
f 487 609 610
f 487 610 488
f 488 610 489
f 489 610 611
f 489 611 490
f 490 612 495
f 490 495 492
f 490 611 612
f 492 495 493
f 495 612 496
f 496 611 613
f 496 613 497
f 496 612 611
f 497 613 498
f 498 613 614
f 498 614 615
f 498 615 499
f 499 615 616
f 499 616 617
f 499 617 618
f 499 618 619
f 499 619 620
f 499 620 621
f 499 621 622
f 499 622 623
f 499 623 512
f 501 624 502
f 501 507 624
f 502 624 625
f 503 513 504
f 504 513 626
f 504 626 627
f 504 627 505
f 505 627 628
f 505 628 506
f 506 628 629
f 506 629 507
f 507 630 631
f 507 631 624
f 507 629 632
f 507 632 621
f 507 621 620
f 507 620 619
f 507 619 630
f 508 625 633
f 508 633 634
f 508 634 509
f 509 634 635
f 509 635 636
f 509 636 516
f 512 623 626
f 512 626 513
f 514 522 515
f 515 522 521
f 516 637 517
f 516 636 638
f 516 638 637
f 517 637 639
f 517 639 640
f 517 640 641
f 517 641 518
f 518 641 642
f 518 642 519
f 519 642 643
f 519 643 644
f 519 644 645
f 519 645 646
f 519 646 527
f 519 527 520
f 520 527 521
f 523 528 524
f 524 647 648
f 524 648 525
f 524 528 644
f 524 644 647
f 525 648 649
f 525 649 526
f 526 649 530
f 527 650 528
f 527 646 645
f 527 645 650
f 528 650 645
f 528 645 644
f 530 651 532
f 530 649 648
f 530 648 652
f 530 652 651
f 531 653 533
f 531 532 651
f 531 651 653
f 533 654 534
f 533 653 655
f 533 655 654
f 534 654 535
f 535 654 536
f 536 654 656
f 536 656 657
f 536 657 658
f 536 658 537
f 537 658 538
f 538 658 659
f 538 659 539
f 539 659 660
f 539 660 661
f 539 661 662
f 539 662 540
f 540 662 663
f 540 663 541
f 541 663 664
f 541 664 542
f 542 664 543
f 543 664 665
f 543 665 666
f 543 666 545
f 543 545 544
f 545 666 546
f 546 666 667
f 546 667 668
f 546 668 547
f 547 668 669
f 547 669 670
f 547 670 671
f 547 671 672
f 547 672 673
f 547 673 548
f 548 673 549
f 549 673 550
f 550 673 551
f 551 673 674
f 551 674 552
f 552 674 553
f 553 674 557
f 553 557 556
f 553 556 554
f 553 554 555
f 557 674 813
f 557 813 675
f 557 675 558
f 558 675 676
f 558 676 677
f 558 677 559
f 559 677 678
f 559 678 561
f 559 561 560
f 561 679 680
f 561 680 562
f 561 678 681
f 561 681 682
f 561 682 683
f 561 683 684
f 561 684 685
f 561 685 679
f 562 680 686
f 562 686 563
f 563 686 687
f 563 687 688
f 563 688 689
f 563 689 564
f 564 689 569
f 564 569 565
f 565 569 566
f 568 576 690
f 569 689 570
f 570 691 692
f 570 692 693
f 570 693 571
f 570 689 688
f 570 688 691
f 571 693 694
f 571 694 572
f 572 694 573
f 573 694 695
f 573 695 696
f 573 696 697
f 573 697 574
f 574 698 575
f 574 697 699
f 574 699 700
f 574 700 698
f 575 698 700
f 575 700 701
f 575 701 702
f 575 702 576
f 577 703 704
f 577 704 705
f 577 705 706
f 577 706 707
f 577 707 708
f 577 708 709
f 577 709 710
f 577 710 578
f 578 710 711
f 578 711 582
f 578 582 579
f 579 582 580
f 581 712 585
f 581 584 712
f 582 711 583
f 583 711 713
f 583 713 714
f 583 714 715
f 583 715 716
f 583 716 584
f 584 716 717
f 584 717 718
f 584 718 712
f 585 712 718
f 585 718 586
f 586 719 720
f 586 720 587
f 586 718 721
f 586 721 719
f 587 720 719
f 587 719 722
f 587 722 723
f 587 723 724
f 587 724 588
f 588 724 725
f 588 725 726
f 588 726 589
f 589 726 727
f 589 727 590
f 590 727 726
f 590 726 728
f 590 728 870
f 590 870 729
f 590 729 730
f 590 730 592
f 590 592 591
f 592 730 731
f 592 731 732
f 592 732 593
f 593 732 733
f 593 733 594
f 594 733 595
f 595 733 734
f 595 734 735
f 595 735 736
f 595 736 596
f 596 736 735
f 596 735 737
f 596 737 738
f 596 738 597
f 597 738 598
f 598 738 599
f 599 738 739
f 599 739 600
f 600 739 737
f 600 737 740
f 600 740 601
f 601 740 741
f 601 741 742
f 601 742 603
f 601 603 602
f 603 742 743
f 603 743 744
f 603 744 745
f 603 745 746
f 603 746 747
f 603 747 748
f 603 748 605
f 603 605 604
f 605 748 749
f 605 749 750
f 605 750 607
f 605 607 606
f 607 750 751
f 607 751 608
f 608 751 752
f 608 752 610
f 608 610 609
f 610 752 613
f 610 613 611
f 613 752 753
f 613 753 616
f 613 616 614
f 614 616 615
f 616 753 617
f 617 753 754
f 617 754 755
f 617 755 756
f 617 756 757
f 617 757 758
f 617 758 618
f 618 758 759
f 618 759 619
f 619 759 630
f 621 632 622
f 622 632 629
f 622 629 628
f 622 628 623
f 623 628 627
f 623 627 626
f 624 760 761
f 624 761 762
f 624 762 763
f 624 763 764
f 624 764 633
f 624 633 625
f 624 631 630
f 624 630 765
f 624 765 766
f 624 766 760
f 630 759 765
f 633 764 634
f 634 764 767
f 634 767 768
f 634 768 769
f 634 769 770
f 634 770 635
f 635 770 636
f 636 770 638
f 637 638 771
f 637 771 639
f 638 770 769
f 638 769 768
f 638 768 771
f 639 772 641
f 639 641 640
f 639 771 773
f 639 773 774
f 639 774 772
f 641 772 774
f 641 774 773
f 641 773 775
f 641 775 776
f 641 776 777
f 641 777 778
f 641 778 779
f 641 779 647
f 641 647 644
f 641 644 642
f 642 644 643
f 647 779 648
f 648 780 781
f 648 781 652
f 648 779 780
f 651 652 781
f 651 781 782
f 651 782 783
f 651 783 655
f 651 655 653
f 654 655 783
f 654 783 656
f 656 784 657
f 656 783 785
f 656 785 784
f 657 784 658
f 658 784 786
f 658 786 787
f 658 787 659
f 659 787 791
f 659 791 788
f 659 788 660
f 660 789 790
f 660 790 661
f 660 788 791
f 660 791 792
f 660 792 793
f 660 793 794
f 660 794 789
f 661 790 789
f 661 789 795
f 661 795 662
f 662 795 663
f 663 795 796
f 663 796 797
f 663 797 664
f 664 797 798
f 664 798 799
f 664 799 800
f 664 800 665
f 665 800 801
f 665 801 666
f 666 801 667
f 667 801 802
f 667 802 803
f 667 803 804
f 667 804 805
f 667 805 668
f 668 805 806
f 668 806 669
f 669 806 807
f 669 807 808
f 669 808 670
f 670 808 809
f 670 809 810
f 670 810 811
f 670 811 812
f 670 812 673
f 670 673 671
f 671 673 672
f 673 812 811
f 673 811 674
f 674 811 813
f 675 813 676
f 676 814 815
f 676 815 816
f 676 816 817
f 676 817 818
f 676 818 677
f 676 813 811
f 676 811 814
f 677 681 678
f 677 818 819
f 677 819 820
f 677 820 821
f 677 821 681
f 679 685 822
f 679 822 680
f 680 822 823
f 680 823 824
f 680 824 686
f 681 821 682
f 682 821 683
f 683 821 825
f 683 825 684
f 684 825 826
f 684 826 827
f 684 827 822
f 684 822 685
f 686 824 828
f 686 828 829
f 686 829 830
f 686 830 831
f 686 831 687
f 687 831 688
f 688 831 691
f 691 831 832
f 691 832 833
f 691 833 834
f 691 834 692
f 692 834 835
f 692 835 693
f 693 835 694
f 694 835 695
f 695 835 974
f 695 974 836
f 695 836 837
f 695 837 696
f 696 837 697
f 697 837 838
f 697 838 839
f 697 839 840
f 697 840 699
f 699 840 700
f 700 840 841
f 700 841 701
f 703 842 704
f 704 843 978
f 704 978 1093
f 704 1093 1227
f 704 1227 1226
f 704 1226 1376
f 704 1376 1512
f 704 1512 1641
f 704 1641 1765
f 704 1765 1887
f 704 1887 2010
f 704 2010 2138
f 704 2138 2299
f 704 2299 2452
f 704 2452 2582
f 704 2582 2708
f 704 2708 2707
f 704 2707 2829
f 704 2829 2955
f 704 2955 3078
f 704 3078 3206
f 704 3206 3215
f 704 3215 3213
f 704 3213 3083
f 704 3083 3212
f 704 3212 3311
f 704 3311 3209
f 704 3209 3207
f 704 3207 3079
f 704 3079 2956
f 704 2956 2830
f 704 2830 2709
f 704 2709 2583
f 704 2583 2453
f 704 2453 2301
f 704 2301 2144
f 704 2144 2143
f 704 2143 2141
f 704 2141 2139
f 704 2139 2011
f 704 2011 1892
f 704 1892 1773
f 704 1773 1771
f 704 1771 1645
f 704 1645 1515
f 704 1515 1396
f 704 1396 1395
f 704 1395 1393
f 704 1393 1246
f 704 1246 1244
f 704 1244 1098
f 704 1098 1096
f 704 1096 982
f 704 982 844
f 704 844 845
f 704 845 705
f 704 842 843
f 705 845 846
f 705 846 706
f 706 846 847
f 706 847 707
f 707 847 848
f 707 848 708
f 708 848 847
f 708 847 709
f 709 847 849
f 709 849 850
f 709 850 710
f 710 850 713
f 710 713 711
f 713 850 849
f 713 849 714
f 714 849 851
f 714 851 715
f 715 851 852
f 715 852 853
f 715 853 716
f 716 853 854
f 716 854 855
f 716 855 856
f 716 856 717
f 717 856 857
f 717 857 858
f 717 858 859
f 717 859 860
f 717 860 718
f 718 860 861
f 718 861 862
f 718 862 721
f 719 721 862
f 719 862 863
f 719 863 864
f 719 864 722
f 722 864 865
f 722 865 866
f 722 866 723
f 723 866 724
f 724 866 865
f 724 865 867
f 724 867 868
f 724 868 725
f 725 868 728
f 725 728 726
f 728 868 869
f 728 869 870
f 729 870 869
f 729 869 730
f 730 869 871
f 730 871 872
f 730 872 731
f 731 872 873
f 731 873 732
f 732 873 874
f 732 874 733
f 733 874 875
f 733 875 876
f 733 876 734
f 734 876 735
f 735 877 737
f 735 876 878
f 735 878 1028
f 735 1028 879
f 735 879 880
f 735 880 877
f 737 881 741
f 737 741 740
f 737 739 738
f 737 877 880
f 737 880 882
f 737 882 883
f 737 883 881
f 741 881 883
f 741 883 884
f 741 884 744
f 741 744 742
f 742 744 743
f 744 884 883
f 744 883 885
f 744 885 886
f 744 886 887
f 744 887 746
f 744 746 745
f 746 888 747
f 746 887 889
f 746 889 890
f 746 890 891
f 746 891 888
f 747 888 748
f 748 888 749
f 749 888 892
f 749 892 750
f 750 892 751
f 751 893 752
f 751 892 894
f 751 894 893
f 752 893 756
f 752 756 755
f 752 755 754
f 752 754 753
f 756 894 895
f 756 895 896
f 756 896 897
f 756 897 757
f 756 893 894
f 757 897 898
f 757 898 899
f 757 899 900
f 757 900 758
f 758 900 901
f 758 901 766
f 758 766 759
f 759 766 765
f 760 766 761
f 761 766 901
f 761 901 902
f 761 902 903
f 761 903 762
f 762 903 904
f 762 904 905
f 762 905 906
f 762 906 763
f 763 906 764
f 764 906 767
f 767 906 768
f 768 907 771
f 768 906 905
f 768 905 908
f 768 908 909
f 768 909 773
f 768 773 907
f 771 907 910
f 771 910 773
f 773 910 907
f 773 909 911
f 773 911 775
f 775 911 912
f 775 912 913
f 775 913 914
f 775 914 776
f 776 915 777
f 776 914 915
f 777 915 916
f 777 916 779
f 777 779 917
f 777 917 778
f 778 917 779
f 779 916 918
f 779 918 919
f 779 919 920
f 779 920 921
f 779 921 780
f 780 921 781
f 781 922 923
f 781 923 782
f 781 921 922
f 782 923 924
f 782 924 785
f 782 785 783
f 784 785 925
f 784 925 786
f 785 924 925
f 786 926 927
f 786 927 928
f 786 928 791
f 786 791 787
f 786 925 926
f 789 794 796
f 789 796 795
f 791 928 929
f 791 929 792
f 792 929 930
f 792 930 931
f 792 931 793
f 793 796 794
f 793 931 932
f 793 932 797
f 793 797 796
f 797 932 933
f 797 933 934
f 797 934 935
f 797 935 936
f 797 936 937
f 797 937 938
f 797 938 798
f 798 938 799
f 799 938 939
f 799 939 800
f 800 939 801
f 801 939 937
f 801 937 940
f 801 940 802
f 802 941 803
f 802 940 941
f 803 942 804
f 803 941 943
f 803 943 1085
f 803 1085 1224
f 803 1224 1374
f 803 1374 1373
f 803 1373 1220
f 803 1220 1372
f 803 1372 1371
f 803 1371 1510
f 803 1510 1368
f 803 1368 1508
f 803 1508 1639
f 803 1639 1638
f 803 1638 1761
f 803 1761 1880
f 803 1880 2004
f 803 2004 2129
f 803 2129 2288
f 803 2288 2287
f 803 2287 2285
f 803 2285 2284
f 803 2284 2282
f 803 2282 2437
f 803 2437 2436
f 803 2436 2567
f 803 2567 2566
f 803 2566 2565
f 803 2565 2689
f 803 2689 2804
f 803 2804 2928
f 803 2928 3047
f 803 3047 3046
f 803 3046 3180
f 803 3180 3297
f 803 3297 3374
f 803 3374 3296
f 803 3296 3295
f 803 3295 3291
f 803 3291 3290
f 803 3290 3372
f 803 3372 3430
f 803 3430 3465
f 803 3465 3464
f 803 3464 3490
f 803 3490 3515
f 803 3515 3488
f 803 3488 3514
f 803 3514 3522
f 803 3522 3526
f 803 3526 3525
f 803 3525 3527
f 803 3527 3518
f 803 3518 3495
f 803 3495 3471
f 803 3471 3467
f 803 3467 3466
f 803 3466 3431
f 803 3431 3375
f 803 3375 3300
f 803 3300 3299
f 803 3299 3298
f 803 3298 3181
f 803 3181 3048
f 803 3048 2929
f 803 2929 2807
f 803 2807 2806
f 803 2806 2690
f 803 2690 2568
f 803 2568 2440
f 803 2440 2439
f 803 2439 2438
f 803 2438 2290
f 803 2290 2289
f 803 2289 2130
f 803 2130 2005
f 803 2005 1882
f 803 1882 1881
f 803 1881 1762
f 803 1762 1640
f 803 1640 1511
f 803 1511 1376
f 803 1376 1226
f 803 1226 1092
f 803 1092 976
f 803 976 975
f 803 975 839
f 803 839 838
f 803 838 837
f 803 837 836
f 803 836 974
f 803 974 973
f 803 973 972
f 803 972 971
f 803 971 970
f 803 970 1091
f 803 1091 968
f 803 968 1087
f 803 1087 966
f 803 966 1090
f 803 1090 1089
f 803 1089 1088
f 803 1088 1086
f 803 1086 959
f 803 959 958
f 803 958 957
f 803 957 950
f 803 950 949
f 803 949 948
f 803 948 947
f 803 947 946
f 803 946 945
f 803 945 944
f 803 944 942
f 804 942 944
f 804 944 805
f 805 944 945
f 805 945 806
f 806 945 946
f 806 946 807
f 807 946 947
f 807 947 948
f 807 948 949
f 807 949 808
f 808 949 950
f 808 950 951
f 808 951 952
f 808 952 809
f 809 952 953
f 809 953 954
f 809 954 814
f 809 814 810
f 810 814 955
f 810 955 811
f 811 955 814
f 814 954 815
f 815 954 816
f 816 954 951
f 816 951 956
f 816 956 819
f 816 819 817
f 817 819 818
f 819 956 820
f 820 951 957
f 820 957 958
f 820 958 959
f 820 959 960
f 820 960 821
f 820 956 951
f 821 960 961
f 821 961 825
f 822 829 823
f 822 827 962
f 822 962 963
f 822 963 964
f 822 964 829
f 823 829 828
f 823 828 824
f 825 961 959
f 825 959 827
f 825 827 826
f 827 959 965
f 827 965 966
f 827 966 962
f 829 967 830
f 829 964 968
f 829 968 969
f 829 969 967
f 830 967 831
f 831 967 832
f 832 967 969
f 832 969 833
f 833 969 970
f 833 970 971
f 833 971 972
f 833 972 834
f 834 972 835
f 835 972 973
f 835 973 974
f 839 975 840
f 840 975 841
f 841 975 976
f 842 977 843
f 843 977 979
f 843 979 980
f 843 980 981
f 843 981 978
f 844 982 845
f 845 982 983
f 845 983 846
f 846 983 984
f 846 984 847
f 847 984 985
f 847 985 986
f 847 986 987
f 847 987 988
f 847 988 851
f 847 851 849
f 851 988 989
f 851 989 852
f 852 989 990
f 852 990 853
f 853 990 854
f 854 991 992
f 854 992 993
f 854 993 994
f 854 994 995
f 854 995 996
f 854 996 997
f 854 997 855
f 854 990 991
f 855 997 856
f 856 997 998
f 856 998 857
f 857 998 999
f 857 999 858
f 858 1000 1001
f 858 1001 1002
f 858 1002 1003
f 858 1003 859
f 858 999 1000
f 859 1003 861
f 859 861 860
f 861 1003 862
f 862 1003 1004
f 862 1004 1005
f 862 1005 863
f 863 1005 1006
f 863 1006 864
f 864 1006 865
f 865 1007 867
f 865 1006 1005
f 865 1005 1007
f 867 1007 1008
f 867 1008 868
f 868 1009 1010
f 868 1010 1011
f 868 1011 871
f 868 871 869
f 868 1008 1012
f 868 1012 1013
f 868 1013 1014
f 868 1014 1015
f 868 1015 1016
f 868 1016 1009
f 871 1011 872
f 872 1011 1010
f 872 1010 1017
f 872 1017 873
f 873 1017 1010
f 873 1010 1009
f 873 1009 1018
f 873 1018 1019
f 873 1019 1020
f 873 1020 874
f 874 1020 1021
f 874 1021 875
f 875 1022 1023
f 875 1023 1024
f 875 1024 878
f 875 878 876
f 875 1021 1020
f 875 1020 1025
f 875 1025 1026
f 875 1026 1027
f 875 1027 1022
f 878 1024 1028
f 879 1028 1029
f 879 1029 880
f 880 1029 1030
f 880 1030 1031
f 880 1031 1032
f 880 1032 882
f 882 1032 1031
f 882 1031 1033
f 882 1033 1034
f 882 1034 883
f 883 1034 1035
f 883 1035 885
f 885 1035 886
f 886 1036 1037
f 886 1037 887
f 886 1035 1036
f 887 1037 889
f 888 891 890
f 888 890 1038
f 888 1038 1039
f 888 1039 892
f 889 1037 890
f 890 1037 1040
f 890 1040 1038
f 892 1039 1041
f 892 1041 894
f 894 1041 1039
f 894 1039 1042
f 894 1042 895
f 895 1042 1043
f 895 1043 896
f 896 1043 897
f 897 1043 1044
f 897 1044 898
f 898 1044 1045
f 898 1045 1046
f 898 1046 899
f 899 1046 1047
f 899 1047 900
f 900 1047 1048
f 900 1048 1049
f 900 1049 901
f 901 1049 902
f 902 1049 903
f 903 1049 904
f 904 1049 1050
f 904 1050 1051
f 904 1051 1052
f 904 1052 905
f 905 1052 908
f 908 1052 911
f 908 911 909
f 911 1052 912
f 912 1052 1051
f 912 1051 1053
f 912 1053 1054
f 912 1054 1055
f 912 1055 1056
f 912 1056 913
f 913 1056 1057
f 913 1057 1058
f 913 1058 1059
f 913 1059 1060
f 913 1060 916
f 913 916 915
f 913 915 914
f 916 1060 1059
f 916 1059 919
f 916 919 918
f 919 1059 1061
f 919 1061 920
f 920 1061 921
f 921 1061 922
f 922 1062 1063
f 922 1063 1064
f 922 1064 1065
f 922 1065 1066
f 922 1066 1067
f 922 1067 923
f 922 1061 1062
f 923 1067 1066
f 923 1066 924
f 924 1066 1068
f 924 1068 925
f 925 1068 926
f 926 1069 1070
f 926 1070 927
f 926 1068 1071
f 926 1071 1069
f 927 1070 1072
f 927 1072 1073
f 927 1073 1074
f 927 1074 928
f 928 1074 1075
f 928 1075 929
f 929 1075 1076
f 929 1076 930
f 930 1076 1077
f 930 1077 1078
f 930 1078 1079
f 930 1079 931
f 931 1079 1080
f 931 1080 1081
f 931 1081 1082
f 931 1082 933
f 931 933 932
f 933 1082 934
f 934 1082 1083
f 934 1083 1084
f 934 1084 935
f 935 1084 941
f 935 941 940
f 935 940 937
f 935 937 936
f 937 939 938
f 941 1084 943
f 943 1084 1085
f 950 957 951
f 951 954 953
f 951 953 952
f 959 1086 965
f 959 961 960
f 962 966 963
f 963 966 1087
f 963 1087 968
f 963 968 964
f 965 1086 1088
f 965 1088 1089
f 965 1089 1090
f 965 1090 966
f 968 1091 969
f 969 1091 970
f 978 981 1094
f 978 1094 1095
f 978 1095 1093
f 982 1096 983
f 983 1097 984
f 983 1096 1098
f 983 1098 1099
f 983 1099 1100
f 983 1100 1097
f 984 1097 1100
f 984 1100 1101
f 984 1101 1102
f 984 1102 985
f 985 1102 1103
f 985 1103 986
f 986 1103 987
f 987 1103 1104
f 987 1104 1105
f 987 1105 1106
f 987 1106 1107
f 987 1107 1108
f 987 1108 988
f 988 1108 1109
f 988 1109 1110
f 988 1110 989
f 989 1110 1111
f 989 1111 990
f 990 1111 1112
f 990 1112 991
f 991 1113 1114
f 991 1114 992
f 991 1112 1113
f 992 1114 1115
f 992 1115 993
f 993 1115 994
f 994 1115 1116
f 994 1116 1117
f 994 1117 1118
f 994 1118 1119
f 994 1119 1120
f 994 1120 995
f 995 1120 996
f 996 1121 1122
f 996 1122 998
f 996 998 997
f 996 1120 1123
f 996 1123 1121
f 998 1122 1124
f 998 1124 999
f 999 1124 1125
f 999 1125 1000
f 1000 1124 1126
f 1000 1126 1001
f 1000 1125 1124
f 1001 1126 1127
f 1001 1127 1128
f 1001 1128 1002
f 1002 1128 1129
f 1002 1129 1130
f 1002 1130 1131
f 1002 1131 1003
f 1003 1131 1132
f 1003 1132 1004
f 1004 1132 1005
f 1005 1132 1133
f 1005 1133 1007
f 1007 1134 1135
f 1007 1135 1136
f 1007 1136 1008
f 1007 1133 1132
f 1007 1132 1129
f 1007 1129 1134
f 1008 1136 1012
f 1009 1016 1018
f 1012 1136 1137
f 1012 1137 1138
f 1012 1138 1139
f 1012 1139 1140
f 1012 1140 1141
f 1012 1141 1142
f 1012 1142 1014
f 1012 1014 1013
f 1014 1142 1015
f 1015 1142 1143
f 1015 1143 1144
f 1015 1144 1145
f 1015 1145 1016
f 1016 1145 1146
f 1016 1146 1147
f 1016 1147 1018
f 1018 1147 1148
f 1018 1148 1149
f 1018 1149 1019
f 1019 1149 1020
f 1020 1026 1025
f 1020 1149 1150
f 1020 1150 1026
f 1022 1027 1151
f 1022 1151 1152
f 1022 1152 1023
f 1023 1152 1029
f 1023 1029 1024
f 1024 1029 1028
f 1026 1150 1027
f 1027 1150 1153
f 1027 1153 1154
f 1027 1154 1155
f 1027 1155 1151
f 1029 1152 1156
f 1029 1156 1157
f 1029 1157 1158
f 1029 1158 1030
f 1030 1158 1031
f 1031 1158 1159
f 1031 1159 1160
f 1031 1160 1161
f 1031 1161 1035
f 1031 1035 1033
f 1033 1035 1034
f 1035 1161 1036
f 1036 1162 1163
f 1036 1163 1037
f 1036 1161 1162
f 1037 1163 1040
f 1038 1164 1042
f 1038 1042 1039
f 1038 1040 1163
f 1038 1163 1165
f 1038 1165 1166
f 1038 1166 1167
f 1038 1167 1164
f 1042 1164 1168
f 1042 1168 1043
f 1043 1168 1164
f 1043 1164 1167
f 1043 1167 1169
f 1043 1169 1170
f 1043 1170 1171
f 1043 1171 1044
f 1044 1171 1045
f 1045 1171 1172
f 1045 1172 1046
f 1046 1172 1047
f 1047 1172 1173
f 1047 1173 1048
f 1048 1173 1174
f 1048 1174 1050
f 1048 1050 1049
f 1050 1175 1051
f 1050 1174 1175
f 1051 1175 1176
f 1051 1176 1053
f 1053 1176 1177
f 1053 1177 1054
f 1054 1177 1178
f 1054 1178 1179
f 1054 1179 1180
f 1054 1180 1181
f 1054 1181 1182
f 1054 1182 1183
f 1054 1183 1184
f 1054 1184 1055
f 1055 1184 1185
f 1055 1185 1186
f 1055 1186 1056
f 1056 1186 1187
f 1056 1187 1057
f 1057 1188 1189
f 1057 1189 1190
f 1057 1190 1058
f 1057 1187 1191
f 1057 1191 1188
f 1058 1190 1059
f 1059 1190 1192
f 1059 1192 1193
f 1059 1193 1061
f 1061 1193 1194
f 1061 1194 1062
f 1062 1194 1195
f 1062 1195 1063
f 1063 1195 1196
f 1063 1196 1197
f 1063 1197 1064
f 1064 1197 1198
f 1064 1198 1065
f 1065 1198 1066
f 1066 1198 1199
f 1066 1199 1200
f 1066 1200 1071
f 1066 1071 1068
f 1069 1071 1200
f 1069 1200 1070
f 1070 1200 1199
f 1070 1199 1201
f 1070 1201 1202
f 1070 1202 1072
f 1072 1202 1203
f 1072 1203 1204
f 1072 1204 1073
f 1073 1205 1206
f 1073 1206 1074
f 1073 1204 1205
f 1074 1207 1208
f 1074 1208 1209
f 1074 1209 1075
f 1074 1206 1207
f 1075 1209 1208
f 1075 1208 1076
f 1076 1208 1210
f 1076 1210 1211
f 1076 1211 1077
f 1077 1211 1212
f 1077 1212 1213
f 1077 1213 1078
f 1078 1213 1214
f 1078 1214 1215
f 1078 1215 1079
f 1079 1215 1216
f 1079 1216 1080
f 1080 1217 1218
f 1080 1218 1082
f 1080 1082 1081
f 1080 1216 1219
f 1080 1219 1220
f 1080 1220 1217
f 1082 1218 1221
f 1082 1221 1083
f 1083 1221 1222
f 1083 1222 1084
f 1084 1222 1223
f 1084 1223 1085
f 1085 1223 1224
f 1092 1226 1227
f 1092 1227 1225
f 1093 1095 1228
f 1093 1228 1229
f 1093 1229 1230
f 1093 1230 1231
f 1093 1231 1232
f 1093 1232 1233
f 1093 1233 1234
f 1093 1234 1235
f 1093 1235 1236
f 1093 1236 1237
f 1093 1237 1238
f 1093 1238 1239
f 1093 1239 1240
f 1093 1240 1241
f 1093 1241 1242
f 1093 1242 1243
f 1093 1243 1227
f 1098 1244 1099
f 1099 1245 1100
f 1099 1244 1245
f 1100 1245 1244
f 1100 1244 1246
f 1100 1246 1247
f 1100 1247 1248
f 1100 1248 1101
f 1101 1248 1249
f 1101 1249 1250
f 1101 1250 1102
f 1102 1250 1251
f 1102 1251 1103
f 1103 1251 1252
f 1103 1252 1253
f 1103 1253 1104
f 1104 1253 1252
f 1104 1252 1256
f 1104 1256 1105
f 1105 1254 1255
f 1105 1255 1106
f 1105 1256 1257
f 1105 1257 1254
f 1106 1108 1107
f 1106 1255 1108
f 1108 1258 1259
f 1108 1259 1109
f 1108 1255 1260
f 1108 1260 1258
f 1109 1259 1110
f 1110 1261 1111
f 1110 1259 1261
f 1111 1261 1113
f 1111 1113 1112
f 1113 1262 1263
f 1113 1263 1114
f 1113 1261 1262
f 1114 1263 1115
f 1115 1263 1116
f 1116 1263 1264
f 1116 1264 1265
f 1116 1265 1266
f 1116 1266 1267
f 1116 1267 1268
f 1116 1268 1269
f 1116 1269 1117
f 1117 1269 1270
f 1117 1270 1271
f 1117 1271 1272
f 1117 1272 1118
f 1118 1272 1119
f 1119 1272 1273
f 1119 1273 1120
f 1120 1273 1123
f 1121 1123 1274
f 1121 1274 1275
f 1121 1275 1276
f 1121 1276 1124
f 1121 1124 1122
f 1123 1273 1272
f 1123 1272 1277
f 1123 1277 1278
f 1123 1278 1279
f 1123 1279 1274
f 1124 1276 1275
f 1124 1275 1280
f 1124 1280 1126
f 1126 1280 1281
f 1126 1281 1282
f 1126 1282 1127
f 1127 1282 1283
f 1127 1283 1128
f 1128 1283 1284
f 1128 1284 1285
f 1128 1285 1129
f 1129 1132 1130
f 1129 1285 1286
f 1129 1286 1134
f 1130 1132 1131
f 1134 1286 1135
f 1135 1287 1137
f 1135 1137 1136
f 1135 1286 1287
f 1137 1287 1138
f 1138 1288 1289
f 1138 1289 1139
f 1138 1287 1290
f 1138 1290 1291
f 1138 1291 1288
f 1139 1289 1292
f 1139 1292 1293
f 1139 1293 1294
f 1139 1294 1140
f 1140 1142 1141
f 1140 1294 1295
f 1140 1295 1296
f 1140 1296 1297
f 1140 1297 1142
f 1142 1298 1143
f 1142 1297 1299
f 1142 1299 1298
f 1143 1298 1144
f 1144 1299 1300
f 1144 1300 1301
f 1144 1301 1145
f 1144 1298 1299
f 1145 1301 1302
f 1145 1302 1303
f 1145 1303 1146
f 1146 1303 1304
f 1146 1304 1305
f 1146 1305 1148
f 1146 1148 1147
f 1148 1305 1149
f 1149 1305 1306
f 1149 1306 1150
f 1150 1306 1307
f 1150 1307 1308
f 1150 1308 1154
f 1150 1154 1153
f 1151 1156 1152
f 1151 1155 1309
f 1151 1309 1310
f 1151 1310 1313
f 1151 1313 1156
f 1154 1308 1311
f 1154 1311 1312
f 1154 1312 1155
f 1155 1312 1310
f 1155 1310 1309
f 1156 1313 1314
f 1156 1314 1157
f 1157 1314 1313
f 1157 1313 1158
f 1158 1313 1315
f 1158 1315 1316
f 1158 1316 1159
f 1159 1316 1160
f 1160 1316 1317
f 1160 1317 1318
f 1160 1318 1319
f 1160 1319 1163
f 1160 1163 1162
f 1160 1162 1161
f 1163 1319 1320
f 1163 1320 1165
f 1165 1320 1321
f 1165 1321 1166
f 1166 1321 1322
f 1166 1322 1167
f 1167 1322 1323
f 1167 1323 1324
f 1167 1324 1169
f 1169 1324 1170
f 1170 1324 1325
f 1170 1325 1171
f 1171 1325 1326
f 1171 1326 1172
f 1172 1326 1173
f 1173 1326 1174
f 1174 1326 1175
f 1175 1326 1176
f 1176 1326 1177
f 1177 1326 1178
f 1178 1326 1179
f 1179 1327 1328
f 1179 1328 1180
f 1179 1326 1325
f 1179 1325 1324
f 1179 1324 1327
f 1180 1328 1181
f 1181 1183 1182
f 1181 1328 1329
f 1181 1329 1330
f 1181 1330 1331
f 1181 1331 1332
f 1181 1332 1183
f 1183 1332 1333
f 1183 1333 1184
f 1184 1333 1185
f 1185 1191 1187
f 1185 1187 1186
f 1185 1333 1191
f 1188 1191 1189
f 1189 1191 1190
f 1190 1334 1335
f 1190 1335 1192
f 1190 1191 1334
f 1191 1333 1332
f 1191 1332 1336
f 1191 1336 1337
f 1191 1337 1338
f 1191 1338 1339
f 1191 1339 1334
f 1192 1340 1341
f 1192 1341 1193
f 1192 1335 1342
f 1192 1342 1340
f 1193 1341 1194
f 1194 1343 1344
f 1194 1344 1196
f 1194 1196 1195
f 1194 1341 1483
f 1194 1483 1345
f 1194 1345 1343
f 1196 1344 1346
f 1196 1346 1347
f 1196 1347 1197
f 1197 1347 1198
f 1198 1348 1199
f 1198 1347 1348
f 1199 1348 1349
f 1199 1349 1201
f 1201 1349 1202
f 1202 1349 1350
f 1202 1350 1351
f 1202 1351 1203
f 1203 1351 1352
f 1203 1352 1353
f 1203 1353 1204
f 1204 1354 1355
f 1204 1355 1356
f 1204 1356 1205
f 1204 1353 1354
f 1205 1356 1357
f 1205 1357 1206
f 1206 1357 1207
f 1207 1358 1359
f 1207 1359 1208
f 1207 1357 1358
f 1208 1360 1361
f 1208 1361 1362
f 1208 1362 1210
f 1208 1359 1360
f 1210 1362 1363
f 1210 1363 1364
f 1210 1364 1211
f 1211 1364 1365
f 1211 1365 1212
f 1212 1365 1364
f 1212 1364 1366
f 1212 1366 1213
f 1213 1366 1367
f 1213 1367 1368
f 1213 1368 1369
f 1213 1369 1214
f 1214 1369 1219
f 1214 1219 1370
f 1214 1370 1215
f 1215 1370 1216
f 1216 1370 1219
f 1217 1220 1221
f 1217 1221 1218
f 1219 1369 1371
f 1219 1371 1372
f 1219 1372 1220
f 1220 1373 1223
f 1220 1223 1221
f 1221 1223 1222
f 1223 1373 1374
f 1223 1374 1224
f 1225 1227 1375
f 1227 1243 1377
f 1227 1377 1378
f 1227 1378 1379
f 1227 1379 1380
f 1227 1380 1381
f 1227 1381 1382
f 1227 1382 1383
f 1227 1383 1384
f 1227 1384 1385
f 1227 1385 1386
f 1227 1386 1387
f 1227 1387 1388
f 1227 1388 1389
f 1227 1389 1390
f 1227 1390 1391
f 1227 1391 1392
f 1227 1392 1375
f 1246 1393 1248
f 1246 1248 1247
f 1248 1394 1250
f 1248 1250 1249
f 1248 1393 1395
f 1248 1395 1396
f 1248 1396 1394
f 1250 1394 1397
f 1250 1397 1398
f 1250 1398 1399
f 1250 1399 1400
f 1250 1400 1251
f 1251 1400 1252
f 1252 1400 1401
f 1252 1401 1402
f 1252 1402 1256
f 1254 1403 1255
f 1254 1257 1403
f 1255 1403 1260
f 1256 1402 1257
f 1257 1404 1403
f 1257 1402 1522
f 1257 1522 1405
f 1257 1405 1406
f 1257 1406 1524
f 1257 1524 1404
f 1258 1260 1407
f 1258 1407 1259
f 1259 1408 1262
f 1259 1262 1261
f 1259 1407 1409
f 1259 1409 1410
f 1259 1410 1408
f 1260 1411 1407
f 1260 1403 1412
f 1260 1412 1413
f 1260 1413 1414
f 1260 1414 1411
f 1262 1408 1415
f 1262 1415 1416
f 1262 1416 1263
f 1263 1416 1264
f 1264 1417 1418
f 1264 1418 1419
f 1264 1419 1265
f 1264 1416 1417
f 1265 1419 1266
f 1266 1420 1267
f 1266 1419 1420
f 1267 1420 1421
f 1267 1421 1422
f 1267 1422 1423
f 1267 1423 1424
f 1267 1424 1425
f 1267 1425 1426
f 1267 1426 1427
f 1267 1427 1268
f 1268 1427 1269
f 1269 1427 1270
f 1270 1427 1428
f 1270 1428 1271
f 1271 1428 1429
f 1271 1429 1272
f 1272 1429 1430
f 1272 1430 1277
f 1274 1279 1281
f 1274 1281 1275
f 1275 1281 1280
f 1277 1430 1431
f 1277 1431 1432
f 1277 1432 1278
f 1278 1432 1433
f 1278 1433 1434
f 1278 1434 1435
f 1278 1435 1279
f 1279 1435 1436
f 1279 1436 1281
f 1281 1436 1435
f 1281 1435 1437
f 1281 1437 1438
f 1281 1438 1282
f 1282 1438 1439
f 1282 1439 1440
f 1282 1440 1283
f 1283 1440 1284
f 1284 1440 1441
f 1284 1441 1286
f 1284 1286 1285
f 1286 1441 1287
f 1287 1441 1442
f 1287 1442 1443
f 1287 1443 1290
f 1288 1444 1289
f 1288 1291 1445
f 1288 1445 1444
f 1289 1444 1446
f 1289 1446 1447
f 1289 1447 1448
f 1289 1448 1293
f 1289 1293 1292
f 1290 1443 1291
f 1291 1443 1438
f 1291 1438 1449
f 1291 1449 1434
f 1291 1434 1445
f 1293 1448 1450
f 1293 1450 1295
f 1293 1295 1294
f 1295 1450 1451
f 1295 1451 1296
f 1296 1451 1452
f 1296 1452 1297
f 1297 1452 1453
f 1297 1453 1454
f 1297 1454 1299
f 1299 1454 1455
f 1299 1455 1300
f 1300 1455 1301
f 1301 1455 1456
f 1301 1456 1457
f 1301 1457 1302
f 1302 1457 1458
f 1302 1458 1459
f 1302 1459 1303
f 1303 1459 1304
f 1304 1459 1460
f 1304 1460 1306
f 1304 1306 1305
f 1306 1460 1308
f 1306 1308 1307
f 1308 1460 1459
f 1308 1459 1458
f 1308 1458 1461
f 1308 1461 1311
f 1310 1312 1462
f 1310 1462 1313
f 1311 1461 1463
f 1311 1463 1464
f 1311 1464 1312
f 1312 1464 1462
f 1313 1462 1315
f 1315 1462 1465
f 1315 1465 1316
f 1316 1465 1466
f 1316 1466 1317
f 1317 1466 1597
f 1317 1597 1467
f 1317 1467 1318
f 1318 1467 1468
f 1318 1468 1469
f 1318 1469 1319
f 1319 1469 1470
f 1319 1470 1320
f 1320 1470 1471
f 1320 1471 1472
f 1320 1472 1321
f 1321 1472 1473
f 1321 1473 1474
f 1321 1474 1322
f 1322 1474 1323
f 1323 1474 1327
f 1323 1327 1324
f 1327 1474 1605
f 1327 1605 1475
f 1327 1475 1328
f 1328 1475 1476
f 1328 1476 1477
f 1328 1477 1329
f 1329 1477 1478
f 1329 1478 1330
f 1330 1478 1336
f 1330 1336 1331
f 1331 1336 1332
f 1334 1479 1335
f 1334 1339 1479
f 1335 1480 1342
f 1335 1479 1481
f 1335 1481 1480
f 1336 1478 1338
f 1336 1338 1337
f 1338 1482 1339
f 1338 1478 1482
f 1339 1482 1479
f 1340 1342 1483
f 1340 1483 1341
f 1342 1484 1485
f 1342 1485 1483
f 1342 1480 1481
f 1342 1481 1482
f 1342 1482 1484
f 1343 1345 1485
f 1343 1485 1344
f 1344 1485 1486
f 1344 1486 1346
f 1345 1483 1485
f 1346 1486 1487
f 1346 1487 1488
f 1346 1488 1489
f 1346 1489 1490
f 1346 1490 1491
f 1346 1491 1492
f 1346 1492 1347
f 1347 1492 1350
f 1347 1350 1348
f 1348 1350 1349
f 1350 1492 1351
f 1351 1492 1493
f 1351 1493 1352
f 1352 1493 1494
f 1352 1494 1353
f 1353 1494 1495
f 1353 1495 1496
f 1353 1496 1354
f 1354 1496 1497
f 1354 1497 1498
f 1354 1498 1357
f 1354 1357 1355
f 1355 1357 1356
f 1357 1498 1499
f 1357 1499 1358
f 1358 1499 1359
f 1359 1499 1360
f 1360 1500 1361
f 1360 1499 1501
f 1360 1501 1502
f 1360 1502 1500
f 1361 1500 1503
f 1361 1503 1504
f 1361 1504 1363
f 1361 1363 1362
f 1363 1504 1505
f 1363 1505 1506
f 1363 1506 1364
f 1364 1506 1366
f 1366 1506 1367
f 1367 1507 1508
f 1367 1508 1368
f 1367 1506 1509
f 1367 1509 1507
f 1368 1510 1369
f 1369 1510 1371
f 1376 1511 1512
f 1394 1513 1397
f 1394 1396 1514
f 1394 1514 1513
f 1396 1515 1516
f 1396 1516 1517
f 1396 1517 1514
f 1397 1513 1398
f 1398 1513 1518
f 1398 1518 1399
f 1399 1401 1400
f 1399 1518 1519
f 1399 1519 1520
f 1399 1520 1521
f 1399 1521 1401
f 1401 1521 1522
f 1401 1522 1402
f 1403 1404 1412
f 1404 1523 1412
f 1404 1524 1523
f 1405 1522 1525
f 1405 1525 1526
f 1405 1526 1406
f 1406 1526 1527
f 1406 1527 1524
f 1407 1411 1528
f 1407 1528 1409
f 1408 1410 1529
f 1408 1529 1530
f 1408 1530 1531
f 1408 1531 1415
f 1409 1528 1532
f 1409 1532 1533
f 1409 1533 1410
f 1410 1533 1529
f 1411 1414 1528
f 1412 1532 1413
f 1412 1523 1527
f 1412 1527 1534
f 1412 1534 1535
f 1412 1535 1536
f 1412 1536 1532
f 1413 1532 1414
f 1414 1532 1528
f 1415 1531 1416
f 1416 1531 1537
f 1416 1537 1538
f 1416 1538 1417
f 1417 1538 1418
f 1418 1539 1419
f 1418 1538 1539
f 1419 1539 1540
f 1419 1540 1420
f 1420 1540 1421
f 1421 1540 1541
f 1421 1541 1542
f 1421 1542 1543
f 1421 1543 1422
f 1422 1543 1544
f 1422 1544 1424
f 1422 1424 1423
f 1424 1544 1425
f 1425 1545 1546
f 1425 1546 1426
f 1425 1544 1547
f 1425 1547 1548
f 1425 1548 1549
f 1425 1549 1550
f 1425 1550 1545
f 1426 1428 1427
f 1426 1546 1545
f 1426 1545 1551
f 1426 1551 1428
f 1428 1551 1429
f 1429 1551 1545
f 1429 1545 1430
f 1430 1545 1552
f 1430 1552 1553
f 1430 1553 1431
f 1431 1553 1554
f 1431 1554 1432
f 1432 1554 1433
f 1433 1555 1434
f 1433 1554 1553
f 1433 1553 1555
f 1434 1555 1556
f 1434 1556 1557
f 1434 1557 1558
f 1434 1558 1445
f 1434 1449 1438
f 1434 1438 1437
f 1434 1437 1435
f 1438 1443 1442
f 1438 1442 1439
f 1439 1442 1441
f 1439 1441 1440
f 1444 1559 1446
f 1444 1445 1559
f 1445 1558 1559
f 1446 1559 1560
f 1446 1560 1561
f 1446 1561 1562
f 1446 1562 1447
f 1447 1562 1563
f 1447 1563 1448
f 1448 1563 1564
f 1448 1564 1450
f 1450 1564 1565
f 1450 1565 1451
f 1451 1566 1567
f 1451 1567 1568
f 1451 1568 1569
f 1451 1569 1452
f 1451 1565 1566
f 1452 1569 1453
f 1453 1569 1570
f 1453 1570 1571
f 1453 1571 1572
f 1453 1572 1573
f 1453 1573 1574
f 1453 1574 1454
f 1454 1574 1575
f 1454 1575 1456
f 1454 1456 1455
f 1456 1576 1577
f 1456 1577 1457
f 1456 1575 1578
f 1456 1578 1576
f 1457 1577 1579
f 1457 1579 1458
f 1458 1580 1581
f 1458 1581 1582
f 1458 1582 1461
f 1458 1579 1580
f 1461 1582 1581
f 1461 1581 1583
f 1461 1583 1584
f 1461 1584 1585
f 1461 1585 1586
f 1461 1586 1587
f 1461 1587 1588
f 1461 1588 1463
f 1462 1464 1463
f 1462 1463 1589
f 1462 1589 1590
f 1462 1590 1591
f 1462 1591 1592
f 1462 1592 1465
f 1463 1588 1593
f 1463 1593 1594
f 1463 1594 1595
f 1463 1595 1589
f 1465 1592 1596
f 1465 1596 1466
f 1466 1596 1714
f 1466 1714 1597
f 1467 1597 1598
f 1467 1598 1468
f 1468 1598 1599
f 1468 1599 1600
f 1468 1600 1469
f 1469 1600 1601
f 1469 1601 1470
f 1470 1601 1602
f 1470 1602 1471
f 1471 1602 1472
f 1472 1602 1473
f 1473 1602 1603
f 1473 1603 1474
f 1474 1603 1604
f 1474 1604 1605
f 1475 1605 1476
f 1476 1606 1607
f 1476 1607 1477
f 1476 1605 1606
f 1477 1607 1608
f 1477 1608 1478
f 1478 1608 1609
f 1478 1609 1610
f 1478 1610 1611
f 1478 1611 1482
f 1479 1482 1481
f 1482 1611 1612
f 1482 1612 1484
f 1484 1613 1485
f 1484 1612 1613
f 1485 1613 1487
f 1485 1487 1486
f 1487 1613 1614
f 1487 1614 1615
f 1487 1615 1489
f 1487 1489 1488
f 1489 1615 1616
f 1489 1616 1617
f 1489 1617 1618
f 1489 1618 1619
f 1489 1619 1491
f 1489 1491 1490
f 1491 1619 1493
f 1491 1493 1492
f 1493 1619 1620
f 1493 1620 1621
f 1493 1621 1494
f 1494 1621 1495
f 1495 1621 1622
f 1495 1622 1496
f 1496 1623 1497
f 1496 1622 1624
f 1496 1624 1623
f 1497 1625 1501
f 1497 1501 1499
f 1497 1499 1498
f 1497 1623 1626
f 1497 1626 1627
f 1497 1627 1625
f 1500 1502 1628
f 1500 1628 1503
f 1501 1629 1628
f 1501 1628 1502
f 1501 1625 1629
f 1503 1628 1630
f 1503 1630 1631
f 1503 1631 1632
f 1503 1632 1633
f 1503 1633 1634
f 1503 1634 1505
f 1503 1505 1504
f 1505 1634 1633
f 1505 1633 1635
f 1505 1635 1757
f 1505 1757 1636
f 1505 1636 1637
f 1505 1637 1638
f 1505 1638 1507
f 1505 1507 1506
f 1506 1507 1509
f 1507 1638 1639
f 1507 1639 1508
f 1511 1640 1512
f 1512 1640 1641
f 1513 1514 1518
f 1514 1517 1646
f 1514 1646 1642
f 1514 1642 1643
f 1514 1643 1644
f 1514 1644 1518
f 1515 1645 1516
f 1516 1645 1517
f 1517 1645 1646
f 1518 1644 1647
f 1518 1647 1519
f 1519 1647 1520
f 1520 1647 1648
f 1520 1648 1521
f 1521 1648 1522
f 1522 1648 1649
f 1522 1649 1525
f 1523 1524 1527
f 1525 1649 1650
f 1525 1650 1651
f 1525 1651 1526
f 1526 1534 1527
f 1526 1651 1778
f 1526 1778 1652
f 1526 1652 1534
f 1529 1653 1530
f 1529 1533 1654
f 1529 1654 1655
f 1529 1655 1656
f 1529 1656 1653
f 1530 1653 1657
f 1530 1657 1531
f 1531 1658 1537
f 1531 1657 1659
f 1531 1659 1658
f 1532 1654 1533
f 1532 1536 1654
f 1534 1652 1660
f 1534 1660 1661
f 1534 1661 1536
f 1534 1536 1535
f 1536 1661 1662
f 1536 1662 1782
f 1536 1782 1655
f 1536 1655 1654
f 1537 1658 1538
f 1538 1658 1539
f 1539 1658 1540
f 1540 1659 1663
f 1540 1663 1664
f 1540 1664 1665
f 1540 1665 1666
f 1540 1666 1541
f 1540 1658 1659
f 1541 1666 1667
f 1541 1667 1668
f 1541 1668 1542
f 1542 1668 1543
f 1543 1667 1669
f 1543 1669 1544
f 1543 1668 1667
f 1544 1669 1670
f 1544 1670 1671
f 1544 1671 1547
f 1545 1550 1672
f 1545 1672 1552
f 1547 1671 1673
f 1547 1673 1548
f 1548 1674 1549
f 1548 1673 1671
f 1548 1671 1675
f 1548 1675 1674
f 1549 1674 1676
f 1549 1676 1550
f 1550 1676 1672
f 1552 1672 1677
f 1552 1677 1553
f 1553 1677 1678
f 1553 1678 1679
f 1553 1679 1555
f 1555 1679 1680
f 1555 1680 1557
f 1555 1557 1556
f 1557 1680 1681
f 1557 1681 1559
f 1557 1559 1558
f 1559 1682 1560
f 1559 1681 1680
f 1559 1680 1682
f 1560 1682 1683
f 1560 1683 1684
f 1560 1684 1685
f 1560 1685 1561
f 1561 1685 1686
f 1561 1686 1562
f 1562 1686 1563
f 1563 1567 1687
f 1563 1687 1688
f 1563 1688 1564
f 1563 1686 1567
f 1564 1688 1565
f 1565 1688 1566
f 1566 1688 1567
f 1567 1689 1568
f 1567 1688 1687
f 1567 1686 1690
f 1567 1690 1691
f 1567 1691 1689
f 1568 1689 1692
f 1568 1692 1570
f 1568 1570 1569
f 1570 1692 1693
f 1570 1693 1694
f 1570 1694 1695
f 1570 1695 1696
f 1570 1696 1571
f 1571 1696 1697
f 1571 1697 1572
f 1572 1697 1573
f 1573 1697 1698
f 1573 1698 1699
f 1573 1699 1574
f 1574 1699 1578
f 1574 1578 1575
f 1576 1579 1577
f 1576 1578 1700
f 1576 1700 1583
f 1576 1583 1579
f 1578 1699 1701
f 1578 1701 1702
f 1578 1702 1700
f 1579 1583 1580
f 1580 1583 1581
f 1583 1700 1702
f 1583 1702 1584
f 1584 1702 1701
f 1584 1701 1703
f 1584 1703 1704
f 1584 1704 1705
f 1584 1705 1585
f 1585 1705 1586
f 1586 1705 1706
f 1586 1706 1707
f 1586 1707 1587
f 1587 1707 1708
f 1587 1708 1588
f 1588 1708 1709
f 1588 1709 1710
f 1588 1710 1711
f 1588 1711 1715
f 1588 1715 1593
f 1589 1595 1712
f 1589 1712 1713
f 1589 1713 1590
f 1590 1713 1714
f 1590 1714 1591
f 1591 1714 1592
f 1592 1714 1596
f 1593 1715 1712
f 1593 1712 1594
f 1594 1712 1595
f 1597 1714 1716
f 1597 1716 1598
f 1598 1716 1840
f 1598 1840 1717
f 1598 1717 1718
f 1598 1718 1599
f 1599 1718 1600
f 1600 1718 1719
f 1600 1719 1601
f 1601 1719 1602
f 1602 1719 1720
f 1602 1720 1603
f 1603 1720 1721
f 1603 1721 1722
f 1603 1722 1723
f 1603 1723 1724
f 1603 1724 1604
f 1604 1606 1605
f 1604 1724 1725
f 1604 1725 1726
f 1604 1726 1727
f 1604 1727 1606
f 1606 1727 1728
f 1606 1728 1607
f 1607 1728 1729
f 1607 1729 1608
f 1608 1729 1728
f 1608 1728 1609
f 1609 1728 1610
f 1610 1728 1611
f 1611 1728 1730
f 1611 1730 1731
f 1611 1731 1612
f 1612 1731 1732
f 1612 1732 1733
f 1612 1733 1613
f 1613 1734 1614
f 1613 1733 1735
f 1613 1735 1734
f 1614 1734 1736
f 1614 1736 1615
f 1615 1736 1616
f 1616 1736 1737
f 1616 1737 1738
f 1616 1738 1617
f 1617 1738 1739
f 1617 1739 1618
f 1618 1739 1740
f 1618 1740 1741
f 1618 1741 1620
f 1618 1620 1619
f 1620 1741 1621
f 1621 1741 1622
f 1622 1741 1742
f 1622 1742 1624
f 1623 1624 1627
f 1623 1627 1626
f 1624 1742 1627
f 1625 1743 1629
f 1625 1627 1743
f 1627 1742 1744
f 1627 1744 1745
f 1627 1745 1746
f 1627 1746 1747
f 1627 1747 1748
f 1627 1748 1749
f 1627 1749 1743
f 1628 1629 1750
f 1628 1750 1743
f 1628 1743 1630
f 1629 1743 1750
f 1630 1751 1752
f 1630 1752 1631
f 1630 1743 1753
f 1630 1753 1751
f 1631 1754 1632
f 1631 1752 1755
f 1631 1755 1756
f 1631 1756 1633
f 1631 1633 1754
f 1632 1754 1633
f 1633 1756 1757
f 1633 1757 1635
f 1636 1757 1637
f 1637 1757 1758
f 1637 1758 1759
f 1637 1759 1760
f 1637 1760 1761
f 1637 1761 1638
f 1640 1762 1763
f 1640 1763 1764
f 1640 1764 1641
f 1641 1764 1765
f 1642 1646 1766
f 1642 1766 1767
f 1642 1767 1768
f 1642 1768 1643
f 1643 1768 1769
f 1643 1769 1644
f 1644 1769 1770
f 1644 1770 1647
f 1645 1771 1772
f 1645 1772 1646
f 1646 1772 1773
f 1646 1773 1766
f 1647 1770 1774
f 1647 1774 1648
f 1648 1774 1775
f 1648 1775 1649
f 1649 1775 1650
f 1650 1775 1776
f 1650 1776 1777
f 1650 1777 1779
f 1650 1779 1651
f 1651 1779 1778
f 1652 1778 1780
f 1652 1780 1660
f 1653 1656 1781
f 1653 1781 1657
f 1655 1782 1656
f 1656 1782 1783
f 1656 1783 1781
f 1657 1781 1784
f 1657 1784 1659
f 1659 1784 1663
f 1660 1780 1785
f 1660 1785 1661
f 1661 1785 1662
f 1662 1785 1782
f 1663 1786 1664
f 1663 1784 1786
f 1664 1786 1787
f 1664 1787 1665
f 1665 1667 1666
f 1665 1787 1788
f 1665 1788 1789
f 1665 1789 1790
f 1665 1790 1667
f 1667 1790 1791
f 1667 1791 1792
f 1667 1792 1793
f 1667 1793 1670
f 1667 1670 1669
f 1670 1793 1671
f 1671 1793 1794
f 1671 1794 1795
f 1671 1795 1675
f 1672 1676 1796
f 1672 1796 1677
f 1674 1675 1797
f 1674 1797 1676
f 1675 1798 1799
f 1675 1799 1797
f 1675 1795 1794
f 1675 1794 1800
f 1675 1800 1801
f 1675 1801 1798
f 1676 1797 1802
f 1676 1802 1803
f 1676 1803 1796
f 1677 1796 1804
f 1677 1804 1678
f 1678 1804 1683
f 1678 1683 1805
f 1678 1805 1679
f 1679 1805 1680
f 1680 1805 1682
f 1682 1805 1683
f 1683 1686 1684
f 1683 1804 1691
f 1683 1691 1690
f 1683 1690 1686
f 1684 1686 1685
f 1689 1693 1692
f 1689 1691 1693
f 1691 1806 1807
f 1691 1807 1808
f 1691 1808 1693
f 1691 1804 1806
f 1693 1808 1694
f 1694 1808 1695
f 1695 1808 1809
f 1695 1809 1810
f 1695 1810 1811
f 1695 1811 1696
f 1696 1812 1813
f 1696 1813 1814
f 1696 1814 1815
f 1696 1815 1816
f 1696 1816 1697
f 1696 1811 1817
f 1696 1817 1812
f 1697 1816 1818
f 1697 1818 1698
f 1698 1819 1699
f 1698 1818 1815
f 1698 1815 1820
f 1698 1820 1819
f 1699 1819 1820
f 1699 1820 1821
f 1699 1821 1701
f 1701 1821 1820
f 1701 1820 1822
f 1701 1822 1823
f 1701 1823 1824
f 1701 1824 1703
f 1703 1824 1705
f 1703 1705 1704
f 1705 1824 1706
f 1706 1825 1826
f 1706 1826 1827
f 1706 1827 1707
f 1706 1824 1828
f 1706 1828 1825
f 1707 1827 1829
f 1707 1829 1708
f 1708 1829 1830
f 1708 1830 1709
f 1709 1830 1831
f 1709 1831 1710
f 1710 1831 1832
f 1710 1832 1833
f 1710 1833 1834
f 1710 1834 1711
f 1711 1834 1715
f 1712 1715 1834
f 1712 1834 1835
f 1712 1835 1713
f 1713 1835 1836
f 1713 1836 1714
f 1714 1836 1837
f 1714 1837 1838
f 1714 1838 1716
f 1716 1838 1955
f 1716 1955 1839
f 1716 1839 1840
f 1717 1840 1957
f 1717 1957 1841
f 1717 1841 1718
f 1718 1841 1842
f 1718 1842 1719
f 1719 1842 1843
f 1719 1843 1720
f 1720 1843 1844
f 1720 1844 1721
f 1721 1844 1845
f 1721 1845 1846
f 1721 1846 1722
f 1722 1846 1847
f 1722 1847 1848
f 1722 1848 1724
f 1722 1724 1723
f 1724 1848 1849
f 1724 1849 1725
f 1725 1849 1726
f 1726 1849 1727
f 1727 1850 1851
f 1727 1851 1852
f 1727 1852 1728
f 1727 1849 1853
f 1727 1853 1854
f 1727 1854 1850
f 1728 1852 1730
f 1730 1852 1731
f 1731 1855 1856
f 1731 1856 1857
f 1731 1857 1858
f 1731 1858 1732
f 1731 1852 1859
f 1731 1859 1855
f 1732 1858 1733
f 1733 1860 1735
f 1733 1858 1860
f 1734 1735 1861
f 1734 1861 1862
f 1734 1862 1736
f 1735 1860 1861
f 1736 1862 1737
f 1737 1862 1863
f 1737 1863 1738
f 1738 1863 1864
f 1738 1864 1739
f 1739 1864 1744
f 1739 1744 1740
f 1740 1744 1741
f 1741 1744 1742
f 1743 1749 1753
f 1744 1864 1865
f 1744 1865 1746
f 1744 1746 1745
f 1746 1865 1747
f 1747 1866 1867
f 1747 1867 1868
f 1747 1868 1748
f 1747 1865 1866
f 1748 1868 1749
f 1749 1868 1869
f 1749 1869 1753
f 1751 1753 1870
f 1751 1870 1752
f 1752 1871 1755
f 1752 1870 1872
f 1752 1872 1871
f 1753 1869 1873
f 1753 1873 1870
f 1755 1871 1874
f 1755 1874 1875
f 1755 1875 1876
f 1755 1876 1877
f 1755 1877 1756
f 1756 1877 1757
f 1757 1878 1758
f 1757 1877 1876
f 1757 1876 1878
f 1758 1879 1759
f 1758 1878 1879
f 1759 1879 1880
f 1759 1880 1761
f 1759 1761 1760
f 1762 1881 1763
f 1763 1881 1882
f 1763 1882 1883
f 1763 1883 2008
f 1763 2008 1884
f 1763 1884 1885
f 1763 1885 1764
f 1764 1885 1765
f 1765 1885 1886
f 1765 1886 1887
f 1766 1773 1888
f 1766 1888 1767
f 1767 1888 1768
f 1768 1888 1889
f 1768 1889 1890
f 1768 1890 1769
f 1769 1890 1891
f 1769 1891 1770
f 1770 1891 1774
f 1771 1773 1772
f 1773 1892 1893
f 1773 1893 1888
f 1774 1891 1776
f 1774 1776 1775
f 1776 1891 1894
f 1776 1894 2019
f 1776 2019 1895
f 1776 1895 1896
f 1776 1896 1777
f 1777 1896 1779
f 1778 1779 1899
f 1778 1899 1780
f 1779 1896 1897
f 1779 1897 1898
f 1779 1898 2022
f 1779 2022 1899
f 1780 1900 1785
f 1780 1899 2025
f 1780 2025 1900
f 1781 1783 1786
f 1781 1786 1784
f 1782 1785 1901
f 1782 1901 1902
f 1782 1902 1788
f 1782 1788 1783
f 1783 1788 1787
f 1783 1787 1786
f 1785 1900 1903
f 1785 1903 1901
f 1788 1902 1904
f 1788 1904 1789
f 1789 1905 1906
f 1789 1906 1791
f 1789 1791 1790
f 1789 1904 1905
f 1791 1906 1907
f 1791 1907 1908
f 1791 1908 1909
f 1791 1909 1910
f 1791 1910 1794
f 1791 1794 1792
f 1792 1794 1793
f 1794 1910 1911
f 1794 1911 1912
f 1794 1912 1913
f 1794 1913 1800
f 1796 1803 1804
f 1797 1799 1802
f 1798 1914 1799
f 1798 1801 1915
f 1798 1915 1916
f 1798 1916 1914
f 1799 1914 1802
f 1800 1913 1801
f 1801 1913 1917
f 1801 1917 1918
f 1801 1918 1915
f 1802 1914 1803
f 1803 1914 1804
f 1804 1914 1916
f 1804 1916 1919
f 1804 1919 1920
f 1804 1920 1921
f 1804 1921 1922
f 1804 1922 2043
f 1804 2043 1923
f 1804 1923 1807
f 1804 1807 1806
f 1807 1923 1924
f 1807 1924 1925
f 1807 1925 1808
f 1808 1925 1810
f 1808 1810 1809
f 1810 1926 1927
f 1810 1927 1811
f 1810 1925 1926
f 1811 1927 1926
f 1811 1926 1928
f 1811 1928 1812
f 1811 1812 1817
f 1812 1929 1930
f 1812 1930 1931
f 1812 1931 1932
f 1812 1932 1813
f 1812 1928 1929
f 1813 1932 1933
f 1813 1933 1814
f 1814 1933 1934
f 1814 1934 1815
f 1815 1818 1816
f 1815 1934 1933
f 1815 1933 1935
f 1815 1935 1936
f 1815 1936 1937
f 1815 1937 1938
f 1815 1938 1939
f 1815 1939 1940
f 1815 1940 1941
f 1815 1941 1820
f 1820 1941 1942
f 1820 1942 1943
f 1820 1943 1822
f 1822 1943 1944
f 1822 1944 1825
f 1822 1825 1824
f 1822 1824 1823
f 1824 1825 1828
f 1825 1944 1945
f 1825 1945 1826
f 1826 1945 1946
f 1826 1946 1947
f 1826 1947 1827
f 1827 1947 1948
f 1827 1948 1949
f 1827 1949 1829
f 1829 1949 1830
f 1830 1949 1950
f 1830 1950 1831
f 1831 1950 1832
f 1832 1950 1833
f 1833 1950 1834
f 1834 1950 1951
f 1834 1951 1952
f 1834 1952 1835
f 1835 1952 1953
f 1835 1953 1836
f 1836 1953 1954
f 1836 1954 1955
f 1836 1955 1837
f 1837 1955 1838
f 1839 1955 1956
f 1839 1956 1957
f 1839 1957 1840
f 1841 1958 1959
f 1841 1959 1960
f 1841 1960 1961
f 1841 1961 1842
f 1841 1957 1962
f 1841 1962 1963
f 1841 1963 1964
f 1841 1964 1965
f 1841 1965 1966
f 1841 1966 1958
f 1842 1961 1960
f 1842 1960 1967
f 1842 1967 1843
f 1843 1967 1844
f 1844 1967 1968
f 1844 1968 1969
f 1844 1969 1845
f 1845 1969 1970
f 1845 1970 1971
f 1845 1971 1846
f 1846 1972 1847
f 1846 1971 1973
f 1846 1973 1974
f 1846 1974 1975
f 1846 1975 1972
f 1847 1972 1976
f 1847 1976 1848
f 1848 1976 1977
f 1848 1977 1853
f 1848 1853 1849
f 1850 1854 1978
f 1850 1978 1856
f 1850 1856 1851
f 1851 1856 1852
f 1852 1856 1859
f 1853 1979 1980
f 1853 1980 1854
f 1853 1977 1979
f 1854 1980 1981
f 1854 1981 1982
f 1854 1982 1983
f 1854 1983 1984
f 1854 1984 1978
f 1855 1859 1856
f 1856 1978 1985
f 1856 1985 1986
f 1856 1986 1857
f 1857 1986 1858
f 1858 1986 1860
f 1860 1986 1861
f 1861 1986 1862
f 1862 1982 1987
f 1862 1987 1863
f 1862 1986 1984
f 1862 1984 1982
f 1863 1988 1864
f 1863 1987 2116
f 1863 2116 1988
f 1864 1988 1989
f 1864 1989 1865
f 1865 1989 1988
f 1865 1988 1990
f 1865 1990 1991
f 1865 1991 2119
f 1865 2119 1992
f 1865 1992 1993
f 1865 1993 1867
f 1865 1867 1866
f 1867 1993 1992
f 1867 1992 1994
f 1867 1994 1995
f 1867 1995 1868
f 1868 1995 1996
f 1868 1996 1869
f 1869 1996 1873
f 1870 1873 1872
f 1871 1997 1874
f 1871 1872 1998
f 1871 1998 1999
f 1871 1999 1997
f 1872 1873 1996
f 1872 1996 1998
f 1874 1997 2000
f 1874 2000 1875
f 1875 2001 2002
f 1875 2002 1876
f 1875 2000 2001
f 1876 2002 2003
f 1876 2003 1878
f 1878 2003 1879
f 1879 2003 2004
f 1879 2004 1880
f 1882 2005 2006
f 1882 2006 1883
f 1883 2006 2007
f 1883 2007 2008
f 1884 2008 2136
f 1884 2136 2009
f 1884 2009 1886
f 1884 1886 1885
f 1886 2009 2010
f 1886 2010 1887
f 1888 1893 2011
f 1888 2011 2012
f 1888 2012 1889
f 1889 2012 2013
f 1889 2013 1890
f 1890 2013 2014
f 1890 2014 2015
f 1890 2015 1891
f 1891 2015 2016
f 1891 2016 1894
f 1892 2011 1893
f 1894 2016 2017
f 1894 2017 2018
f 1894 2018 2019
f 1895 2019 2020
f 1895 2020 1896
f 1896 2020 1897
f 1897 2021 2022
f 1897 2022 1898
f 1897 2020 2023
f 1897 2023 2024
f 1897 2024 2021
f 1899 2022 2151
f 1899 2151 2025
f 1900 2025 1903
f 1901 1903 2026
f 1901 2026 1902
f 1902 2026 1904
f 1903 2025 2160
f 1903 2160 2026
f 1904 2026 2027
f 1904 2027 1905
f 1905 2027 2028
f 1905 2028 1907
f 1905 1907 1906
f 1907 2028 1908
f 1908 1910 1909
f 1908 2028 2029
f 1908 2029 2030
f 1908 2030 1910
f 1910 2030 1911
f 1911 2030 2031
f 1911 2031 1912
f 1912 2031 2032
f 1912 2032 2033
f 1912 2033 2034
f 1912 2034 1917
f 1912 1917 1913
f 1915 1918 2035
f 1915 2035 1916
f 1916 2035 2036
f 1916 2036 1919
f 1917 2034 1918
f 1918 2034 2037
f 1918 2037 2038
f 1918 2038 2039
f 1918 2039 2040
f 1918 2040 2035
f 1919 2036 1920
f 1920 2036 1921
f 1921 2036 2041
f 1921 2041 2042
f 1921 2042 2043
f 1921 2043 1922
f 1923 2043 1924
f 1924 2043 1925
f 1925 2043 1926
f 1926 2044 1928
f 1926 2043 2042
f 1926 2042 2045
f 1926 2045 2044
f 1928 2044 1929
f 1929 2046 2047
f 1929 2047 2048
f 1929 2048 2049
f 1929 2049 1930
f 1929 2044 2050
f 1929 2050 2051
f 1929 2051 2046
f 1930 2049 1931
f 1931 2049 2052
f 1931 2052 2053
f 1931 2053 2054
f 1931 2054 1932
f 1932 2054 1933
f 1933 2054 2055
f 1933 2055 2056
f 1933 2056 1935
f 1935 2056 2057
f 1935 2057 1936
f 1936 2057 2056
f 1936 2056 2058
f 1936 2058 2059
f 1936 2059 2060
f 1936 2060 2061
f 1936 2061 1937
f 1937 2061 1938
f 1938 2061 2062
f 1938 2062 1939
f 1939 2062 1940
f 1940 2062 2063
f 1940 2063 2064
f 1940 2064 1941
f 1941 2064 2065
f 1941 2065 2066
f 1941 2066 1942
f 1942 2066 2067
f 1942 2067 2068
f 1942 2068 1943
f 1943 2068 2069
f 1943 2069 1944
f 1944 2069 1945
f 1945 2070 2071
f 1945 2071 2072
f 1945 2072 1946
f 1945 2069 2068
f 1945 2068 2070
f 1946 2072 2071
f 1946 2071 2073
f 1946 2073 2074
f 1946 2074 1947
f 1947 2074 2075
f 1947 2075 1948
f 1948 2075 1949
f 1949 2075 2076
f 1949 2076 1950
f 1950 2076 2077
f 1950 2077 2078
f 1950 2078 1951
f 1951 2078 1952
f 1952 2078 2079
f 1952 2079 1953
f 1953 2079 1954
f 1954 2079 1955
f 1955 2079 1956
f 1956 2079 2080
f 1956 2080 1962
f 1956 1962 1957
f 1958 1968 1960
f 1958 1960 1959
f 1958 1966 1968
f 1960 1968 1967
f 1962 2080 2081
f 1962 2081 2082
f 1962 2082 1963
f 1963 2082 1964
f 1964 2083 2084
f 1964 2084 2085
f 1964 2085 2086
f 1964 2086 2087
f 1964 2087 1965
f 1964 2082 2088
f 1964 2088 2081
f 1964 2081 2089
f 1964 2089 2083
f 1965 2087 1966
f 1966 2090 1968
f 1966 2087 2086
f 1966 2086 2091
f 1966 2091 2092
f 1966 2092 2093
f 1966 2093 2094
f 1966 2094 2095
f 1966 2095 2090
f 1968 2096 2097
f 1968 2097 2098
f 1968 2098 2099
f 1968 2099 1969
f 1968 2090 2100
f 1968 2100 2096
f 1969 2099 2101
f 1969 2101 1970
f 1970 2101 1971
f 1971 2101 1973
f 1972 2102 1976
f 1972 1975 2103
f 1972 2103 2104
f 1972 2104 2102
f 1973 2105 2106
f 1973 2106 1974
f 1973 2101 2105
f 1974 2106 1975
f 1975 2106 2107
f 1975 2107 2108
f 1975 2108 2109
f 1975 2109 2110
f 1975 2110 2103
f 1976 2102 2111
f 1976 2111 1977
f 1977 2111 2112
f 1977 2112 2113
f 1977 2113 1979
f 1978 1984 1986
f 1978 1986 1985
f 1979 2113 2114
f 1979 2114 1980
f 1980 2114 1981
f 1981 2115 2116
f 1981 2116 1982
f 1981 2114 2115
f 1982 2116 1987
f 1982 1984 1983
f 1988 2116 2117
f 1988 2117 1990
f 1990 2117 2118
f 1990 2118 2119
f 1990 2119 1991
f 1992 2119 2120
f 1992 2120 1994
f 1994 2120 1999
f 1994 1999 1998
f 1994 1998 1995
f 1995 1998 1996
f 1997 1999 2121
f 1997 2121 2122
f 1997 2122 2123
f 1997 2123 2000
f 1999 2120 2121
f 2000 2124 2001
f 2000 2123 2124
f 2001 2124 2125
f 2001 2125 2126
f 2001 2126 2127
f 2001 2127 2128
f 2001 2128 2002
f 2002 2128 2129
f 2002 2129 2003
f 2003 2129 2004
f 2005 2130 2006
f 2006 2130 2131
f 2006 2131 2132
f 2006 2132 2133
f 2006 2133 2007
f 2007 2133 2294
f 2007 2294 2134
f 2007 2134 2135
f 2007 2135 2008
f 2008 2135 2136
f 2009 2136 2297
f 2009 2297 2298
f 2009 2298 2137
f 2009 2137 2010
f 2010 2137 2138
f 2011 2139 2012
f 2012 2139 2013
f 2013 2139 2140
f 2013 2140 2014
f 2014 2140 2141
f 2014 2141 2015
f 2015 2142 2017
f 2015 2017 2016
f 2015 2141 2143
f 2015 2143 2144
f 2015 2144 2142
f 2017 2142 2145
f 2017 2145 2146
f 2017 2146 2147
f 2017 2147 2018
f 2018 2147 2019
f 2019 2147 2148
f 2019 2148 2149
f 2019 2149 2020
f 2020 2149 2150
f 2020 2150 2023
f 2021 2024 2152
f 2021 2152 2022
f 2022 2152 2151
f 2023 2150 2153
f 2023 2153 2154
f 2023 2154 2155
f 2023 2155 2024
f 2024 2155 2156
f 2024 2156 2157
f 2024 2157 2158
f 2024 2158 2152
f 2025 2151 2159
f 2025 2159 2160
f 2026 2160 2027
f 2027 2160 2161
f 2027 2161 2162
f 2027 2162 2028
f 2028 2162 2163
f 2028 2163 2164
f 2028 2164 2032
f 2028 2032 2029
f 2029 2032 2031
f 2029 2031 2030
f 2032 2164 2166
f 2032 2166 2165
f 2032 2165 2033
f 2033 2166 2167
f 2033 2167 2168
f 2033 2168 2034
f 2033 2165 2166
f 2034 2168 2169
f 2034 2169 2037
f 2035 2040 2170
f 2035 2170 2171
f 2035 2171 2172
f 2035 2172 2036
f 2036 2172 2173
f 2036 2173 2174
f 2036 2174 2041
f 2037 2169 2038
f 2038 2169 2039
f 2039 2169 2175
f 2039 2175 2176
f 2039 2176 2177
f 2039 2177 2170
f 2039 2170 2040
f 2041 2174 2042
f 2042 2174 2045
f 2044 2045 2050
f 2045 2174 2178
f 2045 2178 2051
f 2045 2051 2050
f 2046 2179 2180
f 2046 2180 2181
f 2046 2181 2047
f 2046 2051 2178
f 2046 2178 2182
f 2046 2182 2179
f 2047 2049 2048
f 2047 2181 2180
f 2047 2180 2183
f 2047 2183 2184
f 2047 2184 2185
f 2047 2185 2186
f 2047 2186 2052
f 2047 2052 2049
f 2052 2186 2338
f 2052 2338 2187
f 2052 2187 2053
f 2053 2187 2188
f 2053 2188 2054
f 2054 2188 2189
f 2054 2189 2190
f 2054 2190 2058
f 2054 2058 2055
f 2055 2058 2056
f 2058 2190 2191
f 2058 2191 2192
f 2058 2192 2193
f 2058 2193 2059
f 2059 2193 2060
f 2060 2193 2194
f 2060 2194 2195
f 2060 2195 2061
f 2061 2195 2196
f 2061 2196 2197
f 2061 2197 2062
f 2062 2197 2198
f 2062 2198 2199
f 2062 2199 2200
f 2062 2200 2201
f 2062 2201 2063
f 2063 2201 2202
f 2063 2202 2064
f 2064 2202 2203
f 2064 2203 2065
f 2065 2203 2066
f 2066 2203 2204
f 2066 2204 2205
f 2066 2205 2206
f 2066 2206 2067
f 2067 2206 2207
f 2067 2207 2068
f 2068 2207 2070
f 2070 2207 2071
f 2071 2208 2209
f 2071 2209 2210
f 2071 2210 2211
f 2071 2211 2073
f 2071 2207 2212
f 2071 2212 2213
f 2071 2213 2214
f 2071 2214 2215
f 2071 2215 2216
f 2071 2216 2208
f 2073 2217 2074
f 2073 2211 2217
f 2074 2218 2222
f 2074 2222 2075
f 2074 2217 2211
f 2074 2211 2219
f 2074 2219 2220
f 2074 2220 2221
f 2074 2221 2218
f 2075 2222 2223
f 2075 2223 2076
f 2076 2223 2224
f 2076 2224 2077
f 2077 2224 2078
f 2078 2224 2225
f 2078 2225 2226
f 2078 2226 2227
f 2078 2227 2079
f 2079 2227 2228
f 2079 2228 2229
f 2079 2229 2080
f 2080 2229 2081
f 2081 2088 2082
f 2081 2229 2230
f 2081 2230 2089
f 2083 2231 2232
f 2083 2232 2084
f 2083 2089 2231
f 2084 2232 2233
f 2084 2233 2234
f 2084 2234 2085
f 2085 2235 2086
f 2085 2234 2235
f 2086 2235 2091
f 2089 2230 2231
f 2090 2095 2236
f 2090 2236 2100
f 2091 2093 2092
f 2091 2235 2234
f 2091 2234 2094
f 2091 2094 2093
f 2094 2234 2237
f 2094 2237 2238
f 2094 2238 2239
f 2094 2239 2240
f 2094 2240 2236
f 2094 2236 2095
f 2096 2100 2241
f 2096 2241 2097
f 2097 2241 2098
f 2098 2101 2099
f 2098 2241 2242
f 2098 2242 2243
f 2098 2243 2244
f 2098 2244 2101
f 2100 2236 2240
f 2100 2240 2239
f 2100 2239 2245
f 2100 2245 2246
f 2100 2246 2241
f 2101 2244 2247
f 2101 2247 2106
f 2101 2106 2105
f 2102 2104 2248
f 2102 2248 2249
f 2102 2249 2250
f 2102 2250 2111
f 2103 2110 2251
f 2103 2251 2248
f 2103 2248 2104
f 2106 2247 2252
f 2106 2252 2107
f 2107 2252 2253
f 2107 2253 2108
f 2108 2253 2254
f 2108 2254 2255
f 2108 2255 2256
f 2108 2256 2118
f 2108 2118 2109
f 2109 2118 2257
f 2109 2257 2110
f 2110 2257 2258
f 2110 2258 2259
f 2110 2259 2260
f 2110 2260 2261
f 2110 2261 2250
f 2110 2250 2249
f 2110 2249 2248
f 2110 2248 2251
f 2111 2250 2113
f 2111 2113 2112
f 2113 2250 2262
f 2113 2262 2115
f 2113 2115 2114
f 2115 2263 2264
f 2115 2264 2116
f 2115 2262 2250
f 2115 2250 2260
f 2115 2260 2259
f 2115 2259 2263
f 2116 2264 2265
f 2116 2265 2266
f 2116 2266 2117
f 2117 2266 2118
f 2118 2256 2119
f 2118 2266 2265
f 2118 2265 2267
f 2118 2267 2268
f 2118 2268 2257
f 2119 2256 2269
f 2119 2269 2120
f 2120 2270 2121
f 2120 2269 2270
f 2121 2270 2269
f 2121 2269 2271
f 2121 2271 2122
f 2122 2271 2272
f 2122 2272 2273
f 2122 2273 2274
f 2122 2274 2123
f 2123 2274 2275
f 2123 2275 2276
f 2123 2276 2124
f 2124 2276 2125
f 2125 2276 2277
f 2125 2277 2278
f 2125 2278 2279
f 2125 2279 2126
f 2126 2279 2280
f 2126 2280 2281
f 2126 2281 2282
f 2126 2282 2283
f 2126 2283 2284
f 2126 2284 2127
f 2127 2284 2285
f 2127 2285 2286
f 2127 2286 2128
f 2128 2286 2285
f 2128 2285 2287
f 2128 2287 2288
f 2128 2288 2129
f 2130 2289 2131
f 2131 2289 2290
f 2131 2290 2291
f 2131 2291 2292
f 2131 2292 2132
f 2132 2292 2133
f 2133 2293 2294
f 2133 2292 2293
f 2134 2294 2295
f 2134 2295 2296
f 2134 2296 2135
f 2135 2296 2297
f 2135 2297 2136
f 2137 2298 2138
f 2138 2298 2299
f 2139 2141 2140
f 2142 2300 2145
f 2142 2144 2300
f 2144 2301 2302
f 2144 2302 2300
f 2145 2300 2302
f 2145 2302 2303
f 2145 2303 2304
f 2145 2304 2305
f 2145 2305 2306
f 2145 2306 2146
f 2146 2307 2147
f 2146 2306 2307
f 2147 2307 2148
f 2148 2307 2306
f 2148 2306 2308
f 2148 2308 2309
f 2148 2309 2150
f 2148 2150 2149
f 2150 2309 2310
f 2150 2310 2311
f 2150 2311 2154
f 2150 2154 2153
f 2151 2152 2158
f 2151 2158 2159
f 2154 2311 2312
f 2154 2312 2313
f 2154 2313 2314
f 2154 2314 2166
f 2154 2166 2315
f 2154 2315 2155
f 2155 2315 2156
f 2156 2316 2163
f 2156 2163 2157
f 2156 2315 2317
f 2156 2317 2316
f 2157 2163 2158
f 2158 2163 2162
f 2158 2162 2159
f 2159 2162 2161
f 2159 2161 2160
f 2163 2316 2164
f 2164 2317 2166
f 2164 2316 2317
f 2166 2313 2318
f 2166 2318 2319
f 2166 2319 2167
f 2166 2317 2315
f 2166 2314 2313
f 2167 2319 2320
f 2167 2320 2321
f 2167 2321 2168
f 2168 2321 2322
f 2168 2322 2169
f 2169 2322 2323
f 2169 2323 2324
f 2169 2324 2175
f 2170 2325 2171
f 2170 2177 2325
f 2171 2173 2172
f 2171 2325 2326
f 2171 2326 2173
f 2173 2326 2178
f 2173 2178 2174
f 2175 2324 2176
f 2176 2324 2327
f 2176 2327 2328
f 2176 2328 2329
f 2176 2329 2177
f 2177 2329 2330
f 2177 2330 2325
f 2178 2326 2182
f 2179 2327 2331
f 2179 2331 2332
f 2179 2332 2180
f 2179 2182 2330
f 2179 2330 2329
f 2179 2329 2328
f 2179 2328 2327
f 2180 2332 2333
f 2180 2333 2334
f 2180 2334 2183
f 2182 2326 2330
f 2183 2334 2487
f 2183 2487 2335
f 2183 2335 2184
f 2184 2335 2336
f 2184 2336 2185
f 2185 2336 2186
f 2186 2336 2337
f 2186 2337 2338
f 2187 2338 2490
f 2187 2490 2339
f 2187 2339 2340
f 2187 2340 2341
f 2187 2341 2342
f 2187 2342 2188
f 2188 2342 2343
f 2188 2343 2189
f 2189 2343 2191
f 2189 2191 2190
f 2191 2344 2192
f 2191 2343 2345
f 2191 2345 2344
f 2192 2344 2193
f 2193 2346 2347
f 2193 2347 2348
f 2193 2348 2194
f 2193 2344 2349
f 2193 2349 2350
f 2193 2350 2346
f 2194 2351 2505
f 2194 2505 2352
f 2194 2352 2196
f 2194 2196 2195
f 2194 2348 2351
f 2196 2352 2353
f 2196 2353 2354
f 2196 2354 2197
f 2197 2354 2198
f 2198 2354 2353
f 2198 2353 2355
f 2198 2355 2356
f 2198 2356 2199
f 2199 2356 2357
f 2199 2357 2200
f 2200 2357 2201
f 2201 2358 2359
f 2201 2359 2202
f 2201 2357 2360
f 2201 2360 2361
f 2201 2361 2362
f 2201 2362 2358
f 2202 2359 2203
f 2203 2359 2204
f 2204 2363 2364
f 2204 2364 2365
f 2204 2365 2205
f 2204 2359 2358
f 2204 2358 2366
f 2204 2366 2367
f 2204 2367 2368
f 2204 2368 2363
f 2205 2365 2206
f 2206 2213 2212
f 2206 2212 2207
f 2206 2365 2369
f 2206 2369 2370
f 2206 2370 2371
f 2206 2371 2372
f 2206 2372 2213
f 2208 2216 2209
f 2209 2219 2211
f 2209 2211 2210
f 2209 2216 2373
f 2209 2373 2219
f 2213 2372 2374
f 2213 2374 2375
f 2213 2375 2515
f 2213 2515 2376
f 2213 2376 2214
f 2214 2376 2215
f 2215 2376 2377
f 2215 2377 2216
f 2216 2377 2378
f 2216 2378 2379
f 2216 2379 2373
f 2218 2380 2222
f 2218 2221 2380
f 2219 2381 2221
f 2219 2221 2220
f 2219 2373 2379
f 2219 2379 2382
f 2219 2382 2383
f 2219 2383 2384
f 2219 2384 2385
f 2219 2385 2381
f 2221 2386 2380
f 2221 2381 2385
f 2221 2385 2387
f 2221 2387 2388
f 2221 2388 2386
f 2222 2380 2389
f 2222 2389 2223
f 2223 2225 2224
f 2223 2389 2390
f 2223 2390 2225
f 2225 2391 2392
f 2225 2392 2393
f 2225 2393 2228
f 2225 2228 2227
f 2225 2227 2226
f 2225 2390 2394
f 2225 2394 2395
f 2225 2395 2391
f 2228 2393 2396
f 2228 2396 2229
f 2229 2396 2397
f 2229 2397 2398
f 2229 2398 2230
f 2230 2397 2399
f 2230 2399 2400
f 2230 2400 2231
f 2230 2398 2397
f 2231 2400 2232
f 2232 2395 2401
f 2232 2401 2541
f 2232 2541 2402
f 2232 2402 2403
f 2232 2403 2237
f 2232 2237 2233
f 2232 2400 2399
f 2232 2399 2391
f 2232 2391 2395
f 2233 2237 2234
f 2237 2403 2404
f 2237 2404 2405
f 2237 2405 2406
f 2237 2406 2238
f 2238 2406 2239
f 2239 2406 2245
f 2241 2246 2407
f 2241 2407 2242
f 2242 2407 2408
f 2242 2408 2243
f 2243 2408 2244
f 2244 2408 2247
f 2245 2405 2409
f 2245 2409 2410
f 2245 2410 2246
f 2245 2406 2405
f 2246 2410 2411
f 2246 2411 2412
f 2246 2412 2413
f 2246 2413 2414
f 2246 2414 2407
f 2247 2408 2253
f 2247 2253 2252
f 2250 2261 2260
f 2253 2415 2254
f 2253 2408 2416
f 2253 2416 2417
f 2253 2417 2418
f 2253 2418 2419
f 2253 2419 2415
f 2254 2256 2255
f 2254 2415 2256
f 2256 2415 2419
f 2256 2419 2420
f 2256 2420 2421
f 2256 2421 2422
f 2256 2422 2555
f 2256 2555 2423
f 2256 2423 2269
f 2257 2268 2267
f 2257 2267 2258
f 2258 2267 2263
f 2258 2263 2259
f 2263 2267 2265
f 2263 2265 2264
f 2269 2423 2424
f 2269 2424 2425
f 2269 2425 2426
f 2269 2426 2271
f 2271 2426 2425
f 2271 2425 2272
f 2272 2427 2274
f 2272 2274 2273
f 2272 2425 2428
f 2272 2428 2429
f 2272 2429 2427
f 2274 2430 2431
f 2274 2431 2275
f 2274 2427 2430
f 2275 2431 2277
f 2275 2277 2276
f 2277 2432 2433
f 2277 2433 2278
f 2277 2431 2434
f 2277 2434 2432
f 2278 2433 2435
f 2278 2435 2280
f 2278 2280 2279
f 2280 2435 2436
f 2280 2436 2437
f 2280 2437 2282
f 2280 2282 2281
f 2282 2284 2283
f 2290 2438 2291
f 2291 2438 2439
f 2291 2439 2440
f 2291 2440 2441
f 2291 2441 2442
f 2291 2442 2292
f 2292 2442 2293
f 2293 2443 2444
f 2293 2444 2294
f 2293 2442 2443
f 2294 2444 2445
f 2294 2445 2446
f 2294 2446 2295
f 2295 2446 2447
f 2295 2447 2448
f 2295 2448 2296
f 2296 2448 2449
f 2296 2449 2298
f 2296 2298 2297
f 2298 2449 2450
f 2298 2450 2451
f 2298 2451 2299
f 2299 2451 2452
f 2301 2453 2454
f 2301 2454 2455
f 2301 2455 2302
f 2302 2455 2303
f 2303 2455 2304
f 2304 2455 2454
f 2304 2454 2456
f 2304 2456 2305
f 2305 2456 2457
f 2305 2457 2458
f 2305 2458 2306
f 2306 2458 2459
f 2306 2459 2460
f 2306 2460 2461
f 2306 2461 2308
f 2308 2461 2309
f 2309 2461 2460
f 2309 2460 2462
f 2309 2462 2463
f 2309 2463 2464
f 2309 2464 2312
f 2309 2312 2310
f 2310 2312 2311
f 2312 2464 2465
f 2312 2465 2466
f 2312 2466 2467
f 2312 2467 2468
f 2312 2468 2313
f 2313 2468 2318
f 2318 2468 2469
f 2318 2469 2470
f 2318 2470 2471
f 2318 2471 2472
f 2318 2472 2319
f 2319 2472 2320
f 2320 2472 2473
f 2320 2473 2474
f 2320 2474 2475
f 2320 2475 2321
f 2321 2475 2322
f 2322 2475 2476
f 2322 2476 2477
f 2322 2477 2478
f 2322 2478 2323
f 2323 2478 2324
f 2324 2478 2479
f 2324 2479 2480
f 2324 2480 2327
f 2325 2330 2326
f 2327 2480 2481
f 2327 2481 2482
f 2327 2482 2331
f 2331 2482 2332
f 2332 2482 2483
f 2332 2483 2484
f 2332 2484 2333
f 2333 2484 2485
f 2333 2485 2486
f 2333 2486 2334
f 2334 2486 2487
f 2335 2487 2614
f 2335 2614 2488
f 2335 2488 2336
f 2336 2488 2489
f 2336 2489 2337
f 2337 2489 2338
f 2338 2489 2490
f 2339 2490 2491
f 2339 2491 2492
f 2339 2492 2340
f 2340 2492 2341
f 2341 2492 2342
f 2342 2492 2493
f 2342 2493 2343
f 2343 2493 2494
f 2343 2494 2345
f 2344 2345 2495
f 2344 2495 2496
f 2344 2496 2350
f 2344 2350 2349
f 2345 2494 2497
f 2345 2497 2498
f 2345 2498 2495
f 2346 2350 2499
f 2346 2499 2347
f 2347 2499 2500
f 2347 2500 2502
f 2347 2502 2348
f 2348 2501 2351
f 2348 2502 2501
f 2350 2496 2503
f 2350 2503 2499
f 2351 2504 2505
f 2351 2501 2506
f 2351 2506 2507
f 2351 2507 2508
f 2351 2508 2504
f 2352 2505 2353
f 2353 2505 2355
f 2355 2504 2509
f 2355 2509 2356
f 2355 2505 2504
f 2356 2509 2357
f 2357 2509 2360
f 2358 2362 2510
f 2358 2510 2511
f 2358 2511 2367
f 2358 2367 2366
f 2360 2509 2512
f 2360 2512 2361
f 2361 2512 2362
f 2362 2512 2510
f 2363 2513 2370
f 2363 2370 2369
f 2363 2369 2365
f 2363 2365 2364
f 2363 2368 2513
f 2367 2511 2368
f 2368 2511 2378
f 2368 2378 2514
f 2368 2514 2513
f 2370 2513 2371
f 2371 2375 2372
f 2371 2513 2514
f 2371 2514 2375
f 2372 2375 2374
f 2375 2514 2378
f 2375 2378 2515
f 2376 2515 2377
f 2377 2515 2378
f 2378 2511 2379
f 2379 2511 2516
f 2379 2516 2517
f 2379 2517 2382
f 2380 2386 2518
f 2380 2518 2519
f 2380 2519 2389
f 2382 2517 2520
f 2382 2520 2521
f 2382 2521 2387
f 2382 2387 2522
f 2382 2522 2523
f 2382 2523 2384
f 2382 2384 2383
f 2384 2523 2522
f 2384 2522 2387
f 2384 2387 2385
f 2386 2388 2524
f 2386 2524 2525
f 2386 2525 2526
f 2386 2526 2527
f 2386 2527 2528
f 2386 2528 2518
f 2387 2521 2529
f 2387 2529 2530
f 2387 2530 2531
f 2387 2531 2532
f 2387 2532 2388
f 2388 2532 2524
f 2389 2519 2394
f 2389 2394 2390
f 2391 2533 2392
f 2391 2399 2533
f 2392 2396 2393
f 2392 2533 2399
f 2392 2399 2397
f 2392 2397 2396
f 2394 2519 2534
f 2394 2534 2535
f 2394 2535 2536
f 2394 2536 2537
f 2394 2537 2395
f 2395 2536 2401
f 2395 2537 2536
f 2401 2536 2538
f 2401 2538 2539
f 2401 2539 2540
f 2401 2540 2541
f 2402 2541 2666
f 2402 2666 2542
f 2402 2542 2403
f 2403 2542 2543
f 2403 2543 2409
f 2403 2409 2405
f 2403 2405 2404
f 2407 2414 2544
f 2407 2544 2416
f 2407 2416 2408
f 2409 2545 2546
f 2409 2546 2547
f 2409 2547 2548
f 2409 2548 2411
f 2409 2411 2410
f 2409 2543 2545
f 2411 2549 2550
f 2411 2550 2412
f 2411 2548 2551
f 2411 2551 2549
f 2412 2550 2413
f 2413 2550 2549
f 2413 2549 2551
f 2413 2551 2421
f 2413 2421 2552
f 2413 2552 2417
f 2413 2417 2416
f 2413 2416 2414
f 2414 2416 2544
f 2417 2552 2419
f 2417 2419 2418
f 2419 2552 2420
f 2420 2552 2421
f 2421 2551 2553
f 2421 2553 2554
f 2421 2554 2422
f 2422 2554 2555
f 2423 2555 2424
f 2424 2556 2428
f 2424 2428 2425
f 2424 2555 2556
f 2427 2429 2557
f 2427 2557 2558
f 2427 2558 2559
f 2427 2559 2430
f 2428 2556 2429
f 2429 2556 2557
f 2430 2559 2560
f 2430 2560 2561
f 2430 2561 2434
f 2430 2434 2431
f 2432 2562 2433
f 2432 2434 2562
f 2433 2562 2563
f 2433 2563 2564
f 2433 2564 2435
f 2434 2561 2562
f 2435 2564 2565
f 2435 2565 2566
f 2435 2566 2567
f 2435 2567 2436
f 2440 2568 2441
f 2441 2568 2569
f 2441 2569 2442
f 2442 2569 2570
f 2442 2570 2443
f 2443 2570 2571
f 2443 2571 2572
f 2443 2572 2444
f 2444 2572 2573
f 2444 2573 2445
f 2445 2573 2574
f 2445 2574 2575
f 2445 2575 2446
f 2446 2575 2576
f 2446 2576 2577
f 2446 2577 2447
f 2447 2577 2448
f 2448 2577 2578
f 2448 2578 2450
f 2448 2450 2449
f 2450 2578 2579
f 2450 2579 2580
f 2450 2580 2452
f 2450 2452 2451
f 2452 2580 2581
f 2452 2581 2582
f 2453 2583 2454
f 2454 2583 2584
f 2454 2584 2456
f 2456 2584 2585
f 2456 2585 2586
f 2456 2586 2457
f 2457 2586 2458
f 2458 2586 2587
f 2458 2587 2459
f 2459 2587 2460
f 2460 2587 2462
f 2462 2587 2465
f 2462 2465 2463
f 2463 2465 2464
f 2465 2587 2588
f 2465 2588 2589
f 2465 2589 2590
f 2465 2590 2591
f 2465 2591 2466
f 2466 2591 2469
f 2466 2469 2467
f 2467 2469 2468
f 2469 2591 2592
f 2469 2592 2593
f 2469 2593 2594
f 2469 2594 2595
f 2469 2595 2596
f 2469 2596 2470
f 2470 2596 2597
f 2470 2597 2471
f 2471 2597 2472
f 2472 2597 2473
f 2473 2597 2595
f 2473 2595 2598
f 2473 2598 2599
f 2473 2599 2474
f 2474 2599 2600
f 2474 2600 2601
f 2474 2601 2475
f 2475 2602 2476
f 2475 2601 2603
f 2475 2603 2604
f 2475 2604 2605
f 2475 2605 2602
f 2476 2602 2477
f 2477 2602 2606
f 2477 2606 2478
f 2478 2606 2607
f 2478 2607 2608
f 2478 2608 2479
f 2479 2608 2482
f 2479 2482 2480
f 2480 2482 2481
f 2482 2608 2483
f 2483 2608 2609
f 2483 2609 2610
f 2483 2610 2485
f 2483 2485 2484
f 2485 2610 2611
f 2485 2611 2612
f 2485 2612 2613
f 2485 2613 2486
f 2486 2613 2614
f 2486 2614 2487
f 2488 2614 2615
f 2488 2615 2616
f 2488 2616 2489
f 2489 2617 2491
f 2489 2491 2490
f 2489 2616 2617
f 2491 2617 2618
f 2491 2618 2619
f 2491 2619 2492
f 2492 2620 2493
f 2492 2619 2621
f 2492 2621 2620
f 2493 2620 2621
f 2493 2621 2622
f 2493 2622 2494
f 2494 2622 2497
f 2495 2498 2623
f 2495 2623 2624
f 2495 2624 2496
f 2496 2624 2625
f 2496 2625 2626
f 2496 2626 2503
f 2497 2622 2621
f 2497 2621 2627
f 2497 2627 2628
f 2497 2628 2629
f 2497 2629 2630
f 2497 2630 2498
f 2498 2630 2623
f 2499 2502 2500
f 2499 2503 2631
f 2499 2631 2632
f 2499 2632 2633
f 2499 2633 2502
f 2501 2502 2506
f 2502 2634 2506
f 2502 2633 2635
f 2502 2635 2634
f 2503 2630 2636
f 2503 2636 2631
f 2503 2626 2630
f 2504 2508 2507
f 2504 2507 2637
f 2504 2637 2509
f 2506 2634 2635
f 2506 2635 2507
f 2507 2638 2639
f 2507 2639 2637
f 2507 2635 2638
f 2509 2637 2639
f 2509 2639 2640
f 2509 2640 2641
f 2509 2641 2642
f 2509 2642 2512
f 2510 2512 2643
f 2510 2643 2511
f 2511 2644 2645
f 2511 2645 2516
f 2511 2643 2644
f 2512 2642 2643
f 2516 2645 2646
f 2516 2646 2517
f 2517 2647 2648
f 2517 2648 2649
f 2517 2649 2520
f 2517 2646 2647
f 2518 2528 2519
f 2519 2528 2535
f 2519 2535 2534
f 2520 2650 2521
f 2520 2649 2651
f 2520 2651 2652
f 2520 2652 2653
f 2520 2653 2650
f 2521 2650 2654
f 2521 2654 2771
f 2521 2771 2655
f 2521 2655 2529
f 2524 2532 2525
f 2525 2532 2531
f 2525 2531 2656
f 2525 2656 2664
f 2525 2664 2657
f 2525 2657 2658
f 2525 2658 2526
f 2526 2658 2527
f 2527 2659 2528
f 2527 2658 2660
f 2527 2660 2659
f 2528 2659 2535
f 2529 2655 2661
f 2529 2661 2530
f 2530 2661 2531
f 2531 2661 2662
f 2531 2662 2663
f 2531 2663 2656
f 2535 2659 2660
f 2535 2660 2536
f 2536 2660 2657
f 2536 2657 2664
f 2536 2664 2538
f 2538 2664 2539
f 2539 2664 2665
f 2539 2665 2540
f 2540 2665 2666
f 2540 2666 2541
f 2542 2666 2545
f 2542 2545 2543
f 2545 2667 2668
f 2545 2668 2546
f 2545 2666 2669
f 2545 2669 2667
f 2546 2668 2670
f 2546 2670 2671
f 2546 2671 2547
f 2547 2672 2784
f 2547 2784 2673
f 2547 2673 2674
f 2547 2674 2548
f 2547 2671 2672
f 2548 2674 2553
f 2548 2553 2551
f 2553 2674 2675
f 2553 2675 2676
f 2553 2676 2555
f 2553 2555 2554
f 2555 2676 2556
f 2556 2677 2678
f 2556 2678 2557
f 2556 2676 2677
f 2557 2678 2558
f 2558 2679 2560
f 2558 2560 2559
f 2558 2678 2679
f 2560 2679 2680
f 2560 2680 2681
f 2560 2681 2682
f 2560 2682 2683
f 2560 2683 2561
f 2561 2683 2684
f 2561 2684 2685
f 2561 2685 2562
f 2562 2685 2800
f 2562 2800 2686
f 2562 2686 2563
f 2563 2686 2687
f 2563 2687 2564
f 2564 2687 2688
f 2564 2688 2689
f 2564 2689 2565
f 2568 2690 2569
f 2569 2691 2692
f 2569 2692 2570
f 2569 2690 2691
f 2570 2692 2571
f 2571 2693 2694
f 2571 2694 2572
f 2571 2692 2693
f 2572 2694 2695
f 2572 2695 2573
f 2573 2695 2696
f 2573 2696 2574
f 2574 2696 2697
f 2574 2697 2698
f 2574 2698 2699
f 2574 2699 2700
f 2574 2700 2575
f 2575 2700 2701
f 2575 2701 2576
f 2576 2701 2702
f 2576 2702 2703
f 2576 2703 2577
f 2577 2703 2578
f 2578 2703 2704
f 2578 2704 2579
f 2579 2704 2825
f 2579 2825 2705
f 2579 2705 2706
f 2579 2706 2580
f 2580 2706 2707
f 2580 2707 2581
f 2581 2707 2708
f 2581 2708 2582
f 2583 2709 2710
f 2583 2710 2584
f 2584 2710 2711
f 2584 2711 2712
f 2584 2712 2585
f 2585 2712 2586
f 2586 2712 2713
f 2586 2713 2714
f 2586 2714 2715
f 2586 2715 2587
f 2587 2715 2588
f 2588 2715 2716
f 2588 2716 2592
f 2588 2592 2589
f 2589 2592 2717
f 2589 2717 2590
f 2590 2717 2591
f 2591 2717 2592
f 2592 2716 2718
f 2592 2718 2594
f 2592 2594 2593
f 2594 2718 2719
f 2594 2719 2720
f 2594 2720 2595
f 2595 2597 2596
f 2595 2720 2598
f 2598 2720 2721
f 2598 2721 2599
f 2599 2721 2722
f 2599 2722 2723
f 2599 2723 2724
f 2599 2724 2725
f 2599 2725 2600
f 2600 2725 2601
f 2601 2725 2726
f 2601 2726 2727
f 2601 2727 2603
f 2602 2605 2728
f 2602 2728 2607
f 2602 2607 2606
f 2603 2727 2604
f 2604 2727 2729
f 2604 2729 2730
f 2604 2730 2731
f 2604 2731 2607
f 2604 2607 2605
f 2605 2607 2728
f 2607 2731 2732
f 2607 2732 2733
f 2607 2733 2734
f 2607 2734 2735
f 2607 2735 2736
f 2607 2736 2609
f 2607 2609 2608
f 2609 2736 2737
f 2609 2737 2611
f 2609 2611 2610
f 2611 2737 2738
f 2611 2738 2739
f 2611 2739 2612
f 2612 2739 2613
f 2613 2739 2614
f 2614 2739 2615
f 2615 2739 2740
f 2615 2740 2741
f 2615 2741 2742
f 2615 2742 2743
f 2615 2743 2744
f 2615 2744 2616
f 2616 2744 2745
f 2616 2745 2743
f 2616 2743 2746
f 2616 2746 2747
f 2616 2747 2748
f 2616 2748 2749
f 2616 2749 2617
f 2617 2749 2750
f 2617 2750 2751
f 2617 2751 2752
f 2617 2752 2618
f 2618 2752 2619
f 2619 2752 2753
f 2619 2753 2754
f 2619 2754 2755
f 2619 2755 2756
f 2619 2756 2627
f 2619 2627 2621
f 2623 2625 2624
f 2623 2630 2625
f 2625 2630 2626
f 2627 2756 2757
f 2627 2757 2758
f 2627 2758 2628
f 2628 2758 2759
f 2628 2759 2760
f 2628 2760 2761
f 2628 2761 2629
f 2629 2761 2636
f 2629 2636 2630
f 2631 2636 2762
f 2631 2762 2632
f 2632 2762 2633
f 2633 2762 2763
f 2633 2763 2764
f 2633 2764 2640
f 2633 2640 2635
f 2635 2640 2639
f 2635 2639 2638
f 2636 2761 2760
f 2636 2760 2762
f 2640 2764 2641
f 2641 2764 2765
f 2641 2765 2642
f 2642 2765 2644
f 2642 2644 2643
f 2644 2764 2763
f 2644 2763 2762
f 2644 2762 2646
f 2644 2646 2645
f 2644 2765 2764
f 2646 2762 2760
f 2646 2760 2647
f 2647 2766 2767
f 2647 2767 2648
f 2647 2760 2766
f 2648 2767 2768
f 2648 2768 2649
f 2649 2768 2769
f 2649 2769 2770
f 2649 2770 2772
f 2649 2772 2651
f 2650 2653 2771
f 2650 2771 2654
f 2651 2772 2773
f 2651 2773 2652
f 2652 2773 2653
f 2653 2773 2771
f 2655 2771 2661
f 2656 2663 2664
f 2657 2660 2658
f 2661 2771 2774
f 2661 2774 2662
f 2662 2775 2776
f 2662 2776 2663
f 2662 2774 2777
f 2662 2777 2775
f 2663 2776 2664
f 2664 2776 2775
f 2664 2775 2665
f 2665 2775 2778
f 2665 2778 2666
f 2666 2778 2779
f 2666 2779 2669
f 2667 2669 2780
f 2667 2780 2782
f 2667 2782 2781
f 2667 2781 2670
f 2667 2670 2668
f 2669 2779 2780
f 2670 2781 2671
f 2671 2781 2782
f 2671 2782 2783
f 2671 2783 2672
f 2672 2783 2908
f 2672 2908 2784
f 2673 2784 2910
f 2673 2910 2785
f 2673 2785 2675
f 2673 2675 2674
f 2675 2785 2786
f 2675 2786 2787
f 2675 2787 2788
f 2675 2788 2789
f 2675 2789 2915
f 2675 2915 2790
f 2675 2790 2791
f 2675 2791 2676
f 2676 2791 2677
f 2677 2791 2678
f 2678 2791 2792
f 2678 2792 2679
f 2679 2793 2794
f 2679 2794 2681
f 2679 2681 2680
f 2679 2792 2793
f 2681 2794 2682
f 2682 2795 2796
f 2682 2796 2683
f 2682 2794 2795
f 2683 2796 2797
f 2683 2797 2798
f 2683 2798 2684
f 2684 2798 2799
f 2684 2799 2800
f 2684 2800 2685
f 2686 2800 2687
f 2687 2800 2799
f 2687 2799 2801
f 2687 2801 2802
f 2687 2802 2803
f 2687 2803 2804
f 2687 2804 2805
f 2687 2805 2688
f 2688 2805 2689
f 2689 2805 2804
f 2690 2806 2691
f 2691 2806 2807
f 2691 2807 2692
f 2692 2807 2808
f 2692 2808 2809
f 2692 2809 2810
f 2692 2810 2811
f 2692 2811 2693
f 2693 2811 2812
f 2693 2812 2813
f 2693 2813 2814
f 2693 2814 2694
f 2694 2814 2695
f 2695 2814 2815
f 2695 2815 2696
f 2696 2815 2942
f 2696 2942 2816
f 2696 2816 2817
f 2696 2817 2697
f 2697 2817 2818
f 2697 2818 2698
f 2698 2818 2699
f 2699 2819 2820
f 2699 2820 2700
f 2699 2818 2821
f 2699 2821 2819
f 2700 2820 2822
f 2700 2822 2701
f 2701 2822 2702
f 2702 2822 2823
f 2702 2823 2703
f 2703 2823 2824
f 2703 2824 2825
f 2703 2825 2704
f 2705 2825 2953
f 2705 2953 2826
f 2705 2826 2827
f 2705 2827 2706
f 2706 2827 2828
f 2706 2828 2707
f 2707 2828 2829
f 2709 2830 2710
f 2710 2830 2831
f 2710 2831 2832
f 2710 2832 2711
f 2711 2832 2713
f 2711 2713 2712
f 2713 2832 2833
f 2713 2833 2714
f 2714 2833 2834
f 2714 2834 2715
f 2715 2834 2716
f 2716 2835 2836
f 2716 2836 2718
f 2716 2834 2835
f 2718 2836 2837
f 2718 2837 2719
f 2719 2837 2838
f 2719 2838 2839
f 2719 2839 2720
f 2720 2839 2840
f 2720 2840 2841
f 2720 2841 2842
f 2720 2842 2721
f 2721 2842 2722
f 2722 2842 2723
f 2723 2842 2724
f 2724 2842 2727
f 2724 2727 2726
f 2724 2726 2725
f 2727 2842 2843
f 2727 2843 2844
f 2727 2844 2729
f 2729 2844 2845
f 2729 2845 2730
f 2730 2845 2731
f 2731 2845 2844
f 2731 2844 2846
f 2731 2846 2847
f 2731 2847 2848
f 2731 2848 2733
f 2731 2733 2732
f 2733 2848 2849
f 2733 2849 2850
f 2733 2850 2734
f 2734 2850 2851
f 2734 2851 2852
f 2734 2852 2735
f 2735 2853 2737
f 2735 2737 2736
f 2735 2852 2854
f 2735 2854 2855
f 2735 2855 2856
f 2735 2856 2857
f 2735 2857 2853
f 2737 2858 2859
f 2737 2859 2860
f 2737 2860 2738
f 2737 2853 2861
f 2737 2861 2862
f 2737 2862 2863
f 2737 2863 2858
f 2738 2860 2864
f 2738 2864 2739
f 2739 2864 2865
f 2739 2865 2866
f 2739 2866 2867
f 2739 2867 2868
f 2739 2868 2740
f 2740 2868 2869
f 2740 2869 2741
f 2741 2869 2870
f 2741 2870 2742
f 2742 2870 2871
f 2742 2871 2872
f 2742 2872 2873
f 2742 2873 2874
f 2742 2874 2875
f 2742 2875 2876
f 2742 2876 2877
f 2742 2877 2878
f 2742 2878 2746
f 2742 2746 2743
f 2743 2745 2744
f 2746 2878 2879
f 2746 2879 2747
f 2747 2880 2748
f 2747 2879 2880
f 2748 2880 2749
f 2749 2880 2750
f 2750 2880 2752
f 2750 2752 2751
f 2752 2880 2881
f 2752 2881 2754
f 2752 2754 2753
f 2754 2881 2882
f 2754 2882 2755
f 2755 2882 2756
f 2756 2882 2883
f 2756 2883 2757
f 2757 2883 2884
f 2757 2884 2885
f 2757 2885 2886
f 2757 2886 2759
f 2757 2759 2758
f 2759 2886 2760
f 2760 2886 2766
f 2766 2887 2888
f 2766 2888 2767
f 2766 2886 2887
f 2767 2889 2890
f 2767 2890 2768
f 2767 2888 2891
f 2767 2891 2889
f 2768 2892 2769
f 2768 2890 2892
f 2769 2892 2893
f 2769 2893 2894
f 2769 2894 2895
f 2769 2895 2770
f 2770 2895 2896
f 2770 2896 2772
f 2771 2773 2897
f 2771 2897 3015
f 2771 3015 2898
f 2771 2898 2774
f 2772 2896 2899
f 2772 2899 2900
f 2772 2900 2773
f 2773 2900 2901
f 2773 2901 2897
f 2774 2898 2902
f 2774 2902 2777
f 2775 2777 2902
f 2775 2902 2903
f 2775 2903 2904
f 2775 2904 2778
f 2778 2904 2779
f 2779 2904 2905
f 2779 2905 2780
f 2780 2905 2782
f 2782 2905 3023
f 2782 3023 2906
f 2782 2906 2907
f 2782 2907 2783
f 2783 2907 3029
f 2783 3029 2908
f 2784 2908 2909
f 2784 2909 2910
f 2785 2910 2786
f 2786 2911 2787
f 2786 2910 2911
f 2787 2911 2912
f 2787 2912 2788
f 2788 2912 2913
f 2788 2913 2914
f 2788 2914 2915
f 2788 2915 2789
f 2790 2915 2916
f 2790 2916 2917
f 2790 2917 2791
f 2791 2917 2918
f 2791 2918 2792
f 2792 2918 2919
f 2792 2919 2794
f 2792 2794 2793
f 2794 2919 2795
f 2795 2914 2920
f 2795 2920 2796
f 2795 2919 2914
f 2796 2920 2921
f 2796 2921 2797
f 2797 2922 2923
f 2797 2923 2801
f 2797 2801 2798
f 2797 2921 2920
f 2797 2920 2924
f 2797 2924 2922
f 2798 2801 2799
f 2801 2923 2802
f 2802 2923 2925
f 2802 2925 2926
f 2802 2926 2927
f 2802 2927 2803
f 2803 2927 2804
f 2804 2927 2928
f 2807 2929 2930
f 2807 2930 2931
f 2807 2931 2932
f 2807 2932 2933
f 2807 2933 2808
f 2808 2931 2809
f 2808 2933 2932
f 2808 2932 2931
f 2809 2931 2934
f 2809 2934 2935
f 2809 2935 2810
f 2810 2935 2936
f 2810 2936 2811
f 2811 2936 2937
f 2811 2937 2812
f 2812 2937 2938
f 2812 2938 2939
f 2812 2939 2940
f 2812 2940 2813
f 2813 2940 2814
f 2814 2940 2941
f 2814 2941 2942
f 2814 2942 2815
f 2816 2942 2943
f 2816 2943 2817
f 2817 2943 2944
f 2817 2944 2818
f 2818 2945 2821
f 2818 2944 2946
f 2818 2946 2947
f 2818 2947 2945
f 2819 2822 2820
f 2819 2821 2948
f 2819 2948 2822
f 2821 2945 2949
f 2821 2949 2948
f 2822 2948 2950
f 2822 2950 2823
f 2823 2950 2951
f 2823 2951 2824
f 2824 2951 2952
f 2824 2952 2953
f 2824 2953 2825
f 2826 2953 2954
f 2826 2954 2955
f 2826 2955 2827
f 2827 2955 2828
f 2828 2955 2829
f 2830 2956 2957
f 2830 2957 2958
f 2830 2958 2831
f 2831 2958 2833
f 2831 2833 2832
f 2833 2958 3081
f 2833 3081 2959
f 2833 2959 2836
f 2833 2836 2835
f 2833 2835 2834
f 2836 2959 2960
f 2836 2960 2837
f 2837 2960 3086
f 2837 3086 2961
f 2837 2961 2838
f 2838 2961 2962
f 2838 2962 2963
f 2838 2963 2839
f 2839 2963 2964
f 2839 2964 2965
f 2839 2965 2840
f 2840 2965 2966
f 2840 2966 2967
f 2840 2967 2841
f 2841 2967 2968
f 2841 2968 2842
f 2842 2968 2843
f 2843 2968 2846
f 2843 2846 2844
f 2846 2968 2969
f 2846 2969 2970
f 2846 2970 2847
f 2847 2970 2850
f 2847 2850 2848
f 2848 2850 2849
f 2850 2970 2971
f 2850 2971 2852
f 2850 2852 2851
f 2852 2972 2973
f 2852 2973 2854
f 2852 2971 2972
f 2853 2974 2975
f 2853 2975 2861
f 2853 2857 2974
f 2854 2973 2976
f 2854 2976 2855
f 2855 2976 2977
f 2855 2977 2856
f 2856 2977 2857
f 2857 2977 2978
f 2857 2978 2979
f 2857 2979 2980
f 2857 2980 2981
f 2857 2981 2982
f 2857 2982 2983
f 2857 2983 2984
f 2857 2984 2974
f 2858 2863 2985
f 2858 2985 2859
f 2859 2986 2860
f 2859 2985 2987
f 2859 2987 2986
f 2860 2986 2988
f 2860 2988 2864
f 2861 2975 2862
f 2862 2975 2989
f 2862 2989 2863
f 2863 2989 2985
f 2864 2988 2990
f 2864 2990 2991
f 2864 2991 2992
f 2864 2992 2865
f 2865 2992 2993
f 2865 2993 2866
f 2866 2993 2994
f 2866 2994 2995
f 2866 2995 2872
f 2866 2872 2867
f 2867 2872 2868
f 2868 2872 2871
f 2868 2871 2869
f 2869 2871 2870
f 2872 2995 2994
f 2872 2994 2996
f 2872 2996 2997
f 2872 2997 2873
f 2873 2997 2874
f 2874 2998 3000
f 2874 3000 2875
f 2874 2997 2999
f 2874 2999 2998
f 2875 3000 2891
f 2875 2891 3001
f 2875 3001 2876
f 2876 3001 3002
f 2876 3002 2877
f 2877 3002 3003
f 2877 3003 3004
f 2877 3004 2879
f 2877 2879 2878
f 2879 3004 2883
f 2879 2883 2882
f 2879 2882 2880
f 2880 2882 2881
f 2883 3004 3003
f 2883 3003 3002
f 2883 3002 2887
f 2883 2887 2884
f 2884 2886 2885
f 2884 2887 2886
f 2887 3001 2891
f 2887 2891 2888
f 2887 3002 3001
f 2889 3005 2890
f 2889 2891 3005
f 2890 3005 3006
f 2890 3006 2892
f 2891 3000 2998
f 2891 2998 3005
f 2892 3007 2893
f 2892 3006 3008
f 2892 3008 3009
f 2892 3009 3007
f 2893 3007 3010
f 2893 3010 2894
f 2894 3010 3011
f 2894 3011 2895
f 2895 3011 3012
f 2895 3012 3013
f 2895 3013 2896
f 2896 3013 3014
f 2896 3014 2899
f 2897 2901 3016
f 2897 3016 3017
f 2897 3017 3015
f 2898 3015 3018
f 2898 3018 2902
f 2899 3014 3019
f 2899 3019 3020
f 2899 3020 3021
f 2899 3021 2900
f 2900 3021 3022
f 2900 3022 3016
f 2900 3016 2901
f 2902 3018 3025
f 2902 3025 3023
f 2902 3023 2903
f 2903 3023 2904
f 2904 3023 2905
f 2906 3024 2907
f 2906 3023 3025
f 2906 3025 3018
f 2906 3018 3026
f 2906 3026 3024
f 2907 3027 3028
f 2907 3028 3029
f 2907 3024 3159
f 2907 3159 3027
f 2908 3029 2909
f 2909 3029 3028
f 2909 3028 3030
f 2909 3030 3164
f 2909 3164 3031
f 2909 3031 3032
f 2909 3032 2911
f 2909 2911 2910
f 2911 3032 2912
f 2912 3033 3034
f 2912 3034 2913
f 2912 3032 3035
f 2912 3035 3036
f 2912 3036 3033
f 2913 3034 3037
f 2913 3037 3038
f 2913 3038 2914
f 2914 3038 2924
f 2914 2924 2920
f 2914 2919 3039
f 2914 3039 2915
f 2915 3039 3040
f 2915 3040 2916
f 2916 3040 2917
f 2917 3040 2918
f 2918 3040 2919
f 2919 3040 3039
f 2922 3041 3042
f 2922 3042 2925
f 2922 2925 2923
f 2922 2924 3041
f 2924 3038 3037
f 2924 3037 3041
f 2925 3042 2926
f 2926 3042 3043
f 2926 3043 3044
f 2926 3044 3045
f 2926 3045 2927
f 2927 3045 3046
f 2927 3046 3047
f 2927 3047 2928
f 2929 3048 3049
f 2929 3049 3050
f 2929 3050 2930
f 2930 3050 3051
f 2930 3051 2931
f 2931 3051 2934
f 2934 3052 3053
f 2934 3053 2937
f 2934 2937 2935
f 2934 3051 3052
f 2935 2937 2936
f 2937 3053 2939
f 2937 2939 2938
f 2939 3054 2940
f 2939 3053 3055
f 2939 3055 3056
f 2939 3056 3057
f 2939 3057 3058
f 2939 3058 3054
f 2940 3054 3058
f 2940 3058 3059
f 2940 3059 2941
f 2941 3059 3060
f 2941 3060 3061
f 2941 3061 2942
f 2942 3061 2943
f 2943 3061 3062
f 2943 3062 2944
f 2944 3063 3064
f 2944 3064 2946
f 2944 3062 3193
f 2944 3193 3063
f 2945 2947 3065
f 2945 3065 3066
f 2945 3066 3067
f 2945 3067 2949
f 2946 3065 2947
f 2946 3064 3068
f 2946 3068 3069
f 2946 3069 3070
f 2946 3070 3065
f 2948 2949 3071
f 2948 3071 2950
f 2949 3067 3200
f 2949 3200 3071
f 2950 3071 3072
f 2950 3072 2951
f 2951 3072 3073
f 2951 3073 2952
f 2952 3073 3074
f 2952 3074 3075
f 2952 3075 2954
f 2952 2954 2953
f 2954 3075 3204
f 2954 3204 3076
f 2954 3076 3077
f 2954 3077 2955
f 2955 3077 3078
f 2956 3079 2957
f 2957 3079 3080
f 2957 3080 3081
f 2957 3081 2958
f 2959 3081 3082
f 2959 3082 2960
f 2960 3082 3083
f 2960 3083 3084
f 2960 3084 3085
f 2960 3085 3086
f 2961 3086 2962
f 2962 3086 3087
f 2962 3087 3088
f 2962 3088 3089
f 2962 3089 2963
f 2963 3089 3090
f 2963 3090 2964
f 2964 3090 3091
f 2964 3091 2965
f 2965 3091 3092
f 2965 3092 2966
f 2966 3092 2967
f 2967 3092 3093
f 2967 3093 2968
f 2968 3093 3094
f 2968 3094 3095
f 2968 3095 2969
f 2969 3095 3096
f 2969 3096 2970
f 2970 3096 2971
f 2971 3096 3097
f 2971 3097 2972
f 2972 3097 3098
f 2972 3098 3099
f 2972 3099 2973
f 2973 3099 3100
f 2973 3100 3101
f 2973 3101 2976
f 2974 2984 2975
f 2975 2984 3102
f 2975 3102 2989
f 2976 3101 3103
f 2976 3103 2977
f 2977 3103 3104
f 2977 3104 2978
f 2978 3104 3105
f 2978 3105 3106
f 2978 3106 2979
f 2979 3107 3108
f 2979 3108 3109
f 2979 3109 2981
f 2979 2981 2980
f 2979 3106 3105
f 2979 3105 3110
f 2979 3110 3107
f 2981 3109 2983
f 2981 2983 2982
f 2983 3109 3111
f 2983 3111 3102
f 2983 3102 2984
f 2985 2989 3112
f 2985 3112 3113
f 2985 3113 3114
f 2985 3114 2987
f 2986 3115 3116
f 2986 3116 2988
f 2986 2987 3117
f 2986 3117 3118
f 2986 3118 3115
f 2987 3114 3113
f 2987 3113 3117
f 2988 3116 2990
f 2989 3102 3111
f 2989 3111 3112
f 2990 3116 3115
f 2990 3115 3119
f 2990 3119 3120
f 2990 3120 3121
f 2990 3121 3122
f 2990 3122 3123
f 2990 3123 3124
f 2990 3124 3125
f 2990 3125 2991
f 2991 3126 2992
f 2991 3125 3126
f 2992 3126 2993
f 2993 3126 2994
f 2994 3125 2996
f 2994 3126 3125
f 2996 3127 3128
f 2996 3128 2999
f 2996 2999 2997
f 2996 3125 3127
f 2998 2999 3129
f 2998 3129 3130
f 2998 3130 3131
f 2998 3131 3132
f 2998 3132 3133
f 2998 3133 3005
f 2999 3128 3134
f 2999 3134 3135
f 2999 3135 3136
f 2999 3136 3129
f 3005 3137 3006
f 3005 3133 3137
f 3006 3137 3008
f 3007 3009 3138
f 3007 3138 3139
f 3007 3139 3010
f 3008 3137 3009
f 3009 3137 3140
f 3009 3140 3138
f 3010 3141 3012
f 3010 3012 3011
f 3010 3139 3142
f 3010 3142 3143
f 3010 3143 3144
f 3010 3144 3145
f 3010 3145 3146
f 3010 3146 3141
f 3012 3141 3147
f 3012 3147 3148
f 3012 3148 3149
f 3012 3149 3013
f 3013 3149 3014
f 3014 3149 3150
f 3014 3150 3019
f 3015 3017 3018
f 3016 3022 3151
f 3016 3151 3152
f 3016 3152 3153
f 3016 3153 3017
f 3017 3153 3154
f 3017 3154 3018
f 3018 3154 3026
f 3019 3150 3155
f 3019 3155 3156
f 3019 3156 3020
f 3020 3156 3157
f 3020 3157 3021
f 3021 3157 3158
f 3021 3158 3022
f 3022 3158 3151
f 3024 3026 3159
f 3026 3154 3160
f 3026 3160 3159
f 3027 3161 3028
f 3027 3159 3160
f 3027 3160 3161
f 3028 3161 3030
f 3030 3161 3162
f 3030 3162 3163
f 3030 3163 3036
f 3030 3036 3164
f 3031 3164 3032
f 3032 3164 3035
f 3033 3165 3034
f 3033 3036 3166
f 3033 3166 3165
f 3034 3167 3168
f 3034 3168 3169
f 3034 3169 3170
f 3034 3170 3037
f 3034 3165 3167
f 3035 3164 3036
f 3036 3163 3153
f 3036 3153 3171
f 3036 3171 3166
f 3037 3170 3172
f 3037 3172 3173
f 3037 3173 3041
f 3041 3173 3042
f 3042 3173 3043
f 3043 3173 3174
f 3043 3174 3044
f 3044 3174 3175
f 3044 3175 3176
f 3044 3176 3177
f 3044 3177 3178
f 3044 3178 3179
f 3044 3179 3180
f 3044 3180 3045
f 3045 3180 3046
f 3048 3181 3049
f 3049 3182 3183
f 3049 3183 3184
f 3049 3184 3051
f 3049 3051 3050
f 3049 3181 3182
f 3051 3184 3052
f 3052 3184 3185
f 3052 3185 3186
f 3052 3186 3053
f 3053 3187 3188
f 3053 3188 3055
f 3053 3186 3187
f 3055 3188 3189
f 3055 3189 3056
f 3056 3189 3190
f 3056 3190 3191
f 3056 3191 3060
f 3056 3060 3057
f 3057 3060 3059
f 3057 3059 3058
f 3060 3191 3192
f 3060 3192 3193
f 3060 3193 3062
f 3060 3062 3061
f 3063 3193 3192
f 3063 3192 3194
f 3063 3194 3064
f 3064 3195 3100
f 3064 3100 3196
f 3064 3196 3068
f 3064 3194 3195
f 3065 3070 3197
f 3065 3197 3066
f 3066 3198 3200
f 3066 3200 3067
f 3066 3197 3199
f 3066 3199 3198
f 3068 3196 3069
f 3069 3196 3099
f 3069 3099 3098
f 3069 3098 3201
f 3069 3201 3070
f 3070 3201 3197
f 3071 3200 3202
f 3071 3202 3073
f 3071 3073 3072
f 3073 3202 3203
f 3073 3203 3204
f 3073 3204 3074
f 3074 3204 3075
f 3076 3204 3089
f 3076 3089 3077
f 3077 3089 3088
f 3077 3088 3205
f 3077 3205 3078
f 3078 3205 3206
f 3079 3207 3208
f 3079 3208 3080
f 3080 3208 3209
f 3080 3209 3081
f 3081 3209 3210
f 3081 3210 3211
f 3081 3211 3082
f 3082 3211 3212
f 3082 3212 3083
f 3083 3213 3084
f 3084 3213 3085
f 3085 3213 3214
f 3085 3214 3087
f 3085 3087 3086
f 3087 3214 3215
f 3087 3215 3205
f 3087 3205 3088
f 3089 3204 3090
f 3090 3204 3203
f 3090 3203 3091
f 3091 3203 3092
f 3092 3203 3216
f 3092 3216 3093
f 3093 3216 3217
f 3093 3217 3218
f 3093 3218 3094
f 3094 3218 3095
f 3095 3218 3219
f 3095 3219 3096
f 3096 3219 3201
f 3096 3201 3098
f 3096 3098 3097
f 3099 3196 3100
f 3100 3195 3310
f 3100 3310 3220
f 3100 3220 3101
f 3101 3220 3221
f 3101 3221 3103
f 3103 3221 3222
f 3103 3222 3104
f 3104 3222 3223
f 3104 3223 3105
f 3105 3223 3224
f 3105 3224 3110
f 3107 3225 3226
f 3107 3226 3108
f 3107 3110 3227
f 3107 3227 3228
f 3107 3228 3225
f 3108 3226 3112
f 3108 3112 3111
f 3108 3111 3109
f 3110 3224 3228
f 3110 3228 3227
f 3112 3226 3229
f 3112 3229 3230
f 3112 3230 3231
f 3112 3231 3232
f 3112 3232 3113
f 3113 3232 3117
f 3115 3118 3233
f 3115 3233 3234
f 3115 3234 3235
f 3115 3235 3119
f 3117 3236 3118
f 3117 3232 3236
f 3118 3237 3238
f 3118 3238 3239
f 3118 3239 3240
f 3118 3240 3233
f 3118 3236 3237
f 3119 3235 3241
f 3119 3241 3121
f 3119 3121 3120
f 3121 3241 3122
f 3122 3241 3242
f 3122 3242 3243
f 3122 3243 3244
f 3122 3244 3135
f 3122 3135 3245
f 3122 3245 3124
f 3122 3124 3123
f 3124 3245 3127
f 3124 3127 3125
f 3127 3245 3135
f 3127 3135 3128
f 3128 3135 3134
f 3129 3136 3130
f 3130 3136 3246
f 3130 3246 3247
f 3130 3247 3248
f 3130 3248 3249
f 3130 3249 3250
f 3130 3250 3251
f 3130 3251 3131
f 3131 3251 3252
f 3131 3252 3137
f 3131 3137 3132
f 3132 3137 3133
f 3135 3244 3136
f 3136 3244 3246
f 3137 3252 3253
f 3137 3253 3140
f 3138 3140 3254
f 3138 3254 3255
f 3138 3255 3139
f 3139 3255 3256
f 3139 3256 3143
f 3139 3143 3142
f 3140 3253 3257
f 3140 3257 3254
f 3141 3146 3147
f 3143 3256 3258
f 3143 3258 3259
f 3143 3259 3260
f 3143 3260 3261
f 3143 3261 3144
f 3144 3261 3262
f 3144 3262 3146
f 3144 3146 3145
f 3146 3262 3263
f 3146 3263 3264
f 3146 3264 3147
f 3147 3265 3148
f 3147 3264 3263
f 3147 3263 3265
f 3148 3265 3266
f 3148 3266 3149
f 3149 3266 3267
f 3149 3267 3150
f 3150 3267 3268
f 3150 3268 3269
f 3150 3269 3155
f 3151 3270 3152
f 3151 3158 3271
f 3151 3271 3165
f 3151 3165 3166
f 3151 3166 3270
f 3152 3270 3171
f 3152 3171 3153
f 3153 3160 3154
f 3153 3163 3161
f 3153 3161 3160
f 3155 3269 3272
f 3155 3272 3273
f 3155 3273 3156
f 3156 3273 3274
f 3156 3274 3275
f 3156 3275 3276
f 3156 3276 3157
f 3157 3276 3158
f 3158 3276 3277
f 3158 3277 3271
f 3161 3163 3162
f 3165 3271 3277
f 3165 3277 3167
f 3166 3171 3270
f 3167 3278 3279
f 3167 3279 3280
f 3167 3280 3168
f 3167 3277 3276
f 3167 3276 3281
f 3167 3281 3282
f 3167 3282 3278
f 3168 3280 3283
f 3168 3283 3284
f 3168 3284 3285
f 3168 3285 3170
f 3168 3170 3169
f 3170 3285 3286
f 3170 3286 3172
f 3172 3286 3174
f 3172 3174 3173
f 3174 3286 3175
f 3175 3286 3287
f 3175 3287 3176
f 3176 3287 3288
f 3176 3288 3289
f 3176 3289 3290
f 3176 3290 3291
f 3176 3291 3292
f 3176 3292 3293
f 3176 3293 3177
f 3177 3293 3178
f 3178 3294 3179
f 3178 3293 3295
f 3178 3295 3296
f 3178 3296 3294
f 3179 3294 3297
f 3179 3297 3180
f 3181 3298 3182
f 3182 3298 3299
f 3182 3299 3300
f 3182 3300 3301
f 3182 3301 3183
f 3183 3302 3303
f 3183 3303 3304
f 3183 3304 3185
f 3183 3185 3184
f 3183 3301 3302
f 3185 3304 3305
f 3185 3305 3186
f 3186 3305 3306
f 3186 3306 3187
f 3187 3306 3307
f 3187 3307 3188
f 3188 3307 3308
f 3188 3308 3190
f 3188 3190 3189
f 3190 3308 3191
f 3191 3308 3194
f 3191 3194 3192
f 3194 3308 3309
f 3194 3309 3310
f 3194 3310 3195
f 3197 3201 3199
f 3198 3199 3202
f 3198 3202 3200
f 3199 3201 3219
f 3199 3219 3202
f 3202 3219 3203
f 3203 3219 3216
f 3205 3215 3206
f 3207 3209 3208
f 3209 3311 3210
f 3210 3311 3212
f 3210 3212 3211
f 3213 3215 3214
f 3216 3219 3218
f 3216 3218 3217
f 3220 3310 3309
f 3220 3309 3312
f 3220 3312 3221
f 3221 3312 3222
f 3222 3313 3314
f 3222 3314 3223
f 3222 3312 3313
f 3223 3314 3224
f 3224 3314 3315
f 3224 3315 3316
f 3224 3316 3228
f 3225 3317 3318
f 3225 3318 3319
f 3225 3319 3320
f 3225 3320 3226
f 3225 3228 3321
f 3225 3321 3322
f 3225 3322 3323
f 3225 3323 3317
f 3226 3320 3324
f 3226 3324 3229
f 3228 3316 3321
f 3229 3324 3325
f 3229 3325 3326
f 3229 3326 3327
f 3229 3327 3230
f 3230 3327 3232
f 3230 3232 3231
f 3232 3327 3328
f 3232 3328 3236
f 3233 3240 3329
f 3233 3329 3241
f 3233 3241 3234
f 3234 3241 3235
f 3236 3328 3330
f 3236 3330 3237
f 3237 3330 3238
f 3238 3330 3328
f 3238 3328 3327
f 3238 3327 3326
f 3238 3326 3240
f 3238 3240 3239
f 3240 3326 3331
f 3240 3331 3242
f 3240 3242 3241
f 3240 3241 3329
f 3242 3331 3332
f 3242 3332 3333
f 3242 3333 3248
f 3242 3248 3243
f 3243 3248 3244
f 3244 3248 3247
f 3244 3247 3246
f 3248 3333 3334
f 3248 3334 3249
f 3249 3334 3252
f 3249 3252 3250
f 3250 3252 3251
f 3252 3334 3332
f 3252 3332 3335
f 3252 3335 3336
f 3252 3336 3337
f 3252 3337 3338
f 3252 3338 3257
f 3252 3257 3253
f 3254 3257 3339
f 3254 3339 3255
f 3255 3340 3258
f 3255 3258 3256
f 3255 3339 3338
f 3255 3338 3341
f 3255 3341 3342
f 3255 3342 3340
f 3257 3338 3339
f 3258 3340 3343
f 3258 3343 3344
f 3258 3344 3259
f 3259 3344 3260
f 3260 3344 3345
f 3260 3345 3346
f 3260 3346 3261
f 3261 3346 3347
f 3261 3347 3348
f 3261 3348 3262
f 3262 3348 3349
f 3262 3349 3350
f 3262 3350 3351
f 3262 3351 3263
f 3263 3351 3350
f 3263 3350 3352
f 3263 3352 3353
f 3263 3353 3354
f 3263 3354 3355
f 3263 3355 3265
f 3265 3355 3266
f 3266 3268 3267
f 3266 3355 3356
f 3266 3356 3268
f 3268 3272 3269
f 3268 3356 3357
f 3268 3357 3358
f 3268 3358 3272
f 3272 3358 3359
f 3272 3359 3360
f 3272 3360 3273
f 3273 3360 3274
f 3274 3360 3282
f 3274 3282 3275
f 3275 3282 3276
f 3276 3282 3281
f 3278 3361 3279
f 3278 3282 3362
f 3278 3362 3361
f 3279 3363 3364
f 3279 3364 3422
f 3279 3422 3365
f 3279 3365 3280
f 3279 3361 3366
f 3279 3366 3363
f 3280 3365 3367
f 3280 3367 3368
f 3280 3368 3283
f 3282 3360 3362
f 3283 3368 3369
f 3283 3369 3288
f 3283 3288 3284
f 3284 3288 3287
f 3284 3287 3285
f 3285 3287 3286
f 3288 3369 3370
f 3288 3370 3371
f 3288 3371 3372
f 3288 3372 3289
f 3289 3372 3373
f 3289 3373 3290
f 3290 3373 3372
f 3291 3295 3292
f 3292 3295 3293
f 3294 3296 3374
f 3294 3374 3297
f 3300 3375 3376
f 3300 3376 3301
f 3301 3376 3377
f 3301 3377 3302
f 3302 3378 3379
f 3302 3379 3303
f 3302 3377 3378
f 3303 3379 3380
f 3303 3380 3381
f 3303 3381 3304
f 3304 3381 3382
f 3304 3382 3383
f 3304 3383 3305
f 3305 3383 3384
f 3305 3384 3385
f 3305 3385 3306
f 3306 3385 3309
f 3306 3309 3307
f 3307 3309 3386
f 3307 3386 3308
f 3308 3386 3309
f 3309 3385 3387
f 3309 3387 3313
f 3309 3313 3312
f 3313 3387 3388
f 3313 3388 3314
f 3314 3388 3389
f 3314 3389 3315
f 3315 3389 3390
f 3315 3390 3316
f 3316 3390 3391
f 3316 3391 3392
f 3316 3392 3321
f 3317 3323 3318
f 3318 3393 3394
f 3318 3394 3319
f 3318 3323 3395
f 3318 3395 3393
f 3319 3394 3320
f 3320 3396 3397
f 3320 3397 3398
f 3320 3398 3399
f 3320 3399 3324
f 3320 3394 3396
f 3321 3392 3322
f 3322 3392 3323
f 3323 3392 3400
f 3323 3400 3395
f 3324 3399 3325
f 3325 3399 3401
f 3325 3401 3402
f 3325 3402 3326
f 3326 3402 3332
f 3326 3332 3331
f 3332 3402 3401
f 3332 3401 3336
f 3332 3336 3335
f 3332 3334 3333
f 3336 3401 3398
f 3336 3398 3397
f 3336 3397 3337
f 3337 3341 3338
f 3337 3397 3396
f 3337 3396 3343
f 3337 3343 3341
f 3340 3342 3343
f 3341 3343 3342
f 3343 3393 3395
f 3343 3395 3403
f 3343 3403 3344
f 3343 3396 3393
f 3344 3403 3404
f 3344 3404 3345
f 3345 3404 3405
f 3345 3405 3346
f 3346 3405 3406
f 3346 3406 3348
f 3346 3348 3347
f 3348 3406 3349
f 3349 3406 3407
f 3349 3407 3408
f 3349 3408 3350
f 3350 3408 3409
f 3350 3409 3352
f 3352 3409 3410
f 3352 3410 3411
f 3352 3411 3353
f 3353 3411 3354
f 3354 3411 3412
f 3354 3412 3413
f 3354 3413 3414
f 3354 3414 3355
f 3355 3414 3356
f 3356 3414 3357
f 3357 3414 3415
f 3357 3415 3416
f 3357 3416 3358
f 3358 3416 3417
f 3358 3417 3418
f 3358 3418 3359
f 3359 3418 3360
f 3360 3418 3366
f 3360 3366 3361
f 3360 3361 3362
f 3363 3419 3420
f 3363 3420 3421
f 3363 3421 3422
f 3363 3422 3423
f 3363 3423 3364
f 3363 3366 3424
f 3363 3424 3425
f 3363 3425 3419
f 3364 3423 3422
f 3365 3422 3367
f 3366 3418 3424
f 3367 3426 3369
f 3367 3369 3368
f 3367 3422 3420
f 3367 3420 3426
f 3369 3426 3427
f 3369 3427 3428
f 3369 3428 3429
f 3369 3429 3430
f 3369 3430 3371
f 3369 3371 3370
f 3371 3430 3372
f 3375 3431 3376
f 3376 3431 3377
f 3377 3431 3432
f 3377 3432 3378
f 3378 3432 3433
f 3378 3433 3434
f 3378 3434 3435
f 3378 3435 3379
f 3379 3435 3380
f 3380 3435 3390
f 3380 3390 3389
f 3380 3389 3382
f 3380 3382 3381
f 3382 3384 3383
f 3382 3389 3436
f 3382 3436 3384
f 3384 3436 3387
f 3384 3387 3385
f 3387 3436 3388
f 3388 3436 3389
f 3390 3437 3391
f 3390 3435 3438
f 3390 3438 3437
f 3391 3439 3392
f 3391 3437 3440
f 3391 3440 3439
f 3392 3439 3441
f 3392 3441 3400
f 3393 3396 3394
f 3395 3400 3442
f 3395 3442 3443
f 3395 3443 3403
f 3398 3401 3399
f 3400 3441 3440
f 3400 3440 3444
f 3400 3444 3445
f 3400 3445 3446
f 3400 3446 3442
f 3403 3443 3404
f 3404 3443 3447
f 3404 3447 3405
f 3405 3447 3448
f 3405 3448 3407
f 3405 3407 3406
f 3407 3448 3449
f 3407 3449 3408
f 3408 3449 3450
f 3408 3450 3451
f 3408 3451 3409
f 3409 3451 3410
f 3410 3452 3411
f 3410 3451 3452
f 3411 3452 3412
f 3412 3452 3415
f 3412 3415 3414
f 3412 3414 3413
f 3415 3452 3453
f 3415 3453 3454
f 3415 3454 3455
f 3415 3455 3456
f 3415 3456 3416
f 3416 3456 3417
f 3417 3456 3425
f 3417 3425 3424
f 3417 3424 3418
f 3419 3455 3454
f 3419 3454 3457
f 3419 3457 3420
f 3419 3425 3455
f 3420 3422 3421
f 3420 3457 3426
f 3425 3456 3455
f 3426 3457 3427
f 3427 3458 3428
f 3427 3457 3459
f 3427 3459 3460
f 3427 3460 3461
f 3427 3461 3462
f 3427 3462 3463
f 3427 3463 3464
f 3427 3464 3458
f 3428 3458 3465
f 3428 3465 3430
f 3428 3430 3429
f 3431 3466 3432
f 3432 3466 3467
f 3432 3467 3433
f 3433 3468 3469
f 3433 3469 3470
f 3433 3470 3434
f 3433 3467 3471
f 3433 3471 3468
f 3434 3472 3438
f 3434 3438 3435
f 3434 3470 3472
f 3437 3438 3473
f 3437 3473 3444
f 3437 3444 3440
f 3438 3472 3473
f 3439 3440 3441
f 3442 3446 3474
f 3442 3474 3447
f 3442 3447 3443
f 3444 3473 3445
f 3445 3448 3475
f 3445 3475 3474
f 3445 3474 3446
f 3445 3473 3476
f 3445 3476 3477
f 3445 3477 3478
f 3445 3478 3448
f 3447 3474 3448
f 3448 3474 3475
f 3448 3478 3479
f 3448 3479 3449
f 3449 3479 3480
f 3449 3480 3481
f 3449 3481 3450
f 3450 3481 3451
f 3451 3481 3482
f 3451 3482 3483
f 3451 3483 3484
f 3451 3484 3452
f 3452 3484 3453
f 3453 3484 3460
f 3453 3460 3454
f 3454 3460 3459
f 3454 3459 3457
f 3458 3464 3465
f 3460 3485 3461
f 3460 3484 3485
f 3461 3485 3486
f 3461 3486 3462
f 3462 3486 3487
f 3462 3487 3488
f 3462 3488 3489
f 3462 3489 3490
f 3462 3490 3463
f 3463 3490 3464
f 3468 3491 3492
f 3468 3492 3469
f 3468 3471 3491
f 3469 3492 3493
f 3469 3493 3494
f 3469 3494 3470
f 3470 3494 3472
f 3471 3495 3491
f 3472 3494 3473
f 3473 3494 3493
f 3473 3493 3496
f 3473 3496 3497
f 3473 3497 3498
f 3473 3498 3499
f 3473 3499 3476
f 3476 3499 3477
f 3477 3499 3500
f 3477 3500 3478
f 3478 3500 3501
f 3478 3501 3502
f 3478 3502 3479
f 3479 3502 3480
f 3480 3502 3503
f 3480 3503 3481
f 3481 3504 3505
f 3481 3505 3482
f 3481 3503 3506
f 3481 3506 3507
f 3481 3507 3508
f 3481 3508 3504
f 3482 3505 3509
f 3482 3509 3483
f 3483 3485 3484
f 3483 3509 3485
f 3485 3509 3510
f 3485 3510 3511
f 3485 3511 3512
f 3485 3512 3486
f 3486 3512 3513
f 3486 3513 3487
f 3487 3513 3514
f 3487 3514 3488
f 3488 3515 3489
f 3489 3515 3490
f 3491 3516 3492
f 3491 3495 3516
f 3492 3499 3498
f 3492 3498 3497
f 3492 3497 3496
f 3492 3496 3493
f 3492 3516 3517
f 3492 3517 3499
f 3495 3518 3516
f 3499 3517 3500
f 3500 3517 3501
f 3501 3517 3516
f 3501 3516 3519
f 3501 3519 3502
f 3502 3519 3503
f 3503 3519 3506
f 3504 3512 3509
f 3504 3509 3505
f 3504 3508 3520
f 3504 3520 3521
f 3504 3521 3522
f 3504 3522 3512
f 3506 3519 3523
f 3506 3523 3524
f 3506 3524 3507
f 3507 3524 3525
f 3507 3525 3526
f 3507 3526 3520
f 3507 3520 3508
f 3509 3512 3510
f 3510 3512 3511
f 3512 3522 3513
f 3513 3522 3514
f 3516 3518 3519
f 3518 3527 3524
f 3518 3524 3523
f 3518 3523 3519
f 3520 3526 3528
f 3520 3528 3521
f 3521 3528 3522
f 3522 3528 3526
f 3524 3527 3525

