# https://github.com/mikedh/trimesh
v -0.01339654 0.05487835 0.00060721
v -0.01338102 0.05487835 0.00074222
v -0.01333575 0.05500068 0.00074222
v -0.01319477 0.05538124 0.00072277
v -0.01319865 0.05540027 0.00060721
v -0.01202038 0.05487835 0.00060721
v -0.01335774 0.05487835 0.00093444
v -0.01325298 0.05515653 0.00094130
v -0.01316115 0.05540118 0.00094130
v -0.01310553 0.05560052 0.00074222
v -0.01312105 0.05560052 0.00060721
v -0.01161166 0.05509400 0.00060721
v -0.00018326 0.05487835 0.01111275
v -0.01331118 0.05500068 0.00094130
v -0.01334481 0.05487835 0.00102253
v -0.01323228 0.05510125 0.00124221
v -0.01313140 0.05540118 0.00114153
v -0.01307190 0.05561321 0.00094016
v -0.01303698 0.05571106 0.00087151
v -0.01304603 0.05573009 0.00074222
v -0.01305509 0.05574912 0.00060721
v -0.01151207 0.05514747 0.00060721
v -0.00018326 0.06211000 0.00060721
v -0.00018326 0.05487835 0.01229580
v -0.01332670 0.05487835 0.00114153
v -0.01323358 0.05487835 0.00164724
v -0.01320771 0.05499977 0.00155685
v -0.01321935 0.05506501 0.00137608
v -0.01318701 0.05518099 0.00132230
v -0.01331506 0.05487835 0.00121246
v -0.01329307 0.05487835 0.00133374
v -0.01325298 0.05499977 0.00132230
v -0.01309518 0.05540118 0.00134175
v -0.01306156 0.05556518 0.00114153
v -0.01302663 0.05568841 0.00100537
v -0.01299818 0.05583067 0.00074222
v -0.01283004 0.05609707 0.00102711
v -0.01300723 0.05584879 0.00060721
v -0.00018326 0.06413335 0.00060721
v -0.00032812 0.05487835 0.01229465
v -0.00018326 0.05540118 0.01209328
v -0.01325686 0.05487835 0.00152596
v -0.01322452 0.05487835 0.00169186
v -0.01317020 0.05500068 0.00174220
v -0.01313528 0.05520093 0.00154198
v -0.01305767 0.05540027 0.00152253
v -0.01303181 0.05550085 0.00144244
v -0.01304215 0.05552441 0.00134175
v -0.01299689 0.05562408 0.00134175
v -0.01291540 0.05580077 0.00134175
v -0.01285073 0.05594031 0.00134175
v -0.01301499 0.05566485 0.00114153
v -0.01282098 0.05607713 0.00114153
v -0.01291540 0.05600102 0.00074222
v -0.01283909 0.05611609 0.00089325
v -0.01276149 0.05620127 0.00114153
v -0.01267224 0.05638340 0.00114153
v -0.01263086 0.05650029 0.00103741
v -0.01268130 0.05642055 0.00095961
v -0.01279512 0.05618949 0.00095274
v -0.01284944 0.05613603 0.00074222
v -0.01280029 0.05623661 0.00074222
v -0.01278218 0.05630819 0.00060721
v -0.00018326 0.06412610 0.00074222
v -0.00032812 0.06413425 0.00060721
v -0.00032812 0.05540118 0.01209214
v -0.00042642 0.05487835 0.01229351
v -0.00018326 0.05551263 0.01204980
v -0.01321417 0.05487835 0.00174220
v -0.01308354 0.05487835 0.00234173
v -0.01312623 0.05500068 0.00194243
v -0.01308096 0.05521633 0.00175364
v -0.01305509 0.05495265 0.00234173
v -0.01304603 0.05533231 0.00169529
v -0.01301629 0.05546551 0.00157516
v -0.01297748 0.05558059 0.00152253
v -0.01287013 0.05580893 0.00153854
v -0.01283780 0.05591403 0.00146875
v -0.01268000 0.05621758 0.00155342
v -0.01264250 0.05632088 0.00149507
v -0.01272786 0.05620127 0.00134175
v -0.01265672 0.05634897 0.00134175
v -0.01262180 0.05648307 0.00114153
v -0.01255713 0.05660086 0.00114153
v -0.01243426 0.05690622 0.00085892
v -0.01259335 0.05659090 0.00095961
v -0.01253126 0.05680111 0.00060721
v -0.01260887 0.05665614 0.00060721
v -0.01262568 0.05662352 0.00060721
v -0.01263991 0.05651750 0.00090469
v -0.01265931 0.05655646 0.00060721
v -0.01271881 0.05640152 0.00074222
v -0.01271363 0.05644682 0.00060721
v -0.00018326 0.06410888 0.00096418
v -0.00032812 0.06412700 0.00074222
v -0.00052859 0.06413516 0.00060721
v -0.00032812 0.05551172 0.01204866
v -0.00052859 0.05540118 0.01208756
v -0.00052859 0.05494903 0.01226376
v -0.00052859 0.05487835 0.01229122
v -0.00018326 0.05558512 0.01201777
v -0.01306414 0.05487835 0.00242640
v -0.01303957 0.05491731 0.00246759
v -0.01285073 0.05574278 0.00174220
v -0.01280546 0.05584336 0.00174220
v -0.01282228 0.05588141 0.00160262
v -0.01262827 0.05629460 0.00162779
v -0.01258947 0.05639337 0.00155342
v -0.01260369 0.05644954 0.00134175
v -0.01246660 0.05676125 0.00114153
v -0.01222602 0.05729222 0.00080972
v -0.01223767 0.05731216 0.00067700
v -0.01239934 0.05704214 0.00060721
v -0.01250928 0.05684189 0.00060721
v -0.00018326 0.06410254 0.00103626
v -0.00032812 0.06411160 0.00093901
v -0.00052859 0.06412700 0.00074222
v -0.00072907 0.06413425 0.00060721
v -0.00032812 0.05593487 0.01185988
v -0.00052859 0.05593034 0.01185759
v -0.00052859 0.05560596 0.01200175
v -0.00052859 0.05550538 0.01204637
v -0.00063465 0.05550175 0.01204523
v -0.00072907 0.05504054 0.01222143
v -0.00072907 0.05487835 0.01228435
v -0.00018326 0.05603636 0.01181525
v -0.00032812 0.05603455 0.01181525
v -0.01304733 0.05487835 0.00249047
v -0.01300853 0.05487835 0.00261518
v -0.01283521 0.05510760 0.00285202
v -0.01265155 0.05534318 0.00310488
v -0.01264120 0.05551988 0.00287262
v -0.01268906 0.05561774 0.00255683
v -0.01263732 0.05591313 0.00226164
v -0.01265414 0.05594937 0.00214265
v -0.01267742 0.05601189 0.00194700
v -0.01283651 0.05571016 0.00185776
v -0.01273433 0.05600102 0.00174220
v -0.01266060 0.05616412 0.00174220
v -0.01261404 0.05626379 0.00174220
v -0.01253644 0.05640152 0.00174220
v -0.01247177 0.05660539 0.00152481
v -0.01243297 0.05670325 0.00144587
v -0.01251704 0.05660086 0.00134175
v -0.01244461 0.05672409 0.00134175
v -0.01224801 0.05712731 0.00114153
v -0.01221050 0.05726685 0.00094130
v -0.01212514 0.05740186 0.00094130
v -0.01204624 0.05752328 0.00094130
v -0.01206823 0.05755681 0.00074222
v -0.01217817 0.05738737 0.00074222
v -0.01221180 0.05737196 0.00060721
v -0.01224284 0.05732031 0.00060721
v -0.01228035 0.05725507 0.00060721
v -0.00018326 0.06409166 0.00114153
v -0.00032812 0.06410254 0.00103855
v -0.00052859 0.06411160 0.00092986
v -0.00072907 0.06412519 0.00074222
v -0.00092955 0.06413153 0.00060721
v -0.00052859 0.05620127 0.01173631
v -0.00072907 0.05620127 0.01172944
v -0.00072907 0.05592219 0.01185416
v -0.00071226 0.05558149 0.01200633
v -0.00076916 0.05549450 0.01204180
v -0.00071226 0.05541749 0.01207497
v -0.00092955 0.05502514 0.01221571
v -0.00092955 0.05487835 0.01227177
v -0.00018326 0.05620127 0.01174088
v -0.00032812 0.05620127 0.01173974
v -0.01289729 0.05487835 0.00293669
v -0.01283909 0.05491913 0.00306255
v -0.01278606 0.05499161 0.00313463
v -0.01281322 0.05505232 0.00298589
v -0.01263086 0.05529697 0.00323760
v -0.01262051 0.05547638 0.00300534
v -0.01262956 0.05569566 0.00263349
v -0.01261663 0.05587145 0.00239551
v -0.01257653 0.05598833 0.00233372
v -0.01260499 0.05604904 0.00214265
v -0.01262439 0.05608619 0.00201680
v -0.01264250 0.05612425 0.00188293
v -0.01258947 0.05619493 0.00194700
v -0.01245237 0.05633719 0.00214265
v -0.01247694 0.05640696 0.00193442
v -0.01243814 0.05651116 0.00186234
v -0.01245495 0.05653834 0.00174220
v -0.01241486 0.05667516 0.00157973
v -0.01236312 0.05678208 0.00152481
v -0.01223378 0.05710557 0.00125136
v -0.01207470 0.05740639 0.00112436
v -0.01201520 0.05747616 0.00117814
v -0.01195959 0.05758218 0.00112436
v -0.01163365 0.05810410 0.00104771
v -0.01181343 0.05787395 0.00094130
v -0.01182766 0.05789660 0.00081773
v -0.01200097 0.05765739 0.00074222
v -0.01207987 0.05757312 0.00060721
v -0.01214713 0.05747073 0.00060721
v -0.01218334 0.05741546 0.00060721
v -0.00018326 0.06406358 0.00134175
v -0.00032812 0.06409076 0.00114153
v -0.00052859 0.06410163 0.00102940
v -0.00092955 0.06412157 0.00074222
v -0.00072907 0.06410979 0.00090583
v -0.00113261 0.06412700 0.00060721
v -0.00032812 0.05635531 0.01166995
v -0.00052859 0.05635078 0.01166766
v -0.00072907 0.05634443 0.01166423
v -0.00092955 0.05620127 0.01171571
v -0.00088557 0.05591222 0.01184958
v -0.00092955 0.05560052 0.01198459
v -0.00092955 0.05548182 0.01203607
v -0.00092955 0.05538124 0.01207612
v -0.00092955 0.05520093 0.01214706
v -0.00112873 0.05520093 0.01213218
v -0.00120633 0.05489557 0.01224316
v -0.00119081 0.05487835 0.01225003
v -0.00018326 0.05635621 0.01166995
v -0.01284556 0.05487835 0.00308543
v -0.01281064 0.05487835 0.00318497
v -0.01263344 0.05510397 0.00344583
v -0.01265155 0.05515018 0.00334286
v -0.01261275 0.05524986 0.00334286
v -0.01247177 0.05540208 0.00353965
v -0.01241745 0.05546913 0.00360487
v -0.01244202 0.05552169 0.00347215
v -0.01260369 0.05540571 0.00315980
v -0.01246401 0.05556427 0.00334286
v -0.01258300 0.05559236 0.00294012
v -0.01254032 0.05580077 0.00274218
v -0.01249117 0.05601552 0.00255226
v -0.01252609 0.05620127 0.00214265
v -0.01239546 0.05643686 0.00214265
v -0.01243426 0.05630638 0.00225020
v -0.01221956 0.05647944 0.00260603
v -0.01226353 0.05655556 0.00234173
v -0.01241745 0.05647763 0.00199506
v -0.01239287 0.05663892 0.00174220
v -0.01222473 0.05668876 0.00221702
v -0.01224413 0.05672138 0.00208430
v -0.01226483 0.05675309 0.00194243
v -0.01224025 0.05691438 0.00167126
v -0.01221568 0.05707748 0.00138408
v -0.01216394 0.05718349 0.00132688
v -0.01205788 0.05734206 0.00134175
v -0.01188328 0.05760936 0.00133374
v -0.01161425 0.05807601 0.00118157
v -0.01148232 0.05820830 0.00133145
v -0.01143576 0.05830888 0.00125708
v -0.01125598 0.05853631 0.00134175
v -0.01145128 0.05833062 0.00114153
v -0.01138144 0.05843030 0.00114153
v -0.01157545 0.05822099 0.00094130
v -0.01164529 0.05812131 0.00094130
v -0.01183801 0.05791110 0.00068387
v -0.01197769 0.05772534 0.00060721
v -0.01201262 0.05767370 0.00060721
v -0.01159226 0.05824817 0.00074222
v -0.01166340 0.05814759 0.00074222
v -0.00018326 0.06402824 0.00154198
v -0.00032812 0.06406176 0.00134175
v -0.00052859 0.06408713 0.00114153
v -0.00092955 0.06410797 0.00087952
v -0.00072907 0.06409891 0.00100652
v -0.00114037 0.06411341 0.00075824
v -0.00132920 0.06411885 0.00060721
v -0.00032812 0.05645589 0.01162189
v -0.00018326 0.05642870 0.01163562
v -0.00052859 0.05645136 0.01161961
v -0.00072907 0.05644411 0.01161617
v -0.00092955 0.05632903 0.01165736
v -0.00113649 0.05621848 0.01168597
v -0.00112873 0.05588685 0.01183814
v -0.00101879 0.05589954 0.01184386
v -0.00112873 0.05560052 0.01196628
v -0.00112873 0.05546098 0.01202807
v -0.00112873 0.05536131 0.01206925
v -0.00132920 0.05520093 0.01211502
v -0.00132920 0.05500068 0.01219168
v -0.00133050 0.05487835 0.01223744
v -0.01275502 0.05487835 0.00333828
v -0.01263215 0.05490191 0.00364377
v -0.01260758 0.05503511 0.00357855
v -0.01257136 0.05518280 0.00352478
v -0.01244590 0.05533593 0.00367924
v -0.01239158 0.05540208 0.00374446
v -0.01225836 0.05555974 0.00390692
v -0.01222861 0.05569294 0.00383370
v -0.01220016 0.05580530 0.00375704
v -0.01221826 0.05587507 0.00360258
v -0.01243038 0.05569838 0.00323760
v -0.01245237 0.05574097 0.00310488
v -0.01242650 0.05609072 0.00262663
v -0.01244849 0.05613241 0.00249276
v -0.01224025 0.05591766 0.00346872
v -0.01220533 0.05665523 0.00234173
v -0.01241227 0.05626560 0.00238407
v -0.01216523 0.05638430 0.00292754
v -0.01217688 0.05659180 0.00254081
v -0.01200615 0.05665614 0.00294241
v -0.01204754 0.05672953 0.00269070
v -0.01207340 0.05676940 0.00254196
v -0.01202943 0.05689716 0.00243441
v -0.01220145 0.05685367 0.00194243
v -0.01206564 0.05715268 0.00174220
v -0.01203978 0.05731397 0.00146875
v -0.01196993 0.05738918 0.00153854
v -0.01199192 0.05744173 0.00134175
v -0.01157933 0.05779421 0.00195044
v -0.01164012 0.05791381 0.00146990
v -0.01165823 0.05794190 0.00134175
v -0.01144223 0.05811769 0.00167813
v -0.01123787 0.05851275 0.00146646
v -0.01105809 0.05874019 0.00154198
v -0.01098696 0.05884076 0.00154198
v -0.01108525 0.05877734 0.00134175
v -0.01128185 0.05856984 0.00114153
v -0.01147456 0.05836143 0.00094130
v -0.01174100 0.05806604 0.00060721
v -0.01184318 0.05791925 0.00060721
v -0.01188974 0.05785220 0.00060721
v -0.01140084 0.05846111 0.00094130
v -0.01128832 0.05861514 0.00092986
v -0.01141636 0.05848285 0.00074222
v -0.01142671 0.05849554 0.00060721
v -0.01156898 0.05830525 0.00060721
v -0.01160132 0.05826085 0.00060721
v -0.01167375 0.05816118 0.00060721
v -0.00018326 0.06398927 0.00174220
v -0.00032812 0.06402642 0.00154198
v -0.00052859 0.06405542 0.00134175
v -0.00072907 0.06407988 0.00114153
v -0.00108087 0.06410525 0.00085778
v -0.00132920 0.06410979 0.00070332
v -0.00121409 0.06410254 0.00083604
v -0.00140163 0.06411432 0.00060721
v -0.00146242 0.06410525 0.00066327
v -0.00032812 0.05660086 0.01154180
v -0.00052859 0.05660086 0.01153723
v -0.00018326 0.05645679 0.01162189
v -0.00018326 0.05660086 0.01154295
v -0.00072907 0.05660086 0.01153036
v -0.00092955 0.05660086 0.01151663
v -0.00092955 0.05642870 0.01160816
v -0.00120892 0.05629641 0.01164249
v -0.00152968 0.05560052 0.01192509
v -0.00132920 0.05560052 0.01194683
v -0.00132920 0.05543923 0.01201891
v -0.00132920 0.05533956 0.01206010
v -0.00152968 0.05531600 0.01205095
v -0.00152968 0.05520093 0.01209557
v -0.00152968 0.05500068 0.01217108
v -0.00152968 0.05487835 0.01221685
v -0.01268130 0.05487835 0.00353508
v -0.01264896 0.05487835 0.00362089
v -0.01263603 0.05487835 0.00365407
v -0.01259335 0.05487835 0.00376162
v -0.01257007 0.05498165 0.00372272
v -0.01247436 0.05520183 0.00374446
v -0.01241874 0.05526979 0.00381196
v -0.01222990 0.05549813 0.00404079
v -0.01221050 0.05561683 0.00396184
v -0.01213161 0.05580077 0.00394239
v -0.01203978 0.05571650 0.00425932
v -0.01206047 0.05579080 0.00412660
v -0.01205659 0.05594575 0.00394239
v -0.01209151 0.05601370 0.00375132
v -0.01217688 0.05599105 0.00353851
v -0.01224931 0.05613241 0.00309458
v -0.01212643 0.05620127 0.00334286
v -0.01205142 0.05633537 0.00334286
v -0.01180438 0.05665251 0.00354309
v -0.01182507 0.05668876 0.00342181
v -0.01197640 0.05659090 0.00313920
v -0.01202555 0.05669057 0.00282456
v -0.01184706 0.05672862 0.00328909
v -0.01190397 0.05682014 0.00296072
v -0.01198675 0.05679840 0.00275134
v -0.01183025 0.05689988 0.00303966
v -0.01165305 0.05713637 0.00314264
v -0.01187164 0.05700227 0.00272502
v -0.01201262 0.05686907 0.00254196
v -0.01198675 0.05699774 0.00235775
v -0.01204883 0.05692797 0.00230054
v -0.01181214 0.05707023 0.00277994
v -0.01183283 0.05710285 0.00264608
v -0.01209539 0.05701496 0.00194815
v -0.01207211 0.05696331 0.00214265
v -0.01184835 0.05712641 0.00254196
v -0.01199968 0.05725326 0.00174220
v -0.01202038 0.05728407 0.00160262
v -0.01178239 0.05722698 0.00254196
v -0.01163624 0.05730853 0.00285660
v -0.01165305 0.05733390 0.00274218
v -0.01180438 0.05745985 0.00194243
v -0.01128185 0.05780871 0.00293211
v -0.01147068 0.05796003 0.00194243
v -0.01142283 0.05808869 0.00181085
v -0.01120683 0.05826539 0.00214265
v -0.01121847 0.05848376 0.00159918
v -0.01103998 0.05871391 0.00167012
v -0.01085762 0.05894044 0.00174220
v -0.01088736 0.05898030 0.00154198
v -0.01082916 0.05909991 0.00143443
v -0.01101282 0.05887701 0.00134175
v -0.01102705 0.05889604 0.00121933
v -0.01122235 0.05869035 0.00098821
v -0.01116156 0.05878368 0.00092986
v -0.01123270 0.05870485 0.00085434
v -0.01124175 0.05871572 0.00074222
v -0.01125081 0.05872659 0.00060721
v -0.00018326 0.06394487 0.00194243
v -0.00032812 0.06398746 0.00174220
v -0.00032812 0.06394397 0.00194243
v -0.00052859 0.06401827 0.00154198
v -0.00072907 0.06404636 0.00134175
v -0.00114037 0.06409166 0.00093215
v -0.00092955 0.06406992 0.00114153
v -0.00132920 0.06409801 0.00080400
v -0.00152968 0.06406176 0.00094130
v -0.00132920 0.06407717 0.00094130
v -0.00132920 0.06404545 0.00114153
v -0.00112873 0.06405904 0.00114153
v -0.00149217 0.06410797 0.00060721
v -0.00159176 0.06410072 0.00060721
v -0.00152839 0.06409166 0.00073421
v -0.00032812 0.05683555 0.01140565
v -0.00052859 0.05683192 0.01140451
v -0.00018326 0.05673678 0.01146515
v -0.00078210 0.05709922 0.01124318
v -0.00072907 0.05672681 0.01145828
v -0.00092955 0.05699321 0.01129696
v -0.00092955 0.05681652 0.01139650
v -0.00092955 0.05671594 0.01145256
v -0.00105242 0.05670688 0.01144684
v -0.00112355 0.05661536 0.01148803
v -0.00113649 0.05638793 0.01160473
v -0.00132920 0.05640152 0.01157270
v -0.00132920 0.05628010 0.01163448
v -0.00152968 0.05583792 0.01181525
v -0.00168101 0.05571741 0.01185187
v -0.00171463 0.05538215 0.01200175
v -0.00152968 0.05541567 0.01200747
v -0.00163703 0.05530332 0.01204523
v -0.00171463 0.05521089 0.01207269
v -0.00172886 0.05500068 0.01215049
v -0.00192934 0.05500068 0.01212761
v -0.00172886 0.05487835 0.01219397
v -0.01255713 0.05487835 0.00385086
v -0.01244590 0.05513659 0.00387718
v -0.01239158 0.05520183 0.00394354
v -0.01221180 0.05541930 0.00415864
v -0.01214195 0.05560052 0.00414262
v -0.01203460 0.05590588 0.00404880
v -0.01183283 0.05590497 0.00444696
v -0.01186129 0.05595300 0.00434284
v -0.01180438 0.05605267 0.00434284
v -0.01183025 0.05609979 0.00424101
v -0.01200227 0.05585060 0.00418152
v -0.01206176 0.05558602 0.00433255
v -0.01203590 0.05550991 0.00445039
v -0.01200356 0.05564311 0.00439204
v -0.01183283 0.05570291 0.00464490
v -0.01160132 0.05581708 0.00495610
v -0.01162718 0.05589410 0.00483597
v -0.01164529 0.05672500 0.00387374
v -0.01185353 0.05634081 0.00389434
v -0.01202426 0.05608891 0.00382340
v -0.01198804 0.05619855 0.00375132
v -0.01206564 0.05619855 0.00352592
v -0.01196217 0.05638249 0.00352592
v -0.01187681 0.05640514 0.00373645
v -0.01166987 0.05676668 0.00374331
v -0.01170220 0.05682014 0.00356025
v -0.01181343 0.05686998 0.00314264
v -0.01162977 0.05689897 0.00363805
v -0.01173454 0.05700136 0.00314264
v -0.01139696 0.05744445 0.00334286
v -0.01141636 0.05727591 0.00359686
v -0.01136851 0.05738827 0.00353508
v -0.01161554 0.05727591 0.00299046
v -0.01141895 0.05748160 0.00319984
v -0.01124175 0.05771628 0.00327650
v -0.01163106 0.05750063 0.00244013
v -0.01119390 0.05784586 0.00314264
v -0.01118743 0.05819833 0.00236004
v -0.01102576 0.05849372 0.00222274
v -0.01106844 0.05855443 0.00194243
v -0.01117708 0.05839315 0.00194815
v -0.01099860 0.05865501 0.00194243
v -0.01096626 0.05878912 0.00173877
v -0.01078648 0.05904011 0.00174220
v -0.01081494 0.05908088 0.00154198
v -0.01084339 0.05911894 0.00130056
v -0.01070500 0.05921771 0.00154770
v -0.01064162 0.05931375 0.00148477
v -0.01077225 0.05919233 0.00135662
v -0.01097014 0.05898846 0.00114839
v -0.01103869 0.05891235 0.00108546
v -0.01105033 0.05892775 0.00094130
v -0.01116544 0.05881539 0.00074222
v -0.01114087 0.05886976 0.00060721
v -0.00018326 0.06384158 0.00239780
v -0.00032812 0.06388960 0.00218384
v -0.00032812 0.06372197 0.00292410
v -0.00052859 0.06397840 0.00174220
v -0.00052859 0.06393672 0.00194243
v -0.00052859 0.06390954 0.00207172
v -0.00072907 0.06369751 0.00301792
v -0.00052859 0.06380715 0.00254196
v -0.00072907 0.06362502 0.00334286
v -0.00072907 0.06400740 0.00154198
v -0.00092955 0.06403458 0.00134175
v -0.00172886 0.06407264 0.00074222
v -0.00172886 0.06404364 0.00094130
v -0.00152968 0.06402824 0.00114153
v -0.00132920 0.06400830 0.00134175
v -0.00152968 0.06399199 0.00134175
v -0.00112873 0.06402189 0.00134175
v -0.00192934 0.06406448 0.00060721
v -0.00032812 0.05720705 0.01118941
v -0.00052859 0.05737559 0.01108758
v -0.00064888 0.05710285 0.01124433
v -0.00018326 0.05738012 0.01108987
v -0.00072907 0.05747254 0.01102694
v -0.00092955 0.05736562 0.01108186
v -0.00092955 0.05720161 0.01117682
v -0.00092955 0.05709288 0.01123975
v -0.00112873 0.05735656 0.01107614
v -0.00112873 0.05720161 0.01116424
v -0.00112873 0.05697962 0.01128780
v -0.00112355 0.05678480 0.01139650
v -0.00132920 0.05667426 0.01142968
v -0.00132920 0.05657368 0.01148345
v -0.00152968 0.05640152 0.01154180
v -0.00152968 0.05624929 0.01161846
v -0.00152968 0.05614962 0.01166766
v -0.00181422 0.05569657 0.01184271
v -0.00152968 0.05600102 0.01173860
v -0.00174050 0.05561864 0.01188962
v -0.00192934 0.05540118 0.01196514
v -0.00177025 0.05528429 0.01203836
v -0.00192934 0.05516015 0.01206811
v -0.00212981 0.05500068 0.01210129
v -0.00191899 0.05487835 0.01217108
v -0.01251833 0.05487835 0.00394354
v -0.01247177 0.05499886 0.00394354
v -0.01241745 0.05506501 0.00400990
v -0.01222861 0.05529335 0.00423644
v -0.01213549 0.05540118 0.00434284
v -0.01182507 0.05629007 0.00402820
v -0.01160132 0.05601552 0.00475931
v -0.01162460 0.05628826 0.00442980
v -0.01162072 0.05648216 0.00422042
v -0.01206047 0.05540118 0.00449845
v -0.01182249 0.05508041 0.00522612
v -0.01164917 0.05493725 0.00567692
v -0.01161554 0.05507045 0.00561513
v -0.01100765 0.05605448 0.00580163
v -0.01104516 0.05612516 0.00566776
v -0.01143188 0.05710285 0.00384514
v -0.01161037 0.05686726 0.00374331
v -0.01181602 0.05647401 0.00379823
v -0.01157286 0.05679568 0.00394125
v -0.01123011 0.05730038 0.00404079
v -0.01133100 0.05720161 0.00394354
v -0.01145128 0.05713366 0.00374331
v -0.01126374 0.05755318 0.00354309
v -0.01120036 0.05765286 0.00354309
v -0.01121847 0.05747979 0.00380624
v -0.01124175 0.05751875 0.00367237
v -0.01122106 0.05768638 0.00340922
v -0.01116932 0.05779058 0.00334286
v -0.01108396 0.05800805 0.00313119
v -0.01103093 0.05830163 0.00264150
v -0.01081752 0.05888335 0.00199963
v -0.01068689 0.05917149 0.00174220
v -0.01079424 0.05885164 0.00214265
v -0.01063515 0.05910716 0.00205341
v -0.01065326 0.05913072 0.00194243
v -0.01062481 0.05929472 0.00161749
v -0.01085891 0.05913706 0.00114153
v -0.01077743 0.05923673 0.00114153
v -0.01065843 0.05933278 0.00134175
v -0.01042692 0.05949860 0.00162779
v -0.01046572 0.05953666 0.00134175
v -0.01056531 0.05943245 0.00134175
v -0.01097402 0.05902742 0.00094130
v -0.01106456 0.05894587 0.00074222
v -0.01098696 0.05904555 0.00074222
v -0.01107361 0.05895584 0.00060721
v -0.00018326 0.06379537 0.00259802
v -0.00052859 0.06372107 0.00292410
v -0.00032812 0.06367032 0.00314264
v -0.00018326 0.06368935 0.00304996
v -0.00018326 0.06375006 0.00279253
v -0.00018326 0.06376184 0.00274218
v -0.00072907 0.06357790 0.00354309
v -0.00072907 0.06396662 0.00174220
v -0.00067216 0.06390591 0.00205455
v -0.00072907 0.06384248 0.00234173
v -0.00092955 0.06369388 0.00299847
v -0.00092955 0.06366307 0.00314264
v -0.00072907 0.06375731 0.00274218
v -0.00092955 0.06357428 0.00354309
v -0.00092955 0.06399471 0.00154198
v -0.00092955 0.06391860 0.00191611
v -0.00192934 0.06404998 0.00074222
v -0.00192934 0.06402189 0.00094130
v -0.00172886 0.06401011 0.00114153
v -0.00152968 0.06395303 0.00154198
v -0.00133826 0.06392313 0.00175822
v -0.00112873 0.06398202 0.00154198
v -0.00172886 0.06397387 0.00134175
v -0.00172886 0.06393581 0.00154198
v -0.00212981 0.06403911 0.00060721
v -0.00032812 0.05774890 0.01087248
v -0.00018326 0.05796003 0.01075120
v -0.00052859 0.05747526 0.01102923
v -0.00052859 0.05774528 0.01087019
v -0.00052859 0.05784495 0.01081070
v -0.00052859 0.05800171 0.01071688
v -0.00072907 0.05783951 0.01080726
v -0.00092955 0.05783317 0.01080269
v -0.00112873 0.05772534 0.01085875
v -0.00112873 0.05745714 0.01101779
v -0.00132920 0.05744173 0.01100978
v -0.00132920 0.05734115 0.01106698
v -0.00132920 0.05720161 0.01114364
v -0.00132920 0.05705936 0.01122144
v -0.00152968 0.05720161 0.01111733
v -0.00163832 0.05730491 0.01104639
v -0.00152968 0.05693250 0.01126149
v -0.00152968 0.05664436 0.01141480
v -0.00192934 0.05647673 0.01143197
v -0.00174050 0.05641783 0.01149604
v -0.00212981 0.05634262 0.01146629
v -0.00192934 0.05620127 0.01157498
v -0.00169265 0.05612244 0.01165507
v -0.00192934 0.05567754 0.01183356
v -0.00192934 0.05557787 0.01188161
v -0.00212981 0.05540118 0.01193196
v -0.00212981 0.05522630 0.01201205
v -0.00192934 0.05526073 0.01202807
v -0.00212981 0.05512572 0.01205438
v -0.00223975 0.05510488 0.01204637
v -0.00231477 0.05500430 0.01207040
v -0.00232382 0.05487835 0.01211159
v -0.00212981 0.05487835 0.01214248
v -0.01248600 0.05487835 0.00401791
v -0.01244331 0.05493091 0.00406939
v -0.01238641 0.05499886 0.00413919
v -0.01225448 0.05516015 0.00429364
v -0.01220533 0.05521633 0.00435314
v -0.01210315 0.05521995 0.00456252
v -0.01147844 0.05679930 0.00413690
v -0.01144223 0.05692072 0.00406596
v -0.01141895 0.05627829 0.00481995
v -0.01124951 0.05633175 0.00507624
v -0.01145516 0.05634172 0.00468609
v -0.01149397 0.05640514 0.00454650
v -0.01145258 0.05653744 0.00448128
v -0.01124175 0.05691891 0.00446183
v -0.01141378 0.05667063 0.00440920
v -0.01126892 0.05699230 0.00433026
v -0.01123787 0.05711281 0.00425589
v -0.01159356 0.05640967 0.00435428
v -0.01205918 0.05516649 0.00469753
v -0.01203072 0.05529969 0.00464261
v -0.01180567 0.05487835 0.00542749
v -0.01165952 0.05487835 0.00570438
v -0.01160778 0.05487835 0.00580048
v -0.01157804 0.05500249 0.00574328
v -0.01083692 0.05611156 0.00605334
v -0.01073345 0.05620580 0.00614830
v -0.01062998 0.05630003 0.00624212
v -0.01083692 0.05631181 0.00585540
v -0.01125857 0.05734659 0.00390692
v -0.01119649 0.05740821 0.00396184
v -0.01136592 0.05699321 0.00413690
v -0.01126503 0.05715903 0.00414262
v -0.01120554 0.05725870 0.00414262
v -0.01110465 0.05741092 0.00414948
v -0.01105421 0.05753506 0.00408770
v -0.01117062 0.05759215 0.00374102
v -0.01106456 0.05774800 0.00374331
v -0.01109172 0.05781052 0.00353965
v -0.01104128 0.05771538 0.00386230
v -0.01104128 0.05791472 0.00346986
v -0.01106197 0.05794372 0.00334286
v -0.01103610 0.05810863 0.00305797
v -0.01084468 0.05872025 0.00228224
v -0.01057307 0.05923130 0.00194243
v -0.01060541 0.05927207 0.00174220
v -0.01082270 0.05869035 0.00241610
v -0.01040234 0.05926664 0.00234173
v -0.01042433 0.05929291 0.00222160
v -0.01077613 0.05859702 0.00275477
v -0.01066619 0.05874653 0.00274218
v -0.01063903 0.05891144 0.00246301
v -0.01061446 0.05888063 0.00259688
v -0.01045149 0.05892775 0.00294241
v -0.01040881 0.05907454 0.00274218
v -0.01030017 0.05921227 0.00274104
v -0.01025102 0.05952306 0.00214265
v -0.01038165 0.05944876 0.00194243
v -0.01028206 0.05955478 0.00194243
v -0.01041140 0.05948138 0.00174220
v -0.01087314 0.05915518 0.00094130
v -0.01067784 0.05935453 0.00114153
v -0.01079165 0.05925486 0.00094130
v -0.01058730 0.05945511 0.00114153
v -0.01022903 0.05969975 0.00163465
v -0.01036613 0.05963633 0.00134175
v -0.01038812 0.05965898 0.00114153
v -0.01048641 0.05955931 0.00114153
v -0.01096109 0.05909719 0.00060721
v -0.01099472 0.05905551 0.00060721
v -0.01102058 0.05902289 0.00060721
v -0.01080459 0.05927026 0.00074222
v -0.00032812 0.06362049 0.00334286
v -0.00018326 0.06365220 0.00319755
v -0.00093213 0.06352263 0.00376162
v -0.00086746 0.06350360 0.00384514
v -0.00080150 0.06350360 0.00384514
v -0.00052859 0.06357428 0.00354309
v -0.00092955 0.06383070 0.00234173
v -0.00092955 0.06374734 0.00274218
v -0.00125419 0.06370475 0.00285088
v -0.00112873 0.06365130 0.00314264
v -0.00112873 0.06356431 0.00354309
v -0.00112873 0.06352263 0.00372844
v -0.00100068 0.06350269 0.00384056
v -0.00112873 0.06389141 0.00198476
v -0.00212981 0.06402461 0.00074222
v -0.00212981 0.06399652 0.00094130
v -0.00212981 0.06396390 0.00114153
v -0.00192934 0.06398837 0.00114153
v -0.00192934 0.06379990 0.00214265
v -0.00152968 0.06389776 0.00181428
v -0.00127747 0.06390682 0.00185890
v -0.00152968 0.06371563 0.00270328
v -0.00138741 0.06370023 0.00282800
v -0.00192934 0.06395212 0.00134175
v -0.00191770 0.06391588 0.00154312
v -0.00184268 0.06390410 0.00164953
v -0.00232899 0.06401283 0.00060721
v -0.00018326 0.05808869 0.01067454
v -0.00032812 0.05811769 0.01065395
v -0.00052859 0.05811225 0.01065051
v -0.00072907 0.05810591 0.01064708
v -0.00083771 0.05810228 0.01064479
v -0.00112873 0.05782502 0.01079811
v -0.00132920 0.05771266 0.01085074
v -0.00132920 0.05760121 0.01091710
v -0.00097093 0.05809685 0.01064136
v -0.00143526 0.05770360 0.01084502
v -0.00152968 0.05731850 0.01105325
v -0.00156977 0.05768729 0.01083587
v -0.00172886 0.05766463 0.01082328
v -0.00192934 0.05763292 0.01080497
v -0.00192934 0.05753325 0.01086218
v -0.00192934 0.05740186 0.01093655
v -0.00192934 0.05725598 0.01101893
v -0.00231477 0.05718349 0.01098689
v -0.00272995 0.05692163 0.01105554
v -0.00231477 0.05700952 0.01108300
v -0.00192934 0.05700136 0.01115623
v -0.00172886 0.05698777 0.01119856
v -0.00166161 0.05691257 0.01125005
v -0.00252947 0.05656643 0.01127865
v -0.00212981 0.05620127 0.01153952
v -0.00252947 0.05640152 0.01136446
v -0.00292525 0.05641330 0.01128780
v -0.00241048 0.05629460 0.01144112
v -0.00212981 0.05594847 0.01166766
v -0.00252947 0.05600102 0.01157155
v -0.00234452 0.05599286 0.01160816
v -0.00212981 0.05580077 0.01173974
v -0.00212981 0.05564311 0.01181640
v -0.00212981 0.05554344 0.01186445
v -0.00227079 0.05551716 0.01185187
v -0.00233417 0.05541477 0.01188734
v -0.00285670 0.05571288 0.01165050
v -0.00252947 0.05503601 0.01201662
v -0.00264329 0.05490916 0.01204866
v -0.00252947 0.05493634 0.01205896
v -0.00252947 0.05487835 0.01207726
v -0.01243167 0.05487835 0.00413919
v -0.01240839 0.05487835 0.00419067
v -0.01233984 0.05487835 0.00434056
v -0.01224931 0.05494722 0.00448014
v -0.01222344 0.05508041 0.00442637
v -0.01219498 0.05500883 0.00454536
v -0.01086279 0.05638793 0.00572726
v -0.01100506 0.05645498 0.00539431
v -0.01106456 0.05678843 0.00492865
v -0.01116932 0.05659724 0.00494009
v -0.01127926 0.05659724 0.00473757
v -0.01103610 0.05690894 0.00485199
v -0.01120295 0.05705211 0.00438861
v -0.01106068 0.05714906 0.00454307
v -0.01113311 0.05720433 0.00434628
v -0.01106456 0.05735112 0.00430280
v -0.01205271 0.05495265 0.00488402
v -0.01202555 0.05508585 0.00483139
v -0.01186517 0.05487835 0.00531193
v -0.01146680 0.05487835 0.00601902
v -0.01143447 0.05490735 0.00604876
v -0.01140472 0.05504145 0.00599842
v -0.01103093 0.05549994 0.00624327
v -0.01083175 0.05590135 0.00624441
v -0.01079812 0.05603545 0.00618721
v -0.01085891 0.05598109 0.00613000
v -0.01048771 0.05659724 0.00613686
v -0.01058989 0.05661174 0.00595838
v -0.01062481 0.05649304 0.00603389
v -0.01066490 0.05655193 0.00590117
v -0.01083175 0.05670235 0.00544465
v -0.01085762 0.05658546 0.00552475
v -0.01079812 0.05644501 0.00578332
v -0.01066490 0.05616684 0.00629247
v -0.01061705 0.05607532 0.00642519
v -0.01058989 0.05622030 0.00635311
v -0.01039200 0.05623570 0.00659338
v -0.01025878 0.05634353 0.00667804
v -0.01032991 0.05639880 0.00654075
v -0.01026654 0.05655193 0.00648812
v -0.01021997 0.05668513 0.00642862
v -0.01026912 0.05675400 0.00629590
v -0.01022127 0.05688810 0.00622839
v -0.01033379 0.05680474 0.00614716
v -0.01108267 0.05760121 0.00393438
v -0.01101929 0.05748432 0.00422042
v -0.01083951 0.05771266 0.00425818
v -0.01100765 0.05766826 0.00399617
v -0.01098954 0.05784767 0.00374331
v -0.01101670 0.05788391 0.00360373
v -0.01086926 0.05775253 0.00414262
v -0.01082270 0.05789116 0.00402706
v -0.01077484 0.05800080 0.00395383
v -0.01085632 0.05793375 0.00389434
v -0.01080459 0.05806785 0.00377764
v -0.01085374 0.05833153 0.00310602
v -0.01082657 0.05849554 0.00282914
v -0.01101412 0.05807873 0.00319069
v -0.01044761 0.05932100 0.00208773
v -0.01023291 0.05950494 0.00225020
v -0.01021739 0.05928566 0.00280626
v -0.01024196 0.05931556 0.00267239
v -0.01018376 0.05944514 0.00254196
v -0.01061834 0.05868491 0.00300648
v -0.01037260 0.05902742 0.00294241
v -0.01048124 0.05880361 0.00312433
v -0.01024584 0.05912166 0.00308200
v -0.01019281 0.05925395 0.00294241
v -0.00999234 0.05965989 0.00254196
v -0.01001562 0.05968616 0.00239436
v -0.01015531 0.05962274 0.00214265
v -0.01018505 0.05965445 0.00194243
v -0.01021351 0.05968435 0.00174220
v -0.01069206 0.05937174 0.00094130
v -0.01060282 0.05947232 0.00094130
v -0.01040752 0.05967801 0.00094130
v -0.01050323 0.05957834 0.00094130
v -0.01011392 0.05978221 0.00174220
v -0.00991085 0.05997884 0.00174220
v -0.01002726 0.05989729 0.00162550
v -0.01016307 0.05983567 0.00134175
v -0.01024584 0.05971607 0.00150079
v -0.01026524 0.05973600 0.00134175
v -0.01028852 0.05975865 0.00114153
v -0.01030793 0.05977859 0.00094130
v -0.01089383 0.05917874 0.00060721
v -0.01061705 0.05948682 0.00074222
v -0.01063386 0.05948501 0.00060721
v -0.01077872 0.05931738 0.00060721
v -0.01083822 0.05924579 0.00060721
v -0.00066828 0.06350179 0.00383942
v -0.00052859 0.06349997 0.00383141
v -0.00018326 0.06361505 0.00334286
v -0.00093213 0.06347007 0.00392409
v -0.00072907 0.06337765 0.00414262
v -0.00073295 0.06347007 0.00392409
v -0.00132403 0.06368391 0.00292754
v -0.00132920 0.06363861 0.00314264
v -0.00132920 0.06359512 0.00334286
v -0.00132920 0.06355072 0.00354309
v -0.00112873 0.06349907 0.00382798
v -0.00132920 0.06351538 0.00369526
v -0.00112873 0.06345286 0.00394239
v -0.00092955 0.06337674 0.00414262
v -0.00232899 0.06399833 0.00074222
v -0.00252947 0.06397024 0.00074222
v -0.00232899 0.06396753 0.00094130
v -0.00234840 0.06392856 0.00116098
v -0.00229407 0.06391316 0.00129942
v -0.00221518 0.06390138 0.00143214
v -0.00208196 0.06390954 0.00147676
v -0.00192934 0.06383886 0.00194243
v -0.00212981 0.06369298 0.00259001
v -0.00212981 0.06366217 0.00274218
v -0.00212981 0.06362139 0.00294241
v -0.00192934 0.06363680 0.00294241
v -0.00172886 0.06360961 0.00314264
v -0.00152968 0.06362411 0.00314264
v -0.00212981 0.06377996 0.00214265
v -0.00252947 0.06398565 0.00060721
v -0.00018326 0.05812041 0.01065509
v -0.00032812 0.05821736 0.01058988
v -0.00018326 0.05822008 0.01059216
v -0.00052859 0.05821192 0.01058530
v -0.00091402 0.05818202 0.01058759
v -0.00072907 0.05820558 0.01058072
v -0.00112873 0.05798902 0.01069742
v -0.00132920 0.05781233 0.01079010
v -0.00112873 0.05808960 0.01063564
v -0.00152968 0.05795459 0.01067797
v -0.00151286 0.05778243 0.01078667
v -0.00132920 0.05797452 0.01068942
v -0.00172886 0.05793284 0.01066424
v -0.00172886 0.05780146 0.01074319
v -0.00186984 0.05791381 0.01065280
v -0.00193451 0.05781686 0.01069742
v -0.00212981 0.05777246 0.01068598
v -0.00212723 0.05758762 0.01079353
v -0.00252947 0.05720161 0.01093541
v -0.00252947 0.05680111 0.01115508
v -0.00283600 0.05690350 0.01104524
v -0.00291361 0.05680836 0.01108186
v -0.00298992 0.05648760 0.01123746
v -0.00252947 0.05617409 0.01148231
v -0.00286834 0.05611519 0.01145142
v -0.00272995 0.05613965 0.01146400
v -0.00228761 0.05592128 0.01165393
v -0.00272995 0.05600102 0.01153494
v -0.00252947 0.05587779 0.01163333
v -0.00242083 0.05589772 0.01164249
v -0.00234452 0.05581889 0.01169398
v -0.00252947 0.05577812 0.01168139
v -0.00272995 0.05583973 0.01161503
v -0.00292525 0.05578808 0.01160130
v -0.00298992 0.05568116 0.01163562
v -0.00272865 0.05487835 0.01203722
v -0.00266398 0.05487835 0.01205324
v -0.00312960 0.05564311 0.01161961
v -0.00324472 0.05550991 0.01164821
v -0.00337794 0.05546460 0.01162990
v -0.00353573 0.05539936 0.01161274
v -0.01221568 0.05487835 0.00460714
v -0.01083434 0.05650753 0.00565060
v -0.01103222 0.05710375 0.00464604
v -0.01105939 0.05698596 0.00472499
v -0.01102705 0.05729585 0.00443666
v -0.01084856 0.05752781 0.00447442
v -0.01206564 0.05487835 0.00491606
v -0.01201779 0.05487835 0.00501331
v -0.01132324 0.05487835 0.00623068
v -0.01125598 0.05495809 0.00627988
v -0.01122753 0.05509129 0.00623755
v -0.01106327 0.05536674 0.00628789
v -0.01081881 0.05567482 0.00642633
v -0.01078777 0.05580077 0.00638057
v -0.01072569 0.05598833 0.00633480
v -0.01047865 0.05679386 0.00593206
v -0.01021739 0.05708201 0.00602245
v -0.01026007 0.05714272 0.00588858
v -0.01061446 0.05687723 0.00561628
v -0.01061963 0.05668513 0.00582566
v -0.01065455 0.05693612 0.00548241
v -0.01072440 0.05679024 0.00553047
v -0.01079424 0.05701314 0.00515976
v -0.01086538 0.05695425 0.00510370
v -0.01065197 0.05594212 0.00647210
v -0.01060152 0.05584698 0.00660482
v -0.01045925 0.05600102 0.00667804
v -0.01043080 0.05610160 0.00664372
v -0.01063774 0.05571378 0.00665173
v -0.01020445 0.05625835 0.00681191
v -0.01002726 0.05649575 0.00683822
v -0.01021351 0.05647673 0.00662084
v -0.01017600 0.05661174 0.00654990
v -0.01003373 0.05670507 0.00664601
v -0.01006994 0.05678390 0.00652702
v -0.01003631 0.05690894 0.00645150
v -0.01007253 0.05698596 0.00632908
v -0.01006347 0.05738555 0.00592405
v -0.01003761 0.05711100 0.00625242
v -0.00985007 0.05772806 0.00587142
v -0.01080329 0.05766101 0.00439204
v -0.01062093 0.05788754 0.00442293
v -0.01083175 0.05810228 0.00364491
v -0.01085115 0.05812766 0.00354309
v -0.01081105 0.05827535 0.00334286
v -0.01065585 0.05793284 0.00428907
v -0.01068560 0.05800080 0.00413003
v -0.01063774 0.05810953 0.00405566
v -0.01066619 0.05814578 0.00394239
v -0.01061705 0.05828532 0.00381196
v -0.01064550 0.05832066 0.00367809
v -0.01021092 0.05947866 0.00238292
v -0.01008288 0.05956021 0.00254196
v -0.01002985 0.05950041 0.00283944
v -0.01005442 0.05952850 0.00270557
v -0.01064550 0.05852000 0.00327993
v -0.01059247 0.05865320 0.00314264
v -0.01021997 0.05908904 0.00321586
v -0.01016307 0.05919415 0.00314607
v -0.01005442 0.05933006 0.00314264
v -0.01001045 0.05947685 0.00294241
v -0.00983713 0.05970882 0.00286232
v -0.00985783 0.05972966 0.00274218
v -0.01003631 0.05970700 0.00226164
v -0.00979186 0.05986285 0.00254196
v -0.01005442 0.05972513 0.00214265
v -0.01008417 0.05975412 0.00194243
v -0.01042174 0.05969160 0.00078112
v -0.01043209 0.05970247 0.00064725
v -0.01022256 0.05989276 0.00079485
v -0.01023420 0.05990544 0.00066098
v -0.01023938 0.05990997 0.00060721
v -0.00998199 0.05985379 0.00194243
v -0.00988240 0.05995075 0.00194243
v -0.00977893 0.06005132 0.00194243
v -0.00957587 0.06024795 0.00194243
v -0.00950344 0.06037209 0.00174220
v -0.00962243 0.06029326 0.00160719
v -0.01008675 0.05995528 0.00114153
v -0.01018635 0.05985832 0.00114153
v -0.00985912 0.06012925 0.00134175
v -0.01010745 0.05997612 0.00094130
v -0.01002079 0.06009119 0.00079142
v -0.01043468 0.05970519 0.00060721
v -0.00052859 0.06345648 0.00394239
v -0.00032812 0.06344742 0.00394239
v -0.00032812 0.06349454 0.00381425
v -0.00018326 0.06351175 0.00372729
v -0.00032812 0.06352263 0.00371471
v -0.00018326 0.06356250 0.00354309
v -0.00072907 0.06331875 0.00427877
v -0.00052859 0.06331694 0.00427419
v -0.00052859 0.06337312 0.00414262
v -0.00152968 0.06358062 0.00334286
v -0.00152968 0.06353531 0.00354309
v -0.00163186 0.06350269 0.00364377
v -0.00132920 0.06348910 0.00379480
v -0.00132920 0.06343111 0.00394239
v -0.00112873 0.06336587 0.00414262
v -0.00125289 0.06330607 0.00425017
v -0.00092955 0.06331785 0.00427534
v -0.00268209 0.06391225 0.00094130
v -0.00252947 0.06393763 0.00094130
v -0.00273512 0.06395212 0.00060721
v -0.00274935 0.06393038 0.00076167
v -0.00252947 0.06383524 0.00154198
v -0.00262259 0.06370204 0.00223647
v -0.00234840 0.06389504 0.00135662
v -0.00254499 0.06369207 0.00234745
v -0.00252947 0.06365854 0.00254196
v -0.00232899 0.06379355 0.00194243
v -0.00232641 0.06371925 0.00234745
v -0.00225656 0.06370566 0.00245958
v -0.00232899 0.06364314 0.00274218
v -0.00232899 0.06360146 0.00294241
v -0.00232899 0.06355887 0.00314264
v -0.00212981 0.06357790 0.00314264
v -0.00192934 0.06359421 0.00314264
v -0.00052859 0.05835962 0.01048576
v -0.00018326 0.05832881 0.01052008
v -0.00072907 0.05835237 0.01048118
v -0.00092955 0.05834512 0.01047546
v -0.00112873 0.05820196 0.01055898
v -0.00132920 0.05807420 0.01062649
v -0.00152968 0.05805426 0.01061276
v -0.00172886 0.05803251 0.01059560
v -0.00200435 0.05789297 0.01063907
v -0.00172886 0.05817296 0.01049606
v -0.00192934 0.05814578 0.01047660
v -0.00212981 0.05811769 0.01045601
v -0.00223458 0.05810319 0.01044457
v -0.00236780 0.05808326 0.01043084
v -0.00246997 0.05771538 0.01065280
v -0.00252947 0.05743177 0.01080383
v -0.00292913 0.05716265 0.01087934
v -0.00296922 0.05687994 0.01103266
v -0.00312960 0.05675037 0.01107156
v -0.00312960 0.05660086 0.01115165
v -0.00312960 0.05636165 0.01127522
v -0.00293301 0.05618949 0.01140107
v -0.00300156 0.05608982 0.01143883
v -0.00293301 0.05601461 0.01149032
v -0.00312960 0.05596206 0.01147430
v -0.00312960 0.05580077 0.01154981
v -0.00331197 0.05487835 0.01187475
v -0.00353573 0.05521089 0.01168597
v -0.00328352 0.05493997 0.01185988
v -0.00327705 0.05592672 0.01145714
v -0.00333784 0.05581436 0.01149146
v -0.00331844 0.05558693 0.01159558
v -0.00352926 0.05560052 0.01153151
v -0.00372974 0.05540118 0.01155782
v -0.00372974 0.05513931 0.01165965
v -0.01092487 0.05719165 0.00473185
v -0.01085503 0.05733753 0.00468494
v -0.01080976 0.05747073 0.00460714
v -0.01067008 0.05755771 0.00474329
v -0.01062998 0.05770088 0.00464261
v -0.01118226 0.05487835 0.00643205
v -0.01118484 0.05501517 0.00634510
v -0.01109689 0.05520002 0.00635082
v -0.01101541 0.05526616 0.00642175
v -0.01099342 0.05542020 0.00635082
v -0.01068042 0.05578899 0.00653960
v -0.01085115 0.05554162 0.00646981
v -0.01039329 0.05704758 0.00578218
v -0.01003114 0.05750244 0.00584396
v -0.01021221 0.05727591 0.00581421
v -0.01053944 0.05721249 0.00535656
v -0.01060282 0.05726142 0.00519752
v -0.01068430 0.05719708 0.00513574
v -0.01081623 0.05727954 0.00481766
v -0.01041528 0.05587235 0.00682335
v -0.01037906 0.05600102 0.00677873
v -0.01024455 0.05612425 0.00685882
v -0.01043338 0.05550628 0.00704646
v -0.01045149 0.05573915 0.00686912
v -0.01085762 0.05520093 0.00667804
v -0.01078389 0.05520093 0.00677758
v -0.01065067 0.05534228 0.00686797
v -0.01047995 0.05500068 0.00730847
v -0.01024584 0.05493091 0.00766201
v -0.01021092 0.05506410 0.00761853
v -0.01019540 0.05600102 0.00700184
v -0.01001303 0.05627104 0.00702243
v -0.00983713 0.05651116 0.00705103
v -0.00998975 0.05660086 0.00679246
v -0.00960303 0.05665795 0.00721007
v -0.00965864 0.05673950 0.00707621
v -0.00984618 0.05672319 0.00686225
v -0.00972849 0.05679840 0.00694005
v -0.00979704 0.05685639 0.00680161
v -0.00998458 0.05683826 0.00658308
v -0.00973237 0.05700318 0.00674440
v -0.00991861 0.05698505 0.00652702
v -0.00998587 0.05704304 0.00638629
v -0.00980092 0.05786217 0.00579820
v -0.00984489 0.05792106 0.00566547
v -0.00985394 0.05733119 0.00627302
v -0.00966899 0.05775162 0.00609338
v -0.00966770 0.05795097 0.00589316
v -0.00961725 0.05808416 0.00582451
v -0.00966382 0.05814578 0.00569179
v -0.01067008 0.05775434 0.00450874
v -0.01043468 0.05810591 0.00444925
v -0.01044891 0.05792559 0.00467236
v -0.01022644 0.05809594 0.00483597
v -0.01026524 0.05814397 0.00470210
v -0.01059376 0.05845476 0.00354309
v -0.01067266 0.05835509 0.00354309
v -0.01061963 0.05848738 0.00341265
v -0.01060282 0.05806604 0.00418953
v -0.01052651 0.05819561 0.00413346
v -0.01058471 0.05824545 0.00394239
v -0.01042821 0.05849916 0.00383713
v -0.01021868 0.05888698 0.00361288
v -0.01048253 0.05860336 0.00352592
v -0.01024714 0.05892141 0.00348016
v -0.00987205 0.05955115 0.00314264
v -0.00981385 0.05968254 0.00299504
v -0.01045408 0.05873112 0.00334286
v -0.01003373 0.05930560 0.00324790
v -0.01043338 0.05870485 0.00344812
v -0.00984618 0.05951944 0.00327993
v -0.00972590 0.05979580 0.00292639
v -0.00975823 0.05982933 0.00274218
v -0.00981514 0.05988641 0.00238979
v -0.00969098 0.05996071 0.00254196
v -0.00985265 0.05992266 0.00214265
v -0.01039976 0.05974325 0.00060721
v -0.00999492 0.06015281 0.00060721
v -0.01003890 0.06010932 0.00060721
v -0.00964959 0.06011928 0.00214265
v -0.00952284 0.06023617 0.00216210
v -0.00945041 0.06032135 0.00210833
v -0.00927192 0.06054062 0.00194243
v -0.00930037 0.06056781 0.00174220
v -0.00963924 0.06030957 0.00147333
v -0.00941937 0.06049079 0.00159690
v -0.00943618 0.06050710 0.00146417
v -0.00998328 0.06005495 0.00114153
v -0.00990439 0.06017274 0.00094130
v -0.00975565 0.06022892 0.00134175
v -0.00992637 0.06019721 0.00071934
v -0.00032812 0.06336587 0.00414262
v -0.00018326 0.06335862 0.00414262
v -0.00018326 0.06343836 0.00394239
v -0.00018326 0.06348910 0.00379937
v -0.00018326 0.06354981 0.00359000
v -0.00072907 0.06308498 0.00480393
v -0.00052859 0.06308407 0.00480165
v -0.00052859 0.06319915 0.00454307
v -0.00032812 0.06319462 0.00454307
v -0.00032812 0.06327073 0.00436687
v -0.00032812 0.06331332 0.00426733
v -0.00172886 0.06356521 0.00334286
v -0.00192934 0.06354891 0.00334286
v -0.00171075 0.06351900 0.00354766
v -0.00221259 0.06350088 0.00343668
v -0.00176508 0.06349635 0.00361746
v -0.00192934 0.06342477 0.00374331
v -0.00132403 0.06333869 0.00415520
v -0.00152968 0.06340121 0.00394239
v -0.00152968 0.06333053 0.00410600
v -0.00112873 0.06326620 0.00436344
v -0.00092955 0.06327254 0.00437602
v -0.00132920 0.06306323 0.00475817
v -0.00138611 0.06329701 0.00422957
v -0.00132403 0.06326167 0.00432683
v -0.00156589 0.06309404 0.00462430
v -0.00143267 0.06310310 0.00464375
v -0.00271184 0.06387692 0.00112322
v -0.00263294 0.06390319 0.00104542
v -0.00278168 0.06389504 0.00094130
v -0.00278944 0.06394216 0.00060721
v -0.00287869 0.06391316 0.00070789
v -0.00282954 0.06390319 0.00084176
v -0.00272995 0.06380262 0.00154198
v -0.00274676 0.06369479 0.00215867
v -0.00272995 0.06366579 0.00234173
v -0.00272995 0.06363045 0.00254196
v -0.00252947 0.06361868 0.00274218
v -0.00232641 0.06368391 0.00253281
v -0.00252947 0.06357790 0.00294241
v -0.00254628 0.06352897 0.00316094
v -0.00249067 0.06351085 0.00327421
v -0.00232899 0.06351991 0.00331197
v -0.00213887 0.06352625 0.00335888
v -0.00032812 0.05836596 0.01048919
v -0.00018326 0.05844208 0.01044114
v -0.00032812 0.05846564 0.01041825
v -0.00072907 0.05845295 0.01040796
v -0.00072907 0.05892503 0.01006128
v -0.00092955 0.05891506 0.01005327
v -0.00112873 0.05833334 0.01046745
v -0.00132920 0.05820196 0.01053724
v -0.00151933 0.05821555 0.01050063
v -0.00212981 0.05787213 0.01062534
v -0.00231218 0.05801077 0.01049262
v -0.00252947 0.05795731 0.01048233
v -0.00272995 0.05780146 0.01054068
v -0.00144690 0.05830616 0.01044686
v -0.00158012 0.05829076 0.01043542
v -0.00167713 0.05851456 0.01025350
v -0.00192934 0.05824636 0.01040223
v -0.00212981 0.05835328 0.01028210
v -0.00231218 0.05818293 0.01037020
v -0.00272995 0.05816843 0.01029240
v -0.00252947 0.05805789 0.01041368
v -0.00307658 0.05811678 0.01025464
v -0.00253335 0.05778968 0.01059102
v -0.00260319 0.05769272 0.01063793
v -0.00305976 0.05751241 0.01065051
v -0.00292913 0.05753506 0.01066424
v -0.00292913 0.05740186 0.01074205
v -0.00312960 0.05712731 0.01085875
v -0.00312960 0.05700136 0.01093083
v -0.00312960 0.05685095 0.01101550
v -0.00327964 0.05672138 0.01105554
v -0.00334043 0.05661717 0.01109902
v -0.00334819 0.05639790 0.01121115
v -0.00329386 0.05632903 0.01125806
v -0.00312960 0.05620127 0.01135645
v -0.00312960 0.05606264 0.01142510
v -0.00342708 0.05630003 0.01124318
v -0.00342579 0.05487835 0.01184271
v -0.00383192 0.05510216 0.01164478
v -0.00352926 0.05627376 0.01123174
v -0.00352926 0.05617318 0.01127865
v -0.00368059 0.05613241 0.01125806
v -0.00341027 0.05588957 0.01143883
v -0.00352926 0.05585151 0.01142281
v -0.00374008 0.05601461 0.01129352
v -0.00393021 0.05620127 0.01115966
v -0.00393021 0.05605267 0.01122373
v -0.00378147 0.05566848 0.01143082
v -0.00387977 0.05553528 0.01145942
v -0.00393927 0.05541386 0.01149146
v -0.00391081 0.05518190 0.01159215
v -0.01067396 0.05739190 0.00492979
v -0.01077355 0.05740277 0.00474787
v -0.01063774 0.05751060 0.00485313
v -0.01060023 0.05765739 0.00474329
v -0.01049676 0.05780327 0.00474101
v -0.01107620 0.05500068 0.00650413
v -0.01102964 0.05487835 0.00664029
v -0.01102705 0.05489104 0.00663685
v -0.01104645 0.05513297 0.00646294
v -0.01025360 0.05733390 0.00568149
v -0.01006347 0.05754684 0.00574328
v -0.01046960 0.05735565 0.00530621
v -0.01034026 0.05581708 0.00695378
v -0.01026524 0.05576090 0.00708421
v -0.01039846 0.05563948 0.00700184
v -0.01024714 0.05553075 0.00726270
v -0.01081494 0.05506410 0.00682106
v -0.01063127 0.05510216 0.00704417
v -0.01042950 0.05489647 0.00744004
v -0.01025748 0.05487835 0.00767688
v -0.01011780 0.05487835 0.00783706
v -0.01005571 0.05494450 0.00786910
v -0.01013332 0.05500430 0.00774553
v -0.01043338 0.05487835 0.00744576
v -0.01007253 0.05520093 0.00768947
v -0.01018247 0.05521905 0.00754874
v -0.01020833 0.05566395 0.00721694
v -0.01013332 0.05560414 0.00734508
v -0.00999881 0.05544829 0.00760709
v -0.00999492 0.05604179 0.00720206
v -0.00986170 0.05615053 0.00727758
v -0.00968451 0.05640152 0.00730275
v -0.00987205 0.05640152 0.00708994
v -0.00964571 0.05652475 0.00725927
v -0.00952801 0.05659814 0.00734050
v -0.00941161 0.05667063 0.00742059
v -0.00946981 0.05675490 0.00728673
v -0.00942066 0.05688810 0.00723181
v -0.00966382 0.05694519 0.00688399
v -0.00923829 0.05711100 0.00725126
v -0.00942583 0.05709560 0.00703730
v -0.00954870 0.05742542 0.00656592
v -0.00946463 0.05778243 0.00632565
v -0.00973495 0.05740730 0.00634967
v -0.00979962 0.05706117 0.00660367
v -0.00942842 0.05729766 0.00683937
v -0.00979704 0.05805426 0.00558882
v -0.01006735 0.05775162 0.00550186
v -0.01013720 0.05760936 0.00555335
v -0.01002597 0.05769454 0.00563458
v -0.00966899 0.05755137 0.00629247
v -0.00938186 0.05803795 0.00618034
v -0.00943359 0.05810500 0.00604762
v -0.00946593 0.05818383 0.00592520
v -0.00943230 0.05830525 0.00584625
v -0.00957328 0.05820830 0.00575243
v -0.00946981 0.05835147 0.00574328
v -0.00942842 0.05849916 0.00563916
v -0.00961337 0.05827898 0.00561628
v -0.01004149 0.05831522 0.00486228
v -0.01021092 0.05827716 0.00460485
v -0.01040881 0.05787032 0.00480622
v -0.01019411 0.05805154 0.00494352
v -0.01005313 0.05813128 0.00507967
v -0.00982937 0.05830072 0.00524100
v -0.01000268 0.05826539 0.00499501
v -0.01033767 0.05840946 0.00415520
v -0.01048512 0.05836596 0.00394239
v -0.01023938 0.05871210 0.00385887
v -0.01002855 0.05909991 0.00363919
v -0.00981902 0.05948773 0.00341380
v -0.01000657 0.05927117 0.00338176
v -0.00978540 0.05965082 0.00314264
v -0.00968580 0.05975412 0.00314264
v -0.00961079 0.05988279 0.00299161
v -0.00963666 0.05990725 0.00285774
v -0.00965735 0.05992719 0.00274218
v -0.00972461 0.05999515 0.00231999
v -0.00958751 0.06006039 0.00254196
v -0.00953965 0.06017093 0.00232800
v -0.00978281 0.06035759 0.00060721
v -0.00943101 0.06030141 0.00224105
v -0.00924864 0.06051797 0.00209689
v -0.00916457 0.06064120 0.00194243
v -0.00909472 0.06076171 0.00174220
v -0.00919432 0.06066839 0.00174220
v -0.00921630 0.06068832 0.00158431
v -0.00945170 0.06052160 0.00134175
v -0.00932624 0.06059771 0.00152481
v -0.00967934 0.06034762 0.00114153
v -0.00980092 0.06027242 0.00094130
v -0.00959656 0.06046904 0.00094130
v -0.00959785 0.06053519 0.00060721
v -0.00018326 0.06326801 0.00436001
v -0.00018326 0.06330969 0.00426046
v -0.00092955 0.06308135 0.00479592
v -0.00072907 0.06301974 0.00494352
v -0.00052859 0.06301792 0.00494352
v -0.00032812 0.06301430 0.00494352
v -0.00032812 0.06308226 0.00479707
v -0.00032812 0.06312666 0.00469753
v -0.00018326 0.06311216 0.00471927
v -0.00018326 0.06318918 0.00454307
v -0.00232899 0.06349454 0.00341151
v -0.00232899 0.06344561 0.00354309
v -0.00232899 0.06336225 0.00374331
v -0.00212981 0.06332691 0.00389891
v -0.00184785 0.06330607 0.00404994
v -0.00172886 0.06331513 0.00407168
v -0.00192934 0.06311307 0.00446527
v -0.00152968 0.06328613 0.00420669
v -0.00217508 0.06309404 0.00442408
v -0.00112873 0.06307320 0.00477991
v -0.00132920 0.06297443 0.00494352
v -0.00112873 0.06299527 0.00494352
v -0.00151157 0.06305508 0.00472384
v -0.00152451 0.06294272 0.00495610
v -0.00145596 0.06290647 0.00505107
v -0.00172886 0.06312756 0.00449845
v -0.00172886 0.06301521 0.00474329
v -0.00192934 0.06306776 0.00456595
v -0.00314512 0.06372741 0.00155685
v -0.00292913 0.06376818 0.00154198
v -0.00302355 0.06370204 0.00183602
v -0.00289033 0.06371382 0.00190467
v -0.00301320 0.06389957 0.00060721
v -0.00333008 0.06381802 0.00074222
v -0.00365213 0.06370747 0.00107173
v -0.00360169 0.06369751 0.00120560
v -0.00333008 0.06376003 0.00114153
v -0.00312960 0.06379808 0.00114153
v -0.00327834 0.06371200 0.00149964
v -0.00322143 0.06370113 0.00163236
v -0.00294594 0.06369479 0.00195959
v -0.00292913 0.06366579 0.00214265
v -0.00272995 0.06359058 0.00274218
v -0.00292913 0.06363045 0.00234173
v -0.00292913 0.06359330 0.00254196
v -0.00292913 0.06355525 0.00274218
v -0.00272995 0.06354891 0.00294241
v -0.00262389 0.06350179 0.00323874
v -0.00254628 0.06348366 0.00334172
v -0.00018326 0.05870757 0.01024778
v -0.00040831 0.05870032 0.01024320
v -0.00052859 0.05869669 0.01023977
v -0.00072907 0.05902561 0.00998577
v -0.00092955 0.05901474 0.00997890
v -0.00052859 0.05893228 0.01006586
v -0.00112873 0.05866770 0.01021803
v -0.00132920 0.05855172 0.01028096
v -0.00132920 0.05831703 0.01045487
v -0.00284247 0.05790657 0.01044686
v -0.00320979 0.05809504 0.01023977
v -0.00272995 0.05767007 0.01062420
v -0.00297569 0.05788301 0.01043198
v -0.00312960 0.05775525 0.01047889
v -0.00152968 0.05863145 0.01019171
v -0.00132920 0.05865139 0.01020659
v -0.00172886 0.05874019 0.01007272
v -0.00173792 0.05858977 0.01018485
v -0.00192934 0.05848104 0.01022832
v -0.00152968 0.05886523 0.01001551
v -0.00245187 0.05830797 0.01024892
v -0.00272995 0.05826810 0.01021917
v -0.00342967 0.05830163 0.01004412
v -0.00319298 0.05748794 0.01063564
v -0.00364179 0.05730672 0.01064708
v -0.00352926 0.05732666 0.01065967
v -0.00312702 0.05741364 0.01069399
v -0.00312960 0.05722698 0.01080154
v -0.00324342 0.05710647 0.01084731
v -0.00331844 0.05700952 0.01088621
v -0.00334043 0.05679386 0.01100177
v -0.00341286 0.05669419 0.01104067
v -0.00352926 0.05657096 0.01108186
v -0.00352926 0.05640152 0.01116881
v -0.00392245 0.05487835 0.01170084
v -0.00405050 0.05491641 0.01165050
v -0.00374914 0.05642055 0.01110474
v -0.00393021 0.05637343 0.01108071
v -0.00407378 0.05633084 0.01105897
v -0.00413586 0.05621124 0.01109330
v -0.00412034 0.05598833 0.01119513
v -0.00393021 0.05580077 0.01133128
v -0.00417984 0.05586601 0.01122945
v -0.00427296 0.05573281 0.01125806
v -0.00413069 0.05560052 0.01135645
v -0.00413069 0.05544467 0.01142167
v -0.00413069 0.05534500 0.01146286
v -0.00413069 0.05520093 0.01152006
v -0.00412164 0.05498980 0.01160244
v -0.01046313 0.05754684 0.00509569
v -0.01045667 0.05773712 0.00488517
v -0.01095203 0.05487835 0.00674555
v -0.01078389 0.05487835 0.00697323
v -0.01084468 0.05493091 0.00685996
v -0.01029370 0.05740096 0.00553962
v -0.01028206 0.05759577 0.00533367
v -0.01003890 0.05531510 0.00765171
v -0.01076061 0.05499886 0.00693319
v -0.01059247 0.05487835 0.00723181
v -0.01065455 0.05500068 0.00707506
v -0.01007253 0.05487835 0.00788740
v -0.01001691 0.05507769 0.00782905
v -0.00992637 0.05487835 0.00804301
v -0.00985912 0.05495175 0.00807390
v -0.00982161 0.05508494 0.00803271
v -0.00998070 0.05520093 0.00778901
v -0.00986559 0.05555703 0.00768031
v -0.00965088 0.05593306 0.00766430
v -0.00960949 0.05606626 0.00761967
v -0.00987981 0.05580077 0.00749840
v -0.00966899 0.05616321 0.00748581
v -0.00962760 0.05629641 0.00744004
v -0.00959527 0.05640152 0.00740343
v -0.00945299 0.05653744 0.00746865
v -0.00921889 0.05668332 0.00762997
v -0.00926545 0.05680111 0.00748352
v -0.00923053 0.05690169 0.00744348
v -0.00904816 0.05712550 0.00746407
v -0.00892788 0.05719890 0.00754073
v -0.00899772 0.05725870 0.00740343
v -0.00918656 0.05724420 0.00718948
v -0.00924088 0.05731488 0.00705561
v -0.00939220 0.05721974 0.00695950
v -0.00924864 0.05812403 0.00626501
v -0.00928615 0.05759124 0.00673296
v -0.00983842 0.05811135 0.00545495
v -0.01001950 0.05788573 0.00542406
v -0.01019411 0.05784948 0.00518265
v -0.00924864 0.05832428 0.00606593
v -0.00938186 0.05823911 0.00598011
v -0.00939220 0.05845204 0.00574328
v -0.00924864 0.05852453 0.00586570
v -0.00946981 0.05855081 0.00550644
v -0.00960303 0.05846654 0.00539889
v -0.00969356 0.05840130 0.00533596
v -0.00965606 0.05833334 0.00548241
v -0.00928615 0.05859611 0.00573298
v -0.00924217 0.05871482 0.00565975
v -0.00938703 0.05861152 0.00556136
v -0.00986947 0.05835056 0.00510828
v -0.00981644 0.05848466 0.00501674
v -0.00974013 0.05861333 0.00496068
v -0.00985265 0.05852816 0.00488402
v -0.01007382 0.05835328 0.00474329
v -0.00983196 0.05870394 0.00464604
v -0.01005701 0.05853269 0.00449158
v -0.00979833 0.05825814 0.00534283
v -0.00964442 0.05851819 0.00526502
v -0.01040105 0.05846654 0.00394239
v -0.00992379 0.05879365 0.00432911
v -0.00983972 0.05931285 0.00365979
v -0.01008546 0.05896762 0.00374331
v -0.00978540 0.05944967 0.00354309
v -0.00968580 0.05956293 0.00354309
v -0.00962372 0.05969432 0.00342867
v -0.00973625 0.05960733 0.00335430
v -0.00965347 0.05972422 0.00329481
v -0.00957975 0.05985470 0.00314264
v -0.00940514 0.06007760 0.00297788
v -0.00945170 0.06012019 0.00274218
v -0.00955129 0.06002777 0.00274218
v -0.00937927 0.06025520 0.00254196
v -0.00931460 0.06038024 0.00234173
v -0.00922665 0.06049804 0.00222961
v -0.00906498 0.06073272 0.00194243
v -0.00888649 0.06095290 0.00174220
v -0.00891494 0.06098009 0.00154198
v -0.00901453 0.06088766 0.00154198
v -0.00911930 0.06083330 0.00135777
v -0.00923312 0.06070372 0.00145159
v -0.00902876 0.06090035 0.00143443
v -0.00924605 0.06071731 0.00134175
v -0.00947498 0.06054425 0.00114153
v -0.00949697 0.06056418 0.00094130
v -0.00939091 0.06066476 0.00094130
v -0.00941161 0.06068379 0.00074222
v -0.00942454 0.06069647 0.00061064
v -0.00942971 0.06069194 0.00060721
v -0.00092955 0.06301158 0.00494352
v -0.00072907 0.06293728 0.00511285
v -0.00052859 0.06293637 0.00511285
v -0.00032812 0.06293456 0.00510828
v -0.00018326 0.06293184 0.00510370
v -0.00018326 0.06298712 0.00498929
v -0.00018326 0.06300886 0.00494352
v -0.00018326 0.06306051 0.00483254
v -0.00018326 0.06307954 0.00479135
v -0.00252947 0.06341389 0.00354309
v -0.00251007 0.06333053 0.00374789
v -0.00243117 0.06330335 0.00384285
v -0.00232899 0.06308226 0.00439547
v -0.00232899 0.06301611 0.00454307
v -0.00211688 0.06305689 0.00452591
v -0.00132920 0.06286389 0.00516663
v -0.00112873 0.06292460 0.00508768
v -0.00172886 0.06293547 0.00491148
v -0.00172886 0.06288745 0.00501217
v -0.00158918 0.06289741 0.00503162
v -0.00172886 0.06282311 0.00514374
v -0.00152709 0.06274428 0.00535770
v -0.00145854 0.06270622 0.00545152
v -0.00132920 0.06271438 0.00546754
v -0.00192934 0.06292097 0.00488174
v -0.00213628 0.06294634 0.00475931
v -0.00308822 0.06371291 0.00170330
v -0.00400264 0.06369751 0.00060721
v -0.00396255 0.06368935 0.00074222
v -0.00383062 0.06370294 0.00084290
v -0.00372327 0.06371382 0.00092299
v -0.00378535 0.06369388 0.00097677
v -0.00372327 0.06368120 0.00114038
v -0.00372974 0.06364223 0.00134175
v -0.00353314 0.06368663 0.00134862
v -0.00333913 0.06369116 0.00155685
v -0.00346847 0.06371019 0.00128683
v -0.00312960 0.06366398 0.00194243
v -0.00312960 0.06362774 0.00214265
v -0.00312960 0.06358968 0.00234173
v -0.00304553 0.06350722 0.00286003
v -0.00291749 0.06351719 0.00293326
v -0.00284247 0.06350541 0.00305225
v -0.00272995 0.06351538 0.00309801
v -0.00272995 0.06348910 0.00319755
v -0.00272995 0.06344380 0.00334286
v -0.00272995 0.06337221 0.00354309
v -0.00018326 0.05880180 0.01017684
v -0.00032812 0.05893681 0.01007043
v -0.00033588 0.05878368 0.01018485
v -0.00072907 0.05915790 0.00988623
v -0.00092955 0.05924851 0.00980270
v -0.00112614 0.05898483 0.00998119
v -0.00052859 0.05903195 0.00999034
v -0.00119210 0.05889694 0.01003954
v -0.00333008 0.05807420 0.01022604
v -0.00350986 0.05820921 0.01009103
v -0.00333008 0.05797362 0.01029125
v -0.00329645 0.05772534 0.01045944
v -0.00352926 0.05758309 0.01049720
v -0.00334948 0.05762114 0.01051436
v -0.00132920 0.05888516 0.01003153
v -0.00144561 0.05910625 0.00984733
v -0.00172886 0.05884076 0.00999606
v -0.00188795 0.05871844 0.01005670
v -0.00212981 0.05858524 0.01010705
v -0.00266140 0.05851094 0.01005098
v -0.00151933 0.05901474 0.00990339
v -0.00292913 0.05837321 0.01009789
v -0.00312960 0.05834512 0.01007615
v -0.00363273 0.05850279 0.00984504
v -0.00356418 0.05827988 0.01002810
v -0.00333008 0.05841671 0.00997890
v -0.00372974 0.05754593 0.01047203
v -0.00371680 0.05738465 0.01057843
v -0.00377630 0.05727863 0.01063106
v -0.00371680 0.05720796 0.01068484
v -0.00367412 0.05692072 0.01085532
v -0.00331844 0.05718440 0.01078667
v -0.00352926 0.05680111 0.01095486
v -0.00352926 0.05667063 0.01102694
v -0.00373620 0.05681561 0.01089765
v -0.00369611 0.05653381 0.01106126
v -0.00403368 0.05487835 0.01166880
v -0.00417596 0.05487835 0.01162762
v -0.00382933 0.05650029 0.01104410
v -0.00393021 0.05647310 0.01102923
v -0.00413069 0.05660902 0.01089422
v -0.00413586 0.05639880 0.01100177
v -0.00420700 0.05628373 0.01103609
v -0.00432987 0.05613965 0.01106241
v -0.00432987 0.05600102 0.01112533
v -0.00433634 0.05579986 0.01121000
v -0.00440618 0.05568388 0.01123746
v -0.00423545 0.05530513 0.01144570
v -0.00449413 0.05554978 0.01126492
v -0.00462864 0.05549904 0.01124318
v -0.00454845 0.05542020 0.01130039
v -0.00436867 0.05525076 0.01142510
v -0.00432987 0.05500068 0.01153608
v -0.00980350 0.05545645 0.00781418
v -0.00988111 0.05520093 0.00789656
v -0.00987852 0.05487835 0.00809335
v -0.00973237 0.05487835 0.00824552
v -0.00966252 0.05495537 0.00827527
v -0.00974271 0.05502061 0.00815513
v -0.00968710 0.05520093 0.00810136
v -0.00941419 0.05607351 0.00782562
v -0.00943489 0.05630819 0.00764828
v -0.00948533 0.05638521 0.00753844
v -0.00926028 0.05655012 0.00767459
v -0.00919690 0.05644864 0.00780846
v -0.00906368 0.05655284 0.00787711
v -0.00902100 0.05668604 0.00783249
v -0.00898091 0.05680111 0.00779244
v -0.00903911 0.05691347 0.00765171
v -0.00899125 0.05704667 0.00759794
v -0.00885803 0.05713909 0.00767231
v -0.00880759 0.05727229 0.00761624
v -0.00886321 0.05734206 0.00748352
v -0.00905334 0.05732937 0.00726957
v -0.00918785 0.05744807 0.00699154
v -0.00919173 0.05825723 0.00619979
v -0.00899901 0.05746257 0.00720549
v -0.00919173 0.05845748 0.00599957
v -0.00912447 0.05859430 0.00593549
v -0.00919044 0.05865773 0.00579362
v -0.00922406 0.05889513 0.00543321
v -0.00927839 0.05875650 0.00554305
v -0.00941549 0.05868401 0.00541948
v -0.00904428 0.05891597 0.00566090
v -0.00902747 0.05909900 0.00543893
v -0.00968063 0.05856168 0.00514374
v -0.00962760 0.05869760 0.00503620
v -0.00979704 0.05866135 0.00477876
v -0.00966382 0.05874019 0.00490347
v -0.00977505 0.05883623 0.00454307
v -0.00980480 0.05927117 0.00379251
v -0.00966511 0.05934184 0.00394239
v -0.00961337 0.05948229 0.00381196
v -0.00964959 0.05952306 0.00367809
v -0.00959139 0.05966260 0.00354309
v -0.00941549 0.05968616 0.00381539
v -0.00945299 0.05972150 0.00368153
v -0.00949180 0.05975593 0.00354309
v -0.00937927 0.05985651 0.00354309
v -0.00941549 0.05988823 0.00341265
v -0.00932883 0.05999968 0.00333828
v -0.00944911 0.05991813 0.00327993
v -0.00947886 0.05994622 0.00314264
v -0.00936892 0.06004589 0.00314264
v -0.00926933 0.06013559 0.00314264
v -0.00922406 0.06029597 0.00282685
v -0.00925123 0.06031953 0.00269299
v -0.00927968 0.06034581 0.00254196
v -0.00920596 0.06047991 0.00234173
v -0.00901841 0.06069104 0.00220901
v -0.00904299 0.06071278 0.00207515
v -0.00885286 0.06092210 0.00194243
v -0.00877138 0.06105348 0.00174220
v -0.00880371 0.06107976 0.00154198
v -0.00882182 0.06109516 0.00140239
v -0.00916198 0.06083873 0.00114153
v -0.00937022 0.06064392 0.00114153
v -0.00904428 0.06091485 0.00130056
v -0.00918138 0.06085686 0.00094130
v -0.00919949 0.06087407 0.00074222
v -0.00921113 0.06088495 0.00060721
v -0.00092955 0.06293275 0.00510370
v -0.00072907 0.06282402 0.00534283
v -0.00052859 0.06273884 0.00551674
v -0.00052859 0.06282402 0.00534283
v -0.00032812 0.06268810 0.00561399
v -0.00032812 0.06288563 0.00520896
v -0.00018326 0.06273431 0.00550873
v -0.00272995 0.06331785 0.00367809
v -0.00272995 0.06320911 0.00394239
v -0.00272995 0.06313481 0.00411859
v -0.00256439 0.06329157 0.00381768
v -0.00272995 0.06309223 0.00421813
v -0.00262130 0.06310129 0.00423987
v -0.00252947 0.06298259 0.00454307
v -0.00254499 0.06307229 0.00433598
v -0.00232899 0.06293637 0.00471583
v -0.00252947 0.06292007 0.00468037
v -0.00252947 0.06279955 0.00494352
v -0.00112873 0.06272525 0.00548928
v -0.00092955 0.06268448 0.00560712
v -0.00092955 0.06281496 0.00534283
v -0.00192934 0.06279502 0.00514374
v -0.00236521 0.06269354 0.00522383
v -0.00212981 0.06266092 0.00535884
v -0.00192934 0.06267451 0.00538745
v -0.00172886 0.06268810 0.00541491
v -0.00152709 0.06265820 0.00552818
v -0.00132920 0.06266454 0.00556708
v -0.00232899 0.06283127 0.00494352
v -0.00252947 0.06268176 0.00519752
v -0.00412164 0.06366942 0.00060721
v -0.00413069 0.06365039 0.00074222
v -0.00391081 0.06367304 0.00092299
v -0.00413069 0.06361686 0.00094130
v -0.00372974 0.06360236 0.00154198
v -0.00352926 0.06361324 0.00174220
v -0.00333008 0.06362230 0.00194243
v -0.00352926 0.06365130 0.00154198
v -0.00333008 0.06365945 0.00174220
v -0.00312960 0.06355072 0.00254196
v -0.00323308 0.06350360 0.00264722
v -0.00317875 0.06348910 0.00277994
v -0.00333008 0.06340846 0.00294241
v -0.00311926 0.06346917 0.00293326
v -0.00297569 0.06349001 0.00299390
v -0.00333008 0.06358334 0.00214265
v -0.00291749 0.06346464 0.00312891
v -0.00312960 0.06340665 0.00314264
v -0.00292913 0.06339305 0.00334286
v -0.00320462 0.06329610 0.00342181
v -0.00307140 0.06331332 0.00347100
v -0.00283859 0.06330516 0.00364835
v -0.00303001 0.06310310 0.00404308
v -0.00292913 0.06311488 0.00407054
v -0.00364179 0.06310582 0.00365064
v -0.00018326 0.05889876 0.01010361
v -0.00032812 0.05903739 0.00999378
v -0.00018326 0.05893953 0.01007272
v -0.00072907 0.05925848 0.00980957
v -0.00092955 0.05937809 0.00970316
v -0.00112873 0.05936540 0.00969287
v -0.00112873 0.05923492 0.00979241
v -0.00052859 0.05916243 0.00989080
v -0.00132920 0.05900205 0.00994343
v -0.00372974 0.05815122 0.01007844
v -0.00352926 0.05803795 0.01020201
v -0.00366119 0.05791381 0.01025235
v -0.00152968 0.05932553 0.00966197
v -0.00132920 0.05921771 0.00977982
v -0.00132920 0.05934819 0.00967914
v -0.00132920 0.05944876 0.00960133
v -0.00172886 0.05897034 0.00989652
v -0.00192934 0.05917331 0.00969859
v -0.00209489 0.05892050 0.00985762
v -0.00252947 0.05876012 0.00988851
v -0.00292913 0.05847288 0.01002238
v -0.00300156 0.05869397 0.00983817
v -0.00352926 0.05874925 0.00968028
v -0.00372974 0.05871935 0.00965740
v -0.00383321 0.05870304 0.00964481
v -0.00376725 0.05848104 0.00982788
v -0.00371163 0.05840946 0.00989538
v -0.00372974 0.05825089 0.01000750
v -0.00333008 0.05877824 0.00970202
v -0.00372974 0.05764561 0.01040796
v -0.00386684 0.05751784 0.01045487
v -0.00393151 0.05741364 0.01050292
v -0.00393021 0.05724239 0.01060933
v -0.00393021 0.05714272 0.01066653
v -0.00380734 0.05689082 0.01083816
v -0.00374914 0.05660086 0.01101092
v -0.00432987 0.05487835 0.01158071
v -0.00393021 0.05686001 0.01082214
v -0.00406343 0.05672228 0.01085532
v -0.00413069 0.05679386 0.01079468
v -0.00419795 0.05668060 0.01083243
v -0.00429366 0.05654740 0.01086790
v -0.00404791 0.05711281 0.01065051
v -0.00434798 0.05641964 0.01091367
v -0.00443205 0.05610250 0.01104524
v -0.00451095 0.05599196 0.01106927
v -0.00472565 0.05580168 0.01108300
v -0.00453035 0.05580077 0.01114822
v -0.00473082 0.05560052 0.01116881
v -0.00491836 0.05538758 0.01119513
v -0.00445145 0.05511756 0.01145142
v -0.00452259 0.05499796 0.01147544
v -0.00964830 0.05532869 0.00806131
v -0.00967028 0.05556518 0.00788512
v -0.00968322 0.05487835 0.00829586
v -0.00962372 0.05508947 0.00823637
v -0.00946334 0.05495628 0.00847664
v -0.00927451 0.05620127 0.00788855
v -0.00923958 0.05631453 0.00785194
v -0.00899772 0.05645045 0.00801097
v -0.00886450 0.05655375 0.00807733
v -0.00911930 0.05638249 0.00793088
v -0.00882053 0.05668694 0.00803385
v -0.00888131 0.05680111 0.00789427
v -0.00884122 0.05691710 0.00785422
v -0.00891624 0.05698143 0.00772951
v -0.00879207 0.05705029 0.00780617
v -0.00873258 0.05720524 0.00774553
v -0.00880630 0.05747526 0.00741716
v -0.00860453 0.05727138 0.00781990
v -0.00867308 0.05734840 0.00768603
v -0.00874034 0.05741183 0.00755331
v -0.00886579 0.05754140 0.00728330
v -0.00880630 0.05767551 0.00721579
v -0.00905851 0.05853088 0.00607279
v -0.00899384 0.05866498 0.00600414
v -0.00905722 0.05872659 0.00587142
v -0.00920466 0.05907454 0.00519981
v -0.00926416 0.05894134 0.00529935
v -0.00945558 0.05873112 0.00528562
v -0.00907144 0.05914612 0.00530507
v -0.00884122 0.05911260 0.00565632
v -0.00878431 0.05925848 0.00554305
v -0.00882829 0.05930016 0.00544008
v -0.00887485 0.05935000 0.00530736
v -0.00881147 0.05948320 0.00521239
v -0.00959656 0.05866135 0.00514374
v -0.00948662 0.05879999 0.00512887
v -0.00943618 0.05890872 0.00505336
v -0.00962113 0.05909085 0.00442522
v -0.00977505 0.05920321 0.00395727
v -0.00959915 0.05926573 0.00418495
v -0.00941419 0.05908360 0.00481309
v -0.00946593 0.05934094 0.00430623
v -0.00944265 0.05951400 0.00406367
v -0.00953318 0.05960461 0.00374674
v -0.00920596 0.05967710 0.00419983
v -0.00903523 0.05970519 0.00445039
v -0.00924346 0.05971335 0.00406710
v -0.00920725 0.05988098 0.00380052
v -0.00927968 0.05994531 0.00354309
v -0.00920596 0.06008032 0.00339664
v -0.00924088 0.06011113 0.00326391
v -0.00912835 0.06024886 0.00316209
v -0.00919820 0.06027423 0.00294241
v -0.00916715 0.06044639 0.00254196
v -0.00909860 0.06035940 0.00294241
v -0.00904170 0.06051072 0.00266781
v -0.00906756 0.06053337 0.00254196
v -0.00899125 0.06066839 0.00234173
v -0.00883346 0.06090488 0.00204998
v -0.00871964 0.06103264 0.00194586
v -0.00864592 0.06111329 0.00188064
v -0.00867179 0.06113231 0.00174220
v -0.00870412 0.06115678 0.00154198
v -0.00859418 0.06127638 0.00134175
v -0.00874551 0.06116403 0.00133832
v -0.00883605 0.06110604 0.00126853
v -0.00906110 0.06092934 0.00114153
v -0.00908050 0.06094565 0.00094130
v -0.00917750 0.06091303 0.00060721
v -0.00072907 0.06273884 0.00551559
v -0.00052859 0.06262558 0.00574328
v -0.00072907 0.06268901 0.00561628
v -0.00032812 0.06262286 0.00574328
v -0.00018326 0.06261743 0.00574328
v -0.00018326 0.06268538 0.00560827
v -0.00292913 0.06307320 0.00417122
v -0.00292913 0.06300071 0.00434284
v -0.00272995 0.06303786 0.00434284
v -0.00272995 0.06294272 0.00455565
v -0.00279720 0.06289741 0.00463117
v -0.00272995 0.06271166 0.00506251
v -0.00252947 0.06272797 0.00509798
v -0.00112873 0.06267542 0.00558882
v -0.00092955 0.06261471 0.00574328
v -0.00072907 0.06262467 0.00574328
v -0.00212981 0.06270985 0.00525930
v -0.00223199 0.06270260 0.00524443
v -0.00252947 0.06260927 0.00534283
v -0.00231089 0.06265186 0.00532338
v -0.00192934 0.06259387 0.00554305
v -0.00172886 0.06262286 0.00554305
v -0.00132920 0.06257121 0.00574328
v -0.00112873 0.06259477 0.00574328
v -0.00272995 0.06266545 0.00516205
v -0.00272995 0.06257665 0.00534283
v -0.00432987 0.06361505 0.00060721
v -0.00432987 0.06359693 0.00074222
v -0.00432987 0.06356159 0.00094130
v -0.00413069 0.06357699 0.00114153
v -0.00372974 0.06356068 0.00174220
v -0.00352926 0.06357246 0.00194243
v -0.00331197 0.06346373 0.00272502
v -0.00334301 0.06353622 0.00235318
v -0.00346977 0.06351447 0.00229482
v -0.00341803 0.06349997 0.00242754
v -0.00354737 0.06334231 0.00295957
v -0.00362627 0.06330154 0.00303852
v -0.00349305 0.06332057 0.00310259
v -0.00334431 0.06334503 0.00315865
v -0.00334431 0.06328342 0.00335087
v -0.00313478 0.06333778 0.00335087
v -0.00372974 0.06318556 0.00334286
v -0.00386166 0.06311125 0.00346643
v -0.00371680 0.06312485 0.00353737
v -0.00312960 0.06319643 0.00374331
v -0.00316323 0.06308679 0.00400189
v -0.00311020 0.06305054 0.00412317
v -0.00377501 0.06308770 0.00360029
v -0.00371680 0.06305236 0.00372729
v -0.00352926 0.06301430 0.00394239
v -0.00333008 0.06298531 0.00414262
v -0.00352926 0.06307954 0.00378679
v -0.00333396 0.06306867 0.00393782
v -0.00018326 0.05904011 0.00999492
v -0.00072907 0.05938534 0.00971003
v -0.00092955 0.05947776 0.00962422
v -0.00112873 0.05946598 0.00961506
v -0.00052859 0.05926210 0.00981186
v -0.00372844 0.05798902 0.01018599
v -0.00387460 0.05812222 0.01005785
v -0.00379441 0.05788754 0.01023519
v -0.00372844 0.05781324 0.01030041
v -0.00152968 0.05942520 0.00958303
v -0.00165643 0.05930922 0.00964939
v -0.00132920 0.05956837 0.00950179
v -0.00152968 0.05954753 0.00948349
v -0.00172498 0.05921589 0.00970774
v -0.00178965 0.05929201 0.00963566
v -0.00212981 0.05924579 0.00960019
v -0.00232899 0.05911803 0.00965625
v -0.00251266 0.05901202 0.00969859
v -0.00313607 0.05898937 0.00958188
v -0.00320721 0.05889513 0.00963909
v -0.00340898 0.05909629 0.00943886
v -0.00333008 0.05887791 0.00962536
v -0.00333008 0.05933550 0.00926953
v -0.00386554 0.05891869 0.00945717
v -0.00396643 0.05867585 0.00962307
v -0.00391211 0.05860608 0.00969287
v -0.00393021 0.05844842 0.00980499
v -0.00346071 0.05931375 0.00925351
v -0.00372974 0.05894406 0.00947777
v -0.00393021 0.05834784 0.00987822
v -0.00400006 0.05748794 0.01043542
v -0.00452776 0.05487835 0.01151663
v -0.00428460 0.05693703 0.01066424
v -0.00434281 0.05681652 0.01070772
v -0.00441911 0.05689354 0.01063907
v -0.00434798 0.05660902 0.01081527
v -0.00453035 0.05660086 0.01075120
v -0.00442688 0.05649938 0.01084273
v -0.00413069 0.05735022 0.01047546
v -0.00412034 0.05718802 0.01057843
v -0.00418113 0.05707023 0.01062534
v -0.00451095 0.05618224 0.01097431
v -0.00472565 0.05599196 0.01098918
v -0.00465451 0.05591947 0.01105325
v -0.00487439 0.05573553 0.01106126
v -0.00493647 0.05561049 0.01109559
v -0.00497657 0.05525348 0.01122716
v -0.00509297 0.05554978 0.01106813
v -0.00514729 0.05541839 0.01110360
v -0.00466098 0.05492909 0.01145485
v -0.00940772 0.05546460 0.00822035
v -0.00936634 0.05560052 0.00817687
v -0.00925769 0.05594484 0.00807047
v -0.00921630 0.05607804 0.00802813
v -0.00939091 0.05583701 0.00800182
v -0.00953318 0.05487835 0.00844689
v -0.00934435 0.05502333 0.00855673
v -0.00942454 0.05508947 0.00843659
v -0.00919044 0.05520093 0.00860364
v -0.00924993 0.05533231 0.00846291
v -0.00926416 0.05495718 0.00867572
v -0.00907791 0.05620127 0.00808992
v -0.00897703 0.05620127 0.00819060
v -0.00891882 0.05638340 0.00813225
v -0.00887744 0.05620127 0.00828900
v -0.00879595 0.05645045 0.00821005
v -0.00874163 0.05661808 0.00815399
v -0.00861617 0.05668241 0.00823065
v -0.00867955 0.05680111 0.00808992
v -0.00871576 0.05698143 0.00792859
v -0.00863816 0.05691257 0.00805102
v -0.00865885 0.05713728 0.00787024
v -0.00874034 0.05761118 0.00735309
v -0.00854115 0.05741364 0.00775468
v -0.00858642 0.05704576 0.00800296
v -0.00845191 0.05712822 0.00806246
v -0.00839629 0.05726142 0.00801326
v -0.00826307 0.05733662 0.00807161
v -0.00847131 0.05734478 0.00787940
v -0.00840793 0.05747798 0.00782333
v -0.00847778 0.05755137 0.00768947
v -0.00861100 0.05748160 0.00762311
v -0.00867308 0.05774618 0.00728902
v -0.00860841 0.05807873 0.00701900
v -0.00879724 0.05866860 0.00620780
v -0.00821651 0.05808779 0.00742860
v -0.00821392 0.05828532 0.00722609
v -0.00782073 0.05829347 0.00763340
v -0.00788411 0.05835600 0.00750068
v -0.00870929 0.05918146 0.00572039
v -0.00886062 0.05873022 0.00607508
v -0.00758663 0.05946145 0.00659566
v -0.00831740 0.05918962 0.00613000
v -0.00817512 0.05945058 0.00598469
v -0.00864721 0.05911803 0.00586112
v -0.00857607 0.05925123 0.00578447
v -0.00912706 0.05919777 0.00513688
v -0.00924346 0.05911622 0.00506709
v -0.00932107 0.05899118 0.00512658
v -0.00900936 0.05927932 0.00520667
v -0.00843251 0.05950403 0.00564602
v -0.00862393 0.05949679 0.00543665
v -0.00867825 0.05954753 0.00530278
v -0.00873128 0.05960190 0.00514374
v -0.00879207 0.05966442 0.00494352
v -0.00885157 0.05952306 0.00507967
v -0.00893046 0.05940165 0.00514374
v -0.00860712 0.05968073 0.00520896
v -0.00937798 0.05904283 0.00494352
v -0.00927839 0.05915428 0.00494352
v -0.00922018 0.05929019 0.00482453
v -0.00937539 0.05940527 0.00436115
v -0.00923312 0.05950494 0.00444696
v -0.00894340 0.05961549 0.00476618
v -0.00882570 0.05969613 0.00483368
v -0.00893046 0.05984383 0.00435772
v -0.00916586 0.06004498 0.00354309
v -0.00906498 0.06013106 0.00354309
v -0.00900289 0.06027785 0.00334286
v -0.00913611 0.06016821 0.00333485
v -0.00903005 0.06030051 0.00324103
v -0.00881794 0.06049079 0.00321472
v -0.00906110 0.06032769 0.00310717
v -0.00884898 0.06051707 0.00308200
v -0.00901195 0.06048626 0.00280054
v -0.00893952 0.06057052 0.00273761
v -0.00882829 0.06070010 0.00263692
v -0.00880630 0.06088132 0.00218384
v -0.00861876 0.06109335 0.00201451
v -0.00854374 0.06116856 0.00194586
v -0.00851787 0.06124195 0.00174335
v -0.00844415 0.06131172 0.00167813
v -0.00856573 0.06125736 0.00154198
v -0.00849459 0.06134797 0.00134175
v -0.00837948 0.06146576 0.00114153
v -0.00851658 0.06136609 0.00114153
v -0.00861617 0.06129179 0.00114153
v -0.00872999 0.06120571 0.00114153
v -0.00884639 0.06111510 0.00114153
v -0.00886191 0.06112778 0.00094130
v -0.00897703 0.06105892 0.00074222
v -0.00898608 0.06106617 0.00060721
v -0.00052859 0.06253950 0.00590346
v -0.00032812 0.06253769 0.00590346
v -0.00018326 0.06259387 0.00578790
v -0.00307140 0.06291463 0.00446870
v -0.00292913 0.06293003 0.00450302
v -0.00291102 0.06273250 0.00494810
v -0.00291102 0.06265276 0.00512315
v -0.00292913 0.06288473 0.00460371
v -0.00092955 0.06253225 0.00588973
v -0.00072907 0.06253859 0.00590002
v -0.00112873 0.06252228 0.00587371
v -0.00272995 0.06251322 0.00546182
v -0.00252947 0.06253044 0.00549042
v -0.00232899 0.06254584 0.00551902
v -0.00192934 0.06252138 0.00567577
v -0.00172886 0.06253678 0.00570323
v -0.00151028 0.06254131 0.00575243
v -0.00132920 0.06250960 0.00585540
v -0.00143138 0.06250235 0.00584396
v -0.00291361 0.06253950 0.00535084
v -0.00283600 0.06250326 0.00544580
v -0.00453423 0.06355434 0.00060721
v -0.00454069 0.06353259 0.00074336
v -0.00447732 0.06351810 0.00094130
v -0.00444240 0.06350632 0.00106029
v -0.00432858 0.06352353 0.00113237
v -0.00426003 0.06351175 0.00128111
v -0.00413716 0.06353259 0.00134518
v -0.00394703 0.06353984 0.00155799
v -0.00352926 0.06344198 0.00254196
v -0.00393021 0.06323539 0.00294241
v -0.00373879 0.06328704 0.00295957
v -0.00407507 0.06351628 0.00150079
v -0.00378794 0.06349091 0.00198819
v -0.00413069 0.06344651 0.00174220
v -0.00413069 0.06335681 0.00214265
v -0.00413457 0.06313028 0.00314264
v -0.00420312 0.06309494 0.00320900
v -0.00406990 0.06311397 0.00327993
v -0.00392892 0.06313209 0.00334515
v -0.00399488 0.06309313 0.00341380
v -0.00313478 0.06294725 0.00435314
v -0.00392892 0.06306685 0.00353737
v -0.00413069 0.06300614 0.00354309
v -0.00351762 0.06293275 0.00414147
v -0.00393021 0.06298259 0.00374331
v -0.00373620 0.06294997 0.00395383
v -0.00344260 0.06290647 0.00425246
v -0.00333008 0.06287838 0.00438861
v -0.00320591 0.06289560 0.00442751
v -0.00018326 0.05916515 0.00989424
v -0.00032812 0.05926482 0.00981300
v -0.00072907 0.05948591 0.00962994
v -0.00092955 0.05959283 0.00952468
v -0.00112873 0.05958196 0.00951438
v -0.00393668 0.05819380 0.00998691
v -0.00400782 0.05809141 0.01003725
v -0.00393668 0.05801530 0.01010933
v -0.00393021 0.05785764 0.01021460
v -0.00172886 0.05952397 0.00946289
v -0.00199142 0.05949226 0.00943543
v -0.00212981 0.05947413 0.00942170
v -0.00112873 0.05968254 0.00942628
v -0.00132920 0.05966804 0.00941255
v -0.00152968 0.05964811 0.00939539
v -0.00203928 0.05970338 0.00924550
v -0.00232899 0.05966985 0.00921576
v -0.00232899 0.05934728 0.00947891
v -0.00284247 0.05950585 0.00924665
v -0.00312960 0.05913615 0.00946976
v -0.00327576 0.05911532 0.00945374
v -0.00312960 0.05936540 0.00929241
v -0.00312960 0.05946507 0.00921461
v -0.00333008 0.05943517 0.00918830
v -0.00388494 0.05912800 0.00926610
v -0.00399876 0.05888788 0.00943086
v -0.00359393 0.05928838 0.00923178
v -0.00372974 0.05916153 0.00929470
v -0.00362239 0.05949950 0.00904070
v -0.00372974 0.05937627 0.00910821
v -0.00413069 0.05863780 0.00958989
v -0.00413069 0.05853812 0.00967113
v -0.00406343 0.05831794 0.00985533
v -0.00348917 0.05952306 0.00906359
v -0.00354220 0.05940708 0.00914711
v -0.00406990 0.05772353 0.01025807
v -0.00413457 0.05779512 0.01018942
v -0.00413457 0.05761299 0.01030727
v -0.00468555 0.05487835 0.01146286
v -0.00434281 0.05700318 0.01060360
v -0.00454199 0.05701586 0.01051551
v -0.00473082 0.05695334 0.01047660
v -0.00453035 0.05685367 0.01061734
v -0.00464417 0.05671141 0.01064937
v -0.00453035 0.05675309 0.01067111
v -0.00477738 0.05666157 0.01062305
v -0.00464934 0.05631635 0.01085188
v -0.00424839 0.05731307 0.01045143
v -0.00432082 0.05720252 0.01049033
v -0.00432987 0.05764742 0.01021002
v -0.00432987 0.05754775 0.01027295
v -0.00472177 0.05619946 0.01088392
v -0.00493518 0.05619946 0.01080040
v -0.00478773 0.05586873 0.01102808
v -0.00500761 0.05568388 0.01103495
v -0.00533096 0.05535134 0.01106584
v -0.00512272 0.05519186 0.01119970
v -0.00514729 0.05561049 0.01101664
v -0.00522619 0.05549722 0.01104181
v -0.00475540 0.05487835 0.01143769
v -0.00505029 0.05511938 0.01125119
v -0.00919173 0.05583883 0.00820433
v -0.00948404 0.05487835 0.00849609
v -0.00922406 0.05509038 0.00863682
v -0.00902229 0.05508766 0.00883590
v -0.00898737 0.05520093 0.00880158
v -0.00904946 0.05533050 0.00866199
v -0.00883217 0.05570291 0.00864483
v -0.00896409 0.05560052 0.00857847
v -0.00905851 0.05594484 0.00827069
v -0.00933400 0.05487835 0.00864597
v -0.00913094 0.05487835 0.00884505
v -0.00908179 0.05487835 0.00889311
v -0.00906239 0.05495446 0.00887366
v -0.00893693 0.05601099 0.00834964
v -0.00877267 0.05620127 0.00838854
v -0.00871576 0.05637977 0.00833019
v -0.00866273 0.05654922 0.00827298
v -0.00843121 0.05690260 0.00824438
v -0.00857090 0.05680111 0.00818946
v -0.00858901 0.05644229 0.00840685
v -0.00853598 0.05660902 0.00834850
v -0.00840793 0.05666973 0.00842286
v -0.00827471 0.05675762 0.00848236
v -0.00854503 0.05761661 0.00755789
v -0.00801474 0.05788573 0.00782905
v -0.00828118 0.05775525 0.00769290
v -0.00831869 0.05698234 0.00828671
v -0.00837689 0.05703579 0.00819632
v -0.00824367 0.05711825 0.00825467
v -0.00831998 0.05718983 0.00813454
v -0.00818676 0.05725145 0.00820548
v -0.00805354 0.05732666 0.00826268
v -0.00812727 0.05739824 0.00814140
v -0.00806777 0.05754140 0.00807619
v -0.00800569 0.05767551 0.00802013
v -0.00827471 0.05754865 0.00788397
v -0.00807812 0.05775253 0.00788740
v -0.00841440 0.05768548 0.00762654
v -0.00854245 0.05801439 0.00715515
v -0.00781685 0.05848919 0.00742975
v -0.00768363 0.05855443 0.00749954
v -0.00820616 0.05867857 0.00681763
v -0.00821781 0.05788844 0.00762997
v -0.00801992 0.05809141 0.00763226
v -0.00795266 0.05822461 0.00756590
v -0.00788670 0.05815937 0.00769748
v -0.00775218 0.05822461 0.00776498
v -0.00768751 0.05835871 0.00769862
v -0.00762026 0.05849191 0.00763226
v -0.00761508 0.05868763 0.00742746
v -0.00747540 0.05894497 0.00729016
v -0.00753878 0.05901021 0.00715172
v -0.00759439 0.05926845 0.00680504
v -0.00745341 0.05952306 0.00666660
v -0.00798241 0.05965898 0.00594350
v -0.00823721 0.05950766 0.00585083
v -0.00831481 0.05954390 0.00572497
v -0.00904816 0.05932100 0.00507395
v -0.00822557 0.05969704 0.00563802
v -0.00841957 0.05969160 0.00543093
v -0.00854891 0.05962002 0.00536685
v -0.00847390 0.05973962 0.00529706
v -0.00865109 0.05971969 0.00507624
v -0.00902359 0.05949497 0.00483025
v -0.00899125 0.05946054 0.00494352
v -0.00839629 0.05987282 0.00519409
v -0.00908567 0.05936087 0.00494352
v -0.00869248 0.05975503 0.00494352
v -0.00857737 0.05985470 0.00494352
v -0.00873904 0.05980939 0.00475817
v -0.00869377 0.05995528 0.00454307
v -0.00893046 0.05995800 0.00412774
v -0.00899643 0.06007217 0.00378336
v -0.00903523 0.06010479 0.00364949
v -0.00886062 0.06032678 0.00349503
v -0.00878431 0.06046270 0.00334286
v -0.00832645 0.06083964 0.00335201
v -0.00825661 0.06092391 0.00329137
v -0.00860453 0.06068016 0.00318611
v -0.00863557 0.06070554 0.00305225
v -0.00866014 0.06072638 0.00294241
v -0.00852305 0.06083692 0.00295042
v -0.00848424 0.06094565 0.00274218
v -0.00864333 0.06091303 0.00247217
v -0.00852693 0.06104804 0.00236004
v -0.00859160 0.06107160 0.00214265
v -0.00842863 0.06110060 0.00243784
v -0.00845708 0.06112235 0.00230398
v -0.00849200 0.06114772 0.00214265
v -0.00835490 0.06124739 0.00214265
v -0.00825531 0.06131897 0.00214265
v -0.00839371 0.06127638 0.00194243
v -0.00829412 0.06134706 0.00194243
v -0.00846614 0.06132713 0.00154198
v -0.00815184 0.06144673 0.00194243
v -0.00808847 0.06154278 0.00174220
v -0.00821522 0.06149113 0.00159003
v -0.00835102 0.06144764 0.00134175
v -0.00827989 0.06153734 0.00114153
v -0.00830058 0.06155456 0.00094130
v -0.00840147 0.06148026 0.00094130
v -0.00862781 0.06129994 0.00102368
v -0.00871447 0.06124105 0.00095045
v -0.00874810 0.06123833 0.00074222
v -0.00875715 0.06124558 0.00060721
v -0.00052859 0.06247607 0.00600300
v -0.00032812 0.06247698 0.00600300
v -0.00018326 0.06247517 0.00599842
v -0.00018326 0.06253406 0.00589888
v -0.00296405 0.06269082 0.00501789
v -0.00323566 0.06270441 0.00484741
v -0.00312960 0.06271800 0.00487716
v -0.00312960 0.06259568 0.00514374
v -0.00092955 0.06246520 0.00599041
v -0.00072907 0.06247245 0.00599957
v -0.00132920 0.06244436 0.00595494
v -0.00112873 0.06245523 0.00597439
v -0.00261742 0.06230029 0.00584053
v -0.00252947 0.06246973 0.00559111
v -0.00220612 0.06249782 0.00563687
v -0.00192934 0.06246067 0.00577531
v -0.00172886 0.06247788 0.00580277
v -0.00156460 0.06249148 0.00582566
v -0.00151028 0.06243892 0.00592405
v -0.00152968 0.06233019 0.00608652
v -0.00172886 0.06239090 0.00594350
v -0.00184656 0.06230572 0.00604876
v -0.00312960 0.06252500 0.00528447
v -0.00296922 0.06248966 0.00542177
v -0.00291361 0.06243711 0.00552475
v -0.00272995 0.06221239 0.00594350
v -0.00458726 0.06353803 0.00060721
v -0.00464805 0.06350904 0.00067815
v -0.00461442 0.06349816 0.00081201
v -0.00457820 0.06348548 0.00094130
v -0.00439325 0.06349182 0.00119301
v -0.00473082 0.06339487 0.00114153
v -0.00482653 0.06330154 0.00143557
v -0.00453035 0.06341661 0.00134175
v -0.00432858 0.06347732 0.00134518
v -0.00432987 0.06343292 0.00154198
v -0.00413069 0.06322180 0.00274218
v -0.00425485 0.06311035 0.00307513
v -0.00431176 0.06326257 0.00232457
v -0.00432470 0.06307410 0.00314264
v -0.00432987 0.06301883 0.00334286
v -0.00413457 0.06307592 0.00334515
v -0.00447473 0.06292097 0.00348245
v -0.00432858 0.06294272 0.00354652
v -0.00426132 0.06291282 0.00366551
v -0.00367412 0.06291644 0.00407397
v -0.00411387 0.06292822 0.00373645
v -0.00393021 0.06292097 0.00388404
v -0.00346977 0.06271438 0.00467007
v -0.00018326 0.05926482 0.00981300
v -0.00052859 0.05948682 0.00963108
v -0.00072907 0.05959827 0.00953040
v -0.00072907 0.05969885 0.00944115
v -0.00092955 0.05969251 0.00943543
v -0.00412940 0.05821192 0.00990796
v -0.00413069 0.05805970 0.01001551
v -0.00413069 0.05796003 0.01008187
v -0.00232899 0.05957018 0.00930042
v -0.00252947 0.05954572 0.00927983
v -0.00112873 0.05988732 0.00922949
v -0.00132920 0.05987463 0.00921690
v -0.00132920 0.05977406 0.00931301
v -0.00152968 0.05975684 0.00929585
v -0.00172886 0.05973691 0.00927640
v -0.00192934 0.05971516 0.00925695
v -0.00192934 0.05981574 0.00915969
v -0.00252947 0.05975322 0.00909448
v -0.00272995 0.05973056 0.00907274
v -0.00287998 0.05971335 0.00905558
v -0.00252947 0.05964539 0.00919402
v -0.00272995 0.05962002 0.00917228
v -0.00312960 0.05958196 0.00911507
v -0.00333008 0.05955115 0.00908761
v -0.00394315 0.05919777 0.00918029
v -0.00401816 0.05909629 0.00923864
v -0.00413069 0.05875468 0.00949035
v -0.00362497 0.05969975 0.00884162
v -0.00372974 0.05957834 0.00891942
v -0.00372974 0.05947595 0.00901896
v -0.00333008 0.05965082 0.00899265
v -0.00393021 0.05932916 0.00906816
v -0.00437773 0.05847470 0.00962078
v -0.00424451 0.05850913 0.00964939
v -0.00432987 0.05825089 0.00980728
v -0.00419665 0.05828532 0.00983131
v -0.00426649 0.05792288 0.01005785
v -0.00433116 0.05781052 0.01010590
v -0.00473082 0.05705392 0.01041482
v -0.00444369 0.05751060 0.01025006
v -0.00498174 0.05686726 0.01042397
v -0.00533872 0.05700046 0.01019629
v -0.00541115 0.05688719 0.01023519
v -0.00563749 0.05670688 0.01024663
v -0.00471918 0.05678752 0.01057729
v -0.00499855 0.05647763 0.01063106
v -0.00508521 0.05634353 0.01066653
v -0.00507486 0.05673406 0.01046173
v -0.00529603 0.05655103 0.01047088
v -0.00453035 0.05774165 0.01006929
v -0.00463770 0.05770722 0.01004755
v -0.00514341 0.05621577 0.01070887
v -0.00508909 0.05594756 0.01086790
v -0.00493518 0.05600917 0.01089765
v -0.00543443 0.05530513 0.01104639
v -0.00533096 0.05520093 0.01112076
v -0.00533096 0.05614690 0.01066768
v -0.00533096 0.05600102 0.01074205
v -0.00533096 0.05585060 0.01081870
v -0.00543831 0.05570744 0.01084731
v -0.00533096 0.05545101 0.01102122
v -0.00478385 0.05487835 0.01142739
v -0.00518351 0.05504507 0.01122716
v -0.00512272 0.05498708 0.01126835
v -0.00885933 0.05494993 0.00907159
v -0.00881923 0.05508313 0.00903269
v -0.00884769 0.05532687 0.00885993
v -0.00891106 0.05577087 0.00852469
v -0.00880500 0.05546098 0.00881874
v -0.00864333 0.05531963 0.00905443
v -0.00873516 0.05561683 0.00878670
v -0.00865368 0.05593487 0.00866428
v -0.00863557 0.05630910 0.00844804
v -0.00892529 0.05487835 0.00904299
v -0.00801216 0.05687904 0.00862767
v -0.00860712 0.05606898 0.00862309
v -0.00852693 0.05599558 0.00873979
v -0.00842733 0.05629641 0.00864025
v -0.00817642 0.05640152 0.00879586
v -0.00845579 0.05653653 0.00846520
v -0.00832645 0.05659724 0.00854071
v -0.00819840 0.05665704 0.00861508
v -0.00806518 0.05674584 0.00867343
v -0.00808459 0.05795821 0.00769519
v -0.00794361 0.05781595 0.00795491
v -0.00780780 0.05787938 0.00802356
v -0.00788152 0.05795550 0.00788969
v -0.00781685 0.05808869 0.00783134
v -0.00803414 0.05710557 0.00844575
v -0.00799146 0.05745985 0.00821005
v -0.00784013 0.05731307 0.00845261
v -0.00785824 0.05753234 0.00826726
v -0.00793197 0.05760393 0.00814484
v -0.00787247 0.05774528 0.00808076
v -0.00741720 0.05869035 0.00762997
v -0.00761767 0.05828985 0.00783134
v -0.00748704 0.05855625 0.00769633
v -0.00741073 0.05888426 0.00742403
v -0.00740426 0.05907816 0.00721579
v -0.00746117 0.05933097 0.00687484
v -0.00738874 0.05946417 0.00680047
v -0.00725552 0.05952397 0.00686797
v -0.00737710 0.05965626 0.00658880
v -0.00757499 0.05965173 0.00638514
v -0.00803026 0.05970066 0.00584282
v -0.00783367 0.05970429 0.00604762
v -0.00828635 0.05974869 0.00550529
v -0.00809235 0.05975322 0.00571010
v -0.00801216 0.05988732 0.00562429
v -0.00820616 0.05988188 0.00541605
v -0.00826307 0.05992991 0.00528333
v -0.00844156 0.05991088 0.00506022
v -0.00833033 0.05996434 0.00513345
v -0.00819452 0.06007217 0.00514374
v -0.00847648 0.05994169 0.00494352
v -0.00852822 0.05999968 0.00473872
v -0.00840276 0.06007851 0.00479592
v -0.00857607 0.06005586 0.00454307
v -0.00882441 0.06009663 0.00403164
v -0.00869248 0.06015372 0.00414262
v -0.00873516 0.06040561 0.00354995
v -0.00843380 0.06070554 0.00344927
v -0.00822039 0.06089401 0.00342524
v -0.00829282 0.06095381 0.00314264
v -0.00839371 0.06087135 0.00314264
v -0.00800569 0.06108248 0.00339435
v -0.00816866 0.06105348 0.00314264
v -0.00853469 0.06075990 0.00312891
v -0.00820487 0.06108248 0.00298818
v -0.00823591 0.06110604 0.00285431
v -0.00854115 0.06097193 0.00254081
v -0.00833033 0.06120299 0.00234288
v -0.00826049 0.06112506 0.00274218
v -0.00823333 0.06130357 0.00224791
v -0.00800440 0.06148479 0.00217927
v -0.00803156 0.06150291 0.00204654
v -0.00793067 0.06159986 0.00194243
v -0.00792291 0.06165333 0.00175593
v -0.00785048 0.06171585 0.00169872
v -0.00797594 0.06166511 0.00154198
v -0.00825143 0.06151650 0.00134175
v -0.00811692 0.06164789 0.00114839
v -0.00816090 0.06165423 0.00094130
v -0.00818288 0.06166782 0.00074222
v -0.00819452 0.06167598 0.00060721
v -0.00841699 0.06149204 0.00074222
v -0.00833809 0.06156724 0.00060721
v -0.00842604 0.06149929 0.00061407
v -0.00853081 0.06140505 0.00074222
v -0.00851917 0.06142861 0.00060721
v -0.00052859 0.06238002 0.00614373
v -0.00032812 0.06230935 0.00625471
v -0.00032812 0.06238455 0.00614373
v -0.00018326 0.06231116 0.00625585
v -0.00018326 0.06236372 0.00617462
v -0.00018326 0.06238365 0.00614373
v -0.00312960 0.06267270 0.00497670
v -0.00331327 0.06264551 0.00492521
v -0.00353314 0.06266454 0.00473872
v -0.00331973 0.06253950 0.00514374
v -0.00324601 0.06250779 0.00525358
v -0.00092955 0.06229485 0.00623297
v -0.00112873 0.06235556 0.00611970
v -0.00112873 0.06228579 0.00622039
v -0.00072131 0.06235918 0.00616089
v -0.00064888 0.06230391 0.00624556
v -0.00052859 0.06230663 0.00624899
v -0.00132920 0.06234378 0.00610483
v -0.00152968 0.06226404 0.00618606
v -0.00132920 0.06227582 0.00620437
v -0.00252947 0.06208282 0.00621352
v -0.00232770 0.06204748 0.00632908
v -0.00226045 0.06210729 0.00625242
v -0.00212981 0.06219790 0.00614373
v -0.00213499 0.06245251 0.00573069
v -0.00232899 0.06241083 0.00574328
v -0.00198107 0.06229394 0.00603046
v -0.00192934 0.06213538 0.00629475
v -0.00192934 0.06207014 0.00639430
v -0.00172886 0.06215078 0.00631535
v -0.00212981 0.06211906 0.00626958
v -0.00212981 0.06205564 0.00636912
v -0.00312960 0.06246792 0.00538516
v -0.00313219 0.06236190 0.00555564
v -0.00306752 0.06231297 0.00565975
v -0.00294465 0.06165786 0.00673640
v -0.00292913 0.06233019 0.00568721
v -0.00272995 0.06173488 0.00669521
v -0.00272995 0.06212541 0.00608080
v -0.00265105 0.06190704 0.00645150
v -0.00466227 0.06351357 0.00060721
v -0.00493000 0.06339940 0.00074222
v -0.00472048 0.06347279 0.00074336
v -0.00471401 0.06349635 0.00060721
v -0.00482783 0.06345648 0.00060721
v -0.00523654 0.06330516 0.00065641
v -0.00503994 0.06330607 0.00105800
v -0.00473082 0.06343383 0.00094130
v -0.00516928 0.06328160 0.00094130
v -0.00441653 0.06329882 0.00202481
v -0.00500114 0.06329248 0.00119187
v -0.00513048 0.06321817 0.00134175
v -0.00486792 0.06331513 0.00130285
v -0.00513048 0.06317649 0.00154198
v -0.00493000 0.06324355 0.00154198
v -0.00493000 0.06319915 0.00174220
v -0.00478902 0.06328976 0.00154198
v -0.00468943 0.06332147 0.00154198
v -0.00464546 0.06330788 0.00166440
v -0.00453164 0.06332781 0.00173534
v -0.00438807 0.06309041 0.00298703
v -0.00451483 0.06306232 0.00292982
v -0.00453035 0.06300524 0.00314264
v -0.00453681 0.06294453 0.00334629
v -0.00460795 0.06289379 0.00341609
v -0.00473082 0.06279321 0.00354309
v -0.00471142 0.06272253 0.00372615
v -0.00463123 0.06270260 0.00384400
v -0.00453035 0.06278505 0.00374331
v -0.00439454 0.06289107 0.00361631
v -0.00419148 0.06268991 0.00421584
v -0.00411387 0.06284486 0.00392523
v -0.00416949 0.06288292 0.00379937
v -0.00360299 0.06269444 0.00462430
v -0.00383192 0.06270350 0.00444467
v -0.00403498 0.06290466 0.00384628
v -0.00018326 0.05935090 0.00974092
v -0.00018326 0.05948410 0.00962765
v -0.00032812 0.05959918 0.00952925
v -0.00032812 0.05969885 0.00944115
v -0.00052859 0.05969975 0.00944230
v -0.00032812 0.05990816 0.00925008
v -0.00052859 0.05990544 0.00924779
v -0.00067992 0.05990363 0.00924550
v -0.00081314 0.05990091 0.00924322
v -0.00092955 0.05989638 0.00923864
v -0.00432987 0.05815031 0.00987822
v -0.00445662 0.05811678 0.00985419
v -0.00112873 0.05998790 0.00912995
v -0.00132920 0.05997521 0.00911736
v -0.00152968 0.05995800 0.00910020
v -0.00152968 0.05985651 0.00919974
v -0.00172886 0.05983658 0.00918029
v -0.00192934 0.05991813 0.00906015
v -0.00204833 0.05990544 0.00904757
v -0.00232899 0.05987463 0.00901668
v -0.00252947 0.05985289 0.00899379
v -0.00252947 0.05995075 0.00889425
v -0.00272995 0.05983114 0.00896977
v -0.00272995 0.05992719 0.00887023
v -0.00301320 0.05969704 0.00903956
v -0.00312960 0.05968163 0.00902354
v -0.00403368 0.05930379 0.00904528
v -0.00413069 0.05906820 0.00921347
v -0.00441523 0.05889513 0.00923750
v -0.00439842 0.05868582 0.00942971
v -0.00453035 0.05855172 0.00948692
v -0.00471789 0.05839496 0.00953841
v -0.00464029 0.05830707 0.00964824
v -0.00349175 0.05972150 0.00886450
v -0.00333008 0.05984745 0.00878441
v -0.00360816 0.05989457 0.00863568
v -0.00372974 0.05987282 0.00861165
v -0.00372974 0.05977315 0.00872034
v -0.00393021 0.05973419 0.00867801
v -0.00405050 0.05970972 0.00865284
v -0.00372974 0.05967801 0.00881988
v -0.00393021 0.05963542 0.00877869
v -0.00393021 0.05953484 0.00887595
v -0.00393021 0.05942973 0.00897549
v -0.00333008 0.05974687 0.00889196
v -0.00417854 0.05947776 0.00882103
v -0.00439971 0.05788301 0.01003153
v -0.00458984 0.05807782 0.00982788
v -0.00467779 0.05733300 0.01026379
v -0.00481101 0.05728860 0.01023633
v -0.00553014 0.05684461 0.01021116
v -0.00533872 0.05681289 0.01030842
v -0.00531544 0.05719799 0.01008302
v -0.00573061 0.05694156 0.01006929
v -0.00571509 0.05678480 0.01016883
v -0.00577071 0.05665251 0.01021917
v -0.00542925 0.05650029 0.01044343
v -0.00514341 0.05640696 0.01060933
v -0.00521843 0.05629188 0.01063907
v -0.00453035 0.05784133 0.01000522
v -0.00469590 0.05794372 0.00987135
v -0.00494423 0.05801711 0.00972033
v -0.00493000 0.05786670 0.00982215
v -0.00512919 0.05760755 0.00990224
v -0.00513048 0.05744264 0.01000636
v -0.00557023 0.05520093 0.01101435
v -0.00547064 0.05520093 0.01106355
v -0.00531544 0.05498708 0.01119513
v -0.00557153 0.05564582 0.01081756
v -0.00564137 0.05551172 0.01084960
v -0.00571768 0.05538396 0.01087019
v -0.00623504 0.05530513 0.01064594
v -0.00641482 0.05507769 0.01063564
v -0.00632687 0.05487835 0.01074777
v -0.00533096 0.05624658 0.01061619
v -0.00553014 0.05635893 0.01047432
v -0.00543443 0.05610432 0.01064594
v -0.00551332 0.05598924 0.01067111
v -0.00556765 0.05604814 0.01061734
v -0.00585090 0.05651931 0.01025350
v -0.00564525 0.05591403 0.01065051
v -0.00492612 0.05487835 0.01137476
v -0.00523913 0.05491188 0.01124776
v -0.00512660 0.05487835 0.01130039
v -0.00887744 0.05487835 0.00908761
v -0.00876491 0.05487835 0.00918372
v -0.00870153 0.05487835 0.00923750
v -0.00864850 0.05492819 0.00925695
v -0.00873387 0.05500611 0.00914711
v -0.00868084 0.05520093 0.00908761
v -0.00878172 0.05520093 0.00899723
v -0.00854374 0.05562136 0.00895604
v -0.00862522 0.05569385 0.00883933
v -0.00867049 0.05556065 0.00888052
v -0.00860453 0.05506139 0.00922377
v -0.00853469 0.05521633 0.00919631
v -0.00838853 0.05540118 0.00921118
v -0.00833162 0.05560233 0.00914596
v -0.00846355 0.05554797 0.00907045
v -0.00823591 0.05590860 0.00904871
v -0.00841569 0.05568116 0.00903155
v -0.00785436 0.05673134 0.00886450
v -0.00787894 0.05695787 0.00868487
v -0.00848812 0.05580077 0.00889425
v -0.00831740 0.05598199 0.00893201
v -0.00818806 0.05604270 0.00900752
v -0.00803673 0.05651116 0.00884963
v -0.00811821 0.05658455 0.00873178
v -0.00798758 0.05664436 0.00880730
v -0.00767458 0.05794825 0.00808305
v -0.00760991 0.05808145 0.00802585
v -0.00768363 0.05815665 0.00789198
v -0.00782073 0.05709197 0.00863568
v -0.00774442 0.05721883 0.00860250
v -0.00762543 0.05729675 0.00863911
v -0.00764354 0.05751603 0.00845490
v -0.00771985 0.05759033 0.00833477
v -0.00766165 0.05773440 0.00826841
v -0.00759698 0.05786760 0.00821577
v -0.00779487 0.05766554 0.00821349
v -0.00773537 0.05780689 0.00814827
v -0.00741461 0.05848829 0.00783020
v -0.00728398 0.05874925 0.00768947
v -0.00727751 0.05894315 0.00748810
v -0.00727104 0.05913797 0.00728215
v -0.00754783 0.05821917 0.00795834
v -0.00748445 0.05835509 0.00789198
v -0.00726328 0.05933187 0.00707506
v -0.00739650 0.05927117 0.00700870
v -0.00718439 0.05946507 0.00700069
v -0.00704082 0.05970972 0.00685310
v -0.00717404 0.05965717 0.00679017
v -0.00724388 0.05971244 0.00665630
v -0.00744177 0.05971063 0.00645493
v -0.00788282 0.05974506 0.00594350
v -0.00795395 0.05982208 0.00576959
v -0.00807295 0.05993625 0.00549042
v -0.00774184 0.05985108 0.00595723
v -0.00781556 0.05989004 0.00582909
v -0.00768234 0.05994440 0.00589888
v -0.00787894 0.05994078 0.00569522
v -0.00773925 0.06000964 0.00575243
v -0.00779487 0.06007398 0.00560598
v -0.00785695 0.06012291 0.00547326
v -0.00812727 0.05999968 0.00534054
v -0.00804966 0.06011566 0.00526502
v -0.00822945 0.06010116 0.00504192
v -0.00833421 0.06005314 0.00496297
v -0.00809364 0.06015100 0.00514374
v -0.00833421 0.06016640 0.00473529
v -0.00844156 0.06011113 0.00466320
v -0.00865238 0.06012019 0.00428106
v -0.00856961 0.06045092 0.00374331
v -0.00808717 0.06094928 0.00354309
v -0.00796559 0.06104895 0.00354309
v -0.00803932 0.06110875 0.00326163
v -0.00786471 0.06112869 0.00354309
v -0.00793585 0.06115859 0.00333371
v -0.00806777 0.06113050 0.00314264
v -0.00792033 0.06123833 0.00314378
v -0.00813503 0.06115406 0.00292982
v -0.00797723 0.06126461 0.00294241
v -0.00820358 0.06128273 0.00238178
v -0.00811563 0.06123198 0.00273532
v -0.00816736 0.06125736 0.00254196
v -0.00813373 0.06134978 0.00232572
v -0.00796947 0.06146032 0.00234173
v -0.00786988 0.06152919 0.00234173
v -0.00771597 0.06163520 0.00233487
v -0.00776383 0.06165786 0.00214265
v -0.00793455 0.06154731 0.00212435
v -0.00780521 0.06168504 0.00194243
v -0.00782591 0.06169954 0.00183144
v -0.00774830 0.06177112 0.00175593
v -0.00787635 0.06173306 0.00154198
v -0.00759439 0.06187804 0.00174220
v -0.00761767 0.06189435 0.00160262
v -0.00802380 0.06169773 0.00121818
v -0.00742625 0.06210004 0.00122734
v -0.00804190 0.06171041 0.00108546
v -0.00806001 0.06172310 0.00094130
v -0.00791774 0.06184995 0.00075252
v -0.00800052 0.06181552 0.00060721
v -0.00032812 0.06223958 0.00635425
v -0.00018326 0.06224230 0.00635654
v -0.00354220 0.06256034 0.00495839
v -0.00372974 0.06260111 0.00474329
v -0.00348399 0.06252047 0.00507853
v -0.00360040 0.06229213 0.00542635
v -0.00346718 0.06231478 0.00546296
v -0.00337923 0.06248604 0.00521125
v -0.00384614 0.06230754 0.00525358
v -0.00420312 0.06209279 0.00542749
v -0.00372974 0.06227129 0.00538859
v -0.00133308 0.06116221 0.00776155
v -0.00126971 0.06110513 0.00784736
v -0.00112873 0.06135431 0.00751556
v -0.00128264 0.06210729 0.00645150
v -0.00152968 0.06126732 0.00759450
v -0.00141586 0.06210094 0.00644235
v -0.00112873 0.06118940 0.00774324
v -0.00092955 0.06136065 0.00752357
v -0.00072907 0.06153916 0.00729359
v -0.00052859 0.06188982 0.00682564
v -0.00032812 0.06196774 0.00673296
v -0.00032812 0.06213991 0.00649498
v -0.00018326 0.06212269 0.00652702
v -0.00172886 0.06208373 0.00641603
v -0.00152968 0.06216437 0.00633251
v -0.00186596 0.06190704 0.00664944
v -0.00252947 0.06185629 0.00656935
v -0.00232899 0.06187442 0.00659910
v -0.00212981 0.06195506 0.00652358
v -0.00212981 0.06188982 0.00662312
v -0.00333008 0.06233653 0.00549843
v -0.00333008 0.06227401 0.00559797
v -0.00320074 0.06229394 0.00563001
v -0.00327964 0.06211816 0.00586799
v -0.00302096 0.06170044 0.00663914
v -0.00312960 0.06152013 0.00686797
v -0.00292913 0.06154822 0.00690916
v -0.00272995 0.06167145 0.00679475
v -0.00288774 0.06171675 0.00666546
v -0.00520679 0.06329429 0.00078913
v -0.00500243 0.06339487 0.00060721
v -0.00524559 0.06330879 0.00060721
v -0.00553014 0.06318556 0.00074222
v -0.00554954 0.06314387 0.00095961
v -0.00513307 0.06334865 0.00060721
v -0.00511625 0.06326529 0.00113123
v -0.00533096 0.06318918 0.00114153
v -0.00533096 0.06322452 0.00094130
v -0.00443852 0.06310491 0.00285431
v -0.00534518 0.06314206 0.00135205
v -0.00528569 0.06312213 0.00154198
v -0.00524689 0.06310854 0.00166669
v -0.00513436 0.06313209 0.00173648
v -0.00479937 0.06309223 0.00239780
v -0.00473082 0.06317287 0.00214265
v -0.00473082 0.06321817 0.00194243
v -0.00506969 0.06311669 0.00190124
v -0.00457820 0.06308588 0.00274218
v -0.00473082 0.06303242 0.00274218
v -0.00473082 0.06298077 0.00294241
v -0.00472953 0.06293094 0.00313005
v -0.00466098 0.06291554 0.00328336
v -0.00472953 0.06286660 0.00334629
v -0.00503736 0.06270532 0.00344927
v -0.00491448 0.06272435 0.00352707
v -0.00483688 0.06270532 0.00364835
v -0.00471142 0.06263555 0.00392294
v -0.00491448 0.06264008 0.00372615
v -0.00492612 0.06254131 0.00394010
v -0.00472048 0.06253497 0.00413690
v -0.00464675 0.06250869 0.00425703
v -0.00453035 0.06260474 0.00414262
v -0.00453035 0.06272163 0.00388519
v -0.00441523 0.06269716 0.00403164
v -0.00434151 0.06267089 0.00414605
v -0.00428202 0.06271982 0.00408198
v -0.00432987 0.06258571 0.00434284
v -0.00412681 0.06265729 0.00433483
v -0.00405826 0.06271166 0.00426390
v -0.00372974 0.06267451 0.00458083
v -0.00018326 0.05969794 0.00944001
v -0.00018326 0.05987916 0.00927754
v -0.00018326 0.05990907 0.00925008
v -0.00032812 0.06000783 0.00915168
v -0.00018326 0.05998155 0.00918029
v -0.00018326 0.06011113 0.00905329
v -0.00052859 0.06010660 0.00904871
v -0.00075106 0.06000240 0.00914482
v -0.00082219 0.06010116 0.00904299
v -0.00092955 0.06009663 0.00903841
v -0.00471660 0.05820286 0.00969058
v -0.00112873 0.06008757 0.00902926
v -0.00132920 0.06007579 0.00901668
v -0.00152968 0.06005857 0.00899951
v -0.00172886 0.05993897 0.00908075
v -0.00192934 0.06001870 0.00895947
v -0.00211171 0.05999786 0.00894002
v -0.00252947 0.06014647 0.00869059
v -0.00217637 0.06009029 0.00883132
v -0.00232899 0.06007307 0.00881416
v -0.00216732 0.06028782 0.00862881
v -0.00272995 0.06002777 0.00876496
v -0.00286575 0.05991088 0.00885306
v -0.00299897 0.05989366 0.00883476
v -0.00312960 0.05977587 0.00892286
v -0.00432987 0.05912981 0.00906816
v -0.00411258 0.05920321 0.00910020
v -0.00432987 0.05934003 0.00887823
v -0.00450707 0.05919052 0.00893315
v -0.00473082 0.05913978 0.00887709
v -0.00469590 0.05893591 0.00907388
v -0.00493000 0.05866226 0.00920889
v -0.00453035 0.05865139 0.00939996
v -0.00466098 0.05851819 0.00945717
v -0.00493000 0.05844751 0.00939653
v -0.00493000 0.05834694 0.00948349
v -0.00505288 0.05831432 0.00945488
v -0.00477350 0.05826992 0.00961850
v -0.00488603 0.05813581 0.00966769
v -0.00333008 0.06003864 0.00857275
v -0.00312960 0.05987645 0.00881531
v -0.00312960 0.05996796 0.00871577
v -0.00312960 0.06015825 0.00850639
v -0.00358617 0.06008757 0.00842744
v -0.00372974 0.06006310 0.00839998
v -0.00372974 0.05996253 0.00851211
v -0.00333008 0.06012834 0.00847321
v -0.00402204 0.06009844 0.00823980
v -0.00393021 0.05992538 0.00846977
v -0.00393021 0.05983476 0.00856931
v -0.00417078 0.05987735 0.00841714
v -0.00432987 0.05984383 0.00838168
v -0.00446180 0.05971516 0.00845833
v -0.00418372 0.05968073 0.00862195
v -0.00432987 0.05964720 0.00858877
v -0.00446050 0.05951581 0.00865741
v -0.00459372 0.05948410 0.00862652
v -0.00474893 0.05800714 0.00980842
v -0.00583538 0.05690532 0.01004641
v -0.00529474 0.05754503 0.00987135
v -0.00501925 0.05809413 0.00963909
v -0.00542796 0.05749972 0.00984275
v -0.00591428 0.05679205 0.01007730
v -0.00605267 0.05671956 0.01005442
v -0.00592333 0.05659180 0.01018256
v -0.00617942 0.05487835 0.01082099
v -0.00544089 0.05487835 0.01117568
v -0.00568535 0.05487835 0.01106470
v -0.00564784 0.05487835 0.01108300
v -0.00554049 0.05500521 0.01109330
v -0.00553402 0.05487835 0.01113563
v -0.00528181 0.05487835 0.01124089
v -0.00535294 0.05487835 0.01121229
v -0.00585090 0.05611972 0.01045372
v -0.00571897 0.05579080 0.01067683
v -0.00571768 0.05558783 0.01077637
v -0.00604103 0.05551263 0.01064937
v -0.00611734 0.05538305 0.01066997
v -0.00617425 0.05543833 0.01061619
v -0.00643939 0.05551082 0.01044915
v -0.00648337 0.05540118 0.01047317
v -0.00637214 0.05520093 0.01061276
v -0.00654674 0.05521542 0.01051207
v -0.00652734 0.05500702 0.01060017
v -0.00657779 0.05487835 0.01061848
v -0.00645879 0.05494450 0.01065852
v -0.00648725 0.05487835 0.01066539
v -0.00598412 0.05645770 0.01022261
v -0.00525206 0.05487835 0.01125234
v -0.00866273 0.05487835 0.00926724
v -0.00843251 0.05487835 0.00943314
v -0.00812856 0.05501064 0.00959104
v -0.00801992 0.05508313 0.00963566
v -0.00824626 0.05512391 0.00945488
v -0.00847131 0.05515924 0.00927296
v -0.00824626 0.05552350 0.00925580
v -0.00819970 0.05565670 0.00922033
v -0.00792291 0.05619130 0.00913910
v -0.00812468 0.05598562 0.00909448
v -0.00805484 0.05613603 0.00906473
v -0.00793714 0.05641783 0.00899379
v -0.00782591 0.05649575 0.00904070
v -0.00764225 0.05671503 0.00905329
v -0.00779875 0.05686454 0.00881759
v -0.00766553 0.05694065 0.00887251
v -0.00774313 0.05701586 0.00875467
v -0.00753748 0.05800896 0.00814941
v -0.00747669 0.05814850 0.00808305
v -0.00760474 0.05707476 0.00882331
v -0.00768751 0.05716356 0.00869059
v -0.00754783 0.05721974 0.00875810
v -0.00749221 0.05736381 0.00869174
v -0.00751937 0.05759033 0.00849495
v -0.00757887 0.05764923 0.00840227
v -0.00746376 0.05793647 0.00826955
v -0.00739650 0.05806967 0.00821692
v -0.00740814 0.05828169 0.00802470
v -0.00727492 0.05834150 0.00807962
v -0.00728139 0.05854718 0.00788512
v -0.00720120 0.05868038 0.00782219
v -0.00720249 0.05888244 0.00762196
v -0.00719861 0.05907726 0.00741487
v -0.00719215 0.05927117 0.00720893
v -0.00705117 0.05951853 0.00706133
v -0.00696580 0.05965173 0.00698582
v -0.00683258 0.05970338 0.00704531
v -0.00691148 0.05974144 0.00692861
v -0.00681448 0.05989094 0.00682907
v -0.00694511 0.05985651 0.00675470
v -0.00702142 0.05989548 0.00663457
v -0.00722319 0.05989729 0.00643777
v -0.00731890 0.05975140 0.00653045
v -0.00754395 0.05985651 0.00615860
v -0.00751679 0.05974778 0.00632794
v -0.00742237 0.05989548 0.00623526
v -0.00799017 0.06006945 0.00539775
v -0.00761897 0.05989276 0.00603275
v -0.00748575 0.05994622 0.00610254
v -0.00759827 0.06007760 0.00581078
v -0.00766165 0.06012563 0.00567692
v -0.00771468 0.06019087 0.00552703
v -0.00763449 0.06030504 0.00544809
v -0.00792679 0.06016096 0.00533596
v -0.00777935 0.06026517 0.00534283
v -0.00782461 0.06029779 0.00523642
v -0.00787635 0.06033584 0.00510370
v -0.00800957 0.06028601 0.00501217
v -0.00805354 0.06031953 0.00487945
v -0.00796818 0.06045454 0.00474329
v -0.00801086 0.06048716 0.00461286
v -0.00805354 0.06051978 0.00448014
v -0.00819711 0.06027513 0.00474329
v -0.00822815 0.06030051 0.00464032
v -0.00826954 0.06013378 0.00490919
v -0.00833292 0.06036303 0.00433255
v -0.00809105 0.06075265 0.00394239
v -0.00800957 0.06088495 0.00380853
v -0.00783367 0.06110513 0.00364949
v -0.00771985 0.06123289 0.00353851
v -0.00764613 0.06131263 0.00346872
v -0.00778064 0.06126732 0.00334286
v -0.00781427 0.06129088 0.00321014
v -0.00784660 0.06131353 0.00307742
v -0.00787764 0.06133619 0.00294241
v -0.00793843 0.06135884 0.00273532
v -0.00791774 0.06143586 0.00253853
v -0.00784143 0.06151016 0.00246873
v -0.00773925 0.06155909 0.00253853
v -0.00766423 0.06172491 0.00214265
v -0.00757628 0.06166692 0.00254196
v -0.00753748 0.06175390 0.00233487
v -0.00751291 0.06183092 0.00212778
v -0.00743401 0.06190522 0.00205226
v -0.00755688 0.06185267 0.00194243
v -0.00763837 0.06190794 0.00146990
v -0.00775736 0.06185358 0.00134175
v -0.00790610 0.06175300 0.00134175
v -0.00749351 0.06194509 0.00174220
v -0.00754265 0.06195778 0.00153854
v -0.00731502 0.06224864 0.00074107
v -0.00746246 0.06212360 0.00094130
v -0.00756206 0.06205745 0.00094130
v -0.00771209 0.06195687 0.00094130
v -0.00793067 0.06181008 0.00094130
v -0.00737451 0.06206742 0.00154198
v -0.00727492 0.06212994 0.00154198
v -0.00730726 0.06214987 0.00134175
v -0.00712101 0.06225951 0.00135662
v -0.00717404 0.06226857 0.00114153
v -0.00710290 0.06234740 0.00094130
v -0.00720249 0.06228579 0.00094130
v -0.00722060 0.06229666 0.00080629
v -0.00782591 0.06189979 0.00082574
v -0.00774830 0.06196412 0.00075252
v -0.00773537 0.06199583 0.00060721
v -0.00785178 0.06191700 0.00060721
v -0.00794619 0.06185267 0.00060721
v -0.00361721 0.06249872 0.00503505
v -0.00372974 0.06252863 0.00489661
v -0.00384873 0.06250869 0.00485656
v -0.00413586 0.06255400 0.00455337
v -0.00372974 0.06240449 0.00514374
v -0.00354220 0.06246701 0.00514374
v -0.00406861 0.06211544 0.00546525
v -0.00413069 0.06188348 0.00581307
v -0.00367930 0.06211816 0.00566891
v -0.00462994 0.06170226 0.00584396
v -0.00397936 0.06228579 0.00521011
v -0.00432987 0.06212631 0.00528791
v -0.00432987 0.06207104 0.00538745
v -0.00453035 0.06193694 0.00550186
v -0.00441653 0.06189797 0.00563573
v -0.00140293 0.06109969 0.00784049
v -0.00133308 0.06104170 0.00792516
v -0.00112873 0.06103355 0.00795377
v -0.00112873 0.06110966 0.00785308
v -0.00152968 0.06185358 0.00677415
v -0.00172498 0.06156000 0.00715973
v -0.00165514 0.06150472 0.00724668
v -0.00172886 0.06125826 0.00758192
v -0.00152968 0.06109426 0.00783363
v -0.00172886 0.06191428 0.00665974
v -0.00072907 0.06136609 0.00753158
v -0.00018326 0.06170588 0.00710367
v -0.00018326 0.06189888 0.00683822
v -0.00018326 0.06207104 0.00659910
v -0.00199918 0.06189888 0.00663685
v -0.00212981 0.06172128 0.00687026
v -0.00192934 0.06156181 0.00712655
v -0.00252947 0.06175572 0.00672495
v -0.00252947 0.06169048 0.00682449
v -0.00241695 0.06170044 0.00683937
v -0.00228373 0.06171132 0.00685539
v -0.00374008 0.06205473 0.00573870
v -0.00389012 0.06192153 0.00587371
v -0.00341286 0.06209732 0.00583481
v -0.00334043 0.06216890 0.00575815
v -0.00323437 0.06150382 0.00684509
v -0.00312960 0.06168413 0.00661397
v -0.00334043 0.06205383 0.00593893
v -0.00312960 0.06160168 0.00674212
v -0.00312960 0.06134887 0.00710939
v -0.00333008 0.06124829 0.00716659
v -0.00292913 0.06147754 0.00700870
v -0.00279850 0.06149566 0.00703273
v -0.00266528 0.06151016 0.00705332
v -0.00273124 0.06156181 0.00695721
v -0.00541503 0.06324626 0.00060721
v -0.00553014 0.06320187 0.00060721
v -0.00568017 0.06312485 0.00074222
v -0.00565430 0.06311307 0.00090469
v -0.00562844 0.06310219 0.00103855
v -0.00550168 0.06312847 0.00114153
v -0.00546030 0.06311307 0.00129255
v -0.00542020 0.06309948 0.00142642
v -0.00538528 0.06308588 0.00154198
v -0.00532061 0.06306323 0.00173648
v -0.00520291 0.06309223 0.00180055
v -0.00513436 0.06307954 0.00195730
v -0.00498691 0.06308770 0.00214265
v -0.00493000 0.06300796 0.00254196
v -0.00534260 0.06294725 0.00214952
v -0.00512919 0.06293094 0.00253052
v -0.00487698 0.06292188 0.00294241
v -0.00483947 0.06290647 0.00305568
v -0.00479549 0.06288745 0.00318954
v -0.00522102 0.06269897 0.00322959
v -0.00533096 0.06261743 0.00334286
v -0.00507874 0.06272253 0.00334286
v -0.00546030 0.06251685 0.00347444
v -0.00511496 0.06264098 0.00352707
v -0.00485628 0.06251322 0.00406596
v -0.00512919 0.06254403 0.00374102
v -0.00506064 0.06251594 0.00387260
v -0.00477997 0.06248241 0.00419983
v -0.00465710 0.06231297 0.00466435
v -0.00456527 0.06247788 0.00438975
v -0.00443205 0.06250326 0.00444467
v -0.00451095 0.06252591 0.00433140
v -0.00479032 0.06228670 0.00460943
v -0.00432987 0.06252138 0.00448128
v -0.00018326 0.06021624 0.00893887
v -0.00024793 0.06030232 0.00884391
v -0.00052859 0.06029960 0.00884048
v -0.00052859 0.06020446 0.00894345
v -0.00072907 0.06029688 0.00883819
v -0.00092955 0.06029144 0.00883247
v -0.00112873 0.06018362 0.00892972
v -0.00132920 0.06017184 0.00891714
v -0.00152968 0.06025611 0.00879586
v -0.00152968 0.06015553 0.00889997
v -0.00172886 0.06013741 0.00888052
v -0.00192934 0.06021714 0.00875581
v -0.00204316 0.06010479 0.00884620
v -0.00252947 0.06033856 0.00848350
v -0.00232899 0.06026970 0.00860936
v -0.00192934 0.06031410 0.00865627
v -0.00203410 0.06030232 0.00864483
v -0.00194227 0.06043008 0.00853156
v -0.00272995 0.06012110 0.00866428
v -0.00297957 0.06008848 0.00862881
v -0.00284635 0.06010569 0.00864826
v -0.00486016 0.05931738 0.00865741
v -0.00458079 0.05927751 0.00882103
v -0.00491966 0.05919687 0.00873865
v -0.00484593 0.05910988 0.00885077
v -0.00491966 0.05900658 0.00890913
v -0.00514729 0.05880089 0.00898693
v -0.00509168 0.05873384 0.00907159
v -0.00522490 0.05869941 0.00904070
v -0.00514988 0.05861242 0.00915168
v -0.00507357 0.05852453 0.00926381
v -0.00520679 0.05848919 0.00923292
v -0.00494423 0.05820286 0.00959218
v -0.00546030 0.05831885 0.00925809
v -0.00518610 0.05827535 0.00942285
v -0.00312960 0.06044820 0.00818259
v -0.00292913 0.06028601 0.00842630
v -0.00280108 0.06049441 0.00823522
v -0.00277780 0.06068832 0.00802813
v -0.00292913 0.06075628 0.00790342
v -0.00352409 0.06017274 0.00835422
v -0.00340639 0.06049441 0.00803385
v -0.00352926 0.06028510 0.00822493
v -0.00372974 0.06025158 0.00818603
v -0.00388882 0.06012291 0.00826726
v -0.00312960 0.06053700 0.00808305
v -0.00327188 0.06051525 0.00805903
v -0.00342967 0.06030141 0.00824323
v -0.00413069 0.06007760 0.00821577
v -0.00413069 0.06026698 0.00800411
v -0.00429236 0.06032497 0.00787024
v -0.00453035 0.06036937 0.00771807
v -0.00432987 0.06012834 0.00807276
v -0.00444110 0.06010569 0.00804758
v -0.00451353 0.05999424 0.00813568
v -0.00473082 0.05985108 0.00818946
v -0.00473082 0.05975050 0.00829586
v -0.00487180 0.05971969 0.00826268
v -0.00459502 0.05968526 0.00842744
v -0.00473082 0.05965445 0.00839540
v -0.00513048 0.05956112 0.00830044
v -0.00527663 0.05952488 0.00826612
v -0.00500243 0.05948863 0.00842973
v -0.00473082 0.05944967 0.00859449
v -0.00565818 0.05732031 0.00985648
v -0.00579140 0.05727410 0.00982559
v -0.00584055 0.05750878 0.00964824
v -0.00588194 0.05714090 0.00986906
v -0.00601645 0.05709016 0.00983588
v -0.00596989 0.05685276 0.01001323
v -0.00512401 0.05820649 0.00950523
v -0.00529215 0.05814215 0.00947319
v -0.00542537 0.05809866 0.00944115
v -0.00513048 0.05805607 0.00961277
v -0.00554049 0.05780236 0.00959332
v -0.00524947 0.05791472 0.00965282
v -0.00623116 0.05690079 0.00984389
v -0.00618589 0.05665885 0.01002009
v -0.00612380 0.05659543 0.01008531
v -0.00605396 0.05632450 0.01025578
v -0.00598412 0.05605448 0.01042169
v -0.00605008 0.05592128 0.01045372
v -0.00618330 0.05585060 0.01042054
v -0.00597894 0.05564582 0.01061848
v -0.00611734 0.05558783 0.01057615
v -0.00631911 0.05579080 0.01037935
v -0.00632428 0.05599196 0.01028210
v -0.00638636 0.05605267 0.01022146
v -0.00652088 0.05578718 0.01027638
v -0.00663987 0.05571197 0.01024892
v -0.00678731 0.05560052 0.01022032
v -0.00682870 0.05549904 0.01024320
v -0.00662435 0.05529154 0.01043999
v -0.00673429 0.05521542 0.01040796
v -0.00673429 0.05499524 0.01049033
v -0.00672265 0.05487835 0.01053839
v -0.00612510 0.05639518 0.01018599
v -0.00814796 0.05487835 0.00963451
v -0.00772761 0.05498255 0.00988623
v -0.00779228 0.05503783 0.00981643
v -0.00743013 0.05510125 0.01004412
v -0.00765906 0.05514475 0.00986334
v -0.00772761 0.05520727 0.00978669
v -0.00788152 0.05520093 0.00968028
v -0.00806777 0.05535587 0.00947090
v -0.00784272 0.05531872 0.00965282
v -0.00828765 0.05540118 0.00928669
v -0.00802121 0.05548907 0.00943772
v -0.00798241 0.05560052 0.00940912
v -0.00793067 0.05580077 0.00934390
v -0.00806648 0.05575184 0.00926953
v -0.00801862 0.05588504 0.00923521
v -0.00797723 0.05600102 0.00920317
v -0.00778969 0.05624567 0.00921347
v -0.00787376 0.05636256 0.00907960
v -0.00774184 0.05641602 0.00915283
v -0.00760474 0.05646857 0.00922491
v -0.00753489 0.05661174 0.00919287
v -0.00741720 0.05668604 0.00923521
v -0.00752196 0.05678933 0.00909333
v -0.00744953 0.05692163 0.00905901
v -0.00758275 0.05684823 0.00900523
v -0.00747152 0.05714362 0.00887480
v -0.00740426 0.05727682 0.00882446
v -0.00742625 0.05749701 0.00864025
v -0.00732019 0.05799174 0.00833591
v -0.00726328 0.05813219 0.00826726
v -0.00733571 0.05820739 0.00814827
v -0.00718568 0.05826629 0.00821234
v -0.00712489 0.05839768 0.00813912
v -0.00719603 0.05847470 0.00801784
v -0.00713265 0.05860427 0.00794461
v -0.00706798 0.05873112 0.00787024
v -0.00697874 0.05886432 0.00780617
v -0.00713524 0.05880633 0.00774782
v -0.00706927 0.05893138 0.00767231
v -0.00684552 0.05911441 0.00765514
v -0.00684552 0.05931375 0.00745377
v -0.00684293 0.05951128 0.00725355
v -0.00705893 0.05932553 0.00726842
v -0.00697615 0.05945873 0.00719520
v -0.00673041 0.05965173 0.00718604
v -0.00661529 0.05969160 0.00723067
v -0.00659848 0.05988098 0.00701785
v -0.00674205 0.05984383 0.00694806
v -0.00668255 0.05993534 0.00688399
v -0.00673817 0.06000602 0.00674784
v -0.00679249 0.06007670 0.00660939
v -0.00688820 0.05994350 0.00669635
v -0.00699814 0.06007942 0.00641375
v -0.00708997 0.05994622 0.00650184
v -0.00720120 0.06008123 0.00621581
v -0.00728915 0.05994803 0.00630391
v -0.00740038 0.06007942 0.00601330
v -0.00746505 0.06012744 0.00588057
v -0.00743660 0.06030685 0.00565060
v -0.00740814 0.06048626 0.00541948
v -0.00746634 0.06052884 0.00528562
v -0.00759956 0.06047991 0.00520438
v -0.00753231 0.06056599 0.00514031
v -0.00753878 0.06066114 0.00496068
v -0.00738615 0.06087045 0.00478334
v -0.00783367 0.06050438 0.00484741
v -0.00786859 0.06053066 0.00474329
v -0.00772632 0.06083873 0.00434856
v -0.00772632 0.06095018 0.00412774
v -0.00783496 0.06090579 0.00405109
v -0.00786859 0.06093297 0.00394239
v -0.00801086 0.06068651 0.00421127
v -0.00779099 0.06107251 0.00378336
v -0.00765777 0.06112144 0.00388519
v -0.00772632 0.06114590 0.00372729
v -0.00760474 0.06128545 0.00360258
v -0.00768105 0.06133709 0.00334286
v -0.00741332 0.06149204 0.00341494
v -0.00752325 0.06144401 0.00334629
v -0.00774054 0.06136609 0.00314378
v -0.00761897 0.06149476 0.00301792
v -0.00744436 0.06171222 0.00267468
v -0.00747540 0.06173216 0.00254196
v -0.00740426 0.06188529 0.00218499
v -0.00745600 0.06191972 0.00194243
v -0.00733442 0.06194690 0.00212778
v -0.00719991 0.06208463 0.00194243
v -0.00732925 0.06200218 0.00194243
v -0.00732148 0.06205473 0.00175364
v -0.00734089 0.06225317 0.00060721
v -0.00748704 0.06213991 0.00074222
v -0.00723741 0.06230754 0.00067357
v -0.00758663 0.06207376 0.00074222
v -0.00724906 0.06211363 0.00169415
v -0.00713006 0.06221693 0.00154198
v -0.00700848 0.06228941 0.00154198
v -0.00694769 0.06236281 0.00135662
v -0.00704858 0.06231388 0.00130056
v -0.00707315 0.06232928 0.00114153
v -0.00691795 0.06245704 0.00095274
v -0.00714429 0.06235375 0.00074107
v -0.00760344 0.06208463 0.00060721
v -0.00372974 0.06247970 0.00499729
v -0.00391987 0.06234015 0.00514374
v -0.00392116 0.06244708 0.00493093
v -0.00407378 0.06251775 0.00467465
v -0.00413586 0.06246339 0.00474215
v -0.00436479 0.06168141 0.00601101
v -0.00453035 0.06171856 0.00586913
v -0.00476316 0.06167960 0.00580506
v -0.00472953 0.06160258 0.00594350
v -0.00453035 0.06165423 0.00596982
v -0.00413974 0.06226495 0.00514374
v -0.00444240 0.06210638 0.00525129
v -0.00465839 0.06191338 0.00546296
v -0.00132920 0.06092753 0.00807504
v -0.00112873 0.06093387 0.00808305
v -0.00092955 0.06103808 0.00796063
v -0.00092955 0.06111510 0.00785994
v -0.00072907 0.06129360 0.00763112
v -0.00172886 0.06115768 0.00772036
v -0.00192934 0.06124739 0.00756704
v -0.00152968 0.06100999 0.00794347
v -0.00172886 0.06108429 0.00781990
v -0.00032812 0.06147663 0.00740801
v -0.00018326 0.06165333 0.00717575
v -0.00212981 0.06165061 0.00696980
v -0.00252947 0.06152194 0.00706934
v -0.00232899 0.06153734 0.00709108
v -0.00331327 0.06154369 0.00674440
v -0.00362756 0.06110151 0.00724211
v -0.00333008 0.06131897 0.00706591
v -0.00443852 0.06110513 0.00684623
v -0.00312960 0.06127820 0.00720893
v -0.00333008 0.06114862 0.00730275
v -0.00300415 0.06129541 0.00723410
v -0.00287093 0.06131263 0.00725698
v -0.00272995 0.06132894 0.00727872
v -0.00252947 0.06134887 0.00730618
v -0.00252947 0.06144854 0.00717003
v -0.00557929 0.06318193 0.00060721
v -0.00569569 0.06313209 0.00060721
v -0.00577976 0.06307954 0.00074222
v -0.00572544 0.06307320 0.00095961
v -0.00573061 0.06303605 0.00114153
v -0.00560127 0.06309223 0.00114153
v -0.00552884 0.06307410 0.00135205
v -0.00553014 0.06297624 0.00174220
v -0.00533096 0.06300705 0.00194243
v -0.00513048 0.06303333 0.00214265
v -0.00533096 0.06278959 0.00274218
v -0.00523913 0.06290647 0.00245500
v -0.00552755 0.06292913 0.00192526
v -0.00552755 0.06286932 0.00214952
v -0.00562197 0.06269897 0.00263006
v -0.00554566 0.06275153 0.00255454
v -0.00526758 0.06271800 0.00309573
v -0.00533225 0.06267360 0.00315522
v -0.00553014 0.06259387 0.00314264
v -0.00564396 0.06250869 0.00325934
v -0.00552884 0.06253497 0.00333256
v -0.00559351 0.06248423 0.00339320
v -0.00573837 0.06235465 0.00354766
v -0.00580951 0.06229213 0.00361746
v -0.00567629 0.06232385 0.00369068
v -0.00539563 0.06248694 0.00360830
v -0.00532966 0.06254403 0.00354194
v -0.00492612 0.06245161 0.00413690
v -0.00493259 0.06226042 0.00454307
v -0.00507486 0.06232113 0.00428335
v -0.00512919 0.06245523 0.00394010
v -0.00520808 0.06229213 0.00422156
v -0.00486792 0.06231750 0.00447671
v -0.00487956 0.06212178 0.00488288
v -0.00473082 0.06214897 0.00494695
v -0.00466357 0.06211544 0.00506938
v -0.00432987 0.06239452 0.00474329
v -0.00451483 0.06223958 0.00492636
v -0.00451741 0.06213538 0.00513917
v -0.00501278 0.06209460 0.00482796
v -0.00018326 0.06030232 0.00884391
v -0.00052859 0.06048988 0.00862995
v -0.00072907 0.06048807 0.00862767
v -0.00018326 0.06038749 0.00874895
v -0.00018326 0.06049169 0.00863224
v -0.00092955 0.06048354 0.00862309
v -0.00112873 0.06047720 0.00861622
v -0.00112873 0.06037662 0.00872377
v -0.00132920 0.06046723 0.00860593
v -0.00132920 0.06036665 0.00871233
v -0.00152968 0.06035215 0.00869632
v -0.00172886 0.06023708 0.00877755
v -0.00252947 0.06052975 0.00827413
v -0.00266786 0.06051163 0.00825467
v -0.00274676 0.06023617 0.00853385
v -0.00232899 0.06036303 0.00850868
v -0.00232899 0.06046270 0.00840113
v -0.00188277 0.06051435 0.00845604
v -0.00212981 0.06048626 0.00842630
v -0.00172886 0.06043461 0.00857275
v -0.00282436 0.06030051 0.00844117
v -0.00513048 0.05935634 0.00849380
v -0.00513048 0.05914793 0.00868487
v -0.00513048 0.05893681 0.00887366
v -0.00524042 0.05890782 0.00884849
v -0.00531673 0.05880361 0.00890455
v -0.00533096 0.05867042 0.00901553
v -0.00533096 0.05857074 0.00910249
v -0.00533096 0.05845476 0.00920317
v -0.00547840 0.05852906 0.00906702
v -0.00561162 0.05849101 0.00903384
v -0.00573061 0.05835600 0.00909105
v -0.00559351 0.05827898 0.00922491
v -0.00264458 0.06070554 0.00804758
v -0.00261871 0.06089944 0.00784049
v -0.00272995 0.06088404 0.00782333
v -0.00292913 0.06094475 0.00769176
v -0.00324860 0.06070825 0.00784965
v -0.00322402 0.06090035 0.00764141
v -0.00397548 0.06048263 0.00782104
v -0.00352926 0.06066023 0.00779587
v -0.00312960 0.06072638 0.00787024
v -0.00440489 0.06049260 0.00763340
v -0.00469461 0.06052703 0.00747094
v -0.00482783 0.06050075 0.00744233
v -0.00457432 0.06007760 0.00801784
v -0.00473082 0.06013741 0.00788168
v -0.00491319 0.06019449 0.00773523
v -0.00498562 0.06008213 0.00782219
v -0.00499597 0.05988641 0.00802699
v -0.00513048 0.05975684 0.00810250
v -0.00500502 0.05968979 0.00823179
v -0.00513048 0.05966079 0.00820204
v -0.00534260 0.05960824 0.00814941
v -0.00540985 0.05949135 0.00823294
v -0.00533742 0.05940618 0.00834735
v -0.00513048 0.05945601 0.00839998
v -0.00554049 0.05761389 0.00971804
v -0.00573061 0.05754775 0.00967456
v -0.00573061 0.05764833 0.00960705
v -0.00579011 0.05787304 0.00942399
v -0.00587806 0.05773984 0.00946976
v -0.00597377 0.05745714 0.00961277
v -0.00605784 0.05732394 0.00965854
v -0.00591686 0.05739461 0.00968486
v -0.00615097 0.05701496 0.00981300
v -0.00609664 0.05695696 0.00987936
v -0.00569699 0.05814578 0.00927525
v -0.00583020 0.05810138 0.00924322
v -0.00574355 0.05801077 0.00934962
v -0.00553014 0.05796274 0.00948692
v -0.00561292 0.05768910 0.00963566
v -0.00626996 0.05713456 0.00966655
v -0.00633463 0.05700771 0.00971460
v -0.00648078 0.05694519 0.00967342
v -0.00633075 0.05685639 0.00981643
v -0.00633075 0.05675671 0.00987822
v -0.00643810 0.05670778 0.00984733
v -0.00625444 0.05652566 0.01005670
v -0.00618847 0.05625835 0.01022261
v -0.00625314 0.05612425 0.01025464
v -0.00632428 0.05619493 0.01018370
v -0.00644974 0.05632178 0.01005442
v -0.00652217 0.05618858 0.01008073
v -0.00652088 0.05599196 0.01017798
v -0.00658037 0.05584517 0.01021688
v -0.00671618 0.05578718 0.01017112
v -0.00683388 0.05590588 0.01004641
v -0.00687526 0.05580077 0.01007272
v -0.00694381 0.05561321 0.01012078
v -0.00713524 0.05540118 0.01010247
v -0.00725423 0.05533412 0.01006014
v -0.00693735 0.05541930 0.01021231
v -0.00712489 0.05520183 0.01019171
v -0.00700848 0.05526979 0.01023176
v -0.00687526 0.05536584 0.01026951
v -0.00705375 0.05513659 0.01025807
v -0.00718827 0.05503601 0.01022032
v -0.00686104 0.05487835 0.01046173
v -0.00786471 0.05487835 0.00983359
v -0.00759698 0.05487835 0.01002124
v -0.00745988 0.05500068 0.01006471
v -0.00731114 0.05498165 0.01016540
v -0.00732407 0.05518099 0.01007844
v -0.00738745 0.05523445 0.01001437
v -0.00761508 0.05527794 0.00983359
v -0.00779616 0.05545282 0.00961964
v -0.00773020 0.05539211 0.00969744
v -0.00772890 0.05579080 0.00949607
v -0.00787764 0.05600102 0.00927869
v -0.00772632 0.05618768 0.00929127
v -0.00765647 0.05633537 0.00926152
v -0.00753489 0.05640152 0.00931072
v -0.00747152 0.05655284 0.00927182
v -0.00728656 0.05640152 0.00948234
v -0.00732925 0.05659996 0.00934276
v -0.00718439 0.05664708 0.00941369
v -0.00705117 0.05672409 0.00945832
v -0.00728398 0.05676034 0.00927983
v -0.00722189 0.05689354 0.00923864
v -0.00734218 0.05681652 0.00920432
v -0.00732148 0.05699321 0.00909791
v -0.00724906 0.05712006 0.00905787
v -0.00738227 0.05705482 0.00900867
v -0.00732666 0.05719890 0.00894116
v -0.00727104 0.05734115 0.00887366
v -0.00722189 0.05769454 0.00863796
v -0.00724259 0.05791381 0.00845261
v -0.00716757 0.05804701 0.00840113
v -0.00711066 0.05818565 0.00833019
v -0.00705246 0.05831975 0.00825925
v -0.00696710 0.05845295 0.00819976
v -0.00706281 0.05852725 0.00806589
v -0.00697615 0.05866045 0.00800411
v -0.00691019 0.05878821 0.00792974
v -0.00662047 0.05889422 0.00803614
v -0.00662305 0.05909629 0.00783706
v -0.00673041 0.05905642 0.00779816
v -0.00691277 0.05898937 0.00773066
v -0.00673041 0.05915700 0.00769748
v -0.00662305 0.05929654 0.00763684
v -0.00662176 0.05949588 0.00743661
v -0.00673041 0.05945601 0.00739542
v -0.00673041 0.05955115 0.00729588
v -0.00639024 0.05967438 0.00741373
v -0.00625702 0.05971788 0.00746178
v -0.00648207 0.05973328 0.00727986
v -0.00654028 0.05980758 0.00714943
v -0.00637472 0.05986738 0.00720092
v -0.00633075 0.06006310 0.00699497
v -0.00644327 0.06010932 0.00685195
v -0.00657649 0.06006854 0.00680047
v -0.00666056 0.06011928 0.00666660
v -0.00686492 0.06012472 0.00647553
v -0.00672911 0.06016368 0.00654303
v -0.00706798 0.06012744 0.00627988
v -0.00711972 0.06019449 0.00613343
v -0.00723871 0.06030775 0.00585197
v -0.00726716 0.06012834 0.00608194
v -0.00732019 0.06019449 0.00593320
v -0.00737193 0.06026064 0.00578447
v -0.00731502 0.06033947 0.00572840
v -0.00727492 0.06053247 0.00548813
v -0.00723871 0.06070825 0.00525358
v -0.00738486 0.06067020 0.00514374
v -0.00725294 0.06091847 0.00487144
v -0.00732407 0.06094475 0.00472728
v -0.00743401 0.06090579 0.00464947
v -0.00747152 0.06093297 0.00454307
v -0.00761379 0.06088948 0.00441836
v -0.00743660 0.06110694 0.00425246
v -0.00761379 0.06108973 0.00401905
v -0.00772632 0.06103989 0.00394811
v -0.00753489 0.06126279 0.00376047
v -0.00747152 0.06132984 0.00370441
v -0.00737193 0.06146485 0.00354309
v -0.00758663 0.06147301 0.00314264
v -0.00727234 0.06152919 0.00354309
v -0.00734089 0.06156271 0.00334629
v -0.00745082 0.06151650 0.00328108
v -0.00748704 0.06153916 0.00314264
v -0.00737969 0.06167145 0.00294241
v -0.00741332 0.06169138 0.00280740
v -0.00723871 0.06190794 0.00246072
v -0.00726716 0.06192606 0.00234173
v -0.00722448 0.06209913 0.00182801
v -0.00715464 0.06205654 0.00214265
v -0.00705375 0.06211635 0.00214265
v -0.00710031 0.06214353 0.00194243
v -0.00739780 0.06221693 0.00060721
v -0.00729562 0.06228126 0.00060721
v -0.00750256 0.06214987 0.00060721
v -0.00713524 0.06237912 0.00060721
v -0.00718439 0.06234922 0.00060721
v -0.00714688 0.06216165 0.00175364
v -0.00697098 0.06226767 0.00174220
v -0.00690760 0.06234831 0.00154198
v -0.00677309 0.06246973 0.00134175
v -0.00680672 0.06248876 0.00114153
v -0.00692959 0.06241536 0.00114153
v -0.00682482 0.06249963 0.00102597
v -0.00684293 0.06251050 0.00089325
v -0.00696192 0.06246339 0.00074222
v -0.00432987 0.06219971 0.00514374
v -0.00486922 0.06171766 0.00567120
v -0.00493388 0.06165151 0.00573984
v -0.00493000 0.06154822 0.00591375
v -0.00482912 0.06150200 0.00604304
v -0.00469590 0.06152556 0.00607851
v -0.00457562 0.06208191 0.00520324
v -0.00472694 0.06194872 0.00534511
v -0.00479161 0.06188710 0.00541376
v -0.00152968 0.06091757 0.00806246
v -0.00132920 0.06084598 0.00817573
v -0.00112873 0.06085323 0.00818259
v -0.00092955 0.06093750 0.00808763
v -0.00072907 0.06103989 0.00796521
v -0.00072907 0.06111872 0.00786452
v -0.00052859 0.06129813 0.00763798
v -0.00192934 0.06114681 0.00770434
v -0.00212981 0.06155003 0.00711053
v -0.00212981 0.06147845 0.00721007
v -0.00221776 0.06130085 0.00744119
v -0.00214275 0.06124648 0.00752929
v -0.00167713 0.06090850 0.00805102
v -0.00192934 0.06107160 0.00780388
v -0.00018326 0.06153281 0.00734050
v -0.00232899 0.06129179 0.00742975
v -0.00437902 0.06068469 0.00742288
v -0.00365601 0.06091122 0.00745377
v -0.00333008 0.06096831 0.00752013
v -0.00333008 0.06106798 0.00740229
v -0.00319169 0.06109063 0.00742975
v -0.00416561 0.06108066 0.00701213
v -0.00432987 0.06105167 0.00697323
v -0.00432987 0.06095200 0.00710939
v -0.00432987 0.06087679 0.00721007
v -0.00467133 0.06071641 0.00726041
v -0.00453035 0.06074087 0.00729130
v -0.00473082 0.06111963 0.00667003
v -0.00457174 0.06108066 0.00681191
v -0.00473082 0.06095200 0.00691145
v -0.00462347 0.06089944 0.00703959
v -0.00312702 0.06116765 0.00735423
v -0.00305847 0.06111057 0.00745263
v -0.00293430 0.06123833 0.00733135
v -0.00272995 0.06115315 0.00750755
v -0.00272995 0.06125283 0.00737940
v -0.00252947 0.06127457 0.00740572
v -0.00232899 0.06120752 0.00754302
v -0.00579528 0.06308679 0.00060721
v -0.00584573 0.06306232 0.00060721
v -0.00593109 0.06300524 0.00074222
v -0.00593109 0.06297806 0.00094130
v -0.00593756 0.06294000 0.00113237
v -0.00587418 0.06292278 0.00134175
v -0.00573061 0.06298984 0.00134175
v -0.00600999 0.06289288 0.00119187
v -0.00563361 0.06290376 0.00184746
v -0.00559351 0.06288654 0.00198018
v -0.00551850 0.06265820 0.00293554
v -0.00566465 0.06271710 0.00249619
v -0.00573061 0.06262196 0.00274218
v -0.00574613 0.06255581 0.00295614
v -0.00582374 0.06249963 0.00303280
v -0.00568535 0.06252681 0.00314264
v -0.00578494 0.06248151 0.00314264
v -0.00593109 0.06234197 0.00333600
v -0.00571897 0.06244617 0.00333256
v -0.00593109 0.06226132 0.00354766
v -0.00594661 0.06216799 0.00375819
v -0.00588970 0.06213084 0.00390692
v -0.00582762 0.06210094 0.00403964
v -0.00574872 0.06217162 0.00396070
v -0.00561162 0.06229394 0.00382455
v -0.00500114 0.06229032 0.00441721
v -0.00513695 0.06226495 0.00434742
v -0.00514341 0.06216528 0.00455680
v -0.00508521 0.06212631 0.00469410
v -0.00569440 0.06213084 0.00410486
v -0.00554825 0.06217071 0.00415978
v -0.00549263 0.06212994 0.00430394
v -0.00534648 0.06216890 0.00435886
v -0.00479679 0.06208916 0.00501674
v -0.00473082 0.06205383 0.00513917
v -0.00500890 0.06189344 0.00522612
v -0.00493776 0.06196140 0.00515290
v -0.00493906 0.06206561 0.00494695
v -0.00521843 0.06209732 0.00463231
v -0.00534648 0.06207648 0.00455680
v -0.00514341 0.06207195 0.00475359
v -0.00522102 0.06189797 0.00503391
v -0.00508651 0.06192788 0.00509226
v -0.00052859 0.06057687 0.00852927
v -0.00072907 0.06057506 0.00852813
v -0.00092955 0.06057234 0.00852355
v -0.00018326 0.06067745 0.00841371
v -0.00032812 0.06067745 0.00841371
v -0.00032812 0.06057687 0.00853156
v -0.00112873 0.06056781 0.00851668
v -0.00132920 0.06055875 0.00850639
v -0.00152968 0.06054606 0.00849037
v -0.00152968 0.06045183 0.00859105
v -0.00252947 0.06072003 0.00806360
v -0.00232899 0.06065479 0.00819060
v -0.00212981 0.06067835 0.00821692
v -0.00186079 0.06070916 0.00825124
v -0.00193839 0.06060405 0.00834621
v -0.00172886 0.06052884 0.00847206
v -0.00172886 0.06062942 0.00836451
v -0.00526629 0.05932100 0.00846062
v -0.00525594 0.05911532 0.00865513
v -0.00538916 0.05907907 0.00862309
v -0.00562714 0.05870032 0.00884162
v -0.00555342 0.05861424 0.00895489
v -0.00573061 0.05845657 0.00900295
v -0.00585478 0.05831885 0.00905787
v -0.00575001 0.05820830 0.00920088
v -0.00258250 0.06109154 0.00762997
v -0.00272995 0.06097284 0.00772265
v -0.00248550 0.06091575 0.00785880
v -0.00292913 0.06104442 0.00757505
v -0.00314124 0.06100546 0.00754759
v -0.00309080 0.06092028 0.00766430
v -0.00272995 0.06107251 0.00760709
v -0.00333008 0.06088223 0.00761967
v -0.00453035 0.06065751 0.00739085
v -0.00453035 0.06055693 0.00750640
v -0.00474893 0.06060949 0.00735194
v -0.00480455 0.06069194 0.00723067
v -0.00493000 0.06056690 0.00731762
v -0.00493000 0.06047901 0.00741716
v -0.00491578 0.06036574 0.00754759
v -0.00513048 0.06005042 0.00778786
v -0.00526629 0.05991903 0.00786223
v -0.00527534 0.05972331 0.00806704
v -0.00540856 0.05969069 0.00803157
v -0.00539951 0.05928566 0.00842858
v -0.00553014 0.05955840 0.00810022
v -0.00566465 0.05952216 0.00806360
v -0.00553014 0.05945782 0.00820090
v -0.00566336 0.05932100 0.00826040
v -0.00553014 0.05935815 0.00829472
v -0.00553014 0.05924942 0.00839540
v -0.00593109 0.05796093 0.00928441
v -0.00601128 0.05768548 0.00943200
v -0.00619106 0.05726776 0.00962078
v -0.00612639 0.05720161 0.00970202
v -0.00592462 0.05820196 0.00910821
v -0.00593109 0.05806060 0.00921347
v -0.00604491 0.05791381 0.00925237
v -0.00640318 0.05707838 0.00962765
v -0.00652605 0.05679658 0.00974092
v -0.00661400 0.05688538 0.00963337
v -0.00668384 0.05675218 0.00967570
v -0.00657132 0.05663892 0.00980842
v -0.00651570 0.05658365 0.00987250
v -0.00638766 0.05645498 0.01001895
v -0.00652217 0.05639337 0.00997318
v -0.00658296 0.05624748 0.01001551
v -0.00664245 0.05611428 0.01005098
v -0.00671747 0.05598380 0.01007387
v -0.00663469 0.05650572 0.00984618
v -0.00678085 0.05640152 0.00981300
v -0.00701624 0.05608438 0.00983474
v -0.00706927 0.05595028 0.00987021
v -0.00702012 0.05568841 0.01003725
v -0.00707057 0.05555431 0.01007043
v -0.00720508 0.05546732 0.01002696
v -0.00738745 0.05564220 0.00981414
v -0.00747281 0.05540118 0.00987478
v -0.00726199 0.05487835 0.01023519
v -0.00723871 0.05487835 0.01024892
v -0.00750385 0.05487835 0.01008416
v -0.00733959 0.05487835 0.01018714
v -0.00766294 0.05554797 0.00966769
v -0.00761638 0.05568116 0.00963337
v -0.00743530 0.05590769 0.00964710
v -0.00772890 0.05600646 0.00938395
v -0.00753878 0.05621939 0.00940683
v -0.00742754 0.05629822 0.00944230
v -0.00725035 0.05612606 0.00965740
v -0.00713006 0.05640514 0.00958532
v -0.00700719 0.05647401 0.00962879
v -0.00681577 0.05668604 0.00963566
v -0.00692312 0.05679477 0.00949607
v -0.00698520 0.05685729 0.00941484
v -0.00685198 0.05692163 0.00945717
v -0.00708867 0.05695515 0.00928212
v -0.00714558 0.05701405 0.00920317
v -0.00711842 0.05719255 0.00909219
v -0.00717663 0.05725417 0.00900752
v -0.00696710 0.05744626 0.00900180
v -0.00693476 0.05780599 0.00874666
v -0.00687915 0.05794462 0.00867686
v -0.00703435 0.05810591 0.00844575
v -0.00666962 0.05813490 0.00867000
v -0.00674593 0.05821464 0.00855330
v -0.00658943 0.05826810 0.00861508
v -0.00674593 0.05840855 0.00838968
v -0.00673041 0.05854447 0.00828099
v -0.00683388 0.05850460 0.00824552
v -0.00661400 0.05868944 0.00823179
v -0.00673041 0.05864414 0.00819175
v -0.00684164 0.05871119 0.00805216
v -0.00648725 0.05894406 0.00808305
v -0.00639671 0.05907726 0.00801898
v -0.00648983 0.05914522 0.00788512
v -0.00639800 0.05927841 0.00781990
v -0.00648983 0.05934456 0.00768603
v -0.00633075 0.05940255 0.00774324
v -0.00639671 0.05947776 0.00761853
v -0.00626349 0.05952397 0.00766658
v -0.00613027 0.05966804 0.00760594
v -0.00602939 0.05970066 0.00764256
v -0.00595566 0.05981574 0.00756018
v -0.00601387 0.05989094 0.00743089
v -0.00613027 0.05985561 0.00738970
v -0.00624021 0.05990725 0.00725012
v -0.00614579 0.06004951 0.00714829
v -0.00631652 0.05995437 0.00713799
v -0.00622081 0.06009572 0.00703616
v -0.00633075 0.06014194 0.00689429
v -0.00606172 0.06031953 0.00686568
v -0.00619494 0.06028148 0.00681420
v -0.00651829 0.06015009 0.00673754
v -0.00627772 0.06032859 0.00668148
v -0.00641094 0.06029054 0.00662656
v -0.00654674 0.06026336 0.00655333
v -0.00662435 0.06029779 0.00643777
v -0.00683258 0.06030322 0.00624670
v -0.00691536 0.06019268 0.00633022
v -0.00673041 0.06026607 0.00639201
v -0.00679766 0.06048263 0.00601558
v -0.00703694 0.06030685 0.00605105
v -0.00720767 0.06048716 0.00562200
v -0.00717275 0.06066567 0.00538745
v -0.00711584 0.06073816 0.00532910
v -0.00699943 0.06088313 0.00521239
v -0.00713006 0.06084145 0.00514489
v -0.00719603 0.06088041 0.00500530
v -0.00713006 0.06095925 0.00494009
v -0.00701624 0.06109426 0.00482682
v -0.00713524 0.06105801 0.00475359
v -0.00720508 0.06108701 0.00461172
v -0.00732536 0.06103808 0.00454421
v -0.00738874 0.06107342 0.00438632
v -0.00739133 0.06127638 0.00394239
v -0.00725552 0.06111872 0.00447900
v -0.00732536 0.06114319 0.00432911
v -0.00724776 0.06131263 0.00406710
v -0.00742625 0.06129994 0.00383828
v -0.00733183 0.06140324 0.00374446
v -0.00723612 0.06150563 0.00365178
v -0.00711325 0.06162886 0.00352707
v -0.00703565 0.06170497 0.00345041
v -0.00716887 0.06166692 0.00334286
v -0.00721025 0.06169048 0.00320671
v -0.00732019 0.06164517 0.00314035
v -0.00728010 0.06173306 0.00294241
v -0.00713524 0.06194872 0.00253281
v -0.00703047 0.06210276 0.00224219
v -0.00687009 0.06232656 0.00174220
v -0.00684293 0.06231025 0.00187035
v -0.00697744 0.06247245 0.00060721
v -0.00672006 0.06245614 0.00154770
v -0.00662176 0.06249782 0.00161863
v -0.00667350 0.06252591 0.00134175
v -0.00670712 0.06254494 0.00114153
v -0.00674851 0.06255309 0.00095274
v -0.00686233 0.06252047 0.00074222
v -0.00694511 0.06249148 0.00060721
v -0.00493388 0.06175662 0.00554992
v -0.00500243 0.06169048 0.00562085
v -0.00506581 0.06152013 0.00587028
v -0.00493000 0.06148207 0.00601330
v -0.00483041 0.06110151 0.00664257
v -0.00487568 0.06192153 0.00528104
v -0.00152968 0.06083511 0.00816200
v -0.00132920 0.06074631 0.00829586
v -0.00112873 0.06075265 0.00830387
v -0.00092955 0.06085686 0.00818717
v -0.00072907 0.06085867 0.00819060
v -0.00072907 0.06094022 0.00808992
v -0.00052859 0.06112144 0.00786681
v -0.00023758 0.06130266 0.00764370
v -0.00037209 0.06130085 0.00764141
v -0.00018326 0.06144583 0.00745835
v -0.00212981 0.06113412 0.00768489
v -0.00173792 0.06083511 0.00812768
v -0.00152968 0.06073453 0.00828099
v -0.00181034 0.06089944 0.00803958
v -0.00212981 0.06105439 0.00778558
v -0.00473082 0.06105167 0.00676958
v -0.00487827 0.06092210 0.00687140
v -0.00493000 0.06074087 0.00709680
v -0.00473082 0.06087951 0.00701213
v -0.00292913 0.06112778 0.00747437
v -0.00252042 0.06116221 0.00755560
v -0.00244928 0.06110604 0.00764828
v -0.00232899 0.06111782 0.00766315
v -0.00593109 0.06301974 0.00060721
v -0.00609406 0.06293637 0.00060721
v -0.00658943 0.06268085 0.00060721
v -0.00607983 0.06292822 0.00074222
v -0.00605396 0.06291463 0.00094130
v -0.00643293 0.06270350 0.00104771
v -0.00603715 0.06290557 0.00105915
v -0.00584314 0.06290829 0.00146417
v -0.00597377 0.06287567 0.00134175
v -0.00633075 0.06261380 0.00174220
v -0.00573579 0.06293819 0.00153511
v -0.00654545 0.06255218 0.00154770
v -0.00632169 0.06266273 0.00154541
v -0.00580563 0.06289107 0.00159690
v -0.00600999 0.06269354 0.00200650
v -0.00587030 0.06272072 0.00214265
v -0.00579787 0.06268810 0.00238750
v -0.00573061 0.06267270 0.00255454
v -0.00586513 0.06251957 0.00289893
v -0.00593109 0.06258752 0.00254196
v -0.00593109 0.06246973 0.00295614
v -0.00622340 0.06229847 0.00302936
v -0.00608759 0.06233109 0.00314264
v -0.00593109 0.06240993 0.00314264
v -0.00604749 0.06231025 0.00326506
v -0.00626608 0.06211997 0.00348702
v -0.00613933 0.06215803 0.00354881
v -0.00607854 0.06212631 0.00370098
v -0.00602292 0.06209822 0.00383484
v -0.00594661 0.06207829 0.00396070
v -0.00594920 0.06198043 0.00416207
v -0.00589617 0.06193512 0.00430852
v -0.00574872 0.06208010 0.00415978
v -0.00562585 0.06210004 0.00423873
v -0.00542408 0.06209913 0.00443666
v -0.00514212 0.06176750 0.00535656
v -0.00508262 0.06172491 0.00548813
v -0.00493776 0.06186173 0.00534511
v -0.00549522 0.06193331 0.00470554
v -0.00534777 0.06197499 0.00476046
v -0.00542667 0.06170044 0.00523985
v -0.00072907 0.06067563 0.00841142
v -0.00092955 0.06067201 0.00840913
v -0.00112873 0.06066748 0.00840456
v -0.00018326 0.06073725 0.00834163
v -0.00052859 0.06075990 0.00831303
v -0.00132920 0.06065932 0.00839540
v -0.00152968 0.06064573 0.00838168
v -0.00232899 0.06074450 0.00809106
v -0.00212981 0.06076715 0.00811738
v -0.00232899 0.06093387 0.00787940
v -0.00172886 0.06072003 0.00826383
v -0.00192934 0.06088857 0.00802699
v -0.00212981 0.06095472 0.00790457
v -0.00212981 0.06086773 0.00800411
v -0.00553014 0.05914975 0.00848694
v -0.00553014 0.05893953 0.00867686
v -0.00565301 0.05911532 0.00845490
v -0.00571380 0.05899208 0.00853385
v -0.00571639 0.05880180 0.00870318
v -0.00573061 0.05866951 0.00881416
v -0.00573061 0.05856893 0.00890341
v -0.00577459 0.05886795 0.00861279
v -0.00586642 0.05852634 0.00886565
v -0.00602292 0.05889694 0.00843888
v -0.00592721 0.05839949 0.00894116
v -0.00598800 0.05826901 0.00901553
v -0.00493000 0.06066657 0.00719634
v -0.00509168 0.06053156 0.00727643
v -0.00513048 0.06033403 0.00747780
v -0.00513048 0.06024342 0.00757734
v -0.00513048 0.06014284 0.00768718
v -0.00525594 0.06011475 0.00765629
v -0.00539951 0.05988641 0.00782676
v -0.00553014 0.05975231 0.00789770
v -0.00553014 0.05965898 0.00799724
v -0.00565948 0.05971788 0.00785994
v -0.00572932 0.05960099 0.00794232
v -0.00579787 0.05948229 0.00802356
v -0.00579658 0.05928204 0.00822378
v -0.00572415 0.05919868 0.00834049
v -0.00622469 0.05749610 0.00944001
v -0.00633463 0.05720161 0.00958188
v -0.00607078 0.05813581 0.00907045
v -0.00612510 0.05799627 0.00914024
v -0.00638895 0.05766463 0.00921690
v -0.00646526 0.05753144 0.00926496
v -0.00664504 0.05711372 0.00945260
v -0.00671876 0.05699321 0.00949150
v -0.00674334 0.05681199 0.00960019
v -0.00687397 0.05655284 0.00967113
v -0.00706281 0.05634081 0.00966541
v -0.00713006 0.05619583 0.00969973
v -0.00713394 0.05601099 0.00979584
v -0.00720249 0.05586601 0.00982559
v -0.00713524 0.05561321 0.00999950
v -0.00725294 0.05573281 0.00985991
v -0.00732407 0.05579986 0.00977753
v -0.00752584 0.05559508 0.00974092
v -0.00738357 0.05604089 0.00961163
v -0.00677826 0.05705482 0.00941026
v -0.00701624 0.05708926 0.00923406
v -0.00694123 0.05720977 0.00919516
v -0.00704341 0.05731307 0.00905214
v -0.00683388 0.05750516 0.00904642
v -0.00672135 0.05779602 0.00889883
v -0.00657132 0.05804973 0.00880272
v -0.00643810 0.05810772 0.00884734
v -0.00633075 0.05815122 0.00888396
v -0.00622210 0.05829529 0.00883819
v -0.00631393 0.05839315 0.00869174
v -0.00660236 0.05847923 0.00842401
v -0.00646785 0.05853088 0.00846863
v -0.00623504 0.05850550 0.00864597
v -0.00648078 0.05873928 0.00827641
v -0.00603456 0.05910444 0.00824552
v -0.00616778 0.05905551 0.00819976
v -0.00626349 0.05912619 0.00806589
v -0.00633075 0.05920230 0.00794347
v -0.00617037 0.05925939 0.00800067
v -0.00626478 0.05932644 0.00786681
v -0.00616907 0.05945964 0.00780045
v -0.00603585 0.05950585 0.00784622
v -0.00611346 0.05955659 0.00773752
v -0.00595049 0.05964992 0.00774896
v -0.00589617 0.05974053 0.00768718
v -0.00593756 0.06000602 0.00734851
v -0.00577976 0.05987373 0.00761052
v -0.00588065 0.05993081 0.00747666
v -0.00599576 0.06008123 0.00721808
v -0.00613027 0.05994078 0.00728902
v -0.00591816 0.06019449 0.00713341
v -0.00597248 0.06026789 0.00699955
v -0.00614191 0.06020808 0.00695035
v -0.00558963 0.06047810 0.00701213
v -0.00573967 0.06044367 0.00694463
v -0.00567888 0.06052884 0.00687827
v -0.00581210 0.06049079 0.00682793
v -0.00602680 0.06049985 0.00664029
v -0.00637472 0.06046995 0.00639658
v -0.00572803 0.06060043 0.00673983
v -0.00673170 0.06043642 0.00614144
v -0.00653898 0.06040652 0.00635082
v -0.00687138 0.06052794 0.00588172
v -0.00683517 0.06070554 0.00564946
v -0.00673170 0.06056781 0.00594693
v -0.00700460 0.06048535 0.00581879
v -0.00707445 0.06053066 0.00568607
v -0.00703953 0.06070825 0.00545266
v -0.00693217 0.06084236 0.00534511
v -0.00686621 0.06092481 0.00527875
v -0.00693217 0.06096559 0.00514489
v -0.00706281 0.06092300 0.00507853
v -0.00694252 0.06106707 0.00495839
v -0.00688303 0.06113231 0.00490119
v -0.00694252 0.06117128 0.00475359
v -0.00707186 0.06112597 0.00469410
v -0.00713524 0.06115950 0.00454421
v -0.00719603 0.06128273 0.00419983
v -0.00705246 0.06151560 0.00387260
v -0.00718568 0.06147663 0.00378450
v -0.00712360 0.06153734 0.00372844
v -0.00698650 0.06167779 0.00358427
v -0.00665280 0.06191519 0.00347329
v -0.00706927 0.06172491 0.00334286
v -0.00669548 0.06193875 0.00334286
v -0.00682741 0.06190069 0.00323760
v -0.00674981 0.06197137 0.00315980
v -0.00703694 0.06190613 0.00285431
v -0.00724647 0.06171222 0.00307284
v -0.00716628 0.06186445 0.00274218
v -0.00706669 0.06192425 0.00274218
v -0.00692829 0.06206379 0.00255683
v -0.00682482 0.06210004 0.00263349
v -0.00686104 0.06211997 0.00250077
v -0.00677438 0.06227220 0.00214265
v -0.00673946 0.06234922 0.00193899
v -0.00659331 0.06248241 0.00174220
v -0.00649371 0.06253497 0.00174220
v -0.00653122 0.06260021 0.00134175
v -0.00651182 0.06265004 0.00112551
v -0.00647302 0.06272435 0.00074222
v -0.00657261 0.06267270 0.00074222
v -0.00673041 0.06259024 0.00074222
v -0.00673041 0.06260746 0.00060721
v -0.00687785 0.06252863 0.00060721
v -0.00514212 0.06166601 0.00554992
v -0.00513177 0.06156000 0.00574785
v -0.00513048 0.06133891 0.00609796
v -0.00501666 0.06129722 0.00623640
v -0.00527922 0.06152647 0.00568378
v -0.00519903 0.06148570 0.00581765
v -0.00532061 0.06134706 0.00593893
v -0.00524689 0.06130991 0.00605677
v -0.00496363 0.06107342 0.00660139
v -0.00492095 0.06099821 0.00673754
v -0.00092955 0.06075628 0.00830845
v -0.00072907 0.06075900 0.00831188
v -0.00052859 0.06085957 0.00819175
v -0.00052859 0.06094112 0.00809106
v -0.00052859 0.06104080 0.00796749
v -0.00032812 0.06112235 0.00786795
v -0.00018326 0.06110060 0.00789656
v -0.00018326 0.06128363 0.00766773
v -0.00018326 0.06130266 0.00764370
v -0.00018326 0.06134162 0.00759336
v -0.00501278 0.06089401 0.00683136
v -0.00505676 0.06071369 0.00706019
v -0.00637860 0.06267723 0.00134175
v -0.00612122 0.06266001 0.00194014
v -0.00645621 0.06251594 0.00189094
v -0.00634497 0.06255309 0.00195158
v -0.00613027 0.06260293 0.00214265
v -0.00593109 0.06253588 0.00272960
v -0.00603844 0.06250597 0.00265523
v -0.00607078 0.06252228 0.00254196
v -0.00599835 0.06248604 0.00278909
v -0.00614579 0.06236100 0.00295500
v -0.00618718 0.06228035 0.00314264
v -0.00626220 0.06231841 0.00289664
v -0.00639542 0.06228398 0.00278223
v -0.00632945 0.06226585 0.00295500
v -0.00647949 0.06212903 0.00314264
v -0.00633075 0.06220696 0.00314264
v -0.00633204 0.06214172 0.00333485
v -0.00639930 0.06208644 0.00339664
v -0.00633204 0.06205926 0.00354881
v -0.00621305 0.06209279 0.00361974
v -0.00613933 0.06207104 0.00375819
v -0.00628031 0.06192969 0.00390120
v -0.00614579 0.06197590 0.00395727
v -0.00609018 0.06193422 0.00410829
v -0.00602939 0.06190160 0.00424101
v -0.00583020 0.06170135 0.00484283
v -0.00569569 0.06193422 0.00450760
v -0.00595049 0.06168141 0.00476274
v -0.00554954 0.06197862 0.00456137
v -0.00554825 0.06207829 0.00435886
v -0.00521584 0.06169591 0.00543093
v -0.00554954 0.06187985 0.00476046
v -0.00548875 0.06153191 0.00549500
v -0.00534777 0.06167507 0.00535656
v -0.00562844 0.06170135 0.00504077
v -0.00554954 0.06167960 0.00516091
v -0.00574743 0.06157993 0.00516091
v -0.00569311 0.06153372 0.00530164
v -0.00554566 0.06157812 0.00535884
v -0.00018326 0.06091938 0.00811967
v -0.00578623 0.05907545 0.00841943
v -0.00587806 0.05873475 0.00867229
v -0.00624668 0.05871391 0.00845376
v -0.00613027 0.05864414 0.00859220
v -0.00601128 0.05868854 0.00863110
v -0.00608888 0.05834603 0.00888281
v -0.00514083 0.06060768 0.00714943
v -0.00522490 0.06049894 0.00723982
v -0.00524171 0.06030685 0.00744920
v -0.00538916 0.06008032 0.00761853
v -0.00553014 0.05994259 0.00768832
v -0.00572027 0.05979580 0.00773638
v -0.00579270 0.05967982 0.00781990
v -0.00593109 0.05953756 0.00788054
v -0.00593109 0.05934094 0.00808191
v -0.00593109 0.05923855 0.00818259
v -0.00593109 0.05913887 0.00827641
v -0.00620529 0.05807963 0.00902583
v -0.00628160 0.05794553 0.00907732
v -0.00659848 0.05747345 0.00922262
v -0.00667479 0.05734025 0.00927068
v -0.00672653 0.05719799 0.00934047
v -0.00680672 0.05728135 0.00922949
v -0.00603715 0.05930650 0.00804758
v -0.00610182 0.05918237 0.00812424
v -0.00588970 0.05894225 0.00847893
v -0.00576554 0.06006401 0.00739885
v -0.00586254 0.06012019 0.00726499
v -0.00564654 0.05991088 0.00765285
v -0.00563232 0.06010207 0.00744348
v -0.00561421 0.06029235 0.00723067
v -0.00573061 0.06033766 0.00708879
v -0.00545642 0.06051616 0.00706133
v -0.00552626 0.06056509 0.00694463
v -0.00553014 0.06067020 0.00679703
v -0.00577588 0.06067110 0.00659795
v -0.00599059 0.06067835 0.00640917
v -0.00606948 0.06072366 0.00627645
v -0.00654933 0.06066748 0.00595494
v -0.00652476 0.06055603 0.00614144
v -0.00564266 0.06070825 0.00665287
v -0.00658684 0.06047629 0.00620666
v -0.00692053 0.06059590 0.00573412
v -0.00673041 0.06067020 0.00579476
v -0.00673041 0.06073634 0.00569522
v -0.00666315 0.06092119 0.00547211
v -0.00679507 0.06088223 0.00541262
v -0.00662693 0.06070010 0.00584053
v -0.00673041 0.06096287 0.00534511
v -0.00674593 0.06106889 0.00515633
v -0.00682094 0.06109697 0.00503505
v -0.00674593 0.06117581 0.00495839
v -0.00668772 0.06133347 0.00470325
v -0.00674463 0.06137334 0.00455680
v -0.00693735 0.06126642 0.00455680
v -0.00693217 0.06145761 0.00415063
v -0.00706281 0.06132078 0.00428449
v -0.00713006 0.06134978 0.00413690
v -0.00700072 0.06148479 0.00400532
v -0.00693217 0.06155365 0.00394010
v -0.00680154 0.06168685 0.00380738
v -0.00692441 0.06164608 0.00374102
v -0.00685328 0.06171585 0.00367352
v -0.00660236 0.06188710 0.00360601
v -0.00653381 0.06195325 0.00354080
v -0.00651829 0.06204205 0.00333485
v -0.00657908 0.06207376 0.00314264
v -0.00661659 0.06209460 0.00301792
v -0.00669548 0.06213719 0.00274218
v -0.00674851 0.06216437 0.00255683
v -0.00671747 0.06224683 0.00233487
v -0.00642128 0.06249782 0.00202481
v -0.00652605 0.06246157 0.00195158
v -0.00534001 0.06157087 0.00555449
v -0.00506840 0.06111872 0.00646866
v -0.00529345 0.06113322 0.00629018
v -0.00520162 0.06108882 0.00642404
v -0.00541244 0.06149294 0.00562772
v -0.00534001 0.06145670 0.00574785
v -0.00546030 0.06131806 0.00586913
v -0.00552884 0.06123833 0.00593893
v -0.00542796 0.06110060 0.00624098
v -0.00032812 0.06104170 0.00796864
v -0.00513048 0.06093659 0.00669292
v -0.00519127 0.06068379 0.00701671
v -0.00628677 0.06252953 0.00214265
v -0.00644327 0.06210910 0.00326277
v -0.00643422 0.06230391 0.00264836
v -0.00654286 0.06215622 0.00294699
v -0.00646914 0.06192335 0.00368954
v -0.00634109 0.06196593 0.00375018
v -0.00642387 0.06169863 0.00423415
v -0.00661400 0.06169319 0.00402248
v -0.00648983 0.06153372 0.00450531
v -0.00634756 0.06157993 0.00456023
v -0.00614967 0.06168051 0.00456252
v -0.00609535 0.06173488 0.00450874
v -0.00594920 0.06158084 0.00496068
v -0.00562197 0.06149747 0.00543550
v -0.00554566 0.06146757 0.00555449
v -0.00582632 0.06149929 0.00523871
v -0.00594920 0.06147754 0.00516091
v -0.00661917 0.06109607 0.00523184
v -0.00574743 0.06147482 0.00535884
v -0.00533096 0.06054878 0.00710481
v -0.00533096 0.06047085 0.00720435
v -0.00548099 0.06033041 0.00727529
v -0.00537493 0.06027242 0.00740915
v -0.00553014 0.06013016 0.00747551
v -0.00542408 0.06069829 0.00683822
v -0.00553014 0.06073906 0.00669635
v -0.00574225 0.06085686 0.00634967
v -0.00602939 0.06090125 0.00604190
v -0.00613415 0.06077168 0.00614945
v -0.00581598 0.06089401 0.00623183
v -0.00553402 0.06084236 0.00654075
v -0.00560257 0.06088676 0.00642061
v -0.00658684 0.06087770 0.00560598
v -0.00652476 0.06095472 0.00554076
v -0.00641094 0.06109154 0.00542635
v -0.00654416 0.06106345 0.00535312
v -0.00645362 0.06091485 0.00566319
v -0.00668902 0.06113141 0.00509912
v -0.00662435 0.06129904 0.00483711
v -0.00662305 0.06149747 0.00443323
v -0.00667996 0.06152828 0.00430051
v -0.00673946 0.06156543 0.00415063
v -0.00681189 0.06149204 0.00422156
v -0.00673429 0.06165967 0.00395040
v -0.00673429 0.06175390 0.00374102
v -0.00651312 0.06223867 0.00272617
v -0.00646397 0.06232022 0.00254196
v -0.00513307 0.06104170 0.00653846
v -0.00534906 0.06106526 0.00635196
v -0.00538010 0.06087770 0.00660596
v -0.00524689 0.06090941 0.00665402
v -0.00552884 0.06135975 0.00574557
v -0.00571639 0.06114137 0.00593549
v -0.00577459 0.06107070 0.00599613
v -0.00594144 0.06100818 0.00595266
v -0.00568276 0.06093025 0.00628789
v -0.00546935 0.06092210 0.00647324
v -0.00529086 0.06073000 0.00688399
v -0.00534648 0.06065751 0.00694692
v -0.00588323 0.06132984 0.00548928
v -0.00631781 0.06094294 0.00573527
v -0.00633851 0.06105348 0.00554763
v -0.00619882 0.06108519 0.00561628
v -0.00606560 0.06112053 0.00567348
v -0.00592462 0.06115315 0.00574099
v -0.00585349 0.06111419 0.00586227
f 1 2 3
f 1 3 4
f 1 4 5
f 1 5 11
f 1 11 21
f 1 21 38
f 1 38 63
f 1 63 93
f 1 93 91
f 1 91 89
f 1 89 88
f 1 88 87
f 1 87 114
f 1 114 113
f 1 113 154
f 1 154 153
f 1 153 152
f 1 152 199
f 1 199 198
f 1 198 197
f 1 197 257
f 1 257 256
f 1 256 321
f 1 321 320
f 1 320 319
f 1 319 328
f 1 328 327
f 1 327 326
f 1 326 325
f 1 325 411
f 1 411 502
f 1 502 591
f 1 591 719
f 1 719 718
f 1 718 717
f 1 717 874
f 1 874 878
f 1 878 877
f 1 877 876
f 1 876 1033
f 1 1033 1179
f 1 1179 1021
f 1 1021 1181
f 1 1181 1180
f 1 1180 1369
f 1 1369 1381
f 1 1381 1568
f 1 1568 1736
f 1 1736 1912
f 1 1912 2108
f 1 2108 2324
f 1 2324 2523
f 1 2523 2520
f 1 2520 2518
f 1 2518 2782
f 1 2782 3060
f 1 3060 3059
f 1 3059 3058
f 1 3058 3343
f 1 3343 3613
f 1 3613 3611
f 1 3611 3331
f 1 3331 3612
f 1 3612 3615
f 1 3615 3614
f 1 3614 3886
f 1 3886 3893
f 1 3893 4108
f 1 4108 4107
f 1 4107 3925
f 1 3925 3924
f 1 3924 3923
f 1 3923 3673
f 1 3673 3672
f 1 3672 3383
f 1 3383 3382
f 1 3382 3112
f 1 3112 3111
f 1 3111 2825
f 1 2825 2828
f 1 2828 2824
f 1 2824 2568
f 1 2568 2567
f 1 2567 2564
f 1 2564 2351
f 1 2351 2130
f 1 2130 1939
f 1 1939 1767
f 1 1767 1596
f 1 1596 1414
f 1 1414 1224
f 1 1224 1053
f 1 1053 908
f 1 908 747
f 1 747 616
f 1 616 520
f 1 520 425
f 1 425 424
f 1 424 336
f 1 336 266
f 1 266 205
f 1 205 159
f 1 159 118
f 1 118 96
f 1 96 65
f 1 65 39
f 1 39 23
f 1 23 22
f 1 22 12
f 1 12 6
f 1 6 13
f 1 13 24
f 1 24 40
f 1 40 67
f 1 67 100
f 1 100 125
f 1 125 167
f 1 167 217
f 1 217 280
f 1 280 353
f 1 353 448
f 1 448 545
f 1 545 649
f 1 649 648
f 1 648 788
f 1 788 945
f 1 945 944
f 1 944 1094
f 1 1094 1275
f 1 1275 1465
f 1 1465 1652
f 1 1652 1653
f 1 1653 1828
f 1 1828 1998
f 1 1998 2197
f 1 2197 2218
f 1 2218 2435
f 1 2435 2681
f 1 2681 2683
f 1 2683 2952
f 1 2952 2935
f 1 2935 2936
f 1 2936 2930
f 1 2930 2934
f 1 2934 2932
f 1 2932 2931
f 1 2931 2929
f 1 2929 2673
f 1 2673 2950
f 1 2950 2948
f 1 2948 3240
f 1 3240 3520
f 1 3520 3794
f 1 3794 3793
f 1 3793 3796
f 1 3796 3795
f 1 3795 3522
f 1 3522 3521
f 1 3521 3242
f 1 3242 2954
f 1 2954 2953
f 1 2953 2686
f 1 2686 2685
f 1 2685 2684
f 1 2684 2447
f 1 2447 2231
f 1 2231 2230
f 1 2230 2229
f 1 2229 2221
f 1 2221 2022
f 1 2022 1846
f 1 1846 1672
f 1 1672 1671
f 1 1671 1493
f 1 1493 1491
f 1 1491 1309
f 1 1309 1308
f 1 1308 1312
f 1 1312 1489
f 1 1489 1483
f 1 1483 1482
f 1 1482 1295
f 1 1295 1108
f 1 1108 958
f 1 958 808
f 1 808 672
f 1 672 671
f 1 671 670
f 1 670 807
f 1 807 957
f 1 957 956
f 1 956 950
f 1 950 791
f 1 791 790
f 1 790 789
f 1 789 650
f 1 650 546
f 1 546 449
f 1 449 357
f 1 357 356
f 1 356 355
f 1 355 354
f 1 354 281
f 1 281 220
f 1 220 219
f 1 219 170
f 1 170 129
f 1 129 128
f 1 128 102
f 1 102 70
f 1 70 69
f 1 69 43
f 1 43 26
f 1 26 42
f 1 42 31
f 1 31 30
f 1 30 25
f 1 25 15
f 1 15 7
f 1 7 2
f 2 7 3
f 3 7 8
f 3 8 9
f 3 9 4
f 4 9 10
f 4 10 11
f 4 11 5
f 6 12 13
f 7 14 8
f 7 15 16
f 7 16 14
f 8 14 16
f 8 16 9
f 9 16 17
f 9 17 18
f 9 18 10
f 10 18 19
f 10 19 20
f 10 20 21
f 10 21 11
f 12 22 13
f 13 23 39
f 13 39 64
f 13 64 94
f 13 94 115
f 13 115 155
f 13 155 200
f 13 200 260
f 13 260 329
f 13 329 412
f 13 412 503
f 13 503 592
f 13 592 597
f 13 597 596
f 13 596 595
f 13 595 722
f 13 722 881
f 13 881 1039
f 13 1039 1198
f 13 1198 1037
f 13 1037 1197
f 13 1197 1196
f 13 1196 1195
f 13 1195 1383
f 13 1383 1382
f 13 1382 1391
f 13 1391 1390
f 13 1390 1577
f 13 1577 1576
f 13 1576 1575
f 13 1575 1574
f 13 1574 1573
f 13 1573 1743
f 13 1743 1918
f 13 1918 1917
f 13 1917 2111
f 13 2111 2328
f 13 2328 2327
f 13 2327 2529
f 13 2529 2528
f 13 2528 2527
f 13 2527 2784
f 13 2784 2806
f 13 2806 3089
f 13 3089 3088
f 13 3088 3087
f 13 3087 3367
f 13 3367 3648
f 13 3648 3909
f 13 3909 4128
f 13 4128 4127
f 13 4127 4126
f 13 4126 4125
f 13 4125 4170
f 13 4170 3967
f 13 3967 3718
f 13 3718 3426
f 13 3426 3425
f 13 3425 3422
f 13 3422 3145
f 13 3145 2869
f 13 2869 2868
f 13 2868 2866
f 13 2866 2865
f 13 2865 2864
f 13 2864 2601
f 13 2601 2600
f 13 2600 2374
f 13 2374 2159
f 13 2159 1967
f 13 1967 1794
f 13 1794 1792
f 13 1792 1616
f 13 1616 1431
f 13 1431 1239
f 13 1239 1069
f 13 1069 911
f 13 911 909
f 13 909 748
f 13 748 618
f 13 618 524
f 13 524 429
f 13 429 341
f 13 341 340
f 13 340 268
f 13 268 218
f 13 218 168
f 13 168 126
f 13 126 101
f 13 101 68
f 13 68 41
f 13 41 24
f 13 22 23
f 15 25 16
f 16 26 27
f 16 27 28
f 16 28 29
f 16 29 17
f 16 25 30
f 16 30 31
f 16 31 32
f 16 32 26
f 17 29 33
f 17 33 34
f 17 34 18
f 18 34 35
f 18 35 19
f 19 36 20
f 19 35 37
f 19 37 36
f 20 36 21
f 21 36 38
f 24 41 66
f 24 66 40
f 26 43 44
f 26 44 27
f 26 32 42
f 27 44 29
f 27 29 28
f 29 44 45
f 29 45 33
f 31 42 32
f 33 46 47
f 33 47 48
f 33 48 34
f 33 45 46
f 34 48 49
f 34 49 50
f 34 50 51
f 34 51 52
f 34 52 35
f 35 52 53
f 35 53 37
f 36 54 38
f 36 37 55
f 36 55 54
f 37 53 56
f 37 56 57
f 37 57 58
f 37 58 59
f 37 59 60
f 37 60 55
f 38 54 61
f 38 61 62
f 38 62 63
f 39 65 95
f 39 95 64
f 40 66 67
f 41 68 66
f 43 69 44
f 44 69 70
f 44 70 71
f 44 71 45
f 45 71 72
f 45 72 46
f 46 72 73
f 46 73 74
f 46 74 75
f 46 75 47
f 47 75 76
f 47 76 77
f 47 77 78
f 47 78 49
f 47 49 48
f 49 78 50
f 50 78 51
f 51 78 79
f 51 79 80
f 51 80 81
f 51 81 53
f 51 53 52
f 53 81 56
f 54 55 61
f 55 60 59
f 55 59 62
f 55 62 61
f 56 81 82
f 56 82 57
f 57 82 58
f 58 83 84
f 58 84 85
f 58 85 86
f 58 86 87
f 58 87 88
f 58 88 89
f 58 89 90
f 58 90 59
f 58 82 83
f 59 90 91
f 59 91 92
f 59 92 62
f 62 92 63
f 63 92 93
f 64 95 94
f 65 96 95
f 66 97 98
f 66 98 99
f 66 99 67
f 66 68 97
f 67 99 100
f 68 101 97
f 70 102 73
f 70 73 71
f 71 73 72
f 73 103 104
f 73 104 74
f 73 102 103
f 74 104 75
f 75 104 76
f 76 104 105
f 76 105 106
f 76 106 77
f 77 106 107
f 77 107 78
f 78 107 79
f 79 107 80
f 80 82 81
f 80 107 108
f 80 108 109
f 80 109 82
f 82 109 83
f 83 109 84
f 84 109 110
f 84 110 111
f 84 111 112
f 84 112 85
f 85 113 86
f 85 112 113
f 86 113 114
f 86 114 87
f 89 91 90
f 91 93 92
f 94 95 116
f 94 116 115
f 95 96 117
f 95 117 116
f 96 118 117
f 97 119 120
f 97 120 121
f 97 121 122
f 97 122 98
f 97 101 119
f 98 122 123
f 98 123 99
f 99 123 124
f 99 124 100
f 100 124 125
f 101 126 127
f 101 127 119
f 102 128 103
f 103 128 129
f 103 129 130
f 103 130 131
f 103 131 132
f 103 132 133
f 103 133 134
f 103 134 135
f 103 135 136
f 103 136 137
f 103 137 104
f 104 137 105
f 105 137 138
f 105 138 106
f 106 138 139
f 106 139 107
f 107 139 140
f 107 140 141
f 107 141 108
f 108 141 142
f 108 142 143
f 108 143 144
f 108 144 109
f 109 144 110
f 110 144 145
f 110 145 111
f 111 146 147
f 111 147 148
f 111 148 149
f 111 149 150
f 111 150 151
f 111 151 112
f 111 145 143
f 111 143 146
f 112 151 152
f 112 152 153
f 112 153 154
f 112 154 113
f 115 116 156
f 115 156 155
f 116 117 157
f 116 157 156
f 117 118 158
f 117 158 157
f 118 159 158
f 119 127 160
f 119 160 120
f 120 160 161
f 120 161 162
f 120 162 123
f 120 123 121
f 121 123 122
f 123 162 163
f 123 163 164
f 123 164 165
f 123 165 124
f 124 165 164
f 124 164 214
f 124 214 166
f 124 166 125
f 125 166 167
f 126 168 127
f 127 169 160
f 127 168 169
f 129 170 171
f 129 171 172
f 129 172 173
f 129 173 174
f 129 174 130
f 130 174 131
f 131 174 175
f 131 175 132
f 132 175 176
f 132 176 133
f 133 176 134
f 134 176 177
f 134 177 178
f 134 178 179
f 134 179 180
f 134 180 135
f 135 180 136
f 136 180 181
f 136 181 139
f 136 139 137
f 137 139 138
f 139 181 140
f 140 181 180
f 140 180 182
f 140 182 183
f 140 183 184
f 140 184 141
f 141 184 185
f 141 185 186
f 141 186 142
f 142 186 187
f 142 187 143
f 143 145 144
f 143 187 188
f 143 188 189
f 143 189 146
f 146 189 148
f 146 148 147
f 148 189 190
f 148 190 149
f 149 190 191
f 149 191 192
f 149 192 193
f 149 193 194
f 149 194 195
f 149 195 150
f 150 195 196
f 150 196 257
f 150 257 197
f 150 197 198
f 150 198 199
f 150 199 152
f 150 152 151
f 155 156 201
f 155 201 200
f 156 157 202
f 156 202 201
f 157 158 203
f 157 203 204
f 157 204 202
f 158 159 203
f 159 205 203
f 160 169 206
f 160 206 207
f 160 207 208
f 160 208 161
f 161 208 209
f 161 209 210
f 161 210 162
f 162 210 164
f 162 164 163
f 164 210 211
f 164 211 212
f 164 212 213
f 164 213 214
f 166 214 215
f 166 215 216
f 166 216 167
f 167 216 217
f 168 218 206
f 168 206 169
f 170 219 171
f 171 219 220
f 171 220 221
f 171 221 172
f 172 221 222
f 172 222 223
f 172 223 174
f 172 174 173
f 174 223 224
f 174 224 225
f 174 225 226
f 174 226 227
f 174 227 175
f 175 227 226
f 175 226 228
f 175 228 229
f 175 229 176
f 176 229 177
f 177 229 230
f 177 230 178
f 178 230 231
f 178 231 232
f 178 232 179
f 179 232 180
f 180 232 182
f 182 232 183
f 183 233 184
f 183 232 234
f 183 234 235
f 183 235 236
f 183 236 233
f 184 233 237
f 184 237 185
f 185 238 186
f 185 237 239
f 185 239 240
f 185 240 241
f 185 241 238
f 186 238 187
f 187 238 242
f 187 242 188
f 188 242 243
f 188 243 189
f 189 243 244
f 189 244 190
f 190 245 191
f 190 244 245
f 191 245 246
f 191 246 193
f 191 193 192
f 193 247 248
f 193 248 249
f 193 249 250
f 193 250 251
f 193 251 252
f 193 252 253
f 193 253 254
f 193 254 195
f 193 195 194
f 193 246 247
f 195 255 256
f 195 256 257
f 195 257 196
f 195 254 253
f 195 253 258
f 195 258 259
f 195 259 255
f 200 201 261
f 200 261 330
f 200 330 260
f 201 202 262
f 201 262 261
f 202 204 263
f 202 263 264
f 202 264 262
f 203 263 204
f 203 205 265
f 203 265 263
f 205 266 265
f 206 267 269
f 206 269 207
f 206 218 268
f 206 268 267
f 207 269 208
f 208 270 271
f 208 271 209
f 208 269 270
f 209 271 272
f 209 272 273
f 209 273 274
f 209 274 210
f 210 274 211
f 211 274 275
f 211 275 276
f 211 276 212
f 212 276 277
f 212 277 213
f 213 277 214
f 214 277 215
f 215 277 278
f 215 278 216
f 216 278 279
f 216 279 280
f 216 280 217
f 220 281 221
f 221 223 222
f 221 281 282
f 221 282 283
f 221 283 284
f 221 284 223
f 223 284 224
f 224 284 285
f 224 285 225
f 225 285 286
f 225 286 287
f 225 287 288
f 225 288 226
f 226 288 289
f 226 289 290
f 226 290 228
f 228 290 291
f 228 291 229
f 229 291 292
f 229 292 230
f 230 292 231
f 231 293 294
f 231 294 232
f 231 292 295
f 231 295 293
f 232 294 234
f 233 236 296
f 233 296 239
f 233 239 237
f 234 294 297
f 234 297 298
f 234 298 235
f 235 299 236
f 235 298 300
f 235 300 299
f 236 299 301
f 236 301 302
f 236 302 296
f 238 241 242
f 239 296 302
f 239 302 303
f 239 303 240
f 240 304 241
f 240 303 304
f 241 304 242
f 242 244 243
f 242 304 305
f 242 305 306
f 242 306 245
f 242 245 244
f 245 306 307
f 245 307 308
f 245 308 246
f 246 308 307
f 246 307 309
f 246 309 310
f 246 310 311
f 246 311 247
f 247 311 248
f 248 311 310
f 248 310 312
f 248 312 313
f 248 313 249
f 249 313 250
f 250 313 314
f 250 314 315
f 250 315 316
f 250 316 252
f 250 252 251
f 252 316 317
f 252 317 253
f 253 318 258
f 253 317 318
f 255 259 319
f 255 319 320
f 255 320 321
f 255 321 256
f 258 318 322
f 258 322 323
f 258 323 324
f 258 324 325
f 258 325 326
f 258 326 327
f 258 327 328
f 258 328 259
f 259 328 319
f 260 330 413
f 260 413 329
f 261 262 331
f 261 331 330
f 262 264 332
f 262 332 331
f 263 265 333
f 263 333 264
f 264 333 332
f 265 266 334
f 265 334 335
f 265 335 333
f 266 336 337
f 266 337 334
f 267 338 339
f 267 339 269
f 267 268 340
f 267 340 341
f 267 341 338
f 269 339 342
f 269 342 270
f 270 342 343
f 270 343 344
f 270 344 271
f 271 344 345
f 271 345 272
f 272 345 346
f 272 346 273
f 273 347 274
f 273 346 347
f 274 347 348
f 274 348 275
f 275 348 276
f 276 348 349
f 276 349 277
f 277 349 278
f 278 349 350
f 278 350 351
f 278 351 279
f 279 351 352
f 279 352 280
f 280 352 446
f 280 446 353
f 281 354 282
f 282 354 355
f 282 355 356
f 282 356 357
f 282 357 358
f 282 358 283
f 283 358 284
f 284 358 359
f 284 359 285
f 285 359 360
f 285 360 361
f 285 361 286
f 286 361 287
f 287 361 362
f 287 362 288
f 288 363 289
f 288 362 364
f 288 364 365
f 288 365 363
f 289 363 366
f 289 366 367
f 289 367 290
f 290 367 368
f 290 368 295
f 290 295 292
f 290 292 291
f 293 295 369
f 293 369 294
f 294 369 297
f 295 368 369
f 297 369 298
f 298 369 370
f 298 370 371
f 298 371 372
f 298 372 373
f 298 373 374
f 298 374 300
f 299 300 375
f 299 375 301
f 300 374 373
f 300 373 376
f 300 376 377
f 300 377 375
f 301 375 377
f 301 377 378
f 301 378 302
f 302 378 379
f 302 379 380
f 302 380 381
f 302 381 382
f 302 382 303
f 303 383 384
f 303 384 304
f 303 382 385
f 303 385 386
f 303 386 383
f 304 387 305
f 304 384 388
f 304 388 387
f 305 383 389
f 305 389 392
f 305 392 390
f 305 390 391
f 305 391 306
f 305 387 383
f 306 391 307
f 307 391 392
f 307 392 393
f 307 393 394
f 307 394 395
f 307 395 396
f 307 396 309
f 309 397 310
f 309 396 397
f 310 397 398
f 310 398 312
f 312 398 399
f 312 399 313
f 313 399 400
f 313 400 401
f 313 401 314
f 314 401 315
f 315 401 402
f 315 402 492
f 315 492 403
f 315 403 316
f 316 403 404
f 316 404 405
f 316 405 406
f 316 406 317
f 317 406 318
f 318 406 322
f 322 406 407
f 322 407 323
f 323 407 408
f 323 408 409
f 323 409 324
f 324 409 410
f 324 410 325
f 325 410 411
f 329 413 414
f 329 414 412
f 330 331 415
f 330 415 413
f 331 332 416
f 331 416 415
f 332 333 335
f 332 335 417
f 332 417 418
f 332 418 416
f 334 337 335
f 335 337 419
f 335 419 420
f 335 420 421
f 335 421 422
f 335 422 423
f 335 423 417
f 336 424 337
f 337 424 425
f 337 425 426
f 337 426 419
f 338 427 428
f 338 428 339
f 338 341 429
f 338 429 427
f 339 428 430
f 339 430 431
f 339 431 342
f 342 431 430
f 342 430 432
f 342 432 433
f 342 433 434
f 342 434 343
f 343 434 435
f 343 435 436
f 343 436 344
f 344 436 437
f 344 437 345
f 345 437 438
f 345 438 439
f 345 439 440
f 345 440 346
f 346 440 441
f 346 441 442
f 346 442 443
f 346 443 348
f 346 348 347
f 348 443 444
f 348 444 350
f 348 350 349
f 350 444 351
f 351 444 445
f 351 445 446
f 351 446 352
f 353 446 447
f 353 447 448
f 357 449 358
f 358 449 450
f 358 450 359
f 359 450 360
f 360 450 451
f 360 451 361
f 361 452 453
f 361 453 362
f 361 451 452
f 362 453 364
f 363 365 454
f 363 454 366
f 364 455 456
f 364 456 457
f 364 457 458
f 364 458 459
f 364 459 454
f 364 454 365
f 364 453 452
f 364 452 460
f 364 460 461
f 364 461 462
f 364 462 463
f 364 463 464
f 364 464 465
f 364 465 455
f 366 454 466
f 366 466 467
f 366 467 468
f 366 468 367
f 367 468 469
f 367 469 470
f 367 470 368
f 368 470 369
f 369 470 370
f 370 470 371
f 371 470 471
f 371 471 372
f 372 471 470
f 372 470 469
f 372 469 472
f 372 472 473
f 372 473 474
f 372 474 373
f 373 474 376
f 376 474 377
f 377 475 379
f 377 379 378
f 377 474 476
f 377 476 475
f 379 475 476
f 379 476 477
f 379 477 380
f 380 478 385
f 380 385 381
f 380 477 479
f 380 479 480
f 380 480 478
f 381 385 382
f 383 387 388
f 383 388 384
f 383 386 389
f 385 478 481
f 385 481 393
f 385 393 386
f 386 393 389
f 389 393 392
f 390 392 391
f 393 481 482
f 393 482 483
f 393 483 396
f 393 396 394
f 394 484 395
f 394 396 484
f 395 484 396
f 396 483 485
f 396 485 399
f 396 399 397
f 397 399 398
f 399 485 486
f 399 486 487
f 399 487 488
f 399 488 489
f 399 489 400
f 400 489 488
f 400 488 401
f 401 490 491
f 401 491 402
f 401 488 490
f 402 491 490
f 402 490 492
f 403 492 493
f 403 493 404
f 404 494 406
f 404 406 405
f 404 493 495
f 404 495 496
f 404 496 497
f 404 497 494
f 406 494 498
f 406 498 499
f 406 499 407
f 407 499 408
f 408 410 409
f 408 499 500
f 408 500 410
f 410 500 588
f 410 588 501
f 410 501 411
f 411 501 502
f 412 414 504
f 412 504 505
f 412 505 503
f 413 415 506
f 413 506 507
f 413 507 508
f 413 508 414
f 414 508 509
f 414 509 510
f 414 510 511
f 414 511 504
f 415 416 512
f 415 512 506
f 416 418 423
f 416 423 513
f 416 513 512
f 417 423 418
f 419 426 420
f 420 426 514
f 420 514 515
f 420 515 610
f 420 610 516
f 420 516 422
f 420 422 421
f 422 517 519
f 422 519 423
f 422 516 518
f 422 518 517
f 423 519 513
f 425 514 426
f 425 520 514
f 427 521 428
f 427 429 521
f 428 521 522
f 428 522 523
f 428 523 430
f 429 524 521
f 430 523 525
f 430 525 526
f 430 526 527
f 430 527 528
f 430 528 432
f 432 528 529
f 432 529 530
f 432 530 433
f 433 530 435
f 433 435 434
f 435 530 531
f 435 531 532
f 435 532 436
f 436 532 533
f 436 533 534
f 436 534 437
f 437 534 438
f 438 534 535
f 438 535 439
f 439 535 536
f 439 536 537
f 439 537 538
f 439 538 539
f 439 539 441
f 439 441 440
f 441 540 442
f 441 539 538
f 441 538 541
f 441 541 540
f 442 444 443
f 442 540 541
f 442 541 542
f 442 542 444
f 444 542 445
f 445 542 543
f 445 543 446
f 446 543 447
f 447 543 544
f 447 544 545
f 447 545 448
f 449 546 547
f 449 547 450
f 450 547 548
f 450 548 451
f 451 548 549
f 451 549 452
f 452 549 550
f 452 550 460
f 454 459 551
f 454 551 466
f 455 465 552
f 455 552 553
f 455 553 456
f 456 553 457
f 457 553 458
f 458 551 459
f 458 553 554
f 458 554 551
f 460 555 461
f 460 550 555
f 461 555 556
f 461 556 557
f 461 557 462
f 462 557 463
f 463 557 464
f 464 557 558
f 464 558 559
f 464 559 560
f 464 560 465
f 465 560 552
f 466 561 562
f 466 562 473
f 466 473 563
f 466 563 468
f 466 468 467
f 466 551 564
f 466 564 565
f 466 565 566
f 466 566 561
f 468 563 469
f 469 563 472
f 472 563 473
f 473 562 476
f 473 476 474
f 476 562 567
f 476 567 479
f 476 479 477
f 478 482 481
f 478 480 568
f 478 568 569
f 478 569 482
f 479 567 570
f 479 570 571
f 479 571 480
f 480 571 568
f 482 569 572
f 482 572 483
f 483 572 485
f 485 572 573
f 485 573 574
f 485 574 575
f 485 575 487
f 485 487 486
f 487 490 488
f 487 575 576
f 487 576 492
f 487 492 490
f 492 577 493
f 492 576 578
f 492 578 579
f 492 579 580
f 492 580 577
f 493 577 581
f 493 581 495
f 494 582 498
f 494 497 583
f 494 583 582
f 495 581 496
f 496 584 497
f 496 581 585
f 496 585 586
f 496 586 587
f 496 587 584
f 497 584 583
f 498 582 499
f 499 582 500
f 500 582 588
f 501 588 589
f 501 589 502
f 502 589 590
f 502 590 591
f 503 505 592
f 504 593 505
f 504 511 593
f 505 594 595
f 505 595 596
f 505 596 597
f 505 597 592
f 505 593 511
f 505 511 598
f 505 598 594
f 506 512 599
f 506 599 600
f 506 600 507
f 507 600 508
f 508 600 601
f 508 601 602
f 508 602 603
f 508 603 604
f 508 604 509
f 509 604 603
f 509 603 605
f 509 605 511
f 509 511 510
f 511 605 598
f 512 513 606
f 512 606 607
f 512 607 599
f 513 519 613
f 513 613 606
f 514 520 608
f 514 608 609
f 514 609 515
f 515 609 738
f 515 738 610
f 516 610 614
f 516 614 518
f 517 518 611
f 517 611 612
f 517 612 613
f 517 613 519
f 518 614 615
f 518 615 611
f 520 616 735
f 520 735 608
f 521 617 522
f 521 524 618
f 521 618 617
f 522 617 619
f 522 619 525
f 522 525 523
f 525 619 617
f 525 617 618
f 525 618 620
f 525 620 749
f 525 749 621
f 525 621 622
f 525 622 623
f 525 623 624
f 525 624 625
f 525 625 526
f 526 625 626
f 526 626 529
f 526 529 527
f 527 529 528
f 529 626 627
f 529 627 628
f 529 628 530
f 530 628 531
f 531 628 532
f 532 628 629
f 532 629 630
f 532 630 533
f 533 630 631
f 533 631 632
f 533 632 534
f 534 632 633
f 534 633 634
f 534 634 535
f 535 634 635
f 535 635 636
f 535 636 637
f 535 637 638
f 535 638 639
f 535 639 536
f 536 639 537
f 537 639 538
f 538 640 641
f 538 641 541
f 538 639 640
f 541 641 642
f 541 642 643
f 541 643 644
f 541 644 542
f 542 644 543
f 543 644 645
f 543 645 544
f 544 645 646
f 544 646 647
f 544 647 648
f 544 648 649
f 544 649 545
f 546 650 548
f 546 548 547
f 548 650 651
f 548 651 652
f 548 652 549
f 549 653 654
f 549 654 550
f 549 652 653
f 550 654 655
f 550 655 555
f 551 554 656
f 551 656 657
f 551 657 564
f 552 658 553
f 552 560 659
f 552 659 658
f 553 658 659
f 553 659 660
f 553 660 661
f 553 661 662
f 553 662 663
f 553 663 664
f 553 664 665
f 553 665 666
f 553 666 667
f 553 667 554
f 554 667 666
f 554 666 656
f 555 668 669
f 555 669 556
f 555 655 668
f 556 669 670
f 556 670 557
f 557 671 672
f 557 672 673
f 557 673 674
f 557 674 559
f 557 559 558
f 557 670 671
f 559 674 560
f 560 674 675
f 560 675 676
f 560 676 677
f 560 677 659
f 561 567 562
f 561 566 678
f 561 678 570
f 561 570 567
f 564 657 565
f 565 679 570
f 565 570 678
f 565 678 566
f 565 657 680
f 565 680 681
f 565 681 666
f 565 666 682
f 565 682 683
f 565 683 684
f 565 684 679
f 568 571 569
f 569 571 685
f 569 685 686
f 569 686 687
f 569 687 572
f 570 679 688
f 570 688 685
f 570 685 571
f 572 687 689
f 572 689 690
f 572 690 573
f 573 690 574
f 574 690 691
f 574 691 575
f 575 691 692
f 575 692 576
f 576 692 578
f 577 580 693
f 577 693 694
f 577 694 581
f 578 692 695
f 578 695 579
f 579 696 697
f 579 697 693
f 579 693 580
f 579 695 698
f 579 698 699
f 579 699 700
f 579 700 852
f 579 852 701
f 579 701 702
f 579 702 703
f 579 703 704
f 579 704 696
f 581 694 705
f 581 705 706
f 581 706 707
f 581 707 708
f 581 708 585
f 582 709 588
f 582 583 711
f 582 711 709
f 583 584 710
f 583 710 711
f 584 587 712
f 584 712 710
f 585 708 713
f 585 713 586
f 586 714 872
f 586 872 715
f 586 715 716
f 586 716 712
f 586 712 587
f 586 713 714
f 588 590 589
f 588 709 590
f 590 717 718
f 590 718 719
f 590 719 591
f 590 709 720
f 590 720 717
f 594 721 595
f 594 598 726
f 594 726 721
f 595 721 722
f 598 605 723
f 598 723 724
f 598 724 725
f 598 725 726
f 599 607 600
f 600 607 727
f 600 727 728
f 600 728 602
f 600 602 601
f 602 728 729
f 602 729 730
f 602 730 603
f 603 730 731
f 603 731 605
f 605 731 732
f 605 732 733
f 605 733 723
f 606 613 607
f 607 613 734
f 607 734 729
f 607 729 727
f 608 735 736
f 608 736 609
f 609 736 737
f 609 737 738
f 610 738 744
f 610 744 614
f 611 615 739
f 611 739 740
f 611 740 612
f 612 741 613
f 612 740 742
f 612 742 743
f 612 743 741
f 613 741 734
f 614 744 745
f 614 745 746
f 614 746 615
f 615 746 739
f 616 747 893
f 616 893 735
f 618 748 749
f 618 749 620
f 621 749 622
f 622 749 750
f 622 750 623
f 623 751 752
f 623 752 624
f 623 750 751
f 624 752 625
f 625 753 916
f 625 916 754
f 625 754 755
f 625 755 626
f 625 752 756
f 625 756 753
f 626 755 627
f 627 755 757
f 627 757 632
f 627 632 758
f 627 758 628
f 628 758 629
f 629 758 631
f 629 631 630
f 631 758 632
f 632 757 759
f 632 759 760
f 632 760 761
f 632 761 762
f 632 762 763
f 632 763 764
f 632 764 765
f 632 765 766
f 632 766 767
f 632 767 768
f 632 768 769
f 632 769 770
f 632 770 634
f 632 634 633
f 634 770 769
f 634 769 768
f 634 768 771
f 634 771 635
f 635 637 636
f 635 771 637
f 637 772 638
f 637 771 773
f 637 773 774
f 637 774 775
f 637 775 772
f 638 776 639
f 638 772 777
f 638 777 778
f 638 778 776
f 639 776 640
f 640 776 779
f 640 779 780
f 640 780 781
f 640 781 641
f 641 781 642
f 642 781 782
f 642 782 783
f 642 783 643
f 643 783 646
f 643 646 645
f 643 645 644
f 646 783 784
f 646 784 785
f 646 785 786
f 646 786 787
f 646 787 647
f 647 787 648
f 648 787 786
f 648 786 788
f 650 789 651
f 651 789 652
f 652 789 790
f 652 790 791
f 652 791 653
f 653 792 793
f 653 793 654
f 653 791 792
f 654 793 794
f 654 794 655
f 655 794 668
f 656 666 680
f 656 680 657
f 659 677 795
f 659 795 796
f 659 796 797
f 659 797 798
f 659 798 799
f 659 799 660
f 660 799 661
f 661 799 662
f 662 799 663
f 663 799 800
f 663 800 801
f 663 801 665
f 663 665 664
f 665 801 666
f 666 801 802
f 666 802 803
f 666 803 804
f 666 804 682
f 666 681 680
f 668 805 806
f 668 806 669
f 668 794 805
f 669 806 670
f 670 806 807
f 672 808 809
f 672 809 810
f 672 810 811
f 672 811 812
f 672 812 813
f 672 813 814
f 672 814 673
f 673 814 674
f 674 814 813
f 674 813 675
f 675 813 676
f 676 815 816
f 676 816 817
f 676 817 818
f 676 818 819
f 676 819 820
f 676 820 821
f 676 821 677
f 676 813 812
f 676 812 822
f 676 822 823
f 676 823 824
f 676 824 825
f 676 825 826
f 676 826 827
f 676 827 828
f 676 828 829
f 676 829 830
f 676 830 831
f 676 831 832
f 676 832 815
f 677 821 795
f 679 833 688
f 679 684 833
f 682 804 683
f 683 804 834
f 683 834 684
f 684 834 835
f 684 835 836
f 684 836 688
f 684 688 833
f 685 688 686
f 686 688 837
f 686 837 838
f 686 838 687
f 687 838 689
f 688 836 839
f 688 839 840
f 688 840 841
f 688 841 842
f 688 842 843
f 688 843 837
f 689 838 844
f 689 844 698
f 689 698 845
f 689 845 695
f 689 695 846
f 689 846 691
f 689 691 690
f 691 846 695
f 691 695 692
f 693 697 847
f 693 847 694
f 694 847 848
f 694 848 705
f 695 845 698
f 696 704 849
f 696 849 850
f 696 850 851
f 696 851 697
f 697 851 847
f 698 844 699
f 699 852 700
f 699 844 852
f 701 852 702
f 702 853 703
f 702 852 854
f 702 854 855
f 702 855 853
f 703 853 704
f 704 856 849
f 704 853 856
f 705 848 857
f 705 857 858
f 705 858 859
f 705 859 707
f 705 707 706
f 707 859 860
f 707 860 708
f 708 860 861
f 708 861 713
f 709 711 720
f 710 862 711
f 710 712 863
f 710 863 862
f 711 862 720
f 712 716 864
f 712 864 865
f 712 865 863
f 713 861 866
f 713 866 867
f 713 867 868
f 713 868 869
f 713 869 870
f 713 870 714
f 714 870 871
f 714 871 872
f 715 864 716
f 715 872 873
f 715 873 864
f 717 720 874
f 720 862 875
f 720 875 876
f 720 876 877
f 720 877 878
f 720 878 874
f 721 726 879
f 721 879 880
f 721 880 881
f 721 881 722
f 723 733 724
f 724 733 882
f 724 882 883
f 724 883 725
f 725 883 884
f 725 884 879
f 725 879 726
f 727 729 728
f 729 885 886
f 729 886 730
f 729 734 743
f 729 743 885
f 730 886 887
f 730 887 731
f 731 887 888
f 731 888 732
f 732 889 733
f 732 888 890
f 732 890 889
f 733 889 891
f 733 891 892
f 733 892 882
f 734 741 743
f 735 893 736
f 736 893 894
f 736 894 895
f 736 895 737
f 737 895 896
f 737 896 897
f 737 897 898
f 737 898 738
f 738 898 899
f 738 899 744
f 739 746 900
f 739 900 901
f 739 901 902
f 739 902 903
f 739 903 740
f 740 903 904
f 740 904 742
f 742 904 743
f 743 904 905
f 743 905 906
f 743 906 886
f 743 886 885
f 744 899 907
f 744 907 745
f 745 907 746
f 746 907 900
f 747 908 893
f 748 909 749
f 749 910 750
f 749 909 911
f 749 911 910
f 750 910 751
f 751 910 912
f 751 912 752
f 752 913 756
f 752 912 914
f 752 914 913
f 753 915 916
f 753 756 915
f 754 916 757
f 754 757 755
f 756 913 917
f 756 917 915
f 757 918 919
f 757 919 759
f 757 916 920
f 757 920 918
f 759 921 922
f 759 922 760
f 759 919 921
f 760 922 923
f 760 923 924
f 760 924 761
f 761 924 925
f 761 925 926
f 761 926 762
f 762 926 765
f 762 765 763
f 763 765 764
f 765 927 766
f 765 926 927
f 766 928 768
f 766 768 767
f 766 927 929
f 766 929 930
f 766 930 931
f 766 931 928
f 768 928 771
f 771 774 773
f 771 928 931
f 771 931 774
f 772 775 932
f 772 932 777
f 774 933 934
f 774 934 777
f 774 777 932
f 774 932 775
f 774 931 1089
f 774 1089 933
f 776 778 935
f 776 935 779
f 777 934 933
f 777 933 936
f 777 936 937
f 777 937 938
f 777 938 778
f 778 938 935
f 779 935 938
f 779 938 939
f 779 939 780
f 780 939 937
f 780 937 940
f 780 940 781
f 781 940 782
f 782 940 941
f 782 941 784
f 782 784 783
f 784 786 785
f 784 941 942
f 784 942 943
f 784 943 786
f 786 944 945
f 786 945 788
f 786 943 946
f 786 946 947
f 786 947 948
f 786 948 949
f 786 949 944
f 791 950 792
f 792 950 794
f 792 794 793
f 794 950 805
f 795 821 951
f 795 951 820
f 795 820 800
f 795 800 797
f 795 797 796
f 797 800 799
f 797 799 798
f 800 952 953
f 800 953 801
f 800 820 819
f 800 819 952
f 801 953 952
f 801 952 802
f 802 952 954
f 802 954 803
f 803 954 804
f 804 954 955
f 804 955 990
f 804 990 834
f 805 950 956
f 805 956 957
f 805 957 806
f 806 957 807
f 808 958 809
f 809 958 959
f 809 959 960
f 809 960 810
f 810 960 811
f 811 960 961
f 811 961 962
f 811 962 812
f 812 962 963
f 812 963 964
f 812 964 822
f 815 965 816
f 815 832 966
f 815 966 967
f 815 967 965
f 816 968 969
f 816 969 818
f 816 818 817
f 816 965 968
f 818 969 968
f 818 968 970
f 818 970 971
f 818 971 972
f 818 972 973
f 818 973 819
f 819 973 952
f 820 951 821
f 822 964 974
f 822 974 823
f 823 975 976
f 823 976 977
f 823 977 824
f 823 974 978
f 823 978 975
f 824 977 825
f 825 977 979
f 825 979 826
f 826 979 980
f 826 980 981
f 826 981 827
f 827 981 828
f 828 981 982
f 828 982 829
f 829 982 983
f 829 983 984
f 829 984 985
f 829 985 986
f 829 986 831
f 829 831 830
f 831 987 966
f 831 966 832
f 831 986 988
f 831 988 989
f 831 989 987
f 834 990 835
f 835 839 836
f 835 990 991
f 835 991 839
f 837 992 838
f 837 843 992
f 838 992 993
f 838 993 994
f 838 994 844
f 839 991 995
f 839 995 840
f 840 995 996
f 840 996 841
f 841 996 997
f 841 997 998
f 841 998 842
f 842 998 999
f 842 999 843
f 843 999 1000
f 843 1000 992
f 844 994 852
f 847 851 1001
f 847 1001 848
f 848 1001 1002
f 848 1002 857
f 849 856 1003
f 849 1003 850
f 850 1003 851
f 851 1003 1004
f 851 1004 1001
f 852 994 1005
f 852 1005 1006
f 852 1006 854
f 853 855 856
f 854 1006 1005
f 854 1005 1007
f 854 1007 855
f 855 1007 1008
f 855 1008 856
f 856 1008 1009
f 856 1009 1010
f 856 1010 1003
f 857 1002 1011
f 857 1011 1012
f 857 1012 858
f 858 1013 859
f 858 1012 1014
f 858 1014 1013
f 859 1013 860
f 860 1013 1015
f 860 1015 1016
f 860 1016 861
f 861 1016 866
f 862 863 875
f 863 865 1017
f 863 1017 1018
f 863 1018 875
f 864 1017 865
f 864 873 1019
f 864 1019 1020
f 864 1020 1021
f 864 1021 1017
f 866 1016 1022
f 866 1022 1023
f 866 1023 1024
f 866 1024 1025
f 866 1025 867
f 867 1025 1026
f 867 1026 1027
f 867 1027 868
f 868 1027 869
f 869 1028 1029
f 869 1029 872
f 869 872 871
f 869 871 870
f 869 1027 1030
f 869 1030 1028
f 872 1029 1031
f 872 1031 1032
f 872 1032 1019
f 872 1019 873
f 875 1018 1033
f 875 1033 876
f 879 884 1034
f 879 1034 880
f 880 1034 1035
f 880 1035 1036
f 880 1036 1037
f 880 1037 1038
f 880 1038 1039
f 880 1039 881
f 882 892 883
f 883 892 1040
f 883 1040 1041
f 883 1041 1042
f 883 1042 884
f 884 1042 1034
f 886 906 1043
f 886 1043 887
f 887 1043 888
f 888 1043 1044
f 888 1044 890
f 889 890 1045
f 889 1045 1046
f 889 1046 1047
f 889 1047 891
f 890 1044 1045
f 891 1048 892
f 891 1047 1049
f 891 1049 1048
f 892 1048 1050
f 892 1050 1040
f 893 908 894
f 894 1051 1052
f 894 1052 895
f 894 908 1053
f 894 1053 1054
f 894 1054 1051
f 895 1052 896
f 896 1052 1055
f 896 1055 1056
f 896 1056 1057
f 896 1057 897
f 897 1057 1056
f 897 1056 898
f 898 1056 1058
f 898 1058 1059
f 898 1059 1060
f 898 1060 899
f 899 1060 1061
f 899 1061 907
f 900 907 901
f 901 907 1062
f 901 1062 1063
f 901 1063 902
f 902 1063 903
f 903 1063 1064
f 903 1064 1065
f 903 1065 1066
f 903 1066 1067
f 903 1067 905
f 903 905 904
f 905 1043 906
f 905 1067 1043
f 907 1061 1062
f 910 1068 912
f 910 911 1069
f 910 1069 1068
f 912 1068 914
f 913 914 1070
f 913 1070 1071
f 913 1071 917
f 914 1068 1070
f 915 917 916
f 916 917 920
f 917 1072 1073
f 917 1073 920
f 917 1071 1072
f 918 920 1073
f 918 1073 1074
f 918 1074 921
f 918 921 919
f 921 1074 1075
f 921 1075 923
f 921 923 922
f 923 1076 925
f 923 925 924
f 923 1075 1077
f 923 1077 1078
f 923 1078 1079
f 923 1079 1080
f 923 1080 1081
f 923 1081 1076
f 925 1076 1082
f 925 1082 926
f 926 1082 1083
f 926 1083 927
f 927 1083 1084
f 927 1084 1085
f 927 1085 929
f 929 1085 930
f 930 1085 1086
f 930 1086 1087
f 930 1087 931
f 931 1087 1088
f 931 1088 1089
f 933 1089 1090
f 933 1090 1091
f 933 1091 936
f 936 1091 941
f 936 941 937
f 937 941 940
f 937 939 938
f 941 1091 942
f 942 1091 1092
f 942 1092 1093
f 942 1093 943
f 943 1093 946
f 944 949 1095
f 944 1095 1096
f 944 1096 1094
f 946 1093 1097
f 946 1097 1098
f 946 1098 947
f 947 1098 1099
f 947 1099 1100
f 947 1100 948
f 948 1100 1101
f 948 1101 949
f 949 1101 1102
f 949 1102 1095
f 952 973 1103
f 952 1103 954
f 954 1103 1104
f 954 1104 955
f 955 1104 1105
f 955 1105 1106
f 955 1106 1107
f 955 1107 990
f 958 1108 959
f 959 1108 1109
f 959 1109 960
f 960 1109 1110
f 960 1110 961
f 961 1111 1112
f 961 1112 962
f 961 1110 1111
f 962 978 1113
f 962 1113 974
f 962 974 963
f 962 1112 1114
f 962 1114 978
f 963 974 964
f 965 1115 968
f 965 967 1115
f 966 987 967
f 967 987 1116
f 967 1116 1117
f 967 1117 1115
f 968 1115 1118
f 968 1118 1119
f 968 1119 1120
f 968 1120 970
f 970 1120 972
f 970 972 971
f 972 1120 1121
f 972 1121 1104
f 972 1104 1103
f 972 1103 973
f 974 1113 978
f 975 978 976
f 976 1122 977
f 976 978 1122
f 977 1122 1123
f 977 1123 1124
f 977 1124 979
f 978 1125 1126
f 978 1126 1122
f 978 1114 1111
f 978 1111 1127
f 978 1127 1128
f 978 1128 1129
f 978 1129 1130
f 978 1130 1131
f 978 1131 1132
f 978 1132 1125
f 979 1124 1133
f 979 1133 1134
f 979 1134 1135
f 979 1135 980
f 980 1136 983
f 980 983 982
f 980 982 981
f 980 1135 1137
f 980 1137 1138
f 980 1138 1139
f 980 1139 1136
f 983 1136 1139
f 983 1139 1140
f 983 1140 1141
f 983 1141 984
f 984 1141 1142
f 984 1142 985
f 985 1142 1141
f 985 1141 1143
f 985 1143 1144
f 985 1144 1145
f 985 1145 986
f 986 1145 988
f 987 989 1146
f 987 1146 1147
f 987 1147 1116
f 988 1145 1148
f 988 1148 1149
f 988 1149 1150
f 988 1150 989
f 989 1150 1151
f 989 1151 1152
f 989 1152 1146
f 990 1107 1153
f 990 1153 991
f 991 1154 995
f 991 1153 1155
f 991 1155 1156
f 991 1156 1157
f 991 1157 1154
f 992 1000 1158
f 992 1158 1159
f 992 1159 1160
f 992 1160 1005
f 992 1005 993
f 993 1005 994
f 995 1154 1161
f 995 1161 996
f 996 1161 997
f 997 1161 1154
f 997 1154 1162
f 997 1162 1163
f 997 1163 998
f 998 1163 999
f 999 1163 1164
f 999 1164 1165
f 999 1165 1000
f 1000 1166 1158
f 1000 1165 1167
f 1000 1167 1166
f 1001 1004 1002
f 1002 1004 1011
f 1003 1010 1168
f 1003 1168 1169
f 1003 1169 1004
f 1004 1169 1011
f 1005 1160 1170
f 1005 1170 1007
f 1007 1171 1008
f 1007 1170 1172
f 1007 1172 1167
f 1007 1167 1171
f 1008 1171 1009
f 1009 1171 1173
f 1009 1173 1010
f 1010 1173 1168
f 1011 1169 1174
f 1011 1174 1175
f 1011 1175 1012
f 1012 1175 1014
f 1013 1014 1176
f 1013 1176 1015
f 1014 1175 1365
f 1014 1365 1177
f 1014 1177 1176
f 1015 1176 1178
f 1015 1178 1016
f 1016 1178 1022
f 1017 1179 1018
f 1017 1021 1179
f 1018 1179 1033
f 1019 1032 1180
f 1019 1180 1181
f 1019 1181 1020
f 1020 1181 1021
f 1022 1178 1023
f 1023 1178 1024
f 1024 1178 1182
f 1024 1182 1025
f 1025 1182 1183
f 1025 1183 1184
f 1025 1184 1185
f 1025 1185 1186
f 1025 1186 1026
f 1026 1186 1027
f 1027 1187 1030
f 1027 1186 1188
f 1027 1188 1189
f 1027 1189 1187
f 1028 1190 1379
f 1028 1379 1191
f 1028 1191 1032
f 1028 1032 1029
f 1028 1030 1192
f 1028 1192 1190
f 1029 1032 1031
f 1030 1187 1192
f 1032 1191 1193
f 1032 1193 1180
f 1034 1042 1194
f 1034 1194 1035
f 1035 1194 1195
f 1035 1195 1196
f 1035 1196 1036
f 1036 1196 1197
f 1036 1197 1037
f 1037 1198 1038
f 1038 1198 1039
f 1040 1050 1199
f 1040 1199 1200
f 1040 1200 1201
f 1040 1201 1041
f 1041 1201 1202
f 1041 1202 1203
f 1041 1203 1204
f 1041 1204 1042
f 1042 1204 1194
f 1043 1067 1205
f 1043 1205 1044
f 1044 1205 1206
f 1044 1206 1207
f 1044 1207 1045
f 1045 1207 1208
f 1045 1208 1209
f 1045 1209 1046
f 1046 1209 1210
f 1046 1210 1047
f 1047 1211 1049
f 1047 1210 1212
f 1047 1212 1213
f 1047 1213 1211
f 1048 1049 1214
f 1048 1214 1215
f 1048 1215 1050
f 1049 1216 1214
f 1049 1211 1217
f 1049 1217 1218
f 1049 1218 1219
f 1049 1219 1220
f 1049 1220 1216
f 1050 1215 1199
f 1051 1221 1222
f 1051 1222 1052
f 1051 1054 1223
f 1051 1223 1221
f 1052 1222 1056
f 1052 1056 1055
f 1053 1224 1054
f 1054 1224 1225
f 1054 1225 1226
f 1054 1226 1223
f 1056 1222 1227
f 1056 1227 1228
f 1056 1228 1229
f 1056 1229 1230
f 1056 1230 1059
f 1056 1059 1058
f 1059 1230 1424
f 1059 1424 1231
f 1059 1231 1063
f 1059 1063 1232
f 1059 1232 1061
f 1059 1061 1060
f 1061 1232 1062
f 1062 1232 1063
f 1063 1231 1233
f 1063 1233 1064
f 1064 1233 1065
f 1065 1233 1234
f 1065 1234 1235
f 1065 1235 1236
f 1065 1236 1066
f 1066 1206 1205
f 1066 1205 1067
f 1066 1236 1237
f 1066 1237 1206
f 1068 1069 1238
f 1068 1238 1239
f 1068 1239 1240
f 1068 1240 1241
f 1068 1241 1070
f 1069 1239 1238
f 1070 1241 1071
f 1071 1241 1242
f 1071 1242 1243
f 1071 1243 1244
f 1071 1244 1072
f 1072 1244 1073
f 1073 1244 1245
f 1073 1245 1074
f 1074 1246 1075
f 1074 1245 1246
f 1075 1246 1077
f 1076 1247 1082
f 1076 1081 1248
f 1076 1248 1249
f 1076 1249 1250
f 1076 1250 1247
f 1077 1246 1251
f 1077 1251 1252
f 1077 1252 1253
f 1077 1253 1254
f 1077 1254 1078
f 1078 1254 1255
f 1078 1255 1079
f 1079 1255 1256
f 1079 1256 1080
f 1080 1256 1257
f 1080 1257 1081
f 1081 1258 1248
f 1081 1257 1259
f 1081 1259 1258
f 1082 1260 1250
f 1082 1250 1261
f 1082 1261 1262
f 1082 1262 1263
f 1082 1263 1264
f 1082 1264 1084
f 1082 1084 1083
f 1082 1247 1260
f 1084 1264 1458
f 1084 1458 1265
f 1084 1265 1266
f 1084 1266 1085
f 1085 1266 1267
f 1085 1267 1086
f 1086 1267 1268
f 1086 1268 1269
f 1086 1269 1087
f 1087 1269 1270
f 1087 1270 1271
f 1087 1271 1088
f 1088 1271 1272
f 1088 1272 1090
f 1088 1090 1089
f 1090 1272 1273
f 1090 1273 1091
f 1091 1273 1092
f 1092 1273 1274
f 1092 1274 1097
f 1092 1097 1093
f 1094 1096 1275
f 1095 1102 1096
f 1096 1102 1276
f 1096 1276 1275
f 1097 1274 1277
f 1097 1277 1278
f 1097 1278 1279
f 1097 1279 1280
f 1097 1280 1098
f 1098 1280 1281
f 1098 1281 1099
f 1099 1281 1100
f 1100 1281 1282
f 1100 1282 1283
f 1100 1283 1284
f 1100 1284 1285
f 1100 1285 1286
f 1100 1286 1101
f 1101 1286 1287
f 1101 1287 1288
f 1101 1288 1102
f 1102 1288 1276
f 1104 1121 1289
f 1104 1289 1290
f 1104 1290 1105
f 1105 1290 1106
f 1106 1290 1291
f 1106 1291 1107
f 1107 1291 1292
f 1107 1292 1293
f 1107 1293 1155
f 1107 1155 1153
f 1108 1294 1109
f 1108 1295 1296
f 1108 1296 1294
f 1109 1294 1297
f 1109 1297 1110
f 1110 1297 1111
f 1111 1297 1127
f 1111 1114 1112
f 1115 1117 1298
f 1115 1298 1300
f 1115 1300 1118
f 1116 1299 1117
f 1116 1147 1299
f 1117 1299 1298
f 1118 1300 1119
f 1119 1291 1289
f 1119 1289 1120
f 1119 1300 1291
f 1120 1289 1121
f 1122 1126 1301
f 1122 1301 1124
f 1122 1124 1123
f 1124 1302 1133
f 1124 1301 1302
f 1125 1303 1126
f 1125 1132 1303
f 1126 1303 1304
f 1126 1304 1301
f 1127 1297 1305
f 1127 1305 1128
f 1128 1305 1306
f 1128 1306 1129
f 1129 1306 1130
f 1130 1306 1307
f 1130 1307 1131
f 1131 1308 1309
f 1131 1309 1310
f 1131 1310 1311
f 1131 1311 1132
f 1131 1307 1312
f 1131 1312 1308
f 1132 1311 1313
f 1132 1313 1314
f 1132 1314 1304
f 1132 1304 1303
f 1133 1302 1304
f 1133 1304 1315
f 1133 1315 1316
f 1133 1316 1317
f 1133 1317 1318
f 1133 1318 1134
f 1134 1318 1319
f 1134 1319 1320
f 1134 1320 1321
f 1134 1321 1135
f 1135 1321 1322
f 1135 1322 1323
f 1135 1323 1324
f 1135 1324 1137
f 1137 1324 1325
f 1137 1325 1138
f 1138 1140 1139
f 1138 1325 1326
f 1138 1326 1140
f 1140 1327 1141
f 1140 1326 1328
f 1140 1328 1329
f 1140 1329 1327
f 1141 1327 1143
f 1143 1330 1331
f 1143 1331 1332
f 1143 1332 1333
f 1143 1333 1145
f 1143 1145 1144
f 1143 1327 1329
f 1143 1329 1334
f 1143 1334 1330
f 1145 1333 1332
f 1145 1332 1148
f 1146 1152 1147
f 1147 1152 1335
f 1147 1335 1336
f 1147 1336 1337
f 1147 1337 1338
f 1147 1338 1299
f 1148 1332 1339
f 1148 1339 1340
f 1148 1340 1341
f 1148 1341 1149
f 1149 1341 1342
f 1149 1342 1150
f 1150 1342 1343
f 1150 1343 1151
f 1151 1344 1152
f 1151 1343 1344
f 1152 1344 1345
f 1152 1345 1346
f 1152 1346 1347
f 1152 1347 1335
f 1154 1157 1348
f 1154 1348 1349
f 1154 1349 1162
f 1155 1293 1350
f 1155 1350 1156
f 1156 1351 1352
f 1156 1352 1353
f 1156 1353 1354
f 1156 1354 1348
f 1156 1348 1157
f 1156 1350 1351
f 1158 1160 1159
f 1158 1166 1172
f 1158 1172 1160
f 1160 1172 1170
f 1162 1349 1355
f 1162 1355 1356
f 1162 1356 1163
f 1163 1356 1164
f 1164 1356 1357
f 1164 1357 1358
f 1164 1358 1165
f 1165 1358 1359
f 1165 1359 1167
f 1166 1167 1172
f 1167 1359 1360
f 1167 1360 1171
f 1168 1173 1361
f 1168 1361 1169
f 1169 1361 1362
f 1169 1362 1174
f 1171 1360 1359
f 1171 1359 1173
f 1173 1359 1361
f 1174 1362 1363
f 1174 1363 1364
f 1174 1364 1175
f 1175 1364 1365
f 1176 1177 1366
f 1176 1366 1178
f 1177 1365 1367
f 1177 1367 1368
f 1177 1368 1366
f 1178 1366 1182
f 1180 1193 1369
f 1182 1366 1183
f 1183 1366 1370
f 1183 1370 1184
f 1184 1370 1185
f 1185 1370 1371
f 1185 1371 1372
f 1185 1372 1373
f 1185 1373 1374
f 1185 1374 1186
f 1186 1374 1375
f 1186 1375 1188
f 1187 1189 1376
f 1187 1376 1192
f 1188 1375 1377
f 1188 1377 1189
f 1189 1377 1376
f 1190 1192 1376
f 1190 1376 1378
f 1190 1378 1379
f 1191 1379 1193
f 1193 1379 1380
f 1193 1380 1381
f 1193 1381 1369
f 1194 1204 1382
f 1194 1382 1383
f 1194 1383 1195
f 1199 1215 1384
f 1199 1384 1385
f 1199 1385 1386
f 1199 1386 1200
f 1200 1386 1387
f 1200 1387 1388
f 1200 1388 1389
f 1200 1389 1201
f 1201 1389 1202
f 1202 1389 1390
f 1202 1390 1391
f 1202 1391 1203
f 1203 1391 1382
f 1203 1382 1204
f 1206 1237 1208
f 1206 1208 1207
f 1208 1237 1236
f 1208 1236 1392
f 1208 1392 1209
f 1209 1392 1393
f 1209 1393 1210
f 1210 1393 1394
f 1210 1394 1395
f 1210 1395 1396
f 1210 1396 1397
f 1210 1397 1212
f 1211 1213 1217
f 1212 1397 1213
f 1213 1398 1399
f 1213 1399 1217
f 1213 1397 1400
f 1213 1400 1398
f 1214 1216 1401
f 1214 1401 1384
f 1214 1384 1215
f 1216 1402 1403
f 1216 1403 1401
f 1216 1220 1404
f 1216 1404 1405
f 1216 1405 1406
f 1216 1406 1402
f 1217 1399 1398
f 1217 1398 1407
f 1217 1407 1219
f 1217 1219 1218
f 1219 1408 1404
f 1219 1404 1220
f 1219 1407 1409
f 1219 1409 1408
f 1221 1223 1410
f 1221 1410 1411
f 1221 1411 1412
f 1221 1412 1413
f 1221 1413 1227
f 1221 1227 1222
f 1223 1226 1410
f 1224 1414 1225
f 1225 1414 1415
f 1225 1415 1416
f 1225 1416 1226
f 1226 1416 1417
f 1226 1417 1418
f 1226 1418 1419
f 1226 1419 1420
f 1226 1420 1421
f 1226 1421 1410
f 1227 1413 1228
f 1228 1413 1422
f 1228 1422 1423
f 1228 1423 1229
f 1229 1423 1230
f 1230 1423 1425
f 1230 1425 1426
f 1230 1426 1427
f 1230 1427 1424
f 1231 1424 1233
f 1233 1424 1428
f 1233 1428 1429
f 1233 1429 1234
f 1234 1429 1235
f 1235 1392 1236
f 1235 1429 1430
f 1235 1430 1392
f 1239 1431 1240
f 1240 1432 1241
f 1240 1431 1432
f 1241 1432 1433
f 1241 1433 1242
f 1242 1434 1435
f 1242 1435 1243
f 1242 1433 1432
f 1242 1432 1436
f 1242 1436 1434
f 1243 1435 1437
f 1243 1437 1244
f 1244 1437 1438
f 1244 1438 1439
f 1244 1439 1245
f 1245 1439 1251
f 1245 1251 1246
f 1247 1250 1260
f 1248 1258 1249
f 1249 1440 1250
f 1249 1258 1259
f 1249 1259 1441
f 1249 1441 1440
f 1250 1442 1261
f 1250 1440 1443
f 1250 1443 1444
f 1250 1444 1262
f 1250 1262 1442
f 1251 1445 1253
f 1251 1253 1252
f 1251 1439 1438
f 1251 1438 1446
f 1251 1446 1445
f 1253 1447 1448
f 1253 1448 1449
f 1253 1449 1254
f 1253 1445 1450
f 1253 1450 1447
f 1254 1449 1255
f 1255 1449 1451
f 1255 1451 1256
f 1256 1451 1257
f 1257 1451 1452
f 1257 1452 1453
f 1257 1453 1259
f 1259 1453 1441
f 1261 1442 1262
f 1262 1444 1454
f 1262 1454 1455
f 1262 1455 1456
f 1262 1456 1457
f 1262 1457 1264
f 1262 1264 1263
f 1264 1457 1458
f 1265 1458 1459
f 1265 1459 1266
f 1266 1459 1460
f 1266 1460 1267
f 1267 1460 1268
f 1268 1460 1461
f 1268 1461 1462
f 1268 1462 1269
f 1269 1462 1463
f 1269 1463 1270
f 1270 1463 1464
f 1270 1464 1274
f 1270 1274 1271
f 1271 1273 1272
f 1271 1274 1273
f 1274 1464 1277
f 1275 1276 1466
f 1275 1466 1465
f 1276 1288 1466
f 1277 1464 1467
f 1277 1467 1468
f 1277 1468 1278
f 1278 1468 1279
f 1279 1468 1283
f 1279 1283 1280
f 1280 1283 1281
f 1281 1283 1282
f 1283 1468 1469
f 1283 1469 1470
f 1283 1470 1471
f 1283 1471 1284
f 1284 1471 1472
f 1284 1472 1286
f 1284 1286 1285
f 1286 1472 1471
f 1286 1471 1473
f 1286 1473 1474
f 1286 1474 1475
f 1286 1475 1476
f 1286 1476 1477
f 1286 1477 1287
f 1287 1477 1288
f 1288 1477 1478
f 1288 1478 1479
f 1288 1479 1466
f 1289 1291 1290
f 1291 1300 1480
f 1291 1480 1481
f 1291 1481 1292
f 1292 1481 1293
f 1293 1481 1350
f 1294 1296 1305
f 1294 1305 1297
f 1295 1482 1296
f 1296 1482 1483
f 1296 1483 1484
f 1296 1484 1305
f 1298 1299 1338
f 1298 1338 1337
f 1298 1337 1485
f 1298 1485 1300
f 1300 1485 1337
f 1300 1337 1486
f 1300 1486 1480
f 1301 1304 1302
f 1304 1314 1487
f 1304 1487 1316
f 1304 1316 1315
f 1305 1488 1489
f 1305 1489 1490
f 1305 1490 1306
f 1305 1484 1488
f 1306 1490 1307
f 1307 1490 1312
f 1309 1491 1310
f 1310 1492 1311
f 1310 1491 1493
f 1310 1493 1494
f 1310 1494 1495
f 1310 1495 1492
f 1311 1492 1313
f 1312 1490 1489
f 1313 1492 1496
f 1313 1496 1487
f 1313 1487 1314
f 1316 1487 1317
f 1317 1487 1497
f 1317 1497 1498
f 1317 1498 1499
f 1317 1499 1500
f 1317 1500 1318
f 1318 1500 1319
f 1319 1500 1499
f 1319 1499 1501
f 1319 1501 1502
f 1319 1502 1503
f 1319 1503 1320
f 1320 1322 1321
f 1320 1503 1504
f 1320 1504 1322
f 1322 1504 1323
f 1323 1504 1505
f 1323 1505 1324
f 1324 1505 1506
f 1324 1506 1507
f 1324 1507 1325
f 1325 1507 1326
f 1326 1507 1508
f 1326 1508 1328
f 1328 1508 1509
f 1328 1509 1510
f 1328 1510 1511
f 1328 1511 1329
f 1329 1511 1512
f 1329 1512 1513
f 1329 1513 1334
f 1330 1334 1514
f 1330 1514 1331
f 1331 1514 1340
f 1331 1340 1339
f 1331 1339 1332
f 1334 1513 1515
f 1334 1515 1514
f 1335 1516 1517
f 1335 1517 1336
f 1335 1347 1516
f 1336 1517 1518
f 1336 1518 1337
f 1337 1518 1486
f 1340 1514 1341
f 1341 1514 1519
f 1341 1519 1520
f 1341 1520 1342
f 1342 1520 1343
f 1343 1521 1345
f 1343 1345 1344
f 1343 1520 1522
f 1343 1522 1521
f 1345 1521 1346
f 1346 1523 1524
f 1346 1524 1525
f 1346 1525 1526
f 1346 1526 1347
f 1346 1521 1527
f 1346 1527 1528
f 1346 1528 1529
f 1346 1529 1523
f 1347 1526 1516
f 1348 1354 1530
f 1348 1530 1531
f 1348 1531 1532
f 1348 1532 1533
f 1348 1533 1534
f 1348 1534 1349
f 1349 1534 1535
f 1349 1535 1536
f 1349 1536 1355
f 1350 1481 1518
f 1350 1518 1351
f 1351 1518 1516
f 1351 1516 1352
f 1352 1516 1353
f 1353 1516 1537
f 1353 1537 1526
f 1353 1526 1525
f 1353 1525 1538
f 1353 1538 1530
f 1353 1530 1354
f 1355 1539 1356
f 1355 1536 1540
f 1355 1540 1357
f 1355 1357 1539
f 1356 1539 1357
f 1357 1540 1541
f 1357 1541 1542
f 1357 1542 1358
f 1358 1542 1541
f 1358 1541 1543
f 1358 1543 1359
f 1359 1543 1544
f 1359 1544 1545
f 1359 1545 1546
f 1359 1546 1361
f 1361 1546 1547
f 1361 1547 1362
f 1362 1547 1548
f 1362 1548 1363
f 1363 1548 1549
f 1363 1549 1550
f 1363 1550 1364
f 1364 1550 1551
f 1364 1551 1365
f 1365 1551 1367
f 1366 1368 1370
f 1367 1551 1552
f 1367 1552 1553
f 1367 1553 1370
f 1367 1370 1368
f 1370 1553 1554
f 1370 1554 1371
f 1371 1554 1726
f 1371 1726 1555
f 1371 1555 1372
f 1372 1555 1373
f 1373 1375 1374
f 1373 1555 1556
f 1373 1556 1557
f 1373 1557 1558
f 1373 1558 1375
f 1375 1559 1560
f 1375 1560 1376
f 1375 1376 1377
f 1375 1558 1561
f 1375 1561 1559
f 1376 1560 1562
f 1376 1562 1563
f 1376 1563 1378
f 1378 1563 1380
f 1378 1380 1379
f 1380 1564 1381
f 1380 1563 1564
f 1381 1564 1565
f 1381 1565 1566
f 1381 1566 1567
f 1381 1567 1568
f 1384 1569 1385
f 1384 1401 1569
f 1385 1569 1570
f 1385 1570 1571
f 1385 1571 1386
f 1386 1571 1387
f 1387 1571 1572
f 1387 1572 1573
f 1387 1573 1574
f 1387 1574 1575
f 1387 1575 1576
f 1387 1576 1388
f 1388 1576 1577
f 1388 1577 1390
f 1388 1390 1389
f 1392 1430 1578
f 1392 1578 1393
f 1393 1578 1394
f 1394 1578 1579
f 1394 1579 1580
f 1394 1580 1581
f 1394 1581 1395
f 1395 1581 1400
f 1395 1400 1396
f 1396 1400 1397
f 1398 1409 1407
f 1398 1400 1409
f 1400 1581 1582
f 1400 1582 1583
f 1400 1583 1409
f 1401 1403 1569
f 1402 1584 1585
f 1402 1585 1403
f 1402 1406 1584
f 1403 1585 1569
f 1404 1408 1586
f 1404 1586 1405
f 1405 1586 1587
f 1405 1587 1588
f 1405 1588 1406
f 1406 1588 1589
f 1406 1589 1590
f 1406 1590 1591
f 1406 1591 1592
f 1406 1592 1584
f 1408 1409 1593
f 1408 1593 1586
f 1409 1583 1582
f 1409 1582 1594
f 1409 1594 1593
f 1410 1421 1595
f 1410 1595 1411
f 1411 1595 1412
f 1412 1422 1413
f 1412 1595 1421
f 1412 1421 1422
f 1414 1596 1597
f 1414 1597 1415
f 1415 1597 1598
f 1415 1598 1599
f 1415 1599 1600
f 1415 1600 1416
f 1416 1600 1417
f 1417 1600 1601
f 1417 1601 1602
f 1417 1602 1603
f 1417 1603 1604
f 1417 1604 1605
f 1417 1605 1418
f 1418 1605 1420
f 1418 1420 1419
f 1420 1605 1604
f 1420 1604 1421
f 1421 1604 1606
f 1421 1606 1422
f 1422 1606 1423
f 1423 1606 1425
f 1424 1427 1428
f 1425 1606 1607
f 1425 1607 1426
f 1426 1607 1427
f 1427 1607 1608
f 1427 1608 1609
f 1427 1609 1610
f 1427 1610 1428
f 1428 1610 1611
f 1428 1611 1612
f 1428 1612 1429
f 1429 1612 1611
f 1429 1611 1613
f 1429 1613 1614
f 1429 1614 1430
f 1430 1614 1615
f 1430 1615 1578
f 1431 1616 1617
f 1431 1617 1618
f 1431 1618 1432
f 1432 1618 1436
f 1434 1619 1435
f 1434 1436 1619
f 1435 1619 1620
f 1435 1620 1621
f 1435 1621 1437
f 1436 1618 1617
f 1436 1617 1622
f 1436 1622 1619
f 1437 1621 1623
f 1437 1623 1438
f 1438 1623 1446
f 1440 1441 1443
f 1441 1624 1443
f 1441 1453 1625
f 1441 1625 1624
f 1443 1624 1626
f 1443 1626 1444
f 1444 1626 1627
f 1444 1627 1628
f 1444 1628 1629
f 1444 1629 1454
f 1445 1446 1630
f 1445 1630 1631
f 1445 1631 1450
f 1446 1623 1630
f 1447 1632 1633
f 1447 1633 1449
f 1447 1449 1448
f 1447 1450 1632
f 1449 1633 1634
f 1449 1634 1635
f 1449 1635 1451
f 1450 1631 1636
f 1450 1636 1632
f 1451 1635 1637
f 1451 1637 1638
f 1451 1638 1452
f 1452 1638 1453
f 1453 1639 1640
f 1453 1640 1625
f 1453 1638 1641
f 1453 1641 1639
f 1454 1629 1628
f 1454 1628 1455
f 1455 1628 1642
f 1455 1642 1643
f 1455 1643 1644
f 1455 1644 1645
f 1455 1645 1646
f 1455 1646 1461
f 1455 1461 1460
f 1455 1460 1459
f 1455 1459 1647
f 1455 1647 1456
f 1456 1647 1457
f 1457 1647 1458
f 1458 1647 1459
f 1461 1646 1648
f 1461 1648 1462
f 1462 1648 1649
f 1462 1649 1463
f 1463 1649 1646
f 1463 1646 1650
f 1463 1650 1651
f 1463 1651 1464
f 1464 1651 1467
f 1465 1466 1652
f 1466 1479 1653
f 1466 1653 1652
f 1467 1654 1468
f 1467 1651 1654
f 1468 1654 1655
f 1468 1655 1469
f 1469 1655 1656
f 1469 1656 1657
f 1469 1657 1658
f 1469 1658 1659
f 1469 1659 1470
f 1470 1659 1660
f 1470 1660 1471
f 1471 1660 1661
f 1471 1661 1473
f 1473 1661 1474
f 1474 1476 1475
f 1474 1661 1662
f 1474 1662 1476
f 1476 1662 1477
f 1477 1663 1478
f 1477 1662 1664
f 1477 1664 1665
f 1477 1665 1666
f 1477 1666 1663
f 1478 1663 1667
f 1478 1667 1668
f 1478 1668 1479
f 1479 1668 1653
f 1480 1486 1518
f 1480 1518 1481
f 1483 1489 1484
f 1484 1489 1488
f 1487 1496 1669
f 1487 1669 1497
f 1492 1495 1670
f 1492 1670 1496
f 1493 1671 1494
f 1494 1671 1672
f 1494 1672 1673
f 1494 1673 1674
f 1494 1674 1495
f 1495 1674 1675
f 1495 1675 1670
f 1496 1670 1669
f 1497 1669 1498
f 1498 1669 1676
f 1498 1676 1677
f 1498 1677 1499
f 1499 1678 1501
f 1499 1677 1678
f 1501 1678 1502
f 1502 1678 1503
f 1503 1678 1504
f 1504 1678 1505
f 1505 1507 1506
f 1505 1678 1677
f 1505 1677 1679
f 1505 1679 1680
f 1505 1680 1681
f 1505 1681 1682
f 1505 1682 1683
f 1505 1683 1684
f 1505 1684 1507
f 1507 1684 1685
f 1507 1685 1508
f 1508 1685 1509
f 1509 1685 1686
f 1509 1686 1687
f 1509 1687 1510
f 1510 1687 1688
f 1510 1688 1689
f 1510 1689 1511
f 1511 1689 1512
f 1512 1689 1690
f 1512 1690 1514
f 1512 1514 1515
f 1512 1515 1513
f 1514 1691 1519
f 1514 1690 1689
f 1514 1689 1692
f 1514 1692 1688
f 1514 1688 1691
f 1516 1526 1537
f 1516 1518 1517
f 1519 1691 1693
f 1519 1693 1522
f 1519 1522 1520
f 1521 1522 1527
f 1522 1693 1694
f 1522 1694 1695
f 1522 1695 1528
f 1522 1528 1527
f 1523 1529 1538
f 1523 1538 1524
f 1524 1538 1525
f 1528 1696 1697
f 1528 1697 1698
f 1528 1698 1529
f 1528 1695 1699
f 1528 1699 1700
f 1528 1700 1696
f 1529 1698 1538
f 1530 1538 1531
f 1531 1538 1701
f 1531 1701 1702
f 1531 1702 1532
f 1532 1703 1533
f 1532 1702 1704
f 1532 1704 1703
f 1533 1703 1535
f 1533 1535 1534
f 1535 1703 1704
f 1535 1704 1705
f 1535 1705 1540
f 1535 1540 1536
f 1538 1698 1701
f 1540 1705 1706
f 1540 1706 1541
f 1541 1706 1543
f 1543 1706 1707
f 1543 1707 1708
f 1543 1708 1709
f 1543 1709 1544
f 1544 1709 1710
f 1544 1710 1545
f 1545 1547 1546
f 1545 1710 1711
f 1545 1711 1712
f 1545 1712 1713
f 1545 1713 1714
f 1545 1714 1715
f 1545 1715 1716
f 1545 1716 1717
f 1545 1717 1547
f 1547 1717 1548
f 1548 1718 1549
f 1548 1717 1718
f 1549 1719 1720
f 1549 1720 1721
f 1549 1721 1722
f 1549 1722 1550
f 1549 1718 1719
f 1550 1722 1723
f 1550 1723 1552
f 1550 1552 1551
f 1552 1723 1724
f 1552 1724 1554
f 1552 1554 1553
f 1554 1724 1725
f 1554 1725 1726
f 1555 1726 1556
f 1556 1726 1727
f 1556 1727 1728
f 1556 1728 1729
f 1556 1729 1557
f 1557 1729 1730
f 1557 1730 1561
f 1557 1561 1558
f 1559 1731 1732
f 1559 1732 1562
f 1559 1562 1560
f 1559 1561 1733
f 1559 1733 1731
f 1561 1730 1733
f 1562 1732 1563
f 1563 1732 1564
f 1564 1732 1565
f 1565 1732 1731
f 1565 1731 1566
f 1566 1731 1567
f 1567 1731 1734
f 1567 1734 1735
f 1567 1735 1736
f 1567 1736 1568
f 1569 1737 1570
f 1569 1585 1737
f 1570 1737 1738
f 1570 1738 1739
f 1570 1739 1740
f 1570 1740 1571
f 1571 1740 1741
f 1571 1741 1742
f 1571 1742 1572
f 1572 1742 1573
f 1573 1742 1741
f 1573 1741 1743
f 1578 1615 1744
f 1578 1744 1745
f 1578 1745 1746
f 1578 1746 1747
f 1578 1747 1579
f 1579 1747 1580
f 1580 1747 1746
f 1580 1746 1748
f 1580 1748 1749
f 1580 1749 1581
f 1581 1750 1582
f 1581 1749 1751
f 1581 1751 1750
f 1582 1752 1594
f 1582 1750 1753
f 1582 1753 1754
f 1582 1754 1752
f 1584 1592 1755
f 1584 1755 1585
f 1585 1755 1756
f 1585 1756 1757
f 1585 1757 1737
f 1586 1593 1587
f 1587 1758 1589
f 1587 1589 1588
f 1587 1593 1759
f 1587 1759 1758
f 1589 1758 1760
f 1589 1760 1761
f 1589 1761 1590
f 1590 1761 1762
f 1590 1762 1591
f 1591 1762 1763
f 1591 1763 1764
f 1591 1764 1592
f 1592 1764 1926
f 1592 1926 1755
f 1593 1594 1765
f 1593 1765 1766
f 1593 1766 1759
f 1594 1752 1765
f 1596 1767 1768
f 1596 1768 1597
f 1597 1768 1600
f 1597 1600 1598
f 1598 1600 1599
f 1600 1768 1769
f 1600 1769 1601
f 1601 1769 1770
f 1601 1770 1602
f 1602 1770 1942
f 1602 1942 1771
f 1602 1771 1772
f 1602 1772 1773
f 1602 1773 1774
f 1602 1774 1603
f 1603 1774 1773
f 1603 1773 1775
f 1603 1775 1604
f 1604 1775 1607
f 1604 1607 1606
f 1607 1775 1773
f 1607 1773 1608
f 1608 1776 1609
f 1608 1773 1782
f 1608 1782 1776
f 1609 1777 1778
f 1609 1778 1779
f 1609 1779 1780
f 1609 1780 1781
f 1609 1781 1611
f 1609 1611 1610
f 1609 1776 1782
f 1609 1782 1777
f 1611 1781 1783
f 1611 1783 1613
f 1613 1783 1614
f 1614 1783 1784
f 1614 1784 1785
f 1614 1785 1786
f 1614 1786 1787
f 1614 1787 1615
f 1615 1788 1789
f 1615 1789 1790
f 1615 1790 1744
f 1615 1787 1791
f 1615 1791 1788
f 1616 1792 1617
f 1617 1793 1622
f 1617 1792 1794
f 1617 1794 1793
f 1619 1795 1620
f 1619 1622 1795
f 1620 1795 1796
f 1620 1796 1797
f 1620 1797 1798
f 1620 1798 1621
f 1621 1798 1623
f 1622 1793 1799
f 1622 1799 1795
f 1623 1800 1630
f 1623 1798 1800
f 1624 1625 1801
f 1624 1801 1802
f 1624 1802 1803
f 1624 1803 1626
f 1625 1640 1801
f 1626 1803 1628
f 1626 1628 1627
f 1628 1803 1642
f 1630 1800 1631
f 1631 1804 1636
f 1631 1800 1805
f 1631 1805 1806
f 1631 1806 1807
f 1631 1807 1804
f 1632 1636 1808
f 1632 1808 1633
f 1633 1808 1809
f 1633 1809 1810
f 1633 1810 1811
f 1633 1811 1635
f 1633 1635 1634
f 1635 1812 1637
f 1635 1811 1813
f 1635 1813 1812
f 1636 1804 1808
f 1637 1812 1641
f 1637 1641 1638
f 1639 1814 1815
f 1639 1815 1816
f 1639 1816 1817
f 1639 1817 1818
f 1639 1818 1640
f 1639 1641 1814
f 1640 1818 1819
f 1640 1819 1801
f 1641 1813 1820
f 1641 1820 1814
f 1641 1812 1813
f 1642 1803 1821
f 1642 1821 1822
f 1642 1822 1644
f 1642 1644 1643
f 1644 1822 1823
f 1644 1823 1824
f 1644 1824 1825
f 1644 1825 1826
f 1644 1826 1646
f 1644 1646 1645
f 1646 1649 1648
f 1646 1826 1650
f 1650 1826 1651
f 1651 1826 1827
f 1651 1827 1654
f 1653 1668 1828
f 1654 1829 1655
f 1654 1827 1829
f 1655 1829 1830
f 1655 1830 1656
f 1656 1831 1832
f 1656 1832 1833
f 1656 1833 1657
f 1656 1830 1834
f 1656 1834 1831
f 1657 1833 1658
f 1658 1833 1835
f 1658 1835 1836
f 1658 1836 1659
f 1659 1836 1837
f 1659 1837 1660
f 1660 1837 1838
f 1660 1838 1839
f 1660 1839 1661
f 1661 1839 1662
f 1662 1839 1840
f 1662 1840 1665
f 1662 1665 1664
f 1663 1666 1667
f 1665 1840 1841
f 1665 1841 1666
f 1666 1841 1667
f 1667 1841 1842
f 1667 1842 1668
f 1668 1842 1843
f 1668 1843 1828
f 1669 1670 1844
f 1669 1844 1845
f 1669 1845 1676
f 1670 1675 1844
f 1672 1846 1673
f 1673 1847 1674
f 1673 1846 1848
f 1673 1848 1847
f 1674 1847 1675
f 1675 1847 1844
f 1676 1849 1850
f 1676 1850 1679
f 1676 1679 1677
f 1676 1845 1844
f 1676 1844 1849
f 1679 1850 1680
f 1680 1850 1681
f 1681 1851 1852
f 1681 1852 1682
f 1681 1850 1853
f 1681 1853 1851
f 1682 1852 1854
f 1682 1854 1855
f 1682 1855 1856
f 1682 1856 1683
f 1683 1856 1684
f 1684 1856 1857
f 1684 1857 1686
f 1684 1686 1685
f 1686 1858 1859
f 1686 1859 1687
f 1686 1857 1858
f 1687 1860 1688
f 1687 1859 1861
f 1687 1861 1862
f 1687 1862 1863
f 1687 1863 1860
f 1688 1692 1689
f 1688 1860 1864
f 1688 1864 1691
f 1691 1864 1860
f 1691 1860 1693
f 1693 1860 1865
f 1693 1865 1866
f 1693 1866 1694
f 1694 1866 1867
f 1694 1867 1868
f 1694 1868 1695
f 1695 1868 1699
f 1696 1869 1870
f 1696 1870 1871
f 1696 1871 1697
f 1696 1700 1872
f 1696 1872 1869
f 1697 1871 1698
f 1698 1871 1701
f 1699 1868 1873
f 1699 1873 1874
f 1699 1874 1875
f 1699 1875 1700
f 1700 1875 1876
f 1700 1876 1877
f 1700 1877 1872
f 1701 1878 1702
f 1701 1871 1878
f 1702 1878 1871
f 1702 1871 1879
f 1702 1879 1880
f 1702 1880 1704
f 1704 1881 1705
f 1704 1880 1881
f 1705 1881 1707
f 1705 1707 1882
f 1705 1882 1706
f 1706 1882 1707
f 1707 1881 1708
f 1708 1881 1883
f 1708 1883 1884
f 1708 1884 1885
f 1708 1885 1886
f 1708 1886 1709
f 1709 1886 1887
f 1709 1887 1710
f 1710 1887 1711
f 1711 1886 1888
f 1711 1888 1889
f 1711 1889 1890
f 1711 1890 1712
f 1711 1887 1886
f 1712 1890 1891
f 1712 1891 1892
f 1712 1892 1714
f 1712 1714 1713
f 1714 1892 1715
f 1715 1892 1893
f 1715 1893 1716
f 1716 1893 1894
f 1716 1894 1717
f 1717 1894 1720
f 1717 1720 1719
f 1717 1719 1718
f 1720 1894 1895
f 1720 1895 1896
f 1720 1896 1721
f 1721 1897 1722
f 1721 1896 1898
f 1721 1898 1899
f 1721 1899 1900
f 1721 1900 1897
f 1722 1897 1723
f 1723 1897 1724
f 1724 1897 1725
f 1725 1897 1900
f 1725 1900 1901
f 1725 1901 1902
f 1725 1902 1726
f 1726 1902 1727
f 1727 1902 1728
f 1728 1902 1903
f 1728 1903 1904
f 1728 1904 1905
f 1728 1905 1729
f 1729 1905 1906
f 1729 1906 1730
f 1730 1906 1907
f 1730 1907 1908
f 1730 1908 1909
f 1730 1909 1910
f 1730 1910 1733
f 1731 1733 1910
f 1731 1910 1734
f 1734 1910 1911
f 1734 1911 1735
f 1735 1911 1909
f 1735 1909 1736
f 1736 1909 1912
f 1737 1757 1738
f 1738 1757 1913
f 1738 1913 1739
f 1739 1914 1741
f 1739 1741 1740
f 1739 1913 1915
f 1739 1915 1914
f 1741 1914 1916
f 1741 1916 1917
f 1741 1917 1918
f 1741 1918 1743
f 1744 1790 1745
f 1745 1790 1919
f 1745 1919 1746
f 1746 1919 1920
f 1746 1920 1748
f 1748 1921 1749
f 1748 1920 1921
f 1749 1921 1751
f 1750 1751 1921
f 1750 1921 1922
f 1750 1922 1923
f 1750 1923 1753
f 1752 1754 1765
f 1753 1923 1924
f 1753 1924 1754
f 1754 1924 1925
f 1754 1925 1765
f 1755 1926 1756
f 1756 1927 1928
f 1756 1928 1915
f 1756 1915 1913
f 1756 1913 1757
f 1756 1926 1927
f 1758 1929 1760
f 1758 1759 1930
f 1758 1930 1929
f 1759 1766 1931
f 1759 1931 1932
f 1759 1932 1760
f 1759 1760 1930
f 1760 1933 1934
f 1760 1934 1761
f 1760 1929 1930
f 1760 1932 1931
f 1760 1931 1933
f 1761 1934 1763
f 1761 1763 1762
f 1763 1934 1764
f 1764 1935 1936
f 1764 1936 1926
f 1764 1934 1935
f 1765 1925 1766
f 1766 1925 1924
f 1766 1924 1937
f 1766 1937 1938
f 1766 1938 1931
f 1767 1939 1768
f 1768 1770 1769
f 1768 1939 1940
f 1768 1940 1770
f 1770 1940 1941
f 1770 1941 1942
f 1771 1943 1944
f 1771 1944 1782
f 1771 1782 1772
f 1771 1942 1943
f 1772 1782 1773
f 1777 1945 1778
f 1777 1782 1946
f 1777 1946 1947
f 1777 1947 1948
f 1777 1948 1945
f 1778 1945 1779
f 1779 1949 1950
f 1779 1950 1780
f 1779 1945 1949
f 1780 1950 1951
f 1780 1951 1952
f 1780 1952 1781
f 1781 1952 1784
f 1781 1784 1783
f 1782 1944 1946
f 1784 1953 1954
f 1784 1954 1785
f 1784 1952 1955
f 1784 1955 1956
f 1784 1956 1953
f 1785 1954 1786
f 1786 1954 1956
f 1786 1956 1957
f 1786 1957 1791
f 1786 1791 1787
f 1788 1791 1958
f 1788 1958 1959
f 1788 1959 1789
f 1789 1959 1960
f 1789 1960 1919
f 1789 1919 1790
f 1791 1957 1956
f 1791 1956 1961
f 1791 1961 1962
f 1791 1962 1963
f 1791 1963 1964
f 1791 1964 1965
f 1791 1965 1966
f 1791 1966 1959
f 1791 1959 1958
f 1793 1794 1967
f 1793 1967 1799
f 1795 1968 1796
f 1795 1799 1968
f 1796 1968 1969
f 1796 1969 1970
f 1796 1970 1797
f 1797 1970 1807
f 1797 1807 1806
f 1797 1806 1805
f 1797 1805 1798
f 1798 1805 1800
f 1799 1967 1971
f 1799 1971 1968
f 1801 1972 1803
f 1801 1803 1802
f 1801 1819 1973
f 1801 1973 1974
f 1801 1974 1972
f 1803 1972 1974
f 1803 1974 1975
f 1803 1975 1821
f 1804 1807 1976
f 1804 1976 1977
f 1804 1977 1808
f 1807 1970 1978
f 1807 1978 1979
f 1807 1979 1976
f 1808 1977 1980
f 1808 1980 1809
f 1809 1980 1981
f 1809 1981 1982
f 1809 1982 1983
f 1809 1983 1810
f 1810 1983 1811
f 1811 1983 1984
f 1811 1984 1813
f 1813 1985 1986
f 1813 1986 1820
f 1813 1984 1985
f 1814 1987 1815
f 1814 1820 1988
f 1814 1988 1987
f 1815 1987 1989
f 1815 1989 1816
f 1816 1990 1991
f 1816 1991 1992
f 1816 1992 1993
f 1816 1993 1817
f 1816 1989 1994
f 1816 1994 1995
f 1816 1995 1990
f 1817 1993 1819
f 1817 1819 1818
f 1819 1993 1996
f 1819 1996 1973
f 1820 1986 1988
f 1821 1975 1822
f 1822 1975 1974
f 1822 1974 1997
f 1822 1997 1823
f 1823 1997 1824
f 1824 1997 1834
f 1824 1834 1825
f 1825 1829 1826
f 1825 1834 1829
f 1826 1829 1827
f 1828 1843 1998
f 1829 1834 1830
f 1831 1999 1832
f 1831 1834 1999
f 1832 1999 2000
f 1832 2000 1833
f 1833 2000 2001
f 1833 2001 2002
f 1833 2002 2003
f 1833 2003 2004
f 1833 2004 1835
f 1834 1997 2005
f 1834 2005 2006
f 1834 2006 2007
f 1834 2007 1999
f 1835 2004 2008
f 1835 2008 1836
f 1836 2008 2009
f 1836 2009 2010
f 1836 2010 1837
f 1837 2010 1838
f 1838 1840 1839
f 1838 2010 2011
f 1838 2011 2012
f 1838 2012 1840
f 1840 2012 1841
f 1841 2013 1843
f 1841 1843 1842
f 1841 2012 2014
f 1841 2014 2015
f 1841 2015 2013
f 1843 2016 1998
f 1843 2013 2016
f 1844 1847 2017
f 1844 2017 2018
f 1844 2018 2019
f 1844 2019 2020
f 1844 2020 2021
f 1844 2021 1849
f 1846 2022 1848
f 1847 1848 2023
f 1847 2023 2024
f 1847 2024 2025
f 1847 2025 2026
f 1847 2026 2017
f 1848 2027 2023
f 1848 2022 2027
f 1849 2020 1850
f 1849 2021 2020
f 1850 2020 1853
f 1851 1853 2028
f 1851 2028 2029
f 1851 2029 2030
f 1851 2030 1852
f 1852 2031 2032
f 1852 2032 1854
f 1852 2030 2031
f 1853 2020 2028
f 1854 1856 1855
f 1854 2032 2033
f 1854 2033 2034
f 1854 2034 2035
f 1854 2035 1856
f 1856 2036 1858
f 1856 1858 1857
f 1856 2035 2037
f 1856 2037 2036
f 1858 2036 2038
f 1858 2038 1859
f 1859 2038 1861
f 1860 1863 2039
f 1860 2039 1865
f 1861 2040 1862
f 1861 2038 2041
f 1861 2041 2042
f 1861 2042 2249
f 1861 2249 2043
f 1861 2043 2044
f 1861 2044 2045
f 1861 2045 2046
f 1861 2046 2040
f 1862 2040 2047
f 1862 2047 2048
f 1862 2048 1863
f 1863 2048 2039
f 1865 2039 1866
f 1866 2039 2049
f 1866 2049 2050
f 1866 2050 1867
f 1867 2051 2057
f 1867 2057 1868
f 1867 2050 2052
f 1867 2052 2053
f 1867 2053 2054
f 1867 2054 2055
f 1867 2055 2051
f 1868 2056 1873
f 1868 2057 2058
f 1868 2058 2059
f 1868 2059 2060
f 1868 2060 2061
f 1868 2061 2062
f 1868 2062 2056
f 1869 2063 2064
f 1869 2064 2065
f 1869 2065 1870
f 1869 1872 2066
f 1869 2066 2063
f 1870 2065 1880
f 1870 1880 1871
f 1871 1880 1879
f 1872 1877 2066
f 1873 2056 2067
f 1873 2067 2068
f 1873 2068 1874
f 1874 2068 1875
f 1875 1877 1876
f 1875 2068 2069
f 1875 2069 1877
f 1877 2070 2071
f 1877 2071 2072
f 1877 2072 2073
f 1877 2073 2066
f 1877 2069 2074
f 1877 2074 2070
f 1880 2065 2064
f 1880 2064 2075
f 1880 2075 1884
f 1880 1884 1883
f 1880 1883 1881
f 1884 2075 2076
f 1884 2076 1885
f 1885 2076 2077
f 1885 2077 2078
f 1885 2078 1886
f 1886 2078 2077
f 1886 2077 2079
f 1886 2079 1888
f 1888 2079 2080
f 1888 2080 2081
f 1888 2081 1889
f 1889 2081 2082
f 1889 2082 1891
f 1889 1891 1890
f 1891 2083 1892
f 1891 2082 2083
f 1892 2083 1893
f 1893 2083 2084
f 1893 2084 2085
f 1893 2085 2086
f 1893 2086 1894
f 1894 2086 2085
f 1894 2085 2087
f 1894 2087 1895
f 1895 2087 2088
f 1895 2088 2089
f 1895 2089 1896
f 1896 2089 1898
f 1898 2089 2090
f 1898 2090 2091
f 1898 2091 1899
f 1899 2091 2092
f 1899 2092 2093
f 1899 2093 2094
f 1899 2094 1900
f 1900 2094 1902
f 1900 1902 1901
f 1902 2094 2095
f 1902 2095 1903
f 1903 2095 1904
f 1904 2095 2096
f 1904 2096 2097
f 1904 2097 1905
f 1905 2097 2098
f 1905 2098 2099
f 1905 2099 1906
f 1906 2099 1907
f 1907 2099 2100
f 1907 2100 2318
f 1907 2318 2101
f 1907 2101 2102
f 1907 2102 2103
f 1907 2103 1908
f 1908 2104 1909
f 1908 2103 2104
f 1909 1911 1910
f 1909 2104 2105
f 1909 2105 1912
f 1912 2105 2106
f 1912 2106 2107
f 1912 2107 2108
f 1914 2109 2110
f 1914 2110 1916
f 1914 1915 1928
f 1914 1928 2109
f 1916 2110 2111
f 1916 2111 1917
f 1919 1960 2112
f 1919 2112 1920
f 1920 2113 1921
f 1920 2112 2113
f 1921 2113 1923
f 1921 1923 1922
f 1923 2114 2115
f 1923 2115 1924
f 1923 2113 2116
f 1923 2116 2114
f 1924 2115 1937
f 1926 1936 1927
f 1927 2117 2118
f 1927 2118 1928
f 1927 1936 2119
f 1927 2119 2117
f 1928 2118 2109
f 1931 1938 2120
f 1931 2120 2121
f 1931 2121 2122
f 1931 2122 1933
f 1933 2123 2124
f 1933 2124 1934
f 1933 2122 2123
f 1934 2124 2125
f 1934 2125 1935
f 1935 2126 1936
f 1935 2125 2127
f 1935 2127 2126
f 1936 2126 2119
f 1937 2115 1938
f 1938 2115 2128
f 1938 2128 2129
f 1938 2129 2120
f 1939 2130 1940
f 1940 2130 2131
f 1940 2131 2132
f 1940 2132 1941
f 1941 2132 2133
f 1941 2133 1942
f 1942 2133 2134
f 1942 2134 2135
f 1942 2135 2136
f 1942 2136 1943
f 1943 2136 2137
f 1943 2137 1947
f 1943 1947 1944
f 1944 1947 1946
f 1945 1948 2138
f 1945 2138 2139
f 1945 2139 2140
f 1945 2140 1949
f 1947 2137 2136
f 1947 2136 2141
f 1947 2141 1948
f 1948 2141 2135
f 1948 2135 2142
f 1948 2142 2143
f 1948 2143 2144
f 1948 2144 2138
f 1949 2140 1950
f 1950 2140 2145
f 1950 2145 2146
f 1950 2146 2147
f 1950 2147 1951
f 1951 2147 1952
f 1952 2147 2148
f 1952 2148 1955
f 1953 1956 1954
f 1955 2148 2149
f 1955 2149 1956
f 1956 2149 1961
f 1959 1966 1964
f 1959 1964 1960
f 1960 1964 2150
f 1960 2150 2112
f 1961 2149 2151
f 1961 2151 2152
f 1961 2152 1962
f 1962 2153 1963
f 1962 2152 2154
f 1962 2154 2155
f 1962 2155 2153
f 1963 2153 1964
f 1964 1966 1965
f 1964 2153 2156
f 1964 2156 2157
f 1964 2157 2158
f 1964 2158 2112
f 1964 2112 2150
f 1967 2159 2160
f 1967 2160 2161
f 1967 2161 1971
f 1968 2161 1969
f 1968 1971 2161
f 1969 2161 2162
f 1969 2162 1970
f 1970 2163 1978
f 1970 2162 2163
f 1973 1996 2164
f 1973 2164 2165
f 1973 2165 2166
f 1973 2166 2167
f 1973 2167 1974
f 1974 2167 1997
f 1976 1979 2168
f 1976 2168 2169
f 1976 2169 2170
f 1976 2170 1977
f 1977 2170 1981
f 1977 1981 1980
f 1978 2163 2171
f 1978 2171 2172
f 1978 2172 2173
f 1978 2173 1979
f 1979 2173 2174
f 1979 2174 2175
f 1979 2175 2168
f 1981 2170 1982
f 1982 2170 2176
f 1982 2176 2177
f 1982 2177 1983
f 1983 2177 1984
f 1984 2177 1985
f 1985 2178 2179
f 1985 2179 1988
f 1985 1988 1986
f 1985 2177 2178
f 1987 1988 2179
f 1987 2179 2180
f 1987 2180 2181
f 1987 2181 1989
f 1989 2181 2182
f 1989 2182 1994
f 1990 2183 2184
f 1990 2184 1991
f 1990 1995 1994
f 1990 1994 2185
f 1990 2185 2186
f 1990 2186 2187
f 1990 2187 2188
f 1990 2188 2183
f 1991 1993 1992
f 1991 2184 2189
f 1991 2189 2190
f 1991 2190 1993
f 1993 2190 2191
f 1993 2191 1996
f 1994 2182 2192
f 1994 2192 2193
f 1994 2193 2185
f 1996 2191 2165
f 1996 2165 2164
f 1997 2165 2194
f 1997 2194 2195
f 1997 2195 2196
f 1997 2196 2005
f 1997 2167 2166
f 1997 2166 2165
f 1998 2016 2197
f 1999 2001 2000
f 1999 2007 2001
f 2001 2007 2198
f 2001 2198 2199
f 2001 2199 2200
f 2001 2200 2201
f 2001 2201 2202
f 2001 2202 2203
f 2001 2203 2003
f 2001 2003 2002
f 2003 2008 2004
f 2003 2203 2202
f 2003 2202 2204
f 2003 2204 2205
f 2003 2205 2008
f 2005 2206 2207
f 2005 2207 2198
f 2005 2198 2006
f 2005 2196 2208
f 2005 2208 2209
f 2005 2209 2206
f 2006 2198 2007
f 2008 2205 2009
f 2009 2205 2210
f 2009 2210 2211
f 2009 2211 2212
f 2009 2212 2010
f 2010 2212 2011
f 2011 2213 2014
f 2011 2014 2012
f 2011 2212 2213
f 2013 2015 2214
f 2013 2214 2215
f 2013 2215 2016
f 2014 2213 2216
f 2014 2216 2217
f 2014 2217 2214
f 2014 2214 2015
f 2016 2218 2197
f 2016 2215 2219
f 2016 2219 2218
f 2017 2026 2220
f 2017 2220 2018
f 2018 2220 2019
f 2019 2220 2020
f 2020 2220 2028
f 2022 2221 2027
f 2023 2027 2222
f 2023 2222 2024
f 2024 2222 2025
f 2025 2222 2223
f 2025 2223 2224
f 2025 2224 2225
f 2025 2225 2226
f 2025 2226 2227
f 2025 2227 2228
f 2025 2228 2026
f 2026 2228 2220
f 2027 2221 2229
f 2027 2229 2230
f 2027 2230 2231
f 2027 2231 2232
f 2027 2232 2223
f 2027 2223 2222
f 2028 2228 2029
f 2028 2220 2228
f 2029 2233 2031
f 2029 2031 2030
f 2029 2228 2233
f 2031 2226 2032
f 2031 2233 2226
f 2032 2234 2235
f 2032 2235 2236
f 2032 2236 2033
f 2032 2226 2234
f 2033 2236 2034
f 2034 2237 2238
f 2034 2238 2037
f 2034 2037 2035
f 2034 2236 2239
f 2034 2239 2240
f 2034 2240 2241
f 2034 2241 2242
f 2034 2242 2237
f 2036 2037 2038
f 2037 2238 2237
f 2037 2237 2041
f 2037 2041 2038
f 2039 2048 2243
f 2039 2243 2049
f 2040 2046 2244
f 2040 2244 2245
f 2040 2245 2047
f 2041 2237 2246
f 2041 2246 2247
f 2041 2247 2248
f 2041 2248 2042
f 2042 2248 2249
f 2043 2249 2250
f 2043 2250 2044
f 2044 2250 2251
f 2044 2251 2252
f 2044 2252 2253
f 2044 2253 2045
f 2045 2253 2254
f 2045 2254 2046
f 2046 2254 2255
f 2046 2255 2256
f 2046 2256 2244
f 2047 2245 2257
f 2047 2257 2048
f 2048 2257 2243
f 2049 2243 2052
f 2049 2052 2258
f 2049 2258 2050
f 2050 2258 2052
f 2051 2055 2259
f 2051 2259 2260
f 2051 2260 2261
f 2051 2261 2057
f 2052 2243 2262
f 2052 2262 2263
f 2052 2263 2264
f 2052 2264 2053
f 2053 2264 2054
f 2054 2259 2055
f 2054 2264 2263
f 2054 2263 2265
f 2054 2265 2266
f 2054 2266 2267
f 2054 2267 2268
f 2054 2268 2259
f 2056 2062 2067
f 2057 2261 2269
f 2057 2269 2270
f 2057 2270 2271
f 2057 2271 2272
f 2057 2272 2058
f 2058 2272 2273
f 2058 2273 2060
f 2058 2060 2059
f 2060 2273 2274
f 2060 2274 2275
f 2060 2275 2276
f 2060 2276 2067
f 2060 2067 2062
f 2060 2062 2061
f 2063 2066 2277
f 2063 2277 2064
f 2064 2077 2076
f 2064 2076 2075
f 2064 2277 2077
f 2066 2073 2277
f 2067 2276 2278
f 2067 2278 2279
f 2067 2279 2068
f 2068 2279 2280
f 2068 2280 2069
f 2069 2280 2281
f 2069 2281 2074
f 2070 2074 2282
f 2070 2282 2071
f 2071 2081 2072
f 2071 2282 2081
f 2072 2081 2080
f 2072 2080 2283
f 2072 2283 2284
f 2072 2284 2073
f 2073 2284 2277
f 2074 2281 2285
f 2074 2285 2282
f 2077 2277 2286
f 2077 2286 2079
f 2079 2286 2283
f 2079 2283 2080
f 2081 2282 2287
f 2081 2287 2288
f 2081 2288 2289
f 2081 2289 2082
f 2082 2289 2290
f 2082 2290 2291
f 2082 2291 2292
f 2082 2292 2083
f 2083 2292 2293
f 2083 2293 2084
f 2084 2293 2294
f 2084 2294 2085
f 2085 2294 2295
f 2085 2295 2087
f 2087 2295 2088
f 2088 2090 2089
f 2088 2295 2296
f 2088 2296 2297
f 2088 2297 2298
f 2088 2298 2090
f 2090 2092 2091
f 2090 2298 2299
f 2090 2299 2300
f 2090 2300 2092
f 2092 2300 2093
f 2093 2300 2301
f 2093 2301 2302
f 2093 2302 2303
f 2093 2303 2094
f 2094 2303 2304
f 2094 2304 2305
f 2094 2305 2095
f 2095 2305 2306
f 2095 2306 2307
f 2095 2307 2308
f 2095 2308 2096
f 2096 2308 2309
f 2096 2309 2310
f 2096 2310 2311
f 2096 2311 2097
f 2097 2311 2312
f 2097 2312 2098
f 2098 2313 2099
f 2098 2312 2314
f 2098 2314 2315
f 2098 2315 2316
f 2098 2316 2313
f 2099 2313 2100
f 2100 2313 2317
f 2100 2317 2318
f 2101 2318 2319
f 2101 2319 2102
f 2102 2319 2320
f 2102 2320 2321
f 2102 2321 2103
f 2103 2321 2104
f 2104 2321 2105
f 2105 2321 2106
f 2106 2322 2323
f 2106 2323 2107
f 2106 2321 2322
f 2107 2323 2324
f 2107 2324 2108
f 2109 2325 2326
f 2109 2326 2110
f 2109 2118 2325
f 2110 2326 2327
f 2110 2327 2328
f 2110 2328 2111
f 2112 2329 2113
f 2112 2158 2330
f 2112 2330 2331
f 2112 2331 2329
f 2113 2329 2116
f 2114 2116 2329
f 2114 2329 2115
f 2115 2329 2332
f 2115 2332 2128
f 2117 2333 2334
f 2117 2334 2118
f 2117 2119 2336
f 2117 2336 2333
f 2118 2334 2325
f 2119 2126 2335
f 2119 2335 2336
f 2120 2129 2337
f 2120 2337 2338
f 2120 2338 2339
f 2120 2339 2121
f 2121 2339 2123
f 2121 2123 2122
f 2123 2340 2341
f 2123 2341 2342
f 2123 2342 2127
f 2123 2127 2124
f 2123 2339 2340
f 2124 2127 2125
f 2126 2127 2343
f 2126 2343 2344
f 2126 2344 2335
f 2127 2342 2345
f 2127 2345 2346
f 2127 2346 2343
f 2128 2332 2347
f 2128 2347 2348
f 2128 2348 2129
f 2129 2348 2349
f 2129 2349 2350
f 2129 2350 2337
f 2130 2351 2131
f 2131 2351 2352
f 2131 2352 2353
f 2131 2353 2132
f 2132 2353 2354
f 2132 2354 2133
f 2133 2355 2135
f 2133 2135 2134
f 2133 2354 2356
f 2133 2356 2357
f 2133 2357 2358
f 2133 2358 2355
f 2135 2355 2359
f 2135 2359 2360
f 2135 2360 2143
f 2135 2143 2142
f 2135 2141 2136
f 2138 2144 2139
f 2139 2144 2361
f 2139 2361 2362
f 2139 2362 2145
f 2139 2145 2140
f 2143 2360 2144
f 2144 2360 2363
f 2144 2363 2362
f 2144 2362 2361
f 2145 2362 2146
f 2146 2362 2364
f 2146 2364 2365
f 2146 2365 2147
f 2147 2365 2366
f 2147 2366 2149
f 2147 2149 2148
f 2149 2366 2365
f 2149 2365 2152
f 2149 2152 2151
f 2152 2365 2367
f 2152 2367 2368
f 2152 2368 2369
f 2152 2369 2154
f 2153 2155 2370
f 2153 2370 2156
f 2154 2369 2371
f 2154 2371 2372
f 2154 2372 2370
f 2154 2370 2155
f 2156 2370 2373
f 2156 2373 2330
f 2156 2330 2157
f 2157 2330 2158
f 2159 2374 2160
f 2160 2374 2375
f 2160 2375 2161
f 2161 2376 2162
f 2161 2375 2376
f 2162 2376 2377
f 2162 2377 2378
f 2162 2378 2171
f 2162 2171 2163
f 2165 2191 2379
f 2165 2379 2380
f 2165 2380 2381
f 2165 2381 2195
f 2165 2195 2194
f 2168 2175 2382
f 2168 2382 2383
f 2168 2383 2169
f 2169 2383 2170
f 2170 2383 2177
f 2170 2177 2176
f 2171 2384 2385
f 2171 2385 2386
f 2171 2386 2172
f 2171 2378 2384
f 2172 2386 2387
f 2172 2387 2173
f 2173 2387 2388
f 2173 2388 2389
f 2173 2389 2174
f 2174 2389 2390
f 2174 2390 2391
f 2174 2391 2175
f 2175 2391 2392
f 2175 2392 2393
f 2175 2393 2394
f 2175 2394 2383
f 2175 2383 2382
f 2177 2383 2394
f 2177 2394 2395
f 2177 2395 2396
f 2177 2396 2181
f 2177 2181 2180
f 2177 2180 2178
f 2178 2180 2179
f 2181 2396 2182
f 2182 2397 2192
f 2182 2396 2397
f 2183 2398 2184
f 2183 2188 2398
f 2184 2398 2399
f 2184 2399 2400
f 2184 2400 2189
f 2185 2193 2187
f 2185 2187 2186
f 2187 2401 2402
f 2187 2402 2403
f 2187 2403 2188
f 2187 2193 2192
f 2187 2192 2404
f 2187 2404 2401
f 2188 2403 2405
f 2188 2405 2398
f 2189 2400 2406
f 2189 2406 2407
f 2189 2407 2190
f 2190 2407 2408
f 2190 2408 2409
f 2190 2409 2191
f 2191 2409 2379
f 2192 2397 2404
f 2195 2381 2410
f 2195 2410 2196
f 2196 2410 2411
f 2196 2411 2208
f 2198 2207 2199
f 2199 2412 2200
f 2199 2207 2413
f 2199 2413 2412
f 2200 2414 2201
f 2200 2412 2415
f 2200 2415 2416
f 2200 2416 2414
f 2201 2414 2417
f 2201 2417 2418
f 2201 2418 2204
f 2201 2204 2202
f 2204 2419 2420
f 2204 2420 2211
f 2204 2211 2205
f 2204 2418 2421
f 2204 2421 2417
f 2204 2417 2422
f 2204 2422 2419
f 2205 2211 2210
f 2206 2209 2413
f 2206 2413 2207
f 2208 2411 2423
f 2208 2423 2424
f 2208 2424 2209
f 2209 2424 2413
f 2211 2420 2425
f 2211 2425 2426
f 2211 2426 2427
f 2211 2427 2212
f 2212 2427 2426
f 2212 2426 2213
f 2213 2426 2216
f 2214 2217 2428
f 2214 2428 2215
f 2215 2428 2429
f 2215 2429 2219
f 2216 2425 2430
f 2216 2430 2431
f 2216 2431 2432
f 2216 2432 2217
f 2216 2426 2425
f 2217 2432 2433
f 2217 2433 2434
f 2217 2434 2428
f 2218 2219 2435
f 2219 2429 2436
f 2219 2436 2437
f 2219 2437 2435
f 2223 2232 2438
f 2223 2438 2439
f 2223 2439 2440
f 2223 2440 2224
f 2224 2440 2226
f 2224 2226 2225
f 2226 2235 2234
f 2226 2233 2441
f 2226 2441 2227
f 2226 2440 2442
f 2226 2442 2443
f 2226 2443 2444
f 2226 2444 2445
f 2226 2445 2446
f 2226 2446 2235
f 2227 2441 2233
f 2227 2233 2228
f 2231 2447 2438
f 2231 2438 2232
f 2235 2446 2236
f 2236 2446 2239
f 2237 2242 2448
f 2237 2448 2246
f 2239 2446 2449
f 2239 2449 2450
f 2239 2450 2451
f 2239 2451 2452
f 2239 2452 2453
f 2239 2453 2240
f 2240 2453 2454
f 2240 2454 2241
f 2241 2454 2455
f 2241 2455 2242
f 2242 2455 2456
f 2242 2456 2448
f 2243 2257 2262
f 2244 2457 2245
f 2244 2256 2458
f 2244 2458 2459
f 2244 2459 2460
f 2244 2460 2461
f 2244 2461 2457
f 2245 2457 2262
f 2245 2262 2257
f 2246 2448 2248
f 2246 2248 2247
f 2248 2250 2249
f 2248 2448 2462
f 2248 2462 2250
f 2250 2462 2251
f 2251 2463 2252
f 2251 2462 2712
f 2251 2712 2464
f 2251 2464 2465
f 2251 2465 2463
f 2252 2463 2466
f 2252 2466 2253
f 2253 2466 2467
f 2253 2467 2254
f 2254 2256 2255
f 2254 2467 2459
f 2254 2459 2458
f 2254 2458 2256
f 2259 2268 2260
f 2260 2268 2468
f 2260 2468 2269
f 2260 2269 2261
f 2262 2457 2263
f 2263 2457 2265
f 2265 2461 2266
f 2265 2457 2461
f 2266 2469 2267
f 2266 2461 2469
f 2267 2469 2470
f 2267 2470 2268
f 2268 2470 2468
f 2269 2468 2471
f 2269 2471 2270
f 2270 2471 2472
f 2270 2472 2271
f 2271 2472 2473
f 2271 2473 2272
f 2272 2473 2273
f 2273 2473 2474
f 2273 2474 2475
f 2273 2475 2476
f 2273 2476 2477
f 2273 2477 2274
f 2274 2478 2276
f 2274 2276 2275
f 2274 2477 2479
f 2274 2479 2478
f 2276 2478 2278
f 2277 2284 2286
f 2278 2480 2279
f 2278 2478 2481
f 2278 2481 2482
f 2278 2482 2480
f 2279 2281 2280
f 2279 2480 2483
f 2279 2483 2484
f 2279 2484 2281
f 2281 2484 2285
f 2282 2285 2485
f 2282 2485 2287
f 2283 2286 2284
f 2285 2486 2485
f 2285 2484 2487
f 2285 2487 2486
f 2287 2485 2288
f 2288 2485 2488
f 2288 2488 2289
f 2289 2488 2489
f 2289 2489 2290
f 2290 2489 2490
f 2290 2490 2491
f 2290 2491 2492
f 2290 2492 2292
f 2290 2292 2291
f 2292 2492 2293
f 2293 2492 2294
f 2294 2492 2493
f 2294 2493 2494
f 2294 2494 2495
f 2294 2495 2295
f 2295 2495 2296
f 2296 2495 2496
f 2296 2496 2297
f 2297 2497 2498
f 2297 2498 2298
f 2297 2496 2499
f 2297 2499 2500
f 2297 2500 2497
f 2298 2498 2501
f 2298 2501 2299
f 2299 2501 2498
f 2299 2498 2301
f 2299 2301 2300
f 2301 2498 2497
f 2301 2497 2302
f 2302 2497 2502
f 2302 2502 2503
f 2302 2503 2306
f 2302 2306 2504
f 2302 2504 2303
f 2303 2504 2306
f 2303 2306 2304
f 2304 2306 2305
f 2306 2505 2307
f 2306 2503 2506
f 2306 2506 2505
f 2307 2505 2308
f 2308 2505 2507
f 2308 2507 2309
f 2309 2507 2310
f 2310 2507 2508
f 2310 2508 2509
f 2310 2509 2312
f 2310 2312 2311
f 2312 2509 2314
f 2313 2316 2317
f 2314 2509 2315
f 2315 2509 2510
f 2315 2510 2511
f 2315 2511 2316
f 2316 2511 2512
f 2316 2512 2513
f 2316 2513 2514
f 2316 2514 2317
f 2317 2514 2318
f 2318 2514 2515
f 2318 2515 2516
f 2318 2516 2319
f 2319 2516 2517
f 2319 2517 2320
f 2320 2517 2518
f 2320 2518 2321
f 2321 2518 2519
f 2321 2519 2520
f 2321 2520 2521
f 2321 2521 2522
f 2321 2522 2323
f 2321 2323 2322
f 2323 2522 2523
f 2323 2523 2324
f 2325 2524 2525
f 2325 2525 2526
f 2325 2526 2326
f 2325 2334 2524
f 2326 2526 2527
f 2326 2527 2528
f 2326 2528 2529
f 2326 2529 2327
f 2329 2331 2530
f 2329 2530 2332
f 2330 2531 2332
f 2330 2332 2530
f 2330 2530 2331
f 2330 2373 2532
f 2330 2532 2531
f 2332 2531 2533
f 2332 2533 2534
f 2332 2534 2347
f 2333 2535 2334
f 2333 2336 2536
f 2333 2536 2537
f 2333 2537 2535
f 2334 2538 2539
f 2334 2539 2540
f 2334 2540 2524
f 2334 2535 2538
f 2335 2541 2336
f 2335 2344 2542
f 2335 2542 2541
f 2336 2541 2543
f 2336 2543 2536
f 2337 2350 2544
f 2337 2544 2545
f 2337 2545 2546
f 2337 2546 2547
f 2337 2547 2548
f 2337 2548 2549
f 2337 2549 2338
f 2338 2549 2548
f 2338 2548 2339
f 2339 2548 2340
f 2340 2550 2346
f 2340 2346 2345
f 2340 2345 2341
f 2340 2548 2550
f 2341 2345 2342
f 2343 2346 2551
f 2343 2551 2344
f 2344 2551 2552
f 2344 2552 2553
f 2344 2553 2542
f 2346 2550 2547
f 2346 2547 2554
f 2346 2554 2555
f 2346 2555 2551
f 2347 2556 2348
f 2347 2534 2556
f 2348 2556 2557
f 2348 2557 2558
f 2348 2558 2559
f 2348 2559 2560
f 2348 2560 2349
f 2349 2561 2562
f 2349 2562 2350
f 2349 2560 2561
f 2350 2562 2563
f 2350 2563 2544
f 2351 2564 2352
f 2352 2565 2566
f 2352 2566 2353
f 2352 2564 2567
f 2352 2567 2568
f 2352 2568 2569
f 2352 2569 2565
f 2353 2570 2571
f 2353 2571 2354
f 2353 2566 2572
f 2353 2572 2570
f 2354 2571 2356
f 2355 2358 2573
f 2355 2573 2359
f 2356 2571 2570
f 2356 2570 2574
f 2356 2574 2575
f 2356 2575 2576
f 2356 2576 2357
f 2357 2576 2575
f 2357 2575 2577
f 2357 2577 2578
f 2357 2578 2579
f 2357 2579 2580
f 2357 2580 2581
f 2357 2581 2358
f 2358 2581 2582
f 2358 2582 2583
f 2358 2583 2573
f 2359 2573 2360
f 2360 2573 2363
f 2362 2363 2584
f 2362 2584 2364
f 2363 2573 2584
f 2364 2584 2585
f 2364 2585 2586
f 2364 2586 2365
f 2365 2586 2587
f 2365 2587 2367
f 2367 2587 2588
f 2367 2588 2589
f 2367 2589 2590
f 2367 2590 2591
f 2367 2591 2592
f 2367 2592 2593
f 2367 2593 2368
f 2368 2593 2369
f 2369 2594 2595
f 2369 2595 2596
f 2369 2596 2371
f 2369 2593 2594
f 2370 2597 2373
f 2370 2372 2598
f 2370 2598 2597
f 2371 2599 2372
f 2371 2596 2599
f 2372 2599 2595
f 2372 2595 2598
f 2373 2597 2532
f 2374 2600 2375
f 2375 2600 2601
f 2375 2601 2602
f 2375 2602 2603
f 2375 2603 2604
f 2375 2604 2376
f 2376 2604 2377
f 2377 2604 2605
f 2377 2605 2606
f 2377 2606 2607
f 2377 2607 2608
f 2377 2608 2378
f 2378 2608 2609
f 2378 2609 2384
f 2379 2409 2408
f 2379 2408 2380
f 2380 2410 2381
f 2380 2408 2610
f 2380 2610 2611
f 2380 2611 2410
f 2384 2612 2613
f 2384 2613 2385
f 2384 2609 2612
f 2385 2613 2614
f 2385 2614 2615
f 2385 2615 2387
f 2385 2387 2386
f 2387 2615 2616
f 2387 2616 2388
f 2388 2616 2389
f 2389 2616 2390
f 2390 2616 2878
f 2390 2878 2617
f 2390 2617 2618
f 2390 2618 2391
f 2391 2619 2392
f 2391 2618 2619
f 2392 2619 2620
f 2392 2620 2621
f 2392 2621 2393
f 2393 2395 2394
f 2393 2621 2622
f 2393 2622 2623
f 2393 2623 2624
f 2393 2624 2396
f 2393 2396 2395
f 2396 2624 2625
f 2396 2625 2397
f 2397 2625 2404
f 2398 2405 2399
f 2399 2405 2626
f 2399 2626 2627
f 2399 2627 2400
f 2400 2627 2628
f 2400 2628 2629
f 2400 2629 2630
f 2400 2630 2631
f 2400 2631 2632
f 2400 2632 2406
f 2401 2633 2634
f 2401 2634 2635
f 2401 2635 2636
f 2401 2636 2637
f 2401 2637 2638
f 2401 2638 2639
f 2401 2639 2640
f 2401 2640 2402
f 2401 2404 2633
f 2402 2640 2641
f 2402 2641 2403
f 2403 2641 2642
f 2403 2642 2643
f 2403 2643 2405
f 2404 2644 2633
f 2404 2625 2644
f 2405 2643 2645
f 2405 2645 2626
f 2406 2632 2407
f 2407 2632 2408
f 2408 2632 2611
f 2408 2611 2610
f 2410 2646 2411
f 2410 2611 2647
f 2410 2647 2646
f 2411 2646 2423
f 2412 2648 2649
f 2412 2649 2415
f 2412 2413 2648
f 2413 2424 2648
f 2414 2416 2650
f 2414 2650 2651
f 2414 2651 2417
f 2415 2652 2653
f 2415 2653 2416
f 2415 2649 2652
f 2416 2653 2650
f 2417 2651 2650
f 2417 2650 2654
f 2417 2654 2655
f 2417 2655 2656
f 2417 2656 2422
f 2417 2421 2418
f 2419 2422 2656
f 2419 2656 2657
f 2419 2657 2420
f 2420 2657 2656
f 2420 2656 2658
f 2420 2658 2425
f 2423 2659 2424
f 2423 2646 2659
f 2424 2659 2660
f 2424 2660 2661
f 2424 2661 2662
f 2424 2662 2663
f 2424 2663 2664
f 2424 2664 2652
f 2424 2652 2649
f 2424 2649 2648
f 2425 2658 2430
f 2428 2665 2666
f 2428 2666 2667
f 2428 2667 2429
f 2428 2434 2433
f 2428 2433 2668
f 2428 2668 2669
f 2428 2669 2670
f 2428 2670 2671
f 2428 2671 2672
f 2428 2672 2673
f 2428 2673 2665
f 2429 2667 2436
f 2430 2674 2675
f 2430 2675 2676
f 2430 2676 2433
f 2430 2433 2431
f 2430 2658 2674
f 2431 2433 2432
f 2433 2676 2677
f 2433 2677 2678
f 2433 2678 2679
f 2433 2679 2680
f 2433 2680 2668
f 2435 2437 2681
f 2436 2667 2682
f 2436 2682 2437
f 2437 2683 2681
f 2437 2682 2683
f 2438 2684 2685
f 2438 2685 2686
f 2438 2686 2687
f 2438 2687 2688
f 2438 2688 2689
f 2438 2689 2439
f 2438 2447 2684
f 2439 2690 2440
f 2439 2689 2443
f 2439 2443 2690
f 2440 2690 2443
f 2440 2443 2442
f 2443 2691 2692
f 2443 2692 2445
f 2443 2445 2693
f 2443 2693 2444
f 2443 2689 2694
f 2443 2694 2695
f 2443 2695 2696
f 2443 2696 2697
f 2443 2697 2698
f 2443 2698 2699
f 2443 2699 2700
f 2443 2700 2691
f 2444 2693 2445
f 2445 2692 2449
f 2445 2449 2446
f 2448 2456 2701
f 2448 2701 2702
f 2448 2702 2462
f 2449 2692 2450
f 2450 2692 2691
f 2450 2691 2703
f 2450 2703 2704
f 2450 2704 2452
f 2450 2452 2451
f 2452 2704 2699
f 2452 2699 2705
f 2452 2705 2706
f 2452 2706 2707
f 2452 2707 2454
f 2452 2454 2453
f 2454 2707 2455
f 2455 2707 2708
f 2455 2708 2456
f 2456 2708 2701
f 2459 2467 2709
f 2459 2709 2710
f 2459 2710 2460
f 2460 2710 2461
f 2461 2710 2711
f 2461 2711 2469
f 2462 2702 2712
f 2463 2465 2466
f 2464 2712 2713
f 2464 2713 2714
f 2464 2714 2715
f 2464 2715 2465
f 2465 2715 2716
f 2465 2716 2717
f 2465 2717 2718
f 2465 2718 2719
f 2465 2719 2466
f 2466 2719 2467
f 2467 2719 2720
f 2467 2720 2709
f 2468 2470 2721
f 2468 2721 2722
f 2468 2722 2723
f 2468 2723 2724
f 2468 2724 2471
f 2469 2711 2725
f 2469 2725 2726
f 2469 2726 2721
f 2469 2721 2470
f 2471 2724 2472
f 2472 2724 2727
f 2472 2727 2728
f 2472 2728 2473
f 2473 2728 2474
f 2474 2728 2475
f 2475 2728 2727
f 2475 2727 2729
f 2475 2729 2730
f 2475 2730 2731
f 2475 2731 2732
f 2475 2732 2476
f 2476 2733 2477
f 2476 2732 2733
f 2477 2733 2479
f 2478 2479 2481
f 2479 2733 2734
f 2479 2734 2481
f 2480 2482 2483
f 2481 2734 2735
f 2481 2735 2482
f 2482 2736 2483
f 2482 2735 2737
f 2482 2737 2738
f 2482 2738 2739
f 2482 2739 2740
f 2482 2740 2741
f 2482 2741 2742
f 2482 2742 2743
f 2482 2743 2736
f 2483 2736 2744
f 2483 2744 2484
f 2484 2744 2745
f 2484 2745 2487
f 2485 2486 2746
f 2485 2746 2747
f 2485 2747 2488
f 2486 2487 2746
f 2487 2745 2748
f 2487 2748 2746
f 2488 2747 2490
f 2488 2490 2489
f 2490 2747 2749
f 2490 2749 2750
f 2490 2750 2491
f 2491 2751 2492
f 2491 2750 2751
f 2492 2751 2493
f 2493 2751 2752
f 2493 2752 2494
f 2494 2752 2495
f 2495 2752 2753
f 2495 2753 2496
f 2496 2753 2754
f 2496 2754 2499
f 2497 2500 2502
f 2499 2755 2500
f 2499 2754 2756
f 2499 2756 2757
f 2499 2757 2755
f 2500 2755 2502
f 2502 2755 2758
f 2502 2758 2503
f 2503 2758 2759
f 2503 2759 2760
f 2503 2760 2761
f 2503 2761 2506
f 2505 2506 2762
f 2505 2762 2507
f 2506 2761 2763
f 2506 2763 2764
f 2506 2764 2762
f 2507 2762 2765
f 2507 2765 2766
f 2507 2766 2508
f 2508 2766 2767
f 2508 2767 2768
f 2508 2768 2769
f 2508 2769 2770
f 2508 2770 2509
f 2509 2770 2771
f 2509 2771 2510
f 2510 2771 2511
f 2511 2771 2772
f 2511 2772 2773
f 2511 2773 2512
f 2512 2774 2513
f 2512 2773 2775
f 2512 2775 2776
f 2512 2776 2774
f 2513 2777 2514
f 2513 2774 2777
f 2514 2777 2515
f 2515 2777 2778
f 2515 2778 2779
f 2515 2779 2516
f 2516 2779 2780
f 2516 2780 2781
f 2516 2781 2782
f 2516 2782 2517
f 2517 2782 2518
f 2518 2520 2519
f 2520 2523 2521
f 2521 2523 2522
f 2524 2540 2525
f 2525 2540 2783
f 2525 2783 2784
f 2525 2784 2527
f 2525 2527 2526
f 2531 2532 2785
f 2531 2785 2533
f 2532 2597 2786
f 2532 2786 2785
f 2533 2785 2787
f 2533 2787 2534
f 2534 2788 2789
f 2534 2789 2556
f 2534 2787 2790
f 2534 2790 2791
f 2534 2791 2792
f 2534 2792 2793
f 2534 2793 2788
f 2535 2794 2795
f 2535 2795 2796
f 2535 2796 2539
f 2535 2539 2538
f 2535 2537 2797
f 2535 2797 2798
f 2535 2798 2794
f 2536 2543 2537
f 2537 2543 2799
f 2537 2799 2797
f 2539 2796 2800
f 2539 2800 2801
f 2539 2801 2802
f 2539 2802 2803
f 2539 2803 2804
f 2539 2804 2805
f 2539 2805 2540
f 2540 2805 2806
f 2540 2806 2783
f 2541 2542 2807
f 2541 2807 2543
f 2542 2553 2807
f 2543 2807 2808
f 2543 2808 2809
f 2543 2809 2799
f 2544 2810 2545
f 2544 2563 2810
f 2545 2810 2811
f 2545 2811 2555
f 2545 2555 2554
f 2545 2554 2546
f 2546 2554 2547
f 2547 2550 2548
f 2551 2555 2812
f 2551 2812 2813
f 2551 2813 2552
f 2552 2813 2553
f 2553 2813 2807
f 2555 2811 2812
f 2556 2789 2814
f 2556 2814 2557
f 2557 2814 2815
f 2557 2815 2816
f 2557 2816 2817
f 2557 2817 2818
f 2557 2818 2558
f 2558 2818 2559
f 2559 2818 2819
f 2559 2819 2820
f 2559 2820 2821
f 2559 2821 2822
f 2559 2822 2560
f 2560 2822 2561
f 2561 2822 2821
f 2561 2821 2563
f 2561 2563 2562
f 2563 2821 2810
f 2565 2569 2823
f 2565 2823 2566
f 2566 2823 2572
f 2568 2824 2569
f 2569 2825 2826
f 2569 2826 2827
f 2569 2827 2823
f 2569 2824 2828
f 2569 2828 2825
f 2570 2829 2574
f 2570 2572 2830
f 2570 2830 2829
f 2572 2823 2831
f 2572 2831 2830
f 2573 2832 2584
f 2573 2583 2832
f 2574 2829 2575
f 2575 2829 2830
f 2575 2830 2833
f 2575 2833 2577
f 2577 2833 2834
f 2577 2834 2835
f 2577 2835 2836
f 2577 2836 2578
f 2578 2836 2579
f 2579 2837 2838
f 2579 2838 2839
f 2579 2839 2580
f 2579 2836 2840
f 2579 2840 2837
f 2580 2839 2581
f 2581 2839 2582
f 2582 2839 2832
f 2582 2832 2583
f 2584 2832 2841
f 2584 2841 2585
f 2585 2841 2586
f 2586 2841 2837
f 2586 2837 2842
f 2586 2842 2843
f 2586 2843 2844
f 2586 2844 2845
f 2586 2845 2587
f 2587 2845 2588
f 2588 2845 2846
f 2588 2846 2847
f 2588 2847 2589
f 2589 2847 2848
f 2589 2848 2849
f 2589 2849 2590
f 2590 2850 2591
f 2590 2849 2851
f 2590 2851 2852
f 2590 2852 2850
f 2591 2850 2853
f 2591 2853 2854
f 2591 2854 2855
f 2591 2855 2856
f 2591 2856 2592
f 2592 2856 2593
f 2593 2857 2858
f 2593 2858 2859
f 2593 2859 2594
f 2593 2856 2857
f 2594 2859 2858
f 2594 2858 2860
f 2594 2860 2861
f 2594 2861 2862
f 2594 2862 2595
f 2595 2862 2598
f 2595 2599 2596
f 2597 2598 2863
f 2597 2863 2786
f 2598 2862 2861
f 2598 2861 2786
f 2598 2786 2863
f 2601 2864 2602
f 2602 2864 2603
f 2603 2864 2865
f 2603 2865 2604
f 2604 2865 2866
f 2604 2866 2605
f 2605 2867 2606
f 2605 2866 2868
f 2605 2868 2869
f 2605 2869 2867
f 2606 2867 2869
f 2606 2869 2870
f 2606 2870 2607
f 2607 2871 2608
f 2607 2870 2871
f 2608 2872 2609
f 2608 2871 2872
f 2609 2872 2873
f 2609 2873 2612
f 2611 2632 2874
f 2611 2874 2647
f 2612 2875 2876
f 2612 2876 2613
f 2612 2873 2875
f 2613 2876 2877
f 2613 2877 2614
f 2614 2877 2878
f 2614 2878 2615
f 2615 2878 2616
f 2617 2879 2618
f 2617 2878 2879
f 2618 2879 2619
f 2619 2621 2620
f 2619 2879 2880
f 2619 2880 2621
f 2621 2881 2623
f 2621 2623 2622
f 2621 2880 2882
f 2621 2882 2883
f 2621 2883 2884
f 2621 2884 2881
f 2623 2885 2886
f 2623 2886 2624
f 2623 2881 2885
f 2624 2887 2625
f 2624 2886 2887
f 2625 2888 2644
f 2625 2887 2888
f 2626 2889 2890
f 2626 2890 2627
f 2626 2645 2891
f 2626 2891 2892
f 2626 2892 2889
f 2627 2889 2893
f 2627 2893 2894
f 2627 2894 2628
f 2627 2890 2889
f 2628 2894 2895
f 2628 2895 2629
f 2629 2895 2896
f 2629 2896 2897
f 2629 2897 2630
f 2630 2897 2631
f 2631 2897 2898
f 2631 2898 2899
f 2631 2899 2632
f 2632 2899 2900
f 2632 2900 2901
f 2632 2901 2902
f 2632 2902 2874
f 2633 2644 2634
f 2634 2903 2635
f 2634 2644 2888
f 2634 2888 2904
f 2634 2904 2905
f 2634 2905 2906
f 2634 2906 2903
f 2635 2907 2908
f 2635 2908 2909
f 2635 2909 2636
f 2635 2903 2910
f 2635 2910 2907
f 2636 2909 2911
f 2636 2911 2912
f 2636 2912 2913
f 2636 2913 2637
f 2637 2913 2638
f 2638 2913 2639
f 2639 2641 2640
f 2639 2913 2914
f 2639 2914 2915
f 2639 2915 2916
f 2639 2916 2917
f 2639 2917 2641
f 2641 2917 2645
f 2641 2645 2642
f 2642 2645 2643
f 2645 2917 2918
f 2645 2918 2919
f 2645 2919 2920
f 2645 2920 2891
f 2646 2647 2659
f 2647 2874 2902
f 2647 2902 2921
f 2647 2921 2660
f 2647 2660 2659
f 2650 2653 2654
f 2652 2664 2663
f 2652 2663 2653
f 2653 2922 2654
f 2653 2663 2923
f 2653 2923 2924
f 2653 2924 2925
f 2653 2925 2922
f 2654 2922 2926
f 2654 2926 2655
f 2655 2926 2927
f 2655 2927 2928
f 2655 2928 2679
f 2655 2679 2675
f 2655 2675 2656
f 2656 2675 2674
f 2656 2674 2658
f 2660 2921 2661
f 2661 2663 2662
f 2661 2921 2924
f 2661 2924 2923
f 2661 2923 2663
f 2665 2673 2929
f 2665 2929 2666
f 2666 2930 2667
f 2666 2929 2931
f 2666 2931 2932
f 2666 2932 2933
f 2666 2933 2934
f 2666 2934 2930
f 2667 2935 2682
f 2667 2930 2936
f 2667 2936 2935
f 2668 2680 2937
f 2668 2937 2938
f 2668 2938 2939
f 2668 2939 2669
f 2669 2939 2940
f 2669 2940 2670
f 2670 2940 2941
f 2670 2941 2671
f 2671 2941 2942
f 2671 2942 2943
f 2671 2943 2944
f 2671 2944 2945
f 2671 2945 2672
f 2672 2945 2946
f 2672 2946 2947
f 2672 2947 2948
f 2672 2948 2949
f 2672 2949 2673
f 2673 2949 2950
f 2675 2677 2676
f 2675 2679 2677
f 2677 2679 2678
f 2679 2937 2680
f 2679 2928 2951
f 2679 2951 2937
f 2682 2935 2952
f 2682 2952 2683
f 2686 2953 2687
f 2687 2953 2954
f 2687 2954 2955
f 2687 2955 2956
f 2687 2956 2957
f 2687 2957 2694
f 2687 2694 2688
f 2688 2694 2689
f 2691 2700 2703
f 2694 2957 2958
f 2694 2958 2959
f 2694 2959 2695
f 2695 2959 2696
f 2696 2959 2960
f 2696 2960 2697
f 2697 2960 2961
f 2697 2961 2962
f 2697 2962 2699
f 2697 2699 2698
f 2699 2962 2963
f 2699 2963 2964
f 2699 2964 2705
f 2699 2704 2700
f 2700 2704 2703
f 2701 2965 2966
f 2701 2966 2967
f 2701 2967 2702
f 2701 2708 2965
f 2702 2967 2966
f 2702 2966 2968
f 2702 2968 2969
f 2702 2969 2712
f 2705 2964 2706
f 2706 2708 2707
f 2706 2964 2965
f 2706 2965 2708
f 2709 2720 2718
f 2709 2718 2970
f 2709 2970 2710
f 2710 2970 2971
f 2710 2971 2725
f 2710 2725 2711
f 2712 2969 2972
f 2712 2972 2973
f 2712 2973 2713
f 2713 2973 2714
f 2714 2973 2972
f 2714 2972 2974
f 2714 2974 2975
f 2714 2975 2976
f 2714 2976 2715
f 2715 2976 2977
f 2715 2977 2978
f 2715 2978 2716
f 2716 2978 2717
f 2717 2978 2718
f 2718 2978 2979
f 2718 2979 2970
f 2718 2720 2719
f 2721 2726 2980
f 2721 2980 2981
f 2721 2981 2982
f 2721 2982 2722
f 2722 2982 2983
f 2722 2983 2984
f 2722 2984 2723
f 2723 2984 2985
f 2723 2985 2724
f 2724 2985 2986
f 2724 2986 2727
f 2725 2971 2980
f 2725 2980 2726
f 2727 2986 2729
f 2729 2986 2987
f 2729 2987 2730
f 2730 2987 2988
f 2730 2988 2989
f 2730 2989 2990
f 2730 2990 2991
f 2730 2991 2992
f 2730 2992 2993
f 2730 2993 2732
f 2730 2732 2731
f 2732 2993 2994
f 2732 2994 2995
f 2732 2995 2733
f 2733 2996 2997
f 2733 2997 2734
f 2733 2995 2998
f 2733 2998 2996
f 2734 2997 2735
f 2735 2997 2737
f 2736 2743 2999
f 2736 2999 2744
f 2737 3000 2738
f 2737 2997 3000
f 2738 3000 2739
f 2739 2741 2740
f 2739 3000 2998
f 2739 2998 3001
f 2739 3001 3002
f 2739 3002 2741
f 2741 3002 2742
f 2742 3002 2743
f 2743 3002 3003
f 2743 3003 3004
f 2743 3004 3005
f 2743 3005 3006
f 2743 3006 2745
f 2743 2745 2999
f 2744 2999 2745
f 2745 3006 3005
f 2745 3005 3007
f 2745 3007 3008
f 2745 3008 3009
f 2745 3009 2748
f 2746 2748 3010
f 2746 3010 3011
f 2746 3011 3012
f 2746 3012 3013
f 2746 3013 3311
f 2746 3311 3014
f 2746 3014 3015
f 2746 3015 3016
f 2746 3016 3017
f 2746 3017 2747
f 2747 3017 2749
f 2748 3009 3010
f 2749 3018 2752
f 2749 2752 2751
f 2749 2751 2750
f 2749 3017 3016
f 2749 3016 3018
f 2752 3018 2753
f 2753 3019 3020
f 2753 3020 2754
f 2753 3018 3019
f 2754 3020 3021
f 2754 3021 2756
f 2755 2757 2759
f 2755 2759 2758
f 2756 3021 3022
f 2756 3022 3023
f 2756 3023 3024
f 2756 3024 2757
f 2757 3024 2759
f 2759 3024 3025
f 2759 3025 3321
f 2759 3321 3026
f 2759 3026 2761
f 2759 2761 2760
f 2761 2764 2763
f 2761 3026 3027
f 2761 3027 2764
f 2762 2764 3027
f 2762 3027 3028
f 2762 3028 3029
f 2762 3029 2765
f 2765 3029 2766
f 2766 3029 3030
f 2766 3030 2767
f 2767 3030 3031
f 2767 3031 2768
f 2768 3032 2769
f 2768 3031 3033
f 2768 3033 3034
f 2768 3034 3035
f 2768 3035 3032
f 2769 3032 3036
f 2769 3036 3037
f 2769 3037 2771
f 2769 2771 2770
f 2771 3037 2772
f 2772 3037 2773
f 2773 3037 2775
f 2774 2776 3038
f 2774 3038 2778
f 2774 2778 3039
f 2774 3039 3040
f 2774 3040 2777
f 2775 3037 3326
f 2775 3326 3041
f 2775 3041 2776
f 2776 3041 3042
f 2776 3042 2778
f 2776 2778 3038
f 2777 3040 2778
f 2778 3043 3044
f 2778 3044 3045
f 2778 3045 3046
f 2778 3046 3047
f 2778 3047 2780
f 2778 2780 2779
f 2778 3040 3039
f 2778 3042 3048
f 2778 3048 3049
f 2778 3049 3050
f 2778 3050 3051
f 2778 3051 3052
f 2778 3052 3053
f 2778 3053 3054
f 2778 3054 3055
f 2778 3055 3043
f 2780 3047 3056
f 2780 3056 3057
f 2780 3057 2781
f 2781 3057 3058
f 2781 3058 3059
f 2781 3059 3060
f 2781 3060 2782
f 2783 2806 2784
f 2785 3061 2787
f 2785 2786 3062
f 2785 3062 3061
f 2786 3063 3062
f 2786 2861 3064
f 2786 3064 3063
f 2787 3061 3065
f 2787 3065 3066
f 2787 3066 2790
f 2788 2793 3067
f 2788 3067 2789
f 2789 3068 3069
f 2789 3069 2814
f 2789 3067 3070
f 2789 3070 3068
f 2790 3066 3065
f 2790 3065 2791
f 2791 3065 3071
f 2791 3071 3072
f 2791 3072 2792
f 2792 3072 3073
f 2792 3073 3074
f 2792 3074 3075
f 2792 3075 3067
f 2792 3067 2793
f 2794 2798 3076
f 2794 3076 2795
f 2795 3076 3077
f 2795 3077 3078
f 2795 3078 3079
f 2795 3079 2800
f 2795 2800 2796
f 2797 2799 3080
f 2797 3080 3081
f 2797 3081 3082
f 2797 3082 3083
f 2797 3083 2798
f 2798 3083 3084
f 2798 3084 3076
f 2799 2809 3085
f 2799 3085 3081
f 2799 3081 3080
f 2800 3079 2801
f 2801 3086 2802
f 2801 3079 3086
f 2802 3086 3087
f 2802 3087 3088
f 2802 3088 2804
f 2802 2804 2803
f 2804 3088 2805
f 2805 3088 3089
f 2805 3089 2806
f 2807 2813 3090
f 2807 3090 2809
f 2807 2809 2808
f 2809 3090 3091
f 2809 3091 3092
f 2809 3092 3081
f 2809 3081 3085
f 2810 2821 3093
f 2810 3093 2811
f 2811 3093 3094
f 2811 3094 3095
f 2811 3095 3096
f 2811 3096 2813
f 2811 2813 2812
f 2813 3096 3090
f 2814 3069 2815
f 2815 3069 3097
f 2815 3097 3098
f 2815 3098 3099
f 2815 3099 3100
f 2815 3100 2817
f 2815 2817 2816
f 2817 3101 3102
f 2817 3102 2818
f 2817 3100 3099
f 2817 3099 3103
f 2817 3103 3101
f 2818 3102 3104
f 2818 3104 2819
f 2819 3105 2820
f 2819 3104 3101
f 2819 3101 3106
f 2819 3106 3105
f 2820 3105 3375
f 2820 3375 3107
f 2820 3107 3108
f 2820 3108 2821
f 2821 3109 3094
f 2821 3094 3093
f 2821 3108 3110
f 2821 3110 3109
f 2823 2827 2831
f 2825 3111 2826
f 2826 3112 3113
f 2826 3113 3114
f 2826 3114 3115
f 2826 3115 2827
f 2826 3111 3112
f 2827 3115 2831
f 2830 2831 3115
f 2830 3115 3116
f 2830 3116 3117
f 2830 3117 2833
f 2832 2839 2841
f 2833 3117 3118
f 2833 3118 2834
f 2834 3118 2835
f 2835 3118 3119
f 2835 3119 3120
f 2835 3120 3121
f 2835 3121 3122
f 2835 3122 2840
f 2835 2840 2836
f 2837 2840 3123
f 2837 3123 2842
f 2837 2841 2838
f 2838 2841 2839
f 2840 3122 3123
f 2842 3123 3122
f 2842 3122 3124
f 2842 3124 2843
f 2843 3124 3125
f 2843 3125 3126
f 2843 3126 2844
f 2844 3126 3127
f 2844 3127 3128
f 2844 3128 3129
f 2844 3129 2845
f 2845 3129 3130
f 2845 3130 3131
f 2845 3131 3132
f 2845 3132 2847
f 2845 2847 2846
f 2847 3132 3131
f 2847 3131 3133
f 2847 3133 3134
f 2847 3134 2848
f 2848 3134 2849
f 2849 3134 2851
f 2850 2852 3135
f 2850 3135 2853
f 2851 3134 3136
f 2851 3136 3137
f 2851 3137 2852
f 2852 3137 3135
f 2853 3135 3138
f 2853 3138 2854
f 2854 3139 3140
f 2854 3140 3141
f 2854 3141 3142
f 2854 3142 2855
f 2854 3138 3143
f 2854 3143 3139
f 2855 3142 3141
f 2855 3141 2857
f 2855 2857 2856
f 2857 3141 2860
f 2857 2860 2858
f 2860 3141 3144
f 2860 3144 3064
f 2860 3064 2861
f 2869 3145 3146
f 2869 3146 3147
f 2869 3147 3148
f 2869 3148 2870
f 2870 3148 3149
f 2870 3149 2872
f 2870 2872 2871
f 2872 3149 3150
f 2872 3150 3151
f 2872 3151 2873
f 2873 3151 2875
f 2875 3151 3152
f 2875 3152 2876
f 2876 3152 3432
f 2876 3432 3153
f 2876 3153 3154
f 2876 3154 2877
f 2877 3154 3155
f 2877 3155 2878
f 2878 3155 2879
f 2879 3156 3157
f 2879 3157 2882
f 2879 2882 2880
f 2879 3155 3156
f 2881 3158 2885
f 2881 2884 3159
f 2881 3159 3158
f 2882 3157 3160
f 2882 3160 3161
f 2882 3161 2883
f 2883 3161 2884
f 2884 3161 3162
f 2884 3162 3159
f 2885 3163 2887
f 2885 2887 2886
f 2885 3158 3163
f 2887 3164 2904
f 2887 2904 2888
f 2887 3163 3165
f 2887 3165 3164
f 2889 2892 2893
f 2891 2920 3166
f 2891 3166 3167
f 2891 3167 2892
f 2892 3167 2893
f 2893 3167 3166
f 2893 3166 3168
f 2893 3168 3169
f 2893 3169 3170
f 2893 3170 2894
f 2894 3170 2895
f 2895 3170 3171
f 2895 3171 3172
f 2895 3172 3173
f 2895 3173 3174
f 2895 3174 3175
f 2895 3175 2898
f 2895 2898 2897
f 2895 2897 2896
f 2898 3175 2899
f 2899 3175 3176
f 2899 3176 2900
f 2900 3177 2901
f 2900 3176 3178
f 2900 3178 3179
f 2900 3179 3177
f 2901 3177 2902
f 2902 3177 2924
f 2902 2924 2921
f 2903 2906 2910
f 2904 3164 2905
f 2905 3164 2906
f 2906 3180 2910
f 2906 3164 3181
f 2906 3181 3182
f 2906 3182 3183
f 2906 3183 3184
f 2906 3184 3180
f 2907 2910 3185
f 2907 3185 3186
f 2907 3186 3187
f 2907 3187 3188
f 2907 3188 2908
f 2908 3188 3189
f 2908 3189 2911
f 2908 2911 2909
f 2910 3180 3190
f 2910 3190 3191
f 2910 3191 3192
f 2910 3192 3185
f 2911 3193 2912
f 2911 3189 3194
f 2911 3194 3195
f 2911 3195 3196
f 2911 3196 3193
f 2912 3193 2913
f 2913 3193 2914
f 2914 3193 3197
f 2914 3197 3198
f 2914 3198 2915
f 2915 3198 3199
f 2915 3199 3200
f 2915 3200 2916
f 2916 3200 3201
f 2916 3201 3202
f 2916 3202 3473
f 2916 3473 3203
f 2916 3203 2917
f 2917 3203 2918
f 2918 3203 3204
f 2918 3204 2919
f 2919 3204 2920
f 2920 3204 3205
f 2920 3205 3206
f 2920 3206 3207
f 2920 3207 3208
f 2920 3208 3166
f 2922 2925 3209
f 2922 3209 3210
f 2922 3210 3211
f 2922 3211 3212
f 2922 3212 3213
f 2922 3213 3214
f 2922 3214 2927
f 2922 2927 2926
f 2924 3177 3215
f 2924 3215 3216
f 2924 3216 3217
f 2924 3217 3218
f 2924 3218 3219
f 2924 3219 3220
f 2924 3220 3209
f 2924 3209 2925
f 2927 3214 3221
f 2927 3221 3222
f 2927 3222 3223
f 2927 3223 2928
f 2928 3223 2951
f 2932 2934 2933
f 2937 2939 2938
f 2937 2951 3224
f 2937 3224 3225
f 2937 3225 2939
f 2939 3225 3226
f 2939 3226 3227
f 2939 3227 3228
f 2939 3228 3229
f 2939 3229 2940
f 2940 3229 2943
f 2940 2943 2942
f 2940 2942 2941
f 2943 3229 3227
f 2943 3227 3230
f 2943 3230 3231
f 2943 3231 3232
f 2943 3232 3233
f 2943 3233 3234
f 2943 3234 3235
f 2943 3235 3236
f 2943 3236 2944
f 2944 3236 3237
f 2944 3237 2945
f 2945 3237 2946
f 2946 3237 3238
f 2946 3238 3239
f 2946 3239 2947
f 2947 3239 2948
f 2948 3239 3240
f 2948 2950 2949
f 2951 3223 3241
f 2951 3241 3224
f 2954 3242 2955
f 2955 3242 3243
f 2955 3243 3244
f 2955 3244 3245
f 2955 3245 3246
f 2955 3246 2956
f 2956 3246 3247
f 2956 3247 3248
f 2956 3248 2957
f 2957 3249 2958
f 2957 3248 3250
f 2957 3250 3249
f 2958 3249 3251
f 2958 3251 2959
f 2959 3251 3249
f 2959 3249 3252
f 2959 3252 3253
f 2959 3253 3254
f 2959 3254 3255
f 2959 3255 3256
f 2959 3256 2960
f 2960 3256 3257
f 2960 3257 2961
f 2961 3258 3259
f 2961 3259 2963
f 2961 2963 2962
f 2961 3257 3258
f 2963 3259 2965
f 2963 2965 2964
f 2965 3259 3258
f 2965 3258 3260
f 2965 3260 2966
f 2966 3260 3261
f 2966 3261 3262
f 2966 3262 3263
f 2966 3263 3264
f 2966 3264 3265
f 2966 3265 3266
f 2966 3266 2968
f 2968 3266 3265
f 2968 3265 2972
f 2968 2972 2969
f 2970 2979 2971
f 2971 2979 2980
f 2972 3265 3267
f 2972 3267 2974
f 2974 3267 2975
f 2975 3267 3268
f 2975 3268 3269
f 2975 3269 2976
f 2976 2978 2977
f 2976 3269 2978
f 2978 3269 3270
f 2978 3270 2979
f 2979 3270 3271
f 2979 3271 3272
f 2979 3272 2980
f 2980 3272 2981
f 2981 3272 3273
f 2981 3273 3274
f 2981 3274 3275
f 2981 3275 2982
f 2982 3275 2983
f 2983 3275 3276
f 2983 3276 3277
f 2983 3277 3278
f 2983 3278 3279
f 2983 3279 2984
f 2984 3279 3280
f 2984 3280 3281
f 2984 3281 3282
f 2984 3282 3283
f 2984 3283 3284
f 2984 3284 2985
f 2985 3284 2986
f 2986 3284 3285
f 2986 3285 2987
f 2987 3285 3283
f 2987 3283 2989
f 2987 2989 2988
f 2989 3283 3286
f 2989 3286 3287
f 2989 3287 3288
f 2989 3288 3289
f 2989 3289 2991
f 2989 2991 2990
f 2991 3289 3290
f 2991 3290 3291
f 2991 3291 3292
f 2991 3292 3293
f 2991 3293 2992
f 2992 3293 2993
f 2993 3294 3295
f 2993 3295 2994
f 2993 3293 3294
f 2994 3295 3296
f 2994 3296 3297
f 2994 3297 2995
f 2995 3297 2998
f 2996 2998 3000
f 2996 3000 2997
f 2998 3297 3001
f 3001 3297 3002
f 3002 3297 3298
f 3002 3298 3299
f 3002 3299 3003
f 3003 3005 3004
f 3003 3299 3005
f 3005 3299 3300
f 3005 3300 3301
f 3005 3301 3302
f 3005 3302 3007
f 3007 3302 3008
f 3008 3302 3303
f 3008 3303 3304
f 3008 3304 3009
f 3009 3304 3305
f 3009 3305 3306
f 3009 3306 3010
f 3010 3012 3011
f 3010 3306 3307
f 3010 3307 3012
f 3012 3307 3308
f 3012 3308 3309
f 3012 3309 3310
f 3012 3310 3311
f 3012 3311 3013
f 3014 3311 3312
f 3014 3312 3015
f 3015 3312 3313
f 3015 3313 3016
f 3016 3313 3020
f 3016 3020 3019
f 3016 3019 3018
f 3020 3313 3021
f 3021 3312 3311
f 3021 3311 3314
f 3021 3314 3315
f 3021 3315 3316
f 3021 3316 3317
f 3021 3317 3022
f 3021 3313 3312
f 3022 3317 3023
f 3023 3318 3024
f 3023 3317 3319
f 3023 3319 3320
f 3023 3320 3318
f 3024 3318 3321
f 3024 3321 3025
f 3026 3321 3322
f 3026 3322 3027
f 3027 3322 3029
f 3027 3029 3028
f 3029 3322 3030
f 3030 3322 3031
f 3031 3322 3033
f 3032 3035 3036
f 3033 3323 3324
f 3033 3324 3325
f 3033 3325 3034
f 3033 3322 3323
f 3034 3325 3036
f 3034 3036 3035
f 3036 3326 3037
f 3036 3325 3327
f 3036 3327 3328
f 3036 3328 3329
f 3036 3329 3326
f 3041 3326 3330
f 3041 3330 3048
f 3041 3048 3042
f 3043 3331 3332
f 3043 3332 3044
f 3043 3055 3333
f 3043 3333 3331
f 3044 3332 3334
f 3044 3334 3045
f 3045 3334 3057
f 3045 3057 3046
f 3046 3057 3056
f 3046 3056 3047
f 3048 3330 3335
f 3048 3335 3049
f 3049 3335 3336
f 3049 3336 3051
f 3049 3051 3050
f 3051 3336 3337
f 3051 3337 3338
f 3051 3338 3339
f 3051 3339 3052
f 3052 3339 3340
f 3052 3340 3341
f 3052 3341 3053
f 3053 3342 3333
f 3053 3333 3055
f 3053 3055 3054
f 3053 3341 3342
f 3057 3334 3343
f 3057 3343 3058
f 3061 3062 3063
f 3061 3063 3344
f 3061 3344 3345
f 3061 3345 3071
f 3061 3071 3065
f 3063 3346 3344
f 3063 3064 3347
f 3063 3347 3348
f 3063 3348 3346
f 3064 3144 3347
f 3067 3075 3070
f 3068 3349 3098
f 3068 3098 3097
f 3068 3097 3069
f 3068 3070 3350
f 3068 3350 3349
f 3070 3351 3352
f 3070 3352 3353
f 3070 3353 3350
f 3070 3075 3351
f 3071 3345 3072
f 3072 3354 3355
f 3072 3355 3356
f 3072 3356 3074
f 3072 3074 3073
f 3072 3345 3354
f 3074 3356 3351
f 3074 3351 3075
f 3076 3084 3077
f 3077 3357 3078
f 3077 3084 3357
f 3078 3357 3358
f 3078 3358 3359
f 3078 3359 3360
f 3078 3360 3079
f 3079 3360 3361
f 3079 3361 3086
f 3081 3083 3082
f 3081 3092 3083
f 3083 3362 3084
f 3083 3092 3363
f 3083 3363 3362
f 3084 3364 3357
f 3084 3362 3365
f 3084 3365 3364
f 3086 3361 3087
f 3087 3366 3367
f 3087 3361 3366
f 3090 3096 3091
f 3091 3368 3092
f 3091 3096 3368
f 3092 3368 3363
f 3094 3109 3095
f 3095 3369 3096
f 3095 3109 3369
f 3096 3369 3370
f 3096 3370 3368
f 3098 3349 3371
f 3098 3371 3103
f 3098 3103 3099
f 3101 3372 3373
f 3101 3373 3106
f 3101 3104 3102
f 3101 3103 3371
f 3101 3371 3349
f 3101 3349 3353
f 3101 3353 3374
f 3101 3374 3372
f 3105 3106 3375
f 3106 3376 3375
f 3106 3373 3372
f 3106 3372 3376
f 3107 3375 3377
f 3107 3377 3108
f 3108 3377 3378
f 3108 3378 3379
f 3108 3379 3109
f 3108 3109 3110
f 3109 3379 3380
f 3109 3380 3381
f 3109 3381 3369
f 3112 3382 3113
f 3113 3383 3672
f 3113 3672 3384
f 3113 3384 3385
f 3113 3385 3114
f 3113 3382 3383
f 3114 3385 3115
f 3115 3385 3386
f 3115 3386 3387
f 3115 3387 3116
f 3116 3387 3117
f 3117 3387 3118
f 3118 3387 3388
f 3118 3388 3119
f 3119 3388 3389
f 3119 3389 3120
f 3120 3390 3122
f 3120 3122 3121
f 3120 3389 3390
f 3122 3391 3124
f 3122 3390 3391
f 3124 3391 3390
f 3124 3390 3125
f 3125 3392 3393
f 3125 3393 3126
f 3125 3390 3394
f 3125 3394 3395
f 3125 3395 3396
f 3125 3396 3397
f 3125 3397 3392
f 3126 3128 3127
f 3126 3393 3128
f 3128 3393 3392
f 3128 3392 3398
f 3128 3398 3129
f 3129 3398 3130
f 3130 3398 3399
f 3130 3399 3400
f 3130 3400 3131
f 3131 3400 3401
f 3131 3401 3402
f 3131 3402 3133
f 3133 3402 3401
f 3133 3401 3403
f 3133 3403 3404
f 3133 3404 3405
f 3133 3405 3406
f 3133 3406 3696
f 3133 3696 3407
f 3133 3407 3408
f 3133 3408 3134
f 3134 3408 3136
f 3135 3137 3409
f 3135 3409 3410
f 3135 3410 3138
f 3136 3408 3407
f 3136 3407 3137
f 3137 3411 3409
f 3137 3407 3412
f 3137 3412 3413
f 3137 3413 3411
f 3138 3410 3414
f 3138 3414 3143
f 3139 3143 3415
f 3139 3415 3416
f 3139 3416 3417
f 3139 3417 3141
f 3139 3141 3140
f 3141 3418 3348
f 3141 3348 3347
f 3141 3347 3144
f 3141 3417 3419
f 3141 3419 3420
f 3141 3420 3418
f 3143 3414 3410
f 3143 3410 3421
f 3143 3421 3415
f 3145 3422 3146
f 3146 3423 3424
f 3146 3424 3147
f 3146 3422 3425
f 3146 3425 3426
f 3146 3426 3423
f 3147 3424 3149
f 3147 3149 3148
f 3149 3424 3427
f 3149 3427 3150
f 3150 3427 3428
f 3150 3428 3429
f 3150 3429 3151
f 3151 3429 3430
f 3151 3430 3431
f 3151 3431 3152
f 3152 3431 3432
f 3153 3432 3433
f 3153 3433 3154
f 3154 3433 3155
f 3155 3433 3160
f 3155 3160 3156
f 3156 3160 3157
f 3158 3434 3435
f 3158 3435 3436
f 3158 3436 3165
f 3158 3165 3163
f 3158 3159 3437
f 3158 3437 3438
f 3158 3438 3434
f 3159 3162 3439
f 3159 3439 3440
f 3159 3440 3437
f 3160 3433 3441
f 3160 3441 3439
f 3160 3439 3162
f 3160 3162 3161
f 3164 3165 3442
f 3164 3442 3182
f 3164 3182 3181
f 3165 3436 3442
f 3166 3443 3444
f 3166 3444 3168
f 3166 3208 3443
f 3168 3444 3169
f 3169 3444 3170
f 3170 3444 3445
f 3170 3445 3171
f 3171 3446 3173
f 3171 3173 3172
f 3171 3445 3446
f 3173 3176 3174
f 3173 3446 3447
f 3173 3447 3448
f 3173 3448 3176
f 3174 3176 3175
f 3176 3448 3449
f 3176 3449 3450
f 3176 3450 3178
f 3177 3179 3215
f 3178 3450 3451
f 3178 3451 3452
f 3178 3452 3453
f 3178 3453 3454
f 3178 3454 3179
f 3179 3454 3215
f 3180 3184 3190
f 3182 3442 3435
f 3182 3435 3455
f 3182 3455 3183
f 3183 3455 3456
f 3183 3456 3457
f 3183 3457 3458
f 3183 3458 3184
f 3184 3458 3190
f 3185 3192 3186
f 3186 3192 3191
f 3186 3191 3459
f 3186 3459 3460
f 3186 3460 3188
f 3186 3188 3187
f 3188 3461 3194
f 3188 3194 3189
f 3188 3460 3462
f 3188 3462 3461
f 3190 3463 3191
f 3190 3458 3463
f 3191 3463 3459
f 3193 3196 3197
f 3194 3464 3195
f 3194 3461 3464
f 3195 3464 3465
f 3195 3465 3196
f 3196 3465 3466
f 3196 3466 3197
f 3197 3466 3198
f 3198 3466 3467
f 3198 3467 3199
f 3199 3467 3468
f 3199 3468 3200
f 3200 3468 3469
f 3200 3469 3470
f 3200 3470 3471
f 3200 3471 3472
f 3200 3472 3202
f 3200 3202 3201
f 3202 3472 3473
f 3203 3473 3204
f 3204 3473 3474
f 3204 3474 3205
f 3205 3474 3206
f 3206 3475 3476
f 3206 3476 3477
f 3206 3477 3443
f 3206 3443 3478
f 3206 3478 3207
f 3206 3474 3475
f 3207 3478 3443
f 3207 3443 3208
f 3209 3479 3480
f 3209 3480 3210
f 3209 3220 3479
f 3210 3480 3211
f 3211 3480 3481
f 3211 3481 3482
f 3211 3482 3483
f 3211 3483 3484
f 3211 3484 3485
f 3211 3485 3486
f 3211 3486 3213
f 3211 3213 3212
f 3213 3486 3485
f 3213 3485 3487
f 3213 3487 3488
f 3213 3488 3214
f 3214 3488 3221
f 3215 3454 3216
f 3216 3454 3489
f 3216 3489 3217
f 3217 3489 3490
f 3217 3490 3491
f 3217 3491 3492
f 3217 3492 3218
f 3218 3492 3219
f 3219 3482 3481
f 3219 3481 3493
f 3219 3493 3220
f 3219 3492 3482
f 3220 3493 3479
f 3221 3488 3487
f 3221 3487 3494
f 3221 3494 3495
f 3221 3495 3496
f 3221 3496 3497
f 3221 3497 3222
f 3222 3497 3498
f 3222 3498 3499
f 3222 3499 3500
f 3222 3500 3223
f 3223 3500 3241
f 3224 3241 3501
f 3224 3501 3225
f 3225 3501 3226
f 3226 3501 3502
f 3226 3502 3227
f 3227 3229 3228
f 3227 3502 3231
f 3227 3231 3230
f 3231 3502 3232
f 3232 3502 3501
f 3232 3501 3503
f 3232 3503 3500
f 3232 3500 3504
f 3232 3504 3505
f 3232 3505 3506
f 3232 3506 3507
f 3232 3507 3234
f 3232 3234 3233
f 3234 3507 3508
f 3234 3508 3235
f 3235 3508 3509
f 3235 3509 3510
f 3235 3510 3511
f 3235 3511 3236
f 3236 3511 3512
f 3236 3512 3513
f 3236 3513 3514
f 3236 3514 3515
f 3236 3515 3516
f 3236 3516 3517
f 3236 3517 3237
f 3237 3517 3238
f 3238 3517 3516
f 3238 3516 3518
f 3238 3518 3519
f 3238 3519 3239
f 3239 3519 3520
f 3239 3520 3240
f 3241 3500 3501
f 3242 3521 3243
f 3243 3521 3522
f 3243 3522 3245
f 3243 3245 3244
f 3245 3522 3523
f 3245 3523 3524
f 3245 3524 3519
f 3245 3519 3525
f 3245 3525 3513
f 3245 3513 3526
f 3245 3526 3246
f 3246 3526 3247
f 3247 3526 3527
f 3247 3527 3250
f 3247 3250 3248
f 3249 3250 3528
f 3249 3528 3252
f 3250 3527 3529
f 3250 3529 3528
f 3252 3528 3253
f 3253 3528 3530
f 3253 3530 3254
f 3254 3530 3531
f 3254 3531 3255
f 3255 3531 3256
f 3256 3531 3258
f 3256 3258 3257
f 3258 3531 3532
f 3258 3532 3533
f 3258 3533 3261
f 3258 3261 3260
f 3261 3534 3535
f 3261 3535 3263
f 3261 3263 3262
f 3261 3533 3534
f 3263 3536 3537
f 3263 3537 3538
f 3263 3538 3539
f 3263 3539 3540
f 3263 3540 3541
f 3263 3541 3542
f 3263 3542 3264
f 3263 3535 3536
f 3264 3542 3265
f 3265 3542 3541
f 3265 3541 3543
f 3265 3543 3544
f 3265 3544 3545
f 3265 3545 3268
f 3265 3268 3267
f 3268 3545 3546
f 3268 3546 3547
f 3268 3547 3269
f 3269 3547 3548
f 3269 3548 3270
f 3270 3548 3549
f 3270 3549 3271
f 3271 3549 3550
f 3271 3550 3551
f 3271 3551 3273
f 3271 3273 3272
f 3273 3551 3552
f 3273 3552 3274
f 3274 3552 3553
f 3274 3553 3554
f 3274 3554 3275
f 3275 3554 3276
f 3276 3554 3555
f 3276 3555 3277
f 3277 3555 3556
f 3277 3556 3278
f 3278 3556 3557
f 3278 3557 3558
f 3278 3558 3559
f 3278 3559 3560
f 3278 3560 3280
f 3278 3280 3279
f 3280 3560 3281
f 3281 3560 3559
f 3281 3559 3561
f 3281 3561 3562
f 3281 3562 3563
f 3281 3563 3282
f 3282 3563 3564
f 3282 3564 3283
f 3283 3564 3563
f 3283 3563 3565
f 3283 3565 3287
f 3283 3287 3286
f 3283 3285 3284
f 3287 3565 3563
f 3287 3563 3566
f 3287 3566 3567
f 3287 3567 3568
f 3287 3568 3569
f 3287 3569 3288
f 3288 3569 3570
f 3288 3570 3571
f 3288 3571 3572
f 3288 3572 3573
f 3288 3573 3290
f 3288 3290 3289
f 3290 3573 3574
f 3290 3574 3291
f 3291 3574 3292
f 3292 3575 3294
f 3292 3294 3293
f 3292 3574 3576
f 3292 3576 3575
f 3294 3577 3296
f 3294 3296 3295
f 3294 3575 3577
f 3296 3578 3579
f 3296 3579 3580
f 3296 3580 3299
f 3296 3299 3298
f 3296 3298 3297
f 3296 3577 3578
f 3299 3580 3581
f 3299 3581 3582
f 3299 3582 3300
f 3300 3582 3301
f 3301 3582 3583
f 3301 3583 3584
f 3301 3584 3585
f 3301 3585 3302
f 3302 3586 3304
f 3302 3304 3303
f 3302 3585 3586
f 3304 3586 3587
f 3304 3587 3305
f 3305 3587 3306
f 3306 3588 3589
f 3306 3589 3307
f 3306 3587 3588
f 3307 3589 3590
f 3307 3590 3591
f 3307 3591 3308
f 3308 3591 3309
f 3309 3591 3310
f 3310 3591 3592
f 3310 3592 3593
f 3310 3593 3594
f 3310 3594 3311
f 3311 3594 3314
f 3314 3594 3593
f 3314 3593 3315
f 3315 3593 3592
f 3315 3592 3595
f 3315 3595 3316
f 3316 3595 3317
f 3317 3595 3596
f 3317 3596 3597
f 3317 3597 3319
f 3318 3320 3598
f 3318 3598 3322
f 3318 3322 3321
f 3319 3597 3599
f 3319 3599 3600
f 3319 3600 3601
f 3319 3601 3320
f 3320 3601 3598
f 3322 3598 3601
f 3322 3601 3602
f 3322 3602 3603
f 3322 3603 3604
f 3322 3604 3323
f 3323 3604 3605
f 3323 3605 3606
f 3323 3606 3325
f 3323 3325 3324
f 3325 3606 3327
f 3326 3329 3607
f 3326 3607 3330
f 3327 3606 3608
f 3327 3608 3328
f 3328 3608 3609
f 3328 3609 3610
f 3328 3610 3607
f 3328 3607 3329
f 3330 3607 3335
f 3331 3611 3332
f 3331 3333 3612
f 3332 3613 3343
f 3332 3343 3334
f 3332 3611 3613
f 3333 3342 3614
f 3333 3614 3615
f 3333 3615 3612
f 3335 3607 3616
f 3335 3616 3337
f 3335 3337 3336
f 3337 3617 3884
f 3337 3884 3618
f 3337 3618 3619
f 3337 3619 3338
f 3337 3616 3617
f 3338 3619 3339
f 3339 3619 3620
f 3339 3620 3621
f 3339 3621 3340
f 3340 3621 3622
f 3340 3622 3341
f 3341 3622 3623
f 3341 3623 3624
f 3341 3624 3342
f 3342 3624 3614
f 3344 3346 3625
f 3344 3625 3354
f 3344 3354 3345
f 3346 3348 3625
f 3348 3418 3625
f 3349 3350 3353
f 3351 3356 3626
f 3351 3626 3627
f 3351 3627 3628
f 3351 3628 3629
f 3351 3629 3352
f 3352 3630 3353
f 3352 3629 3630
f 3353 3630 3374
f 3354 3625 3355
f 3355 3625 3420
f 3355 3420 3631
f 3355 3631 3356
f 3356 3631 3632
f 3356 3632 3633
f 3356 3633 3626
f 3357 3364 3634
f 3357 3634 3635
f 3357 3635 3358
f 3358 3635 3636
f 3358 3636 3903
f 3358 3903 3637
f 3358 3637 3359
f 3359 3637 3638
f 3359 3638 3639
f 3359 3639 3360
f 3360 3639 3640
f 3360 3640 3361
f 3361 3640 3366
f 3362 3363 3641
f 3362 3641 3365
f 3363 3368 3642
f 3363 3642 3643
f 3363 3643 3644
f 3363 3644 3645
f 3363 3645 3641
f 3364 3365 3634
f 3365 3646 3634
f 3365 3641 3647
f 3365 3647 3646
f 3366 3640 3648
f 3366 3648 3367
f 3368 3370 3642
f 3369 3381 3649
f 3369 3649 3644
f 3369 3644 3370
f 3370 3644 3642
f 3372 3650 3651
f 3372 3651 3652
f 3372 3652 3653
f 3372 3653 3654
f 3372 3654 3376
f 3372 3374 3655
f 3372 3655 3656
f 3372 3656 3657
f 3372 3657 3658
f 3372 3658 3659
f 3372 3659 3660
f 3372 3660 3650
f 3374 3656 3655
f 3374 3630 3661
f 3374 3661 3662
f 3374 3662 3663
f 3374 3663 3664
f 3374 3664 3656
f 3375 3376 3377
f 3376 3654 3665
f 3376 3665 3377
f 3377 3665 3666
f 3377 3666 3667
f 3377 3667 3378
f 3378 3668 3669
f 3378 3669 3379
f 3378 3667 3668
f 3379 3669 3670
f 3379 3670 3380
f 3380 3670 3671
f 3380 3671 3649
f 3380 3649 3381
f 3384 3672 3673
f 3384 3673 3674
f 3384 3674 3675
f 3384 3675 3385
f 3385 3675 3676
f 3385 3676 3386
f 3386 3677 3678
f 3386 3678 3387
f 3386 3676 3679
f 3386 3679 3677
f 3387 3678 3388
f 3388 3678 3389
f 3389 3678 3680
f 3389 3680 3681
f 3389 3681 3394
f 3389 3394 3390
f 3392 3397 3396
f 3392 3396 3682
f 3392 3682 3398
f 3394 3681 3395
f 3395 3681 3683
f 3395 3683 3396
f 3396 3683 3684
f 3396 3684 3682
f 3398 3682 3400
f 3398 3400 3399
f 3400 3685 3686
f 3400 3686 3687
f 3400 3687 3401
f 3400 3682 3685
f 3401 3687 3686
f 3401 3686 3688
f 3401 3688 3689
f 3401 3689 3690
f 3401 3690 3403
f 3403 3690 3689
f 3403 3689 3691
f 3403 3691 3404
f 3404 3691 3405
f 3405 3691 3692
f 3405 3692 3406
f 3406 3692 3693
f 3406 3693 3694
f 3406 3694 3695
f 3406 3695 3696
f 3407 3696 3412
f 3409 3411 3697
f 3409 3697 3410
f 3410 3697 3421
f 3411 3413 3698
f 3411 3698 3699
f 3411 3699 3700
f 3411 3700 3697
f 3412 3696 3701
f 3412 3701 3702
f 3412 3702 3703
f 3412 3703 3704
f 3412 3704 3413
f 3413 3704 3698
f 3415 3705 3416
f 3415 3421 3705
f 3416 3705 3417
f 3417 3705 3706
f 3417 3706 3631
f 3417 3631 3420
f 3417 3420 3419
f 3418 3420 3625
f 3421 3707 3708
f 3421 3708 3709
f 3421 3709 3705
f 3421 3697 3700
f 3421 3700 3710
f 3421 3710 3711
f 3421 3711 3712
f 3421 3712 3713
f 3421 3713 3714
f 3421 3714 3707
f 3423 3426 3715
f 3423 3715 3716
f 3423 3716 3424
f 3424 3716 3717
f 3424 3717 3427
f 3426 3718 3719
f 3426 3719 3720
f 3426 3720 3715
f 3427 3717 3721
f 3427 3721 3428
f 3428 3721 3722
f 3428 3722 3430
f 3428 3430 3429
f 3430 3722 3723
f 3430 3723 3724
f 3430 3724 3431
f 3431 3724 3432
f 3432 3724 3441
f 3432 3441 3433
f 3434 3725 3456
f 3434 3456 3455
f 3434 3455 3435
f 3434 3438 3726
f 3434 3726 3725
f 3435 3442 3436
f 3437 3440 3438
f 3438 3440 3727
f 3438 3727 3726
f 3439 3728 3729
f 3439 3729 3440
f 3439 3441 3730
f 3439 3730 3731
f 3439 3731 3728
f 3440 3729 3728
f 3440 3728 3727
f 3441 3724 3723
f 3441 3723 3730
f 3443 3477 3732
f 3443 3732 3733
f 3443 3733 3444
f 3444 3733 3446
f 3444 3446 3445
f 3446 3733 3734
f 3446 3734 3447
f 3447 3734 3735
f 3447 3735 3736
f 3447 3736 3448
f 3448 3451 3449
f 3448 3736 3451
f 3449 3451 3450
f 3451 3736 3452
f 3452 3736 3735
f 3452 3735 3737
f 3452 3737 3453
f 3453 3737 3738
f 3453 3738 3454
f 3454 3738 3739
f 3454 3739 3490
f 3454 3490 3489
f 3456 3740 3741
f 3456 3741 3457
f 3456 3725 3742
f 3456 3742 3740
f 3457 3741 3458
f 3458 3743 3744
f 3458 3744 3460
f 3458 3460 3745
f 3458 3745 3463
f 3458 3741 3746
f 3458 3746 3743
f 3459 3463 3460
f 3460 3463 3745
f 3460 3744 3654
f 3460 3654 3652
f 3460 3652 3747
f 3460 3747 3462
f 3461 3650 3464
f 3461 3462 3747
f 3461 3747 3652
f 3461 3652 3650
f 3464 3650 3748
f 3464 3748 3749
f 3464 3749 3465
f 3465 3749 3748
f 3465 3748 3750
f 3465 3750 3466
f 3466 3750 3751
f 3466 3751 3752
f 3466 3752 3753
f 3466 3753 3754
f 3466 3754 3469
f 3466 3469 3468
f 3466 3468 3467
f 3469 3754 3755
f 3469 3755 3470
f 3470 3755 3472
f 3470 3472 3471
f 3472 3474 3473
f 3472 3755 3756
f 3472 3756 3757
f 3472 3757 3474
f 3474 3757 3475
f 3475 3758 3476
f 3475 3757 3758
f 3476 3759 3477
f 3476 3758 3760
f 3476 3760 3761
f 3476 3761 3762
f 3476 3762 3763
f 3476 3763 3764
f 3476 3764 3765
f 3476 3765 3759
f 3477 3759 3732
f 3479 3493 3480
f 3480 3493 3481
f 3482 3491 3490
f 3482 3490 3483
f 3482 3492 3491
f 3483 3490 3766
f 3483 3766 3767
f 3483 3767 3485
f 3483 3485 3484
f 3485 3767 3768
f 3485 3768 3494
f 3485 3494 3769
f 3485 3769 3487
f 3487 3769 3494
f 3490 3738 3770
f 3490 3770 3771
f 3490 3771 3772
f 3490 3772 3766
f 3490 3739 3738
f 3494 3773 3496
f 3494 3496 3495
f 3494 3768 3773
f 3496 3774 3497
f 3496 3773 3775
f 3496 3775 3774
f 3497 3774 3499
f 3497 3499 3498
f 3499 3774 3776
f 3499 3776 3777
f 3499 3777 3778
f 3499 3778 3500
f 3500 3778 3779
f 3500 3779 3504
f 3500 3503 3501
f 3504 3780 3781
f 3504 3781 3782
f 3504 3782 3505
f 3504 3779 3780
f 3505 3782 3783
f 3505 3783 3508
f 3505 3508 3506
f 3506 3508 3507
f 3508 3783 3509
f 3509 3783 3782
f 3509 3782 3784
f 3509 3784 3785
f 3509 3785 3786
f 3509 3786 3787
f 3509 3787 3788
f 3509 3788 3510
f 3510 3788 3511
f 3511 3788 3789
f 3511 3789 3512
f 3512 3789 3513
f 3513 3519 3515
f 3513 3515 3514
f 3513 3789 3790
f 3513 3790 3791
f 3513 3791 3792
f 3513 3792 3526
f 3513 3525 3519
f 3515 3519 3518
f 3515 3518 3516
f 3519 3524 3793
f 3519 3793 3794
f 3519 3794 3520
f 3522 3795 3523
f 3523 3795 3524
f 3524 3795 3796
f 3524 3796 3793
f 3526 3792 3527
f 3527 3792 3529
f 3528 3529 3797
f 3528 3797 3530
f 3529 3792 3797
f 3530 3797 3798
f 3530 3798 3799
f 3530 3799 3800
f 3530 3800 3531
f 3531 3800 3532
f 3532 3800 3799
f 3532 3799 3533
f 3533 3799 3801
f 3533 3801 3802
f 3533 3802 3534
f 3534 3802 3535
f 3535 3802 3536
f 3536 3802 3803
f 3536 3803 3804
f 3536 3804 3538
f 3536 3538 3537
f 3538 3804 3805
f 3538 3805 3806
f 3538 3806 3539
f 3539 3541 3540
f 3539 3806 3541
f 3541 3806 3807
f 3541 3807 3808
f 3541 3808 3809
f 3541 3809 3810
f 3541 3810 3811
f 3541 3811 3544
f 3541 3544 3543
f 3544 3811 3812
f 3544 3812 3813
f 3544 3813 3547
f 3544 3547 3546
f 3544 3546 3545
f 3547 3813 3548
f 3548 3813 3814
f 3548 3814 3815
f 3548 3815 3816
f 3548 3816 3550
f 3548 3550 3549
f 3550 3816 3817
f 3550 3817 3551
f 3551 3817 3818
f 3551 3818 3819
f 3551 3819 3552
f 3552 3819 3820
f 3552 3820 3821
f 3552 3821 3822
f 3552 3822 3823
f 3552 3823 3553
f 3553 3823 3824
f 3553 3824 3825
f 3553 3825 3554
f 3554 3825 3826
f 3554 3826 3555
f 3555 3826 3556
f 3556 3826 3557
f 3557 3826 3827
f 3557 3827 3828
f 3557 3828 3558
f 3558 3562 3559
f 3558 3828 3829
f 3558 3829 3830
f 3558 3830 3562
f 3559 3562 3561
f 3562 3830 3831
f 3562 3831 3563
f 3563 3831 3832
f 3563 3832 3833
f 3563 3833 3834
f 3563 3834 3566
f 3566 3834 3567
f 3567 3570 3568
f 3567 3834 3835
f 3567 3835 3836
f 3567 3836 3837
f 3567 3837 3838
f 3567 3838 3839
f 3567 3839 3840
f 3567 3840 3570
f 3568 3570 3569
f 3570 3840 3841
f 3570 3841 3842
f 3570 3842 3571
f 3571 3842 3841
f 3571 3841 3843
f 3571 3843 3572
f 3572 3843 3844
f 3572 3844 3845
f 3572 3845 3846
f 3572 3846 3847
f 3572 3847 3574
f 3572 3574 3573
f 3574 3847 3846
f 3574 3846 3848
f 3574 3848 3849
f 3574 3849 3850
f 3574 3850 3851
f 3574 3851 3576
f 3575 3576 3852
f 3575 3852 3853
f 3575 3853 3577
f 3576 3851 3854
f 3576 3854 3855
f 3576 3855 3852
f 3577 3856 3578
f 3577 3853 3856
f 3578 3857 3579
f 3578 3856 3857
f 3579 3857 3584
f 3579 3584 3583
f 3579 3583 3581
f 3579 3581 3580
f 3581 3583 3582
f 3584 3857 3858
f 3584 3858 3585
f 3585 3858 3859
f 3585 3859 3860
f 3585 3860 3861
f 3585 3861 3862
f 3585 3862 3587
f 3585 3587 3586
f 3587 3862 3863
f 3587 3863 3864
f 3587 3864 3865
f 3587 3865 3866
f 3587 3866 3588
f 3588 3867 3589
f 3588 3866 3867
f 3589 3867 3868
f 3589 3868 3590
f 3590 3868 3592
f 3590 3592 3591
f 3592 3869 3595
f 3592 3868 3870
f 3592 3870 3871
f 3592 3871 3872
f 3592 3872 3869
f 3595 3869 3873
f 3595 3873 3596
f 3596 3873 3874
f 3596 3874 3597
f 3597 3874 3875
f 3597 3875 3599
f 3599 3875 3876
f 3599 3876 3877
f 3599 3877 3878
f 3599 3878 3600
f 3600 3878 3879
f 3600 3879 3880
f 3600 3880 3601
f 3601 3880 3602
f 3602 3880 3603
f 3603 3880 3881
f 3603 3881 3605
f 3603 3605 3604
f 3605 3882 3883
f 3605 3883 3608
f 3605 3608 3606
f 3605 3881 3882
f 3607 3610 3884
f 3607 3884 3617
f 3607 3617 3616
f 3608 3883 3609
f 3609 3883 3885
f 3609 3885 3610
f 3610 3885 3884
f 3614 3624 3886
f 3618 3884 3887
f 3618 3887 3619
f 3619 3887 3888
f 3619 3888 3889
f 3619 3889 3890
f 3619 3890 3620
f 3620 3890 3622
f 3620 3622 3621
f 3622 3890 3891
f 3622 3891 3623
f 3623 3892 3624
f 3623 3891 3892
f 3624 3893 3886
f 3624 3892 3893
f 3626 3633 3894
f 3626 3894 3895
f 3626 3895 3627
f 3627 3895 3896
f 3627 3896 3628
f 3628 3896 3897
f 3628 3897 3629
f 3629 3897 3898
f 3629 3898 3661
f 3629 3661 3630
f 3631 3706 3632
f 3632 3706 3633
f 3633 3899 3894
f 3633 3706 3899
f 3634 3646 3900
f 3634 3900 3635
f 3635 3901 3902
f 3635 3902 3636
f 3635 3900 3901
f 3636 3902 4119
f 3636 4119 3903
f 3637 3903 3904
f 3637 3904 3905
f 3637 3905 3638
f 3638 3905 3906
f 3638 3906 3639
f 3639 3906 3907
f 3639 3907 3908
f 3639 3908 3640
f 3640 3908 3909
f 3640 3909 3648
f 3641 3645 3910
f 3641 3910 3647
f 3642 3644 3643
f 3644 3649 3910
f 3644 3910 3645
f 3646 3911 3912
f 3646 3912 3900
f 3646 3647 3913
f 3646 3913 3911
f 3647 3910 3914
f 3647 3914 3913
f 3649 3671 3910
f 3650 3652 3651
f 3650 3660 3748
f 3652 3654 3653
f 3654 3744 3666
f 3654 3666 3665
f 3656 3664 3657
f 3657 3664 3658
f 3658 3664 3751
f 3658 3751 3659
f 3659 3751 3750
f 3659 3750 3748
f 3659 3748 3660
f 3661 3898 3915
f 3661 3915 3662
f 3662 3915 3663
f 3663 3915 3916
f 3663 3916 3917
f 3663 3917 3918
f 3663 3918 3664
f 3664 3918 3751
f 3666 3744 3743
f 3666 3743 3746
f 3666 3746 3919
f 3666 3919 3667
f 3667 3919 3668
f 3668 3919 3746
f 3668 3746 3740
f 3668 3740 3669
f 3669 3740 3920
f 3669 3920 3670
f 3670 3920 3921
f 3670 3921 3922
f 3670 3922 3671
f 3671 3922 3910
f 3673 3923 3674
f 3674 3923 3924
f 3674 3924 3925
f 3674 3925 3926
f 3674 3926 3927
f 3674 3927 3675
f 3675 3927 3928
f 3675 3928 3929
f 3675 3929 3676
f 3676 3929 3679
f 3677 3930 3678
f 3677 3679 3931
f 3677 3931 3932
f 3677 3932 3930
f 3678 3930 3933
f 3678 3933 3680
f 3679 3929 3934
f 3679 3934 3935
f 3679 3935 3932
f 3679 3932 3931
f 3680 3933 3936
f 3680 3936 3937
f 3680 3937 3938
f 3680 3938 3681
f 3681 3938 3939
f 3681 3939 3940
f 3681 3940 3683
f 3682 3684 3685
f 3683 3940 3684
f 3684 3941 3685
f 3684 3940 3942
f 3684 3942 3941
f 3685 3941 3686
f 3686 3941 3943
f 3686 3943 3944
f 3686 3944 3945
f 3686 3945 3946
f 3686 3946 3688
f 3688 3946 3947
f 3688 3947 3689
f 3689 3947 3948
f 3689 3948 3691
f 3691 3948 3949
f 3691 3949 3950
f 3691 3950 3692
f 3692 3950 3951
f 3692 3951 3693
f 3693 3951 3694
f 3694 3951 3952
f 3694 3952 3953
f 3694 3953 3954
f 3694 3954 3955
f 3694 3955 3956
f 3694 3956 3703
f 3694 3703 3701
f 3694 3701 3695
f 3695 3701 3696
f 3698 3704 3699
f 3699 3704 3957
f 3699 3957 3710
f 3699 3710 3700
f 3701 3703 3702
f 3703 3956 3957
f 3703 3957 3704
f 3705 3709 3708
f 3705 3708 3706
f 3706 3708 3899
f 3707 3714 3958
f 3707 3958 3959
f 3707 3959 3895
f 3707 3895 3960
f 3707 3960 3899
f 3707 3899 3708
f 3710 3957 3711
f 3711 3957 3961
f 3711 3961 3962
f 3711 3962 3713
f 3711 3713 3712
f 3713 3962 3963
f 3713 3963 3958
f 3713 3958 3714
f 3715 3720 3964
f 3715 3964 3716
f 3716 3964 3965
f 3716 3965 3717
f 3717 3965 3966
f 3717 3966 3721
f 3718 3967 3719
f 3719 3967 3968
f 3719 3968 4120
f 3719 4120 3964
f 3719 3964 3720
f 3721 3966 3969
f 3721 3969 3722
f 3722 3969 3970
f 3722 3970 3723
f 3723 3970 3731
f 3723 3731 3730
f 3725 3726 3742
f 3726 3971 3742
f 3726 3727 3971
f 3727 3972 3973
f 3727 3973 3971
f 3727 3728 3972
f 3728 3731 3974
f 3728 3974 3913
f 3728 3913 3975
f 3728 3975 3976
f 3728 3976 3977
f 3728 3977 3973
f 3728 3973 3972
f 3731 3970 3974
f 3732 3759 3733
f 3733 3759 3734
f 3734 3759 3978
f 3734 3978 3979
f 3734 3979 3735
f 3735 3980 3981
f 3735 3981 3982
f 3735 3982 3983
f 3735 3983 3984
f 3735 3984 3737
f 3735 3979 3980
f 3737 3984 3738
f 3738 3984 3983
f 3738 3983 3985
f 3738 3985 3986
f 3738 3986 3987
f 3738 3987 3988
f 3738 3988 3989
f 3738 3989 3770
f 3740 3746 3741
f 3740 3742 3973
f 3740 3973 3921
f 3740 3921 3920
f 3742 3971 3973
f 3751 3918 3917
f 3751 3917 3990
f 3751 3990 3752
f 3752 3990 3991
f 3752 3991 3753
f 3753 3991 3992
f 3753 3992 3993
f 3753 3993 3994
f 3753 3994 3754
f 3754 3994 3755
f 3755 3994 3995
f 3755 3995 3756
f 3756 3995 3996
f 3756 3996 3758
f 3756 3758 3757
f 3758 3996 3997
f 3758 3997 3998
f 3758 3998 3761
f 3758 3761 3760
f 3759 3765 3978
f 3761 3999 4000
f 3761 4000 4001
f 3761 4001 4002
f 3761 4002 3763
f 3761 3763 3762
f 3761 3998 3999
f 3763 4002 4003
f 3763 4003 3980
f 3763 3980 3765
f 3763 3765 3764
f 3765 3980 3978
f 3766 3772 3767
f 3767 3772 3768
f 3768 3772 4004
f 3768 4004 4005
f 3768 4005 3773
f 3770 3989 4006
f 3770 4006 3771
f 3771 4006 3772
f 3772 4006 4007
f 3772 4007 4008
f 3772 4008 4009
f 3772 4009 4010
f 3772 4010 4004
f 3773 4005 4004
f 3773 4004 4010
f 3773 4010 3775
f 3774 3775 3776
f 3775 4010 4011
f 3775 4011 3809
f 3775 3809 4012
f 3775 4012 3776
f 3776 4012 3806
f 3776 3806 3777
f 3777 3806 3784
f 3777 3784 3778
f 3778 3784 3779
f 3779 3784 3780
f 3780 3784 3781
f 3781 3784 3782
f 3784 3806 3785
f 3785 3806 4013
f 3785 4013 3805
f 3785 3805 3786
f 3786 3805 4014
f 3786 4014 4015
f 3786 4015 3803
f 3786 3803 4016
f 3786 4016 3787
f 3787 4016 4017
f 3787 4017 3788
f 3788 4017 4018
f 3788 4018 3790
f 3788 3790 3789
f 3790 4018 4019
f 3790 4019 4020
f 3790 4020 3791
f 3791 4020 3799
f 3791 3799 4021
f 3791 4021 3792
f 3792 4021 3797
f 3797 4021 3799
f 3797 3799 3798
f 3799 4022 3801
f 3799 4020 4017
f 3799 4017 3803
f 3799 3803 4022
f 3801 4022 3802
f 3802 4022 3803
f 3803 4017 4016
f 3803 4015 3804
f 3804 4015 4014
f 3804 4014 3805
f 3805 4013 3806
f 3806 4012 3807
f 3807 4012 3808
f 3808 4012 3809
f 3809 4011 4023
f 3809 4023 4024
f 3809 4024 3810
f 3810 4024 3811
f 3811 4024 3812
f 3812 4024 4025
f 3812 4025 4026
f 3812 4026 3813
f 3813 4026 4027
f 3813 4027 3814
f 3814 4027 4028
f 3814 4028 3815
f 3815 4028 3816
f 3816 4028 4029
f 3816 4029 3818
f 3816 3818 3817
f 3818 4029 4030
f 3818 4030 4031
f 3818 4031 3820
f 3818 3820 3819
f 3820 4031 4006
f 3820 4006 4032
f 3820 4032 3821
f 3821 4032 4033
f 3821 4033 4034
f 3821 4034 3822
f 3822 4034 3824
f 3822 3824 3823
f 3824 3826 3825
f 3824 4034 4035
f 3824 4035 4036
f 3824 4036 4037
f 3824 4037 4038
f 3824 4038 4039
f 3824 4039 3827
f 3824 3827 3826
f 3827 4039 4040
f 3827 4040 3828
f 3828 4040 4041
f 3828 4041 3829
f 3829 4041 3830
f 3830 4041 4042
f 3830 4042 4043
f 3830 4043 3832
f 3830 3832 3831
f 3832 4043 4044
f 3832 4044 3834
f 3832 3834 3833
f 3834 4044 4045
f 3834 4045 4046
f 3834 4046 3836
f 3834 3836 3835
f 3836 4046 4045
f 3836 4045 4047
f 3836 4047 4048
f 3836 4048 3837
f 3837 4049 3838
f 3837 4048 4050
f 3837 4050 4051
f 3837 4051 4049
f 3838 4049 4052
f 3838 4052 4053
f 3838 4053 3839
f 3839 4053 3840
f 3840 4053 3841
f 3841 4053 4052
f 3841 4052 3843
f 3843 4052 4054
f 3843 4054 4055
f 3843 4055 4056
f 3843 4056 3844
f 3844 4056 3845
f 3845 4056 4055
f 3845 4055 4057
f 3845 4057 4058
f 3845 4058 4059
f 3845 4059 4060
f 3845 4060 3846
f 3846 4060 3848
f 3848 4061 4062
f 3848 4062 3849
f 3848 4060 4063
f 3848 4063 4061
f 3849 4062 3850
f 3850 4062 3851
f 3851 4064 3854
f 3851 4062 4065
f 3851 4065 4064
f 3852 3855 4066
f 3852 4066 3856
f 3852 3856 3853
f 3854 4064 3855
f 3855 4067 4066
f 3855 4064 4068
f 3855 4068 4067
f 3856 4069 4070
f 3856 4070 3857
f 3856 4066 4069
f 3857 4070 3858
f 3858 4070 4071
f 3858 4071 3859
f 3859 4071 4072
f 3859 4072 4073
f 3859 4073 3860
f 3860 4074 3861
f 3860 4073 4074
f 3861 4074 4075
f 3861 4075 3862
f 3862 4075 3863
f 3863 4075 4076
f 3863 4076 3864
f 3864 4076 4077
f 3864 4077 4078
f 3864 4078 4079
f 3864 4079 3866
f 3864 3866 3865
f 3866 4079 4080
f 3866 4080 3870
f 3866 3870 3867
f 3867 3870 3868
f 3869 3874 3873
f 3869 3872 3874
f 3870 4080 4081
f 3870 4081 3872
f 3870 3872 3871
f 3872 4081 4082
f 3872 4082 4083
f 3872 4083 3875
f 3872 3875 3874
f 3875 4083 4082
f 3875 4082 4084
f 3875 4084 4085
f 3875 4085 3876
f 3876 4085 4086
f 3876 4086 3877
f 3877 4087 3878
f 3877 4086 4088
f 3877 4088 4087
f 3878 4087 3879
f 3879 4087 4089
f 3879 4089 4090
f 3879 4090 4091
f 3879 4091 4092
f 3879 4092 3880
f 3880 4092 3881
f 3881 4092 4093
f 3881 4093 3882
f 3882 4093 3883
f 3883 4093 4094
f 3883 4094 4095
f 3883 4095 4096
f 3883 4096 4097
f 3883 4097 4098
f 3883 4098 4099
f 3883 4099 3885
f 3884 3885 3888
f 3884 3888 3887
f 3885 4099 4100
f 3885 4100 3888
f 3888 4100 4101
f 3888 4101 3934
f 3888 3934 3889
f 3889 3934 4102
f 3889 4102 4103
f 3889 4103 3890
f 3890 4103 3891
f 3891 4103 3928
f 3891 3928 3927
f 3891 3927 3926
f 3891 3926 4104
f 3891 4104 4105
f 3891 4105 4106
f 3891 4106 3892
f 3892 4106 4107
f 3892 4107 4108
f 3892 4108 3893
f 3894 3899 3960
f 3894 3960 3895
f 3895 3959 4109
f 3895 4109 4110
f 3895 4110 3896
f 3896 4111 4112
f 3896 4112 3897
f 3896 4110 4113
f 3896 4113 4114
f 3896 4114 4115
f 3896 4115 4116
f 3896 4116 4111
f 3897 4112 3898
f 3898 4112 4117
f 3898 4117 4118
f 3898 4118 3916
f 3898 3916 3915
f 3900 3912 3901
f 3901 3969 3966
f 3901 3966 3902
f 3901 3912 3969
f 3902 3966 3965
f 3902 3965 4119
f 3903 4119 4120
f 3903 4120 3904
f 3904 4120 3968
f 3904 3968 4121
f 3904 4121 4122
f 3904 4122 3905
f 3905 4122 4253
f 3905 4253 4123
f 3905 4123 3906
f 3906 4123 4253
f 3906 4253 4124
f 3906 4124 3907
f 3907 4125 4126
f 3907 4126 4127
f 3907 4127 4128
f 3907 4128 3909
f 3907 3909 3908
f 3907 4124 4125
f 3910 3922 3914
f 3911 3974 3912
f 3911 3913 3974
f 3912 3974 3970
f 3912 3970 3969
f 3913 3914 3975
f 3914 3922 3976
f 3914 3976 3975
f 3916 4118 4129
f 3916 4129 4130
f 3916 4130 3917
f 3917 4130 3990
f 3921 3973 3976
f 3921 3976 3922
f 3925 4107 4105
f 3925 4105 4104
f 3925 4104 3926
f 3928 4103 3929
f 3929 4103 4102
f 3929 4102 4131
f 3929 4131 3934
f 3930 3936 3933
f 3930 3932 4132
f 3930 4132 3937
f 3930 3937 3936
f 3932 3935 4101
f 3932 4101 4133
f 3932 4133 4134
f 3932 4134 4132
f 3934 4101 3935
f 3934 4131 4102
f 3937 4132 4135
f 3937 4135 3942
f 3937 3942 3938
f 3938 3942 3939
f 3939 3942 3940
f 3941 3942 4136
f 3941 4136 4137
f 3941 4137 3943
f 3942 4135 4138
f 3942 4138 4136
f 3943 4137 4139
f 3943 4139 4140
f 3943 4140 3944
f 3944 4141 3945
f 3944 4140 4142
f 3944 4142 4143
f 3944 4143 4144
f 3944 4144 4145
f 3944 4145 4146
f 3944 4146 4141
f 3945 4141 3947
f 3945 3947 3946
f 3947 4141 4147
f 3947 4147 4148
f 3947 4148 3948
f 3948 4148 4149
f 3948 4149 4150
f 3948 4150 3949
f 3949 4150 3950
f 3950 4150 3951
f 3951 4150 4151
f 3951 4151 4152
f 3951 4152 4153
f 3951 4153 4154
f 3951 4154 3952
f 3952 4154 3953
f 3953 4154 4155
f 3953 4155 3954
f 3954 4156 4157
f 3954 4157 3955
f 3954 4155 4158
f 3954 4158 4156
f 3955 4157 4159
f 3955 4159 4160
f 3955 4160 3956
f 3956 4160 3957
f 3957 4160 4159
f 3957 4159 3961
f 3958 3963 4161
f 3958 4161 3959
f 3959 4161 4109
f 3961 3963 3962
f 3961 4159 4162
f 3961 4162 3963
f 3963 4163 4164
f 3963 4164 4161
f 3963 4162 4165
f 3963 4165 4166
f 3963 4166 4167
f 3963 4167 4168
f 3963 4168 4169
f 3963 4169 4163
f 3964 4120 3965
f 3965 4120 4119
f 3967 4170 4121
f 3967 4121 3968
f 3973 3977 3976
f 3978 3980 3979
f 3980 4003 4171
f 3980 4171 3981
f 3981 4171 3985
f 3981 3985 3982
f 3982 3985 3983
f 3985 4171 4196
f 3985 4196 4172
f 3985 4172 3986
f 3986 4172 3987
f 3987 4038 4037
f 3987 4037 4173
f 3987 4173 4174
f 3987 4174 4175
f 3987 4175 3988
f 3987 4172 4196
f 3987 4196 4038
f 3988 4175 4176
f 3988 4176 3989
f 3989 4176 4032
f 3989 4032 4006
f 3990 4130 4177
f 3990 4177 3991
f 3991 4177 4178
f 3991 4178 4179
f 3991 4179 3992
f 3992 4179 3995
f 3992 3995 3993
f 3993 3995 3994
f 3995 4179 4180
f 3995 4180 3996
f 3996 4180 4181
f 3996 4181 3999
f 3996 3999 3997
f 3997 3999 3998
f 3999 4181 4182
f 3999 4182 4183
f 3999 4183 4000
f 4000 4183 4001
f 4001 4183 4184
f 4001 4184 4045
f 4001 4045 4185
f 4001 4185 4002
f 4002 4171 4003
f 4002 4185 4186
f 4002 4186 4187
f 4002 4187 4171
f 4006 4031 4030
f 4006 4030 4188
f 4006 4188 4007
f 4007 4188 4189
f 4007 4189 4008
f 4008 4189 4027
f 4008 4027 4190
f 4008 4190 4191
f 4008 4191 4009
f 4009 4191 4010
f 4010 4191 4192
f 4010 4192 4023
f 4010 4023 4011
f 4017 4020 4019
f 4017 4019 4018
f 4023 4192 4024
f 4024 4192 4193
f 4024 4193 4025
f 4025 4193 4190
f 4025 4190 4027
f 4025 4027 4026
f 4027 4189 4188
f 4027 4188 4028
f 4028 4188 4030
f 4028 4030 4029
f 4032 4176 4033
f 4033 4176 4036
f 4033 4036 4035
f 4033 4035 4034
f 4036 4176 4175
f 4036 4175 4174
f 4036 4174 4173
f 4036 4173 4037
f 4038 4187 4186
f 4038 4186 4194
f 4038 4194 4195
f 4038 4195 4040
f 4038 4040 4039
f 4038 4196 4187
f 4040 4195 4042
f 4040 4042 4041
f 4042 4195 4194
f 4042 4194 4043
f 4043 4194 4044
f 4044 4194 4045
f 4045 4184 4183
f 4045 4183 4047
f 4045 4194 4185
f 4047 4183 4048
f 4048 4183 4182
f 4048 4182 4050
f 4049 4051 4197
f 4049 4197 4198
f 4049 4198 4052
f 4050 4197 4051
f 4050 4182 4199
f 4050 4199 4200
f 4050 4200 4197
f 4052 4198 4201
f 4052 4201 4054
f 4054 4201 4202
f 4054 4202 4055
f 4055 4202 4057
f 4057 4202 4203
f 4057 4203 4204
f 4057 4204 4059
f 4057 4059 4058
f 4059 4204 4205
f 4059 4205 4060
f 4060 4205 4063
f 4061 4063 4206
f 4061 4206 4062
f 4062 4207 4208
f 4062 4208 4209
f 4062 4209 4210
f 4062 4210 4065
f 4062 4206 4207
f 4063 4205 4211
f 4063 4211 4206
f 4064 4065 4212
f 4064 4212 4068
f 4065 4210 4212
f 4066 4067 4213
f 4066 4213 4070
f 4066 4070 4069
f 4067 4068 4214
f 4067 4214 4215
f 4067 4215 4216
f 4067 4216 4217
f 4067 4217 4071
f 4067 4071 4213
f 4068 4212 4218
f 4068 4218 4214
f 4070 4213 4071
f 4071 4217 4072
f 4072 4217 4073
f 4073 4217 4219
f 4073 4219 4220
f 4073 4220 4221
f 4073 4221 4074
f 4074 4076 4075
f 4074 4221 4076
f 4076 4221 4077
f 4077 4221 4222
f 4077 4222 4223
f 4077 4223 4224
f 4077 4224 4078
f 4078 4225 4079
f 4078 4224 4225
f 4079 4225 4080
f 4080 4225 4226
f 4080 4226 4227
f 4080 4227 4081
f 4081 4227 4228
f 4081 4228 4082
f 4082 4229 4230
f 4082 4230 4231
f 4082 4231 4232
f 4082 4232 4084
f 4082 4228 4229
f 4084 4232 4233
f 4084 4233 4085
f 4085 4233 4086
f 4086 4233 4234
f 4086 4234 4235
f 4086 4235 4148
f 4086 4148 4236
f 4086 4236 4088
f 4087 4088 4089
f 4088 4236 4089
f 4089 4236 4090
f 4090 4236 4237
f 4090 4237 4238
f 4090 4238 4091
f 4091 4094 4092
f 4091 4238 4096
f 4091 4096 4094
f 4092 4094 4093
f 4094 4096 4095
f 4096 4238 4239
f 4096 4239 4240
f 4096 4240 4097
f 4097 4240 4241
f 4097 4241 4098
f 4098 4241 4242
f 4098 4242 4099
f 4099 4242 4243
f 4099 4243 4100
f 4100 4243 4133
f 4100 4133 4101
f 4105 4107 4106
f 4109 4161 4164
f 4109 4164 4244
f 4109 4244 4110
f 4110 4244 4113
f 4111 4245 4112
f 4111 4116 4246
f 4111 4246 4247
f 4111 4247 4245
f 4112 4245 4117
f 4113 4244 4163
f 4113 4163 4248
f 4113 4248 4249
f 4113 4249 4114
f 4114 4249 4115
f 4115 4249 4250
f 4115 4250 4251
f 4115 4251 4252
f 4115 4252 4116
f 4116 4252 4246
f 4117 4245 4129
f 4117 4129 4118
f 4121 4170 4253
f 4121 4253 4122
f 4124 4253 4125
f 4125 4253 4170
f 4129 4245 4254
f 4129 4254 4255
f 4129 4255 4130
f 4130 4255 4177
f 4132 4134 4135
f 4133 4243 4242
f 4133 4242 4134
f 4134 4242 4135
f 4135 4242 4256
f 4135 4256 4138
f 4136 4138 4137
f 4137 4140 4139
f 4137 4138 4242
f 4137 4242 4140
f 4138 4256 4242
f 4140 4242 4143
f 4140 4143 4142
f 4141 4146 4257
f 4141 4257 4147
f 4143 4242 4258
f 4143 4258 4259
f 4143 4259 4144
f 4144 4259 4145
f 4145 4257 4146
f 4145 4259 4238
f 4145 4238 4257
f 4147 4257 4148
f 4148 4257 4236
f 4148 4235 4149
f 4149 4235 4260
f 4149 4260 4150
f 4150 4260 4261
f 4150 4261 4151
f 4151 4261 4152
f 4152 4262 4153
f 4152 4261 4263
f 4152 4263 4262
f 4153 4262 4154
f 4154 4262 4264
f 4154 4264 4155
f 4155 4264 4265
f 4155 4265 4266
f 4155 4266 4267
f 4155 4267 4158
f 4156 4167 4166
f 4156 4166 4165
f 4156 4165 4162
f 4156 4162 4157
f 4156 4158 4268
f 4156 4268 4167
f 4157 4162 4159
f 4158 4267 4266
f 4158 4266 4222
f 4158 4222 4268
f 4163 4244 4164
f 4163 4169 4269
f 4163 4269 4270
f 4163 4270 4248
f 4167 4271 4168
f 4167 4268 4272
f 4167 4272 4271
f 4168 4269 4169
f 4168 4271 4273
f 4168 4273 4274
f 4168 4274 4269
f 4171 4187 4196
f 4177 4255 4178
f 4178 4255 4275
f 4178 4275 4276
f 4178 4276 4277
f 4178 4277 4278
f 4178 4278 4179
f 4179 4278 4180
f 4180 4278 4279
f 4180 4279 4181
f 4181 4279 4199
f 4181 4199 4182
f 4185 4194 4186
f 4190 4193 4191
f 4191 4193 4192
f 4197 4200 4277
f 4197 4277 4201
f 4197 4201 4198
f 4199 4279 4200
f 4200 4279 4277
f 4201 4277 4276
f 4201 4276 4203
f 4201 4203 4202
f 4203 4276 4275
f 4203 4275 4280
f 4203 4280 4204
f 4204 4280 4205
f 4205 4281 4211
f 4205 4280 4281
f 4206 4211 4282
f 4206 4282 4208
f 4206 4208 4207
f 4208 4283 4284
f 4208 4284 4218
f 4208 4218 4209
f 4208 4282 4285
f 4208 4285 4283
f 4209 4218 4210
f 4210 4218 4212
f 4211 4281 4286
f 4211 4286 4287
f 4211 4287 4282
f 4214 4218 4215
f 4215 4218 4288
f 4215 4288 4216
f 4216 4219 4217
f 4216 4288 4289
f 4216 4289 4290
f 4216 4290 4291
f 4216 4291 4219
f 4218 4284 4292
f 4218 4292 4288
f 4219 4291 4273
f 4219 4273 4220
f 4220 4273 4221
f 4221 4273 4293
f 4221 4293 4222
f 4222 4293 4272
f 4222 4272 4268
f 4222 4266 4294
f 4222 4294 4223
f 4223 4294 4265
f 4223 4265 4264
f 4223 4264 4295
f 4223 4295 4224
f 4224 4295 4296
f 4224 4296 4297
f 4224 4297 4225
f 4225 4297 4298
f 4225 4298 4226
f 4226 4230 4229
f 4226 4229 4228
f 4226 4228 4227
f 4226 4298 4297
f 4226 4297 4230
f 4230 4297 4299
f 4230 4299 4231
f 4231 4299 4300
f 4231 4300 4233
f 4231 4233 4232
f 4233 4300 4234
f 4234 4300 4260
f 4234 4260 4235
f 4236 4257 4237
f 4237 4257 4238
f 4238 4259 4239
f 4239 4259 4301
f 4239 4301 4302
f 4239 4302 4242
f 4239 4242 4240
f 4240 4242 4241
f 4242 4302 4258
f 4245 4303 4254
f 4245 4247 4303
f 4246 4252 4304
f 4246 4304 4247
f 4247 4304 4305
f 4247 4305 4280
f 4247 4280 4306
f 4247 4306 4254
f 4247 4254 4303
f 4248 4307 4249
f 4248 4270 4290
f 4248 4290 4307
f 4249 4307 4250
f 4250 4307 4251
f 4251 4307 4308
f 4251 4308 4252
f 4252 4308 4309
f 4252 4309 4310
f 4252 4310 4285
f 4252 4285 4311
f 4252 4311 4287
f 4252 4287 4286
f 4252 4286 4312
f 4252 4312 4280
f 4252 4280 4305
f 4252 4305 4304
f 4254 4306 4313
f 4254 4313 4255
f 4255 4313 4280
f 4255 4280 4314
f 4255 4314 4275
f 4258 4302 4301
f 4258 4301 4259
f 4260 4300 4299
f 4260 4299 4263
f 4260 4263 4261
f 4262 4263 4297
f 4262 4297 4296
f 4262 4296 4295
f 4262 4295 4264
f 4263 4299 4297
f 4265 4294 4266
f 4269 4274 4273
f 4269 4273 4290
f 4269 4290 4315
f 4269 4315 4270
f 4270 4315 4290
f 4271 4272 4293
f 4271 4293 4273
f 4273 4291 4290
f 4275 4314 4280
f 4277 4279 4278
f 4280 4312 4281
f 4280 4313 4306
f 4281 4312 4286
f 4282 4287 4311
f 4282 4311 4285
f 4283 4310 4316
f 4283 4316 4292
f 4283 4292 4284
f 4283 4285 4310
f 4288 4292 4289
f 4289 4292 4317
f 4289 4317 4290
f 4290 4317 4318
f 4290 4318 4319
f 4290 4319 4320
f 4290 4320 4307
f 4292 4316 4317
f 4307 4320 4308
f 4308 4321 4309
f 4308 4320 4319
f 4308 4319 4318
f 4308 4318 4321
f 4309 4321 4310
f 4310 4318 4317
f 4310 4317 4316
f 4310 4321 4318

