# https://github.com/mikedh/trimesh
v 0.00681028 0.05630074 -0.01172504
v 0.00681028 0.05632741 -0.01170907
v 0.00695467 0.05630074 -0.01163079
v 0.00681028 0.05630074 -0.01017223
v 0.00681028 0.05637784 -0.01167872
v 0.00681028 0.05646886 -0.01162360
v 0.00703386 0.05630074 -0.01157887
v 0.01038175 0.05630074 -0.00358553
v 0.01038229 0.05630248 -0.00356476
v 0.00681028 0.06036512 -0.00356476
v 0.00681028 0.05648799 -0.01161162
v 0.00708774 0.05630074 -0.01154292
v 0.01097278 0.05630074 -0.00356476
v 0.00681028 0.06222310 -0.00356476
v 0.00681028 0.05658132 -0.01155171
v 0.00713300 0.05630074 -0.01151257
v 0.01231377 0.05630074 -0.00356476
v 0.00681028 0.06217150 -0.00382037
v 0.00685877 0.06219701 -0.00356476
v 0.00682590 0.06218020 -0.00373570
v 0.00711845 0.05634712 -0.01149260
v 0.00681028 0.05667640 -0.01148941
v 0.00707104 0.05644741 -0.01145985
v 0.00721435 0.05630074 -0.01145666
v 0.01228845 0.05635350 -0.00356476
v 0.01230461 0.05630074 -0.00360230
v 0.00687277 0.06212455 -0.00388587
v 0.00681028 0.06215817 -0.00388587
v 0.00696221 0.06214078 -0.00356476
v 0.00699992 0.06208629 -0.00373570
v 0.00681028 0.05672857 -0.01145426
v 0.00729301 0.05636799 -0.01135122
v 0.00681028 0.05683756 -0.01137758
v 0.00735874 0.05658422 -0.01115073
v 0.00767338 0.05644973 -0.01101174
v 0.00756401 0.05630074 -0.01119705
v 0.01228306 0.05636451 -0.00356476
v 0.01228198 0.05636219 -0.00357355
v 0.01229330 0.05630074 -0.00364624
v 0.01218824 0.05632567 -0.00400808
v 0.01223403 0.05637610 -0.00373570
v 0.00701285 0.06204571 -0.00389625
v 0.00683829 0.06211237 -0.00402965
v 0.00681028 0.06213324 -0.00400329
v 0.00681028 0.06214542 -0.00394658
v 0.00699831 0.06212107 -0.00356476
v 0.00710875 0.06202368 -0.00373570
v 0.00708936 0.06201150 -0.00385232
v 0.00756239 0.05652625 -0.01104050
v 0.00681028 0.05688162 -0.01134643
v 0.00681028 0.05729959 -0.01104928
v 0.00786033 0.05663872 -0.01073936
v 0.00779352 0.05656799 -0.01083920
v 0.00784040 0.05646770 -0.01087435
v 0.00781669 0.05630074 -0.01100775
v 0.01205462 0.05665553 -0.00388587
v 0.01221787 0.05649147 -0.00356476
v 0.01217638 0.05645205 -0.00381318
v 0.01203577 0.05661958 -0.00403604
v 0.01217477 0.05630074 -0.00410633
v 0.01203630 0.05632219 -0.00459997
v 0.01199967 0.05637379 -0.00464470
v 0.01200182 0.05652567 -0.00434836
v 0.01201314 0.05657495 -0.00421097
v 0.01202607 0.05660103 -0.00411112
v 0.00707158 0.06200049 -0.00395297
v 0.00684961 0.06207121 -0.00418621
v 0.00681028 0.06210368 -0.00413748
v 0.00681028 0.06212397 -0.00404642
v 0.00711899 0.06205092 -0.00356476
v 0.00713300 0.06203875 -0.00358553
v 0.00715455 0.06202948 -0.00356476
v 0.00721112 0.06199353 -0.00356476
v 0.00720789 0.06199121 -0.00358553
v 0.00718364 0.06197498 -0.00373570
v 0.00714377 0.06196571 -0.00389625
v 0.00681028 0.05735118 -0.01101254
v 0.00681028 0.05762481 -0.01081764
v 0.00736898 0.05719524 -0.01070820
v 0.00788942 0.05681437 -0.01059238
v 0.00797994 0.05675640 -0.01056602
v 0.00796054 0.05658538 -0.01070101
v 0.00800634 0.05648509 -0.01073616
v 0.00789427 0.05636857 -0.01090231
v 0.00798586 0.05631292 -0.01087115
v 0.00790182 0.05630074 -0.01094304
v 0.01201529 0.05673089 -0.00388587
v 0.01190377 0.05680451 -0.00418621
v 0.01191939 0.05683988 -0.00404722
v 0.01216830 0.05658596 -0.00356476
v 0.01199967 0.05682364 -0.00374848
v 0.01188814 0.05677495 -0.00430762
v 0.01201853 0.05630074 -0.00470701
v 0.01196142 0.05637610 -0.00478609
v 0.01191778 0.05653842 -0.00464630
v 0.01196573 0.05652625 -0.00448575
v 0.01187521 0.05674944 -0.00440827
v 0.00724344 0.06186542 -0.00403604
v 0.00722836 0.06185498 -0.00412071
v 0.00711306 0.06187759 -0.00433638
v 0.00707158 0.06185034 -0.00455285
v 0.00701285 0.06190136 -0.00449613
v 0.00688732 0.06198078 -0.00448575
v 0.00690995 0.06199411 -0.00437552
v 0.00685607 0.06203527 -0.00432919
v 0.00681028 0.06202542 -0.00448335
v 0.00681028 0.06209266 -0.00418621
v 0.00713731 0.06203991 -0.00356476
v 0.00737814 0.06187933 -0.00356476
v 0.00730001 0.06192860 -0.00358553
v 0.00730756 0.06189208 -0.00372851
v 0.00734419 0.06183179 -0.00388587
v 0.00726931 0.06188281 -0.00388587
v 0.00681028 0.05775235 -0.01072658
v 0.00724021 0.05751756 -0.01057401
v 0.00710983 0.05783872 -0.01043902
v 0.00725799 0.05768626 -0.01043742
v 0.00803866 0.05681437 -0.01047896
v 0.00814480 0.05677205 -0.01042783
v 0.00808015 0.05670190 -0.01052768
v 0.00803812 0.05666190 -0.01058839
v 0.00815989 0.05652625 -0.01058999
v 0.00814911 0.05632973 -0.01073217
v 0.00800634 0.05630074 -0.01086317
v 0.00799287 0.05630074 -0.01087355
v 0.00810601 0.05643002 -0.01069782
v 0.00827033 0.05644567 -0.01055883
v 0.01172328 0.05704625 -0.00440028
v 0.01157081 0.05734191 -0.00439069
v 0.01187467 0.05689843 -0.00410553
v 0.01213113 0.05665611 -0.00356476
v 0.01186120 0.05702365 -0.00388587
v 0.01187198 0.05704393 -0.00379401
v 0.01188383 0.05706538 -0.00369416
v 0.01175130 0.05695002 -0.00448575
v 0.01191778 0.05630074 -0.00508643
v 0.01189730 0.05634364 -0.00508643
v 0.01188545 0.05647002 -0.00489712
v 0.01191454 0.05638654 -0.00494265
v 0.01188707 0.05662306 -0.00460237
v 0.01159775 0.05709379 -0.00478609
v 0.01161445 0.05713611 -0.00464071
v 0.01176423 0.05668567 -0.00494105
v 0.01159559 0.05694017 -0.00508643
v 0.01150077 0.05712625 -0.00508643
v 0.01154333 0.05712046 -0.00493865
v 0.00742824 0.06173904 -0.00403604
v 0.00740184 0.06172107 -0.00418621
v 0.00736628 0.06169614 -0.00438670
v 0.00730971 0.06174657 -0.00433638
v 0.00718795 0.06182773 -0.00433638
v 0.00727254 0.06173382 -0.00448575
v 0.00724183 0.06171353 -0.00463592
v 0.00722567 0.06170310 -0.00471340
v 0.00705272 0.06183875 -0.00463592
v 0.00697729 0.06188570 -0.00463592
v 0.00684368 0.06196571 -0.00463911
v 0.00681028 0.06200455 -0.00456882
v 0.00681028 0.06202252 -0.00449613
v 0.00747080 0.06181556 -0.00356476
v 0.00739268 0.06186483 -0.00358553
v 0.00737921 0.06185498 -0.00367339
v 0.00736305 0.06184397 -0.00377404
v 0.00751929 0.06169846 -0.00394338
v 0.00681028 0.05796684 -0.01057321
v 0.00685499 0.05803235 -0.01049174
v 0.00696221 0.05799061 -0.01044061
v 0.00691426 0.05809090 -0.01040387
v 0.00735820 0.05763408 -0.01039908
v 0.00761250 0.05743930 -0.01034716
v 0.00794977 0.05702480 -0.01039269
v 0.00811463 0.05704046 -0.01025450
v 0.00816258 0.05694017 -0.01029124
v 0.00835600 0.05683292 -0.01022015
v 0.00840987 0.05673379 -0.01025051
v 0.00818575 0.05666016 -0.01047576
v 0.00829027 0.05661843 -0.01042464
v 0.00812594 0.05660219 -0.01056283
v 0.00815881 0.05630074 -0.01074335
v 0.00843196 0.05645958 -0.01041745
v 0.00838186 0.05630074 -0.01056283
v 0.00831074 0.05634538 -0.01059158
v 0.00819652 0.05630074 -0.01071300
v 0.00857366 0.05674886 -0.01011072
v 0.01158428 0.05721727 -0.00459358
v 0.01145821 0.05758191 -0.00433158
v 0.01155626 0.05746423 -0.00418621
v 0.01158320 0.05736510 -0.00429005
v 0.01154387 0.05727118 -0.00464071
v 0.01150185 0.05742655 -0.00448575
v 0.01172166 0.05719350 -0.00409355
v 0.01206540 0.05677901 -0.00356476
v 0.01173352 0.05721611 -0.00399370
v 0.01149646 0.05757669 -0.00418621
v 0.01174645 0.05723930 -0.00388587
v 0.01156866 0.05748800 -0.00407917
v 0.01170604 0.05731466 -0.00388587
v 0.01153741 0.05756626 -0.00403204
v 0.01171843 0.05733727 -0.00377244
v 0.01196842 0.05695930 -0.00356476
v 0.01204492 0.05681727 -0.00356476
v 0.01188814 0.05630074 -0.00519586
v 0.01185959 0.05641900 -0.00508643
v 0.01187198 0.05644335 -0.00499696
v 0.01188330 0.05631581 -0.00518707
v 0.01157135 0.05719234 -0.00469343
v 0.01170873 0.05671698 -0.00508643
v 0.01158212 0.05691350 -0.00518308
v 0.01145767 0.05713031 -0.00523260
v 0.01143127 0.05721089 -0.00517988
v 0.01144420 0.05723466 -0.00508643
v 0.01150293 0.05727640 -0.00478609
v 0.00758610 0.06159469 -0.00418621
v 0.00744063 0.06165788 -0.00433638
v 0.00755916 0.06157614 -0.00433638
v 0.00753869 0.06156222 -0.00444421
v 0.00734743 0.06168338 -0.00448575
v 0.00728547 0.06164454 -0.00477251
v 0.00720358 0.06168860 -0.00481325
v 0.00731672 0.06166252 -0.00463592
v 0.00715239 0.06173382 -0.00477251
v 0.00717448 0.06167063 -0.00493626
v 0.00709959 0.06171817 -0.00493626
v 0.00699885 0.06182310 -0.00479887
v 0.00681028 0.06197904 -0.00466148
v 0.00681028 0.06199353 -0.00460956
v 0.00756509 0.06175063 -0.00356476
v 0.00743740 0.06180281 -0.00372851
v 0.00755270 0.06172165 -0.00373570
v 0.00762812 0.06166947 -0.00373570
v 0.00771109 0.06157788 -0.00388587
v 0.00761465 0.06160744 -0.00404962
v 0.00681028 0.05798771 -0.01055803
v 0.00681405 0.05814249 -0.01044221
v 0.00681028 0.05821554 -0.01039109
v 0.00693096 0.05825786 -0.01026728
v 0.00737490 0.05780162 -0.01026249
v 0.00746434 0.05759176 -0.01034876
v 0.00790990 0.05728741 -0.01022974
v 0.00789104 0.05741669 -0.01014826
v 0.00833768 0.05696220 -0.01013948
v 0.00842711 0.05690306 -0.01011392
v 0.00767069 0.05749727 -0.01025929
v 0.00846429 0.05637610 -0.01044541
v 0.00856127 0.05630074 -0.01041106
v 0.00853810 0.05682596 -0.01007797
v 0.00858066 0.05690770 -0.00996774
v 0.00861353 0.05682596 -0.01000289
v 0.00872074 0.05674480 -0.00995736
v 0.00885705 0.05657495 -0.00994218
v 0.00889207 0.05647466 -0.00997972
v 0.00870835 0.05657727 -0.01009554
v 0.00874337 0.05647697 -0.01012909
v 0.00860868 0.05664915 -0.01014347
v 0.00858982 0.05647176 -0.01027607
v 0.00855265 0.05657205 -0.01024332
v 0.01144366 0.05753437 -0.00448575
v 0.01141672 0.05763582 -0.00437871
v 0.01143019 0.05765901 -0.00427887
v 0.01144474 0.05738481 -0.00478609
v 0.01145982 0.05743234 -0.00463272
v 0.01154872 0.05760220 -0.00388587
v 0.01159021 0.05752684 -0.00388587
v 0.01144097 0.05767698 -0.00418621
v 0.01145767 0.05770539 -0.00403604
v 0.01172813 0.05735524 -0.00367260
v 0.01190808 0.05706886 -0.00356476
v 0.01186444 0.05630074 -0.00527893
v 0.01160906 0.05683176 -0.00523420
v 0.01171843 0.05658654 -0.00528532
v 0.01153956 0.05696857 -0.00523420
v 0.01156758 0.05688509 -0.00528293
v 0.01159021 0.05677958 -0.00538597
v 0.01155195 0.05685437 -0.00538597
v 0.01144205 0.05708336 -0.00535961
v 0.01141565 0.05718307 -0.00527973
v 0.01140002 0.05731002 -0.00508643
v 0.01141672 0.05733669 -0.00498179
v 0.01143127 0.05736104 -0.00488194
v 0.00767446 0.06155179 -0.00410873
v 0.00766099 0.06154193 -0.00418621
v 0.00763405 0.06152223 -0.00433638
v 0.00749882 0.06153324 -0.00463592
v 0.00739268 0.06156512 -0.00478609
v 0.00742393 0.06158773 -0.00463592
v 0.00810170 0.06108454 -0.00463592
v 0.00807153 0.06106251 -0.00478609
v 0.00821699 0.06090889 -0.00493626
v 0.00730271 0.06158773 -0.00492268
v 0.00725153 0.06157150 -0.00508643
v 0.00713731 0.06164918 -0.00507524
v 0.00707858 0.06170483 -0.00501853
v 0.00692234 0.06185092 -0.00485718
v 0.00681028 0.06193846 -0.00479328
v 0.00765506 0.06168860 -0.00356476
v 0.00765183 0.06168628 -0.00358553
v 0.00782316 0.06157208 -0.00356476
v 0.00782370 0.06155121 -0.00365582
v 0.00803274 0.06142483 -0.00356476
v 0.00820945 0.06129614 -0.00358313
v 0.00681028 0.05815061 -0.01043902
v 0.00681028 0.05836220 -0.01028086
v 0.00683883 0.05831525 -0.01029444
v 0.00681028 0.05839409 -0.01025610
v 0.00681028 0.05843699 -0.01022255
v 0.00709367 0.05827061 -0.01012750
v 0.00724237 0.05811988 -0.01012590
v 0.00739053 0.05796800 -0.01012510
v 0.00753869 0.05781611 -0.01012350
v 0.00798317 0.05735988 -0.01011871
v 0.00827895 0.05705553 -0.01011551
v 0.00808338 0.05730770 -0.01007478
v 0.00837916 0.05700336 -0.01007078
v 0.00843466 0.05706133 -0.00997094
v 0.00848099 0.05695524 -0.01001966
v 0.00853918 0.05637610 -0.01038151
v 0.00856773 0.05630074 -0.01040547
v 0.00872721 0.05690364 -0.00981358
v 0.00848692 0.05711176 -0.00987428
v 0.00853918 0.05716278 -0.00977683
v 0.00858551 0.05706249 -0.00982236
v 0.00864693 0.05742249 -0.00943336
v 0.00875253 0.05768220 -0.00908989
v 0.00874283 0.05737205 -0.00938064
v 0.00869003 0.05716046 -0.00962586
v 0.00873798 0.05721611 -0.00952522
v 0.00873259 0.05706017 -0.00966980
v 0.00896480 0.05684451 -0.00960270
v 0.00891146 0.05679756 -0.00970175
v 0.00901167 0.05673205 -0.00964663
v 0.00904831 0.05663234 -0.00968737
v 0.00918462 0.05646364 -0.00967219
v 0.00916845 0.05630074 -0.00981358
v 0.00931069 0.05630074 -0.00966101
v 0.00902676 0.05630248 -0.00996375
v 0.00884304 0.05640393 -0.01007957
v 0.00887752 0.05630364 -0.01011392
v 0.00879617 0.05636277 -0.01015306
v 0.00869811 0.05637610 -0.01023693
v 0.00864908 0.05652451 -0.01018660
v 0.01143127 0.05751060 -0.00458080
v 0.01131813 0.05773206 -0.00448175
v 0.01128149 0.05781032 -0.00442904
v 0.01137686 0.05771582 -0.00433158
v 0.01141672 0.05748626 -0.00468145
v 0.01139948 0.05760916 -0.00448575
v 0.01139302 0.05775177 -0.00418621
v 0.01141241 0.05778075 -0.00403604
v 0.01146845 0.05773901 -0.00389226
v 0.01156219 0.05762771 -0.00373570
v 0.01160529 0.05755292 -0.00373570
v 0.01142265 0.05779698 -0.00394658
v 0.01174753 0.05735698 -0.00356476
v 0.01185528 0.05716394 -0.00356476
v 0.01185743 0.05630074 -0.00530289
v 0.01174106 0.05648103 -0.00538597
v 0.01172813 0.05645553 -0.00546904
v 0.01157728 0.05675466 -0.00546664
v 0.01152717 0.05681321 -0.00552495
v 0.01145174 0.05694886 -0.00553614
v 0.01142481 0.05705031 -0.00545945
v 0.01137847 0.05726712 -0.00523260
v 0.01140110 0.05713031 -0.00540035
v 0.01131544 0.05727988 -0.00538197
v 0.01128257 0.05736162 -0.00532925
v 0.01129927 0.05738539 -0.00523660
v 0.01131921 0.05743292 -0.00508403
v 0.00826548 0.06124512 -0.00363106
v 0.00786572 0.06143179 -0.00403604
v 0.00782423 0.06140164 -0.00425890
v 0.00780969 0.06139063 -0.00433638
v 0.00845513 0.06112396 -0.00356476
v 0.00846537 0.06111642 -0.00356476
v 0.00814480 0.06126657 -0.00388587
v 0.00843304 0.06110831 -0.00368218
v 0.00746757 0.06151005 -0.00478609
v 0.00829350 0.06081555 -0.00505527
v 0.00735497 0.06153730 -0.00496421
v 0.00797186 0.06124976 -0.00440188
v 0.00827626 0.06110309 -0.00411352
v 0.00837970 0.06091758 -0.00448575
v 0.00843196 0.06080744 -0.00472858
v 0.00846213 0.06067990 -0.00508643
v 0.00831720 0.06083352 -0.00493626
v 0.00834630 0.06076338 -0.00509761
v 0.00732641 0.06151701 -0.00508643
v 0.00723051 0.06155643 -0.00517269
v 0.00715185 0.06158657 -0.00522781
v 0.00704949 0.06168744 -0.00511838
v 0.00682482 0.06188223 -0.00493626
v 0.00689971 0.06183817 -0.00493626
v 0.00681028 0.06189904 -0.00491070
v 0.00823423 0.06128280 -0.00356476
v 0.00681028 0.05853380 -0.01014587
v 0.00681028 0.05856394 -0.01012190
v 0.00704356 0.05837090 -0.01008596
v 0.00719388 0.05821959 -0.01008516
v 0.00749074 0.05791582 -0.01008196
v 0.00763890 0.05776394 -0.01008037
v 0.00774072 0.05771698 -0.01002925
v 0.00799071 0.05751756 -0.00997653
v 0.00813833 0.05736568 -0.00997493
v 0.00823854 0.05731350 -0.00992780
v 0.00833929 0.05726481 -0.00987668
v 0.00839155 0.05731640 -0.00978003
v 0.00844381 0.05737089 -0.00968018
v 0.00854834 0.05747292 -0.00948608
v 0.00872128 0.05630074 -0.01026249
v 0.00888937 0.05736858 -0.00922728
v 0.00891092 0.05711350 -0.00942777
v 0.00901760 0.05689147 -0.00950365
v 0.00854402 0.05731756 -0.00963146
v 0.00859467 0.05737263 -0.00953161
v 0.00870781 0.05778249 -0.00904436
v 0.00886136 0.05793612 -0.00874801
v 0.00889961 0.05768046 -0.00893812
v 0.00889476 0.05752452 -0.00908270
v 0.00905531 0.05679118 -0.00954679
v 0.00910165 0.05667814 -0.00958912
v 0.00932901 0.05645553 -0.00951563
v 0.00935756 0.05637610 -0.00954838
v 0.00902730 0.05630074 -0.00996375
v 0.00944753 0.05630074 -0.00950765
v 0.00888075 0.05630074 -0.01011232
v 0.01129873 0.05768510 -0.00463592
v 0.01126479 0.05778597 -0.00452968
v 0.01129658 0.05783061 -0.00433638
v 0.01116512 0.05788104 -0.00462873
v 0.01112956 0.05795756 -0.00457361
v 0.01114411 0.05797785 -0.00448575
v 0.01130951 0.05787988 -0.00417103
v 0.01131867 0.05758249 -0.00478369
v 0.01127557 0.05795177 -0.00411112
v 0.01143289 0.05781206 -0.00384673
v 0.01150454 0.05772626 -0.00373570
v 0.01157135 0.05764336 -0.00363505
v 0.01159990 0.05761553 -0.00356476
v 0.01161283 0.05758655 -0.00358553
v 0.01169580 0.05744800 -0.00356476
v 0.01173837 0.05737321 -0.00356476
v 0.01124755 0.05806249 -0.00388587
v 0.01126425 0.05808568 -0.00373570
v 0.01127341 0.05809843 -0.00365023
v 0.01183211 0.05630074 -0.00538597
v 0.01175076 0.05637437 -0.00552575
v 0.01181541 0.05630074 -0.00543869
v 0.01159936 0.05667292 -0.00552495
v 0.01158590 0.05662132 -0.00563918
v 0.01154118 0.05667292 -0.00568790
v 0.01143396 0.05691582 -0.00563199
v 0.01140972 0.05702365 -0.00553614
v 0.01133483 0.05714017 -0.00554972
v 0.01129550 0.05723176 -0.00550898
v 0.01126318 0.05733205 -0.00542910
v 0.01112956 0.05750771 -0.00547144
v 0.01114572 0.05753089 -0.00538597
v 0.01096147 0.05778075 -0.00542191
v 0.01111394 0.05763466 -0.00527813
v 0.01122708 0.05756800 -0.00508403
v 0.01129927 0.05753553 -0.00493626
v 0.00831936 0.06122193 -0.00356476
v 0.00833929 0.06120338 -0.00358313
v 0.00791313 0.06131005 -0.00434596
v 0.00853002 0.06106773 -0.00356476
v 0.00852625 0.06106483 -0.00358553
v 0.00849015 0.06105034 -0.00373330
v 0.00819921 0.06087642 -0.00508403
v 0.00827249 0.06079990 -0.00515512
v 0.00825363 0.06078657 -0.00523660
v 0.00844220 0.06096512 -0.00415585
v 0.00850685 0.06099584 -0.00387868
v 0.00849554 0.06091237 -0.00419819
v 0.00851224 0.06085787 -0.00434277
v 0.00844974 0.06082077 -0.00463592
v 0.00855965 0.06063990 -0.00497060
v 0.00853702 0.06062251 -0.00508643
v 0.00844004 0.06066309 -0.00519506
v 0.00841795 0.06064628 -0.00529491
v 0.00739915 0.06142019 -0.00521104
v 0.00768793 0.06111179 -0.00548741
v 0.00730271 0.06147933 -0.00524139
v 0.00749559 0.06123179 -0.00553614
v 0.00735443 0.06138831 -0.00538597
v 0.00727954 0.06144106 -0.00538597
v 0.00720304 0.06153788 -0.00527254
v 0.00710283 0.06156976 -0.00535402
v 0.00699938 0.06167063 -0.00524219
v 0.00694928 0.06171643 -0.00519586
v 0.00681028 0.06184744 -0.00505368
v 0.00681028 0.06189034 -0.00493546
v 0.00681028 0.05864163 -0.01005321
v 0.00695197 0.05857728 -0.00998611
v 0.00699777 0.05847467 -0.01003564
v 0.00714754 0.05832394 -0.01003564
v 0.00739807 0.05812568 -0.00998372
v 0.00754623 0.05797380 -0.00998212
v 0.00779460 0.05776974 -0.00993339
v 0.00829134 0.05736858 -0.00982795
v 0.00840071 0.05762597 -0.00948848
v 0.00845297 0.05768046 -0.00938863
v 0.00850954 0.05788626 -0.00914580
v 0.00855696 0.05778249 -0.00919453
v 0.00860814 0.05783698 -0.00909468
v 0.00899982 0.05762017 -0.00888460
v 0.00902353 0.05704857 -0.00935987
v 0.00903430 0.05736336 -0.00907231
v 0.00902891 0.05720625 -0.00921609
v 0.00910811 0.05683640 -0.00944614
v 0.00871212 0.05793727 -0.00889898
v 0.00871643 0.05809148 -0.00875280
v 0.00886567 0.05809090 -0.00860104
v 0.00890931 0.05799119 -0.00864737
v 0.00895672 0.05788394 -0.00869369
v 0.00900467 0.05777669 -0.00873922
v 0.00915552 0.05672393 -0.00948848
v 0.00919216 0.05662422 -0.00953081
v 0.00929237 0.05655582 -0.00947330
v 0.00947178 0.05644567 -0.00935748
v 0.00950788 0.05634596 -0.00939981
v 0.00946154 0.05630074 -0.00949167
v 0.01128257 0.05766133 -0.00473177
v 0.01122654 0.05771756 -0.00478369
v 0.01113118 0.05780974 -0.00487795
v 0.01114680 0.05783177 -0.00478609
v 0.01109077 0.05805264 -0.00448575
v 0.01101588 0.05815757 -0.00448575
v 0.01097440 0.05825032 -0.00440747
v 0.01111394 0.05808568 -0.00433638
v 0.01126156 0.05793148 -0.00421097
v 0.01111286 0.05793380 -0.00467346
v 0.01099056 0.05812220 -0.00463592
v 0.01112525 0.05810133 -0.00425969
v 0.01109023 0.05817322 -0.00419979
v 0.01113926 0.05812104 -0.00415985
v 0.01110101 0.05821786 -0.00403604
v 0.01115542 0.05814307 -0.00403604
v 0.01111555 0.05823757 -0.00391542
v 0.01144312 0.05782771 -0.00373570
v 0.01126695 0.05813206 -0.00356476
v 0.01129766 0.05808742 -0.00356476
v 0.01140649 0.05792278 -0.00358553
v 0.01153741 0.05771582 -0.00358553
v 0.01153848 0.05771988 -0.00356476
v 0.01112687 0.05825322 -0.00381558
v 0.01109885 0.05836394 -0.00358553
v 0.01123570 0.05816858 -0.00359432
v 0.01115219 0.05828916 -0.00358553
v 0.01178739 0.05630074 -0.00552655
v 0.01175615 0.05630074 -0.00561921
v 0.01171143 0.05642306 -0.00556889
v 0.01169365 0.05637437 -0.00569030
v 0.01171520 0.05630074 -0.00573423
v 0.01156758 0.05658480 -0.00573903
v 0.01146090 0.05682828 -0.00568391
v 0.01141349 0.05687988 -0.00573184
v 0.01138009 0.05696973 -0.00568391
v 0.01127449 0.05719930 -0.00560883
v 0.01114195 0.05737669 -0.00565036
v 0.01110963 0.05747698 -0.00557208
v 0.01097655 0.05765263 -0.00561362
v 0.01099110 0.05767466 -0.00553614
v 0.01093992 0.05774945 -0.00553614
v 0.01080792 0.05792626 -0.00556330
v 0.01082624 0.05795235 -0.00546265
v 0.01091837 0.05786481 -0.00537798
v 0.01097925 0.05780684 -0.00532207
v 0.01109562 0.05775814 -0.00508643
v 0.01111448 0.05778481 -0.00497779
v 0.00861299 0.06100280 -0.00356476
v 0.00862215 0.06099005 -0.00358553
v 0.00858012 0.06095584 -0.00382356
v 0.00856989 0.06079816 -0.00439708
v 0.00862969 0.06054715 -0.00508643
v 0.00859413 0.06066657 -0.00478609
v 0.00866902 0.06060628 -0.00478609
v 0.00873960 0.06051410 -0.00489951
v 0.00859952 0.06052222 -0.00523660
v 0.00849446 0.06060512 -0.00524139
v 0.00858012 0.06050657 -0.00532127
v 0.00839371 0.06062773 -0.00538597
v 0.00812433 0.06080106 -0.00545945
v 0.00766260 0.06109324 -0.00558726
v 0.00737436 0.06140222 -0.00531088
v 0.00742070 0.06128454 -0.00553614
v 0.00756132 0.06112802 -0.00568631
v 0.00724829 0.06141846 -0.00550019
v 0.00753599 0.06111005 -0.00577976
v 0.00715185 0.06152165 -0.00539715
v 0.00706942 0.06154947 -0.00545466
v 0.00681028 0.06179237 -0.00519346
v 0.00681028 0.05871873 -0.00997972
v 0.00705164 0.05852858 -0.00994058
v 0.00710444 0.05858018 -0.00984074
v 0.00720088 0.05837728 -0.00993978
v 0.00740238 0.05827989 -0.00983834
v 0.00755054 0.05812858 -0.00983674
v 0.00769924 0.05797669 -0.00983514
v 0.00805213 0.05787872 -0.00958912
v 0.00835276 0.05772916 -0.00943975
v 0.00846159 0.05798945 -0.00909708
v 0.00856558 0.05809148 -0.00890217
v 0.00856127 0.05793727 -0.00904835
v 0.00861191 0.05799177 -0.00894850
v 0.00861622 0.05814597 -0.00880233
v 0.00904508 0.05767640 -0.00878396
v 0.00903969 0.05751988 -0.00892853
v 0.00913990 0.05713843 -0.00914580
v 0.00914206 0.05727640 -0.00902279
v 0.00919809 0.05678190 -0.00938863
v 0.00856935 0.05824568 -0.00875600
v 0.00871805 0.05824394 -0.00860343
v 0.00881449 0.05819177 -0.00855231
v 0.00886351 0.05823988 -0.00844847
v 0.00891039 0.05813959 -0.00850119
v 0.00901060 0.05808336 -0.00844368
v 0.00895995 0.05803699 -0.00854672
v 0.00900898 0.05793206 -0.00859225
v 0.00904885 0.05783177 -0.00863938
v 0.00933493 0.05661379 -0.00937345
v 0.00950626 0.05652625 -0.00924804
v 0.00956121 0.05639060 -0.00929917
v 0.00964957 0.05633553 -0.00924085
v 0.00959677 0.05630074 -0.00933192
v 0.01107299 0.05786655 -0.00493146
v 0.01109400 0.05790655 -0.00478609
v 0.01096147 0.05823235 -0.00448575
v 0.01085156 0.05843525 -0.00433638
v 0.01094907 0.05836742 -0.00418621
v 0.01100672 0.05829264 -0.00418621
v 0.01086072 0.05829786 -0.00463592
v 0.01081923 0.05839351 -0.00454166
v 0.01054177 0.05872279 -0.00460876
v 0.01022497 0.05915177 -0.00456003
v 0.01036398 0.05898772 -0.00452409
v 0.01099325 0.05797611 -0.00493626
v 0.01097709 0.05810365 -0.00471500
v 0.01093561 0.05819757 -0.00463592
v 0.01101804 0.05833380 -0.00402725
v 0.01098894 0.05841960 -0.00388587
v 0.01100672 0.05844394 -0.00373570
v 0.01100834 0.05849554 -0.00356476
v 0.01101480 0.05848336 -0.00357515
v 0.01145605 0.05784800 -0.00358553
v 0.01146845 0.05783408 -0.00356476
v 0.01115381 0.05829206 -0.00356476
v 0.01140810 0.05792568 -0.00356476
v 0.01145120 0.05786075 -0.00356476
v 0.01101750 0.05848278 -0.00356476
v 0.01110047 0.05836684 -0.00356476
v 0.01114680 0.05830191 -0.00356476
v 0.01174375 0.05630074 -0.00565436
v 0.01170604 0.05630074 -0.00575660
v 0.01159290 0.05648509 -0.00580053
v 0.01144151 0.05678017 -0.00579654
v 0.01139302 0.05682828 -0.00584287
v 0.01129065 0.05692625 -0.00594191
v 0.01131166 0.05697611 -0.00583168
v 0.01128311 0.05706307 -0.00577817
v 0.01130304 0.05709669 -0.00568631
v 0.01113064 0.05720915 -0.00592195
v 0.01114950 0.05723930 -0.00583648
v 0.01110262 0.05731408 -0.00583648
v 0.01112094 0.05734423 -0.00575021
v 0.01109077 0.05742655 -0.00569509
v 0.01085533 0.05769669 -0.00583648
v 0.01095608 0.05762133 -0.00571347
v 0.01082300 0.05779756 -0.00575420
v 0.01084240 0.05782597 -0.00565436
v 0.01063497 0.05802307 -0.00584207
v 0.01079122 0.05787640 -0.00569749
v 0.01070986 0.05800046 -0.00568631
v 0.01055416 0.05814307 -0.00583648
v 0.01065760 0.05807583 -0.00568631
v 0.01067269 0.05809785 -0.00560323
v 0.01083971 0.05797148 -0.00538597
v 0.01096147 0.05793206 -0.00512077
v 0.01099433 0.05782829 -0.00523660
v 0.01101373 0.05787988 -0.00507684
v 0.00864046 0.06098077 -0.00356476
v 0.00870081 0.06093208 -0.00356476
v 0.00885974 0.06078947 -0.00361428
v 0.00883873 0.06077265 -0.00373570
v 0.00867063 0.06090831 -0.00373570
v 0.00868357 0.06076860 -0.00418621
v 0.00860868 0.06082831 -0.00418621
v 0.00870458 0.06048396 -0.00508643
v 0.00871481 0.06064338 -0.00453208
v 0.00887644 0.06050251 -0.00456403
v 0.00885812 0.06048686 -0.00466387
v 0.00883550 0.06046773 -0.00478609
v 0.00879401 0.06045323 -0.00494425
v 0.00885974 0.06033787 -0.00512077
v 0.00867441 0.06045729 -0.00523660
v 0.00889476 0.06021903 -0.00534683
v 0.00864531 0.06042309 -0.00537798
v 0.00855318 0.06048280 -0.00542111
v 0.00845351 0.06052512 -0.00551058
v 0.00850200 0.06054483 -0.00537718
v 0.00883550 0.06031700 -0.00523660
v 0.00835761 0.06058367 -0.00554972
v 0.00826225 0.06064164 -0.00558886
v 0.00829027 0.06066367 -0.00548821
v 0.00810331 0.06078541 -0.00553614
v 0.00783070 0.06095584 -0.00562081
v 0.00763674 0.06107411 -0.00568631
v 0.00721758 0.06139759 -0.00560004
v 0.00770247 0.06097324 -0.00580852
v 0.00757479 0.06098947 -0.00598665
v 0.00750475 0.06108802 -0.00587961
v 0.00740507 0.06112222 -0.00595869
v 0.00745302 0.06114367 -0.00583248
v 0.00736143 0.06124338 -0.00573982
v 0.00711252 0.06142541 -0.00568631
v 0.00708235 0.06140686 -0.00577178
v 0.00704356 0.06138541 -0.00587242
v 0.00698807 0.06149962 -0.00567592
v 0.00693042 0.06155527 -0.00561921
v 0.00685769 0.06168281 -0.00540114
v 0.00681028 0.06169382 -0.00543469
v 0.00681028 0.05873554 -0.00996215
v 0.00720088 0.05898076 -0.00933990
v 0.00720358 0.05883235 -0.00949167
v 0.00725745 0.05873264 -0.00954359
v 0.00720519 0.05868279 -0.00964344
v 0.00720411 0.05853090 -0.00979281
v 0.00740615 0.05843351 -0.00969216
v 0.00715239 0.05847989 -0.00989026
v 0.00725637 0.05858308 -0.00969216
v 0.00750852 0.05853554 -0.00949646
v 0.00730702 0.05863409 -0.00959391
v 0.00735335 0.05838018 -0.00979201
v 0.00750636 0.05838249 -0.00964424
v 0.00796000 0.05823641 -0.00934789
v 0.00780322 0.05807930 -0.00964184
v 0.00810870 0.05808452 -0.00934629
v 0.00825686 0.05793264 -0.00934470
v 0.00841364 0.05808974 -0.00905075
v 0.00851763 0.05819467 -0.00885345
v 0.00914529 0.05761089 -0.00872485
v 0.00909249 0.05756510 -0.00882709
v 0.00947771 0.05660393 -0.00921450
v 0.00930368 0.05687176 -0.00918574
v 0.00913990 0.05745379 -0.00886943
v 0.00920563 0.05727640 -0.00894770
v 0.00841742 0.05824336 -0.00890377
v 0.00771109 0.05843757 -0.00939662
v 0.00811517 0.05839177 -0.00905234
v 0.00826710 0.05839351 -0.00890377
v 0.00841849 0.05839525 -0.00875520
v 0.00851924 0.05834481 -0.00870568
v 0.00856827 0.05839525 -0.00860423
v 0.00861784 0.05829496 -0.00865615
v 0.00866632 0.05834307 -0.00855391
v 0.00876384 0.05829090 -0.00850359
v 0.00871481 0.05839061 -0.00845007
v 0.00890769 0.05828510 -0.00834862
v 0.00900790 0.05823235 -0.00829031
v 0.00905046 0.05813206 -0.00834303
v 0.00915067 0.05806945 -0.00827833
v 0.00918947 0.05796974 -0.00832945
v 0.00904993 0.05798307 -0.00849240
v 0.00909949 0.05787524 -0.00853554
v 0.00914906 0.05776568 -0.00857787
v 0.00918570 0.05766597 -0.00862500
v 0.00961401 0.05643523 -0.00919852
v 0.00979073 0.05632277 -0.00908110
v 0.00969752 0.05630074 -0.00921210
v 0.01082300 0.05824858 -0.00485398
v 0.01084024 0.05827119 -0.00475414
v 0.01037906 0.05900685 -0.00442424
v 0.01057733 0.05878655 -0.00433638
v 0.01067215 0.05869786 -0.00425011
v 0.01082624 0.05855235 -0.00411272
v 0.01096524 0.05838829 -0.00407198
v 0.01080307 0.05837264 -0.00463592
v 0.01065060 0.05836974 -0.00508643
v 0.01060265 0.05862945 -0.00464231
v 0.01034566 0.05896395 -0.00463592
v 0.01024437 0.05902598 -0.00478609
v 0.01021150 0.05913496 -0.00463592
v 0.01013069 0.05923641 -0.00463831
v 0.01008543 0.05931409 -0.00458959
v 0.01010214 0.05933554 -0.00448575
v 0.01018672 0.05922366 -0.00450092
v 0.01095985 0.05807988 -0.00481484
v 0.01082516 0.05810075 -0.00515991
v 0.01080900 0.05822887 -0.00493626
v 0.01097817 0.05840568 -0.00397214
v 0.01096524 0.05853786 -0.00361828
v 0.01091837 0.05861496 -0.00356476
v 0.01166725 0.05630074 -0.00584606
v 0.01162469 0.05638538 -0.00584526
v 0.01154926 0.05653147 -0.00584526
v 0.01147168 0.05668335 -0.00584287
v 0.01141888 0.05673785 -0.00589638
v 0.01126048 0.05702654 -0.00587801
v 0.01132136 0.05683060 -0.00598984
v 0.01126587 0.05688393 -0.00604176
v 0.01116620 0.05697785 -0.00613602
v 0.01111286 0.05702886 -0.00618554
v 0.01113710 0.05707060 -0.00608569
v 0.01110747 0.05717089 -0.00602179
v 0.01097709 0.05735350 -0.00606413
v 0.01099433 0.05738075 -0.00598665
v 0.01094638 0.05745611 -0.00598665
v 0.01102504 0.05743350 -0.00583967
v 0.01083486 0.05766539 -0.00593313
v 0.01069963 0.05783814 -0.00598665
v 0.01065060 0.05791293 -0.00598665
v 0.01051537 0.05808626 -0.00603617
v 0.01053476 0.05811583 -0.00593552
v 0.01050028 0.05821786 -0.00583648
v 0.01051860 0.05824278 -0.00574302
v 0.01057787 0.05818655 -0.00569030
v 0.01068993 0.05812220 -0.00550339
v 0.01081169 0.05808278 -0.00523660
v 0.00881502 0.06083932 -0.00356476
v 0.00900629 0.06063584 -0.00373570
v 0.00893194 0.06074367 -0.00356476
v 0.00894864 0.06072570 -0.00358074
v 0.00874229 0.06081555 -0.00385791
v 0.00890500 0.06067584 -0.00388587
v 0.00885166 0.06063294 -0.00418621
v 0.00871050 0.06079005 -0.00403604
v 0.00874983 0.06067178 -0.00433638
v 0.00887914 0.06035468 -0.00502093
v 0.00903430 0.06035990 -0.00458560
v 0.00894594 0.06042367 -0.00462474
v 0.00891631 0.06053613 -0.00433638
v 0.00902891 0.06050483 -0.00412151
v 0.00899120 0.06047294 -0.00433638
v 0.00896480 0.06045033 -0.00448575
v 0.00889476 0.06036859 -0.00493626
v 0.00901652 0.06019352 -0.00513915
v 0.00903646 0.06021149 -0.00503930
v 0.00899605 0.06017497 -0.00523660
v 0.00904831 0.06007410 -0.00535402
v 0.00895834 0.06013439 -0.00540035
v 0.00886728 0.06019468 -0.00544667
v 0.00871104 0.06033903 -0.00543469
v 0.00860706 0.06037961 -0.00553614
v 0.00850200 0.06046367 -0.00555052
v 0.00842442 0.06050135 -0.00561042
v 0.00813349 0.06065845 -0.00577577
v 0.00815935 0.06067816 -0.00568631
v 0.00799664 0.06081845 -0.00564956
v 0.00775150 0.06099179 -0.00567752
v 0.00733072 0.06122309 -0.00583648
v 0.00722944 0.06125498 -0.00591875
v 0.00719442 0.06123411 -0.00601860
v 0.00780214 0.06093497 -0.00572145
v 0.00804782 0.06075990 -0.00569429
v 0.00767284 0.06095063 -0.00590837
v 0.00754354 0.06096628 -0.00608889
v 0.00745302 0.06107121 -0.00599943
v 0.00737275 0.06110077 -0.00605854
v 0.00727254 0.06113382 -0.00613682
v 0.00709421 0.06126367 -0.00608729
v 0.00690241 0.06139063 -0.00603457
v 0.00681028 0.06152048 -0.00585085
v 0.00681028 0.06155585 -0.00576938
v 0.00689055 0.06153440 -0.00571906
v 0.00705488 0.06124164 -0.00618714
v 0.00684961 0.06163179 -0.00553614
v 0.00681028 0.06166831 -0.00549700
v 0.00681028 0.05886366 -0.00982556
v 0.00719819 0.05912859 -0.00918734
v 0.00725584 0.05888047 -0.00939182
v 0.00725153 0.05917554 -0.00908749
v 0.00735120 0.05913090 -0.00903956
v 0.00735389 0.05898250 -0.00919213
v 0.00740885 0.05873438 -0.00939502
v 0.00735766 0.05868510 -0.00949487
v 0.00740777 0.05888279 -0.00924405
v 0.00811247 0.05823873 -0.00920012
v 0.00776174 0.05848858 -0.00929837
v 0.00831343 0.05814133 -0.00909867
v 0.00931877 0.05734191 -0.00875360
v 0.00931392 0.05718596 -0.00889818
v 0.00918192 0.05751060 -0.00876958
v 0.00948255 0.05676103 -0.00906992
v 0.00776228 0.05863873 -0.00914900
v 0.00791367 0.05863989 -0.00900042
v 0.00811463 0.05869206 -0.00875200
v 0.00841742 0.05854424 -0.00860343
v 0.00846860 0.05844394 -0.00865535
v 0.00841418 0.05869148 -0.00845007
v 0.00856504 0.05854134 -0.00845007
v 0.00860975 0.05858597 -0.00835022
v 0.00875899 0.05843583 -0.00834942
v 0.00885920 0.05838481 -0.00829191
v 0.00909895 0.05817438 -0.00823440
v 0.00904723 0.05827467 -0.00819047
v 0.00918731 0.05811699 -0.00817848
v 0.00932631 0.05795235 -0.00816251
v 0.00935056 0.05786307 -0.00822242
v 0.00932685 0.05780336 -0.00831348
v 0.00923849 0.05786075 -0.00837179
v 0.00918785 0.05781843 -0.00847803
v 0.00932524 0.05765090 -0.00846125
v 0.00932254 0.05749727 -0.00860823
v 0.00951542 0.05681727 -0.00898045
v 0.00965442 0.05649205 -0.00909867
v 0.00982144 0.05630074 -0.00906193
v 0.00945508 0.05717321 -0.00873683
v 0.00962694 0.05690422 -0.00876399
v 0.00979450 0.05647871 -0.00893652
v 0.00984299 0.05636509 -0.00897726
v 0.01067107 0.05824568 -0.00529890
v 0.01068831 0.05826887 -0.00519905
v 0.01057463 0.05833438 -0.00538437
v 0.01025838 0.05919467 -0.00433638
v 0.01053315 0.05886192 -0.00428685
v 0.01036882 0.05914366 -0.00408556
v 0.01064359 0.05881090 -0.00403604
v 0.01070232 0.05873612 -0.00403604
v 0.01091783 0.05846423 -0.00402725
v 0.01007681 0.05945323 -0.00426529
v 0.01070232 0.05843641 -0.00478609
v 0.01051537 0.05838945 -0.00543389
v 0.01054985 0.05843351 -0.00523660
v 0.01048789 0.05877438 -0.00464950
v 0.01049166 0.05850829 -0.00523660
v 0.01035158 0.05882192 -0.00493626
v 0.01022928 0.05900685 -0.00487156
v 0.01018511 0.05910134 -0.00478609
v 0.01007143 0.05914714 -0.00500016
v 0.01006712 0.05929149 -0.00468944
v 0.01000570 0.05938250 -0.00464950
v 0.00996637 0.05949960 -0.00448575
v 0.01004125 0.05941033 -0.00448575
v 0.01006119 0.05943409 -0.00436593
v 0.01072172 0.05876105 -0.00388587
v 0.01085587 0.05859003 -0.00388587
v 0.01081277 0.05868568 -0.00376206
v 0.01083809 0.05871815 -0.00356476
v 0.01091729 0.05861322 -0.00357515
v 0.01157081 0.05644161 -0.00590038
v 0.01160906 0.05630074 -0.00597067
v 0.01159667 0.05634132 -0.00595390
v 0.01144474 0.05663814 -0.00595070
v 0.01142050 0.05659118 -0.00605055
v 0.01139894 0.05668335 -0.00599543
v 0.01097063 0.05674132 -0.00680220
v 0.01099541 0.05678712 -0.00670155
v 0.01102396 0.05683292 -0.00659212
v 0.01099218 0.05693031 -0.00654579
v 0.01101804 0.05697901 -0.00643716
v 0.01098840 0.05707292 -0.00638763
v 0.01095931 0.05717321 -0.00632852
v 0.01098356 0.05721495 -0.00622868
v 0.01100026 0.05726944 -0.00612324
v 0.01081331 0.05763234 -0.00603298
v 0.01095285 0.05731466 -0.00616477
v 0.01084833 0.05738771 -0.00628699
v 0.01066622 0.05763640 -0.00634210
v 0.01063497 0.05772510 -0.00629018
v 0.01055093 0.05787003 -0.00627261
v 0.01065814 0.05777379 -0.00617356
v 0.01068077 0.05780974 -0.00607371
v 0.01054285 0.05797843 -0.00613682
v 0.01041085 0.05817496 -0.00612324
v 0.01047442 0.05817032 -0.00598585
v 0.01049328 0.05805322 -0.00613682
v 0.01041731 0.05832858 -0.00582529
v 0.01039415 0.05827409 -0.00598665
v 0.01039415 0.05842481 -0.00568631
v 0.01041300 0.05847815 -0.00552256
v 0.01049705 0.05836568 -0.00553614
v 0.01053638 0.05826597 -0.00564317
v 0.00902083 0.06064802 -0.00364703
v 0.00910757 0.06055062 -0.00372531
v 0.00906824 0.06053961 -0.00388587
v 0.00904346 0.06051758 -0.00403604
v 0.00897989 0.06061439 -0.00388587
v 0.00898958 0.06069613 -0.00356476
v 0.00894217 0.06060106 -0.00403923
v 0.00896965 0.06030367 -0.00493626
v 0.00905208 0.06037497 -0.00448575
v 0.00912697 0.06030946 -0.00448575
v 0.00919162 0.06021613 -0.00460556
v 0.00895726 0.06054831 -0.00417742
v 0.00915283 0.06033207 -0.00433638
v 0.00907794 0.06039758 -0.00433638
v 0.00910326 0.06012975 -0.00509282
v 0.00907579 0.06010019 -0.00523660
v 0.00905585 0.06022830 -0.00493626
v 0.00917330 0.06019990 -0.00470541
v 0.00915822 0.06018656 -0.00478609
v 0.00913074 0.06016048 -0.00493626
v 0.00919539 0.05992279 -0.00535162
v 0.00917061 0.05989671 -0.00545147
v 0.00902137 0.06004743 -0.00545386
v 0.00915067 0.06002598 -0.00523660
v 0.00892278 0.06009613 -0.00553614
v 0.00873852 0.06021323 -0.00563439
v 0.00876653 0.06023874 -0.00553614
v 0.00870943 0.06018714 -0.00573423
v 0.00868195 0.06031352 -0.00553614
v 0.00858228 0.06035758 -0.00562320
v 0.00850146 0.06039932 -0.00567832
v 0.00840125 0.06048164 -0.00568631
v 0.00829404 0.06051816 -0.00579254
v 0.00810331 0.06063410 -0.00587562
v 0.00724021 0.06111237 -0.00623427
v 0.00714647 0.06121092 -0.00613682
v 0.00734743 0.06108280 -0.00613682
v 0.00800310 0.06067352 -0.00595310
v 0.00760819 0.06088338 -0.00614880
v 0.00750906 0.06094019 -0.00618954
v 0.00740938 0.06097787 -0.00625903
v 0.00745572 0.06100512 -0.00613841
v 0.00715185 0.06114193 -0.00628539
v 0.00681028 0.06141498 -0.00608969
v 0.00681028 0.06159411 -0.00567672
v 0.00710337 0.06111816 -0.00639402
v 0.00681028 0.06134367 -0.00624545
v 0.00681028 0.06138077 -0.00616477
v 0.00681028 0.06139179 -0.00614081
v 0.00681028 0.05888511 -0.00980239
v 0.00709798 0.05917091 -0.00923287
v 0.00724722 0.05931989 -0.00893253
v 0.00739591 0.05946888 -0.00863139
v 0.00734743 0.05927757 -0.00888620
v 0.00740400 0.05917786 -0.00893972
v 0.00755593 0.05918018 -0.00879194
v 0.00750367 0.05913264 -0.00889179
v 0.00755916 0.05888453 -0.00909548
v 0.00771217 0.05873728 -0.00909787
v 0.00765614 0.05913438 -0.00874322
v 0.00935918 0.05739756 -0.00865296
v 0.00796324 0.05869090 -0.00890058
v 0.00801496 0.05873960 -0.00880073
v 0.00801334 0.05888859 -0.00864896
v 0.00826548 0.05869264 -0.00860183
v 0.00836569 0.05864221 -0.00855311
v 0.00815881 0.05903467 -0.00834703
v 0.00830966 0.05888627 -0.00834862
v 0.00845944 0.05873612 -0.00835022
v 0.00831451 0.05874018 -0.00850199
v 0.00855965 0.05868626 -0.00829351
v 0.00870943 0.05853612 -0.00829271
v 0.00889907 0.05842597 -0.00819206
v 0.00914744 0.05821728 -0.00811858
v 0.00899874 0.05837496 -0.00812257
v 0.00908979 0.05831583 -0.00807065
v 0.00917977 0.05825670 -0.00801873
v 0.00932093 0.05809612 -0.00800515
v 0.00929399 0.05806075 -0.00808663
v 0.00943029 0.05787930 -0.00809222
v 0.00946478 0.05778713 -0.00814573
v 0.00950195 0.05768742 -0.00819686
v 0.00946370 0.05763524 -0.00829670
v 0.00935541 0.05772626 -0.00835022
v 0.00929722 0.05772626 -0.00842531
v 0.00949764 0.05738249 -0.00849081
v 0.00946154 0.05748220 -0.00844368
v 0.00945885 0.05732857 -0.00859065
v 0.00949548 0.05722886 -0.00863618
v 0.00992973 0.05630828 -0.00891815
v 0.00986993 0.05630074 -0.00900042
v 0.00976271 0.05673321 -0.00874561
v 0.01032411 0.05921670 -0.00403604
v 0.01039469 0.05917670 -0.00388587
v 0.01042647 0.05908685 -0.00403604
v 0.01053423 0.05901322 -0.00384433
v 0.01066299 0.05883583 -0.00388587
v 0.00993620 0.05961323 -0.00429244
v 0.01002563 0.05954134 -0.00418621
v 0.01008705 0.05946656 -0.00418621
v 0.01024114 0.05932163 -0.00403604
v 0.01038984 0.05856974 -0.00538597
v 0.01035697 0.05867931 -0.00523660
v 0.01035697 0.05852916 -0.00556250
v 0.01007304 0.05899931 -0.00530529
v 0.01005419 0.05912685 -0.00508643
v 0.00994428 0.05932279 -0.00493626
v 0.00992434 0.05945091 -0.00470941
v 0.00997391 0.05935815 -0.00478609
v 0.01004880 0.05927004 -0.00478609
v 0.00994374 0.05947294 -0.00460956
v 0.00991788 0.05959352 -0.00439229
v 0.01077936 0.05879293 -0.00356476
v 0.01155303 0.05638538 -0.00599703
v 0.01147653 0.05653495 -0.00599543
v 0.01156488 0.05630074 -0.00606093
v 0.01142157 0.05644335 -0.00620391
v 0.01112148 0.05659292 -0.00665362
v 0.01097116 0.05659234 -0.00695316
v 0.01087688 0.05668451 -0.00704502
v 0.01084509 0.05678712 -0.00700029
v 0.01087473 0.05683292 -0.00689246
v 0.01084294 0.05693147 -0.00684613
v 0.01094800 0.05683292 -0.00674548
v 0.01096739 0.05688683 -0.00664564
v 0.01086934 0.05697959 -0.00673829
v 0.01096362 0.05703060 -0.00648748
v 0.01086179 0.05712510 -0.00658253
v 0.01080953 0.05717437 -0.00662966
v 0.01077505 0.05727002 -0.00658253
v 0.01080361 0.05731582 -0.00646831
v 0.01082839 0.05735640 -0.00636766
v 0.01052560 0.05795235 -0.00621270
v 0.01075081 0.05742655 -0.00643716
v 0.01069747 0.05753669 -0.00640600
v 0.01064791 0.05758249 -0.00644834
v 0.01053476 0.05781553 -0.00638044
v 0.01037691 0.05825380 -0.00606493
v 0.01039253 0.05812394 -0.00624385
v 0.01035266 0.05822423 -0.00616477
v 0.01037798 0.05840510 -0.00576778
v 0.01035697 0.05837960 -0.00586843
v 0.01007304 0.05869902 -0.00590597
v 0.01021474 0.05853960 -0.00588760
v 0.01033219 0.05850018 -0.00568631
v 0.00905855 0.06063700 -0.00356476
v 0.00917761 0.06050425 -0.00366860
v 0.00916199 0.06048975 -0.00376845
v 0.00914313 0.06047294 -0.00388587
v 0.00916899 0.06034599 -0.00424132
v 0.00921209 0.06023468 -0.00448575
v 0.00928698 0.06016627 -0.00448575
v 0.00936834 0.06009149 -0.00448575
v 0.00934194 0.06006714 -0.00463592
v 0.00924496 0.06015294 -0.00464790
v 0.00916953 0.06004569 -0.00514633
v 0.00921048 0.06008569 -0.00493626
v 0.00918893 0.06006540 -0.00504649
v 0.00932739 0.06005381 -0.00471580
v 0.00925520 0.06010077 -0.00477411
v 0.00934301 0.05976975 -0.00534683
v 0.00931877 0.05974424 -0.00544747
v 0.00922287 0.05995062 -0.00523660
v 0.00929776 0.05987236 -0.00523660
v 0.00936888 0.05979758 -0.00523660
v 0.00948848 0.05946540 -0.00563678
v 0.00934086 0.05961728 -0.00563918
v 0.00919216 0.05976859 -0.00564078
v 0.00914744 0.05987294 -0.00553614
v 0.00904292 0.05991990 -0.00564158
v 0.00899767 0.06002482 -0.00553614
v 0.00889261 0.06006830 -0.00564078
v 0.00931877 0.05989439 -0.00514474
v 0.00864585 0.06027294 -0.00567832
v 0.00867925 0.06015816 -0.00583648
v 0.00857958 0.06020569 -0.00591795
v 0.00860437 0.06022714 -0.00583648
v 0.00855211 0.06033207 -0.00572305
v 0.00850146 0.06031062 -0.00584766
v 0.00842119 0.06034888 -0.00590517
v 0.00826279 0.06049149 -0.00589239
v 0.00815719 0.06052917 -0.00598665
v 0.00805213 0.06061091 -0.00599623
v 0.00730702 0.06103295 -0.00629657
v 0.00720358 0.06108860 -0.00633411
v 0.00796916 0.06064744 -0.00605294
v 0.00770193 0.06067352 -0.00640121
v 0.00757101 0.06083874 -0.00628699
v 0.00766799 0.06064628 -0.00650186
v 0.00753869 0.06081266 -0.00638124
v 0.00745572 0.06092048 -0.00630056
v 0.00737329 0.06095063 -0.00635967
v 0.00681028 0.06124860 -0.00644514
v 0.00705811 0.06109266 -0.00649387
v 0.00681028 0.06117556 -0.00659451
v 0.00681028 0.05900685 -0.00966820
v 0.00704141 0.05912511 -0.00933351
v 0.00703440 0.05927062 -0.00917695
v 0.00713785 0.05936743 -0.00897646
v 0.00681028 0.05903641 -0.00963545
v 0.00694174 0.05916511 -0.00937665
v 0.00724075 0.05946366 -0.00877597
v 0.00728655 0.05951641 -0.00867532
v 0.00754408 0.05961671 -0.00832945
v 0.00754839 0.05947236 -0.00848442
v 0.00745195 0.05922888 -0.00883907
v 0.00764860 0.05942830 -0.00843649
v 0.00760442 0.05923120 -0.00869050
v 0.00770732 0.05918192 -0.00864337
v 0.00765776 0.05898598 -0.00889499
v 0.00791151 0.05893786 -0.00869769
v 0.00780753 0.05913554 -0.00859465
v 0.00786087 0.05903525 -0.00864657
v 0.00796054 0.05898829 -0.00859784
v 0.00806183 0.05893844 -0.00854832
v 0.00811032 0.05898829 -0.00844687
v 0.00800688 0.05918250 -0.00834463
v 0.00810709 0.05913496 -0.00829191
v 0.00825902 0.05898598 -0.00829351
v 0.00840933 0.05883641 -0.00829351
v 0.00830104 0.05902772 -0.00819286
v 0.00860060 0.05872742 -0.00819286
v 0.00874983 0.05857670 -0.00819286
v 0.00855103 0.05882771 -0.00812656
v 0.00948687 0.05811525 -0.00772877
v 0.00888399 0.05856047 -0.00802432
v 0.00894163 0.05846771 -0.00807305
v 0.00903269 0.05840916 -0.00802272
v 0.00931230 0.05823641 -0.00784060
v 0.00913559 0.05835989 -0.00793646
v 0.00947663 0.05825322 -0.00756423
v 0.00945400 0.05807409 -0.00782862
v 0.00954020 0.05801322 -0.00777031
v 0.00949333 0.05797438 -0.00788773
v 0.00945993 0.05793148 -0.00798758
v 0.00949818 0.05783119 -0.00804589
v 0.00960162 0.05761843 -0.00812736
v 0.00963610 0.05766597 -0.00802752
v 0.00977295 0.05749843 -0.00800835
v 0.00963718 0.05751814 -0.00817769
v 0.00955098 0.05757669 -0.00823679
v 0.00949980 0.05753553 -0.00834383
v 0.00954667 0.05727060 -0.00853074
v 0.00959947 0.05746539 -0.00827753
v 0.00974655 0.05728915 -0.00824798
v 0.00976810 0.05704104 -0.00845246
v 0.00963018 0.05705843 -0.00861861
v 0.01006227 0.05630074 -0.00874002
v 0.00993943 0.05630074 -0.00891096
v 0.00993135 0.05630074 -0.00892214
v 0.00989794 0.05656219 -0.00872644
v 0.00993620 0.05661669 -0.00862580
v 0.00996313 0.05651813 -0.00868012
v 0.01004718 0.05653900 -0.00854752
v 0.01006981 0.05644277 -0.00860423
v 0.00984945 0.05667524 -0.00868571
v 0.01033542 0.05925149 -0.00388587
v 0.01041408 0.05920105 -0.00373570
v 0.01056763 0.05905554 -0.00358553
v 0.00982467 0.05965091 -0.00448575
v 0.00974924 0.05972569 -0.00448575
v 0.00949441 0.05992047 -0.00463592
v 0.00976702 0.05974366 -0.00438830
v 0.00952242 0.05994656 -0.00448575
v 0.00978480 0.05976047 -0.00428845
v 0.00972231 0.05985149 -0.00418621
v 0.00980043 0.05977613 -0.00418621
v 0.00987532 0.05970366 -0.00418621
v 0.00995074 0.05962830 -0.00418621
v 0.01004341 0.05956453 -0.00403604
v 0.01010698 0.05948975 -0.00403604
v 0.01018187 0.05939641 -0.00403604
v 0.01009405 0.05887467 -0.00550658
v 0.01003263 0.05892569 -0.00554812
v 0.00994805 0.05917786 -0.00523660
v 0.00996960 0.05922946 -0.00507445
v 0.00992758 0.05930424 -0.00501693
v 0.00982359 0.05952975 -0.00477490
v 0.00988070 0.05952453 -0.00465030
v 0.00987639 0.05939815 -0.00493626
v 0.00980150 0.05947989 -0.00493626
v 0.00989956 0.05957439 -0.00448575
v 0.00979504 0.05962134 -0.00463592
v 0.01051106 0.05913380 -0.00356476
v 0.01149000 0.05630074 -0.00621190
v 0.01144743 0.05634306 -0.00625503
v 0.01129712 0.05649205 -0.00640441
v 0.01127180 0.05644393 -0.00650425
v 0.01112094 0.05644161 -0.00680299
v 0.01099541 0.05649205 -0.00700029
v 0.01081977 0.05658886 -0.00725031
v 0.01084563 0.05663987 -0.00715046
v 0.01132890 0.05638654 -0.00644754
v 0.01141457 0.05630074 -0.00636207
v 0.01066838 0.05673727 -0.00739808
v 0.01072279 0.05683176 -0.00719200
v 0.01066676 0.05688509 -0.00724472
v 0.01079714 0.05683292 -0.00704502
v 0.01069370 0.05678538 -0.00729823
v 0.01064521 0.05683176 -0.00734376
v 0.01081762 0.05688683 -0.00694597
v 0.01069208 0.05693089 -0.00714487
v 0.01071902 0.05697901 -0.00703783
v 0.01068885 0.05707466 -0.00698831
v 0.01078421 0.05712510 -0.00673829
v 0.01065976 0.05717437 -0.00693000
v 0.01053476 0.05721669 -0.00713049
v 0.01070340 0.05727060 -0.00672631
v 0.01067915 0.05735698 -0.00666880
v 0.01050136 0.05791582 -0.00631255
v 0.01044695 0.05802017 -0.00627820
v 0.01065275 0.05746481 -0.00658653
v 0.01056493 0.05772626 -0.00643316
v 0.01052938 0.05735756 -0.00696914
v 0.01052291 0.05749727 -0.00680619
v 0.01054123 0.05767640 -0.00654339
v 0.01050890 0.05777669 -0.00648029
v 0.01045503 0.05788278 -0.00644514
v 0.01023467 0.05841264 -0.00608010
v 0.01040115 0.05798771 -0.00640920
v 0.01036505 0.05808742 -0.00634370
v 0.01022497 0.05825148 -0.00636127
v 0.01025245 0.05828336 -0.00626142
v 0.01020935 0.05838307 -0.00617995
v 0.01029663 0.05847235 -0.00582769
v 0.01025730 0.05859003 -0.00568631
v 0.01009405 0.05872453 -0.00580612
v 0.01009136 0.05857032 -0.00609368
v 0.01005257 0.05867641 -0.00598665
v 0.00996798 0.05877612 -0.00597307
v 0.00992650 0.05885322 -0.00591396
v 0.00994535 0.05887409 -0.00583648
v 0.00992919 0.05900627 -0.00562001
v 0.00994805 0.05902772 -0.00553614
v 0.01005580 0.05882945 -0.00568631
v 0.00918031 0.06052744 -0.00356476
v 0.00918893 0.06051468 -0.00358553
v 0.00947232 0.06019874 -0.00379720
v 0.00945939 0.06018714 -0.00388587
v 0.00938450 0.06025555 -0.00388587
v 0.00922664 0.06039816 -0.00388587
v 0.00920240 0.06037613 -0.00403604
v 0.00932470 0.06020106 -0.00425810
v 0.00931177 0.06018946 -0.00433638
v 0.00927729 0.06030888 -0.00403604
v 0.00947932 0.06005555 -0.00427248
v 0.00944322 0.06002134 -0.00448575
v 0.00946262 0.06003990 -0.00437232
v 0.00933924 0.05991584 -0.00504489
v 0.00945939 0.05988569 -0.00481964
v 0.00930853 0.06003526 -0.00481644
v 0.00949010 0.05961728 -0.00534124
v 0.00946585 0.05959178 -0.00544188
v 0.00951380 0.05949207 -0.00553614
v 0.00955098 0.05967699 -0.00508723
v 0.00951488 0.05964337 -0.00523660
v 0.00969644 0.05922308 -0.00567912
v 0.00965388 0.05918250 -0.00583648
v 0.00946208 0.05943757 -0.00573663
v 0.00931284 0.05958888 -0.00573903
v 0.00916361 0.05973960 -0.00574062
v 0.00901383 0.05989033 -0.00574222
v 0.00895349 0.05997961 -0.00569110
v 0.00886297 0.06003932 -0.00574062
v 0.00875845 0.06008337 -0.00583648
v 0.00977780 0.05960453 -0.00471819
v 0.00948848 0.05976453 -0.00504010
v 0.00873205 0.06005845 -0.00592195
v 0.00860060 0.06007584 -0.00610167
v 0.00854618 0.06017613 -0.00601860
v 0.00828003 0.06020627 -0.00636926
v 0.00844651 0.06022019 -0.00609368
v 0.00825525 0.06033497 -0.00618235
v 0.00828865 0.06036338 -0.00608170
v 0.00831990 0.06039004 -0.00598665
v 0.00823208 0.06046541 -0.00598665
v 0.00812971 0.06050599 -0.00606892
v 0.00796270 0.06049149 -0.00634370
v 0.00804782 0.06054251 -0.00612563
v 0.00799610 0.06051990 -0.00624305
v 0.00794115 0.06062425 -0.00613682
v 0.00726877 0.06098483 -0.00643636
v 0.00723482 0.06095932 -0.00652422
v 0.00709313 0.06096512 -0.00668398
v 0.00715185 0.06106251 -0.00644115
v 0.00779406 0.06047584 -0.00661688
v 0.00769385 0.06051758 -0.00668957
v 0.00765883 0.06048917 -0.00678941
v 0.00753168 0.06065729 -0.00667120
v 0.00750259 0.06078483 -0.00648109
v 0.00740238 0.06082309 -0.00654819
v 0.00699885 0.06099353 -0.00673510
v 0.00700477 0.06106947 -0.00659292
v 0.00681028 0.06108454 -0.00677344
v 0.00681028 0.06112222 -0.00670075
v 0.00681028 0.05918888 -0.00946531
v 0.00683075 0.05921264 -0.00942058
v 0.00681028 0.05924743 -0.00939901
v 0.00708397 0.05945844 -0.00891975
v 0.00681028 0.05911525 -0.00954758
v 0.00723267 0.05960743 -0.00861861
v 0.00738891 0.05961207 -0.00847403
v 0.00743309 0.05966424 -0.00837179
v 0.00737706 0.05975352 -0.00831348
v 0.00747727 0.05971700 -0.00826715
v 0.00753061 0.05975584 -0.00816730
v 0.00758718 0.05966714 -0.00822401
v 0.00769224 0.05961728 -0.00818088
v 0.00764375 0.05957439 -0.00828073
v 0.00759634 0.05952337 -0.00838297
v 0.00769978 0.05947467 -0.00833664
v 0.00780430 0.05928221 -0.00844128
v 0.00770409 0.05932801 -0.00849001
v 0.00795785 0.05913612 -0.00844448
v 0.00801065 0.05903583 -0.00849720
v 0.00785387 0.05932859 -0.00834143
v 0.00795408 0.05928163 -0.00828951
v 0.00805321 0.05923004 -0.00824079
v 0.00815073 0.05917728 -0.00819206
v 0.00825094 0.05912743 -0.00812656
v 0.00840071 0.05897786 -0.00812656
v 0.00843573 0.05901264 -0.00802672
v 0.00858551 0.05886192 -0.00802592
v 0.00950895 0.05816974 -0.00762334
v 0.00965065 0.05813264 -0.00745160
v 0.00961832 0.05809322 -0.00755225
v 0.00883981 0.05866539 -0.00793646
v 0.00901760 0.05854365 -0.00784939
v 0.00906070 0.05843873 -0.00793646
v 0.00919755 0.05842481 -0.00774555
v 0.00955152 0.05832800 -0.00733817
v 0.00977295 0.05824916 -0.00710892
v 0.00974763 0.05821959 -0.00718721
v 0.00975786 0.05792916 -0.00753547
v 0.00979665 0.05782945 -0.00759538
v 0.00993566 0.05766481 -0.00757781
v 0.00984945 0.05772626 -0.00763691
v 0.00954559 0.05787061 -0.00792927
v 0.00973901 0.05773321 -0.00779587
v 0.00980258 0.05768742 -0.00775274
v 0.00994428 0.05737727 -0.00788853
v 0.00985484 0.05758307 -0.00779347
v 0.01007789 0.05735524 -0.00771599
v 0.00990872 0.05732799 -0.00798838
v 0.00994428 0.05722828 -0.00803790
v 0.00974924 0.05743988 -0.00809941
v 0.00977241 0.05734771 -0.00815772
v 0.00994320 0.05707698 -0.00818567
v 0.00993889 0.05677031 -0.00847962
v 0.00976541 0.05688741 -0.00859944
v 0.01023952 0.05647466 -0.00833265
v 0.01020504 0.05641726 -0.00843249
v 0.01023467 0.05631697 -0.00847483
v 0.01023790 0.05630074 -0.00848362
v 0.00996852 0.05667060 -0.00853234
v 0.01004610 0.05667640 -0.00842211
v 0.01007574 0.05675176 -0.00831188
v 0.01010052 0.05667640 -0.00834703
v 0.01024383 0.05663002 -0.00818807
v 0.01037852 0.05660683 -0.00801633
v 0.01035482 0.05927525 -0.00373570
v 0.00947878 0.05990482 -0.00471899
v 0.00954775 0.05997381 -0.00432679
v 0.00969968 0.05982656 -0.00433478
v 0.00949333 0.06006830 -0.00418621
v 0.00951704 0.06009091 -0.00403604
v 0.00959192 0.06001961 -0.00403604
v 0.00974439 0.05987178 -0.00403604
v 0.00982036 0.05979700 -0.00403604
v 0.00989579 0.05972221 -0.00403604
v 0.00996852 0.05964685 -0.00403604
v 0.01006011 0.05958482 -0.00388587
v 0.01012530 0.05951004 -0.00388587
v 0.01021474 0.05943873 -0.00376366
v 0.01020019 0.05942076 -0.00388587
v 0.01011938 0.05875467 -0.00568631
v 0.00992973 0.05915699 -0.00532127
v 0.00987962 0.05925322 -0.00523660
v 0.00990602 0.05928105 -0.00511678
v 0.00975679 0.05958192 -0.00481804
v 0.00978211 0.05945902 -0.00502652
v 0.00965658 0.05963468 -0.00493626
v 0.00943622 0.05986192 -0.00493626
v 0.01044210 0.05921960 -0.00356476
v 0.01126910 0.05630074 -0.00664643
v 0.01094800 0.05638364 -0.00719280
v 0.01084186 0.05633495 -0.00744361
v 0.01087473 0.05653379 -0.00719519
v 0.01114519 0.05634132 -0.00684932
v 0.01081762 0.05643523 -0.00739728
v 0.01079822 0.05653379 -0.00734297
v 0.01066730 0.05658422 -0.00754665
v 0.01056978 0.05668045 -0.00764171
v 0.01051591 0.05673263 -0.00769443
v 0.01054231 0.05678248 -0.00759538
v 0.01054123 0.05692857 -0.00744281
v 0.01057086 0.05683002 -0.00748994
v 0.01064090 0.05697901 -0.00719200
v 0.01066353 0.05703060 -0.00708896
v 0.01056170 0.05712451 -0.00718321
v 0.01050890 0.05717379 -0.00723034
v 0.01050298 0.05731698 -0.00706979
v 0.01049597 0.05758249 -0.00674868
v 0.01048358 0.05772626 -0.00659052
v 0.01037421 0.05795003 -0.00650905
v 0.01006604 0.05854134 -0.00619353
v 0.01020719 0.05807698 -0.00663046
v 0.01015170 0.05817902 -0.00658972
v 0.01006765 0.05824278 -0.00664883
v 0.01012207 0.05832684 -0.00642917
v 0.01008220 0.05840974 -0.00637405
v 0.01010591 0.05843757 -0.00628699
v 0.01000677 0.05863409 -0.00614880
v 0.00994751 0.05872569 -0.00610327
v 0.00977888 0.05900569 -0.00591875
v 0.00975733 0.05913322 -0.00572625
v 0.00990441 0.05898018 -0.00571986
v 0.00990010 0.05882540 -0.00601380
v 0.00984353 0.05907004 -0.00567273
v 0.00980420 0.05918308 -0.00553614
v 0.00987909 0.05910308 -0.00553614
v 0.00990656 0.05913206 -0.00542191
v 0.00919162 0.06051700 -0.00356476
v 0.00926651 0.06044744 -0.00356476
v 0.00948417 0.06021033 -0.00369736
v 0.00955367 0.06012975 -0.00374928
v 0.00961240 0.06003932 -0.00388587
v 0.00953805 0.06011178 -0.00388587
v 0.00933601 0.06038251 -0.00356476
v 0.00941952 0.06029787 -0.00358553
v 0.00943568 0.06016569 -0.00403604
v 0.00936079 0.06023352 -0.00403604
v 0.00939474 0.06015468 -0.00419899
v 0.00976002 0.05928511 -0.00542910
v 0.00961294 0.05943873 -0.00543549
v 0.00961294 0.05958830 -0.00513435
v 0.00963503 0.05961265 -0.00503371
v 0.00984514 0.05922134 -0.00537478
v 0.00963125 0.05915815 -0.00592195
v 0.00943353 0.05940917 -0.00583648
v 0.00948255 0.05930830 -0.00592354
v 0.00954236 0.05921844 -0.00597307
v 0.00920940 0.05963642 -0.00583648
v 0.00918354 0.05960975 -0.00592434
v 0.00906016 0.05978656 -0.00583648
v 0.00898474 0.05986134 -0.00583648
v 0.00894217 0.05981845 -0.00597387
v 0.00885112 0.05987758 -0.00602339
v 0.00856881 0.06004511 -0.00620152
v 0.00846590 0.06008859 -0.00628699
v 0.00830266 0.06007700 -0.00655378
v 0.00820837 0.06013439 -0.00659931
v 0.00811301 0.06019178 -0.00664404
v 0.00809469 0.06032628 -0.00643636
v 0.00805914 0.06043468 -0.00629977
v 0.00798802 0.06036280 -0.00653061
v 0.00797940 0.06020511 -0.00681817
v 0.00785387 0.06037613 -0.00670395
v 0.00775689 0.06043236 -0.00674708
v 0.00729948 0.06087642 -0.00658653
v 0.00739268 0.06066483 -0.00683415
v 0.00735174 0.06063584 -0.00693399
v 0.00726392 0.06083005 -0.00670954
v 0.00719011 0.06077787 -0.00688687
v 0.00721004 0.06064164 -0.00709455
v 0.00708074 0.06080628 -0.00696834
v 0.00704841 0.06093555 -0.00678382
v 0.00694874 0.06096686 -0.00683654
v 0.00771594 0.06038599 -0.00688687
v 0.00768523 0.06035990 -0.00697633
v 0.00767553 0.06020222 -0.00726309
v 0.00764860 0.06033149 -0.00707618
v 0.00754892 0.06036975 -0.00714327
v 0.00752145 0.06049903 -0.00695716
v 0.00749289 0.06062831 -0.00677104
v 0.00736359 0.06079410 -0.00664803
v 0.00681028 0.06096570 -0.00698671
v 0.00685607 0.06107295 -0.00674548
v 0.00681028 0.05932047 -0.00931514
v 0.00707589 0.05960221 -0.00876239
v 0.00713515 0.05963120 -0.00867612
v 0.00681028 0.05991294 -0.00862500
v 0.00728978 0.05963989 -0.00852915
v 0.00681028 0.05998308 -0.00853953
v 0.00681028 0.06004859 -0.00845726
v 0.00720735 0.05988917 -0.00829511
v 0.00756401 0.05978192 -0.00808663
v 0.00763890 0.05972395 -0.00808663
v 0.00726068 0.05992743 -0.00819526
v 0.00708990 0.06006250 -0.00817609
v 0.00736036 0.05989149 -0.00814653
v 0.00723644 0.06006019 -0.00802432
v 0.00750582 0.05988801 -0.00798997
v 0.00767176 0.05974888 -0.00800675
v 0.00774557 0.05964163 -0.00807544
v 0.00779245 0.05957149 -0.00811778
v 0.00794599 0.05942424 -0.00812417
v 0.00784578 0.05947120 -0.00818487
v 0.00790020 0.05937670 -0.00823759
v 0.00779999 0.05942888 -0.00828552
v 0.00799933 0.05932453 -0.00818887
v 0.00809954 0.05927699 -0.00812577
v 0.00819275 0.05922018 -0.00807624
v 0.00834307 0.05907004 -0.00807704
v 0.00828542 0.05916221 -0.00802672
v 0.00831613 0.05919293 -0.00793646
v 0.00839102 0.05911815 -0.00793646
v 0.00854079 0.05896743 -0.00793646
v 0.00869003 0.05881670 -0.00793646
v 0.00990495 0.05822829 -0.00693080
v 0.00981066 0.05814423 -0.00718721
v 0.00978265 0.05811119 -0.00727347
v 0.00975086 0.05807061 -0.00737412
v 0.00886836 0.05869438 -0.00785019
v 0.00895887 0.05863583 -0.00779987
v 0.00916468 0.05869148 -0.00739569
v 0.00925573 0.05863235 -0.00734456
v 0.00934625 0.05857322 -0.00729424
v 0.00944646 0.05852105 -0.00721676
v 0.00946154 0.05838713 -0.00739089
v 0.00959354 0.05836858 -0.00721277
v 0.00984730 0.05832394 -0.00688287
v 0.00993673 0.05826423 -0.00683015
v 0.00981659 0.05802307 -0.00732939
v 0.00989687 0.05776510 -0.00751790
v 0.00995882 0.05771930 -0.00747556
v 0.01004556 0.05758539 -0.00750032
v 0.00996960 0.05757379 -0.00763132
v 0.00990279 0.05762191 -0.00767685
v 0.01004449 0.05730770 -0.00781584
v 0.01007951 0.05720799 -0.00786776
v 0.00994051 0.05752162 -0.00773437
v 0.01004772 0.05746481 -0.00763691
v 0.01010375 0.05739002 -0.00763691
v 0.01018187 0.05727930 -0.00764251
v 0.01021420 0.05718596 -0.00769523
v 0.01004449 0.05715756 -0.00796761
v 0.01007951 0.05705727 -0.00801713
v 0.00999384 0.05711698 -0.00807784
v 0.01007789 0.05690538 -0.00816570
v 0.00999223 0.05696451 -0.00822561
v 0.01004125 0.05685147 -0.00826555
v 0.01035212 0.05630074 -0.00831428
v 0.01037367 0.05644799 -0.00815852
v 0.01009890 0.05681147 -0.00822401
v 0.01024706 0.05678364 -0.00804189
v 0.01038229 0.05676219 -0.00787176
v 0.01040331 0.05666480 -0.00792767
v 0.01048574 0.05668045 -0.00778788
v 0.01040115 0.05652625 -0.00805068
v 0.01036775 0.05929207 -0.00362946
v 0.00976325 0.05988975 -0.00388587
v 0.00991303 0.05973960 -0.00388587
v 0.01007089 0.05959699 -0.00379081
v 0.01022605 0.05945207 -0.00366381
v 0.01033758 0.05934656 -0.00356476
v 0.01041031 0.05925902 -0.00356476
v 0.01106437 0.05630074 -0.00704343
v 0.01087526 0.05630074 -0.00741006
v 0.01084994 0.05630074 -0.00745879
v 0.01081115 0.05630074 -0.00753307
v 0.01068939 0.05632973 -0.00773756
v 0.01064359 0.05653089 -0.00764011
v 0.01048843 0.05683002 -0.00764171
v 0.01051483 0.05688277 -0.00754266
v 0.01065653 0.05630074 -0.00782463
v 0.01054069 0.05663292 -0.00773836
v 0.01053746 0.05647524 -0.00788134
v 0.01051160 0.05657495 -0.00783821
v 0.01040923 0.05681785 -0.00777910
v 0.01051160 0.05702886 -0.00738690
v 0.01053854 0.05707350 -0.00728705
v 0.01048574 0.05697785 -0.00748994
v 0.01040438 0.05711814 -0.00747556
v 0.01037906 0.05720683 -0.00741805
v 0.01040331 0.05724046 -0.00733737
v 0.01040277 0.05738886 -0.00715845
v 0.01042378 0.05757843 -0.00688527
v 0.01041139 0.05772220 -0.00672791
v 0.01040492 0.05784394 -0.00658653
v 0.01038876 0.05766945 -0.00683415
v 0.01035158 0.05776974 -0.00677184
v 0.01024437 0.05797727 -0.00669356
v 0.01004018 0.05851235 -0.00628699
v 0.00992057 0.05869728 -0.00620391
v 0.01007681 0.05810423 -0.00681498
v 0.01010052 0.05813380 -0.00673670
v 0.01004072 0.05820916 -0.00673670
v 0.00999169 0.05816626 -0.00687249
v 0.00996583 0.05829612 -0.00673670
v 0.01005257 0.05837670 -0.00647390
v 0.00993727 0.05856452 -0.00638124
v 0.00996529 0.05859525 -0.00628699
v 0.00949710 0.06022309 -0.00358553
v 0.00962263 0.06004917 -0.00380120
v 0.00963449 0.06006077 -0.00370055
v 0.00942167 0.06030019 -0.00356476
v 0.00950195 0.05917902 -0.00610327
v 0.00941144 0.05923757 -0.00615359
v 0.00890554 0.05918192 -0.00703704
v 0.00813349 0.05960975 -0.00757541
v 0.00840287 0.06003120 -0.00647789
v 0.00843573 0.06006135 -0.00637805
v 0.00814588 0.05977149 -0.00729424
v 0.00829080 0.05991642 -0.00683654
v 0.00826979 0.06004685 -0.00665362
v 0.00813672 0.06006193 -0.00682935
v 0.00800310 0.06007642 -0.00700429
v 0.00796970 0.06004685 -0.00710413
v 0.00794492 0.06017613 -0.00691802
v 0.00784471 0.06021845 -0.00699071
v 0.00789697 0.06024106 -0.00687568
v 0.00781992 0.06034714 -0.00680379
v 0.00750959 0.06034077 -0.00724312
v 0.00733934 0.06047700 -0.00721916
v 0.00745572 0.06031816 -0.00734776
v 0.00740938 0.06037671 -0.00730462
v 0.00725153 0.06067120 -0.00699470
v 0.00723913 0.06051236 -0.00727906
v 0.00714754 0.06054367 -0.00733258
v 0.00709636 0.06051642 -0.00743642
v 0.00706619 0.06064628 -0.00725270
v 0.00681028 0.06058657 -0.00763851
v 0.00681028 0.06067526 -0.00748834
v 0.00681028 0.06078599 -0.00729903
v 0.00681028 0.06080454 -0.00726708
v 0.00681028 0.06082019 -0.00723992
v 0.00774773 0.06027468 -0.00703384
v 0.00770193 0.06022425 -0.00718721
v 0.00781023 0.06018946 -0.00709055
v 0.00794061 0.06002193 -0.00718721
v 0.00783447 0.06005961 -0.00727507
v 0.00773749 0.06011584 -0.00731900
v 0.00766314 0.06004164 -0.00754586
v 0.00756293 0.06008222 -0.00761135
v 0.00753761 0.06021149 -0.00742843
v 0.00759257 0.06023120 -0.00732300
v 0.00681028 0.05952859 -0.00907551
v 0.00681028 0.05957555 -0.00902119
v 0.00681028 0.05970772 -0.00886783
v 0.00681028 0.05977903 -0.00878475
v 0.00681028 0.05984627 -0.00870488
v 0.00681028 0.06007178 -0.00842690
v 0.00752468 0.06005149 -0.00771120
v 0.00714862 0.05997613 -0.00823600
v 0.00691641 0.06019642 -0.00815292
v 0.00700854 0.06017033 -0.00809621
v 0.00714377 0.06008859 -0.00807944
v 0.00719011 0.06002714 -0.00812417
v 0.00681028 0.06013149 -0.00834782
v 0.00681028 0.06018367 -0.00827673
v 0.00681028 0.06023932 -0.00819686
v 0.00706404 0.06019468 -0.00799956
v 0.00715563 0.06016627 -0.00794444
v 0.00720950 0.06019120 -0.00784460
v 0.00738083 0.06005613 -0.00786776
v 0.00733611 0.06002424 -0.00796841
v 0.00744333 0.05997207 -0.00792927
v 0.00770840 0.05978018 -0.00790690
v 0.00775527 0.05971410 -0.00794844
v 0.00783016 0.05960569 -0.00801793
v 0.00760765 0.06002134 -0.00765129
v 0.00768577 0.05991120 -0.00772638
v 0.00798479 0.05946076 -0.00802432
v 0.00808985 0.05941670 -0.00793646
v 0.00811840 0.05944511 -0.00785099
v 0.00826872 0.05929554 -0.00785179
v 0.00841903 0.05914598 -0.00785179
v 0.00871858 0.05884511 -0.00785099
v 0.00994643 0.05812800 -0.00699550
v 0.00991464 0.05808858 -0.00709535
v 0.00903269 0.05870945 -0.00757301
v 0.00906070 0.05873728 -0.00748675
v 0.00923849 0.05876453 -0.00716803
v 0.00935541 0.05873148 -0.00703704
v 0.00946154 0.05868742 -0.00693958
v 0.00950357 0.05858076 -0.00703704
v 0.00977403 0.05855061 -0.00666001
v 0.00992165 0.05839815 -0.00665602
v 0.00989633 0.05791409 -0.00733737
v 0.00989148 0.05803351 -0.00719919
v 0.00995451 0.05783930 -0.00733737
v 0.01006712 0.05764104 -0.00739888
v 0.01020504 0.05747466 -0.00737971
v 0.01010537 0.05754075 -0.00745879
v 0.01021043 0.05733147 -0.00753946
v 0.01006065 0.05778249 -0.00723833
v 0.01010321 0.05726539 -0.00777430
v 0.01018511 0.05713205 -0.00779268
v 0.01021528 0.05703640 -0.00784699
v 0.01010429 0.05711524 -0.00792527
v 0.01024760 0.05723118 -0.00759538
v 0.01038337 0.05706307 -0.00757381
v 0.01029825 0.05712451 -0.00763532
v 0.01010267 0.05696393 -0.00807544
v 0.01018511 0.05698249 -0.00794205
v 0.01024976 0.05693669 -0.00789572
v 0.01040169 0.05634770 -0.00820085
v 0.01045287 0.05630074 -0.00816171
v 0.01021366 0.05688393 -0.00799557
v 0.01018187 0.05683060 -0.00808982
v 0.01034943 0.05686190 -0.00782383
v 0.01038391 0.05691408 -0.00772398
v 0.01047765 0.05652567 -0.00793326
v 0.01050675 0.05641553 -0.00798199
v 0.00977295 0.05989960 -0.00380040
v 0.00978372 0.05991062 -0.00370055
v 0.00993350 0.05975989 -0.00369896
v 0.01002024 0.05969497 -0.00358553
v 0.01008166 0.05960801 -0.00369017
v 0.01016733 0.05953728 -0.00358553
v 0.01023683 0.05946482 -0.00356476
v 0.01075512 0.05630074 -0.00763931
v 0.01069586 0.05630074 -0.00775114
v 0.01071794 0.05630074 -0.00770960
v 0.01040869 0.05696857 -0.00762973
v 0.01063444 0.05630074 -0.00786377
v 0.01059403 0.05630074 -0.00793406
v 0.01054931 0.05630074 -0.00800914
v 0.01053315 0.05631581 -0.00802352
v 0.01034781 0.05716278 -0.00751790
v 0.01029501 0.05726886 -0.00747876
v 0.01024221 0.05737437 -0.00743882
v 0.01034889 0.05731582 -0.00733737
v 0.01037313 0.05734829 -0.00725830
v 0.01036613 0.05748915 -0.00709614
v 0.01022174 0.05779640 -0.00695556
v 0.00989417 0.05867061 -0.00628699
v 0.00949333 0.05871989 -0.00683974
v 0.00981928 0.05874598 -0.00628699
v 0.01019696 0.05776394 -0.00703704
v 0.01009136 0.05782307 -0.00713848
v 0.01004610 0.05806365 -0.00691482
v 0.00995290 0.05843119 -0.00655617
v 0.00990602 0.05853148 -0.00648109
v 0.00984730 0.05862424 -0.00643236
v 0.00949926 0.06022540 -0.00356476
v 0.00963880 0.06008627 -0.00356476
v 0.00951919 0.05904569 -0.00628699
v 0.00932524 0.05900163 -0.00666161
v 0.00898043 0.05910714 -0.00703704
v 0.00865663 0.05923294 -0.00734696
v 0.00849230 0.05921902 -0.00762493
v 0.00810062 0.05957786 -0.00767446
v 0.00796593 0.05959352 -0.00784859
v 0.00800041 0.05962424 -0.00774874
v 0.00803974 0.05966714 -0.00762174
v 0.00811301 0.05974076 -0.00739409
v 0.00819760 0.05997439 -0.00688287
v 0.00810008 0.05987874 -0.00718721
v 0.00820514 0.05986424 -0.00705221
v 0.00810331 0.06003178 -0.00692920
v 0.00799179 0.05991642 -0.00728625
v 0.00736844 0.06034714 -0.00740447
v 0.00749666 0.06018193 -0.00752828
v 0.00725745 0.06037497 -0.00748675
v 0.00722513 0.06035178 -0.00756263
v 0.00714754 0.06045091 -0.00748675
v 0.00713839 0.06037497 -0.00762254
v 0.00700100 0.06045787 -0.00764011
v 0.00681028 0.06047816 -0.00781904
v 0.00700100 0.06055004 -0.00748675
v 0.00797886 0.05975526 -0.00756822
v 0.00789643 0.05979178 -0.00762573
v 0.00790397 0.05986250 -0.00749953
v 0.00779891 0.06002946 -0.00737492
v 0.00784417 0.05976801 -0.00773836
v 0.00780861 0.05973729 -0.00783821
v 0.00739699 0.06021729 -0.00758739
v 0.00681028 0.06033671 -0.00804749
v 0.00696436 0.06022830 -0.00805308
v 0.00681028 0.06035584 -0.00801713
v 0.00684422 0.06038773 -0.00792927
v 0.00699992 0.06027700 -0.00793725
v 0.00703602 0.06032570 -0.00781824
v 0.00725368 0.06022193 -0.00774395
v 0.00785925 0.05963178 -0.00793646
v 0.00801496 0.05948975 -0.00793646
v 0.00865986 0.05893670 -0.00780146
v 0.00999977 0.05802597 -0.00703624
v 0.00995344 0.05798829 -0.00715685
v 0.00879186 0.05891873 -0.00762413
v 0.00914744 0.05882366 -0.00721836
v 0.00928052 0.05880684 -0.00703704
v 0.00955206 0.05862829 -0.00688846
v 0.01027077 0.05742539 -0.00733258
v 0.01019857 0.05761553 -0.00721756
v 0.01034943 0.05701379 -0.00767366
v 0.01048466 0.05630074 -0.00811219
v 0.00972177 0.05999816 -0.00358553
v 0.00994535 0.05977207 -0.00358553
v 0.01002240 0.05969729 -0.00356476
v 0.01009459 0.05962192 -0.00356476
v 0.01010483 0.05961091 -0.00356476
v 0.01016948 0.05953960 -0.00356476
v 0.01053584 0.05630074 -0.00803151
v 0.01034458 0.05743408 -0.00719999
v 0.01022874 0.05765611 -0.00711771
v 0.00945131 0.05882771 -0.00673670
v 0.00978803 0.05993555 -0.00356476
v 0.00889746 0.05902424 -0.00729664
v 0.00873313 0.05900974 -0.00757461
v 0.00790505 0.05968105 -0.00779347
v 0.00800688 0.05978018 -0.00748675
v 0.00805267 0.05982830 -0.00734057
v 0.00728924 0.06026946 -0.00762493
v 0.00681028 0.06040801 -0.00793326
v 0.00993727 0.05978424 -0.00356476
v 0.00995775 0.05976337 -0.00356476
f 1 2 3
f 1 3 7
f 1 7 12
f 1 12 16
f 1 16 24
f 1 24 36
f 1 36 55
f 1 55 86
f 1 86 125
f 1 125 124
f 1 124 179
f 1 179 183
f 1 183 181
f 1 181 245
f 1 245 317
f 1 317 408
f 1 408 424
f 1 424 422
f 1 422 333
f 1 333 334
f 1 334 423
f 1 423 520
f 1 520 623
f 1 623 767
f 1 767 904
f 1 904 1061
f 1 1061 1220
f 1 1220 1219
f 1 1219 1218
f 1 1218 1424
f 1 1424 1613
f 1 1613 1769
f 1 1769 1859
f 1 1859 1866
f 1 1866 1789
f 1 1789 1788
f 1 1788 1787
f 1 1787 1636
f 1 1636 1784
f 1 1784 1785
f 1 1785 1783
f 1 1783 1631
f 1 1631 1630
f 1 1630 1629
f 1 1629 1628
f 1 1628 1455
f 1 1455 1264
f 1 1264 1255
f 1 1255 1086
f 1 1086 939
f 1 939 791
f 1 791 652
f 1 652 552
f 1 552 651
f 1 651 549
f 1 549 548
f 1 548 446
f 1 446 444
f 1 444 355
f 1 355 268
f 1 268 202
f 1 202 136
f 1 136 93
f 1 93 60
f 1 60 39
f 1 39 26
f 1 26 17
f 1 17 13
f 1 13 8
f 1 8 4
f 1 4 10
f 1 10 14
f 1 14 18
f 1 18 28
f 1 28 45
f 1 45 44
f 1 44 69
f 1 69 68
f 1 68 107
f 1 107 106
f 1 106 159
f 1 159 158
f 1 158 226
f 1 226 225
f 1 225 294
f 1 294 392
f 1 392 490
f 1 490 489
f 1 489 590
f 1 590 719
f 1 719 865
f 1 865 1015
f 1 1015 861
f 1 861 860
f 1 860 1014
f 1 1014 1019
f 1 1019 1018
f 1 1018 1017
f 1 1017 1163
f 1 1163 1165
f 1 1165 1365
f 1 1365 1364
f 1 1364 1547
f 1 1547 1697
f 1 1697 1696
f 1 1696 1695
f 1 1695 1694
f 1 1694 1693
f 1 1693 1831
f 1 1831 1877
f 1 1877 1842
f 1 1842 1840
f 1 1840 1722
f 1 1722 1721
f 1 1721 1720
f 1 1720 1713
f 1 1713 1555
f 1 1555 1554
f 1 1554 1552
f 1 1552 1712
f 1 1712 1711
f 1 1711 1710
f 1 1710 1709
f 1 1709 1708
f 1 1708 1549
f 1 1549 1368
f 1 1368 1366
f 1 1366 1370
f 1 1370 1170
f 1 1170 1166
f 1 1166 1020
f 1 1020 866
f 1 866 720
f 1 720 591
f 1 591 491
f 1 491 395
f 1 395 394
f 1 394 305
f 1 305 304
f 1 304 302
f 1 302 235
f 1 235 301
f 1 301 233
f 1 233 165
f 1 165 114
f 1 114 78
f 1 78 77
f 1 77 51
f 1 51 50
f 1 50 33
f 1 33 31
f 1 31 22
f 1 22 15
f 1 15 11
f 1 11 6
f 1 6 5
f 1 5 2
f 2 5 3
f 3 5 6
f 3 6 7
f 4 8 9
f 4 9 10
f 6 11 12
f 6 12 7
f 8 13 9
f 9 13 17
f 9 17 25
f 9 25 37
f 9 37 57
f 9 57 90
f 9 90 131
f 9 131 192
f 9 192 201
f 9 201 200
f 9 200 267
f 9 267 354
f 9 354 353
f 9 353 440
f 9 440 439
f 9 439 437
f 9 437 543
f 9 543 644
f 9 644 647
f 9 647 646
f 9 646 540
f 9 540 539
f 9 539 645
f 9 645 650
f 9 650 649
f 9 649 648
f 9 648 641
f 9 641 790
f 9 790 936
f 9 936 1083
f 9 1083 1254
f 9 1254 1454
f 9 1454 1627
f 9 1627 1626
f 9 1626 1782
f 9 1782 1865
f 9 1865 1864
f 9 1864 1863
f 9 1863 1862
f 9 1862 1879
f 9 1879 1878
f 9 1878 1870
f 9 1870 1808
f 9 1808 1807
f 9 1807 1667
f 9 1667 1499
f 9 1499 1494
f 9 1494 1493
f 9 1493 1306
f 9 1306 1116
f 9 1116 976
f 9 976 819
f 9 819 817
f 9 817 680
f 9 680 679
f 9 679 569
f 9 569 464
f 9 464 373
f 9 373 372
f 9 372 461
f 9 461 393
f 9 393 299
f 9 299 297
f 9 297 295
f 9 295 227
f 9 227 160
f 9 160 109
f 9 109 73
f 9 73 72
f 9 72 108
f 9 108 70
f 9 70 46
f 9 46 29
f 9 29 19
f 9 19 14
f 9 14 10
f 11 15 16
f 11 16 12
f 14 19 20
f 14 20 18
f 15 21 16
f 15 22 23
f 15 23 21
f 16 21 24
f 17 26 25
f 18 20 27
f 18 27 28
f 19 29 30
f 19 30 20
f 20 30 27
f 21 23 24
f 22 31 23
f 23 32 24
f 23 31 33
f 23 33 34
f 23 34 32
f 24 32 35
f 24 35 36
f 25 26 38
f 25 38 37
f 26 39 40
f 26 40 41
f 26 41 38
f 27 30 42
f 27 42 43
f 27 43 44
f 27 44 45
f 27 45 28
f 29 46 30
f 30 47 48
f 30 48 42
f 30 46 47
f 32 34 49
f 32 49 35
f 33 50 34
f 34 50 51
f 34 51 52
f 34 52 53
f 34 53 49
f 35 49 53
f 35 53 54
f 35 54 36
f 36 54 55
f 37 56 57
f 37 38 41
f 37 41 58
f 37 58 59
f 37 59 56
f 39 60 40
f 40 60 61
f 40 61 62
f 40 62 41
f 41 62 63
f 41 63 64
f 41 64 65
f 41 65 58
f 42 66 67
f 42 67 43
f 42 48 66
f 43 67 68
f 43 68 69
f 43 69 44
f 46 70 71
f 46 71 47
f 47 71 72
f 47 72 73
f 47 73 48
f 48 73 74
f 48 74 75
f 48 75 76
f 48 76 66
f 51 77 52
f 52 54 53
f 52 77 78
f 52 78 79
f 52 79 80
f 52 80 81
f 52 81 82
f 52 82 54
f 54 82 83
f 54 83 84
f 54 84 55
f 55 84 85
f 55 85 86
f 56 87 57
f 56 59 88
f 56 88 89
f 56 89 87
f 57 87 91
f 57 91 90
f 58 65 59
f 59 65 92
f 59 92 88
f 60 93 61
f 61 93 94
f 61 94 62
f 62 94 95
f 62 95 96
f 62 96 63
f 63 96 97
f 63 97 64
f 64 97 65
f 65 97 92
f 66 76 98
f 66 98 99
f 66 99 100
f 66 100 101
f 66 101 102
f 66 102 103
f 66 103 104
f 66 104 105
f 66 105 67
f 67 105 106
f 67 106 107
f 67 107 68
f 70 108 71
f 71 108 72
f 73 109 110
f 73 110 74
f 74 110 75
f 75 111 112
f 75 112 113
f 75 113 76
f 75 110 111
f 76 113 98
f 78 114 115
f 78 115 79
f 79 115 80
f 80 115 81
f 81 115 116
f 81 116 117
f 81 117 118
f 81 118 119
f 81 119 120
f 81 120 121
f 81 121 82
f 82 121 83
f 83 85 84
f 83 121 122
f 83 122 85
f 85 123 124
f 85 124 125
f 85 125 86
f 85 122 126
f 85 126 127
f 85 127 123
f 87 89 91
f 88 92 128
f 88 128 129
f 88 129 130
f 88 130 89
f 89 130 91
f 90 91 131
f 91 132 133
f 91 133 134
f 91 134 131
f 91 130 132
f 92 97 135
f 92 135 128
f 93 136 137
f 93 137 94
f 94 138 95
f 94 137 139
f 94 139 138
f 95 138 140
f 95 140 97
f 95 97 96
f 97 141 142
f 97 142 135
f 97 140 138
f 97 138 143
f 97 143 144
f 97 144 145
f 97 145 146
f 97 146 141
f 98 113 112
f 98 112 147
f 98 147 148
f 98 148 99
f 99 148 149
f 99 149 150
f 99 150 151
f 99 151 100
f 100 151 152
f 100 152 101
f 101 152 153
f 101 153 154
f 101 154 155
f 101 155 156
f 101 156 102
f 102 156 103
f 103 156 157
f 103 157 158
f 103 158 159
f 103 159 104
f 104 159 105
f 105 159 106
f 109 160 161
f 109 161 110
f 110 161 162
f 110 162 111
f 111 162 163
f 111 163 112
f 112 163 164
f 112 164 147
f 114 165 115
f 115 165 166
f 115 166 167
f 115 167 116
f 116 167 168
f 116 168 169
f 116 169 117
f 117 169 118
f 118 169 170
f 118 170 171
f 118 171 172
f 118 172 173
f 118 173 174
f 118 174 119
f 119 174 175
f 119 175 120
f 120 175 176
f 120 176 121
f 121 176 177
f 121 177 178
f 121 178 122
f 122 178 177
f 122 177 127
f 122 127 126
f 123 179 124
f 123 127 179
f 127 180 181
f 127 181 182
f 127 182 183
f 127 183 179
f 127 177 184
f 127 184 180
f 128 135 142
f 128 142 185
f 128 185 129
f 129 186 187
f 129 187 188
f 129 188 130
f 129 185 189
f 129 189 190
f 129 190 186
f 130 187 191
f 130 191 132
f 130 188 187
f 131 134 192
f 132 193 133
f 132 191 187
f 132 187 193
f 133 193 194
f 133 194 195
f 133 195 134
f 134 195 194
f 134 194 196
f 134 196 197
f 134 197 198
f 134 198 199
f 134 199 200
f 134 200 201
f 134 201 192
f 136 202 137
f 137 203 204
f 137 204 139
f 137 202 205
f 137 205 203
f 138 139 204
f 138 204 143
f 141 206 142
f 141 146 206
f 142 206 189
f 142 189 185
f 143 204 144
f 144 204 207
f 144 207 208
f 144 208 145
f 145 208 209
f 145 209 210
f 145 210 211
f 145 211 212
f 145 212 146
f 146 212 206
f 147 164 213
f 147 213 148
f 148 213 214
f 148 214 149
f 149 214 215
f 149 215 216
f 149 216 217
f 149 217 152
f 149 152 150
f 150 152 151
f 152 217 153
f 153 217 154
f 154 218 219
f 154 219 155
f 154 217 220
f 154 220 218
f 155 219 221
f 155 221 222
f 155 222 223
f 155 223 224
f 155 224 156
f 156 224 157
f 157 224 225
f 157 225 226
f 157 226 158
f 160 227 162
f 160 162 161
f 162 228 163
f 162 227 228
f 163 228 164
f 164 228 229
f 164 229 230
f 164 230 231
f 164 231 232
f 164 232 213
f 165 233 166
f 166 234 168
f 166 168 167
f 166 233 234
f 168 234 235
f 168 235 236
f 168 236 237
f 168 237 238
f 168 238 169
f 169 238 170
f 170 238 172
f 170 172 171
f 172 239 240
f 172 240 241
f 172 241 242
f 172 242 173
f 172 238 243
f 172 243 239
f 173 242 174
f 174 242 175
f 175 177 176
f 175 242 184
f 175 184 177
f 180 244 181
f 180 184 244
f 181 244 245
f 181 183 182
f 184 242 246
f 184 246 247
f 184 247 248
f 184 248 249
f 184 249 250
f 184 250 251
f 184 251 252
f 184 252 253
f 184 253 254
f 184 254 255
f 184 255 256
f 184 256 244
f 186 190 257
f 186 257 258
f 186 258 259
f 186 259 187
f 187 259 194
f 187 194 193
f 189 206 212
f 189 212 190
f 190 212 260
f 190 260 261
f 190 261 257
f 194 259 198
f 194 198 196
f 196 198 197
f 198 262 263
f 198 263 199
f 198 259 264
f 198 264 265
f 198 265 262
f 199 266 267
f 199 267 200
f 199 263 262
f 199 262 266
f 202 268 205
f 203 207 204
f 203 205 269
f 203 269 208
f 203 208 207
f 205 268 270
f 205 270 269
f 208 269 271
f 208 271 209
f 209 271 272
f 209 272 273
f 209 273 274
f 209 274 275
f 209 275 276
f 209 276 210
f 210 277 278
f 210 278 279
f 210 279 211
f 210 276 277
f 211 279 260
f 211 260 212
f 213 232 280
f 213 280 281
f 213 281 215
f 213 215 214
f 215 282 216
f 215 281 282
f 216 283 284
f 216 284 285
f 216 285 220
f 216 220 217
f 216 282 286
f 216 286 287
f 216 287 288
f 216 288 283
f 218 220 285
f 218 285 284
f 218 284 289
f 218 289 219
f 219 289 222
f 219 222 221
f 222 290 291
f 222 291 223
f 222 289 290
f 223 291 292
f 223 292 224
f 224 293 294
f 224 294 225
f 224 292 293
f 227 295 296
f 227 296 228
f 228 296 229
f 229 296 230
f 230 296 297
f 230 297 231
f 231 297 298
f 231 298 299
f 231 299 300
f 231 300 280
f 231 280 232
f 233 301 234
f 234 301 235
f 235 302 303
f 235 303 236
f 236 303 302
f 236 302 304
f 236 304 305
f 236 305 306
f 236 306 307
f 236 307 308
f 236 308 309
f 236 309 240
f 236 240 237
f 237 240 239
f 237 239 243
f 237 243 238
f 240 309 310
f 240 310 311
f 240 311 242
f 240 242 241
f 242 311 312
f 242 312 313
f 242 313 314
f 242 314 315
f 242 315 246
f 244 256 316
f 244 316 245
f 245 316 255
f 245 255 317
f 246 315 247
f 247 318 248
f 247 315 314
f 247 314 319
f 247 319 320
f 247 320 412
f 247 412 321
f 247 321 322
f 247 322 323
f 247 323 324
f 247 324 325
f 247 325 326
f 247 326 327
f 247 327 318
f 248 318 249
f 249 318 328
f 249 328 329
f 249 329 330
f 249 330 331
f 249 331 332
f 249 332 250
f 250 333 251
f 250 332 334
f 250 334 333
f 251 333 335
f 251 335 252
f 252 336 337
f 252 337 253
f 252 335 336
f 253 338 339
f 253 339 340
f 253 340 254
f 253 337 338
f 254 340 255
f 255 316 256
f 255 340 339
f 255 339 317
f 257 261 341
f 257 341 258
f 258 342 343
f 258 343 344
f 258 344 259
f 258 341 345
f 258 345 346
f 258 346 342
f 259 344 347
f 259 347 348
f 259 348 264
f 260 279 341
f 260 341 261
f 262 265 349
f 262 349 350
f 262 350 351
f 262 351 266
f 264 348 265
f 265 348 352
f 265 352 349
f 266 351 353
f 266 353 354
f 266 354 267
f 268 355 270
f 269 270 272
f 269 272 271
f 270 355 356
f 270 356 273
f 270 273 272
f 273 356 357
f 273 357 358
f 273 358 274
f 274 358 275
f 275 358 359
f 275 359 360
f 275 360 361
f 275 361 276
f 276 362 277
f 276 361 363
f 276 363 364
f 276 364 365
f 276 365 362
f 277 362 366
f 277 366 367
f 277 367 345
f 277 345 278
f 278 345 279
f 279 345 341
f 280 300 368
f 280 368 281
f 281 368 369
f 281 369 282
f 282 370 371
f 282 371 286
f 282 369 372
f 282 372 373
f 282 373 374
f 282 374 375
f 282 375 370
f 283 376 284
f 283 288 377
f 283 377 376
f 284 376 378
f 284 378 289
f 286 371 379
f 286 379 380
f 286 380 381
f 286 381 382
f 286 382 383
f 286 383 384
f 286 384 288
f 286 288 287
f 288 384 383
f 288 383 385
f 288 385 377
f 289 378 290
f 290 378 386
f 290 386 387
f 290 387 291
f 291 387 388
f 291 388 389
f 291 389 292
f 292 389 390
f 292 390 391
f 292 391 293
f 293 391 294
f 294 391 390
f 294 390 392
f 295 297 296
f 297 299 298
f 299 393 300
f 300 393 368
f 305 394 306
f 306 394 395
f 306 395 396
f 306 396 397
f 306 397 307
f 307 397 308
f 308 397 398
f 308 398 399
f 308 399 309
f 309 399 310
f 310 399 312
f 310 312 311
f 312 399 400
f 312 400 401
f 312 401 402
f 312 402 314
f 312 314 313
f 314 402 403
f 314 403 404
f 314 404 405
f 314 405 406
f 314 406 407
f 314 407 319
f 317 339 408
f 318 327 409
f 318 409 410
f 318 410 411
f 318 411 328
f 319 407 412
f 319 412 320
f 321 412 413
f 321 413 322
f 322 413 414
f 322 414 323
f 323 414 415
f 323 415 324
f 324 326 325
f 324 415 416
f 324 416 417
f 324 417 326
f 326 417 409
f 326 409 327
f 328 411 330
f 328 330 329
f 330 411 418
f 330 418 419
f 330 419 420
f 330 420 331
f 331 420 332
f 332 420 421
f 332 421 334
f 333 422 335
f 334 421 423
f 335 422 424
f 335 424 337
f 335 337 336
f 337 424 408
f 337 408 339
f 337 339 338
f 342 346 425
f 342 425 426
f 342 426 343
f 343 427 344
f 343 426 428
f 343 428 429
f 343 429 430
f 343 430 427
f 344 427 431
f 344 431 347
f 345 367 346
f 346 367 432
f 346 432 425
f 347 431 348
f 348 431 433
f 348 433 352
f 349 352 434
f 349 434 435
f 349 435 350
f 350 435 436
f 350 436 351
f 351 436 437
f 351 437 438
f 351 438 439
f 351 439 440
f 351 440 353
f 352 441 442
f 352 442 443
f 352 443 434
f 352 433 441
f 355 444 356
f 356 444 357
f 357 445 358
f 357 444 446
f 357 446 445
f 358 445 447
f 358 447 359
f 359 447 448
f 359 448 449
f 359 449 360
f 360 450 361
f 360 449 450
f 361 450 451
f 361 451 363
f 362 365 366
f 363 451 452
f 363 452 453
f 363 453 364
f 364 453 454
f 364 454 365
f 365 454 455
f 365 455 456
f 365 456 457
f 365 457 458
f 365 458 366
f 366 458 459
f 366 459 367
f 367 459 460
f 367 460 425
f 367 425 432
f 368 393 461
f 368 461 462
f 368 462 372
f 368 372 369
f 370 375 371
f 371 463 379
f 371 375 463
f 372 462 461
f 373 464 465
f 373 465 375
f 373 375 374
f 375 465 466
f 375 466 380
f 375 380 463
f 376 377 467
f 376 467 378
f 377 385 467
f 378 467 468
f 378 468 469
f 378 469 386
f 379 463 380
f 380 470 381
f 380 466 470
f 381 470 471
f 381 471 472
f 381 472 473
f 381 473 474
f 381 474 382
f 382 474 475
f 382 475 383
f 383 475 476
f 383 476 477
f 383 477 385
f 385 477 468
f 385 468 467
f 386 469 478
f 386 478 479
f 386 479 387
f 387 479 480
f 387 480 481
f 387 481 482
f 387 482 483
f 387 483 484
f 387 484 485
f 387 485 388
f 388 485 486
f 388 486 389
f 389 486 487
f 389 487 488
f 389 488 390
f 390 489 490
f 390 490 392
f 390 488 489
f 395 491 492
f 395 492 493
f 395 493 396
f 396 493 494
f 396 494 397
f 397 494 495
f 397 495 398
f 398 495 496
f 398 496 399
f 399 496 400
f 400 496 401
f 401 496 497
f 401 497 402
f 402 497 403
f 403 497 498
f 403 498 404
f 404 498 405
f 405 498 499
f 405 499 500
f 405 500 406
f 406 500 407
f 407 413 412
f 407 500 501
f 407 501 502
f 407 502 503
f 407 503 413
f 409 417 504
f 409 504 410
f 410 505 411
f 410 504 506
f 410 506 507
f 410 507 505
f 411 505 508
f 411 508 418
f 413 503 509
f 413 509 414
f 414 509 415
f 415 509 510
f 415 510 511
f 415 511 512
f 415 512 416
f 416 512 513
f 416 513 514
f 416 514 504
f 416 504 417
f 418 508 515
f 418 515 516
f 418 516 419
f 419 516 420
f 420 516 517
f 420 517 518
f 420 518 519
f 420 519 520
f 420 520 421
f 421 520 423
f 425 460 521
f 425 521 522
f 425 522 523
f 425 523 426
f 426 523 524
f 426 524 428
f 427 430 525
f 427 525 526
f 427 526 527
f 427 527 528
f 427 528 529
f 427 529 431
f 428 524 530
f 428 530 429
f 429 530 531
f 429 531 526
f 429 526 525
f 429 525 430
f 431 529 433
f 433 529 532
f 433 532 533
f 433 533 534
f 433 534 535
f 433 535 536
f 433 536 537
f 433 537 441
f 434 538 435
f 434 443 539
f 434 539 540
f 434 540 541
f 434 541 538
f 435 538 542
f 435 542 436
f 436 542 437
f 437 439 438
f 437 542 543
f 441 537 544
f 441 544 545
f 441 545 442
f 442 546 443
f 442 545 547
f 442 547 546
f 443 546 539
f 445 446 548
f 445 548 549
f 445 549 550
f 445 550 447
f 447 550 448
f 448 550 549
f 448 549 551
f 448 551 552
f 448 552 553
f 448 553 449
f 449 553 554
f 449 554 450
f 450 554 555
f 450 555 556
f 450 556 452
f 450 452 451
f 452 556 557
f 452 557 453
f 453 557 663
f 453 663 558
f 453 558 559
f 453 559 454
f 454 559 560
f 454 560 455
f 455 457 456
f 455 560 561
f 455 561 457
f 457 561 562
f 457 562 563
f 457 563 564
f 457 564 565
f 457 565 566
f 457 566 458
f 458 567 459
f 458 566 567
f 459 567 568
f 459 568 522
f 459 522 521
f 459 521 460
f 464 569 570
f 464 570 465
f 465 570 571
f 465 571 466
f 466 571 471
f 466 471 470
f 468 477 478
f 468 478 469
f 471 571 472
f 472 572 473
f 472 571 572
f 473 572 474
f 474 572 475
f 475 573 476
f 475 572 574
f 475 574 575
f 475 575 576
f 475 576 573
f 476 573 577
f 476 577 578
f 476 578 477
f 477 578 478
f 478 578 579
f 478 579 580
f 478 580 581
f 478 581 582
f 478 582 480
f 478 480 479
f 480 582 583
f 480 583 481
f 481 583 482
f 482 584 484
f 482 484 483
f 482 583 582
f 482 582 585
f 482 585 584
f 484 586 485
f 484 584 587
f 484 587 586
f 485 586 588
f 485 588 486
f 486 588 589
f 486 589 487
f 487 589 488
f 488 590 489
f 488 589 590
f 491 591 492
f 492 592 494
f 492 494 493
f 492 591 593
f 492 593 592
f 494 592 594
f 494 594 495
f 495 594 595
f 495 595 596
f 495 596 597
f 495 597 496
f 496 597 497
f 497 597 498
f 498 597 598
f 498 598 499
f 499 598 599
f 499 599 500
f 500 599 600
f 500 600 501
f 501 600 738
f 501 738 601
f 501 601 602
f 501 602 503
f 501 503 502
f 503 602 603
f 503 603 604
f 503 604 510
f 503 510 509
f 504 514 605
f 504 605 606
f 504 606 506
f 505 507 607
f 505 607 508
f 506 606 608
f 506 608 507
f 507 608 607
f 508 607 609
f 508 609 515
f 510 604 610
f 510 610 511
f 511 611 612
f 511 612 613
f 511 613 614
f 511 614 615
f 511 615 616
f 511 616 617
f 511 617 512
f 511 610 611
f 512 617 513
f 513 617 514
f 514 617 618
f 514 618 605
f 515 609 619
f 515 619 517
f 515 517 516
f 517 619 620
f 517 620 518
f 518 620 621
f 518 621 519
f 519 621 622
f 519 622 623
f 519 623 520
f 522 568 523
f 523 624 524
f 523 568 624
f 524 624 625
f 524 625 530
f 526 626 527
f 526 531 626
f 527 627 628
f 527 628 629
f 527 629 533
f 527 533 532
f 527 532 528
f 527 626 630
f 527 630 631
f 527 631 632
f 527 632 633
f 527 633 634
f 527 634 627
f 528 532 529
f 530 625 635
f 530 635 636
f 530 636 531
f 531 637 626
f 531 636 637
f 533 629 534
f 534 629 535
f 535 638 537
f 535 537 536
f 535 629 638
f 537 638 639
f 537 639 640
f 537 640 641
f 537 641 642
f 537 642 544
f 538 541 643
f 538 643 644
f 538 644 543
f 538 543 542
f 539 547 645
f 539 546 547
f 540 646 541
f 541 646 647
f 541 647 643
f 544 642 545
f 545 642 641
f 545 641 648
f 545 648 649
f 545 649 650
f 545 650 547
f 547 650 645
f 549 651 551
f 551 651 552
f 552 652 553
f 553 652 653
f 553 653 654
f 553 654 554
f 554 654 555
f 555 654 655
f 555 655 656
f 555 656 657
f 555 657 658
f 555 658 659
f 555 659 556
f 556 659 557
f 557 659 660
f 557 660 661
f 557 661 662
f 557 662 663
f 558 663 664
f 558 664 559
f 559 664 665
f 559 665 666
f 559 666 667
f 559 667 560
f 560 668 561
f 560 667 669
f 560 669 668
f 561 668 562
f 562 668 563
f 563 668 670
f 563 670 669
f 563 669 671
f 563 671 672
f 563 672 673
f 563 673 674
f 563 674 564
f 564 675 676
f 564 676 677
f 564 677 565
f 564 674 675
f 565 677 566
f 566 677 567
f 567 678 568
f 567 677 678
f 568 678 624
f 569 679 570
f 570 679 680
f 570 680 681
f 570 681 682
f 570 682 683
f 570 683 571
f 571 683 684
f 571 684 685
f 571 685 574
f 571 574 572
f 573 686 577
f 573 576 686
f 574 685 684
f 574 684 687
f 574 687 575
f 575 687 688
f 575 688 576
f 576 688 689
f 576 689 690
f 576 690 691
f 576 691 686
f 577 686 692
f 577 692 693
f 577 693 579
f 577 579 578
f 579 694 695
f 579 695 696
f 579 696 697
f 579 697 698
f 579 698 580
f 579 693 699
f 579 699 694
f 580 698 697
f 580 697 700
f 580 700 701
f 580 701 702
f 580 702 703
f 580 703 581
f 581 703 704
f 581 704 705
f 581 705 582
f 582 705 585
f 584 585 587
f 585 705 587
f 586 706 588
f 586 587 712
f 586 712 706
f 587 707 708
f 587 708 709
f 587 709 710
f 587 710 711
f 587 711 712
f 587 705 707
f 588 706 589
f 589 706 713
f 589 713 714
f 589 714 715
f 589 715 716
f 589 716 717
f 589 717 718
f 589 718 590
f 590 718 719
f 591 720 721
f 591 721 722
f 591 722 723
f 591 723 724
f 591 724 593
f 592 593 725
f 592 725 726
f 592 726 727
f 592 727 594
f 593 728 729
f 593 729 725
f 593 724 730
f 593 730 728
f 594 727 726
f 594 726 731
f 594 731 595
f 595 731 732
f 595 732 733
f 595 733 734
f 595 734 596
f 596 734 597
f 597 734 735
f 597 735 736
f 597 736 598
f 598 736 599
f 599 736 600
f 600 737 738
f 600 736 737
f 601 738 610
f 601 610 604
f 601 604 603
f 601 603 602
f 605 618 739
f 605 739 740
f 605 740 606
f 606 740 608
f 607 608 609
f 608 741 742
f 608 742 609
f 608 740 743
f 608 743 744
f 608 744 741
f 609 742 741
f 609 741 619
f 610 738 745
f 610 745 746
f 610 746 747
f 610 747 748
f 610 748 749
f 610 749 750
f 610 750 751
f 610 751 752
f 610 752 611
f 611 752 751
f 611 751 753
f 611 753 754
f 611 754 613
f 611 613 612
f 613 755 756
f 613 756 757
f 613 757 614
f 613 754 755
f 614 757 615
f 615 757 758
f 615 758 759
f 615 759 760
f 615 760 761
f 615 761 617
f 615 617 616
f 617 761 762
f 617 762 618
f 618 762 763
f 618 763 764
f 618 764 739
f 619 741 620
f 620 741 765
f 620 765 621
f 621 765 622
f 622 765 766
f 622 766 767
f 622 767 623
f 624 678 635
f 624 635 625
f 626 637 768
f 626 768 769
f 626 769 630
f 627 634 770
f 627 770 771
f 627 771 628
f 628 771 772
f 628 772 773
f 628 773 774
f 628 774 629
f 629 774 638
f 630 775 631
f 630 769 776
f 630 776 775
f 631 775 777
f 631 777 632
f 632 777 778
f 632 778 633
f 633 778 779
f 633 779 780
f 633 780 781
f 633 781 782
f 633 782 783
f 633 783 784
f 633 784 634
f 634 784 770
f 635 678 676
f 635 676 785
f 635 785 636
f 636 785 786
f 636 786 787
f 636 787 768
f 636 768 637
f 638 788 639
f 638 774 788
f 639 788 789
f 639 789 640
f 640 789 641
f 641 789 790
f 643 647 644
f 652 791 792
f 652 792 653
f 653 792 793
f 653 793 794
f 653 794 654
f 654 794 795
f 654 795 655
f 655 795 656
f 656 796 657
f 656 795 797
f 656 797 798
f 656 798 799
f 656 799 800
f 656 800 801
f 656 801 802
f 656 802 796
f 657 796 660
f 657 660 658
f 658 660 659
f 660 662 661
f 660 796 802
f 660 802 803
f 660 803 804
f 660 804 662
f 662 804 805
f 662 805 806
f 662 806 663
f 663 806 807
f 663 807 664
f 664 807 665
f 665 807 808
f 665 808 809
f 665 809 666
f 666 809 667
f 667 809 810
f 667 810 669
f 668 669 670
f 669 811 672
f 669 672 671
f 669 810 811
f 672 811 812
f 672 812 813
f 672 813 673
f 673 813 814
f 673 814 674
f 674 815 676
f 674 676 675
f 674 814 815
f 676 678 677
f 676 815 816
f 676 816 785
f 680 817 681
f 681 818 682
f 681 817 819
f 681 819 820
f 681 820 818
f 682 821 683
f 682 818 822
f 682 822 823
f 682 823 821
f 683 821 824
f 683 824 684
f 684 823 825
f 684 825 687
f 684 824 823
f 686 691 826
f 686 826 692
f 687 825 823
f 687 823 688
f 688 827 828
f 688 828 689
f 688 823 829
f 688 829 830
f 688 830 831
f 688 831 832
f 688 832 827
f 689 828 690
f 690 828 827
f 690 827 691
f 691 833 826
f 691 827 833
f 692 834 699
f 692 699 693
f 692 826 835
f 692 835 834
f 694 699 836
f 694 836 837
f 694 837 838
f 694 838 839
f 694 839 840
f 694 840 695
f 695 840 696
f 696 840 841
f 696 841 842
f 696 842 697
f 697 842 843
f 697 843 844
f 697 844 700
f 699 834 836
f 700 844 701
f 701 845 846
f 701 846 702
f 701 844 845
f 702 846 703
f 703 846 704
f 704 846 847
f 704 847 705
f 705 847 707
f 706 712 711
f 706 711 848
f 706 848 849
f 706 849 850
f 706 850 713
f 707 847 851
f 707 851 846
f 707 846 852
f 707 852 844
f 707 844 853
f 707 853 708
f 708 854 709
f 708 853 854
f 709 854 855
f 709 855 856
f 709 856 710
f 710 856 857
f 710 857 849
f 710 849 848
f 710 848 711
f 713 850 714
f 714 850 858
f 714 858 715
f 715 859 860
f 715 860 861
f 715 861 862
f 715 862 716
f 715 858 863
f 715 863 859
f 716 862 717
f 717 864 718
f 717 862 861
f 717 861 864
f 718 864 719
f 719 864 865
f 720 866 867
f 720 867 721
f 721 868 722
f 721 867 869
f 721 869 870
f 721 870 871
f 721 871 868
f 722 868 723
f 723 872 873
f 723 873 724
f 723 868 874
f 723 874 1028
f 723 1028 872
f 724 873 730
f 725 729 746
f 725 746 726
f 726 746 875
f 726 875 733
f 726 733 732
f 726 732 731
f 728 730 729
f 729 730 876
f 729 876 747
f 729 747 746
f 730 873 876
f 733 735 734
f 733 875 877
f 733 877 735
f 735 877 737
f 735 737 736
f 737 877 738
f 738 877 875
f 738 875 745
f 739 878 879
f 739 879 880
f 739 880 744
f 739 744 743
f 739 743 740
f 739 764 878
f 741 744 879
f 741 879 881
f 741 881 765
f 744 880 879
f 745 875 746
f 747 876 748
f 748 882 749
f 748 876 873
f 748 873 882
f 749 882 883
f 749 883 884
f 749 884 1035
f 749 1035 885
f 749 885 886
f 749 886 750
f 750 886 751
f 751 886 885
f 751 885 887
f 751 887 888
f 751 888 755
f 751 755 753
f 753 755 754
f 755 888 889
f 755 889 890
f 755 890 756
f 756 890 891
f 756 891 757
f 757 892 758
f 757 891 893
f 757 893 892
f 758 892 759
f 759 892 894
f 759 894 895
f 759 895 760
f 760 895 896
f 760 896 897
f 760 897 898
f 760 898 899
f 760 899 762
f 760 762 761
f 762 899 763
f 763 899 900
f 763 900 764
f 764 900 901
f 764 901 878
f 765 881 902
f 765 902 903
f 765 903 766
f 766 904 767
f 766 903 902
f 766 902 905
f 766 905 906
f 766 906 907
f 766 907 908
f 766 908 904
f 768 787 909
f 768 909 910
f 768 910 911
f 768 911 776
f 768 776 769
f 770 912 913
f 770 913 771
f 770 784 912
f 771 913 772
f 772 913 773
f 773 914 915
f 773 915 916
f 773 916 917
f 773 917 774
f 773 913 912
f 773 912 918
f 773 918 914
f 774 917 788
f 775 776 921
f 775 921 919
f 775 919 777
f 776 911 920
f 776 920 921
f 777 922 778
f 777 919 921
f 777 921 922
f 778 922 921
f 778 921 923
f 778 923 924
f 778 924 779
f 779 925 926
f 779 926 780
f 779 924 925
f 780 926 781
f 781 926 927
f 781 927 782
f 782 928 929
f 782 929 930
f 782 930 931
f 782 931 783
f 782 927 928
f 783 931 932
f 783 932 784
f 784 932 918
f 784 918 912
f 785 816 786
f 786 816 909
f 786 909 787
f 788 917 916
f 788 916 933
f 788 933 934
f 788 934 935
f 788 935 936
f 788 936 789
f 789 936 937
f 789 937 790
f 790 937 936
f 791 938 792
f 791 939 940
f 791 940 938
f 792 938 793
f 793 938 794
f 794 938 795
f 795 938 941
f 795 941 942
f 795 942 943
f 795 943 944
f 795 944 945
f 795 945 946
f 795 946 797
f 797 946 947
f 797 947 798
f 798 947 948
f 798 948 799
f 799 948 800
f 800 948 949
f 800 949 950
f 800 950 951
f 800 951 801
f 801 951 802
f 802 951 952
f 802 952 803
f 803 953 805
f 803 805 804
f 803 952 951
f 803 951 954
f 803 954 955
f 803 955 956
f 803 956 957
f 803 957 958
f 803 958 959
f 803 959 953
f 805 953 806
f 806 953 807
f 807 953 960
f 807 960 808
f 808 960 809
f 809 960 961
f 809 961 810
f 810 962 963
f 810 963 811
f 810 961 964
f 810 964 962
f 811 963 812
f 812 965 813
f 812 963 966
f 812 966 965
f 813 965 967
f 813 967 968
f 813 968 969
f 813 969 920
f 813 920 970
f 813 970 909
f 813 909 816
f 813 816 815
f 813 815 814
f 818 820 971
f 818 971 972
f 818 972 973
f 818 973 974
f 818 974 975
f 818 975 822
f 819 976 820
f 820 976 971
f 821 823 824
f 822 975 823
f 823 977 829
f 823 975 977
f 826 833 978
f 826 978 835
f 827 832 979
f 827 979 980
f 827 980 981
f 827 981 978
f 827 978 833
f 829 977 975
f 829 975 982
f 829 982 830
f 830 983 984
f 830 984 831
f 830 982 975
f 830 975 974
f 830 974 983
f 831 984 979
f 831 979 832
f 834 835 985
f 834 985 986
f 834 986 836
f 835 978 987
f 835 987 988
f 835 988 989
f 835 989 990
f 835 990 985
f 836 986 837
f 837 991 992
f 837 992 993
f 837 993 838
f 837 986 994
f 837 994 991
f 838 993 995
f 838 995 839
f 839 996 997
f 839 997 840
f 839 995 998
f 839 998 996
f 840 997 999
f 840 999 1000
f 840 1000 841
f 841 1000 843
f 841 843 842
f 843 1000 1001
f 843 1001 1002
f 843 1002 1003
f 843 1003 1004
f 843 1004 844
f 844 1004 854
f 844 854 853
f 844 852 845
f 845 852 846
f 846 851 847
f 849 857 1005
f 849 1005 850
f 850 1006 858
f 850 1005 1006
f 854 1007 855
f 854 1004 1008
f 854 1008 1009
f 854 1009 1010
f 854 1010 1011
f 854 1011 1012
f 854 1012 1007
f 855 1007 856
f 856 1007 1005
f 856 1005 857
f 858 1006 1013
f 858 1013 863
f 859 1014 860
f 859 863 1014
f 861 1015 864
f 863 1013 1016
f 863 1016 1017
f 863 1017 1018
f 863 1018 1019
f 863 1019 1014
f 864 1015 865
f 866 1020 1021
f 866 1021 867
f 867 1021 869
f 868 871 874
f 869 1021 1022
f 869 1022 1023
f 869 1023 1024
f 869 1024 1176
f 869 1176 1025
f 869 1025 870
f 870 1025 1026
f 870 1026 1027
f 870 1027 871
f 871 1027 874
f 872 1028 1029
f 872 1029 873
f 873 1029 882
f 874 1027 1030
f 874 1030 1028
f 878 901 1031
f 878 1031 1059
f 878 1059 905
f 878 905 902
f 878 902 879
f 879 902 881
f 882 1029 1032
f 882 1032 884
f 882 884 883
f 884 1032 1029
f 884 1029 1033
f 884 1033 1034
f 884 1034 1035
f 885 1035 1036
f 885 1036 887
f 887 1037 1038
f 887 1038 1039
f 887 1039 888
f 887 1036 1040
f 887 1040 1037
f 888 1039 889
f 889 1039 1190
f 889 1190 1041
f 889 1041 1042
f 889 1042 890
f 890 1042 891
f 891 1042 1043
f 891 1043 893
f 892 893 1044
f 892 1044 894
f 893 1043 1045
f 893 1045 1046
f 893 1046 1047
f 893 1047 1044
f 894 1044 1048
f 894 1048 1049
f 894 1049 895
f 895 1049 1050
f 895 1050 1051
f 895 1051 896
f 896 1051 1052
f 896 1052 897
f 897 1053 1054
f 897 1054 900
f 897 900 1055
f 897 1055 899
f 897 899 898
f 897 1052 1053
f 899 1055 900
f 900 1056 901
f 900 1054 1053
f 900 1053 1057
f 900 1057 1056
f 901 1056 1058
f 901 1058 1059
f 901 1059 1031
f 904 908 1060
f 904 1060 1061
f 905 1059 906
f 906 1062 907
f 906 1059 1062
f 907 1062 1060
f 907 1060 908
f 909 970 910
f 910 970 911
f 911 970 920
f 914 918 1063
f 914 1063 1064
f 914 1064 1065
f 914 1065 915
f 915 1065 1066
f 915 1066 1067
f 915 1067 933
f 915 933 916
f 918 932 1068
f 918 1068 1069
f 918 1069 1070
f 918 1070 1071
f 918 1071 1063
f 920 924 923
f 920 923 921
f 920 969 968
f 920 968 1072
f 920 1072 1073
f 920 1073 925
f 920 925 924
f 925 1073 1072
f 925 1072 927
f 925 927 926
f 927 1072 968
f 927 968 1074
f 927 1074 967
f 927 967 1075
f 927 1075 1076
f 927 1076 1077
f 927 1077 1078
f 927 1078 1079
f 927 1079 929
f 927 929 1080
f 927 1080 928
f 928 1080 929
f 929 1079 1078
f 929 1078 1081
f 929 1081 930
f 930 1081 1082
f 930 1082 1068
f 930 1068 931
f 931 1068 932
f 933 1067 1083
f 933 1083 936
f 933 936 935
f 933 935 934
f 938 940 1084
f 938 1084 1085
f 938 1085 941
f 939 1086 940
f 940 1086 1084
f 941 1085 942
f 942 1085 1084
f 942 1084 1087
f 942 1087 1088
f 942 1088 944
f 942 944 943
f 944 1088 1089
f 944 1089 1090
f 944 1090 1091
f 944 1091 1092
f 944 1092 945
f 945 1092 1093
f 945 1093 1094
f 945 1094 1095
f 945 1095 946
f 946 1095 947
f 947 1095 1096
f 947 1096 948
f 948 1096 1097
f 948 1097 949
f 949 1097 1096
f 949 1096 1098
f 949 1098 950
f 950 1098 1099
f 950 1099 951
f 951 1099 1100
f 951 1100 1101
f 951 1101 1102
f 951 1102 955
f 951 955 954
f 953 959 1103
f 953 1103 960
f 955 1102 1104
f 955 1104 1105
f 955 1105 956
f 956 1105 1106
f 956 1106 1107
f 956 1107 957
f 957 1107 958
f 958 1103 959
f 958 1107 1103
f 960 1103 961
f 961 1103 964
f 962 1108 963
f 962 964 1109
f 962 1109 1110
f 962 1110 1108
f 963 1108 966
f 964 1103 1109
f 965 1111 967
f 965 966 1112
f 965 1112 1111
f 966 1108 1113
f 966 1113 1114
f 966 1114 1112
f 967 1115 1075
f 967 1074 968
f 967 1111 1115
f 971 976 1116
f 971 1116 972
f 972 1116 1117
f 972 1117 1118
f 972 1118 1119
f 972 1119 973
f 973 1119 1120
f 973 1120 974
f 974 1120 983
f 978 981 987
f 979 984 983
f 979 983 980
f 980 1121 981
f 980 983 1121
f 981 1121 1122
f 981 1122 1123
f 981 1123 1124
f 981 1124 1125
f 981 1125 988
f 981 988 987
f 983 1120 1121
f 985 1126 986
f 985 990 1127
f 985 1127 1128
f 985 1128 1126
f 986 1126 994
f 988 1125 1129
f 988 1129 989
f 989 1129 1130
f 989 1130 990
f 990 1130 1129
f 990 1129 1127
f 991 1131 1132
f 991 1132 992
f 991 994 1133
f 991 1133 1134
f 991 1134 1135
f 991 1135 1131
f 992 1132 1136
f 992 1136 1137
f 992 1137 1138
f 992 1138 1139
f 992 1139 993
f 993 1139 1138
f 993 1138 1140
f 993 1140 1141
f 993 1141 1142
f 993 1142 995
f 994 1126 1143
f 994 1143 1133
f 995 1142 998
f 996 1144 997
f 996 998 1144
f 997 1144 1000
f 997 1000 999
f 998 1145 1146
f 998 1146 1147
f 998 1147 1144
f 998 1142 1145
f 1000 1144 1147
f 1000 1147 1148
f 1000 1148 1001
f 1001 1148 1149
f 1001 1149 1002
f 1002 1149 1003
f 1003 1149 1150
f 1003 1150 1151
f 1003 1151 1004
f 1004 1151 1152
f 1004 1152 1153
f 1004 1153 1008
f 1005 1012 1154
f 1005 1154 1155
f 1005 1155 1013
f 1005 1013 1006
f 1005 1007 1012
f 1008 1153 1156
f 1008 1156 1009
f 1009 1157 1158
f 1009 1158 1010
f 1009 1156 1157
f 1010 1158 1159
f 1010 1159 1160
f 1010 1160 1161
f 1010 1161 1011
f 1011 1161 1162
f 1011 1162 1154
f 1011 1154 1012
f 1013 1155 1016
f 1016 1163 1017
f 1016 1155 1164
f 1016 1164 1165
f 1016 1165 1163
f 1020 1166 1167
f 1020 1167 1021
f 1021 1168 1169
f 1021 1169 1022
f 1021 1167 1170
f 1021 1170 1171
f 1021 1171 1168
f 1022 1169 1172
f 1022 1172 1023
f 1023 1173 1174
f 1023 1174 1175
f 1023 1175 1024
f 1023 1172 1173
f 1024 1175 1177
f 1024 1177 1176
f 1025 1176 1026
f 1026 1030 1027
f 1026 1176 1177
f 1026 1177 1178
f 1026 1178 1179
f 1026 1179 1030
f 1028 1030 1180
f 1028 1180 1181
f 1028 1181 1029
f 1029 1181 1033
f 1030 1179 1182
f 1030 1182 1183
f 1030 1183 1180
f 1033 1181 1034
f 1034 1181 1184
f 1034 1184 1035
f 1035 1184 1185
f 1035 1185 1186
f 1035 1186 1040
f 1035 1040 1036
f 1037 1186 1187
f 1037 1187 1188
f 1037 1188 1189
f 1037 1189 1038
f 1037 1040 1186
f 1038 1189 1039
f 1039 1189 1190
f 1041 1190 1191
f 1041 1191 1192
f 1041 1192 1042
f 1042 1192 1193
f 1042 1193 1043
f 1043 1193 1194
f 1043 1194 1045
f 1044 1047 1195
f 1044 1195 1048
f 1045 1194 1196
f 1045 1196 1197
f 1045 1197 1198
f 1045 1198 1046
f 1046 1198 1047
f 1047 1199 1195
f 1047 1198 1200
f 1047 1200 1201
f 1047 1201 1199
f 1048 1202 1203
f 1048 1203 1204
f 1048 1204 1049
f 1048 1195 1202
f 1049 1204 1205
f 1049 1205 1050
f 1050 1205 1206
f 1050 1206 1051
f 1051 1207 1052
f 1051 1206 1208
f 1051 1208 1209
f 1051 1209 1207
f 1052 1207 1210
f 1052 1210 1211
f 1052 1211 1212
f 1052 1212 1053
f 1053 1212 1056
f 1053 1056 1057
f 1056 1213 1059
f 1056 1059 1058
f 1056 1212 1214
f 1056 1214 1215
f 1056 1215 1216
f 1056 1216 1213
f 1059 1213 1217
f 1059 1217 1062
f 1060 1218 1219
f 1060 1219 1220
f 1060 1220 1061
f 1060 1062 1221
f 1060 1221 1222
f 1060 1222 1223
f 1060 1223 1224
f 1060 1224 1225
f 1060 1225 1218
f 1062 1217 1226
f 1062 1226 1221
f 1063 1071 1064
f 1064 1071 1242
f 1064 1242 1227
f 1064 1227 1228
f 1064 1228 1229
f 1064 1229 1066
f 1064 1066 1065
f 1066 1229 1067
f 1067 1229 1083
f 1068 1082 1230
f 1068 1230 1231
f 1068 1231 1232
f 1068 1232 1233
f 1068 1233 1234
f 1068 1234 1235
f 1068 1235 1236
f 1068 1236 1237
f 1068 1237 1238
f 1068 1238 1239
f 1068 1239 1069
f 1069 1239 1240
f 1069 1240 1241
f 1069 1241 1070
f 1070 1241 1242
f 1070 1242 1071
f 1075 1243 1244
f 1075 1244 1245
f 1075 1245 1076
f 1075 1115 1111
f 1075 1111 1243
f 1076 1245 1246
f 1076 1246 1077
f 1077 1246 1247
f 1077 1247 1078
f 1078 1248 1249
f 1078 1249 1081
f 1078 1247 1250
f 1078 1250 1251
f 1078 1251 1248
f 1081 1249 1252
f 1081 1252 1082
f 1082 1252 1253
f 1082 1253 1230
f 1083 1229 1254
f 1084 1086 1087
f 1086 1255 1256
f 1086 1256 1087
f 1087 1256 1257
f 1087 1257 1088
f 1088 1258 1089
f 1088 1257 1256
f 1088 1256 1258
f 1089 1259 1260
f 1089 1260 1261
f 1089 1261 1262
f 1089 1262 1090
f 1089 1258 1263
f 1089 1263 1264
f 1089 1264 1259
f 1090 1262 1265
f 1090 1265 1091
f 1091 1266 1267
f 1091 1267 1268
f 1091 1268 1092
f 1091 1265 1269
f 1091 1269 1270
f 1091 1270 1266
f 1092 1268 1267
f 1092 1267 1271
f 1092 1271 1093
f 1093 1096 1095
f 1093 1095 1094
f 1093 1271 1272
f 1093 1272 1273
f 1093 1273 1274
f 1093 1274 1096
f 1096 1275 1099
f 1096 1099 1098
f 1096 1274 1276
f 1096 1276 1275
f 1099 1275 1276
f 1099 1276 1277
f 1099 1277 1278
f 1099 1278 1100
f 1100 1278 1279
f 1100 1279 1101
f 1101 1279 1102
f 1102 1279 1104
f 1103 1107 1280
f 1103 1280 1281
f 1103 1281 1109
f 1104 1106 1105
f 1104 1279 1282
f 1104 1282 1106
f 1106 1283 1107
f 1106 1282 1284
f 1106 1284 1285
f 1106 1285 1283
f 1107 1283 1286
f 1107 1286 1285
f 1107 1285 1287
f 1107 1287 1288
f 1107 1288 1280
f 1108 1289 1113
f 1108 1110 1289
f 1109 1281 1290
f 1109 1290 1291
f 1109 1291 1292
f 1109 1292 1293
f 1109 1293 1110
f 1110 1293 1294
f 1110 1294 1289
f 1111 1112 1295
f 1111 1295 1296
f 1111 1296 1243
f 1112 1114 1295
f 1113 1297 1114
f 1113 1289 1298
f 1113 1298 1299
f 1113 1299 1300
f 1113 1300 1301
f 1113 1301 1302
f 1113 1302 1303
f 1113 1303 1304
f 1113 1304 1244
f 1113 1244 1305
f 1113 1305 1297
f 1114 1297 1295
f 1116 1306 1307
f 1116 1307 1117
f 1117 1308 1309
f 1117 1309 1310
f 1117 1310 1311
f 1117 1311 1118
f 1117 1307 1308
f 1118 1311 1119
f 1119 1311 1312
f 1119 1312 1120
f 1120 1313 1314
f 1120 1314 1121
f 1120 1312 1315
f 1120 1315 1313
f 1121 1314 1122
f 1122 1314 1316
f 1122 1316 1123
f 1123 1317 1124
f 1123 1316 1318
f 1123 1318 1317
f 1124 1129 1125
f 1124 1317 1234
f 1124 1234 1129
f 1126 1319 1143
f 1126 1128 1320
f 1126 1320 1319
f 1127 1129 1321
f 1127 1321 1128
f 1128 1321 1320
f 1129 1232 1321
f 1129 1234 1232
f 1131 1135 1322
f 1131 1322 1323
f 1131 1323 1132
f 1132 1323 1324
f 1132 1324 1136
f 1133 1143 1134
f 1134 1143 1135
f 1135 1143 1325
f 1135 1325 1326
f 1135 1326 1322
f 1136 1324 1327
f 1136 1327 1301
f 1136 1301 1328
f 1136 1328 1329
f 1136 1329 1137
f 1137 1329 1138
f 1138 1329 1330
f 1138 1330 1140
f 1140 1330 1331
f 1140 1331 1332
f 1140 1332 1333
f 1140 1333 1141
f 1141 1333 1142
f 1142 1333 1334
f 1142 1334 1335
f 1142 1335 1145
f 1143 1319 1336
f 1143 1336 1337
f 1143 1337 1325
f 1145 1335 1146
f 1146 1150 1149
f 1146 1149 1147
f 1146 1335 1338
f 1146 1338 1339
f 1146 1339 1340
f 1146 1340 1341
f 1146 1341 1342
f 1146 1342 1343
f 1146 1343 1344
f 1146 1344 1345
f 1146 1345 1150
f 1147 1149 1148
f 1150 1345 1346
f 1150 1346 1151
f 1151 1346 1152
f 1152 1346 1343
f 1152 1343 1347
f 1152 1347 1348
f 1152 1348 1349
f 1152 1349 1153
f 1153 1349 1350
f 1153 1350 1348
f 1153 1348 1351
f 1153 1351 1156
f 1154 1162 1155
f 1155 1162 1352
f 1155 1352 1353
f 1155 1353 1354
f 1155 1354 1355
f 1155 1355 1164
f 1156 1351 1159
f 1156 1159 1157
f 1157 1159 1158
f 1159 1356 1529
f 1159 1529 1357
f 1159 1357 1358
f 1159 1358 1359
f 1159 1359 1160
f 1159 1351 1348
f 1159 1348 1356
f 1160 1360 1162
f 1160 1162 1161
f 1160 1359 1360
f 1162 1360 1359
f 1162 1359 1361
f 1162 1361 1352
f 1164 1354 1362
f 1164 1362 1363
f 1164 1363 1364
f 1164 1364 1365
f 1164 1365 1165
f 1164 1355 1354
f 1166 1170 1167
f 1168 1171 1366
f 1168 1366 1367
f 1168 1367 1368
f 1168 1368 1169
f 1169 1369 1172
f 1169 1368 1369
f 1170 1370 1171
f 1171 1370 1366
f 1172 1369 1550
f 1172 1550 1371
f 1172 1371 1173
f 1173 1371 1372
f 1173 1372 1174
f 1174 1373 1374
f 1174 1374 1375
f 1174 1375 1376
f 1174 1376 1377
f 1174 1377 1378
f 1174 1378 1379
f 1174 1379 1380
f 1174 1380 1175
f 1174 1372 1373
f 1175 1380 1177
f 1177 1380 1381
f 1177 1381 1382
f 1177 1382 1383
f 1177 1383 1179
f 1177 1179 1178
f 1179 1383 1382
f 1179 1382 1182
f 1180 1183 1181
f 1181 1183 1184
f 1182 1382 1384
f 1182 1384 1184
f 1182 1184 1183
f 1184 1385 1186
f 1184 1186 1185
f 1184 1384 1385
f 1186 1384 1187
f 1186 1385 1384
f 1187 1384 1386
f 1187 1386 1387
f 1187 1387 1188
f 1188 1387 1388
f 1188 1388 1389
f 1188 1389 1189
f 1189 1389 1191
f 1189 1191 1190
f 1191 1389 1390
f 1191 1390 1391
f 1191 1391 1194
f 1191 1194 1192
f 1192 1194 1193
f 1194 1391 1392
f 1194 1392 1393
f 1194 1393 1196
f 1195 1394 1395
f 1195 1395 1396
f 1195 1396 1203
f 1195 1203 1202
f 1195 1199 1394
f 1196 1198 1197
f 1196 1393 1397
f 1196 1397 1398
f 1196 1398 1198
f 1198 1398 1399
f 1198 1399 1200
f 1199 1201 1394
f 1200 1399 1398
f 1200 1398 1400
f 1200 1400 1201
f 1201 1400 1401
f 1201 1401 1402
f 1201 1402 1403
f 1201 1403 1394
f 1203 1396 1404
f 1203 1404 1405
f 1203 1405 1406
f 1203 1406 1407
f 1203 1407 1204
f 1204 1408 1205
f 1204 1407 1408
f 1205 1408 1206
f 1206 1408 1409
f 1206 1409 1410
f 1206 1410 1208
f 1207 1209 1210
f 1208 1411 1209
f 1208 1410 1412
f 1208 1412 1413
f 1208 1413 1411
f 1209 1414 1415
f 1209 1415 1416
f 1209 1416 1210
f 1209 1411 1414
f 1210 1417 1418
f 1210 1418 1215
f 1210 1215 1214
f 1210 1214 1212
f 1210 1212 1211
f 1210 1416 1415
f 1210 1415 1417
f 1213 1216 1217
f 1215 1419 1216
f 1215 1418 1419
f 1216 1419 1217
f 1217 1419 1420
f 1217 1420 1226
f 1218 1225 1421
f 1218 1421 1422
f 1218 1422 1423
f 1218 1423 1424
f 1221 1226 1222
f 1222 1226 1420
f 1222 1420 1419
f 1222 1419 1425
f 1222 1425 1224
f 1222 1224 1223
f 1224 1425 1426
f 1224 1426 1427
f 1224 1427 1428
f 1224 1428 1225
f 1225 1428 1429
f 1225 1429 1430
f 1225 1430 1421
f 1227 1242 1228
f 1228 1242 1431
f 1228 1431 1254
f 1228 1254 1229
f 1230 1253 1320
f 1230 1320 1231
f 1231 1320 1432
f 1231 1432 1232
f 1232 1432 1321
f 1232 1234 1233
f 1234 1317 1318
f 1234 1318 1433
f 1234 1433 1434
f 1234 1434 1235
f 1235 1434 1433
f 1235 1433 1236
f 1236 1433 1316
f 1236 1316 1435
f 1236 1435 1436
f 1236 1436 1437
f 1236 1437 1237
f 1237 1437 1238
f 1238 1437 1438
f 1238 1438 1439
f 1238 1439 1440
f 1238 1440 1239
f 1239 1440 1441
f 1239 1441 1442
f 1239 1442 1240
f 1240 1442 1443
f 1240 1443 1241
f 1241 1443 1444
f 1241 1444 1445
f 1241 1445 1431
f 1241 1431 1242
f 1243 1296 1446
f 1243 1446 1297
f 1243 1297 1305
f 1243 1305 1244
f 1244 1304 1447
f 1244 1447 1245
f 1245 1448 1449
f 1245 1449 1247
f 1245 1247 1246
f 1245 1447 1448
f 1247 1449 1250
f 1248 1450 1336
f 1248 1336 1249
f 1248 1251 1450
f 1249 1336 1253
f 1249 1253 1252
f 1250 1449 1451
f 1250 1451 1251
f 1251 1451 1452
f 1251 1452 1450
f 1253 1336 1319
f 1253 1319 1453
f 1253 1453 1320
f 1254 1431 1454
f 1255 1264 1256
f 1256 1264 1263
f 1256 1263 1258
f 1259 1455 1260
f 1259 1264 1455
f 1260 1456 1457
f 1260 1457 1458
f 1260 1458 1261
f 1260 1455 1459
f 1260 1459 1456
f 1261 1458 1457
f 1261 1457 1460
f 1261 1460 1461
f 1261 1461 1462
f 1261 1462 1463
f 1261 1463 1265
f 1261 1265 1262
f 1265 1463 1464
f 1265 1464 1465
f 1265 1465 1270
f 1265 1270 1269
f 1266 1270 1267
f 1267 1272 1271
f 1267 1270 1466
f 1267 1466 1272
f 1270 1465 1467
f 1270 1467 1466
f 1272 1466 1468
f 1272 1468 1273
f 1273 1468 1469
f 1273 1469 1274
f 1274 1469 1470
f 1274 1470 1277
f 1274 1277 1276
f 1277 1470 1471
f 1277 1471 1472
f 1277 1472 1284
f 1277 1284 1278
f 1278 1284 1279
f 1279 1284 1282
f 1280 1288 1290
f 1280 1290 1281
f 1283 1285 1286
f 1284 1472 1285
f 1285 1472 1473
f 1285 1473 1287
f 1287 1473 1474
f 1287 1474 1475
f 1287 1475 1288
f 1288 1475 1290
f 1289 1294 1476
f 1289 1476 1298
f 1290 1475 1291
f 1291 1475 1477
f 1291 1477 1478
f 1291 1478 1479
f 1291 1479 1292
f 1292 1480 1481
f 1292 1481 1293
f 1292 1479 1480
f 1293 1482 1476
f 1293 1476 1294
f 1293 1481 1482
f 1295 1297 1446
f 1295 1446 1296
f 1298 1476 1299
f 1299 1476 1483
f 1299 1483 1484
f 1299 1484 1300
f 1300 1484 1301
f 1301 1485 1328
f 1301 1327 1486
f 1301 1486 1487
f 1301 1487 1302
f 1301 1484 1488
f 1301 1488 1485
f 1302 1487 1303
f 1303 1489 1490
f 1303 1490 1491
f 1303 1491 1492
f 1303 1492 1304
f 1303 1487 1489
f 1304 1492 1447
f 1306 1493 1307
f 1307 1493 1494
f 1307 1494 1308
f 1308 1495 1496
f 1308 1496 1497
f 1308 1497 1498
f 1308 1498 1437
f 1308 1437 1309
f 1308 1494 1499
f 1308 1499 1500
f 1308 1500 1495
f 1309 1437 1436
f 1309 1436 1501
f 1309 1501 1310
f 1310 1501 1502
f 1310 1502 1311
f 1311 1502 1315
f 1311 1315 1312
f 1313 1503 1316
f 1313 1316 1314
f 1313 1315 1502
f 1313 1502 1501
f 1313 1501 1503
f 1316 1503 1501
f 1316 1501 1435
f 1316 1433 1318
f 1319 1320 1453
f 1320 1321 1432
f 1322 1504 1505
f 1322 1505 1323
f 1322 1326 1504
f 1323 1505 1324
f 1324 1490 1489
f 1324 1489 1327
f 1324 1505 1490
f 1325 1506 1326
f 1325 1337 1452
f 1325 1452 1507
f 1325 1507 1451
f 1325 1451 1506
f 1326 1506 1448
f 1326 1448 1508
f 1326 1508 1504
f 1327 1489 1487
f 1327 1487 1486
f 1328 1485 1509
f 1328 1509 1329
f 1329 1509 1330
f 1330 1509 1510
f 1330 1510 1331
f 1331 1510 1511
f 1331 1511 1512
f 1331 1512 1332
f 1332 1512 1513
f 1332 1513 1514
f 1332 1514 1515
f 1332 1515 1516
f 1332 1516 1338
f 1332 1338 1334
f 1332 1334 1333
f 1334 1338 1335
f 1336 1450 1452
f 1336 1452 1337
f 1338 1516 1517
f 1338 1517 1518
f 1338 1518 1519
f 1338 1519 1339
f 1339 1519 1340
f 1340 1519 1520
f 1340 1520 1521
f 1340 1521 1522
f 1340 1522 1341
f 1341 1343 1342
f 1341 1522 1523
f 1341 1523 1343
f 1343 1524 1525
f 1343 1525 1347
f 1343 1346 1344
f 1343 1523 1524
f 1344 1346 1345
f 1347 1525 1348
f 1348 1350 1349
f 1348 1525 1524
f 1348 1524 1523
f 1348 1523 1526
f 1348 1526 1527
f 1348 1527 1528
f 1348 1528 1529
f 1348 1529 1356
f 1352 1361 1530
f 1352 1530 1353
f 1353 1530 1531
f 1353 1531 1532
f 1353 1532 1533
f 1353 1533 1534
f 1353 1534 1354
f 1354 1534 1535
f 1354 1535 1536
f 1354 1536 1537
f 1354 1537 1538
f 1354 1538 1362
f 1357 1529 1539
f 1357 1539 1358
f 1358 1539 1540
f 1358 1540 1541
f 1358 1541 1542
f 1358 1542 1359
f 1359 1542 1541
f 1359 1541 1543
f 1359 1543 1544
f 1359 1544 1545
f 1359 1545 1546
f 1359 1546 1361
f 1361 1546 1530
f 1362 1538 1363
f 1363 1538 1547
f 1363 1547 1548
f 1363 1548 1364
f 1364 1548 1547
f 1366 1368 1367
f 1368 1549 1550
f 1368 1550 1369
f 1371 1550 1551
f 1371 1551 1552
f 1371 1552 1553
f 1371 1553 1372
f 1372 1553 1373
f 1373 1553 1374
f 1374 1553 1552
f 1374 1552 1554
f 1374 1554 1555
f 1374 1555 1556
f 1374 1556 1376
f 1374 1376 1375
f 1376 1557 1558
f 1376 1558 1378
f 1376 1378 1377
f 1376 1556 1559
f 1376 1559 1560
f 1376 1560 1561
f 1376 1561 1562
f 1376 1562 1563
f 1376 1563 1557
f 1378 1558 1564
f 1378 1564 1565
f 1378 1565 1566
f 1378 1566 1567
f 1378 1567 1568
f 1378 1568 1569
f 1378 1569 1570
f 1378 1570 1379
f 1379 1570 1381
f 1379 1381 1380
f 1381 1386 1382
f 1381 1570 1386
f 1382 1386 1384
f 1386 1570 1387
f 1387 1570 1569
f 1387 1569 1388
f 1388 1569 1571
f 1388 1571 1389
f 1389 1571 1572
f 1389 1572 1390
f 1390 1572 1573
f 1390 1573 1574
f 1390 1574 1391
f 1391 1574 1392
f 1392 1574 1573
f 1392 1573 1575
f 1392 1575 1576
f 1392 1576 1577
f 1392 1577 1578
f 1392 1578 1393
f 1393 1578 1579
f 1393 1579 1397
f 1394 1403 1395
f 1395 1403 1580
f 1395 1580 1581
f 1395 1581 1582
f 1395 1582 1396
f 1396 1582 1583
f 1396 1583 1404
f 1397 1579 1584
f 1397 1584 1398
f 1398 1584 1585
f 1398 1585 1586
f 1398 1586 1587
f 1398 1587 1588
f 1398 1588 1589
f 1398 1589 1400
f 1400 1589 1590
f 1400 1590 1401
f 1401 1590 1589
f 1401 1589 1591
f 1401 1591 1592
f 1401 1592 1402
f 1402 1592 1593
f 1402 1593 1580
f 1402 1580 1403
f 1404 1583 1594
f 1404 1594 1595
f 1404 1595 1405
f 1405 1595 1406
f 1406 1595 1596
f 1406 1596 1597
f 1406 1597 1598
f 1406 1598 1599
f 1406 1599 1410
f 1406 1410 1409
f 1406 1409 1408
f 1406 1408 1407
f 1410 1599 1412
f 1411 1600 1601
f 1411 1601 1414
f 1411 1413 1600
f 1412 1599 1598
f 1412 1598 1602
f 1412 1602 1413
f 1413 1598 1603
f 1413 1603 1604
f 1413 1604 1605
f 1413 1605 1606
f 1413 1606 1600
f 1413 1602 1598
f 1414 1607 1415
f 1414 1601 1607
f 1415 1607 1608
f 1415 1608 1609
f 1415 1609 1417
f 1417 1609 1418
f 1418 1609 1610
f 1418 1610 1611
f 1418 1611 1419
f 1419 1611 1610
f 1419 1610 1612
f 1419 1612 1427
f 1419 1427 1426
f 1419 1426 1425
f 1421 1430 1422
f 1422 1430 1423
f 1423 1613 1424
f 1423 1430 1614
f 1423 1614 1613
f 1427 1612 1610
f 1427 1610 1615
f 1427 1615 1428
f 1428 1615 1616
f 1428 1616 1617
f 1428 1617 1429
f 1429 1617 1430
f 1430 1617 1618
f 1430 1618 1619
f 1430 1619 1620
f 1430 1620 1614
f 1431 1621 1454
f 1431 1445 1621
f 1435 1501 1436
f 1437 1498 1438
f 1438 1498 1497
f 1438 1497 1439
f 1439 1497 1622
f 1439 1622 1440
f 1440 1622 1623
f 1440 1623 1441
f 1441 1623 1624
f 1441 1624 1442
f 1442 1624 1625
f 1442 1625 1443
f 1443 1625 1444
f 1444 1625 1626
f 1444 1626 1627
f 1444 1627 1621
f 1444 1621 1445
f 1447 1492 1448
f 1448 1506 1451
f 1448 1451 1449
f 1448 1492 1508
f 1451 1507 1452
f 1454 1621 1627
f 1455 1628 1457
f 1455 1457 1456
f 1455 1456 1459
f 1457 1629 1630
f 1457 1630 1631
f 1457 1631 1632
f 1457 1632 1462
f 1457 1462 1460
f 1457 1628 1629
f 1460 1462 1461
f 1462 1632 1633
f 1462 1633 1463
f 1463 1633 1632
f 1463 1632 1464
f 1464 1634 1635
f 1464 1635 1465
f 1464 1632 1636
f 1464 1636 1637
f 1464 1637 1638
f 1464 1638 1639
f 1464 1639 1619
f 1464 1619 1617
f 1464 1617 1640
f 1464 1640 1634
f 1465 1635 1467
f 1466 1467 1635
f 1466 1635 1641
f 1466 1641 1642
f 1466 1642 1468
f 1468 1642 1469
f 1469 1642 1470
f 1470 1642 1471
f 1471 1642 1641
f 1471 1641 1643
f 1471 1643 1644
f 1471 1644 1645
f 1471 1645 1646
f 1471 1646 1472
f 1472 1647 1648
f 1472 1648 1649
f 1472 1649 1473
f 1472 1646 1647
f 1473 1649 1474
f 1474 1649 1650
f 1474 1650 1475
f 1475 1650 1649
f 1475 1649 1651
f 1475 1651 1652
f 1475 1652 1653
f 1475 1653 1477
f 1476 1482 1654
f 1476 1654 1655
f 1476 1655 1483
f 1477 1653 1656
f 1477 1656 1657
f 1477 1657 1479
f 1477 1479 1478
f 1479 1657 1656
f 1479 1656 1658
f 1479 1658 1659
f 1479 1659 1580
f 1479 1580 1593
f 1479 1593 1660
f 1479 1660 1661
f 1479 1661 1481
f 1479 1481 1480
f 1481 1661 1662
f 1481 1662 1663
f 1481 1663 1654
f 1481 1654 1482
f 1483 1655 1484
f 1484 1485 1488
f 1484 1655 1485
f 1485 1655 1509
f 1490 1505 1504
f 1490 1504 1491
f 1491 1504 1492
f 1492 1504 1508
f 1495 1500 1664
f 1495 1664 1496
f 1496 1665 1497
f 1496 1664 1666
f 1496 1666 1665
f 1497 1665 1622
f 1499 1667 1500
f 1500 1667 1807
f 1500 1807 1664
f 1509 1512 1511
f 1509 1511 1510
f 1509 1655 1512
f 1512 1514 1513
f 1512 1655 1514
f 1514 1517 1515
f 1514 1655 1668
f 1514 1668 1669
f 1514 1669 1670
f 1514 1670 1671
f 1514 1671 1517
f 1515 1517 1516
f 1517 1671 1518
f 1518 1671 1519
f 1519 1672 1673
f 1519 1673 1520
f 1519 1671 1674
f 1519 1674 1675
f 1519 1675 1672
f 1520 1673 1521
f 1521 1676 1677
f 1521 1677 1522
f 1521 1673 1672
f 1521 1672 1676
f 1522 1677 1678
f 1522 1678 1523
f 1523 1678 1527
f 1523 1527 1526
f 1527 1678 1679
f 1527 1679 1680
f 1527 1680 1700
f 1527 1700 1681
f 1527 1681 1682
f 1527 1682 1683
f 1527 1683 1528
f 1528 1683 1529
f 1529 1683 1539
f 1530 1546 1531
f 1531 1546 1545
f 1531 1545 1544
f 1531 1544 1684
f 1531 1684 1532
f 1532 1685 1688
f 1532 1688 1533
f 1532 1684 1686
f 1532 1686 1687
f 1532 1687 1685
f 1533 1688 1534
f 1534 1688 1535
f 1535 1685 1689
f 1535 1689 1536
f 1535 1688 1685
f 1536 1689 1690
f 1536 1690 1691
f 1536 1691 1692
f 1536 1692 1693
f 1536 1693 1694
f 1536 1694 1537
f 1537 1694 1695
f 1537 1695 1696
f 1537 1696 1697
f 1537 1697 1538
f 1538 1697 1547
f 1539 1698 1540
f 1539 1683 1698
f 1540 1698 1699
f 1540 1699 1541
f 1541 1699 1700
f 1541 1700 1679
f 1541 1679 1701
f 1541 1701 1702
f 1541 1702 1703
f 1541 1703 1704
f 1541 1704 1705
f 1541 1705 1706
f 1541 1706 1707
f 1541 1707 1543
f 1543 1707 1706
f 1543 1706 1684
f 1543 1684 1544
f 1549 1708 1550
f 1550 1708 1709
f 1550 1709 1710
f 1550 1710 1711
f 1550 1711 1551
f 1551 1712 1552
f 1551 1711 1712
f 1555 1713 1559
f 1555 1559 1556
f 1557 1563 1714
f 1557 1714 1558
f 1558 1714 1564
f 1559 1713 1715
f 1559 1715 1560
f 1560 1716 1717
f 1560 1717 1718
f 1560 1718 1719
f 1560 1719 1561
f 1560 1715 1720
f 1560 1720 1721
f 1560 1721 1722
f 1560 1722 1716
f 1561 1719 1562
f 1562 1718 1723
f 1562 1723 1724
f 1562 1724 1725
f 1562 1725 1726
f 1562 1726 1727
f 1562 1727 1563
f 1562 1719 1718
f 1563 1727 1728
f 1563 1728 1714
f 1564 1729 1730
f 1564 1730 1731
f 1564 1731 1565
f 1564 1714 1732
f 1564 1732 1704
f 1564 1704 1733
f 1564 1733 1729
f 1565 1731 1566
f 1566 1731 1734
f 1566 1734 1567
f 1567 1572 1571
f 1567 1571 1568
f 1567 1734 1572
f 1568 1571 1569
f 1572 1734 1573
f 1573 1734 1735
f 1573 1735 1575
f 1575 1735 1576
f 1576 1735 1736
f 1576 1736 1737
f 1576 1737 1738
f 1576 1738 1577
f 1577 1738 1739
f 1577 1739 1578
f 1578 1739 1584
f 1578 1584 1579
f 1580 1740 1581
f 1580 1659 1740
f 1581 1740 1582
f 1582 1740 1741
f 1582 1741 1583
f 1583 1741 1594
f 1584 1739 1742
f 1584 1742 1585
f 1585 1742 1586
f 1586 1742 1743
f 1586 1743 1744
f 1586 1744 1745
f 1586 1745 1746
f 1586 1746 1587
f 1587 1746 1588
f 1588 1746 1747
f 1588 1747 1589
f 1589 1747 1748
f 1589 1748 1749
f 1589 1749 1592
f 1589 1592 1591
f 1592 1749 1593
f 1593 1749 1660
f 1594 1750 1595
f 1594 1741 1751
f 1594 1751 1750
f 1595 1750 1752
f 1595 1752 1596
f 1596 1752 1597
f 1597 1753 1754
f 1597 1754 1755
f 1597 1755 1756
f 1597 1756 1604
f 1597 1604 1603
f 1597 1603 1598
f 1597 1752 1757
f 1597 1757 1753
f 1600 1758 1601
f 1600 1606 1758
f 1601 1758 1606
f 1601 1606 1759
f 1601 1759 1760
f 1601 1760 1761
f 1601 1761 1607
f 1604 1756 1605
f 1605 1756 1762
f 1605 1762 1763
f 1605 1763 1606
f 1606 1763 1764
f 1606 1764 1760
f 1606 1760 1759
f 1607 1761 1608
f 1608 1765 1609
f 1608 1761 1760
f 1608 1760 1766
f 1608 1766 1765
f 1609 1765 1610
f 1610 1765 1767
f 1610 1767 1615
f 1613 1614 1768
f 1613 1768 1769
f 1614 1620 1768
f 1615 1767 1770
f 1615 1770 1771
f 1615 1771 1616
f 1616 1771 1770
f 1616 1770 1617
f 1617 1767 1772
f 1617 1772 1773
f 1617 1773 1640
f 1617 1619 1618
f 1617 1770 1767
f 1619 1639 1774
f 1619 1774 1620
f 1620 1774 1775
f 1620 1775 1768
f 1622 1665 1666
f 1622 1666 1776
f 1622 1776 1623
f 1623 1776 1777
f 1623 1777 1778
f 1623 1778 1624
f 1624 1778 1779
f 1624 1779 1780
f 1624 1780 1781
f 1624 1781 1782
f 1624 1782 1625
f 1625 1782 1626
f 1631 1783 1632
f 1632 1784 1636
f 1632 1783 1785
f 1632 1785 1784
f 1634 1640 1773
f 1634 1773 1786
f 1634 1786 1763
f 1634 1763 1635
f 1635 1763 1643
f 1635 1643 1641
f 1636 1787 1637
f 1637 1787 1638
f 1638 1787 1788
f 1638 1788 1789
f 1638 1789 1790
f 1638 1790 1775
f 1638 1775 1639
f 1639 1775 1774
f 1643 1763 1644
f 1644 1763 1645
f 1645 1763 1791
f 1645 1791 1792
f 1645 1792 1793
f 1645 1793 1754
f 1645 1754 1794
f 1645 1794 1795
f 1645 1795 1646
f 1646 1795 1647
f 1647 1795 1796
f 1647 1796 1651
f 1647 1651 1648
f 1648 1651 1649
f 1651 1796 1652
f 1652 1796 1653
f 1653 1796 1797
f 1653 1797 1656
f 1654 1663 1655
f 1655 1663 1662
f 1655 1662 1798
f 1655 1798 1799
f 1655 1799 1800
f 1655 1800 1668
f 1656 1659 1658
f 1656 1797 1801
f 1656 1801 1802
f 1656 1802 1757
f 1656 1757 1803
f 1656 1803 1740
f 1656 1740 1659
f 1660 1749 1804
f 1660 1804 1661
f 1661 1804 1662
f 1662 1804 1749
f 1662 1749 1805
f 1662 1805 1806
f 1662 1806 1798
f 1664 1807 1808
f 1664 1808 1666
f 1666 1808 1776
f 1668 1800 1809
f 1668 1809 1669
f 1669 1809 1810
f 1669 1810 1670
f 1670 1810 1811
f 1670 1811 1671
f 1671 1811 1812
f 1671 1812 1813
f 1671 1813 1738
f 1671 1738 1737
f 1671 1737 1814
f 1671 1814 1815
f 1671 1815 1816
f 1671 1816 1817
f 1671 1817 1818
f 1671 1818 1674
f 1672 1675 1819
f 1672 1819 1676
f 1674 1818 1820
f 1674 1820 1819
f 1674 1819 1821
f 1674 1821 1675
f 1675 1821 1819
f 1676 1819 1677
f 1677 1819 1820
f 1677 1820 1822
f 1677 1822 1679
f 1677 1679 1678
f 1679 1820 1823
f 1679 1823 1701
f 1679 1700 1680
f 1679 1822 1820
f 1681 1700 1699
f 1681 1699 1698
f 1681 1698 1683
f 1681 1683 1682
f 1684 1706 1686
f 1685 1687 1824
f 1685 1824 1689
f 1686 1706 1825
f 1686 1825 1824
f 1686 1824 1687
f 1689 1824 1826
f 1689 1826 1690
f 1690 1826 1827
f 1690 1827 1828
f 1690 1828 1691
f 1691 1828 1829
f 1691 1829 1830
f 1691 1830 1831
f 1691 1831 1832
f 1691 1832 1692
f 1692 1832 1693
f 1693 1832 1831
f 1701 1823 1833
f 1701 1833 1834
f 1701 1834 1835
f 1701 1835 1836
f 1701 1836 1702
f 1702 1836 1703
f 1703 1836 1704
f 1704 1836 1837
f 1704 1837 1838
f 1704 1838 1733
f 1704 1732 1714
f 1704 1714 1705
f 1705 1714 1706
f 1706 1714 1825
f 1713 1720 1715
f 1714 1839 1825
f 1714 1728 1726
f 1714 1726 1725
f 1714 1725 1839
f 1716 1722 1840
f 1716 1840 1841
f 1716 1841 1717
f 1717 1841 1723
f 1717 1723 1718
f 1723 1841 1840
f 1723 1840 1842
f 1723 1842 1843
f 1723 1843 1844
f 1723 1844 1724
f 1724 1844 1725
f 1725 1844 1845
f 1725 1845 1829
f 1725 1829 1827
f 1725 1827 1846
f 1725 1846 1839
f 1726 1728 1727
f 1729 1838 1730
f 1729 1733 1838
f 1730 1838 1847
f 1730 1847 1731
f 1731 1847 1815
f 1731 1815 1734
f 1734 1815 1848
f 1734 1848 1735
f 1735 1848 1736
f 1736 1848 1814
f 1736 1814 1737
f 1738 1849 1739
f 1738 1813 1872
f 1738 1872 1849
f 1739 1849 1742
f 1740 1803 1850
f 1740 1850 1741
f 1741 1851 1752
f 1741 1752 1751
f 1741 1850 1851
f 1742 1849 1743
f 1743 1849 1852
f 1743 1852 1853
f 1743 1853 1744
f 1744 1853 1745
f 1745 1853 1854
f 1745 1854 1799
f 1745 1799 1746
f 1746 1799 1806
f 1746 1806 1748
f 1746 1748 1855
f 1746 1855 1747
f 1747 1855 1748
f 1748 1806 1805
f 1748 1805 1749
f 1750 1751 1752
f 1752 1851 1757
f 1753 1757 1754
f 1754 1856 1794
f 1754 1793 1756
f 1754 1756 1755
f 1754 1757 1802
f 1754 1802 1857
f 1754 1857 1856
f 1756 1791 1762
f 1756 1793 1792
f 1756 1792 1791
f 1757 1851 1850
f 1757 1850 1803
f 1760 1767 1766
f 1760 1764 1763
f 1760 1763 1858
f 1760 1858 1773
f 1760 1773 1767
f 1762 1791 1763
f 1763 1786 1773
f 1763 1773 1858
f 1765 1766 1767
f 1767 1773 1772
f 1768 1775 1769
f 1769 1775 1859
f 1775 1790 1859
f 1776 1808 1777
f 1777 1808 1860
f 1777 1860 1778
f 1778 1860 1861
f 1778 1861 1862
f 1778 1862 1779
f 1779 1862 1780
f 1780 1862 1863
f 1780 1863 1864
f 1780 1864 1781
f 1781 1864 1865
f 1781 1865 1782
f 1789 1866 1790
f 1790 1866 1859
f 1794 1856 1795
f 1795 1867 1796
f 1795 1856 1867
f 1796 1867 1868
f 1796 1868 1801
f 1796 1801 1797
f 1798 1806 1799
f 1799 1854 1811
f 1799 1811 1869
f 1799 1869 1800
f 1800 1869 1810
f 1800 1810 1809
f 1801 1868 1802
f 1802 1868 1857
f 1808 1870 1860
f 1810 1869 1811
f 1811 1854 1871
f 1811 1871 1812
f 1812 1871 1813
f 1813 1871 1872
f 1814 1848 1815
f 1815 1847 1873
f 1815 1873 1833
f 1815 1833 1816
f 1816 1833 1817
f 1817 1833 1874
f 1817 1874 1818
f 1818 1874 1875
f 1818 1875 1820
f 1820 1875 1823
f 1823 1875 1874
f 1823 1874 1833
f 1824 1825 1839
f 1824 1839 1826
f 1826 1839 1827
f 1827 1839 1876
f 1827 1876 1846
f 1827 1829 1828
f 1829 1845 1830
f 1830 1845 1831
f 1831 1845 1843
f 1831 1843 1877
f 1833 1873 1834
f 1834 1873 1837
f 1834 1837 1835
f 1835 1837 1836
f 1837 1873 1838
f 1838 1873 1847
f 1839 1846 1876
f 1842 1877 1843
f 1843 1845 1844
f 1849 1872 1852
f 1852 1872 1853
f 1853 1872 1871
f 1853 1871 1854
f 1856 1857 1867
f 1857 1868 1867
f 1860 1870 1861
f 1861 1870 1878
f 1861 1878 1879
f 1861 1879 1862

