# https://github.com/mikedh/trimesh
v -0.00017943 0.06302773 -0.00356415
v -0.00017943 0.06259177 -0.00166115
v -0.00017943 0.06401625 -0.00356415
v 0.00757202 0.06004801 -0.00356415
v -0.00017943 0.06255291 -0.00148528
v -0.00017943 0.06403164 -0.00343498
v -0.00007320 0.06401463 -0.00356415
v 0.00757202 0.06174614 -0.00356415
v 0.00757202 0.06013463 -0.00229306
v -0.00017943 0.06174169 0.00263001
v -0.00017943 0.06177893 0.00244020
v -0.00017943 0.06180848 0.00228980
v -0.00017943 0.06213637 0.00062149
v -0.00017943 0.06216835 0.00045896
v -0.00017943 0.06225092 0.00003931
v -0.00017943 0.06249178 -0.00118449
v -0.00017943 0.06252174 -0.00133428
v -0.00017943 0.06404945 -0.00328519
v -0.00005272 0.06404742 -0.00328519
v 0.00007703 0.06401221 -0.00356415
v 0.00757202 0.06174897 -0.00355142
v 0.00737778 0.06187972 -0.00356415
v 0.00757202 0.06049612 0.00263001
v -0.00017943 0.06376002 0.00263001
v -0.00017943 0.06408507 -0.00298501
v -0.00005272 0.06408305 -0.00298501
v 0.00009752 0.06404499 -0.00328519
v 0.00009752 0.06402718 -0.00343498
v 0.00024775 0.06405997 -0.00313480
v 0.00009752 0.06401180 -0.00356415
v 0.00723665 0.06201128 -0.00339981
v 0.00757202 0.06177326 -0.00343498
v 0.00721085 0.06199388 -0.00356415
v 0.00757202 0.06150731 0.00263001
v -0.00017943 0.06377864 0.00255057
v -0.00011645 0.06375880 0.00263001
v -0.00005272 0.06379685 0.00246385
v -0.00017943 0.06409640 -0.00288919
v 0.00009752 0.06408062 -0.00298501
v 0.00024775 0.06407778 -0.00298501
v 0.00039722 0.06409276 -0.00283461
v 0.00054746 0.06410086 -0.00273940
v 0.00024775 0.06400775 -0.00356415
v 0.00715395 0.06202990 -0.00356415
v 0.00714939 0.06208860 -0.00328519
v 0.00720706 0.06214244 -0.00283461
v 0.00725410 0.06202302 -0.00328519
v 0.00757202 0.06182872 -0.00316815
v 0.00757202 0.06180443 -0.00328519
v 0.00757202 0.06151702 0.00260636
v 0.00751511 0.06154698 0.00263001
v -0.00017943 0.06380050 0.00245536
v -0.00005272 0.06381426 0.00238926
v 0.00009752 0.06391020 0.00196657
v -0.00005272 0.06387741 0.00211636
v -0.00005272 0.06391182 0.00196657
v -0.00005272 0.06375718 0.00263001
v -0.00005272 0.06377256 0.00256634
v -0.00017943 0.06410612 -0.00280671
v -0.00005272 0.06410653 -0.00278609
v 0.00009752 0.06410531 -0.00277578
v 0.00025989 0.06411138 -0.00269937
v 0.00031831 0.06410329 -0.00275880
v 0.00039722 0.06410248 -0.00275274
v 0.00054746 0.06410976 -0.00266420
v 0.00069769 0.06412069 -0.00253442
v 0.00069769 0.06410734 -0.00264358
v 0.00054746 0.06408912 -0.00283461
v 0.00054746 0.06407009 -0.00298501
v 0.00054746 0.06405107 -0.00313480
v 0.00037674 0.06400290 -0.00356415
v 0.00713649 0.06204043 -0.00356415
v 0.00711828 0.06205136 -0.00356415
v 0.00703103 0.06212827 -0.00343498
v 0.00705683 0.06214284 -0.00328519
v 0.00707124 0.06215094 -0.00320150
v 0.00708793 0.06216065 -0.00310144
v 0.00716229 0.06219466 -0.00269331
v 0.00722072 0.06215053 -0.00274910
v 0.00713194 0.06218575 -0.00283461
v 0.00735122 0.06198740 -0.00313480
v 0.00729887 0.06208293 -0.00283461
v 0.00727611 0.06203840 -0.00313480
v 0.00738157 0.06200764 -0.00293406
v 0.00743848 0.06195826 -0.00298440
v 0.00757202 0.06184936 -0.00306566
v 0.00757202 0.06152350 0.00258999
v 0.00757202 0.06153848 0.00255118
v 0.00754471 0.06156600 0.00252752
v 0.00745897 0.06160203 0.00257301
v 0.00733605 0.06167935 0.00256634
v 0.00726093 0.06172509 0.00256634
v 0.00724120 0.06171335 0.00263001
v -0.00017943 0.06388267 0.00209271
v 0.00009752 0.06395756 0.00176099
v 0.00009752 0.06381223 0.00237955
v 0.00024775 0.06390453 0.00196657
v 0.00024775 0.06395553 0.00175068
v -0.00005272 0.06395796 0.00176220
v -0.00017943 0.06394339 0.00182406
v -0.00017943 0.06391586 0.00194595
v 0.00009752 0.06375233 0.00263001
v 0.00009752 0.06376771 0.00256634
v -0.00017943 0.06412029 -0.00268482
v -0.00005272 0.06411826 -0.00268482
v 0.00009752 0.06411584 -0.00268482
v 0.00024775 0.06413041 -0.00253442
v 0.00054746 0.06414215 -0.00238463
v 0.00039722 0.06411138 -0.00267754
v 0.00069769 0.06413810 -0.00238463
v 0.00084792 0.06413243 -0.00238463
v 0.00099740 0.06412596 -0.00238463
v 0.00069769 0.06409802 -0.00271817
v 0.00080847 0.06410491 -0.00262296
v 0.00069769 0.06406402 -0.00298501
v 0.00054746 0.06401261 -0.00343498
v 0.00039722 0.06400209 -0.00356415
v 0.00699764 0.06212098 -0.00356415
v 0.00696198 0.06214082 -0.00356415
v 0.00695591 0.06216997 -0.00343498
v 0.00674346 0.06243592 -0.00268482
v 0.00690052 0.06228938 -0.00298501
v 0.00691721 0.06229869 -0.00288858
v 0.00699005 0.06226671 -0.00283703
v 0.00723589 0.06215985 -0.00264904
v 0.00702572 0.06227481 -0.00268482
v 0.00676243 0.06244644 -0.00257263
v 0.00730949 0.06204610 -0.00298440
v 0.00729128 0.06211491 -0.00269331
v 0.00739523 0.06201776 -0.00283461
v 0.00757202 0.06186556 -0.00298501
v 0.00757202 0.06158584 0.00241958
v 0.00744455 0.06166518 0.00242079
v 0.00736412 0.06169635 0.00247294
v 0.00708111 0.06185705 0.00250327
v 0.00713877 0.06180200 0.00255845
v 0.00705075 0.06183884 0.00260333
v 0.00697109 0.06187608 0.00263001
v 0.00009752 0.06397780 0.00166638
v 0.00024775 0.06379159 0.00244262
v 0.00039722 0.06378835 0.00242868
v 0.00039722 0.06386243 0.00211636
v 0.00039722 0.06389765 0.00196657
v 0.00153839 0.06368513 0.00263001
v 0.00032590 0.06395351 0.00174219
v 0.00024775 0.06397335 0.00166638
v -0.00005272 0.06397780 0.00166638
v -0.00017943 0.06397739 0.00166638
v -0.00017943 0.06396080 0.00174582
v -0.00017943 0.06395756 0.00176099
v 0.00018401 0.06374909 0.00263001
v 0.00024775 0.06374666 0.00263001
v -0.00017943 0.06413486 -0.00255807
v 0.00054746 0.06415834 -0.00223484
v 0.00069769 0.06415510 -0.00223484
v 0.00024775 0.06414700 -0.00238463
v 0.00084792 0.06414984 -0.00223484
v 0.00099740 0.06414417 -0.00223484
v 0.00099740 0.06410045 -0.00258779
v 0.00085399 0.06409600 -0.00267754
v 0.00110970 0.06410653 -0.00248591
v 0.00069769 0.06404459 -0.00313480
v 0.00054746 0.06399601 -0.00356415
v 0.00084792 0.06407617 -0.00283461
v 0.00684058 0.06220640 -0.00356415
v 0.00684893 0.06222826 -0.00343498
v 0.00679885 0.06231610 -0.00313480
v 0.00671539 0.06242134 -0.00283461
v 0.00666834 0.06247640 -0.00268482
v 0.00693391 0.06230800 -0.00278852
v 0.00684893 0.06237601 -0.00268482
v 0.00677760 0.06245494 -0.00247256
v 0.00704848 0.06228776 -0.00253442
v 0.00714939 0.06222866 -0.00253442
v 0.00707655 0.06230395 -0.00231974
v 0.00724879 0.06216875 -0.00253442
v 0.00732391 0.06211775 -0.00253442
v 0.00670704 0.06248409 -0.00252714
v 0.00741420 0.06203193 -0.00268482
v 0.00747035 0.06196514 -0.00283461
v 0.00757202 0.06188701 -0.00286796
v 0.00757202 0.06163280 0.00227282
v 0.00749463 0.06168461 0.00226615
v 0.00741951 0.06173116 0.00226615
v 0.00723665 0.06186029 0.00221460
v 0.00720934 0.06184410 0.00231466
v 0.00730797 0.06174857 0.00242079
v 0.00718126 0.06182670 0.00241655
v 0.00689825 0.06198740 0.00244626
v 0.00679885 0.06201776 0.00252995
v 0.00684893 0.06197080 0.00257483
v 0.00676622 0.06199833 0.00263001
v 0.00009752 0.06400573 0.00151598
v -0.00005272 0.06400654 0.00151598
v 0.00033349 0.06374301 0.00263001
v 0.00039722 0.06375556 0.00256634
v 0.00054746 0.06373370 0.00263001
v 0.00058919 0.06380171 0.00233468
v 0.00084792 0.06373451 0.00256634
v 0.00093366 0.06371508 0.00263001
v 0.00159758 0.06368189 0.00263001
v 0.00159758 0.06369646 0.00256634
v 0.00042530 0.06395068 0.00172884
v 0.00054746 0.06396323 0.00163848
v 0.00054746 0.06398630 0.00151598
v 0.00024775 0.06400128 0.00151598
v -0.00017943 0.06400613 0.00151598
v -0.00017943 0.06413729 -0.00253442
v 0.00009752 0.06414903 -0.00238463
v 0.00054746 0.06416967 -0.00208444
v 0.00069769 0.06416724 -0.00208444
v 0.00024775 0.06416158 -0.00223484
v 0.00084792 0.06416279 -0.00208444
v 0.00099740 0.06415753 -0.00208444
v 0.00114763 0.06413446 -0.00223484
v 0.00099740 0.06408790 -0.00268482
v 0.00115522 0.06411422 -0.00239433
v 0.00115522 0.06409640 -0.00253503
v 0.00114763 0.06407778 -0.00268482
v 0.00069769 0.06398751 -0.00356415
v 0.00084792 0.06405633 -0.00298501
v 0.00099740 0.06406807 -0.00283461
v 0.00670476 0.06227845 -0.00356415
v 0.00674194 0.06228574 -0.00343498
v 0.00678140 0.06230638 -0.00322940
v 0.00662509 0.06245332 -0.00291284
v 0.00654922 0.06253833 -0.00268482
v 0.00669869 0.06250959 -0.00238463
v 0.00678898 0.06246142 -0.00238463
v 0.00686410 0.06241811 -0.00238463
v 0.00700827 0.06233593 -0.00237553
v 0.00706365 0.06229667 -0.00241980
v 0.00688231 0.06242944 -0.00223484
v 0.00699916 0.06236103 -0.00223484
v 0.00708490 0.06230962 -0.00223484
v 0.00716002 0.06226226 -0.00223484
v 0.00727762 0.06218737 -0.00223484
v 0.00735274 0.06213799 -0.00223484
v 0.00742937 0.06204326 -0.00253442
v 0.00653784 0.06257072 -0.00253381
v 0.00757202 0.06192709 -0.00262357
v 0.00748932 0.06197769 -0.00268482
v 0.00757202 0.06189430 -0.00282733
v 0.00757202 0.06189308 -0.00283461
v 0.00757202 0.06167328 0.00213637
v 0.00751663 0.06169837 0.00217458
v 0.00733681 0.06182953 0.00211636
v 0.00726169 0.06187608 0.00211636
v 0.00708111 0.06200724 0.00205450
v 0.00705455 0.06199104 0.00215456
v 0.00692632 0.06200440 0.00234620
v 0.00684893 0.06203152 0.00240442
v 0.00669338 0.06211572 0.00241837
v 0.00661068 0.06214527 0.00246931
v 0.00670932 0.06205217 0.00257483
v 0.00663496 0.06207281 0.00263001
v 0.00009752 0.06403123 0.00136619
v -0.00005272 0.06403204 0.00136619
v -0.00017943 0.06403245 0.00136619
v 0.00048372 0.06373654 0.00263001
v 0.00078419 0.06372237 0.00263001
v 0.00174781 0.06366934 0.00263001
v 0.00159758 0.06372804 0.00241655
v 0.00080164 0.06395513 0.00160089
v 0.00069769 0.06395877 0.00161726
v 0.00069769 0.06394258 0.00169246
v 0.00054746 0.06394703 0.00171308
v 0.00174781 0.06368351 0.00256634
v 0.00069769 0.06397739 0.00151598
v 0.00069769 0.06400290 0.00136619
v 0.00054746 0.06401099 0.00136619
v 0.00024775 0.06402637 0.00136619
v -0.00017943 0.06415186 -0.00238463
v -0.00005272 0.06415065 -0.00238463
v 0.00054746 0.06417575 -0.00193465
v 0.00069769 0.06417413 -0.00193465
v 0.00009752 0.06416239 -0.00223484
v -0.00017943 0.06416320 -0.00223484
v -0.00017943 0.06417170 -0.00208444
v 0.00084792 0.06417048 -0.00193465
v 0.00099740 0.06416603 -0.00193465
v 0.00114763 0.06415672 -0.00193465
v 0.00114763 0.06414781 -0.00208444
v 0.00129787 0.06413243 -0.00208444
v 0.00131077 0.06411624 -0.00224697
v 0.00126903 0.06410855 -0.00235067
v 0.00120985 0.06410207 -0.00245073
v 0.00129787 0.06406362 -0.00268482
v 0.00114763 0.06405754 -0.00283461
v 0.00129787 0.06404418 -0.00283461
v 0.00129787 0.06402394 -0.00298501
v 0.00099740 0.06404742 -0.00298501
v 0.00084792 0.06397699 -0.00356415
v 0.00656060 0.06235334 -0.00356415
v 0.00664254 0.06231245 -0.00355748
v 0.00655301 0.06247883 -0.00297166
v 0.00654922 0.06250838 -0.00283461
v 0.00644754 0.06258974 -0.00268482
v 0.00646575 0.06259905 -0.00258354
v 0.00628517 0.06258326 -0.00313480
v 0.00630793 0.06259460 -0.00301897
v 0.00632766 0.06260431 -0.00291890
v 0.00669869 0.06252740 -0.00223484
v 0.00680719 0.06247073 -0.00223484
v 0.00656819 0.06257598 -0.00238463
v 0.00689521 0.06243673 -0.00208444
v 0.00699916 0.06237439 -0.00208444
v 0.00709476 0.06231569 -0.00208444
v 0.00716988 0.06226874 -0.00208444
v 0.00728825 0.06219344 -0.00208444
v 0.00736336 0.06214527 -0.00208444
v 0.00744910 0.06208617 -0.00208444
v 0.00754546 0.06201857 -0.00208444
v 0.00744910 0.06206917 -0.00223484
v 0.00745897 0.06204367 -0.00237250
v 0.00757202 0.06196230 -0.00237250
v 0.00757202 0.06194571 -0.00249500
v 0.00757202 0.06194004 -0.00253442
v 0.00648093 0.06260634 -0.00248348
v 0.00757202 0.06191899 -0.00267633
v 0.00757202 0.06168218 0.00210362
v 0.00736185 0.06184491 0.00200659
v 0.00717595 0.06197283 0.00196657
v 0.00700220 0.06203638 0.00210908
v 0.00710083 0.06201938 0.00196657
v 0.00699916 0.06207888 0.00196657
v 0.00679505 0.06216430 0.00208119
v 0.00684665 0.06212179 0.00212546
v 0.00684893 0.06207646 0.00226615
v 0.00694832 0.06201776 0.00226615
v 0.00676850 0.06214973 0.00218125
v 0.00664027 0.06216146 0.00236924
v 0.00644830 0.06228898 0.00229890
v 0.00624116 0.06241203 0.00226312
v 0.00634815 0.06231569 0.00237895
v 0.00650369 0.06216835 0.00256634
v 0.00657881 0.06212827 0.00256634
v 0.00655908 0.06211532 0.00263001
v 0.00009752 0.06405390 0.00121580
v -0.00005272 0.06405511 0.00121580
v 0.00024775 0.06404945 0.00121580
v -0.00017943 0.06403609 0.00134254
v 0.00194660 0.06365031 0.00263001
v 0.00174781 0.06371427 0.00241655
v 0.00159758 0.06375880 0.00226615
v 0.00155205 0.06380576 0.00205390
v 0.00090104 0.06395149 0.00158269
v 0.00123261 0.06395391 0.00144503
v 0.00085020 0.06396565 0.00152569
v 0.00189728 0.06366691 0.00257422
v 0.00189804 0.06373047 0.00226615
v 0.00084792 0.06399358 0.00136619
v 0.00069769 0.06402597 0.00121580
v 0.00054746 0.06403447 0.00121580
v 0.00084792 0.06401706 0.00121580
v 0.00039722 0.06404216 0.00121580
v 0.00054746 0.06418141 -0.00178426
v 0.00024775 0.06417656 -0.00193465
v 0.00069769 0.06417979 -0.00178426
v 0.00084792 0.06417696 -0.00178426
v -0.00017943 0.06417615 -0.00193465
v -0.00005272 0.06417656 -0.00193465
v 0.00099740 0.06417332 -0.00178426
v 0.00114763 0.06416522 -0.00178426
v 0.00129787 0.06415105 -0.00178426
v 0.00129787 0.06414215 -0.00193465
v 0.00144810 0.06412596 -0.00193465
v 0.00151867 0.06410288 -0.00215236
v 0.00141851 0.06410855 -0.00220573
v 0.00136919 0.06410288 -0.00230579
v 0.00129787 0.06408264 -0.00253442
v 0.00144810 0.06406685 -0.00253442
v 0.00144810 0.06404823 -0.00268482
v 0.00144810 0.06402961 -0.00283461
v 0.00144810 0.06401018 -0.00298501
v 0.00114763 0.06403649 -0.00298501
v 0.00144810 0.06398994 -0.00313480
v 0.00146024 0.06396606 -0.00329793
v 0.00129787 0.06398185 -0.00328519
v 0.00099740 0.06400532 -0.00328519
v 0.00099664 0.06396606 -0.00356415
v 0.00644679 0.06243875 -0.00343498
v 0.00634511 0.06246344 -0.00356415
v 0.00646575 0.06244847 -0.00333977
v 0.00639898 0.06252497 -0.00313480
v 0.00634359 0.06261282 -0.00283461
v 0.00595435 0.06278040 -0.00297591
v 0.00578591 0.06286460 -0.00297530
v 0.00604389 0.06276259 -0.00283461
v 0.00607044 0.06277554 -0.00268482
v 0.00616301 0.06274761 -0.00257141
v 0.00565464 0.06292977 -0.00297530
v 0.00572673 0.06290427 -0.00291830
v 0.00624875 0.06251243 -0.00356415
v 0.00614859 0.06259015 -0.00343498
v 0.00618805 0.06260958 -0.00324395
v 0.00621005 0.06262091 -0.00313480
v 0.00625406 0.06263022 -0.00297530
v 0.00669869 0.06254117 -0.00208444
v 0.00658640 0.06258448 -0.00223484
v 0.00660157 0.06259136 -0.00208444
v 0.00682009 0.06247761 -0.00208444
v 0.00617743 0.06275450 -0.00247196
v 0.00618805 0.06275976 -0.00238463
v 0.00628138 0.06273223 -0.00223484
v 0.00682616 0.06248166 -0.00193465
v 0.00690128 0.06243956 -0.00193465
v 0.00699916 0.06238046 -0.00193465
v 0.00709932 0.06231853 -0.00193465
v 0.00731329 0.06219061 -0.00178244
v 0.00729432 0.06219668 -0.00193465
v 0.00736943 0.06214932 -0.00193465
v 0.00744910 0.06209751 -0.00193465
v 0.00757202 0.06202505 -0.00178426
v 0.00757202 0.06201736 -0.00190736
v 0.00757202 0.06201533 -0.00193465
v 0.00757202 0.06200440 -0.00203896
v 0.00757202 0.06199954 -0.00208444
v 0.00757202 0.06198052 -0.00223484
v 0.00610762 0.06278081 -0.00252714
v 0.00757202 0.06171618 0.00196657
v 0.00753788 0.06171214 0.00207451
v 0.00743772 0.06180605 0.00196050
v 0.00720478 0.06199064 0.00181617
v 0.00712967 0.06203760 0.00181617
v 0.00699157 0.06211775 0.00181981
v 0.00691646 0.06214851 0.00187257
v 0.00689673 0.06213718 0.00196657
v 0.00631628 0.06244847 0.00202357
v 0.00647789 0.06230517 0.00219883
v 0.00666986 0.06217766 0.00226615
v 0.00639898 0.06237479 0.00211636
v 0.00628972 0.06243430 0.00211636
v 0.00618577 0.06245899 0.00221036
v 0.00615315 0.06244239 0.00231042
v 0.00631552 0.06229829 0.00247901
v 0.00645361 0.06217239 0.00263001
v 0.00639898 0.06222380 0.00256634
v 0.00648245 0.06215701 0.00263001
v 0.00009752 0.06407009 0.00106601
v -0.00005272 0.06407171 0.00106601
v 0.00024775 0.06406604 0.00106601
v -0.00017943 0.06407252 0.00106601
v -0.00017943 0.06405835 0.00119215
v -0.00017943 0.06405552 0.00121580
v 0.00054746 0.06405269 0.00106601
v 0.00039722 0.06405997 0.00106601
v 0.00204828 0.06363615 0.00263001
v 0.00204828 0.06364384 0.00260090
v 0.00204828 0.06366044 0.00252571
v 0.00204828 0.06368351 0.00241655
v 0.00204828 0.06371508 0.00226615
v 0.00204828 0.06374625 0.00211636
v 0.00174781 0.06374504 0.00226615
v 0.00204828 0.06383895 0.00166638
v 0.00190639 0.06381952 0.00182830
v 0.00186238 0.06380697 0.00191017
v 0.00174781 0.06381223 0.00193625
v 0.00160061 0.06379038 0.00210908
v 0.00174781 0.06383652 0.00181617
v 0.00159758 0.06391020 0.00151598
v 0.00144810 0.06389279 0.00166638
v 0.00128876 0.06396282 0.00137105
v 0.00114763 0.06397375 0.00136619
v 0.00133277 0.06395027 0.00142381
v 0.00155205 0.06395553 0.00130312
v 0.00114763 0.06399804 0.00121580
v 0.00099740 0.06400775 0.00121580
v 0.00084792 0.06403690 0.00106601
v 0.00069769 0.06404499 0.00106601
v 0.00114763 0.06401868 0.00106601
v 0.00099740 0.06402799 0.00106601
v 0.00054746 0.06418344 -0.00163447
v 0.00069769 0.06418222 -0.00163447
v 0.00039722 0.06418141 -0.00178426
v 0.00099740 0.06417615 -0.00163447
v -0.00017943 0.06417777 -0.00178426
v -0.00005272 0.06417898 -0.00178426
v 0.00009752 0.06418020 -0.00178426
v 0.00114763 0.06416886 -0.00163447
v 0.00129787 0.06415632 -0.00163447
v 0.00144810 0.06414174 -0.00163447
v 0.00144810 0.06413567 -0.00178426
v 0.00157557 0.06411057 -0.00193465
v 0.00167117 0.06410288 -0.00185582
v 0.00159682 0.06409600 -0.00209536
v 0.00174781 0.06405997 -0.00223484
v 0.00159758 0.06408305 -0.00223484
v 0.00159758 0.06406645 -0.00238463
v 0.00159758 0.06404945 -0.00253442
v 0.00144810 0.06408467 -0.00238463
v 0.00159758 0.06403164 -0.00268482
v 0.00159758 0.06401342 -0.00283461
v 0.00159758 0.06399480 -0.00298501
v 0.00159758 0.06397537 -0.00313480
v 0.00114763 0.06401544 -0.00313480
v 0.00159758 0.06395918 -0.00325305
v 0.00151791 0.06395270 -0.00335675
v 0.00141851 0.06395715 -0.00338586
v 0.00128876 0.06396080 -0.00343559
v 0.00114763 0.06395756 -0.00353929
v 0.00107403 0.06395999 -0.00356415
v 0.00114763 0.06399399 -0.00328519
v 0.00632842 0.06247194 -0.00356415
v 0.00561064 0.06292127 -0.00313480
v 0.00570852 0.06289496 -0.00301836
v 0.00548392 0.06301397 -0.00297045
v 0.00574114 0.06291115 -0.00283461
v 0.00564857 0.06295609 -0.00283461
v 0.00542398 0.06305283 -0.00291041
v 0.00584054 0.06288686 -0.00268482
v 0.00586330 0.06289779 -0.00253442
v 0.00549834 0.06297673 -0.00313480
v 0.00540577 0.06304514 -0.00301048
v 0.00605678 0.06260917 -0.00356415
v 0.00594904 0.06269013 -0.00343498
v 0.00653632 0.06263548 -0.00193465
v 0.00661144 0.06259622 -0.00193465
v 0.00652646 0.06262901 -0.00208444
v 0.00593614 0.06293301 -0.00193465
v 0.00601126 0.06289658 -0.00193465
v 0.00602112 0.06290144 -0.00184429
v 0.00639898 0.06269175 -0.00208444
v 0.00639898 0.06270551 -0.00193465
v 0.00632159 0.06275166 -0.00184490
v 0.00669869 0.06255007 -0.00193465
v 0.00662358 0.06260229 -0.00169996
v 0.00669869 0.06255776 -0.00178426
v 0.00587317 0.06290265 -0.00245801
v 0.00581322 0.06293868 -0.00239858
v 0.00590048 0.06291601 -0.00223484
v 0.00579881 0.06298240 -0.00208444
v 0.00591869 0.06292451 -0.00208444
v 0.00683072 0.06248490 -0.00178426
v 0.00668579 0.06257031 -0.00164356
v 0.00690583 0.06244199 -0.00178426
v 0.00699916 0.06238572 -0.00178426
v 0.00710387 0.06232136 -0.00178426
v 0.00737550 0.06215337 -0.00173089
v 0.00743469 0.06211370 -0.00178244
v 0.00757202 0.06203152 -0.00163447
v 0.00757202 0.06174736 0.00182830
v 0.00729887 0.06192911 0.00181617
v 0.00721996 0.06199995 0.00172642
v 0.00705683 0.06214203 0.00151598
v 0.00703103 0.06212746 0.00166638
v 0.00716153 0.06204691 0.00167245
v 0.00695591 0.06217077 0.00166638
v 0.00684134 0.06226752 0.00151962
v 0.00693618 0.06215944 0.00177251
v 0.00671842 0.06227157 0.00181617
v 0.00633752 0.06246021 0.00192351
v 0.00639216 0.06241851 0.00197081
v 0.00682161 0.06217928 0.00196657
v 0.00625937 0.06249097 0.00197081
v 0.00621461 0.06247437 0.00211636
v 0.00610155 0.06248287 0.00226312
v 0.00605299 0.06246709 0.00238380
v 0.00601809 0.06245009 0.00248386
v 0.00610155 0.06242782 0.00242686
v 0.00621081 0.06232217 0.00256634
v 0.00628593 0.06228290 0.00256634
v 0.00639747 0.06220194 0.00263001
v 0.00009752 0.06408224 0.00091622
v -0.00005272 0.06408426 0.00091622
v 0.00024775 0.06407859 0.00091622
v -0.00017943 0.06408750 0.00089257
v -0.00017943 0.06408548 0.00091622
v 0.00054746 0.06406726 0.00091622
v 0.00039722 0.06407333 0.00091622
v 0.00084792 0.06405269 0.00091622
v 0.00219320 0.06360984 0.00263001
v 0.00213174 0.06365477 0.00249963
v 0.00225693 0.06380090 0.00173188
v 0.00219851 0.06385433 0.00151598
v 0.00219851 0.06388550 0.00136619
v 0.00204828 0.06386972 0.00151598
v 0.00204828 0.06393084 0.00121580
v 0.00197164 0.06395311 0.00113999
v 0.00174781 0.06392720 0.00136619
v 0.00144810 0.06392275 0.00151598
v 0.00144810 0.06397739 0.00121580
v 0.00129787 0.06398792 0.00121580
v 0.00144810 0.06399966 0.00106601
v 0.00144810 0.06401868 0.00091622
v 0.00129787 0.06402759 0.00091622
v 0.00159758 0.06402718 0.00076582
v 0.00144810 0.06403568 0.00076582
v 0.00099740 0.06404459 0.00091622
v 0.00174781 0.06400006 0.00091622
v 0.00039722 0.06418222 -0.00163447
v 0.00039722 0.06417939 -0.00148407
v 0.00054746 0.06418020 -0.00148407
v 0.00069769 0.06417898 -0.00148407
v 0.00084792 0.06417615 -0.00148407
v 0.00099740 0.06417332 -0.00148407
v 0.00114763 0.06416684 -0.00148407
v -0.00017943 0.06417696 -0.00163447
v 0.00009752 0.06417979 -0.00163447
v 0.00129787 0.06415591 -0.00148407
v 0.00144810 0.06414255 -0.00148407
v 0.00159758 0.06412757 -0.00148407
v 0.00159758 0.06412515 -0.00163447
v 0.00161199 0.06411503 -0.00179699
v 0.00165069 0.06410005 -0.00193465
v 0.00169394 0.06410653 -0.00175575
v 0.00174553 0.06409560 -0.00179699
v 0.00174781 0.06408507 -0.00193465
v 0.00174781 0.06407333 -0.00208444
v 0.00189804 0.06404823 -0.00208444
v 0.00189804 0.06403447 -0.00223484
v 0.00189804 0.06401990 -0.00238463
v 0.00189804 0.06400492 -0.00253442
v 0.00189804 0.06398954 -0.00268482
v 0.00174781 0.06404459 -0.00238463
v 0.00174781 0.06402880 -0.00253442
v 0.00174781 0.06401261 -0.00268482
v 0.00174781 0.06399520 -0.00283461
v 0.00174781 0.06397699 -0.00298501
v 0.00174022 0.06395999 -0.00312813
v 0.00168483 0.06395472 -0.00322030
v 0.00159758 0.06394825 -0.00332764
v 0.00159758 0.06393165 -0.00343498
v 0.00146024 0.06394582 -0.00343559
v 0.00133277 0.06394946 -0.00348592
v 0.00123261 0.06395391 -0.00351503
v 0.00114763 0.06395351 -0.00356415
v 0.00564250 0.06287310 -0.00329065
v 0.00558787 0.06290994 -0.00324395
v 0.00550972 0.06293908 -0.00329065
v 0.00535266 0.06307348 -0.00297045
v 0.00534811 0.06309453 -0.00283461
v 0.00543612 0.06305850 -0.00283461
v 0.00553476 0.06303421 -0.00268482
v 0.00564857 0.06297956 -0.00268482
v 0.00578819 0.06293382 -0.00253442
v 0.00538073 0.06303340 -0.00313480
v 0.00530562 0.06306700 -0.00313480
v 0.00594904 0.06266301 -0.00356415
v 0.00632842 0.06275530 -0.00174484
v 0.00640961 0.06271887 -0.00163447
v 0.00654391 0.06263994 -0.00178426
v 0.00661902 0.06260027 -0.00178426
v 0.00623889 0.06278526 -0.00193465
v 0.00631400 0.06274802 -0.00193465
v 0.00579881 0.06299899 -0.00193465
v 0.00578591 0.06302166 -0.00178001
v 0.00596194 0.06293544 -0.00179032
v 0.00603023 0.06290589 -0.00174423
v 0.00594904 0.06295568 -0.00163447
v 0.00626241 0.06278566 -0.00179032
v 0.00605527 0.06292006 -0.00133428
v 0.00641568 0.06272171 -0.00148407
v 0.00662661 0.06260431 -0.00159990
v 0.00564857 0.06300061 -0.00253442
v 0.00563795 0.06302369 -0.00238706
v 0.00579881 0.06296499 -0.00223484
v 0.00566830 0.06302692 -0.00223484
v 0.00568651 0.06303543 -0.00208444
v 0.00570396 0.06304393 -0.00193465
v 0.00683451 0.06248733 -0.00163447
v 0.00670476 0.06256424 -0.00148407
v 0.00662965 0.06260593 -0.00148407
v 0.00690963 0.06244442 -0.00163447
v 0.00699916 0.06239018 -0.00163447
v 0.00710766 0.06232338 -0.00163447
v 0.00737778 0.06215458 -0.00163447
v 0.00745290 0.06210763 -0.00163447
v 0.00757202 0.06203395 -0.00156048
v 0.00757202 0.06177974 0.00167366
v 0.00749387 0.06183277 0.00166638
v 0.00741875 0.06188215 0.00166638
v 0.00723513 0.06200966 0.00162636
v 0.00707048 0.06215053 0.00142987
v 0.00729052 0.06196473 0.00167245
v 0.00698171 0.06218697 0.00151598
v 0.00683072 0.06233674 0.00121580
v 0.00680492 0.06232096 0.00136619
v 0.00669111 0.06241730 0.00121883
v 0.00678595 0.06230922 0.00147171
v 0.00670932 0.06234160 0.00151962
v 0.00667289 0.06232986 0.00166638
v 0.00643389 0.06243025 0.00181617
v 0.00635877 0.06247194 0.00181617
v 0.00624875 0.06253024 0.00181617
v 0.00613570 0.06258569 0.00181617
v 0.00609169 0.06257274 0.00196596
v 0.00609852 0.06252943 0.00211636
v 0.00593462 0.06256100 0.00225341
v 0.00596042 0.06249583 0.00242686
v 0.00586027 0.06247397 0.00263001
v 0.00588986 0.06246021 0.00263001
v 0.00596573 0.06242337 0.00263001
v 0.00609776 0.06235698 0.00263001
v 0.00609852 0.06237965 0.00256634
v 0.00618881 0.06231043 0.00263001
v 0.00626468 0.06227116 0.00263001
v 0.00009752 0.06409357 0.00076582
v -0.00005272 0.06409600 0.00076582
v -0.00017943 0.06409843 0.00075612
v 0.00054746 0.06407981 0.00076582
v 0.00039722 0.06408507 0.00076582
v 0.00024775 0.06408993 0.00076582
v 0.00069769 0.06407374 0.00076582
v 0.00084792 0.06406685 0.00076582
v 0.00114763 0.06405188 0.00076582
v 0.00099740 0.06405957 0.00076582
v 0.00218865 0.06362927 0.00255663
v 0.00234799 0.06357583 0.00263001
v 0.00223190 0.06364424 0.00245293
v 0.00218865 0.06366367 0.00240806
v 0.00231688 0.06381223 0.00163181
v 0.00234799 0.06389643 0.00121580
v 0.00234799 0.06392801 0.00106601
v 0.00219851 0.06391627 0.00121580
v 0.00221065 0.06394420 0.00106419
v 0.00226832 0.06395270 0.00098838
v 0.00204828 0.06397982 0.00091622
v 0.00191246 0.06396606 0.00108056
v 0.00174781 0.06397942 0.00106601
v 0.00189804 0.06400897 0.00076582
v 0.00174781 0.06401828 0.00076582
v 0.00174781 0.06403325 0.00061603
v 0.00204828 0.06399925 0.00076582
v 0.00009752 0.06417696 -0.00148407
v -0.00005272 0.06416886 -0.00118449
v 0.00009752 0.06417008 -0.00118449
v 0.00054746 0.06417129 -0.00118449
v 0.00069769 0.06417494 -0.00133428
v 0.00024775 0.06417089 -0.00118449
v 0.00039722 0.06417129 -0.00118449
v 0.00039722 0.06416684 -0.00103409
v 0.00099740 0.06416886 -0.00133428
v 0.00114763 0.06416320 -0.00133428
v 0.00144810 0.06413931 -0.00118449
v -0.00017943 0.06417413 -0.00148407
v 0.00144810 0.06414174 -0.00133428
v 0.00159758 0.06412798 -0.00133428
v 0.00174250 0.06411179 -0.00133428
v 0.00173339 0.06411138 -0.00148407
v 0.00171518 0.06410936 -0.00163447
v 0.00179030 0.06409843 -0.00163447
v 0.00204828 0.06405795 -0.00163447
v 0.00189804 0.06407212 -0.00178426
v 0.00189804 0.06406078 -0.00193465
v 0.00204828 0.06403568 -0.00193465
v 0.00272509 0.06395351 -0.00156291
v 0.00204828 0.06400856 -0.00223484
v 0.00204828 0.06397942 -0.00253442
v 0.00197544 0.06395351 -0.00291345
v 0.00189804 0.06397375 -0.00283461
v 0.00193674 0.06394825 -0.00301351
v 0.00183658 0.06395513 -0.00307355
v 0.00178499 0.06394825 -0.00317361
v 0.00174022 0.06393975 -0.00327610
v 0.00159758 0.06391020 -0.00356415
v 0.00157861 0.06391222 -0.00356415
v 0.00174781 0.06391424 -0.00343498
v 0.00172732 0.06389562 -0.00356415
v 0.00144962 0.06392517 -0.00356415
v 0.00125234 0.06394379 -0.00356415
v 0.00563492 0.06281764 -0.00356415
v 0.00547103 0.06292613 -0.00343498
v 0.00534811 0.06298523 -0.00343498
v 0.00534052 0.06302166 -0.00328459
v 0.00575556 0.06275854 -0.00356415
v 0.00519863 0.06311031 -0.00313480
v 0.00519863 0.06313339 -0.00298501
v 0.00534811 0.06311436 -0.00268482
v 0.00545964 0.06306943 -0.00268482
v 0.00555601 0.06304474 -0.00253442
v 0.00528437 0.06305769 -0.00323425
v 0.00611369 0.06287229 -0.00163447
v 0.00594904 0.06296661 -0.00148407
v 0.00594904 0.06297632 -0.00133428
v 0.00571610 0.06304959 -0.00182731
v 0.00572748 0.06305445 -0.00172725
v 0.00581019 0.06302328 -0.00163447
v 0.00583371 0.06303421 -0.00133428
v 0.00603857 0.06291034 -0.00163447
v 0.00594904 0.06298199 -0.00118449
v 0.00654922 0.06264965 -0.00148407
v 0.00559318 0.06306214 -0.00223484
v 0.00556815 0.06305040 -0.00243860
v 0.00561140 0.06307024 -0.00208444
v 0.00562885 0.06307793 -0.00193465
v 0.00683906 0.06249057 -0.00133428
v 0.00671463 0.06256991 -0.00088430
v 0.00654922 0.06265815 -0.00103409
v 0.00664482 0.06261403 -0.00058411
v 0.00606210 0.06292370 -0.00103409
v 0.00691646 0.06244806 -0.00118449
v 0.00699916 0.06239301 -0.00148407
v 0.00684134 0.06249178 -0.00118449
v 0.00718505 0.06227845 -0.00148407
v 0.00745821 0.06211167 -0.00133428
v 0.00738081 0.06215661 -0.00148407
v 0.00745517 0.06211005 -0.00148407
v 0.00757202 0.06204043 -0.00132700
v 0.00757202 0.06203638 -0.00148407
v 0.00757202 0.06181293 0.00148930
v 0.00751132 0.06184451 0.00154267
v 0.00732542 0.06197121 0.00151598
v 0.00725031 0.06202019 0.00151598
v 0.00708566 0.06215985 0.00132981
v 0.00714939 0.06208455 0.00151598
v 0.00693542 0.06230962 0.00102659
v 0.00675408 0.06244078 0.00091622
v 0.00672904 0.06242620 0.00106601
v 0.00665393 0.06247033 0.00106601
v 0.00663496 0.06245899 0.00117031
v 0.00661599 0.06244806 0.00127038
v 0.00653556 0.06240880 0.00165547
v 0.00640354 0.06248206 0.00165547
v 0.00639898 0.06251364 0.00151598
v 0.00627379 0.06257841 0.00151598
v 0.00623813 0.06256707 0.00166153
v 0.00615998 0.06259622 0.00170883
v 0.00606058 0.06261970 0.00181617
v 0.00603706 0.06260877 0.00191563
v 0.00587241 0.06275207 0.00158754
v 0.00600822 0.06259622 0.00201569
v 0.00597560 0.06258286 0.00211636
v 0.00587544 0.06260350 0.00219459
v 0.00583902 0.06258934 0.00229465
v 0.00579881 0.06252295 0.00256634
v 0.00579729 0.06250231 0.00263001
v 0.00009752 0.06410126 0.00064635
v -0.00005272 0.06410248 0.00067061
v -0.00014605 0.06410288 0.00068516
v -0.00017943 0.06409924 0.00074338
v 0.00069769 0.06408426 0.00061603
v 0.00054746 0.06408993 0.00061603
v 0.00039722 0.06409479 0.00061603
v 0.00024547 0.06409964 0.00060815
v 0.00084792 0.06407778 0.00061603
v 0.00129787 0.06405673 0.00061603
v 0.00114763 0.06406402 0.00061603
v 0.00159758 0.06404135 0.00061603
v 0.00144810 0.06404904 0.00061603
v 0.00234799 0.06359162 0.00256634
v 0.00243448 0.06355640 0.00263001
v 0.00249822 0.06355802 0.00256634
v 0.00249215 0.06363169 0.00226009
v 0.00243828 0.06365639 0.00220551
v 0.00249822 0.06369808 0.00196657
v 0.00249822 0.06376649 0.00166638
v 0.00264845 0.06390493 0.00091622
v 0.00235937 0.06379361 0.00167548
v 0.00249822 0.06386850 0.00121580
v 0.00249822 0.06390210 0.00106601
v 0.00234799 0.06386405 0.00136619
v 0.00234799 0.06394825 0.00095988
v 0.00249063 0.06393651 0.00090773
v 0.00221065 0.06396525 0.00092895
v 0.00243600 0.06395472 0.00085254
v 0.00234799 0.06395918 0.00088468
v 0.00189804 0.06402435 0.00061603
v 0.00189804 0.06403649 0.00046563
v 0.00219851 0.06398711 0.00076582
v 0.00219851 0.06400290 0.00061603
v 0.00204828 0.06401463 0.00061603
v -0.00017943 0.06416765 -0.00118449
v -0.00017943 0.06416482 -0.00105774
v -0.00017943 0.06416117 -0.00090795
v 0.00054746 0.06416603 -0.00103409
v 0.00069769 0.06417008 -0.00118449
v 0.00084792 0.06416724 -0.00118449
v -0.00017943 0.06415712 -0.00075756
v 0.00024775 0.06415672 -0.00073390
v 0.00039722 0.06416158 -0.00088430
v -0.00017943 0.06415267 -0.00060776
v 0.00009752 0.06415712 -0.00073390
v -0.00017943 0.06414215 -0.00028453
v 0.00099740 0.06416401 -0.00118449
v 0.00114763 0.06415834 -0.00118449
v 0.00129787 0.06414903 -0.00118449
v 0.00144810 0.06413446 -0.00103409
v 0.00159758 0.06412434 -0.00103409
v 0.00159758 0.06412717 -0.00118449
v 0.00174402 0.06411179 -0.00118449
v 0.00181913 0.06410288 -0.00118449
v 0.00189804 0.06409317 -0.00118449
v 0.00181686 0.06410248 -0.00133428
v 0.00189804 0.06409195 -0.00133428
v 0.00180851 0.06410126 -0.00148407
v 0.00189804 0.06408790 -0.00148407
v 0.00204828 0.06406524 -0.00148407
v 0.00219851 0.06404176 -0.00148407
v 0.00249822 0.06399439 -0.00148407
v 0.00204828 0.06404783 -0.00178426
v 0.00219851 0.06402313 -0.00178426
v 0.00276302 0.06395958 -0.00133428
v 0.00283738 0.06394703 -0.00133428
v 0.00281310 0.06394258 -0.00148407
v 0.00278427 0.06393691 -0.00162112
v 0.00269853 0.06394865 -0.00166236
v 0.00254981 0.06394906 -0.00193465
v 0.00247470 0.06396242 -0.00193465
v 0.00219851 0.06398225 -0.00223484
v 0.00220686 0.06396606 -0.00238766
v 0.00216057 0.06395999 -0.00253442
v 0.00235937 0.06396768 -0.00209233
v 0.00213402 0.06395513 -0.00262842
v 0.00205131 0.06396403 -0.00268118
v 0.00203462 0.06393610 -0.00297227
v 0.00204828 0.06391465 -0.00313480
v 0.00210442 0.06394987 -0.00272848
v 0.00204828 0.06389522 -0.00328519
v 0.00189121 0.06394015 -0.00312813
v 0.00189804 0.06391748 -0.00328519
v 0.00189804 0.06389562 -0.00343498
v 0.00189804 0.06387538 -0.00356415
v 0.00545889 0.06290265 -0.00356415
v 0.00544371 0.06291277 -0.00355203
v 0.00535873 0.06295001 -0.00356415
v 0.00523581 0.06303704 -0.00343498
v 0.00526085 0.06304757 -0.00333431
v 0.00504840 0.06314229 -0.00328519
v 0.00495811 0.06319734 -0.00317785
v 0.00498087 0.06320585 -0.00307779
v 0.00519863 0.06315322 -0.00283461
v 0.00507192 0.06318277 -0.00298501
v 0.00518725 0.06317670 -0.00268118
v 0.00521988 0.06318237 -0.00253442
v 0.00534811 0.06313298 -0.00253442
v 0.00548089 0.06307874 -0.00253442
v 0.00516069 0.06306821 -0.00343498
v 0.00520546 0.06307955 -0.00328459
v 0.00584130 0.06303785 -0.00118449
v 0.00549834 0.06312084 -0.00208444
v 0.00549834 0.06313501 -0.00193465
v 0.00549834 0.06314796 -0.00178426
v 0.00564857 0.06309574 -0.00163447
v 0.00573507 0.06305809 -0.00163447
v 0.00574721 0.06306336 -0.00148407
v 0.00575859 0.06306862 -0.00133428
v 0.00594904 0.06298483 -0.00103409
v 0.00551048 0.06308238 -0.00238706
v 0.00549834 0.06310505 -0.00223484
v 0.00671994 0.06257234 -0.00058411
v 0.00654922 0.06266625 -0.00058411
v 0.00664710 0.06261524 -0.00043432
v 0.00654922 0.06266827 -0.00043432
v 0.00698474 0.06241568 -0.00043675
v 0.00699916 0.06239908 -0.00103409
v 0.00745972 0.06211329 -0.00118449
v 0.00684286 0.06249340 -0.00103409
v 0.00672221 0.06257355 -0.00043432
v 0.00684589 0.06249623 -0.00073390
v 0.00686410 0.06248976 -0.00043675
v 0.00757202 0.06204326 -0.00118449
v 0.00757202 0.06181658 0.00146808
v 0.00752498 0.06185301 0.00144261
v 0.00734667 0.06198457 0.00136619
v 0.00745669 0.06188782 0.00150204
v 0.00727155 0.06203395 0.00136619
v 0.00710159 0.06217037 0.00121580
v 0.00695136 0.06232015 0.00091622
v 0.00717671 0.06212220 0.00121580
v 0.00684893 0.06238289 0.00091622
v 0.00676850 0.06244928 0.00082222
v 0.00667897 0.06248449 0.00091622
v 0.00654922 0.06252538 0.00106601
v 0.00655908 0.06248976 0.00121883
v 0.00652190 0.06247923 0.00136619
v 0.00639898 0.06254359 0.00136619
v 0.00619867 0.06261484 0.00151598
v 0.00618122 0.06260593 0.00160877
v 0.00639216 0.06257436 0.00122247
v 0.00630186 0.06259217 0.00136619
v 0.00570624 0.06289496 0.00125097
v 0.00589365 0.06276219 0.00148748
v 0.00595435 0.06263063 0.00196596
v 0.00558332 0.06290710 0.00145837
v 0.00574645 0.06276219 0.00177857
v 0.00549834 0.06299535 0.00121580
v 0.00571610 0.06274964 0.00187863
v 0.00579881 0.06269378 0.00196657
v 0.00590124 0.06261362 0.00211636
v 0.00579274 0.06261889 0.00225341
v 0.00542322 0.06290265 0.00174097
v 0.00570245 0.06259460 0.00246264
v 0.00579274 0.06257234 0.00241412
v 0.00565085 0.06258205 0.00257422
v 0.00573507 0.06252943 0.00263001
v 0.00009752 0.06411624 0.00031584
v 0.00019388 0.06410369 0.00055235
v 0.00024775 0.06412029 0.00016544
v -0.00017943 0.06410693 0.00060572
v -0.00017943 0.06410612 0.00062331
v -0.00017943 0.06410491 0.00064878
v 0.00069769 0.06409236 0.00046563
v 0.00058236 0.06410207 0.00036618
v 0.00113929 0.06409843 0.00000595
v 0.00086158 0.06410126 0.00017333
v 0.00053835 0.06409883 0.00045411
v 0.00039722 0.06410491 0.00042136
v 0.00048220 0.06410369 0.00039650
v 0.00029403 0.06410248 0.00052567
v 0.00174781 0.06405471 0.00031584
v 0.00159758 0.06406159 0.00031584
v 0.00159758 0.06405228 0.00046563
v 0.00174781 0.06404459 0.00046563
v 0.00249746 0.06354223 0.00263001
v 0.00261507 0.06351390 0.00263001
v 0.00264845 0.06355721 0.00241655
v 0.00258851 0.06365720 0.00205814
v 0.00264845 0.06381143 0.00132678
v 0.00264845 0.06387093 0.00106601
v 0.00279869 0.06390574 0.00076582
v 0.00264618 0.06393813 0.00076218
v 0.00253616 0.06394784 0.00081009
v 0.00249063 0.06396080 0.00076218
v 0.00234799 0.06397415 0.00076582
v 0.00259458 0.06395634 0.00071003
v 0.00204828 0.06402718 0.00046563
v 0.00204828 0.06403892 0.00031584
v 0.00189804 0.06404742 0.00031584
v 0.00219851 0.06402799 0.00031584
v 0.00234799 0.06398994 0.00061603
v 0.00234799 0.06400290 0.00046563
v 0.00234799 0.06401544 0.00031584
v 0.00054746 0.06416036 -0.00088430
v 0.00069769 0.06416441 -0.00103409
v 0.00024775 0.06415146 -0.00058411
v 0.00039722 0.06415591 -0.00073390
v 0.00084792 0.06416117 -0.00103409
v -0.00017943 0.06414296 -0.00030818
v -0.00017943 0.06413648 -0.00013414
v -0.00005272 0.06414174 -0.00028453
v 0.00099740 0.06415793 -0.00103409
v 0.00114763 0.06415186 -0.00103409
v 0.00129787 0.06414377 -0.00103409
v 0.00159758 0.06411422 -0.00073390
v 0.00159758 0.06411948 -0.00088430
v 0.00173415 0.06410895 -0.00088430
v 0.00174326 0.06411098 -0.00103409
v 0.00168939 0.06410450 -0.00062899
v 0.00178651 0.06410045 -0.00073390
v 0.00181837 0.06410288 -0.00103409
v 0.00204828 0.06407495 -0.00103409
v 0.00204828 0.06407414 -0.00118449
v 0.00204828 0.06407090 -0.00133428
v 0.00219851 0.06404783 -0.00133428
v 0.00234799 0.06402475 -0.00133428
v 0.00264845 0.06397780 -0.00133428
v 0.00285787 0.06395068 -0.00118449
v 0.00294816 0.06392436 -0.00133428
v 0.00294816 0.06391505 -0.00148407
v 0.00294816 0.06390291 -0.00163447
v 0.00294816 0.06388793 -0.00178426
v 0.00279869 0.06391748 -0.00178426
v 0.00264845 0.06393084 -0.00193465
v 0.00264845 0.06394460 -0.00179699
v 0.00234267 0.06394177 -0.00238766
v 0.00239275 0.06394784 -0.00223484
v 0.00231839 0.06396120 -0.00223484
v 0.00226225 0.06395108 -0.00243982
v 0.00223569 0.06394622 -0.00253442
v 0.00234799 0.06390898 -0.00268482
v 0.00219851 0.06388753 -0.00313480
v 0.00219851 0.06387012 -0.00328519
v 0.00219851 0.06392072 -0.00283461
v 0.00264011 0.06378916 -0.00328095
v 0.00219851 0.06385110 -0.00343498
v 0.00234799 0.06389279 -0.00283461
v 0.00219851 0.06383369 -0.00356415
v 0.00204828 0.06387457 -0.00343498
v 0.00204828 0.06385555 -0.00356415
v 0.00202779 0.06385838 -0.00356415
v 0.00533673 0.06296013 -0.00356415
v 0.00519711 0.06302409 -0.00356415
v 0.00513566 0.06305809 -0.00353262
v 0.00504840 0.06311315 -0.00343498
v 0.00493155 0.06318723 -0.00328519
v 0.00485643 0.06321516 -0.00328519
v 0.00452182 0.06335238 -0.00320696
v 0.00474793 0.06328235 -0.00313480
v 0.00490423 0.06322528 -0.00313055
v 0.00499680 0.06321192 -0.00298501
v 0.00454534 0.06336129 -0.00310690
v 0.00464550 0.06334267 -0.00298501
v 0.00474793 0.06330502 -0.00298501
v 0.00489816 0.06324916 -0.00298501
v 0.00514476 0.06321111 -0.00253442
v 0.00524340 0.06319127 -0.00238463
v 0.00504840 0.06326616 -0.00238463
v 0.00527678 0.06320423 -0.00216934
v 0.00534811 0.06315079 -0.00238463
v 0.00533521 0.06317468 -0.00222574
v 0.00505371 0.06308441 -0.00356415
v 0.00576618 0.06307186 -0.00118449
v 0.00584433 0.06303907 -0.00103409
v 0.00536176 0.06317872 -0.00208444
v 0.00537846 0.06318520 -0.00193465
v 0.00549834 0.06315889 -0.00163447
v 0.00539439 0.06319127 -0.00178426
v 0.00540805 0.06319654 -0.00163447
v 0.00564857 0.06310586 -0.00148407
v 0.00564857 0.06311477 -0.00133428
v 0.00564857 0.06312124 -0.00118449
v 0.00594904 0.06298644 -0.00088430
v 0.00664786 0.06261524 -0.00028453
v 0.00672297 0.06257436 -0.00028453
v 0.00643161 0.06273061 -0.00043432
v 0.00594904 0.06298725 -0.00073390
v 0.00692480 0.06245292 -0.00038823
v 0.00692480 0.06245332 -0.00028453
v 0.00712056 0.06233148 -0.00043432
v 0.00757202 0.06204893 -0.00073390
v 0.00746276 0.06211532 -0.00088430
v 0.00757202 0.06204772 -0.00086914
v 0.00757202 0.06204569 -0.00102136
v 0.00684893 0.06249988 -0.00028453
v 0.00757202 0.06183236 0.00136619
v 0.00753332 0.06185948 0.00136619
v 0.00738385 0.06200966 0.00106601
v 0.00736260 0.06199509 0.00124309
v 0.00730722 0.06203881 0.00120246
v 0.00719720 0.06213475 0.00106601
v 0.00712208 0.06218413 0.00106601
v 0.00702647 0.06227197 0.00091622
v 0.00697109 0.06233350 0.00076582
v 0.00683906 0.06241527 0.00076946
v 0.00678291 0.06245818 0.00072216
v 0.00671083 0.06249138 0.00076946
v 0.00654922 0.06255250 0.00091622
v 0.00594904 0.06281602 0.00106601
v 0.00601429 0.06274842 0.00126613
v 0.00582005 0.06287755 0.00106601
v 0.00574494 0.06291318 0.00106601
v 0.00572748 0.06290468 0.00115091
v 0.00635801 0.06261889 0.00106601
v 0.00631856 0.06260027 0.00127644
v 0.00643237 0.06258286 0.00106601
v 0.00564857 0.06295730 0.00106601
v 0.00565313 0.06292775 0.00120670
v 0.00541639 0.06305000 0.00112544
v 0.00549834 0.06296337 0.00136619
v 0.00550213 0.06292775 0.00151113
v 0.00564857 0.06282979 0.00166638
v 0.00545433 0.06291520 0.00164091
v 0.00532079 0.06292087 0.00181617
v 0.00540805 0.06274680 0.00232012
v 0.00534811 0.06298887 0.00151598
v 0.00536328 0.06294151 0.00168094
v 0.00519863 0.06296701 0.00181617
v 0.00560229 0.06261362 0.00252934
v 0.00535418 0.06273668 0.00242928
v 0.00527071 0.06275166 0.00248811
v 0.00550745 0.06263670 0.00257422
v 0.00556359 0.06259905 0.00263001
v 0.00565009 0.06256464 0.00263001
v 0.00009752 0.06412272 0.00016544
v -0.00017943 0.06411300 0.00046563
v 0.00039722 0.06413081 -0.00013414
v 0.00054746 0.06415429 -0.00073390
v 0.00024775 0.06413324 -0.00013414
v 0.00039722 0.06411705 0.00016544
v 0.00024775 0.06411341 0.00031584
v 0.00065672 0.06410450 0.00026611
v 0.00086158 0.06410895 0.00002960
v 0.00099740 0.06414336 -0.00073390
v 0.00069769 0.06411584 0.00001565
v 0.00118329 0.06410167 -0.00009047
v 0.00113929 0.06410612 -0.00013838
v 0.00099740 0.06410572 -0.00001649
v 0.00189804 0.06405673 0.00016544
v 0.00054746 0.06412029 0.00001565
v 0.00054746 0.06411300 0.00016544
v 0.00268943 0.06349366 0.00263001
v 0.00269777 0.06349568 0.00261364
v 0.00274406 0.06350864 0.00251358
v 0.00264769 0.06352159 0.00256452
v 0.00279869 0.06358960 0.00211636
v 0.00264845 0.06359283 0.00226615
v 0.00279565 0.06351957 0.00241230
v 0.00309840 0.06354750 0.00196657
v 0.00326077 0.06364465 0.00138075
v 0.00264238 0.06363088 0.00211151
v 0.00278351 0.06377378 0.00135103
v 0.00272357 0.06380292 0.00129100
v 0.00279262 0.06393813 0.00061118
v 0.00294816 0.06386891 0.00076582
v 0.00294816 0.06390129 0.00061603
v 0.00269474 0.06394865 0.00065848
v 0.00249822 0.06397618 0.00061603
v 0.00273874 0.06395553 0.00055842
v 0.00264618 0.06396080 0.00061118
v 0.00204828 0.06404823 0.00016544
v 0.00219851 0.06403730 0.00016544
v 0.00249822 0.06398954 0.00046563
v 0.00249822 0.06400249 0.00031584
v 0.00234799 0.06402475 0.00016544
v 0.00039722 0.06415024 -0.00058411
v 0.00069769 0.06415146 -0.00073390
v 0.00024775 0.06414579 -0.00043432
v -0.00005272 0.06413608 -0.00013414
v 0.00009752 0.06413527 -0.00013414
v -0.00017943 0.06412515 0.00016544
v 0.00084792 0.06414781 -0.00073390
v 0.00114763 0.06413729 -0.00073390
v 0.00155660 0.06410491 -0.00047495
v 0.00160289 0.06410045 -0.00042947
v 0.00165676 0.06410248 -0.00052893
v 0.00189804 0.06408669 -0.00058411
v 0.00180851 0.06410207 -0.00088430
v 0.00189804 0.06407090 -0.00013414
v 0.00189804 0.06407697 -0.00028453
v 0.00189804 0.06408224 -0.00043432
v 0.00189804 0.06409236 -0.00088430
v 0.00204828 0.06407374 -0.00073390
v 0.00204828 0.06407455 -0.00088430
v 0.00219851 0.06405552 -0.00073390
v 0.00219851 0.06405552 -0.00088430
v 0.00219851 0.06405471 -0.00103409
v 0.00219851 0.06405269 -0.00118449
v 0.00234799 0.06403002 -0.00118449
v 0.00264845 0.06398387 -0.00118449
v 0.00286849 0.06395230 -0.00107715
v 0.00294816 0.06393165 -0.00118449
v 0.00309840 0.06389077 -0.00133428
v 0.00338672 0.06381750 -0.00148407
v 0.00309840 0.06388186 -0.00148407
v 0.00324863 0.06383814 -0.00163447
v 0.00309840 0.06387093 -0.00163447
v 0.00332223 0.06380292 -0.00185642
v 0.00309840 0.06385676 -0.00178426
v 0.00322890 0.06381466 -0.00193465
v 0.00309840 0.06384178 -0.00193465
v 0.00317427 0.06380333 -0.00216025
v 0.00346867 0.06365193 -0.00304989
v 0.00324863 0.06373411 -0.00268482
v 0.00294816 0.06385676 -0.00208444
v 0.00279869 0.06390170 -0.00193465
v 0.00264845 0.06389927 -0.00223484
v 0.00249822 0.06391263 -0.00238463
v 0.00234799 0.06392517 -0.00253442
v 0.00249822 0.06389684 -0.00253442
v 0.00249822 0.06388065 -0.00268482
v 0.00255437 0.06379969 -0.00332886
v 0.00250201 0.06379564 -0.00344954
v 0.00242310 0.06380292 -0.00350958
v 0.00240262 0.06379969 -0.00356415
v 0.00268639 0.06379645 -0.00313480
v 0.00279869 0.06375880 -0.00328519
v 0.00292767 0.06370375 -0.00356415
v 0.00230322 0.06381669 -0.00356415
v 0.00249822 0.06386445 -0.00283461
v 0.00271371 0.06380131 -0.00304262
v 0.00217727 0.06383693 -0.00356415
v 0.00517056 0.06303543 -0.00356415
v 0.00508482 0.06307186 -0.00356415
v 0.00489741 0.06314472 -0.00356415
v 0.00488830 0.06317508 -0.00343013
v 0.00480560 0.06319654 -0.00347683
v 0.00459846 0.06330988 -0.00328519
v 0.00446264 0.06338396 -0.00314814
v 0.00459694 0.06333538 -0.00314814
v 0.00442698 0.06337222 -0.00328519
v 0.00502108 0.06322123 -0.00283461
v 0.00489816 0.06328640 -0.00268482
v 0.00488754 0.06332769 -0.00238281
v 0.00444822 0.06341472 -0.00298501
v 0.00457038 0.06337019 -0.00298501
v 0.00444822 0.06343456 -0.00283461
v 0.00460756 0.06337627 -0.00283218
v 0.00459846 0.06339813 -0.00268482
v 0.00472213 0.06337100 -0.00253442
v 0.00481394 0.06334955 -0.00243133
v 0.00484581 0.06336169 -0.00223484
v 0.00492093 0.06333295 -0.00223484
v 0.00494445 0.06334186 -0.00208444
v 0.00504840 0.06330178 -0.00208444
v 0.00496418 0.06334955 -0.00193465
v 0.00519863 0.06324309 -0.00208444
v 0.00576922 0.06307307 -0.00103409
v 0.00584509 0.06303947 -0.00088430
v 0.00504840 0.06331636 -0.00193465
v 0.00530410 0.06321516 -0.00193465
v 0.00519863 0.06326940 -0.00178426
v 0.00519863 0.06328073 -0.00163447
v 0.00533293 0.06322690 -0.00163447
v 0.00519863 0.06329004 -0.00148407
v 0.00541715 0.06320018 -0.00150954
v 0.00550365 0.06317427 -0.00133428
v 0.00542853 0.06320504 -0.00133428
v 0.00551048 0.06317751 -0.00118449
v 0.00551352 0.06317872 -0.00103409
v 0.00564857 0.06312367 -0.00103409
v 0.00654922 0.06266706 -0.00028453
v 0.00664482 0.06261322 -0.00013414
v 0.00671918 0.06257315 -0.00013414
v 0.00686258 0.06248935 -0.00014141
v 0.00614025 0.06288525 -0.00058411
v 0.00584509 0.06303988 -0.00073390
v 0.00594904 0.06298442 -0.00058411
v 0.00606513 0.06292451 -0.00058411
v 0.00692480 0.06245292 -0.00019660
v 0.00699992 0.06240637 -0.00028453
v 0.00719568 0.06228452 -0.00043432
v 0.00757202 0.06204893 -0.00071814
v 0.00757202 0.06184653 0.00127280
v 0.00739978 0.06202140 0.00091622
v 0.00730873 0.06210722 0.00076582
v 0.00723362 0.06215904 0.00076582
v 0.00722451 0.06215296 0.00084284
v 0.00721237 0.06214487 0.00094290
v 0.00729887 0.06206674 0.00106601
v 0.00714939 0.06221571 0.00076582
v 0.00704620 0.06228412 0.00076582
v 0.00698854 0.06234524 0.00061603
v 0.00687093 0.06242013 0.00061603
v 0.00679581 0.06246587 0.00061603
v 0.00669869 0.06252052 0.00061603
v 0.00658109 0.06258205 0.00061603
v 0.00654315 0.06257760 0.00077916
v 0.00647334 0.06260229 0.00083799
v 0.00645968 0.06259581 0.00091622
v 0.00615391 0.06274316 0.00091622
v 0.00594904 0.06284153 0.00091622
v 0.00577225 0.06292613 0.00091622
v 0.00564857 0.06298402 0.00091622
v 0.00553400 0.06303583 0.00091622
v 0.00549227 0.06302652 0.00107146
v 0.00543764 0.06305890 0.00102538
v 0.00535949 0.06307995 0.00107146
v 0.00519863 0.06311112 0.00121580
v 0.00531700 0.06306902 0.00121580
v 0.00539211 0.06304109 0.00121580
v 0.00534280 0.06302652 0.00136680
v 0.00497632 0.06290387 0.00234559
v 0.00528665 0.06290791 0.00190896
v 0.00525706 0.06304716 0.00141713
v 0.00522443 0.06303583 0.00151598
v 0.00518346 0.06301640 0.00165122
v 0.00504233 0.06302490 0.00181314
v 0.00504840 0.06298159 0.00196657
v 0.00489816 0.06295528 0.00226615
v 0.00493838 0.06288970 0.00244505
v 0.00524036 0.06274033 0.00256634
v 0.00514021 0.06275895 0.00263001
v -0.00005272 0.06412434 0.00016544
v 0.00024775 0.06413972 -0.00028453
v -0.00017943 0.06411907 0.00031584
v 0.00054746 0.06414134 -0.00043432
v 0.00054746 0.06413446 -0.00028453
v 0.00099740 0.06413567 -0.00058411
v 0.00099740 0.06411988 -0.00028453
v 0.00069769 0.06412312 -0.00013414
v 0.00159758 0.06408588 -0.00013414
v 0.00114763 0.06412150 -0.00043432
v 0.00189804 0.06406402 0.00001565
v 0.00174781 0.06407900 -0.00013414
v 0.00069769 0.06413769 -0.00043432
v 0.00364622 0.06322770 0.00263001
v 0.00375700 0.06319856 0.00262395
v 0.00327746 0.06334024 0.00259181
v 0.00309840 0.06343537 0.00241655
v 0.00294285 0.06347949 0.00241230
v 0.00309081 0.06347747 0.00225948
v 0.00338596 0.06347342 0.00195383
v 0.00347322 0.06350297 0.00174037
v 0.00309081 0.06351552 0.00210666
v 0.00308550 0.06362522 0.00165365
v 0.00321904 0.06366489 0.00134072
v 0.00351875 0.06351511 0.00164030
v 0.00339886 0.06357664 0.00151598
v 0.00339886 0.06361226 0.00136619
v 0.00331919 0.06365193 0.00128614
v 0.00291554 0.06381385 0.00103690
v 0.00283814 0.06394784 0.00046563
v 0.00295878 0.06382883 0.00092592
v 0.00316137 0.06380009 0.00082707
v 0.00310598 0.06382681 0.00077249
v 0.00320310 0.06381143 0.00072701
v 0.00330326 0.06379766 0.00064817
v 0.00309840 0.06385960 0.00061603
v 0.00294816 0.06392072 0.00046563
v 0.00264845 0.06397415 0.00046563
v 0.00276302 0.06395958 0.00046563
v 0.00204828 0.06405471 0.00001565
v 0.00219851 0.06404297 0.00001565
v 0.00249822 0.06401018 0.00016544
v 0.00264845 0.06398508 0.00031584
v 0.00234799 0.06402921 0.00001565
v 0.00204828 0.06406524 -0.00028453
v 0.00219851 0.06404742 -0.00013414
v 0.00219851 0.06405107 -0.00028453
v 0.00204828 0.06407171 -0.00058411
v 0.00204828 0.06406038 -0.00013414
v 0.00219851 0.06405309 -0.00043432
v 0.00234799 0.06403447 -0.00028453
v 0.00219851 0.06405471 -0.00058411
v 0.00234799 0.06403568 -0.00043432
v 0.00234799 0.06403609 -0.00058411
v 0.00234799 0.06403568 -0.00073390
v 0.00249822 0.06401423 -0.00073390
v 0.00249822 0.06401261 -0.00088430
v 0.00234799 0.06403285 -0.00103409
v 0.00249822 0.06401059 -0.00103409
v 0.00264845 0.06398792 -0.00103409
v 0.00281083 0.06396282 -0.00102985
v 0.00287532 0.06395351 -0.00097709
v 0.00295575 0.06393894 -0.00088430
v 0.00293450 0.06393934 -0.00102985
v 0.00309840 0.06390291 -0.00103409
v 0.00309840 0.06389805 -0.00118449
v 0.00324863 0.06385676 -0.00133428
v 0.00347170 0.06380292 -0.00140159
v 0.00346184 0.06380050 -0.00148407
v 0.00384805 0.06370456 -0.00163447
v 0.00369781 0.06373816 -0.00163447
v 0.00343984 0.06379564 -0.00163447
v 0.00384805 0.06369403 -0.00178426
v 0.00369781 0.06371508 -0.00193465
v 0.00391330 0.06365112 -0.00213538
v 0.00354834 0.06374747 -0.00193465
v 0.00381542 0.06366205 -0.00223484
v 0.00326760 0.06379159 -0.00208444
v 0.00339886 0.06374909 -0.00223484
v 0.00349295 0.06365720 -0.00294983
v 0.00354530 0.06364141 -0.00299350
v 0.00344591 0.06364748 -0.00313480
v 0.00337079 0.06366246 -0.00313480
v 0.00324863 0.06370254 -0.00298501
v 0.00300127 0.06379888 -0.00253442
v 0.00294664 0.06379280 -0.00269391
v 0.00279869 0.06383855 -0.00253442
v 0.00279869 0.06387012 -0.00223484
v 0.00264845 0.06385191 -0.00268482
v 0.00279869 0.06372763 -0.00356415
v 0.00249898 0.06378268 -0.00356415
v 0.00294816 0.06373006 -0.00328519
v 0.00294816 0.06371387 -0.00343498
v 0.00309840 0.06368472 -0.00343498
v 0.00310371 0.06366934 -0.00356415
v 0.00488071 0.06315079 -0.00356415
v 0.00468495 0.06322163 -0.00356415
v 0.00459846 0.06328033 -0.00343498
v 0.00439587 0.06336129 -0.00339799
v 0.00429799 0.06341796 -0.00328519
v 0.00429799 0.06344346 -0.00313480
v 0.00483064 0.06335562 -0.00233126
v 0.00429799 0.06346492 -0.00298501
v 0.00444822 0.06345358 -0.00268482
v 0.00433213 0.06349204 -0.00268482
v 0.00459846 0.06343537 -0.00238463
v 0.00474793 0.06341675 -0.00208444
v 0.00486933 0.06337060 -0.00208444
v 0.00474793 0.06343294 -0.00193465
v 0.00488906 0.06337870 -0.00193465
v 0.00491334 0.06338153 -0.00179820
v 0.00564857 0.06312448 -0.00088430
v 0.00576997 0.06307348 -0.00088430
v 0.00499529 0.06336169 -0.00163447
v 0.00500743 0.06336655 -0.00148407
v 0.00508254 0.06333660 -0.00148407
v 0.00501881 0.06337141 -0.00133428
v 0.00509392 0.06334105 -0.00133428
v 0.00519863 0.06329855 -0.00133428
v 0.00510151 0.06334388 -0.00118449
v 0.00551427 0.06317913 -0.00088430
v 0.00534811 0.06324592 -0.00103409
v 0.00624875 0.06282614 -0.00043432
v 0.00642858 0.06272940 -0.00028453
v 0.00654922 0.06266260 -0.00013414
v 0.00663951 0.06261079 0.00001565
v 0.00671463 0.06257072 0.00001565
v 0.00684362 0.06249542 0.00001565
v 0.00691418 0.06244685 0.00016544
v 0.00691873 0.06244928 0.00001565
v 0.00576997 0.06307307 -0.00073390
v 0.00583978 0.06303785 -0.00058411
v 0.00594904 0.06297754 -0.00043432
v 0.00606134 0.06292168 -0.00043432
v 0.00613645 0.06288403 -0.00043432
v 0.00699916 0.06239868 0.00001565
v 0.00698474 0.06241325 -0.00014141
v 0.00711601 0.06232946 -0.00013414
v 0.00719416 0.06228371 -0.00028453
v 0.00711904 0.06233148 -0.00028453
v 0.00757202 0.06204812 -0.00058411
v 0.00746504 0.06211572 -0.00058411
v 0.00757202 0.06185503 0.00121580
v 0.00741496 0.06203233 0.00076582
v 0.00732467 0.06211734 0.00061603
v 0.00724955 0.06216997 0.00061603
v 0.00706365 0.06229545 0.00061603
v 0.00699916 0.06237844 0.00031584
v 0.00690432 0.06244037 0.00031584
v 0.00708262 0.06230800 0.00043107
v 0.00682920 0.06248611 0.00031584
v 0.00669869 0.06253995 0.00046563
v 0.00648928 0.06260998 0.00073792
v 0.00660005 0.06259136 0.00046563
v 0.00639898 0.06268811 0.00046563
v 0.00639898 0.06266949 0.00061603
v 0.00616908 0.06275045 0.00082586
v 0.00580791 0.06293220 0.00076279
v 0.00564857 0.06300668 0.00076582
v 0.00556056 0.06304716 0.00076582
v 0.00545889 0.06306781 0.00091622
v 0.00534811 0.06310910 0.00091622
v 0.00519863 0.06313784 0.00106601
v 0.00520394 0.06307712 0.00136680
v 0.00528892 0.06305850 0.00131707
v 0.00497404 0.06320301 0.00114181
v 0.00494217 0.06319249 0.00124187
v 0.00489209 0.06291884 0.00240381
v 0.00514931 0.06306174 0.00151598
v 0.00512352 0.06305283 0.00159179
v 0.00508785 0.06304028 0.00169185
v 0.00498846 0.06305809 0.00176099
v 0.00489816 0.06299576 0.00211636
v 0.00474793 0.06296742 0.00241655
v 0.00483822 0.06290872 0.00250933
v 0.00516525 0.06276866 0.00256634
v 0.00489513 0.06284922 0.00263001
v 0.00399828 0.06312974 0.00263001
v 0.00335865 0.06336291 0.00241655
v 0.00399904 0.06322325 0.00226615
v 0.00339886 0.06342849 0.00211636
v 0.00366215 0.06336372 0.00208300
v 0.00399828 0.06329976 0.00196657
v 0.00385336 0.06337708 0.00182102
v 0.00414851 0.06337262 0.00151477
v 0.00399828 0.06345196 0.00136619
v 0.00376307 0.06350054 0.00143048
v 0.00366367 0.06351390 0.00148566
v 0.00310598 0.06379119 0.00092592
v 0.00354834 0.06360903 0.00121580
v 0.00336472 0.06366367 0.00118608
v 0.00340797 0.06364262 0.00122793
v 0.00346487 0.06365072 0.00113090
v 0.00286090 0.06395108 0.00035223
v 0.00355441 0.06364019 0.00107510
v 0.00355441 0.06367541 0.00092046
v 0.00365077 0.06366044 0.00087316
v 0.00419707 0.06349609 0.00094593
v 0.00375017 0.06364667 0.00080039
v 0.00332678 0.06380414 0.00054871
v 0.00325166 0.06381790 0.00060511
v 0.00383591 0.06362927 0.00075672
v 0.00377824 0.06365436 0.00070032
v 0.00309840 0.06388834 0.00031584
v 0.00293450 0.06393448 0.00030796
v 0.00287608 0.06395391 0.00025217
v 0.00324863 0.06383490 0.00046563
v 0.00336244 0.06381426 0.00031584
v 0.00324863 0.06384624 0.00031584
v 0.00280552 0.06396201 0.00030796
v 0.00249822 0.06401302 0.00001565
v 0.00234799 0.06403245 -0.00013414
v 0.00264845 0.06399075 0.00016544
v 0.00249822 0.06401463 -0.00013414
v 0.00249822 0.06401585 -0.00028453
v 0.00249822 0.06401585 -0.00043432
v 0.00264845 0.06399439 -0.00043432
v 0.00279869 0.06397132 -0.00058411
v 0.00279869 0.06397011 -0.00073390
v 0.00264845 0.06399035 -0.00088430
v 0.00279869 0.06396768 -0.00088430
v 0.00288063 0.06395472 -0.00088430
v 0.00296182 0.06394015 -0.00073390
v 0.00309840 0.06390696 -0.00088430
v 0.00339886 0.06383409 -0.00103409
v 0.00339886 0.06382924 -0.00118449
v 0.00341252 0.06381912 -0.00134459
v 0.00384805 0.06371954 -0.00133428
v 0.00384805 0.06371266 -0.00148407
v 0.00400738 0.06366732 -0.00162598
v 0.00397172 0.06366529 -0.00178426
v 0.00394820 0.06365922 -0.00193465
v 0.00393151 0.06365517 -0.00203532
v 0.00384805 0.06368189 -0.00193465
v 0.00388978 0.06364627 -0.00223484
v 0.00398842 0.06363736 -0.00208505
v 0.00399828 0.06362117 -0.00223484
v 0.00399828 0.06360579 -0.00238463
v 0.00376458 0.06365153 -0.00244285
v 0.00359614 0.06364708 -0.00283461
v 0.00354834 0.06362481 -0.00313480
v 0.00369781 0.06362481 -0.00283461
v 0.00369781 0.06360822 -0.00298501
v 0.00339886 0.06362238 -0.00343498
v 0.00328884 0.06364586 -0.00343498
v 0.00331464 0.06365112 -0.00334280
v 0.00334120 0.06365679 -0.00324274
v 0.00324863 0.06368675 -0.00313480
v 0.00286849 0.06380211 -0.00275031
v 0.00318641 0.06365598 -0.00353383
v 0.00313709 0.06366246 -0.00356415
v 0.00457645 0.06326049 -0.00356415
v 0.00430861 0.06338274 -0.00344287
v 0.00414775 0.06343739 -0.00343498
v 0.00414775 0.06346411 -0.00328519
v 0.00414244 0.06348718 -0.00313722
v 0.00419025 0.06349528 -0.00298501
v 0.00421377 0.06350095 -0.00288919
v 0.00435641 0.06349892 -0.00256232
v 0.00459846 0.06345318 -0.00223484
v 0.00423501 0.06350621 -0.00278913
v 0.00474793 0.06344549 -0.00178426
v 0.00459846 0.06346937 -0.00208444
v 0.00458935 0.06348556 -0.00194375
v 0.00462349 0.06348799 -0.00178426
v 0.00489816 0.06339974 -0.00163447
v 0.00564857 0.06312327 -0.00073390
v 0.00489816 0.06340986 -0.00148407
v 0.00489816 0.06341958 -0.00133428
v 0.00502639 0.06337424 -0.00118449
v 0.00489816 0.06342606 -0.00118449
v 0.00519863 0.06330624 -0.00103409
v 0.00502791 0.06337505 -0.00103409
v 0.00519863 0.06330583 -0.00088430
v 0.00642251 0.06272697 -0.00013414
v 0.00654922 0.06265653 0.00001565
v 0.00663268 0.06260715 0.00016544
v 0.00670780 0.06256748 0.00016544
v 0.00683906 0.06249259 0.00016544
v 0.00699916 0.06239220 0.00016544
v 0.00711146 0.06232703 0.00001565
v 0.00576466 0.06307024 -0.00058411
v 0.00574721 0.06306295 -0.00028453
v 0.00582157 0.06302976 -0.00028453
v 0.00594904 0.06296985 -0.00028453
v 0.00605451 0.06291763 -0.00028453
v 0.00612887 0.06288079 -0.00028453
v 0.00634739 0.06276462 -0.00013414
v 0.00719113 0.06228128 -0.00013414
v 0.00746124 0.06211248 -0.00028453
v 0.00746428 0.06211410 -0.00043432
v 0.00757202 0.06204448 -0.00042401
v 0.00757202 0.06187648 0.00106601
v 0.00752650 0.06200440 0.00040014
v 0.00745972 0.06204407 0.00045654
v 0.00733908 0.06212787 0.00046563
v 0.00754926 0.06202100 0.00016544
v 0.00726397 0.06217968 0.00046563
v 0.00709325 0.06231569 0.00031584
v 0.00737399 0.06215215 0.00008539
v 0.00710539 0.06232298 0.00016544
v 0.00668579 0.06256667 0.00030796
v 0.00661447 0.06259824 0.00035283
v 0.00618426 0.06275773 0.00072579
v 0.00619943 0.06276502 0.00061603
v 0.00662661 0.06260431 0.00025277
v 0.00621840 0.06277433 0.00046563
v 0.00589213 0.06291196 0.00061603
v 0.00587924 0.06290549 0.00071003
v 0.00579881 0.06295649 0.00061603
v 0.00557270 0.06305283 0.00068880
v 0.00548544 0.06307874 0.00076582
v 0.00534811 0.06313096 0.00076582
v 0.00511972 0.06320180 0.00083192
v 0.00510151 0.06319532 0.00091622
v 0.00467585 0.06335400 0.00084648
v 0.00506661 0.06318358 0.00106601
v 0.00504840 0.06312974 0.00136619
v 0.00499149 0.06320949 0.00106601
v 0.00444822 0.06342079 0.00091622
v 0.00444822 0.06339327 0.00106601
v 0.00452410 0.06335319 0.00114181
v 0.00489437 0.06321718 0.00120124
v 0.00474793 0.06326292 0.00121580
v 0.00484202 0.06320908 0.00131829
v 0.00504840 0.06309574 0.00151598
v 0.00504233 0.06306619 0.00165122
v 0.00494976 0.06304514 0.00186105
v 0.00489816 0.06310991 0.00166638
v 0.00481091 0.06304919 0.00202600
v 0.00474793 0.06300790 0.00226615
v 0.00474565 0.06292451 0.00256209
v 0.00458632 0.06302207 0.00240442
v 0.00459846 0.06297309 0.00256634
v 0.00479422 0.06289253 0.00260939
v 0.00478435 0.06288889 0.00263001
v 0.00425095 0.06305931 0.00263001
v 0.00433668 0.06304271 0.00260151
v 0.00419556 0.06319532 0.00216124
v 0.00429419 0.06321880 0.00196050
v 0.00434124 0.06319411 0.00200599
v 0.00429571 0.06333133 0.00151477
v 0.00424336 0.06335886 0.00146383
v 0.00414775 0.06341027 0.00136619
v 0.00414775 0.06344792 0.00121580
v 0.00400131 0.06348718 0.00122126
v 0.00380859 0.06351268 0.00133041
v 0.00369781 0.06356936 0.00121580
v 0.00395351 0.06351107 0.00117517
v 0.00400131 0.06352361 0.00106783
v 0.00409692 0.06350945 0.00101870
v 0.00414775 0.06348435 0.00106783
v 0.00429799 0.06344103 0.00106601
v 0.00428433 0.06347625 0.00090409
v 0.00422515 0.06350378 0.00084587
v 0.00354834 0.06374787 0.00046563
v 0.00341631 0.06378633 0.00046563
v 0.00334120 0.06380819 0.00046563
v 0.00399828 0.06360052 0.00061603
v 0.00427750 0.06351916 0.00061603
v 0.00399828 0.06361631 0.00046563
v 0.00414775 0.06353778 0.00076582
v 0.00424488 0.06350945 0.00076582
v 0.00324863 0.06385555 0.00016544
v 0.00384805 0.06372075 -0.00043432
v 0.00356958 0.06378916 -0.00028453
v 0.00349447 0.06380859 -0.00028453
v 0.00339886 0.06383288 -0.00028453
v 0.00309840 0.06390574 -0.00013414
v 0.00287911 0.06395472 0.00016544
v 0.00279869 0.06396768 0.00016544
v 0.00347701 0.06380414 -0.00004317
v 0.00408630 0.06365679 -0.00043432
v 0.00429799 0.06360619 -0.00058411
v 0.00399828 0.06368068 -0.00043432
v 0.00417355 0.06363979 -0.00058411
v 0.00343756 0.06379280 0.00031584
v 0.00393151 0.06365558 0.00026672
v 0.00394441 0.06365922 0.00016544
v 0.00396186 0.06366408 0.00001565
v 0.00406581 0.06365112 -0.00024208
v 0.00400890 0.06367015 -0.00028938
v 0.00264845 0.06399399 -0.00013414
v 0.00264845 0.06399480 -0.00028453
v 0.00279869 0.06397173 -0.00043432
v 0.00288898 0.06395675 -0.00058411
v 0.00288670 0.06395594 -0.00073390
v 0.00296410 0.06394056 -0.00058411
v 0.00309840 0.06390939 -0.00073390
v 0.00339886 0.06383652 -0.00088430
v 0.00350205 0.06380981 -0.00103409
v 0.00384805 0.06372520 -0.00118449
v 0.00369781 0.06376042 -0.00118449
v 0.00399828 0.06368391 -0.00133428
v 0.00399828 0.06367703 -0.00148407
v 0.00407567 0.06365396 -0.00157079
v 0.00406353 0.06365072 -0.00167085
v 0.00404684 0.06364667 -0.00178426
v 0.00384805 0.06362360 -0.00253442
v 0.00384273 0.06364019 -0.00238948
v 0.00402332 0.06364060 -0.00193465
v 0.00414775 0.06359648 -0.00208444
v 0.00414775 0.06358352 -0.00223484
v 0.00414775 0.06356936 -0.00238463
v 0.00414775 0.06355397 -0.00253442
v 0.00399828 0.06357340 -0.00268482
v 0.00384805 0.06360741 -0.00268482
v 0.00354834 0.06360700 -0.00328519
v 0.00369781 0.06359121 -0.00313480
v 0.00384805 0.06357421 -0.00298501
v 0.00339886 0.06360660 -0.00356415
v 0.00324787 0.06363939 -0.00356415
v 0.00354834 0.06358879 -0.00343498
v 0.00444822 0.06330583 -0.00356415
v 0.00436552 0.06335036 -0.00349805
v 0.00434351 0.06334267 -0.00356415
v 0.00426840 0.06336858 -0.00356415
v 0.00414775 0.06340946 -0.00356415
v 0.00399676 0.06345723 -0.00356415
v 0.00387764 0.06349123 -0.00356415
v 0.00403394 0.06349325 -0.00328519
v 0.00390344 0.06349811 -0.00347683
v 0.00406126 0.06350014 -0.00318877
v 0.00408933 0.06350661 -0.00308871
v 0.00399828 0.06353981 -0.00298501
v 0.00425702 0.06351147 -0.00268482
v 0.00429799 0.06353050 -0.00238463
v 0.00437386 0.06350337 -0.00246225
v 0.00448388 0.06349163 -0.00223484
v 0.00474793 0.06345601 -0.00163447
v 0.00464019 0.06349285 -0.00163447
v 0.00450741 0.06349852 -0.00208444
v 0.00452030 0.06350216 -0.00200015
v 0.00453396 0.06350621 -0.00190009
v 0.00454838 0.06351066 -0.00178426
v 0.00456507 0.06351592 -0.00163447
v 0.00551124 0.06317832 -0.00073390
v 0.00564857 0.06311801 -0.00058411
v 0.00474793 0.06346573 -0.00148407
v 0.00473427 0.06348030 -0.00132579
v 0.00475324 0.06347949 -0.00118449
v 0.00475476 0.06347990 -0.00103409
v 0.00489816 0.06342687 -0.00103409
v 0.00509848 0.06334307 -0.00073390
v 0.00489816 0.06342565 -0.00088430
v 0.00641416 0.06272373 0.00001565
v 0.00654922 0.06264803 0.00016544
v 0.00731404 0.06219506 0.00002718
v 0.00718657 0.06227845 0.00001565
v 0.00738233 0.06215823 -0.00013414
v 0.00729887 0.06221206 -0.00013414
v 0.00573583 0.06305809 -0.00013414
v 0.00564857 0.06310262 -0.00028453
v 0.00564857 0.06309412 -0.00013414
v 0.00581095 0.06302450 -0.00013414
v 0.00594904 0.06296013 -0.00013414
v 0.00612052 0.06287674 -0.00013414
v 0.00624875 0.06281360 -0.00013414
v 0.00745745 0.06210965 -0.00013414
v 0.00757202 0.06204083 -0.00028453
v 0.00757202 0.06196514 0.00044380
v 0.00735274 0.06213799 0.00031584
v 0.00757202 0.06199631 0.00022184
v 0.00757202 0.06200400 0.00016544
v 0.00757202 0.06202181 0.00001565
v 0.00744910 0.06209062 0.00016544
v 0.00716836 0.06226428 0.00031584
v 0.00743696 0.06211370 0.00002718
v 0.00757202 0.06203395 -0.00013414
v 0.00737854 0.06215539 -0.00001467
v 0.00624875 0.06280429 0.00001565
v 0.00638836 0.06272495 0.00017394
v 0.00601657 0.06289941 0.00020122
v 0.00632159 0.06275166 0.00022912
v 0.00592931 0.06292896 0.00031584
v 0.00631173 0.06274721 0.00031584
v 0.00591110 0.06292087 0.00046563
v 0.00579881 0.06297390 0.00046563
v 0.00564023 0.06302854 0.00062937
v 0.00567437 0.06303097 0.00046563
v 0.00569258 0.06303907 0.00031584
v 0.00558484 0.06305809 0.00058874
v 0.00551352 0.06308400 0.00062937
v 0.00534811 0.06314917 0.00061603
v 0.00513945 0.06320868 0.00073186
v 0.00519332 0.06318399 0.00077552
v 0.00476766 0.06333376 0.00076582
v 0.00444822 0.06344468 0.00076582
v 0.00489437 0.06318075 0.00136741
v 0.00431999 0.06348678 0.00076582
v 0.00444139 0.06336534 0.00120185
v 0.00448692 0.06334145 0.00124187
v 0.00458404 0.06332000 0.00120185
v 0.00480711 0.06319775 0.00141835
v 0.00489816 0.06314513 0.00151598
v 0.00470696 0.06321394 0.00148566
v 0.00466902 0.06320139 0.00158572
v 0.00475628 0.06307955 0.00197203
v 0.00467130 0.06305243 0.00218913
v 0.00475628 0.06304028 0.00212970
v 0.00463791 0.06304271 0.00226615
v 0.00467964 0.06292573 0.00263001
v 0.00452789 0.06305405 0.00234681
v 0.00448237 0.06304109 0.00244687
v 0.00436855 0.06302571 0.00263001
v 0.00444291 0.06300304 0.00263001
v 0.00453472 0.06297471 0.00263001
v 0.00474565 0.06290265 0.00263001
v 0.00438221 0.06305566 0.00250145
v 0.00429419 0.06317994 0.00211333
v 0.00444822 0.06313582 0.00211636
v 0.00444139 0.06317711 0.00196050
v 0.00434351 0.06334469 0.00140743
v 0.00429799 0.06340541 0.00121580
v 0.00405367 0.06349771 0.00111877
v 0.00438676 0.06335724 0.00130737
v 0.00391482 0.06365072 0.00036678
v 0.00435186 0.06349649 0.00061603
v 0.00436779 0.06350135 0.00052628
v 0.00431013 0.06352402 0.00047230
v 0.00429799 0.06354345 0.00031584
v 0.00414775 0.06358757 0.00031584
v 0.00409844 0.06365963 -0.00058411
v 0.00399828 0.06368594 -0.00058411
v 0.00384805 0.06372439 -0.00058411
v 0.00350054 0.06380981 -0.00043432
v 0.00324863 0.06387053 -0.00028453
v 0.00309840 0.06390777 -0.00028453
v 0.00296106 0.06393894 -0.00013414
v 0.00288291 0.06395553 0.00001565
v 0.00279869 0.06396930 0.00001565
v 0.00429799 0.06361145 -0.00073390
v 0.00429799 0.06359729 -0.00043432
v 0.00444822 0.06356369 -0.00058411
v 0.00444822 0.06357057 -0.00073390
v 0.00398842 0.06363412 0.00031645
v 0.00429799 0.06355640 0.00016544
v 0.00414775 0.06360052 0.00016544
v 0.00401953 0.06363777 0.00016544
v 0.00403698 0.06364262 0.00001565
v 0.00414775 0.06362076 -0.00013414
v 0.00279869 0.06397051 -0.00013414
v 0.00279869 0.06397173 -0.00028453
v 0.00288974 0.06395675 -0.00043432
v 0.00288898 0.06395675 -0.00028453
v 0.00296410 0.06393975 -0.00028453
v 0.00309840 0.06390939 -0.00058411
v 0.00350509 0.06381102 -0.00088430
v 0.00384805 0.06372763 -0.00103409
v 0.00369781 0.06376366 -0.00103409
v 0.00399828 0.06368918 -0.00118449
v 0.00409768 0.06365922 -0.00133428
v 0.00408402 0.06365598 -0.00148407
v 0.00429799 0.06360822 -0.00133428
v 0.00429799 0.06359972 -0.00148407
v 0.00429799 0.06359081 -0.00163447
v 0.00414775 0.06361996 -0.00178426
v 0.00429799 0.06357988 -0.00178426
v 0.00414775 0.06360822 -0.00193465
v 0.00429799 0.06356814 -0.00193465
v 0.00429799 0.06355600 -0.00208444
v 0.00429799 0.06354345 -0.00223484
v 0.00369781 0.06357300 -0.00328519
v 0.00384805 0.06355681 -0.00313480
v 0.00352785 0.06357664 -0.00356415
v 0.00384805 0.06353819 -0.00328519
v 0.00369781 0.06355397 -0.00343498
v 0.00381694 0.06350661 -0.00356415
v 0.00393227 0.06350540 -0.00337676
v 0.00395882 0.06351187 -0.00328519
v 0.00380404 0.06350985 -0.00356415
v 0.00378279 0.06351511 -0.00356415
v 0.00400587 0.06351997 -0.00313722
v 0.00443305 0.06351957 -0.00208444
v 0.00460908 0.06352078 -0.00132579
v 0.00467509 0.06350378 -0.00127060
v 0.00446188 0.06352280 -0.00194375
v 0.00444822 0.06353900 -0.00178426
v 0.00444822 0.06354952 -0.00163447
v 0.00444822 0.06355883 -0.00148407
v 0.00444822 0.06356774 -0.00133428
v 0.00457949 0.06352038 -0.00148407
v 0.00548392 0.06317670 -0.00044585
v 0.00502336 0.06337303 -0.00073390
v 0.00542929 0.06320544 -0.00058411
v 0.00467888 0.06350459 -0.00118449
v 0.00475248 0.06347909 -0.00088430
v 0.00467964 0.06350499 -0.00103409
v 0.00467737 0.06350459 -0.00088430
v 0.00489816 0.06342282 -0.00073390
v 0.00566071 0.06307914 0.00001384
v 0.00572748 0.06305486 -0.00003711
v 0.00549834 0.06316253 -0.00028453
v 0.00549834 0.06315403 -0.00013414
v 0.00549834 0.06314553 0.00001565
v 0.00549834 0.06313541 0.00016544
v 0.00578591 0.06302369 0.00001384
v 0.00579881 0.06300507 0.00016544
v 0.00594904 0.06294758 0.00001565
v 0.00603326 0.06290751 0.00001565
v 0.00602568 0.06290387 0.00010116
v 0.00595966 0.06293018 0.00015695
v 0.00579881 0.06299049 0.00031584
v 0.00570852 0.06304635 0.00016544
v 0.00561747 0.06307186 0.00031584
v 0.00549834 0.06312246 0.00031584
v 0.00549834 0.06310708 0.00046563
v 0.00534052 0.06318277 0.00032433
v 0.00521153 0.06322851 0.00032433
v 0.00482836 0.06335481 0.00040559
v 0.00523429 0.06318925 0.00061603
v 0.00504840 0.06325442 0.00061603
v 0.00489816 0.06330705 0.00061603
v 0.00459846 0.06341189 0.00061603
v 0.00444822 0.06346411 0.00061603
v 0.00459846 0.06327669 0.00136619
v 0.00444822 0.06324916 0.00166638
v 0.00456279 0.06306457 0.00226615
v 0.00444822 0.06309736 0.00226615
v 0.00443988 0.06348273 0.00047230
v 0.00447630 0.06348718 0.00031584
v 0.00438373 0.06350661 0.00042621
v 0.00440118 0.06351228 0.00031584
v 0.00442318 0.06351876 0.00016544
v 0.00410526 0.06366124 -0.00073390
v 0.00399828 0.06368877 -0.00073390
v 0.00384805 0.06372642 -0.00073390
v 0.00357869 0.06379200 -0.00058411
v 0.00350357 0.06381062 -0.00058411
v 0.00324863 0.06387215 -0.00043432
v 0.00309840 0.06390898 -0.00043432
v 0.00429799 0.06361307 -0.00088430
v 0.00418342 0.06364303 -0.00088430
v 0.00444822 0.06357300 -0.00088430
v 0.00429799 0.06358757 -0.00028453
v 0.00444822 0.06354345 -0.00028453
v 0.00455293 0.06351228 -0.00028453
v 0.00458632 0.06352240 -0.00058411
v 0.00467054 0.06350216 -0.00068478
v 0.00461135 0.06352199 -0.00073451
v 0.00459846 0.06352888 -0.00088430
v 0.00445733 0.06352038 0.00000656
v 0.00429799 0.06356693 0.00001565
v 0.00324863 0.06387296 -0.00058411
v 0.00384805 0.06372723 -0.00088430
v 0.00399828 0.06369039 -0.00103409
v 0.00410982 0.06366246 -0.00103409
v 0.00410754 0.06366165 -0.00118449
v 0.00429799 0.06361348 -0.00118449
v 0.00417279 0.06364019 -0.00133428
v 0.00444822 0.06357340 -0.00118449
v 0.00354834 0.06357178 -0.00356415
v 0.00367808 0.06354062 -0.00356415
v 0.00459846 0.06352928 -0.00118449
v 0.00519863 0.06329733 -0.00058411
v 0.00509089 0.06334024 -0.00058411
v 0.00519863 0.06328964 -0.00043432
v 0.00459846 0.06353009 -0.00103409
v 0.00467585 0.06350378 -0.00078484
v 0.00473427 0.06348232 -0.00073451
v 0.00474793 0.06347058 -0.00058411
v 0.00489816 0.06341594 -0.00058411
v 0.00501577 0.06336979 -0.00058411
v 0.00563340 0.06307874 0.00016544
v 0.00533521 0.06322730 -0.00028453
v 0.00532459 0.06322325 -0.00013414
v 0.00538832 0.06318925 0.00001565
v 0.00537466 0.06318480 0.00016544
v 0.00529955 0.06321273 0.00016544
v 0.00528513 0.06320706 0.00028006
v 0.00519863 0.06324916 0.00016544
v 0.00459846 0.06346046 0.00016544
v 0.00504840 0.06328681 0.00031584
v 0.00459846 0.06344508 0.00031584
v 0.00475704 0.06337384 0.00045957
v 0.00449830 0.06349487 0.00016544
v 0.00451348 0.06349973 0.00005083
v 0.00452562 0.06350378 -0.00004923
v 0.00399828 0.06368999 -0.00088430
v 0.00429799 0.06361429 -0.00103409
v 0.00418493 0.06364343 -0.00103409
v 0.00444822 0.06357421 -0.00103409
v 0.00444822 0.06353292 -0.00013414
v 0.00453548 0.06350702 -0.00013414
v 0.00464474 0.06349447 -0.00043432
v 0.00466143 0.06349933 -0.00058411
v 0.00500515 0.06336574 -0.00043432
v 0.00474793 0.06346006 -0.00043432
v 0.00489816 0.06340622 -0.00043432
v 0.00519863 0.06327223 -0.00013414
v 0.00531320 0.06321839 0.00001565
v 0.00499301 0.06336048 -0.00028453
v 0.00519863 0.06326171 0.00001565
v 0.00503853 0.06333174 -0.00012747
v 0.00497025 0.06335198 -0.00007228
v 0.00495887 0.06334793 0.00001565
v 0.00474793 0.06343577 -0.00013414
v 0.00461060 0.06348273 -0.00013414
v 0.00462805 0.06348880 -0.00028453
v 0.00474793 0.06344872 -0.00028453
v 0.00489816 0.06339529 -0.00028453
v 0.00498163 0.06335603 -0.00017234
f 1 2 5
f 1 5 17
f 1 17 16
f 1 16 15
f 1 15 14
f 1 14 13
f 1 13 12
f 1 12 11
f 1 11 10
f 1 10 24
f 1 24 35
f 1 35 52
f 1 52 94
f 1 94 101
f 1 101 100
f 1 100 150
f 1 150 149
f 1 149 148
f 1 148 207
f 1 207 259
f 1 259 342
f 1 342 445
f 1 445 444
f 1 444 443
f 1 443 568
f 1 568 567
f 1 567 700
f 1 700 831
f 1 831 992
f 1 992 991
f 1 991 990
f 1 990 1156
f 1 1156 1346
f 1 1346 1201
f 1 1201 1030
f 1 1030 874
f 1 874 1029
f 1 1029 872
f 1 872 869
f 1 869 865
f 1 865 864
f 1 864 863
f 1 863 736
f 1 736 598
f 1 598 477
f 1 477 361
f 1 361 279
f 1 279 278
f 1 278 273
f 1 273 208
f 1 208 153
f 1 153 104
f 1 104 59
f 1 59 38
f 1 38 25
f 1 25 18
f 1 18 6
f 1 6 3
f 1 3 7
f 1 7 20
f 1 20 30
f 1 30 43
f 1 43 71
f 1 71 117
f 1 117 163
f 1 163 220
f 1 220 293
f 1 293 381
f 1 381 502
f 1 502 627
f 1 627 761
f 1 761 760
f 1 760 757
f 1 757 756
f 1 756 759
f 1 759 913
f 1 913 1071
f 1 1071 1070
f 1 1070 1252
f 1 1252 1068
f 1 1068 1249
f 1 1249 1245
f 1 1245 1434
f 1 1434 1433
f 1 1433 1248
f 1 1248 1438
f 1 1438 1594
f 1 1594 1755
f 1 1755 1754
f 1 1754 1908
f 1 1908 1995
f 1 1995 1996
f 1 1996 1915
f 1 1915 1914
f 1 1914 1911
f 1 1911 1763
f 1 1763 1762
f 1 1762 1761
f 1 1761 1760
f 1 1760 1759
f 1 1759 1757
f 1 1757 1595
f 1 1595 1440
f 1 1440 1439
f 1 1439 1255
f 1 1255 1092
f 1 1092 1254
f 1 1254 1253
f 1 1253 1073
f 1 1073 1072
f 1 1072 916
f 1 916 914
f 1 914 762
f 1 762 766
f 1 766 639
f 1 639 515
f 1 515 394
f 1 394 504
f 1 504 383
f 1 383 294
f 1 294 223
f 1 223 165
f 1 165 119
f 1 119 118
f 1 118 73
f 1 73 72
f 1 72 44
f 1 44 33
f 1 33 22
f 1 22 8
f 1 8 4
f 1 4 2
f 2 4 5
f 3 6 7
f 4 8 21
f 4 21 32
f 4 32 49
f 4 49 48
f 4 48 86
f 4 86 131
f 4 131 181
f 4 181 244
f 4 244 243
f 4 243 320
f 4 320 241
f 4 241 318
f 4 318 317
f 4 317 316
f 4 316 419
f 4 419 418
f 4 418 417
f 4 417 416
f 4 416 415
f 4 415 414
f 4 414 541
f 4 541 669
f 4 669 800
f 4 800 799
f 4 799 952
f 4 952 1114
f 4 1114 1113
f 4 1113 1111
f 4 1111 1303
f 4 1303 1484
f 4 1484 1635
f 4 1635 1803
f 4 1803 1812
f 4 1812 1808
f 4 1808 1807
f 4 1807 1806
f 4 1806 1804
f 4 1804 1636
f 4 1636 1486
f 4 1486 1304
f 4 1304 1116
f 4 1116 953
f 4 953 801
f 4 801 670
f 4 670 542
f 4 542 421
f 4 421 321
f 4 321 245
f 4 245 182
f 4 182 132
f 4 132 88
f 4 88 87
f 4 87 50
f 4 50 34
f 4 34 23
f 4 23 9
f 4 9 10
f 4 10 11
f 4 11 12
f 4 12 13
f 4 13 14
f 4 14 15
f 4 15 16
f 4 16 17
f 4 17 5
f 6 18 7
f 7 19 27
f 7 27 20
f 7 18 19
f 8 22 21
f 9 23 10
f 10 23 34
f 10 34 51
f 10 51 93
f 10 93 138
f 10 138 192
f 10 192 256
f 10 256 338
f 10 338 439
f 10 439 437
f 10 437 563
f 10 563 697
f 10 697 696
f 10 696 694
f 10 694 693
f 10 693 692
f 10 692 691
f 10 691 827
f 10 827 986
f 10 986 1154
f 10 1154 1153
f 10 1153 1343
f 10 1343 1520
f 10 1520 1679
f 10 1679 1851
f 10 1851 1845
f 10 1845 1850
f 10 1850 1849
f 10 1849 1848
f 10 1848 1680
f 10 1680 1521
f 10 1521 1357
f 10 1357 1172
f 10 1172 1006
f 10 1006 1005
f 10 1005 842
f 10 842 709
f 10 709 572
f 10 572 448
f 10 448 343
f 10 343 262
f 10 262 201
f 10 201 144
f 10 144 200
f 10 200 261
f 10 261 197
f 10 197 260
f 10 260 195
f 10 195 152
f 10 152 151
f 10 151 102
f 10 102 57
f 10 57 36
f 10 36 24
f 18 25 26
f 18 26 19
f 19 26 39
f 19 39 27
f 20 27 28
f 20 28 29
f 20 29 30
f 21 22 31
f 21 31 32
f 22 33 31
f 24 36 37
f 24 37 35
f 25 38 26
f 26 38 39
f 27 39 40
f 27 40 29
f 27 29 28
f 29 40 41
f 29 41 30
f 30 41 42
f 30 42 43
f 31 33 44
f 31 44 45
f 31 45 46
f 31 46 47
f 31 47 48
f 31 48 49
f 31 49 32
f 34 50 51
f 35 37 53
f 35 53 54
f 35 54 55
f 35 55 56
f 35 56 52
f 36 57 58
f 36 58 37
f 37 58 54
f 37 54 53
f 38 59 60
f 38 60 39
f 39 60 61
f 39 61 62
f 39 62 63
f 39 63 40
f 40 63 41
f 41 63 64
f 41 64 42
f 42 64 109
f 42 109 65
f 42 65 66
f 42 66 67
f 42 67 68
f 42 68 43
f 43 68 69
f 43 69 70
f 43 70 71
f 44 72 45
f 45 72 73
f 45 73 74
f 45 74 75
f 45 75 76
f 45 76 77
f 45 77 46
f 46 78 79
f 46 79 47
f 46 77 80
f 46 80 78
f 47 81 48
f 47 79 82
f 47 82 83
f 47 83 84
f 47 84 81
f 48 85 86
f 48 81 85
f 50 87 51
f 51 87 88
f 51 88 89
f 51 89 90
f 51 90 91
f 51 91 92
f 51 92 93
f 52 56 94
f 54 95 55
f 54 58 96
f 54 96 97
f 54 97 98
f 54 98 95
f 55 95 56
f 56 95 99
f 56 99 100
f 56 100 101
f 56 101 94
f 57 102 103
f 57 103 58
f 58 103 96
f 59 104 60
f 60 105 61
f 60 104 105
f 61 105 106
f 61 106 62
f 62 107 108
f 62 108 109
f 62 109 63
f 62 106 107
f 63 109 64
f 65 108 110
f 65 110 66
f 65 109 108
f 66 110 157
f 66 157 111
f 66 111 112
f 66 112 67
f 67 113 68
f 67 112 114
f 67 114 113
f 68 113 69
f 69 113 70
f 70 113 115
f 70 115 116
f 70 116 117
f 70 117 71
f 73 118 74
f 74 118 119
f 74 119 120
f 74 120 121
f 74 121 122
f 74 122 75
f 75 122 123
f 75 123 76
f 76 123 77
f 77 123 124
f 77 124 80
f 78 125 79
f 78 80 126
f 78 126 127
f 78 127 125
f 79 125 82
f 80 124 126
f 81 84 85
f 82 128 83
f 82 125 129
f 82 129 130
f 82 130 84
f 82 84 128
f 83 128 84
f 84 130 131
f 84 131 85
f 85 131 86
f 88 132 89
f 89 133 134
f 89 134 90
f 89 132 133
f 90 134 91
f 91 134 92
f 92 134 135
f 92 135 136
f 92 136 137
f 92 137 93
f 93 137 138
f 95 139 99
f 95 98 139
f 96 103 140
f 96 140 97
f 97 140 141
f 97 141 142
f 97 142 98
f 98 142 143
f 98 143 144
f 98 144 145
f 98 145 146
f 98 146 139
f 99 139 147
f 99 147 148
f 99 148 149
f 99 149 150
f 99 150 100
f 102 151 103
f 103 151 152
f 103 152 140
f 104 153 105
f 105 153 106
f 106 153 107
f 107 153 108
f 108 154 155
f 108 155 110
f 108 153 156
f 108 156 154
f 110 155 157
f 111 157 158
f 111 158 112
f 112 159 160
f 112 160 114
f 112 158 161
f 112 161 159
f 113 114 160
f 113 160 115
f 115 162 163
f 115 163 116
f 115 160 164
f 115 164 162
f 116 163 117
f 119 165 166
f 119 166 167
f 119 167 120
f 120 167 121
f 121 167 168
f 121 168 169
f 121 169 127
f 121 127 123
f 121 123 122
f 123 170 124
f 123 127 171
f 123 171 170
f 124 170 126
f 125 127 172
f 125 172 173
f 125 173 174
f 125 174 175
f 125 175 176
f 125 176 177
f 125 177 129
f 126 170 171
f 126 171 127
f 127 169 178
f 127 178 172
f 129 177 179
f 129 179 130
f 130 179 180
f 130 180 131
f 131 180 181
f 132 182 183
f 132 183 133
f 133 183 184
f 133 184 185
f 133 185 186
f 133 186 187
f 133 187 134
f 134 187 135
f 135 137 136
f 135 187 188
f 135 188 189
f 135 189 190
f 135 190 137
f 137 190 191
f 137 191 138
f 138 191 192
f 139 193 194
f 139 194 147
f 139 146 206
f 139 206 193
f 140 152 195
f 140 195 196
f 140 196 141
f 141 196 197
f 141 197 142
f 142 197 198
f 142 198 143
f 143 198 199
f 143 199 144
f 144 199 200
f 144 201 202
f 144 202 145
f 145 203 204
f 145 204 146
f 145 202 203
f 146 204 205
f 146 205 206
f 147 194 207
f 147 207 148
f 153 208 209
f 153 209 156
f 154 210 211
f 154 211 155
f 154 156 209
f 154 209 212
f 154 212 210
f 155 211 213
f 155 213 157
f 157 213 214
f 157 214 158
f 158 214 283
f 158 283 215
f 158 215 161
f 159 216 164
f 159 164 160
f 159 161 216
f 161 215 217
f 161 217 218
f 161 218 219
f 161 219 216
f 162 164 163
f 163 164 221
f 163 221 222
f 163 222 220
f 164 216 221
f 165 223 224
f 165 224 166
f 166 224 225
f 166 225 167
f 167 225 168
f 168 225 224
f 168 224 226
f 168 226 169
f 169 226 227
f 169 227 178
f 172 178 228
f 172 228 229
f 172 229 230
f 172 230 231
f 172 231 173
f 173 231 232
f 173 232 174
f 174 232 175
f 175 232 231
f 175 231 233
f 175 233 234
f 175 234 235
f 175 235 176
f 176 236 237
f 176 237 238
f 176 238 177
f 176 235 236
f 177 238 239
f 177 239 179
f 178 227 240
f 178 240 228
f 179 239 241
f 179 241 242
f 179 242 243
f 179 243 244
f 179 244 180
f 180 244 181
f 182 245 246
f 182 246 183
f 183 246 247
f 183 247 248
f 183 248 184
f 184 248 249
f 184 249 185
f 185 249 250
f 185 250 186
f 186 188 187
f 186 250 251
f 186 251 252
f 186 252 188
f 188 252 189
f 189 252 190
f 190 252 253
f 190 253 254
f 190 254 255
f 190 255 192
f 190 192 191
f 192 255 256
f 193 257 258
f 193 258 194
f 193 206 257
f 194 258 259
f 194 259 207
f 195 260 196
f 196 260 197
f 197 261 199
f 197 199 198
f 199 261 200
f 201 262 202
f 202 263 264
f 202 264 265
f 202 265 266
f 202 266 267
f 202 267 203
f 202 262 268
f 202 268 263
f 203 267 204
f 204 267 266
f 204 266 265
f 204 265 205
f 205 265 269
f 205 269 270
f 205 270 271
f 205 271 272
f 205 272 206
f 206 272 257
f 208 273 274
f 208 274 209
f 209 274 212
f 210 275 276
f 210 276 211
f 210 212 277
f 210 277 278
f 210 278 279
f 210 279 275
f 211 276 280
f 211 280 213
f 212 274 273
f 212 273 277
f 213 280 281
f 213 281 214
f 214 281 282
f 214 282 283
f 215 283 284
f 215 284 285
f 215 285 286
f 215 286 287
f 215 287 217
f 216 222 221
f 216 219 222
f 217 287 218
f 218 287 288
f 218 288 219
f 219 289 222
f 219 288 290
f 219 290 291
f 219 291 289
f 220 222 292
f 220 292 293
f 222 289 292
f 223 294 295
f 223 295 224
f 224 295 226
f 226 295 296
f 226 296 297
f 226 297 227
f 227 298 299
f 227 299 240
f 227 297 300
f 227 300 301
f 227 301 302
f 227 302 298
f 228 303 304
f 228 304 229
f 228 240 305
f 228 305 303
f 229 304 233
f 229 233 230
f 230 233 231
f 233 304 306
f 233 306 234
f 234 306 235
f 235 306 307
f 235 307 308
f 235 308 309
f 235 309 236
f 236 309 310
f 236 310 237
f 237 310 311
f 237 311 238
f 238 311 312
f 238 312 313
f 238 313 314
f 238 314 239
f 239 314 315
f 239 315 316
f 239 316 317
f 239 317 318
f 239 318 241
f 240 299 319
f 240 319 305
f 241 320 242
f 242 320 243
f 245 321 322
f 245 322 246
f 246 322 247
f 247 323 249
f 247 249 248
f 247 322 323
f 249 324 250
f 249 323 325
f 249 325 326
f 249 326 327
f 249 327 328
f 249 328 324
f 250 324 329
f 250 329 330
f 250 330 251
f 251 330 252
f 252 329 253
f 252 330 329
f 253 329 331
f 253 331 332
f 253 332 254
f 254 332 430
f 254 430 333
f 254 333 334
f 254 334 335
f 254 335 336
f 254 336 337
f 254 337 255
f 255 337 338
f 255 338 256
f 257 339 340
f 257 340 258
f 257 272 341
f 257 341 339
f 258 340 342
f 258 342 259
f 262 343 268
f 263 268 344
f 263 344 454
f 263 454 345
f 263 345 346
f 263 346 347
f 263 347 264
f 264 347 348
f 264 348 349
f 264 349 269
f 264 269 265
f 268 343 350
f 268 350 351
f 268 351 455
f 268 455 344
f 269 349 352
f 269 352 270
f 270 353 354
f 270 354 271
f 270 352 355
f 270 355 353
f 271 354 272
f 272 354 356
f 272 356 341
f 273 278 277
f 275 357 359
f 275 359 276
f 275 279 358
f 275 358 357
f 276 359 360
f 276 360 280
f 279 361 362
f 279 362 358
f 280 360 363
f 280 363 281
f 281 363 364
f 281 364 282
f 282 364 365
f 282 365 366
f 282 366 283
f 283 366 284
f 284 366 367
f 284 367 368
f 284 368 285
f 285 368 369
f 285 369 370
f 285 370 286
f 286 371 287
f 286 370 372
f 286 372 373
f 286 373 374
f 286 374 371
f 287 371 374
f 287 374 288
f 288 374 375
f 288 375 290
f 289 291 376
f 289 376 292
f 290 375 291
f 291 375 377
f 291 377 378
f 291 378 379
f 291 379 376
f 292 376 380
f 292 380 293
f 293 380 381
f 294 382 295
f 294 383 382
f 295 382 384
f 295 384 296
f 296 384 385
f 296 385 297
f 297 385 300
f 298 302 386
f 298 386 387
f 298 387 388
f 298 388 389
f 298 389 299
f 299 390 391
f 299 391 319
f 299 389 392
f 299 392 393
f 299 393 390
f 300 385 382
f 300 382 394
f 300 394 395
f 300 395 396
f 300 396 397
f 300 397 387
f 300 387 398
f 300 398 301
f 301 398 302
f 302 398 386
f 303 399 304
f 303 305 400
f 303 400 401
f 303 401 399
f 304 402 306
f 304 399 402
f 305 319 403
f 305 403 404
f 305 404 405
f 305 405 400
f 306 402 406
f 306 406 407
f 306 407 307
f 307 407 408
f 307 408 308
f 308 408 409
f 308 409 410
f 308 410 411
f 308 411 309
f 309 411 412
f 309 412 310
f 310 412 311
f 311 412 413
f 311 413 414
f 311 414 415
f 311 415 416
f 311 416 312
f 312 416 313
f 313 416 417
f 313 417 418
f 313 418 314
f 314 418 419
f 314 419 316
f 314 316 315
f 319 391 420
f 319 420 403
f 321 421 422
f 321 422 322
f 322 422 421
f 322 421 423
f 322 423 424
f 322 424 323
f 323 424 425
f 323 425 325
f 324 328 329
f 325 425 426
f 325 426 326
f 326 426 427
f 326 427 428
f 326 428 327
f 327 429 331
f 327 331 328
f 327 428 429
f 328 331 329
f 331 430 431
f 331 431 332
f 331 429 432
f 331 432 430
f 332 431 430
f 333 430 432
f 333 432 433
f 333 433 334
f 334 433 434
f 334 434 435
f 334 435 335
f 335 435 436
f 335 436 336
f 336 437 439
f 336 439 337
f 336 436 438
f 336 438 437
f 337 439 338
f 339 440 441
f 339 441 340
f 339 341 442
f 339 442 440
f 340 441 443
f 340 443 444
f 340 444 445
f 340 445 342
f 341 356 446
f 341 446 447
f 341 447 442
f 343 448 449
f 343 449 450
f 343 450 451
f 343 451 452
f 343 452 453
f 343 453 350
f 344 455 456
f 344 456 457
f 344 457 454
f 345 454 458
f 345 458 459
f 345 459 346
f 346 459 460
f 346 460 461
f 346 461 462
f 346 462 347
f 347 462 348
f 348 463 464
f 348 464 349
f 348 462 465
f 348 465 466
f 348 466 463
f 349 464 352
f 350 453 351
f 351 453 455
f 352 464 467
f 352 467 468
f 352 468 355
f 353 355 469
f 353 469 354
f 354 469 470
f 354 470 446
f 354 446 356
f 355 468 471
f 355 471 472
f 355 472 469
f 357 473 474
f 357 474 359
f 357 358 362
f 357 362 475
f 357 475 473
f 359 474 360
f 360 476 363
f 360 474 476
f 361 477 478
f 361 478 479
f 361 479 475
f 361 475 362
f 363 476 480
f 363 480 364
f 364 480 481
f 364 481 365
f 365 481 482
f 365 482 483
f 365 483 366
f 366 483 367
f 367 483 484
f 367 484 368
f 368 484 485
f 368 485 486
f 368 486 487
f 368 487 488
f 368 488 489
f 368 489 490
f 368 490 491
f 368 491 369
f 369 491 370
f 370 491 372
f 372 491 492
f 372 492 493
f 372 493 494
f 372 494 373
f 373 494 374
f 374 494 375
f 375 494 495
f 375 495 377
f 376 379 496
f 376 496 380
f 377 495 497
f 377 497 498
f 377 498 378
f 378 499 379
f 378 498 499
f 379 500 501
f 379 501 502
f 379 502 503
f 379 503 496
f 379 499 500
f 380 496 381
f 381 496 502
f 382 383 504
f 382 504 394
f 382 385 384
f 386 398 387
f 387 397 505
f 387 505 506
f 387 506 388
f 388 506 392
f 388 392 389
f 390 393 507
f 390 507 508
f 390 508 509
f 390 509 510
f 390 510 511
f 390 511 391
f 391 511 512
f 391 512 420
f 392 506 505
f 392 505 513
f 392 513 514
f 392 514 507
f 392 507 393
f 394 515 395
f 395 515 516
f 395 516 396
f 396 516 505
f 396 505 397
f 399 401 517
f 399 517 518
f 399 518 402
f 400 519 401
f 400 405 520
f 400 520 521
f 400 521 522
f 400 522 523
f 400 523 519
f 401 519 524
f 401 524 525
f 401 525 517
f 402 518 526
f 402 526 527
f 402 527 528
f 402 528 406
f 403 420 512
f 403 512 529
f 403 529 530
f 403 530 404
f 404 530 531
f 404 531 405
f 405 531 532
f 405 532 533
f 405 533 520
f 406 534 407
f 406 528 535
f 406 535 534
f 407 536 537
f 407 537 408
f 407 534 536
f 408 537 538
f 408 538 409
f 409 538 410
f 410 538 539
f 410 539 412
f 410 412 411
f 412 539 540
f 412 540 541
f 412 541 414
f 412 414 413
f 421 542 423
f 423 542 543
f 423 543 424
f 424 543 544
f 424 544 425
f 425 545 546
f 425 546 426
f 425 544 547
f 425 547 545
f 426 548 549
f 426 549 550
f 426 550 427
f 426 546 548
f 427 550 551
f 427 551 552
f 427 552 553
f 427 553 429
f 427 429 554
f 427 554 428
f 428 554 429
f 429 553 552
f 429 552 555
f 429 555 556
f 429 556 433
f 429 433 432
f 433 556 434
f 434 556 557
f 434 557 435
f 435 557 558
f 435 558 559
f 435 559 560
f 435 560 561
f 435 561 436
f 436 561 562
f 436 562 438
f 437 438 563
f 438 562 563
f 440 564 565
f 440 565 441
f 440 442 566
f 440 566 564
f 441 565 567
f 441 567 568
f 441 568 443
f 442 447 569
f 442 569 570
f 442 570 566
f 446 470 571
f 446 571 569
f 446 569 447
f 448 572 449
f 449 573 450
f 449 572 573
f 450 573 574
f 450 574 575
f 450 575 451
f 451 575 452
f 452 575 576
f 452 576 453
f 453 576 455
f 454 457 458
f 455 576 715
f 455 715 577
f 455 577 456
f 456 577 578
f 456 578 457
f 457 578 458
f 458 578 579
f 458 579 460
f 458 460 459
f 460 579 580
f 460 580 461
f 461 580 581
f 461 581 462
f 462 581 465
f 463 466 464
f 464 582 583
f 464 583 467
f 464 466 579
f 464 579 582
f 465 581 579
f 465 579 466
f 467 583 584
f 467 584 468
f 468 584 471
f 469 472 585
f 469 585 586
f 469 586 587
f 469 587 588
f 469 588 589
f 469 589 571
f 469 571 470
f 471 584 590
f 471 590 585
f 471 585 472
f 473 591 592
f 473 592 593
f 473 593 594
f 473 594 474
f 473 475 479
f 473 479 478
f 473 478 591
f 474 594 595
f 474 595 596
f 474 596 476
f 476 596 597
f 476 597 480
f 477 598 599
f 477 599 478
f 478 599 591
f 480 597 600
f 480 600 481
f 481 600 601
f 481 601 482
f 482 601 602
f 482 602 603
f 482 603 483
f 483 603 604
f 483 604 484
f 484 604 485
f 485 605 486
f 485 604 606
f 485 606 607
f 485 607 608
f 485 608 605
f 486 605 608
f 486 608 609
f 486 609 487
f 487 609 610
f 487 610 611
f 487 611 612
f 487 612 613
f 487 613 614
f 487 614 615
f 487 615 488
f 488 615 616
f 488 616 617
f 488 617 489
f 489 617 490
f 490 492 491
f 490 617 618
f 490 618 492
f 492 618 619
f 492 619 493
f 493 619 494
f 494 619 620
f 494 620 621
f 494 621 495
f 495 621 497
f 496 503 502
f 497 621 498
f 498 621 622
f 498 622 623
f 498 623 624
f 498 624 499
f 499 624 625
f 499 625 626
f 499 626 501
f 499 501 500
f 501 627 502
f 501 626 627
f 505 516 628
f 505 628 629
f 505 629 630
f 505 630 513
f 507 514 510
f 507 510 508
f 508 510 509
f 510 514 631
f 510 631 632
f 510 632 633
f 510 633 634
f 510 634 635
f 510 635 511
f 511 635 512
f 512 635 634
f 512 634 636
f 512 636 529
f 513 630 637
f 513 637 514
f 514 637 638
f 514 638 631
f 515 639 516
f 516 639 628
f 517 525 640
f 517 640 518
f 518 640 641
f 518 641 642
f 518 642 643
f 518 643 526
f 519 523 522
f 519 522 644
f 519 644 645
f 519 645 524
f 520 533 532
f 520 532 646
f 520 646 647
f 520 647 522
f 520 522 521
f 522 647 648
f 522 648 649
f 522 649 645
f 522 645 644
f 524 645 649
f 524 649 650
f 524 650 525
f 525 651 640
f 525 650 651
f 526 643 527
f 527 643 641
f 527 641 652
f 527 652 653
f 527 653 654
f 527 654 535
f 527 535 528
f 529 636 655
f 529 655 530
f 530 655 656
f 530 656 657
f 530 657 531
f 531 657 532
f 532 657 658
f 532 658 659
f 532 659 660
f 532 660 646
f 534 535 661
f 534 661 664
f 534 664 536
f 535 662 661
f 535 654 663
f 535 663 662
f 536 664 537
f 537 665 538
f 537 664 665
f 538 665 666
f 538 666 539
f 539 667 668
f 539 668 540
f 539 666 667
f 540 668 541
f 541 668 669
f 542 670 671
f 542 671 672
f 542 672 544
f 542 544 543
f 544 673 674
f 544 674 547
f 544 672 675
f 544 675 673
f 545 676 546
f 545 547 674
f 545 674 677
f 545 677 676
f 546 676 677
f 546 677 678
f 546 678 548
f 548 678 549
f 549 678 679
f 549 679 680
f 549 680 550
f 550 680 681
f 550 681 682
f 550 682 551
f 551 682 683
f 551 683 552
f 552 683 684
f 552 684 685
f 552 685 555
f 555 685 686
f 555 686 687
f 555 687 556
f 556 687 688
f 556 688 557
f 557 688 689
f 557 689 690
f 557 690 558
f 558 690 559
f 559 690 691
f 559 691 692
f 559 692 693
f 559 693 694
f 559 694 695
f 559 695 560
f 560 695 561
f 561 696 697
f 561 697 563
f 561 563 562
f 561 695 696
f 564 698 699
f 564 699 565
f 564 566 703
f 564 703 698
f 565 699 700
f 565 700 567
f 566 570 701
f 566 701 702
f 566 702 703
f 569 704 701
f 569 701 570
f 569 571 705
f 569 705 704
f 571 589 588
f 571 588 706
f 571 706 707
f 571 707 705
f 572 708 573
f 572 709 708
f 573 708 710
f 573 710 711
f 573 711 712
f 573 712 574
f 574 712 713
f 574 713 714
f 574 714 575
f 575 714 576
f 576 714 715
f 577 715 578
f 578 715 579
f 579 715 716
f 579 716 717
f 579 717 718
f 579 718 719
f 579 719 583
f 579 583 582
f 579 581 580
f 583 720 584
f 583 719 720
f 584 720 718
f 584 718 590
f 585 590 721
f 585 721 722
f 585 722 587
f 585 587 586
f 587 722 858
f 587 858 723
f 587 723 588
f 588 723 839
f 588 839 706
f 590 718 724
f 590 724 721
f 591 599 725
f 591 725 592
f 592 725 726
f 592 726 727
f 592 727 730
f 592 730 593
f 593 728 729
f 593 729 594
f 593 730 731
f 593 731 732
f 593 732 728
f 594 729 595
f 595 729 596
f 596 729 733
f 596 733 734
f 596 734 597
f 597 734 735
f 597 735 600
f 598 736 725
f 598 725 599
f 600 735 737
f 600 737 601
f 601 737 880
f 601 880 738
f 601 738 602
f 602 738 739
f 602 739 740
f 602 740 603
f 603 740 741
f 603 741 606
f 603 606 604
f 606 741 742
f 606 742 743
f 606 743 744
f 606 744 607
f 607 744 608
f 608 744 891
f 608 891 745
f 608 745 609
f 609 745 746
f 609 746 610
f 610 746 747
f 610 747 611
f 611 747 748
f 611 748 749
f 611 749 612
f 612 749 613
f 613 749 750
f 613 750 614
f 614 750 615
f 615 750 616
f 616 750 751
f 616 751 617
f 617 751 752
f 617 752 618
f 618 752 753
f 618 753 619
f 619 753 620
f 620 753 621
f 621 753 754
f 621 754 755
f 621 755 622
f 622 755 623
f 623 756 757
f 623 757 624
f 623 755 758
f 623 758 759
f 623 759 756
f 624 760 625
f 624 757 760
f 625 760 761
f 625 761 626
f 626 761 627
f 628 630 629
f 628 639 630
f 630 762 763
f 630 763 764
f 630 764 765
f 630 765 637
f 630 639 766
f 630 766 762
f 631 638 767
f 631 767 768
f 631 768 632
f 632 769 770
f 632 770 633
f 632 768 769
f 633 770 634
f 634 770 771
f 634 771 655
f 634 655 636
f 637 765 772
f 637 772 638
f 638 772 767
f 640 651 773
f 640 773 774
f 640 774 775
f 640 775 641
f 641 643 642
f 641 775 652
f 646 660 647
f 647 660 776
f 647 776 777
f 647 777 778
f 647 778 648
f 648 778 650
f 648 650 649
f 650 778 779
f 650 779 774
f 650 774 780
f 650 780 651
f 651 780 774
f 651 774 773
f 652 775 781
f 652 781 653
f 653 782 654
f 653 781 782
f 654 782 663
f 655 771 656
f 656 783 658
f 656 658 657
f 656 771 784
f 656 784 783
f 658 783 659
f 659 783 660
f 660 783 785
f 660 785 786
f 660 786 776
f 661 662 787
f 661 787 664
f 662 663 788
f 662 788 787
f 663 789 790
f 663 790 788
f 663 782 791
f 663 791 789
f 664 792 793
f 664 793 665
f 664 787 794
f 664 794 792
f 665 793 666
f 666 793 795
f 666 795 796
f 666 796 797
f 666 797 667
f 667 797 668
f 668 797 798
f 668 798 799
f 668 799 800
f 668 800 669
f 670 801 802
f 670 802 671
f 671 802 672
f 672 802 803
f 672 803 673
f 672 673 675
f 673 803 804
f 673 804 805
f 673 805 806
f 673 806 674
f 674 806 805
f 674 805 807
f 674 807 808
f 674 808 677
f 677 808 809
f 677 809 810
f 677 810 678
f 678 810 679
f 679 810 811
f 679 811 812
f 679 812 680
f 680 812 681
f 681 812 682
f 682 812 813
f 682 813 683
f 683 813 812
f 683 812 684
f 684 814 685
f 684 812 814
f 685 814 815
f 685 815 816
f 685 816 817
f 685 817 818
f 685 818 686
f 686 819 820
f 686 820 687
f 686 818 821
f 686 821 819
f 687 820 822
f 687 822 688
f 688 822 823
f 688 823 689
f 689 824 825
f 689 825 826
f 689 826 690
f 689 823 824
f 690 826 691
f 691 826 827
f 694 696 695
f 698 828 829
f 698 829 699
f 698 703 828
f 699 829 830
f 699 830 700
f 700 830 831
f 701 704 832
f 701 832 833
f 701 833 702
f 702 833 703
f 703 833 834
f 703 834 835
f 703 835 828
f 704 705 836
f 704 836 832
f 705 707 837
f 705 837 838
f 705 838 836
f 706 839 840
f 706 840 837
f 706 837 707
f 708 709 841
f 708 841 710
f 709 842 843
f 709 843 841
f 710 841 844
f 710 844 845
f 710 845 846
f 710 846 847
f 710 847 711
f 711 847 848
f 711 848 849
f 711 849 712
f 712 849 850
f 712 850 851
f 712 851 852
f 712 852 713
f 713 852 851
f 713 851 714
f 714 853 717
f 714 717 715
f 714 851 854
f 714 854 853
f 715 717 716
f 717 855 718
f 717 853 856
f 717 856 857
f 717 857 855
f 718 855 724
f 718 720 719
f 721 724 862
f 721 862 858
f 721 858 722
f 723 858 859
f 723 859 1004
f 723 1004 839
f 724 855 860
f 724 860 861
f 724 861 862
f 725 736 863
f 725 863 726
f 726 863 864
f 726 864 727
f 727 864 865
f 727 865 730
f 728 866 867
f 728 867 729
f 728 732 866
f 729 867 868
f 729 868 733
f 730 865 869
f 730 869 731
f 731 869 732
f 732 870 1026
f 732 1026 871
f 732 871 866
f 732 869 872
f 732 872 873
f 732 873 874
f 732 874 870
f 733 868 875
f 733 875 876
f 733 876 734
f 734 876 877
f 734 877 735
f 735 878 879
f 735 879 880
f 735 880 737
f 735 877 878
f 738 880 881
f 738 881 739
f 739 881 882
f 739 882 883
f 739 883 884
f 739 884 740
f 740 884 885
f 740 885 886
f 740 886 741
f 741 886 742
f 742 886 887
f 742 887 888
f 742 888 889
f 742 889 743
f 743 889 890
f 743 890 747
f 743 747 744
f 744 747 891
f 745 891 892
f 745 892 746
f 746 892 747
f 747 890 893
f 747 893 894
f 747 894 895
f 747 895 896
f 747 896 897
f 747 897 898
f 747 898 899
f 747 899 748
f 747 892 891
f 748 900 901
f 748 901 902
f 748 902 749
f 748 899 903
f 748 903 900
f 749 902 904
f 749 904 905
f 749 905 750
f 750 906 907
f 750 907 752
f 750 752 751
f 750 905 904
f 750 904 908
f 750 908 906
f 752 907 909
f 752 909 910
f 752 910 753
f 753 910 911
f 753 911 754
f 754 911 755
f 755 911 912
f 755 912 758
f 758 912 913
f 758 913 759
f 762 914 915
f 762 915 763
f 763 915 764
f 764 915 916
f 764 916 917
f 764 917 918
f 764 918 765
f 765 918 772
f 767 919 920
f 767 920 921
f 767 921 768
f 767 772 919
f 768 922 769
f 768 921 923
f 768 923 922
f 769 922 924
f 769 924 925
f 769 925 926
f 769 926 770
f 770 927 771
f 770 926 927
f 771 927 784
f 772 918 928
f 772 928 929
f 772 929 919
f 774 779 775
f 775 779 930
f 775 930 781
f 776 786 777
f 777 786 931
f 777 931 932
f 777 932 933
f 777 933 934
f 777 934 935
f 777 935 778
f 778 935 779
f 779 935 936
f 779 936 937
f 779 937 930
f 781 930 938
f 781 938 791
f 781 791 782
f 783 784 939
f 783 939 940
f 783 940 785
f 784 927 939
f 785 940 931
f 785 931 786
f 787 788 941
f 787 941 949
f 787 949 794
f 788 790 941
f 789 942 790
f 789 791 942
f 790 942 943
f 790 943 949
f 790 949 941
f 791 938 944
f 791 944 942
f 792 945 946
f 792 946 947
f 792 947 793
f 792 794 948
f 792 948 949
f 792 949 950
f 792 950 951
f 792 951 945
f 793 947 795
f 794 949 948
f 795 947 796
f 796 947 952
f 796 952 799
f 796 799 798
f 796 798 797
f 801 953 954
f 801 954 802
f 802 954 955
f 802 955 956
f 802 956 803
f 803 957 804
f 803 956 957
f 804 957 805
f 805 958 959
f 805 959 807
f 805 957 960
f 805 960 958
f 807 959 961
f 807 961 808
f 808 961 962
f 808 962 963
f 808 963 810
f 808 810 809
f 810 964 965
f 810 965 811
f 810 963 964
f 811 965 966
f 811 966 812
f 812 966 814
f 814 966 815
f 815 966 965
f 815 965 967
f 815 967 816
f 816 968 969
f 816 969 817
f 816 967 964
f 816 964 970
f 816 970 971
f 816 971 968
f 817 969 818
f 818 969 1133
f 818 1133 972
f 818 972 973
f 818 973 821
f 819 821 820
f 820 974 822
f 820 821 975
f 820 975 976
f 820 976 974
f 821 973 972
f 821 972 977
f 821 977 975
f 822 974 978
f 822 978 979
f 822 979 980
f 822 980 824
f 822 824 823
f 824 981 825
f 824 980 979
f 824 979 982
f 824 982 981
f 825 981 983
f 825 983 984
f 825 984 826
f 826 984 985
f 826 985 986
f 826 986 827
f 828 987 829
f 828 835 988
f 828 988 989
f 828 989 987
f 829 987 990
f 829 990 991
f 829 991 830
f 830 991 992
f 830 992 831
f 832 993 994
f 832 994 833
f 832 836 995
f 832 995 996
f 832 996 993
f 833 994 997
f 833 997 834
f 834 998 835
f 834 997 999
f 834 999 998
f 835 998 1000
f 835 1000 988
f 836 838 1001
f 836 1001 1002
f 836 1002 995
f 837 840 1004
f 837 1004 1003
f 837 1003 838
f 838 1003 1001
f 839 1004 840
f 841 843 844
f 842 1005 843
f 843 1006 1007
f 843 1007 1008
f 843 1008 844
f 843 1005 1006
f 844 1008 845
f 845 1008 846
f 846 1008 1009
f 846 1009 1010
f 846 1010 847
f 847 1010 848
f 848 1010 1011
f 848 1011 1012
f 848 1012 851
f 848 851 850
f 848 850 849
f 851 1012 854
f 853 854 1013
f 853 1013 856
f 854 1012 1013
f 855 857 860
f 856 1014 1015
f 856 1015 857
f 856 1013 1016
f 856 1016 1014
f 857 1015 860
f 858 862 1017
f 858 1017 859
f 859 1017 1018
f 859 1018 1019
f 859 1019 1004
f 860 1015 1021
f 860 1021 861
f 861 1020 862
f 861 1021 1022
f 861 1022 1023
f 861 1023 1020
f 862 1020 1017
f 866 1024 1025
f 866 1025 867
f 866 871 1026
f 866 1026 1027
f 866 1027 1196
f 866 1196 1024
f 867 1025 868
f 868 1028 1032
f 868 1032 875
f 868 1025 1028
f 870 874 1026
f 872 1029 873
f 873 1029 874
f 874 1030 1199
f 874 1199 1031
f 874 1031 1026
f 875 1032 876
f 876 1033 1034
f 876 1034 878
f 876 878 877
f 876 1032 1033
f 878 1035 1036
f 878 1036 879
f 878 1034 1035
f 879 1037 1038
f 879 1038 880
f 879 1036 1039
f 879 1039 1040
f 879 1040 1037
f 880 1038 881
f 881 1038 1041
f 881 1041 882
f 882 1041 1042
f 882 1042 883
f 883 1042 1043
f 883 1043 884
f 884 1043 885
f 885 1043 886
f 886 1043 1044
f 886 1044 887
f 887 1044 888
f 888 1044 1045
f 888 1045 1046
f 888 1046 1047
f 888 1047 889
f 889 1047 890
f 890 1047 893
f 893 1047 1048
f 893 1048 894
f 894 1048 1049
f 894 1049 1050
f 894 1050 895
f 895 1050 1051
f 895 1051 896
f 896 1051 1052
f 896 1052 1053
f 896 1053 1054
f 896 1054 1055
f 896 1055 897
f 897 1055 898
f 898 1055 1054
f 898 1054 1056
f 898 1056 1057
f 898 1057 1058
f 898 1058 899
f 899 1058 903
f 900 1058 901
f 900 903 1058
f 901 1058 902
f 902 1058 1059
f 902 1059 1056
f 902 1056 1060
f 902 1060 904
f 904 1060 1061
f 904 1061 908
f 906 1062 1063
f 906 1063 907
f 906 908 1064
f 906 1064 1065
f 906 1065 1062
f 907 1063 1066
f 907 1066 909
f 908 1061 1067
f 908 1067 1064
f 909 1066 1068
f 909 1068 1069
f 909 1069 910
f 910 1069 911
f 911 1069 912
f 912 1069 1070
f 912 1070 1071
f 912 1071 913
f 914 916 915
f 916 1072 917
f 917 1072 1073
f 917 1073 1074
f 917 1074 928
f 917 928 918
f 919 1075 1076
f 919 1076 920
f 919 929 928
f 919 928 1075
f 920 1076 1077
f 920 1077 1078
f 920 1078 1079
f 920 1079 1080
f 920 1080 921
f 921 1081 923
f 921 1080 1079
f 921 1079 1082
f 921 1082 1083
f 921 1083 1084
f 921 1084 1085
f 921 1085 1081
f 922 923 1081
f 922 1081 924
f 924 1081 1086
f 924 1086 925
f 925 1087 926
f 925 1086 1088
f 925 1088 1087
f 926 1087 1089
f 926 1089 1090
f 926 1090 927
f 927 1090 1091
f 927 1091 940
f 927 940 939
f 928 1074 1092
f 928 1092 1075
f 930 937 1093
f 930 1093 1278
f 930 1278 1094
f 930 1094 938
f 931 940 1095
f 931 1095 932
f 932 1095 1096
f 932 1096 933
f 933 1097 934
f 933 1096 1098
f 933 1098 1099
f 933 1099 1097
f 934 1097 1100
f 934 1100 937
f 934 937 936
f 934 936 935
f 937 1100 1101
f 937 1101 1102
f 937 1102 1093
f 938 1094 1103
f 938 1103 944
f 940 1091 1095
f 942 944 943
f 943 944 1104
f 943 1104 1105
f 943 1105 949
f 944 1106 1104
f 944 1103 1107
f 944 1107 1106
f 945 951 1108
f 945 1108 1109
f 945 1109 1110
f 945 1110 1111
f 945 1111 1112
f 945 1112 946
f 946 1112 947
f 947 1112 1113
f 947 1113 1114
f 947 1114 952
f 949 1105 951
f 949 951 950
f 951 1105 1115
f 951 1115 1108
f 953 1116 1117
f 953 1117 954
f 954 1117 1118
f 954 1118 1119
f 954 1119 955
f 955 1120 1121
f 955 1121 1122
f 955 1122 957
f 955 957 956
f 955 1119 1120
f 957 1122 960
f 958 1122 959
f 958 960 1122
f 959 1122 1123
f 959 1123 1124
f 959 1124 1125
f 959 1125 962
f 959 962 961
f 962 1125 1126
f 962 1126 963
f 963 1126 1127
f 963 1127 1128
f 963 1128 964
f 964 1128 970
f 964 967 965
f 968 971 1129
f 968 1129 1130
f 968 1130 1131
f 968 1131 1132
f 968 1132 969
f 969 1132 1133
f 970 1134 1135
f 970 1135 971
f 970 1128 1136
f 970 1136 1134
f 971 1135 1129
f 972 1133 1137
f 972 1137 1138
f 972 1138 977
f 974 976 978
f 975 977 1139
f 975 1139 1140
f 975 1140 1141
f 975 1141 1142
f 975 1142 976
f 976 1142 1143
f 976 1143 978
f 977 1138 1139
f 978 1143 982
f 978 982 979
f 981 982 1144
f 981 1144 1145
f 981 1145 983
f 982 1146 1147
f 982 1147 1148
f 982 1148 1144
f 982 1143 1146
f 983 1149 985
f 983 985 984
f 983 1145 1150
f 983 1150 1151
f 983 1151 1149
f 985 1149 1152
f 985 1152 1153
f 985 1153 1154
f 985 1154 986
f 987 1155 1156
f 987 1156 990
f 987 989 1157
f 987 1157 1158
f 987 1158 1159
f 987 1159 1345
f 987 1345 1155
f 988 1000 998
f 988 998 1160
f 988 1160 1161
f 988 1161 989
f 989 1161 1157
f 993 1162 994
f 993 996 1163
f 993 1163 1162
f 994 1162 1164
f 994 1164 1165
f 994 1165 999
f 994 999 997
f 995 1166 1167
f 995 1167 1168
f 995 1168 996
f 995 1002 1169
f 995 1169 1166
f 996 1168 1163
f 998 999 1170
f 998 1170 1160
f 999 1165 1171
f 999 1171 1170
f 1001 1003 1019
f 1001 1019 1169
f 1001 1169 1002
f 1003 1004 1019
f 1006 1172 1173
f 1006 1173 1174
f 1006 1174 1175
f 1006 1175 1007
f 1007 1176 1177
f 1007 1177 1008
f 1007 1175 1174
f 1007 1174 1178
f 1007 1178 1179
f 1007 1179 1180
f 1007 1180 1176
f 1008 1177 1181
f 1008 1181 1182
f 1008 1182 1183
f 1008 1183 1009
f 1009 1183 1010
f 1010 1183 1011
f 1011 1184 1012
f 1011 1183 1185
f 1011 1185 1186
f 1011 1186 1184
f 1012 1184 1187
f 1012 1187 1016
f 1012 1016 1013
f 1014 1016 1188
f 1014 1188 1015
f 1015 1188 1021
f 1016 1187 1189
f 1016 1189 1190
f 1016 1190 1188
f 1017 1020 1018
f 1018 1020 1192
f 1018 1192 1191
f 1018 1191 1169
f 1018 1169 1019
f 1020 1023 1195
f 1020 1195 1192
f 1021 1188 1193
f 1021 1193 1194
f 1021 1194 1022
f 1022 1194 1023
f 1023 1194 1195
f 1024 1196 1158
f 1024 1158 1025
f 1025 1158 1197
f 1025 1197 1028
f 1026 1198 1196
f 1026 1196 1027
f 1026 1031 1199
f 1026 1199 1200
f 1026 1200 1198
f 1028 1197 1032
f 1030 1201 1199
f 1032 1202 1164
f 1032 1164 1203
f 1032 1203 1033
f 1032 1197 1202
f 1033 1203 1204
f 1033 1204 1205
f 1033 1205 1206
f 1033 1206 1034
f 1034 1206 1035
f 1035 1206 1039
f 1035 1039 1036
f 1037 1040 1207
f 1037 1207 1208
f 1037 1208 1038
f 1038 1208 1041
f 1039 1206 1209
f 1039 1209 1210
f 1039 1210 1211
f 1039 1211 1040
f 1040 1211 1207
f 1041 1208 1212
f 1041 1212 1213
f 1041 1213 1214
f 1041 1214 1042
f 1042 1214 1215
f 1042 1215 1216
f 1042 1216 1043
f 1043 1216 1217
f 1043 1217 1218
f 1043 1218 1044
f 1044 1218 1219
f 1044 1219 1220
f 1044 1220 1045
f 1045 1220 1046
f 1046 1220 1047
f 1047 1220 1048
f 1048 1220 1221
f 1048 1221 1222
f 1048 1222 1049
f 1049 1222 1409
f 1049 1409 1223
f 1049 1223 1224
f 1049 1224 1225
f 1049 1225 1050
f 1050 1225 1226
f 1050 1226 1227
f 1050 1227 1051
f 1051 1227 1228
f 1051 1228 1229
f 1051 1229 1230
f 1051 1230 1231
f 1051 1231 1052
f 1052 1231 1232
f 1052 1232 1233
f 1052 1233 1234
f 1052 1234 1235
f 1052 1235 1053
f 1053 1236 1054
f 1053 1235 1236
f 1054 1236 1431
f 1054 1431 1237
f 1054 1237 1238
f 1054 1238 1056
f 1056 1239 1060
f 1056 1059 1057
f 1056 1238 1240
f 1056 1240 1239
f 1057 1059 1058
f 1060 1239 1061
f 1061 1239 1240
f 1061 1240 1241
f 1061 1241 1250
f 1061 1250 1067
f 1062 1065 1242
f 1062 1242 1243
f 1062 1243 1063
f 1063 1243 1244
f 1063 1244 1245
f 1063 1245 1066
f 1064 1067 1065
f 1065 1067 1246
f 1065 1246 1247
f 1065 1247 1248
f 1065 1248 1242
f 1066 1249 1068
f 1066 1245 1249
f 1067 1250 1251
f 1067 1251 1246
f 1068 1252 1069
f 1069 1252 1070
f 1073 1253 1074
f 1074 1253 1254
f 1074 1254 1092
f 1075 1092 1255
f 1075 1255 1256
f 1075 1256 1076
f 1076 1256 1077
f 1077 1256 1257
f 1077 1257 1258
f 1077 1258 1078
f 1078 1259 1082
f 1078 1082 1260
f 1078 1260 1079
f 1078 1258 1261
f 1078 1261 1259
f 1079 1260 1082
f 1081 1262 1086
f 1081 1085 1263
f 1081 1263 1264
f 1081 1264 1262
f 1082 1259 1265
f 1082 1265 1266
f 1082 1266 1083
f 1083 1266 1267
f 1083 1267 1084
f 1084 1267 1268
f 1084 1268 1269
f 1084 1269 1270
f 1084 1270 1085
f 1085 1270 1271
f 1085 1271 1263
f 1086 1262 1264
f 1086 1264 1088
f 1087 1088 1089
f 1088 1264 1272
f 1088 1272 1273
f 1088 1273 1089
f 1089 1095 1091
f 1089 1091 1090
f 1089 1273 1274
f 1089 1274 1275
f 1089 1275 1276
f 1089 1276 1277
f 1089 1277 1095
f 1093 1102 1278
f 1094 1278 1456
f 1094 1456 1279
f 1094 1279 1107
f 1094 1107 1103
f 1095 1277 1280
f 1095 1280 1281
f 1095 1281 1096
f 1096 1281 1098
f 1097 1099 1100
f 1098 1281 1282
f 1098 1282 1283
f 1098 1283 1284
f 1098 1284 1099
f 1099 1284 1285
f 1099 1285 1286
f 1099 1286 1101
f 1099 1101 1100
f 1101 1287 1102
f 1101 1286 1287
f 1102 1287 1288
f 1102 1288 1289
f 1102 1289 1290
f 1102 1290 1291
f 1102 1291 1278
f 1104 1106 1292
f 1104 1292 1293
f 1104 1293 1294
f 1104 1294 1105
f 1105 1294 1295
f 1105 1295 1115
f 1106 1107 1296
f 1106 1296 1292
f 1107 1279 1297
f 1107 1297 1298
f 1107 1298 1299
f 1107 1299 1296
f 1108 1115 1109
f 1109 1300 1301
f 1109 1301 1302
f 1109 1302 1110
f 1109 1115 1300
f 1110 1302 1111
f 1111 1113 1112
f 1111 1302 1303
f 1115 1295 1300
f 1116 1304 1305
f 1116 1305 1117
f 1117 1305 1118
f 1118 1305 1306
f 1118 1306 1307
f 1118 1307 1308
f 1118 1308 1309
f 1118 1309 1310
f 1118 1310 1119
f 1119 1310 1309
f 1119 1309 1120
f 1120 1309 1121
f 1121 1309 1311
f 1121 1311 1312
f 1121 1312 1124
f 1121 1124 1122
f 1122 1124 1123
f 1124 1312 1313
f 1124 1313 1314
f 1124 1314 1126
f 1124 1126 1125
f 1126 1314 1315
f 1126 1315 1316
f 1126 1316 1127
f 1127 1316 1317
f 1127 1317 1318
f 1127 1318 1128
f 1128 1318 1319
f 1128 1319 1320
f 1128 1320 1134
f 1128 1134 1136
f 1129 1135 1134
f 1129 1134 1320
f 1129 1320 1321
f 1129 1321 1322
f 1129 1322 1323
f 1129 1323 1131
f 1129 1131 1130
f 1131 1323 1132
f 1132 1323 1324
f 1132 1324 1137
f 1132 1137 1133
f 1137 1324 1325
f 1137 1325 1326
f 1137 1326 1138
f 1138 1326 1139
f 1139 1327 1328
f 1139 1328 1329
f 1139 1329 1330
f 1139 1330 1331
f 1139 1331 1140
f 1139 1326 1327
f 1140 1331 1332
f 1140 1332 1141
f 1141 1332 1146
f 1141 1146 1143
f 1141 1143 1142
f 1144 1148 1333
f 1144 1333 1334
f 1144 1334 1145
f 1145 1334 1333
f 1145 1333 1150
f 1146 1332 1335
f 1146 1335 1336
f 1146 1336 1147
f 1147 1336 1337
f 1147 1337 1148
f 1148 1337 1338
f 1148 1338 1339
f 1148 1339 1340
f 1148 1340 1333
f 1149 1151 1152
f 1150 1333 1151
f 1151 1333 1341
f 1151 1341 1342
f 1151 1342 1152
f 1152 1342 1153
f 1153 1342 1343
f 1155 1200 1344
f 1155 1344 1156
f 1155 1345 1200
f 1156 1344 1346
f 1157 1161 1347
f 1157 1347 1158
f 1158 1347 1197
f 1158 1196 1159
f 1159 1196 1345
f 1160 1170 1356
f 1160 1356 1348
f 1160 1348 1161
f 1161 1348 1347
f 1162 1163 1349
f 1162 1349 1164
f 1163 1168 1350
f 1163 1350 1349
f 1164 1349 1203
f 1164 1202 1351
f 1164 1351 1165
f 1165 1351 1170
f 1165 1170 1171
f 1166 1352 1353
f 1166 1353 1167
f 1166 1169 1352
f 1167 1353 1168
f 1168 1353 1350
f 1169 1191 1354
f 1169 1354 1355
f 1169 1355 1203
f 1169 1203 1352
f 1170 1351 1202
f 1170 1202 1356
f 1172 1357 1358
f 1172 1358 1173
f 1173 1358 1359
f 1173 1359 1360
f 1173 1360 1174
f 1174 1360 1361
f 1174 1361 1362
f 1174 1362 1363
f 1174 1363 1364
f 1174 1364 1365
f 1174 1365 1178
f 1176 1180 1366
f 1176 1366 1367
f 1176 1367 1177
f 1177 1367 1181
f 1178 1365 1179
f 1179 1365 1364
f 1179 1364 1368
f 1179 1368 1369
f 1179 1369 1370
f 1179 1370 1180
f 1180 1371 1367
f 1180 1367 1366
f 1180 1370 1371
f 1181 1367 1182
f 1182 1367 1372
f 1182 1372 1183
f 1183 1372 1185
f 1184 1186 1373
f 1184 1373 1189
f 1184 1189 1187
f 1185 1372 1374
f 1185 1374 1375
f 1185 1375 1376
f 1185 1376 1186
f 1186 1376 1377
f 1186 1377 1378
f 1186 1378 1379
f 1186 1379 1380
f 1186 1380 1373
f 1188 1190 1381
f 1188 1381 1193
f 1189 1381 1190
f 1189 1373 1382
f 1189 1382 1381
f 1191 1383 1209
f 1191 1209 1354
f 1191 1192 1383
f 1192 1384 1392
f 1192 1392 1383
f 1192 1195 1384
f 1193 1381 1194
f 1194 1385 1195
f 1194 1381 1386
f 1194 1386 1385
f 1195 1387 1389
f 1195 1389 1384
f 1195 1385 1387
f 1196 1198 1200
f 1196 1200 1345
f 1197 1347 1348
f 1197 1348 1356
f 1197 1356 1202
f 1199 1201 1200
f 1200 1201 1344
f 1201 1346 1344
f 1203 1355 1205
f 1203 1205 1204
f 1203 1349 1350
f 1203 1350 1353
f 1203 1353 1352
f 1205 1355 1206
f 1206 1355 1354
f 1206 1354 1209
f 1207 1211 1388
f 1207 1388 1389
f 1207 1389 1390
f 1207 1390 1208
f 1208 1390 1391
f 1208 1391 1212
f 1209 1383 1210
f 1210 1383 1392
f 1210 1392 1211
f 1211 1392 1388
f 1212 1391 1213
f 1213 1391 1390
f 1213 1390 1393
f 1213 1393 1394
f 1213 1394 1395
f 1213 1395 1215
f 1213 1215 1214
f 1215 1395 1396
f 1215 1396 1397
f 1215 1397 1216
f 1216 1397 1398
f 1216 1398 1217
f 1217 1398 1399
f 1217 1399 1400
f 1217 1400 1401
f 1217 1401 1218
f 1218 1401 1402
f 1218 1402 1403
f 1218 1403 1219
f 1219 1403 1220
f 1220 1403 1404
f 1220 1404 1221
f 1221 1404 1405
f 1221 1405 1406
f 1221 1406 1407
f 1221 1407 1222
f 1222 1407 1408
f 1222 1408 1409
f 1223 1409 1410
f 1223 1410 1411
f 1223 1411 1224
f 1224 1411 1412
f 1224 1412 1413
f 1224 1413 1414
f 1224 1414 1225
f 1225 1414 1415
f 1225 1415 1226
f 1226 1415 1416
f 1226 1416 1417
f 1226 1417 1227
f 1227 1417 1418
f 1227 1418 1419
f 1227 1419 1228
f 1228 1230 1229
f 1228 1419 1418
f 1228 1418 1420
f 1228 1420 1230
f 1230 1421 1231
f 1230 1420 1421
f 1231 1421 1232
f 1232 1421 1422
f 1232 1422 1423
f 1232 1423 1233
f 1233 1423 1424
f 1233 1424 1425
f 1233 1425 1426
f 1233 1426 1427
f 1233 1427 1234
f 1234 1427 1235
f 1235 1427 1428
f 1235 1428 1429
f 1235 1429 1430
f 1235 1430 1431
f 1235 1431 1236
f 1237 1431 1432
f 1237 1432 1238
f 1238 1432 1240
f 1240 1432 1251
f 1240 1251 1241
f 1241 1251 1250
f 1242 1248 1243
f 1243 1248 1433
f 1243 1433 1434
f 1243 1434 1244
f 1244 1434 1245
f 1246 1251 1247
f 1247 1251 1435
f 1247 1435 1436
f 1247 1436 1248
f 1248 1436 1437
f 1248 1437 1438
f 1251 1432 1435
f 1255 1439 1257
f 1255 1257 1256
f 1257 1439 1440
f 1257 1440 1441
f 1257 1441 1258
f 1258 1441 1442
f 1258 1442 1261
f 1259 1261 1443
f 1259 1443 1444
f 1259 1444 1265
f 1261 1442 1443
f 1263 1271 1445
f 1263 1445 1264
f 1264 1445 1272
f 1265 1444 1446
f 1265 1446 1267
f 1265 1267 1266
f 1267 1447 1268
f 1267 1446 1448
f 1267 1448 1447
f 1268 1447 1269
f 1269 1449 1270
f 1269 1447 1449
f 1270 1450 1271
f 1270 1449 1450
f 1271 1450 1445
f 1272 1451 1274
f 1272 1274 1273
f 1272 1445 1450
f 1272 1450 1451
f 1274 1451 1452
f 1274 1452 1453
f 1274 1453 1275
f 1275 1453 1276
f 1276 1280 1277
f 1276 1453 1454
f 1276 1454 1280
f 1278 1291 1455
f 1278 1455 1456
f 1279 1456 1297
f 1280 1454 1281
f 1281 1454 1282
f 1282 1457 1283
f 1282 1454 1457
f 1283 1457 1458
f 1283 1458 1459
f 1283 1459 1284
f 1284 1459 1285
f 1285 1459 1460
f 1285 1460 1461
f 1285 1461 1286
f 1286 1461 1462
f 1286 1462 1288
f 1286 1288 1287
f 1288 1462 1463
f 1288 1463 1289
f 1289 1463 1290
f 1290 1464 1455
f 1290 1455 1291
f 1290 1463 1465
f 1290 1465 1464
f 1292 1296 1299
f 1292 1299 1466
f 1292 1466 1467
f 1292 1467 1293
f 1293 1467 1468
f 1293 1468 1469
f 1293 1469 1470
f 1293 1470 1294
f 1294 1470 1471
f 1294 1471 1295
f 1295 1471 1472
f 1295 1472 1473
f 1295 1473 1300
f 1297 1456 1474
f 1297 1474 1475
f 1297 1475 1298
f 1298 1475 1476
f 1298 1476 1477
f 1298 1477 1478
f 1298 1478 1466
f 1298 1466 1299
f 1300 1473 1479
f 1300 1479 1480
f 1300 1480 1481
f 1300 1481 1482
f 1300 1482 1483
f 1300 1483 1302
f 1300 1302 1301
f 1302 1483 1484
f 1302 1484 1485
f 1302 1485 1303
f 1303 1485 1484
f 1304 1486 1305
f 1305 1486 1487
f 1305 1487 1306
f 1306 1488 1489
f 1306 1489 1307
f 1306 1487 1488
f 1307 1489 1490
f 1307 1490 1311
f 1307 1311 1308
f 1308 1311 1309
f 1311 1490 1312
f 1312 1490 1313
f 1313 1491 1492
f 1313 1492 1314
f 1313 1490 1493
f 1313 1493 1491
f 1314 1492 1494
f 1314 1494 1315
f 1315 1494 1316
f 1316 1494 1495
f 1316 1495 1317
f 1317 1496 1318
f 1317 1495 1497
f 1317 1497 1498
f 1317 1498 1499
f 1317 1499 1496
f 1318 1496 1319
f 1319 1496 1500
f 1319 1500 1321
f 1319 1321 1320
f 1321 1500 1322
f 1322 1500 1323
f 1323 1501 1502
f 1323 1502 1324
f 1323 1500 1501
f 1324 1502 1503
f 1324 1503 1325
f 1325 1503 1504
f 1325 1504 1327
f 1325 1327 1326
f 1327 1505 1328
f 1327 1504 1505
f 1328 1505 1506
f 1328 1506 1329
f 1329 1507 1508
f 1329 1508 1330
f 1329 1506 1509
f 1329 1509 1510
f 1329 1510 1507
f 1330 1508 1331
f 1331 1508 1332
f 1332 1508 1335
f 1333 1340 1511
f 1333 1511 1341
f 1335 1508 1507
f 1335 1507 1336
f 1336 1507 1512
f 1336 1512 1513
f 1336 1513 1337
f 1337 1513 1514
f 1337 1514 1515
f 1337 1515 1338
f 1338 1515 1516
f 1338 1516 1339
f 1339 1516 1340
f 1340 1516 1517
f 1340 1517 1518
f 1340 1518 1511
f 1341 1511 1518
f 1341 1518 1342
f 1342 1518 1519
f 1342 1519 1343
f 1343 1519 1518
f 1343 1518 1520
f 1357 1521 1358
f 1358 1522 1360
f 1358 1360 1359
f 1358 1521 1523
f 1358 1523 1522
f 1360 1524 1362
f 1360 1362 1361
f 1360 1522 1523
f 1360 1523 1524
f 1362 1524 1363
f 1363 1524 1525
f 1363 1525 1526
f 1363 1526 1527
f 1363 1527 1528
f 1363 1528 1529
f 1363 1529 1364
f 1364 1530 1531
f 1364 1531 1368
f 1364 1529 1530
f 1367 1371 1532
f 1367 1532 1372
f 1368 1531 1369
f 1369 1531 1533
f 1369 1533 1370
f 1370 1533 1371
f 1371 1534 1532
f 1371 1533 1535
f 1371 1535 1536
f 1371 1536 1534
f 1372 1532 1374
f 1373 1537 1382
f 1373 1380 1537
f 1374 1532 1375
f 1375 1377 1376
f 1375 1532 1534
f 1375 1534 1536
f 1375 1536 1538
f 1375 1538 1539
f 1375 1539 1377
f 1377 1539 1540
f 1377 1540 1541
f 1377 1541 1542
f 1377 1542 1378
f 1378 1543 1544
f 1378 1544 1379
f 1378 1542 1545
f 1378 1545 1546
f 1378 1546 1543
f 1379 1544 1543
f 1379 1543 1380
f 1380 1547 1548
f 1380 1548 1549
f 1380 1549 1537
f 1380 1543 1550
f 1380 1550 1720
f 1380 1720 1551
f 1380 1551 1552
f 1380 1552 1547
f 1381 1382 1386
f 1382 1537 1553
f 1382 1553 1386
f 1384 1389 1388
f 1384 1388 1392
f 1385 1554 1555
f 1385 1555 1387
f 1385 1386 1556
f 1385 1556 1554
f 1386 1553 1549
f 1386 1549 1556
f 1387 1555 1390
f 1387 1390 1389
f 1390 1555 1393
f 1393 1555 1394
f 1394 1396 1395
f 1394 1555 1554
f 1394 1554 1557
f 1394 1557 1396
f 1396 1557 1558
f 1396 1558 1397
f 1397 1558 1559
f 1397 1559 1398
f 1398 1559 1560
f 1398 1560 1399
f 1399 1560 1561
f 1399 1561 1562
f 1399 1562 1400
f 1400 1562 1563
f 1400 1563 1402
f 1400 1402 1401
f 1402 1563 1564
f 1402 1564 1403
f 1403 1564 1404
f 1404 1564 1565
f 1404 1565 1405
f 1405 1565 1406
f 1406 1565 1730
f 1406 1730 1566
f 1406 1566 1567
f 1406 1567 1408
f 1406 1408 1407
f 1408 1567 1568
f 1408 1568 1569
f 1408 1569 1409
f 1409 1569 1570
f 1409 1570 1410
f 1410 1570 1411
f 1411 1570 1571
f 1411 1571 1572
f 1411 1572 1413
f 1411 1413 1412
f 1413 1416 1414
f 1413 1572 1573
f 1413 1573 1574
f 1413 1574 1416
f 1414 1416 1415
f 1416 1574 1575
f 1416 1575 1576
f 1416 1576 1577
f 1416 1577 1417
f 1417 1577 1418
f 1418 1578 1420
f 1418 1577 1576
f 1418 1576 1579
f 1418 1579 1580
f 1418 1580 1581
f 1418 1581 1578
f 1420 1578 1582
f 1420 1582 1423
f 1420 1423 1422
f 1420 1422 1421
f 1423 1582 1583
f 1423 1583 1424
f 1424 1584 1425
f 1424 1583 1578
f 1424 1578 1585
f 1424 1585 1586
f 1424 1586 1584
f 1425 1584 1587
f 1425 1587 1588
f 1425 1588 1589
f 1425 1589 1590
f 1425 1590 1437
f 1425 1437 1426
f 1426 1437 1591
f 1426 1591 1427
f 1427 1591 1428
f 1428 1437 1429
f 1428 1591 1437
f 1429 1437 1435
f 1429 1435 1592
f 1429 1592 1430
f 1430 1592 1435
f 1430 1435 1432
f 1430 1432 1431
f 1435 1437 1436
f 1437 1590 1589
f 1437 1589 1593
f 1437 1593 1438
f 1438 1593 1594
f 1440 1595 1442
f 1440 1442 1441
f 1442 1596 1443
f 1442 1595 1596
f 1443 1596 1597
f 1443 1597 1598
f 1443 1598 1444
f 1444 1598 1599
f 1444 1599 1446
f 1446 1599 1600
f 1446 1600 1601
f 1446 1601 1448
f 1447 1448 1602
f 1447 1602 1603
f 1447 1603 1449
f 1448 1601 1604
f 1448 1604 1602
f 1449 1603 1450
f 1450 1452 1451
f 1450 1603 1452
f 1452 1605 1454
f 1452 1454 1453
f 1452 1603 1606
f 1452 1606 1607
f 1452 1607 1608
f 1452 1608 1605
f 1454 1605 1609
f 1454 1609 1457
f 1455 1464 1610
f 1455 1610 1474
f 1455 1474 1456
f 1457 1609 1611
f 1457 1611 1612
f 1457 1612 1458
f 1458 1612 1459
f 1459 1612 1460
f 1460 1613 1463
f 1460 1463 1461
f 1460 1612 1614
f 1460 1614 1613
f 1461 1463 1462
f 1463 1613 1465
f 1464 1465 1615
f 1464 1615 1616
f 1464 1616 1617
f 1464 1617 1610
f 1465 1613 1614
f 1465 1614 1615
f 1466 1478 1467
f 1467 1478 1468
f 1468 1478 1618
f 1468 1618 1469
f 1469 1618 1619
f 1469 1619 1620
f 1469 1620 1621
f 1469 1621 1470
f 1470 1621 1622
f 1470 1622 1471
f 1471 1622 1472
f 1472 1492 1623
f 1472 1623 1624
f 1472 1624 1479
f 1472 1479 1473
f 1472 1622 1494
f 1472 1494 1492
f 1474 1625 1475
f 1474 1610 1625
f 1475 1625 1626
f 1475 1626 1627
f 1475 1627 1628
f 1475 1628 1476
f 1476 1628 1629
f 1476 1629 1630
f 1476 1630 1477
f 1477 1630 1631
f 1477 1631 1618
f 1477 1618 1478
f 1479 1624 1481
f 1479 1481 1480
f 1481 1624 1632
f 1481 1632 1633
f 1481 1633 1482
f 1482 1633 1634
f 1482 1634 1484
f 1482 1484 1483
f 1484 1634 1635
f 1486 1636 1487
f 1487 1636 1637
f 1487 1637 1638
f 1487 1638 1488
f 1488 1639 1489
f 1488 1638 1640
f 1488 1640 1639
f 1489 1639 1641
f 1489 1641 1493
f 1489 1493 1490
f 1491 1493 1642
f 1491 1642 1643
f 1491 1643 1644
f 1491 1644 1492
f 1492 1644 1623
f 1493 1641 1642
f 1494 1622 1621
f 1494 1621 1645
f 1494 1645 1495
f 1495 1645 1646
f 1495 1646 1497
f 1496 1499 1647
f 1496 1647 1500
f 1497 1646 1498
f 1498 1648 1499
f 1498 1646 1649
f 1498 1649 1650
f 1498 1650 1651
f 1498 1651 1648
f 1499 1648 1647
f 1500 1647 1501
f 1501 1652 1653
f 1501 1653 1502
f 1501 1647 1652
f 1502 1654 1503
f 1502 1653 1654
f 1503 1655 1504
f 1503 1654 1655
f 1504 1655 1656
f 1504 1656 1505
f 1505 1656 1657
f 1505 1657 1658
f 1505 1658 1506
f 1506 1658 1659
f 1506 1659 1660
f 1506 1660 1509
f 1507 1510 1661
f 1507 1661 1512
f 1509 1660 1662
f 1509 1662 1663
f 1509 1663 1664
f 1509 1664 1665
f 1509 1665 1666
f 1509 1666 1510
f 1510 1666 1667
f 1510 1667 1668
f 1510 1668 1661
f 1512 1661 1669
f 1512 1669 1513
f 1513 1669 1670
f 1513 1670 1515
f 1513 1515 1514
f 1515 1671 1516
f 1515 1670 1672
f 1515 1672 1673
f 1515 1673 1671
f 1516 1674 1517
f 1516 1671 1674
f 1517 1675 1518
f 1517 1674 1676
f 1517 1676 1677
f 1517 1677 1675
f 1518 1675 1678
f 1518 1678 1520
f 1520 1678 1679
f 1521 1680 1523
f 1523 1680 1681
f 1523 1681 1682
f 1523 1682 1524
f 1524 1682 1525
f 1525 1682 1526
f 1526 1682 1528
f 1526 1528 1527
f 1528 1682 1683
f 1528 1683 1684
f 1528 1684 1685
f 1528 1685 1686
f 1528 1686 1687
f 1528 1687 1529
f 1529 1687 1688
f 1529 1688 1689
f 1529 1689 1530
f 1530 1690 1531
f 1530 1689 1690
f 1531 1690 1533
f 1533 1538 1536
f 1533 1536 1535
f 1533 1690 1691
f 1533 1691 1692
f 1533 1692 1693
f 1533 1693 1538
f 1537 1549 1553
f 1538 1693 1539
f 1539 1693 1694
f 1539 1694 1540
f 1540 1694 1541
f 1541 1694 1695
f 1541 1695 1696
f 1541 1696 1664
f 1541 1664 1697
f 1541 1697 1698
f 1541 1698 1545
f 1541 1545 1542
f 1543 1699 1700
f 1543 1700 1701
f 1543 1701 1550
f 1543 1546 1702
f 1543 1702 1703
f 1543 1703 1704
f 1543 1704 1699
f 1545 1698 1546
f 1546 1698 1705
f 1546 1705 1706
f 1546 1706 1703
f 1546 1703 1702
f 1547 1552 1707
f 1547 1707 1548
f 1548 1707 1549
f 1549 1708 1709
f 1549 1709 1710
f 1549 1710 1711
f 1549 1711 1712
f 1549 1712 1713
f 1549 1713 1714
f 1549 1714 1556
f 1549 1707 1715
f 1549 1715 1716
f 1549 1716 1717
f 1549 1717 1718
f 1549 1718 1719
f 1549 1719 1708
f 1550 1701 1721
f 1550 1721 1720
f 1551 1720 1721
f 1551 1721 1722
f 1551 1722 1723
f 1551 1723 1724
f 1551 1724 1725
f 1551 1725 1552
f 1552 1725 1707
f 1554 1556 1726
f 1554 1726 1557
f 1556 1714 1874
f 1556 1874 1726
f 1557 1726 1558
f 1558 1726 1727
f 1558 1727 1559
f 1559 1727 1560
f 1560 1727 1728
f 1560 1728 1561
f 1561 1728 1729
f 1561 1729 1730
f 1561 1730 1562
f 1562 1564 1563
f 1562 1730 1565
f 1562 1565 1564
f 1566 1730 1729
f 1566 1729 1731
f 1566 1731 1732
f 1566 1732 1567
f 1567 1732 1733
f 1567 1733 1568
f 1568 1733 1734
f 1568 1734 1735
f 1568 1735 1736
f 1568 1736 1569
f 1569 1736 1571
f 1569 1571 1570
f 1571 1736 1735
f 1571 1735 1737
f 1571 1737 1738
f 1571 1738 1572
f 1572 1738 1573
f 1573 1738 1739
f 1573 1739 1740
f 1573 1740 1574
f 1574 1740 1741
f 1574 1741 1579
f 1574 1579 1575
f 1575 1579 1576
f 1578 1742 1743
f 1578 1743 1585
f 1578 1583 1582
f 1578 1581 1742
f 1579 1741 1744
f 1579 1744 1745
f 1579 1745 1746
f 1579 1746 1580
f 1580 1746 1747
f 1580 1747 1748
f 1580 1748 1581
f 1581 1748 1601
f 1581 1601 1749
f 1581 1749 1750
f 1581 1750 1742
f 1584 1751 1587
f 1584 1586 1752
f 1584 1752 1751
f 1585 1743 1742
f 1585 1742 1750
f 1585 1750 1586
f 1586 1750 1749
f 1586 1749 1753
f 1586 1753 1752
f 1587 1754 1755
f 1587 1755 1588
f 1587 1751 1756
f 1587 1756 1754
f 1588 1755 1593
f 1588 1593 1589
f 1593 1755 1594
f 1595 1757 1758
f 1595 1758 1596
f 1596 1758 1759
f 1596 1759 1760
f 1596 1760 1761
f 1596 1761 1597
f 1597 1761 1762
f 1597 1762 1763
f 1597 1763 1598
f 1598 1764 1599
f 1598 1763 1765
f 1598 1765 1764
f 1599 1764 1766
f 1599 1766 1767
f 1599 1767 1600
f 1600 1767 1768
f 1600 1768 1601
f 1601 1768 1749
f 1601 1748 1604
f 1602 1604 1769
f 1602 1769 1747
f 1602 1747 1746
f 1602 1746 1770
f 1602 1770 1771
f 1602 1771 1772
f 1602 1772 1603
f 1603 1772 1606
f 1604 1748 1769
f 1605 1773 1609
f 1605 1608 1774
f 1605 1774 1773
f 1606 1772 1775
f 1606 1775 1607
f 1607 1775 1776
f 1607 1776 1777
f 1607 1777 1608
f 1608 1777 1778
f 1608 1778 1779
f 1608 1779 1774
f 1609 1773 1611
f 1610 1617 1780
f 1610 1780 1781
f 1610 1781 1625
f 1611 1773 1612
f 1612 1773 1782
f 1612 1782 1783
f 1612 1783 1784
f 1612 1784 1614
f 1614 1784 1785
f 1614 1785 1786
f 1614 1786 1616
f 1614 1616 1615
f 1616 1786 1617
f 1617 1787 1780
f 1617 1786 1788
f 1617 1788 1927
f 1617 1927 1787
f 1618 1631 1619
f 1619 1631 1789
f 1619 1789 1620
f 1620 1789 1790
f 1620 1790 1649
f 1620 1649 1621
f 1621 1649 1645
f 1623 1644 1791
f 1623 1791 1792
f 1623 1792 1624
f 1624 1792 1802
f 1624 1802 1793
f 1624 1793 1794
f 1624 1794 1632
f 1625 1781 1626
f 1626 1795 1627
f 1626 1781 1796
f 1626 1796 1797
f 1626 1797 1795
f 1627 1795 1798
f 1627 1798 1799
f 1627 1799 1628
f 1628 1799 1800
f 1628 1800 1789
f 1628 1789 1801
f 1628 1801 1629
f 1629 1801 1630
f 1630 1801 1631
f 1631 1801 1789
f 1632 1794 1633
f 1633 1793 1802
f 1633 1802 1803
f 1633 1803 1635
f 1633 1635 1634
f 1633 1794 1793
f 1636 1804 1637
f 1637 1640 1638
f 1637 1804 1640
f 1639 1805 1641
f 1639 1640 1805
f 1640 1804 1806
f 1640 1806 1807
f 1640 1807 1808
f 1640 1808 1643
f 1640 1643 1809
f 1640 1809 1805
f 1641 1805 1810
f 1641 1810 1642
f 1642 1810 1643
f 1643 1808 1811
f 1643 1811 1812
f 1643 1812 1813
f 1643 1813 1791
f 1643 1791 1644
f 1643 1810 1805
f 1643 1805 1809
f 1645 1649 1646
f 1647 1648 1651
f 1647 1651 1652
f 1649 1790 1814
f 1649 1814 1799
f 1649 1799 1815
f 1649 1815 1816
f 1649 1816 1817
f 1649 1817 1818
f 1649 1818 1819
f 1649 1819 1650
f 1650 1819 1820
f 1650 1820 1653
f 1650 1653 1651
f 1651 1653 1652
f 1653 1820 1821
f 1653 1821 1822
f 1653 1822 1654
f 1654 1822 1823
f 1654 1823 1824
f 1654 1824 1825
f 1654 1825 1826
f 1654 1826 1655
f 1655 1826 1827
f 1655 1827 1656
f 1656 1827 1828
f 1656 1828 1829
f 1656 1829 1657
f 1657 1829 1830
f 1657 1830 1659
f 1657 1659 1658
f 1659 1830 1831
f 1659 1831 1663
f 1659 1663 1662
f 1659 1662 1660
f 1661 1668 1832
f 1661 1832 1669
f 1663 1831 1833
f 1663 1833 1697
f 1663 1697 1664
f 1664 1696 1665
f 1665 1696 1834
f 1665 1834 1835
f 1665 1835 1836
f 1665 1836 1668
f 1665 1668 1667
f 1665 1667 1666
f 1668 1836 1837
f 1668 1837 1832
f 1669 1832 1837
f 1669 1837 1838
f 1669 1838 1670
f 1670 1838 1672
f 1671 1673 1674
f 1672 1838 1837
f 1672 1837 1839
f 1672 1839 1840
f 1672 1840 1841
f 1672 1841 1673
f 1673 1841 1842
f 1673 1842 1843
f 1673 1843 1674
f 1674 1843 1842
f 1674 1842 1844
f 1674 1844 1676
f 1675 1677 1845
f 1675 1845 1678
f 1676 1844 1846
f 1676 1846 1847
f 1676 1847 1681
f 1676 1681 1848
f 1676 1848 1849
f 1676 1849 1677
f 1677 1849 1850
f 1677 1850 1845
f 1678 1851 1679
f 1678 1845 1851
f 1680 1848 1681
f 1681 1852 1682
f 1681 1847 1846
f 1681 1846 1852
f 1682 1852 1853
f 1682 1853 1684
f 1682 1684 1683
f 1684 1853 1854
f 1684 1854 1685
f 1685 1854 1855
f 1685 1855 1856
f 1685 1856 1688
f 1685 1688 1686
f 1686 1688 1687
f 1688 1856 1857
f 1688 1857 1695
f 1688 1695 1689
f 1689 1692 1690
f 1689 1695 1858
f 1689 1858 1692
f 1690 1692 1691
f 1692 1858 1693
f 1693 1858 1694
f 1694 1858 1695
f 1695 1857 1696
f 1696 1857 1859
f 1696 1859 1834
f 1697 1833 1698
f 1698 1833 1706
f 1698 1706 1705
f 1699 1860 1721
f 1699 1721 1700
f 1699 1704 1860
f 1700 1721 1701
f 1703 1706 1833
f 1703 1833 1861
f 1703 1861 1862
f 1703 1862 1863
f 1703 1863 1864
f 1703 1864 1865
f 1703 1865 1704
f 1704 1865 1860
f 1707 1725 1715
f 1708 1719 1866
f 1708 1866 1867
f 1708 1867 1709
f 1709 1867 1710
f 1710 1867 1868
f 1710 1868 1711
f 1711 1868 1869
f 1711 1869 1870
f 1711 1870 1712
f 1712 1870 1871
f 1712 1871 1713
f 1713 1871 1872
f 1713 1872 1873
f 1713 1873 1874
f 1713 1874 1714
f 1715 1725 1716
f 1716 1725 1717
f 1717 1875 1719
f 1717 1719 1718
f 1717 1725 1876
f 1717 1876 1877
f 1717 1877 1878
f 1717 1878 1875
f 1719 1875 1866
f 1721 1879 1865
f 1721 1865 1864
f 1721 1864 1880
f 1721 1880 1881
f 1721 1881 1882
f 1721 1882 1722
f 1721 1860 1879
f 1722 1882 1883
f 1722 1883 1723
f 1723 1883 1884
f 1723 1884 1724
f 1724 1884 1876
f 1724 1876 1725
f 1726 1874 1885
f 1726 1885 1886
f 1726 1886 1727
f 1727 1886 1728
f 1728 1886 1887
f 1728 1887 1729
f 1729 1887 1731
f 1731 1887 1888
f 1731 1888 1889
f 1731 1889 1974
f 1731 1974 1890
f 1731 1890 1732
f 1732 1890 1891
f 1732 1891 1733
f 1733 1891 1892
f 1733 1892 1893
f 1733 1893 1734
f 1734 1893 1735
f 1735 1893 1892
f 1735 1892 1894
f 1735 1894 1737
f 1737 1894 1895
f 1737 1895 1896
f 1737 1896 1738
f 1738 1896 1739
f 1739 1896 1897
f 1739 1897 1898
f 1739 1898 1899
f 1739 1899 1740
f 1740 1900 1741
f 1740 1899 1901
f 1740 1901 1900
f 1741 1900 1902
f 1741 1902 1745
f 1741 1745 1744
f 1745 1902 1903
f 1745 1903 1904
f 1745 1904 1905
f 1745 1905 1746
f 1746 1905 1770
f 1747 1769 1748
f 1749 1768 1753
f 1751 1752 1906
f 1751 1906 1756
f 1752 1753 1768
f 1752 1768 1907
f 1752 1907 1906
f 1754 1756 1908
f 1756 1906 1909
f 1756 1909 1910
f 1756 1910 1908
f 1757 1759 1758
f 1763 1911 1765
f 1764 1912 1913
f 1764 1913 1766
f 1764 1765 1912
f 1765 1911 1914
f 1765 1914 1915
f 1765 1915 1912
f 1766 1913 1767
f 1767 1913 1909
f 1767 1909 1916
f 1767 1916 1907
f 1767 1907 1768
f 1770 1905 1771
f 1771 1905 1917
f 1771 1917 1775
f 1771 1775 1772
f 1773 1774 1782
f 1774 1779 1918
f 1774 1918 1919
f 1774 1919 1783
f 1774 1783 1782
f 1775 1917 1776
f 1776 1917 1920
f 1776 1920 1777
f 1777 1920 1921
f 1777 1921 1778
f 1778 1921 1922
f 1778 1922 1779
f 1779 1922 1923
f 1779 1923 1924
f 1779 1924 1925
f 1779 1925 1918
f 1780 1787 1781
f 1781 1926 1796
f 1781 1787 1927
f 1781 1927 1928
f 1781 1928 1926
f 1783 1919 1784
f 1784 1919 1929
f 1784 1929 1785
f 1785 1930 1788
f 1785 1788 1786
f 1785 1929 1931
f 1785 1931 1932
f 1785 1932 1930
f 1788 1930 1933
f 1788 1933 1927
f 1789 1800 1790
f 1790 1800 1814
f 1791 1813 1792
f 1792 1813 1802
f 1795 1797 1934
f 1795 1934 1935
f 1795 1935 1798
f 1796 1926 1936
f 1796 1936 1937
f 1796 1937 1797
f 1797 1937 1938
f 1797 1938 1939
f 1797 1939 1934
f 1798 1935 1940
f 1798 1940 1941
f 1798 1941 1799
f 1799 1941 1942
f 1799 1942 1943
f 1799 1943 1815
f 1799 1814 1800
f 1802 1813 1812
f 1802 1812 1803
f 1808 1812 1811
f 1815 1943 1944
f 1815 1944 1816
f 1816 1944 1942
f 1816 1942 1945
f 1816 1945 1941
f 1816 1941 1946
f 1816 1946 1818
f 1816 1818 1817
f 1818 1946 1821
f 1818 1821 1820
f 1818 1820 1819
f 1821 1946 1822
f 1822 1946 1823
f 1823 1946 1824
f 1824 1946 1941
f 1824 1941 1947
f 1824 1947 1948
f 1824 1948 1825
f 1825 1948 1949
f 1825 1949 1826
f 1826 1949 1950
f 1826 1950 1827
f 1827 1951 1952
f 1827 1952 1953
f 1827 1953 1954
f 1827 1954 1828
f 1827 1950 1951
f 1828 1954 1955
f 1828 1955 1956
f 1828 1956 1957
f 1828 1957 1830
f 1828 1830 1829
f 1830 1957 1958
f 1830 1958 1831
f 1831 1958 1861
f 1831 1861 1833
f 1834 1859 1959
f 1834 1959 1835
f 1835 1959 1836
f 1836 1959 1839
f 1836 1839 1837
f 1839 1959 1859
f 1839 1859 1840
f 1840 1859 1841
f 1841 1859 1842
f 1842 1960 1855
f 1842 1855 1854
f 1842 1854 1844
f 1842 1859 1960
f 1844 1854 1961
f 1844 1961 1846
f 1846 1961 1854
f 1846 1854 1962
f 1846 1962 1852
f 1852 1962 1854
f 1852 1854 1853
f 1855 1960 1856
f 1856 1960 1859
f 1856 1859 1857
f 1860 1865 1879
f 1861 1958 1862
f 1862 1864 1863
f 1862 1958 1963
f 1862 1963 1964
f 1862 1964 1965
f 1862 1965 1864
f 1864 1965 1966
f 1864 1966 1967
f 1864 1967 1880
f 1866 1875 1867
f 1867 1875 1968
f 1867 1968 1969
f 1867 1969 1868
f 1868 1969 1869
f 1869 1969 1970
f 1869 1970 1971
f 1869 1971 1972
f 1869 1972 1871
f 1869 1871 1870
f 1871 1972 1973
f 1871 1973 1974
f 1871 1974 1889
f 1871 1889 1872
f 1872 1889 1873
f 1873 1889 1888
f 1873 1888 1886
f 1873 1886 1885
f 1873 1885 1874
f 1875 1975 1976
f 1875 1976 1968
f 1875 1878 1977
f 1875 1977 1975
f 1876 1884 1978
f 1876 1978 1877
f 1877 1978 1979
f 1877 1979 1980
f 1877 1980 1981
f 1877 1981 1982
f 1877 1982 1878
f 1878 1982 1983
f 1878 1983 1984
f 1878 1984 1977
f 1880 1967 1985
f 1880 1985 1986
f 1880 1986 1881
f 1881 1986 1978
f 1881 1978 1882
f 1882 1978 1884
f 1882 1884 1883
f 1886 1888 1887
f 1890 1974 1987
f 1890 1987 1891
f 1891 1987 1892
f 1892 1987 1988
f 1892 1988 2022
f 1892 2022 1989
f 1892 1989 1894
f 1894 1989 1990
f 1894 1990 1991
f 1894 1991 1895
f 1895 1991 1992
f 1895 1992 1993
f 1895 1993 1896
f 1896 1993 1897
f 1897 1993 1992
f 1897 1992 1994
f 1897 1994 1924
f 1897 1924 1898
f 1898 1924 1899
f 1899 1924 1923
f 1899 1923 1922
f 1899 1922 1921
f 1899 1921 1901
f 1900 1901 1903
f 1900 1903 1902
f 1901 1921 1903
f 1903 1921 1920
f 1903 1920 1917
f 1903 1917 1904
f 1904 1917 1905
f 1906 1907 1916
f 1906 1916 1909
f 1908 1910 1995
f 1909 1913 1910
f 1910 1996 1995
f 1910 1913 1996
f 1912 1915 1996
f 1912 1996 1913
f 1918 1925 1924
f 1918 1924 1919
f 1919 1924 1994
f 1919 1994 1997
f 1919 1997 1929
f 1926 1928 1998
f 1926 1998 1999
f 1926 1999 2000
f 1926 2000 1936
f 1927 1999 1998
f 1927 1998 1928
f 1927 1933 1999
f 1929 1997 2001
f 1929 2001 1931
f 1930 1932 2002
f 1930 2002 2003
f 1930 2003 1933
f 1931 2001 1932
f 1932 2001 1984
f 1932 1984 2002
f 1933 2003 2004
f 1933 2004 2005
f 1933 2005 2006
f 1933 2006 1999
f 1934 1939 2007
f 1934 2007 1935
f 1935 1947 1941
f 1935 1941 1940
f 1935 2007 1947
f 1936 2000 2008
f 1936 2008 2009
f 1936 2009 1937
f 1937 2009 1938
f 1938 2009 2010
f 1938 2010 2011
f 1938 2011 1939
f 1939 1949 2007
f 1939 2011 1949
f 1941 1945 1942
f 1942 1944 1943
f 1947 2007 1948
f 1948 2007 1949
f 1949 2011 1951
f 1949 1951 1950
f 1951 2011 2012
f 1951 2012 2013
f 1951 2013 1952
f 1952 2013 2014
f 1952 2014 2015
f 1952 2015 2016
f 1952 2016 1953
f 1953 2017 2018
f 1953 2018 1955
f 1953 1955 1954
f 1953 2016 2017
f 1955 2018 1956
f 1956 2018 1957
f 1957 2017 1958
f 1957 2018 2017
f 1958 2017 1963
f 1963 2017 1964
f 1964 2017 2015
f 1964 2015 2019
f 1964 2019 1966
f 1964 1966 1965
f 1966 2019 1967
f 1967 2019 2020
f 1967 2020 2021
f 1967 2021 1985
f 1968 1976 1969
f 1969 1976 2022
f 1969 2022 1970
f 1970 1988 1972
f 1970 1972 1971
f 1970 2022 1988
f 1972 1988 1987
f 1972 1987 1974
f 1972 1974 1973
f 1975 2023 1976
f 1975 1977 2025
f 1975 2025 2023
f 1976 2023 2024
f 1976 2024 2022
f 1977 1984 2001
f 1977 2001 2025
f 1978 1986 1979
f 1979 2026 1985
f 1979 1985 2027
f 1979 2027 1980
f 1979 1986 2026
f 1980 2027 2028
f 1980 2028 1981
f 1981 2028 2029
f 1981 2029 1982
f 1982 2002 1983
f 1982 2029 2004
f 1982 2004 2003
f 1982 2003 2002
f 1983 2002 1984
f 1985 2021 2027
f 1985 2026 1986
f 1989 2022 1990
f 1990 2022 2024
f 1990 2024 1992
f 1990 1992 1991
f 1992 2024 2023
f 1992 2023 2025
f 1992 2025 1994
f 1994 2025 2001
f 1994 2001 1997
f 1999 2006 2000
f 2000 2006 2030
f 2000 2030 2009
f 2000 2009 2008
f 2004 2029 2028
f 2004 2028 2031
f 2004 2031 2032
f 2004 2032 2005
f 2005 2032 2030
f 2005 2030 2006
f 2009 2030 2033
f 2009 2033 2010
f 2010 2033 2034
f 2010 2034 2011
f 2011 2034 2033
f 2011 2033 2035
f 2011 2035 2036
f 2011 2036 2012
f 2012 2036 2037
f 2012 2037 2038
f 2012 2038 2014
f 2012 2014 2013
f 2014 2038 2039
f 2014 2039 2015
f 2015 2040 2019
f 2015 2017 2016
f 2015 2039 2040
f 2019 2040 2020
f 2020 2040 2041
f 2020 2041 2021
f 2021 2041 2042
f 2021 2042 2027
f 2027 2042 2028
f 2028 2042 2031
f 2030 2035 2033
f 2030 2032 2035
f 2031 2043 2044
f 2031 2044 2032
f 2031 2042 2043
f 2032 2044 2035
f 2035 2037 2036
f 2035 2044 2037
f 2037 2044 2045
f 2037 2045 2038
f 2038 2045 2044
f 2038 2044 2043
f 2038 2043 2040
f 2038 2040 2039
f 2040 2043 2041
f 2041 2043 2042

