# https://github.com/mikedh/trimesh
v 0.00254161 0.06247413 0.00263062
v 0.00254161 0.05630074 0.00989114
v 0.00254161 0.06353087 0.00263062
v 0.01072026 0.05630074 0.00263062
v 0.01038122 0.05630074 0.00275161
v 0.01034686 0.05630074 0.00276706
v 0.00254161 0.05630074 0.01139628
v 0.00254161 0.06351601 0.00269498
v 0.00261499 0.06351388 0.00263062
v 0.01202996 0.05630074 0.00263062
v 0.00260570 0.05630074 0.01138255
v 0.00254161 0.05631065 0.01139199
v 0.00254161 0.06349477 0.00277392
v 0.00259734 0.06350964 0.00266666
v 0.00279704 0.06346363 0.00263062
v 0.01202810 0.05630499 0.00263062
v 0.01202624 0.05630216 0.00264349
v 0.01202624 0.05630074 0.00264435
v 0.00273295 0.05630074 0.01135509
v 0.00254161 0.05638851 0.01135423
v 0.00264843 0.05633118 0.01135938
v 0.00254161 0.06347000 0.00286574
v 0.00264843 0.06344098 0.00286746
v 0.00283048 0.06334189 0.00305110
v 0.00339895 0.06315645 0.00316780
v 0.00354850 0.06311539 0.00316780
v 0.00369990 0.06307363 0.00316780
v 0.00384852 0.06303258 0.00316780
v 0.00379836 0.06305948 0.00311803
v 0.00317788 0.06335392 0.00264607
v 0.00318717 0.06335534 0.00263062
v 0.01199187 0.05638072 0.00263062
v 0.01198073 0.05636161 0.00270356
v 0.01198909 0.05630074 0.00277736
v 0.00324847 0.05630074 0.01123924
v 0.00336365 0.05632127 0.01120406
v 0.00324847 0.05634887 0.01121693
v 0.00254161 0.05642956 0.01133363
v 0.00315837 0.05644442 0.01119119
v 0.00305898 0.05646566 0.01120234
v 0.00254161 0.06342612 0.00301763
v 0.00273017 0.06335463 0.00309743
v 0.00316395 0.06320033 0.00323388
v 0.00359773 0.06304603 0.00336860
v 0.00369990 0.06303329 0.00331797
v 0.00365067 0.06306019 0.00326906
v 0.00375099 0.06304603 0.00321843
v 0.00384852 0.06299153 0.00331711
v 0.00399899 0.06298941 0.00316780
v 0.00414854 0.06298658 0.00301763
v 0.00414390 0.06302904 0.00286317
v 0.00404451 0.06304461 0.00291122
v 0.00348533 0.06327253 0.00263062
v 0.01194822 0.05646283 0.00263062
v 0.01190456 0.05649963 0.00271729
v 0.01191942 0.05638639 0.00287347
v 0.01196122 0.05630074 0.00287261
v 0.00333950 0.05630074 0.01121865
v 0.00324847 0.05642390 0.01118089
v 0.00346954 0.05630074 0.01118861
v 0.00340731 0.05637294 0.01116888
v 0.00254161 0.05655059 0.01127099
v 0.00294845 0.05648902 0.01121436
v 0.00310450 0.05652016 0.01116373
v 0.00324847 0.05652582 0.01112854
v 0.00264843 0.05670206 0.01116888
v 0.00254161 0.06336100 0.00321414
v 0.00264843 0.06336454 0.00312747
v 0.00278776 0.06332136 0.00315579
v 0.00349741 0.06305877 0.00341151
v 0.00369897 0.06298728 0.00346728
v 0.00386152 0.06293774 0.00348101
v 0.00397206 0.06291792 0.00343982
v 0.00401293 0.06293774 0.00333084
v 0.00416062 0.06293632 0.00317896
v 0.00430831 0.06293420 0.00302621
v 0.00429902 0.06298233 0.00286746
v 0.00436961 0.06302550 0.00263062
v 0.00429159 0.06302692 0.00271128
v 0.00414390 0.06306868 0.00271128
v 0.00414668 0.06308850 0.00263062
v 0.01191571 0.05652370 0.00263062
v 0.01187205 0.05660085 0.00263062
v 0.01187112 0.05644372 0.00292753
v 0.01189620 0.05633755 0.00301763
v 0.01191478 0.05630074 0.00301763
v 0.00340545 0.05653785 0.01108564
v 0.00354850 0.05630074 0.01116888
v 0.00354850 0.05637577 0.01113369
v 0.00254161 0.05667092 0.01120835
v 0.00273945 0.05660793 0.01119805
v 0.00294845 0.05678063 0.01106075
v 0.00324847 0.05664190 0.01106676
v 0.00304505 0.05676081 0.01104960
v 0.00254161 0.05685212 0.01111224
v 0.00254161 0.05676010 0.01116115
v 0.00278497 0.05682947 0.01107105
v 0.00264843 0.06333977 0.00320212
v 0.00254161 0.06332490 0.00331625
v 0.00294845 0.06312672 0.00361745
v 0.00289922 0.06320953 0.00341151
v 0.00299954 0.06319679 0.00337461
v 0.00324847 0.06310407 0.00346728
v 0.00338966 0.06306939 0.00346385
v 0.00343424 0.06304249 0.00351190
v 0.00381972 0.06291580 0.00357798
v 0.00392004 0.06290164 0.00353936
v 0.00338966 0.06302197 0.00360716
v 0.00354850 0.06297596 0.00361745
v 0.00407145 0.06290164 0.00339005
v 0.00428787 0.06276645 0.00360801
v 0.00438262 0.06275513 0.00355138
v 0.00414854 0.06285422 0.00346728
v 0.00411882 0.06291650 0.00329051
v 0.00421914 0.06290093 0.00323645
v 0.00426465 0.06291580 0.00313691
v 0.00430831 0.06288961 0.00317896
v 0.00436497 0.06289952 0.00308199
v 0.00453495 0.06297454 0.00263062
v 0.00444392 0.06300286 0.00263062
v 0.00432503 0.06303825 0.00263062
v 0.00423678 0.06305665 0.00265636
v 0.01170857 0.05686698 0.00263062
v 0.01155902 0.05687476 0.00304509
v 0.01159060 0.05677497 0.00312918
v 0.01172157 0.05659377 0.00308027
v 0.01185440 0.05641257 0.00301763
v 0.01158503 0.05706658 0.00263062
v 0.01149493 0.05721097 0.00263062
v 0.01187948 0.05630711 0.00310001
v 0.01188041 0.05630074 0.00310344
v 0.00354850 0.05649892 0.01107105
v 0.00346025 0.05659519 0.01104102
v 0.00370547 0.05630074 0.01112854
v 0.00370919 0.05638851 0.01108650
v 0.00366553 0.05647132 0.01105560
v 0.00278497 0.05696182 0.01099811
v 0.00282584 0.05688113 0.01103329
v 0.00272552 0.05690237 0.01104445
v 0.00299675 0.05733979 0.01073810
v 0.00294752 0.05728458 0.01078101
v 0.00289736 0.05736173 0.01075012
v 0.00254161 0.05693917 0.01106504
v 0.00264843 0.05691794 0.01105303
v 0.00254161 0.06322227 0.00360630
v 0.00279797 0.06303966 0.00395641
v 0.00294288 0.06307363 0.00376934
v 0.00306641 0.06306302 0.00372043
v 0.00316673 0.06305099 0.00368782
v 0.00264843 0.06314087 0.00376762
v 0.00324847 0.06304108 0.00365778
v 0.00309892 0.06314158 0.00346728
v 0.00333393 0.06305523 0.00355052
v 0.00385316 0.06278202 0.00392466
v 0.00407052 0.06275159 0.00384056
v 0.00365531 0.06291155 0.00371699
v 0.00438540 0.06260578 0.00400189
v 0.00428787 0.06271761 0.00375647
v 0.00414854 0.06280609 0.00361745
v 0.00339895 0.06296322 0.00376762
v 0.00354385 0.06292429 0.00376677
v 0.00429902 0.06280680 0.00346728
v 0.00444856 0.06266453 0.00376762
v 0.00443928 0.06271903 0.00360801
v 0.00459904 0.06266382 0.00361745
v 0.00443928 0.06276574 0.00345441
v 0.00458604 0.06271691 0.00345441
v 0.00459904 0.06295331 0.00263062
v 0.01144199 0.05729519 0.00263062
v 0.01142712 0.05705384 0.00309743
v 0.01140855 0.05702411 0.00319698
v 0.01125807 0.05717275 0.00334543
v 0.01138997 0.05697527 0.00332312
v 0.01170393 0.05656192 0.00316780
v 0.01141969 0.05689104 0.00337718
v 0.01187577 0.05630074 0.00311374
v 0.01174665 0.05648689 0.00316780
v 0.01182096 0.05636515 0.00315664
v 0.01170486 0.05641257 0.00334800
v 0.01158503 0.05631773 0.00371185
v 0.01158968 0.05630074 0.00372128
v 0.00354850 0.05657395 0.01102900
v 0.00320482 0.05721663 0.01075355
v 0.00287321 0.05765122 0.01059394
v 0.00379464 0.05630074 0.01110538
v 0.00384852 0.05634817 0.01106848
v 0.00376585 0.05644655 0.01104187
v 0.00370919 0.05652299 0.01101356
v 0.00279797 0.05709701 0.01092002
v 0.00264843 0.05699297 0.01101184
v 0.00264935 0.05713594 0.01093204
v 0.00254161 0.05701420 0.01102385
v 0.00254161 0.06311044 0.00392037
v 0.00279797 0.06299719 0.00406796
v 0.00294288 0.06302338 0.00390835
v 0.00298932 0.06304461 0.00382083
v 0.00260941 0.06306089 0.00401562
v 0.00254161 0.06304178 0.00411087
v 0.00265493 0.06303187 0.00406625
v 0.00310914 0.06303541 0.00376934
v 0.00324847 0.06300215 0.00376762
v 0.00348998 0.06290730 0.00385429
v 0.00380579 0.06276150 0.00401390
v 0.00390518 0.06274734 0.00397872
v 0.00415969 0.06263905 0.00407998
v 0.00429902 0.06261781 0.00403364
v 0.00421728 0.06260083 0.00413833
v 0.00429902 0.06258880 0.00410830
v 0.00444113 0.06256473 0.00405852
v 0.00448479 0.06259021 0.00395641
v 0.00444113 0.06261923 0.00391093
v 0.00339895 0.06292004 0.00388433
v 0.00453866 0.06260720 0.00385601
v 0.00463805 0.06259163 0.00380710
v 0.00468728 0.06260720 0.00370670
v 0.00474209 0.06261852 0.00360801
v 0.00474952 0.06265745 0.00346728
v 0.00468078 0.06292571 0.00263062
v 0.01139090 0.05737588 0.00263062
v 0.01128594 0.05751815 0.00267095
v 0.01131380 0.05728033 0.00301248
v 0.01126364 0.05733271 0.00305882
v 0.01129151 0.05722654 0.00316780
v 0.01121720 0.05726264 0.00330424
v 0.01097570 0.05750187 0.00354280
v 0.01128872 0.05707295 0.00342523
v 0.01126829 0.05703968 0.00352478
v 0.01155252 0.05670914 0.00331711
v 0.01144384 0.05678204 0.00346728
v 0.01151722 0.05666313 0.00345441
v 0.01158132 0.05646070 0.00355395
v 0.01143363 0.05646637 0.00386030
v 0.01146242 0.05630074 0.00398988
v 0.00307385 0.05752664 0.01060938
v 0.00363488 0.05675727 0.01089771
v 0.00330420 0.05719186 0.01073896
v 0.00294845 0.05763281 0.01058278
v 0.00294845 0.05772624 0.01052271
v 0.00294845 0.05782392 0.01045921
v 0.00279797 0.05785577 0.01048067
v 0.00281283 0.05772270 0.01056390
v 0.00277289 0.05766962 0.01060509
v 0.00257226 0.05750116 0.01074411
v 0.00264935 0.05726759 0.01085824
v 0.00384852 0.05630074 0.01109079
v 0.00394884 0.05631844 0.01105389
v 0.00373520 0.05673108 0.01088227
v 0.00369061 0.05667941 0.01092689
v 0.00384852 0.05642319 0.01102900
v 0.00384852 0.05652582 0.01096808
v 0.00254161 0.05729590 0.01086596
v 0.00294845 0.06296039 0.00406796
v 0.00309892 0.06298233 0.00391779
v 0.00254161 0.06300356 0.00420955
v 0.00264843 0.06297454 0.00421813
v 0.00325869 0.06293845 0.00392981
v 0.00372777 0.06274097 0.00411430
v 0.00411696 0.06261428 0.00417180
v 0.00403986 0.06259375 0.00427134
v 0.00415969 0.06258242 0.00421985
v 0.00429902 0.06254279 0.00421813
v 0.00459254 0.06257039 0.00391093
v 0.00445042 0.06248829 0.00422157
v 0.00460740 0.06249607 0.00407740
v 0.00476345 0.06250032 0.00393238
v 0.00474209 0.06257039 0.00376076
v 0.00478667 0.06259021 0.00365092
v 0.00483126 0.06260507 0.00355052
v 0.00478481 0.06288890 0.00263062
v 0.01131194 0.05749975 0.00263062
v 0.01129337 0.05752877 0.00263062
v 0.01112153 0.05779561 0.00263148
v 0.01106765 0.05787983 0.00263062
v 0.01098591 0.05781755 0.00297043
v 0.01110016 0.05761229 0.00301763
v 0.01113175 0.05751107 0.00310859
v 0.01099799 0.05768660 0.00316780
v 0.01111317 0.05748205 0.00320899
v 0.01082429 0.05764909 0.00368868
v 0.01098684 0.05736951 0.00371871
v 0.01100078 0.05742260 0.00360286
v 0.01098127 0.05766042 0.00325704
v 0.01082986 0.05780835 0.00340378
v 0.01086052 0.05772837 0.00345956
v 0.01079550 0.05772837 0.00363032
v 0.01108623 0.05727325 0.00362003
v 0.01111688 0.05718761 0.00367237
v 0.01099613 0.05723503 0.00388519
v 0.01129801 0.05693917 0.00359085
v 0.01142620 0.05675232 0.00354365
v 0.01129801 0.05679195 0.00376762
v 0.01129987 0.05666880 0.00390664
v 0.01128222 0.05661359 0.00400704
v 0.01143734 0.05632268 0.00401733
v 0.01138811 0.05630074 0.00414434
v 0.00339895 0.05709347 0.01076899
v 0.00350391 0.05706658 0.01075355
v 0.00347233 0.05735040 0.01059394
v 0.00360423 0.05704110 0.01073810
v 0.00308778 0.05772837 0.01047723
v 0.00303019 0.05780481 0.01044634
v 0.00294845 0.05789894 0.01040859
v 0.00309892 0.05797539 0.01030990
v 0.00294845 0.05800865 0.01033393
v 0.00279797 0.05793079 0.01042918
v 0.00271066 0.05794707 0.01044119
v 0.00265586 0.05788903 0.01049354
v 0.00264843 0.05776729 0.01057334
v 0.00264843 0.05769227 0.01061796
v 0.00254161 0.05759742 0.01069434
v 0.00254161 0.05747002 0.01076814
v 0.00392933 0.05630074 0.01106762
v 0.00395812 0.05630074 0.01105818
v 0.00406866 0.05630074 0.01101527
v 0.00415319 0.05638285 0.01093804
v 0.00420613 0.05643806 0.01088741
v 0.00399899 0.05637152 0.01100498
v 0.00398599 0.05652441 0.01092174
v 0.00369897 0.05701561 0.01072266
v 0.00384852 0.05662491 0.01090887
v 0.00280076 0.06293349 0.00422500
v 0.00294845 0.06291650 0.00417523
v 0.00254161 0.06294906 0.00434342
v 0.00339895 0.06284502 0.00406796
v 0.00354850 0.06273248 0.00424474
v 0.00384852 0.06266594 0.00421813
v 0.00308964 0.06286696 0.00420698
v 0.00384852 0.06261852 0.00432969
v 0.00384852 0.06258596 0.00440520
v 0.00399342 0.06256756 0.00435887
v 0.00414854 0.06252085 0.00436745
v 0.00428973 0.06247838 0.00436573
v 0.00440119 0.06246351 0.00431339
v 0.00450151 0.06244370 0.00427477
v 0.00456282 0.06246776 0.00417437
v 0.00472351 0.06247201 0.00403364
v 0.00482383 0.06245219 0.00399245
v 0.00487120 0.06247342 0.00389205
v 0.00491207 0.06249749 0.00378049
v 0.00488885 0.06256615 0.00360801
v 0.00493993 0.06259021 0.00346728
v 0.00486563 0.06261711 0.00346728
v 0.00497152 0.06260154 0.00338919
v 0.00489628 0.06284856 0.00263062
v 0.01101750 0.05795769 0.00263062
v 0.01098963 0.05797326 0.00268039
v 0.01093204 0.05787134 0.00301935
v 0.01096734 0.05778924 0.00307083
v 0.01085494 0.05754859 0.00376762
v 0.01069146 0.05782604 0.00373330
v 0.01073141 0.05773827 0.00377706
v 0.01068310 0.05766396 0.00400961
v 0.01096548 0.05733483 0.00381911
v 0.01101935 0.05728175 0.00376848
v 0.01086981 0.05788266 0.00316608
v 0.01067753 0.05795557 0.00354966
v 0.01086609 0.05742968 0.00391608
v 0.01084380 0.05738155 0.00403021
v 0.01097198 0.05719469 0.00398558
v 0.01127479 0.05689954 0.00369125
v 0.01128594 0.05646991 0.00416407
v 0.01131566 0.05630074 0.00429451
v 0.00366182 0.05722300 0.01060767
v 0.00354850 0.05732917 0.01058021
v 0.00356150 0.05744029 0.01050298
v 0.00351970 0.05752664 0.01046093
v 0.00332650 0.05765334 0.01044548
v 0.00313051 0.05778004 0.01043004
v 0.00309892 0.05805041 0.01025927
v 0.00308499 0.05817852 0.01017689
v 0.00318066 0.05795557 0.01029617
v 0.00324847 0.05812544 0.01015973
v 0.00302554 0.05825284 0.01014428
v 0.00286857 0.05809996 0.01029274
v 0.00265586 0.05801998 0.01040344
v 0.00261127 0.05796548 0.01045321
v 0.00254161 0.05778499 0.01058450
v 0.00423214 0.05630074 0.01094920
v 0.00427115 0.05633755 0.01091402
v 0.00444856 0.05648548 0.01076299
v 0.00468543 0.05661076 0.01059909
v 0.00444856 0.05656050 0.01072266
v 0.00436218 0.05659306 0.01073982
v 0.00410581 0.05647274 0.01090715
v 0.00398599 0.05666243 0.01083850
v 0.00392654 0.05660297 0.01089514
v 0.00426279 0.05662562 0.01075870
v 0.00418198 0.05672613 0.01072952
v 0.00384852 0.05669994 0.01086339
v 0.00389496 0.05688538 0.01073467
v 0.00275246 0.06291013 0.00430995
v 0.00285278 0.06289739 0.00427992
v 0.00254161 0.06291863 0.00441293
v 0.00264843 0.06292358 0.00433999
v 0.00334600 0.06275867 0.00430652
v 0.00375656 0.06259800 0.00443266
v 0.00384852 0.06253217 0.00451762
v 0.00399899 0.06248758 0.00452448
v 0.00414854 0.06246918 0.00447557
v 0.00423400 0.06245644 0.00444983
v 0.00445042 0.06241680 0.00436573
v 0.00474952 0.06231912 0.00432540
v 0.00433431 0.06243733 0.00441378
v 0.00482754 0.06230355 0.00429536
v 0.00474952 0.06237292 0.00421813
v 0.00466313 0.06244794 0.00413404
v 0.00488606 0.06232196 0.00420955
v 0.00515079 0.06216341 0.00431510
v 0.00525110 0.06214288 0.00427220
v 0.00557063 0.06200062 0.00428850
v 0.00530498 0.06216624 0.00417180
v 0.00513964 0.06230922 0.00400790
v 0.00504954 0.06238495 0.00391779
v 0.00497059 0.06245077 0.00383885
v 0.00505697 0.06249112 0.00362346
v 0.00504954 0.06254774 0.00346728
v 0.00505604 0.06258738 0.00333084
v 0.00498545 0.06281600 0.00263062
v 0.01098127 0.05801290 0.00263062
v 0.01095155 0.05805749 0.00263062
v 0.01085216 0.05799167 0.00301763
v 0.01095526 0.05792089 0.00286746
v 0.01064131 0.05787629 0.00377706
v 0.01057628 0.05788550 0.00392294
v 0.01065431 0.05776871 0.00391779
v 0.01054842 0.05783666 0.00406796
v 0.01062551 0.05771916 0.00406282
v 0.01052984 0.05780905 0.00415378
v 0.01066081 0.05762715 0.00411001
v 0.01069332 0.05797822 0.00346728
v 0.01060136 0.05802847 0.00362003
v 0.01056049 0.05800370 0.00376762
v 0.01069053 0.05752735 0.00417437
v 0.01066638 0.05748559 0.00427391
v 0.01084751 0.05723999 0.00418724
v 0.01088374 0.05713877 0.00422929
v 0.01095712 0.05701774 0.00421813
v 0.01110295 0.05686061 0.00409628
v 0.01123206 0.05652228 0.00421556
v 0.01126179 0.05642602 0.00426361
v 0.01127572 0.05630074 0.00437689
v 0.00384852 0.05709489 0.01062140
v 0.00376213 0.05719469 0.01058965
v 0.00385502 0.05728670 0.01049611
v 0.00380951 0.05737164 0.01045750
v 0.00347512 0.05780268 0.01029446
v 0.00369897 0.05747710 0.01042832
v 0.00370919 0.05772553 0.01026013
v 0.00333021 0.05810491 0.01014600
v 0.00323825 0.05787842 0.01032792
v 0.00324847 0.05820046 0.01010824
v 0.00316302 0.05839794 0.00999068
v 0.00306270 0.05841634 0.01000527
v 0.00294845 0.05843474 0.01002072
v 0.00294845 0.05833990 0.01009537
v 0.00279797 0.05836326 0.01011425
v 0.00279797 0.05828823 0.01017260
v 0.00264843 0.05821320 0.01026528
v 0.00264843 0.05813818 0.01032106
v 0.00276825 0.05811765 0.01030561
v 0.00324847 0.05830380 0.01003273
v 0.00324847 0.05837883 0.00997695
v 0.00254161 0.05808014 0.01038627
v 0.00254161 0.05797539 0.01046093
v 0.00254161 0.05790815 0.01050469
v 0.00428694 0.05630074 0.01092689
v 0.00474116 0.05652228 0.01062140
v 0.00478574 0.05656900 0.01057763
v 0.00489349 0.05667446 0.01047552
v 0.00484055 0.05676293 0.01045149
v 0.00459904 0.05671693 0.01057592
v 0.00459904 0.05664190 0.01061711
v 0.00436961 0.05630074 0.01089256
v 0.00445971 0.05668861 0.01064714
v 0.00399899 0.05677992 0.01076213
v 0.00451730 0.05674665 0.01059136
v 0.00430738 0.05667587 0.01071236
v 0.00441698 0.05677850 0.01061024
v 0.00433524 0.05687830 0.01058021
v 0.00414854 0.05693351 0.01061453
v 0.00399899 0.05698306 0.01063770
v 0.00310636 0.06278910 0.00437860
v 0.00264843 0.06289032 0.00441550
v 0.00254161 0.06288182 0.00449359
v 0.00256669 0.06290093 0.00443867
v 0.00346583 0.06260083 0.00458884
v 0.00316116 0.06274946 0.00443610
v 0.00384852 0.06247413 0.00463518
v 0.00394976 0.06245998 0.00460772
v 0.00404915 0.06244511 0.00457940
v 0.00399899 0.06241751 0.00466178
v 0.00384852 0.06232266 0.00493209
v 0.00394326 0.06230851 0.00490463
v 0.00415412 0.06219738 0.00497671
v 0.00429902 0.06228657 0.00471413
v 0.00439190 0.06230992 0.00460600
v 0.00404358 0.06229294 0.00487545
v 0.00403429 0.06213793 0.00516721
v 0.00410767 0.06216553 0.00506681
v 0.00474952 0.06228020 0.00440006
v 0.00488606 0.06224976 0.00435457
v 0.00449222 0.06229011 0.00456996
v 0.00489906 0.06217544 0.00448501
v 0.00498824 0.06215775 0.00445240
v 0.00492693 0.06228373 0.00425418
v 0.00508762 0.06213793 0.00441464
v 0.00520002 0.06211740 0.00436573
v 0.00535514 0.06204733 0.00437517
v 0.00530869 0.06201760 0.00446956
v 0.00540901 0.06199495 0.00443009
v 0.00551211 0.06197868 0.00437517
v 0.00561522 0.06187180 0.00447729
v 0.00569975 0.06169131 0.00472356
v 0.00576012 0.06171962 0.00462317
v 0.00571554 0.06184773 0.00443524
v 0.00591338 0.06172245 0.00447986
v 0.00576662 0.06187534 0.00433484
v 0.00586694 0.06184773 0.00428335
v 0.00565888 0.06198221 0.00423015
v 0.00571461 0.06199779 0.00413232
v 0.00561522 0.06202185 0.00418896
v 0.00540530 0.06214430 0.00412203
v 0.00545081 0.06216412 0.00402248
v 0.00555113 0.06214218 0.00396499
v 0.00533935 0.06225896 0.00390835
v 0.00539229 0.06228798 0.00376762
v 0.00505697 0.06243379 0.00378049
v 0.00515264 0.06246564 0.00357798
v 0.00520187 0.06248333 0.00346642
v 0.00534585 0.06247484 0.00330853
v 0.00519909 0.06253429 0.00331711
v 0.00534956 0.06252014 0.00316780
v 0.00534213 0.06257110 0.00301248
v 0.00556413 0.06259870 0.00263062
v 0.00548796 0.06262772 0.00263062
v 0.00534956 0.06268010 0.00263062
v 0.00513221 0.06275583 0.00265207
v 0.00504675 0.06279335 0.00263062
v 0.01087259 0.05817215 0.00263062
v 0.01085773 0.05814738 0.00271729
v 0.01081872 0.05809217 0.00292495
v 0.01087631 0.05803626 0.00287175
v 0.01051777 0.05794141 0.00397615
v 0.01049640 0.05791168 0.00406796
v 0.01041559 0.05802635 0.00406024
v 0.01039330 0.05797680 0.00417780
v 0.01044996 0.05787488 0.00421556
v 0.01050569 0.05777225 0.00425332
v 0.01055678 0.05772412 0.00420955
v 0.01068125 0.05811057 0.00325876
v 0.01064223 0.05805324 0.00346728
v 0.01056049 0.05817781 0.00345699
v 0.01054377 0.05812827 0.00359085
v 0.01052427 0.05810067 0.00369125
v 0.01050941 0.05807872 0.00376762
v 0.01053727 0.05767174 0.00431768
v 0.01051219 0.05762927 0.00441722
v 0.01066917 0.05734049 0.00443095
v 0.01082243 0.05719681 0.00428764
v 0.01091811 0.05696465 0.00435715
v 0.01098220 0.05676293 0.00445583
v 0.01099985 0.05681814 0.00435715
v 0.01110945 0.05657254 0.00441035
v 0.01113732 0.05647203 0.00446699
v 0.01120513 0.05630074 0.00452019
v 0.01116519 0.05637718 0.00451676
v 0.00384852 0.05716991 0.01057420
v 0.00399899 0.05724282 0.01047123
v 0.00399899 0.05731784 0.01042231
v 0.00400271 0.05757194 0.01025327
v 0.00342960 0.05807802 0.01012798
v 0.00369897 0.05785364 0.01017861
v 0.00381136 0.05782250 0.01015802
v 0.00337015 0.05827549 0.01001213
v 0.00329956 0.05854233 0.00983622
v 0.00333579 0.05870654 0.00969806
v 0.00310728 0.05847084 0.00994949
v 0.00309892 0.05857913 0.00986626
v 0.00294845 0.05850977 0.00996065
v 0.00264843 0.05838662 0.01013141
v 0.00264843 0.05831159 0.01019062
v 0.00254161 0.05817498 0.01031677
v 0.00339895 0.05851968 0.00981992
v 0.00343610 0.05868601 0.00968176
v 0.00474302 0.05636869 0.01069949
v 0.00489721 0.05637718 0.01062912
v 0.00494644 0.05642744 0.01058192
v 0.00493993 0.05672330 0.01042918
v 0.00516008 0.05648123 0.01046007
v 0.00520187 0.05668154 0.01033650
v 0.00498824 0.05691157 0.01030046
v 0.00474952 0.05679408 0.01047037
v 0.00546846 0.05678629 0.01016316
v 0.00540530 0.05688680 0.01013570
v 0.00535328 0.05697456 0.01010653
v 0.00519166 0.05697456 0.01017604
v 0.00474302 0.05630074 0.01073381
v 0.00445971 0.05682734 0.01056390
v 0.00460926 0.05683796 0.01049954
v 0.00429902 0.05708073 0.01046350
v 0.00414854 0.05700854 0.01056648
v 0.00456560 0.05692714 0.01046093
v 0.00458789 0.05712603 0.01032535
v 0.00443928 0.05711471 0.01038885
v 0.00404915 0.05703685 0.01058536
v 0.00254161 0.06279972 0.00466779
v 0.00281191 0.06279476 0.00453220
v 0.00336551 0.06246422 0.00491578
v 0.00370454 0.06249183 0.00467808
v 0.00267722 0.06274097 0.00471842
v 0.00254161 0.06272257 0.00482997
v 0.00293730 0.06262631 0.00481882
v 0.00258526 0.06260578 0.00504965
v 0.00297910 0.06259092 0.00486944
v 0.00293730 0.06255978 0.00495526
v 0.00375842 0.06244865 0.00473472
v 0.00370454 0.06242317 0.00481453
v 0.00370362 0.06234107 0.00497757
v 0.00346211 0.06214925 0.00548729
v 0.00365067 0.06216058 0.00535943
v 0.00429902 0.06217049 0.00492522
v 0.00437983 0.06215492 0.00489690
v 0.00448015 0.06213510 0.00486172
v 0.00454981 0.06216270 0.00476132
v 0.00369990 0.06211740 0.00541263
v 0.00393397 0.06215562 0.00519982
v 0.00392190 0.06200132 0.00549158
v 0.00399899 0.06202822 0.00539032
v 0.00414576 0.06203813 0.00527104
v 0.00504211 0.06210537 0.00450904
v 0.00519537 0.06203742 0.00451848
v 0.00514243 0.06200982 0.00460686
v 0.00524274 0.06198858 0.00456910
v 0.00545453 0.06186614 0.00461630
v 0.00560036 0.06171396 0.00476304
v 0.00574433 0.06156178 0.00490892
v 0.00579635 0.06159010 0.00481796
v 0.00590410 0.06156674 0.00476819
v 0.00580564 0.06167008 0.00467122
v 0.00585951 0.06169485 0.00458026
v 0.00595240 0.06159717 0.00467208
v 0.00605736 0.06156957 0.00462488
v 0.00601277 0.06169627 0.00443095
v 0.00595425 0.06182508 0.00422672
v 0.00590688 0.06187038 0.00418295
v 0.00610473 0.06167362 0.00437517
v 0.00615768 0.06169273 0.00427048
v 0.00580378 0.06197372 0.00407654
v 0.00575548 0.06201902 0.00403192
v 0.00565888 0.06204804 0.00407654
v 0.00564587 0.06211740 0.00391608
v 0.00559293 0.06216058 0.00386545
v 0.00542294 0.06230214 0.00369125
v 0.00511177 0.06244724 0.00367752
v 0.00525296 0.06244299 0.00351620
v 0.00529290 0.06246139 0.00341580
v 0.00546474 0.06247059 0.00316780
v 0.00551211 0.06249607 0.00302964
v 0.00564959 0.06253854 0.00271729
v 0.00565052 0.06256473 0.00263062
v 0.00560407 0.06258313 0.00263062
v 0.00517680 0.06274522 0.00263062
v 0.00514057 0.06275867 0.00263062
v 0.01082058 0.05824506 0.00263062
v 0.01052798 0.05825496 0.00339949
v 0.01048247 0.05802352 0.00392294
v 0.01038122 0.05810916 0.00400446
v 0.01035521 0.05807660 0.00410486
v 0.01033106 0.05802635 0.00422414
v 0.01036729 0.05794141 0.00427820
v 0.01039980 0.05783383 0.00436745
v 0.01037751 0.05780481 0.00444725
v 0.01047690 0.05772412 0.00436745
v 0.01050848 0.05822878 0.00349903
v 0.01049269 0.05817781 0.00363204
v 0.01043045 0.05818489 0.00377020
v 0.01051405 0.05748205 0.00457254
v 0.01067660 0.05690308 0.00489519
v 0.01054099 0.05752877 0.00447214
v 0.01040352 0.05771846 0.00450560
v 0.01038215 0.05766254 0.00460514
v 0.01038494 0.05751673 0.00475875
v 0.01067196 0.05719469 0.00458541
v 0.01097570 0.05630074 0.00497757
v 0.01080014 0.05700641 0.00454336
v 0.01101750 0.05630074 0.00489519
v 0.01114011 0.05632764 0.00462231
v 0.01114847 0.05630074 0.00463518
v 0.00399899 0.05712037 0.01055017
v 0.00467614 0.05735253 0.01014514
v 0.00424329 0.05736243 0.01030132
v 0.00414854 0.05746436 0.01026957
v 0.00414947 0.05758327 0.01019062
v 0.00410024 0.05766679 0.01015372
v 0.00391168 0.05779490 0.01013914
v 0.00356243 0.05802706 0.01011254
v 0.00354850 0.05815304 0.01003016
v 0.00346954 0.05824930 0.00999240
v 0.00355221 0.05833565 0.00989801
v 0.00360516 0.05839157 0.00983708
v 0.00364138 0.05856073 0.00970064
v 0.00354850 0.05858409 0.00971780
v 0.00346304 0.05884810 0.00954103
v 0.00336272 0.05886508 0.00955562
v 0.00324847 0.05879643 0.00964658
v 0.00324847 0.05872140 0.00971008
v 0.00309892 0.05865416 0.00980533
v 0.00294845 0.05860249 0.00988513
v 0.00256111 0.05839865 0.01014171
v 0.00254161 0.05825638 0.01025498
v 0.00354850 0.05865912 0.00966117
v 0.00354850 0.05875396 0.00958651
v 0.00481918 0.05630074 0.01070120
v 0.00497802 0.05630074 0.01063255
v 0.00500403 0.05632764 0.01060767
v 0.00505233 0.05637718 0.01056133
v 0.00525946 0.05643876 0.01043776
v 0.00531427 0.05663482 0.01031162
v 0.00535792 0.05668154 0.01026785
v 0.00504304 0.05696749 0.01024383
v 0.00489906 0.05694130 0.01031934
v 0.00523624 0.05702340 0.01012798
v 0.00474952 0.05686910 0.01042489
v 0.00556785 0.05674595 0.01014085
v 0.00551026 0.05683230 0.01011854
v 0.00549818 0.05697881 0.01003702
v 0.00544802 0.05706941 0.01000613
v 0.00466592 0.05689600 0.01044119
v 0.00481361 0.05704464 0.01029017
v 0.00475788 0.05712603 0.01026013
v 0.00486005 0.05722371 0.01015802
v 0.00324847 0.06244228 0.00502219
v 0.00340824 0.06234461 0.00513031
v 0.00254161 0.06261144 0.00506080
v 0.00254161 0.06259233 0.00509856
v 0.00258248 0.06245502 0.00534827
v 0.00263914 0.06247979 0.00527018
v 0.00264099 0.06256190 0.00510714
v 0.00279797 0.06251448 0.00511830
v 0.00316859 0.06215138 0.00564089
v 0.00324847 0.06229152 0.00532081
v 0.00340731 0.06212448 0.00556538
v 0.00335529 0.06201194 0.00581080
v 0.00354850 0.06213651 0.00546326
v 0.00436590 0.06199920 0.00518695
v 0.00444856 0.06202468 0.00508226
v 0.00475323 0.06204662 0.00482482
v 0.00369340 0.06203459 0.00557138
v 0.00345468 0.06199637 0.00578248
v 0.00382158 0.06201831 0.00552333
v 0.00386245 0.06197797 0.00557138
v 0.00379000 0.06170830 0.00610427
v 0.00389032 0.06168989 0.00607167
v 0.00399899 0.06182792 0.00574987
v 0.00419406 0.06199071 0.00532253
v 0.00503468 0.06202397 0.00466092
v 0.00497430 0.06200203 0.00474330
v 0.00468728 0.06185835 0.00520325
v 0.00534306 0.06188595 0.00466693
v 0.00423214 0.06170617 0.00579964
v 0.00456653 0.06172104 0.00552505
v 0.00502167 0.06187321 0.00492865
v 0.00534956 0.06172528 0.00493209
v 0.00534956 0.06168069 0.00500674
v 0.00535699 0.06160496 0.00512774
v 0.00579913 0.06138130 0.00515949
v 0.00579913 0.06142801 0.00508397
v 0.00606758 0.06112224 0.00537573
v 0.00602671 0.06125319 0.00519467
v 0.00584465 0.06153772 0.00486773
v 0.00503654 0.06157806 0.00541263
v 0.00514428 0.06156178 0.00535857
v 0.00541180 0.06154621 0.00518351
v 0.00534120 0.06143509 0.00541606
v 0.00595240 0.06151365 0.00481796
v 0.00600348 0.06154197 0.00472442
v 0.00614560 0.06138696 0.00486601
v 0.00619762 0.06141527 0.00476647
v 0.00615675 0.06154267 0.00457597
v 0.00610380 0.06159930 0.00452277
v 0.00620505 0.06156957 0.00447557
v 0.00595425 0.06189374 0.00406882
v 0.00585580 0.06199212 0.00396842
v 0.00610473 0.06174440 0.00421985
v 0.00625335 0.06159434 0.00436830
v 0.00629608 0.06168565 0.00410400
v 0.00619576 0.06171396 0.00417094
v 0.00634531 0.06156462 0.00431853
v 0.00639732 0.06158231 0.00420955
v 0.00580378 0.06204025 0.00391779
v 0.00569324 0.06213793 0.00380281
v 0.00550747 0.06228515 0.00363204
v 0.00534585 0.06241892 0.00346642
v 0.00539322 0.06243803 0.00335230
v 0.00553998 0.06243662 0.00316780
v 0.00560872 0.06246847 0.00298760
v 0.00573597 0.06252934 0.00263062
v 0.01076020 0.05832716 0.00263062
v 0.01068403 0.05841280 0.00266494
v 0.01063573 0.05849349 0.00263062
v 0.01050105 0.05867044 0.00263062
v 0.01048618 0.05835052 0.00331711
v 0.01023168 0.05871079 0.00325962
v 0.01038958 0.05842059 0.00342867
v 0.01044903 0.05832504 0.00346385
v 0.01041002 0.05829673 0.00361745
v 0.01040166 0.05813606 0.00391779
v 0.01036543 0.05824010 0.00382254
v 0.01034221 0.05821108 0.00391779
v 0.01025954 0.05832362 0.00390321
v 0.01029855 0.05817428 0.00406453
v 0.01022889 0.05810633 0.00429880
v 0.01019081 0.05820825 0.00421813
v 0.01026140 0.05802281 0.00435629
v 0.01021774 0.05779136 0.00473043
v 0.01034778 0.05776234 0.00454765
v 0.01023911 0.05797043 0.00446785
v 0.01021031 0.05793221 0.00456739
v 0.01018523 0.05787983 0.00467551
v 0.01038865 0.05826841 0.00372214
v 0.01051591 0.05733554 0.00472614
v 0.01067846 0.05675656 0.00504879
v 0.01080386 0.05630074 0.00530537
v 0.01083822 0.05632339 0.00521698
v 0.01083358 0.05661500 0.00490806
v 0.01030041 0.05772695 0.00466779
v 0.01009235 0.05767670 0.00507196
v 0.01022239 0.05764768 0.00488832
v 0.01035243 0.05761653 0.00470554
v 0.01022517 0.05750116 0.00504278
v 0.01035521 0.05746931 0.00485915
v 0.01038680 0.05736951 0.00491149
v 0.01050383 0.05668861 0.00543237
v 0.01049176 0.05728175 0.00482482
v 0.01084473 0.05630074 0.00522900
v 0.00477645 0.05732351 0.01012541
v 0.00459904 0.05744949 0.01010910
v 0.00448851 0.05748134 0.01013056
v 0.00399899 0.05777013 0.01012283
v 0.00385595 0.05787417 0.01010567
v 0.00399992 0.05788408 0.01004303
v 0.00365996 0.05812190 0.01000870
v 0.00354850 0.05822807 0.00997695
v 0.00369897 0.05829106 0.00987226
v 0.00369433 0.05848075 0.00973754
v 0.00374077 0.05853384 0.00968090
v 0.00377235 0.05870158 0.00954360
v 0.00360701 0.05914537 0.00923811
v 0.00348626 0.05900664 0.00939772
v 0.00350670 0.05916519 0.00925528
v 0.00340731 0.05892029 0.00949555
v 0.00354850 0.05882899 0.00952558
v 0.00369897 0.05912626 0.00922181
v 0.00339895 0.05909653 0.00934624
v 0.00324847 0.05895922 0.00950670
v 0.00309892 0.05890826 0.00959252
v 0.00309892 0.05882049 0.00966717
v 0.00309892 0.05874547 0.00972981
v 0.00294845 0.05867752 0.00982335
v 0.00254161 0.05847226 0.01008250
v 0.00254161 0.05842271 0.01012455
v 0.00254161 0.05837812 0.01016145
v 0.00269673 0.05854587 0.00998897
v 0.00367296 0.05872565 0.00956248
v 0.00509505 0.05630074 0.01058107
v 0.00512199 0.05630074 0.01056905
v 0.00535978 0.05630074 0.01046265
v 0.00535978 0.05638355 0.01042060
v 0.00557063 0.05644796 0.01029274
v 0.00562265 0.05664615 0.01016745
v 0.00513592 0.05705950 0.01014943
v 0.00504954 0.05708852 0.01016745
v 0.00533656 0.05712249 0.01002243
v 0.00519166 0.05711612 0.01009022
v 0.00504954 0.05716355 0.01012112
v 0.00572297 0.05660014 0.01014343
v 0.00566352 0.05668791 0.01012541
v 0.00565609 0.05683371 0.01004732
v 0.00560965 0.05692997 0.01001213
v 0.00537836 0.05716921 0.00997180
v 0.00527897 0.05720460 0.00999583
v 0.00554834 0.05703048 0.00998038
v 0.00558178 0.05720672 0.00984738
v 0.00496037 0.05719256 0.01013828
v 0.00254161 0.06250598 0.00526847
v 0.00254161 0.06245998 0.00535771
v 0.00254161 0.06244016 0.00539461
v 0.00294845 0.06217969 0.00569324
v 0.00306827 0.06216412 0.00566578
v 0.00324847 0.06202680 0.00583654
v 0.00333486 0.06185552 0.00609913
v 0.00350948 0.06171396 0.00626388
v 0.00340266 0.06196806 0.00586400
v 0.00444856 0.06198221 0.00515777
v 0.00453588 0.06200699 0.00505137
v 0.00430924 0.06197443 0.00527104
v 0.00417919 0.06183429 0.00561171
v 0.00424979 0.06186260 0.00551132
v 0.00480525 0.06199425 0.00487974
v 0.00373984 0.06199142 0.00562287
v 0.00354850 0.06198151 0.00575502
v 0.00363952 0.06200770 0.00565290
v 0.00354850 0.06186543 0.00596697
v 0.00368504 0.06187605 0.00586572
v 0.00369897 0.06172387 0.00613259
v 0.00369897 0.06168211 0.00620725
v 0.00384387 0.06165663 0.00616005
v 0.00394326 0.06156108 0.00625788
v 0.00400735 0.06167220 0.00602018
v 0.00406309 0.06169768 0.00593608
v 0.00400735 0.06175218 0.00587859
v 0.00459904 0.06187675 0.00523500
v 0.00500031 0.06171396 0.00521269
v 0.00444949 0.06166017 0.00571469
v 0.00459068 0.06195249 0.00510800
v 0.00446064 0.06190719 0.00528134
v 0.00411046 0.06156886 0.00612058
v 0.00604157 0.06096016 0.00565634
v 0.00614189 0.06093680 0.00561858
v 0.00620783 0.06096794 0.00551818
v 0.00608615 0.06127513 0.00510886
v 0.00594125 0.06143297 0.00496384
v 0.00616696 0.06109889 0.00533712
v 0.00497802 0.06155400 0.00549587
v 0.00593475 0.06097573 0.00571126
v 0.00447736 0.06153064 0.00590862
v 0.00609730 0.06135511 0.00496384
v 0.00618554 0.06125814 0.00505308
v 0.00632673 0.06110313 0.00519553
v 0.00646513 0.06094742 0.00533454
v 0.00633602 0.06125885 0.00490549
v 0.00625335 0.06151649 0.00452277
v 0.00630537 0.06154055 0.00441893
v 0.00604435 0.06186401 0.00401991
v 0.00603042 0.06200557 0.00370069
v 0.00589295 0.06201265 0.00386802
v 0.00638989 0.06165097 0.00405938
v 0.00636481 0.06172528 0.00391779
v 0.00639732 0.06150941 0.00436830
v 0.00644562 0.06153489 0.00425332
v 0.00648278 0.06155683 0.00415378
v 0.00578892 0.06210820 0.00375904
v 0.00594589 0.06202822 0.00375733
v 0.00594961 0.06207989 0.00361745
v 0.00573226 0.06215633 0.00370241
v 0.00564959 0.06222499 0.00361745
v 0.00548889 0.06240972 0.00330853
v 0.00564959 0.06238566 0.00316780
v 0.00565516 0.06243237 0.00302964
v 0.00570903 0.06244511 0.00292152
v 0.00574526 0.06246281 0.00282198
v 0.00579820 0.06250244 0.00263062
v 0.01040537 0.05879501 0.00263062
v 0.01023075 0.05900948 0.00265722
v 0.01009328 0.05902505 0.00298931
v 0.01027069 0.05878227 0.00301248
v 0.01024932 0.05873343 0.00316780
v 0.01044903 0.05847509 0.00316351
v 0.01021217 0.05868531 0.00335916
v 0.01019173 0.05880846 0.00316780
v 0.01005891 0.05898045 0.00316780
v 0.01009328 0.05887499 0.00328794
v 0.01033106 0.05847297 0.00347415
v 0.01023075 0.05855932 0.00355567
v 0.01035150 0.05837175 0.00361745
v 0.01032363 0.05832221 0.00377020
v 0.01024282 0.05842413 0.00376762
v 0.01018245 0.05849915 0.00376762
v 0.01022517 0.05840219 0.00384314
v 0.01024096 0.05827125 0.00402334
v 0.01008492 0.05856356 0.00386202
v 0.01005984 0.05853313 0.00396242
v 0.01010071 0.05843262 0.00404136
v 0.01007470 0.05840077 0.00414176
v 0.01011557 0.05830168 0.00421813
v 0.01020102 0.05807023 0.00439920
v 0.01008863 0.05826912 0.00431939
v 0.01006169 0.05823515 0.00441893
v 0.01008770 0.05781826 0.00491407
v 0.00976724 0.05779065 0.00548042
v 0.00989728 0.05776234 0.00529764
v 0.01010071 0.05813535 0.00448672
v 0.01007191 0.05809713 0.00458712
v 0.01004776 0.05806598 0.00466779
v 0.01010535 0.05799096 0.00466779
v 0.01008027 0.05795840 0.00475102
v 0.01000410 0.05788125 0.00497413
v 0.01020845 0.05853101 0.00365521
v 0.01051777 0.05718832 0.00487888
v 0.01068217 0.05646212 0.00535514
v 0.01074348 0.05630074 0.00541521
v 0.00993258 0.05766183 0.00535514
v 0.01006262 0.05763211 0.00517150
v 0.01030598 0.05743534 0.00497757
v 0.00985363 0.05758185 0.00557396
v 0.00990472 0.05746931 0.00560914
v 0.01004590 0.05713523 0.00572842
v 0.01033664 0.05668012 0.00572327
v 0.01039144 0.05692714 0.00537058
v 0.01049640 0.05640479 0.00574387
v 0.01052706 0.05630428 0.00579707
v 0.01052427 0.05659943 0.00549072
v 0.01044717 0.05637081 0.00586314
v 0.00490557 0.05727467 0.01010567
v 0.00504861 0.05728245 0.01004217
v 0.00489906 0.05739499 0.01002501
v 0.00481361 0.05749550 0.00998982
v 0.00452845 0.05765405 0.00999583
v 0.00444206 0.05756628 0.01009022
v 0.00429902 0.05761016 0.01011597
v 0.00423957 0.05781047 0.01000012
v 0.00405008 0.05793858 0.00998468
v 0.00395069 0.05796618 0.01000441
v 0.00399992 0.05802068 0.00994606
v 0.00384666 0.05818277 0.00989114
v 0.00384852 0.05842908 0.00971351
v 0.00393119 0.05840573 0.00969721
v 0.00384852 0.05850411 0.00965859
v 0.00384852 0.05860462 0.00958394
v 0.00395998 0.05857277 0.00955991
v 0.00406030 0.05854375 0.00953760
v 0.00400550 0.05862443 0.00949812
v 0.00384573 0.05878156 0.00944492
v 0.00391447 0.05899673 0.00923897
v 0.00379372 0.05886296 0.00940287
v 0.00369897 0.05888561 0.00942175
v 0.00356150 0.05923243 0.00917376
v 0.00369897 0.05920836 0.00914630
v 0.00351599 0.05931737 0.00910854
v 0.00339895 0.05925791 0.00920207
v 0.00339895 0.05918288 0.00927072
v 0.00369897 0.05896064 0.00935997
v 0.00369897 0.05905123 0.00928445
v 0.00381415 0.05902363 0.00926128
v 0.00385781 0.05907530 0.00919864
v 0.00384852 0.05917581 0.00911626
v 0.00324847 0.05904557 0.00943205
v 0.00309892 0.05898329 0.00952730
v 0.00300232 0.05899744 0.00953931
v 0.00294845 0.05884173 0.00968519
v 0.00294845 0.05876670 0.00974869
v 0.00264750 0.05861523 0.00993920
v 0.00254161 0.05872565 0.00986454
v 0.00283234 0.05869238 0.00983622
v 0.00551304 0.05630074 0.01039314
v 0.00562451 0.05634817 0.01031762
v 0.00566445 0.05638922 0.01027815
v 0.00566352 0.05654069 0.01020178
v 0.00519909 0.05723008 0.01001385
v 0.00580749 0.05668295 0.01004989
v 0.00576198 0.05678912 0.01001728
v 0.00572390 0.05630074 0.01029360
v 0.00581214 0.05630074 0.01024640
v 0.00587159 0.05630074 0.01021379
v 0.00591431 0.05634533 0.01016660
v 0.00586880 0.05644513 0.01014085
v 0.00595890 0.05638780 0.01011940
v 0.00570996 0.05688892 0.00998639
v 0.00519909 0.05730510 0.00995979
v 0.00549911 0.05723432 0.00986797
v 0.00549911 0.05730935 0.00981305
v 0.00540622 0.05733979 0.00983536
v 0.00565609 0.05697881 0.00995722
v 0.00568210 0.05716708 0.00982163
v 0.00570996 0.05734191 0.00968691
v 0.00254161 0.06242034 0.00543065
v 0.00264843 0.06233187 0.00554650
v 0.00280540 0.06219384 0.00573013
v 0.00294845 0.06213864 0.00576789
v 0.00310078 0.06204096 0.00587773
v 0.00324847 0.06198434 0.00591206
v 0.00315187 0.06199708 0.00593351
v 0.00324847 0.06186684 0.00611800
v 0.00339895 0.06172953 0.00629049
v 0.00355500 0.06166937 0.00631623
v 0.00360887 0.06169768 0.00623471
v 0.00362559 0.06185269 0.00594466
v 0.00339895 0.06168636 0.00636514
v 0.00371012 0.06160567 0.00633167
v 0.00384852 0.06157948 0.00628877
v 0.00376771 0.06154975 0.00639003
v 0.00384852 0.06153347 0.00636428
v 0.00399899 0.06142518 0.00642778
v 0.00399528 0.06150233 0.00631194
v 0.00425072 0.06141456 0.00626303
v 0.00435103 0.06139121 0.00622613
v 0.00459904 0.06138059 0.00605879
v 0.00628214 0.06078250 0.00576103
v 0.00648835 0.06065864 0.00580393
v 0.00624963 0.06112295 0.00522814
v 0.00644841 0.06078887 0.00562201
v 0.00624963 0.06107836 0.00530279
v 0.00551026 0.06107270 0.00587258
v 0.00601556 0.06079736 0.00593608
v 0.00609916 0.06082497 0.00582968
v 0.00658867 0.06063386 0.00576274
v 0.00650414 0.06081931 0.00552161
v 0.00664254 0.06066288 0.00566234
v 0.00634345 0.06141385 0.00461373
v 0.00647442 0.06110172 0.00504278
v 0.00648649 0.06140961 0.00445669
v 0.00654223 0.06142730 0.00435457
v 0.00614467 0.06183570 0.00395212
v 0.00606107 0.06202185 0.00361745
v 0.00616696 0.06199849 0.00353250
v 0.00656173 0.06160708 0.00392895
v 0.00662025 0.06154904 0.00398644
v 0.00646977 0.06169910 0.00383541
v 0.00662768 0.06140395 0.00429622
v 0.00658960 0.06153135 0.00406796
v 0.00665833 0.06142235 0.00421813
v 0.00676701 0.06139687 0.00413146
v 0.00671035 0.06145561 0.00407654
v 0.00583908 0.06213581 0.00361745
v 0.00611030 0.06205016 0.00347672
v 0.00595333 0.06212944 0.00347930
v 0.00573969 0.06230992 0.00326219
v 0.00590688 0.06216836 0.00343639
v 0.00587716 0.06230426 0.00309658
v 0.00588273 0.06245644 0.00265293
v 0.00586137 0.06247413 0.00263062
v 0.01020845 0.05905123 0.00263062
v 0.01009235 0.05917439 0.00268811
v 0.01007377 0.05914962 0.00278765
v 0.00995487 0.05918926 0.00301763
v 0.00997810 0.05908450 0.00316780
v 0.00991493 0.05913971 0.00321757
v 0.01007284 0.05884951 0.00338748
v 0.01005519 0.05882686 0.00346728
v 0.01014994 0.05862585 0.00361574
v 0.01002640 0.05877378 0.00362260
v 0.01004590 0.05866619 0.00376762
v 0.00996231 0.05877519 0.00375389
v 0.00994373 0.05872353 0.00387746
v 0.00995673 0.05858975 0.00406796
v 0.01004033 0.05848075 0.00408169
v 0.01005426 0.05837671 0.00421813
v 0.01000503 0.05833211 0.00437603
v 0.00991958 0.05839511 0.00443352
v 0.00995766 0.05829035 0.00451762
v 0.00993165 0.05825921 0.00460343
v 0.01003847 0.05818206 0.00452963
v 0.00963720 0.05781684 0.00566320
v 0.00960655 0.05777649 0.00576360
v 0.00967064 0.05772624 0.00571555
v 0.00994187 0.05812261 0.00477076
v 0.00999574 0.05802139 0.00481109
v 0.00991958 0.05794495 0.00503420
v 0.01055028 0.05679408 0.00523843
v 0.01067567 0.05630074 0.00553706
v 0.01070725 0.05630074 0.00548042
v 0.01062087 0.05636940 0.00556194
v 0.00964185 0.05767599 0.00582110
v 0.00961212 0.05763140 0.00592150
v 0.00977467 0.05750046 0.00579192
v 0.00985549 0.05743463 0.00572756
v 0.00990657 0.05732209 0.00576189
v 0.00987406 0.05727396 0.00586658
v 0.00996881 0.05712532 0.00586658
v 0.00997159 0.05697669 0.00601846
v 0.01007005 0.05704322 0.00578505
v 0.01020474 0.05656900 0.00605965
v 0.01034221 0.05638285 0.00602619
v 0.01039794 0.05633684 0.00598156
v 0.01052520 0.05630074 0.00580393
v 0.01044810 0.05630074 0.00593437
v 0.00499845 0.05736597 0.01000441
v 0.00509877 0.05733625 0.00998296
v 0.00440491 0.05812048 0.00970750
v 0.00462877 0.05762503 0.00997438
v 0.00429902 0.05815092 0.00972981
v 0.00421914 0.05824860 0.00969206
v 0.00418570 0.05808014 0.00982850
v 0.00433989 0.05778216 0.00998038
v 0.00399899 0.05813252 0.00986626
v 0.00411882 0.05827761 0.00971265
v 0.00403150 0.05837741 0.00967575
v 0.00399528 0.05847509 0.00961826
v 0.00429902 0.05822595 0.00967404
v 0.00413740 0.05862656 0.00943376
v 0.00407981 0.05870583 0.00939687
v 0.00424514 0.05841422 0.00955390
v 0.00409838 0.05886650 0.00925613
v 0.00399899 0.05897125 0.00921838
v 0.00393119 0.05915599 0.00909738
v 0.00361630 0.05929967 0.00909052
v 0.00369897 0.05928339 0.00907507
v 0.00356614 0.05938319 0.00902530
v 0.00351506 0.05946742 0.00895923
v 0.00339895 0.05941150 0.00905362
v 0.00339895 0.05933648 0.00912742
v 0.00324847 0.05928056 0.00922353
v 0.00324847 0.05920553 0.00929132
v 0.00312958 0.05913900 0.00938228
v 0.00393583 0.05930816 0.00894979
v 0.00384852 0.05925083 0.00904418
v 0.00308685 0.05908450 0.00944149
v 0.00302926 0.05915386 0.00939515
v 0.00294845 0.05916377 0.00940373
v 0.00295124 0.05906610 0.00948954
v 0.00290293 0.05900877 0.00954961
v 0.00295124 0.05893940 0.00960024
v 0.00286857 0.05885093 0.00969292
v 0.00264843 0.05871362 0.00985424
v 0.00254161 0.05896276 0.00966031
v 0.00564216 0.05630074 0.01033307
v 0.00590874 0.05663765 0.01001471
v 0.00586230 0.05673745 0.00998639
v 0.00589666 0.05692360 0.00985767
v 0.00593196 0.05630074 0.01017947
v 0.00595518 0.05653078 0.01004474
v 0.00595890 0.05630074 0.01016402
v 0.00600813 0.05630074 0.01013570
v 0.00602578 0.05630074 0.01012541
v 0.00610380 0.05630074 0.01007907
v 0.00610194 0.05637718 0.01003960
v 0.00574247 0.05706658 0.00985424
v 0.00584279 0.05702340 0.00982678
v 0.00530591 0.05737164 0.00985939
v 0.00522695 0.05747214 0.00982163
v 0.00504954 0.05770218 0.00973153
v 0.00561057 0.05737447 0.00971094
v 0.00543223 0.05750682 0.00969806
v 0.00587437 0.05720177 0.00969377
v 0.00579913 0.05723220 0.00971437
v 0.00569882 0.05808509 0.00908022
v 0.00527340 0.05780127 0.00954360
v 0.00579913 0.05730723 0.00966202
v 0.00589852 0.05736881 0.00955905
v 0.00643355 0.05852322 0.00832079
v 0.00639175 0.05862160 0.00826415
v 0.00254161 0.06234177 0.00557224
v 0.00275989 0.06216058 0.00580737
v 0.00285928 0.06214925 0.00578763
v 0.00256111 0.06230001 0.00563918
v 0.00294845 0.06208272 0.00586829
v 0.00305155 0.06200911 0.00595496
v 0.00310078 0.06196523 0.00601074
v 0.00330420 0.06169768 0.00638574
v 0.00366832 0.06156815 0.00641920
v 0.00339895 0.06162407 0.00646897
v 0.00347883 0.06155400 0.00654620
v 0.00353642 0.06158302 0.00646897
v 0.00325219 0.06166583 0.00646125
v 0.00324847 0.06158514 0.00659855
v 0.00371012 0.06151932 0.00646897
v 0.00390704 0.06139545 0.00653333
v 0.00399899 0.06137563 0.00650244
v 0.00408166 0.06140607 0.00639947
v 0.00453309 0.06080586 0.00700015
v 0.00455724 0.06126805 0.00626817
v 0.00504954 0.06112578 0.00613088
v 0.00632208 0.06065085 0.00594123
v 0.00640011 0.06063174 0.00591206
v 0.00655523 0.06058007 0.00587258
v 0.00549354 0.06098918 0.00601846
v 0.00662118 0.06050009 0.00594123
v 0.00670013 0.06052628 0.00582968
v 0.00669549 0.06059918 0.00571469
v 0.00681067 0.06052486 0.00571812
v 0.00692213 0.06050009 0.00564003
v 0.00674286 0.06063174 0.00560657
v 0.00669549 0.06068553 0.00556109
v 0.00648092 0.06125602 0.00475017
v 0.00655709 0.06100687 0.00512430
v 0.00664905 0.06081718 0.00537058
v 0.00662397 0.06125177 0.00459227
v 0.00676701 0.06124752 0.00443352
v 0.00708933 0.06111092 0.00430995
v 0.00650507 0.06172033 0.00373501
v 0.00635367 0.06186967 0.00358399
v 0.00625149 0.06197230 0.00347672
v 0.00620226 0.06201831 0.00343210
v 0.00665555 0.06157028 0.00388604
v 0.00680324 0.06141952 0.00403192
v 0.00711998 0.06127937 0.00391779
v 0.00722308 0.06125106 0.00384056
v 0.00685247 0.06144075 0.00391522
v 0.00693978 0.06141102 0.00386287
v 0.00670292 0.06152427 0.00392895
v 0.00694814 0.06126663 0.00417180
v 0.00673357 0.06137634 0.00421813
v 0.00718964 0.06107978 0.00424817
v 0.00685247 0.06136997 0.00407654
v 0.00708654 0.06125956 0.00400790
v 0.00609544 0.06211669 0.00331711
v 0.00600627 0.06214359 0.00336774
v 0.00593661 0.06225401 0.00315493
v 0.00609544 0.06217473 0.00315493
v 0.00602763 0.06239274 0.00263062
v 0.00596633 0.06242317 0.00263062
v 0.01008399 0.05921190 0.00263062
v 0.01004869 0.05925720 0.00263062
v 0.00991029 0.05943344 0.00263062
v 0.00995302 0.05933789 0.00271729
v 0.00997717 0.05923455 0.00286660
v 0.00989357 0.05941292 0.00271729
v 0.00977467 0.05945185 0.00294212
v 0.00975981 0.05943344 0.00301763
v 0.00977282 0.05929967 0.00323817
v 0.00989171 0.05911211 0.00331711
v 0.00993258 0.05901089 0.00340807
v 0.00963442 0.05961393 0.00296614
v 0.00961305 0.05958845 0.00306568
v 0.00997345 0.05893020 0.00346213
v 0.01009049 0.05872140 0.00357626
v 0.00990843 0.05898258 0.00350847
v 0.00992608 0.05885376 0.00369468
v 0.00989264 0.05866478 0.00406796
v 0.00978303 0.05901160 0.00370756
v 0.00973566 0.05892949 0.00393067
v 0.00997345 0.05847792 0.00421127
v 0.00993258 0.05856144 0.00415721
v 0.00994744 0.05842908 0.00433312
v 0.00989450 0.05836538 0.00451762
v 0.00990472 0.05852888 0.00425761
v 0.00977653 0.05855365 0.00444554
v 0.00960469 0.05867823 0.00455709
v 0.00918949 0.05901938 0.00476733
v 0.00964742 0.05857772 0.00462917
v 0.00984527 0.05832079 0.00466006
v 0.00961863 0.05809359 0.00533283
v 0.00978025 0.05810845 0.00505137
v 0.00965299 0.05798600 0.00541864
v 0.00959726 0.05791735 0.00559798
v 0.00946536 0.05794070 0.00577905
v 0.00947465 0.05780127 0.00594295
v 0.00975888 0.05793079 0.00531738
v 0.00948115 0.05766042 0.00610342
v 0.00974959 0.05807023 0.00515176
v 0.00991122 0.05808439 0.00487030
v 0.00958426 0.05757973 0.00602275
v 0.00979697 0.05726405 0.00600473
v 0.00964370 0.05753160 0.00597556
v 0.00961398 0.05748418 0.00607510
v 0.00977746 0.05720601 0.00609827
v 0.01005426 0.05668932 0.00618322
v 0.01026511 0.05637294 0.00616434
v 0.01030598 0.05630074 0.00617121
v 0.01036450 0.05630074 0.00607424
v 0.00497337 0.05780056 0.00969292
v 0.00478946 0.05793079 0.00967833
v 0.00468914 0.05796052 0.00970064
v 0.00450523 0.05809076 0.00968519
v 0.00413925 0.05877095 0.00931449
v 0.00452938 0.05825496 0.00954618
v 0.00458697 0.05817569 0.00958136
v 0.00430831 0.05862656 0.00934967
v 0.00415690 0.05893162 0.00917290
v 0.00411510 0.05902646 0.00911455
v 0.00398320 0.05921898 0.00901071
v 0.00415876 0.05907672 0.00904847
v 0.00446714 0.05908804 0.00887771
v 0.00452287 0.05915103 0.00879275
v 0.00452845 0.05930463 0.00864601
v 0.00433246 0.05927915 0.00877216
v 0.00361537 0.05944902 0.00894035
v 0.00384852 0.05932727 0.00896867
v 0.00384852 0.05947662 0.00881850
v 0.00369897 0.05943274 0.00892404
v 0.00351134 0.05961606 0.00880820
v 0.00339895 0.05956155 0.00890259
v 0.00324847 0.05958491 0.00892662
v 0.00306084 0.05961393 0.00895494
v 0.00315837 0.05944760 0.00908966
v 0.00324847 0.05935913 0.00914887
v 0.00305898 0.05946246 0.00910339
v 0.00310357 0.05937894 0.00917032
v 0.00314908 0.05929472 0.00923726
v 0.00308964 0.05922464 0.00931620
v 0.00393676 0.05945822 0.00879962
v 0.00414854 0.05940442 0.00874813
v 0.00459440 0.05982485 0.00811570
v 0.00454610 0.05991404 0.00805477
v 0.00424329 0.05976186 0.00835254
v 0.00304970 0.05930958 0.00925013
v 0.00294845 0.05932232 0.00926214
v 0.00294845 0.05923880 0.00933680
v 0.00264843 0.05927348 0.00936855
v 0.00254161 0.05921049 0.00944492
v 0.00254161 0.05898753 0.00963886
v 0.00595518 0.05668295 0.00996065
v 0.00605364 0.05648335 0.01001128
v 0.00610194 0.05653078 0.00995550
v 0.00599698 0.05687123 0.00982678
v 0.00602949 0.05705667 0.00969721
v 0.00621062 0.05630074 0.01001471
v 0.00619762 0.05632764 0.01000870
v 0.00597469 0.05715647 0.00966546
v 0.00534956 0.05753301 0.00971780
v 0.00504954 0.05777720 0.00967490
v 0.00525296 0.05763848 0.00968348
v 0.00606014 0.05723079 0.00956506
v 0.00593661 0.05726618 0.00961225
v 0.00614096 0.05852959 0.00847525
v 0.00565888 0.05832716 0.00890002
v 0.00459904 0.05872777 0.00911540
v 0.00474952 0.05827761 0.00941574
v 0.00481175 0.05809359 0.00953760
v 0.00504490 0.05787983 0.00959423
v 0.00615675 0.05869026 0.00833366
v 0.00599884 0.05733058 0.00952816
v 0.00660353 0.05838591 0.00833109
v 0.00662211 0.05854941 0.00819121
v 0.00652179 0.05858551 0.00822039
v 0.00645027 0.05868531 0.00817920
v 0.00634995 0.05871786 0.00820666
v 0.00254161 0.06231629 0.00561772
v 0.00279797 0.06203813 0.00600387
v 0.00294845 0.06202114 0.00597556
v 0.00264843 0.06217261 0.00582882
v 0.00264843 0.06212944 0.00590347
v 0.00254161 0.06227524 0.00568980
v 0.00309892 0.06188525 0.00614890
v 0.00357915 0.06153559 0.00651874
v 0.00339895 0.06156532 0.00656508
v 0.00362188 0.06140182 0.00669294
v 0.00324847 0.06153914 0.00667320
v 0.00339895 0.06151578 0.00664060
v 0.00309892 0.06178545 0.00631880
v 0.00316395 0.06155046 0.00669037
v 0.00385316 0.06136077 0.00661571
v 0.00394419 0.06126097 0.00670667
v 0.00408166 0.06110526 0.00684826
v 0.00413832 0.06113569 0.00676760
v 0.00493993 0.06063599 0.00696925
v 0.00487120 0.06082426 0.00672812
v 0.00504954 0.06078250 0.00666377
v 0.00540994 0.06079524 0.00638316
v 0.00521302 0.06092548 0.00632395
v 0.00421821 0.06094954 0.00698985
v 0.00457025 0.06067209 0.00717177
v 0.00467056 0.06065014 0.00714002
v 0.00483962 0.06065935 0.00700530
v 0.00527154 0.06095096 0.00624157
v 0.00534956 0.06093255 0.00621325
v 0.00610194 0.06070111 0.00602447
v 0.00626357 0.06062466 0.00602447
v 0.00640383 0.06055530 0.00602533
v 0.00598584 0.06063316 0.00621497
v 0.00652179 0.06052628 0.00597985
v 0.00664905 0.06036561 0.00611371
v 0.00677630 0.06020282 0.00624500
v 0.00669920 0.06040029 0.00602018
v 0.00680324 0.06037056 0.00597127
v 0.00645677 0.06049231 0.00607939
v 0.00656266 0.06047319 0.00602533
v 0.00677537 0.06050221 0.00579449
v 0.00709490 0.06036561 0.00566663
v 0.00706518 0.06049514 0.00548128
v 0.00710698 0.06052345 0.00538174
v 0.00707354 0.06065085 0.00519124
v 0.00704010 0.06062962 0.00526847
v 0.00685432 0.06058007 0.00557310
v 0.00688591 0.06047603 0.00571812
v 0.00695093 0.06036915 0.00582110
v 0.00722401 0.06020140 0.00579278
v 0.00715992 0.06028351 0.00572928
v 0.00678652 0.06065935 0.00550617
v 0.00674936 0.06078604 0.00531395
v 0.00696486 0.06067704 0.00526847
v 0.00699180 0.06082780 0.00495611
v 0.00704195 0.06093114 0.00470469
v 0.00694721 0.06111587 0.00446956
v 0.00704753 0.06108473 0.00441035
v 0.00714320 0.06104934 0.00436316
v 0.00655244 0.06174086 0.00361488
v 0.00670292 0.06159151 0.00376591
v 0.00640197 0.06188949 0.00346385
v 0.00630258 0.06198929 0.00335916
v 0.00623663 0.06210183 0.00315493
v 0.00614189 0.06213651 0.00319698
v 0.00625149 0.06203601 0.00331196
v 0.00675586 0.06154055 0.00381396
v 0.00719522 0.06123407 0.00391779
v 0.00716364 0.06131052 0.00378135
v 0.00704753 0.06138554 0.00376762
v 0.00750639 0.06109110 0.00381568
v 0.00722866 0.06110455 0.00414777
v 0.00726024 0.06112366 0.00406796
v 0.00736706 0.06109818 0.00398387
v 0.00722680 0.06095308 0.00444554
v 0.00725838 0.06097361 0.00436745
v 0.00740700 0.06097290 0.00418295
v 0.00745344 0.06100050 0.00406968
v 0.00604250 0.06216129 0.00326734
v 0.00617718 0.06215421 0.00309658
v 0.00609916 0.06235664 0.00263062
v 0.00977375 0.05960048 0.00263062
v 0.00977282 0.05959978 0.00263577
v 0.00965392 0.05963729 0.00286746
v 0.00965206 0.05948441 0.00316780
v 0.00958983 0.05971231 0.00286746
v 0.00955268 0.05967976 0.00302192
v 0.00946722 0.05974487 0.00307770
v 0.00951273 0.05964437 0.00316780
v 0.00958797 0.05955943 0.00316780
v 0.00963070 0.05945892 0.00325361
v 0.00964835 0.05932940 0.00343725
v 0.00984713 0.05862443 0.00421384
v 0.00943843 0.05908096 0.00423272
v 0.00961863 0.05884456 0.00428078
v 0.00962234 0.05929896 0.00353765
v 0.00960098 0.05927490 0.00361745
v 0.00965206 0.05903283 0.00391779
v 0.00928888 0.05926074 0.00421813
v 0.00949044 0.05886933 0.00446956
v 0.00931860 0.05899461 0.00458112
v 0.00914676 0.05911918 0.00469353
v 0.00883931 0.05938178 0.00483255
v 0.00887368 0.05930109 0.00489176
v 0.00901672 0.05914254 0.00487974
v 0.00936969 0.05877519 0.00481023
v 0.00965206 0.05843404 0.00481796
v 0.00950066 0.05828186 0.00526847
v 0.00958147 0.05817923 0.00527705
v 0.00945607 0.05807872 0.00561343
v 0.00954246 0.05801715 0.00555594
v 0.00947651 0.05825355 0.00534570
v 0.00934554 0.05827620 0.00552590
v 0.00949694 0.05797892 0.00567865
v 0.00932417 0.05810067 0.00579192
v 0.00933346 0.05796194 0.00595668
v 0.00944957 0.05777083 0.00601846
v 0.00934182 0.05782179 0.00611715
v 0.00939384 0.05771916 0.00616091
v 0.00934647 0.05767811 0.00627075
v 0.00944586 0.05761229 0.00620382
v 0.00948208 0.05751249 0.00625359
v 0.00950623 0.05756770 0.00616005
v 0.00961491 0.05733554 0.00622698
v 0.00964556 0.05738438 0.00612744
v 0.00979975 0.05711471 0.00615662
v 0.01007470 0.05660014 0.00624243
v 0.00997438 0.05682805 0.00616949
v 0.00969665 0.05727042 0.00616263
v 0.01023725 0.05632056 0.00626131
v 0.01024189 0.05630074 0.00627161
v 0.00471143 0.05812473 0.00956248
v 0.00454610 0.05841563 0.00940459
v 0.00429902 0.05897055 0.00906735
v 0.00421449 0.05899673 0.00908880
v 0.00433710 0.05943203 0.00862456
v 0.00451080 0.05899390 0.00893692
v 0.00470679 0.05902151 0.00881077
v 0.00476252 0.05908521 0.00872582
v 0.00489906 0.05912485 0.00861941
v 0.00511363 0.05914608 0.00848812
v 0.00489906 0.05928127 0.00847353
v 0.00506440 0.05952900 0.00815174
v 0.00453309 0.05945751 0.00849842
v 0.00361166 0.05959765 0.00878932
v 0.00369897 0.05958137 0.00877216
v 0.00384852 0.05955165 0.00874212
v 0.00393583 0.05960756 0.00864859
v 0.00393397 0.05975691 0.00849756
v 0.00355871 0.05968117 0.00872239
v 0.00350577 0.05976328 0.00865545
v 0.00339895 0.05971019 0.00874985
v 0.00339895 0.05963517 0.00882708
v 0.00324847 0.05973496 0.00877559
v 0.00316116 0.05974841 0.00878932
v 0.00294845 0.05993032 0.00867262
v 0.00311100 0.05968117 0.00887256
v 0.00294845 0.05985600 0.00874727
v 0.00279797 0.06002870 0.00862027
v 0.00279797 0.05987794 0.00876958
v 0.00294845 0.05947662 0.00911712
v 0.00268558 0.05989280 0.00878417
v 0.00254161 0.05991121 0.00880219
v 0.00403429 0.05973496 0.00847611
v 0.00403058 0.05988502 0.00832594
v 0.00414854 0.05978380 0.00837485
v 0.00414854 0.05985883 0.00829934
v 0.00453774 0.05960968 0.00835082
v 0.00474952 0.05985883 0.00800243
v 0.00464641 0.05988714 0.00802903
v 0.00474952 0.06008886 0.00778017
v 0.00464827 0.06003861 0.00788057
v 0.00454888 0.06006338 0.00790546
v 0.00434360 0.05988785 0.00817920
v 0.00294845 0.05939735 0.00919178
v 0.00256297 0.05959978 0.00909138
v 0.00254161 0.05952475 0.00916517
v 0.00264843 0.05943274 0.00922610
v 0.00254161 0.05944335 0.00923897
v 0.00254161 0.05937894 0.00929647
v 0.00254161 0.05928551 0.00937885
v 0.00632301 0.05674949 0.00969292
v 0.00617718 0.05690449 0.00969549
v 0.00624870 0.05637718 0.00994949
v 0.00643355 0.05640479 0.00981820
v 0.00608801 0.05696324 0.00971608
v 0.00612981 0.05700429 0.00966546
v 0.00616046 0.05718761 0.00953502
v 0.00624870 0.05630074 0.00999154
v 0.00653015 0.05630074 0.00981563
v 0.00610566 0.05727892 0.00950070
v 0.00605643 0.05872140 0.00836026
v 0.00594961 0.05866549 0.00846324
v 0.00574526 0.05856498 0.00865460
v 0.00564959 0.05859471 0.00867948
v 0.00528361 0.05885801 0.00864859
v 0.00624963 0.05874901 0.00823412
v 0.00616975 0.05884951 0.00819121
v 0.00617997 0.05735536 0.00939687
v 0.00647906 0.05750470 0.00909653
v 0.00670013 0.05776022 0.00876186
v 0.00661561 0.05779419 0.00878760
v 0.00663325 0.05795840 0.00864859
v 0.00664997 0.05812261 0.00850957
v 0.00673357 0.05791805 0.00861684
v 0.00679395 0.05781826 0.00865631
v 0.00689427 0.05777437 0.00862199
v 0.00676515 0.05824293 0.00833623
v 0.00677444 0.05840148 0.00819293
v 0.00678094 0.05855790 0.00804877
v 0.00662768 0.05870441 0.00804619
v 0.00656266 0.05863222 0.00815517
v 0.00654966 0.05873202 0.00807193
v 0.00645491 0.05883890 0.00803074
v 0.00635459 0.05887145 0.00806164
v 0.00623570 0.05892383 0.00808395
v 0.00295867 0.06189799 0.00618150
v 0.00266329 0.06205016 0.00603305
v 0.00272273 0.06200203 0.00609312
v 0.00301533 0.06185056 0.00624071
v 0.00254161 0.06220234 0.00581681
v 0.00254161 0.06214076 0.00592321
v 0.00352156 0.06141952 0.00671697
v 0.00365531 0.06126380 0.00685942
v 0.00375563 0.06124540 0.00683453
v 0.00425350 0.06081364 0.00715890
v 0.00399899 0.06106845 0.00694694
v 0.00325590 0.06145845 0.00678047
v 0.00339895 0.06144075 0.00674443
v 0.00309892 0.06143013 0.00688173
v 0.00321132 0.06141385 0.00685942
v 0.00309892 0.06167715 0.00650158
v 0.00294845 0.06169343 0.00652904
v 0.00306456 0.06156108 0.00670667
v 0.00294845 0.06152356 0.00680106
v 0.00288064 0.06140395 0.00699586
v 0.00298096 0.06139121 0.00697869
v 0.00514336 0.06051142 0.00700701
v 0.00549911 0.06052628 0.00672898
v 0.00534585 0.06057583 0.00676588
v 0.00565980 0.06062042 0.00647155
v 0.00537836 0.06063033 0.00666033
v 0.00554741 0.06063953 0.00652389
v 0.00561708 0.06067138 0.00642435
v 0.00571647 0.06064802 0.00638831
v 0.00588552 0.06065722 0.00625101
v 0.00435289 0.06079383 0.00713058
v 0.00411789 0.06097007 0.00701731
v 0.00444206 0.06069261 0.00722068
v 0.00448758 0.06063670 0.00727217
v 0.00461205 0.06061829 0.00722068
v 0.00474766 0.06055247 0.00722240
v 0.00487213 0.06052628 0.00717606
v 0.00618926 0.06050929 0.00625359
v 0.00635645 0.06051779 0.00611715
v 0.00670013 0.06022476 0.00627504
v 0.00658495 0.06033093 0.00621325
v 0.00661282 0.06019503 0.00638488
v 0.00670013 0.06016884 0.00635055
v 0.00679209 0.06006409 0.00640805
v 0.00695093 0.06006975 0.00626560
v 0.00687662 0.06016955 0.00619781
v 0.00692956 0.06020423 0.00609741
v 0.00690355 0.06033730 0.00592064
v 0.00640383 0.06045833 0.00616777
v 0.00648556 0.06035712 0.00625101
v 0.00719522 0.06033093 0.00560828
v 0.00723795 0.06036066 0.00550788
v 0.00720729 0.06048947 0.00532167
v 0.00715435 0.06055388 0.00527018
v 0.00708468 0.06095804 0.00460429
v 0.00725652 0.06067279 0.00493123
v 0.00726302 0.06082638 0.00463861
v 0.00718779 0.06077826 0.00481796
v 0.00707818 0.06020423 0.00594638
v 0.00711441 0.06022901 0.00586829
v 0.00740886 0.06022617 0.00553363
v 0.00718964 0.06017592 0.00586829
v 0.00724538 0.06006834 0.00596612
v 0.00729646 0.06009877 0.00586400
v 0.00738935 0.06006409 0.00581080
v 0.00767730 0.06005418 0.00549673
v 0.00771074 0.06007895 0.00541864
v 0.00750917 0.06019078 0.00547527
v 0.00699830 0.06105783 0.00451848
v 0.00714041 0.06097644 0.00450389
v 0.00663883 0.06171042 0.00356339
v 0.00678930 0.06156108 0.00371442
v 0.00648742 0.06185977 0.00341151
v 0.00636481 0.06202610 0.00316780
v 0.00662025 0.06184986 0.00323559
v 0.00676701 0.06199779 0.00263062
v 0.00627936 0.06212873 0.00301763
v 0.00707354 0.06140111 0.00369039
v 0.00745344 0.06107128 0.00392723
v 0.00754447 0.06096582 0.00401991
v 0.00759649 0.06098564 0.00390664
v 0.00767823 0.06095520 0.00385000
v 0.00759277 0.06105217 0.00376591
v 0.00764293 0.06108048 0.00361745
v 0.00766894 0.06109818 0.00353250
v 0.00753797 0.06111092 0.00371528
v 0.00752125 0.06125035 0.00338748
v 0.00722215 0.06155046 0.00308800
v 0.00719615 0.06153489 0.00316780
v 0.00723980 0.06141102 0.00341408
v 0.00740235 0.06082072 0.00447814
v 0.00745158 0.06084762 0.00436659
v 0.00754261 0.06081435 0.00431596
v 0.00750639 0.06094034 0.00412031
v 0.00631094 0.06214572 0.00292238
v 0.00622455 0.06229294 0.00263062
v 0.00619019 0.06231063 0.00263062
v 0.00963534 0.05976398 0.00263062
v 0.00963070 0.05975903 0.00265894
v 0.00967436 0.05968330 0.00271214
v 0.00961119 0.05973709 0.00275848
v 0.00951459 0.05979371 0.00286746
v 0.00949137 0.05976894 0.00297730
v 0.00944400 0.05971939 0.00316780
v 0.00940499 0.05983264 0.00302793
v 0.00931767 0.05989563 0.00307856
v 0.00929538 0.05987228 0.00316780
v 0.00916627 0.05989280 0.00337632
v 0.00925358 0.05983122 0.00332398
v 0.00934089 0.05976894 0.00327249
v 0.00948766 0.05961606 0.00326648
v 0.00976167 0.05868672 0.00426962
v 0.00937155 0.05907742 0.00435972
v 0.00947465 0.05900169 0.00429279
v 0.00901579 0.05944194 0.00442666
v 0.00903158 0.05930958 0.00460514
v 0.00947837 0.05945609 0.00354880
v 0.00945143 0.05942566 0.00364920
v 0.00958611 0.05910786 0.00391779
v 0.00921364 0.05934639 0.00421813
v 0.00885974 0.05943486 0.00471670
v 0.00869069 0.05956297 0.00481796
v 0.00875571 0.05948794 0.00481796
v 0.00858759 0.05961676 0.00491492
v 0.00873063 0.05945963 0.00490291
v 0.00860059 0.05948228 0.00508397
v 0.00885045 0.05927348 0.00496813
v 0.00891455 0.05919846 0.00496813
v 0.00905295 0.05903496 0.00496813
v 0.00906224 0.05892242 0.00510629
v 0.00945422 0.05852747 0.00501018
v 0.00931396 0.05823869 0.00562630
v 0.00905016 0.05873202 0.00538346
v 0.00913747 0.05848217 0.00557997
v 0.00918206 0.05825992 0.00580393
v 0.00914955 0.05822170 0.00590433
v 0.00919135 0.05812190 0.00596869
v 0.00924615 0.05802210 0.00601246
v 0.00936969 0.05787346 0.00601160
v 0.00915791 0.05808226 0.00606909
v 0.00911147 0.05804121 0.00618579
v 0.00902322 0.05809996 0.00624157
v 0.00930560 0.05777862 0.00621755
v 0.00920621 0.05783949 0.00628448
v 0.00916720 0.05779277 0.00638488
v 0.00920621 0.05769298 0.00643379
v 0.00930653 0.05762786 0.00637029
v 0.00934461 0.05752735 0.00641920
v 0.00939570 0.05756982 0.00631194
v 0.00939012 0.05726264 0.00660627
v 0.00947651 0.05720460 0.00654620
v 0.00950159 0.05726334 0.00645696
v 0.00958426 0.05728175 0.00632309
v 0.00934182 0.05737518 0.00656508
v 0.00964649 0.05723503 0.00627590
v 0.00977839 0.05705738 0.00624930
v 0.00994280 0.05677921 0.00626903
v 0.01010256 0.05634462 0.00643293
v 0.01018802 0.05630074 0.00635055
v 0.01022517 0.05630074 0.00629649
v 0.00587530 0.05885234 0.00834396
v 0.00529755 0.05901584 0.00850528
v 0.00540901 0.05914325 0.00833538
v 0.00560407 0.05916873 0.00820923
v 0.00519909 0.05927702 0.00831993
v 0.00531427 0.05932444 0.00821438
v 0.00541458 0.05929684 0.00818778
v 0.00536628 0.05938673 0.00812771
v 0.00522881 0.05957713 0.00801873
v 0.00504954 0.05970170 0.00799470
v 0.00474952 0.05963021 0.00822039
v 0.00369897 0.05965357 0.00869750
v 0.00369897 0.05972859 0.00861941
v 0.00384852 0.05970028 0.00859024
v 0.00393026 0.05990484 0.00834567
v 0.00359773 0.05989351 0.00848383
v 0.00339895 0.05985670 0.00859539
v 0.00269580 0.06034296 0.00833366
v 0.00315837 0.05989705 0.00863829
v 0.00259548 0.06035924 0.00835082
v 0.00259641 0.06020848 0.00850013
v 0.00269301 0.06004356 0.00863572
v 0.00254161 0.06006409 0.00865545
v 0.00279797 0.05957076 0.00906392
v 0.00254161 0.05971090 0.00899184
v 0.00399899 0.06003790 0.00817920
v 0.00424329 0.06006055 0.00805220
v 0.00414854 0.06008037 0.00807365
v 0.00434360 0.06003719 0.00802903
v 0.00484240 0.05991191 0.00790289
v 0.00474952 0.06001171 0.00785483
v 0.00484519 0.06006338 0.00775443
v 0.00474952 0.06016389 0.00770037
v 0.00464734 0.06018866 0.00772869
v 0.00459811 0.06012637 0.00781793
v 0.00444856 0.06008745 0.00792949
v 0.00628772 0.05682593 0.00967060
v 0.00661282 0.05643806 0.00968605
v 0.00655802 0.05653644 0.00966460
v 0.00679023 0.05646778 0.00955390
v 0.00640290 0.05682805 0.00959509
v 0.00624313 0.05696890 0.00961483
v 0.00663511 0.05630074 0.00974955
v 0.00623756 0.05726901 0.00942604
v 0.00625521 0.05713311 0.00950756
v 0.00643912 0.05716284 0.00937026
v 0.00661561 0.05719186 0.00923811
v 0.00633880 0.05721380 0.00940287
v 0.00663976 0.05736385 0.00910339
v 0.00627936 0.05731431 0.00936597
v 0.00611216 0.05892879 0.00815088
v 0.00598769 0.05897975 0.00817405
v 0.00653758 0.05741906 0.00912570
v 0.00677723 0.05765405 0.00879533
v 0.00695093 0.05767386 0.00866146
v 0.00705031 0.05762786 0.00862542
v 0.00690820 0.05793646 0.00848040
v 0.00706146 0.05778853 0.00848126
v 0.00702152 0.05804829 0.00828732
v 0.00694257 0.05871786 0.00775872
v 0.00678559 0.05871149 0.00790289
v 0.00712462 0.05800157 0.00823755
v 0.00719429 0.05852110 0.00771582
v 0.00751196 0.05869026 0.00728247
v 0.00672800 0.05881129 0.00785311
v 0.00662768 0.05885447 0.00789516
v 0.00654966 0.05880705 0.00799814
v 0.00645491 0.05898895 0.00788057
v 0.00627657 0.05897125 0.00801272
v 0.00617625 0.05900310 0.00804447
v 0.00609916 0.05902717 0.00806679
v 0.00262242 0.06201265 0.00611028
v 0.00266329 0.06197230 0.00616348
v 0.00291501 0.06186189 0.00625873
v 0.00254161 0.06210325 0.00598585
v 0.00354850 0.06128291 0.00688430
v 0.00339895 0.06138413 0.00681994
v 0.00395441 0.06081364 0.00730821
v 0.00408817 0.06065722 0.00744980
v 0.00400271 0.06085682 0.00722755
v 0.00414204 0.06069544 0.00737257
v 0.00429902 0.06067421 0.00732280
v 0.00438726 0.06065722 0.00730049
v 0.00331163 0.06139828 0.00683882
v 0.00309892 0.06137351 0.00695638
v 0.00254161 0.06109393 0.00753990
v 0.00281098 0.06174935 0.00648270
v 0.00294845 0.06163893 0.00661829
v 0.00294845 0.06157311 0.00672555
v 0.00279797 0.06153914 0.00682423
v 0.00279797 0.06141315 0.00700959
v 0.00259362 0.06125672 0.00729963
v 0.00269394 0.06124469 0.00728247
v 0.00524367 0.06048594 0.00697097
v 0.00541273 0.06049584 0.00683539
v 0.00497244 0.06050080 0.00714174
v 0.00558178 0.06050575 0.00669895
v 0.00563937 0.06053477 0.00661485
v 0.00451359 0.06049726 0.00743693
v 0.00459904 0.06053619 0.00733653
v 0.00445042 0.06057795 0.00736914
v 0.00469657 0.06051283 0.00730735
v 0.00479689 0.06048877 0.00727560
v 0.00491300 0.06046966 0.00722240
v 0.00609916 0.06047886 0.00636171
v 0.00640011 0.06037977 0.00628276
v 0.00628865 0.06048310 0.00621755
v 0.00654873 0.06027643 0.00631794
v 0.00651250 0.06022193 0.00642092
v 0.00644377 0.06018512 0.00652132
v 0.00646420 0.06004498 0.00668608
v 0.00663047 0.06005560 0.00654792
v 0.00668806 0.06008745 0.00646211
v 0.00665090 0.05977036 0.00686456
v 0.00674007 0.05987865 0.00666634
v 0.00681160 0.05977885 0.00672469
v 0.00690263 0.05988643 0.00652475
v 0.00700573 0.05998128 0.00632309
v 0.00705124 0.06003365 0.00622098
v 0.00698994 0.06012001 0.00615919
v 0.00710047 0.06007117 0.00612058
v 0.00702895 0.06017097 0.00604678
v 0.00698715 0.06022617 0.00600559
v 0.00755097 0.06022051 0.00537487
v 0.00769216 0.06021414 0.00521527
v 0.00775068 0.06031040 0.00497328
v 0.00775068 0.06039888 0.00481624
v 0.00771074 0.06052699 0.00463775
v 0.00724816 0.06051779 0.00522127
v 0.00735591 0.06063953 0.00487030
v 0.00749710 0.06063316 0.00470983
v 0.00767823 0.06065510 0.00444897
v 0.00745158 0.06076410 0.00452362
v 0.00720079 0.06003224 0.00606652
v 0.00748967 0.06002374 0.00575416
v 0.00783892 0.05991474 0.00551046
v 0.00778598 0.06002091 0.00541864
v 0.00782034 0.06004852 0.00533883
v 0.00796339 0.06004286 0.00518008
v 0.00765129 0.06018512 0.00531481
v 0.00692306 0.06155117 0.00353936
v 0.00674565 0.06168494 0.00346728
v 0.00680509 0.06172033 0.00328794
v 0.00667041 0.06172953 0.00346728
v 0.00689705 0.06153559 0.00361745
v 0.00647813 0.06215421 0.00264692
v 0.00663604 0.06207210 0.00263062
v 0.00699272 0.06165734 0.00316437
v 0.00695186 0.06186826 0.00268125
v 0.00697229 0.06187534 0.00263062
v 0.00648371 0.06215704 0.00263062
v 0.00759649 0.06090495 0.00406968
v 0.00764479 0.06093114 0.00394954
v 0.00770238 0.06097290 0.00376762
v 0.00778226 0.06077188 0.00406796
v 0.00781384 0.06079383 0.00397529
v 0.00797918 0.06065581 0.00400103
v 0.00784356 0.06081718 0.00387489
v 0.00780734 0.06093892 0.00366036
v 0.00785843 0.06097856 0.00346728
v 0.00774696 0.06106067 0.00347672
v 0.00779991 0.06108331 0.00331711
v 0.00769495 0.06111729 0.00343296
v 0.00760020 0.06148747 0.00263062
v 0.00751475 0.06154621 0.00263062
v 0.00753332 0.06140819 0.00295842
v 0.00750267 0.06138908 0.00305882
v 0.00738471 0.06155895 0.00280911
v 0.00725374 0.06156957 0.00298845
v 0.00720265 0.06168919 0.00275676
v 0.00700387 0.06159151 0.00331540
v 0.00639639 0.06217686 0.00270528
v 0.00949044 0.05991828 0.00263062
v 0.00948487 0.05991262 0.00266580
v 0.00946350 0.05989068 0.00276620
v 0.00944121 0.05986874 0.00286746
v 0.00940127 0.05967834 0.00331969
v 0.00931396 0.05974133 0.00337289
v 0.00916070 0.05973780 0.00366637
v 0.00934182 0.05991828 0.00297816
v 0.00919135 0.06006834 0.00297816
v 0.00916813 0.06004498 0.00307856
v 0.00914583 0.06002304 0.00316780
v 0.00901672 0.06004427 0.00337804
v 0.00910032 0.05982769 0.00361831
v 0.00943378 0.05955589 0.00346728
v 0.00933439 0.05961252 0.00355996
v 0.00915977 0.05928481 0.00441464
v 0.00888761 0.05946742 0.00461630
v 0.00914769 0.05942141 0.00421813
v 0.00906409 0.05952475 0.00420440
v 0.00902601 0.05960402 0.00414605
v 0.00899907 0.05957288 0.00424559
v 0.00895727 0.05953607 0.00438118
v 0.00874363 0.05962313 0.00462746
v 0.00871577 0.05959199 0.00472700
v 0.00918020 0.05960827 0.00385343
v 0.00932417 0.05945185 0.00384228
v 0.00913004 0.05952758 0.00407826
v 0.00861545 0.05964720 0.00481796
v 0.00855600 0.05958208 0.00501447
v 0.00864425 0.05952050 0.00495869
v 0.00856994 0.05974771 0.00473472
v 0.00854486 0.05972222 0.00481796
v 0.00843990 0.05976681 0.00491664
v 0.00840739 0.05973496 0.00501618
v 0.00845662 0.05963446 0.00509170
v 0.00856901 0.05944548 0.00518437
v 0.00879844 0.05922606 0.00511658
v 0.00889690 0.05902788 0.00522814
v 0.00902787 0.05900594 0.00504793
v 0.00902973 0.05855719 0.00565033
v 0.00890061 0.05888207 0.00541864
v 0.00903901 0.05841917 0.00581595
v 0.00904923 0.05828045 0.00597985
v 0.00910403 0.05818136 0.00602447
v 0.00901579 0.05824081 0.00608025
v 0.00905852 0.05814101 0.00614117
v 0.00902601 0.05795274 0.00639432
v 0.00905573 0.05798883 0.00631880
v 0.00890897 0.05829035 0.00616863
v 0.00887925 0.05825709 0.00624930
v 0.00826898 0.05869521 0.00653676
v 0.00812966 0.05870795 0.00669981
v 0.00827270 0.05855012 0.00669208
v 0.00905202 0.05786355 0.00645439
v 0.00902694 0.05780410 0.00654620
v 0.00905295 0.05771350 0.00660541
v 0.00902694 0.05765475 0.00669637
v 0.00920528 0.05754151 0.00658224
v 0.00916720 0.05764131 0.00653333
v 0.00930560 0.05747497 0.00651874
v 0.00936876 0.05712108 0.00676502
v 0.00933904 0.05722088 0.00671182
v 0.00933532 0.05706728 0.00685856
v 0.00936226 0.05696749 0.00691262
v 0.00947279 0.05704888 0.00669123
v 0.00950530 0.05694837 0.00673585
v 0.00957868 0.05712957 0.00646983
v 0.00961212 0.05718195 0.00637544
v 0.00969572 0.05711966 0.00631194
v 0.00916162 0.05718336 0.00697698
v 0.00924894 0.05712532 0.00691777
v 0.00977560 0.05690308 0.00639518
v 0.01012021 0.05630074 0.00644666
v 0.00996788 0.05652087 0.00646554
v 0.00974681 0.05668861 0.00662772
v 0.00990007 0.05641187 0.00665862
v 0.01006448 0.05630074 0.00652561
v 0.00564866 0.05907672 0.00826758
v 0.00570439 0.05913971 0.00818263
v 0.00560686 0.05932090 0.00806164
v 0.00541830 0.05944902 0.00804018
v 0.00513221 0.05975691 0.00789774
v 0.00369897 0.05987511 0.00846495
v 0.00386895 0.06013416 0.00812600
v 0.00390611 0.06034579 0.00788658
v 0.00369897 0.06038189 0.00792520
v 0.00341195 0.06030403 0.00811398
v 0.00308871 0.06027360 0.00826501
v 0.00258805 0.06050717 0.00819894
v 0.00254161 0.06051495 0.00820666
v 0.00254161 0.06036703 0.00835855
v 0.00254161 0.06032456 0.00840059
v 0.00254161 0.06021627 0.00850700
v 0.00254161 0.06017238 0.00854991
v 0.00399899 0.06018371 0.00802388
v 0.00391447 0.06019857 0.00804018
v 0.00414854 0.06015539 0.00799385
v 0.00444856 0.06016247 0.00785311
v 0.00433896 0.06018725 0.00787800
v 0.00423864 0.06020777 0.00789945
v 0.00494551 0.06003507 0.00772611
v 0.00489070 0.06012213 0.00766347
v 0.00483497 0.06020777 0.00759997
v 0.00474952 0.06022901 0.00762571
v 0.00453309 0.06035570 0.00759825
v 0.00454702 0.06021202 0.00775443
v 0.00674750 0.05630074 0.00967833
v 0.00677723 0.05630074 0.00965945
v 0.00684411 0.05636798 0.00957707
v 0.00693514 0.05631207 0.00955047
v 0.00690727 0.05688113 0.00923211
v 0.00673079 0.05685282 0.00936512
v 0.00645491 0.05687901 0.00953073
v 0.00640290 0.05698093 0.00950413
v 0.00635459 0.05693422 0.00956334
v 0.00648556 0.05706304 0.00940116
v 0.00666205 0.05709206 0.00926815
v 0.00670663 0.05713594 0.00921237
v 0.00679209 0.05721875 0.00910511
v 0.00651622 0.05723928 0.00927072
v 0.00673914 0.05731855 0.00907078
v 0.00675865 0.05748701 0.00893263
v 0.00594125 0.05907247 0.00811398
v 0.00683668 0.05756557 0.00882107
v 0.00687755 0.05760875 0.00876100
v 0.00693235 0.05750824 0.00879876
v 0.00699180 0.05756840 0.00871209
v 0.00709954 0.05752806 0.00866232
v 0.00719893 0.05747356 0.00862199
v 0.00715528 0.05758185 0.00857307
v 0.00711069 0.05768802 0.00852502
v 0.00721751 0.05779419 0.00833709
v 0.00722494 0.05795132 0.00819293
v 0.00767080 0.05884880 0.00699071
v 0.00767265 0.05900027 0.00684225
v 0.00751568 0.05899390 0.00698642
v 0.00735870 0.05898824 0.00712972
v 0.00751660 0.05914537 0.00683710
v 0.00720172 0.05898187 0.00727303
v 0.00723795 0.05826417 0.00790460
v 0.00750639 0.05853384 0.00742749
v 0.00782406 0.05870158 0.00699414
v 0.00776461 0.05879006 0.00696325
v 0.00678559 0.05901089 0.00760254
v 0.00688591 0.05896842 0.00755964
v 0.00662675 0.05900381 0.00774499
v 0.00654966 0.05903071 0.00777245
v 0.00645398 0.05913829 0.00772869
v 0.00640475 0.05908025 0.00782136
v 0.00627657 0.05912131 0.00786255
v 0.00622641 0.05906256 0.00795351
v 0.00617625 0.05915316 0.00789430
v 0.00599420 0.05913475 0.00802560
v 0.00254161 0.06203176 0.00610513
v 0.00254161 0.06199071 0.00617292
v 0.00264843 0.06184419 0.00637973
v 0.00354850 0.06122558 0.00695896
v 0.00399899 0.06067350 0.00747039
v 0.00344539 0.06124328 0.00698213
v 0.00411789 0.06051920 0.00761370
v 0.00415226 0.06057866 0.00752017
v 0.00429902 0.06061688 0.00739746
v 0.00399899 0.06061546 0.00754591
v 0.00429902 0.06054185 0.00749442
v 0.00278961 0.06114560 0.00737343
v 0.00315744 0.06109676 0.00728676
v 0.00254161 0.06115763 0.00745495
v 0.00254161 0.06107694 0.00756136
v 0.00264843 0.06105996 0.00753990
v 0.00281098 0.06167008 0.00661228
v 0.00264843 0.06172316 0.00657795
v 0.00279797 0.06158797 0.00674958
v 0.00270509 0.06154834 0.00683796
v 0.00254161 0.06151649 0.00693407
v 0.00264843 0.06142872 0.00703190
v 0.00254161 0.06126239 0.00730821
v 0.00254161 0.06123337 0.00734940
v 0.00543873 0.06035924 0.00700358
v 0.00570903 0.06034367 0.00683281
v 0.00611123 0.06028280 0.00662687
v 0.00621712 0.06037340 0.00642435
v 0.00516658 0.06037481 0.00717263
v 0.00441327 0.06051849 0.00746439
v 0.00445785 0.06045692 0.00751588
v 0.00463248 0.06033234 0.00756908
v 0.00459904 0.06047673 0.00741204
v 0.00475695 0.06043073 0.00737257
v 0.00481640 0.06034791 0.00743864
v 0.00489906 0.06032739 0.00741204
v 0.00489906 0.06038684 0.00733739
v 0.00499381 0.06036207 0.00730649
v 0.00509413 0.06033588 0.00727217
v 0.00639639 0.06024741 0.00646983
v 0.00607408 0.06022759 0.00672898
v 0.00624963 0.06018088 0.00666634
v 0.00640383 0.06012921 0.00662172
v 0.00636388 0.06007400 0.00672040
v 0.00583257 0.06017804 0.00696411
v 0.00619204 0.06006197 0.00685513
v 0.00640847 0.06000605 0.00677017
v 0.00647535 0.05990271 0.00684397
v 0.00657566 0.05987015 0.00680621
v 0.00666019 0.05962738 0.00702160
v 0.00675029 0.05973567 0.00682423
v 0.00658588 0.05972718 0.00696411
v 0.00659610 0.05958350 0.00712200
v 0.00662489 0.05915245 0.00759396
v 0.00681996 0.05963517 0.00688173
v 0.00686547 0.05968896 0.00678219
v 0.00707911 0.05960544 0.00669723
v 0.00706053 0.05989139 0.00638145
v 0.00722587 0.05975337 0.00639518
v 0.00721472 0.05989422 0.00623299
v 0.00715806 0.05998269 0.00617721
v 0.00789837 0.06012567 0.00511658
v 0.00794295 0.06017946 0.00496813
v 0.00797361 0.06020140 0.00489176
v 0.00780177 0.06033588 0.00486515
v 0.00775625 0.06047178 0.00467980
v 0.00744787 0.06060555 0.00481967
v 0.00767916 0.06080586 0.00415034
v 0.00781013 0.06049231 0.00457511
v 0.00797918 0.06035570 0.00460000
v 0.00784635 0.06051849 0.00447471
v 0.00794667 0.06048169 0.00440435
v 0.00798197 0.06050788 0.00430395
v 0.00778226 0.06062112 0.00436745
v 0.00781384 0.06064448 0.00427734
v 0.00774696 0.06072517 0.00421384
v 0.00726210 0.05993173 0.00613345
v 0.00736148 0.05989210 0.00607939
v 0.00750639 0.05988785 0.00592321
v 0.00765129 0.05988289 0.00576703
v 0.00779526 0.05987865 0.00561000
v 0.00795596 0.05973709 0.00562201
v 0.00793924 0.05987299 0.00545211
v 0.00798104 0.05990837 0.00535171
v 0.00813802 0.05976540 0.00536114
v 0.00812037 0.05989847 0.00518695
v 0.00810086 0.06003082 0.00501103
v 0.00813709 0.06006338 0.00491063
v 0.00800054 0.06007258 0.00507968
v 0.00723423 0.06170759 0.00265722
v 0.00714506 0.06177129 0.00263062
v 0.00770795 0.06082638 0.00406796
v 0.00787422 0.06084054 0.00376762
v 0.00784821 0.06066925 0.00417780
v 0.00794853 0.06063245 0.00410057
v 0.00800797 0.06052911 0.00421813
v 0.00804513 0.06057441 0.00406110
v 0.00807857 0.06061475 0.00391779
v 0.00800333 0.06067492 0.00391779
v 0.00794946 0.06078250 0.00376762
v 0.00797175 0.06079949 0.00368696
v 0.00790301 0.06087947 0.00362346
v 0.00790580 0.06100263 0.00331625
v 0.00802841 0.06084479 0.00346728
v 0.00801076 0.06098068 0.00316780
v 0.00782034 0.06109959 0.00323559
v 0.00768752 0.06141173 0.00266494
v 0.00772467 0.06113923 0.00331711
v 0.00772560 0.06139687 0.00263062
v 0.00747109 0.06157311 0.00263062
v 0.00741350 0.06157594 0.00271729
v 0.00724259 0.06171254 0.00263062
v 0.00934182 0.06006834 0.00263062
v 0.00933532 0.06006197 0.00266666
v 0.00909382 0.05967126 0.00390664
v 0.00900650 0.05973355 0.00395984
v 0.00921643 0.06009169 0.00286746
v 0.00913654 0.06016672 0.00286746
v 0.00901486 0.06019291 0.00307169
v 0.00907059 0.06009594 0.00316780
v 0.00904273 0.06006904 0.00327850
v 0.00891826 0.06009169 0.00346728
v 0.00889040 0.06006621 0.00357111
v 0.00886253 0.06004002 0.00367151
v 0.00891083 0.05993881 0.00376762
v 0.00898607 0.05986237 0.00376762
v 0.00890247 0.05978097 0.00406796
v 0.00893963 0.05966631 0.00419926
v 0.00883002 0.05967834 0.00437946
v 0.00889876 0.05962880 0.00433655
v 0.00887089 0.05959836 0.00443695
v 0.00869812 0.05972364 0.00454422
v 0.00865725 0.05968542 0.00468066
v 0.00851235 0.05954174 0.00513803
v 0.00842318 0.05960119 0.00519124
v 0.00854950 0.05987652 0.00454679
v 0.00850956 0.05983689 0.00468495
v 0.00841946 0.05989705 0.00473472
v 0.00846962 0.05979725 0.00481796
v 0.00859780 0.05977602 0.00463518
v 0.00839345 0.05987228 0.00481796
v 0.00828849 0.05991616 0.00491492
v 0.00830707 0.05978451 0.00509084
v 0.00836559 0.05969250 0.00514147
v 0.00846590 0.05949715 0.00526847
v 0.00854021 0.05941433 0.00526847
v 0.00857923 0.05930816 0.00535085
v 0.00860616 0.05933931 0.00526847
v 0.00868883 0.05923314 0.00528134
v 0.00873342 0.05901231 0.00550617
v 0.00888668 0.05871574 0.00566063
v 0.00890619 0.05843758 0.00598929
v 0.00887182 0.05839794 0.00608883
v 0.00855879 0.05823302 0.00667406
v 0.00898421 0.05790461 0.00649472
v 0.00858294 0.05871079 0.00610513
v 0.00854672 0.05866973 0.00620467
v 0.00840181 0.05882686 0.00621240
v 0.00844640 0.05872636 0.00627246
v 0.00826341 0.05884031 0.00637973
v 0.00830800 0.05873980 0.00643636
v 0.00803027 0.05875750 0.00674958
v 0.00798011 0.05870725 0.00684912
v 0.00808043 0.05865558 0.00680021
v 0.00812780 0.05855578 0.00684740
v 0.00827270 0.05839935 0.00684140
v 0.00816402 0.05889552 0.00644323
v 0.00812408 0.05885164 0.00654363
v 0.00809157 0.05893799 0.00648356
v 0.00797546 0.05900240 0.00654449
v 0.00798011 0.05885730 0.00669895
v 0.00831543 0.05845032 0.00674185
v 0.00845847 0.05829177 0.00673327
v 0.00893498 0.05785931 0.00660112
v 0.00898514 0.05775455 0.00664660
v 0.00905109 0.05756203 0.00675558
v 0.00888482 0.05781401 0.00670581
v 0.00893498 0.05770855 0.00675129
v 0.00898421 0.05760238 0.00679677
v 0.00902415 0.05735040 0.00699242
v 0.00916348 0.05733695 0.00683024
v 0.00915605 0.05687406 0.00726874
v 0.00946536 0.05673604 0.00698041
v 0.00929445 0.05685565 0.00710226
v 0.00932789 0.05675515 0.00714688
v 0.00960098 0.05671339 0.00681050
v 0.00905573 0.05694342 0.00733224
v 0.00915884 0.05702906 0.00712286
v 0.00906131 0.05725060 0.00703962
v 0.00902137 0.05719752 0.00713916
v 0.00901858 0.05704393 0.00728590
v 0.00979975 0.05649114 0.00672898
v 0.00984805 0.05637294 0.00676588
v 0.00993165 0.05631136 0.00670324
v 0.00995766 0.05630074 0.00667578
v 0.00589481 0.05916377 0.00805477
v 0.00570718 0.05929259 0.00803332
v 0.00523253 0.05972859 0.00786942
v 0.00389682 0.06049231 0.00773298
v 0.00379650 0.06051000 0.00775186
v 0.00399899 0.06025378 0.00794922
v 0.00399899 0.06039888 0.00779390
v 0.00336086 0.06051495 0.00790718
v 0.00312493 0.06048523 0.00802560
v 0.00254161 0.06058927 0.00812685
v 0.00254161 0.06053831 0.00818177
v 0.00414854 0.06022547 0.00791919
v 0.00444856 0.06023396 0.00777760
v 0.00423028 0.06035429 0.00774585
v 0.00504954 0.06000534 0.00769522
v 0.00512849 0.06005418 0.00759568
v 0.00504954 0.06007541 0.00761971
v 0.00513221 0.05990696 0.00774757
v 0.00523253 0.05987794 0.00771839
v 0.00471701 0.06037269 0.00746868
v 0.00493529 0.06018088 0.00756822
v 0.00501239 0.06022264 0.00746782
v 0.00489070 0.06024528 0.00751845
v 0.00429902 0.06048169 0.00756908
v 0.00421728 0.06049938 0.00758967
v 0.00444856 0.06030899 0.00769436
v 0.00692399 0.05630074 0.00956420
v 0.00702152 0.05630074 0.00949898
v 0.00700016 0.05637648 0.00946895
v 0.00696579 0.05649680 0.00942089
v 0.00700108 0.05682947 0.00920036
v 0.00693792 0.05706516 0.00910253
v 0.00684504 0.05711966 0.00913085
v 0.00689241 0.05716567 0.00906992
v 0.00696207 0.05723857 0.00897038
v 0.00685247 0.05727892 0.00902015
v 0.00681253 0.05738721 0.00897038
v 0.00698901 0.05741552 0.00882450
v 0.00703174 0.05745799 0.00876272
v 0.00708190 0.05735819 0.00879790
v 0.00714041 0.05741623 0.00871123
v 0.00724445 0.05737376 0.00866060
v 0.00750081 0.05732492 0.00847267
v 0.00765686 0.05733271 0.00832851
v 0.00735591 0.05748134 0.00847697
v 0.00725652 0.05753585 0.00852159
v 0.00721101 0.05763635 0.00848040
v 0.00726581 0.05769439 0.00838086
v 0.00797361 0.05855082 0.00699328
v 0.00791416 0.05864213 0.00696668
v 0.00782685 0.05885376 0.00684569
v 0.00782592 0.05900381 0.00669552
v 0.00767080 0.05914962 0.00669037
v 0.00757234 0.05904557 0.00688602
v 0.00757141 0.05919067 0.00673671
v 0.00750917 0.05929047 0.00667921
v 0.00746273 0.05923738 0.00678047
v 0.00741629 0.05918501 0.00688001
v 0.00725931 0.05917864 0.00702246
v 0.00735777 0.05913900 0.00698041
v 0.00699365 0.05907176 0.00736227
v 0.00683482 0.05906468 0.00750558
v 0.00672521 0.05911140 0.00755106
v 0.00654966 0.05910573 0.00769522
v 0.00640011 0.05922748 0.00766862
v 0.00624963 0.05927844 0.00771667
v 0.00635367 0.05917085 0.00776215
v 0.00654966 0.05917651 0.00762057
v 0.00623570 0.05919350 0.00781450
v 0.00617347 0.05930179 0.00774242
v 0.00611402 0.05926145 0.00782136
v 0.00609916 0.05917651 0.00791833
v 0.00599327 0.05928339 0.00787371
v 0.00589295 0.05931312 0.00790460
v 0.00254161 0.06187463 0.00636342
v 0.00254161 0.06183641 0.00642607
v 0.00357915 0.06108756 0.00712372
v 0.00339895 0.06105783 0.00723699
v 0.00351134 0.06096440 0.00730907
v 0.00364324 0.06080869 0.00745152
v 0.00383459 0.06069049 0.00752102
v 0.00399899 0.06054044 0.00763773
v 0.00399899 0.06047390 0.00771324
v 0.00414854 0.06037056 0.00776301
v 0.00428787 0.06039746 0.00767119
v 0.00387546 0.06063599 0.00757251
v 0.00294845 0.06099626 0.00749871
v 0.00310357 0.06105500 0.00736141
v 0.00339895 0.06098281 0.00733224
v 0.00254161 0.06099555 0.00766175
v 0.00264843 0.06098493 0.00763344
v 0.00276639 0.06096582 0.00761027
v 0.00264843 0.06167715 0.00665261
v 0.00254161 0.06175218 0.00656337
v 0.00254161 0.06170051 0.00664746
v 0.00254161 0.06164530 0.00673585
v 0.00254161 0.06156462 0.00686199
v 0.00254161 0.06134520 0.00718636
v 0.00534956 0.06032597 0.00710913
v 0.00546103 0.06022122 0.00716834
v 0.00564959 0.06022830 0.00702761
v 0.00590410 0.06021697 0.00686456
v 0.00521023 0.06031465 0.00722068
v 0.00534306 0.06024599 0.00721811
v 0.00505326 0.06027926 0.00737085
v 0.00519909 0.06023325 0.00733224
v 0.00528826 0.06020919 0.00730306
v 0.00600348 0.06019008 0.00682852
v 0.00573226 0.06020565 0.00699929
v 0.00556042 0.06019432 0.00713315
v 0.00564959 0.06016884 0.00710226
v 0.00620319 0.05991899 0.00701388
v 0.00538858 0.06018158 0.00726788
v 0.00549911 0.06007400 0.00731937
v 0.00603135 0.05990625 0.00714774
v 0.00640011 0.05972081 0.00710655
v 0.00649671 0.05961606 0.00715890
v 0.00614281 0.05973355 0.00727131
v 0.00625892 0.05970807 0.00721983
v 0.00660632 0.05943981 0.00727904
v 0.00655151 0.05952829 0.00721897
v 0.00704288 0.05912555 0.00726531
v 0.00694257 0.05916590 0.00730821
v 0.00709397 0.05931666 0.00701044
v 0.00686176 0.05956509 0.00692635
v 0.00655987 0.05925862 0.00752102
v 0.00644655 0.05928481 0.00757337
v 0.00725188 0.05932303 0.00686714
v 0.00724445 0.05946671 0.00671096
v 0.00734384 0.05942920 0.00666634
v 0.00723516 0.05961039 0.00655307
v 0.00749896 0.05943132 0.00651789
v 0.00738749 0.05961322 0.00640633
v 0.00737542 0.05975337 0.00624500
v 0.00794202 0.06032951 0.00470040
v 0.00805628 0.06017167 0.00483255
v 0.00801076 0.06022971 0.00479221
v 0.00811108 0.06019149 0.00472271
v 0.00811201 0.06034225 0.00442322
v 0.00808321 0.06046753 0.00421813
v 0.00748595 0.05972081 0.00616863
v 0.00752218 0.05975054 0.00609054
v 0.00761042 0.05972152 0.00603219
v 0.00756676 0.05978805 0.00599100
v 0.00771167 0.05978310 0.00583568
v 0.00781198 0.05974204 0.00577905
v 0.00791416 0.05968967 0.00573443
v 0.00797175 0.05960048 0.00579020
v 0.00805628 0.05968330 0.00557567
v 0.00809807 0.05972930 0.00546155
v 0.00803956 0.05981919 0.00540663
v 0.00815195 0.05962950 0.00553019
v 0.00819468 0.05967268 0.00541177
v 0.00828756 0.05961606 0.00536200
v 0.00824576 0.05972435 0.00526847
v 0.00817145 0.05979654 0.00526847
v 0.00825505 0.05988431 0.00501447
v 0.00824112 0.06001950 0.00481796
v 0.00826806 0.06004498 0.00473129
v 0.00816588 0.06009028 0.00481796
v 0.00811201 0.06049089 0.00412117
v 0.00813987 0.06051566 0.00402077
v 0.00810829 0.06063882 0.00381225
v 0.00816867 0.06053973 0.00391779
v 0.00813430 0.06066005 0.00371270
v 0.00810365 0.06078533 0.00346728
v 0.00812315 0.06080090 0.00339091
v 0.00814823 0.06082143 0.00329051
v 0.00811108 0.06094105 0.00306397
v 0.00812037 0.06109889 0.00263062
v 0.00799590 0.06111870 0.00283571
v 0.00797082 0.06109959 0.00293611
v 0.00795038 0.06108402 0.00301763
v 0.00785100 0.06127230 0.00271729
v 0.00782963 0.06125602 0.00280224
v 0.00787886 0.06128291 0.00263062
v 0.00918763 0.06021343 0.00263062
v 0.00918206 0.06020848 0.00265980
v 0.00916070 0.06018866 0.00276019
v 0.00897771 0.05970170 0.00406796
v 0.00887925 0.05975761 0.00415206
v 0.00903808 0.06021343 0.00297129
v 0.00888854 0.06021343 0.00326820
v 0.00898978 0.06017097 0.00316780
v 0.00894706 0.06027431 0.00301162
v 0.00857087 0.06049868 0.00323388
v 0.00826063 0.06064023 0.00351362
v 0.00820118 0.06057866 0.00377106
v 0.00895263 0.06012991 0.00332312
v 0.00870834 0.06018725 0.00366207
v 0.00855415 0.06018371 0.00395555
v 0.00860523 0.06008037 0.00406796
v 0.00858108 0.06005843 0.00415549
v 0.00855415 0.06003153 0.00425589
v 0.00883652 0.06001384 0.00376762
v 0.00873063 0.05990908 0.00415463
v 0.00885789 0.05988573 0.00396242
v 0.00879194 0.05981919 0.00420355
v 0.00872506 0.05975266 0.00444382
v 0.00843525 0.05946317 0.00535771
v 0.00832100 0.05964932 0.00526847
v 0.00839624 0.05957217 0.00526847
v 0.00857644 0.05990484 0.00444639
v 0.00852349 0.06000110 0.00436745
v 0.00842596 0.06005347 0.00444639
v 0.00844919 0.05992607 0.00463432
v 0.00827270 0.05975054 0.00519124
v 0.00850027 0.05922748 0.00556881
v 0.00855508 0.05912980 0.00561515
v 0.00856436 0.05899036 0.00577905
v 0.00857365 0.05885093 0.00594209
v 0.00850863 0.05818702 0.00677875
v 0.00854672 0.05882049 0.00601846
v 0.00846498 0.05892100 0.00600731
v 0.00843804 0.05886721 0.00611200
v 0.00829314 0.05902292 0.00611972
v 0.00825691 0.05898258 0.00621926
v 0.00830150 0.05888278 0.00627933
v 0.00821047 0.05893940 0.00633253
v 0.00811851 0.05899603 0.00638574
v 0.00803770 0.05861452 0.00687829
v 0.00812037 0.05839794 0.00699071
v 0.00826806 0.05824506 0.00698728
v 0.00841296 0.05808863 0.00698127
v 0.00850677 0.05803555 0.00692721
v 0.00841482 0.05824081 0.00683367
v 0.00811108 0.05913829 0.00622698
v 0.00796617 0.05914466 0.00638488
v 0.00781849 0.05914749 0.00653762
v 0.00884209 0.05776305 0.00680621
v 0.00884024 0.05761087 0.00695467
v 0.00899257 0.05742614 0.00695638
v 0.00888204 0.05751037 0.00700272
v 0.00888018 0.05735819 0.00714946
v 0.00890804 0.05726334 0.00720695
v 0.00905202 0.05678912 0.00747812
v 0.00915141 0.05671551 0.00741290
v 0.00921828 0.05667021 0.00736485
v 0.00946072 0.05657891 0.00712372
v 0.00959726 0.05655626 0.00695467
v 0.00935390 0.05667587 0.00718121
v 0.00901579 0.05688963 0.00743178
v 0.00899071 0.05713948 0.00722841
v 0.00980904 0.05630074 0.00688259
v 0.00992515 0.05630074 0.00672126
v 0.00570718 0.05944194 0.00788315
v 0.00560686 0.05947096 0.00791232
v 0.00542016 0.05959978 0.00789087
v 0.00354850 0.06062679 0.00771410
v 0.00340452 0.06057936 0.00782051
v 0.00309892 0.06063386 0.00787285
v 0.00254161 0.06062820 0.00808395
v 0.00414854 0.06030049 0.00783853
v 0.00432967 0.06033376 0.00772268
v 0.00570532 0.05959128 0.00773126
v 0.00565144 0.05967834 0.00767034
v 0.00559757 0.05976611 0.00760855
v 0.00541273 0.05989563 0.00758538
v 0.00522881 0.06002445 0.00756221
v 0.00511270 0.06019574 0.00743521
v 0.00505697 0.06015681 0.00751845
v 0.00537000 0.05968896 0.00782995
v 0.00549911 0.05965074 0.00779305
v 0.00560593 0.05962030 0.00776130
v 0.00707354 0.05630074 0.00946380
v 0.00706518 0.05644018 0.00938743
v 0.00705217 0.05672542 0.00922782
v 0.00700108 0.05667587 0.00929132
v 0.00699272 0.05696607 0.00912484
v 0.00708190 0.05690945 0.00909824
v 0.00703731 0.05700925 0.00906649
v 0.00700016 0.05712603 0.00901844
v 0.00706146 0.05718690 0.00893434
v 0.00718128 0.05730227 0.00876014
v 0.00722587 0.05720247 0.00879447
v 0.00728532 0.05725910 0.00870694
v 0.00738656 0.05721592 0.00865374
v 0.00754447 0.05722442 0.00851129
v 0.00780177 0.05717487 0.00832336
v 0.00795874 0.05718265 0.00817920
v 0.00791323 0.05729166 0.00813114
v 0.00781291 0.05733908 0.00818263
v 0.00786772 0.05739783 0.00808309
v 0.00826063 0.05808722 0.00713058
v 0.00828478 0.05751249 0.00760254
v 0.00830057 0.05782887 0.00731679
v 0.00760392 0.05938107 0.00647326
v 0.00755933 0.05933152 0.00657967
v 0.00771817 0.05918996 0.00659083
v 0.00740886 0.05932869 0.00672383
v 0.00735127 0.05928481 0.00682423
v 0.00606479 0.05947662 0.00762057
v 0.00599048 0.05943132 0.00772096
v 0.00589016 0.05946176 0.00775272
v 0.00594125 0.05937257 0.00781364
v 0.00339895 0.06078887 0.00757680
v 0.00369897 0.06066501 0.00760941
v 0.00377514 0.06065227 0.00759396
v 0.00254161 0.06093963 0.00772869
v 0.00264843 0.06092265 0.00770809
v 0.00540158 0.06003861 0.00742749
v 0.00558642 0.05990908 0.00745152
v 0.00587066 0.05974983 0.00744036
v 0.00642612 0.05957217 0.00725930
v 0.00615396 0.05958987 0.00742920
v 0.00624963 0.05956085 0.00739574
v 0.00651622 0.05932869 0.00747297
v 0.00605457 0.05962030 0.00746353
v 0.00633602 0.05945963 0.00745152
v 0.00616418 0.05944618 0.00758624
v 0.00754819 0.05947166 0.00641834
v 0.00759184 0.05952121 0.00631108
v 0.00753611 0.05961181 0.00625530
v 0.00820489 0.06013204 0.00467723
v 0.00814173 0.06021697 0.00462317
v 0.00820675 0.06028280 0.00438032
v 0.00814173 0.06036703 0.00432282
v 0.00763550 0.05957005 0.00620210
v 0.00768194 0.05960827 0.00610170
v 0.00786214 0.05963375 0.00586829
v 0.00773860 0.05951838 0.00615662
v 0.00788351 0.05951413 0.00600130
v 0.00798568 0.05946176 0.00595582
v 0.00804234 0.05936974 0.00600902
v 0.00805813 0.05956580 0.00573185
v 0.00811386 0.05959199 0.00562974
v 0.00812594 0.05945397 0.00579621
v 0.00815473 0.05948370 0.00571812
v 0.00839903 0.05942495 0.00545811
v 0.00816309 0.05937045 0.00585542
v 0.00839717 0.06002587 0.00454593
v 0.00829778 0.06007258 0.00463175
v 0.00817145 0.06039251 0.00421813
v 0.00824391 0.06047461 0.00391779
v 0.00824669 0.06032739 0.00421813
v 0.00829778 0.06037198 0.00403450
v 0.00826713 0.06049584 0.00382941
v 0.00815845 0.06067987 0.00361745
v 0.00820582 0.06070394 0.00346557
v 0.00827270 0.06080090 0.00308885
v 0.00828478 0.06066076 0.00341408
v 0.00841017 0.06064023 0.00321242
v 0.00815752 0.06097927 0.00286746
v 0.00802469 0.06114065 0.00271729
v 0.00825877 0.06093892 0.00275848
v 0.00819932 0.06103518 0.00263062
v 0.00902694 0.06035429 0.00263062
v 0.00902508 0.06035216 0.00264263
v 0.00909289 0.06027077 0.00270098
v 0.00906131 0.06023396 0.00286746
v 0.00897306 0.06030899 0.00286746
v 0.00873528 0.06021060 0.00356168
v 0.00829314 0.06051849 0.00372901
v 0.00886439 0.06049301 0.00263062
v 0.00884395 0.06047603 0.00271729
v 0.00880308 0.06039605 0.00300733
v 0.00885510 0.06033517 0.00305110
v 0.00853185 0.06061688 0.00301763
v 0.00832936 0.06039958 0.00391779
v 0.00858108 0.06020777 0.00385515
v 0.00842689 0.06020352 0.00414691
v 0.00839903 0.06017946 0.00424645
v 0.00849098 0.06011859 0.00420097
v 0.00844826 0.06007329 0.00436745
v 0.00834887 0.06015752 0.00437946
v 0.00827084 0.06019857 0.00443695
v 0.00824762 0.06017804 0.00451762
v 0.00834794 0.06009382 0.00450475
v 0.00841946 0.05914679 0.00578677
v 0.00855786 0.05808226 0.00682423
v 0.00839067 0.05911423 0.00586829
v 0.00814823 0.05917793 0.00612658
v 0.00820211 0.05908096 0.00617292
v 0.00815659 0.05903849 0.00628619
v 0.00839995 0.05777579 0.00727045
v 0.00845290 0.05783383 0.00717091
v 0.00855322 0.05777649 0.00711943
v 0.00855600 0.05793009 0.00697269
v 0.00813709 0.05931595 0.00596183
v 0.00809900 0.05927773 0.00606137
v 0.00799869 0.05932374 0.00612144
v 0.00801076 0.05918501 0.00628448
v 0.00795410 0.05928481 0.00622098
v 0.00791044 0.05923668 0.00632996
v 0.00864889 0.05787629 0.00691863
v 0.00869812 0.05777013 0.00696411
v 0.00887368 0.05705030 0.00744208
v 0.00909846 0.05667446 0.00751673
v 0.00901115 0.05673321 0.00757852
v 0.00932232 0.05659731 0.00729019
v 0.00918392 0.05661571 0.00745495
v 0.00940777 0.05653785 0.00722755
v 0.00949230 0.05647840 0.00716576
v 0.00959912 0.05637577 0.00710741
v 0.00962791 0.05645646 0.00699843
v 0.00962234 0.05630074 0.00713916
v 0.00334786 0.06065935 0.00775186
v 0.00289272 0.06080798 0.00775014
v 0.00301161 0.06064802 0.00788916
v 0.00257597 0.06065227 0.00804447
v 0.00254161 0.06067492 0.00803160
v 0.00579913 0.05956368 0.00770037
v 0.00588180 0.05960685 0.00759825
v 0.00569789 0.05973638 0.00757509
v 0.00549911 0.05987015 0.00755621
v 0.00711905 0.05630074 0.00943205
v 0.00710790 0.05634038 0.00941660
v 0.00709490 0.05662491 0.00925785
v 0.00714227 0.05696749 0.00901329
v 0.00710419 0.05708710 0.00896695
v 0.00715435 0.05638497 0.00935739
v 0.00723516 0.05646424 0.00925184
v 0.00722123 0.05674595 0.00909052
v 0.00718964 0.05682593 0.00906563
v 0.00725652 0.05712603 0.00881935
v 0.00733083 0.05712603 0.00875843
v 0.00752589 0.05705384 0.00864516
v 0.00748688 0.05715364 0.00861169
v 0.00768566 0.05706587 0.00850357
v 0.00764479 0.05716567 0.00846753
v 0.00885696 0.05672967 0.00772783
v 0.00811386 0.05718973 0.00803332
v 0.00891176 0.05679408 0.00762829
v 0.00816774 0.05724919 0.00793378
v 0.00812222 0.05734899 0.00789087
v 0.00886717 0.05689387 0.00758624
v 0.00839252 0.05761724 0.00741376
v 0.00844640 0.05767599 0.00731336
v 0.00770702 0.05933011 0.00642864
v 0.00598212 0.05957642 0.00756393
v 0.00610937 0.05953324 0.00752531
v 0.00254161 0.06089009 0.00778618
v 0.00264843 0.06084762 0.00779562
v 0.00775161 0.05937894 0.00632052
v 0.00769495 0.05947025 0.00626560
v 0.00779526 0.05942778 0.00621154
v 0.00836466 0.05924376 0.00573957
v 0.00823276 0.06091840 0.00286746
v 0.00843432 0.06066005 0.00311202
v 0.00850492 0.06069969 0.00286145
v 0.00849563 0.06075844 0.00272673
v 0.00828199 0.06095804 0.00265808
v 0.00825970 0.06098635 0.00263062
v 0.00876871 0.06053831 0.00271729
v 0.00866468 0.06065722 0.00263062
v 0.00867769 0.06061334 0.00271729
v 0.00849284 0.05756911 0.00736141
v 0.00854672 0.05762078 0.00726531
v 0.00904459 0.05663341 0.00761627
v 0.00895356 0.05668154 0.00767205
v 0.00945422 0.05641753 0.00726616
v 0.00931489 0.05643310 0.00743006
v 0.00948487 0.05631702 0.00730478
v 0.00952017 0.05637081 0.00721725
v 0.00948951 0.05630074 0.00730993
v 0.00309892 0.06069969 0.00779820
v 0.00255647 0.06079666 0.00788744
v 0.00254161 0.06075773 0.00793721
v 0.00719708 0.05630074 0.00937627
v 0.00724352 0.05692502 0.00895923
v 0.00722123 0.05630074 0.00935825
v 0.00728996 0.05630074 0.00930419
v 0.00737542 0.05630074 0.00923640
v 0.00725838 0.05664615 0.00912141
v 0.00812222 0.05674807 0.00834138
v 0.00776275 0.05684433 0.00857994
v 0.00736520 0.05703968 0.00878589
v 0.00828199 0.05676081 0.00819979
v 0.00889597 0.05662987 0.00776215
v 0.00828849 0.06096299 0.00263062
v 0.00902973 0.05646000 0.00774842
v 0.00906874 0.05651662 0.00766690
v 0.00913840 0.05638992 0.00767291
v 0.00917370 0.05644867 0.00759139
v 0.00899629 0.05655980 0.00771582
v 0.00947837 0.05630074 0.00732366
v 0.00920156 0.05634887 0.00762571
v 0.00932510 0.05630074 0.00750901
v 0.00757977 0.05630074 0.00906735
v 0.00759370 0.05636869 0.00901415
v 0.00810736 0.05630074 0.00862971
v 0.00835816 0.05653785 0.00827531
v 0.00841946 0.05659448 0.00818950
v 0.00857923 0.05660722 0.00804705
v 0.00877150 0.05652582 0.00793378
v 0.00881330 0.05639488 0.00798012
v 0.00887460 0.05645080 0.00789259
v 0.00894798 0.05651662 0.00778790
v 0.00905480 0.05637577 0.00777503
v 0.00915419 0.05630074 0.00771324
v 0.00900000 0.05630074 0.00787628
v 0.00902044 0.05630074 0.00785655
v 0.00921736 0.05630074 0.00763859
v 0.00827270 0.05630074 0.00849155
v 0.00834794 0.05636798 0.00838772
v 0.00871577 0.05643876 0.00803589
v 0.00876314 0.05630074 0.00807966
v 0.00887460 0.05630074 0.00798526
v 0.00890990 0.05635100 0.00792434
v 0.00907803 0.05630074 0.00779648
v 0.00892569 0.05630074 0.00794150
v 0.00835165 0.05630074 0.00842548
v 0.00859223 0.05632552 0.00820837
v 0.00864982 0.05630074 0.00817491
f 1 2 7
f 1 7 12
f 1 12 20
f 1 20 38
f 1 38 62
f 1 62 90
f 1 90 96
f 1 96 95
f 1 95 143
f 1 143 192
f 1 192 251
f 1 251 311
f 1 311 310
f 1 310 377
f 1 377 465
f 1 465 464
f 1 464 463
f 1 463 582
f 1 582 710
f 1 710 862
f 1 862 861
f 1 861 860
f 1 860 1043
f 1 1043 1205
f 1 1205 1381
f 1 1381 1380
f 1 1380 1588
f 1 1588 1587
f 1 1587 1586
f 1 1586 1584
f 1 1584 1808
f 1 1808 1570
f 1 1570 1806
f 1 1806 2049
f 1 2049 2048
f 1 2048 2047
f 1 2047 2046
f 1 2046 2045
f 1 2045 2314
f 1 2314 2313
f 1 2313 2555
f 1 2555 2704
f 1 2704 2761
f 1 2761 2735
f 1 2735 2602
f 1 2602 2393
f 1 2393 2123
f 1 2123 1869
f 1 1869 2122
f 1 2122 2132
f 1 2132 2131
f 1 2131 2401
f 1 2401 2129
f 1 2129 2400
f 1 2400 2399
f 1 2399 2398
f 1 2398 2397
f 1 2397 2379
f 1 2379 2378
f 1 2378 2110
f 1 2110 2109
f 1 2109 1858
f 1 1858 1629
f 1 1629 1628
f 1 1628 1413
f 1 1413 1408
f 1 1408 1232
f 1 1232 1066
f 1 1066 887
f 1 887 886
f 1 886 885
f 1 885 735
f 1 735 734
f 1 734 611
f 1 611 606
f 1 606 484
f 1 484 393
f 1 393 323
f 1 323 254
f 1 254 198
f 1 198 193
f 1 193 145
f 1 145 99
f 1 99 67
f 1 67 41
f 1 41 22
f 1 22 13
f 1 13 8
f 1 8 3
f 1 3 9
f 1 9 15
f 1 15 31
f 1 31 53
f 1 53 81
f 1 81 121
f 1 121 78
f 1 78 120
f 1 120 119
f 1 119 168
f 1 168 218
f 1 218 269
f 1 269 344
f 1 344 418
f 1 418 538
f 1 538 663
f 1 663 662
f 1 662 536
f 1 536 535
f 1 535 534
f 1 534 661
f 1 661 660
f 1 660 797
f 1 797 952
f 1 952 1121
f 1 1121 1291
f 1 1291 1290
f 1 1290 1488
f 1 1488 1720
f 1 1720 1719
f 1 1719 1934
f 1 1934 1930
f 1 1930 1699
f 1 1699 1933
f 1 1933 2199
f 1 2199 2220
f 1 2220 2218
f 1 2218 1948
f 1 1948 1947
f 1 1947 2217
f 1 2217 2479
f 1 2479 2473
f 1 2473 2649
f 1 2649 2746
f 1 2746 2773
f 1 2773 2748
f 1 2748 2657
f 1 2657 2650
f 1 2650 2480
f 1 2480 2221
f 1 2221 1956
f 1 1956 1721
f 1 1721 1489
f 1 1489 1294
f 1 1294 1293
f 1 1293 1292
f 1 1292 1122
f 1 1122 953
f 1 953 801
f 1 801 800
f 1 800 798
f 1 798 664
f 1 664 539
f 1 539 420
f 1 420 419
f 1 419 345
f 1 345 273
f 1 273 271
f 1 271 270
f 1 270 219
f 1 219 169
f 1 169 129
f 1 129 128
f 1 128 123
f 1 123 83
f 1 83 82
f 1 82 54
f 1 54 32
f 1 32 16
f 1 16 10
f 1 10 4
f 1 4 5
f 1 5 6
f 1 6 2
f 2 6 5
f 2 5 4
f 2 4 10
f 2 10 18
f 2 18 34
f 2 34 57
f 2 57 86
f 2 86 131
f 2 131 176
f 2 176 181
f 2 181 233
f 2 233 295
f 2 295 362
f 2 362 441
f 2 441 565
f 2 565 688
f 2 688 686
f 2 686 684
f 2 684 835
f 2 835 823
f 2 823 991
f 2 991 1151
f 2 1151 1150
f 2 1150 1165
f 2 1165 1166
f 2 1166 1340
f 2 1340 1339
f 2 1339 1538
f 2 1538 1783
f 2 1783 1782
f 2 1782 2028
f 2 2028 2032
f 2 2032 2303
f 2 2303 2548
f 2 2548 2547
f 2 2547 2699
f 2 2699 2758
f 2 2758 2779
f 2 2779 2781
f 2 2781 2796
f 2 2796 2793
f 2 2793 2803
f 2 2803 2795
f 2 2795 2794
f 2 2794 2804
f 2 2804 2801
f 2 2801 2800
f 2 2800 2807
f 2 2807 2805
f 2 2805 2797
f 2 2797 2784
f 2 2784 2782
f 2 2782 2766
f 2 2766 2765
f 2 2765 2764
f 2 2764 2762
f 2 2762 2709
f 2 2709 2568
f 2 2568 2331
f 2 2331 2330
f 2 2330 2063
f 2 2063 2062
f 2 2062 1826
f 2 1826 1597
f 2 1597 1596
f 2 1596 1387
f 2 1387 1215
f 2 1215 1214
f 2 1214 1213
f 2 1213 1212
f 2 1212 1210
f 2 1210 1054
f 2 1054 1053
f 2 1053 1052
f 2 1052 1206
f 2 1206 1045
f 2 1045 867
f 2 867 866
f 2 866 865
f 2 865 714
f 2 714 713
f 2 713 597
f 2 597 473
f 2 473 466
f 2 466 378
f 2 378 314
f 2 314 313
f 2 313 312
f 2 312 245
f 2 245 185
f 2 185 134
f 2 134 88
f 2 88 60
f 2 60 58
f 2 58 35
f 2 35 19
f 2 19 11
f 2 11 7
f 3 8 9
f 7 11 12
f 8 13 14
f 8 14 9
f 9 14 15
f 10 16 17
f 10 17 18
f 11 19 12
f 12 19 21
f 12 21 20
f 13 22 14
f 14 22 23
f 14 23 24
f 14 24 25
f 14 25 26
f 14 26 27
f 14 27 28
f 14 28 29
f 14 29 15
f 15 30 31
f 15 29 30
f 16 32 17
f 17 32 33
f 17 33 34
f 17 34 18
f 19 35 36
f 19 36 37
f 19 37 21
f 20 21 39
f 20 39 40
f 20 40 38
f 21 37 39
f 22 41 42
f 22 42 24
f 22 24 23
f 24 42 43
f 24 43 44
f 24 44 45
f 24 45 25
f 25 45 46
f 25 46 26
f 26 46 47
f 26 47 27
f 27 47 28
f 28 47 45
f 28 45 48
f 28 48 49
f 28 49 50
f 28 50 51
f 28 51 52
f 28 52 29
f 29 52 53
f 29 53 30
f 30 53 31
f 32 54 55
f 32 55 56
f 32 56 33
f 33 56 34
f 34 56 57
f 35 58 36
f 36 59 37
f 36 58 60
f 36 60 61
f 36 61 59
f 37 59 39
f 38 40 63
f 38 63 62
f 39 64 40
f 39 59 65
f 39 65 64
f 40 64 66
f 40 66 63
f 41 67 68
f 41 68 42
f 42 68 69
f 42 69 70
f 42 70 43
f 43 70 44
f 44 70 71
f 44 71 45
f 45 71 72
f 45 72 48
f 45 47 46
f 48 72 73
f 48 73 74
f 48 74 49
f 49 74 75
f 49 75 50
f 50 75 76
f 50 76 77
f 50 77 78
f 50 78 79
f 50 79 51
f 51 79 52
f 52 79 80
f 52 80 53
f 53 80 81
f 54 82 55
f 55 82 83
f 55 83 84
f 55 84 56
f 56 85 86
f 56 86 57
f 56 84 85
f 59 61 87
f 59 87 65
f 60 88 89
f 60 89 61
f 61 89 87
f 62 63 91
f 62 91 66
f 62 66 90
f 63 66 91
f 64 92 66
f 64 65 92
f 65 87 93
f 65 93 94
f 65 94 92
f 66 95 96
f 66 96 90
f 66 92 97
f 66 97 95
f 67 98 68
f 67 99 100
f 67 100 101
f 67 101 98
f 68 98 101
f 68 101 69
f 69 101 102
f 69 102 103
f 69 103 104
f 69 104 70
f 70 104 105
f 70 105 71
f 71 106 107
f 71 107 72
f 71 105 108
f 71 108 109
f 71 109 106
f 72 107 73
f 73 110 74
f 73 107 111
f 73 111 112
f 73 112 113
f 73 113 110
f 74 110 114
f 74 114 75
f 75 115 116
f 75 116 76
f 75 114 115
f 76 116 117
f 76 117 118
f 76 118 119
f 76 119 77
f 77 119 120
f 77 120 78
f 78 121 79
f 79 121 122
f 79 122 80
f 80 122 81
f 81 122 121
f 83 123 84
f 84 124 125
f 84 125 126
f 84 126 127
f 84 127 85
f 84 123 128
f 84 128 129
f 84 129 124
f 85 130 86
f 85 127 130
f 86 130 131
f 87 89 132
f 87 132 133
f 87 133 93
f 88 134 135
f 88 135 89
f 89 136 132
f 89 135 136
f 92 94 137
f 92 137 138
f 92 138 139
f 92 139 97
f 93 133 140
f 93 140 141
f 93 141 142
f 93 142 94
f 94 142 137
f 95 97 143
f 97 139 144
f 97 144 143
f 99 145 100
f 100 146 147
f 100 147 148
f 100 148 149
f 100 149 101
f 100 145 150
f 100 150 146
f 101 149 151
f 101 151 152
f 101 152 102
f 102 152 103
f 103 153 105
f 103 105 104
f 103 152 153
f 105 153 108
f 106 154 155
f 106 155 107
f 106 109 156
f 106 156 154
f 107 155 157
f 107 157 158
f 107 158 159
f 107 159 111
f 108 153 151
f 108 151 160
f 108 160 109
f 109 160 161
f 109 161 156
f 110 113 162
f 110 162 114
f 111 159 158
f 111 158 163
f 111 163 112
f 112 163 164
f 112 164 165
f 112 165 166
f 112 166 117
f 112 117 162
f 112 162 113
f 114 162 115
f 115 162 117
f 115 117 116
f 117 166 118
f 118 166 167
f 118 167 168
f 118 168 119
f 124 129 169
f 124 169 170
f 124 170 125
f 125 170 171
f 125 171 172
f 125 172 173
f 125 173 126
f 126 174 127
f 126 173 175
f 126 175 174
f 127 174 130
f 130 176 131
f 130 174 177
f 130 177 178
f 130 178 179
f 130 179 180
f 130 180 181
f 130 181 176
f 132 136 133
f 133 136 182
f 133 182 183
f 133 183 184
f 133 184 140
f 134 185 135
f 135 185 186
f 135 186 187
f 135 187 136
f 136 187 188
f 136 188 182
f 137 142 189
f 137 189 190
f 137 190 139
f 137 139 138
f 139 190 144
f 140 184 142
f 140 142 141
f 142 184 191
f 142 191 189
f 143 144 190
f 143 190 192
f 145 193 150
f 146 194 195
f 146 195 196
f 146 196 148
f 146 148 147
f 146 150 193
f 146 193 197
f 146 197 198
f 146 198 199
f 146 199 194
f 148 196 200
f 148 200 149
f 149 200 201
f 149 201 151
f 151 201 160
f 151 153 152
f 154 156 161
f 154 161 202
f 154 202 203
f 154 203 204
f 154 204 205
f 154 205 157
f 154 157 155
f 157 205 206
f 157 206 207
f 157 207 208
f 157 208 209
f 157 209 210
f 157 210 211
f 157 211 158
f 158 211 163
f 160 201 212
f 160 212 202
f 160 202 161
f 163 211 213
f 163 213 214
f 163 214 164
f 164 214 215
f 164 215 165
f 165 167 166
f 165 215 216
f 165 216 167
f 167 216 217
f 167 217 218
f 167 218 168
f 169 219 170
f 170 219 220
f 170 220 221
f 170 221 222
f 170 222 223
f 170 223 171
f 171 223 224
f 171 224 225
f 171 225 172
f 172 225 173
f 173 225 226
f 173 226 175
f 174 175 227
f 174 227 228
f 174 228 229
f 174 229 177
f 175 226 227
f 177 229 178
f 178 229 230
f 178 230 179
f 179 231 180
f 179 230 231
f 180 231 232
f 180 232 233
f 180 233 181
f 182 188 183
f 183 234 184
f 183 188 235
f 183 235 236
f 183 236 234
f 184 234 237
f 184 237 238
f 184 238 239
f 184 239 240
f 184 240 241
f 184 241 242
f 184 242 243
f 184 243 244
f 184 244 191
f 185 245 186
f 186 245 246
f 186 246 187
f 187 247 248
f 187 248 235
f 187 235 188
f 187 246 249
f 187 249 250
f 187 250 247
f 189 191 190
f 190 191 192
f 191 244 251
f 191 251 192
f 193 198 197
f 194 252 253
f 194 253 195
f 194 199 198
f 194 198 254
f 194 254 255
f 194 255 252
f 195 253 200
f 195 200 196
f 200 253 201
f 201 256 212
f 201 253 256
f 202 212 203
f 203 212 256
f 203 256 257
f 203 257 258
f 203 258 207
f 203 207 205
f 203 205 204
f 205 207 206
f 207 258 259
f 207 259 260
f 207 260 261
f 207 261 208
f 208 261 209
f 209 262 210
f 209 261 263
f 209 263 264
f 209 264 265
f 209 265 262
f 210 262 214
f 210 214 213
f 210 213 211
f 214 265 266
f 214 266 215
f 214 262 265
f 215 266 267
f 215 267 216
f 216 267 268
f 216 268 217
f 217 268 218
f 218 268 269
f 219 270 220
f 220 222 221
f 220 270 271
f 220 271 272
f 220 272 273
f 220 273 274
f 220 274 275
f 220 275 222
f 222 275 276
f 222 276 223
f 223 276 277
f 223 277 278
f 223 278 225
f 223 225 224
f 225 279 280
f 225 280 281
f 225 281 226
f 225 278 277
f 225 277 282
f 225 282 283
f 225 283 284
f 225 284 285
f 225 285 279
f 226 281 286
f 226 286 280
f 226 280 227
f 227 280 287
f 227 287 288
f 227 288 228
f 228 288 289
f 228 289 229
f 229 290 230
f 229 289 288
f 229 288 290
f 230 290 231
f 231 290 232
f 232 290 291
f 232 291 292
f 232 292 293
f 232 293 361
f 232 361 294
f 232 294 233
f 233 294 295
f 234 236 296
f 234 296 297
f 234 297 298
f 234 298 237
f 235 299 297
f 235 297 296
f 235 296 236
f 235 248 299
f 237 300 301
f 237 301 238
f 237 298 300
f 238 301 239
f 239 302 240
f 239 301 303
f 239 303 369
f 239 369 302
f 240 302 304
f 240 304 305
f 240 305 306
f 240 306 307
f 240 307 241
f 241 307 308
f 241 308 242
f 242 308 309
f 242 309 243
f 243 309 310
f 243 310 311
f 243 311 251
f 243 251 244
f 245 312 246
f 246 312 313
f 246 313 314
f 246 314 315
f 246 315 316
f 246 316 317
f 246 317 318
f 246 318 249
f 247 319 299
f 247 299 248
f 247 250 320
f 247 320 319
f 249 318 250
f 250 318 320
f 252 255 321
f 252 321 322
f 252 322 256
f 252 256 253
f 254 323 255
f 255 323 321
f 256 324 257
f 256 322 324
f 257 325 326
f 257 326 259
f 257 259 258
f 257 324 327
f 257 327 325
f 259 326 325
f 259 325 328
f 259 328 329
f 259 329 330
f 259 330 331
f 259 331 260
f 260 331 261
f 261 331 332
f 261 332 333
f 261 333 263
f 263 333 334
f 263 334 335
f 263 335 264
f 264 336 265
f 264 335 336
f 265 336 337
f 265 337 338
f 265 338 266
f 266 338 339
f 266 339 340
f 266 340 267
f 267 340 268
f 268 340 341
f 268 341 342
f 268 342 269
f 269 342 343
f 269 343 344
f 271 273 272
f 273 345 346
f 273 346 274
f 274 346 347
f 274 347 348
f 274 348 277
f 274 277 275
f 275 277 276
f 277 348 283
f 277 283 282
f 279 349 280
f 279 285 350
f 279 350 351
f 279 351 352
f 279 352 349
f 280 353 354
f 280 354 287
f 280 286 281
f 280 349 352
f 280 352 353
f 283 348 355
f 283 355 356
f 283 356 285
f 283 285 284
f 285 356 350
f 287 354 288
f 288 354 353
f 288 353 357
f 288 357 358
f 288 358 359
f 288 359 360
f 288 360 290
f 290 360 291
f 291 360 359
f 291 359 292
f 292 359 293
f 293 359 361
f 294 361 295
f 295 361 362
f 297 299 298
f 298 299 319
f 298 319 363
f 298 363 364
f 298 364 365
f 298 365 366
f 298 366 367
f 298 367 368
f 298 368 300
f 300 368 301
f 301 368 303
f 302 369 370
f 302 370 304
f 303 368 371
f 303 371 372
f 303 372 369
f 304 370 373
f 304 373 305
f 305 373 374
f 305 374 306
f 306 375 376
f 306 376 307
f 306 374 375
f 307 376 377
f 307 377 308
f 308 377 309
f 309 377 310
f 314 378 315
f 315 378 379
f 315 379 316
f 316 379 380
f 316 380 381
f 316 381 382
f 316 382 383
f 316 383 384
f 316 384 317
f 317 384 318
f 318 385 386
f 318 386 320
f 318 384 387
f 318 387 388
f 318 388 385
f 319 320 389
f 319 389 390
f 319 390 363
f 320 386 385
f 320 385 389
f 321 391 392
f 321 392 322
f 321 323 391
f 322 392 327
f 322 327 324
f 323 393 394
f 323 394 391
f 325 395 328
f 325 327 392
f 325 392 395
f 328 396 329
f 328 395 396
f 329 396 397
f 329 397 398
f 329 398 331
f 329 331 330
f 331 399 400
f 331 400 332
f 331 398 399
f 332 400 333
f 333 401 402
f 333 402 334
f 333 400 403
f 333 403 401
f 334 402 404
f 334 404 405
f 334 405 406
f 334 406 335
f 335 406 336
f 336 406 337
f 337 406 405
f 337 405 407
f 337 407 408
f 337 408 409
f 337 409 410
f 337 410 411
f 337 411 412
f 337 412 338
f 338 413 414
f 338 414 339
f 338 412 413
f 339 414 415
f 339 415 416
f 339 416 340
f 340 416 341
f 341 416 417
f 341 417 343
f 341 343 342
f 343 417 418
f 343 418 344
f 345 419 346
f 346 419 420
f 346 420 421
f 346 421 422
f 346 422 347
f 347 422 421
f 347 421 355
f 347 355 348
f 350 356 423
f 350 423 351
f 351 423 424
f 351 424 425
f 351 425 352
f 352 425 426
f 352 426 427
f 352 427 428
f 352 428 429
f 352 429 357
f 352 357 353
f 355 421 430
f 355 430 356
f 356 430 431
f 356 431 432
f 356 432 423
f 357 429 358
f 358 429 433
f 358 433 434
f 358 434 359
f 359 435 436
f 359 436 437
f 359 437 438
f 359 438 361
f 359 434 435
f 361 438 439
f 361 439 440
f 361 440 441
f 361 441 362
f 363 390 442
f 363 442 443
f 363 443 364
f 364 443 444
f 364 444 445
f 364 445 365
f 365 446 366
f 365 445 447
f 365 447 448
f 365 448 446
f 366 446 367
f 367 446 449
f 367 449 450
f 367 450 368
f 368 450 449
f 368 449 371
f 369 372 370
f 370 372 451
f 370 451 373
f 371 449 372
f 372 449 451
f 373 452 453
f 373 453 454
f 373 454 455
f 373 455 456
f 373 456 457
f 373 457 458
f 373 458 459
f 373 459 460
f 373 460 374
f 373 451 461
f 373 461 462
f 373 462 452
f 374 460 375
f 375 460 459
f 375 459 376
f 376 463 464
f 376 464 465
f 376 465 377
f 376 459 463
f 378 466 379
f 379 466 380
f 380 466 381
f 381 467 468
f 381 468 469
f 381 469 470
f 381 470 471
f 381 471 472
f 381 472 382
f 381 466 473
f 381 473 467
f 382 472 383
f 383 472 471
f 383 471 474
f 383 474 387
f 383 387 384
f 385 475 390
f 385 390 389
f 385 388 475
f 387 474 476
f 387 476 477
f 387 477 388
f 388 477 478
f 388 478 479
f 388 479 480
f 388 480 475
f 390 475 481
f 390 481 442
f 391 482 392
f 391 394 483
f 391 483 482
f 392 482 396
f 392 396 395
f 393 484 485
f 393 485 394
f 394 485 483
f 396 486 397
f 396 482 487
f 396 487 486
f 397 488 489
f 397 489 398
f 397 486 488
f 398 489 399
f 399 489 490
f 399 490 491
f 399 491 492
f 399 492 493
f 399 493 400
f 400 494 495
f 400 495 496
f 400 496 403
f 400 493 497
f 400 497 498
f 400 498 499
f 400 499 494
f 401 403 500
f 401 500 501
f 401 501 402
f 402 501 404
f 403 496 502
f 403 502 503
f 403 503 504
f 403 504 500
f 404 505 405
f 404 501 408
f 404 408 505
f 405 505 407
f 407 505 408
f 408 506 507
f 408 507 409
f 408 501 506
f 409 507 410
f 410 507 508
f 410 508 509
f 410 509 510
f 410 510 511
f 410 511 512
f 410 512 513
f 410 513 514
f 410 514 515
f 410 515 516
f 410 516 517
f 410 517 518
f 410 518 519
f 410 519 520
f 410 520 521
f 410 521 522
f 410 522 412
f 410 412 411
f 412 522 523
f 412 523 524
f 412 524 413
f 413 524 525
f 413 525 414
f 414 525 526
f 414 526 527
f 414 527 528
f 414 528 415
f 415 528 529
f 415 529 416
f 416 529 530
f 416 530 531
f 416 531 417
f 417 531 532
f 417 532 533
f 417 533 534
f 417 534 535
f 417 535 536
f 417 536 537
f 417 537 418
f 418 537 538
f 420 539 540
f 420 540 541
f 420 541 542
f 420 542 421
f 421 542 541
f 421 541 430
f 423 432 543
f 423 543 424
f 424 543 426
f 424 426 425
f 426 543 428
f 426 428 427
f 428 543 544
f 428 544 545
f 428 545 546
f 428 546 547
f 428 547 548
f 428 548 549
f 428 549 429
f 429 549 433
f 430 550 551
f 430 551 431
f 430 541 550
f 431 551 552
f 431 552 553
f 431 553 554
f 431 554 555
f 431 555 432
f 432 555 543
f 433 549 556
f 433 556 434
f 434 556 557
f 434 557 558
f 434 558 559
f 434 559 435
f 435 559 436
f 436 559 437
f 437 559 560
f 437 560 561
f 437 561 562
f 437 562 439
f 437 439 438
f 439 562 440
f 440 562 563
f 440 563 564
f 440 564 441
f 441 564 566
f 441 566 565
f 442 481 443
f 443 481 567
f 443 567 444
f 444 567 568
f 444 568 569
f 444 569 445
f 445 569 570
f 445 570 448
f 445 448 447
f 446 571 449
f 446 448 571
f 448 572 571
f 448 570 573
f 448 573 572
f 449 571 574
f 449 574 451
f 451 574 461
f 452 462 575
f 452 575 576
f 452 576 453
f 453 577 578
f 453 578 454
f 453 576 577
f 454 579 456
f 454 456 455
f 454 578 579
f 456 579 580
f 456 580 581
f 456 581 457
f 457 581 458
f 458 581 582
f 458 582 459
f 459 582 463
f 461 574 462
f 462 574 583
f 462 583 584
f 462 584 575
f 467 585 586
f 467 586 587
f 467 587 468
f 467 473 585
f 468 587 469
f 469 588 470
f 469 587 589
f 469 589 590
f 469 590 588
f 470 591 592
f 470 592 471
f 470 588 593
f 470 593 594
f 470 594 595
f 470 595 596
f 470 596 591
f 471 592 476
f 471 476 474
f 473 597 585
f 475 480 481
f 476 598 478
f 476 478 477
f 476 592 599
f 476 599 598
f 478 598 479
f 479 600 601
f 479 601 480
f 479 598 602
f 479 602 603
f 479 603 604
f 479 604 600
f 480 601 605
f 480 605 481
f 481 605 567
f 482 483 487
f 483 485 487
f 484 606 607
f 484 607 485
f 485 607 486
f 485 486 487
f 486 608 609
f 486 609 488
f 486 607 606
f 486 606 610
f 486 610 611
f 486 611 612
f 486 612 613
f 486 613 614
f 486 614 615
f 486 615 608
f 488 609 616
f 488 616 617
f 488 617 618
f 488 618 489
f 489 491 490
f 489 618 619
f 489 619 620
f 489 620 492
f 489 492 491
f 492 620 493
f 493 620 497
f 494 499 621
f 494 621 495
f 495 621 622
f 495 622 496
f 496 622 623
f 496 623 624
f 496 624 502
f 497 620 625
f 497 625 626
f 497 626 498
f 498 626 627
f 498 627 628
f 498 628 499
f 499 628 629
f 499 629 621
f 500 504 501
f 501 504 506
f 502 624 503
f 503 630 504
f 503 624 630
f 504 630 506
f 506 509 507
f 506 630 509
f 507 509 508
f 509 630 631
f 509 631 632
f 509 632 633
f 509 633 634
f 509 634 510
f 510 634 513
f 510 513 511
f 511 513 512
f 513 635 636
f 513 636 637
f 513 637 638
f 513 638 639
f 513 639 514
f 513 634 635
f 514 639 515
f 515 639 640
f 515 640 641
f 515 641 516
f 516 641 642
f 516 642 643
f 516 643 517
f 517 643 518
f 518 644 645
f 518 645 520
f 518 520 519
f 518 643 646
f 518 646 647
f 518 647 644
f 520 648 649
f 520 649 650
f 520 650 521
f 520 645 648
f 521 650 522
f 522 524 523
f 522 650 524
f 524 526 525
f 524 650 651
f 524 651 652
f 524 652 526
f 526 653 528
f 526 528 654
f 526 654 527
f 526 652 653
f 527 654 528
f 528 653 655
f 528 655 656
f 528 656 529
f 529 656 530
f 530 656 657
f 530 657 532
f 530 532 531
f 532 657 658
f 532 658 659
f 532 659 533
f 533 659 660
f 533 660 661
f 533 661 534
f 536 662 537
f 537 662 663
f 537 663 538
f 539 664 665
f 539 665 540
f 540 665 552
f 540 552 541
f 541 552 550
f 543 555 666
f 543 666 667
f 543 667 544
f 544 667 545
f 545 667 668
f 545 668 546
f 546 668 669
f 546 669 670
f 546 670 547
f 547 670 671
f 547 671 548
f 548 556 549
f 548 671 672
f 548 672 673
f 548 673 556
f 550 552 551
f 552 665 674
f 552 674 553
f 553 674 554
f 554 674 675
f 554 675 555
f 555 675 676
f 555 676 666
f 556 673 557
f 557 677 678
f 557 678 679
f 557 679 558
f 557 673 680
f 557 680 681
f 557 681 682
f 557 682 677
f 558 679 683
f 558 683 684
f 558 684 685
f 558 685 561
f 558 561 559
f 559 561 560
f 561 684 686
f 561 686 687
f 561 687 566
f 561 566 564
f 561 564 562
f 561 685 684
f 562 564 563
f 565 566 688
f 566 687 688
f 567 605 689
f 567 689 568
f 568 689 605
f 568 605 601
f 568 601 600
f 568 600 604
f 568 604 690
f 568 690 569
f 569 690 691
f 569 691 570
f 570 691 692
f 570 692 693
f 570 693 694
f 570 694 695
f 570 695 573
f 571 696 697
f 571 697 574
f 571 572 573
f 571 573 695
f 571 695 696
f 574 697 698
f 574 698 699
f 574 699 700
f 574 700 701
f 574 701 702
f 574 702 583
f 575 584 576
f 576 584 703
f 576 703 704
f 576 704 705
f 576 705 706
f 576 706 578
f 576 578 577
f 578 707 579
f 578 706 707
f 579 707 708
f 579 708 580
f 580 709 581
f 580 708 709
f 581 709 710
f 581 710 582
f 583 702 584
f 584 702 711
f 584 711 712
f 584 712 703
f 585 597 713
f 585 713 586
f 586 714 715
f 586 715 716
f 586 716 587
f 586 713 714
f 587 716 589
f 588 590 593
f 589 717 724
f 589 724 718
f 589 718 590
f 589 716 717
f 590 718 719
f 590 719 593
f 591 720 721
f 591 721 592
f 591 596 722
f 591 722 720
f 592 721 723
f 592 723 599
f 593 719 724
f 593 724 594
f 594 724 725
f 594 725 726
f 594 726 727
f 594 727 595
f 595 727 722
f 595 722 596
f 598 599 602
f 599 723 728
f 599 728 602
f 602 728 729
f 602 729 730
f 602 730 603
f 603 730 731
f 603 731 690
f 603 690 604
f 606 611 610
f 608 732 733
f 608 733 617
f 608 617 609
f 608 615 732
f 609 617 616
f 611 734 613
f 611 613 612
f 613 734 735
f 613 735 736
f 613 736 737
f 613 737 738
f 613 738 615
f 613 615 614
f 615 738 739
f 615 739 740
f 615 740 741
f 615 741 732
f 617 733 618
f 618 733 619
f 619 742 743
f 619 743 744
f 619 744 620
f 619 733 740
f 619 740 742
f 620 744 743
f 620 743 625
f 621 629 622
f 622 745 623
f 622 629 745
f 623 745 746
f 623 746 747
f 623 747 624
f 624 747 630
f 625 748 626
f 625 743 749
f 625 749 748
f 626 748 750
f 626 750 627
f 627 750 751
f 627 751 752
f 627 752 753
f 627 753 754
f 627 754 628
f 628 754 629
f 629 754 755
f 629 755 745
f 630 747 756
f 630 756 631
f 631 756 632
f 632 756 757
f 632 757 758
f 632 758 633
f 633 759 634
f 633 758 760
f 633 760 761
f 633 761 762
f 633 762 759
f 634 759 635
f 635 759 763
f 635 763 764
f 635 764 765
f 635 765 636
f 636 766 767
f 636 767 768
f 636 768 769
f 636 769 770
f 636 770 637
f 636 765 771
f 636 771 772
f 636 772 924
f 636 924 773
f 636 773 774
f 636 774 766
f 637 770 638
f 638 770 775
f 638 775 776
f 638 776 641
f 638 641 639
f 639 641 640
f 641 776 642
f 642 776 777
f 642 777 778
f 642 778 779
f 642 779 780
f 642 780 643
f 643 780 781
f 643 781 646
f 644 782 783
f 644 783 645
f 644 647 784
f 644 784 782
f 645 783 648
f 646 781 785
f 646 785 647
f 647 786 787
f 647 787 784
f 647 785 788
f 647 788 789
f 647 789 786
f 648 783 649
f 649 783 790
f 649 790 651
f 649 651 650
f 651 790 791
f 651 791 652
f 652 791 653
f 653 792 793
f 653 793 656
f 653 656 655
f 653 791 792
f 656 793 794
f 656 794 795
f 656 795 657
f 657 795 796
f 657 796 658
f 658 796 659
f 659 796 797
f 659 797 660
f 664 798 665
f 665 798 799
f 665 799 800
f 665 800 801
f 665 801 802
f 665 802 803
f 665 803 804
f 665 804 805
f 665 805 806
f 665 806 674
f 666 676 807
f 666 807 667
f 667 808 809
f 667 809 810
f 667 810 811
f 667 811 668
f 667 807 808
f 668 812 669
f 668 811 813
f 668 813 812
f 669 812 670
f 670 672 671
f 670 812 814
f 670 814 672
f 672 815 816
f 672 816 680
f 672 680 673
f 672 814 817
f 672 817 818
f 672 818 819
f 672 819 815
f 674 806 675
f 675 806 820
f 675 820 676
f 676 820 808
f 676 808 807
f 677 821 822
f 677 822 678
f 677 682 821
f 678 683 679
f 678 822 823
f 678 823 824
f 678 824 825
f 678 825 683
f 680 816 826
f 680 826 681
f 681 826 827
f 681 827 992
f 681 992 828
f 681 828 829
f 681 829 682
f 682 829 830
f 682 830 831
f 682 831 832
f 682 832 833
f 682 833 834
f 682 834 821
f 683 825 684
f 684 825 824
f 684 824 835
f 686 688 687
f 690 731 836
f 690 836 837
f 690 837 838
f 690 838 691
f 691 838 692
f 692 838 693
f 693 838 694
f 694 839 695
f 694 838 839
f 695 839 696
f 696 839 840
f 696 840 697
f 697 840 841
f 697 841 842
f 697 842 843
f 697 843 698
f 698 843 699
f 699 843 700
f 700 843 844
f 700 844 845
f 700 845 846
f 700 846 701
f 701 711 702
f 701 846 847
f 701 847 711
f 703 848 849
f 703 849 850
f 703 850 851
f 703 851 704
f 703 712 852
f 703 852 853
f 703 853 848
f 704 854 855
f 704 855 856
f 704 856 705
f 704 851 854
f 705 856 857
f 705 857 706
f 706 857 858
f 706 858 707
f 707 858 859
f 707 859 708
f 708 859 709
f 709 860 861
f 709 861 862
f 709 862 710
f 709 859 863
f 709 863 860
f 711 847 864
f 711 864 712
f 712 864 852
f 714 865 715
f 715 865 716
f 716 865 717
f 717 865 866
f 717 866 867
f 717 867 868
f 717 868 869
f 717 869 870
f 717 870 724
f 718 724 719
f 720 722 871
f 720 871 721
f 721 871 872
f 721 872 723
f 722 873 874
f 722 874 871
f 722 727 873
f 723 729 728
f 723 872 875
f 723 875 729
f 724 870 876
f 724 876 877
f 724 877 878
f 724 878 725
f 725 878 726
f 726 878 879
f 726 879 727
f 727 880 881
f 727 881 873
f 727 879 882
f 727 882 883
f 727 883 880
f 729 875 884
f 729 884 731
f 729 731 730
f 731 884 836
f 732 741 733
f 733 741 740
f 735 885 736
f 736 885 886
f 736 886 887
f 736 887 888
f 736 888 889
f 736 889 740
f 736 740 737
f 737 740 738
f 738 740 739
f 740 889 890
f 740 890 743
f 740 743 742
f 743 890 891
f 743 891 892
f 743 892 893
f 743 893 749
f 745 894 895
f 745 895 746
f 745 755 896
f 745 896 897
f 745 897 910
f 745 910 898
f 745 898 894
f 746 895 747
f 747 899 756
f 747 895 899
f 748 900 750
f 748 749 901
f 748 901 902
f 748 902 900
f 749 893 903
f 749 903 901
f 750 900 751
f 751 900 904
f 751 904 905
f 751 905 752
f 752 905 906
f 752 906 907
f 752 907 753
f 753 908 909
f 753 909 910
f 753 910 897
f 753 897 911
f 753 911 754
f 753 907 908
f 754 911 897
f 754 897 896
f 754 896 755
f 756 899 757
f 757 899 758
f 758 899 912
f 758 912 760
f 759 762 913
f 759 913 763
f 760 914 761
f 760 912 899
f 760 899 915
f 760 915 916
f 760 916 910
f 760 910 909
f 760 909 908
f 760 908 917
f 760 917 914
f 761 914 913
f 761 913 762
f 763 913 764
f 764 913 765
f 765 913 771
f 766 768 767
f 766 774 768
f 768 774 918
f 768 918 919
f 768 919 1088
f 768 1088 920
f 768 920 923
f 768 923 769
f 769 921 922
f 769 922 770
f 769 923 921
f 770 922 775
f 771 924 772
f 771 913 914
f 771 914 917
f 771 917 924
f 773 924 774
f 774 925 918
f 774 924 926
f 774 926 925
f 775 921 927
f 775 927 776
f 775 922 921
f 776 927 928
f 776 928 929
f 776 929 777
f 777 929 778
f 778 929 930
f 778 930 931
f 778 931 932
f 778 932 779
f 779 932 781
f 779 781 780
f 781 932 933
f 781 933 785
f 782 934 783
f 782 784 934
f 783 934 935
f 783 935 936
f 783 936 790
f 784 787 934
f 785 933 788
f 786 789 937
f 786 937 938
f 786 938 934
f 786 934 787
f 788 933 939
f 788 939 940
f 788 940 789
f 789 940 941
f 789 941 937
f 790 942 791
f 790 936 943
f 790 943 944
f 790 944 942
f 791 942 945
f 791 945 792
f 792 945 946
f 792 946 793
f 793 946 947
f 793 947 794
f 794 947 795
f 795 947 946
f 795 946 945
f 795 945 948
f 795 948 949
f 795 949 796
f 796 949 950
f 796 950 951
f 796 951 952
f 796 952 797
f 798 800 799
f 801 953 954
f 801 954 955
f 801 955 956
f 801 956 957
f 801 957 958
f 801 958 802
f 802 958 957
f 802 957 803
f 803 959 804
f 803 957 960
f 803 960 961
f 803 961 962
f 803 962 959
f 804 959 963
f 804 963 806
f 804 806 805
f 806 963 964
f 806 964 965
f 806 965 820
f 808 820 966
f 808 966 967
f 808 967 968
f 808 968 969
f 808 969 810
f 808 810 809
f 810 970 811
f 810 969 971
f 810 971 972
f 810 972 970
f 811 970 972
f 811 972 973
f 811 973 974
f 811 974 975
f 811 975 813
f 812 976 814
f 812 813 977
f 812 977 978
f 812 978 976
f 813 975 977
f 814 976 817
f 815 826 816
f 815 819 979
f 815 979 980
f 815 980 981
f 815 981 826
f 817 976 982
f 817 982 983
f 817 983 818
f 818 983 984
f 818 984 985
f 818 985 986
f 818 986 819
f 819 986 987
f 819 987 980
f 819 980 979
f 820 965 964
f 820 964 988
f 820 988 966
f 821 834 833
f 821 833 989
f 821 989 990
f 821 990 822
f 822 990 823
f 823 990 991
f 823 835 824
f 826 981 992
f 826 992 827
f 828 992 993
f 828 993 829
f 829 993 830
f 830 994 831
f 830 993 995
f 830 995 996
f 830 996 997
f 830 997 994
f 831 998 832
f 831 994 998
f 832 998 999
f 832 999 833
f 833 1000 1001
f 833 1001 1002
f 833 1002 989
f 833 999 1003
f 833 1003 1000
f 836 884 1004
f 836 1004 1005
f 836 1005 1006
f 836 1006 1007
f 836 1007 1008
f 836 1008 837
f 837 1008 838
f 838 1008 1009
f 838 1009 1010
f 838 1010 839
f 839 841 840
f 839 1010 1008
f 839 1008 841
f 841 1008 1011
f 841 1011 1012
f 841 1012 1013
f 841 1013 842
f 842 1013 1014
f 842 1014 1015
f 842 1015 844
f 842 844 843
f 844 1015 1016
f 844 1016 846
f 844 846 845
f 846 1016 1017
f 846 1017 1018
f 846 1018 847
f 847 1018 1019
f 847 1019 1020
f 847 1020 1021
f 847 1021 1022
f 847 1022 1023
f 847 1023 1024
f 847 1024 1025
f 847 1025 1026
f 847 1026 864
f 848 1027 850
f 848 850 849
f 848 853 1028
f 848 1028 1027
f 850 1029 1030
f 850 1030 1031
f 850 1031 854
f 850 854 851
f 850 1027 1029
f 852 864 1026
f 852 1026 1032
f 852 1032 1033
f 852 1033 853
f 853 1033 1034
f 853 1034 1035
f 853 1035 1036
f 853 1036 1028
f 854 1031 1037
f 854 1037 856
f 854 856 855
f 856 1038 1039
f 856 1039 1040
f 856 1040 857
f 856 1037 1038
f 857 1040 1041
f 857 1041 859
f 857 859 858
f 859 1041 863
f 860 863 1042
f 860 1042 1043
f 863 1041 1044
f 863 1044 1040
f 863 1040 1042
f 867 1045 869
f 867 869 868
f 869 1045 1046
f 869 1046 1047
f 869 1047 1048
f 869 1048 870
f 870 1048 876
f 871 874 875
f 871 875 872
f 873 881 874
f 874 881 875
f 875 1005 884
f 875 881 1049
f 875 1049 1005
f 876 1050 1051
f 876 1051 877
f 876 1048 1047
f 876 1047 1052
f 876 1052 1053
f 876 1053 1054
f 876 1054 1055
f 876 1055 1056
f 876 1056 1057
f 876 1057 1050
f 877 1051 878
f 878 1051 1058
f 878 1058 879
f 879 1058 882
f 880 883 881
f 881 1059 1049
f 881 883 1060
f 881 1060 1061
f 881 1061 1062
f 881 1062 1059
f 882 1058 1063
f 882 1063 1064
f 882 1064 883
f 883 1064 1065
f 883 1065 1060
f 884 1005 1004
f 887 1066 1067
f 887 1067 888
f 888 1068 1069
f 888 1069 1070
f 888 1070 890
f 888 890 889
f 888 1067 1068
f 890 1071 891
f 890 1070 1072
f 890 1072 1071
f 891 1071 1072
f 891 1072 1073
f 891 1073 1074
f 891 1074 892
f 892 1075 1076
f 892 1076 1077
f 892 1077 903
f 892 903 893
f 892 1074 1078
f 892 1078 1075
f 894 898 910
f 894 910 916
f 894 916 895
f 895 916 915
f 895 915 899
f 900 902 1077
f 900 1077 904
f 901 903 1077
f 901 1077 902
f 904 1077 905
f 905 1077 1076
f 905 1076 906
f 906 1079 907
f 906 1076 1075
f 906 1075 1079
f 907 1079 1080
f 907 1080 908
f 908 1080 1081
f 908 1081 1082
f 908 1082 1083
f 908 1083 1084
f 908 1084 1085
f 908 1085 1086
f 908 1086 1087
f 908 1087 926
f 908 926 917
f 917 926 924
f 918 925 1088
f 918 1088 919
f 920 1088 1089
f 920 1089 923
f 921 923 1090
f 921 1090 927
f 923 1089 1091
f 923 1091 1092
f 923 1092 1090
f 925 1093 1094
f 925 1094 1095
f 925 1095 1088
f 925 926 1087
f 925 1087 1093
f 927 1090 928
f 928 1090 929
f 929 1090 1091
f 929 1091 1096
f 929 1096 1097
f 929 1097 1098
f 929 1098 930
f 930 1098 931
f 931 1099 932
f 931 1098 1100
f 931 1100 1099
f 932 1099 933
f 933 1099 1101
f 933 1101 1102
f 933 1102 939
f 934 938 1103
f 934 1103 935
f 935 1104 943
f 935 943 936
f 935 1103 938
f 935 938 1105
f 935 1105 1104
f 937 1106 938
f 937 941 1107
f 937 1107 1106
f 938 1106 1108
f 938 1108 1105
f 939 1102 1109
f 939 1109 940
f 940 1110 941
f 940 1109 1111
f 940 1111 1112
f 940 1112 1113
f 940 1113 1110
f 941 1110 1107
f 942 944 1114
f 942 1114 945
f 943 1104 1115
f 943 1115 944
f 944 1116 1114
f 944 1115 1116
f 945 1117 949
f 945 949 948
f 945 1114 1118
f 945 1118 1119
f 945 1119 1117
f 949 1117 1119
f 949 1119 950
f 950 1119 951
f 951 1119 1120
f 951 1120 1121
f 951 1121 952
f 953 1122 954
f 954 1122 1123
f 954 1123 1124
f 954 1124 955
f 955 1124 1125
f 955 1125 961
f 955 961 960
f 955 960 957
f 955 957 956
f 959 962 963
f 961 1125 1126
f 961 1126 962
f 962 1126 1127
f 962 1127 1128
f 962 1128 963
f 963 1128 964
f 964 1128 1129
f 964 1129 1130
f 964 1130 988
f 966 988 967
f 967 988 968
f 968 1130 1131
f 968 1131 1132
f 968 1132 971
f 968 971 969
f 968 988 1130
f 971 1132 1133
f 971 1133 1134
f 971 1134 972
f 972 1134 1135
f 972 1135 1136
f 972 1136 974
f 972 974 973
f 974 1136 1137
f 974 1137 975
f 975 1137 977
f 976 978 982
f 977 1137 1138
f 977 1138 978
f 978 1138 1139
f 978 1139 1140
f 978 1140 1141
f 978 1141 1142
f 978 1142 983
f 978 983 982
f 980 987 1143
f 980 1143 1144
f 980 1144 981
f 981 1144 1145
f 981 1145 992
f 983 1142 1146
f 983 1146 984
f 984 1146 1147
f 984 1147 986
f 984 986 985
f 986 1147 1148
f 986 1148 1143
f 986 1143 987
f 989 1002 1149
f 989 1149 990
f 990 1150 1151
f 990 1151 991
f 990 1149 1002
f 990 1002 1152
f 990 1152 1150
f 992 1145 1153
f 992 1153 1154
f 992 1154 993
f 993 1154 995
f 994 997 998
f 995 1154 1155
f 995 1155 996
f 996 1155 1156
f 996 1156 997
f 997 1156 1157
f 997 1157 1158
f 997 1158 1333
f 997 1333 1159
f 997 1159 1160
f 997 1160 1161
f 997 1161 998
f 998 1162 1163
f 998 1163 1164
f 998 1164 1003
f 998 1003 999
f 998 1161 1162
f 1000 1003 1001
f 1001 1152 1002
f 1001 1003 1165
f 1001 1165 1150
f 1001 1150 1152
f 1003 1164 1166
f 1003 1166 1165
f 1005 1167 1006
f 1005 1049 1168
f 1005 1168 1167
f 1006 1167 1007
f 1007 1169 1170
f 1007 1170 1008
f 1007 1167 1168
f 1007 1168 1169
f 1008 1010 1009
f 1008 1170 1169
f 1008 1169 1171
f 1008 1171 1172
f 1008 1172 1173
f 1008 1173 1174
f 1008 1174 1011
f 1011 1174 1012
f 1012 1014 1013
f 1012 1174 1014
f 1014 1174 1175
f 1014 1175 1015
f 1015 1175 1017
f 1015 1017 1016
f 1017 1176 1172
f 1017 1172 1177
f 1017 1177 1019
f 1017 1019 1018
f 1017 1175 1173
f 1017 1173 1176
f 1019 1177 1178
f 1019 1178 1020
f 1020 1178 1172
f 1020 1172 1179
f 1020 1179 1169
f 1020 1169 1021
f 1021 1180 1181
f 1021 1181 1022
f 1021 1169 1182
f 1021 1182 1180
f 1022 1181 1024
f 1022 1024 1023
f 1024 1181 1183
f 1024 1183 1184
f 1024 1184 1185
f 1024 1185 1035
f 1024 1035 1034
f 1024 1034 1025
f 1025 1034 1032
f 1025 1032 1026
f 1027 1028 1186
f 1027 1186 1029
f 1028 1036 1187
f 1028 1187 1186
f 1029 1186 1188
f 1029 1188 1189
f 1029 1189 1190
f 1029 1190 1191
f 1029 1191 1030
f 1030 1191 1366
f 1030 1366 1192
f 1030 1192 1031
f 1031 1192 1193
f 1031 1193 1194
f 1031 1194 1038
f 1031 1038 1037
f 1032 1034 1033
f 1035 1185 1036
f 1036 1185 1195
f 1036 1195 1196
f 1036 1196 1187
f 1038 1194 1197
f 1038 1197 1039
f 1039 1197 1198
f 1039 1198 1199
f 1039 1199 1200
f 1039 1200 1201
f 1039 1201 1202
f 1039 1202 1040
f 1040 1202 1203
f 1040 1203 1042
f 1040 1044 1041
f 1042 1204 1205
f 1042 1205 1043
f 1042 1203 1204
f 1045 1206 1046
f 1046 1206 1047
f 1047 1206 1052
f 1049 1059 1168
f 1050 1057 1207
f 1050 1207 1208
f 1050 1208 1051
f 1051 1208 1209
f 1051 1209 1058
f 1054 1210 1055
f 1055 1210 1057
f 1055 1057 1056
f 1057 1211 1207
f 1057 1210 1212
f 1057 1212 1213
f 1057 1213 1214
f 1057 1214 1215
f 1057 1215 1216
f 1057 1216 1211
f 1058 1217 1063
f 1058 1209 1218
f 1058 1218 1217
f 1059 1062 1219
f 1059 1219 1220
f 1059 1220 1221
f 1059 1221 1168
f 1060 1065 1061
f 1061 1065 1222
f 1061 1222 1062
f 1062 1223 1219
f 1062 1222 1223
f 1063 1217 1064
f 1064 1217 1224
f 1064 1224 1225
f 1064 1225 1065
f 1065 1226 1227
f 1065 1227 1223
f 1065 1223 1222
f 1065 1225 1228
f 1065 1228 1229
f 1065 1229 1230
f 1065 1230 1231
f 1065 1231 1226
f 1066 1232 1067
f 1067 1232 1068
f 1068 1233 1234
f 1068 1234 1069
f 1068 1232 1235
f 1068 1235 1233
f 1069 1234 1070
f 1070 1234 1236
f 1070 1236 1237
f 1070 1237 1072
f 1072 1237 1238
f 1072 1238 1073
f 1073 1239 1078
f 1073 1078 1074
f 1073 1238 1239
f 1075 1240 1079
f 1075 1078 1241
f 1075 1241 1242
f 1075 1242 1243
f 1075 1243 1240
f 1078 1239 1244
f 1078 1244 1245
f 1078 1245 1241
f 1079 1081 1080
f 1079 1240 1081
f 1081 1240 1246
f 1081 1246 1247
f 1081 1247 1082
f 1082 1247 1248
f 1082 1248 1083
f 1083 1249 1084
f 1083 1248 1250
f 1083 1250 1249
f 1084 1249 1085
f 1085 1251 1252
f 1085 1252 1086
f 1085 1249 1251
f 1086 1252 1087
f 1087 1252 1093
f 1088 1095 1094
f 1088 1094 1253
f 1088 1253 1089
f 1089 1254 1255
f 1089 1255 1096
f 1089 1096 1091
f 1089 1253 1254
f 1090 1092 1091
f 1093 1256 1094
f 1093 1252 1256
f 1094 1256 1252
f 1094 1252 1253
f 1096 1255 1257
f 1096 1257 1258
f 1096 1258 1098
f 1096 1098 1097
f 1098 1258 1259
f 1098 1259 1260
f 1098 1260 1261
f 1098 1261 1262
f 1098 1262 1263
f 1098 1263 1100
f 1099 1100 1264
f 1099 1264 1101
f 1100 1265 1264
f 1100 1263 1266
f 1100 1266 1265
f 1101 1264 1267
f 1101 1267 1268
f 1101 1268 1269
f 1101 1269 1102
f 1102 1269 1109
f 1104 1105 1115
f 1105 1108 1270
f 1105 1270 1271
f 1105 1271 1272
f 1105 1272 1273
f 1105 1273 1115
f 1106 1270 1108
f 1106 1107 1274
f 1106 1274 1270
f 1107 1113 1275
f 1107 1275 1276
f 1107 1276 1277
f 1107 1277 1278
f 1107 1278 1279
f 1107 1279 1280
f 1107 1280 1274
f 1107 1110 1113
f 1109 1281 1282
f 1109 1282 1111
f 1109 1269 1283
f 1109 1283 1281
f 1111 1282 1112
f 1112 1284 1113
f 1112 1282 1285
f 1112 1285 1284
f 1113 1284 1285
f 1113 1285 1275
f 1114 1116 1118
f 1115 1273 1286
f 1115 1286 1287
f 1115 1287 1116
f 1116 1287 1118
f 1118 1288 1119
f 1118 1287 1288
f 1119 1288 1289
f 1119 1289 1290
f 1119 1290 1291
f 1119 1291 1120
f 1120 1291 1121
f 1122 1292 1123
f 1123 1292 1293
f 1123 1293 1294
f 1123 1294 1295
f 1123 1295 1296
f 1123 1296 1124
f 1124 1296 1125
f 1125 1296 1295
f 1125 1295 1297
f 1125 1297 1298
f 1125 1298 1299
f 1125 1299 1127
f 1125 1127 1126
f 1127 1300 1301
f 1127 1301 1302
f 1127 1302 1129
f 1127 1129 1128
f 1127 1299 1303
f 1127 1303 1304
f 1127 1304 1300
f 1129 1305 1131
f 1129 1131 1306
f 1129 1306 1130
f 1129 1302 1305
f 1130 1306 1131
f 1131 1305 1302
f 1131 1302 1307
f 1131 1307 1308
f 1131 1308 1132
f 1132 1308 1133
f 1133 1308 1134
f 1134 1309 1135
f 1134 1308 1310
f 1134 1310 1311
f 1134 1311 1309
f 1135 1312 1137
f 1135 1137 1136
f 1135 1309 1313
f 1135 1313 1312
f 1137 1312 1138
f 1138 1312 1314
f 1138 1314 1139
f 1139 1315 1140
f 1139 1314 1316
f 1139 1316 1317
f 1139 1317 1318
f 1139 1318 1319
f 1139 1319 1320
f 1139 1320 1315
f 1140 1315 1141
f 1141 1315 1321
f 1141 1321 1322
f 1141 1322 1323
f 1141 1323 1146
f 1141 1146 1142
f 1143 1324 1325
f 1143 1325 1326
f 1143 1326 1327
f 1143 1327 1144
f 1143 1148 1328
f 1143 1328 1324
f 1144 1327 1329
f 1144 1329 1154
f 1144 1154 1153
f 1144 1153 1145
f 1146 1323 1330
f 1146 1330 1324
f 1146 1324 1331
f 1146 1331 1147
f 1147 1331 1148
f 1148 1331 1328
f 1154 1329 1332
f 1154 1332 1155
f 1155 1333 1158
f 1155 1158 1157
f 1155 1157 1156
f 1155 1332 1334
f 1155 1334 1335
f 1155 1335 1333
f 1159 1333 1336
f 1159 1336 1160
f 1160 1337 1161
f 1160 1336 1337
f 1161 1337 1162
f 1162 1338 1163
f 1162 1337 1338
f 1163 1338 1164
f 1164 1338 1339
f 1164 1339 1340
f 1164 1340 1166
f 1168 1221 1341
f 1168 1341 1342
f 1168 1342 1343
f 1168 1343 1169
f 1169 1343 1342
f 1169 1342 1344
f 1169 1344 1182
f 1169 1179 1172
f 1169 1172 1171
f 1172 1178 1177
f 1172 1176 1173
f 1173 1175 1174
f 1180 1345 1183
f 1180 1183 1181
f 1180 1182 1346
f 1180 1346 1345
f 1182 1344 1342
f 1182 1342 1347
f 1182 1347 1346
f 1183 1345 1346
f 1183 1346 1348
f 1183 1348 1349
f 1183 1349 1184
f 1184 1349 1350
f 1184 1350 1185
f 1185 1351 1195
f 1185 1350 1352
f 1185 1352 1353
f 1185 1353 1354
f 1185 1354 1355
f 1185 1355 1356
f 1185 1356 1351
f 1186 1357 1188
f 1186 1187 1357
f 1187 1196 1358
f 1187 1358 1359
f 1187 1359 1360
f 1187 1360 1357
f 1188 1357 1189
f 1189 1357 1552
f 1189 1552 1361
f 1189 1361 1362
f 1189 1362 1190
f 1190 1362 1561
f 1190 1561 1363
f 1190 1363 1364
f 1190 1364 1365
f 1190 1365 1191
f 1191 1365 1366
f 1192 1366 1367
f 1192 1367 1368
f 1192 1368 1369
f 1192 1369 1193
f 1193 1369 1370
f 1193 1370 1194
f 1194 1370 1198
f 1194 1198 1197
f 1195 1371 1358
f 1195 1358 1196
f 1195 1351 1372
f 1195 1372 1373
f 1195 1373 1374
f 1195 1374 1375
f 1195 1375 1371
f 1198 1370 1376
f 1198 1376 1377
f 1198 1377 1378
f 1198 1378 1199
f 1199 1378 1379
f 1199 1379 1200
f 1200 1379 1201
f 1201 1379 1380
f 1201 1380 1381
f 1201 1381 1202
f 1202 1381 1205
f 1202 1205 1203
f 1203 1205 1204
f 1207 1382 1208
f 1207 1211 1383
f 1207 1383 1384
f 1207 1384 1382
f 1208 1382 1385
f 1208 1385 1209
f 1209 1385 1386
f 1209 1386 1218
f 1211 1216 1383
f 1215 1387 1388
f 1215 1388 1216
f 1216 1388 1383
f 1217 1218 1224
f 1218 1386 1389
f 1218 1389 1224
f 1219 1223 1390
f 1219 1390 1220
f 1220 1390 1391
f 1220 1391 1221
f 1221 1391 1341
f 1223 1227 1392
f 1223 1392 1390
f 1224 1389 1393
f 1224 1393 1394
f 1224 1394 1228
f 1224 1228 1225
f 1226 1231 1395
f 1226 1395 1227
f 1227 1396 1397
f 1227 1397 1398
f 1227 1398 1399
f 1227 1399 1400
f 1227 1400 1391
f 1227 1391 1392
f 1227 1395 1401
f 1227 1401 1396
f 1228 1394 1229
f 1229 1394 1402
f 1229 1402 1403
f 1229 1403 1404
f 1229 1404 1405
f 1229 1405 1230
f 1230 1405 1231
f 1231 1405 1406
f 1231 1406 1407
f 1231 1407 1401
f 1231 1401 1395
f 1232 1408 1235
f 1233 1409 1410
f 1233 1410 1236
f 1233 1236 1234
f 1233 1235 1411
f 1233 1411 1412
f 1233 1412 1409
f 1235 1408 1413
f 1235 1413 1411
f 1236 1410 1237
f 1237 1410 1238
f 1238 1410 1414
f 1238 1414 1239
f 1239 1414 1244
f 1240 1243 1242
f 1240 1242 1415
f 1240 1415 1246
f 1241 1245 1416
f 1241 1416 1242
f 1242 1417 1415
f 1242 1416 1418
f 1242 1418 1419
f 1242 1419 1417
f 1244 1414 1420
f 1244 1420 1421
f 1244 1421 1245
f 1245 1418 1416
f 1245 1421 1418
f 1246 1415 1417
f 1246 1417 1247
f 1247 1422 1423
f 1247 1423 1424
f 1247 1424 1425
f 1247 1425 1250
f 1247 1250 1248
f 1247 1417 1422
f 1249 1250 1426
f 1249 1426 1427
f 1249 1427 1428
f 1249 1428 1429
f 1249 1429 1430
f 1249 1430 1251
f 1250 1431 1432
f 1250 1432 1433
f 1250 1433 1434
f 1250 1434 1426
f 1250 1425 1431
f 1251 1430 1435
f 1251 1435 1252
f 1252 1435 1436
f 1252 1436 1437
f 1252 1437 1253
f 1253 1438 1439
f 1253 1439 1254
f 1253 1437 1440
f 1253 1440 1438
f 1254 1439 1441
f 1254 1441 1255
f 1255 1441 1257
f 1257 1442 1443
f 1257 1443 1444
f 1257 1444 1445
f 1257 1445 1258
f 1257 1441 1446
f 1257 1446 1447
f 1257 1447 1442
f 1258 1445 1448
f 1258 1448 1259
f 1259 1448 1260
f 1260 1448 1261
f 1261 1449 1675
f 1261 1675 1450
f 1261 1450 1451
f 1261 1451 1452
f 1261 1452 1453
f 1261 1453 1454
f 1261 1454 1262
f 1261 1448 1455
f 1261 1455 1456
f 1261 1456 1457
f 1261 1457 1458
f 1261 1458 1449
f 1262 1454 1459
f 1262 1459 1263
f 1263 1459 1266
f 1264 1265 1266
f 1264 1266 1459
f 1264 1459 1460
f 1264 1460 1461
f 1264 1461 1267
f 1267 1461 1452
f 1267 1452 1462
f 1267 1462 1463
f 1267 1463 1268
f 1268 1463 1464
f 1268 1464 1465
f 1268 1465 1269
f 1269 1465 1466
f 1269 1466 1283
f 1270 1467 1271
f 1270 1274 1468
f 1270 1468 1467
f 1271 1467 1469
f 1271 1469 1272
f 1272 1469 1470
f 1272 1470 1273
f 1273 1471 1472
f 1273 1472 1286
f 1273 1470 1473
f 1273 1473 1471
f 1274 1280 1279
f 1274 1279 1474
f 1274 1474 1468
f 1275 1285 1475
f 1275 1475 1276
f 1276 1475 1277
f 1277 1476 1477
f 1277 1477 1279
f 1277 1279 1278
f 1277 1475 1478
f 1277 1478 1476
f 1279 1477 1474
f 1281 1285 1282
f 1281 1283 1479
f 1281 1479 1480
f 1281 1480 1481
f 1281 1481 1285
f 1283 1482 1483
f 1283 1483 1484
f 1283 1484 1485
f 1283 1485 1481
f 1283 1481 1479
f 1283 1466 1482
f 1285 1481 1478
f 1285 1478 1475
f 1286 1472 1287
f 1287 1472 1486
f 1287 1486 1288
f 1288 1486 1289
f 1289 1486 1472
f 1289 1472 1487
f 1289 1487 1290
f 1290 1487 1488
f 1294 1297 1295
f 1294 1489 1490
f 1294 1490 1491
f 1294 1491 1297
f 1297 1491 1303
f 1297 1303 1298
f 1298 1303 1299
f 1300 1307 1301
f 1300 1304 1492
f 1300 1492 1307
f 1301 1307 1302
f 1303 1491 1493
f 1303 1493 1494
f 1303 1494 1304
f 1304 1494 1495
f 1304 1495 1496
f 1304 1496 1497
f 1304 1497 1492
f 1307 1492 1308
f 1308 1492 1497
f 1308 1497 1498
f 1308 1498 1499
f 1308 1499 1310
f 1309 1500 1313
f 1309 1311 1501
f 1309 1501 1502
f 1309 1502 1500
f 1310 1499 1503
f 1310 1503 1504
f 1310 1504 1311
f 1311 1504 1505
f 1311 1505 1506
f 1311 1506 1501
f 1312 1313 1316
f 1312 1316 1314
f 1313 1500 1316
f 1315 1320 1321
f 1316 1500 1317
f 1317 1500 1507
f 1317 1507 1508
f 1317 1508 1509
f 1317 1509 1318
f 1318 1509 1319
f 1319 1509 1510
f 1319 1510 1511
f 1319 1511 1512
f 1319 1512 1320
f 1320 1513 1321
f 1320 1512 1513
f 1321 1513 1514
f 1321 1514 1515
f 1321 1515 1516
f 1321 1516 1322
f 1322 1517 1518
f 1322 1518 1324
f 1322 1324 1330
f 1322 1330 1323
f 1322 1516 1519
f 1322 1519 1520
f 1322 1520 1517
f 1324 1518 1325
f 1324 1328 1331
f 1325 1518 1326
f 1326 1518 1521
f 1326 1521 1517
f 1326 1517 1522
f 1326 1522 1523
f 1326 1523 1327
f 1327 1524 1329
f 1327 1523 1524
f 1329 1524 1525
f 1329 1525 1526
f 1329 1526 1527
f 1329 1527 1528
f 1329 1528 1529
f 1329 1529 1530
f 1329 1530 1335
f 1329 1335 1332
f 1332 1335 1334
f 1333 1335 1336
f 1335 1530 1531
f 1335 1531 1532
f 1335 1532 1336
f 1336 1533 1534
f 1336 1534 1535
f 1336 1535 1337
f 1336 1532 1536
f 1336 1536 1533
f 1337 1535 1534
f 1337 1534 1338
f 1338 1534 1339
f 1339 1534 1537
f 1339 1537 1538
f 1341 1391 1342
f 1342 1391 1539
f 1342 1539 1347
f 1346 1347 1539
f 1346 1539 1348
f 1348 1539 1540
f 1348 1540 1349
f 1349 1540 1399
f 1349 1399 1398
f 1349 1398 1541
f 1349 1541 1542
f 1349 1542 1350
f 1350 1542 1352
f 1351 1356 1543
f 1351 1543 1372
f 1352 1542 1544
f 1352 1544 1545
f 1352 1545 1353
f 1353 1545 1546
f 1353 1546 1547
f 1353 1547 1354
f 1354 1547 1548
f 1354 1548 1355
f 1355 1548 1549
f 1355 1549 1550
f 1355 1550 1551
f 1355 1551 1543
f 1355 1543 1356
f 1357 1360 1553
f 1357 1553 1552
f 1358 1371 1359
f 1359 1554 1360
f 1359 1371 1555
f 1359 1555 1556
f 1359 1556 1554
f 1360 1554 1797
f 1360 1797 1553
f 1361 1552 1557
f 1361 1557 1558
f 1361 1558 1559
f 1361 1559 1560
f 1361 1560 1362
f 1362 1560 1561
f 1363 1561 1562
f 1363 1562 1563
f 1363 1563 1564
f 1363 1564 1364
f 1364 1564 1565
f 1364 1565 1566
f 1364 1566 1567
f 1364 1567 1367
f 1364 1367 1365
f 1365 1367 1366
f 1367 1568 1376
f 1367 1376 1368
f 1367 1567 1569
f 1367 1569 1570
f 1367 1570 1568
f 1368 1376 1369
f 1369 1376 1370
f 1371 1571 1572
f 1371 1572 1555
f 1371 1375 1573
f 1371 1573 1574
f 1371 1574 1571
f 1372 1543 1373
f 1373 1543 1575
f 1373 1575 1576
f 1373 1576 1577
f 1373 1577 1374
f 1374 1577 1578
f 1374 1578 1579
f 1374 1579 1580
f 1374 1580 1581
f 1374 1581 1375
f 1375 1581 1573
f 1376 1568 1582
f 1376 1582 1377
f 1377 1582 1583
f 1377 1583 1584
f 1377 1584 1585
f 1377 1585 1586
f 1377 1586 1379
f 1377 1379 1378
f 1379 1586 1587
f 1379 1587 1588
f 1379 1588 1380
f 1382 1384 1589
f 1382 1589 1590
f 1382 1590 1385
f 1383 1388 1384
f 1384 1388 1591
f 1384 1591 1592
f 1384 1592 1589
f 1385 1593 1386
f 1385 1590 1593
f 1386 1593 1590
f 1386 1590 1594
f 1386 1594 1595
f 1386 1595 1389
f 1387 1596 1388
f 1388 1596 1597
f 1388 1597 1591
f 1389 1595 1393
f 1390 1392 1391
f 1391 1400 1539
f 1393 1402 1394
f 1393 1595 1598
f 1393 1598 1402
f 1396 1599 1600
f 1396 1600 1601
f 1396 1601 1602
f 1396 1602 1603
f 1396 1603 1397
f 1396 1401 1599
f 1397 1541 1398
f 1397 1603 1541
f 1399 1540 1539
f 1399 1539 1400
f 1401 1407 1604
f 1401 1604 1605
f 1401 1605 1599
f 1402 1598 1606
f 1402 1606 1607
f 1402 1607 1608
f 1402 1608 1609
f 1402 1609 1610
f 1402 1610 1611
f 1402 1611 1403
f 1403 1611 1404
f 1404 1611 1612
f 1404 1612 1613
f 1404 1613 1614
f 1404 1614 1615
f 1404 1615 1616
f 1404 1616 1617
f 1404 1617 1618
f 1404 1618 1619
f 1404 1619 1406
f 1404 1406 1405
f 1406 1619 1620
f 1406 1620 1621
f 1406 1621 1622
f 1406 1622 1623
f 1406 1623 1605
f 1406 1605 1407
f 1407 1605 1604
f 1409 1624 1410
f 1409 1412 1625
f 1409 1625 1626
f 1409 1626 1624
f 1410 1624 1627
f 1410 1627 1414
f 1411 1413 1628
f 1411 1628 1412
f 1412 1628 1629
f 1412 1629 1625
f 1414 1627 1420
f 1417 1424 1423
f 1417 1423 1422
f 1417 1419 1630
f 1417 1630 1631
f 1417 1631 1632
f 1417 1632 1866
f 1417 1866 1633
f 1417 1633 1634
f 1417 1634 1431
f 1417 1431 1424
f 1418 1635 1636
f 1418 1636 1419
f 1418 1421 1637
f 1418 1637 1638
f 1418 1638 1635
f 1419 1636 1630
f 1420 1627 1639
f 1420 1639 1421
f 1421 1639 1640
f 1421 1640 1641
f 1421 1641 1642
f 1421 1642 1643
f 1421 1643 1644
f 1421 1644 1637
f 1424 1431 1425
f 1426 1434 1433
f 1426 1433 1645
f 1426 1645 1646
f 1426 1646 1647
f 1426 1647 1648
f 1426 1648 1649
f 1426 1649 1650
f 1426 1650 1651
f 1426 1651 1429
f 1426 1429 1428
f 1426 1428 1427
f 1429 1651 1652
f 1429 1652 1653
f 1429 1653 1435
f 1429 1435 1430
f 1431 1633 1654
f 1431 1654 1432
f 1431 1634 1655
f 1431 1655 1633
f 1432 1654 1656
f 1432 1656 1657
f 1432 1657 1658
f 1432 1658 1433
f 1433 1658 1659
f 1433 1659 1660
f 1433 1660 1645
f 1435 1653 1437
f 1435 1437 1436
f 1437 1653 1440
f 1438 1661 1662
f 1438 1662 1439
f 1438 1440 1661
f 1439 1662 1441
f 1440 1653 1652
f 1440 1652 1648
f 1440 1648 1661
f 1441 1662 1446
f 1442 1663 1443
f 1442 1447 1664
f 1442 1664 1663
f 1443 1445 1444
f 1443 1663 1665
f 1443 1665 1666
f 1443 1666 1667
f 1443 1667 1668
f 1443 1668 1669
f 1443 1669 1670
f 1443 1670 1445
f 1445 1670 1671
f 1445 1671 1448
f 1446 1672 1673
f 1446 1673 1664
f 1446 1664 1447
f 1446 1662 1672
f 1448 1671 1456
f 1448 1456 1455
f 1449 1458 1674
f 1449 1674 1675
f 1450 1675 1676
f 1450 1676 1451
f 1451 1676 1677
f 1451 1677 1452
f 1452 1678 1463
f 1452 1463 1462
f 1452 1461 1454
f 1452 1454 1453
f 1452 1677 1679
f 1452 1679 1680
f 1452 1680 1681
f 1452 1681 1482
f 1452 1482 1678
f 1454 1461 1459
f 1456 1671 1682
f 1456 1682 1683
f 1456 1683 1457
f 1457 1684 1674
f 1457 1674 1458
f 1457 1683 1682
f 1457 1682 1685
f 1457 1685 1686
f 1457 1686 1687
f 1457 1687 1688
f 1457 1688 1689
f 1457 1689 1690
f 1457 1690 1691
f 1457 1691 1684
f 1459 1461 1460
f 1463 1678 1692
f 1463 1692 1464
f 1464 1692 1465
f 1465 1692 1678
f 1465 1678 1693
f 1465 1693 1482
f 1465 1482 1466
f 1467 1468 1695
f 1467 1695 1694
f 1467 1694 1469
f 1468 1474 1695
f 1469 1694 1696
f 1469 1696 1470
f 1470 1697 1473
f 1470 1696 1926
f 1470 1926 1698
f 1470 1698 1699
f 1470 1699 1697
f 1471 1487 1472
f 1471 1473 1700
f 1471 1700 1487
f 1473 1697 1700
f 1474 1477 1695
f 1476 1478 1701
f 1476 1701 1477
f 1477 1701 1695
f 1478 1481 1702
f 1478 1702 1703
f 1478 1703 1704
f 1478 1704 1705
f 1478 1705 1706
f 1478 1706 1707
f 1478 1707 1708
f 1478 1708 1709
f 1478 1709 1710
f 1478 1710 1711
f 1478 1711 1712
f 1478 1712 1713
f 1478 1713 1701
f 1479 1481 1480
f 1481 1485 1702
f 1482 1681 1680
f 1482 1680 1714
f 1482 1714 1715
f 1482 1715 1483
f 1482 1693 1678
f 1483 1715 1484
f 1484 1715 1716
f 1484 1716 1717
f 1484 1717 1485
f 1485 1717 1703
f 1485 1703 1702
f 1487 1700 1718
f 1487 1718 1719
f 1487 1719 1720
f 1487 1720 1488
f 1489 1721 1490
f 1490 1721 1722
f 1490 1722 1723
f 1490 1723 1491
f 1491 1723 1722
f 1491 1722 1724
f 1491 1724 1493
f 1493 1724 1725
f 1493 1725 1726
f 1493 1726 1494
f 1494 1726 1495
f 1495 1727 1496
f 1495 1726 1728
f 1495 1728 1729
f 1495 1729 1730
f 1495 1730 1731
f 1495 1731 1732
f 1495 1732 1733
f 1495 1733 1727
f 1496 1727 1734
f 1496 1734 1497
f 1497 1499 1498
f 1497 1734 1499
f 1499 1734 1503
f 1500 1735 1507
f 1500 1502 1735
f 1501 1736 1737
f 1501 1737 1502
f 1501 1506 1738
f 1501 1738 1736
f 1502 1507 1735
f 1502 1737 1736
f 1502 1736 1739
f 1502 1739 1507
f 1503 1734 1740
f 1503 1740 1504
f 1504 1740 1741
f 1504 1741 1505
f 1505 1741 1742
f 1505 1742 1973
f 1505 1973 1743
f 1505 1743 1506
f 1506 1743 1738
f 1507 1739 1744
f 1507 1744 1508
f 1508 1744 1509
f 1509 1744 1745
f 1509 1745 1746
f 1509 1746 1510
f 1510 1746 1745
f 1510 1745 1747
f 1510 1747 1748
f 1510 1748 1511
f 1511 1748 1749
f 1511 1749 1750
f 1511 1750 1512
f 1512 1750 1751
f 1512 1751 1752
f 1512 1752 1513
f 1513 1752 1753
f 1513 1753 1514
f 1514 1753 1754
f 1514 1754 1515
f 1515 1519 1516
f 1515 1754 1753
f 1515 1753 1520
f 1515 1520 1519
f 1517 1521 1518
f 1517 1520 1755
f 1517 1755 1522
f 1520 1753 1756
f 1520 1756 1757
f 1520 1757 1755
f 1522 1755 1995
f 1522 1995 1758
f 1522 1758 1759
f 1522 1759 1523
f 1523 1759 1760
f 1523 1760 1761
f 1523 1761 1525
f 1523 1525 1762
f 1523 1762 1524
f 1524 1762 1525
f 1525 1761 1763
f 1525 1763 1764
f 1525 1764 1765
f 1525 1765 1766
f 1525 1766 1526
f 1526 1766 1527
f 1527 1766 1767
f 1527 1767 1768
f 1527 1768 1769
f 1527 1769 1770
f 1527 1770 1771
f 1527 1771 1772
f 1527 1772 1528
f 1528 1772 1529
f 1529 1773 1774
f 1529 1774 1775
f 1529 1775 1776
f 1529 1776 1531
f 1529 1531 1530
f 1529 1772 1771
f 1529 1771 1777
f 1529 1777 1773
f 1531 1536 1532
f 1531 1776 1778
f 1531 1778 1779
f 1531 1779 1534
f 1531 1534 1536
f 1533 1536 1534
f 1534 1779 1780
f 1534 1780 1781
f 1534 1781 1782
f 1534 1782 1537
f 1537 1783 1538
f 1537 1782 1783
f 1541 1544 1542
f 1541 1603 1544
f 1543 1551 1575
f 1544 1603 1784
f 1544 1784 1545
f 1545 1784 1785
f 1545 1785 2033
f 1545 2033 1786
f 1545 1786 1548
f 1545 1548 1546
f 1546 1548 1547
f 1548 1786 1787
f 1548 1787 1549
f 1549 1787 1788
f 1549 1788 1550
f 1550 1788 1789
f 1550 1789 1790
f 1550 1790 1791
f 1550 1791 1792
f 1550 1792 1793
f 1550 1793 1576
f 1550 1576 1794
f 1550 1794 1551
f 1551 1794 1576
f 1551 1576 1575
f 1552 1553 1795
f 1552 1795 1796
f 1552 1796 1557
f 1553 1797 1795
f 1554 1556 1797
f 1555 1572 1556
f 1556 1572 1798
f 1556 1798 1797
f 1557 1799 1558
f 1557 1796 1799
f 1558 1799 1800
f 1558 1800 1559
f 1559 1561 1560
f 1559 1800 1801
f 1559 1801 1802
f 1559 1802 1561
f 1561 1802 1801
f 1561 1801 1803
f 1561 1803 1563
f 1561 1563 1562
f 1563 1565 1564
f 1563 1803 1565
f 1565 1803 1566
f 1566 1803 1804
f 1566 1804 1805
f 1566 1805 1567
f 1567 1805 1806
f 1567 1806 1569
f 1568 1807 1582
f 1568 1570 1807
f 1569 1806 1570
f 1570 1808 1807
f 1571 1574 1572
f 1572 1809 1798
f 1572 1574 1810
f 1572 1810 1811
f 1572 1811 1809
f 1573 1581 1812
f 1573 1812 1574
f 1574 1812 1810
f 1576 1793 1813
f 1576 1813 1577
f 1577 1813 1814
f 1577 1814 1578
f 1578 1814 1813
f 1578 1813 1815
f 1578 1815 1816
f 1578 1816 1817
f 1578 1817 1818
f 1578 1818 1580
f 1578 1580 1579
f 1580 1818 1819
f 1580 1819 1581
f 1581 1819 1812
f 1582 1807 1583
f 1583 1808 1584
f 1583 1807 1808
f 1584 1586 1585
f 1589 1820 1590
f 1589 1592 1821
f 1589 1821 1822
f 1589 1822 1823
f 1589 1823 1824
f 1589 1824 1820
f 1590 1820 1824
f 1590 1824 1825
f 1590 1825 1594
f 1591 1597 1592
f 1592 1597 1826
f 1592 1826 1821
f 1594 1825 1595
f 1595 1827 1598
f 1595 1825 1828
f 1595 1828 1829
f 1595 1829 1830
f 1595 1830 1831
f 1595 1831 1832
f 1595 1832 1827
f 1598 1827 1833
f 1598 1833 1606
f 1599 1784 1603
f 1599 1603 1600
f 1599 1605 1784
f 1600 1602 1601
f 1600 1603 1602
f 1605 1623 1834
f 1605 1834 1835
f 1605 1835 1784
f 1606 1833 1836
f 1606 1836 1607
f 1607 1836 1837
f 1607 1837 1608
f 1608 1837 1613
f 1608 1613 1612
f 1608 1612 1611
f 1608 1611 1610
f 1608 1610 1609
f 1613 1837 1838
f 1613 1838 1614
f 1614 1838 1839
f 1614 1839 1840
f 1614 1840 1615
f 1615 1840 1841
f 1615 1841 1616
f 1616 1841 1842
f 1616 1842 1617
f 1617 1843 1844
f 1617 1844 1618
f 1617 1842 1845
f 1617 1845 1846
f 1617 1846 1847
f 1617 1847 1843
f 1618 1844 1848
f 1618 1848 1849
f 1618 1849 1850
f 1618 1850 1620
f 1618 1620 1619
f 1620 1850 1621
f 1621 1850 1851
f 1621 1851 2105
f 1621 2105 1852
f 1621 1852 1853
f 1621 1853 1622
f 1622 1853 1623
f 1623 1853 1854
f 1623 1854 1834
f 1624 1626 1627
f 1625 1629 1855
f 1625 1855 1626
f 1626 1855 1856
f 1626 1856 1640
f 1626 1640 1857
f 1626 1857 1627
f 1627 1857 1639
f 1629 1858 1855
f 1630 1859 1631
f 1630 1636 1860
f 1630 1860 1859
f 1631 1859 1861
f 1631 1861 1862
f 1631 1862 1632
f 1632 1862 1863
f 1632 1863 1864
f 1632 1864 1865
f 1632 1865 1866
f 1633 1866 1654
f 1633 1655 1634
f 1635 1867 1636
f 1635 1638 1867
f 1636 1867 1860
f 1637 1868 1638
f 1637 1644 1868
f 1638 1868 1869
f 1638 1869 1867
f 1639 1857 1640
f 1640 1870 1871
f 1640 1871 1641
f 1640 1856 1870
f 1641 1871 1872
f 1641 1872 1642
f 1642 1872 1873
f 1642 1873 1874
f 1642 1874 1643
f 1643 1874 1875
f 1643 1875 1876
f 1643 1876 1644
f 1644 1876 1869
f 1644 1869 1868
f 1645 1877 1878
f 1645 1878 1646
f 1645 1660 1879
f 1645 1879 1877
f 1646 1878 1880
f 1646 1880 1661
f 1646 1661 1881
f 1646 1881 1647
f 1647 1881 1648
f 1648 1881 1661
f 1648 1652 1650
f 1648 1650 1649
f 1650 1652 1651
f 1654 1866 1656
f 1656 1866 1657
f 1657 1882 1883
f 1657 1883 1658
f 1657 1866 1884
f 1657 1884 1882
f 1658 1883 1885
f 1658 1885 1659
f 1659 1885 1886
f 1659 1886 1660
f 1660 1886 1887
f 1660 1887 1879
f 1661 1888 1889
f 1661 1889 1890
f 1661 1890 1672
f 1661 1672 1662
f 1661 1880 1888
f 1663 1664 1665
f 1664 1673 1891
f 1664 1891 1665
f 1665 1891 1889
f 1665 1889 1892
f 1665 1892 1893
f 1665 1893 1894
f 1665 1894 1895
f 1665 1895 1666
f 1666 1895 1896
f 1666 1896 1667
f 1667 1896 1895
f 1667 1895 1897
f 1667 1897 1898
f 1667 1898 1899
f 1667 1899 1900
f 1667 1900 1668
f 1668 1900 1901
f 1668 1901 1902
f 1668 1902 1669
f 1669 1902 1903
f 1669 1903 1670
f 1670 1903 1904
f 1670 1904 1905
f 1670 1905 1682
f 1670 1682 1906
f 1670 1906 1671
f 1671 1906 1682
f 1672 1889 1673
f 1672 1890 1889
f 1673 1889 1891
f 1674 1684 1675
f 1675 1684 1691
f 1675 1691 1907
f 1675 1907 1676
f 1676 1907 1908
f 1676 1908 1909
f 1676 1909 1910
f 1676 1910 1911
f 1676 1911 1912
f 1676 1912 1677
f 1677 1912 1679
f 1679 1912 1913
f 1679 1913 1914
f 1679 1914 1915
f 1679 1915 1680
f 1680 1915 1916
f 1680 1916 1714
f 1682 1905 1904
f 1682 1904 1685
f 1685 1904 1686
f 1686 1904 1917
f 1686 1917 1688
f 1686 1688 1687
f 1688 1917 1918
f 1688 1918 1689
f 1689 1918 1919
f 1689 1919 1920
f 1689 1920 1921
f 1689 1921 1690
f 1690 1921 1922
f 1690 1922 1691
f 1691 1923 1907
f 1691 1922 1923
f 1694 1695 1924
f 1694 1924 1925
f 1694 1925 1926
f 1694 1926 1927
f 1694 1927 1696
f 1695 1701 1928
f 1695 1928 1924
f 1696 1927 1926
f 1697 1929 1700
f 1697 1699 1930
f 1697 1930 1929
f 1698 1926 1699
f 1699 1926 1931
f 1699 1931 1711
f 1699 1711 1932
f 1699 1932 1933
f 1700 1929 1934
f 1700 1934 1718
f 1701 1924 1928
f 1701 1713 1712
f 1701 1712 1924
f 1703 1717 1935
f 1703 1935 1936
f 1703 1936 1704
f 1704 1936 1705
f 1705 1937 1708
f 1705 1708 1707
f 1705 1707 1706
f 1705 1936 1938
f 1705 1938 1939
f 1705 1939 1940
f 1705 1940 1941
f 1705 1941 1937
f 1708 1937 1942
f 1708 1942 1943
f 1708 1943 1944
f 1708 1944 1945
f 1708 1945 1946
f 1708 1946 1947
f 1708 1947 1948
f 1708 1948 1949
f 1708 1949 1710
f 1708 1710 1709
f 1710 1949 1950
f 1710 1950 1951
f 1710 1951 1711
f 1711 1951 1952
f 1711 1952 1953
f 1711 1953 1932
f 1711 1931 1712
f 1712 1931 1954
f 1712 1954 1924
f 1714 1916 1915
f 1714 1915 1715
f 1715 1915 1716
f 1716 1915 1717
f 1717 1915 1935
f 1718 1934 1955
f 1718 1955 1719
f 1719 1955 1934
f 1721 1956 1957
f 1721 1957 1722
f 1722 1957 1724
f 1724 1957 1725
f 1725 1957 1958
f 1725 1958 1726
f 1726 1958 1959
f 1726 1959 1728
f 1727 1960 1734
f 1727 1733 1961
f 1727 1961 1962
f 1727 1962 1960
f 1728 1959 1963
f 1728 1963 1964
f 1728 1964 1965
f 1728 1965 1729
f 1729 1965 1966
f 1729 1966 1730
f 1730 1966 1967
f 1730 1967 1731
f 1731 1968 1732
f 1731 1967 1968
f 1732 1968 1733
f 1733 1968 1961
f 1734 1969 1740
f 1734 1960 1970
f 1734 1970 1969
f 1736 1738 1971
f 1736 1971 1972
f 1736 1972 1739
f 1738 1743 1973
f 1738 1973 1974
f 1738 1974 1975
f 1738 1975 1976
f 1738 1976 1977
f 1738 1977 1978
f 1738 1978 1979
f 1738 1979 1972
f 1738 1972 1971
f 1739 1972 1744
f 1740 1969 1970
f 1740 1970 1741
f 1741 1970 1980
f 1741 1980 1981
f 1741 1981 1742
f 1742 1981 1982
f 1742 1982 1973
f 1744 1972 1745
f 1745 1979 1983
f 1745 1983 1747
f 1745 1972 1979
f 1747 1984 1749
f 1747 1749 1985
f 1747 1985 1748
f 1747 1983 1986
f 1747 1986 1987
f 1747 1987 1988
f 1747 1988 1989
f 1747 1989 1990
f 1747 1990 1984
f 1748 1985 1749
f 1749 1984 1991
f 1749 1991 1992
f 1749 1992 1751
f 1749 1751 1750
f 1751 1992 1993
f 1751 1993 1753
f 1751 1753 1994
f 1751 1994 1752
f 1752 1994 1753
f 1753 1993 1756
f 1755 1757 1995
f 1756 1995 1757
f 1756 1993 1996
f 1756 1996 1995
f 1758 1995 1759
f 1759 1995 1997
f 1759 1997 1998
f 1759 1998 1999
f 1759 1999 1760
f 1760 1999 1763
f 1760 1763 1761
f 1763 1999 2000
f 1763 2000 2001
f 1763 2001 1764
f 1764 2001 1765
f 1765 2002 2003
f 1765 2003 1767
f 1765 1767 1766
f 1765 2001 2000
f 1765 2000 2004
f 1765 2004 2005
f 1765 2005 2006
f 1765 2006 2007
f 1765 2007 2008
f 1765 2008 2002
f 1767 2003 1768
f 1768 2003 2002
f 1768 2002 2009
f 1768 2009 2010
f 1768 2010 2011
f 1768 2011 2012
f 1768 2012 1769
f 1769 2013 1770
f 1769 2012 2014
f 1769 2014 2013
f 1770 2013 1771
f 1771 2013 2015
f 1771 2015 1777
f 1773 2016 1774
f 1773 1777 2017
f 1773 2017 2018
f 1773 2018 2016
f 1774 2016 2018
f 1774 2018 2019
f 1774 2019 2020
f 1774 2020 2021
f 1774 2021 2022
f 1774 2022 2023
f 1774 2023 1775
f 1775 2023 1776
f 1776 2023 2024
f 1776 2024 1778
f 1777 2015 2025
f 1777 2025 2026
f 1777 2026 2017
f 1778 2024 1779
f 1779 2024 1780
f 1780 2024 2023
f 1780 2023 2027
f 1780 2027 1781
f 1781 2028 1782
f 1781 2027 2029
f 1781 2029 2030
f 1781 2030 2031
f 1781 2031 2032
f 1781 2032 2028
f 1784 1835 1785
f 1785 1835 2033
f 1786 2033 2034
f 1786 2034 1787
f 1787 2034 2035
f 1787 2035 2036
f 1787 2036 1791
f 1787 1791 1790
f 1787 1790 1788
f 1788 1790 1789
f 1791 2036 1792
f 1792 2037 1793
f 1792 2036 2037
f 1793 2037 1813
f 1795 1797 1798
f 1795 1798 1796
f 1796 1798 2038
f 1796 2038 1799
f 1798 1809 2038
f 1799 2038 1809
f 1799 1809 2039
f 1799 2039 2040
f 1799 2040 2041
f 1799 2041 2042
f 1799 2042 2043
f 1799 2043 1800
f 1800 2043 2044
f 1800 2044 1801
f 1801 2044 2045
f 1801 2045 1803
f 1803 2045 2046
f 1803 2046 1804
f 1804 2046 2047
f 1804 2047 2048
f 1804 2048 2049
f 1804 2049 1805
f 1805 2049 1806
f 1809 2050 2040
f 1809 2040 2051
f 1809 2051 2039
f 1809 1811 2052
f 1809 2052 2050
f 1810 1812 1819
f 1810 1819 2053
f 1810 2053 2054
f 1810 2054 1811
f 1811 2054 2055
f 1811 2055 2052
f 1813 2037 1815
f 1815 2056 2057
f 1815 2057 1816
f 1815 2037 2306
f 1815 2306 2056
f 1816 2057 2058
f 1816 2058 2059
f 1816 2059 1817
f 1817 2059 2060
f 1817 2060 2061
f 1817 2061 1818
f 1818 2061 2053
f 1818 2053 1819
f 1821 1826 2062
f 1821 2062 2063
f 1821 2063 1822
f 1822 2063 2064
f 1822 2064 1823
f 1823 2064 2065
f 1823 2065 2066
f 1823 2066 2067
f 1823 2067 1824
f 1824 2068 2069
f 1824 2069 2070
f 1824 2070 1825
f 1824 2067 2068
f 1825 2070 2069
f 1825 2069 2071
f 1825 2071 1828
f 1827 1832 1833
f 1828 2071 1829
f 1829 2071 1830
f 1830 2072 2073
f 1830 2073 2074
f 1830 2074 2075
f 1830 2075 1831
f 1830 2071 2072
f 1831 2075 1832
f 1832 2076 2077
f 1832 2077 1837
f 1832 1837 1836
f 1832 1836 1833
f 1832 2075 2076
f 1834 1854 1835
f 1835 2078 2034
f 1835 2034 2033
f 1835 1854 2078
f 1837 2077 2079
f 1837 2079 2080
f 1837 2080 1838
f 1838 2080 2081
f 1838 2081 2082
f 1838 2082 1839
f 1839 2083 2084
f 1839 2084 2085
f 1839 2085 2086
f 1839 2086 1841
f 1839 1841 1840
f 1839 2082 2083
f 1841 1845 1842
f 1841 2086 2087
f 1841 2087 2088
f 1841 2088 1845
f 1843 1847 2089
f 1843 2089 2090
f 1843 2090 2091
f 1843 2091 1844
f 1844 2091 2092
f 1844 2092 2093
f 1844 2093 2094
f 1844 2094 1848
f 1845 2088 2095
f 1845 2095 1846
f 1846 2095 2096
f 1846 2096 1847
f 1847 2096 2097
f 1847 2097 2098
f 1847 2098 2089
f 1848 2099 1849
f 1848 2094 2100
f 1848 2100 2099
f 1849 2101 2102
f 1849 2102 1850
f 1849 2099 2101
f 1850 2102 1851
f 1851 2103 2104
f 1851 2104 2105
f 1851 2102 2103
f 1852 2105 2106
f 1852 2106 1853
f 1853 2106 2107
f 1853 2107 2108
f 1853 2108 1854
f 1854 2108 2078
f 1855 1858 2109
f 1855 2109 2110
f 1855 2110 1856
f 1856 2111 1870
f 1856 2110 2111
f 1859 2112 2113
f 1859 2113 1861
f 1859 1860 2112
f 1860 1867 2114
f 1860 2114 2112
f 1861 2113 1862
f 1862 2115 2116
f 1862 2116 2117
f 1862 2117 1865
f 1862 1865 1864
f 1862 1864 1863
f 1862 2113 2118
f 1862 2118 2115
f 1865 2117 1866
f 1866 2117 2119
f 1866 2119 1884
f 1867 1869 2120
f 1867 2120 2121
f 1867 2121 2114
f 1869 1876 2122
f 1869 2123 2124
f 1869 2124 2121
f 1869 2121 2120
f 1870 2125 1871
f 1870 2111 2126
f 1870 2126 2125
f 1871 2125 1872
f 1872 2125 2127
f 1872 2127 1873
f 1873 2127 2128
f 1873 2128 2129
f 1873 2129 2130
f 1873 2130 1874
f 1874 2130 2131
f 1874 2131 1875
f 1875 2131 2132
f 1875 2132 2122
f 1875 2122 1876
f 1877 1879 2133
f 1877 2133 2134
f 1877 2134 1878
f 1878 2134 2135
f 1878 2135 2136
f 1878 2136 1880
f 1879 1887 2137
f 1879 2137 2133
f 1880 2136 1888
f 1882 1884 2138
f 1882 2138 2139
f 1882 2139 2060
f 1882 2060 2140
f 1882 2140 2141
f 1882 2141 1883
f 1883 2141 1885
f 1884 2119 2138
f 1885 2141 2142
f 1885 2142 1886
f 1886 2142 2143
f 1886 2143 2144
f 1886 2144 2145
f 1886 2145 2146
f 1886 2146 1887
f 1887 2146 2147
f 1887 2147 2137
f 1888 2136 1889
f 1889 2148 1892
f 1889 2136 2148
f 1892 2148 1893
f 1893 2148 2135
f 1893 2135 2134
f 1893 2134 2149
f 1893 2149 2150
f 1893 2150 2151
f 1893 2151 1894
f 1894 2151 2150
f 1894 2150 2152
f 1894 2152 2153
f 1894 2153 2154
f 1894 2154 2155
f 1894 2155 2156
f 1894 2156 2157
f 1894 2157 1895
f 1895 2157 1897
f 1897 2158 2159
f 1897 2159 1899
f 1897 1899 1898
f 1897 2157 2160
f 1897 2160 2161
f 1897 2161 2158
f 1899 2159 2162
f 1899 2162 2163
f 1899 2163 2164
f 1899 2164 1900
f 1900 2164 2165
f 1900 2165 2166
f 1900 2166 1901
f 1901 2166 1902
f 1902 1904 1903
f 1902 2166 2167
f 1902 2167 2168
f 1902 2168 2169
f 1902 2169 1904
f 1904 2169 1917
f 1907 1923 1908
f 1908 1923 1922
f 1908 1922 2170
f 1908 2170 2171
f 1908 2171 2172
f 1908 2172 1909
f 1909 2172 2173
f 1909 2173 1910
f 1910 2173 2174
f 1910 2174 1911
f 1911 2174 1915
f 1911 1915 1912
f 1912 1915 2175
f 1912 2175 1913
f 1913 2175 1914
f 1914 2175 1915
f 1915 2176 1935
f 1915 2174 2172
f 1915 2172 2177
f 1915 2177 2178
f 1915 2178 2179
f 1915 2179 2180
f 1915 2180 2181
f 1915 2181 2182
f 1915 2182 2183
f 1915 2183 2184
f 1915 2184 2176
f 1917 2169 2185
f 1917 2185 2186
f 1917 2186 2187
f 1917 2187 1918
f 1918 2187 2188
f 1918 2188 1919
f 1919 2189 2190
f 1919 2190 2191
f 1919 2191 1922
f 1919 1922 1921
f 1919 1921 1920
f 1919 2188 2189
f 1922 2191 2192
f 1922 2192 2193
f 1922 2193 2194
f 1922 2194 2195
f 1922 2195 2196
f 1922 2196 2197
f 1922 2197 2172
f 1922 2172 2171
f 1922 2171 2170
f 1924 1954 1925
f 1925 1954 1926
f 1926 1954 1931
f 1929 1930 1934
f 1932 1953 1933
f 1933 1953 2198
f 1933 2198 2199
f 1935 2176 1936
f 1936 2176 2200
f 1936 2200 1938
f 1937 1941 2201
f 1937 2201 1942
f 1938 2200 2202
f 1938 2202 1939
f 1939 2202 2203
f 1939 2203 1940
f 1940 2203 2204
f 1940 2204 2205
f 1940 2205 2206
f 1940 2206 2207
f 1940 2207 1941
f 1941 2207 2208
f 1941 2208 2201
f 1942 2201 2208
f 1942 2208 2209
f 1942 2209 2210
f 1942 2210 1943
f 1943 2211 1944
f 1943 2210 2209
f 1943 2209 2212
f 1943 2212 2213
f 1943 2213 2211
f 1944 2211 1945
f 1945 2211 2213
f 1945 2213 2214
f 1945 2214 1946
f 1946 2215 1947
f 1946 2214 2216
f 1946 2216 2215
f 1947 2215 2217
f 1948 1950 1949
f 1948 2218 2219
f 1948 2219 1951
f 1948 1951 1950
f 1951 2219 2220
f 1951 2220 2198
f 1951 2198 1953
f 1951 1953 1952
f 1956 2221 1957
f 1957 2221 2222
f 1957 2222 1958
f 1958 2222 1959
f 1959 2222 1964
f 1959 1964 1963
f 1960 1962 1970
f 1961 1968 1962
f 1962 2223 1970
f 1962 1968 2224
f 1962 2224 2223
f 1964 2222 2225
f 1964 2225 2226
f 1964 2226 2227
f 1964 2227 1965
f 1965 2227 2228
f 1965 2228 2229
f 1965 2229 1966
f 1966 2229 1967
f 1967 2230 2231
f 1967 2231 2232
f 1967 2232 2233
f 1967 2233 2234
f 1967 2234 1968
f 1967 2229 2230
f 1968 2234 2235
f 1968 2235 2224
f 1970 2223 1980
f 1973 1982 1975
f 1973 1975 1974
f 1975 2236 2237
f 1975 2237 2238
f 1975 2238 1978
f 1975 1978 2239
f 1975 2239 1976
f 1975 1982 1980
f 1975 1980 2223
f 1975 2223 2236
f 1976 2239 1977
f 1977 2239 1978
f 1978 2238 2240
f 1978 2240 2241
f 1978 2241 1983
f 1978 1983 1979
f 1980 1982 1981
f 1983 2241 1986
f 1984 2242 1991
f 1984 1990 2243
f 1984 2243 2242
f 1986 2244 2245
f 1986 2245 2246
f 1986 2246 2247
f 1986 2247 1987
f 1986 2241 2240
f 1986 2240 2248
f 1986 2248 2244
f 1987 2247 1988
f 1988 2247 2246
f 1988 2246 2249
f 1988 2249 2250
f 1988 2250 1989
f 1989 2250 2251
f 1989 2251 2252
f 1989 2252 2243
f 1989 2243 1990
f 1991 2242 2243
f 1991 2243 2253
f 1991 2253 2254
f 1991 2254 2255
f 1991 2255 2256
f 1991 2256 2257
f 1991 2257 1992
f 1992 2257 1993
f 1993 2257 1996
f 1995 1996 2257
f 1995 2257 2258
f 1995 2258 2259
f 1995 2259 1997
f 1997 2259 1998
f 1998 2259 2258
f 1998 2258 2000
f 1998 2000 1999
f 2000 2258 2260
f 2000 2260 2261
f 2000 2261 2004
f 2002 2262 2263
f 2002 2263 2010
f 2002 2010 2009
f 2002 2008 2262
f 2004 2261 2264
f 2004 2264 2265
f 2004 2265 2005
f 2005 2265 2266
f 2005 2266 2267
f 2005 2267 2268
f 2005 2268 2269
f 2005 2269 2006
f 2006 2268 2007
f 2006 2269 2268
f 2007 2270 2271
f 2007 2271 2272
f 2007 2272 2273
f 2007 2273 2274
f 2007 2274 2008
f 2007 2268 2275
f 2007 2275 2276
f 2007 2276 2277
f 2007 2277 2278
f 2007 2278 2279
f 2007 2279 2270
f 2008 2274 2280
f 2008 2280 2281
f 2008 2281 2262
f 2010 2263 2262
f 2010 2262 2282
f 2010 2282 2283
f 2010 2283 2012
f 2010 2012 2011
f 2012 2284 2013
f 2012 2013 2014
f 2012 2283 2285
f 2012 2285 2286
f 2012 2286 2287
f 2012 2287 2288
f 2012 2288 2284
f 2013 2284 2288
f 2013 2288 2289
f 2013 2289 2015
f 2015 2289 2025
f 2017 2026 2018
f 2018 2026 2290
f 2018 2290 2019
f 2019 2291 2020
f 2019 2290 2292
f 2019 2292 2293
f 2019 2293 2291
f 2020 2291 2021
f 2021 2291 2294
f 2021 2294 2030
f 2021 2030 2027
f 2021 2027 2022
f 2022 2027 2023
f 2025 2295 2296
f 2025 2296 2026
f 2025 2289 2288
f 2025 2288 2297
f 2025 2297 2298
f 2025 2298 2299
f 2025 2299 2295
f 2026 2296 2290
f 2027 2030 2029
f 2030 2294 2031
f 2031 2300 2301
f 2031 2301 2302
f 2031 2302 2032
f 2031 2294 2300
f 2032 2302 2303
f 2034 2078 2304
f 2034 2304 2035
f 2035 2304 2305
f 2035 2305 2306
f 2035 2306 2037
f 2035 2037 2036
f 2039 2051 2040
f 2040 2307 2308
f 2040 2308 2041
f 2040 2050 2309
f 2040 2309 2310
f 2040 2310 2307
f 2041 2308 2311
f 2041 2311 2042
f 2042 2311 2312
f 2042 2312 2043
f 2043 2312 2044
f 2044 2312 2311
f 2044 2311 2313
f 2044 2313 2314
f 2044 2314 2045
f 2050 2052 2315
f 2050 2315 2309
f 2052 2055 2315
f 2053 2061 2316
f 2053 2316 2054
f 2054 2317 2055
f 2054 2316 2317
f 2055 2317 2315
f 2056 2318 2319
f 2056 2319 2320
f 2056 2320 2057
f 2056 2306 2321
f 2056 2321 2322
f 2056 2322 2318
f 2057 2320 2058
f 2058 2143 2323
f 2058 2323 2059
f 2058 2320 2319
f 2058 2319 2324
f 2058 2324 2325
f 2058 2325 2326
f 2058 2326 2144
f 2058 2144 2143
f 2059 2323 2141
f 2059 2141 2140
f 2059 2140 2060
f 2060 2139 2327
f 2060 2327 2328
f 2060 2328 2329
f 2060 2329 2061
f 2061 2329 2316
f 2063 2330 2065
f 2063 2065 2064
f 2065 2330 2331
f 2065 2331 2332
f 2065 2332 2333
f 2065 2333 2066
f 2066 2333 2334
f 2066 2334 2335
f 2066 2335 2072
f 2066 2072 2067
f 2067 2072 2068
f 2068 2071 2069
f 2068 2072 2071
f 2072 2335 2073
f 2073 2335 2336
f 2073 2336 2074
f 2074 2336 2335
f 2074 2335 2337
f 2074 2337 2338
f 2074 2338 2339
f 2074 2339 2076
f 2074 2076 2075
f 2076 2339 2340
f 2076 2340 2077
f 2077 2340 2079
f 2078 2108 2304
f 2079 2340 2081
f 2079 2081 2080
f 2081 2341 2082
f 2081 2340 2339
f 2081 2339 2341
f 2082 2341 2342
f 2082 2342 2083
f 2083 2342 2343
f 2083 2343 2344
f 2083 2344 2345
f 2083 2345 2084
f 2084 2345 2346
f 2084 2346 2347
f 2084 2347 2348
f 2084 2348 2349
f 2084 2349 2085
f 2085 2349 2350
f 2085 2350 2086
f 2086 2350 2087
f 2087 2350 2351
f 2087 2351 2088
f 2088 2351 2352
f 2088 2352 2353
f 2088 2353 2096
f 2088 2096 2095
f 2089 2098 2354
f 2089 2354 2090
f 2090 2354 2279
f 2090 2279 2355
f 2090 2355 2356
f 2090 2356 2093
f 2090 2093 2357
f 2090 2357 2091
f 2091 2357 2093
f 2091 2093 2092
f 2093 2356 2358
f 2093 2358 2359
f 2093 2359 2360
f 2093 2360 2361
f 2093 2361 2362
f 2093 2362 2363
f 2093 2363 2364
f 2093 2364 2100
f 2093 2100 2094
f 2096 2353 2097
f 2097 2353 2271
f 2097 2271 2098
f 2098 2271 2354
f 2099 2365 2366
f 2099 2366 2101
f 2099 2100 2364
f 2099 2364 2425
f 2099 2425 2365
f 2101 2366 2162
f 2101 2162 2102
f 2102 2367 2103
f 2102 2162 2367
f 2103 2368 2369
f 2103 2369 2370
f 2103 2370 2104
f 2103 2367 2162
f 2103 2162 2371
f 2103 2371 2368
f 2104 2370 2105
f 2105 2370 2107
f 2105 2107 2106
f 2107 2370 2372
f 2107 2372 2373
f 2107 2373 2374
f 2107 2374 2375
f 2107 2375 2108
f 2108 2376 2377
f 2108 2377 2304
f 2108 2375 2376
f 2110 2378 2111
f 2111 2378 2379
f 2111 2379 2126
f 2112 2114 2380
f 2112 2380 2118
f 2112 2118 2113
f 2114 2381 2382
f 2114 2382 2383
f 2114 2383 2384
f 2114 2384 2380
f 2114 2121 2381
f 2115 2118 2385
f 2115 2385 2386
f 2115 2386 2387
f 2115 2387 2317
f 2115 2317 2388
f 2115 2388 2328
f 2115 2328 2119
f 2115 2119 2116
f 2116 2119 2117
f 2118 2384 2389
f 2118 2389 2385
f 2118 2380 2384
f 2119 2328 2138
f 2121 2124 2390
f 2121 2390 2391
f 2121 2391 2392
f 2121 2392 2381
f 2123 2393 2394
f 2123 2394 2395
f 2123 2395 2124
f 2124 2395 2390
f 2125 2126 2396
f 2125 2396 2127
f 2126 2379 2397
f 2126 2397 2398
f 2126 2398 2396
f 2127 2396 2399
f 2127 2399 2400
f 2127 2400 2128
f 2128 2400 2129
f 2129 2401 2130
f 2130 2401 2131
f 2133 2137 2402
f 2133 2402 2403
f 2133 2403 2404
f 2133 2404 2405
f 2133 2405 2134
f 2134 2405 2149
f 2135 2148 2136
f 2137 2147 2406
f 2137 2406 2407
f 2137 2407 2402
f 2138 2328 2327
f 2138 2327 2139
f 2141 2323 2142
f 2142 2323 2143
f 2144 2326 2325
f 2144 2325 2408
f 2144 2408 2146
f 2144 2146 2145
f 2146 2408 2409
f 2146 2409 2410
f 2146 2410 2147
f 2147 2410 2406
f 2149 2405 2150
f 2150 2405 2411
f 2150 2411 2152
f 2152 2411 2153
f 2153 2411 2405
f 2153 2405 2412
f 2153 2412 2413
f 2153 2413 2414
f 2153 2414 2154
f 2154 2415 2155
f 2154 2414 2416
f 2154 2416 2417
f 2154 2417 2418
f 2154 2418 2415
f 2155 2415 2156
f 2156 2419 2420
f 2156 2420 2160
f 2156 2160 2157
f 2156 2415 2421
f 2156 2421 2422
f 2156 2422 2419
f 2158 2161 2423
f 2158 2423 2162
f 2158 2162 2159
f 2160 2420 2161
f 2161 2420 2424
f 2161 2424 2423
f 2162 2366 2425
f 2162 2425 2426
f 2162 2426 2427
f 2162 2427 2165
f 2162 2165 2428
f 2162 2428 2163
f 2162 2423 2424
f 2162 2424 2429
f 2162 2429 2430
f 2162 2430 2371
f 2163 2428 2164
f 2164 2428 2165
f 2165 2427 2431
f 2165 2431 2432
f 2165 2432 2433
f 2165 2433 2434
f 2165 2434 2167
f 2165 2167 2166
f 2167 2434 2433
f 2167 2433 2359
f 2167 2359 2435
f 2167 2435 2436
f 2167 2436 2168
f 2168 2436 2437
f 2168 2437 2186
f 2168 2186 2185
f 2168 2185 2169
f 2172 2438 2177
f 2172 2174 2173
f 2172 2197 2439
f 2172 2439 2440
f 2172 2440 2438
f 2176 2184 2200
f 2177 2438 2178
f 2178 2181 2180
f 2178 2180 2179
f 2178 2438 2440
f 2178 2440 2441
f 2178 2441 2181
f 2181 2203 2202
f 2181 2202 2183
f 2181 2183 2182
f 2181 2441 2442
f 2181 2442 2443
f 2181 2443 2204
f 2181 2204 2203
f 2183 2202 2184
f 2184 2202 2200
f 2186 2437 2444
f 2186 2444 2445
f 2186 2445 2446
f 2186 2446 2447
f 2186 2447 2187
f 2187 2447 2448
f 2187 2448 2449
f 2187 2449 2188
f 2188 2449 2189
f 2189 2449 2190
f 2190 2449 2450
f 2190 2450 2451
f 2190 2451 2452
f 2190 2452 2453
f 2190 2453 2454
f 2190 2454 2191
f 2191 2454 2192
f 2192 2454 2193
f 2193 2454 2453
f 2193 2453 2455
f 2193 2455 2456
f 2193 2456 2457
f 2193 2457 2458
f 2193 2458 2459
f 2193 2459 2194
f 2194 2459 2460
f 2194 2460 2196
f 2194 2196 2195
f 2196 2460 2250
f 2196 2250 2461
f 2196 2461 2462
f 2196 2462 2463
f 2196 2463 2441
f 2196 2441 2439
f 2196 2439 2197
f 2198 2220 2199
f 2204 2443 2464
f 2204 2464 2205
f 2205 2464 2465
f 2205 2465 2206
f 2206 2466 2207
f 2206 2465 2467
f 2206 2467 2466
f 2207 2466 2208
f 2208 2466 2209
f 2209 2466 2468
f 2209 2468 2469
f 2209 2469 2212
f 2212 2469 2213
f 2213 2469 2470
f 2213 2470 2471
f 2213 2471 2472
f 2213 2472 2473
f 2213 2473 2474
f 2213 2474 2475
f 2213 2475 2476
f 2213 2476 2214
f 2214 2476 2475
f 2214 2475 2474
f 2214 2474 2477
f 2214 2477 2478
f 2214 2478 2216
f 2215 2216 2217
f 2216 2478 2217
f 2217 2478 2477
f 2217 2477 2479
f 2218 2220 2219
f 2221 2480 2222
f 2222 2480 2481
f 2222 2481 2482
f 2222 2482 2225
f 2223 2224 2483
f 2223 2483 2236
f 2224 2235 2484
f 2224 2484 2240
f 2224 2240 2483
f 2225 2482 2226
f 2226 2482 2485
f 2226 2485 2227
f 2227 2486 2487
f 2227 2487 2228
f 2227 2485 2488
f 2227 2488 2489
f 2227 2489 2490
f 2227 2490 2491
f 2227 2491 2486
f 2228 2487 2229
f 2229 2487 2492
f 2229 2492 2230
f 2230 2492 2493
f 2230 2493 2231
f 2231 2493 2494
f 2231 2494 2495
f 2231 2495 2496
f 2231 2496 2497
f 2231 2497 2232
f 2232 2498 2233
f 2232 2497 2498
f 2233 2498 2499
f 2233 2499 2500
f 2233 2500 2234
f 2234 2500 2501
f 2234 2501 2235
f 2235 2501 2484
f 2236 2483 2240
f 2236 2240 2237
f 2237 2240 2238
f 2240 2502 2244
f 2240 2244 2248
f 2240 2484 2502
f 2243 2503 2253
f 2243 2252 2458
f 2243 2458 2504
f 2243 2504 2457
f 2243 2457 2505
f 2243 2505 2503
f 2244 2502 2501
f 2244 2501 2506
f 2244 2506 2507
f 2244 2507 2508
f 2244 2508 2509
f 2244 2509 2245
f 2245 2509 2246
f 2246 2250 2249
f 2246 2509 2462
f 2246 2462 2461
f 2246 2461 2250
f 2250 2460 2251
f 2251 2460 2459
f 2251 2459 2510
f 2251 2510 2252
f 2252 2510 2458
f 2253 2503 2255
f 2253 2255 2254
f 2255 2503 2511
f 2255 2511 2512
f 2255 2512 2258
f 2255 2258 2256
f 2256 2258 2257
f 2258 2512 2260
f 2260 2512 2513
f 2260 2513 2261
f 2261 2513 2514
f 2261 2514 2264
f 2262 2281 2515
f 2262 2515 2285
f 2262 2285 2283
f 2262 2283 2282
f 2264 2514 2516
f 2264 2516 2517
f 2264 2517 2518
f 2264 2518 2266
f 2264 2266 2265
f 2266 2519 2520
f 2266 2520 2677
f 2266 2677 2521
f 2266 2521 2267
f 2266 2518 2519
f 2267 2521 2268
f 2268 2522 2523
f 2268 2523 2275
f 2268 2521 2522
f 2270 2279 2271
f 2271 2279 2354
f 2271 2353 2352
f 2271 2352 2524
f 2271 2524 2273
f 2271 2273 2272
f 2273 2525 2587
f 2273 2587 2526
f 2273 2526 2527
f 2273 2527 2274
f 2273 2524 2352
f 2273 2352 2525
f 2274 2527 2528
f 2274 2528 2529
f 2274 2529 2515
f 2274 2515 2281
f 2274 2281 2280
f 2275 2523 2276
f 2276 2523 2277
f 2277 2523 2278
f 2278 2355 2279
f 2278 2523 2530
f 2278 2530 2531
f 2278 2531 2532
f 2278 2532 2356
f 2278 2356 2355
f 2285 2515 2286
f 2286 2515 2533
f 2286 2533 2287
f 2287 2533 2534
f 2287 2534 2535
f 2287 2535 2288
f 2288 2535 2536
f 2288 2536 2537
f 2288 2537 2538
f 2288 2538 2298
f 2288 2298 2297
f 2290 2296 2295
f 2290 2295 2539
f 2290 2539 2540
f 2290 2540 2541
f 2290 2541 2293
f 2290 2293 2292
f 2291 2542 2543
f 2291 2543 2301
f 2291 2301 2300
f 2291 2300 2294
f 2291 2293 2542
f 2293 2541 2544
f 2293 2544 2542
f 2295 2299 2545
f 2295 2545 2539
f 2298 2538 2546
f 2298 2546 2299
f 2299 2546 2538
f 2299 2538 2545
f 2301 2547 2302
f 2301 2543 2547
f 2302 2547 2548
f 2302 2548 2303
f 2304 2377 2549
f 2304 2549 2550
f 2304 2550 2551
f 2304 2551 2306
f 2304 2306 2305
f 2306 2551 2565
f 2306 2565 2321
f 2307 2310 2386
f 2307 2386 2385
f 2307 2385 2308
f 2308 2385 2552
f 2308 2552 2553
f 2308 2553 2311
f 2309 2315 2310
f 2310 2315 2556
f 2310 2556 2386
f 2311 2553 2313
f 2313 2554 2555
f 2313 2553 2554
f 2315 2317 2556
f 2316 2329 2557
f 2316 2557 2317
f 2317 2387 2556
f 2317 2557 2388
f 2318 2322 2319
f 2319 2322 2558
f 2319 2558 2559
f 2319 2559 2560
f 2319 2560 2561
f 2319 2561 2562
f 2319 2562 2417
f 2319 2417 2416
f 2319 2416 2410
f 2319 2410 2563
f 2319 2563 2564
f 2319 2564 2324
f 2321 2565 2322
f 2322 2565 2566
f 2322 2566 2567
f 2322 2567 2558
f 2324 2564 2325
f 2325 2564 2563
f 2325 2563 2409
f 2325 2409 2408
f 2328 2388 2329
f 2329 2388 2557
f 2331 2568 2332
f 2332 2568 2569
f 2332 2569 2570
f 2332 2570 2333
f 2333 2570 2571
f 2333 2571 2334
f 2334 2571 2570
f 2334 2570 2572
f 2334 2572 2335
f 2335 2572 2573
f 2335 2573 2574
f 2335 2574 2575
f 2335 2575 2337
f 2337 2575 2576
f 2337 2576 2338
f 2338 2576 2343
f 2338 2343 2341
f 2338 2341 2339
f 2341 2343 2342
f 2343 2576 2577
f 2343 2577 2345
f 2343 2345 2344
f 2345 2577 2578
f 2345 2578 2579
f 2345 2579 2580
f 2345 2580 2581
f 2345 2581 2582
f 2345 2582 2346
f 2346 2582 2583
f 2346 2583 2347
f 2347 2350 2349
f 2347 2349 2348
f 2347 2583 2584
f 2347 2584 2585
f 2347 2585 2350
f 2350 2585 2586
f 2350 2586 2351
f 2351 2587 2352
f 2351 2586 2588
f 2351 2588 2589
f 2351 2589 2587
f 2352 2587 2525
f 2356 2590 2591
f 2356 2591 2359
f 2356 2359 2358
f 2356 2532 2592
f 2356 2592 2590
f 2359 2591 2435
f 2359 2433 2432
f 2359 2432 2593
f 2359 2593 2360
f 2360 2593 2432
f 2360 2432 2594
f 2360 2594 2361
f 2361 2594 2431
f 2361 2431 2427
f 2361 2427 2362
f 2362 2427 2426
f 2362 2426 2363
f 2363 2426 2425
f 2363 2425 2364
f 2365 2425 2366
f 2368 2371 2430
f 2368 2430 2369
f 2369 2373 2370
f 2369 2430 2595
f 2369 2595 2373
f 2370 2373 2372
f 2373 2595 2596
f 2373 2596 2597
f 2373 2597 2598
f 2373 2598 2374
f 2374 2598 2376
f 2374 2376 2375
f 2376 2598 2377
f 2377 2598 2597
f 2377 2597 2558
f 2377 2558 2567
f 2377 2567 2549
f 2381 2392 2382
f 2382 2392 2383
f 2383 2392 2599
f 2383 2599 2600
f 2383 2600 2601
f 2383 2601 2384
f 2384 2601 2389
f 2385 2389 2601
f 2385 2601 2600
f 2385 2600 2552
f 2386 2556 2387
f 2390 2395 2599
f 2390 2599 2392
f 2390 2392 2391
f 2393 2602 2603
f 2393 2603 2394
f 2394 2603 2552
f 2394 2552 2600
f 2394 2600 2599
f 2394 2599 2395
f 2396 2398 2399
f 2402 2407 2403
f 2403 2413 2412
f 2403 2412 2404
f 2403 2407 2410
f 2403 2410 2413
f 2404 2412 2405
f 2406 2410 2407
f 2409 2563 2410
f 2410 2416 2413
f 2413 2416 2414
f 2415 2418 2421
f 2417 2562 2604
f 2417 2604 2605
f 2417 2605 2418
f 2418 2605 2606
f 2418 2606 2421
f 2419 2607 2420
f 2419 2422 2608
f 2419 2608 2609
f 2419 2609 2607
f 2420 2610 2429
f 2420 2429 2424
f 2420 2607 2430
f 2420 2430 2610
f 2421 2606 2611
f 2421 2611 2422
f 2422 2611 2608
f 2429 2610 2430
f 2430 2607 2612
f 2430 2612 2613
f 2430 2613 2595
f 2431 2594 2432
f 2435 2591 2614
f 2435 2614 2436
f 2436 2614 2437
f 2437 2614 2615
f 2437 2615 2616
f 2437 2616 2444
f 2439 2441 2440
f 2441 2463 2617
f 2441 2617 2618
f 2441 2618 2442
f 2442 2618 2619
f 2442 2619 2620
f 2442 2620 2443
f 2443 2620 2464
f 2444 2616 2621
f 2444 2621 2445
f 2445 2621 2446
f 2446 2621 2622
f 2446 2622 2623
f 2446 2623 2449
f 2446 2449 2448
f 2446 2448 2447
f 2449 2623 2451
f 2449 2451 2450
f 2451 2623 2624
f 2451 2624 2625
f 2451 2625 2626
f 2451 2626 2627
f 2451 2627 2628
f 2451 2628 2629
f 2451 2629 2452
f 2452 2629 2453
f 2453 2629 2455
f 2455 2629 2630
f 2455 2630 2631
f 2455 2631 2457
f 2455 2457 2456
f 2457 2632 2503
f 2457 2503 2505
f 2457 2504 2458
f 2457 2631 2633
f 2457 2633 2632
f 2458 2510 2459
f 2462 2509 2634
f 2462 2634 2635
f 2462 2635 2463
f 2463 2635 2617
f 2464 2620 2636
f 2464 2636 2465
f 2465 2637 2467
f 2465 2636 2638
f 2465 2638 2639
f 2465 2639 2637
f 2466 2467 2491
f 2466 2491 2490
f 2466 2490 2468
f 2467 2637 2640
f 2467 2640 2491
f 2468 2490 2641
f 2468 2641 2469
f 2469 2641 2470
f 2470 2641 2642
f 2470 2642 2471
f 2471 2643 2472
f 2471 2642 2490
f 2471 2490 2644
f 2471 2644 2645
f 2471 2645 2643
f 2472 2643 2646
f 2472 2646 2473
f 2473 2647 2474
f 2473 2646 2648
f 2473 2648 2649
f 2473 2479 2647
f 2474 2647 2477
f 2477 2647 2479
f 2480 2650 2651
f 2480 2651 2481
f 2481 2652 2482
f 2481 2651 2652
f 2482 2652 2653
f 2482 2653 2485
f 2484 2501 2502
f 2485 2653 2651
f 2485 2651 2654
f 2485 2654 2488
f 2486 2655 2493
f 2486 2493 2487
f 2486 2491 2656
f 2486 2656 2640
f 2486 2640 2655
f 2487 2493 2492
f 2488 2654 2657
f 2488 2657 2658
f 2488 2658 2659
f 2488 2659 2660
f 2488 2660 2489
f 2489 2660 2659
f 2489 2659 2661
f 2489 2661 2645
f 2489 2645 2490
f 2490 2642 2641
f 2490 2645 2644
f 2491 2640 2656
f 2493 2662 2663
f 2493 2663 2494
f 2493 2655 2640
f 2493 2640 2662
f 2494 2663 2639
f 2494 2639 2664
f 2494 2664 2665
f 2494 2665 2666
f 2494 2666 2495
f 2495 2666 2496
f 2496 2666 2667
f 2496 2667 2508
f 2496 2508 2497
f 2497 2508 2507
f 2497 2507 2506
f 2497 2506 2499
f 2497 2499 2498
f 2499 2506 2500
f 2500 2506 2501
f 2503 2632 2511
f 2508 2667 2665
f 2508 2665 2668
f 2508 2668 2669
f 2508 2669 2670
f 2508 2670 2671
f 2508 2671 2635
f 2508 2635 2634
f 2508 2634 2509
f 2511 2632 2672
f 2511 2672 2512
f 2512 2672 2513
f 2513 2672 2514
f 2514 2672 2517
f 2514 2517 2516
f 2515 2529 2673
f 2515 2673 2533
f 2517 2672 2674
f 2517 2674 2519
f 2517 2519 2518
f 2519 2674 2675
f 2519 2675 2676
f 2519 2676 2520
f 2520 2676 2530
f 2520 2530 2677
f 2521 2677 2522
f 2522 2677 2523
f 2523 2677 2530
f 2526 2587 2678
f 2526 2678 2679
f 2526 2679 2527
f 2527 2679 2680
f 2527 2680 2681
f 2527 2681 2528
f 2528 2681 2673
f 2528 2673 2529
f 2530 2676 2675
f 2530 2675 2682
f 2530 2682 2683
f 2530 2683 2684
f 2530 2684 2685
f 2530 2685 2531
f 2531 2686 2687
f 2531 2687 2532
f 2531 2685 2686
f 2532 2687 2592
f 2533 2673 2688
f 2533 2688 2534
f 2534 2537 2536
f 2534 2536 2535
f 2534 2688 2689
f 2534 2689 2537
f 2537 2689 2681
f 2537 2681 2680
f 2537 2680 2538
f 2538 2680 2690
f 2538 2690 2545
f 2539 2691 2540
f 2539 2545 2692
f 2539 2692 2691
f 2540 2691 2541
f 2541 2693 2542
f 2541 2542 2544
f 2541 2691 2694
f 2541 2694 2693
f 2542 2693 2695
f 2542 2695 2696
f 2542 2696 2697
f 2542 2697 2547
f 2542 2547 2698
f 2542 2698 2543
f 2543 2698 2547
f 2545 2690 2692
f 2547 2697 2699
f 2549 2567 2566
f 2549 2566 2565
f 2549 2565 2550
f 2550 2565 2551
f 2552 2700 2554
f 2552 2554 2553
f 2552 2603 2701
f 2552 2701 2700
f 2554 2702 2555
f 2554 2700 2702
f 2555 2703 2704
f 2555 2702 2703
f 2558 2705 2559
f 2558 2597 2596
f 2558 2596 2705
f 2559 2705 2560
f 2560 2705 2706
f 2560 2706 2707
f 2560 2707 2561
f 2561 2707 2562
f 2562 2707 2708
f 2562 2708 2605
f 2562 2605 2604
f 2568 2709 2710
f 2568 2710 2569
f 2569 2710 2711
f 2569 2711 2570
f 2570 2711 2573
f 2570 2573 2572
f 2573 2712 2713
f 2573 2713 2576
f 2573 2576 2575
f 2573 2575 2574
f 2573 2711 2714
f 2573 2714 2715
f 2573 2715 2716
f 2573 2716 2717
f 2573 2717 2712
f 2576 2713 2578
f 2576 2578 2577
f 2578 2718 2719
f 2578 2719 2580
f 2578 2580 2579
f 2578 2713 2718
f 2580 2719 2720
f 2580 2720 2721
f 2580 2721 2722
f 2580 2722 2723
f 2580 2723 2581
f 2581 2723 2582
f 2582 2723 2724
f 2582 2724 2583
f 2583 2725 2584
f 2583 2724 2726
f 2583 2726 2725
f 2584 2725 2727
f 2584 2727 2586
f 2584 2586 2585
f 2586 2727 2728
f 2586 2728 2588
f 2587 2589 2678
f 2588 2729 2730
f 2588 2730 2589
f 2588 2728 2727
f 2588 2727 2729
f 2589 2730 2731
f 2589 2731 2678
f 2590 2615 2614
f 2590 2614 2591
f 2590 2592 2732
f 2590 2732 2615
f 2592 2687 2732
f 2595 2733 2706
f 2595 2706 2596
f 2595 2613 2734
f 2595 2734 2733
f 2596 2706 2705
f 2602 2735 2736
f 2602 2736 2701
f 2602 2701 2603
f 2605 2708 2707
f 2605 2707 2606
f 2606 2707 2706
f 2606 2706 2611
f 2607 2609 2612
f 2608 2734 2609
f 2608 2611 2734
f 2609 2734 2612
f 2611 2706 2733
f 2611 2733 2734
f 2612 2734 2613
f 2615 2732 2737
f 2615 2737 2738
f 2615 2738 2621
f 2615 2621 2616
f 2617 2670 2618
f 2617 2635 2670
f 2618 2670 2669
f 2618 2669 2619
f 2619 2669 2665
f 2619 2665 2638
f 2619 2638 2636
f 2619 2636 2620
f 2621 2738 2739
f 2621 2739 2624
f 2621 2624 2622
f 2622 2624 2623
f 2624 2739 2684
f 2624 2684 2625
f 2625 2684 2626
f 2626 2684 2627
f 2627 2684 2683
f 2627 2683 2628
f 2628 2683 2629
f 2629 2683 2630
f 2630 2683 2682
f 2630 2682 2633
f 2630 2633 2631
f 2632 2740 2672
f 2632 2633 2675
f 2632 2675 2740
f 2633 2682 2675
f 2635 2671 2670
f 2637 2639 2662
f 2637 2662 2640
f 2638 2665 2664
f 2638 2664 2639
f 2639 2663 2662
f 2643 2741 2646
f 2643 2645 2742
f 2643 2742 2743
f 2643 2743 2741
f 2645 2661 2742
f 2646 2741 2648
f 2648 2741 2743
f 2648 2743 2744
f 2648 2744 2745
f 2648 2745 2649
f 2649 2745 2746
f 2650 2657 2651
f 2651 2657 2654
f 2651 2653 2652
f 2657 2747 2658
f 2657 2748 2749
f 2657 2749 2747
f 2658 2747 2661
f 2658 2661 2659
f 2661 2749 2743
f 2661 2743 2742
f 2661 2747 2749
f 2665 2667 2666
f 2665 2669 2668
f 2672 2740 2675
f 2672 2675 2674
f 2673 2681 2688
f 2678 2731 2679
f 2679 2731 2750
f 2679 2750 2751
f 2679 2751 2690
f 2679 2690 2680
f 2681 2689 2688
f 2684 2739 2686
f 2684 2686 2685
f 2686 2739 2687
f 2687 2739 2737
f 2687 2737 2732
f 2690 2729 2726
f 2690 2726 2692
f 2690 2751 2729
f 2691 2692 2752
f 2691 2752 2694
f 2692 2726 2753
f 2692 2753 2752
f 2693 2694 2754
f 2693 2754 2695
f 2694 2752 2755
f 2694 2755 2756
f 2694 2756 2754
f 2695 2754 2696
f 2696 2754 2757
f 2696 2757 2699
f 2696 2699 2697
f 2699 2757 2756
f 2699 2756 2758
f 2700 2701 2736
f 2700 2736 2759
f 2700 2759 2702
f 2702 2759 2704
f 2702 2704 2703
f 2704 2759 2736
f 2704 2736 2760
f 2704 2760 2761
f 2709 2762 2714
f 2709 2714 2710
f 2710 2714 2711
f 2712 2717 2763
f 2712 2763 2713
f 2713 2763 2718
f 2714 2762 2715
f 2715 2762 2764
f 2715 2764 2765
f 2715 2765 2766
f 2715 2766 2767
f 2715 2767 2716
f 2716 2720 2763
f 2716 2763 2717
f 2716 2767 2768
f 2716 2768 2769
f 2716 2769 2720
f 2718 2763 2770
f 2718 2770 2720
f 2718 2720 2719
f 2720 2722 2721
f 2720 2770 2763
f 2720 2769 2768
f 2720 2768 2771
f 2720 2771 2722
f 2722 2771 2724
f 2722 2724 2723
f 2724 2771 2772
f 2724 2772 2753
f 2724 2753 2726
f 2725 2726 2729
f 2725 2729 2727
f 2729 2751 2750
f 2729 2750 2730
f 2730 2750 2731
f 2735 2761 2760
f 2735 2760 2736
f 2737 2739 2738
f 2743 2749 2748
f 2743 2748 2744
f 2744 2748 2745
f 2745 2748 2773
f 2745 2773 2746
f 2752 2774 2775
f 2752 2775 2776
f 2752 2776 2777
f 2752 2777 2755
f 2752 2753 2778
f 2752 2778 2774
f 2753 2772 2778
f 2754 2756 2757
f 2755 2777 2756
f 2756 2779 2758
f 2756 2777 2780
f 2756 2780 2781
f 2756 2781 2779
f 2766 2782 2767
f 2767 2782 2783
f 2767 2783 2784
f 2767 2784 2785
f 2767 2785 2786
f 2767 2786 2768
f 2768 2786 2771
f 2771 2786 2787
f 2771 2787 2772
f 2772 2788 2789
f 2772 2789 2790
f 2772 2790 2791
f 2772 2791 2778
f 2772 2787 2788
f 2774 2792 2793
f 2774 2793 2776
f 2774 2776 2775
f 2774 2778 2791
f 2774 2791 2794
f 2774 2794 2795
f 2774 2795 2792
f 2776 2793 2780
f 2776 2780 2777
f 2780 2796 2781
f 2780 2793 2796
f 2782 2784 2783
f 2784 2797 2798
f 2784 2798 2786
f 2784 2786 2785
f 2786 2798 2799
f 2786 2799 2787
f 2787 2799 2789
f 2787 2789 2788
f 2789 2800 2801
f 2789 2801 2802
f 2789 2802 2790
f 2789 2799 2800
f 2790 2802 2791
f 2791 2802 2794
f 2792 2803 2793
f 2792 2795 2803
f 2794 2802 2804
f 2797 2805 2798
f 2798 2805 2799
f 2799 2805 2806
f 2799 2806 2800
f 2800 2806 2807
f 2801 2804 2802
f 2805 2807 2806

