# https://github.com/mikedh/trimesh
v -0.00018326 0.06413274 0.00060721
v -0.00018326 0.06210949 0.00060721
v -0.00018326 0.06413367 0.00059531
v -0.00019507 0.06413367 0.00060721
v -0.01205586 0.05464884 0.00060721
v -0.00018326 0.05464884 -0.01344743
v -0.00018326 0.06413648 0.00054029
v -0.00018326 0.06414302 0.00039604
v -0.00032899 0.06413835 0.00054029
v -0.00032899 0.06413461 0.00060721
v -0.01348299 0.05464884 0.00060721
v -0.00018326 0.05464884 -0.01457763
v -0.00018326 0.06415144 0.00019528
v -0.00072943 0.06413835 0.00054029
v -0.00052855 0.06415519 0.00014026
v -0.00072943 0.06414770 0.00034102
v -0.00052855 0.06413461 0.00060721
v -0.01319940 0.05539996 0.00060721
v -0.01348430 0.05464884 0.00060126
v -0.00032899 0.05464884 -0.01458209
v -0.00019376 0.05470871 -0.01456573
v -0.00018326 0.05471899 -0.01456276
v -0.00032899 0.06415425 0.00014026
v -0.00018326 0.06415893 -0.00000399
v -0.00092899 0.06414677 0.00034102
v -0.00092899 0.06413648 0.00054029
v -0.00072943 0.06413367 0.00060721
v -0.00072943 0.06415519 0.00014026
v -0.00032899 0.06416173 -0.00006050
v -0.00018326 0.06416828 -0.00025977
v -0.01312062 0.05560107 0.00060721
v -0.01312850 0.05560107 0.00054029
v -0.01350399 0.05464884 0.00040496
v -0.01349086 0.05464884 0.00054029
v -0.00040908 0.05464884 -0.01458358
v -0.00032899 0.05471712 -0.01456722
v -0.00032899 0.05500055 -0.01450030
v -0.00032899 0.05520072 -0.01445271
v -0.00018326 0.05520072 -0.01444676
v -0.00018326 0.06416641 -0.00020475
v -0.00112855 0.06415331 0.00014026
v -0.00112855 0.06414490 0.00034102
v -0.00112855 0.06413274 0.00054029
v -0.00092899 0.06413180 0.00060721
v -0.00052855 0.06416828 -0.00025977
v -0.00072943 0.06416173 -0.00006050
v -0.00018326 0.06418138 -0.00065981
v -0.01305498 0.05574886 0.00060721
v -0.01305892 0.05575821 0.00054029
v -0.01306942 0.05578253 0.00034102
v -0.01314557 0.05560107 0.00034102
v -0.01350924 0.05464884 0.00034102
v -0.00052855 0.05464884 -0.01458506
v -0.00052855 0.05472274 -0.01456871
v -0.00052855 0.05500055 -0.01450327
v -0.00052855 0.05520072 -0.01445569
v -0.00052855 0.05540089 -0.01440364
v -0.00032899 0.05540089 -0.01439918
v -0.00018326 0.05541118 -0.01439025
v -0.00132942 0.06414677 0.00014026
v -0.00092899 0.06416080 -0.00006050
v -0.00112855 0.06415893 -0.00006050
v -0.00132942 0.06413835 0.00034102
v -0.00132942 0.06412432 0.00054029
v -0.00113249 0.06412712 0.00060721
v -0.00018326 0.06418699 -0.00086056
v -0.01293288 0.05600141 0.00060721
v -0.01301165 0.05585830 0.00054029
v -0.01302347 0.05588262 0.00034102
v -0.01303003 0.05589665 0.00021907
v -0.01303660 0.05590974 0.00008523
v -0.01307073 0.05581808 0.00014769
v -0.01309305 0.05580124 -0.00006050
v -0.01316001 0.05560107 0.00014026
v -0.01351975 0.05464884 0.00019677
v -0.00100908 0.05464884 -0.01458358
v -0.00312942 0.05520072 -0.01446758
v -0.00272898 0.05520072 -0.01446758
v -0.00172986 0.05520072 -0.01446312
v -0.00112855 0.05520072 -0.01446015
v -0.00272898 0.05540089 -0.01441851
v -0.00092899 0.05552343 -0.01437092
v -0.00052855 0.05551875 -0.01436943
v -0.00032899 0.05551220 -0.01436646
v -0.00021083 0.05550472 -0.01436497
v -0.00018326 0.05547198 -0.01437241
v -0.00152899 0.06413461 0.00014026
v -0.00112855 0.06416360 -0.00025977
v -0.00132942 0.06415612 -0.00025977
v -0.00072943 0.06417296 -0.00046053
v -0.00152899 0.06412525 0.00034102
v -0.00140163 0.06411403 0.00060721
v -0.00132942 0.06411871 0.00060721
v -0.00152899 0.06411029 0.00053880
v -0.00032899 0.06418605 -0.00086056
v -0.00052855 0.06417951 -0.00065981
v -0.00018326 0.06419073 -0.00100481
v -0.01285804 0.05615388 0.00060721
v -0.01283179 0.05630073 0.00023692
v -0.01296570 0.05600141 0.00034102
v -0.01271756 0.05660099 -0.00006050
v -0.01279896 0.05643262 -0.00006050
v -0.01290925 0.05620158 -0.00006050
v -0.01299458 0.05602199 -0.00006050
v -0.01304185 0.05592190 -0.00006050
v -0.01310618 0.05580124 -0.00025977
v -0.01352369 0.05464884 0.00014026
v -0.01317314 0.05560107 -0.00006050
v -0.00132942 0.05464884 -0.01458209
v -0.00333029 0.05520072 -0.01446163
v -0.00312942 0.05540089 -0.01441553
v -0.00292986 0.05540089 -0.01441851
v -0.00172986 0.05464884 -0.01457912
v -0.00232986 0.05464884 -0.01457465
v -0.00251892 0.05464884 -0.01457317
v -0.00272898 0.05469187 -0.01456276
v -0.00272898 0.05553839 -0.01437687
v -0.00232986 0.05553933 -0.01437538
v -0.00212898 0.05563755 -0.01434415
v -0.00052855 0.05624461 -0.01414637
v -0.00032899 0.05580124 -0.01427872
v -0.00032899 0.05561229 -0.01433672
v -0.00032899 0.05613704 -0.01417462
v -0.00032899 0.05623713 -0.01414339
v -0.00018326 0.05612301 -0.01417016
v -0.00018326 0.05550191 -0.01436349
v -0.00172986 0.06411777 0.00014026
v -0.00183883 0.06410374 0.00025625
v -0.00152899 0.06415706 -0.00105984
v -0.00072943 0.06417763 -0.00065981
v -0.00072943 0.06418231 -0.00086056
v -0.00092899 0.06417951 -0.00086056
v -0.00112855 0.06417202 -0.00065981
v -0.00132942 0.06417857 -0.00145987
v -0.00165503 0.06410561 0.00047188
v -0.00159594 0.06410000 0.00060721
v -0.00172461 0.06410935 0.00033061
v -0.00032899 0.06419073 -0.00105984
v -0.00018326 0.06419541 -0.00120557
v -0.01265979 0.05655610 0.00060721
v -0.01266767 0.05661222 0.00032168
v -0.01265060 0.05673850 -0.00006050
v -0.01265979 0.05675720 -0.00025977
v -0.01273463 0.05660099 -0.00025977
v -0.01280684 0.05644946 -0.00025977
v -0.01285410 0.05634938 -0.00025977
v -0.01304841 0.05593687 -0.00025977
v -0.01318496 0.05560107 -0.00025977
v -0.01305367 0.05594809 -0.00046053
v -0.01311537 0.05580124 -0.00046053
v -0.01320071 0.05558423 -0.00045458
v -0.01353288 0.05464884 -0.00000845
v -0.00312942 0.05500055 -0.01450030
v -0.00352985 0.05520072 -0.01444974
v -0.00372941 0.05537283 -0.01439472
v -0.00333029 0.05540089 -0.01440959
v -0.00312942 0.05552623 -0.01437390
v -0.00292986 0.05553372 -0.01437687
v -0.00260557 0.05464884 -0.01457168
v -0.00272898 0.05464884 -0.01456871
v -0.00292986 0.05465445 -0.01455830
v -0.00132942 0.05614452 -0.01417908
v -0.00092899 0.05624742 -0.01414637
v -0.00112855 0.05614733 -0.01417908
v -0.00232986 0.05563942 -0.01434415
v -0.00072943 0.05624648 -0.01414637
v -0.00052855 0.05640082 -0.01409581
v -0.00032899 0.05640082 -0.01409135
v -0.00018326 0.05640082 -0.01407945
v -0.00184934 0.06410561 0.00014026
v -0.00172986 0.06412525 -0.00025977
v -0.00191498 0.06408877 0.00033061
v -0.00192942 0.06407100 0.00054029
v -0.00178894 0.06409906 0.00039009
v -0.00195043 0.06409251 0.00014026
v -0.00232986 0.06404200 0.00014026
v -0.00232986 0.06403359 0.00034102
v -0.00212898 0.06406071 0.00034102
v -0.00152899 0.06416360 -0.00145987
v -0.00172986 0.06413554 -0.00086056
v -0.00052855 0.06418886 -0.00105984
v -0.00072943 0.06419073 -0.00126060
v -0.00092899 0.06418792 -0.00126060
v -0.00092899 0.06419166 -0.00145987
v -0.00112855 0.06418699 -0.00145987
v -0.00112855 0.06419073 -0.00166063
v -0.00132942 0.06418138 -0.00166063
v -0.00172461 0.06409345 0.00053880
v -0.00172592 0.06408690 0.00060721
v -0.00032899 0.06419541 -0.00126060
v -0.00018326 0.06420102 -0.00145987
v -0.01262566 0.05662344 0.00060721
v -0.01262435 0.05668518 0.00037671
v -0.01263879 0.05671418 0.00014026
v -0.01259940 0.05683765 -0.00006050
v -0.01260859 0.05685729 -0.00025977
v -0.01258758 0.05681426 0.00014026
v -0.01261647 0.05687226 -0.00046053
v -0.01266636 0.05677217 -0.00046053
v -0.01274907 0.05660099 -0.00046053
v -0.01300771 0.05604818 -0.00046053
v -0.01323091 0.05549724 -0.00038469
v -0.01294601 0.05620158 -0.00065981
v -0.01305761 0.05595745 -0.00065981
v -0.01312325 0.05580124 -0.00065981
v -0.01319808 0.05561323 -0.00065981
v -0.01323353 0.05550566 -0.00051853
v -0.01355651 0.05464884 -0.00046053
v -0.00294299 0.05464884 -0.01455830
v -0.00372941 0.05520072 -0.01443041
v -0.00312154 0.05464884 -0.01454194
v -0.00389615 0.05534009 -0.01438133
v -0.00372941 0.05547198 -0.01434862
v -0.00359025 0.05549069 -0.01435902
v -0.00345633 0.05550659 -0.01436646
v -0.00352591 0.05541492 -0.01439472
v -0.00333029 0.05551594 -0.01436943
v -0.00232986 0.05610898 -0.01416719
v -0.00272898 0.05580124 -0.01427723
v -0.00232986 0.05600141 -0.01421031
v -0.00172986 0.05613330 -0.01417611
v -0.00152899 0.05613985 -0.01417760
v -0.00112855 0.05624742 -0.01414488
v -0.00291410 0.05464884 -0.01455978
v -0.00072943 0.05640082 -0.01409432
v -0.00052855 0.05660099 -0.01402294
v -0.00032899 0.05660099 -0.01402145
v -0.00018326 0.05660099 -0.01401253
v -0.00187559 0.06410935 -0.00025977
v -0.00232986 0.06402049 0.00054029
v -0.00192942 0.06406445 0.00060721
v -0.00188872 0.06411122 -0.00046053
v -0.00197537 0.06409626 -0.00025977
v -0.00232986 0.06404574 -0.00006050
v -0.00252942 0.06401488 0.00014026
v -0.00272898 0.06399243 -0.00006050
v -0.00252942 0.06400646 0.00034102
v -0.00152899 0.06416641 -0.00166063
v -0.00172986 0.06414490 -0.00145987
v -0.00172986 0.06414209 -0.00126060
v -0.00052855 0.06419728 -0.00145987
v -0.00072943 0.06419447 -0.00145987
v -0.00072943 0.06419821 -0.00166063
v -0.00112855 0.06419260 -0.00185990
v -0.00132942 0.06418325 -0.00185990
v -0.00018326 0.06420383 -0.00166063
v -0.01260859 0.05665618 0.00060721
v -0.01258102 0.05678152 0.00032168
v -0.01250881 0.05700134 -0.00006050
v -0.01247861 0.05701724 0.00014026
v -0.01242872 0.05709488 0.00020569
v -0.01252719 0.05700134 -0.00025977
v -0.01247336 0.05697889 0.00034102
v -0.01262303 0.05688442 -0.00065981
v -0.01267292 0.05678433 -0.00065981
v -0.01275958 0.05660099 -0.00065981
v -0.01286592 0.05637369 -0.00065981
v -0.01351712 0.05480037 -0.00086056
v -0.01356570 0.05464884 -0.00065981
v -0.01295257 0.05620158 -0.00086056
v -0.01301559 0.05606502 -0.00086056
v -0.01306154 0.05596493 -0.00086056
v -0.01313113 0.05580124 -0.00086056
v -0.01324404 0.05553091 -0.00105984
v -0.01346854 0.05499213 -0.00145987
v -0.01353419 0.05480037 -0.00126060
v -0.00352985 0.05464884 -0.01449584
v -0.00357843 0.05464884 -0.01448692
v -0.00372941 0.05464884 -0.01445866
v -0.00391847 0.05520072 -0.01439174
v -0.00317800 0.05464884 -0.01453599
v -0.00333029 0.05464884 -0.01451963
v -0.00401825 0.05520072 -0.01435902
v -0.00484932 0.05573015 -0.01397238
v -0.00476661 0.05586391 -0.01395007
v -0.00463269 0.05590133 -0.01396345
v -0.00292986 0.05605379 -0.01413596
v -0.00212898 0.05653271 -0.01398130
v -0.00272898 0.05607905 -0.01415083
v -0.00258062 0.05609401 -0.01415975
v -0.00244802 0.05610337 -0.01416421
v -0.00152899 0.05669266 -0.01395899
v -0.00138325 0.05669828 -0.01396197
v -0.00152899 0.05640082 -0.01407648
v -0.00192942 0.05612582 -0.01417314
v -0.00132942 0.05640082 -0.01408242
v -0.00092899 0.05640082 -0.01409135
v -0.00072943 0.05660099 -0.01401848
v -0.00052855 0.05672540 -0.01397386
v -0.00032899 0.05672634 -0.01397386
v -0.00018326 0.05671885 -0.01397089
v -0.00252942 0.06399336 0.00054029
v -0.00232986 0.06401301 0.00060721
v -0.00212898 0.06403920 0.00060721
v -0.00232986 0.06405229 -0.00046053
v -0.00252942 0.06402236 -0.00025977
v -0.00191367 0.06411403 -0.00086056
v -0.00201345 0.06410093 -0.00086056
v -0.00272898 0.06398682 0.00014026
v -0.00203052 0.06410280 -0.00115352
v -0.00272898 0.06399523 -0.00025977
v -0.00292986 0.06396343 -0.00006050
v -0.00272898 0.06397746 0.00034102
v -0.00152899 0.06416828 -0.00185990
v -0.00172986 0.06414864 -0.00185990
v -0.00192942 0.06412057 -0.00145987
v -0.00192942 0.06411777 -0.00126060
v -0.00072943 0.06419915 -0.00185990
v -0.00092899 0.06419634 -0.00185990
v -0.00112855 0.06419354 -0.00206066
v -0.00132942 0.06418418 -0.00206066
v -0.00018326 0.06420476 -0.00185990
v -0.01253113 0.05680117 0.00060721
v -0.01243529 0.05710704 0.00007334
v -0.01244185 0.05711826 -0.00006050
v -0.01241953 0.05707898 0.00034102
v -0.01226198 0.05735211 0.00034102
v -0.01227380 0.05736988 0.00014026
v -0.01238277 0.05718468 0.00014026
v -0.01244973 0.05713136 -0.00025977
v -0.01245629 0.05713978 -0.00046053
v -0.01255082 0.05700134 -0.00065981
v -0.01262435 0.05688722 -0.00086056
v -0.01267424 0.05678714 -0.00086056
v -0.01276483 0.05660099 -0.00086056
v -0.01357489 0.05464884 -0.00087097
v -0.01295520 0.05620158 -0.00105984
v -0.01306417 0.05596961 -0.00105984
v -0.01313638 0.05580124 -0.00105984
v -0.01320465 0.05563100 -0.00105984
v -0.01342916 0.05509221 -0.00145987
v -0.01347248 0.05499774 -0.00166063
v -0.01354207 0.05480037 -0.00145987
v -0.00377143 0.05464884 -0.01444528
v -0.00393029 0.05464884 -0.01439323
v -0.00485326 0.05560107 -0.01397386
v -0.00401825 0.05464884 -0.01435754
v -0.00495304 0.05560107 -0.01392033
v -0.00510928 0.05580124 -0.01381772
v -0.00492153 0.05579843 -0.01391884
v -0.00507252 0.05595745 -0.01379541
v -0.00493597 0.05601544 -0.01382069
v -0.00128610 0.05711639 -0.01377162
v -0.00227340 0.05651307 -0.01397089
v -0.00500556 0.05609121 -0.01375823
v -0.00493597 0.05618942 -0.01370916
v -0.00023971 0.05870562 -0.01296561
v -0.00047866 0.05831649 -0.01317231
v -0.00072943 0.05792363 -0.01337753
v -0.00052855 0.05795169 -0.01339538
v -0.00072943 0.05766172 -0.01353963
v -0.00172986 0.05667863 -0.01395156
v -0.00112855 0.05713323 -0.01377905
v -0.00032899 0.05769820 -0.01356194
v -0.00112855 0.05700134 -0.01383854
v -0.00132155 0.05678246 -0.01392776
v -0.00112855 0.05680678 -0.01392330
v -0.00072943 0.05681987 -0.01392925
v -0.00072943 0.05671979 -0.01397089
v -0.00092899 0.05660099 -0.01401401
v -0.00032899 0.05700134 -0.01386084
v -0.00018326 0.05700134 -0.01385787
v -0.00018326 0.05686758 -0.01391141
v -0.00272898 0.06396156 0.00054029
v -0.00252942 0.06398588 0.00060721
v -0.00194518 0.06411309 -0.00107620
v -0.00292986 0.06395501 0.00014026
v -0.00203445 0.06410374 -0.00126060
v -0.00272898 0.06399804 -0.00046053
v -0.00292986 0.06396624 -0.00025977
v -0.00312942 0.06393069 -0.00025977
v -0.00312942 0.06392695 -0.00006050
v -0.00292986 0.06394192 0.00034102
v -0.00152899 0.06416828 -0.00206066
v -0.00172986 0.06414864 -0.00206066
v -0.00192942 0.06412245 -0.00185990
v -0.00204365 0.06410561 -0.00166063
v -0.00204102 0.06410467 -0.00145987
v -0.00272898 0.06399991 -0.00065981
v -0.00092899 0.06419634 -0.00206066
v -0.00112855 0.06418605 -0.00225993
v -0.00132942 0.06417763 -0.00225993
v -0.00018326 0.06420008 -0.00206066
v -0.00032899 0.06420008 -0.00206066
v -0.00072943 0.06419821 -0.00206066
v -0.01245367 0.05694241 0.00060721
v -0.01245892 0.05695176 0.00054029
v -0.01238146 0.05721835 -0.00006050
v -0.01240378 0.05705185 0.00054029
v -0.01228036 0.05725577 0.00060721
v -0.01224754 0.05732873 0.00054029
v -0.01220028 0.05745220 0.00034102
v -0.01221078 0.05746997 0.00014026
v -0.01228168 0.05738111 -0.00006050
v -0.01238802 0.05723145 -0.00025977
v -0.01239327 0.05723986 -0.00046053
v -0.01246023 0.05714633 -0.00065981
v -0.01255345 0.05700134 -0.00086056
v -0.01255082 0.05700134 -0.00105984
v -0.01262303 0.05688442 -0.00105984
v -0.01267292 0.05678433 -0.00105984
v -0.01276351 0.05660099 -0.00105984
v -0.01286986 0.05638024 -0.00105984
v -0.01358014 0.05464884 -0.00101522
v -0.01301690 0.05606876 -0.00126060
v -0.01306417 0.05596867 -0.00126060
v -0.01313769 0.05580124 -0.00126060
v -0.01320596 0.05563661 -0.00126060
v -0.01354732 0.05480037 -0.00166063
v -0.01320596 0.05563755 -0.00145987
v -0.01347380 0.05499400 -0.00185990
v -0.01354732 0.05480037 -0.00185990
v -0.01359327 0.05464884 -0.00145987
v -0.01358802 0.05464884 -0.00126060
v -0.00509746 0.05464884 -0.01379839
v -0.00411672 0.05464884 -0.01430846
v -0.00416399 0.05464884 -0.01428467
v -0.00512241 0.05560107 -0.01382069
v -0.00519724 0.05464884 -0.01374485
v -0.00533379 0.05464884 -0.01366901
v -0.00549659 0.05464884 -0.01357829
v -0.00562656 0.05464884 -0.01350394
v -0.00585107 0.05464884 -0.01337456
v -0.00599286 0.05464884 -0.01329277
v -0.00632503 0.05464884 -0.01310093
v -0.00651015 0.05464884 -0.01299386
v -0.00520906 0.05580124 -0.01374782
v -0.00531147 0.05600141 -0.01362439
v -0.00522219 0.05560107 -0.01375823
v -0.00699986 0.05464884 -0.01269644
v -0.00714953 0.05464884 -0.01260127
v -0.00724931 0.05464884 -0.01253583
v -0.00527470 0.05616417 -0.01359614
v -0.00542831 0.05649997 -0.01336266
v -0.00522350 0.05629699 -0.01356045
v -0.00052855 0.05768511 -0.01355450
v -0.00509090 0.05632786 -0.01358127
v -0.00523532 0.05690313 -0.01316488
v -0.00493072 0.05635405 -0.01359911
v -0.00018326 0.05870749 -0.01296709
v -0.00018326 0.05865323 -0.01300130
v -0.00018326 0.05837449 -0.01317380
v -0.00032899 0.05797508 -0.01340876
v -0.00032899 0.05833614 -0.01318421
v -0.00032899 0.05843623 -0.01312175
v -0.00532985 0.05713229 -0.01298494
v -0.00082002 0.05909942 -0.01256111
v -0.00068610 0.05911906 -0.01257598
v -0.00052855 0.05913589 -0.01258937
v -0.00032899 0.05892543 -0.01278120
v -0.00032899 0.05902552 -0.01270090
v -0.00052855 0.05780203 -0.01348609
v -0.00018326 0.05770101 -0.01356194
v -0.00018326 0.05764489 -0.01358722
v -0.00032899 0.05759812 -0.01360506
v -0.00092899 0.05700134 -0.01384597
v -0.00032899 0.05780203 -0.01350691
v -0.00018326 0.05778800 -0.01351881
v -0.00052855 0.05700134 -0.01385638
v -0.00032899 0.05716503 -0.01379095
v -0.00018326 0.05745594 -0.01366752
v -0.00018326 0.05726512 -0.01374782
v -0.00293905 0.06392134 0.00054029
v -0.00278938 0.06394192 0.00060721
v -0.00273555 0.06395221 0.00060721
v -0.00323182 0.06390357 0.00004508
v -0.00313729 0.06391666 0.00012390
v -0.00292986 0.06396811 -0.00046053
v -0.00312942 0.06393256 -0.00046053
v -0.00325546 0.06390824 -0.00046053
v -0.00324889 0.06390731 -0.00025977
v -0.00352985 0.06385025 -0.00025977
v -0.00320950 0.06389889 0.00017892
v -0.00307690 0.06391292 0.00034102
v -0.00152899 0.06416173 -0.00225993
v -0.00172986 0.06414209 -0.00225993
v -0.00203708 0.06410467 -0.00218409
v -0.00192942 0.06412245 -0.00206066
v -0.00204496 0.06410561 -0.00185990
v -0.00252942 0.06403171 -0.00126060
v -0.00272898 0.06400085 -0.00086056
v -0.00232986 0.06406165 -0.00126060
v -0.00292986 0.06396904 -0.00065981
v -0.00092899 0.06418886 -0.00225993
v -0.00112855 0.06417202 -0.00246069
v -0.00132942 0.06416360 -0.00246069
v -0.00152899 0.06414864 -0.00246069
v -0.00018326 0.06418886 -0.00225993
v -0.00052855 0.06418980 -0.00225993
v -0.00072943 0.06418980 -0.00225993
v -0.01239853 0.05704250 0.00060721
v -0.01224229 0.05732031 0.00060721
v -0.01218584 0.05742881 0.00054029
v -0.01221078 0.05737175 0.00060721
v -0.01208605 0.05758128 0.00054029
v -0.01208999 0.05761776 0.00034102
v -0.01212282 0.05760186 0.00014026
v -0.01221866 0.05748119 -0.00006050
v -0.01228824 0.05738953 -0.00025977
v -0.01222916 0.05749710 -0.00046053
v -0.01223310 0.05750458 -0.00071334
v -0.01230137 0.05740169 -0.00086056
v -0.01239853 0.05724828 -0.00086056
v -0.01246155 0.05714820 -0.00086056
v -0.01228430 0.05742133 -0.00065237
v -0.01246023 0.05714633 -0.00105984
v -0.01223310 0.05750364 -0.00118921
v -0.01239459 0.05724174 -0.00126060
v -0.01254426 0.05700134 -0.00126060
v -0.01261909 0.05687787 -0.00126060
v -0.01267030 0.05677778 -0.00126060
v -0.01275826 0.05660099 -0.00126060
v -0.01281997 0.05647565 -0.00126060
v -0.01286855 0.05637557 -0.00126060
v -0.01294601 0.05620158 -0.00145987
v -0.01306154 0.05596212 -0.00145987
v -0.01313507 0.05580124 -0.00145987
v -0.01359590 0.05464884 -0.00166063
v -0.01324535 0.05553278 -0.00166063
v -0.01320202 0.05563193 -0.00166063
v -0.01324141 0.05552249 -0.00185990
v -0.01323616 0.05550940 -0.00206066
v -0.01346723 0.05497903 -0.00206066
v -0.01353681 0.05480037 -0.00206066
v -0.01359327 0.05464884 -0.00185990
v -0.01358408 0.05464884 -0.00204728
v -0.00659680 0.05464884 -0.01294181
v -0.00688564 0.05464884 -0.01276782
v -0.00736879 0.05464884 -0.01244958
v -0.00745938 0.05464884 -0.01238415
v -0.00780336 0.05464884 -0.01213431
v -0.00551234 0.05620158 -0.01342512
v -0.00807776 0.05464884 -0.01193355
v -0.00827075 0.05464884 -0.01179228
v -0.00547427 0.05636621 -0.01339538
v -0.00562656 0.05669828 -0.01316190
v -0.00549396 0.05674224 -0.01319016
v -0.00536923 0.05687506 -0.01314555
v -0.00531409 0.05680584 -0.01320652
v -0.00531409 0.05698263 -0.01309052
v -0.00032899 0.05914806 -0.01260127
v -0.00018326 0.05884125 -0.01285705
v -0.00018326 0.05808358 -0.01335225
v -0.00018326 0.05798350 -0.01341174
v -0.00544407 0.05710891 -0.01296858
v -0.00541518 0.05769727 -0.01255963
v -0.00532985 0.05723238 -0.01291356
v -0.00532985 0.05737175 -0.01281392
v -0.00518805 0.05749335 -0.01275741
v -0.00519462 0.05829311 -0.01215513
v -0.00493072 0.05888895 -0.01175213
v -0.00088172 0.05931736 -0.01237522
v -0.00072943 0.05933326 -0.01239010
v -0.00052855 0.05923598 -0.01250609
v -0.00304670 0.06390637 0.00047337
v -0.00312023 0.06388486 0.00054029
v -0.00301388 0.06389889 0.00060721
v -0.00412985 0.06373239 -0.00046053
v -0.00412985 0.06372678 -0.00025977
v -0.00393029 0.06376232 -0.00006050
v -0.00393029 0.06375484 0.00014026
v -0.00312942 0.06393350 -0.00065981
v -0.00393029 0.06377822 -0.00086056
v -0.00426902 0.06371088 -0.00086056
v -0.00372941 0.06378103 0.00034102
v -0.00193993 0.06411496 -0.00225398
v -0.00172986 0.06412899 -0.00246069
v -0.00188216 0.06411029 -0.00246069
v -0.00252942 0.06402236 -0.00225993
v -0.00232986 0.06406071 -0.00206066
v -0.00204365 0.06410561 -0.00206066
v -0.00201345 0.06410093 -0.00231793
v -0.00252942 0.06401301 -0.00246069
v -0.00272898 0.06400085 -0.00126060
v -0.00292986 0.06396904 -0.00105984
v -0.00092899 0.06417483 -0.00246069
v -0.00112855 0.06415425 -0.00266145
v -0.00132942 0.06414583 -0.00266145
v -0.00152899 0.06412993 -0.00266145
v -0.00172198 0.06411216 -0.00265699
v -0.00018326 0.06417202 -0.00246069
v -0.00052855 0.06417483 -0.00246069
v -0.00072943 0.06417576 -0.00246069
v -0.01218321 0.05741572 0.00060721
v -0.01214776 0.05747091 0.00060721
v -0.01208080 0.05757380 0.00060721
v -0.01201778 0.05768137 0.00054029
v -0.01193507 0.05780203 0.00054029
v -0.01203616 0.05770849 0.00027410
v -0.01204273 0.05771785 0.00014026
v -0.01182741 0.05809574 -0.00041592
v -0.01183266 0.05810323 -0.00054976
v -0.01199021 0.05784038 -0.00025977
v -0.01213726 0.05760186 -0.00006050
v -0.01215039 0.05760186 -0.00025977
v -0.01222391 0.05748961 -0.00025977
v -0.01200203 0.05785628 -0.00065981
v -0.01206767 0.05775620 -0.00065981
v -0.01218058 0.05758315 -0.00065237
v -0.01207030 0.05776181 -0.00086056
v -0.01223441 0.05750645 -0.00086056
v -0.01207030 0.05776275 -0.00105984
v -0.01223441 0.05750551 -0.00105984
v -0.01200465 0.05785909 -0.00126060
v -0.01218058 0.05758222 -0.00125762
v -0.01223047 0.05749897 -0.00132305
v -0.01228955 0.05739420 -0.00145987
v -0.01245236 0.05713323 -0.00145987
v -0.01253376 0.05700134 -0.00145987
v -0.01261384 0.05686852 -0.00145987
v -0.01266636 0.05676843 -0.00145987
v -0.01275038 0.05660099 -0.00145987
v -0.01281603 0.05646817 -0.00145987
v -0.01300903 0.05605379 -0.00166063
v -0.01305761 0.05595371 -0.00166063
v -0.01312719 0.05580124 -0.00166063
v -0.01319677 0.05562258 -0.00185990
v -0.01319152 0.05560948 -0.00206066
v -0.01323222 0.05550191 -0.00216624
v -0.01345410 0.05495191 -0.00225993
v -0.01315607 0.05560107 -0.00246069
v -0.01351187 0.05480037 -0.00225993
v -0.01356307 0.05464884 -0.00225993
v -0.01356832 0.05464884 -0.00221234
v -0.00590621 0.05660099 -0.01302063
v -0.00567120 0.05656451 -0.01319462
v -0.00836922 0.05464884 -0.01171941
v -0.00840336 0.05464884 -0.01169413
v -0.00859767 0.05464884 -0.01154988
v -0.00586945 0.05675346 -0.01299237
v -0.00574210 0.05681239 -0.01303550
v -0.00568170 0.05693961 -0.01298940
v -0.00551890 0.05700508 -0.01301171
v -0.00052855 0.05934729 -0.01240645
v -0.00032899 0.05924721 -0.01251204
v -0.00018326 0.05914525 -0.01260127
v -0.00018326 0.05906200 -0.01267265
v -0.00018326 0.05895630 -0.01276187
v -0.00557799 0.05707336 -0.01294181
v -0.00561869 0.05729412 -0.01275741
v -0.00544669 0.05791428 -0.01237225
v -0.00532985 0.05826505 -0.01213134
v -0.00524057 0.05850732 -0.01196627
v -0.00488083 0.05912186 -0.01157814
v -0.00112986 0.05941651 -0.01223395
v -0.00106291 0.05951099 -0.01217149
v -0.00092899 0.05952502 -0.01218339
v -0.00072943 0.05943241 -0.01229938
v -0.00400644 0.06369778 0.00059531
v -0.00404057 0.06370526 0.00046147
v -0.00393554 0.06371930 0.00053285
v -0.00399462 0.06369872 0.00060721
v -0.00435173 0.06368656 -0.00046053
v -0.00453029 0.06365756 -0.00086056
v -0.00453029 0.06365382 -0.00065981
v -0.00414429 0.06371836 -0.00007835
v -0.00410228 0.06371836 0.00014026
v -0.00406814 0.06371181 0.00034102
v -0.00421913 0.06370059 -0.00002481
v -0.00312942 0.06393350 -0.00086056
v -0.00393029 0.06377822 -0.00105984
v -0.00437405 0.06369123 -0.00105984
v -0.00453029 0.06366036 -0.00105984
v -0.00184802 0.06410561 -0.00258709
v -0.00198194 0.06409626 -0.00246069
v -0.00272898 0.06398962 -0.00225993
v -0.00272898 0.06399523 -0.00206066
v -0.00272898 0.06399804 -0.00185990
v -0.00272898 0.06399898 -0.00166063
v -0.00232986 0.06406165 -0.00185990
v -0.00212898 0.06407474 -0.00246069
v -0.00232986 0.06404387 -0.00246069
v -0.00252942 0.06399898 -0.00266145
v -0.00272898 0.06397933 -0.00246069
v -0.00292986 0.06396811 -0.00126060
v -0.00092899 0.06415706 -0.00266145
v -0.00092899 0.06413274 -0.00286072
v -0.00112855 0.06412899 -0.00286072
v -0.00126903 0.06410561 -0.00297969
v -0.00133336 0.06411683 -0.00287262
v -0.00152899 0.06411029 -0.00281165
v -0.00165109 0.06410467 -0.00277596
v -0.00178500 0.06409906 -0.00271945
v -0.00018326 0.06415051 -0.00266145
v -0.00032899 0.06415331 -0.00266145
v -0.00052855 0.06415612 -0.00266145
v -0.00072943 0.06415799 -0.00266145
v -0.01201253 0.05767388 0.00060721
v -0.01197708 0.05772533 0.00060721
v -0.01180641 0.05797227 0.00060721
v -0.01184842 0.05792550 0.00054029
v -0.01197315 0.05778613 0.00034102
v -0.01180247 0.05806020 0.00014026
v -0.01197315 0.05781793 0.00014026
v -0.01186155 0.05794421 0.00034102
v -0.01182085 0.05808639 -0.00025977
v -0.01174076 0.05820144 -0.00025977
v -0.01165936 0.05834175 -0.00046053
v -0.01166724 0.05835298 -0.00065981
v -0.01167249 0.05836139 -0.00086056
v -0.01183529 0.05810697 -0.00065981
v -0.01183923 0.05811352 -0.00086056
v -0.01191275 0.05800220 -0.00086056
v -0.01184185 0.05811726 -0.00105984
v -0.01191669 0.05800220 -0.00105984
v -0.01184054 0.05811539 -0.00126060
v -0.01183660 0.05810977 -0.00145987
v -0.01183398 0.05810510 -0.00159817
v -0.01200072 0.05785254 -0.00145987
v -0.01199546 0.05784412 -0.00166063
v -0.01205848 0.05774404 -0.00166063
v -0.01228430 0.05738485 -0.00166063
v -0.01238408 0.05722490 -0.00166063
v -0.01244054 0.05711546 -0.00185990
v -0.01252194 0.05700134 -0.00166063
v -0.01251012 0.05700134 -0.00185990
v -0.01248518 0.05702098 -0.00207702
v -0.01260203 0.05684700 -0.00185990
v -0.01265586 0.05674692 -0.00185990
v -0.01273988 0.05660099 -0.00166063
v -0.01281078 0.05645788 -0.00166063
v -0.01293682 0.05620158 -0.00166063
v -0.01292500 0.05620158 -0.00185990
v -0.01305104 0.05594155 -0.00185990
v -0.01311669 0.05580124 -0.00185990
v -0.01310356 0.05580124 -0.00206066
v -0.01308780 0.05580124 -0.00225993
v -0.01318889 0.05558142 -0.00224357
v -0.01344097 0.05492384 -0.00242203
v -0.01312981 0.05560107 -0.00266145
v -0.01310093 0.05560107 -0.00286072
v -0.01315345 0.05540089 -0.00306148
v -0.01320465 0.05519511 -0.00327860
v -0.01324141 0.05512402 -0.00322358
v -0.01302609 0.05588729 -0.00249489
v -0.01306023 0.05576476 -0.00266145
v -0.01347248 0.05481908 -0.00247705
v -0.01346067 0.05477605 -0.00266145
v -0.01348561 0.05464884 -0.00280570
v -0.01351318 0.05464884 -0.00261981
v -0.01354338 0.05464884 -0.00241162
v -0.00600599 0.05660099 -0.01294181
v -0.00861867 0.05464884 -0.01153352
v -0.00874602 0.05464884 -0.01143389
v -0.00624625 0.05652990 -0.01277526
v -0.00621212 0.05666366 -0.01274403
v -0.00607820 0.05676749 -0.01280500
v -0.00594954 0.05682736 -0.01287935
v -0.00581562 0.05688722 -0.01295371
v -0.00574210 0.05700508 -0.01290612
v -0.00032899 0.05935103 -0.01241240
v -0.00072943 0.05953905 -0.01219826
v -0.00052855 0.05944644 -0.01230831
v -0.00018326 0.05924533 -0.01250758
v -0.00018326 0.05917331 -0.01257598
v -0.00564100 0.05751113 -0.01257004
v -0.00558061 0.05785909 -0.01232615
v -0.00546245 0.05812848 -0.01218488
v -0.00531672 0.05840349 -0.01201981
v -0.00525238 0.05871684 -0.01177592
v -0.00501475 0.05909567 -0.01155583
v -0.00486770 0.05932204 -0.01138481
v -0.00472985 0.05934729 -0.01140563
v -0.00381475 0.06009654 -0.01095653
v -0.00368084 0.06011618 -0.01097735
v -0.00352985 0.06003200 -0.01109929
v -0.00303358 0.06010309 -0.01116323
v -0.00292986 0.06011712 -0.01117662
v -0.00252942 0.05996091 -0.01141604
v -0.00232986 0.05987672 -0.01154096
v -0.00172986 0.05974857 -0.01180418
v -0.00124015 0.05970461 -0.01196478
v -0.00112855 0.05971396 -0.01197519
v -0.00092899 0.05962510 -0.01208970
v -0.00412066 0.06366972 0.00060721
v -0.00401563 0.06369404 0.00060721
v -0.00411541 0.06368001 0.00053285
v -0.00416793 0.06368843 0.00034102
v -0.00433860 0.06368281 -0.00025977
v -0.00472985 0.06361640 -0.00105984
v -0.00472985 0.06361266 -0.00086056
v -0.00472985 0.06360518 -0.00065981
v -0.00453029 0.06364633 -0.00046053
v -0.00420206 0.06369685 0.00014026
v -0.00453029 0.06363698 -0.00025977
v -0.00312942 0.06393163 -0.00126060
v -0.00325677 0.06390824 -0.00105984
v -0.00352985 0.06385586 -0.00105984
v -0.00412985 0.06373894 -0.00126060
v -0.00427296 0.06371088 -0.00126060
v -0.00453029 0.06366036 -0.00126060
v -0.00472985 0.06361734 -0.00126060
v -0.00192155 0.06408877 -0.00265699
v -0.00212898 0.06405884 -0.00266145
v -0.00232986 0.06402984 -0.00266145
v -0.00292986 0.06395501 -0.00225993
v -0.00292986 0.06396156 -0.00206066
v -0.00292986 0.06396437 -0.00185990
v -0.00252942 0.06397933 -0.00286072
v -0.00272898 0.06396530 -0.00266145
v -0.00292986 0.06394379 -0.00246069
v -0.00312942 0.06393069 -0.00145987
v -0.00072943 0.06413461 -0.00286072
v -0.00072943 0.06410000 -0.00313435
v -0.00092899 0.06409813 -0.00312245
v -0.00112855 0.06410935 -0.00300200
v -0.00112855 0.06409438 -0.00310163
v -0.00112855 0.06407006 -0.00326075
v -0.00133336 0.06409064 -0.00305256
v -0.00140295 0.06410093 -0.00294846
v -0.00152899 0.06409626 -0.00291277
v -0.00172198 0.06408784 -0.00284882
v -0.00192942 0.06403546 -0.00306148
v -0.00192942 0.06406352 -0.00286072
v -0.00018326 0.06413367 -0.00280570
v -0.00018326 0.06410935 -0.00301389
v -0.00032899 0.06412993 -0.00286072
v -0.00052855 0.06413274 -0.00286072
v -0.01174076 0.05806581 0.00060721
v -0.01168956 0.05821828 0.00013580
v -0.01164098 0.05831462 -0.00006050
v -0.01181166 0.05807423 -0.00006050
v -0.01179065 0.05804430 0.00034102
v -0.01169087 0.05818461 0.00034102
v -0.01165017 0.05832866 -0.00025977
v -0.01159634 0.05845306 -0.00065981
v -0.01160291 0.05846148 -0.00086056
v -0.01160816 0.05846803 -0.00105984
v -0.01167643 0.05836794 -0.00105984
v -0.01177227 0.05821360 -0.00086056
v -0.01177621 0.05821734 -0.00105984
v -0.01167643 0.05836888 -0.00126060
v -0.01177621 0.05821547 -0.00126060
v -0.01177227 0.05820986 -0.00145987
v -0.01167249 0.05836326 -0.00145987
v -0.01166724 0.05835485 -0.00166063
v -0.01183004 0.05809949 -0.00173201
v -0.01220947 0.05746623 -0.00206066
v -0.01227249 0.05736614 -0.00206066
v -0.01238408 0.05718468 -0.00207702
v -0.01243135 0.05710049 -0.00215583
v -0.01248255 0.05698450 -0.00246069
v -0.01259546 0.05683578 -0.00206066
v -0.01264404 0.05672447 -0.00225993
v -0.01279896 0.05643450 -0.00206066
v -0.01285410 0.05634657 -0.00185990
v -0.01284754 0.05633441 -0.00206066
v -0.01291187 0.05620158 -0.00206066
v -0.01289874 0.05620158 -0.00225993
v -0.01304447 0.05592658 -0.00206066
v -0.01303660 0.05591068 -0.00225993
v -0.01283047 0.05629886 -0.00254546
v -0.01298802 0.05598083 -0.00244136
v -0.01343047 0.05489859 -0.00255438
v -0.01322303 0.05507818 -0.00346151
v -0.01304579 0.05573202 -0.00286072
v -0.01306680 0.05561135 -0.00305553
v -0.01312325 0.05540089 -0.00326075
v -0.01317445 0.05520072 -0.00346151
v -0.01282522 0.05628670 -0.00266145
v -0.01287117 0.05618662 -0.00266145
v -0.01295520 0.05600141 -0.00266145
v -0.01292894 0.05600141 -0.00286072
v -0.01300246 0.05583211 -0.00286072
v -0.01342259 0.05487614 -0.00266145
v -0.01326110 0.05497810 -0.00346151
v -0.01339633 0.05478634 -0.00305405
v -0.01343572 0.05470964 -0.00298266
v -0.01345148 0.05464884 -0.00302579
v -0.00878147 0.05464884 -0.01140563
v -0.00887600 0.05464884 -0.01132979
v -0.00905456 0.05464884 -0.01118108
v -0.00915565 0.05464884 -0.01109334
v -0.00683312 0.05630541 -0.01236482
v -0.00645632 0.05654207 -0.01258491
v -0.00641431 0.05667489 -0.01254624
v -0.00627120 0.05680117 -0.01260127
v -0.00613991 0.05682081 -0.01271280
v -0.00603094 0.05690125 -0.01276187
v -0.00588389 0.05700134 -0.01280797
v -0.00583400 0.05710517 -0.01276633
v -0.00052855 0.05954372 -0.01220867
v -0.00032899 0.05945018 -0.01230682
v -0.00018326 0.05937161 -0.01237820
v -0.00018326 0.05927340 -0.01247932
v -0.00092899 0.05972706 -0.01199006
v -0.00072943 0.05963913 -0.01209714
v -0.00559505 0.05806955 -0.01213283
v -0.00565545 0.05772533 -0.01238266
v -0.00547164 0.05833801 -0.01199453
v -0.00537317 0.05847083 -0.01193207
v -0.00538630 0.05867288 -0.01173428
v -0.00525501 0.05891889 -0.01157814
v -0.00513028 0.05906013 -0.01151865
v -0.00513028 0.05914993 -0.01141902
v -0.00500162 0.05928649 -0.01134169
v -0.00492022 0.05939687 -0.01125543
v -0.00484013 0.05950631 -0.01116918
v -0.00473641 0.05964007 -0.01105914
v -0.00472985 0.05953250 -0.01119744
v -0.00425852 0.05991507 -0.01097586
v -0.00412985 0.05993939 -0.01100263
v -0.00393029 0.06007690 -0.01093125
v -0.00393029 0.06015547 -0.01083161
v -0.00346158 0.06051279 -0.01057583
v -0.00333029 0.06034629 -0.01081525
v -0.00352985 0.06013676 -0.01099965
v -0.00333029 0.06044637 -0.01069777
v -0.00272898 0.06024339 -0.01110077
v -0.00272898 0.06014331 -0.01120190
v -0.00236268 0.06008438 -0.01134615
v -0.00231016 0.06001142 -0.01142496
v -0.00172986 0.05984866 -0.01171495
v -0.00223008 0.06010122 -0.01136251
v -0.00172986 0.05995717 -0.01161383
v -0.00172986 0.06005725 -0.01151865
v -0.00138063 0.05989262 -0.01175361
v -0.00124671 0.05990478 -0.01176551
v -0.00433073 0.06362388 0.00054029
v -0.00433073 0.06361453 0.00060721
v -0.00433073 0.06366317 0.00014026
v -0.00433073 0.06364540 0.00034102
v -0.00493072 0.06356870 -0.00126060
v -0.00493072 0.06356683 -0.00105984
v -0.00493072 0.06356028 -0.00086056
v -0.00493072 0.06354999 -0.00065981
v -0.00472985 0.06359489 -0.00046053
v -0.00472985 0.06358179 -0.00025977
v -0.00453029 0.06362388 -0.00006050
v -0.00325152 0.06390731 -0.00145987
v -0.00412985 0.06373707 -0.00145987
v -0.00352985 0.06385212 -0.00166063
v -0.00453029 0.06365849 -0.00145987
v -0.00472985 0.06361453 -0.00145987
v -0.00232986 0.06400927 -0.00286072
v -0.00333029 0.06387831 -0.00225993
v -0.00322789 0.06390263 -0.00214394
v -0.00314911 0.06391947 -0.00207107
v -0.00324233 0.06390544 -0.00185990
v -0.00312942 0.06392695 -0.00185990
v -0.00312942 0.06392882 -0.00166063
v -0.00232986 0.06398307 -0.00306148
v -0.00252942 0.06395221 -0.00306148
v -0.00272898 0.06394472 -0.00286072
v -0.00302307 0.06390170 -0.00274621
v -0.00305589 0.06390824 -0.00261386
v -0.00333029 0.06386709 -0.00246069
v -0.00324758 0.06390637 -0.00166063
v -0.00052855 0.06411216 -0.00303323
v -0.00052855 0.06410000 -0.00313286
v -0.00032899 0.06403265 -0.00366078
v -0.00032899 0.06400646 -0.00386154
v -0.00052855 0.06403078 -0.00366078
v -0.00052855 0.06400272 -0.00386154
v -0.00072943 0.06402610 -0.00366078
v -0.00092899 0.06404855 -0.00346151
v -0.00132942 0.06405791 -0.00326075
v -0.00092899 0.06401768 -0.00366078
v -0.00112855 0.06403826 -0.00346151
v -0.00152899 0.06407381 -0.00306148
v -0.00152899 0.06404294 -0.00326075
v -0.00172986 0.06402610 -0.00326075
v -0.00172986 0.06405603 -0.00306148
v -0.00192942 0.06400739 -0.00326075
v -0.00212898 0.06401114 -0.00306148
v -0.00018326 0.06410093 -0.00308528
v -0.00032899 0.06408223 -0.00326075
v -0.01167380 0.05816029 0.00060721
v -0.01161866 0.05828469 0.00034102
v -0.01162654 0.05829592 0.00019825
v -0.01163442 0.05830527 0.00006442
v -0.01156483 0.05841471 -0.00006050
v -0.01157533 0.05842874 -0.00025977
v -0.01162522 0.05822763 0.00060721
v -0.01148606 0.05857373 -0.00046053
v -0.01149525 0.05858682 -0.00065981
v -0.01150312 0.05859618 -0.00086056
v -0.01149525 0.05862143 -0.00104794
v -0.01143485 0.05870655 -0.00110742
v -0.01160947 0.05846896 -0.00126060
v -0.01160553 0.05846335 -0.00145987
v -0.01159897 0.05845493 -0.00166063
v -0.01165805 0.05833988 -0.00185990
v -0.01175126 0.05820144 -0.00185990
v -0.01182479 0.05809107 -0.00185990
v -0.01188912 0.05799192 -0.00185990
v -0.01210837 0.05760186 -0.00225993
v -0.01226592 0.05735492 -0.00225993
v -0.01236176 0.05720151 -0.00225993
v -0.01242085 0.05708459 -0.00246069
v -0.01247467 0.05697141 -0.00266145
v -0.01258496 0.05678340 -0.00265550
v -0.01258233 0.05681239 -0.00246069
v -0.01258890 0.05682455 -0.00225993
v -0.01263354 0.05670482 -0.00258412
v -0.01298933 0.05601077 -0.00225993
v -0.01279502 0.05638586 -0.00247110
v -0.01267030 0.05661690 -0.00265550
v -0.01262828 0.05669453 -0.00271796
v -0.01266898 0.05658042 -0.00286072
v -0.01320859 0.05503515 -0.00366078
v -0.01284360 0.05612769 -0.00306148
v -0.01299196 0.05578627 -0.00305553
v -0.01304054 0.05552062 -0.00346151
v -0.01309174 0.05540089 -0.00346151
v -0.01314294 0.05520072 -0.00366078
v -0.01275038 0.05640082 -0.00286072
v -0.01281340 0.05626051 -0.00286072
v -0.01285804 0.05616043 -0.00286072
v -0.01272413 0.05640082 -0.00306148
v -0.01280027 0.05622777 -0.00306148
v -0.01342522 0.05468158 -0.00311502
v -0.01341340 0.05464884 -0.00326075
v -0.00919766 0.05464884 -0.01105616
v -0.00665851 0.05654487 -0.01239010
v -0.00924362 0.05472554 -0.01097586
v -0.00903224 0.05510250 -0.01096396
v -0.00803443 0.05570676 -0.01156624
v -0.00861473 0.05547479 -0.01114688
v -0.00857535 0.05560107 -0.01110970
v -0.00867907 0.05560107 -0.01101006
v -0.00681868 0.05668237 -0.01215067
v -0.00667820 0.05680117 -0.01220867
v -0.00623444 0.05690500 -0.01256558
v -0.00664013 0.05691154 -0.01217149
v -0.00598367 0.05700134 -0.01272023
v -0.00665325 0.05712668 -0.01198412
v -0.00617536 0.05703876 -0.01251055
v -0.00605326 0.05732592 -0.01238415
v -0.00597973 0.05724735 -0.01251799
v -0.00584713 0.05731844 -0.01257598
v -0.00032899 0.05953998 -0.01220570
v -0.00072943 0.05973080 -0.01199750
v -0.00052855 0.05964381 -0.01209565
v -0.00018326 0.05946796 -0.01226815
v -0.00112855 0.05991040 -0.01177295
v -0.00566464 0.05793673 -0.01219231
v -0.00560424 0.05827627 -0.01193802
v -0.00553860 0.05840816 -0.01186812
v -0.00547295 0.05853912 -0.01179823
v -0.00547427 0.05874023 -0.01160044
v -0.00538893 0.05887399 -0.01153055
v -0.00524976 0.05911532 -0.01137738
v -0.00508827 0.05933794 -0.01120785
v -0.00491628 0.05954840 -0.01105616
v -0.00480731 0.05969058 -0.01094760
v -0.00467471 0.05972238 -0.01098924
v -0.00422569 0.06010028 -0.01076023
v -0.00414823 0.06005164 -0.01086135
v -0.00409309 0.06012553 -0.01079443
v -0.00393029 0.06025555 -0.01069926
v -0.00359550 0.06049034 -0.01054608
v -0.00352985 0.06056236 -0.01047173
v -0.00338412 0.06069051 -0.01034384
v -0.00332241 0.06063719 -0.01044645
v -0.00333029 0.06053056 -0.01059665
v -0.00312942 0.06028642 -0.01094463
v -0.00333029 0.06026117 -0.01091489
v -0.00312942 0.06047163 -0.01072751
v -0.00288784 0.06031635 -0.01097883
v -0.00252942 0.06026771 -0.01112606
v -0.00252942 0.06016763 -0.01122569
v -0.00231016 0.06017230 -0.01127328
v -0.00212898 0.06011338 -0.01137440
v -0.00192942 0.06013582 -0.01139671
v -0.00152899 0.06007877 -0.01153947
v -0.00132942 0.06009186 -0.01155137
v -0.00453029 0.06356496 0.00054029
v -0.00453029 0.06358834 0.00034102
v -0.00453423 0.06355373 0.00060721
v -0.00453029 0.06360798 0.00014026
v -0.00509352 0.06352380 -0.00126060
v -0.00493072 0.06356496 -0.00145987
v -0.00508827 0.06352193 -0.00105984
v -0.00507252 0.06351819 -0.00086056
v -0.00505414 0.06351164 -0.00065981
v -0.00503969 0.06350603 -0.00052002
v -0.00494648 0.06353035 -0.00045607
v -0.00490578 0.06352754 -0.00025977
v -0.00472985 0.06356589 -0.00006050
v -0.00436092 0.06368936 -0.00166063
v -0.00352985 0.06384931 -0.00185990
v -0.00453029 0.06365475 -0.00166063
v -0.00472985 0.06360985 -0.00166063
v -0.00393029 0.06375952 -0.00225993
v -0.00372941 0.06378945 -0.00246069
v -0.00393029 0.06375016 -0.00246069
v -0.00393029 0.06376606 -0.00206066
v -0.00331322 0.06388766 -0.00207107
v -0.00212898 0.06398307 -0.00326075
v -0.00232986 0.06395221 -0.00326075
v -0.00226290 0.06390918 -0.00359684
v -0.00268040 0.06371181 -0.00441177
v -0.00273948 0.06372397 -0.00427050
v -0.00281301 0.06369965 -0.00434337
v -0.00272636 0.06391853 -0.00305553
v -0.00284977 0.06390637 -0.00298564
v -0.00288916 0.06391479 -0.00286072
v -0.00312942 0.06386896 -0.00286072
v -0.00333029 0.06383061 -0.00286072
v -0.00403664 0.06370433 -0.00277150
v -0.00393029 0.06373613 -0.00266145
v -0.00333029 0.06385119 -0.00266145
v -0.00032899 0.06405791 -0.00346151
v -0.00018326 0.06400646 -0.00386154
v -0.00018326 0.06398307 -0.00400579
v -0.00032899 0.06397278 -0.00406082
v -0.00072943 0.06399617 -0.00386154
v -0.00132942 0.06402517 -0.00346151
v -0.00092899 0.06398494 -0.00386154
v -0.00112855 0.06400552 -0.00366078
v -0.00152899 0.06401020 -0.00346151
v -0.00172986 0.06399430 -0.00346151
v -0.00192942 0.06397559 -0.00346151
v -0.00018326 0.06405603 -0.00346151
v -0.01144273 0.05851667 0.00034102
v -0.01160159 0.05826037 0.00060721
v -0.01156877 0.05830527 0.00060721
v -0.01142435 0.05849890 0.00060721
v -0.01146505 0.05854567 -0.00006050
v -0.01139941 0.05865978 -0.00025977
v -0.01140991 0.05867381 -0.00046053
v -0.01141910 0.05868691 -0.00065981
v -0.01142698 0.05869626 -0.00086056
v -0.01143092 0.05870094 -0.00097358
v -0.01136921 0.05878419 -0.00104794
v -0.01125367 0.05892917 -0.00105984
v -0.01125630 0.05893198 -0.00126060
v -0.01135608 0.05880664 -0.00126060
v -0.01143485 0.05870655 -0.00126060
v -0.01151232 0.05860179 -0.00126060
v -0.01143354 0.05870375 -0.00139444
v -0.01149131 0.05862050 -0.00146136
v -0.01142960 0.05870000 -0.00152828
v -0.01149919 0.05859337 -0.00166063
v -0.01158846 0.05843997 -0.00185990
v -0.01172894 0.05820144 -0.00206066
v -0.01203223 0.05770382 -0.00236998
v -0.01188124 0.05797695 -0.00206066
v -0.01203748 0.05771130 -0.00225993
v -0.01219371 0.05744284 -0.00246069
v -0.01225805 0.05734276 -0.00246069
v -0.01234732 0.05720151 -0.00246069
v -0.01241297 0.05707149 -0.00266145
v -0.01246548 0.05695457 -0.00286072
v -0.01255608 0.05680117 -0.00286072
v -0.01262172 0.05668050 -0.00286072
v -0.01265586 0.05655329 -0.00306148
v -0.01310749 0.05520072 -0.00386154
v -0.01319415 0.05498464 -0.00384965
v -0.01323485 0.05490794 -0.00377529
v -0.01283441 0.05610711 -0.00317450
v -0.01295257 0.05580124 -0.00326075
v -0.01299721 0.05562071 -0.00346151
v -0.01306023 0.05540557 -0.00364145
v -0.01264273 0.05652523 -0.00322358
v -0.01278846 0.05618475 -0.00324886
v -0.01337927 0.05464884 -0.00346151
v -0.00926331 0.05464884 -0.01099519
v -0.00686069 0.05654861 -0.01219231
v -0.00864231 0.05571986 -0.01097437
v -0.00940248 0.05464884 -0.01085243
v -0.00946024 0.05464884 -0.01079294
v -0.00944186 0.05472180 -0.01077361
v -0.00940510 0.05485463 -0.01073643
v -0.00920554 0.05485837 -0.01093719
v -0.00916222 0.05500055 -0.01089555
v -0.00941823 0.05548040 -0.01034979
v -0.00905850 0.05534570 -0.01078997
v -0.00881692 0.05547853 -0.01094909
v -0.00787163 0.05656639 -0.01120190
v -0.00826681 0.05660099 -0.01079741
v -0.00762612 0.05669547 -0.01135953
v -0.00818804 0.05683952 -0.01072156
v -0.00684231 0.05691528 -0.01197371
v -0.00862786 0.05729786 -0.00995868
v -0.00842436 0.05729412 -0.01015646
v -0.00837841 0.05740169 -0.01011334
v -0.00864099 0.05751393 -0.00977130
v -0.00761167 0.05728009 -0.01094463
v -0.00639067 0.05725577 -0.01212390
v -0.00843749 0.05750926 -0.00996909
v -0.00782699 0.05749803 -0.01055947
v -0.00599024 0.05745874 -0.01232466
v -0.00585632 0.05752796 -0.01238563
v -0.00762349 0.05749335 -0.01075577
v -0.00680686 0.05747652 -0.01154096
v -0.00687907 0.05755041 -0.01140712
v -0.00578936 0.05766172 -0.01232615
v -0.00052855 0.05972893 -0.01199601
v -0.00032899 0.05964007 -0.01208821
v -0.00072943 0.05983089 -0.01187556
v -0.00092899 0.05991414 -0.01177741
v -0.00018326 0.05955775 -0.01216257
v -0.00112855 0.06000487 -0.01166290
v -0.00586289 0.05773468 -0.01219231
v -0.00573422 0.05800501 -0.01206591
v -0.00566989 0.05814251 -0.01200047
v -0.00600862 0.05807891 -0.01174172
v -0.00607951 0.05815093 -0.01160788
v -0.00662174 0.05809200 -0.01115282
v -0.00580906 0.05828002 -0.01174172
v -0.00635654 0.05842687 -0.01108590
v -0.00662831 0.05849983 -0.01076023
v -0.00574341 0.05841378 -0.01167480
v -0.00560687 0.05847832 -0.01174023
v -0.00560818 0.05868036 -0.01154096
v -0.00553860 0.05880944 -0.01146958
v -0.00546770 0.05893292 -0.01139671
v -0.00538368 0.05906574 -0.01131938
v -0.00543488 0.05930427 -0.01096545
v -0.00522219 0.05929678 -0.01115580
v -0.00545720 0.05912186 -0.01118703
v -0.00564494 0.05931175 -0.01077510
v -0.00514079 0.05940809 -0.01107103
v -0.00505939 0.05951847 -0.01098627
v -0.00494910 0.05966532 -0.01087325
v -0.00489527 0.05973828 -0.01081376
v -0.00486245 0.05991881 -0.01058624
v -0.00477055 0.05987205 -0.01072008
v -0.00463794 0.05990478 -0.01076766
v -0.00433073 0.06007596 -0.01072751
v -0.00433073 0.06014798 -0.01062788
v -0.00417974 0.06028081 -0.01052973
v -0.00404582 0.06030794 -0.01057137
v -0.00393029 0.06033038 -0.01059962
v -0.00372941 0.06046695 -0.01051188
v -0.00372941 0.06053523 -0.01041225
v -0.00352985 0.06066900 -0.01030963
v -0.00325020 0.06070735 -0.01037061
v -0.00333029 0.06100574 -0.00986202
v -0.00322263 0.06110021 -0.00975941
v -0.00312942 0.06055301 -0.01062639
v -0.00284846 0.06050624 -0.01076766
v -0.00298106 0.06049034 -0.01074833
v -0.00312942 0.06065216 -0.01048809
v -0.00272898 0.06033506 -0.01099965
v -0.00252942 0.06035751 -0.01102642
v -0.00232986 0.06029016 -0.01114985
v -0.00222745 0.06030139 -0.01116175
v -0.00172986 0.06015547 -0.01141902
v -0.00172986 0.06025555 -0.01131046
v -0.00152899 0.06016856 -0.01143984
v -0.00112855 0.06009654 -0.01155583
v -0.00152899 0.06026865 -0.01132235
v -0.00132942 0.06017417 -0.01145173
v -0.00473641 0.06352567 0.00032615
v -0.00467733 0.06351819 0.00054029
v -0.00458674 0.06353783 0.00060721
v -0.00472985 0.06354812 0.00014026
v -0.00483357 0.06350415 0.00024882
v -0.00519330 0.06349013 -0.00126060
v -0.00508565 0.06352099 -0.00145987
v -0.00493072 0.06355841 -0.00166063
v -0.00518805 0.06348825 -0.00105984
v -0.00517230 0.06348077 -0.00086056
v -0.00515392 0.06347142 -0.00065981
v -0.00511584 0.06346955 -0.00045607
v -0.00513028 0.06344616 -0.00025977
v -0.00502263 0.06350041 -0.00038766
v -0.00487821 0.06351912 -0.00006050
v -0.00425064 0.06370713 -0.00185990
v -0.00453029 0.06364821 -0.00185990
v -0.00424014 0.06370526 -0.00202497
v -0.00453029 0.06363885 -0.00206066
v -0.00472985 0.06360050 -0.00185990
v -0.00411935 0.06372117 -0.00225993
v -0.00406158 0.06370994 -0.00266145
v -0.00419681 0.06369591 -0.00246069
v -0.00212898 0.06395127 -0.00346151
v -0.00218675 0.06389795 -0.00373068
v -0.00232986 0.06382125 -0.00406082
v -0.00260557 0.06369965 -0.00454413
v -0.00273948 0.06368936 -0.00447126
v -0.00292986 0.06365008 -0.00446085
v -0.00293248 0.06368749 -0.00427050
v -0.00300207 0.06369778 -0.00412922
v -0.00354692 0.06373145 -0.00327860
v -0.00333029 0.06377448 -0.00326075
v -0.00312942 0.06384277 -0.00306148
v -0.00333029 0.06380535 -0.00306148
v -0.00352985 0.06376794 -0.00306148
v -0.00372941 0.06375390 -0.00286072
v -0.00392766 0.06371649 -0.00284734
v -0.00386071 0.06370994 -0.00300497
v -0.00392766 0.06368468 -0.00306743
v -0.00412985 0.06363698 -0.00306148
v -0.00411410 0.06367346 -0.00284734
v -0.00416267 0.06368656 -0.00266145
v -0.00018326 0.06403171 -0.00366078
v -0.00018326 0.06397372 -0.00406082
v -0.00018326 0.06394285 -0.00420655
v -0.00029354 0.06390544 -0.00437013
v -0.00034737 0.06392415 -0.00428091
v -0.00052855 0.06396624 -0.00406082
v -0.00072943 0.06395782 -0.00406082
v -0.00132942 0.06399149 -0.00366078
v -0.00092899 0.06394566 -0.00406082
v -0.00112855 0.06397091 -0.00386154
v -0.00152899 0.06397559 -0.00366078
v -0.00172986 0.06395875 -0.00366078
v -0.00192942 0.06394005 -0.00366078
v -0.00205415 0.06390544 -0.00377678
v -0.01125499 0.05873274 0.00054029
v -0.01137709 0.05863172 0.00014026
v -0.01114076 0.05887025 0.00060721
v -0.01122085 0.05888895 -0.00025977
v -0.01127731 0.05876080 0.00014026
v -0.01119984 0.05886089 0.00014026
v -0.01129569 0.05881973 -0.00046202
v -0.01132851 0.05880196 -0.00065981
v -0.01134295 0.05880196 -0.00086056
v -0.01124711 0.05892169 -0.00086056
v -0.01116833 0.05902926 -0.00105984
v -0.01117096 0.05903113 -0.00126060
v -0.01106855 0.05914431 -0.00145987
v -0.01116833 0.05902833 -0.00145987
v -0.01125236 0.05892824 -0.00145987
v -0.01136790 0.05878325 -0.00146136
v -0.01124711 0.05892169 -0.00166063
v -0.01134032 0.05880196 -0.00166063
v -0.01142435 0.05869346 -0.00166063
v -0.01141385 0.05867849 -0.00185990
v -0.01148737 0.05857840 -0.00185990
v -0.01147424 0.05855970 -0.00206066
v -0.01157402 0.05842219 -0.00206066
v -0.01163704 0.05830901 -0.00219450
v -0.01196921 0.05778239 -0.00244582
v -0.01187074 0.05795918 -0.00225993
v -0.01202435 0.05769166 -0.00250382
v -0.01208343 0.05757660 -0.00266145
v -0.01218321 0.05742881 -0.00266145
v -0.01224886 0.05732873 -0.00266145
v -0.01233026 0.05720151 -0.00266145
v -0.01223179 0.05730160 -0.00295887
v -0.01228824 0.05719029 -0.00306148
v -0.01245104 0.05693119 -0.00306148
v -0.01223966 0.05731376 -0.00282652
v -0.01252719 0.05680117 -0.00306148
v -0.01260859 0.05665338 -0.00306148
v -0.01304841 0.05534009 -0.00386154
v -0.01303660 0.05531203 -0.00398497
v -0.01306680 0.05520820 -0.00405487
v -0.01314951 0.05500055 -0.00406082
v -0.01322303 0.05487520 -0.00390913
v -0.01331100 0.05464884 -0.00385857
v -0.01334513 0.05464884 -0.00366078
v -0.01298408 0.05558142 -0.00364145
v -0.01302084 0.05547479 -0.00369499
v -0.01259809 0.05659538 -0.00327860
v -0.01263091 0.05649997 -0.00335742
v -0.01274513 0.05620158 -0.00346151
v -0.01285410 0.05595090 -0.00346151
v -0.00788345 0.05620158 -0.01141455
v -0.00829045 0.05620158 -0.01102047
v -0.00839023 0.05620158 -0.01092381
v -0.00877885 0.05560107 -0.01091191
v -0.00884318 0.05572080 -0.01077510
v -0.00872239 0.05578721 -0.01085392
v -0.00843487 0.05670856 -0.01056690
v -0.00960073 0.05464884 -0.01064572
v -0.00963880 0.05471619 -0.01057137
v -0.00960335 0.05484995 -0.01053270
v -0.00962961 0.05509970 -0.01036168
v -0.00965718 0.05534570 -0.01018918
v -0.00936309 0.05500055 -0.01069331
v -0.00958103 0.05560107 -0.01011334
v -0.00952458 0.05579001 -0.01005534
v -0.00944449 0.05572360 -0.01017580
v -0.00839023 0.05684139 -0.01052229
v -0.00845719 0.05693867 -0.01038994
v -0.00825631 0.05693680 -0.01058772
v -0.00840861 0.05707243 -0.01034086
v -0.00820642 0.05706962 -0.01053865
v -0.00868694 0.05740169 -0.00981740
v -0.00861080 0.05707336 -0.01014308
v -0.00882874 0.05729973 -0.00976089
v -0.00884055 0.05751393 -0.00957203
v -0.00865150 0.05772346 -0.00958244
v -0.00858191 0.05764676 -0.00971628
v -0.00633553 0.05760654 -0.01186663
v -0.00613072 0.05760186 -0.01206293
v -0.00593247 0.05780390 -0.01206442
v -0.00844800 0.05771972 -0.00977874
v -0.00824318 0.05771598 -0.00997504
v -0.00722174 0.05769353 -0.01095504
v -0.00072943 0.05991227 -0.01177592
v -0.00052855 0.05982902 -0.01186961
v -0.00032899 0.05972238 -0.01198858
v -0.00018326 0.05964101 -0.01206293
v -0.00018326 0.05971303 -0.01197668
v -0.00092899 0.06000768 -0.01166290
v -0.00641168 0.05788154 -0.01154393
v -0.00634735 0.05801904 -0.01147850
v -0.00621737 0.05828843 -0.01134912
v -0.00838235 0.05785348 -0.00971628
v -0.00683312 0.05850357 -0.01056393
v -0.00629089 0.05855970 -0.01101898
v -0.00622131 0.05869252 -0.01095355
v -0.00662831 0.05890018 -0.01036020
v -0.00621868 0.05889176 -0.01075131
v -0.00580774 0.05888240 -0.01114093
v -0.00560162 0.05887773 -0.01133574
v -0.00608608 0.05894601 -0.01081228
v -0.00662043 0.05909380 -0.01015200
v -0.00573553 0.05900588 -0.01106657
v -0.00552941 0.05900120 -0.01126138
v -0.00683181 0.05990198 -0.00896232
v -0.00559111 0.05907042 -0.01112457
v -0.00579593 0.05907510 -0.01093125
v -0.00586945 0.05913122 -0.01079741
v -0.00598630 0.05926872 -0.01052080
v -0.00534691 0.05986082 -0.01027246
v -0.00524188 0.05970835 -0.01057137
v -0.00502919 0.05970087 -0.01076023
v -0.00598236 0.05987205 -0.00972074
v -0.00494517 0.05981031 -0.01067398
v -0.00493072 0.06007128 -0.01031856
v -0.00482569 0.06009934 -0.01035871
v -0.00504626 0.06011057 -0.01017431
v -0.00459725 0.06008531 -0.01053865
v -0.00446333 0.06011712 -0.01058475
v -0.00434123 0.06025462 -0.01046281
v -0.00422832 0.06050156 -0.01016092
v -0.00409572 0.06052869 -0.01020405
v -0.00398937 0.06048566 -0.01033640
v -0.00482438 0.06130038 -0.00855782
v -0.00385677 0.06051185 -0.01037804
v -0.00372679 0.06064093 -0.01025164
v -0.00365721 0.06071109 -0.01017728
v -0.00351804 0.06083549 -0.01004493
v -0.00312942 0.06088414 -0.01013416
v -0.00312942 0.06071951 -0.01038845
v -0.00305589 0.06151084 -0.00917497
v -0.00292986 0.06146127 -0.00929692
v -0.00297581 0.06129196 -0.00954675
v -0.00351804 0.06094587 -0.00986499
v -0.00333029 0.06114604 -0.00963300
v -0.00292067 0.06056049 -0.01067398
v -0.00292986 0.06067180 -0.01051634
v -0.00272898 0.06060539 -0.01066208
v -0.00252942 0.06053711 -0.01080782
v -0.00232986 0.06047911 -0.01093422
v -0.00252942 0.06045760 -0.01090894
v -0.00232986 0.06037902 -0.01105021
v -0.00218019 0.06049314 -0.01095206
v -0.00213686 0.06040335 -0.01106360
v -0.00192942 0.06032664 -0.01119149
v -0.00192942 0.06042673 -0.01107698
v -0.00172986 0.06034255 -0.01120933
v -0.00092899 0.06009467 -0.01155434
v -0.00132942 0.06027426 -0.01132830
v -0.00112855 0.06017511 -0.01145619
v -0.00172986 0.06044263 -0.01109185
v -0.00152899 0.06035096 -0.01122272
v -0.00480862 0.06349480 0.00038266
v -0.00477711 0.06348358 0.00054029
v -0.00466289 0.06351351 0.00060721
v -0.00485064 0.06350977 0.00014026
v -0.00491234 0.06346580 0.00032615
v -0.00493072 0.06343026 0.00054029
v -0.00495042 0.06347422 0.00014026
v -0.00513028 0.06338536 0.00034102
v -0.00532985 0.06343494 -0.00126060
v -0.00532985 0.06343120 -0.00105984
v -0.00518543 0.06348732 -0.00145987
v -0.00507252 0.06351725 -0.00166063
v -0.00493072 0.06354531 -0.00185990
v -0.00532985 0.06341529 -0.00086056
v -0.00532985 0.06339846 -0.00065981
v -0.00532985 0.06336478 -0.00025977
v -0.00542569 0.06330118 0.00001832
v -0.00541256 0.06329556 0.00014026
v -0.00531278 0.06333579 0.00014026
v -0.00513028 0.06342745 -0.00006050
v -0.00497930 0.06348451 -0.00006050
v -0.00431628 0.06368656 -0.00207999
v -0.00421913 0.06370059 -0.00225993
v -0.00433073 0.06367533 -0.00225993
v -0.00422963 0.06370246 -0.00215881
v -0.00433073 0.06366224 -0.00246069
v -0.00453029 0.06362482 -0.00225993
v -0.00472985 0.06358647 -0.00206066
v -0.00232986 0.06378571 -0.00426158
v -0.00253467 0.06372210 -0.00447126
v -0.00232986 0.06374923 -0.00446085
v -0.00247165 0.06370807 -0.00458428
v -0.00253467 0.06368375 -0.00465566
v -0.00252942 0.06363324 -0.00486088
v -0.00272898 0.06364914 -0.00466161
v -0.00312942 0.06359863 -0.00446085
v -0.00333029 0.06359115 -0.00426158
v -0.00333029 0.06363511 -0.00406082
v -0.00292986 0.06360424 -0.00466161
v -0.00312679 0.06368281 -0.00406230
v -0.00374123 0.06369123 -0.00327860
v -0.00368084 0.06371368 -0.00322209
v -0.00374123 0.06372584 -0.00306743
v -0.00381475 0.06369965 -0.00313881
v -0.00393029 0.06365008 -0.00326075
v -0.00412985 0.06359863 -0.00326075
v -0.00433073 0.06357992 -0.00306148
v -0.00433073 0.06361266 -0.00286072
v -0.00433073 0.06364072 -0.00266145
v -0.00018326 0.06392976 -0.00426604
v -0.00042615 0.06390263 -0.00436121
v -0.00018326 0.06389047 -0.00444003
v -0.00018326 0.06385212 -0.00460658
v -0.00018326 0.06380535 -0.00480586
v -0.00032899 0.06378851 -0.00486088
v -0.00052855 0.06392415 -0.00424968
v -0.00092899 0.06389047 -0.00430619
v -0.00112855 0.06388486 -0.00427793
v -0.00132942 0.06395595 -0.00386154
v -0.00130973 0.06388018 -0.00424224
v -0.00112855 0.06393163 -0.00406082
v -0.00172592 0.06391947 -0.00387047
v -0.00179157 0.06389983 -0.00394333
v -0.00212898 0.06380816 -0.00426158
v -0.01117752 0.05883283 0.00054029
v -0.01107381 0.05895537 0.00060721
v -0.01107774 0.05896098 0.00054029
v -0.01102654 0.05909661 -0.00000845
v -0.01123398 0.05890579 -0.00052894
v -0.01099766 0.05906106 0.00054029
v -0.01100816 0.05907416 0.00034102
v -0.01101866 0.05908725 0.00014026
v -0.01124054 0.05891234 -0.00065981
v -0.01116177 0.05902178 -0.00086056
v -0.01105542 0.05913028 -0.00065981
v -0.01106855 0.05914431 -0.00105984
v -0.01106199 0.05913777 -0.00086056
v -0.01087556 0.05935384 -0.00086056
v -0.01106987 0.05914712 -0.00126060
v -0.01098190 0.05924721 -0.00126060
v -0.01088212 0.05936039 -0.00126060
v -0.01087949 0.05935758 -0.00145987
v -0.01087687 0.05935384 -0.00166063
v -0.01097665 0.05923972 -0.00166063
v -0.01106330 0.05913964 -0.00166063
v -0.01116308 0.05902178 -0.00166063
v -0.01105542 0.05913028 -0.00185990
v -0.01123923 0.05891234 -0.00182123
v -0.01130225 0.05882161 -0.00187774
v -0.01122348 0.05889176 -0.00206066
v -0.01129963 0.05879167 -0.00206066
v -0.01139941 0.05865978 -0.00206066
v -0.01128518 0.05877296 -0.00225993
v -0.01138496 0.05863920 -0.00225993
v -0.01145849 0.05853912 -0.00225993
v -0.01157008 0.05838665 -0.00226142
v -0.01162654 0.05829498 -0.00232685
v -0.01178803 0.05804056 -0.00246069
v -0.01185761 0.05794047 -0.00246069
v -0.01207030 0.05755696 -0.00286072
v -0.01214907 0.05740169 -0.00306148
v -0.01222391 0.05729038 -0.00306148
v -0.01220947 0.05726606 -0.00326075
v -0.01219240 0.05723799 -0.00346151
v -0.01225411 0.05713791 -0.00346151
v -0.01224098 0.05711639 -0.00361171
v -0.01243791 0.05691248 -0.00319681
v -0.01248255 0.05681520 -0.00326224
v -0.01256001 0.05660099 -0.00346151
v -0.01300509 0.05544018 -0.00386154
v -0.01284491 0.05572921 -0.00401918
v -0.01298802 0.05538780 -0.00405487
v -0.01302216 0.05527929 -0.00411733
v -0.01282916 0.05589478 -0.00374406
v -0.01281734 0.05586765 -0.00386154
v -0.01304973 0.05514085 -0.00426158
v -0.01310749 0.05500055 -0.00426158
v -0.01314163 0.05480037 -0.00446085
v -0.01319152 0.05478447 -0.00424819
v -0.01320859 0.05483592 -0.00406082
v -0.01323353 0.05470683 -0.00417235
v -0.01324404 0.05473583 -0.00406082
v -0.01327423 0.05464884 -0.00406082
v -0.01284098 0.05592190 -0.00361171
v -0.01262172 0.05647939 -0.00346151
v -0.01266636 0.05637931 -0.00346151
v -0.00947075 0.05596587 -0.01000180
v -0.00929745 0.05620158 -0.01002857
v -0.00899548 0.05620158 -0.01032748
v -0.00856878 0.05660099 -0.01050147
v -0.00863574 0.05670950 -0.01036763
v -0.00979766 0.05464884 -0.01043455
v -0.00983442 0.05470683 -0.01036615
v -0.00980029 0.05484060 -0.01032897
v -0.00982655 0.05509315 -0.01015795
v -0.00966637 0.05496594 -0.01040035
v -0.00979766 0.05520072 -0.01012672
v -0.00981604 0.05547479 -0.00994678
v -0.00978059 0.05560107 -0.00990960
v -0.00972414 0.05578908 -0.00985458
v -0.00961779 0.05547946 -0.01014903
v -0.00960335 0.05585736 -0.00993488
v -0.00969788 0.05620158 -0.00963003
v -0.00962961 0.05609963 -0.00976089
v -0.00865675 0.05694054 -0.01018918
v -0.00873421 0.05700695 -0.01006575
v -0.00900992 0.05707149 -0.00974156
v -0.00887600 0.05716690 -0.00980848
v -0.00920948 0.05707056 -0.00953931
v -0.00902567 0.05729505 -0.00955716
v -0.00907556 0.05740169 -0.00941142
v -0.00903355 0.05750645 -0.00936532
v -0.00878410 0.05764676 -0.00951106
v -0.00825237 0.05812381 -0.00958244
v -0.00884449 0.05771785 -0.00937722
v -0.00878410 0.05785161 -0.00931030
v -0.00865018 0.05792270 -0.00938317
v -0.00858585 0.05785722 -0.00951552
v -0.00811977 0.05839133 -0.00945158
v -0.00660993 0.05767950 -0.01154245
v -0.00675041 0.05782168 -0.01128072
v -0.00052855 0.05990665 -0.01176849
v -0.00042221 0.05990198 -0.01176402
v -0.00018326 0.05972519 -0.01196181
v -0.00032899 0.06110769 -0.01016985
v -0.00022527 0.06110208 -0.01016241
v -0.00018326 0.06109927 -0.01015944
v -0.00662568 0.05829592 -0.01095653
v -0.00757754 0.05844932 -0.00991258
v -0.00798191 0.05825289 -0.00971628
v -0.00764844 0.05851947 -0.00977874
v -0.00744625 0.05871684 -0.00977725
v -0.00656266 0.05863266 -0.01069182
v -0.00649571 0.05856344 -0.01082269
v -0.00649702 0.05876268 -0.01062341
v -0.00683312 0.05890392 -0.01016390
v -0.00764712 0.05911625 -0.00917795
v -0.00763137 0.05930333 -0.00896380
v -0.00688170 0.05934074 -0.00960921
v -0.00677667 0.05966065 -0.00931179
v -0.00731758 0.05979254 -0.00865002
v -0.00731758 0.05995342 -0.00845075
v -0.00722437 0.06009841 -0.00835706
v -0.00680161 0.06008344 -0.00873628
v -0.00658892 0.06007596 -0.00892663
v -0.00612941 0.05996839 -0.00946347
v -0.00619242 0.05927340 -0.01032599
v -0.00532853 0.06016669 -0.00986350
v -0.00526026 0.06011899 -0.00998693
v -0.00607951 0.06033132 -0.00900247
v -0.00562394 0.06049782 -0.00915564
v -0.00507777 0.05992910 -0.01040184
v -0.00477974 0.06027800 -0.01012672
v -0.00473641 0.06020411 -0.01026651
v -0.00518805 0.06048098 -0.00953188
v -0.00512897 0.06000019 -0.01026056
v -0.00522875 0.06030045 -0.00975941
v -0.00453029 0.06026865 -0.01031261
v -0.00453029 0.06033506 -0.01021297
v -0.00469440 0.06053149 -0.00980551
v -0.00464582 0.06070828 -0.00957203
v -0.00487427 0.06112266 -0.00879130
v -0.00493072 0.06127513 -0.00852065
v -0.00493072 0.06134060 -0.00842101
v -0.00486902 0.06152020 -0.00818902
v -0.00393029 0.06072512 -0.00999883
v -0.00379112 0.06068770 -0.01014011
v -0.00472985 0.06148278 -0.00833178
v -0.00472985 0.06154639 -0.00823215
v -0.00383839 0.06090471 -0.00976684
v -0.00357581 0.06088507 -0.00993488
v -0.00299681 0.06089629 -0.01015349
v -0.00292986 0.06073728 -0.01041671
v -0.00333029 0.06146782 -0.00910508
v -0.00402351 0.06170073 -0.00835855
v -0.00362701 0.06170166 -0.00856080
v -0.00333029 0.06168763 -0.00873628
v -0.00322920 0.06170166 -0.00876156
v -0.00314911 0.06166705 -0.00885971
v -0.00292986 0.06168296 -0.00892663
v -0.00292986 0.06160532 -0.00906195
v -0.00292986 0.06152394 -0.00919579
v -0.00272898 0.06138831 -0.00946198
v -0.00272898 0.06131348 -0.00957947
v -0.00284189 0.06130412 -0.00956459
v -0.00273029 0.06165022 -0.00904708
v -0.00272898 0.06154078 -0.00922256
v -0.00292986 0.06113201 -0.00980699
v -0.00348915 0.06112079 -0.00959285
v -0.00261213 0.06069893 -0.01055798
v -0.00232986 0.06065496 -0.01069331
v -0.00232986 0.06055488 -0.01083458
v -0.00211979 0.06055862 -0.01087622
v -0.00204758 0.06050437 -0.01096545
v -0.00192942 0.06051372 -0.01097586
v -0.00112855 0.06027520 -0.01132830
v -0.00116794 0.06070548 -0.01076618
v -0.00092899 0.06087665 -0.01052824
v -0.00072943 0.06094681 -0.01042117
v -0.00152899 0.06045105 -0.01109780
v -0.00132942 0.06045292 -0.01109929
v -0.00172986 0.06052495 -0.01099073
v -0.00471409 0.06349574 0.00060721
v -0.00519199 0.06332830 0.00060721
v -0.00500293 0.06339471 0.00060721
v -0.00482700 0.06345645 0.00060721
v -0.00513028 0.06340688 0.00014026
v -0.00528915 0.06332550 0.00034102
v -0.00535873 0.06327592 0.00054029
v -0.00525764 0.06331334 0.00054029
v -0.00552547 0.06334795 -0.00126060
v -0.00552416 0.06334607 -0.00105984
v -0.00532985 0.06342745 -0.00145987
v -0.00550971 0.06333766 -0.00086056
v -0.00549133 0.06333017 -0.00065981
v -0.00517230 0.06348077 -0.00166063
v -0.00504888 0.06350977 -0.00185990
v -0.00472985 0.06356776 -0.00225993
v -0.00547295 0.06332175 -0.00046053
v -0.00553072 0.06322822 0.00034102
v -0.00553072 0.06320951 0.00054029
v -0.00538893 0.06328621 0.00034102
v -0.00453029 0.06360611 -0.00246069
v -0.00212898 0.06376981 -0.00446085
v -0.00232986 0.06371649 -0.00462294
v -0.00232986 0.06369404 -0.00472407
v -0.00232986 0.06366224 -0.00486088
v -0.00272898 0.06359769 -0.00486088
v -0.00232986 0.06360798 -0.00506164
v -0.00252942 0.06357712 -0.00506164
v -0.00292986 0.06355373 -0.00486088
v -0.00314780 0.06354251 -0.00467945
v -0.00328171 0.06351819 -0.00462294
v -0.00334080 0.06353783 -0.00447126
v -0.00347077 0.06351538 -0.00441029
v -0.00353511 0.06353222 -0.00426306
v -0.00372941 0.06357244 -0.00386154
v -0.00393029 0.06360798 -0.00346151
v -0.00352985 0.06362669 -0.00386154
v -0.00372941 0.06365849 -0.00346151
v -0.00331979 0.06367814 -0.00385411
v -0.00303095 0.06350322 -0.00496200
v -0.00307690 0.06351632 -0.00486088
v -0.00422701 0.06350228 -0.00355817
v -0.00441606 0.06349854 -0.00334106
v -0.00434123 0.06353596 -0.00326968
v -0.00445939 0.06351257 -0.00320722
v -0.00450140 0.06352567 -0.00306148
v -0.00454998 0.06354157 -0.00288005
v -0.00453029 0.06358086 -0.00266145
v -0.00052855 0.06387457 -0.00446085
v -0.00052855 0.06378010 -0.00486088
v -0.00018326 0.06379225 -0.00486088
v -0.00018326 0.06375671 -0.00500662
v -0.00032899 0.06373894 -0.00506164
v -0.00072943 0.06381751 -0.00466161
v -0.00112855 0.06379693 -0.00466161
v -0.00132942 0.06378571 -0.00466161
v -0.00172986 0.06369778 -0.00493821
v -0.00130973 0.06391666 -0.00406676
v -0.00152899 0.06389141 -0.00410246
v -0.00165765 0.06390544 -0.00397456
v -0.00172986 0.06380161 -0.00446085
v -0.00136356 0.06389795 -0.00413666
v -0.00172986 0.06375858 -0.00466161
v -0.00192942 0.06374362 -0.00466161
v -0.01101998 0.05902271 0.00060721
v -0.01096090 0.05909661 0.00060721
v -0.01103310 0.05910409 -0.00014229
v -0.01089788 0.05918266 0.00054029
v -0.01081516 0.05928275 0.00054029
v -0.01083092 0.05930146 0.00023097
v -0.01089394 0.05917892 0.00060721
v -0.01103836 0.05911064 -0.00025977
v -0.01067600 0.05955308 -0.00046053
v -0.01086899 0.05934636 -0.00065981
v -0.01095302 0.05921073 -0.00025977
v -0.01088081 0.05935945 -0.00105984
v -0.01078891 0.05945299 -0.00086056
v -0.01059591 0.05966158 -0.00065981
v -0.01079416 0.05945954 -0.00126060
v -0.01079153 0.05945673 -0.00145987
v -0.01069175 0.05956898 -0.00145987
v -0.01059591 0.05966158 -0.00185990
v -0.01040291 0.05986924 -0.00206066
v -0.01049088 0.05976915 -0.00206066
v -0.01087030 0.05934729 -0.00185990
v -0.01097009 0.05923037 -0.00185990
v -0.01077709 0.05943616 -0.00206066
v -0.01028737 0.05996932 -0.00246069
v -0.01058278 0.05964288 -0.00225993
v -0.01076527 0.05942212 -0.00225993
v -0.01084799 0.05932204 -0.00225993
v -0.01104230 0.05911625 -0.00206066
v -0.01103442 0.05910596 -0.00218409
v -0.01102523 0.05909380 -0.00231644
v -0.01120903 0.05887212 -0.00225993
v -0.01117621 0.05883002 -0.00266145
v -0.01125236 0.05872994 -0.00266145
v -0.01136921 0.05861769 -0.00246069
v -0.01144273 0.05851760 -0.00246069
v -0.01176571 0.05798443 -0.00285180
v -0.01198365 0.05763553 -0.00306148
v -0.01205586 0.05753545 -0.00306148
v -0.01210050 0.05742133 -0.00328009
v -0.01209262 0.05738859 -0.00346151
v -0.01207555 0.05736427 -0.00366078
v -0.01205717 0.05733808 -0.00386154
v -0.01214382 0.05720151 -0.00386154
v -0.01222916 0.05709581 -0.00374406
v -0.01242610 0.05689096 -0.00332916
v -0.01219896 0.05704437 -0.00406082
v -0.01225542 0.05694428 -0.00406082
v -0.01224098 0.05691809 -0.00421101
v -0.01222785 0.05689471 -0.00434485
v -0.01244973 0.05673382 -0.00366078
v -0.01243660 0.05671137 -0.00378719
v -0.01242347 0.05668518 -0.00392103
v -0.01262172 0.05627922 -0.00391508
v -0.01280159 0.05579843 -0.00407569
v -0.01288167 0.05561790 -0.00407569
v -0.01286198 0.05556833 -0.00426158
v -0.01300640 0.05524094 -0.00426158
v -0.01270837 0.05620158 -0.00366078
v -0.01264798 0.05633722 -0.00366078
v -0.01263616 0.05631009 -0.00378124
v -0.01306417 0.05500242 -0.00445044
v -0.01304841 0.05493694 -0.00461699
v -0.01308124 0.05481534 -0.00467499
v -0.01314426 0.05464884 -0.00466458
v -0.01315739 0.05464884 -0.00461253
v -0.01319283 0.05464884 -0.00446977
v -0.01321778 0.05464884 -0.00435378
v -0.01323091 0.05464884 -0.00428983
v -0.01325191 0.05464884 -0.00418127
v -0.01240903 0.05665525 -0.00406082
v -0.01260071 0.05643730 -0.00366078
v -0.00949832 0.05620158 -0.00982930
v -0.00945499 0.05633909 -0.00978617
v -0.00921211 0.05647191 -0.00994381
v -0.00953377 0.05640550 -0.00966423
v -0.00961123 0.05647191 -0.00954229
v -0.00936965 0.05660099 -0.00969992
v -0.00963355 0.05670482 -0.00936384
v -0.00984755 0.05464884 -0.01038102
v -0.01017578 0.05464884 -0.01002560
v -0.01022436 0.05468532 -0.00995422
v -0.01048037 0.05480037 -0.00961516
v -0.01044755 0.05493226 -0.00957947
v -0.01005762 0.05495097 -0.00998991
v -0.00994208 0.05502206 -0.01007467
v -0.01002217 0.05508473 -0.00995273
v -0.00989088 0.05520072 -0.01002708
v -0.01001298 0.05546730 -0.00974156
v -0.00997622 0.05560107 -0.00970290
v -0.00987512 0.05560107 -0.00980997
v -0.00984230 0.05572080 -0.00977428
v -0.00980291 0.05585456 -0.00973413
v -0.00982917 0.05609776 -0.00956013
v -0.00989482 0.05620158 -0.00942778
v -0.00985280 0.05633722 -0.00938466
v -0.00973333 0.05640456 -0.00946347
v -0.00905587 0.05693867 -0.00978766
v -0.00893377 0.05700508 -0.00986499
v -0.00925543 0.05693680 -0.00958690
v -0.00945499 0.05693399 -0.00938614
v -0.00965062 0.05692651 -0.00918390
v -0.00940510 0.05706682 -0.00933409
v -0.00927250 0.05715474 -0.00940547
v -0.00921998 0.05728850 -0.00935045
v -0.00897841 0.05763927 -0.00930138
v -0.00927906 0.05736240 -0.00921661
v -0.00922524 0.05749523 -0.00915564
v -0.00785194 0.05852322 -0.00958244
v -0.00903618 0.05770849 -0.00916754
v -0.00884318 0.05791615 -0.00917646
v -0.00878147 0.05804991 -0.00910508
v -0.00864756 0.05812006 -0.00918092
v -0.00858585 0.05805552 -0.00931476
v -0.00838629 0.05825757 -0.00931625
v -0.00818673 0.05845867 -0.00931774
v -0.00798717 0.05865885 -0.00931774
v -0.00785325 0.05872432 -0.00938466
v -0.00052855 0.06111611 -0.01018026
v -0.00032899 0.06128261 -0.00993488
v -0.00018326 0.06134996 -0.00982633
v -0.00018326 0.06127513 -0.00992596
v -0.00018326 0.06113201 -0.01011631
v -0.00778104 0.05845306 -0.00971628
v -0.00778367 0.05865698 -0.00951701
v -0.00778235 0.05885808 -0.00931625
v -0.00785062 0.05892263 -0.00918241
v -0.00777973 0.05905639 -0.00910954
v -0.00784275 0.05911438 -0.00897570
v -0.00783093 0.05930239 -0.00876156
v -0.00776528 0.05924814 -0.00889540
v -0.00771146 0.05933700 -0.00884186
v -0.00753027 0.05934168 -0.00900990
v -0.00761561 0.05949041 -0.00874817
v -0.00714559 0.05941371 -0.00927610
v -0.00744756 0.05991507 -0.00837788
v -0.00735041 0.06006754 -0.00827825
v -0.00743049 0.06010122 -0.00816077
v -0.00729658 0.06014518 -0.00822323
v -0.00719023 0.06027800 -0.00812508
v -0.00714034 0.06020879 -0.00827081
v -0.00684888 0.06031168 -0.00837640
v -0.00663750 0.06030513 -0.00856675
v -0.00709176 0.06013863 -0.00841358
v -0.00671890 0.06019475 -0.00865151
v -0.00540993 0.06049034 -0.00934450
v -0.00583663 0.06050530 -0.00896529
v -0.00549002 0.06053711 -0.00921215
v -0.00464582 0.06030887 -0.01017282
v -0.00493072 0.06047631 -0.00972372
v -0.00482832 0.06050063 -0.00975941
v -0.00527602 0.06052588 -0.00939804
v -0.00536792 0.06067087 -0.00911400
v -0.00523532 0.06070361 -0.00916456
v -0.00505414 0.06051372 -0.00957947
v -0.00493072 0.06094213 -0.00902329
v -0.00500687 0.06109086 -0.00874520
v -0.00518805 0.06088133 -0.00893109
v -0.00504888 0.06131254 -0.00837640
v -0.00493335 0.06144443 -0.00825892
v -0.00500162 0.06148746 -0.00813846
v -0.00493335 0.06156229 -0.00806708
v -0.00494779 0.06167080 -0.00786929
v -0.00480075 0.06169137 -0.00794068
v -0.00473247 0.06165115 -0.00805518
v -0.00453029 0.06168015 -0.00812359
v -0.00454867 0.06157819 -0.00828122
v -0.00406158 0.06131254 -0.00897868
v -0.00412985 0.06160532 -0.00846116
v -0.00373335 0.06124987 -0.00925379
v -0.00272898 0.06108431 -0.00993488
v -0.00272898 0.06091968 -0.01018918
v -0.00391979 0.06154732 -0.00866638
v -0.00428346 0.06171944 -0.00819051
v -0.00419550 0.06189155 -0.00794365
v -0.00406158 0.06191213 -0.00797785
v -0.00349441 0.06172131 -0.00859500
v -0.00393029 0.06193083 -0.00801206
v -0.00352985 0.06192896 -0.00820984
v -0.00314911 0.06176621 -0.00868125
v -0.00309528 0.06171850 -0.00879130
v -0.00393029 0.06201689 -0.00786037
v -0.00393029 0.06208798 -0.00773397
v -0.00292986 0.06173814 -0.00882699
v -0.00283795 0.06190371 -0.00856526
v -0.00279725 0.06169699 -0.00895191
v -0.00252942 0.06126390 -0.00970290
v -0.00245458 0.06110582 -0.00996760
v -0.00258719 0.06109553 -0.00995273
v -0.00266334 0.06170821 -0.00897124
v -0.00222876 0.06190184 -0.00876156
v -0.00252942 0.06155481 -0.00924487
v -0.00252942 0.06141731 -0.00946198
v -0.00247953 0.06071015 -0.01057434
v -0.00232986 0.06072231 -0.01059219
v -0.00212898 0.06067087 -0.01071562
v -0.00192942 0.06059697 -0.01086284
v -0.00172986 0.06061942 -0.01086284
v -0.00132942 0.06053056 -0.01099965
v -0.00132942 0.06070641 -0.01076766
v -0.00112855 0.06087946 -0.01052973
v -0.00092899 0.06095055 -0.01042860
v -0.00072943 0.06104689 -0.01028882
v -0.00152899 0.06052869 -0.01099668
v -0.00147778 0.06070454 -0.01076618
v -0.00524582 0.06330866 0.00060721
v -0.00541518 0.06324599 0.00060721
v -0.00562525 0.06330024 -0.00126060
v -0.00603488 0.06310475 -0.00121598
v -0.00603488 0.06310475 -0.00109404
v -0.00562394 0.06329931 -0.00105984
v -0.00551628 0.06334327 -0.00145987
v -0.00592722 0.06314777 -0.00086056
v -0.00601518 0.06309539 -0.00065981
v -0.00560949 0.06329369 -0.00086056
v -0.00532985 0.06341529 -0.00166063
v -0.00589833 0.06313281 -0.00046053
v -0.00573028 0.06320764 -0.00046053
v -0.00555435 0.06326937 -0.00025977
v -0.00514867 0.06347142 -0.00185990
v -0.00493729 0.06352567 -0.00204579
v -0.00503313 0.06350415 -0.00196846
v -0.00488083 0.06352006 -0.00225993
v -0.00474823 0.06353689 -0.00247556
v -0.00485195 0.06351070 -0.00241905
v -0.00570402 0.06313561 0.00054029
v -0.00569615 0.06313187 0.00060721
v -0.00557930 0.06318145 0.00060721
v -0.00553072 0.06320109 0.00060721
v -0.00213686 0.06372397 -0.00467648
v -0.00220907 0.06370152 -0.00475381
v -0.00213686 0.06368562 -0.00485196
v -0.00212898 0.06363137 -0.00506164
v -0.00273686 0.06353502 -0.00507354
v -0.00292986 0.06351538 -0.00500215
v -0.00212898 0.06356402 -0.00526091
v -0.00232986 0.06353502 -0.00527429
v -0.00252942 0.06352473 -0.00522225
v -0.00267515 0.06351164 -0.00518656
v -0.00322526 0.06350135 -0.00475678
v -0.00341563 0.06349854 -0.00454413
v -0.00346421 0.06331334 -0.00519697
v -0.00333029 0.06338910 -0.00506164
v -0.00317668 0.06348825 -0.00486088
v -0.00292986 0.06348358 -0.00510179
v -0.00326071 0.06331053 -0.00538583
v -0.00362438 0.06310100 -0.00575760
v -0.00339462 0.06329369 -0.00533080
v -0.00433073 0.06339284 -0.00386154
v -0.00353511 0.06348077 -0.00447126
v -0.00403401 0.06330398 -0.00456643
v -0.00414298 0.06314122 -0.00507354
v -0.00433073 0.06318893 -0.00466161
v -0.00491497 0.06326189 -0.00364740
v -0.00483882 0.06330492 -0.00357156
v -0.00497405 0.06328434 -0.00346151
v -0.00452766 0.06347703 -0.00326968
v -0.00487821 0.06311784 -0.00426158
v -0.00494517 0.06314403 -0.00407569
v -0.00493072 0.06320296 -0.00386154
v -0.00460118 0.06349293 -0.00306148
v -0.00462876 0.06350228 -0.00295887
v -0.00466158 0.06351445 -0.00282503
v -0.00470228 0.06352660 -0.00266145
v -0.00053380 0.06372584 -0.00507948
v -0.00072943 0.06372491 -0.00504528
v -0.00092899 0.06376045 -0.00486088
v -0.00018326 0.06374268 -0.00506164
v -0.00018326 0.06370994 -0.00518804
v -0.00032899 0.06370807 -0.00517912
v -0.00047079 0.06370526 -0.00516871
v -0.00112855 0.06375016 -0.00486088
v -0.00160907 0.06370152 -0.00495605
v -0.00172986 0.06366411 -0.00506164
v -0.00192942 0.06364821 -0.00506164
v -0.00192942 0.06369030 -0.00490549
v -0.01081122 0.05927901 0.00060721
v -0.01077840 0.05931736 0.00060721
v -0.01069963 0.05941838 0.00053137
v -0.01073245 0.05940248 0.00034102
v -0.01029525 0.05997587 -0.00025977
v -0.01039503 0.05985988 -0.00025977
v -0.01048956 0.05976915 -0.00046053
v -0.01040291 0.05986924 -0.00046053
v -0.01069306 0.05957085 -0.00105984
v -0.01068912 0.05956711 -0.00086056
v -0.01030838 0.05998990 -0.00065981
v -0.01050138 0.05978038 -0.00086056
v -0.01030313 0.05998429 -0.00046053
v -0.01049613 0.05977570 -0.00065981
v -0.01060510 0.05967187 -0.00126060
v -0.01060247 0.05966907 -0.00145987
v -0.01020860 0.06007690 -0.00225993
v -0.01030576 0.05998336 -0.00185990
v -0.01029657 0.05997681 -0.00225993
v -0.01059066 0.05965410 -0.00206066
v -0.01039635 0.05986176 -0.00225993
v -0.01020072 0.06006941 -0.00246069
v -0.01018891 0.06005445 -0.00266145
v -0.01027425 0.05995436 -0.00266145
v -0.01037534 0.05983276 -0.00266145
v -0.01096090 0.05918454 -0.00225398
v -0.01076659 0.05938658 -0.00246813
v -0.01082829 0.05929865 -0.00253951
v -0.01081910 0.05928649 -0.00266145
v -0.01089788 0.05918641 -0.00266145
v -0.01107643 0.05895911 -0.00266145
v -0.01105936 0.05893853 -0.00286072
v -0.01103310 0.05890485 -0.00317301
v -0.01108956 0.05881506 -0.00324886
v -0.01122873 0.05869907 -0.00294697
v -0.01121954 0.05868597 -0.00306148
v -0.01129306 0.05858589 -0.00306148
v -0.01140991 0.05847177 -0.00286072
v -0.01167774 0.05796573 -0.00346151
v -0.01194164 0.05760186 -0.00346151
v -0.01204273 0.05751674 -0.00322506
v -0.01202304 0.05748868 -0.00346151
v -0.01200465 0.05746436 -0.00366078
v -0.01198627 0.05743817 -0.00386154
v -0.01186811 0.05755228 -0.00406082
v -0.01204273 0.05731750 -0.00401323
v -0.01209131 0.05721835 -0.00407271
v -0.01205848 0.05714445 -0.00446085
v -0.01218715 0.05699199 -0.00427199
v -0.01214251 0.05700134 -0.00446085
v -0.01221603 0.05687039 -0.00446085
v -0.01258496 0.05638679 -0.00385262
v -0.01244185 0.05652242 -0.00420507
v -0.01242610 0.05648968 -0.00433890
v -0.01262172 0.05607811 -0.00431660
v -0.01265060 0.05614265 -0.00406082
v -0.01275826 0.05580124 -0.00426158
v -0.01271231 0.05580124 -0.00446085
v -0.01263616 0.05591068 -0.00457833
v -0.01287905 0.05541492 -0.00447126
v -0.01282785 0.05549069 -0.00454413
v -0.01261909 0.05587139 -0.00471217
v -0.01264798 0.05573857 -0.00481478
v -0.01302872 0.05489204 -0.00474935
v -0.01309962 0.05464884 -0.00481924
v -0.01303397 0.05470496 -0.00496646
v -0.01245761 0.05655516 -0.00406082
v -0.00981079 0.05647004 -0.00934153
v -0.00986462 0.05660099 -0.00919728
v -0.00983180 0.05670202 -0.00916159
v -0.01038584 0.05464884 -0.00979658
v -0.01041867 0.05467410 -0.00974900
v -0.01061298 0.05466194 -0.00954229
v -0.01064186 0.05492197 -0.00937276
v -0.01060772 0.05505480 -0.00933707
v -0.01041341 0.05506509 -0.00954229
v -0.01021779 0.05507538 -0.00974751
v -0.01046987 0.05520072 -0.00940399
v -0.01006943 0.05560107 -0.00960326
v -0.01002742 0.05609401 -0.00935789
v -0.00999460 0.05620158 -0.00932517
v -0.01005105 0.05633347 -0.00918241
v -0.00993027 0.05640176 -0.00926271
v -0.00978322 0.05683578 -0.00910211
v -0.00998278 0.05681520 -0.00887309
v -0.00983705 0.05690874 -0.00896827
v -0.00959810 0.05706027 -0.00911995
v -0.00941167 0.05727822 -0.00913780
v -0.00946418 0.05734463 -0.00900544
v -0.00941167 0.05747745 -0.00893704
v -0.00927775 0.05756070 -0.00902180
v -0.00922392 0.05769353 -0.00895339
v -0.00918716 0.05761683 -0.00907831
v -0.00907163 0.05778520 -0.00904262
v -0.00903224 0.05790399 -0.00896380
v -0.00890751 0.05797695 -0.00903370
v -0.00858322 0.05825382 -0.00910954
v -0.00883793 0.05811071 -0.00897124
v -0.00877622 0.05824354 -0.00889688
v -0.00864231 0.05831462 -0.00897570
v -0.00845062 0.05832211 -0.00918241
v -0.00825106 0.05852415 -0.00918390
v -0.00805281 0.05872432 -0.00918390
v -0.00791889 0.05879074 -0.00925082
v -0.00072943 0.06112079 -0.01018918
v -0.00052855 0.06128916 -0.00994381
v -0.00032899 0.06135557 -0.00983525
v -0.00018326 0.06145004 -0.00969100
v -0.00798454 0.05885715 -0.00911103
v -0.00791364 0.05898623 -0.00904411
v -0.00804493 0.05891701 -0.00897868
v -0.00797666 0.05904984 -0.00889986
v -0.00790314 0.05917705 -0.00883145
v -0.00787426 0.05934355 -0.00866192
v -0.00781518 0.05948947 -0.00854593
v -0.00774165 0.05961014 -0.00847157
v -0.00768257 0.05954372 -0.00861433
v -0.00766682 0.05973080 -0.00839722
v -0.00759855 0.05967748 -0.00853106
v -0.00752108 0.05995904 -0.00825297
v -0.00764844 0.05991601 -0.00818010
v -0.00762612 0.06009841 -0.00795703
v -0.00749220 0.06014518 -0.00802841
v -0.00739505 0.06027894 -0.00792432
v -0.00726113 0.06032197 -0.00799124
v -0.00722306 0.06049782 -0.00775479
v -0.00714559 0.06046695 -0.00787376
v -0.00712590 0.06035845 -0.00805964
v -0.00705632 0.06031729 -0.00818456
v -0.00625676 0.06051746 -0.00858459
v -0.00671496 0.06033974 -0.00845075
v -0.00660074 0.06048379 -0.00833476
v -0.00591409 0.06053804 -0.00884930
v -0.00558586 0.06067741 -0.00892217
v -0.00553860 0.06060726 -0.00906790
v -0.00545326 0.06071389 -0.00898016
v -0.00500818 0.06069144 -0.00934599
v -0.00493072 0.06054272 -0.00962408
v -0.00527470 0.06092529 -0.00879725
v -0.00522875 0.06110114 -0.00855931
v -0.00512241 0.06134902 -0.00825743
v -0.00514210 0.06145846 -0.00806708
v -0.00521562 0.06149401 -0.00794811
v -0.00508171 0.06152862 -0.00800462
v -0.00514210 0.06157726 -0.00787376
v -0.00502525 0.06169979 -0.00775776
v -0.00494779 0.06177462 -0.00767895
v -0.00481781 0.06189716 -0.00755105
v -0.00466683 0.06171569 -0.00798380
v -0.00474298 0.06196825 -0.00747521
v -0.00468390 0.06192335 -0.00760013
v -0.00458412 0.06188687 -0.00773248
v -0.00453029 0.06173814 -0.00802395
v -0.00434254 0.06176714 -0.00807749
v -0.00441738 0.06169792 -0.00815482
v -0.00434254 0.06165957 -0.00825892
v -0.00412985 0.06152300 -0.00859649
v -0.00252942 0.06093558 -0.01021446
v -0.00252942 0.06087104 -0.01031410
v -0.00433073 0.06192803 -0.00780684
v -0.00412854 0.06195422 -0.00787078
v -0.00352985 0.06201034 -0.00806113
v -0.00312942 0.06192429 -0.00840168
v -0.00382526 0.06210107 -0.00775925
v -0.00297056 0.06188874 -0.00853701
v -0.00414692 0.06206740 -0.00766110
v -0.00409178 0.06211978 -0.00759418
v -0.00393029 0.06214130 -0.00763433
v -0.00291410 0.06194019 -0.00846711
v -0.00272898 0.06212446 -0.00820241
v -0.00252942 0.06214597 -0.00824107
v -0.00252942 0.06209172 -0.00834071
v -0.00242701 0.06210201 -0.00836004
v -0.00234824 0.06216187 -0.00828122
v -0.00229441 0.06211510 -0.00838383
v -0.00212898 0.06221613 -0.00826189
v -0.00187691 0.06231154 -0.00817713
v -0.00145546 0.06250703 -0.00796893
v -0.00232986 0.06119094 -0.00986202
v -0.00232986 0.06105063 -0.01008211
v -0.00232986 0.06095055 -0.01023825
v -0.00192942 0.06208611 -0.00853552
v -0.00232986 0.06166892 -0.00910805
v -0.00233905 0.06155948 -0.00927907
v -0.00241126 0.06149962 -0.00935789
v -0.00212898 0.06135557 -0.00964639
v -0.00212898 0.06073634 -0.01061598
v -0.00192942 0.06068490 -0.01073643
v -0.00172986 0.06069612 -0.01075428
v -0.00161170 0.06070080 -0.01076023
v -0.00112855 0.06094961 -0.01043009
v -0.00092899 0.06105063 -0.01029030
v -0.00153818 0.06075879 -0.01068141
v -0.00132942 0.06087665 -0.01052527
v -0.00594954 0.06314403 -0.00127398
v -0.00561606 0.06329556 -0.00145987
v -0.00602962 0.06310194 -0.00134834
v -0.00707732 0.06252948 -0.00126060
v -0.00693028 0.06261647 -0.00105984
v -0.00693028 0.06262021 -0.00086056
v -0.00603094 0.06310287 -0.00096020
v -0.00595085 0.06314403 -0.00104050
v -0.00693028 0.06261741 -0.00065981
v -0.00602700 0.06310100 -0.00086056
v -0.00550184 0.06333672 -0.00166063
v -0.00693028 0.06260899 -0.00046053
v -0.00693028 0.06259683 -0.00025977
v -0.00677404 0.06267634 -0.00025977
v -0.00675829 0.06266792 -0.00006050
v -0.00599811 0.06308697 -0.00046053
v -0.00532985 0.06339565 -0.00185990
v -0.00548214 0.06332737 -0.00185990
v -0.00583269 0.06310381 0.00024882
v -0.00574341 0.06313655 0.00032615
v -0.00511190 0.06346300 -0.00204579
v -0.00542175 0.06329931 -0.00233131
v -0.00532985 0.06337133 -0.00206066
v -0.00500950 0.06349574 -0.00210230
v -0.00482700 0.06350135 -0.00255289
v -0.00492416 0.06347703 -0.00247556
v -0.00498193 0.06348545 -0.00225993
v -0.00580380 0.06308978 0.00054029
v -0.00576310 0.06310194 0.00060721
v -0.00192942 0.06358366 -0.00526091
v -0.00280776 0.06349854 -0.00514789
v -0.00192942 0.06352567 -0.00542449
v -0.00212898 0.06351538 -0.00539475
v -0.00226421 0.06350790 -0.00537393
v -0.00239682 0.06349854 -0.00535014
v -0.00252942 0.06348825 -0.00532188
v -0.00272898 0.06339939 -0.00546167
v -0.00273686 0.06347422 -0.00525645
v -0.00333029 0.06344336 -0.00486088
v -0.00352985 0.06338256 -0.00486088
v -0.00408521 0.06311971 -0.00522373
v -0.00383182 0.06310287 -0.00556428
v -0.00387909 0.06311690 -0.00546167
v -0.00397887 0.06308697 -0.00546167
v -0.00349047 0.06311690 -0.00580073
v -0.00354692 0.06308043 -0.00586468
v -0.00372941 0.06303553 -0.00586170
v -0.00372941 0.06308791 -0.00571002
v -0.00372941 0.06311784 -0.00561038
v -0.00365589 0.06331053 -0.00499174
v -0.00421782 0.06309913 -0.00514789
v -0.00427427 0.06311597 -0.00501405
v -0.00440687 0.06309539 -0.00493375
v -0.00452897 0.06312813 -0.00465417
v -0.00513028 0.06318706 -0.00366078
v -0.00513685 0.06313561 -0.00386154
v -0.00513028 0.06323009 -0.00346151
v -0.00543357 0.06310381 -0.00356561
v -0.00502263 0.06310007 -0.00415153
v -0.00493072 0.06341062 -0.00286072
v -0.00480206 0.06349200 -0.00266145
v -0.00072943 0.06369872 -0.00514492
v -0.00112855 0.06371462 -0.00500662
v -0.00018326 0.06369030 -0.00525942
v -0.00032899 0.06368001 -0.00528024
v -0.00053380 0.06368001 -0.00524604
v -0.00072943 0.06366598 -0.00526091
v -0.00147647 0.06370526 -0.00497093
v -0.00132942 0.06368281 -0.00508692
v -0.00153686 0.06368094 -0.00504677
v -0.00132942 0.06362950 -0.00526091
v -0.00152899 0.06361547 -0.00526091
v -0.00172986 0.06360050 -0.00526091
v -0.01070094 0.05940716 0.00060721
v -0.01046199 0.05973735 0.00014026
v -0.01063923 0.05951005 0.00034102
v -0.01062610 0.05949508 0.00059085
v -0.01020729 0.06007596 -0.00025977
v -0.01060379 0.05967094 -0.00105984
v -0.01021517 0.06008438 -0.00046053
v -0.01022042 0.06008906 -0.00065981
v -0.01041210 0.05988046 -0.00086056
v -0.01050400 0.05978225 -0.00105984
v -0.01041341 0.05988233 -0.00105984
v -0.01022173 0.06009093 -0.00105984
v -0.01022042 0.06008999 -0.00126060
v -0.01031101 0.05998803 -0.00145987
v -0.01041079 0.05987953 -0.00145987
v -0.01040816 0.05987672 -0.00166063
v -0.01021123 0.06008064 -0.00206066
v -0.01011145 0.06017979 -0.00206066
v -0.01010882 0.06017511 -0.00225993
v -0.01021385 0.06008344 -0.00185990
v -0.01010094 0.06016669 -0.00246069
v -0.01008913 0.06015547 -0.00266145
v -0.01007206 0.06014050 -0.00286072
v -0.01017184 0.06003667 -0.00286072
v -0.01025980 0.05993659 -0.00286072
v -0.01045674 0.05973267 -0.00266145
v -0.01035958 0.05981405 -0.00286072
v -0.01044098 0.05971396 -0.00286072
v -0.01062217 0.05949041 -0.00286072
v -0.01060641 0.05946983 -0.00306148
v -0.01066943 0.05935010 -0.00326075
v -0.01078628 0.05924440 -0.00306148
v -0.01086505 0.05914431 -0.00306148
v -0.01096483 0.05901710 -0.00306148
v -0.01089656 0.05901804 -0.00346151
v -0.01108562 0.05877296 -0.00346151
v -0.01118540 0.05864108 -0.00346151
v -0.01124317 0.05851760 -0.00366078
v -0.01139941 0.05825663 -0.00386154
v -0.01147161 0.05815654 -0.00386154
v -0.01164361 0.05791802 -0.00386154
v -0.01189437 0.05761776 -0.00366525
v -0.01181560 0.05767856 -0.00386154
v -0.01162129 0.05788715 -0.00410543
v -0.01167774 0.05776649 -0.00426158
v -0.01184842 0.05752516 -0.00426158
v -0.01183660 0.05750832 -0.00438352
v -0.01188518 0.05741291 -0.00445490
v -0.01202829 0.05729692 -0.00414558
v -0.01201647 0.05727728 -0.00426158
v -0.01199415 0.05724454 -0.00446085
v -0.01204273 0.05711920 -0.00460212
v -0.01208737 0.05701444 -0.00466607
v -0.01220028 0.05680023 -0.00467945
v -0.01224623 0.05673288 -0.00462592
v -0.01234601 0.05660099 -0.00446085
v -0.01253113 0.05620158 -0.00446085
v -0.01260465 0.05604070 -0.00446085
v -0.01244185 0.05632225 -0.00460212
v -0.01239327 0.05639427 -0.00466607
v -0.01242478 0.05628764 -0.00473596
v -0.01226330 0.05657013 -0.00486088
v -0.01251931 0.05600141 -0.00486088
v -0.01260203 0.05580311 -0.00487426
v -0.01262828 0.05569180 -0.00494862
v -0.01285148 0.05494629 -0.00521927
v -0.01297620 0.05478354 -0.00504379
v -0.01304185 0.05464884 -0.00500364
v -0.01301034 0.05464884 -0.00509733
v -0.01282916 0.05489298 -0.00535311
v -0.01265060 0.05494536 -0.00581560
v -0.01283179 0.05470029 -0.00556131
v -0.01000773 0.05646630 -0.00913482
v -0.00997097 0.05661128 -0.00906641
v -0.01001954 0.05668424 -0.00894596
v -0.01059722 0.05464884 -0.00956608
v -0.01063136 0.05464884 -0.00952742
v -0.01080335 0.05464884 -0.00932963
v -0.01066943 0.05480037 -0.00940547
v -0.01076921 0.05480037 -0.00928948
v -0.01083223 0.05490233 -0.00916159
v -0.01072063 0.05497903 -0.00924933
v -0.01066024 0.05520072 -0.00919579
v -0.01056965 0.05520072 -0.00929543
v -0.01063398 0.05530642 -0.00916456
v -0.01046462 0.05556365 -0.00919877
v -0.01023355 0.05570583 -0.00936532
v -0.01025849 0.05595277 -0.00919282
v -0.01022304 0.05608653 -0.00915118
v -0.01009044 0.05620158 -0.00922405
v -0.01019022 0.05620158 -0.00911103
v -0.01012457 0.05638866 -0.00905303
v -0.01007206 0.05675720 -0.00881361
v -0.01002217 0.05689096 -0.00875115
v -0.00987250 0.05698637 -0.00884632
v -0.00965062 0.05712668 -0.00898760
v -0.00959810 0.05726044 -0.00891919
v -0.00983574 0.05710797 -0.00876899
v -0.00998278 0.05701350 -0.00867531
v -0.00959547 0.05745781 -0.00871546
v -0.00927513 0.05775433 -0.00881956
v -0.00921867 0.05788715 -0.00874520
v -0.00918060 0.05781326 -0.00887606
v -0.00940773 0.05767388 -0.00873182
v -0.00907294 0.05794982 -0.00886119
v -0.00907950 0.05815561 -0.00862326
v -0.00898366 0.05804991 -0.00886119
v -0.00831539 0.05858682 -0.00904559
v -0.00838498 0.05845587 -0.00911103
v -0.00887338 0.05818741 -0.00884186
v -0.00883136 0.05830340 -0.00876304
v -0.00857797 0.05844745 -0.00889837
v -0.00824581 0.05871684 -0.00897868
v -0.00818541 0.05865698 -0.00911252
v -0.00811583 0.05878700 -0.00904559
v -0.00072943 0.06121058 -0.01006129
v -0.00052855 0.06136025 -0.00984417
v -0.00032899 0.06152768 -0.00959731
v -0.00032899 0.06145566 -0.00969695
v -0.00018326 0.06161561 -0.00946198
v -0.00817885 0.05885060 -0.00889986
v -0.00823530 0.05890672 -0.00876751
v -0.00822480 0.05909661 -0.00855485
v -0.00803443 0.05910596 -0.00876602
v -0.00797404 0.05924908 -0.00866192
v -0.00787426 0.05954279 -0.00841209
v -0.00785981 0.05972800 -0.00819646
v -0.00813815 0.05940903 -0.00827081
v -0.00800817 0.05948012 -0.00833476
v -0.00799373 0.05966720 -0.00811764
v -0.00779942 0.05967561 -0.00832881
v -0.00772458 0.05979628 -0.00825445
v -0.00758148 0.05986363 -0.00831394
v -0.00778104 0.05986176 -0.00810723
v -0.00784012 0.05991040 -0.00797339
v -0.00781911 0.06009280 -0.00774586
v -0.00768520 0.06014144 -0.00782319
v -0.00745806 0.06032103 -0.00779197
v -0.00728607 0.06053898 -0.00762095
v -0.00718104 0.06067274 -0.00750941
v -0.00700380 0.06088694 -0.00733394
v -0.00704713 0.06071202 -0.00757782
v -0.00697492 0.06067087 -0.00771166
v -0.00709045 0.06053711 -0.00781576
v -0.00701693 0.06049408 -0.00794960
v -0.00680949 0.06048940 -0.00814143
v -0.00653247 0.06056797 -0.00826486
v -0.00634735 0.06066712 -0.00827379
v -0.00579593 0.06068303 -0.00873182
v -0.00688433 0.06053243 -0.00800908
v -0.00667557 0.06052775 -0.00820092
v -0.00566332 0.06071951 -0.00878981
v -0.00540731 0.06088975 -0.00874223
v -0.00534823 0.06146969 -0.00787376
v -0.00529308 0.06153516 -0.00781576
v -0.00533247 0.06160438 -0.00766259
v -0.00513028 0.06167547 -0.00771315
v -0.00523794 0.06170541 -0.00756741
v -0.00513028 0.06172973 -0.00761351
v -0.00503707 0.06190464 -0.00736665
v -0.00493072 0.06187377 -0.00750793
v -0.00452241 0.06184197 -0.00784847
v -0.00474560 0.06207301 -0.00726999
v -0.00460250 0.06209359 -0.00734286
v -0.00453291 0.06205617 -0.00745588
v -0.00452241 0.06194580 -0.00766407
v -0.00445020 0.06190932 -0.00777263
v -0.00433073 0.06201034 -0.00766110
v -0.00422569 0.06210107 -0.00755849
v -0.00333948 0.06206085 -0.00805518
v -0.00312942 0.06200005 -0.00826189
v -0.00292986 0.06205430 -0.00824999
v -0.00372941 0.06247242 -0.00710343
v -0.00352985 0.06222548 -0.00766110
v -0.00352985 0.06213755 -0.00782617
v -0.00341300 0.06209827 -0.00795257
v -0.00398806 0.06249113 -0.00694134
v -0.00397493 0.06228815 -0.00733394
v -0.00385414 0.06250890 -0.00697406
v -0.00286290 0.06210949 -0.00817564
v -0.00245196 0.06230779 -0.00797042
v -0.00232986 0.06232089 -0.00799570
v -0.00212898 0.06234240 -0.00803288
v -0.00212898 0.06228722 -0.00813400
v -0.00172986 0.06248178 -0.00792432
v -0.00158938 0.06249487 -0.00794811
v -0.00132942 0.06251545 -0.00798231
v -0.00152899 0.06233960 -0.00822025
v -0.00152505 0.06254725 -0.00787376
v -0.00132942 0.06258561 -0.00786037
v -0.00193993 0.06125268 -0.00984863
v -0.00192942 0.06099077 -0.01026205
v -0.00192942 0.06085046 -0.01048214
v -0.00212636 0.06084672 -0.01044496
v -0.00152899 0.06218713 -0.00846116
v -0.00172986 0.06187284 -0.00891473
v -0.00192942 0.06075037 -0.01063680
v -0.00172986 0.06086262 -0.01050147
v -0.00152899 0.06087104 -0.01051486
v -0.00112855 0.06104970 -0.01028287
v -0.00092899 0.06112079 -0.01018918
v -0.00132942 0.06094400 -0.01042563
v -0.00592328 0.06314777 -0.00145987
v -0.00560162 0.06328902 -0.00166063
v -0.00602306 0.06309820 -0.00145987
v -0.00705894 0.06251826 -0.00166063
v -0.00706945 0.06252480 -0.00145987
v -0.00717710 0.06247242 -0.00126060
v -0.00708257 0.06253229 -0.00105984
v -0.00716923 0.06246868 -0.00145987
v -0.00732940 0.06237795 -0.00145987
v -0.00744625 0.06231154 -0.00145987
v -0.00708389 0.06253509 -0.00086056
v -0.00708126 0.06253416 -0.00065981
v -0.00707470 0.06252948 -0.00046053
v -0.00706551 0.06252387 -0.00025977
v -0.00693028 0.06257999 -0.00006050
v -0.00597973 0.06307855 -0.00025977
v -0.00671890 0.06266605 0.00015959
v -0.00593116 0.06302056 0.00060721
v -0.00593116 0.06302711 0.00054029
v -0.00591146 0.06305798 0.00032615
v -0.00544013 0.06330772 -0.00219747
v -0.00545720 0.06331614 -0.00206066
v -0.00571715 0.06314497 -0.00246069
v -0.00573028 0.06318425 -0.00206066
v -0.00573028 0.06320670 -0.00185990
v -0.00590752 0.06314029 -0.00166063
v -0.00513028 0.06339939 -0.00246069
v -0.00529965 0.06333111 -0.00246069
v -0.00536661 0.06327686 -0.00266145
v -0.00562919 0.06310194 -0.00315666
v -0.00564757 0.06311129 -0.00302430
v -0.00493072 0.06344523 -0.00266145
v -0.00524319 0.06330772 -0.00279083
v -0.00513028 0.06337040 -0.00266145
v -0.00171279 0.06352848 -0.00547208
v -0.00176794 0.06349761 -0.00554644
v -0.00312942 0.06324505 -0.00566243
v -0.00172986 0.06338630 -0.00586170
v -0.00192942 0.06343868 -0.00566243
v -0.00212898 0.06347796 -0.00549587
v -0.00232986 0.06346955 -0.00544977
v -0.00172986 0.06332643 -0.00602528
v -0.00137538 0.06309726 -0.00674802
v -0.00172986 0.06323757 -0.00626173
v -0.00172986 0.06316087 -0.00646249
v -0.00218675 0.06329650 -0.00594647
v -0.00232986 0.06338630 -0.00566243
v -0.00252942 0.06343400 -0.00546167
v -0.00272898 0.06333205 -0.00563566
v -0.00312942 0.06311784 -0.00600000
v -0.00312942 0.06317116 -0.00586170
v -0.00324889 0.06310662 -0.00597175
v -0.00289572 0.06331614 -0.00559700
v -0.00414298 0.06308697 -0.00527876
v -0.00391191 0.06305610 -0.00564310
v -0.00412985 0.06304020 -0.00546167
v -0.00338281 0.06309258 -0.00593457
v -0.00352985 0.06300559 -0.00606246
v -0.00373861 0.06294854 -0.00607436
v -0.00393029 0.06297847 -0.00586170
v -0.00393029 0.06292141 -0.00600744
v -0.00433073 0.06303272 -0.00526091
v -0.00433598 0.06308136 -0.00507354
v -0.00452897 0.06307388 -0.00486534
v -0.00532591 0.06312345 -0.00364294
v -0.00525501 0.06311129 -0.00379611
v -0.00520643 0.06309446 -0.00392995
v -0.00538893 0.06308697 -0.00369796
v -0.00551234 0.06304956 -0.00364294
v -0.00555698 0.06307107 -0.00346151
v -0.00560424 0.06309165 -0.00326075
v -0.00521300 0.06329650 -0.00292318
v -0.00497799 0.06308510 -0.00426158
v -0.00513685 0.06307949 -0.00407569
v -0.00112855 0.06368843 -0.00510625
v -0.00018326 0.06364633 -0.00541111
v -0.00032899 0.06362669 -0.00546167
v -0.00052855 0.06361734 -0.00546167
v -0.00092899 0.06365475 -0.00526091
v -0.00112855 0.06364259 -0.00526091
v -0.00072943 0.06360518 -0.00546167
v -0.00092899 0.06359208 -0.00546167
v -0.00132942 0.06356215 -0.00546167
v -0.00152899 0.06354718 -0.00546167
v -0.00152899 0.06350790 -0.00557469
v -0.01063398 0.05948386 0.00060721
v -0.01037403 0.05983744 0.00014026
v -0.01061166 0.05950911 0.00060721
v -0.01045149 0.05972425 0.00034102
v -0.01019416 0.06006286 -0.00006050
v -0.01010751 0.06018072 -0.00025977
v -0.01027425 0.05994875 0.00014026
v -0.01011539 0.06018914 -0.00046053
v -0.01001954 0.06028923 -0.00046053
v -0.01002217 0.06029297 -0.00065981
v -0.01022173 0.06009186 -0.00086056
v -0.01031232 0.05999177 -0.00086056
v -0.01012195 0.06019382 -0.00086056
v -0.01002348 0.06029391 -0.00086056
v -0.01002217 0.06029297 -0.00105984
v -0.01011407 0.06018353 -0.00185990
v -0.01001167 0.06028362 -0.00185990
v -0.01000641 0.06027987 -0.00206066
v -0.00999985 0.06027520 -0.00225993
v -0.00999066 0.06026678 -0.00246069
v -0.00997753 0.06025555 -0.00266145
v -0.00996178 0.06024059 -0.00286072
v -0.00983180 0.06030232 -0.00316558
v -0.00994208 0.06022094 -0.00306148
v -0.01004974 0.06012086 -0.00306148
v -0.01015083 0.06001422 -0.00306148
v -0.01024142 0.05991414 -0.00306148
v -0.01042129 0.05968964 -0.00310312
v -0.01049219 0.05961388 -0.00304661
v -0.01065236 0.05932765 -0.00346151
v -0.01082567 0.05909474 -0.00352843
v -0.01084799 0.05912374 -0.00326075
v -0.01089131 0.05897969 -0.00366078
v -0.01099109 0.05884967 -0.00366078
v -0.01116833 0.05861769 -0.00366078
v -0.01122085 0.05848861 -0.00390616
v -0.01128650 0.05841378 -0.00384816
v -0.01128124 0.05836888 -0.00406082
v -0.01138103 0.05823231 -0.00406082
v -0.01145324 0.05813222 -0.00406082
v -0.01163310 0.05790492 -0.00397159
v -0.01144011 0.05811352 -0.00420358
v -0.01149656 0.05801811 -0.00426752
v -0.01165805 0.05773936 -0.00446085
v -0.01164229 0.05771785 -0.00461848
v -0.01162916 0.05769914 -0.00475232
v -0.01187074 0.05736146 -0.00466161
v -0.01184973 0.05732873 -0.00482519
v -0.01183135 0.05730066 -0.00495903
v -0.01202435 0.05708927 -0.00473448
v -0.01206767 0.05696112 -0.00486088
v -0.01215433 0.05680117 -0.00486088
v -0.01223047 0.05670015 -0.00475827
v -0.01221735 0.05667021 -0.00486088
v -0.01224360 0.05652803 -0.00499769
v -0.01243660 0.05611179 -0.00497539
v -0.01261122 0.05545234 -0.00530106
v -0.01266636 0.05519978 -0.00545572
v -0.01241428 0.05606128 -0.00510923
v -0.01228955 0.05621842 -0.00527876
v -0.01221209 0.05625584 -0.00546167
v -0.01225542 0.05615575 -0.00546167
v -0.01242085 0.05587513 -0.00532932
v -0.01288167 0.05464884 -0.00547059
v -0.01274776 0.05500055 -0.00546167
v -0.01262303 0.05507912 -0.00573530
v -0.01262697 0.05488830 -0.00594795
v -0.01222916 0.05549630 -0.00635691
v -0.01268080 0.05481347 -0.00587360
v -0.01265192 0.05475454 -0.00601636
v -0.01282259 0.05464884 -0.00563864
v -0.01006287 0.05655048 -0.00900247
v -0.01020466 0.05665992 -0.00872735
v -0.01087687 0.05464884 -0.00924189
v -0.01085455 0.05480037 -0.00918984
v -0.01080072 0.05503515 -0.00912144
v -0.01098978 0.05464884 -0.00910508
v -0.01104755 0.05473583 -0.00898314
v -0.01076659 0.05520446 -0.00905749
v -0.01067468 0.05538406 -0.00905600
v -0.01059853 0.05544018 -0.00911846
v -0.01042917 0.05569647 -0.00915862
v -0.01026768 0.05620158 -0.00901139
v -0.01023748 0.05631196 -0.00896975
v -0.01019678 0.05644479 -0.00891622
v -0.01025455 0.05673569 -0.00859352
v -0.01013902 0.05681333 -0.00867233
v -0.01020729 0.05686852 -0.00852957
v -0.01007337 0.05695457 -0.00861731
v -0.01013902 0.05701070 -0.00847157
v -0.01007075 0.05715100 -0.00841358
v -0.00988037 0.05756257 -0.00822620
v -0.00963617 0.05790867 -0.00816969
v -0.00926856 0.05794795 -0.00861285
v -0.01006024 0.05773656 -0.00779940
v -0.00921211 0.05808078 -0.00853849
v -0.00914909 0.05802185 -0.00868423
v -0.01000904 0.05767575 -0.00793324
v -0.00919898 0.05846616 -0.00812062
v -0.00901911 0.05828937 -0.00854741
v -0.00901123 0.05848112 -0.00833773
v -0.00899285 0.05886276 -0.00791539
v -0.00875128 0.05862330 -0.00848644
v -0.00857929 0.05864949 -0.00866192
v -0.00850576 0.05857747 -0.00883294
v -0.00868038 0.05875239 -0.00842101
v -0.00827994 0.05895162 -0.00866192
v -0.00072943 0.06129103 -0.00994529
v -0.00052855 0.06152862 -0.00960029
v -0.00032899 0.06162309 -0.00946198
v -0.00018326 0.06169418 -0.00935045
v -0.00854252 0.05901429 -0.00827527
v -0.00841386 0.05908632 -0.00834219
v -0.00859110 0.05926404 -0.00791391
v -0.00826813 0.05933794 -0.00820538
v -0.00821167 0.05928369 -0.00833922
v -0.00807907 0.05914899 -0.00866192
v -0.00804887 0.05971864 -0.00798380
v -0.00832721 0.05939967 -0.00805816
v -0.00851627 0.05938939 -0.00784550
v -0.00844274 0.05951286 -0.00777561
v -0.00818279 0.05965691 -0.00790350
v -0.00798717 0.05986363 -0.00786037
v -0.00802918 0.05990011 -0.00775925
v -0.00842174 0.05969432 -0.00754957
v -0.00821167 0.05988608 -0.00753321
v -0.00786638 0.06013115 -0.00761351
v -0.00764844 0.06031542 -0.00758377
v -0.00759067 0.06027520 -0.00771612
v -0.00752634 0.06035658 -0.00765515
v -0.00741868 0.06049408 -0.00754808
v -0.00724406 0.06071109 -0.00737706
v -0.00682787 0.06110021 -0.00715846
v -0.00687251 0.06092623 -0.00739937
v -0.00684363 0.06070828 -0.00777263
v -0.00621606 0.06069332 -0.00834814
v -0.00593641 0.06077189 -0.00846860
v -0.00573028 0.06076253 -0.00866341
v -0.00561869 0.06089536 -0.00855039
v -0.00547164 0.06132470 -0.00799719
v -0.00542700 0.06149962 -0.00775776
v -0.00563575 0.06150523 -0.00756592
v -0.00553072 0.06153236 -0.00761202
v -0.00571321 0.06153423 -0.00744844
v -0.00537186 0.06167360 -0.00750793
v -0.00531540 0.06173160 -0.00744844
v -0.00511453 0.06182794 -0.00744398
v -0.00544538 0.06170915 -0.00737409
v -0.00552022 0.06173627 -0.00725215
v -0.00516967 0.06187377 -0.00730419
v -0.00524057 0.06190651 -0.00717035
v -0.00511453 0.06192709 -0.00724620
v -0.00482175 0.06209920 -0.00715400
v -0.00468915 0.06212539 -0.00720902
v -0.00423357 0.06230312 -0.00716292
v -0.00433073 0.06213662 -0.00742614
v -0.00433073 0.06208424 -0.00752726
v -0.00422963 0.06250236 -0.00676140
v -0.00409572 0.06252574 -0.00680750
v -0.00327909 0.06211417 -0.00798380
v -0.00299550 0.06209453 -0.00814590
v -0.00292986 0.06214878 -0.00807303
v -0.00351935 0.06254164 -0.00706774
v -0.00343007 0.06230218 -0.00756146
v -0.00372941 0.06252480 -0.00700380
v -0.00392504 0.06254351 -0.00686996
v -0.00372941 0.06259589 -0.00686252
v -0.00272898 0.06219929 -0.00806113
v -0.00232986 0.06252574 -0.00760608
v -0.00204102 0.06250516 -0.00776520
v -0.00211585 0.06244717 -0.00784401
v -0.00192942 0.06251639 -0.00778750
v -0.00172986 0.06253696 -0.00782468
v -0.00112855 0.06252761 -0.00800016
v -0.00132942 0.06235269 -0.00823958
v -0.00112855 0.06260899 -0.00786037
v -0.00153030 0.06266137 -0.00764920
v -0.00132942 0.06267166 -0.00769679
v -0.00112855 0.06268382 -0.00772207
v -0.00152899 0.06204963 -0.00867828
v -0.00187953 0.06130880 -0.00977279
v -0.00172986 0.06115446 -0.01004493
v -0.00172986 0.06101602 -0.01026205
v -0.00152899 0.06093652 -0.01041522
v -0.00152899 0.06133031 -0.00980551
v -0.00159201 0.06109834 -0.01015646
v -0.00152636 0.06115446 -0.01007913
v -0.00152636 0.06104783 -0.01024420
v -0.00132942 0.06104409 -0.01027394
v -0.00112855 0.06111611 -0.01018323
v -0.00092899 0.06128729 -0.00994083
v -0.00092899 0.06120684 -0.01006129
v -0.00072943 0.06145846 -0.00969695
v -0.00072943 0.06135838 -0.00984566
v -0.00600862 0.06309071 -0.00166063
v -0.00693028 0.06258841 -0.00166063
v -0.00704450 0.06251077 -0.00185990
v -0.00742262 0.06229844 -0.00190451
v -0.00715872 0.06246307 -0.00166063
v -0.00753815 0.06225074 -0.00166063
v -0.00754603 0.06225448 -0.00145987
v -0.00718236 0.06247429 -0.00105984
v -0.00771408 0.06215065 -0.00166063
v -0.00745019 0.06231434 -0.00126060
v -0.00771671 0.06215439 -0.00145987
v -0.00745019 0.06231528 -0.00105984
v -0.00718367 0.06247523 -0.00086056
v -0.00732940 0.06238637 -0.00086056
v -0.00744888 0.06231341 -0.00086056
v -0.00744362 0.06231060 -0.00065981
v -0.00717579 0.06246868 -0.00046053
v -0.00716529 0.06246400 -0.00025977
v -0.00705106 0.06251452 -0.00006050
v -0.00703794 0.06250703 0.00007780
v -0.00694603 0.06254912 0.00014323
v -0.00673072 0.06263986 0.00034102
v -0.00663094 0.06270253 0.00023841
v -0.00658892 0.06268101 0.00060721
v -0.00566858 0.06312158 -0.00286072
v -0.00581693 0.06309633 -0.00246069
v -0.00583006 0.06310194 -0.00235659
v -0.00588783 0.06313000 -0.00185990
v -0.00526683 0.06331708 -0.00266145
v -0.00573028 0.06298689 -0.00346151
v -0.00583925 0.06290738 -0.00358197
v -0.00621081 0.06269224 -0.00371135
v -0.00623706 0.06270627 -0.00357751
v -0.00635523 0.06266324 -0.00346151
v -0.00594429 0.06294947 -0.00306148
v -0.00572109 0.06306546 -0.00307784
v -0.00576836 0.06307201 -0.00286072
v -0.00163533 0.06350322 -0.00556279
v -0.00143971 0.06330398 -0.00616507
v -0.00184014 0.06310475 -0.00656659
v -0.00124146 0.06310381 -0.00676586
v -0.00131630 0.06306359 -0.00684468
v -0.00152899 0.06302804 -0.00686252
v -0.00152899 0.06308697 -0.00672274
v -0.00152899 0.06312532 -0.00662310
v -0.00172986 0.06311223 -0.00658741
v -0.00232986 0.06328527 -0.00591821
v -0.00248741 0.06331240 -0.00578586
v -0.00254386 0.06334514 -0.00568027
v -0.00296662 0.06309258 -0.00613533
v -0.00292986 0.06320764 -0.00586170
v -0.00312942 0.06307762 -0.00609964
v -0.00332110 0.06305891 -0.00604759
v -0.00412985 0.06297940 -0.00566243
v -0.00334605 0.06295321 -0.00627958
v -0.00352985 0.06293263 -0.00623050
v -0.00367690 0.06291486 -0.00619035
v -0.00381082 0.06289709 -0.00615020
v -0.00393029 0.06288025 -0.00610856
v -0.00403795 0.06290551 -0.00596877
v -0.00453029 0.06301869 -0.00506164
v -0.00434779 0.06295882 -0.00547952
v -0.00532591 0.06306826 -0.00386154
v -0.00553072 0.06298221 -0.00386154
v -0.00573816 0.06294105 -0.00365335
v -0.00566595 0.06291954 -0.00386154
v -0.00580906 0.06289241 -0.00371581
v -0.00513028 0.06302617 -0.00426158
v -0.00018326 0.06363137 -0.00546167
v -0.00032899 0.06356121 -0.00566243
v -0.00052855 0.06355092 -0.00566243
v -0.00072811 0.06353222 -0.00567730
v -0.00092899 0.06353035 -0.00564161
v -0.00132942 0.06351538 -0.00559700
v -0.00092899 0.06349574 -0.00574125
v -0.00112855 0.06336572 -0.00606246
v -0.01043442 0.05970555 0.00060721
v -0.01043967 0.05971022 0.00054029
v -0.01009438 0.06016669 -0.00006050
v -0.01017972 0.06004883 0.00014026
v -0.01001035 0.06028081 -0.00025977
v -0.01025980 0.05993285 0.00034102
v -0.00981998 0.06049127 -0.00046053
v -0.00982261 0.06049314 -0.00065981
v -0.00992370 0.06039306 -0.00086056
v -0.00992239 0.06039119 -0.00105984
v -0.01001954 0.06029110 -0.00126060
v -0.00982261 0.06049314 -0.00086056
v -0.01001429 0.06028642 -0.00166063
v -0.00981998 0.06049127 -0.00105984
v -0.00981604 0.06048847 -0.00126060
v -0.00981210 0.06048472 -0.00145987
v -0.00991188 0.06037528 -0.00185990
v -0.00980160 0.06047537 -0.00185990
v -0.00979504 0.06046976 -0.00206066
v -0.00990007 0.06036312 -0.00225993
v -0.00989088 0.06035470 -0.00246069
v -0.00987775 0.06034348 -0.00266145
v -0.00986199 0.06032851 -0.00286072
v -0.00984230 0.06031168 -0.00306148
v -0.01003661 0.06010683 -0.00318045
v -0.00971364 0.06042579 -0.00305553
v -0.00962173 0.06049408 -0.00311948
v -0.00960598 0.06048005 -0.00326075
v -0.00942611 0.06049688 -0.00394036
v -0.01023092 0.05990198 -0.00316260
v -0.01040554 0.05967187 -0.00326075
v -0.01062610 0.05929678 -0.00373811
v -0.01063923 0.05931268 -0.00360428
v -0.01070225 0.05921914 -0.00366673
v -0.01081385 0.05907977 -0.00366078
v -0.01079547 0.05905545 -0.00386154
v -0.01097271 0.05882535 -0.00386154
v -0.01115914 0.05858402 -0.00384816
v -0.01103704 0.05870936 -0.00398944
v -0.01120641 0.05846896 -0.00406082
v -0.01126024 0.05834082 -0.00426158
v -0.01142698 0.05809574 -0.00433742
v -0.01122873 0.05829779 -0.00454859
v -0.01128912 0.05817712 -0.00466161
v -0.01144536 0.05792083 -0.00480140
v -0.01161078 0.05767388 -0.00486088
v -0.01165411 0.05753451 -0.00502297
v -0.01167905 0.05757380 -0.00486088
v -0.01141385 0.05807797 -0.00446085
v -0.01181428 0.05727354 -0.00506164
v -0.01187599 0.05717345 -0.00506164
v -0.01204667 0.05692557 -0.00500364
v -0.01208605 0.05681146 -0.00506610
v -0.01219109 0.05659725 -0.00506313
v -0.01220553 0.05640830 -0.00527876
v -0.01237883 0.05618755 -0.00504974
v -0.01233945 0.05580124 -0.00566243
v -0.01222916 0.05629699 -0.00535609
v -0.01214645 0.05640082 -0.00546167
v -0.01217796 0.05618755 -0.00564905
v -0.01221341 0.05605847 -0.00570853
v -0.01222522 0.05568525 -0.00614128
v -0.01243791 0.05531577 -0.00597918
v -0.01260859 0.05481347 -0.00607436
v -0.01221078 0.05544860 -0.00646249
v -0.01225148 0.05534851 -0.00646249
v -0.01241691 0.05506415 -0.00632270
v -0.01246680 0.05499868 -0.00625876
v -0.01220815 0.05561135 -0.00627809
v -0.01214645 0.05560107 -0.00646249
v -0.01262697 0.05468719 -0.00615020
v -0.01265454 0.05464884 -0.00611154
v -0.01274251 0.05464884 -0.00586468
v -0.01024536 0.05652616 -0.00878238
v -0.01029131 0.05659632 -0.00866043
v -0.01043573 0.05670763 -0.00836747
v -0.01101604 0.05486959 -0.00894150
v -0.01085192 0.05513992 -0.00898760
v -0.01106593 0.05464884 -0.00900693
v -0.01110006 0.05480131 -0.00887012
v -0.01120378 0.05464884 -0.00881361
v -0.01122742 0.05469093 -0.00875561
v -0.01081648 0.05527368 -0.00894150
v -0.01064842 0.05553278 -0.00898462
v -0.01033333 0.05600515 -0.00906493
v -0.01044230 0.05592284 -0.00897868
v -0.01040685 0.05605660 -0.00892663
v -0.01059328 0.05600141 -0.00870654
v -0.01045411 0.05614265 -0.00879427
v -0.01041735 0.05627641 -0.00874223
v -0.01065368 0.05654207 -0.00819348
v -0.01061560 0.05667583 -0.00813995
v -0.01038978 0.05684139 -0.00830353
v -0.01025587 0.05693399 -0.00839573
v -0.01020335 0.05706775 -0.00832584
v -0.01043705 0.05691061 -0.00816969
v -0.01020072 0.05726325 -0.00812062
v -0.01006418 0.05754199 -0.00800462
v -0.01001298 0.05748026 -0.00813846
v -0.00951670 0.05798537 -0.00824256
v -0.00926331 0.05814064 -0.00840465
v -0.01024668 0.05752142 -0.00778304
v -0.01019285 0.05765518 -0.00770720
v -0.01005237 0.05792737 -0.00759121
v -0.00986331 0.05813971 -0.00760459
v -0.00962436 0.05829405 -0.00775181
v -0.00968081 0.05816029 -0.00782766
v -0.00944712 0.05812100 -0.00818307
v -0.00925674 0.05833240 -0.00819646
v -0.00924362 0.05871684 -0.00777858
v -0.00911889 0.05878980 -0.00784699
v -0.00885893 0.05893104 -0.00799570
v -0.00904799 0.05891982 -0.00778156
v -0.00873158 0.05900307 -0.00806262
v -0.00052855 0.06162216 -0.00946198
v -0.00032899 0.06169699 -0.00935491
v -0.00018326 0.06176340 -0.00925082
v -0.00879329 0.05906481 -0.00791539
v -0.00884843 0.05911999 -0.00778304
v -0.00878016 0.05925375 -0.00769976
v -0.00823793 0.05970835 -0.00776966
v -0.00812108 0.05975512 -0.00784699
v -0.00870533 0.05937910 -0.00762987
v -0.00863049 0.05950163 -0.00756146
v -0.00827994 0.05974483 -0.00766110
v -0.00902305 0.05929491 -0.00735029
v -0.00881298 0.05948667 -0.00733542
v -0.00800029 0.06007596 -0.00751388
v -0.00860161 0.05967748 -0.00731758
v -0.00793202 0.06016389 -0.00745290
v -0.00782699 0.06029952 -0.00735624
v -0.00779154 0.06027239 -0.00746034
v -0.00769176 0.06034816 -0.00746034
v -0.00760511 0.06048379 -0.00732650
v -0.00742918 0.06070080 -0.00715995
v -0.00747251 0.06053336 -0.00741424
v -0.00738979 0.06067461 -0.00726107
v -0.00729001 0.06074289 -0.00726107
v -0.00719811 0.06088133 -0.00712128
v -0.00701955 0.06109553 -0.00694878
v -0.00706551 0.06092529 -0.00720158
v -0.00669527 0.06113763 -0.00721943
v -0.00688695 0.06113763 -0.00702462
v -0.00683969 0.06130786 -0.00677330
v -0.00677929 0.06127139 -0.00690565
v -0.00664538 0.06131067 -0.00697703
v -0.00662174 0.06109647 -0.00735178
v -0.00679899 0.06088414 -0.00753321
v -0.00673203 0.06084204 -0.00765961
v -0.00653115 0.06073260 -0.00800908
v -0.00659023 0.06087946 -0.00772504
v -0.00565020 0.06111237 -0.00817861
v -0.00602437 0.06129851 -0.00755552
v -0.00593510 0.06140421 -0.00746480
v -0.00584450 0.06150991 -0.00737409
v -0.00605326 0.06151365 -0.00718076
v -0.00557930 0.06167734 -0.00731312
v -0.00578411 0.06168015 -0.00711682
v -0.00585370 0.06171289 -0.00698447
v -0.00513028 0.06200566 -0.00706031
v -0.00494648 0.06207956 -0.00707667
v -0.00598761 0.06168202 -0.00691903
v -0.00544013 0.06190651 -0.00697257
v -0.00494648 0.06216655 -0.00687888
v -0.00480337 0.06229096 -0.00673463
v -0.00466946 0.06231902 -0.00679858
v -0.00444495 0.06250797 -0.00657403
v -0.00474560 0.06216374 -0.00707667
v -0.00459068 0.06228909 -0.00693242
v -0.00433073 0.06253042 -0.00662161
v -0.00414954 0.06256690 -0.00668258
v -0.00397624 0.06268756 -0.00652941
v -0.00391716 0.06265108 -0.00664689
v -0.00312942 0.06213194 -0.00801652
v -0.00333029 0.06251919 -0.00719266
v -0.00302438 0.06250142 -0.00735773
v -0.00272898 0.06248178 -0.00752131
v -0.00351935 0.06265295 -0.00684617
v -0.00333029 0.06258654 -0.00706031
v -0.00253205 0.06255006 -0.00747372
v -0.00372941 0.06267353 -0.00669894
v -0.00357843 0.06269130 -0.00673761
v -0.00232986 0.06259964 -0.00746034
v -0.00211585 0.06253977 -0.00766705
v -0.00192942 0.06258093 -0.00766110
v -0.00172986 0.06262021 -0.00766110
v -0.00092899 0.06253790 -0.00801652
v -0.00132942 0.06189716 -0.00895339
v -0.00092899 0.06269317 -0.00774289
v -0.00092899 0.06262863 -0.00786037
v -0.00146597 0.06270908 -0.00757485
v -0.00132942 0.06271937 -0.00759567
v -0.00112855 0.06273152 -0.00762243
v -0.00145809 0.06110489 -0.01016539
v -0.00132942 0.06110956 -0.01017431
v -0.00140951 0.06150056 -0.00955865
v -0.00133730 0.06145098 -0.00964639
v -0.00112855 0.06128167 -0.00993191
v -0.00112855 0.06119655 -0.01006129
v -0.00072943 0.06161467 -0.00946198
v -0.00052855 0.06169605 -0.00935194
v -0.00598761 0.06308043 -0.00185990
v -0.00702087 0.06249768 -0.00211419
v -0.00703400 0.06250423 -0.00198036
v -0.00740949 0.06229096 -0.00206066
v -0.00753027 0.06222455 -0.00206066
v -0.00769045 0.06213568 -0.00206066
v -0.00770358 0.06214410 -0.00185990
v -0.00743181 0.06230312 -0.00177067
v -0.00781386 0.06209266 -0.00166063
v -0.00781649 0.06209359 -0.00145987
v -0.00771671 0.06215439 -0.00126060
v -0.00781649 0.06209359 -0.00126060
v -0.00755128 0.06225354 -0.00105984
v -0.00771408 0.06215346 -0.00105984
v -0.00754866 0.06225167 -0.00086056
v -0.00754340 0.06224887 -0.00065981
v -0.00743706 0.06230686 -0.00046053
v -0.00743312 0.06230405 -0.00033562
v -0.00734647 0.06235269 -0.00026572
v -0.00742524 0.06229938 -0.00020178
v -0.00715085 0.06245465 -0.00006050
v -0.00729658 0.06234427 0.00014026
v -0.00711408 0.06245372 0.00014323
v -0.00700905 0.06249113 0.00034102
v -0.00690927 0.06254538 0.00034102
v -0.00688695 0.06253322 0.00054029
v -0.00673072 0.06261554 0.00054029
v -0.00664144 0.06265389 0.00060721
v -0.00579330 0.06308417 -0.00266145
v -0.00596398 0.06306920 -0.00206066
v -0.00591671 0.06285313 -0.00365335
v -0.00633028 0.06259776 -0.00386154
v -0.00647339 0.06252480 -0.00386154
v -0.00631452 0.06265108 -0.00365038
v -0.00651015 0.06254538 -0.00366078
v -0.00662831 0.06250142 -0.00355223
v -0.00654953 0.06255661 -0.00347638
v -0.00604013 0.06290831 -0.00299456
v -0.00593116 0.06298689 -0.00286072
v -0.00653115 0.06260151 -0.00326075
v -0.00593116 0.06301308 -0.00266145
v -0.00092899 0.06311690 -0.00680007
v -0.00112855 0.06315058 -0.00666176
v -0.00172986 0.06307294 -0.00668705
v -0.00191629 0.06306078 -0.00664541
v -0.00212898 0.06312158 -0.00640896
v -0.00092899 0.06307855 -0.00689970
v -0.00112855 0.06306920 -0.00687739
v -0.00112855 0.06299063 -0.00706031
v -0.00132942 0.06296724 -0.00706031
v -0.00172986 0.06299811 -0.00686252
v -0.00151454 0.06293637 -0.00706923
v -0.00252942 0.06319454 -0.00606246
v -0.00212898 0.06308136 -0.00650859
v -0.00272898 0.06307107 -0.00628553
v -0.00252942 0.06303178 -0.00646249
v -0.00291148 0.06305704 -0.00624240
v -0.00312942 0.06300840 -0.00626173
v -0.00428084 0.06292328 -0.00566243
v -0.00411410 0.06292141 -0.00584534
v -0.00423488 0.06290457 -0.00576653
v -0.00328959 0.06291580 -0.00639111
v -0.00342351 0.06290083 -0.00635839
v -0.00352985 0.06288867 -0.00633014
v -0.00372941 0.06278110 -0.00646249
v -0.00384232 0.06270533 -0.00656956
v -0.00373861 0.06286903 -0.00625876
v -0.00407602 0.06271749 -0.00639557
v -0.00417055 0.06288025 -0.00590037
v -0.00420863 0.06269598 -0.00634501
v -0.00427821 0.06272217 -0.00621117
v -0.00448040 0.06292515 -0.00542449
v -0.00453948 0.06295041 -0.00526835
v -0.00493072 0.06298221 -0.00466161
v -0.00532985 0.06300653 -0.00406082
v -0.00552284 0.06292796 -0.00404297
v -0.00563313 0.06290364 -0.00396415
v -0.00604144 0.06270721 -0.00397605
v -0.00593116 0.06279326 -0.00386154
v -0.00644582 0.06251077 -0.00398646
v -0.00018326 0.06358366 -0.00560592
v -0.00018326 0.06356496 -0.00566243
v -0.00018326 0.06347890 -0.00589739
v -0.00032899 0.06341436 -0.00606246
v -0.00052855 0.06330024 -0.00635393
v -0.00052855 0.06333672 -0.00625430
v -0.00052855 0.06340688 -0.00606246
v -0.00052855 0.06347329 -0.00587955
v -0.00066116 0.06350509 -0.00576801
v -0.00079376 0.06350041 -0.00575612
v -0.00092899 0.06345271 -0.00586170
v -0.00092899 0.06316648 -0.00666176
v -0.01039897 0.05974296 0.00060721
v -0.00999591 0.06026678 -0.00006050
v -0.01007994 0.06015079 0.00014026
v -0.01024405 0.05991601 0.00054029
v -0.01016265 0.06003293 0.00034102
v -0.00991057 0.06038183 -0.00025977
v -0.00981079 0.06048192 -0.00025977
v -0.00971101 0.06057639 -0.00025977
v -0.00972020 0.06058387 -0.00046053
v -0.00972283 0.06058575 -0.00065981
v -0.00972151 0.06058481 -0.00086056
v -0.00960992 0.06068490 -0.00086056
v -0.00971626 0.06057733 -0.00126060
v -0.00971232 0.06057359 -0.00145987
v -0.00980685 0.06048005 -0.00166063
v -0.00970707 0.06056891 -0.00166063
v -0.00969394 0.06055675 -0.00206066
v -0.00968606 0.06055020 -0.00225993
v -0.00978585 0.06046321 -0.00225993
v -0.00970051 0.06056330 -0.00185990
v -0.00977666 0.06045479 -0.00246069
v -0.00976353 0.06044357 -0.00266145
v -0.00964668 0.06051559 -0.00286072
v -0.00963486 0.06050624 -0.00298564
v -0.01001692 0.06008812 -0.00331429
v -0.01009307 0.05996652 -0.00346151
v -0.01012589 0.05999552 -0.00323845
v -0.00941035 0.06048192 -0.00406082
v -0.00964668 0.06031729 -0.00381693
v -0.00954558 0.06056704 -0.00305553
v -0.00918847 0.06066993 -0.00406082
v -0.00931057 0.06056985 -0.00406082
v -0.00928300 0.06054927 -0.00426158
v -0.01021385 0.05988327 -0.00329644
v -0.01028344 0.05975980 -0.00346151
v -0.01043442 0.05950444 -0.00377232
v -0.01049744 0.05941277 -0.00384816
v -0.01061166 0.05928088 -0.00386154
v -0.01067337 0.05915273 -0.00406082
v -0.01069438 0.05918079 -0.00386154
v -0.01077315 0.05902926 -0.00406082
v -0.01085192 0.05892917 -0.00406082
v -0.01109481 0.05861582 -0.00405784
v -0.01102260 0.05869159 -0.00412327
v -0.01118540 0.05844090 -0.00426158
v -0.01104361 0.05851854 -0.00459915
v -0.01124317 0.05831837 -0.00441623
v -0.01106199 0.05854099 -0.00446085
v -0.01121166 0.05827721 -0.00466161
v -0.01110400 0.05841471 -0.00466458
v -0.01125761 0.05813503 -0.00486088
v -0.01136658 0.05799285 -0.00486534
v -0.01142173 0.05788902 -0.00493523
v -0.01158321 0.05760092 -0.00507800
v -0.01162916 0.05749897 -0.00515681
v -0.01167905 0.05737082 -0.00526091
v -0.01178540 0.05719964 -0.00526983
v -0.01184973 0.05713136 -0.00520886
v -0.01202304 0.05688535 -0.00513599
v -0.01205323 0.05674317 -0.00526091
v -0.01212282 0.05660099 -0.00526091
v -0.01224229 0.05592471 -0.00579181
v -0.01206111 0.05659445 -0.00544531
v -0.01207555 0.05640363 -0.00565946
v -0.01208737 0.05621281 -0.00587211
v -0.01211494 0.05600141 -0.00606246
v -0.01218846 0.05599486 -0.00586021
v -0.01219896 0.05580311 -0.00606990
v -0.01213201 0.05580124 -0.00626173
v -0.01254295 0.05480037 -0.00626173
v -0.01223179 0.05530174 -0.00656362
v -0.01244316 0.05493133 -0.00638962
v -0.01206374 0.05579563 -0.00645208
v -0.01204273 0.05572454 -0.00658741
v -0.01206899 0.05559545 -0.00665730
v -0.01216614 0.05538125 -0.00664243
v -0.01259415 0.05464884 -0.00626917
v -0.01261647 0.05464884 -0.00621117
v -0.01057884 0.05680959 -0.00806857
v -0.01061823 0.05688255 -0.00794365
v -0.01046856 0.05678527 -0.00824702
v -0.01105936 0.05500055 -0.00879874
v -0.01103310 0.05510344 -0.00876304
v -0.01120510 0.05480037 -0.00872141
v -0.01126943 0.05464884 -0.00871248
v -0.01137052 0.05479570 -0.00845075
v -0.01126680 0.05480037 -0.00862028
v -0.01079153 0.05541773 -0.00887012
v -0.01069700 0.05560013 -0.00886566
v -0.01058278 0.05581246 -0.00886566
v -0.01062348 0.05588729 -0.00875115
v -0.01066287 0.05600141 -0.00860690
v -0.01064449 0.05632505 -0.00837937
v -0.01081385 0.05606782 -0.00833476
v -0.01079941 0.05642140 -0.00807303
v -0.01083092 0.05650091 -0.00796149
v -0.01070225 0.05660567 -0.00806857
v -0.01066024 0.05674879 -0.00800611
v -0.01083617 0.05671043 -0.00776966
v -0.01043573 0.05710797 -0.00796893
v -0.01038453 0.05724174 -0.00789755
v -0.01057884 0.05701070 -0.00787078
v -0.01061823 0.05708365 -0.00774140
v -0.00938410 0.05844651 -0.00789904
v -0.01043311 0.05730441 -0.00776371
v -0.01046987 0.05734931 -0.00766110
v -0.01038978 0.05744939 -0.00766110
v -0.01042654 0.05749523 -0.00755403
v -0.01023880 0.05771224 -0.00757336
v -0.01008781 0.05799753 -0.00744993
v -0.00985412 0.05832959 -0.00739342
v -0.00966506 0.05854192 -0.00740680
v -0.00954558 0.05861956 -0.00748116
v -0.00957972 0.05841190 -0.00767597
v -0.00947469 0.05875332 -0.00742168
v -0.00927775 0.05879074 -0.00764474
v -0.00923443 0.05890672 -0.00756592
v -0.00898235 0.05905265 -0.00770274
v -0.00922524 0.05909567 -0.00735327
v -0.00903749 0.05910877 -0.00756890
v -0.00032899 0.06186442 -0.00910359
v -0.00018326 0.06192990 -0.00900396
v -0.00018326 0.06186349 -0.00910359
v -0.00897841 0.05925188 -0.00746034
v -0.00883530 0.05930614 -0.00756592
v -0.00926987 0.05914338 -0.00721943
v -0.00920292 0.05927714 -0.00711384
v -0.00906900 0.05933513 -0.00721645
v -0.00899154 0.05946796 -0.00709897
v -0.00808170 0.06014424 -0.00726107
v -0.00851758 0.05979067 -0.00724025
v -0.00868563 0.05974764 -0.00706031
v -0.00856616 0.05984773 -0.00706031
v -0.00843880 0.06010870 -0.00677478
v -0.00878541 0.05966345 -0.00706031
v -0.00822480 0.06029671 -0.00675397
v -0.00800423 0.06028081 -0.00712128
v -0.00765106 0.06051840 -0.00719266
v -0.00808957 0.06034816 -0.00686252
v -0.00800686 0.06048379 -0.00672720
v -0.00782962 0.06050156 -0.00696067
v -0.00760774 0.06068583 -0.00693093
v -0.00747513 0.06073541 -0.00702611
v -0.00738585 0.06106934 -0.00649818
v -0.00732284 0.06103193 -0.00666176
v -0.00732152 0.06094026 -0.00684319
v -0.00720336 0.06108431 -0.00672720
v -0.00725063 0.06091594 -0.00698893
v -0.00702349 0.06129758 -0.00655321
v -0.00644188 0.06130786 -0.00717035
v -0.00636704 0.06126671 -0.00730419
v -0.00688301 0.06133593 -0.00666176
v -0.00678717 0.06147530 -0.00650413
v -0.00672415 0.06143695 -0.00665730
v -0.00659286 0.06148091 -0.00672125
v -0.00672021 0.06133780 -0.00684914
v -0.00652853 0.06144163 -0.00685955
v -0.00639067 0.06148091 -0.00692350
v -0.00618586 0.06147811 -0.00711831
v -0.00597842 0.06147343 -0.00731460
v -0.00625676 0.06151552 -0.00698744
v -0.00612415 0.06154545 -0.00705585
v -0.00592459 0.06164367 -0.00705436
v -0.00502394 0.06209920 -0.00695621
v -0.00632634 0.06154732 -0.00685955
v -0.00645894 0.06151739 -0.00678966
v -0.00612415 0.06164647 -0.00685658
v -0.00605326 0.06171289 -0.00678519
v -0.00592459 0.06173908 -0.00685658
v -0.00557405 0.06187658 -0.00690416
v -0.00551628 0.06192709 -0.00684765
v -0.00532985 0.06200379 -0.00686252
v -0.00508827 0.06212820 -0.00682237
v -0.00486902 0.06231902 -0.00660228
v -0.00472066 0.06244717 -0.00645357
v -0.00464714 0.06250984 -0.00638070
v -0.00457755 0.06248178 -0.00651454
v -0.00433073 0.06260151 -0.00646249
v -0.00413773 0.06266885 -0.00646249
v -0.00333029 0.06278110 -0.00666176
v -0.00333029 0.06266979 -0.00689375
v -0.00312942 0.06262957 -0.00706031
v -0.00272898 0.06261460 -0.00726107
v -0.00372941 0.06271937 -0.00659931
v -0.00352985 0.06282974 -0.00646249
v -0.00351935 0.06273714 -0.00666771
v -0.00253205 0.06266137 -0.00725066
v -0.00232986 0.06267634 -0.00730568
v -0.00211585 0.06265202 -0.00744398
v -0.00192942 0.06266698 -0.00748711
v -0.00172986 0.06268569 -0.00752577
v -0.00072943 0.06254445 -0.00802693
v -0.00072943 0.06239385 -0.00826189
v -0.00092899 0.06237982 -0.00826189
v -0.00109441 0.06190838 -0.00897124
v -0.00072943 0.06274743 -0.00765515
v -0.00072943 0.06269972 -0.00775479
v -0.00092899 0.06282693 -0.00746034
v -0.00072943 0.06284003 -0.00746034
v -0.00072943 0.06264079 -0.00786037
v -0.00157231 0.06289335 -0.00714210
v -0.00143971 0.06290364 -0.00716441
v -0.00188872 0.06291393 -0.00698595
v -0.00132942 0.06291205 -0.00718076
v -0.00112855 0.06292422 -0.00720753
v -0.00092899 0.06288773 -0.00732947
v -0.00112855 0.06151271 -0.00957798
v -0.00092899 0.06168576 -0.00933558
v -0.00072943 0.06175685 -0.00924487
v -0.00052855 0.06176153 -0.00925230
v -0.00690402 0.06254258 -0.00225993
v -0.00700511 0.06248832 -0.00225993
v -0.00728739 0.06233399 -0.00225993
v -0.00753027 0.06220116 -0.00225993
v -0.00766944 0.06212446 -0.00225993
v -0.00779023 0.06207862 -0.00206066
v -0.00780336 0.06208611 -0.00185990
v -0.00793071 0.06199725 -0.00185990
v -0.00793071 0.06200847 -0.00166063
v -0.00793071 0.06201128 -0.00145987
v -0.00793071 0.06200941 -0.00126060
v -0.00793071 0.06200566 -0.00105984
v -0.00781386 0.06209172 -0.00105984
v -0.00780992 0.06208985 -0.00086056
v -0.00770489 0.06214878 -0.00065981
v -0.00768651 0.06213849 -0.00025977
v -0.00769701 0.06214410 -0.00046053
v -0.00767338 0.06213007 -0.00006050
v -0.00741474 0.06229283 -0.00006050
v -0.00765631 0.06211885 0.00014026
v -0.00737667 0.06226851 0.00034102
v -0.00727557 0.06233118 0.00034102
v -0.00712984 0.06241911 0.00034102
v -0.00712984 0.06239198 0.00054029
v -0.00697754 0.06247242 0.00060721
v -0.00687907 0.06252855 0.00060721
v -0.00673072 0.06260712 0.00060721
v -0.00610709 0.06294386 -0.00246069
v -0.00657317 0.06247149 -0.00386154
v -0.00660993 0.06249113 -0.00366078
v -0.00680030 0.06248552 -0.00306148
v -0.00667164 0.06252480 -0.00326075
v -0.00722306 0.06209827 -0.00394036
v -0.00688958 0.06233586 -0.00366078
v -0.00698936 0.06227973 -0.00366078
v -0.00763006 0.06210294 -0.00256181
v -0.00653115 0.06263237 -0.00306148
v -0.00670052 0.06254071 -0.00306148
v -0.00685544 0.06251545 -0.00266145
v -0.00688039 0.06252948 -0.00246069
v -0.00673072 0.06260993 -0.00246069
v -0.00072943 0.06329556 -0.00634055
v -0.00072943 0.06325160 -0.00646249
v -0.00072943 0.06317864 -0.00666176
v -0.00072943 0.06312252 -0.00681494
v -0.00072943 0.06308510 -0.00691606
v -0.00212898 0.06301682 -0.00666176
v -0.00092899 0.06300934 -0.00706031
v -0.00092899 0.06293357 -0.00722984
v -0.00194518 0.06295228 -0.00688037
v -0.00272898 0.06299531 -0.00646249
v -0.00232986 0.06298034 -0.00666176
v -0.00293773 0.06294947 -0.00647736
v -0.00312942 0.06293357 -0.00642829
v -0.00442657 0.06290083 -0.00555833
v -0.00441213 0.06269505 -0.00614128
v -0.00453029 0.06260338 -0.00626173
v -0.00447121 0.06271937 -0.00600893
v -0.00438062 0.06288212 -0.00566243
v -0.00334605 0.06287183 -0.00645952
v -0.00433860 0.06267540 -0.00627214
v -0.00460381 0.06269130 -0.00593011
v -0.00465764 0.06271469 -0.00579776
v -0.00472722 0.06273527 -0.00565202
v -0.00461300 0.06289522 -0.00533973
v -0.00473116 0.06293918 -0.00505569
v -0.00514210 0.06295415 -0.00446977
v -0.00533247 0.06294105 -0.00425711
v -0.00545063 0.06291205 -0.00418722
v -0.00552284 0.06285500 -0.00425711
v -0.00611628 0.06244623 -0.00464971
v -0.00599418 0.06268569 -0.00410989
v -0.00645107 0.06231154 -0.00458874
v -0.00633422 0.06254258 -0.00405636
v -0.00683575 0.06230499 -0.00397159
v -0.00640249 0.06248926 -0.00412030
v -0.00663094 0.06230218 -0.00436121
v -0.00685675 0.06211510 -0.00460064
v -0.00689614 0.06213755 -0.00446085
v -0.00702612 0.06210107 -0.00435526
v -0.00706157 0.06211978 -0.00422291
v -0.00018326 0.06334046 -0.00626768
v -0.00032505 0.06333298 -0.00628107
v -0.00038939 0.06330211 -0.00635988
v -0.00052855 0.06318612 -0.00666176
v -0.00052855 0.06326002 -0.00646249
v -0.01023880 0.05990946 0.00060721
v -0.00979635 0.06046695 -0.00006050
v -0.01006287 0.06013395 0.00034102
v -0.00998016 0.06025088 0.00014026
v -0.01014558 0.06001609 0.00054029
v -0.00969525 0.06056236 -0.00006050
v -0.00958497 0.06066245 -0.00006050
v -0.00959941 0.06067648 -0.00025977
v -0.00960729 0.06068303 -0.00046053
v -0.00960992 0.06068583 -0.00065981
v -0.00951014 0.06076534 -0.00086056
v -0.00928432 0.06094587 -0.00105984
v -0.00883399 0.06130412 -0.00145987
v -0.00893377 0.06122275 -0.00145987
v -0.00905587 0.06112266 -0.00145987
v -0.00950620 0.06076440 -0.00105984
v -0.00950226 0.06076066 -0.00126060
v -0.00960204 0.06067741 -0.00126060
v -0.00959679 0.06067367 -0.00145987
v -0.00959154 0.06066806 -0.00166063
v -0.00957709 0.06065684 -0.00206066
v -0.00958497 0.06066245 -0.00185990
v -0.00956922 0.06065029 -0.00225993
v -0.00967687 0.06054085 -0.00246069
v -0.00966375 0.06052962 -0.00266145
v -0.00954427 0.06062971 -0.00266145
v -0.00944449 0.06071296 -0.00266145
v -0.00943399 0.06070454 -0.00277744
v -0.00996834 0.06003667 -0.00366078
v -0.01019285 0.05985988 -0.00346151
v -0.01006418 0.05993659 -0.00366078
v -0.01022042 0.05968964 -0.00392400
v -0.00938278 0.06045199 -0.00426158
v -0.00962698 0.06029858 -0.00394928
v -0.00984624 0.06011712 -0.00380950
v -0.00941955 0.06069332 -0.00290980
v -0.00940248 0.06068022 -0.00306148
v -0.00906375 0.06072605 -0.00426158
v -0.00916353 0.06064935 -0.00426158
v -0.00930270 0.06075786 -0.00306148
v -0.00917403 0.06085794 -0.00306148
v -0.00889044 0.06114885 -0.00266145
v -0.00855434 0.06144350 -0.00246069
v -0.00813027 0.06180456 -0.00225993
v -0.00801605 0.06189155 -0.00225993
v -0.00799110 0.06187284 -0.00246069
v -0.00925149 0.06052214 -0.00446085
v -0.00911889 0.06063439 -0.00446531
v -0.01048694 0.05936226 -0.00406082
v -0.01058672 0.05925282 -0.00406082
v -0.01064711 0.05912186 -0.00426158
v -0.01075871 0.05898717 -0.00425711
v -0.01082173 0.05888989 -0.00432106
v -0.01083748 0.05891047 -0.00418871
v -0.01089656 0.05881506 -0.00425711
v -0.01100685 0.05867194 -0.00426158
v -0.01108431 0.05857186 -0.00426158
v -0.01085061 0.05872619 -0.00466161
v -0.01096090 0.05859150 -0.00466458
v -0.01102129 0.05848954 -0.00473299
v -0.01080072 0.05886557 -0.00446085
v -0.01117884 0.05823512 -0.00486088
v -0.01123661 0.05810884 -0.00497539
v -0.01121035 0.05807423 -0.00510923
v -0.01136527 0.05779361 -0.00526388
v -0.01144667 0.05772065 -0.00519845
v -0.01147293 0.05775620 -0.00506164
v -0.01160816 0.05747091 -0.00526091
v -0.01165148 0.05732966 -0.00540813
v -0.01139415 0.05765144 -0.00546167
v -0.01146899 0.05755135 -0.00546167
v -0.01169875 0.05721367 -0.00547059
v -0.01182347 0.05708927 -0.00534270
v -0.01199809 0.05684326 -0.00526091
v -0.01203354 0.05670576 -0.00536798
v -0.01185892 0.05694802 -0.00546167
v -0.01204273 0.05652242 -0.00559105
v -0.01205061 0.05633909 -0.00581114
v -0.01203223 0.05610337 -0.00616507
v -0.01205455 0.05598925 -0.00624389
v -0.01225148 0.05520072 -0.00660674
v -0.01220815 0.05520072 -0.00670638
v -0.01241428 0.05485182 -0.00652346
v -0.01246417 0.05479102 -0.00645803
v -0.01203748 0.05591442 -0.00637773
v -0.01200991 0.05585830 -0.00651157
v -0.01187336 0.05599673 -0.00665582
v -0.01197446 0.05579563 -0.00665730
v -0.01201122 0.05565906 -0.00671976
v -0.01204273 0.05552530 -0.00678371
v -0.01206505 0.05538686 -0.00685509
v -0.01251275 0.05464884 -0.00646101
v -0.01066418 0.05694989 -0.00780981
v -0.01116046 0.05499493 -0.00865300
v -0.01104361 0.05532325 -0.00857864
v -0.01099766 0.05523720 -0.00871248
v -0.01124186 0.05492384 -0.00858013
v -0.01141910 0.05464884 -0.00846265
v -0.01157402 0.05464884 -0.00820092
v -0.01162785 0.05489017 -0.00795406
v -0.01164098 0.05512589 -0.00777709
v -0.01080072 0.05560107 -0.00871694
v -0.01080335 0.05584894 -0.00852065
v -0.01101735 0.05567403 -0.00834071
v -0.01099766 0.05600141 -0.00811021
v -0.01100028 0.05624181 -0.00791391
v -0.01086637 0.05636808 -0.00801503
v -0.01100816 0.05545702 -0.00852659
v -0.01105280 0.05554120 -0.00839276
v -0.01093726 0.05641298 -0.00787078
v -0.01100685 0.05645788 -0.00772356
v -0.01086768 0.05660099 -0.00781725
v -0.01080335 0.05660099 -0.00791688
v -0.01072851 0.05679649 -0.00785591
v -0.01104886 0.05653271 -0.00758972
v -0.01101079 0.05666647 -0.00752726
v -0.01086637 0.05678714 -0.00764772
v -0.01079678 0.05684419 -0.00770423
v -0.01072851 0.05699666 -0.00765664
v -0.01066024 0.05714445 -0.00760905
v -0.01061298 0.05727728 -0.00753172
v -0.01057359 0.05720713 -0.00767002
v -0.01054077 0.05741385 -0.00747670
v -0.01046856 0.05754854 -0.00742019
v -0.01022829 0.05789744 -0.00735624
v -0.00988957 0.05839881 -0.00725215
v -0.00984230 0.05851573 -0.00717779
v -0.00979766 0.05846335 -0.00731163
v -0.00960729 0.05867475 -0.00732799
v -0.00953508 0.05880757 -0.00726850
v -0.00941692 0.05888615 -0.00734137
v -0.00927381 0.05895069 -0.00746034
v -0.00934340 0.05901710 -0.00728040
v -0.00032899 0.06192990 -0.00900396
v -0.00018326 0.06202344 -0.00886119
v -0.00946156 0.05893759 -0.00720753
v -0.00940379 0.05907135 -0.00710938
v -0.00932239 0.05919389 -0.00704544
v -0.00924099 0.05931268 -0.00698149
v -0.00916615 0.05944364 -0.00686252
v -0.00906506 0.05953250 -0.00686252
v -0.00903355 0.05950444 -0.00696662
v -0.00882086 0.05969432 -0.00694878
v -0.00873683 0.05980657 -0.00687145
v -0.00826813 0.06033226 -0.00662013
v -0.00886419 0.05972987 -0.00681494
v -0.00886944 0.05993472 -0.00642383
v -0.00862524 0.06049782 -0.00575463
v -0.00840467 0.06048192 -0.00612343
v -0.00827207 0.06053430 -0.00622456
v -0.00833509 0.06056985 -0.00605949
v -0.00833640 0.06065964 -0.00588103
v -0.00783093 0.06070267 -0.00656362
v -0.00765369 0.06071951 -0.00679709
v -0.00743181 0.06110301 -0.00636434
v -0.00725194 0.06111798 -0.00659336
v -0.00732284 0.06114137 -0.00644316
v -0.00720336 0.06128354 -0.00631973
v -0.00706945 0.06132844 -0.00641937
v -0.00683706 0.06150617 -0.00637178
v -0.00665325 0.06151459 -0.00658890
v -0.00522219 0.06209827 -0.00675397
v -0.00652853 0.06154452 -0.00665730
v -0.00618717 0.06168202 -0.00671233
v -0.00577230 0.06187565 -0.00669746
v -0.00563838 0.06190558 -0.00677032
v -0.00500162 0.06229002 -0.00653090
v -0.00478105 0.06247991 -0.00630040
v -0.00472066 0.06252761 -0.00624537
v -0.00451847 0.06253135 -0.00645357
v -0.00541781 0.06209640 -0.00654726
v -0.00624625 0.06170915 -0.00657997
v -0.00573028 0.06198789 -0.00646249
v -0.00312942 0.06273901 -0.00683724
v -0.00312942 0.06288680 -0.00652792
v -0.00300994 0.06289896 -0.00655469
v -0.00312942 0.06269037 -0.00693837
v -0.00302438 0.06270159 -0.00696067
v -0.00260163 0.06269692 -0.00714954
v -0.00217231 0.06269224 -0.00733840
v -0.00202264 0.06290177 -0.00695919
v -0.00052855 0.06254632 -0.00802990
v -0.00052855 0.06240040 -0.00826189
v -0.00052855 0.06231995 -0.00838829
v -0.00052855 0.06209172 -0.00874520
v -0.00052855 0.06264453 -0.00786037
v -0.00072943 0.06231621 -0.00838235
v -0.00072943 0.06208704 -0.00873776
v -0.00092899 0.06207956 -0.00872735
v -0.00092899 0.06175030 -0.00923594
v -0.00052855 0.06275023 -0.00765813
v -0.00052855 0.06284471 -0.00746034
v -0.00052855 0.06270066 -0.00775776
v -0.00072943 0.06289428 -0.00734286
v -0.00052855 0.06289709 -0.00734881
v -0.00072943 0.06185694 -0.00909170
v -0.00052855 0.06186162 -0.00909913
v -0.00698017 0.06247523 -0.00246069
v -0.00764450 0.06211043 -0.00246069
v -0.00777054 0.06206647 -0.00225993
v -0.00791627 0.06196638 -0.00225993
v -0.00802918 0.06190090 -0.00214691
v -0.00794909 0.06196544 -0.00207256
v -0.00804493 0.06191306 -0.00185990
v -0.00805150 0.06191867 -0.00166063
v -0.00805281 0.06191961 -0.00145987
v -0.00805150 0.06191867 -0.00126060
v -0.00804887 0.06191587 -0.00105984
v -0.00793071 0.06200005 -0.00086056
v -0.00793071 0.06199257 -0.00065981
v -0.00780467 0.06208517 -0.00065981
v -0.00778629 0.06207301 -0.00025977
v -0.00779679 0.06207956 -0.00046053
v -0.00777316 0.06206459 -0.00006050
v -0.00775609 0.06205243 0.00014026
v -0.00764056 0.06210949 0.00028599
v -0.00739767 0.06221706 0.00060721
v -0.00724537 0.06231247 0.00060721
v -0.00725325 0.06231715 0.00054029
v -0.00713509 0.06237888 0.00060721
v -0.00673072 0.06238543 -0.00386154
v -0.00685675 0.06231621 -0.00386154
v -0.00719811 0.06208517 -0.00406082
v -0.00732940 0.06200286 -0.00406082
v -0.00731890 0.06205243 -0.00386898
v -0.00724406 0.06211043 -0.00380801
v -0.00712984 0.06220023 -0.00366078
v -0.00761036 0.06209079 -0.00269565
v -0.00774428 0.06204776 -0.00246069
v -0.00726507 0.06212352 -0.00366078
v -0.00683837 0.06250610 -0.00278637
v -0.00052855 0.06312532 -0.00682386
v -0.00052855 0.06308791 -0.00692350
v -0.00072943 0.06302150 -0.00706031
v -0.00212898 0.06293825 -0.00683724
v -0.00072943 0.06294012 -0.00724322
v -0.00252286 0.06294012 -0.00667069
v -0.00287734 0.06291205 -0.00658295
v -0.00472722 0.06266044 -0.00586319
v -0.00513554 0.06254632 -0.00566243
v -0.00487558 0.06252293 -0.00606246
v -0.00502000 0.06249768 -0.00594944
v -0.00507252 0.06252106 -0.00581560
v -0.00473116 0.06286622 -0.00526835
v -0.00507120 0.06292141 -0.00466161
v -0.00562394 0.06249955 -0.00515235
v -0.00580774 0.06249207 -0.00493077
v -0.00626463 0.06211791 -0.00540665
v -0.00654822 0.06196264 -0.00547803
v -0.00662962 0.06210201 -0.00496052
v -0.00681212 0.06209359 -0.00473448
v -0.00685413 0.06191400 -0.00519697
v -0.00694866 0.06197106 -0.00487872
v -0.00692503 0.06205617 -0.00466458
v -0.00699724 0.06208424 -0.00446085
v -0.00712984 0.06200941 -0.00446085
v -0.00712853 0.06206647 -0.00427793
v -0.00018326 0.06330398 -0.00636434
v -0.00032899 0.06318987 -0.00666176
v -0.00032505 0.06327218 -0.00644316
v -0.01008256 0.06006661 0.00060721
v -0.00988037 0.06035003 0.00014026
v -0.00977797 0.06045011 0.00014026
v -0.00967819 0.06054646 0.00014026
v -0.00996178 0.06023404 0.00034102
v -0.01003924 0.06010963 0.00060721
v -0.00956790 0.06064655 0.00014026
v -0.00945106 0.06071951 0.00034102
v -0.00946812 0.06073354 0.00014026
v -0.00925806 0.06092342 -0.00006050
v -0.00903355 0.06110489 -0.00013337
v -0.00914121 0.06103286 -0.00025977
v -0.00938016 0.06086169 -0.00046053
v -0.00950751 0.06076160 -0.00046053
v -0.00917797 0.06091313 0.00060721
v -0.00922655 0.06089816 0.00041091
v -0.00923574 0.06090565 0.00027707
v -0.00924493 0.06091313 0.00014026
v -0.00938410 0.06086543 -0.00065981
v -0.00951014 0.06076534 -0.00065981
v -0.00928563 0.06094587 -0.00086056
v -0.00883530 0.06130599 -0.00126060
v -0.00860948 0.06148559 -0.00145987
v -0.00860686 0.06148278 -0.00166063
v -0.00883136 0.06130319 -0.00158181
v -0.00949701 0.06075692 -0.00145987
v -0.00891145 0.06123397 -0.00165319
v -0.00915040 0.06103567 -0.00166063
v -0.00927119 0.06093558 -0.00166063
v -0.00937097 0.06085233 -0.00166063
v -0.00935784 0.06084111 -0.00206066
v -0.00947731 0.06074102 -0.00206066
v -0.00946944 0.06073354 -0.00225993
v -0.00955740 0.06064093 -0.00246069
v -0.00945762 0.06072418 -0.00246069
v -0.00923968 0.06090939 -0.00242054
v -0.00922917 0.06090097 -0.00255438
v -0.00921867 0.06089255 -0.00266145
v -0.00911889 0.06097113 -0.00266145
v -0.01004318 0.05991414 -0.00380206
v -0.01019941 0.05966813 -0.00406082
v -0.00923443 0.06050530 -0.00457089
v -0.00947994 0.06035190 -0.00426158
v -0.01000379 0.05987205 -0.00406082
v -0.00967556 0.06014892 -0.00426158
v -0.00904405 0.06071202 -0.00440285
v -0.00789132 0.06194767 -0.00246069
v -0.00878410 0.06126577 -0.00246069
v -0.00834690 0.06163806 -0.00225993
v -0.00824712 0.06171476 -0.00225993
v -0.00902173 0.06069519 -0.00453520
v -0.01045674 0.05932952 -0.00426158
v -0.01055652 0.05922195 -0.00426158
v -0.01063267 0.05910409 -0.00436567
v -0.01076659 0.05882628 -0.00466161
v -0.01083223 0.05870375 -0.00476422
v -0.01088475 0.05860459 -0.00484303
v -0.01107906 0.05836046 -0.00486088
v -0.01105017 0.05832585 -0.00500662
v -0.01102260 0.05829124 -0.00514046
v -0.01117884 0.05803494 -0.00526091
v -0.01120772 0.05787219 -0.00550480
v -0.01123529 0.05790680 -0.00537096
v -0.01125367 0.05773094 -0.00566243
v -0.01144273 0.05751674 -0.00558956
v -0.01141516 0.05747745 -0.00572340
v -0.01162260 0.05728757 -0.00554197
v -0.01123267 0.05770382 -0.00576504
v -0.01165936 0.05714633 -0.00566243
v -0.01175914 0.05698637 -0.00564905
v -0.01195870 0.05678433 -0.00544531
v -0.01200728 0.05665618 -0.00550182
v -0.01183529 0.05690967 -0.00557320
v -0.01180903 0.05686103 -0.00570556
v -0.01197708 0.05659445 -0.00565946
v -0.01201647 0.05647191 -0.00572340
v -0.01202435 0.05628764 -0.00594498
v -0.01200072 0.05624274 -0.00606246
v -0.01190225 0.05641766 -0.00607733
v -0.01195739 0.05618194 -0.00624389
v -0.01196921 0.05598925 -0.00645208
v -0.01222785 0.05509034 -0.00675397
v -0.01213463 0.05520072 -0.00686252
v -0.01243791 0.05471806 -0.00657551
v -0.01184185 0.05612114 -0.00658592
v -0.01181166 0.05606128 -0.00671827
v -0.01184448 0.05592752 -0.00678817
v -0.01187468 0.05579563 -0.00685806
v -0.01197183 0.05559545 -0.00685509
v -0.01200728 0.05544392 -0.00691755
v -0.01203616 0.05531016 -0.00696960
v -0.01244973 0.05464884 -0.00659931
v -0.01083748 0.05691061 -0.00757187
v -0.01121035 0.05505760 -0.00852808
v -0.01123004 0.05549724 -0.00815928
v -0.01143879 0.05531577 -0.00797190
v -0.01168037 0.05519604 -0.00766407
v -0.01161341 0.05525871 -0.00773248
v -0.01165411 0.05535225 -0.00759864
v -0.01158715 0.05541212 -0.00766407
v -0.01204667 0.05464884 -0.00738747
v -0.01161341 0.05465352 -0.00813102
v -0.01196264 0.05478728 -0.00744547
v -0.01198759 0.05500896 -0.00725958
v -0.01129175 0.05599954 -0.00766407
v -0.01106987 0.05618568 -0.00785294
v -0.01125630 0.05614640 -0.00759864
v -0.01132588 0.05619130 -0.00745290
v -0.01108300 0.05639521 -0.00765813
v -0.01139547 0.05623526 -0.00730271
v -0.01143617 0.05630915 -0.00716887
v -0.01097009 0.05680023 -0.00746034
v -0.01105017 0.05673288 -0.00739342
v -0.01079416 0.05704437 -0.00749603
v -0.01083223 0.05710330 -0.00736219
v -0.01072326 0.05719029 -0.00744696
v -0.01065368 0.05733153 -0.00739937
v -0.01063136 0.05770288 -0.00696365
v -0.01021648 0.05808358 -0.00713764
v -0.01044492 0.05791896 -0.00698447
v -0.01007731 0.05815935 -0.00726107
v -0.00965324 0.05872807 -0.00719415
v -0.00972545 0.05859524 -0.00725363
v -0.01020335 0.05826786 -0.00691309
v -0.01001429 0.05848206 -0.00693093
v -0.00032899 0.06202250 -0.00886119
v -0.00032899 0.06209453 -0.00874966
v -0.00018326 0.06211230 -0.00872289
v -0.00959547 0.05886183 -0.00709600
v -0.00963224 0.05890298 -0.00696365
v -0.00965849 0.05893292 -0.00686252
v -0.00943793 0.05911064 -0.00697703
v -0.00946812 0.05914244 -0.00686252
v -0.00937228 0.05924253 -0.00686252
v -0.00927250 0.05934449 -0.00686252
v -0.00924493 0.05951566 -0.00658890
v -0.00917272 0.05964849 -0.00646249
v -0.00903880 0.05970835 -0.00657551
v -0.00904274 0.05991227 -0.00618292
v -0.00883793 0.06030794 -0.00577396
v -0.00879591 0.06027239 -0.00590780
v -0.00873290 0.06044824 -0.00567730
v -0.00866725 0.06053243 -0.00562079
v -0.00859241 0.06067274 -0.00546167
v -0.00849001 0.06054927 -0.00586170
v -0.00840598 0.06068396 -0.00572637
v -0.00823005 0.06070080 -0.00596134
v -0.00792021 0.06079434 -0.00624686
v -0.00772458 0.06083362 -0.00646398
v -0.00756572 0.06105437 -0.00626173
v -0.00760905 0.06108618 -0.00613087
v -0.00746594 0.06112733 -0.00626173
v -0.00713378 0.06135744 -0.00625727
v -0.00697229 0.06146407 -0.00626173
v -0.00765237 0.06111798 -0.00599703
v -0.00782962 0.06110114 -0.00576058
v -0.00701299 0.06149120 -0.00613235
v -0.00687251 0.06152768 -0.00626173
v -0.00680424 0.06168950 -0.00592565
v -0.00673072 0.06160345 -0.00626173
v -0.00672415 0.06153516 -0.00644762
v -0.00651409 0.06163899 -0.00644465
v -0.00631978 0.06164554 -0.00665284
v -0.00534297 0.06207675 -0.00667664
v -0.00519462 0.06228628 -0.00631676
v -0.00643531 0.06170447 -0.00636732
v -0.00532066 0.06232744 -0.00604462
v -0.00613072 0.06180643 -0.00646249
v -0.00252286 0.06285687 -0.00684765
v -0.00232986 0.06287183 -0.00689673
v -0.00212898 0.06289148 -0.00693837
v -0.00032899 0.06254632 -0.00803139
v -0.00032899 0.06248365 -0.00813251
v -0.00032899 0.06264547 -0.00786037
v -0.00032899 0.06225822 -0.00849090
v -0.00032899 0.06270159 -0.00775925
v -0.00032899 0.06284658 -0.00746034
v -0.00032899 0.06289802 -0.00735178
v -0.00052855 0.06294292 -0.00724917
v -0.00847557 0.06153797 -0.00225993
v -0.00836397 0.06165022 -0.00206066
v -0.00826419 0.06172785 -0.00206066
v -0.00814471 0.06183636 -0.00185990
v -0.00815128 0.06184197 -0.00166063
v -0.00815259 0.06184291 -0.00145987
v -0.00828126 0.06174095 -0.00126060
v -0.00814865 0.06183917 -0.00105984
v -0.00828257 0.06174282 -0.00145987
v -0.00804493 0.06191306 -0.00086056
v -0.00814471 0.06183636 -0.00086056
v -0.00836922 0.06165489 -0.00065981
v -0.00794909 0.06196638 -0.00045310
v -0.00792283 0.06197293 -0.00025977
v -0.00791102 0.06196451 -0.00006050
v -0.00789789 0.06195235 0.00014026
v -0.00788082 0.06193832 0.00034102
v -0.00771671 0.06204963 0.00034845
v -0.00761167 0.06208985 0.00054029
v -0.00750270 0.06214971 0.00060721
v -0.00733728 0.06194954 -0.00425117
v -0.00743575 0.06190651 -0.00417681
v -0.00745544 0.06192054 -0.00406082
v -0.00748564 0.06194206 -0.00386154
v -0.00758542 0.06207488 -0.00286072
v -0.00771014 0.06203466 -0.00264212
v -0.00032899 0.06308884 -0.00692796
v -0.00032899 0.06303085 -0.00706031
v -0.00052855 0.06302711 -0.00706031
v -0.00232986 0.06291860 -0.00679709
v -0.00543357 0.06230405 -0.00596580
v -0.00589308 0.06213101 -0.00586170
v -0.00532591 0.06245933 -0.00566243
v -0.00654560 0.06175872 -0.00607436
v -0.00673465 0.06174469 -0.00586021
v -0.00673991 0.06207769 -0.00488021
v -0.00680818 0.06189155 -0.00533080
v -0.00702743 0.06190090 -0.00495754
v -0.00684888 0.06171195 -0.00579181
v -0.00713246 0.06194486 -0.00465120
v -0.00723881 0.06190745 -0.00457684
v -0.00727032 0.06192709 -0.00446085
v -0.00018326 0.06321418 -0.00660079
v -0.00986199 0.06033226 0.00034102
v -0.00965849 0.06052869 0.00034102
v -0.00955084 0.06062877 0.00034102
v -0.00978322 0.06035751 0.00060721
v -0.00943793 0.06070828 0.00047634
v -0.00921079 0.06088507 0.00060721
v -0.00902567 0.06109834 0.00000047
v -0.00890357 0.06115914 0.00034102
v -0.00879985 0.06127887 -0.00006050
v -0.00857141 0.06145566 -0.00006050
v -0.00834165 0.06163338 -0.00006050
v -0.00871189 0.06136492 -0.00025977
v -0.00915040 0.06104034 -0.00046053
v -0.00928432 0.06094400 -0.00065981
v -0.00883136 0.06130225 -0.00075349
v -0.00898629 0.06106654 0.00060721
v -0.00889044 0.06114885 0.00054029
v -0.00915959 0.06104596 -0.00086056
v -0.00860948 0.06148559 -0.00126060
v -0.00850970 0.06156416 -0.00145987
v -0.00838104 0.06166331 -0.00166063
v -0.00850708 0.06156323 -0.00166063
v -0.00860029 0.06147811 -0.00185990
v -0.00872370 0.06137802 -0.00185990
v -0.00874865 0.06136773 -0.00165319
v -0.00882742 0.06130038 -0.00171565
v -0.00882349 0.06129664 -0.00185990
v -0.00903749 0.06110769 -0.00206066
v -0.00925806 0.06092436 -0.00206066
v -0.00903224 0.06110395 -0.00217814
v -0.00924887 0.06091687 -0.00225993
v -0.00915040 0.06097393 -0.00247705
v -0.00911233 0.06103099 -0.00225101
v -0.00894690 0.06116569 -0.00225101
v -0.00901123 0.06108711 -0.00246069
v -0.00891145 0.06116569 -0.00246069
v -0.01026243 0.05953437 -0.00426158
v -0.00913727 0.06056330 -0.00464674
v -0.00920817 0.06047911 -0.00470473
v -0.00931976 0.06039119 -0.00463335
v -0.00943136 0.06030232 -0.00456346
v -0.00965062 0.06012179 -0.00441921
v -0.00881955 0.06089349 -0.00431809
v -0.00856222 0.06105250 -0.00446085
v -0.00879985 0.06087852 -0.00446085
v -0.00769833 0.06175030 -0.00406082
v -0.00813027 0.06140234 -0.00426158
v -0.00823399 0.06130506 -0.00437460
v -0.00866462 0.06092716 -0.00466161
v -0.00876441 0.06085233 -0.00466161
v -0.00889701 0.06075225 -0.00466161
v -0.00899679 0.06067554 -0.00466161
v -0.01043705 0.05930894 -0.00437757
v -0.01060904 0.05907697 -0.00449951
v -0.01066680 0.05894227 -0.00466161
v -0.01080729 0.05867288 -0.00489806
v -0.01085718 0.05853257 -0.00506164
v -0.01088475 0.05840349 -0.00524604
v -0.01096221 0.05819490 -0.00546613
v -0.01107512 0.05795544 -0.00566243
v -0.01117490 0.05783103 -0.00566243
v -0.01120510 0.05766547 -0.00589888
v -0.01117752 0.05759999 -0.00606990
v -0.01125236 0.05753171 -0.00600893
v -0.01145980 0.05734463 -0.00582304
v -0.01159634 0.05724641 -0.00566243
v -0.01112632 0.05779455 -0.00584832
v -0.01106987 0.05775059 -0.00606246
v -0.01163573 0.05710797 -0.00577099
v -0.01164754 0.05692744 -0.00599703
v -0.01186811 0.05679743 -0.00564905
v -0.01188649 0.05660754 -0.00586319
v -0.01178015 0.05679743 -0.00586319
v -0.01185630 0.05654581 -0.00602082
v -0.01199284 0.05640363 -0.00587211
v -0.01180509 0.05645227 -0.00626173
v -0.01185892 0.05635218 -0.00626173
v -0.01183529 0.05630822 -0.00637178
v -0.01186417 0.05619317 -0.00644762
v -0.01220028 0.05501458 -0.00686698
v -0.01225148 0.05495658 -0.00680304
v -0.01209393 0.05500896 -0.00707369
v -0.01180641 0.05625490 -0.00650413
v -0.01177227 0.05619317 -0.00665582
v -0.01164361 0.05632318 -0.00678668
v -0.01167512 0.05619597 -0.00685658
v -0.01177490 0.05599673 -0.00685806
v -0.01181035 0.05585830 -0.00692201
v -0.01184317 0.05572454 -0.00698298
v -0.01180641 0.05564316 -0.00711533
v -0.01175783 0.05558610 -0.00724471
v -0.01183529 0.05551033 -0.00716738
v -0.01165805 0.05560107 -0.00740680
v -0.01180115 0.05540089 -0.00730866
v -0.01200072 0.05520072 -0.00710641
v -0.01202435 0.05508099 -0.00714805
v -0.01227380 0.05479757 -0.00686698
v -0.01232369 0.05464884 -0.00686401
v -0.01122216 0.05668705 -0.00714507
v -0.01100947 0.05686571 -0.00732204
v -0.01086243 0.05698731 -0.00744249
v -0.01149393 0.05560200 -0.00766705
v -0.01141516 0.05566935 -0.00773694
v -0.01142435 0.05588729 -0.00754957
v -0.01126812 0.05560107 -0.00801801
v -0.01159634 0.05560107 -0.00750644
v -0.01162391 0.05548601 -0.00754957
v -0.01163442 0.05570770 -0.00736517
v -0.01211757 0.05464884 -0.00726107
v -0.01204929 0.05494816 -0.00719266
v -0.01201122 0.05484434 -0.00732501
v -0.01145849 0.05600141 -0.00740383
v -0.01143223 0.05610243 -0.00736219
v -0.01145980 0.05618194 -0.00724620
v -0.01126286 0.05655329 -0.00721497
v -0.01160684 0.05605473 -0.00711831
v -0.01156614 0.05619597 -0.00705436
v -0.01160816 0.05625864 -0.00692052
v -0.01143354 0.05650558 -0.00696662
v -0.01079284 0.05724548 -0.00726107
v -0.01104623 0.05692464 -0.00718820
v -0.01100291 0.05705840 -0.00710938
v -0.01103967 0.05711359 -0.00697703
v -0.01082435 0.05729131 -0.00714805
v -0.01081385 0.05747745 -0.00693242
v -0.01076527 0.05759812 -0.00686401
v -0.01066155 0.05774030 -0.00686252
v -0.01058147 0.05784038 -0.00686252
v -0.01040029 0.05806301 -0.00686252
v -0.00979241 0.05865511 -0.00706031
v -0.01061823 0.05788528 -0.00673761
v -0.01042917 0.05810042 -0.00675991
v -0.01024011 0.05831275 -0.00677925
v -0.01004974 0.05852322 -0.00679709
v -0.00982261 0.05869346 -0.00694729
v -0.00968081 0.05879728 -0.00704246
v -0.00018326 0.06218619 -0.00860690
v -0.00985806 0.05873368 -0.00681494
v -0.00956790 0.05903300 -0.00686252
v -0.01002611 0.05869626 -0.00655172
v -0.00972020 0.05898997 -0.00664095
v -0.00964011 0.05911251 -0.00658146
v -0.00944318 0.05931549 -0.00658741
v -0.00932764 0.05939780 -0.00665433
v -0.00927775 0.05954840 -0.00646249
v -0.00924624 0.05971771 -0.00619333
v -0.00921079 0.05968310 -0.00632717
v -0.00907688 0.05994407 -0.00606246
v -0.00900204 0.05987766 -0.00631676
v -0.00900729 0.06008064 -0.00592119
v -0.00887075 0.06033787 -0.00566243
v -0.00880117 0.06047631 -0.00551372
v -0.00873290 0.06056423 -0.00545275
v -0.00862655 0.06069893 -0.00535460
v -0.00845062 0.06071670 -0.00559254
v -0.00796485 0.06085233 -0.00606246
v -0.00772458 0.06094400 -0.00624389
v -0.00786507 0.06092810 -0.00606246
v -0.00793728 0.06097206 -0.00586170
v -0.00779679 0.06107682 -0.00586170
v -0.00742130 0.06129664 -0.00594647
v -0.00805150 0.06091874 -0.00579478
v -0.00826813 0.06092903 -0.00542449
v -0.00844143 0.06090939 -0.00517912
v -0.00821299 0.06108992 -0.00513153
v -0.00804100 0.06110863 -0.00537988
v -0.00793334 0.06115166 -0.00545275
v -0.00759461 0.06127887 -0.00570109
v -0.00752896 0.06125455 -0.00587360
v -0.00722437 0.06149869 -0.00575166
v -0.00705106 0.06151646 -0.00600000
v -0.00693947 0.06156136 -0.00606395
v -0.00692109 0.06164554 -0.00586021
v -0.00662043 0.06169792 -0.00614871
v -0.00673465 0.06166986 -0.00607436
v -0.00657711 0.06167734 -0.00626173
v -0.00647733 0.06172318 -0.00626173
v -0.00579461 0.06208611 -0.00611600
v -0.00018326 0.06254632 -0.00803139
v -0.00018326 0.06250142 -0.00810426
v -0.00018326 0.06227599 -0.00846414
v -0.00018326 0.06264453 -0.00786037
v -0.00018326 0.06277642 -0.00760310
v -0.00018326 0.06271469 -0.00772951
v -0.00018326 0.06270066 -0.00775776
v -0.00018326 0.06284471 -0.00746034
v -0.00018326 0.06289709 -0.00735029
v -0.00032899 0.06294386 -0.00725215
v -0.00018326 0.06294386 -0.00725066
v -0.00870270 0.06135931 -0.00225993
v -0.00859110 0.06147062 -0.00206066
v -0.00837447 0.06165770 -0.00185990
v -0.00828126 0.06174189 -0.00166063
v -0.00850970 0.06156323 -0.00126060
v -0.00850708 0.06156136 -0.00105984
v -0.00837841 0.06166144 -0.00105984
v -0.00849132 0.06154920 -0.00046053
v -0.00802787 0.06190090 -0.00038320
v -0.00802261 0.06189622 -0.00025977
v -0.00813027 0.06179614 -0.00006050
v -0.00822480 0.06169792 0.00019825
v -0.00799767 0.06187752 0.00014026
v -0.00823924 0.06164273 0.00060721
v -0.00810008 0.06175405 0.00054029
v -0.00800029 0.06181578 0.00060721
v -0.00795959 0.06185413 0.00054029
v -0.00785981 0.06192242 0.00054029
v -0.00777973 0.06196638 0.00060721
v -0.00760380 0.06208424 0.00060721
v -0.00756966 0.06210669 0.00060721
v -0.00740817 0.06188781 -0.00431065
v -0.00764318 0.06171102 -0.00438947
v -0.00766682 0.06172785 -0.00426158
v -0.00776660 0.06165864 -0.00426158
v -0.00790970 0.06155855 -0.00426158
v -0.00018326 0.06312813 -0.00682683
v -0.00018326 0.06308884 -0.00692796
v -0.00018326 0.06302991 -0.00706031
v -0.00712853 0.06174001 -0.00524604
v -0.00713246 0.06186629 -0.00487872
v -0.00719942 0.06188500 -0.00471068
v -0.00702218 0.06169699 -0.00554792
v -0.00698673 0.06167734 -0.00566243
v -0.00736485 0.06166238 -0.00506164
v -0.00740555 0.06168763 -0.00491739
v -0.00744231 0.06171008 -0.00478504
v -0.00737010 0.06186442 -0.00446085
v -0.00965981 0.06047631 0.00060721
v -0.00943005 0.06069144 0.00060721
v -0.00933552 0.06077563 0.00060721
v -0.00845850 0.06152394 0.00014026
v -0.00879985 0.06121246 0.00060721
v -0.00876178 0.06124894 0.00054029
v -0.00825237 0.06171944 -0.00025977
v -0.00905981 0.06112453 -0.00086056
v -0.00883268 0.06130319 -0.00086056
v -0.00860686 0.06148372 -0.00105984
v -0.00873027 0.06138737 -0.00105984
v -0.00850051 0.06155761 -0.00185990
v -0.00871583 0.06137054 -0.00206066
v -0.00881561 0.06129009 -0.00206066
v -0.00880248 0.06127980 -0.00225993
v -0.00883399 0.06070548 -0.00497093
v -0.00895740 0.06064000 -0.00486088
v -0.00907425 0.06053991 -0.00486088
v -0.00904405 0.06051466 -0.00498877
v -0.00917403 0.06044544 -0.00486088
v -0.00927250 0.06034535 -0.00486088
v -0.00940510 0.06027520 -0.00469581
v -0.00949175 0.06020598 -0.00464227
v -0.00960729 0.06007596 -0.00466161
v -0.00962830 0.06009841 -0.00455305
v -0.00846112 0.06112453 -0.00446085
v -0.00844143 0.06110956 -0.00459023
v -0.00851758 0.06103567 -0.00465863
v -0.00841517 0.06109086 -0.00472407
v -0.00863968 0.06090846 -0.00478355
v -0.00871583 0.06082988 -0.00485493
v -0.00885631 0.06072231 -0.00486088
v -0.01032676 0.05939780 -0.00445044
v -0.01041210 0.05928275 -0.00451141
v -0.01002086 0.05969058 -0.00453223
v -0.01038322 0.05925095 -0.00466161
v -0.01047643 0.05915086 -0.00466161
v -0.01057621 0.05904236 -0.00466161
v -0.01064186 0.05891421 -0.00478801
v -0.01061429 0.05888428 -0.00492185
v -0.01067337 0.05874958 -0.00506164
v -0.01077315 0.05863266 -0.00506164
v -0.01083354 0.05850544 -0.00516871
v -0.01085324 0.05832866 -0.00546167
v -0.01088081 0.05820144 -0.00564161
v -0.01104623 0.05791989 -0.00579776
v -0.01104230 0.05771598 -0.00618440
v -0.01122216 0.05748774 -0.00614128
v -0.01108825 0.05760280 -0.00625578
v -0.01130356 0.05741291 -0.00606990
v -0.01142960 0.05729786 -0.00595688
v -0.01098847 0.05785067 -0.00606246
v -0.01126024 0.05734556 -0.00626173
v -0.01144142 0.05711733 -0.00618440
v -0.01161735 0.05687787 -0.00613087
v -0.01165674 0.05674411 -0.00621861
v -0.01170531 0.05661690 -0.00627660
v -0.01179722 0.05660754 -0.00607733
v -0.01166067 0.05655142 -0.00646249
v -0.01166724 0.05639427 -0.00664838
v -0.01176045 0.05638586 -0.00644762
v -0.01221866 0.05486304 -0.00693688
v -0.01163573 0.05650839 -0.00657105
v -0.01160291 0.05645601 -0.00670489
v -0.01146242 0.05654955 -0.00686252
v -0.01156221 0.05639427 -0.00685658
v -0.01164361 0.05612488 -0.00698595
v -0.01167249 0.05599299 -0.00705436
v -0.01164098 0.05592190 -0.00717779
v -0.01166461 0.05578440 -0.00725215
v -0.01224098 0.05472928 -0.00698001
v -0.01226461 0.05464884 -0.00698298
v -0.01118671 0.05680772 -0.00707072
v -0.01125892 0.05674504 -0.00701123
v -0.01160159 0.05584052 -0.00731163
v -0.01145849 0.05575353 -0.00760310
v -0.01220290 0.05464884 -0.00710195
v -0.01155958 0.05599299 -0.00725215
v -0.01121691 0.05687787 -0.00693390
v -0.01107643 0.05699573 -0.00704990
v -0.01100291 0.05726044 -0.00686252
v -0.01086112 0.05734463 -0.00701570
v -0.01117359 0.05700040 -0.00686550
v -0.01113814 0.05721087 -0.00667366
v -0.01106724 0.05735398 -0.00662756
v -0.01102129 0.05748774 -0.00654428
v -0.01085061 0.05752983 -0.00679858
v -0.01084011 0.05771317 -0.00657849
v -0.01080335 0.05766266 -0.00671084
v -0.01065368 0.05792924 -0.00660377
v -0.01046462 0.05814158 -0.00662607
v -0.01018497 0.05844838 -0.00666176
v -0.01021779 0.05848674 -0.00653536
v -0.01008519 0.05856437 -0.00666176
v -0.01028344 0.05856063 -0.00626173
v -0.00996965 0.05880009 -0.00647588
v -0.00983311 0.05890485 -0.00656659
v -0.00972283 0.05919295 -0.00624389
v -0.00960860 0.05927901 -0.00631527
v -0.00952589 0.05939780 -0.00625281
v -0.00947337 0.05934729 -0.00646249
v -0.00985806 0.05893198 -0.00646249
v -0.01000510 0.05887305 -0.00626173
v -0.01006024 0.05893479 -0.00602528
v -0.00983574 0.05910690 -0.00617251
v -0.00937753 0.05944644 -0.00646249
v -0.00924755 0.05991881 -0.00579627
v -0.00927906 0.05975138 -0.00606246
v -0.00921342 0.05988514 -0.00592862
v -0.00917666 0.05985147 -0.00606246
v -0.00904537 0.06011525 -0.00578735
v -0.00884055 0.06051091 -0.00537988
v -0.00873158 0.06065122 -0.00527727
v -0.00879985 0.06067741 -0.00510328
v -0.00866594 0.06072793 -0.00522225
v -0.00847425 0.06093371 -0.00506164
v -0.00832327 0.06104034 -0.00506313
v -0.00825106 0.06111611 -0.00499769
v -0.00776397 0.06125922 -0.00546167
v -0.00766419 0.06132377 -0.00546167
v -0.00752896 0.06134248 -0.00564458
v -0.00709176 0.06154171 -0.00586170
v -0.00751321 0.06142666 -0.00544680
v -0.00756704 0.06146127 -0.00526091
v -0.00746594 0.06152581 -0.00526091
v -0.00844537 0.06151365 0.00034102
v -0.00843618 0.06150617 0.00047932
v -0.00841911 0.06150523 0.00060721
v -0.00819460 0.06167547 0.00060721
v -0.00761036 0.06168950 -0.00452331
v -0.00787557 0.06153329 -0.00446085
v -0.00797535 0.06146501 -0.00446085
v -0.00784668 0.06151365 -0.00459469
v -0.00808170 0.06133686 -0.00466161
v -0.00818148 0.06126951 -0.00466161
v -0.00719417 0.06168109 -0.00530106
v -0.00723356 0.06170447 -0.00516722
v -0.00753553 0.06155574 -0.00505718
v -0.00764450 0.06151084 -0.00498728
v -0.00767863 0.06153329 -0.00486088
v -0.00757491 0.06166705 -0.00466161
v -0.00747513 0.06173066 -0.00466161
v -0.00865675 0.06132283 0.00060721
v -0.00861080 0.06088788 -0.00491590
v -0.00873158 0.06075131 -0.00504677
v -0.00892195 0.06059604 -0.00504677
v -0.00887338 0.06054085 -0.00526091
v -0.00900992 0.06048285 -0.00512261
v -0.00921342 0.06028455 -0.00512558
v -0.00924493 0.06031542 -0.00499174
v -0.00946681 0.06013957 -0.00486088
v -0.00944055 0.06011244 -0.00498431
v -0.00980160 0.05987017 -0.00466161
v -0.00834165 0.06116101 -0.00465863
v -0.00828388 0.06113950 -0.00486088
v -0.00838498 0.06106934 -0.00486088
v -0.00853859 0.06095990 -0.00485493
v -0.01028344 0.05935758 -0.00466161
v -0.01025193 0.05932484 -0.00481180
v -0.01044755 0.05911999 -0.00480140
v -0.01041998 0.05909006 -0.00493375
v -0.01039109 0.05905919 -0.00506164
v -0.01048300 0.05895911 -0.00506164
v -0.01058278 0.05884967 -0.00506164
v -0.01041998 0.05888989 -0.00533824
v -0.01064449 0.05871684 -0.00518953
v -0.01076921 0.05842874 -0.00546167
v -0.01080466 0.05847083 -0.00530106
v -0.01083092 0.05830247 -0.00556279
v -0.01077709 0.05820144 -0.00587806
v -0.01082829 0.05809855 -0.00595688
v -0.01085324 0.05792831 -0.00620820
v -0.01082041 0.05788996 -0.00634204
v -0.01079022 0.05785067 -0.00646249
v -0.01100816 0.05767108 -0.00631824
v -0.01119328 0.05744565 -0.00626173
v -0.01123529 0.05730721 -0.00637029
v -0.01105674 0.05753732 -0.00641044
v -0.01069438 0.05820518 -0.00605205
v -0.01159240 0.05680678 -0.00627660
v -0.01162654 0.05669360 -0.00635245
v -0.01160028 0.05665151 -0.00646249
v -0.01146111 0.05674972 -0.00662161
v -0.01139415 0.05681052 -0.00667812
v -0.01139941 0.05664964 -0.00686252
v -0.01225411 0.05464884 -0.00700380
v -0.01120903 0.05706588 -0.00671827
v -0.01124317 0.05712107 -0.00658592
v -0.01059853 0.05806207 -0.00649670
v -0.01063136 0.05810229 -0.00636286
v -0.01057096 0.05823138 -0.00626173
v -0.01060641 0.05827347 -0.00611154
v -0.01009438 0.05877296 -0.00626173
v -0.01063792 0.05830995 -0.00597770
v -0.01066549 0.05834082 -0.00586170
v -0.01044624 0.05851854 -0.00599405
v -0.00997490 0.05920231 -0.00568176
v -0.00980423 0.05927433 -0.00590483
v -0.00966768 0.05934168 -0.00606246
v -0.00957447 0.05944083 -0.00606246
v -0.00924755 0.06011899 -0.00539624
v -0.00937885 0.05964755 -0.00606246
v -0.01058147 0.05864575 -0.00546167
v -0.01022567 0.05909661 -0.00535014
v -0.00921342 0.06008531 -0.00553008
v -0.00917928 0.06005164 -0.00566243
v -0.00907950 0.06014705 -0.00566243
v -0.00900992 0.06028268 -0.00552413
v -0.00857403 0.06086075 -0.00506164
v -0.00812239 0.06124613 -0.00486534
v -0.00801474 0.06129290 -0.00493375
v -0.00797929 0.06126951 -0.00506164
v -0.00780467 0.06128635 -0.00531891
v -0.00773509 0.06135463 -0.00525645
v -0.00760642 0.06148746 -0.00512112
v -0.00851364 0.06143975 0.00054326
v -0.00855697 0.06139953 0.00060721
v -0.00774034 0.06156042 -0.00466161
v -0.00805018 0.06131535 -0.00479991
v -0.00897316 0.06044824 -0.00526091
v -0.00904537 0.06031635 -0.00539029
v -0.00907950 0.06034816 -0.00526091
v -0.00917928 0.06025181 -0.00526091
v -0.00927906 0.06015173 -0.00526091
v -0.00932764 0.06019849 -0.00505569
v -0.00983311 0.05970368 -0.00496498
v -0.00952458 0.05999458 -0.00504677
v -0.01022436 0.05929491 -0.00494564
v -0.01029131 0.05916676 -0.00506164
v -0.01006156 0.05933420 -0.00522671
v -0.01033858 0.05900962 -0.00527727
v -0.01064186 0.05851386 -0.00558361
v -0.01066943 0.05854567 -0.00546167
v -0.01065630 0.05813129 -0.00626173
v -0.01141910 0.05688255 -0.00653833
v -0.01149919 0.05681052 -0.00646695
v -0.00986068 0.05933420 -0.00566243
v -0.00983574 0.05930707 -0.00577099
v -0.00947337 0.05974670 -0.00566243
v -0.00937885 0.06004603 -0.00526091
v -0.00941167 0.06008064 -0.00511815
v -0.00960729 0.05987672 -0.00510923
v -0.01009832 0.05937442 -0.00506164
v -0.00966637 0.05973922 -0.00526091
v -0.00989350 0.05940529 -0.00544680
f 1 2 6
f 1 6 12
f 1 12 22
f 1 22 39
f 1 39 59
f 1 59 86
f 1 86 126
f 1 126 125
f 1 125 169
f 1 169 228
f 1 228 291
f 1 291 363
f 1 363 362
f 1 362 462
f 1 462 461
f 1 461 454
f 1 454 453
f 1 453 458
f 1 458 544
f 1 544 543
f 1 543 442
f 1 442 441
f 1 441 440
f 1 440 542
f 1 542 638
f 1 638 637
f 1 637 636
f 1 636 755
f 1 755 754
f 1 754 885
f 1 885 884
f 1 884 1035
f 1 1035 1194
f 1 1194 1390
f 1 1390 1391
f 1 1391 1619
f 1 1619 1622
f 1 1622 1883
f 1 1883 1882
f 1 1882 1881
f 1 1881 2144
f 1 2144 2423
f 1 2423 2701
f 1 2701 2977
f 1 2977 3276
f 1 3276 3275
f 1 3275 3584
f 1 3584 3837
f 1 3837 4068
f 1 4068 4112
f 1 4112 4111
f 1 4111 4110
f 1 4110 4113
f 1 4113 4116
f 1 4116 4115
f 1 4115 4114
f 1 4114 4117
f 1 4117 4118
f 1 4118 4120
f 1 4120 4149
f 1 4149 4148
f 1 4148 4147
f 1 4147 3931
f 1 3931 3707
f 1 3707 3445
f 1 3445 3144
f 1 3144 3143
f 1 3143 3142
f 1 3142 2853
f 1 2853 2581
f 1 2581 2294
f 1 2294 2029
f 1 2029 2028
f 1 2028 1749
f 1 1749 1748
f 1 1748 1509
f 1 1509 1508
f 1 1508 1507
f 1 1507 1505
f 1 1505 1292
f 1 1292 1291
f 1 1291 1106
f 1 1106 1105
f 1 1105 1290
f 1 1290 1115
f 1 1115 966
f 1 966 816
f 1 816 815
f 1 815 684
f 1 684 581
f 1 581 488
f 1 488 383
f 1 383 312
f 1 312 246
f 1 246 191
f 1 191 139
f 1 139 97
f 1 97 66
f 1 66 47
f 1 47 30
f 1 30 40
f 1 40 24
f 1 24 13
f 1 13 8
f 1 8 7
f 1 7 3
f 1 3 4
f 1 4 10
f 1 10 17
f 1 17 27
f 1 27 44
f 1 44 65
f 1 65 93
f 1 93 92
f 1 92 136
f 1 136 189
f 1 189 231
f 1 231 294
f 1 294 293
f 1 293 365
f 1 365 465
f 1 465 464
f 1 464 557
f 1 557 652
f 1 652 776
f 1 776 775
f 1 775 920
f 1 920 1070
f 1 1070 1249
f 1 1249 1458
f 1 1458 1698
f 1 1698 1701
f 1 1701 1700
f 1 1700 1699
f 1 1699 1966
f 1 1966 1967
f 1 1967 1989
f 1 1989 1988
f 1 1988 1987
f 1 1987 2259
f 1 2259 2523
f 1 2523 2808
f 1 2808 3089
f 1 3089 3390
f 1 3390 3389
f 1 3389 3388
f 1 3388 3669
f 1 3669 3667
f 1 3667 3666
f 1 3666 3908
f 1 3908 4141
f 1 4141 4140
f 1 4140 4139
f 1 4139 4136
f 1 4136 4287
f 1 4287 4134
f 1 4134 4286
f 1 4286 4375
f 1 4375 4301
f 1 4301 4163
f 1 4163 3947
f 1 3947 3724
f 1 3724 3937
f 1 3937 4161
f 1 4161 4160
f 1 4160 4159
f 1 4159 3935
f 1 3935 3715
f 1 3715 3710
f 1 3710 3450
f 1 3450 3154
f 1 3154 2861
f 1 2861 2593
f 1 2593 2591
f 1 2591 2304
f 1 2304 2038
f 1 2038 2037
f 1 2037 1768
f 1 1768 1763
f 1 1763 1762
f 1 1762 1521
f 1 1521 1306
f 1 1306 1119
f 1 1119 1118
f 1 1118 1117
f 1 1117 974
f 1 974 968
f 1 968 819
f 1 819 690
f 1 690 689
f 1 689 688
f 1 688 586
f 1 586 585
f 1 585 584
f 1 584 494
f 1 494 492
f 1 492 390
f 1 390 491
f 1 491 386
f 1 386 313
f 1 313 247
f 1 247 192
f 1 192 140
f 1 140 98
f 1 98 67
f 1 67 48
f 1 48 31
f 1 31 18
f 1 18 11
f 1 11 5
f 1 5 2
f 2 5 6
f 3 7 4
f 4 7 8
f 4 8 9
f 4 9 10
f 5 11 19
f 5 19 34
f 5 34 33
f 5 33 52
f 5 52 75
f 5 75 107
f 5 107 152
f 5 152 208
f 5 208 259
f 5 259 326
f 5 326 404
f 5 404 414
f 5 414 413
f 5 413 518
f 5 518 525
f 5 525 526
f 5 526 624
f 5 624 623
f 5 623 741
f 5 741 740
f 5 740 739
f 5 739 869
f 5 869 1013
f 5 1013 1158
f 5 1158 1347
f 5 1347 1346
f 5 1346 1578
f 5 1578 1830
f 5 1830 1829
f 5 1829 1828
f 5 1828 1827
f 5 1827 1826
f 5 1826 1825
f 5 1825 2101
f 5 2101 2371
f 5 2371 2372
f 5 2372 2654
f 5 2654 2661
f 5 2661 2933
f 5 2933 2932
f 5 2932 3231
f 5 3231 3230
f 5 3230 3541
f 5 3541 3801
f 5 3801 4029
f 5 4029 4230
f 5 4230 4344
f 5 4344 4235
f 5 4235 4040
f 5 4040 3810
f 5 3810 3548
f 5 3548 3547
f 5 3547 3238
f 5 3238 2941
f 5 2941 2939
f 5 2939 2667
f 5 2667 2664
f 5 2664 2381
f 5 2381 2380
f 5 2380 2379
f 5 2379 2107
f 5 2107 1841
f 5 1841 1840
f 5 1840 1587
f 5 1587 1361
f 5 1361 1163
f 5 1163 1162
f 5 1162 1159
f 5 1159 1014
f 5 1014 873
f 5 873 872
f 5 872 871
f 5 871 870
f 5 870 744
f 5 744 743
f 5 743 629
f 5 629 628
f 5 628 627
f 5 627 534
f 5 534 533
f 5 533 531
f 5 531 530
f 5 530 529
f 5 529 432
f 5 432 431
f 5 431 430
f 5 430 528
f 5 528 527
f 5 527 426
f 5 426 425
f 5 425 424
f 5 424 423
f 5 423 422
f 5 422 421
f 5 421 420
f 5 420 419
f 5 419 415
f 5 415 417
f 5 417 416
f 5 416 337
f 5 337 335
f 5 335 334
f 5 334 269
f 5 269 268
f 5 268 267
f 5 267 272
f 5 272 271
f 5 271 211
f 5 211 209
f 5 209 224
f 5 224 160
f 5 160 159
f 5 159 115
f 5 115 114
f 5 114 113
f 5 113 109
f 5 109 76
f 5 76 53
f 5 53 35
f 5 35 20
f 5 20 12
f 5 12 6
f 8 13 9
f 9 14 17
f 9 17 10
f 9 13 15
f 9 15 16
f 9 16 14
f 11 18 19
f 12 20 21
f 12 21 22
f 13 23 15
f 13 24 23
f 14 16 25
f 14 25 42
f 14 42 26
f 14 26 44
f 14 44 27
f 14 27 17
f 15 28 16
f 15 23 29
f 15 29 30
f 15 30 47
f 15 47 45
f 15 45 28
f 16 28 41
f 16 41 25
f 18 31 32
f 18 32 33
f 18 33 34
f 18 34 19
f 20 35 36
f 20 36 21
f 21 36 37
f 21 37 38
f 21 38 39
f 21 39 22
f 23 24 40
f 23 40 29
f 25 41 42
f 26 42 43
f 26 43 44
f 28 45 46
f 28 46 61
f 28 61 41
f 29 40 30
f 31 48 49
f 31 49 32
f 32 49 50
f 32 50 51
f 32 51 33
f 33 51 52
f 35 53 54
f 35 54 36
f 36 54 55
f 36 55 37
f 37 55 56
f 37 56 38
f 38 56 57
f 38 57 58
f 38 58 39
f 39 58 59
f 41 60 63
f 41 63 42
f 41 61 62
f 41 62 60
f 42 63 43
f 43 63 64
f 43 64 65
f 43 65 44
f 45 47 46
f 46 47 61
f 47 66 61
f 48 67 68
f 48 68 49
f 49 68 69
f 49 69 50
f 50 69 70
f 50 70 71
f 50 71 72
f 50 72 51
f 51 72 73
f 51 73 74
f 51 74 75
f 51 75 52
f 53 76 77
f 53 77 78
f 53 78 54
f 54 78 79
f 54 79 80
f 54 80 55
f 55 80 56
f 56 80 57
f 57 80 81
f 57 81 82
f 57 82 83
f 57 83 58
f 58 83 84
f 58 84 85
f 58 85 59
f 59 85 86
f 60 87 63
f 60 62 88
f 60 88 89
f 60 89 87
f 61 66 90
f 61 90 62
f 62 90 130
f 62 130 88
f 63 87 91
f 63 91 64
f 64 92 93
f 64 93 65
f 64 91 94
f 64 94 92
f 66 95 96
f 66 96 90
f 66 97 95
f 67 98 68
f 68 99 100
f 68 100 69
f 68 98 99
f 69 100 99
f 69 99 70
f 70 99 101
f 70 101 102
f 70 102 71
f 71 102 103
f 71 103 104
f 71 104 105
f 71 105 73
f 71 73 72
f 73 105 106
f 73 106 74
f 74 107 75
f 74 106 108
f 74 108 107
f 76 109 77
f 77 110 156
f 77 156 111
f 77 111 112
f 77 112 81
f 77 81 78
f 77 109 113
f 77 113 114
f 77 114 115
f 77 115 116
f 77 116 110
f 78 81 79
f 79 81 80
f 81 112 117
f 81 117 118
f 81 118 82
f 82 118 119
f 82 119 120
f 82 120 83
f 83 120 121
f 83 121 122
f 83 122 84
f 84 122 85
f 85 122 121
f 85 121 123
f 85 123 124
f 85 124 125
f 85 125 126
f 85 126 86
f 87 127 128
f 87 128 91
f 87 89 134
f 87 134 129
f 87 129 171
f 87 171 127
f 88 130 131
f 88 131 132
f 88 132 183
f 88 183 133
f 88 133 89
f 89 133 185
f 89 185 134
f 90 96 130
f 91 135 136
f 91 136 94
f 91 128 137
f 91 137 135
f 92 94 136
f 95 97 138
f 95 138 96
f 96 138 130
f 97 139 190
f 97 190 138
f 98 140 99
f 99 140 141
f 99 141 142
f 99 142 101
f 101 142 143
f 101 143 102
f 102 143 144
f 102 144 103
f 103 144 145
f 103 145 104
f 104 145 146
f 104 146 105
f 105 146 147
f 105 147 106
f 106 148 108
f 106 147 149
f 106 149 150
f 106 150 151
f 106 151 148
f 107 108 152
f 108 148 152
f 110 116 153
f 110 153 154
f 110 154 155
f 110 155 156
f 111 156 157
f 111 157 158
f 111 158 112
f 112 158 117
f 115 159 116
f 116 159 160
f 116 160 161
f 116 161 153
f 117 158 162
f 117 162 163
f 117 163 164
f 117 164 165
f 117 165 119
f 117 119 118
f 119 165 164
f 119 164 120
f 120 124 123
f 120 123 121
f 120 164 166
f 120 166 167
f 120 167 168
f 120 168 124
f 124 168 125
f 125 168 169
f 127 170 128
f 127 171 170
f 128 172 173
f 128 173 174
f 128 174 137
f 128 170 175
f 128 175 176
f 128 176 177
f 128 177 178
f 128 178 172
f 129 134 179
f 129 179 240
f 129 240 180
f 129 180 171
f 130 138 181
f 130 181 131
f 131 181 241
f 131 241 182
f 131 182 183
f 131 183 132
f 133 183 184
f 133 184 185
f 134 185 186
f 134 186 187
f 134 187 238
f 134 238 179
f 135 137 174
f 135 174 188
f 135 188 136
f 136 188 189
f 138 190 181
f 139 191 190
f 140 192 193
f 140 193 141
f 141 193 194
f 141 194 142
f 142 195 196
f 142 196 143
f 142 194 197
f 142 197 195
f 143 196 198
f 143 198 199
f 143 199 200
f 143 200 144
f 144 200 145
f 145 200 146
f 146 200 147
f 147 200 201
f 147 201 149
f 148 151 202
f 148 202 152
f 149 201 203
f 149 203 204
f 149 204 205
f 149 205 150
f 150 205 206
f 150 206 151
f 151 206 207
f 151 207 202
f 152 202 208
f 153 161 209
f 153 209 154
f 154 210 155
f 154 209 211
f 154 211 210
f 155 212 213
f 155 213 214
f 155 214 215
f 155 215 216
f 155 216 156
f 155 210 212
f 156 216 215
f 156 215 217
f 156 217 157
f 157 217 218
f 157 218 219
f 157 219 220
f 157 220 158
f 158 220 221
f 158 221 222
f 158 222 223
f 158 223 162
f 160 224 161
f 161 224 209
f 162 223 163
f 163 223 225
f 163 225 167
f 163 167 166
f 163 166 164
f 167 225 226
f 167 226 227
f 167 227 168
f 168 227 228
f 168 228 169
f 170 171 180
f 170 180 229
f 170 229 175
f 172 178 230
f 172 230 173
f 173 230 231
f 173 231 189
f 173 189 188
f 173 188 174
f 175 229 232
f 175 232 233
f 175 233 234
f 175 234 176
f 176 235 237
f 176 237 177
f 176 234 236
f 176 236 235
f 177 237 292
f 177 292 230
f 177 230 178
f 179 238 239
f 179 239 240
f 180 232 229
f 180 240 232
f 181 190 241
f 182 241 242
f 182 242 184
f 182 184 183
f 184 242 243
f 184 243 186
f 184 186 185
f 186 243 309
f 186 309 244
f 186 244 245
f 186 245 187
f 187 245 304
f 187 304 238
f 190 191 241
f 191 246 243
f 191 243 241
f 192 247 193
f 193 248 197
f 193 197 194
f 193 247 248
f 195 249 196
f 195 197 250
f 195 250 251
f 195 251 249
f 196 249 252
f 196 252 198
f 197 248 253
f 197 253 251
f 197 251 250
f 198 254 255
f 198 255 199
f 198 252 254
f 199 255 200
f 200 255 256
f 200 256 257
f 200 257 201
f 201 257 203
f 202 207 258
f 202 258 259
f 202 259 208
f 203 257 260
f 203 260 261
f 203 261 262
f 203 262 204
f 204 262 263
f 204 263 205
f 205 263 206
f 206 263 264
f 206 264 265
f 206 265 266
f 206 266 207
f 207 266 258
f 210 267 268
f 210 268 269
f 210 269 270
f 210 270 212
f 210 211 271
f 210 271 272
f 210 272 267
f 212 270 273
f 212 273 274
f 212 274 275
f 212 275 276
f 212 276 213
f 213 277 214
f 213 276 277
f 214 277 278
f 214 278 279
f 214 279 215
f 215 279 280
f 215 280 281
f 215 281 217
f 217 281 218
f 218 220 219
f 218 281 282
f 218 282 283
f 218 283 284
f 218 284 220
f 220 284 285
f 220 285 221
f 221 285 286
f 221 286 287
f 221 287 222
f 222 287 223
f 223 287 225
f 225 287 226
f 226 287 288
f 226 288 289
f 226 289 290
f 226 290 227
f 227 290 291
f 227 291 228
f 230 292 365
f 230 365 293
f 230 293 294
f 230 294 231
f 232 295 296
f 232 296 234
f 232 234 233
f 232 240 297
f 232 297 298
f 232 298 295
f 234 296 236
f 235 299 237
f 235 236 299
f 236 296 300
f 236 300 301
f 236 301 370
f 236 370 302
f 236 302 299
f 237 299 303
f 237 303 292
f 238 304 239
f 239 304 305
f 239 305 306
f 239 306 307
f 239 307 240
f 240 307 297
f 241 243 242
f 243 246 312
f 243 312 308
f 243 308 309
f 244 309 310
f 244 310 311
f 244 311 245
f 245 311 304
f 247 313 253
f 247 253 248
f 249 251 314
f 249 314 315
f 249 315 252
f 251 253 316
f 251 316 317
f 251 317 318
f 251 318 319
f 251 319 314
f 252 315 320
f 252 320 254
f 253 313 316
f 254 321 322
f 254 322 323
f 254 323 324
f 254 324 255
f 254 320 321
f 255 324 325
f 255 325 256
f 256 325 260
f 256 260 257
f 258 266 326
f 258 326 259
f 260 327 328
f 260 328 261
f 260 325 327
f 261 328 262
f 262 328 329
f 262 329 263
f 263 329 330
f 263 330 264
f 264 330 331
f 264 331 265
f 265 331 332
f 265 332 333
f 265 333 266
f 266 333 326
f 269 334 270
f 270 334 335
f 270 335 273
f 273 336 274
f 273 335 337
f 273 337 336
f 274 336 338
f 274 338 339
f 274 339 340
f 274 340 275
f 275 340 341
f 275 341 342
f 275 342 276
f 276 343 344
f 276 344 277
f 276 342 345
f 276 345 346
f 276 346 347
f 276 347 348
f 276 348 349
f 276 349 350
f 276 350 351
f 276 351 343
f 277 344 278
f 278 344 343
f 278 343 352
f 278 352 279
f 279 352 280
f 280 352 282
f 280 282 281
f 282 352 353
f 282 353 354
f 282 354 355
f 282 355 356
f 282 356 283
f 283 356 357
f 283 357 358
f 283 358 359
f 283 359 360
f 283 360 286
f 283 286 284
f 284 286 285
f 286 360 288
f 286 288 287
f 288 360 289
f 289 359 358
f 289 358 361
f 289 361 290
f 289 360 359
f 290 361 362
f 290 362 363
f 290 363 291
f 292 303 364
f 292 364 365
f 295 298 296
f 296 298 300
f 297 307 366
f 297 366 298
f 298 366 300
f 299 367 303
f 299 302 367
f 300 366 306
f 300 306 368
f 300 368 369
f 300 369 301
f 301 369 370
f 302 370 371
f 302 371 372
f 302 372 367
f 303 367 373
f 303 373 364
f 304 311 374
f 304 374 375
f 304 375 305
f 305 375 478
f 305 478 376
f 305 376 306
f 306 366 307
f 306 376 377
f 306 377 378
f 306 378 379
f 306 379 369
f 306 369 368
f 308 312 380
f 308 380 310
f 308 310 309
f 310 380 484
f 310 484 381
f 310 381 382
f 310 382 311
f 311 382 475
f 311 475 374
f 312 383 384
f 312 384 385
f 312 385 380
f 313 386 387
f 313 387 316
f 314 319 318
f 314 318 315
f 315 318 388
f 315 388 320
f 316 387 389
f 316 389 390
f 316 390 317
f 317 390 391
f 317 391 493
f 317 493 392
f 317 392 318
f 318 392 393
f 318 393 498
f 318 498 394
f 318 394 320
f 318 320 388
f 320 394 395
f 320 395 321
f 321 396 397
f 321 397 322
f 321 395 396
f 322 397 398
f 322 398 323
f 323 398 399
f 323 399 400
f 323 400 401
f 323 401 324
f 324 401 402
f 324 402 325
f 325 402 403
f 325 403 327
f 326 333 404
f 327 403 405
f 327 405 406
f 327 406 328
f 328 406 407
f 328 407 329
f 329 407 408
f 329 408 332
f 329 332 330
f 330 332 331
f 332 409 333
f 332 408 407
f 332 407 410
f 332 410 411
f 332 411 412
f 332 412 409
f 333 413 414
f 333 414 404
f 333 409 413
f 336 415 419
f 336 419 338
f 336 337 416
f 336 416 417
f 336 417 415
f 338 418 339
f 338 419 420
f 338 420 421
f 338 421 422
f 338 422 423
f 338 423 424
f 338 424 425
f 338 425 426
f 338 426 418
f 339 427 428
f 339 428 341
f 339 341 340
f 339 418 429
f 339 429 430
f 339 430 431
f 339 431 432
f 339 432 427
f 341 428 433
f 341 433 434
f 341 434 435
f 341 435 345
f 341 345 342
f 343 353 352
f 343 351 436
f 343 436 353
f 345 435 437
f 345 437 346
f 346 437 438
f 346 438 439
f 346 439 347
f 347 440 441
f 347 441 442
f 347 442 443
f 347 443 444
f 347 444 445
f 347 445 348
f 347 439 438
f 347 438 446
f 347 446 447
f 347 447 448
f 347 448 449
f 347 449 450
f 347 450 451
f 347 451 440
f 348 445 350
f 348 350 349
f 350 445 444
f 350 444 443
f 350 443 452
f 350 452 351
f 351 452 436
f 353 436 354
f 354 453 454
f 354 454 455
f 354 455 456
f 354 456 356
f 354 356 355
f 354 436 457
f 354 457 458
f 354 458 453
f 356 456 357
f 357 456 358
f 358 456 455
f 358 455 459
f 358 459 361
f 361 459 460
f 361 460 454
f 361 454 461
f 361 461 462
f 361 462 362
f 364 373 463
f 364 463 464
f 364 464 465
f 364 465 365
f 367 372 466
f 367 466 467
f 367 467 373
f 369 379 370
f 370 379 468
f 370 468 469
f 370 469 371
f 371 469 470
f 371 470 471
f 371 471 372
f 372 471 472
f 372 472 466
f 373 467 473
f 373 473 474
f 373 474 463
f 374 475 476
f 374 476 375
f 375 476 477
f 375 477 478
f 376 478 479
f 376 479 377
f 377 479 480
f 377 480 481
f 377 481 482
f 377 482 378
f 378 482 379
f 379 481 483
f 379 483 468
f 379 482 481
f 380 385 484
f 381 484 576
f 381 576 485
f 381 485 486
f 381 486 382
f 382 486 487
f 382 487 475
f 383 488 489
f 383 489 490
f 383 490 384
f 384 490 385
f 385 490 484
f 386 491 389
f 386 389 387
f 389 491 390
f 390 492 391
f 391 492 494
f 391 494 493
f 392 493 495
f 392 495 496
f 392 496 393
f 393 496 497
f 393 497 498
f 394 498 395
f 395 498 499
f 395 499 396
f 396 499 500
f 396 500 397
f 397 501 502
f 397 502 503
f 397 503 504
f 397 504 398
f 397 500 505
f 397 505 501
f 398 504 506
f 398 506 399
f 399 506 507
f 399 507 508
f 399 508 509
f 399 509 400
f 400 509 510
f 400 510 511
f 400 511 401
f 401 511 512
f 401 512 402
f 402 512 513
f 402 513 514
f 402 514 405
f 402 405 403
f 405 514 515
f 405 515 516
f 405 516 406
f 406 516 517
f 406 517 407
f 407 517 410
f 409 518 413
f 409 412 518
f 410 517 411
f 411 517 519
f 411 519 520
f 411 520 521
f 411 521 522
f 411 522 523
f 411 523 524
f 411 524 412
f 412 525 518
f 412 524 526
f 412 526 525
f 418 426 527
f 418 527 528
f 418 528 430
f 418 430 429
f 427 432 529
f 427 529 530
f 427 530 531
f 427 531 428
f 428 532 433
f 428 531 533
f 428 533 534
f 428 534 532
f 433 532 535
f 433 535 434
f 434 535 536
f 434 536 537
f 434 537 435
f 435 537 538
f 435 538 437
f 436 452 443
f 436 443 457
f 437 538 539
f 437 539 438
f 438 539 540
f 438 540 446
f 440 451 541
f 440 541 542
f 442 543 443
f 443 543 544
f 443 544 457
f 446 540 545
f 446 545 546
f 446 546 547
f 446 547 447
f 447 547 548
f 447 548 549
f 447 549 546
f 447 546 550
f 447 550 551
f 447 551 552
f 447 552 448
f 448 552 553
f 448 553 554
f 448 554 449
f 449 554 541
f 449 541 451
f 449 451 450
f 454 460 455
f 455 460 459
f 457 544 458
f 463 474 555
f 463 555 556
f 463 556 557
f 463 557 464
f 466 472 558
f 466 558 559
f 466 559 560
f 466 560 561
f 466 561 473
f 466 473 467
f 468 483 562
f 468 562 469
f 469 562 470
f 470 562 563
f 470 563 564
f 470 564 471
f 471 558 472
f 471 564 558
f 473 561 565
f 473 565 474
f 474 565 555
f 475 487 567
f 475 567 476
f 476 566 477
f 476 567 568
f 476 568 566
f 477 569 570
f 477 570 571
f 477 571 478
f 477 566 572
f 477 572 573
f 477 573 569
f 478 571 479
f 479 571 480
f 480 571 574
f 480 574 481
f 481 574 575
f 481 575 483
f 483 575 660
f 483 660 562
f 484 490 583
f 484 583 576
f 485 576 676
f 485 676 577
f 485 577 578
f 485 578 486
f 486 578 487
f 487 578 579
f 487 579 580
f 487 580 567
f 488 581 582
f 488 582 583
f 488 583 489
f 489 583 490
f 493 494 584
f 493 584 585
f 493 585 586
f 493 586 495
f 495 586 688
f 495 688 587
f 495 587 496
f 496 587 588
f 496 588 589
f 496 589 497
f 497 589 590
f 497 590 591
f 497 591 592
f 497 592 593
f 497 593 594
f 497 594 498
f 498 594 593
f 498 593 592
f 498 592 595
f 498 595 596
f 498 596 499
f 499 596 500
f 500 597 598
f 500 598 599
f 500 599 501
f 500 501 505
f 500 596 595
f 500 595 597
f 501 600 601
f 501 601 502
f 501 599 600
f 502 601 602
f 502 602 603
f 502 603 503
f 503 603 504
f 504 603 506
f 506 603 507
f 507 603 602
f 507 602 604
f 507 604 605
f 507 605 606
f 507 606 508
f 508 606 607
f 508 607 608
f 508 608 509
f 509 608 609
f 509 609 510
f 510 609 610
f 510 610 611
f 510 611 511
f 511 611 612
f 511 612 512
f 512 612 613
f 512 613 513
f 513 613 515
f 513 515 514
f 515 613 614
f 515 614 615
f 515 615 516
f 516 615 517
f 517 615 616
f 517 616 520
f 517 520 519
f 520 616 521
f 521 616 617
f 521 617 618
f 521 618 522
f 522 618 619
f 522 619 523
f 523 620 524
f 523 619 621
f 523 621 620
f 524 620 622
f 524 622 623
f 524 623 624
f 524 624 526
f 532 625 626
f 532 626 535
f 532 534 627
f 532 627 628
f 532 628 629
f 532 629 625
f 535 626 536
f 536 630 631
f 536 631 632
f 536 632 537
f 536 626 630
f 537 632 633
f 537 633 538
f 538 633 545
f 538 545 540
f 538 540 539
f 541 554 634
f 541 634 635
f 541 635 636
f 541 636 637
f 541 637 638
f 541 638 542
f 545 633 639
f 545 639 546
f 546 640 641
f 546 641 642
f 546 642 550
f 546 549 548
f 546 548 547
f 546 639 632
f 546 632 640
f 550 642 643
f 550 643 644
f 550 644 551
f 551 644 552
f 552 645 646
f 552 646 553
f 552 644 645
f 553 634 554
f 553 646 647
f 553 647 648
f 553 648 634
f 555 565 556
f 556 649 557
f 556 565 650
f 556 650 651
f 556 651 649
f 557 649 652
f 558 653 559
f 558 564 654
f 558 654 655
f 558 655 653
f 559 653 656
f 559 656 560
f 560 656 561
f 561 657 658
f 561 658 565
f 561 656 659
f 561 659 657
f 562 660 788
f 562 788 661
f 562 661 563
f 563 661 662
f 563 662 663
f 563 663 564
f 564 663 654
f 565 658 650
f 566 568 572
f 567 580 664
f 567 664 568
f 568 664 665
f 568 665 572
f 569 666 667
f 569 667 570
f 569 573 666
f 570 667 668
f 570 668 669
f 570 669 574
f 570 574 670
f 570 670 571
f 571 670 574
f 572 665 671
f 572 671 672
f 572 672 573
f 573 672 795
f 573 795 673
f 573 673 800
f 573 800 674
f 573 674 666
f 574 669 675
f 574 675 575
f 575 675 660
f 576 583 687
f 576 687 676
f 577 676 677
f 577 677 678
f 577 678 578
f 578 678 679
f 578 679 680
f 578 680 681
f 578 681 579
f 579 681 682
f 579 682 683
f 579 683 580
f 580 683 664
f 581 684 685
f 581 685 686
f 581 686 687
f 581 687 582
f 582 687 583
f 587 688 588
f 588 688 689
f 588 689 690
f 588 690 819
f 588 819 691
f 588 691 692
f 588 692 589
f 589 693 694
f 589 694 590
f 589 692 695
f 589 695 693
f 590 694 696
f 590 696 591
f 591 696 697
f 591 697 698
f 591 698 699
f 591 699 592
f 592 699 700
f 592 700 701
f 592 701 597
f 592 597 595
f 597 701 702
f 597 702 703
f 597 703 598
f 598 703 600
f 598 600 599
f 600 703 704
f 600 704 705
f 600 705 601
f 601 705 602
f 602 705 706
f 602 706 604
f 604 706 707
f 604 707 708
f 604 708 709
f 604 709 605
f 605 709 606
f 606 709 607
f 607 709 710
f 607 710 711
f 607 711 712
f 607 712 713
f 607 713 608
f 608 713 714
f 608 714 609
f 609 715 610
f 609 714 715
f 610 715 716
f 610 716 717
f 610 717 718
f 610 718 719
f 610 719 611
f 611 720 612
f 611 719 720
f 612 720 721
f 612 721 613
f 613 721 722
f 613 722 614
f 614 722 723
f 614 723 615
f 615 723 724
f 615 724 725
f 615 725 616
f 616 725 617
f 617 725 618
f 618 725 726
f 618 726 727
f 618 727 619
f 619 727 728
f 619 728 621
f 620 729 622
f 620 621 730
f 620 730 731
f 620 731 732
f 620 732 733
f 620 733 734
f 620 734 729
f 621 735 736
f 621 736 730
f 621 728 735
f 622 729 737
f 622 737 738
f 622 738 739
f 622 739 740
f 622 740 741
f 622 741 623
f 625 742 630
f 625 630 626
f 625 629 743
f 625 743 744
f 625 744 742
f 630 742 745
f 630 745 746
f 630 746 747
f 630 747 748
f 630 748 749
f 630 749 631
f 631 749 632
f 632 749 750
f 632 750 640
f 632 639 633
f 634 751 635
f 634 648 752
f 634 752 753
f 634 753 751
f 635 754 755
f 635 755 636
f 635 751 754
f 640 750 749
f 640 749 756
f 640 756 641
f 641 756 757
f 641 757 758
f 641 758 642
f 642 758 759
f 642 759 643
f 643 759 760
f 643 760 761
f 643 761 644
f 644 761 762
f 644 762 763
f 644 763 764
f 644 764 765
f 644 765 766
f 644 766 767
f 644 767 768
f 644 768 769
f 644 769 770
f 644 770 771
f 644 771 772
f 644 772 646
f 644 646 645
f 646 772 647
f 647 772 773
f 647 773 774
f 647 774 648
f 648 774 752
f 649 775 776
f 649 776 652
f 649 651 650
f 649 650 777
f 649 777 775
f 650 658 778
f 650 778 777
f 653 779 656
f 653 655 779
f 654 663 780
f 654 780 655
f 655 780 781
f 655 781 782
f 655 782 783
f 655 783 779
f 656 779 659
f 657 784 658
f 657 659 784
f 658 784 778
f 659 779 783
f 659 783 785
f 659 785 784
f 660 675 786
f 660 786 787
f 660 787 788
f 661 788 789
f 661 789 662
f 662 789 790
f 662 790 791
f 662 791 663
f 663 791 792
f 663 792 780
f 664 683 793
f 664 793 794
f 664 794 795
f 664 795 665
f 665 795 671
f 666 796 797
f 666 797 667
f 666 674 796
f 667 797 798
f 667 798 668
f 668 798 675
f 668 675 669
f 671 795 672
f 673 795 799
f 673 799 800
f 674 800 801
f 674 801 796
f 675 802 786
f 675 798 802
f 676 687 803
f 676 803 677
f 677 803 804
f 677 804 805
f 677 805 678
f 678 805 806
f 678 806 679
f 679 806 807
f 679 807 808
f 679 808 809
f 679 809 680
f 680 809 810
f 680 810 811
f 680 811 681
f 681 811 682
f 682 811 812
f 682 812 683
f 683 812 813
f 683 813 814
f 683 814 793
f 684 815 685
f 685 815 816
f 685 816 817
f 685 817 818
f 685 818 686
f 686 818 803
f 686 803 687
f 691 819 692
f 692 819 695
f 693 820 821
f 693 821 697
f 693 697 822
f 693 822 694
f 693 695 823
f 693 823 824
f 693 824 820
f 694 822 697
f 694 697 696
f 695 819 823
f 697 821 825
f 697 825 698
f 698 826 699
f 698 825 826
f 699 826 827
f 699 827 700
f 700 827 828
f 700 828 829
f 700 829 830
f 700 830 701
f 701 830 702
f 702 830 829
f 702 829 831
f 702 831 703
f 703 831 704
f 704 831 832
f 704 832 833
f 704 833 705
f 705 833 706
f 706 833 834
f 706 834 707
f 707 834 708
f 708 834 835
f 708 835 836
f 708 836 837
f 708 837 710
f 708 710 709
f 710 837 838
f 710 838 839
f 710 839 711
f 711 839 712
f 712 839 713
f 713 839 714
f 714 839 840
f 714 840 841
f 714 841 717
f 714 717 716
f 714 716 715
f 717 841 842
f 717 842 718
f 718 842 843
f 718 843 844
f 718 844 719
f 719 844 720
f 720 844 721
f 721 844 845
f 721 845 846
f 721 846 722
f 722 846 723
f 723 846 845
f 723 845 847
f 723 847 724
f 724 847 848
f 724 848 849
f 724 849 850
f 724 850 726
f 724 726 725
f 726 850 851
f 726 851 727
f 727 851 852
f 727 852 853
f 727 853 735
f 727 735 728
f 729 854 737
f 729 734 855
f 729 855 854
f 730 736 856
f 730 856 731
f 731 856 857
f 731 857 858
f 731 858 732
f 732 858 733
f 733 858 859
f 733 859 734
f 734 859 855
f 735 853 860
f 735 860 861
f 735 861 862
f 735 862 736
f 736 862 863
f 736 863 864
f 736 864 856
f 737 854 738
f 738 865 855
f 738 855 866
f 738 866 867
f 738 867 739
f 738 854 865
f 739 867 868
f 739 868 869
f 742 744 745
f 744 870 745
f 745 870 871
f 745 871 872
f 745 872 873
f 745 873 746
f 746 873 874
f 746 874 875
f 746 875 876
f 746 876 747
f 747 876 877
f 747 877 878
f 747 878 879
f 747 879 748
f 748 879 749
f 749 879 880
f 749 880 881
f 749 881 756
f 751 753 882
f 751 882 883
f 751 883 884
f 751 884 885
f 751 885 754
f 752 774 886
f 752 886 887
f 752 887 753
f 753 887 882
f 756 881 757
f 757 888 758
f 757 881 889
f 757 889 888
f 758 888 890
f 758 890 891
f 758 891 759
f 759 891 760
f 760 892 893
f 760 893 894
f 760 894 761
f 760 891 892
f 761 894 895
f 761 895 896
f 761 896 762
f 762 896 897
f 762 897 898
f 762 898 899
f 762 899 900
f 762 900 901
f 762 901 902
f 762 902 764
f 762 764 763
f 764 902 903
f 764 903 904
f 764 904 905
f 764 905 765
f 765 906 907
f 765 907 766
f 765 905 908
f 765 908 906
f 766 907 767
f 767 907 768
f 768 907 909
f 768 909 910
f 768 910 911
f 768 911 912
f 768 912 913
f 768 913 769
f 769 913 770
f 770 913 771
f 771 913 772
f 772 913 914
f 772 914 915
f 772 915 916
f 772 916 917
f 772 917 918
f 772 918 773
f 773 886 774
f 773 918 886
f 775 777 919
f 775 919 920
f 777 778 919
f 778 784 921
f 778 921 922
f 778 922 919
f 780 792 923
f 780 923 924
f 780 924 781
f 781 925 782
f 781 924 925
f 782 925 926
f 782 926 927
f 782 927 785
f 782 785 783
f 784 785 921
f 785 927 928
f 785 928 929
f 785 929 921
f 786 802 787
f 787 802 930
f 787 930 788
f 788 930 789
f 789 931 790
f 789 930 932
f 789 932 931
f 790 931 933
f 790 933 791
f 791 933 792
f 792 933 934
f 792 934 923
f 793 814 935
f 793 935 794
f 794 935 795
f 795 935 799
f 796 936 937
f 796 937 797
f 796 801 947
f 796 947 936
f 797 937 938
f 797 938 939
f 797 939 940
f 797 940 798
f 798 940 941
f 798 941 802
f 799 935 942
f 799 942 943
f 799 943 944
f 799 944 800
f 800 944 945
f 800 945 946
f 800 946 801
f 801 946 947
f 802 941 948
f 802 948 930
f 803 818 949
f 803 949 950
f 803 950 804
f 804 950 951
f 804 951 952
f 804 952 953
f 804 953 805
f 805 953 954
f 805 954 955
f 805 955 806
f 806 955 956
f 806 956 807
f 807 956 808
f 808 957 809
f 808 956 1108
f 808 1108 958
f 808 958 959
f 808 959 957
f 809 960 810
f 809 957 961
f 809 961 960
f 810 960 811
f 811 960 962
f 811 962 963
f 811 963 812
f 812 963 964
f 812 964 813
f 813 964 1090
f 813 1090 965
f 813 965 814
f 814 965 935
f 816 966 817
f 817 966 967
f 817 967 818
f 818 967 949
f 819 968 823
f 820 824 969
f 820 969 970
f 820 970 971
f 820 971 821
f 821 971 972
f 821 972 973
f 821 973 825
f 823 968 824
f 824 968 974
f 824 974 969
f 825 973 826
f 826 975 976
f 826 976 977
f 826 977 827
f 826 973 975
f 827 977 978
f 827 978 828
f 828 978 979
f 828 979 980
f 828 980 829
f 829 980 832
f 829 832 831
f 832 980 981
f 832 981 835
f 832 835 834
f 832 834 833
f 835 981 836
f 836 982 983
f 836 983 984
f 836 984 985
f 836 985 837
f 836 981 982
f 837 985 986
f 837 986 987
f 837 987 988
f 837 988 838
f 838 988 839
f 839 988 989
f 839 989 841
f 839 841 840
f 841 989 990
f 841 990 842
f 842 990 1144
f 842 1144 991
f 842 991 992
f 842 992 993
f 842 993 994
f 842 994 843
f 843 994 844
f 844 994 995
f 844 995 845
f 845 995 847
f 847 995 849
f 847 849 848
f 849 996 850
f 849 995 997
f 849 997 996
f 850 996 851
f 851 996 852
f 852 997 998
f 852 998 999
f 852 999 1000
f 852 1000 860
f 852 860 853
f 852 996 997
f 854 855 865
f 855 859 1001
f 855 1001 866
f 856 864 1011
f 856 1011 1002
f 856 1002 1003
f 856 1003 857
f 857 1003 1004
f 857 1004 1005
f 857 1005 858
f 858 1005 859
f 859 1005 1006
f 859 1006 1001
f 860 1000 861
f 861 1000 862
f 862 1000 1007
f 862 1007 1008
f 862 1008 1009
f 862 1009 863
f 863 1009 1010
f 863 1010 1011
f 863 1011 864
f 866 1001 867
f 867 1001 869
f 867 869 868
f 869 1001 1012
f 869 1012 1013
f 873 1014 874
f 874 1015 875
f 874 1014 1016
f 874 1016 1017
f 874 1017 1018
f 874 1018 1019
f 874 1019 1020
f 874 1020 1021
f 874 1021 1015
f 875 1015 876
f 876 1015 1160
f 876 1160 1022
f 876 1022 1023
f 876 1023 877
f 877 1024 879
f 877 879 878
f 877 1023 1025
f 877 1025 1024
f 879 1026 881
f 879 881 880
f 879 1024 1027
f 879 1027 1028
f 879 1028 1029
f 879 1029 1030
f 879 1030 1026
f 881 1026 1030
f 881 1030 1031
f 881 1031 889
f 882 1032 883
f 882 887 1033
f 882 1033 1034
f 882 1034 1032
f 883 1032 884
f 884 1032 1035
f 886 1033 887
f 886 918 1036
f 886 1036 1033
f 888 889 1037
f 888 1037 1038
f 888 1038 890
f 889 1031 1037
f 890 1038 1039
f 890 1039 1040
f 890 1040 892
f 890 892 891
f 892 1041 1042
f 892 1042 893
f 892 1040 1041
f 893 1042 1043
f 893 1043 894
f 894 1043 895
f 895 1043 896
f 896 1043 1044
f 896 1044 1045
f 896 1045 897
f 897 1045 898
f 898 1045 1046
f 898 1046 899
f 899 1046 1047
f 899 1047 1048
f 899 1048 901
f 899 901 900
f 901 1049 903
f 901 903 902
f 901 1048 1049
f 903 1049 1050
f 903 1050 904
f 904 1050 1051
f 904 1051 1052
f 904 1052 905
f 905 1052 1053
f 905 1053 1054
f 905 1054 1055
f 905 1055 1056
f 905 1056 908
f 906 1057 1058
f 906 1058 907
f 906 908 1059
f 906 1059 1057
f 907 1058 1057
f 907 1057 1060
f 907 1060 909
f 908 1056 1059
f 909 1061 910
f 909 1060 1061
f 910 1061 1062
f 910 1062 914
f 910 914 911
f 911 914 913
f 911 913 912
f 914 1062 1063
f 914 1063 1064
f 914 1064 915
f 915 1064 916
f 916 1064 1065
f 916 1065 1066
f 916 1066 917
f 917 1066 918
f 918 1066 1067
f 918 1067 1036
f 919 1068 920
f 919 922 1069
f 919 1069 1068
f 920 1068 1070
f 921 1071 922
f 921 929 1071
f 922 1071 1069
f 923 1072 924
f 923 934 1073
f 923 1073 1072
f 924 1072 1074
f 924 1074 925
f 925 1074 1075
f 925 1075 926
f 926 1075 1076
f 926 1076 1077
f 926 1077 1078
f 926 1078 928
f 926 928 927
f 928 1078 1079
f 928 1079 1080
f 928 1080 1071
f 928 1071 929
f 930 948 932
f 931 932 1081
f 931 1081 933
f 932 948 939
f 932 939 1082
f 932 1082 1081
f 933 1081 1083
f 933 1083 934
f 934 1083 1084
f 934 1084 1073
f 935 965 942
f 936 1085 937
f 936 947 1086
f 936 1086 1087
f 936 1087 1085
f 937 1085 1088
f 937 1088 1089
f 937 1089 938
f 938 1089 939
f 939 1089 1082
f 939 948 940
f 940 948 941
f 942 965 1090
f 942 1090 1091
f 942 1091 943
f 943 1091 1092
f 943 1092 1093
f 943 1093 1094
f 943 1094 1095
f 943 1095 1096
f 943 1096 944
f 944 1096 1097
f 944 1097 1098
f 944 1098 945
f 945 1098 1099
f 945 1099 1100
f 945 1100 1101
f 945 1101 1102
f 945 1102 1103
f 945 1103 946
f 946 1103 1102
f 946 1102 947
f 947 1102 1086
f 949 967 1104
f 949 1104 950
f 950 1104 951
f 951 1104 1105
f 951 1105 952
f 952 1105 1106
f 952 1106 1107
f 952 1107 954
f 952 954 953
f 954 1107 1108
f 954 1108 955
f 955 1108 956
f 957 959 1109
f 957 1109 1112
f 957 1112 961
f 958 1108 1110
f 958 1110 959
f 959 1110 1111
f 959 1111 1109
f 960 961 962
f 961 1112 1113
f 961 1113 962
f 962 1113 1114
f 962 1114 964
f 962 964 963
f 964 1114 1270
f 964 1270 1090
f 966 1115 967
f 967 1115 1104
f 969 1116 970
f 969 974 1117
f 969 1117 1118
f 969 1118 1119
f 969 1119 1116
f 970 1116 971
f 971 1120 972
f 971 1116 1120
f 972 1120 1121
f 972 1121 973
f 973 1121 1122
f 973 1122 975
f 975 1122 1123
f 975 1123 976
f 976 1123 1124
f 976 1124 977
f 977 1124 1125
f 977 1125 979
f 977 979 978
f 979 1125 1126
f 979 1126 1127
f 979 1127 1128
f 979 1128 1129
f 979 1129 1130
f 979 1130 1131
f 979 1131 980
f 980 1131 1132
f 980 1132 981
f 981 1133 1134
f 981 1134 1135
f 981 1135 982
f 981 1132 1133
f 982 1135 1136
f 982 1136 983
f 983 1136 1137
f 983 1137 1138
f 983 1138 1139
f 983 1139 984
f 984 1139 985
f 985 1139 1138
f 985 1138 1140
f 985 1140 986
f 986 1140 987
f 987 1140 1141
f 987 1141 1142
f 987 1142 988
f 988 1142 1143
f 988 1143 990
f 988 990 989
f 990 1143 1144
f 991 1144 1145
f 991 1145 1146
f 991 1146 992
f 992 995 993
f 992 1146 999
f 992 999 995
f 993 995 994
f 995 999 998
f 995 998 997
f 999 1146 1147
f 999 1147 1000
f 1000 1147 1340
f 1000 1340 1148
f 1000 1148 1007
f 1001 1006 1149
f 1001 1149 1150
f 1001 1150 1151
f 1001 1151 1013
f 1001 1013 1012
f 1002 1011 1152
f 1002 1152 1003
f 1003 1152 1153
f 1003 1153 1004
f 1004 1153 1154
f 1004 1154 1155
f 1004 1155 1005
f 1005 1155 1006
f 1006 1155 1149
f 1007 1148 1008
f 1008 1148 1010
f 1008 1010 1009
f 1010 1148 1156
f 1010 1156 1157
f 1010 1157 1011
f 1011 1157 1152
f 1013 1151 1158
f 1014 1159 1016
f 1015 1021 1161
f 1015 1161 1160
f 1016 1159 1162
f 1016 1162 1163
f 1016 1163 1164
f 1016 1164 1165
f 1016 1165 1166
f 1016 1166 1017
f 1017 1166 1167
f 1017 1167 1168
f 1017 1168 1369
f 1017 1369 1169
f 1017 1169 1170
f 1017 1170 1021
f 1017 1021 1019
f 1017 1019 1018
f 1019 1021 1020
f 1021 1170 1161
f 1022 1160 1171
f 1022 1171 1172
f 1022 1172 1173
f 1022 1173 1174
f 1022 1174 1023
f 1023 1175 1025
f 1023 1174 1175
f 1024 1025 1176
f 1024 1176 1177
f 1024 1177 1178
f 1024 1178 1179
f 1024 1179 1180
f 1024 1180 1027
f 1025 1175 1176
f 1027 1181 1028
f 1027 1180 1182
f 1027 1182 1183
f 1027 1183 1181
f 1028 1181 1029
f 1029 1184 1185
f 1029 1185 1031
f 1029 1031 1030
f 1029 1181 1183
f 1029 1183 1186
f 1029 1186 1187
f 1029 1187 1188
f 1029 1188 1184
f 1031 1185 1189
f 1031 1189 1037
f 1032 1034 1190
f 1032 1190 1191
f 1032 1191 1035
f 1033 1192 1190
f 1033 1190 1034
f 1033 1036 1193
f 1033 1193 1192
f 1035 1191 1194
f 1036 1067 1195
f 1036 1195 1193
f 1037 1189 1185
f 1037 1185 1196
f 1037 1196 1197
f 1037 1197 1198
f 1037 1198 1038
f 1038 1198 1199
f 1038 1199 1200
f 1038 1200 1201
f 1038 1201 1202
f 1038 1202 1203
f 1038 1203 1204
f 1038 1204 1205
f 1038 1205 1206
f 1038 1206 1039
f 1039 1206 1040
f 1040 1206 1041
f 1041 1207 1208
f 1041 1208 1042
f 1041 1206 1207
f 1042 1208 1209
f 1042 1209 1210
f 1042 1210 1043
f 1043 1211 1212
f 1043 1212 1044
f 1043 1210 1213
f 1043 1213 1214
f 1043 1214 1211
f 1044 1212 1215
f 1044 1215 1216
f 1044 1216 1217
f 1044 1217 1045
f 1045 1217 1046
f 1046 1217 1218
f 1046 1218 1219
f 1046 1219 1220
f 1046 1220 1221
f 1046 1221 1047
f 1047 1221 1048
f 1048 1221 1222
f 1048 1222 1223
f 1048 1223 1224
f 1048 1224 1225
f 1048 1225 1050
f 1048 1050 1049
f 1050 1225 1226
f 1050 1226 1051
f 1051 1226 1052
f 1052 1226 1227
f 1052 1227 1228
f 1052 1228 1053
f 1053 1228 1229
f 1053 1229 1054
f 1054 1230 1055
f 1054 1229 1231
f 1054 1231 1232
f 1054 1232 1230
f 1055 1230 1056
f 1056 1233 1234
f 1056 1234 1235
f 1056 1235 1059
f 1056 1230 1236
f 1056 1236 1233
f 1057 1059 1235
f 1057 1235 1060
f 1060 1237 1061
f 1060 1235 1234
f 1060 1234 1237
f 1061 1237 1238
f 1061 1238 1239
f 1061 1239 1063
f 1061 1063 1062
f 1063 1239 1064
f 1064 1239 1240
f 1064 1240 1065
f 1065 1241 1066
f 1065 1240 1241
f 1066 1241 1242
f 1066 1242 1243
f 1066 1243 1067
f 1067 1244 1195
f 1067 1243 1245
f 1067 1245 1455
f 1067 1455 1246
f 1067 1246 1244
f 1068 1069 1247
f 1068 1247 1248
f 1068 1248 1249
f 1068 1249 1070
f 1069 1071 1250
f 1069 1250 1251
f 1069 1251 1247
f 1071 1080 1250
f 1072 1252 1255
f 1072 1255 1074
f 1072 1073 1253
f 1072 1253 1466
f 1072 1466 1252
f 1073 1084 1254
f 1073 1254 1253
f 1074 1255 1075
f 1075 1255 1076
f 1076 1255 1256
f 1076 1256 1077
f 1077 1256 1257
f 1077 1257 1258
f 1077 1258 1259
f 1077 1259 1260
f 1077 1260 1079
f 1077 1079 1078
f 1079 1260 1261
f 1079 1261 1080
f 1080 1261 1250
f 1081 1082 1262
f 1081 1262 1083
f 1082 1089 1262
f 1083 1263 1084
f 1083 1262 1264
f 1083 1264 1263
f 1084 1263 1265
f 1084 1265 1266
f 1084 1266 1254
f 1085 1267 1264
f 1085 1264 1088
f 1085 1087 1267
f 1086 1102 1087
f 1087 1102 1268
f 1087 1268 1269
f 1087 1269 1267
f 1088 1264 1262
f 1088 1262 1089
f 1090 1270 1091
f 1091 1270 1092
f 1092 1270 1271
f 1092 1271 1093
f 1093 1095 1094
f 1093 1271 1272
f 1093 1272 1273
f 1093 1273 1274
f 1093 1274 1095
f 1095 1274 1275
f 1095 1275 1276
f 1095 1276 1277
f 1095 1277 1278
f 1095 1278 1279
f 1095 1279 1096
f 1096 1279 1280
f 1096 1280 1097
f 1097 1280 1281
f 1097 1281 1282
f 1097 1282 1098
f 1098 1282 1099
f 1099 1282 1100
f 1100 1282 1283
f 1100 1283 1101
f 1101 1283 1284
f 1101 1284 1285
f 1101 1285 1286
f 1101 1286 1287
f 1101 1287 1288
f 1101 1288 1289
f 1101 1289 1268
f 1101 1268 1102
f 1104 1115 1290
f 1104 1290 1105
f 1106 1291 1107
f 1107 1291 1292
f 1107 1292 1293
f 1107 1293 1294
f 1107 1294 1295
f 1107 1295 1108
f 1108 1295 1296
f 1108 1296 1110
f 1109 1111 1297
f 1109 1297 1112
f 1110 1296 1298
f 1110 1298 1516
f 1110 1516 1299
f 1110 1299 1297
f 1110 1297 1111
f 1112 1297 1113
f 1113 1297 1300
f 1113 1300 1301
f 1113 1301 1302
f 1113 1302 1114
f 1114 1302 1303
f 1114 1303 1271
f 1114 1271 1270
f 1116 1119 1304
f 1116 1304 1305
f 1116 1305 1120
f 1119 1306 1304
f 1120 1305 1121
f 1121 1307 1122
f 1121 1305 1304
f 1121 1304 1308
f 1121 1308 1309
f 1121 1309 1307
f 1122 1310 1123
f 1122 1307 1310
f 1123 1310 1311
f 1123 1311 1124
f 1124 1312 1125
f 1124 1311 1312
f 1125 1312 1126
f 1126 1312 1313
f 1126 1313 1127
f 1127 1314 1128
f 1127 1313 1529
f 1127 1529 1314
f 1128 1315 1316
f 1128 1316 1317
f 1128 1317 1318
f 1128 1318 1319
f 1128 1319 1132
f 1128 1132 1129
f 1128 1314 1315
f 1129 1132 1130
f 1130 1132 1131
f 1132 1319 1134
f 1132 1134 1133
f 1134 1319 1320
f 1134 1320 1321
f 1134 1321 1322
f 1134 1322 1135
f 1135 1322 1323
f 1135 1323 1324
f 1135 1324 1136
f 1136 1324 1325
f 1136 1325 1326
f 1136 1326 1327
f 1136 1327 1137
f 1137 1327 1328
f 1137 1328 1329
f 1137 1329 1138
f 1138 1329 1330
f 1138 1330 1331
f 1138 1331 1332
f 1138 1332 1333
f 1138 1333 1141
f 1138 1141 1140
f 1141 1333 1142
f 1142 1333 1334
f 1142 1334 1144
f 1142 1144 1143
f 1144 1334 1145
f 1145 1335 1336
f 1145 1336 1337
f 1145 1337 1146
f 1145 1334 1338
f 1145 1338 1335
f 1146 1337 1339
f 1146 1339 1340
f 1146 1340 1147
f 1148 1340 1156
f 1149 1341 1342
f 1149 1342 1343
f 1149 1343 1344
f 1149 1344 1150
f 1149 1155 1341
f 1150 1345 1151
f 1150 1344 1345
f 1151 1345 1346
f 1151 1346 1347
f 1151 1347 1158
f 1152 1157 1153
f 1153 1157 1154
f 1154 1348 1155
f 1154 1157 1348
f 1155 1348 1349
f 1155 1349 1341
f 1156 1340 1350
f 1156 1350 1351
f 1156 1351 1352
f 1156 1352 1157
f 1157 1352 1353
f 1157 1353 1348
f 1160 1161 1354
f 1160 1354 1355
f 1160 1355 1356
f 1160 1356 1171
f 1161 1170 1357
f 1161 1357 1358
f 1161 1358 1359
f 1161 1359 1360
f 1161 1360 1356
f 1161 1356 1355
f 1161 1355 1354
f 1163 1361 1362
f 1163 1362 1164
f 1164 1362 1363
f 1164 1363 1165
f 1165 1363 1364
f 1165 1364 1365
f 1165 1365 1366
f 1165 1366 1166
f 1166 1366 1167
f 1167 1366 1168
f 1168 1366 1367
f 1168 1367 1368
f 1168 1368 1369
f 1169 1369 1170
f 1170 1369 1582
f 1170 1582 1358
f 1170 1358 1357
f 1171 1356 1172
f 1172 1356 1360
f 1172 1360 1173
f 1173 1360 1174
f 1174 1360 1370
f 1174 1370 1371
f 1174 1371 1372
f 1174 1372 1175
f 1175 1372 1373
f 1175 1373 1374
f 1175 1374 1176
f 1176 1375 1179
f 1176 1179 1177
f 1176 1374 1373
f 1176 1373 1376
f 1176 1376 1377
f 1176 1377 1375
f 1177 1179 1178
f 1179 1182 1180
f 1179 1375 1377
f 1179 1377 1378
f 1179 1378 1379
f 1179 1379 1380
f 1179 1380 1182
f 1182 1380 1183
f 1183 1380 1186
f 1184 1381 1382
f 1184 1382 1383
f 1184 1383 1196
f 1184 1196 1185
f 1184 1188 1381
f 1186 1380 1384
f 1186 1384 1187
f 1187 1384 1385
f 1187 1385 1188
f 1188 1385 1386
f 1188 1386 1381
f 1190 1192 1387
f 1190 1387 1388
f 1190 1388 1389
f 1190 1389 1191
f 1191 1390 1194
f 1191 1389 1391
f 1191 1391 1390
f 1192 1193 1392
f 1192 1392 1387
f 1193 1195 1244
f 1193 1244 1392
f 1196 1383 1197
f 1197 1383 1198
f 1198 1383 1199
f 1199 1393 1616
f 1199 1616 1394
f 1199 1394 1201
f 1199 1201 1200
f 1199 1383 1381
f 1199 1381 1393
f 1201 1395 1202
f 1201 1394 1385
f 1201 1385 1384
f 1201 1384 1396
f 1201 1396 1395
f 1202 1395 1397
f 1202 1397 1203
f 1203 1397 1204
f 1204 1397 1629
f 1204 1629 1398
f 1204 1398 1205
f 1205 1398 1206
f 1206 1398 1207
f 1207 1398 1399
f 1207 1399 1400
f 1207 1400 1401
f 1207 1401 1208
f 1208 1402 1403
f 1208 1403 1209
f 1208 1401 1402
f 1209 1403 1402
f 1209 1402 1404
f 1209 1404 1405
f 1209 1405 1406
f 1209 1406 1407
f 1209 1407 1210
f 1210 1407 1213
f 1211 1214 1408
f 1211 1408 1212
f 1212 1408 1215
f 1213 1407 1409
f 1213 1409 1410
f 1213 1410 1405
f 1213 1405 1411
f 1213 1411 1642
f 1213 1642 1412
f 1213 1412 1408
f 1213 1408 1214
f 1215 1413 1414
f 1215 1414 1415
f 1215 1415 1216
f 1215 1408 1416
f 1215 1416 1413
f 1216 1415 1217
f 1217 1415 1417
f 1217 1417 1218
f 1218 1417 1219
f 1219 1418 1419
f 1219 1419 1220
f 1219 1417 1420
f 1219 1420 1418
f 1220 1419 1221
f 1221 1419 1421
f 1221 1421 1422
f 1221 1422 1223
f 1221 1223 1222
f 1223 1422 1423
f 1223 1423 1224
f 1224 1424 1425
f 1224 1425 1426
f 1224 1426 1225
f 1224 1423 1427
f 1224 1427 1424
f 1225 1426 1428
f 1225 1428 1227
f 1225 1227 1226
f 1227 1428 1228
f 1228 1428 1429
f 1228 1429 1229
f 1229 1429 1430
f 1229 1430 1431
f 1229 1431 1231
f 1230 1432 1433
f 1230 1433 1236
f 1230 1232 1434
f 1230 1434 1435
f 1230 1435 1436
f 1230 1436 1432
f 1231 1431 1437
f 1231 1437 1438
f 1231 1438 1434
f 1231 1434 1232
f 1233 1439 1234
f 1233 1236 1440
f 1233 1440 1439
f 1234 1439 1441
f 1234 1441 1442
f 1234 1442 1443
f 1234 1443 1444
f 1234 1444 1238
f 1234 1238 1237
f 1236 1433 1440
f 1238 1445 1239
f 1238 1444 1443
f 1238 1443 1445
f 1239 1445 1240
f 1240 1445 1446
f 1240 1446 1447
f 1240 1447 1448
f 1240 1448 1242
f 1240 1242 1241
f 1242 1448 1449
f 1242 1449 1690
f 1242 1690 1450
f 1242 1450 1243
f 1243 1450 1454
f 1243 1454 1245
f 1244 1451 1392
f 1244 1246 1452
f 1244 1452 1453
f 1244 1453 1451
f 1245 1454 1455
f 1246 1455 1452
f 1247 1251 1248
f 1248 1251 1456
f 1248 1456 1457
f 1248 1457 1458
f 1248 1458 1249
f 1250 1459 1251
f 1250 1261 1459
f 1251 1460 1461
f 1251 1461 1456
f 1251 1459 1462
f 1251 1462 1463
f 1251 1463 1460
f 1252 1464 1465
f 1252 1465 1255
f 1252 1466 1464
f 1253 1254 1467
f 1253 1467 1466
f 1254 1266 1468
f 1254 1468 1467
f 1255 1465 1256
f 1256 1469 1470
f 1256 1470 1471
f 1256 1471 1257
f 1256 1465 1469
f 1257 1471 1258
f 1258 1471 1472
f 1258 1472 1259
f 1259 1472 1473
f 1259 1473 1474
f 1259 1474 1475
f 1259 1475 1260
f 1260 1475 1476
f 1260 1476 1459
f 1260 1459 1261
f 1263 1264 1477
f 1263 1477 1478
f 1263 1478 1479
f 1263 1479 1265
f 1264 1267 1480
f 1264 1480 1477
f 1265 1479 1269
f 1265 1269 1481
f 1265 1481 1482
f 1265 1482 1483
f 1265 1483 1266
f 1266 1483 1468
f 1267 1478 1480
f 1267 1269 1478
f 1268 1289 1269
f 1269 1289 1481
f 1269 1479 1478
f 1271 1303 1484
f 1271 1484 1272
f 1272 1484 1485
f 1272 1485 1273
f 1273 1485 1486
f 1273 1486 1487
f 1273 1487 1488
f 1273 1488 1489
f 1273 1489 1490
f 1273 1490 1274
f 1274 1490 1275
f 1275 1491 1492
f 1275 1492 1493
f 1275 1493 1276
f 1275 1490 1494
f 1275 1494 1491
f 1276 1493 1495
f 1276 1495 1496
f 1276 1496 1277
f 1277 1496 1497
f 1277 1497 1278
f 1278 1497 1498
f 1278 1498 1282
f 1278 1282 1281
f 1278 1281 1280
f 1278 1280 1279
f 1282 1498 1283
f 1283 1498 1284
f 1284 1498 1285
f 1285 1498 1499
f 1285 1499 1286
f 1286 1499 1287
f 1287 1499 1500
f 1287 1500 1501
f 1287 1501 1502
f 1287 1502 1503
f 1287 1503 1288
f 1288 1503 1289
f 1289 1504 1481
f 1289 1503 1504
f 1292 1505 1293
f 1293 1506 1294
f 1293 1505 1507
f 1293 1507 1508
f 1293 1508 1509
f 1293 1509 1510
f 1293 1510 1506
f 1294 1506 1511
f 1294 1511 1295
f 1295 1511 1296
f 1296 1511 1512
f 1296 1512 1513
f 1296 1513 1298
f 1297 1299 1514
f 1297 1514 1300
f 1298 1513 1515
f 1298 1515 1516
f 1299 1516 1514
f 1300 1514 1301
f 1301 1514 1517
f 1301 1517 1518
f 1301 1518 1302
f 1302 1518 1519
f 1302 1519 1303
f 1303 1519 1486
f 1303 1486 1484
f 1304 1520 1309
f 1304 1309 1308
f 1304 1306 1520
f 1306 1521 1522
f 1306 1522 1520
f 1307 1523 1524
f 1307 1524 1310
f 1307 1309 1522
f 1307 1522 1525
f 1307 1525 1526
f 1307 1526 1527
f 1307 1527 1523
f 1309 1520 1522
f 1310 1524 1311
f 1311 1524 1528
f 1311 1528 1312
f 1312 1528 1313
f 1313 1528 1530
f 1313 1530 1529
f 1314 1531 1315
f 1314 1529 1530
f 1314 1530 1532
f 1314 1532 1533
f 1314 1533 1531
f 1315 1531 1534
f 1315 1534 1316
f 1316 1534 1535
f 1316 1535 1536
f 1316 1536 1537
f 1316 1537 1538
f 1316 1538 1539
f 1316 1539 1540
f 1316 1540 1317
f 1317 1540 1541
f 1317 1541 1320
f 1317 1320 1318
f 1318 1320 1319
f 1320 1541 1542
f 1320 1542 1543
f 1320 1543 1321
f 1321 1543 1322
f 1322 1543 1323
f 1323 1543 1544
f 1323 1544 1545
f 1323 1545 1546
f 1323 1546 1547
f 1323 1547 1325
f 1323 1325 1324
f 1325 1547 1548
f 1325 1548 1549
f 1325 1549 1550
f 1325 1550 1551
f 1325 1551 1327
f 1325 1327 1326
f 1327 1551 1552
f 1327 1552 1553
f 1327 1553 1554
f 1327 1554 1328
f 1328 1554 1331
f 1328 1331 1330
f 1328 1330 1329
f 1331 1554 1555
f 1331 1555 1335
f 1331 1335 1332
f 1332 1335 1338
f 1332 1338 1333
f 1333 1338 1334
f 1335 1555 1556
f 1335 1556 1557
f 1335 1557 1336
f 1336 1557 1558
f 1336 1558 1337
f 1337 1558 1559
f 1337 1559 1560
f 1337 1560 1561
f 1337 1561 1562
f 1337 1562 1339
f 1339 1562 1563
f 1339 1563 1340
f 1340 1563 1564
f 1340 1564 1350
f 1341 1349 1565
f 1341 1565 1342
f 1342 1566 1567
f 1342 1567 1568
f 1342 1568 1343
f 1342 1565 1569
f 1342 1569 1570
f 1342 1570 1566
f 1343 1568 1571
f 1343 1571 1572
f 1343 1572 1344
f 1344 1572 1573
f 1344 1573 1574
f 1344 1574 1575
f 1344 1575 1345
f 1345 1575 1576
f 1345 1576 1577
f 1345 1577 1346
f 1346 1577 1578
f 1348 1353 1352
f 1348 1352 1579
f 1348 1579 1569
f 1348 1569 1349
f 1349 1569 1565
f 1350 1564 1580
f 1350 1580 1351
f 1351 1580 1581
f 1351 1581 1352
f 1352 1581 1569
f 1352 1569 1579
f 1358 1582 1583
f 1358 1583 1359
f 1359 1583 1584
f 1359 1584 1585
f 1359 1585 1360
f 1360 1585 1586
f 1360 1586 1370
f 1361 1587 1362
f 1362 1587 1588
f 1362 1588 1589
f 1362 1589 1590
f 1362 1590 1591
f 1362 1591 1363
f 1363 1591 1364
f 1364 1591 1592
f 1364 1592 1365
f 1365 1592 1593
f 1365 1593 1594
f 1365 1594 1595
f 1365 1595 1596
f 1365 1596 1366
f 1366 1596 1367
f 1367 1596 1595
f 1367 1595 1368
f 1368 1595 1597
f 1368 1597 1598
f 1368 1598 1599
f 1368 1599 1582
f 1368 1582 1369
f 1370 1586 1371
f 1371 1586 1600
f 1371 1600 1601
f 1371 1601 1376
f 1371 1376 1372
f 1372 1376 1373
f 1376 1601 1602
f 1376 1602 1603
f 1376 1603 1377
f 1377 1602 1604
f 1377 1604 1605
f 1377 1605 1378
f 1377 1603 1602
f 1378 1605 1606
f 1378 1606 1607
f 1378 1607 1608
f 1378 1608 1379
f 1379 1609 1396
f 1379 1396 1384
f 1379 1384 1380
f 1379 1608 1610
f 1379 1610 1611
f 1379 1611 1612
f 1379 1612 1613
f 1379 1613 1614
f 1379 1614 1609
f 1381 1383 1382
f 1381 1386 1615
f 1381 1615 1616
f 1381 1616 1393
f 1385 1394 1616
f 1385 1616 1386
f 1386 1616 1615
f 1387 1392 1451
f 1387 1451 1388
f 1388 1451 1617
f 1388 1617 1618
f 1388 1618 1389
f 1389 1619 1391
f 1389 1618 1620
f 1389 1620 1621
f 1389 1621 1622
f 1389 1622 1619
f 1395 1623 1624
f 1395 1624 1397
f 1395 1396 1623
f 1396 1609 1869
f 1396 1869 1625
f 1396 1625 1624
f 1396 1624 1623
f 1397 1624 1626
f 1397 1626 1627
f 1397 1627 1628
f 1397 1628 1629
f 1398 1629 1628
f 1398 1628 1399
f 1399 1628 1627
f 1399 1627 1630
f 1399 1630 1400
f 1400 1630 1631
f 1400 1631 1632
f 1400 1632 1401
f 1401 1405 1404
f 1401 1404 1402
f 1401 1632 1405
f 1405 1410 1407
f 1405 1407 1406
f 1405 1632 1633
f 1405 1633 1634
f 1405 1634 1411
f 1407 1410 1409
f 1408 1635 1636
f 1408 1636 1637
f 1408 1637 1638
f 1408 1638 1639
f 1408 1639 1640
f 1408 1640 1641
f 1408 1641 1416
f 1408 1412 1635
f 1411 1634 1642
f 1412 1642 1635
f 1413 1643 1644
f 1413 1644 1415
f 1413 1415 1414
f 1413 1416 1641
f 1413 1641 1645
f 1413 1645 1646
f 1413 1646 1643
f 1415 1644 1647
f 1415 1647 1420
f 1415 1420 1417
f 1418 1420 1419
f 1419 1648 1649
f 1419 1649 1421
f 1419 1420 1650
f 1419 1650 1648
f 1420 1647 1651
f 1420 1651 1652
f 1420 1652 1650
f 1421 1649 1422
f 1422 1649 1648
f 1422 1648 1653
f 1422 1653 1423
f 1423 1653 1654
f 1423 1654 1655
f 1423 1655 1656
f 1423 1656 1427
f 1424 1427 1425
f 1425 1428 1426
f 1425 1427 1428
f 1427 1656 1655
f 1427 1655 1657
f 1427 1657 1658
f 1427 1658 1659
f 1427 1659 1660
f 1427 1660 1428
f 1428 1661 1662
f 1428 1662 1429
f 1428 1660 1663
f 1428 1663 1664
f 1428 1664 1661
f 1429 1662 1664
f 1429 1664 1665
f 1429 1665 1430
f 1430 1665 1666
f 1430 1666 1431
f 1431 1666 1437
f 1432 1667 1433
f 1432 1436 1667
f 1433 1668 1440
f 1433 1667 1668
f 1434 1438 1669
f 1434 1669 1670
f 1434 1670 1671
f 1434 1671 1672
f 1434 1672 1673
f 1434 1673 1674
f 1434 1674 1675
f 1434 1675 1676
f 1434 1676 1677
f 1434 1677 1435
f 1435 1678 1679
f 1435 1679 1680
f 1435 1680 1436
f 1435 1677 1681
f 1435 1681 1682
f 1435 1682 1678
f 1436 1680 1683
f 1436 1683 1667
f 1437 1665 1684
f 1437 1684 1438
f 1437 1666 1665
f 1438 1684 1669
f 1439 1440 1441
f 1440 1668 1685
f 1440 1685 1686
f 1440 1686 1441
f 1441 1686 1687
f 1441 1687 1442
f 1442 1687 1443
f 1443 1687 1446
f 1443 1446 1445
f 1446 1687 1688
f 1446 1688 1689
f 1446 1689 1447
f 1447 1689 1448
f 1448 1689 1449
f 1449 1689 1690
f 1450 1690 1454
f 1451 1453 1691
f 1451 1691 1692
f 1451 1692 1693
f 1451 1693 1694
f 1451 1694 1617
f 1452 1691 1453
f 1452 1455 1695
f 1452 1695 1696
f 1452 1696 1691
f 1454 1690 1697
f 1454 1697 1455
f 1455 1697 1695
f 1456 1461 1457
f 1457 1461 1698
f 1457 1698 1458
f 1459 1476 1462
f 1460 1463 1699
f 1460 1699 1461
f 1461 1699 1700
f 1461 1700 1701
f 1461 1701 1698
f 1462 1702 1463
f 1462 1476 1702
f 1463 1702 1703
f 1463 1703 1704
f 1463 1704 1705
f 1463 1705 1699
f 1464 1706 1707
f 1464 1707 1465
f 1464 1466 1708
f 1464 1708 1706
f 1465 1707 1709
f 1465 1709 1710
f 1465 1710 1469
f 1466 1467 1711
f 1466 1711 1708
f 1467 1468 1712
f 1467 1712 1711
f 1468 1483 1713
f 1468 1713 1712
f 1469 1710 1714
f 1469 1714 1470
f 1470 1714 1471
f 1471 1714 1472
f 1472 1714 1715
f 1472 1715 1473
f 1473 1715 1716
f 1473 1716 1717
f 1473 1717 1474
f 1474 1717 1475
f 1475 1717 1703
f 1475 1703 1702
f 1475 1702 1476
f 1477 1480 1478
f 1481 1504 1718
f 1481 1718 1482
f 1482 1718 1483
f 1483 1718 1713
f 1484 1486 1485
f 1486 1519 1719
f 1486 1719 1720
f 1486 1720 1487
f 1487 1720 1721
f 1487 1721 1488
f 1488 1721 1722
f 1488 1722 1489
f 1489 1723 1490
f 1489 1722 1724
f 1489 1724 1725
f 1489 1725 1723
f 1490 1723 1726
f 1490 1726 1494
f 1491 1494 1727
f 1491 1727 1492
f 1492 1727 1728
f 1492 1728 1729
f 1492 1729 1730
f 1492 1730 1731
f 1492 1731 1732
f 1492 1732 1733
f 1492 1733 1734
f 1492 1734 1493
f 1493 1734 1500
f 1493 1500 1735
f 1493 1735 1736
f 1493 1736 1495
f 1494 1726 1737
f 1494 1737 1738
f 1494 1738 1727
f 1495 1736 1496
f 1496 1735 1500
f 1496 1500 1499
f 1496 1499 1497
f 1496 1736 1735
f 1497 1499 1498
f 1500 1733 1501
f 1500 1734 1733
f 1501 1739 1740
f 1501 1740 1741
f 1501 1741 1502
f 1501 1733 1732
f 1501 1732 1739
f 1502 1741 1742
f 1502 1742 1743
f 1502 1743 1744
f 1502 1744 1503
f 1503 1745 1504
f 1503 1744 1745
f 1504 1745 1718
f 1506 1746 1511
f 1506 1510 1747
f 1506 1747 1746
f 1509 1748 1510
f 1510 1748 1749
f 1510 1749 1750
f 1510 1750 1747
f 1511 1746 1751
f 1511 1751 1512
f 1512 1751 1752
f 1512 1752 1753
f 1512 1753 1513
f 1513 1753 1754
f 1513 1754 1515
f 1514 1516 1755
f 1514 1755 1756
f 1514 1756 1719
f 1514 1719 1757
f 1514 1757 1518
f 1514 1518 1517
f 1515 1758 1759
f 1515 1759 1755
f 1515 1755 1516
f 1515 1754 1760
f 1515 1760 1761
f 1515 1761 1758
f 1518 1757 1719
f 1518 1719 1519
f 1521 1762 1522
f 1522 1762 1763
f 1522 1763 1525
f 1523 1764 1524
f 1523 1527 1765
f 1523 1765 1766
f 1523 1766 1767
f 1523 1767 1764
f 1524 1764 1528
f 1525 1763 1768
f 1525 1768 1526
f 1526 1768 1527
f 1527 1768 1765
f 1528 1764 1769
f 1528 1769 1530
f 1530 1770 2043
f 1530 2043 1771
f 1530 1771 1533
f 1530 1533 1532
f 1530 1769 1772
f 1530 1772 1770
f 1531 1773 1534
f 1531 1533 1773
f 1533 1774 1773
f 1533 1771 1775
f 1533 1775 1774
f 1534 1773 1535
f 1535 1773 1536
f 1536 1773 1776
f 1536 1776 1777
f 1536 1777 1537
f 1537 1777 1538
f 1538 1777 1778
f 1538 1778 1779
f 1538 1779 1780
f 1538 1780 1781
f 1538 1781 1539
f 1539 1782 1540
f 1539 1781 1782
f 1540 1782 1783
f 1540 1783 1542
f 1540 1542 1541
f 1542 1783 1784
f 1542 1784 1785
f 1542 1785 1786
f 1542 1786 1787
f 1542 1787 1788
f 1542 1788 1789
f 1542 1789 1543
f 1543 1789 1790
f 1543 1790 1545
f 1543 1545 1544
f 1545 1790 1791
f 1545 1791 1792
f 1545 1792 1548
f 1545 1548 1546
f 1546 1548 1547
f 1548 1792 1793
f 1548 1793 1794
f 1548 1794 1795
f 1548 1795 1549
f 1549 1795 1796
f 1549 1796 1550
f 1550 1796 1551
f 1551 1796 1552
f 1552 1796 1797
f 1552 1797 1798
f 1552 1798 1799
f 1552 1799 1553
f 1553 1799 1555
f 1553 1555 1554
f 1555 1799 1556
f 1556 1799 1800
f 1556 1800 1558
f 1556 1558 1557
f 1558 1800 1801
f 1558 1801 1802
f 1558 1802 1559
f 1559 1561 1560
f 1559 1802 1803
f 1559 1803 1804
f 1559 1804 1561
f 1561 1804 1805
f 1561 1805 1562
f 1562 1805 1806
f 1562 1806 1563
f 1563 1806 1807
f 1563 1807 1808
f 1563 1808 1809
f 1563 1809 1810
f 1563 1810 1811
f 1563 1811 1564
f 1564 1811 1812
f 1564 1812 1813
f 1564 1813 1580
f 1566 1570 1814
f 1566 1814 1815
f 1566 1815 1816
f 1566 1816 1567
f 1567 1816 1568
f 1568 1816 1817
f 1568 1817 1818
f 1568 1818 1571
f 1569 1819 1820
f 1569 1820 1821
f 1569 1821 1570
f 1569 1581 1819
f 1570 1821 1814
f 1571 1818 1822
f 1571 1822 1572
f 1572 1822 1573
f 1573 1823 1824
f 1573 1824 1825
f 1573 1825 1826
f 1573 1826 1827
f 1573 1827 1828
f 1573 1828 1574
f 1573 1822 1823
f 1574 1828 1829
f 1574 1829 1576
f 1574 1576 1575
f 1576 1578 1577
f 1576 1829 1830
f 1576 1830 1578
f 1580 1813 1831
f 1580 1831 1832
f 1580 1832 1821
f 1580 1821 1820
f 1580 1820 1581
f 1581 1820 1819
f 1582 1599 1598
f 1582 1598 1833
f 1582 1833 1583
f 1583 1833 1586
f 1583 1586 1585
f 1583 1585 1584
f 1586 1833 1834
f 1586 1834 1835
f 1586 1835 1836
f 1586 1836 1837
f 1586 1837 1838
f 1586 1838 1839
f 1586 1839 1858
f 1586 1858 1600
f 1587 1840 1588
f 1588 1840 1841
f 1588 1841 1842
f 1588 1842 1843
f 1588 1843 1844
f 1588 1844 1589
f 1589 1844 1845
f 1589 1845 1846
f 1589 1846 1590
f 1590 1846 1847
f 1590 1847 1848
f 1590 1848 1592
f 1590 1592 1591
f 1592 1848 1849
f 1592 1849 1850
f 1592 1850 1593
f 1593 1851 1852
f 1593 1852 1594
f 1593 1850 1851
f 1594 1852 1595
f 1595 1852 1853
f 1595 1853 1854
f 1595 1854 1598
f 1595 1598 1597
f 1598 1854 1855
f 1598 1855 1856
f 1598 1856 1857
f 1598 1857 1836
f 1598 1836 1834
f 1598 1834 1833
f 1600 1858 1601
f 1601 1858 1860
f 1601 1860 1859
f 1601 1859 1602
f 1602 1860 1861
f 1602 1861 1604
f 1602 1859 1860
f 1604 1861 1862
f 1604 1862 1863
f 1604 1863 1605
f 1605 1863 1862
f 1605 1862 1864
f 1605 1864 1865
f 1605 1865 1606
f 1606 1865 1607
f 1607 1866 1610
f 1607 1610 1608
f 1607 1865 1867
f 1607 1867 1868
f 1607 1868 1866
f 1609 1614 1869
f 1610 1866 1870
f 1610 1870 1611
f 1611 1870 1871
f 1611 1871 1872
f 1611 1872 1873
f 1611 1873 1612
f 1612 1873 1874
f 1612 1874 1875
f 1612 1875 1613
f 1613 1875 1876
f 1613 1876 1614
f 1614 1876 1877
f 1614 1877 1878
f 1614 1878 1869
f 1617 1694 1879
f 1617 1879 1618
f 1618 1879 1620
f 1620 1879 1880
f 1620 1880 1881
f 1620 1881 1621
f 1621 1881 1882
f 1621 1882 1883
f 1621 1883 1622
f 1624 1625 1884
f 1624 1884 1869
f 1624 1869 1626
f 1625 1869 1884
f 1626 1869 1885
f 1626 1885 1627
f 1627 1631 1630
f 1627 1885 1878
f 1627 1878 1886
f 1627 1886 1631
f 1631 1886 1632
f 1632 1886 1887
f 1632 1887 1888
f 1632 1888 1889
f 1632 1889 1890
f 1632 1890 1891
f 1632 1891 1892
f 1632 1892 1633
f 1633 1893 1634
f 1633 1892 1894
f 1633 1894 1893
f 1634 1893 1895
f 1634 1895 1635
f 1634 1635 1642
f 1635 1895 1894
f 1635 1894 1636
f 1636 1894 1896
f 1636 1896 1637
f 1637 1896 1638
f 1638 1896 1897
f 1638 1897 1898
f 1638 1898 1899
f 1638 1899 1900
f 1638 1900 1901
f 1638 1901 1902
f 1638 1902 1903
f 1638 1903 1904
f 1638 1904 1639
f 1639 1904 1905
f 1639 1905 1640
f 1640 1645 1641
f 1640 1905 1645
f 1643 1646 1644
f 1644 1651 1647
f 1644 1646 1906
f 1644 1906 1652
f 1644 1652 1651
f 1645 1905 1903
f 1645 1903 1907
f 1645 1907 1646
f 1646 1907 1908
f 1646 1908 1906
f 1648 1909 1653
f 1648 1650 1910
f 1648 1910 1911
f 1648 1911 1655
f 1648 1655 1909
f 1650 1652 1906
f 1650 1906 1912
f 1650 1912 1913
f 1650 1913 1914
f 1650 1914 1915
f 1650 1915 1910
f 1653 1909 1655
f 1653 1655 1654
f 1655 1911 1657
f 1657 1911 1916
f 1657 1916 1917
f 1657 1917 1658
f 1658 1917 1659
f 1659 1917 1918
f 1659 1918 1919
f 1659 1919 1920
f 1659 1920 1660
f 1660 1664 1663
f 1660 1920 1921
f 1660 1921 1922
f 1660 1922 1923
f 1660 1923 1924
f 1660 1924 1925
f 1660 1925 1664
f 1661 1664 1662
f 1664 1925 1926
f 1664 1926 1927
f 1664 1927 1665
f 1665 1927 1928
f 1665 1928 1929
f 1665 1929 1930
f 1665 1930 1669
f 1665 1669 1684
f 1667 1683 1680
f 1667 1680 1931
f 1667 1931 1932
f 1667 1932 1668
f 1668 1932 1685
f 1669 1930 1933
f 1669 1933 1929
f 1669 1929 1670
f 1670 1929 1934
f 1670 1934 1935
f 1670 1935 1936
f 1670 1936 1671
f 1671 1936 1937
f 1671 1937 1672
f 1672 1937 1938
f 1672 1938 1673
f 1673 1939 1940
f 1673 1940 1941
f 1673 1941 1674
f 1673 1938 1942
f 1673 1942 1943
f 1673 1943 1939
f 1674 1941 1675
f 1675 1941 1944
f 1675 1944 1945
f 1675 1945 1946
f 1675 1946 1676
f 1676 1946 1677
f 1677 1946 1681
f 1678 1947 1679
f 1678 1682 1947
f 1679 1947 1948
f 1679 1948 1949
f 1679 1949 1931
f 1679 1931 1680
f 1681 1946 1950
f 1681 1950 1682
f 1682 1950 1951
f 1682 1951 1952
f 1682 1952 1953
f 1682 1953 1947
f 1685 1954 1686
f 1685 1932 1954
f 1686 1954 1955
f 1686 1955 1956
f 1686 1956 1688
f 1686 1688 1687
f 1688 1956 1957
f 1688 1957 1689
f 1689 1957 1690
f 1690 1957 1958
f 1690 1958 1697
f 1691 1696 1959
f 1691 1959 1692
f 1692 1960 1961
f 1692 1961 1962
f 1692 1962 1693
f 1692 1959 1960
f 1693 1962 2141
f 1693 2141 1963
f 1693 1963 1694
f 1694 1963 1879
f 1695 1697 1964
f 1695 1964 1959
f 1695 1959 1696
f 1697 1958 1965
f 1697 1965 1964
f 1699 1705 1966
f 1703 1717 1716
f 1703 1716 1704
f 1704 1716 1967
f 1704 1967 1705
f 1705 1967 1966
f 1706 1968 1969
f 1706 1969 1970
f 1706 1970 1971
f 1706 1971 1707
f 1706 1708 1972
f 1706 1972 2232
f 1706 2232 1968
f 1707 1971 2240
f 1707 2240 1973
f 1707 1973 1974
f 1707 1974 1975
f 1707 1975 1709
f 1708 1711 1976
f 1708 1976 1972
f 1709 1975 1710
f 1710 1975 1977
f 1710 1977 1978
f 1710 1978 1979
f 1710 1979 1714
f 1711 1712 1980
f 1711 1980 1976
f 1712 1713 1981
f 1712 1981 1982
f 1712 1982 1980
f 1713 1983 1982
f 1713 1982 1981
f 1713 1718 1984
f 1713 1984 1985
f 1713 1985 1983
f 1714 1979 1715
f 1715 1986 1716
f 1715 1979 1986
f 1716 1986 1987
f 1716 1987 1988
f 1716 1988 1989
f 1716 1989 1967
f 1718 1745 1984
f 1719 1756 1755
f 1719 1755 1759
f 1719 1759 1758
f 1719 1758 1990
f 1719 1990 1991
f 1719 1991 1720
f 1720 1991 1721
f 1721 1991 1722
f 1722 1991 1992
f 1722 1992 1993
f 1722 1993 1724
f 1723 1725 1994
f 1723 1994 1995
f 1723 1995 1726
f 1724 1993 1996
f 1724 1996 1997
f 1724 1997 1998
f 1724 1998 1725
f 1725 1998 1999
f 1725 1999 1994
f 1726 1995 1737
f 1727 1738 2000
f 1727 2000 1728
f 1728 2001 1730
f 1728 1730 1729
f 1728 2000 2001
f 1730 1739 1731
f 1730 2001 1739
f 1731 1739 1732
f 1737 2002 2003
f 1737 2003 2004
f 1737 2004 1738
f 1737 1995 2005
f 1737 2005 2006
f 1737 2006 2007
f 1737 2007 2008
f 1737 2008 2002
f 1738 2004 2000
f 1739 2009 1740
f 1739 2001 2010
f 1739 2010 2011
f 1739 2011 2012
f 1739 2012 2013
f 1739 2013 2009
f 1740 2014 2015
f 1740 2015 2016
f 1740 2016 2017
f 1740 2017 1742
f 1740 1742 1741
f 1740 2009 2013
f 1740 2013 2018
f 1740 2018 2019
f 1740 2019 2020
f 1740 2020 2014
f 1742 2021 1743
f 1742 2017 2021
f 1743 2021 2022
f 1743 2022 1744
f 1744 2022 2023
f 1744 2023 2024
f 1744 2024 1745
f 1745 2024 1984
f 1746 1747 1751
f 1747 1750 2025
f 1747 2025 2026
f 1747 2026 2027
f 1747 2027 1751
f 1749 2028 1750
f 1750 2028 2029
f 1750 2029 2030
f 1750 2030 2031
f 1750 2031 2025
f 1751 2027 2032
f 1751 2032 1752
f 1752 2032 2033
f 1752 2033 1753
f 1753 2033 1754
f 1754 2033 2034
f 1754 2034 2035
f 1754 2035 2036
f 1754 2036 1760
f 1758 1761 1990
f 1760 2036 1761
f 1761 2036 1991
f 1761 1991 1990
f 1764 1767 1769
f 1765 1768 2037
f 1765 2037 1766
f 1766 2037 2038
f 1766 2038 2039
f 1766 2039 1767
f 1767 2039 2040
f 1767 2040 2041
f 1767 2041 2042
f 1767 2042 1772
f 1767 1772 1769
f 1770 1772 2042
f 1770 2042 2041
f 1770 2041 2043
f 1771 2043 2044
f 1771 2044 1775
f 1773 2045 1776
f 1773 1774 2046
f 1773 2046 2047
f 1773 2047 2048
f 1773 2048 2045
f 1774 1775 2050
f 1774 2050 2046
f 1775 2044 2049
f 1775 2049 2050
f 1776 2045 2051
f 1776 2051 1778
f 1776 1778 1777
f 1778 2051 2052
f 1778 2052 1779
f 1779 2052 1780
f 1780 2053 2055
f 1780 2055 1781
f 1780 2052 2054
f 1780 2054 2053
f 1781 2055 2057
f 1781 2057 2056
f 1781 2056 1782
f 1782 2056 2057
f 1782 2057 1785
f 1782 1785 1784
f 1782 1784 1783
f 1785 2058 2059
f 1785 2059 2060
f 1785 2060 2061
f 1785 2061 1786
f 1785 2057 2058
f 1786 2061 1787
f 1787 2061 1788
f 1788 2062 1790
f 1788 1790 1789
f 1788 2061 2063
f 1788 2063 2062
f 1790 2062 2064
f 1790 2064 1791
f 1791 2064 2065
f 1791 2065 1792
f 1792 2065 2066
f 1792 2066 2067
f 1792 2067 1793
f 1793 2067 2068
f 1793 2068 2069
f 1793 2069 2070
f 1793 2070 2071
f 1793 2071 1794
f 1794 2071 1795
f 1795 2071 2072
f 1795 2072 2073
f 1795 2073 1796
f 1796 2073 2074
f 1796 2074 1797
f 1797 2074 2075
f 1797 2075 2076
f 1797 2076 2077
f 1797 2077 1798
f 1798 2077 1799
f 1799 2077 1800
f 1800 2078 1801
f 1800 2077 2078
f 1801 2078 1802
f 1802 2079 2080
f 1802 2080 1803
f 1802 2078 2079
f 1803 2080 2081
f 1803 2081 2082
f 1803 2082 1804
f 1804 2082 2083
f 1804 2083 2084
f 1804 2084 1807
f 1804 1807 1805
f 1805 1807 1806
f 1807 2084 2085
f 1807 2085 1809
f 1807 1809 1808
f 1809 2085 1810
f 1810 2085 2086
f 1810 2086 2087
f 1810 2087 1813
f 1810 1813 1812
f 1810 1812 1811
f 1813 2087 1831
f 1814 1821 2088
f 1814 2088 2089
f 1814 2089 2090
f 1814 2090 2091
f 1814 2091 2092
f 1814 2092 1815
f 1815 2092 2091
f 1815 2091 2093
f 1815 2093 1817
f 1815 1817 1816
f 1817 2093 2094
f 1817 2094 1818
f 1818 2094 2095
f 1818 2095 2096
f 1818 2096 1822
f 1821 1832 2088
f 1822 2096 2095
f 1822 2095 2097
f 1822 2097 2098
f 1822 2098 1823
f 1823 2098 2099
f 1823 2099 2100
f 1823 2100 1824
f 1824 2101 1825
f 1824 2100 2102
f 1824 2102 2101
f 1831 2087 2089
f 1831 2089 2103
f 1831 2103 2088
f 1831 2088 1832
f 1834 1836 1835
f 1836 1857 1837
f 1837 1857 2104
f 1837 2104 1839
f 1837 1839 1838
f 1839 2104 2105
f 1839 2105 2106
f 1839 2106 1861
f 1839 1861 1860
f 1839 1860 1858
f 1841 2107 2108
f 1841 2108 1842
f 1842 2108 1843
f 1843 2109 2110
f 1843 2110 1844
f 1843 2108 2109
f 1844 2110 2111
f 1844 2111 2112
f 1844 2112 1845
f 1845 2112 2113
f 1845 2113 1846
f 1846 2113 1847
f 1847 2113 2114
f 1847 2114 1848
f 1848 2114 1849
f 1849 2114 2115
f 1849 2115 1850
f 1850 2115 2116
f 1850 2116 1852
f 1850 1852 1851
f 1852 2116 1853
f 1853 2116 1854
f 1854 2116 2117
f 1854 2117 1855
f 1855 2117 1856
f 1856 2117 2118
f 1856 2118 2119
f 1856 2119 2104
f 1856 2104 1857
f 1861 2106 1862
f 1862 2106 2120
f 1862 2120 2121
f 1862 2121 2122
f 1862 2122 2123
f 1862 2123 2124
f 1862 2124 1867
f 1862 1867 1865
f 1862 1865 1864
f 1866 1868 1870
f 1867 2124 1868
f 1868 2124 2125
f 1868 2125 2126
f 1868 2126 2127
f 1868 2127 2128
f 1868 2128 2129
f 1868 2129 1870
f 1869 1878 1885
f 1870 2129 2128
f 1870 2128 2130
f 1870 2130 2131
f 1870 2131 1871
f 1871 2131 2132
f 1871 2132 1872
f 1872 2133 1873
f 1872 2132 2134
f 1872 2134 2135
f 1872 2135 2136
f 1872 2136 2133
f 1873 2133 2137
f 1873 2137 1874
f 1874 2137 2138
f 1874 2138 1875
f 1875 2138 1876
f 1876 2138 2139
f 1876 2139 1877
f 1877 2139 2140
f 1877 2140 1878
f 1878 2140 1887
f 1878 1887 1886
f 1879 1963 2141
f 1879 2141 2142
f 1879 2142 2143
f 1879 2143 1880
f 1880 2143 2144
f 1880 2144 1881
f 1887 2140 2139
f 1887 2139 2145
f 1887 2145 2146
f 1887 2146 1888
f 1888 2146 1889
f 1889 2146 2147
f 1889 2147 2148
f 1889 2148 2149
f 1889 2149 1890
f 1890 2150 2151
f 1890 2151 1892
f 1890 1892 1891
f 1890 2149 2150
f 1892 2151 2152
f 1892 2152 2153
f 1892 2153 1894
f 1893 1894 1895
f 1894 2153 2154
f 1894 2154 2155
f 1894 2155 1896
f 1896 2155 2156
f 1896 2156 1898
f 1896 1898 1897
f 1898 2156 2157
f 1898 2157 2158
f 1898 2158 2159
f 1898 2159 2160
f 1898 2160 2161
f 1898 2161 1899
f 1899 2161 1900
f 1900 2161 2162
f 1900 2162 2163
f 1900 2163 2164
f 1900 2164 2165
f 1900 2165 1902
f 1900 1902 1901
f 1902 2166 2167
f 1902 2167 1907
f 1902 1907 1903
f 1902 2165 2168
f 1902 2168 2166
f 1903 1905 1904
f 1906 1908 1913
f 1906 1913 1912
f 1907 2169 2170
f 1907 2170 2171
f 1907 2171 1908
f 1907 2167 2166
f 1907 2166 2169
f 1908 2171 2172
f 1908 2172 1913
f 1910 1915 2173
f 1910 2173 2174
f 1910 2174 1911
f 1911 2174 2173
f 1911 2173 1916
f 1913 2172 2175
f 1913 2175 1918
f 1913 1918 1914
f 1914 1918 2173
f 1914 2173 1915
f 1916 2173 1917
f 1917 2173 1918
f 1918 2175 1919
f 1919 2175 2176
f 1919 2176 2177
f 1919 2177 1921
f 1919 1921 1920
f 1921 2177 2178
f 1921 2178 2179
f 1921 2179 2180
f 1921 2180 1922
f 1922 2180 2181
f 1922 2181 2182
f 1922 2182 1923
f 1923 2182 2183
f 1923 2183 2184
f 1923 2184 1924
f 1924 2185 1925
f 1924 2184 2186
f 1924 2186 2187
f 1924 2187 2188
f 1924 2188 2185
f 1925 2185 1926
f 1926 2185 2189
f 1926 2189 2190
f 1926 2190 2191
f 1926 2191 2192
f 1926 2192 1927
f 1927 2192 1928
f 1928 2192 2193
f 1928 2193 1929
f 1929 2193 2192
f 1929 2192 1934
f 1929 1933 1930
f 1931 1949 2194
f 1931 2194 1932
f 1932 2194 2195
f 1932 2195 1954
f 1934 2192 2191
f 1934 2191 2190
f 1934 2190 1935
f 1935 2190 2196
f 1935 2196 2197
f 1935 2197 1936
f 1936 1938 1937
f 1936 2197 1938
f 1938 2197 1942
f 1939 2198 2199
f 1939 2199 1940
f 1939 1943 2200
f 1939 2200 2198
f 1940 2199 2201
f 1940 2201 1941
f 1941 2201 1944
f 1942 2197 2202
f 1942 2202 1943
f 1943 2202 2203
f 1943 2203 2204
f 1943 2204 2200
f 1944 2201 1945
f 1945 2201 2205
f 1945 2205 2206
f 1945 2206 2207
f 1945 2207 2208
f 1945 2208 2209
f 1945 2209 1946
f 1946 2209 2210
f 1946 2210 2211
f 1946 2211 2212
f 1946 2212 2213
f 1946 2213 2214
f 1946 2214 1950
f 1947 1953 2215
f 1947 2215 2216
f 1947 2216 1948
f 1948 2216 2217
f 1948 2217 1949
f 1949 2217 2194
f 1950 2214 2218
f 1950 2218 1951
f 1951 2218 2219
f 1951 2219 1952
f 1952 2219 2220
f 1952 2220 2221
f 1952 2221 1953
f 1953 2221 2222
f 1953 2222 2215
f 1954 2195 1955
f 1955 2223 1956
f 1955 2195 2194
f 1955 2194 2217
f 1955 2217 2223
f 1956 2223 2500
f 1956 2500 2224
f 1956 2224 1957
f 1957 2224 2225
f 1957 2225 1958
f 1958 2225 2226
f 1958 2226 1965
f 1959 1964 1965
f 1959 1965 1960
f 1960 1965 1961
f 1961 1965 2227
f 1961 2227 2228
f 1961 2228 1962
f 1962 2228 2141
f 1965 2226 2229
f 1965 2229 2230
f 1965 2230 2227
f 1968 2231 1969
f 1968 2232 2231
f 1969 2231 2233
f 1969 2233 2234
f 1969 2234 2235
f 1969 2235 2236
f 1969 2236 1970
f 1970 2237 2238
f 1970 2238 1971
f 1970 2236 2239
f 1970 2239 2237
f 1971 2238 2240
f 1972 1976 2241
f 1972 2241 2507
f 1972 2507 2232
f 1973 2240 1974
f 1974 2240 2242
f 1974 2242 2243
f 1974 2243 2244
f 1974 2244 2245
f 1974 2245 2246
f 1974 2246 1977
f 1974 1977 1975
f 1976 1980 2247
f 1976 2247 2248
f 1976 2248 2241
f 1977 2246 2249
f 1977 2249 1978
f 1978 2249 1979
f 1979 2249 2250
f 1979 2250 1986
f 1980 1982 2251
f 1980 2251 2252
f 1980 2252 2253
f 1980 2253 2247
f 1982 1983 1985
f 1982 1985 2254
f 1982 2254 2251
f 1984 2255 1985
f 1984 2024 2255
f 1985 2255 2256
f 1985 2256 2257
f 1985 2257 2254
f 1986 2250 2249
f 1986 2249 2258
f 1986 2258 2259
f 1986 2259 1987
f 1991 2036 1992
f 1992 2036 1993
f 1993 2036 2035
f 1993 2035 2303
f 1993 2303 2260
f 1993 2260 1996
f 1994 1999 2261
f 1994 2261 1995
f 1995 2261 2005
f 1996 2260 2262
f 1996 2262 2263
f 1996 2263 2264
f 1996 2264 1997
f 1997 2264 2265
f 1997 2265 1998
f 1998 2265 2266
f 1998 2266 1999
f 1999 2266 2267
f 1999 2267 2268
f 1999 2268 2261
f 2000 2004 2269
f 2000 2269 2001
f 2001 2269 2270
f 2001 2270 2012
f 2001 2012 2010
f 2002 2271 2269
f 2002 2269 2003
f 2002 2008 2272
f 2002 2272 2273
f 2002 2273 2274
f 2002 2274 2271
f 2003 2269 2004
f 2005 2261 2006
f 2006 2261 2007
f 2007 2275 2276
f 2007 2276 2277
f 2007 2277 2278
f 2007 2278 2008
f 2007 2261 2275
f 2008 2278 2279
f 2008 2279 2272
f 2010 2012 2011
f 2012 2280 2271
f 2012 2271 2281
f 2012 2281 2013
f 2012 2270 2269
f 2012 2269 2280
f 2013 2281 2282
f 2013 2282 2283
f 2013 2283 2284
f 2013 2284 2018
f 2014 2285 2015
f 2014 2020 2286
f 2014 2286 2285
f 2015 2285 2016
f 2016 2287 2021
f 2016 2021 2017
f 2016 2285 2288
f 2016 2288 2287
f 2018 2289 2019
f 2018 2284 2283
f 2018 2283 2289
f 2019 2289 2020
f 2020 2289 2286
f 2021 2287 2288
f 2021 2288 2022
f 2022 2288 2023
f 2023 2290 2291
f 2023 2291 2255
f 2023 2255 2024
f 2023 2288 2290
f 2025 2031 2292
f 2025 2292 2026
f 2026 2292 2580
f 2026 2580 2293
f 2026 2293 2027
f 2027 2293 2032
f 2029 2294 2030
f 2030 2294 2295
f 2030 2295 2031
f 2031 2295 2296
f 2031 2296 2297
f 2031 2297 2292
f 2032 2293 2298
f 2032 2298 2033
f 2033 2298 2299
f 2033 2299 2300
f 2033 2300 2034
f 2034 2300 2299
f 2034 2299 2301
f 2034 2301 2302
f 2034 2302 2303
f 2034 2303 2035
f 2038 2304 2039
f 2039 2305 2041
f 2039 2041 2306
f 2039 2306 2040
f 2039 2304 2307
f 2039 2307 2305
f 2040 2306 2041
f 2041 2308 2310
f 2041 2310 2049
f 2041 2049 2044
f 2041 2044 2043
f 2041 2305 2592
f 2041 2592 2308
f 2045 2309 2051
f 2045 2048 2312
f 2045 2312 2309
f 2046 2050 2047
f 2047 2050 2049
f 2047 2049 2310
f 2047 2310 2311
f 2047 2311 2048
f 2048 2311 2312
f 2051 2309 2313
f 2051 2313 2314
f 2051 2314 2315
f 2051 2315 2316
f 2051 2316 2317
f 2051 2317 2318
f 2051 2318 2319
f 2051 2319 2052
f 2052 2319 2054
f 2053 2054 2320
f 2053 2320 2321
f 2053 2321 2322
f 2053 2322 2058
f 2053 2058 2055
f 2054 2319 2318
f 2054 2318 2323
f 2054 2323 2320
f 2055 2058 2057
f 2058 2324 2325
f 2058 2325 2059
f 2058 2322 2324
f 2059 2325 2326
f 2059 2326 2327
f 2059 2327 2328
f 2059 2328 2060
f 2060 2328 2061
f 2061 2329 2064
f 2061 2064 2063
f 2061 2328 2330
f 2061 2330 2331
f 2061 2331 2329
f 2062 2063 2064
f 2064 2329 2331
f 2064 2331 2065
f 2065 2331 2332
f 2065 2332 2333
f 2065 2333 2334
f 2065 2334 2335
f 2065 2335 2336
f 2065 2336 2066
f 2066 2336 2067
f 2067 2336 2337
f 2067 2337 2068
f 2068 2337 2069
f 2069 2337 2338
f 2069 2338 2070
f 2070 2338 2339
f 2070 2339 2072
f 2070 2072 2071
f 2072 2339 2340
f 2072 2340 2341
f 2072 2341 2073
f 2073 2341 2074
f 2074 2341 2075
f 2075 2341 2342
f 2075 2342 2076
f 2076 2078 2077
f 2076 2342 2343
f 2076 2343 2344
f 2076 2344 2345
f 2076 2345 2078
f 2078 2345 2079
f 2079 2345 2346
f 2079 2346 2080
f 2080 2346 2081
f 2081 2347 2348
f 2081 2348 2349
f 2081 2349 2082
f 2081 2346 2347
f 2082 2349 2350
f 2082 2350 2351
f 2082 2351 2352
f 2082 2352 2084
f 2082 2084 2083
f 2084 2353 2354
f 2084 2354 2355
f 2084 2355 2086
f 2084 2086 2085
f 2084 2352 2353
f 2086 2355 2356
f 2086 2356 2087
f 2087 2356 2357
f 2087 2357 2358
f 2087 2358 2089
f 2088 2103 2089
f 2089 2358 2359
f 2089 2359 2090
f 2090 2359 2360
f 2090 2360 2091
f 2091 2360 2361
f 2091 2361 2095
f 2091 2095 2094
f 2091 2094 2093
f 2095 2361 2360
f 2095 2360 2362
f 2095 2362 2363
f 2095 2363 2364
f 2095 2364 2098
f 2095 2098 2097
f 2098 2364 2365
f 2098 2365 2366
f 2098 2366 2099
f 2099 2366 2367
f 2099 2367 2368
f 2099 2368 2100
f 2100 2368 2369
f 2100 2369 2370
f 2100 2370 2102
f 2101 2102 2371
f 2102 2372 2371
f 2102 2370 2373
f 2102 2373 2374
f 2102 2374 2375
f 2102 2375 2372
f 2104 2119 2105
f 2105 2118 2106
f 2105 2119 2118
f 2106 2118 2376
f 2106 2376 2377
f 2106 2377 2378
f 2106 2378 2120
f 2107 2379 2108
f 2108 2379 2109
f 2109 2379 2380
f 2109 2380 2381
f 2109 2381 2382
f 2109 2382 2110
f 2110 2382 2383
f 2110 2383 2384
f 2110 2384 2385
f 2110 2385 2386
f 2110 2386 2111
f 2111 2387 2114
f 2111 2114 2112
f 2111 2386 2388
f 2111 2388 2387
f 2112 2114 2113
f 2114 2387 2388
f 2114 2388 2389
f 2114 2389 2115
f 2115 2390 2116
f 2115 2389 2390
f 2116 2390 2391
f 2116 2391 2392
f 2116 2392 2393
f 2116 2393 2117
f 2117 2393 2118
f 2118 2393 2392
f 2118 2392 2394
f 2118 2394 2395
f 2118 2395 2376
f 2120 2378 2121
f 2121 2378 2396
f 2121 2396 2397
f 2121 2397 2122
f 2122 2397 2398
f 2122 2398 2399
f 2122 2399 2123
f 2123 2399 2125
f 2123 2125 2124
f 2125 2399 2398
f 2125 2398 2400
f 2125 2400 2126
f 2126 2128 2127
f 2126 2400 2397
f 2126 2397 2401
f 2126 2401 2402
f 2126 2402 2403
f 2126 2403 2407
f 2126 2407 2128
f 2128 2404 2405
f 2128 2405 2406
f 2128 2406 2131
f 2128 2131 2130
f 2128 2407 2404
f 2131 2134 2132
f 2131 2406 2408
f 2131 2408 2409
f 2131 2409 2410
f 2131 2410 2134
f 2133 2136 2411
f 2133 2411 2412
f 2133 2412 2137
f 2134 2410 2413
f 2134 2413 2414
f 2134 2414 2135
f 2135 2414 2136
f 2136 2414 2415
f 2136 2415 2416
f 2136 2416 2411
f 2137 2412 2138
f 2138 2412 2417
f 2138 2417 2139
f 2139 2417 2418
f 2139 2418 2145
f 2141 2419 2420
f 2141 2420 2142
f 2141 2228 2419
f 2142 2420 2421
f 2142 2421 2422
f 2142 2422 2143
f 2143 2422 2144
f 2144 2422 2423
f 2145 2418 2147
f 2145 2147 2146
f 2147 2418 2416
f 2147 2416 2424
f 2147 2424 2425
f 2147 2425 2426
f 2147 2426 2427
f 2147 2427 2148
f 2148 2427 2149
f 2149 2427 2428
f 2149 2428 2150
f 2150 2429 2430
f 2150 2430 2151
f 2150 2428 2431
f 2150 2431 2432
f 2150 2432 2433
f 2150 2433 2429
f 2151 2430 2434
f 2151 2434 2152
f 2152 2154 2153
f 2152 2434 2435
f 2152 2435 2154
f 2154 2435 2157
f 2154 2157 2436
f 2154 2436 2155
f 2155 2436 2156
f 2156 2436 2157
f 2157 2435 2437
f 2157 2437 2158
f 2158 2437 2438
f 2158 2438 2439
f 2158 2439 2440
f 2158 2440 2441
f 2158 2441 2159
f 2159 2441 2160
f 2160 2441 2162
f 2160 2162 2161
f 2162 2441 2442
f 2162 2442 2443
f 2162 2443 2444
f 2162 2444 2445
f 2162 2445 2446
f 2162 2446 2447
f 2162 2447 2163
f 2163 2447 2164
f 2164 2448 2165
f 2164 2447 2448
f 2165 2448 2449
f 2165 2449 2168
f 2166 2168 2450
f 2166 2450 2451
f 2166 2451 2452
f 2166 2452 2170
f 2166 2170 2169
f 2168 2449 2453
f 2168 2453 2454
f 2168 2454 2450
f 2170 2172 2171
f 2170 2452 2455
f 2170 2455 2172
f 2172 2455 2456
f 2172 2456 2176
f 2172 2176 2175
f 2176 2456 2177
f 2177 2179 2178
f 2177 2456 2457
f 2177 2457 2179
f 2179 2457 2458
f 2179 2458 2180
f 2180 2458 2181
f 2181 2458 2459
f 2181 2459 2460
f 2181 2460 2182
f 2182 2460 2461
f 2182 2461 2462
f 2182 2462 2463
f 2182 2463 2464
f 2182 2464 2183
f 2183 2464 2184
f 2184 2464 2186
f 2185 2188 2465
f 2185 2465 2189
f 2186 2464 2463
f 2186 2463 2466
f 2186 2466 2467
f 2186 2467 2187
f 2187 2467 2188
f 2188 2467 2468
f 2188 2468 2469
f 2188 2469 2470
f 2188 2470 2465
f 2189 2465 2470
f 2189 2470 2196
f 2189 2196 2190
f 2196 2470 2471
f 2196 2471 2472
f 2196 2472 2202
f 2196 2202 2197
f 2198 2473 2199
f 2198 2200 2473
f 2199 2205 2201
f 2199 2473 2474
f 2199 2474 2475
f 2199 2475 2205
f 2200 2204 2476
f 2200 2476 2477
f 2200 2477 2478
f 2200 2478 2479
f 2200 2479 2473
f 2202 2472 2203
f 2203 2472 2480
f 2203 2480 2481
f 2203 2481 2204
f 2204 2481 2482
f 2204 2482 2476
f 2205 2475 2483
f 2205 2483 2206
f 2206 2483 2484
f 2206 2484 2485
f 2206 2485 2207
f 2207 2210 2208
f 2207 2485 2210
f 2208 2210 2209
f 2210 2212 2211
f 2210 2485 2486
f 2210 2486 2487
f 2210 2487 2212
f 2212 2487 2488
f 2212 2488 2213
f 2213 2488 2489
f 2213 2489 2214
f 2214 2490 2491
f 2214 2491 2218
f 2214 2489 2492
f 2214 2492 2493
f 2214 2493 2490
f 2215 2494 2495
f 2215 2495 2496
f 2215 2496 2216
f 2215 2222 2494
f 2216 2496 2497
f 2216 2497 2217
f 2217 2497 2223
f 2218 2491 2498
f 2218 2498 2499
f 2218 2499 2222
f 2218 2222 2220
f 2218 2220 2219
f 2220 2222 2221
f 2222 2499 2494
f 2223 2497 2496
f 2223 2496 2500
f 2224 2500 2501
f 2224 2501 2225
f 2225 2501 2502
f 2225 2502 2226
f 2226 2502 2229
f 2227 2503 2504
f 2227 2504 2228
f 2227 2230 2503
f 2228 2504 2419
f 2229 2502 2505
f 2229 2505 2230
f 2230 2505 2503
f 2231 2232 2506
f 2231 2506 2233
f 2232 2507 2506
f 2233 2506 2508
f 2233 2508 2509
f 2233 2509 2510
f 2233 2510 2234
f 2234 2511 2512
f 2234 2512 2235
f 2234 2510 2513
f 2234 2513 2514
f 2234 2514 2515
f 2234 2515 2791
f 2234 2791 2511
f 2235 2512 2236
f 2236 2516 2517
f 2236 2517 2239
f 2236 2512 2516
f 2237 2239 2240
f 2237 2240 2238
f 2239 2517 2518
f 2239 2518 2242
f 2239 2242 2240
f 2241 2248 2507
f 2242 2518 2519
f 2242 2519 2243
f 2243 2519 2520
f 2243 2520 2245
f 2243 2245 2244
f 2245 2521 2246
f 2245 2520 2522
f 2245 2522 2523
f 2245 2523 2524
f 2245 2524 2525
f 2245 2525 2521
f 2246 2521 2249
f 2247 2253 2526
f 2247 2526 2527
f 2247 2527 2248
f 2248 2527 2528
f 2248 2528 2529
f 2248 2529 2530
f 2248 2530 2531
f 2248 2531 2507
f 2249 2525 2258
f 2249 2521 2525
f 2251 2254 2257
f 2251 2257 2532
f 2251 2532 2533
f 2251 2533 2252
f 2252 2526 2253
f 2252 2533 2534
f 2252 2534 2535
f 2252 2535 2536
f 2252 2536 2526
f 2255 2291 2537
f 2255 2537 2538
f 2255 2538 2256
f 2256 2538 2539
f 2256 2539 2532
f 2256 2532 2257
f 2258 2523 2259
f 2258 2525 2523
f 2260 2303 2540
f 2260 2540 2541
f 2260 2541 2262
f 2261 2268 2542
f 2261 2542 2275
f 2262 2541 2543
f 2262 2543 2544
f 2262 2544 2263
f 2263 2544 2545
f 2263 2545 2264
f 2264 2546 2265
f 2264 2545 2547
f 2264 2547 2548
f 2264 2548 2549
f 2264 2549 2550
f 2264 2550 2546
f 2265 2546 2551
f 2265 2551 2552
f 2265 2552 2553
f 2265 2553 2266
f 2266 2553 2554
f 2266 2554 2267
f 2267 2554 2555
f 2267 2555 2556
f 2267 2556 2557
f 2267 2557 2558
f 2267 2558 2268
f 2268 2558 2557
f 2268 2557 2542
f 2269 2271 2280
f 2271 2559 2281
f 2271 2274 2559
f 2272 2279 2278
f 2272 2278 2560
f 2272 2560 2274
f 2272 2274 2273
f 2274 2560 2561
f 2274 2561 2559
f 2275 2542 2562
f 2275 2562 2276
f 2276 2562 2563
f 2276 2563 2564
f 2276 2564 2277
f 2277 2565 2278
f 2277 2564 2566
f 2277 2566 2565
f 2278 2565 2560
f 2281 2559 2567
f 2281 2567 2568
f 2281 2568 2283
f 2281 2283 2282
f 2283 2568 2569
f 2283 2569 2289
f 2285 2570 2288
f 2285 2286 2571
f 2285 2571 2570
f 2286 2289 2572
f 2286 2572 2571
f 2288 2570 2571
f 2288 2571 2573
f 2288 2573 2574
f 2288 2574 2575
f 2288 2575 2576
f 2288 2576 2535
f 2288 2535 2577
f 2288 2577 2290
f 2289 2578 2579
f 2289 2579 2572
f 2289 2569 2578
f 2290 2537 2291
f 2290 2577 2537
f 2292 2297 2580
f 2293 2580 2299
f 2293 2299 2298
f 2294 2581 2295
f 2295 2581 2582
f 2295 2582 2583
f 2295 2583 2296
f 2296 2583 2297
f 2297 2584 2299
f 2297 2299 2580
f 2297 2583 2584
f 2299 2584 2585
f 2299 2585 2301
f 2301 2585 2586
f 2301 2586 2587
f 2301 2587 2302
f 2302 2587 2303
f 2303 2587 2588
f 2303 2588 2589
f 2303 2589 2590
f 2303 2590 2540
f 2304 2591 2307
f 2305 2307 2592
f 2307 2591 2593
f 2307 2593 2594
f 2307 2594 2592
f 2308 2595 2596
f 2308 2596 2598
f 2308 2598 2310
f 2308 2592 2597
f 2308 2597 2595
f 2309 2312 2602
f 2309 2602 2313
f 2310 2598 2311
f 2311 2598 2599
f 2311 2599 2600
f 2311 2600 2601
f 2311 2601 2602
f 2311 2602 2312
f 2313 2602 2601
f 2313 2601 2314
f 2314 2601 2315
f 2315 2601 2603
f 2315 2603 2604
f 2315 2604 2316
f 2316 2604 2605
f 2316 2605 2606
f 2316 2606 2323
f 2316 2323 2317
f 2317 2323 2318
f 2320 2323 2606
f 2320 2606 2321
f 2321 2606 2607
f 2321 2607 2322
f 2322 2607 2608
f 2322 2608 2609
f 2322 2609 2324
f 2324 2610 2325
f 2324 2609 2610
f 2325 2610 2611
f 2325 2611 2612
f 2325 2612 2326
f 2326 2612 2613
f 2326 2613 2614
f 2326 2614 2615
f 2326 2615 2327
f 2327 2615 2616
f 2327 2616 2617
f 2327 2617 2328
f 2328 2617 2618
f 2328 2618 2330
f 2330 2618 2619
f 2330 2619 2331
f 2331 2619 2332
f 2332 2619 2333
f 2333 2619 2618
f 2333 2618 2334
f 2334 2618 2620
f 2334 2620 2621
f 2334 2621 2622
f 2334 2622 2335
f 2335 2622 2336
f 2336 2622 2337
f 2337 2622 2621
f 2337 2621 2338
f 2338 2621 2623
f 2338 2623 2339
f 2339 2623 2624
f 2339 2624 2625
f 2339 2625 2340
f 2340 2625 2341
f 2341 2625 2626
f 2341 2626 2627
f 2341 2627 2342
f 2342 2627 2628
f 2342 2628 2629
f 2342 2629 2630
f 2342 2630 2343
f 2343 2630 2344
f 2344 2346 2345
f 2344 2630 2631
f 2344 2631 2346
f 2346 2631 2347
f 2347 2631 2630
f 2347 2630 2632
f 2347 2632 2633
f 2347 2633 2348
f 2348 2633 2634
f 2348 2634 2350
f 2348 2350 2349
f 2350 2634 2635
f 2350 2635 2636
f 2350 2636 2351
f 2351 2354 2353
f 2351 2353 2352
f 2351 2636 2354
f 2354 2636 2637
f 2354 2637 2355
f 2355 2637 2636
f 2355 2636 2638
f 2355 2638 2639
f 2355 2639 2640
f 2355 2640 2641
f 2355 2641 2356
f 2356 2641 2357
f 2357 2641 2642
f 2357 2642 2643
f 2357 2643 2358
f 2358 2643 2359
f 2359 2643 2360
f 2360 2643 2362
f 2362 2643 2363
f 2363 2643 2364
f 2364 2643 2365
f 2365 2643 2644
f 2365 2644 2645
f 2365 2645 2366
f 2366 2645 2646
f 2366 2646 2367
f 2367 2646 2368
f 2368 2647 2648
f 2368 2648 2369
f 2368 2646 2649
f 2368 2649 2650
f 2368 2650 2651
f 2368 2651 2652
f 2368 2652 2653
f 2368 2653 2647
f 2369 2648 2373
f 2369 2373 2370
f 2372 2375 2654
f 2373 2648 2655
f 2373 2655 2656
f 2373 2656 2374
f 2374 2657 2375
f 2374 2656 2658
f 2374 2658 2657
f 2375 2657 2659
f 2375 2659 2660
f 2375 2660 2661
f 2375 2661 2654
f 2376 2395 2662
f 2376 2662 2377
f 2377 2662 2378
f 2378 2662 2663
f 2378 2663 2396
f 2381 2664 2665
f 2381 2665 2383
f 2381 2383 2382
f 2383 2665 2384
f 2384 2666 2386
f 2384 2386 2385
f 2384 2665 2667
f 2384 2667 2668
f 2384 2668 2666
f 2386 2666 2388
f 2388 2666 2669
f 2388 2669 2670
f 2388 2670 2671
f 2388 2671 2672
f 2388 2672 2389
f 2389 2672 2391
f 2389 2391 2390
f 2391 2672 2392
f 2392 2672 2673
f 2392 2673 2394
f 2394 2673 2674
f 2394 2674 2395
f 2395 2674 2675
f 2395 2675 2662
f 2396 2663 2676
f 2396 2676 2677
f 2396 2677 2397
f 2397 2402 2401
f 2397 2400 2398
f 2397 2677 2678
f 2397 2678 2679
f 2397 2679 2402
f 2402 2679 2680
f 2402 2680 2681
f 2402 2681 2403
f 2403 2681 2682
f 2403 2682 2407
f 2404 2683 2684
f 2404 2684 2686
f 2404 2686 2405
f 2404 2407 2685
f 2404 2685 2683
f 2405 2686 2406
f 2406 2686 2687
f 2406 2687 2408
f 2407 2682 2688
f 2407 2688 2685
f 2408 2687 2409
f 2409 2687 2686
f 2409 2686 2689
f 2409 2689 2690
f 2409 2690 2410
f 2410 2690 2414
f 2410 2414 2413
f 2411 2416 2418
f 2411 2418 2417
f 2411 2417 2412
f 2414 2690 2691
f 2414 2691 2692
f 2414 2692 2693
f 2414 2693 2694
f 2414 2694 2415
f 2415 2695 2416
f 2415 2694 2695
f 2416 2695 2694
f 2416 2694 2696
f 2416 2696 2697
f 2416 2697 2425
f 2416 2425 2424
f 2419 2504 2698
f 2419 2698 2420
f 2420 2698 2699
f 2420 2699 2700
f 2420 2700 2421
f 2421 2700 2423
f 2421 2423 2422
f 2423 2700 2701
f 2425 2697 2426
f 2426 2697 2702
f 2426 2702 2703
f 2426 2703 2704
f 2426 2704 2705
f 2426 2705 2706
f 2426 2706 2707
f 2426 2707 2427
f 2427 2707 2428
f 2428 2707 2706
f 2428 2706 2431
f 2429 2433 2430
f 2430 2433 2708
f 2430 2708 2438
f 2430 2438 2437
f 2430 2437 2435
f 2430 2435 2434
f 2431 2706 2705
f 2431 2705 2709
f 2431 2709 2433
f 2431 2433 2432
f 2433 2709 2710
f 2433 2710 2711
f 2433 2711 2712
f 2433 2712 2981
f 2433 2981 2708
f 2438 2708 2713
f 2438 2713 2714
f 2438 2714 2439
f 2439 2714 2715
f 2439 2715 2716
f 2439 2716 2717
f 2439 2717 2718
f 2439 2718 2440
f 2440 2718 2719
f 2440 2719 2441
f 2441 2719 2718
f 2441 2718 2720
f 2441 2720 2721
f 2441 2721 2442
f 2442 2721 2722
f 2442 2722 2443
f 2443 2722 2444
f 2444 2722 2723
f 2444 2723 2445
f 2445 2723 2724
f 2445 2724 2446
f 2446 2725 2447
f 2446 2724 2725
f 2447 2725 2448
f 2448 2453 2449
f 2448 2725 2453
f 2450 2454 2725
f 2450 2725 2451
f 2451 2726 2452
f 2451 2725 2726
f 2452 2726 2727
f 2452 2727 2728
f 2452 2728 2455
f 2453 2725 2454
f 2455 2728 2729
f 2455 2729 2456
f 2456 2729 2730
f 2456 2730 2457
f 2457 2731 2458
f 2457 2730 2731
f 2458 2731 2732
f 2458 2732 2733
f 2458 2733 2459
f 2459 2733 2734
f 2459 2734 2735
f 2459 2735 2460
f 2460 2735 2461
f 2461 2735 2736
f 2461 2736 2737
f 2461 2737 2462
f 2462 2737 2463
f 2463 2737 2736
f 2463 2736 2738
f 2463 2738 2739
f 2463 2739 2740
f 2463 2740 2741
f 2463 2741 2742
f 2463 2742 2743
f 2463 2743 2466
f 2466 2743 2744
f 2466 2744 2467
f 2467 2745 2746
f 2467 2746 2747
f 2467 2747 2468
f 2467 2744 2748
f 2467 2748 2749
f 2467 2749 2745
f 2468 2747 2469
f 2469 2747 2471
f 2469 2471 2470
f 2471 2747 2472
f 2472 2747 2746
f 2472 2746 2745
f 2472 2745 2480
f 2473 2479 2750
f 2473 2750 2474
f 2474 2750 2475
f 2475 2750 2751
f 2475 2751 2752
f 2475 2752 2483
f 2476 2753 2754
f 2476 2754 2477
f 2476 2482 2755
f 2476 2755 2753
f 2477 2754 2750
f 2477 2750 2478
f 2478 2750 2479
f 2480 2749 2756
f 2480 2756 2482
f 2480 2482 2481
f 2480 2745 2749
f 2482 2756 2757
f 2482 2757 2755
f 2483 2752 2758
f 2483 2758 2484
f 2484 2758 2759
f 2484 2759 2760
f 2484 2760 2485
f 2485 2760 2761
f 2485 2761 2762
f 2485 2762 2486
f 2486 2762 2763
f 2486 2763 2487
f 2487 2763 2488
f 2488 2763 2489
f 2489 2763 2492
f 2490 2764 2765
f 2490 2765 2491
f 2490 2493 2766
f 2490 2766 2764
f 2491 2765 2498
f 2492 2763 2767
f 2492 2767 2768
f 2492 2768 2493
f 2493 2768 2769
f 2493 2769 2766
f 2494 2499 2770
f 2494 2770 2771
f 2494 2771 2495
f 2495 2771 2772
f 2495 2772 2496
f 2496 2501 2500
f 2496 2772 2773
f 2496 2773 2501
f 2498 2770 2499
f 2498 2765 2770
f 2501 2774 2502
f 2501 2773 2775
f 2501 2775 2776
f 2501 2776 2777
f 2501 2777 2778
f 2501 2778 2774
f 2502 2774 3055
f 2502 3055 2779
f 2502 2779 2505
f 2503 2505 2780
f 2503 2780 2781
f 2503 2781 2782
f 2503 2782 2504
f 2504 2782 2783
f 2504 2783 2784
f 2504 2784 2698
f 2505 2779 2780
f 2506 2507 2531
f 2506 2531 2785
f 2506 2785 2508
f 2508 2785 2786
f 2508 2786 2509
f 2509 2786 2787
f 2509 2787 2788
f 2509 2788 2789
f 2509 2789 2510
f 2510 2789 2790
f 2510 2790 2513
f 2511 2791 2512
f 2512 2791 2792
f 2512 2792 2516
f 2513 2790 2514
f 2514 2790 2515
f 2515 2790 2793
f 2515 2793 2791
f 2516 2792 2794
f 2516 2794 2795
f 2516 2795 2796
f 2516 2796 2797
f 2516 2797 2517
f 2517 2797 2798
f 2517 2798 2799
f 2517 2799 2800
f 2517 2800 2801
f 2517 2801 2518
f 2518 2801 2802
f 2518 2802 2519
f 2519 2802 3082
f 2519 3082 2803
f 2519 2803 2520
f 2520 2803 2804
f 2520 2804 2805
f 2520 2805 2806
f 2520 2806 2522
f 2522 2806 2807
f 2522 2807 2523
f 2523 2525 2524
f 2523 2807 2806
f 2523 2806 2808
f 2526 2536 2809
f 2526 2809 2527
f 2527 2809 2528
f 2528 2809 2810
f 2528 2810 2811
f 2528 2811 2529
f 2529 2811 2812
f 2529 2812 2530
f 2530 2812 2531
f 2531 2812 2785
f 2532 2539 2538
f 2532 2538 2813
f 2532 2813 2534
f 2532 2534 2533
f 2534 2813 2535
f 2535 2576 2814
f 2535 2814 2815
f 2535 2815 2816
f 2535 2816 2817
f 2535 2817 2818
f 2535 2818 2819
f 2535 2819 2820
f 2535 2820 2821
f 2535 2821 2536
f 2535 2813 2538
f 2535 2538 2577
f 2536 2821 2809
f 2537 2577 2538
f 2540 2590 2822
f 2540 2822 2541
f 2541 2822 2823
f 2541 2823 2543
f 2542 2557 2562
f 2543 2547 2544
f 2543 2823 2548
f 2543 2548 2547
f 2544 2547 2545
f 2546 2550 2824
f 2546 2824 2551
f 2548 2825 2826
f 2548 2826 2827
f 2548 2827 2828
f 2548 2828 2829
f 2548 2829 2549
f 2548 2823 2825
f 2549 2829 2550
f 2550 2829 2828
f 2550 2828 2830
f 2550 2830 2824
f 2551 2831 2552
f 2551 2824 2831
f 2552 2831 2553
f 2553 2831 2832
f 2553 2832 2833
f 2553 2833 2554
f 2554 2833 2832
f 2554 2832 2834
f 2554 2834 2835
f 2554 2835 2555
f 2555 2834 2836
f 2555 2836 2557
f 2555 2557 2556
f 2555 2835 2834
f 2557 2836 2837
f 2557 2837 2562
f 2559 2561 2567
f 2560 2565 2838
f 2560 2838 2561
f 2561 2838 2567
f 2562 2837 2563
f 2563 2837 2839
f 2563 2839 2840
f 2563 2840 2841
f 2563 2841 2564
f 2564 2842 2843
f 2564 2843 2566
f 2564 2841 2842
f 2565 2566 2844
f 2565 2844 2838
f 2566 2843 2844
f 2567 2845 2569
f 2567 2569 2568
f 2567 2838 2846
f 2567 2846 2845
f 2569 2845 2578
f 2571 2572 2847
f 2571 2847 2573
f 2572 2579 2847
f 2573 2847 2848
f 2573 2848 2574
f 2574 2849 2575
f 2574 2848 2850
f 2574 2850 2851
f 2574 2851 2849
f 2575 2849 2814
f 2575 2814 2576
f 2578 2845 2579
f 2579 2852 2847
f 2579 2845 2852
f 2581 2853 2582
f 2582 2853 2854
f 2582 2854 2583
f 2583 2854 2855
f 2583 2855 2586
f 2583 2586 2584
f 2584 2586 2585
f 2586 2855 2587
f 2587 2855 2856
f 2587 2856 2857
f 2587 2857 2588
f 2588 2857 2589
f 2589 2857 2858
f 2589 2858 2590
f 2590 2858 2859
f 2590 2859 2860
f 2590 2860 2823
f 2590 2823 2822
f 2592 2594 2597
f 2593 2861 2862
f 2593 2862 2594
f 2594 2862 2597
f 2595 2863 2596
f 2595 2597 2864
f 2595 2864 2863
f 2596 2863 2865
f 2596 2865 2599
f 2596 2599 2598
f 2597 2862 2861
f 2597 2861 2866
f 2597 2866 2864
f 2599 2865 3159
f 2599 3159 2867
f 2599 2867 2600
f 2600 2867 2868
f 2600 2868 2604
f 2600 2604 2603
f 2600 2603 2601
f 2604 2869 2605
f 2604 2868 2869
f 2605 2870 2871
f 2605 2871 2606
f 2605 2869 2872
f 2605 2872 2870
f 2606 2873 2607
f 2606 2871 2873
f 2607 2873 2874
f 2607 2874 2875
f 2607 2875 2876
f 2607 2876 2608
f 2608 2876 2877
f 2608 2877 2878
f 2608 2878 2609
f 2609 2879 2880
f 2609 2880 2881
f 2609 2881 2610
f 2609 2878 2879
f 2610 2881 2882
f 2610 2882 2611
f 2611 2882 2883
f 2611 2883 2612
f 2612 2883 2884
f 2612 2884 2613
f 2613 2885 2615
f 2613 2615 2614
f 2613 2884 2886
f 2613 2886 2887
f 2613 2887 2888
f 2613 2888 2889
f 2613 2889 2885
f 2615 2885 2616
f 2616 2885 2890
f 2616 2890 2617
f 2617 2891 2618
f 2617 2890 2892
f 2617 2892 2891
f 2618 2891 2893
f 2618 2893 2620
f 2620 2893 2621
f 2621 2893 2894
f 2621 2894 2895
f 2621 2895 2623
f 2623 2895 2896
f 2623 2896 2897
f 2623 2897 2624
f 2624 2897 2625
f 2625 2897 2898
f 2625 2898 2626
f 2626 2898 2899
f 2626 2899 2900
f 2626 2900 2628
f 2626 2628 2627
f 2628 2900 3198
f 2628 3198 2901
f 2628 2901 2902
f 2628 2902 2632
f 2628 2632 2629
f 2629 2632 2630
f 2632 2902 2633
f 2633 2902 2636
f 2633 2636 2635
f 2633 2635 2634
f 2636 2903 2904
f 2636 2904 2905
f 2636 2905 2906
f 2636 2906 2907
f 2636 2907 2908
f 2636 2908 2639
f 2636 2639 2638
f 2636 2902 2909
f 2636 2909 2903
f 2639 2907 2910
f 2639 2910 2911
f 2639 2911 2912
f 2639 2912 2641
f 2639 2641 2640
f 2639 2908 2907
f 2641 2912 2642
f 2642 2644 2643
f 2642 2912 2913
f 2642 2913 2914
f 2642 2914 2644
f 2644 2914 2645
f 2645 2914 2915
f 2645 2915 2916
f 2645 2916 2646
f 2646 2916 2650
f 2646 2650 2649
f 2647 2653 2917
f 2647 2917 2656
f 2647 2656 2648
f 2648 2656 2655
f 2650 2916 2915
f 2650 2915 2918
f 2650 2918 2651
f 2651 2918 2915
f 2651 2915 2919
f 2651 2919 2920
f 2651 2920 2652
f 2652 2920 2921
f 2652 2921 2653
f 2653 2921 2917
f 2656 2917 2922
f 2656 2922 2923
f 2656 2923 2658
f 2657 2924 2660
f 2657 2660 2659
f 2657 2658 2925
f 2657 2925 2926
f 2657 2926 2927
f 2657 2927 2928
f 2657 2928 2924
f 2658 2929 2930
f 2658 2930 2925
f 2658 2923 2922
f 2658 2922 2929
f 2660 2924 2931
f 2660 2931 2932
f 2660 2932 2933
f 2660 2933 2661
f 2662 2675 2663
f 2663 2675 2934
f 2663 2934 2935
f 2663 2935 2936
f 2663 2936 2676
f 2664 2667 2665
f 2666 2668 2937
f 2666 2937 2938
f 2666 2938 2669
f 2667 2939 2668
f 2668 2940 2937
f 2668 2939 2941
f 2668 2941 2942
f 2668 2942 2940
f 2669 2938 2670
f 2670 2938 2943
f 2670 2943 2944
f 2670 2944 2671
f 2671 2944 2673
f 2671 2673 2945
f 2671 2945 2672
f 2672 2945 2673
f 2673 2944 2946
f 2673 2946 2947
f 2673 2947 2674
f 2674 2947 2948
f 2674 2948 2949
f 2674 2949 2950
f 2674 2950 2951
f 2674 2951 2952
f 2674 2952 2936
f 2674 2936 2934
f 2674 2934 2675
f 2676 2936 2953
f 2676 2953 2678
f 2676 2678 2677
f 2678 2954 2955
f 2678 2955 2680
f 2678 2680 2679
f 2678 2953 2956
f 2678 2956 2954
f 2680 2955 2681
f 2681 2955 2957
f 2681 2957 2958
f 2681 2958 2959
f 2681 2959 2682
f 2682 2959 2958
f 2682 2958 2688
f 2683 2960 2684
f 2683 2685 2960
f 2684 2960 2961
f 2684 2961 2686
f 2685 2962 2963
f 2685 2963 2964
f 2685 2964 2965
f 2685 2965 2966
f 2685 2966 2967
f 2685 2967 2968
f 2685 2968 2960
f 2685 2688 2958
f 2685 2958 2962
f 2686 2961 2689
f 2689 2961 2969
f 2689 2969 2970
f 2689 2970 2690
f 2690 2970 2691
f 2691 2970 2971
f 2691 2971 2692
f 2692 2972 2696
f 2692 2696 2693
f 2692 2971 2973
f 2692 2973 2972
f 2693 2696 2694
f 2696 2972 2974
f 2696 2974 2702
f 2696 2702 2697
f 2698 2784 2975
f 2698 2975 2699
f 2699 2975 2976
f 2699 2976 2700
f 2700 2976 2977
f 2700 2977 2701
f 2702 2974 2978
f 2702 2978 2703
f 2703 2978 2979
f 2703 2979 2704
f 2704 2709 2705
f 2704 2979 2980
f 2704 2980 2710
f 2704 2710 2709
f 2708 2981 2982
f 2708 2982 2713
f 2710 2980 2983
f 2710 2983 2711
f 2711 2983 2984
f 2711 2984 2981
f 2711 2981 2712
f 2713 2982 2981
f 2713 2981 2714
f 2714 2981 2985
f 2714 2985 2715
f 2715 2985 2984
f 2715 2984 2986
f 2715 2986 2987
f 2715 2987 2716
f 2716 2988 2717
f 2716 2987 2989
f 2716 2989 2988
f 2717 2988 2990
f 2717 2990 2991
f 2717 2991 2992
f 2717 2992 2718
f 2718 2721 2720
f 2718 2992 2993
f 2718 2993 2994
f 2718 2994 2995
f 2718 2995 2996
f 2718 2996 2721
f 2721 2996 2722
f 2722 2996 2997
f 2722 2997 2998
f 2722 2998 2999
f 2722 2999 3000
f 2722 3000 3001
f 2722 3001 2723
f 2723 3002 2724
f 2723 3001 3003
f 2723 3003 3004
f 2723 3004 3005
f 2723 3005 3006
f 2723 3006 3002
f 2724 3002 3007
f 2724 3007 3008
f 2724 3008 2725
f 2725 3008 3009
f 2725 3009 3010
f 2725 3010 2726
f 2726 3010 3009
f 2726 3009 3011
f 2726 3011 2727
f 2727 3012 2729
f 2727 2729 2728
f 2727 3011 3013
f 2727 3013 3012
f 2729 3012 2730
f 2730 3012 3013
f 2730 3013 2731
f 2731 3013 2732
f 2732 3013 3014
f 2732 3014 3015
f 2732 3015 2734
f 2732 2734 2733
f 2734 3015 2735
f 2735 3015 3016
f 2735 3016 3017
f 2735 3017 2738
f 2735 2738 2736
f 2738 3017 2739
f 2739 3018 2740
f 2739 3017 3018
f 2740 3018 3019
f 2740 3019 2741
f 2741 3020 3021
f 2741 3021 2743
f 2741 2743 2742
f 2741 3019 3022
f 2741 3022 3023
f 2741 3023 3020
f 2743 3021 3024
f 2743 3024 3025
f 2743 3025 3026
f 2743 3026 3027
f 2743 3027 3028
f 2743 3028 2744
f 2744 3028 3029
f 2744 3029 3030
f 2744 3030 2748
f 2748 3030 3031
f 2748 3031 2749
f 2749 3031 3032
f 2749 3032 3033
f 2749 3033 2756
f 2750 3034 2752
f 2750 2752 2751
f 2750 2754 3034
f 2752 3034 2754
f 2752 2754 2753
f 2752 2753 3035
f 2752 3035 3036
f 2752 3036 3037
f 2752 3037 2759
f 2752 2759 2758
f 2753 2755 2757
f 2753 2757 3038
f 2753 3038 3039
f 2753 3039 3040
f 2753 3040 3035
f 2756 3033 3041
f 2756 3041 2757
f 2757 3041 3042
f 2757 3042 3038
f 2759 3037 3040
f 2759 3040 3043
f 2759 3043 3044
f 2759 3044 2760
f 2760 3044 3045
f 2760 3045 2762
f 2760 2762 2761
f 2762 3045 2763
f 2763 3045 3046
f 2763 3046 2767
f 2764 3047 3048
f 2764 3048 2765
f 2764 2766 3047
f 2765 3048 2773
f 2765 2773 2770
f 2766 2769 3049
f 2766 3049 3050
f 2766 3050 3047
f 2767 3046 3051
f 2767 3051 2768
f 2768 3051 3052
f 2768 3052 3053
f 2768 3053 2769
f 2769 3053 3049
f 2770 2773 2772
f 2770 2772 2771
f 2773 3048 2775
f 2774 2778 3054
f 2774 3054 3055
f 2775 2777 2776
f 2775 3048 3056
f 2775 3056 3057
f 2775 3057 2777
f 2777 3054 2778
f 2777 3057 3054
f 2779 3055 3058
f 2779 3058 3059
f 2779 3059 2780
f 2780 3059 3060
f 2780 3060 2781
f 2781 3060 2783
f 2781 2783 2782
f 2783 3060 3061
f 2783 3061 2975
f 2783 2975 2784
f 2785 2812 3062
f 2785 3062 3063
f 2785 3063 3064
f 2785 3064 2787
f 2785 2787 2786
f 2787 3064 3065
f 2787 3065 3066
f 2787 3066 2788
f 2788 3066 3067
f 2788 3067 3068
f 2788 3068 3069
f 2788 3069 2789
f 2789 3069 2790
f 2790 3069 3068
f 2790 3068 2793
f 2791 2795 2794
f 2791 2794 2792
f 2791 2793 3070
f 2791 3070 2795
f 2793 3068 3370
f 2793 3370 3070
f 2795 3071 3073
f 2795 3073 3072
f 2795 3072 2796
f 2795 3070 3071
f 2796 3072 3073
f 2796 3073 3074
f 2796 3074 2799
f 2796 2799 2798
f 2796 2798 2797
f 2799 3074 3075
f 2799 3075 3376
f 2799 3376 3076
f 2799 3076 3077
f 2799 3077 2800
f 2800 3077 2801
f 2801 3078 3079
f 2801 3079 2802
f 2801 3077 3078
f 2802 3079 3080
f 2802 3080 3081
f 2802 3081 3082
f 2803 3082 2804
f 2804 3082 3083
f 2804 3083 3084
f 2804 3084 3085
f 2804 3085 3086
f 2804 3086 2805
f 2805 3086 2806
f 2806 3086 3087
f 2806 3087 3088
f 2806 3088 3089
f 2806 3089 2808
f 2809 2821 3090
f 2809 3090 2810
f 2810 3090 3091
f 2810 3091 2811
f 2811 3091 3062
f 2811 3062 2812
f 2814 2849 2815
f 2815 2849 2851
f 2815 2851 3092
f 2815 3092 2816
f 2816 3093 3094
f 2816 3094 3095
f 2816 3095 2817
f 2816 3092 3093
f 2817 3095 3096
f 2817 3096 3097
f 2817 3097 2818
f 2818 3097 3098
f 2818 3098 2819
f 2819 3099 3100
f 2819 3100 2820
f 2819 3098 3101
f 2819 3101 3099
f 2820 3100 2821
f 2821 3100 3102
f 2821 3102 3090
f 2823 2860 3103
f 2823 3103 3104
f 2823 3104 2825
f 2824 2830 3105
f 2824 3105 3106
f 2824 3106 3107
f 2824 3107 2831
f 2825 3104 3103
f 2825 3103 3108
f 2825 3108 3109
f 2825 3109 2826
f 2826 3109 3110
f 2826 3110 3111
f 2826 3111 2827
f 2827 3112 3105
f 2827 3105 2828
f 2827 3111 3113
f 2827 3113 3112
f 2828 3105 2830
f 2831 3107 2832
f 2832 3107 3114
f 2832 3114 2834
f 2834 3114 3107
f 2834 3107 3115
f 2834 3115 3116
f 2834 3116 3117
f 2834 3117 3118
f 2834 3118 3119
f 2834 3119 2836
f 2836 3119 2837
f 2837 3119 2839
f 2838 3120 2846
f 2838 2844 3121
f 2838 3121 3122
f 2838 3122 3120
f 2839 3123 3124
f 2839 3124 2840
f 2839 3119 3123
f 2840 3124 3125
f 2840 3125 2841
f 2841 3125 3126
f 2841 3126 3127
f 2841 3127 3128
f 2841 3128 2842
f 2842 3128 3032
f 2842 3032 3129
f 2842 3129 2843
f 2843 3129 2844
f 2844 3130 3122
f 2844 3122 3121
f 2844 3129 3131
f 2844 3131 3132
f 2844 3132 3130
f 2845 2846 3133
f 2845 3133 3134
f 2845 3134 3135
f 2845 3135 2852
f 2846 3120 3133
f 2847 2852 3136
f 2847 3136 2848
f 2848 3136 3137
f 2848 3137 3138
f 2848 3138 2850
f 2850 3138 3139
f 2850 3139 3140
f 2850 3140 2851
f 2851 3140 3141
f 2851 3141 3093
f 2851 3093 3092
f 2852 3135 3136
f 2853 3142 2854
f 2854 3142 3143
f 2854 3143 3144
f 2854 3144 3145
f 2854 3145 3146
f 2854 3146 3147
f 2854 3147 3148
f 2854 3148 3149
f 2854 3149 2855
f 2855 3149 3150
f 2855 3150 3151
f 2855 3151 2856
f 2856 3151 2857
f 2857 3151 2859
f 2857 2859 2858
f 2859 3151 3152
f 2859 3152 2860
f 2860 3152 3153
f 2860 3153 3103
f 2861 3154 2866
f 2863 3155 2865
f 2863 2864 3156
f 2863 3156 3155
f 2864 2866 3157
f 2864 3157 3158
f 2864 3158 3156
f 2865 3155 3159
f 2866 3154 3157
f 2867 3159 3160
f 2867 3160 3161
f 2867 3161 3162
f 2867 3162 3163
f 2867 3163 2868
f 2868 2872 2869
f 2868 3163 2872
f 2870 2874 2873
f 2870 2873 2871
f 2870 2872 2874
f 2872 3163 3164
f 2872 3164 2874
f 2874 3164 3165
f 2874 3165 2875
f 2875 3165 3166
f 2875 3166 3167
f 2875 3167 2876
f 2876 3167 3169
f 2876 3169 3168
f 2876 3168 2877
f 2877 3168 2878
f 2878 3168 3169
f 2878 3169 2879
f 2879 3170 3171
f 2879 3171 3172
f 2879 3172 2880
f 2879 3169 3173
f 2879 3173 3170
f 2880 3172 3174
f 2880 3174 2881
f 2881 3174 3175
f 2881 3175 2882
f 2882 3175 2883
f 2883 3175 3176
f 2883 3176 3177
f 2883 3177 2886
f 2883 2886 2884
f 2885 3178 3179
f 2885 3179 3180
f 2885 3180 2890
f 2885 2889 3181
f 2885 3181 3182
f 2885 3182 3178
f 2886 3177 2887
f 2887 3177 3183
f 2887 3183 3184
f 2887 3184 3185
f 2887 3185 2888
f 2888 3185 2889
f 2889 3185 3186
f 2889 3186 3181
f 2890 3180 3187
f 2890 3187 3188
f 2890 3188 3189
f 2890 3189 3190
f 2890 3190 3191
f 2890 3191 2892
f 2891 2892 2893
f 2892 3191 3192
f 2892 3192 3193
f 2892 3193 2896
f 2892 2896 2894
f 2892 2894 2893
f 2894 2896 2895
f 2896 2899 2897
f 2896 3193 3194
f 2896 3194 3195
f 2896 3195 2899
f 2897 2899 2898
f 2899 3196 2900
f 2899 3195 3197
f 2899 3197 3196
f 2900 3196 3198
f 2901 3198 2909
f 2901 2909 2902
f 2903 3199 2904
f 2903 2909 3200
f 2903 3200 3198
f 2903 3198 3201
f 2903 3201 3199
f 2904 3199 3202
f 2904 3202 2905
f 2905 3202 3199
f 2905 3199 3203
f 2905 3203 3204
f 2905 3204 3205
f 2905 3205 3206
f 2905 3206 2906
f 2906 3206 2907
f 2907 3206 3207
f 2907 3207 3208
f 2907 3208 3209
f 2907 3209 2910
f 2909 3198 3200
f 2910 3209 3210
f 2910 3210 3211
f 2910 3211 2911
f 2911 3211 2912
f 2912 3211 3212
f 2912 3212 2913
f 2913 3212 3213
f 2913 3213 3214
f 2913 3214 2914
f 2914 3214 2915
f 2915 3214 2919
f 2917 2921 3215
f 2917 3215 2922
f 2919 3216 3217
f 2919 3217 2920
f 2919 3214 3216
f 2920 3217 3218
f 2920 3218 3219
f 2920 3219 3220
f 2920 3220 2921
f 2921 3220 3221
f 2921 3221 2922
f 2921 2922 3215
f 2922 3221 3222
f 2922 3222 2929
f 2924 2928 3223
f 2924 3223 2931
f 2925 2930 3224
f 2925 3224 2926
f 2926 3224 2927
f 2927 3225 3223
f 2927 3223 2928
f 2927 3224 3225
f 2929 3222 2930
f 2930 3222 3226
f 2930 3226 3227
f 2930 3227 3228
f 2930 3228 3229
f 2930 3229 3224
f 2931 3223 3230
f 2931 3230 3231
f 2931 3231 2932
f 2934 2936 2935
f 2936 2952 3232
f 2936 3232 3233
f 2936 3233 3234
f 2936 3234 2953
f 2937 2940 3235
f 2937 3235 2938
f 2938 3235 3236
f 2938 3236 2943
f 2940 2942 3237
f 2940 3237 3235
f 2941 3238 2942
f 2942 3238 3239
f 2942 3239 3240
f 2942 3240 3237
f 2943 3241 2944
f 2943 3236 3241
f 2944 3241 3242
f 2944 3242 3243
f 2944 3243 2946
f 2946 3243 2947
f 2947 3243 2948
f 2948 2950 2949
f 2948 3243 3244
f 2948 3244 3245
f 2948 3245 3246
f 2948 3246 2950
f 2950 3246 2951
f 2951 3246 3247
f 2951 3247 3248
f 2951 3248 3249
f 2951 3249 3250
f 2951 3250 2952
f 2952 3251 3233
f 2952 3233 3232
f 2952 3250 3252
f 2952 3252 3251
f 2953 3234 3233
f 2953 3233 2956
f 2954 2956 3253
f 2954 3253 3254
f 2954 3254 2955
f 2955 3254 2957
f 2956 3233 3255
f 2956 3255 3256
f 2956 3256 3253
f 2957 3254 2962
f 2957 2962 2958
f 2960 2968 2961
f 2961 2968 3257
f 2961 3257 2969
f 2962 3254 3258
f 2962 3258 3259
f 2962 3259 2963
f 2963 3259 3260
f 2963 3260 3261
f 2963 3261 3262
f 2963 3262 2964
f 2964 3262 3263
f 2964 3263 3264
f 2964 3264 3265
f 2964 3265 2965
f 2965 3265 3266
f 2965 3266 3267
f 2965 3267 2966
f 2966 3267 2970
f 2966 2970 3257
f 2966 3257 2968
f 2966 2968 2967
f 2969 3257 2970
f 2970 3267 3266
f 2970 3266 3268
f 2970 3268 3269
f 2970 3269 3270
f 2970 3270 2973
f 2970 2973 2971
f 2972 2973 3271
f 2972 3271 2978
f 2972 2978 2974
f 2973 3270 3272
f 2973 3272 3273
f 2973 3273 3271
f 2975 3061 2976
f 2976 3061 3274
f 2976 3274 3275
f 2976 3275 3276
f 2976 3276 2977
f 2978 3271 2979
f 2979 3271 3273
f 2979 3273 2980
f 2980 3273 3277
f 2980 3277 3278
f 2980 3278 2983
f 2981 2984 2985
f 2983 3278 2984
f 2984 3278 2986
f 2986 3277 3272
f 2986 3272 3279
f 2986 3279 3280
f 2986 3280 3281
f 2986 3281 2987
f 2986 3278 3277
f 2987 3281 3282
f 2987 3282 2989
f 2988 3283 2990
f 2988 2989 3284
f 2988 3284 3285
f 2988 3285 3286
f 2988 3286 3287
f 2988 3287 3283
f 2989 3282 3288
f 2989 3288 3285
f 2989 3285 3284
f 2990 3283 3289
f 2990 3289 3290
f 2990 3290 2991
f 2991 3291 2992
f 2991 3290 3292
f 2991 3292 3293
f 2991 3293 3294
f 2991 3294 3291
f 2992 3291 2994
f 2992 2994 2993
f 2994 3291 3295
f 2994 3295 2995
f 2995 2997 2996
f 2995 3295 3296
f 2995 3296 3297
f 2995 3297 3298
f 2995 3298 3299
f 2995 3299 3300
f 2995 3300 3301
f 2995 3301 2997
f 2997 2999 2998
f 2997 3301 2999
f 2999 3301 3000
f 3000 3004 3003
f 3000 3003 3001
f 3000 3301 3300
f 3000 3300 3302
f 3000 3302 3004
f 3002 3303 3304
f 3002 3304 3007
f 3002 3006 3303
f 3004 3305 3306
f 3004 3306 3307
f 3004 3307 3308
f 3004 3308 3309
f 3004 3309 3005
f 3004 3302 3305
f 3005 3309 3006
f 3006 3309 3308
f 3006 3308 3310
f 3006 3310 3311
f 3006 3311 3312
f 3006 3312 3303
f 3007 3304 3013
f 3007 3013 3011
f 3007 3011 3009
f 3007 3009 3008
f 3013 3304 3014
f 3014 3304 3313
f 3014 3313 3015
f 3015 3313 3016
f 3016 3313 3303
f 3016 3303 3312
f 3016 3312 3311
f 3016 3311 3314
f 3016 3314 3315
f 3016 3315 3017
f 3017 3315 3018
f 3018 3315 3316
f 3018 3316 3022
f 3018 3022 3019
f 3020 3023 3317
f 3020 3317 3021
f 3021 3317 3024
f 3022 3318 3319
f 3022 3319 3320
f 3022 3320 3321
f 3022 3321 3322
f 3022 3322 3023
f 3022 3316 3318
f 3023 3322 3321
f 3023 3321 3323
f 3023 3323 3324
f 3023 3324 3325
f 3023 3325 3317
f 3024 3317 3326
f 3024 3326 3327
f 3024 3327 3025
f 3025 3327 3328
f 3025 3328 3329
f 3025 3329 3330
f 3025 3330 3026
f 3026 3330 3027
f 3027 3330 3331
f 3027 3331 3030
f 3027 3030 3029
f 3027 3029 3028
f 3030 3331 3031
f 3031 3331 3332
f 3031 3332 3129
f 3031 3129 3032
f 3032 3128 3127
f 3032 3127 3033
f 3033 3127 3041
f 3035 3040 3036
f 3036 3040 3037
f 3038 3042 3339
f 3038 3339 3333
f 3038 3333 3334
f 3038 3334 3039
f 3039 3335 3336
f 3039 3336 3040
f 3039 3334 3335
f 3040 3336 3043
f 3041 3127 3337
f 3041 3337 3338
f 3041 3338 3042
f 3042 3338 3339
f 3043 3336 3340
f 3043 3340 3341
f 3043 3341 3342
f 3043 3342 3044
f 3044 3342 3045
f 3045 3342 3046
f 3046 3342 3343
f 3046 3343 3344
f 3046 3344 3051
f 3047 3345 3346
f 3047 3346 3347
f 3047 3347 3348
f 3047 3348 3056
f 3047 3056 3048
f 3047 3050 3345
f 3049 3349 3350
f 3049 3350 3050
f 3049 3053 3351
f 3049 3351 3352
f 3049 3352 3349
f 3050 3350 3353
f 3050 3353 3345
f 3051 3354 3113
f 3051 3113 3355
f 3051 3355 3052
f 3051 3344 3356
f 3051 3356 3112
f 3051 3112 3354
f 3052 3355 3357
f 3052 3357 3358
f 3052 3358 3053
f 3053 3358 3359
f 3053 3359 3351
f 3054 3057 3348
f 3054 3348 3360
f 3054 3360 3055
f 3055 3360 3361
f 3055 3361 3058
f 3056 3348 3057
f 3058 3361 3060
f 3058 3060 3059
f 3060 3361 3362
f 3060 3362 3363
f 3060 3363 3061
f 3061 3363 3583
f 3061 3583 3274
f 3062 3091 3063
f 3063 3364 3365
f 3063 3365 3366
f 3063 3366 3367
f 3063 3367 3065
f 3063 3065 3064
f 3063 3091 3364
f 3065 3367 3066
f 3066 3367 3368
f 3066 3368 3067
f 3067 3369 3068
f 3067 3368 3369
f 3068 3369 3370
f 3070 3370 3371
f 3070 3371 3372
f 3070 3372 3071
f 3071 3373 3073
f 3071 3372 3373
f 3073 3374 3375
f 3073 3375 3376
f 3073 3376 3075
f 3073 3075 3074
f 3073 3373 3374
f 3076 3376 3377
f 3076 3377 3077
f 3077 3377 3378
f 3077 3378 3078
f 3078 3378 3079
f 3079 3379 3081
f 3079 3081 3080
f 3079 3378 3380
f 3079 3380 3379
f 3081 3381 3382
f 3081 3382 3082
f 3081 3379 3381
f 3082 3382 3083
f 3083 3383 3384
f 3083 3384 3385
f 3083 3385 3386
f 3083 3386 3084
f 3083 3382 3383
f 3084 3386 3085
f 3085 3386 3387
f 3085 3387 3388
f 3085 3388 3389
f 3085 3389 3087
f 3085 3087 3086
f 3087 3389 3390
f 3087 3390 3088
f 3088 3390 3089
f 3090 3102 3091
f 3091 3102 3391
f 3091 3391 3364
f 3093 3141 3094
f 3094 3141 3392
f 3094 3392 3096
f 3094 3096 3095
f 3096 3392 3393
f 3096 3393 3097
f 3097 3394 3395
f 3097 3395 3101
f 3097 3101 3098
f 3097 3393 3396
f 3097 3396 3397
f 3097 3397 3398
f 3097 3398 3399
f 3097 3399 3394
f 3099 3101 3400
f 3099 3400 3401
f 3099 3401 3402
f 3099 3402 3100
f 3100 3402 3403
f 3100 3403 3404
f 3100 3404 3102
f 3101 3395 3401
f 3101 3401 3400
f 3102 3404 3364
f 3102 3364 3391
f 3103 3153 3405
f 3103 3405 3406
f 3103 3406 3407
f 3103 3407 3408
f 3103 3408 3409
f 3103 3409 3108
f 3105 3112 3106
f 3106 3112 3410
f 3106 3410 3117
f 3106 3117 3115
f 3106 3115 3107
f 3108 3409 3411
f 3108 3411 3110
f 3108 3110 3109
f 3110 3411 3412
f 3110 3412 3358
f 3110 3358 3111
f 3111 3358 3357
f 3111 3357 3355
f 3111 3355 3113
f 3112 3356 3413
f 3112 3413 3410
f 3112 3113 3354
f 3115 3117 3116
f 3117 3414 3118
f 3117 3410 3415
f 3117 3415 3414
f 3118 3414 3119
f 3119 3414 3416
f 3119 3416 3417
f 3119 3417 3123
f 3120 3418 3133
f 3120 3122 3422
f 3120 3422 3418
f 3122 3130 3132
f 3122 3132 3419
f 3122 3419 3420
f 3122 3420 3421
f 3122 3421 3422
f 3123 3417 3423
f 3123 3423 3338
f 3123 3338 3124
f 3124 3338 3125
f 3125 3338 3126
f 3126 3338 3127
f 3127 3338 3337
f 3129 3332 3131
f 3131 3332 3331
f 3131 3331 3424
f 3131 3424 3132
f 3132 3424 3420
f 3132 3420 3419
f 3133 3418 3425
f 3133 3425 3426
f 3133 3426 3427
f 3133 3427 3428
f 3133 3428 3429
f 3133 3429 3134
f 3134 3429 3135
f 3135 3429 3430
f 3135 3430 3136
f 3136 3430 3431
f 3136 3431 3137
f 3137 3431 3432
f 3137 3432 3433
f 3137 3433 3434
f 3137 3434 3138
f 3138 3435 3139
f 3138 3434 3436
f 3138 3436 3700
f 3138 3700 3435
f 3139 3437 3141
f 3139 3141 3140
f 3139 3435 3437
f 3141 3438 3392
f 3141 3437 3439
f 3141 3439 3440
f 3141 3440 3441
f 3141 3441 3442
f 3141 3442 3443
f 3141 3443 3444
f 3141 3444 3438
f 3144 3445 3446
f 3144 3446 3145
f 3145 3446 3447
f 3145 3447 3448
f 3145 3448 3449
f 3145 3449 3146
f 3146 3449 3409
f 3146 3409 3408
f 3146 3408 3407
f 3146 3407 3406
f 3146 3406 3147
f 3147 3406 3148
f 3148 3406 3149
f 3149 3406 3405
f 3149 3405 3150
f 3150 3405 3151
f 3151 3405 3153
f 3151 3153 3152
f 3154 3450 3157
f 3155 3451 3160
f 3155 3160 3159
f 3155 3156 3453
f 3155 3453 3451
f 3156 3158 3452
f 3156 3452 3453
f 3157 3454 3158
f 3157 3450 3454
f 3158 3454 3452
f 3160 3451 3161
f 3161 3451 3455
f 3161 3455 3456
f 3161 3456 3457
f 3161 3457 3162
f 3162 3457 3458
f 3162 3458 3459
f 3162 3459 3163
f 3163 3459 3165
f 3163 3165 3164
f 3165 3460 3461
f 3165 3461 3462
f 3165 3462 3463
f 3165 3463 3464
f 3165 3464 3465
f 3165 3465 3466
f 3165 3466 3467
f 3165 3467 3166
f 3165 3459 3460
f 3166 3467 3167
f 3167 3467 3468
f 3167 3468 3169
f 3169 3468 3469
f 3169 3469 3471
f 3169 3471 3173
f 3170 3470 3472
f 3170 3472 3171
f 3170 3173 3471
f 3170 3471 3470
f 3171 3472 3473
f 3171 3473 3174
f 3171 3174 3172
f 3174 3473 3474
f 3174 3474 3175
f 3175 3474 3176
f 3176 3474 3475
f 3176 3475 3476
f 3176 3476 3477
f 3176 3477 3177
f 3177 3477 3183
f 3178 3182 3478
f 3178 3478 3179
f 3179 3479 3180
f 3179 3478 3480
f 3179 3480 3481
f 3179 3481 3479
f 3180 3479 3187
f 3181 3186 3482
f 3181 3482 3182
f 3182 3482 3483
f 3182 3483 3484
f 3182 3484 3478
f 3183 3477 3485
f 3183 3485 3486
f 3183 3486 3184
f 3184 3487 3488
f 3184 3488 3185
f 3184 3486 3489
f 3184 3489 3490
f 3184 3490 3491
f 3184 3491 3492
f 3184 3492 3493
f 3184 3493 3494
f 3184 3494 3495
f 3184 3495 3487
f 3185 3488 3186
f 3186 3496 3482
f 3186 3488 3497
f 3186 3497 3496
f 3187 3479 3188
f 3188 3479 3189
f 3189 3498 3499
f 3189 3499 3190
f 3189 3479 3498
f 3190 3499 3191
f 3191 3499 3192
f 3192 3194 3193
f 3192 3499 3500
f 3192 3500 3501
f 3192 3501 3502
f 3192 3502 3194
f 3194 3503 3195
f 3194 3502 3503
f 3195 3503 3504
f 3195 3504 3505
f 3195 3505 3197
f 3196 3197 3198
f 3197 3505 3506
f 3197 3506 3198
f 3198 3506 3201
f 3199 3507 3508
f 3199 3508 3509
f 3199 3509 3203
f 3199 3201 3502
f 3199 3502 3510
f 3199 3510 3507
f 3201 3506 3505
f 3201 3505 3504
f 3201 3504 3502
f 3203 3509 3511
f 3203 3511 3204
f 3204 3511 3512
f 3204 3512 3205
f 3205 3512 3206
f 3206 3512 3513
f 3206 3513 3514
f 3206 3514 3515
f 3206 3515 3516
f 3206 3516 3207
f 3207 3516 3515
f 3207 3515 3208
f 3208 3517 3518
f 3208 3518 3209
f 3208 3515 3519
f 3208 3519 3520
f 3208 3520 3517
f 3209 3518 3210
f 3210 3518 3521
f 3210 3521 3522
f 3210 3522 3211
f 3211 3522 3212
f 3212 3523 3524
f 3212 3524 3213
f 3212 3522 3525
f 3212 3525 3523
f 3213 3524 3216
f 3213 3216 3214
f 3216 3524 3526
f 3216 3526 3217
f 3217 3526 3527
f 3217 3527 3528
f 3217 3528 3218
f 3218 3528 3219
f 3219 3221 3220
f 3219 3528 3222
f 3219 3222 3221
f 3222 3529 3226
f 3222 3528 3529
f 3223 3225 3230
f 3224 3530 3225
f 3224 3229 3531
f 3224 3531 3530
f 3225 3530 3532
f 3225 3532 3533
f 3225 3533 3230
f 3226 3529 3528
f 3226 3528 3534
f 3226 3534 3227
f 3227 3534 3535
f 3227 3535 3536
f 3227 3536 3537
f 3227 3537 3538
f 3227 3538 3539
f 3227 3539 3228
f 3228 3539 3229
f 3229 3539 3540
f 3229 3540 3531
f 3230 3533 3541
f 3233 3251 3542
f 3233 3542 3256
f 3233 3256 3255
f 3235 3237 3543
f 3235 3543 3236
f 3236 3543 3544
f 3236 3544 3545
f 3236 3545 3241
f 3237 3240 3546
f 3237 3546 3543
f 3238 3547 3239
f 3239 3546 3240
f 3239 3547 3548
f 3239 3548 3549
f 3239 3549 3550
f 3239 3550 3546
f 3241 3545 3551
f 3241 3551 3242
f 3242 3551 3244
f 3242 3244 3243
f 3244 3551 3245
f 3245 3551 3552
f 3245 3552 3247
f 3245 3247 3246
f 3247 3553 3554
f 3247 3554 3555
f 3247 3555 3556
f 3247 3556 3248
f 3247 3552 3557
f 3247 3557 3558
f 3247 3558 3553
f 3248 3556 3249
f 3249 3556 3555
f 3249 3555 3559
f 3249 3559 3560
f 3249 3560 3561
f 3249 3561 3562
f 3249 3562 3250
f 3250 3562 3252
f 3251 3252 3563
f 3251 3563 3542
f 3252 3560 3564
f 3252 3564 3565
f 3252 3565 3566
f 3252 3566 3567
f 3252 3567 3563
f 3252 3562 3561
f 3252 3561 3560
f 3253 3256 3258
f 3253 3258 3254
f 3256 3542 3568
f 3256 3568 3569
f 3256 3569 3570
f 3256 3570 3571
f 3256 3571 3258
f 3258 3571 3259
f 3259 3570 3261
f 3259 3261 3260
f 3259 3571 3570
f 3261 3570 3572
f 3261 3572 3573
f 3261 3573 3574
f 3261 3574 3263
f 3261 3263 3262
f 3263 3574 3575
f 3263 3575 3264
f 3264 3575 3576
f 3264 3576 3577
f 3264 3577 3265
f 3265 3577 3578
f 3265 3578 3268
f 3265 3268 3266
f 3268 3578 3579
f 3268 3579 3580
f 3268 3580 3272
f 3268 3272 3581
f 3268 3581 3269
f 3269 3581 3270
f 3270 3581 3272
f 3272 3580 3579
f 3272 3579 3582
f 3272 3582 3279
f 3272 3277 3273
f 3274 3583 3275
f 3275 3583 3584
f 3279 3585 3586
f 3279 3586 3280
f 3279 3582 3585
f 3280 3282 3281
f 3280 3586 3587
f 3280 3587 3588
f 3280 3588 3589
f 3280 3589 3590
f 3280 3590 3591
f 3280 3591 3282
f 3282 3591 3592
f 3282 3592 3288
f 3283 3287 3289
f 3285 3288 3592
f 3285 3592 3593
f 3285 3593 3287
f 3285 3287 3286
f 3287 3594 3289
f 3287 3593 3595
f 3287 3595 3596
f 3287 3596 3597
f 3287 3597 3594
f 3289 3594 3290
f 3290 3594 3292
f 3291 3294 3295
f 3292 3594 3598
f 3292 3598 3293
f 3293 3598 3599
f 3293 3599 3600
f 3293 3600 3601
f 3293 3601 3602
f 3293 3602 3294
f 3294 3602 3603
f 3294 3603 3295
f 3295 3603 3604
f 3295 3604 3297
f 3295 3297 3296
f 3297 3604 3605
f 3297 3605 3298
f 3298 3605 3299
f 3299 3605 3300
f 3300 3605 3302
f 3302 3605 3606
f 3302 3606 3604
f 3302 3604 3607
f 3302 3607 3608
f 3302 3608 3609
f 3302 3609 3306
f 3302 3306 3305
f 3303 3313 3304
f 3306 3610 3307
f 3306 3609 3610
f 3307 3610 3308
f 3308 3319 3310
f 3308 3610 3319
f 3310 3319 3311
f 3311 3319 3314
f 3314 3319 3318
f 3314 3318 3315
f 3315 3318 3316
f 3317 3325 3611
f 3317 3611 3326
f 3319 3610 3612
f 3319 3612 3321
f 3319 3321 3320
f 3321 3612 3613
f 3321 3613 3614
f 3321 3614 3615
f 3321 3615 3324
f 3321 3324 3323
f 3324 3615 3611
f 3324 3611 3325
f 3326 3611 3327
f 3327 3616 3328
f 3327 3611 3616
f 3328 3616 3329
f 3329 3617 3618
f 3329 3618 3420
f 3329 3420 3424
f 3329 3424 3619
f 3329 3619 3330
f 3329 3616 3620
f 3329 3620 3621
f 3329 3621 3622
f 3329 3622 3617
f 3330 3619 3331
f 3331 3619 3424
f 3333 3623 3334
f 3333 3339 3423
f 3333 3423 3417
f 3333 3417 3624
f 3333 3624 3625
f 3333 3625 3623
f 3334 3623 3626
f 3334 3626 3335
f 3335 3626 3627
f 3335 3627 3336
f 3336 3627 3340
f 3338 3423 3339
f 3340 3627 3628
f 3340 3628 3341
f 3341 3629 3342
f 3341 3628 3629
f 3342 3629 3343
f 3343 3629 3630
f 3343 3630 3344
f 3344 3630 3356
f 3345 3631 3632
f 3345 3632 3633
f 3345 3633 3634
f 3345 3634 3346
f 3345 3353 3635
f 3345 3635 3631
f 3346 3634 3636
f 3346 3636 3347
f 3347 3636 3637
f 3347 3637 3638
f 3347 3638 3348
f 3348 3639 3360
f 3348 3638 3639
f 3349 3640 3350
f 3349 3352 3641
f 3349 3641 3640
f 3350 3642 3635
f 3350 3635 3353
f 3350 3640 3642
f 3351 3359 3352
f 3352 3359 3643
f 3352 3643 3644
f 3352 3644 3641
f 3356 3630 3413
f 3358 3412 3359
f 3359 3412 3685
f 3359 3685 3643
f 3360 3639 3361
f 3361 3639 3637
f 3361 3637 3645
f 3361 3645 3362
f 3362 3645 3646
f 3362 3646 3363
f 3363 3646 3583
f 3364 3404 3365
f 3365 3404 3403
f 3365 3403 3647
f 3365 3647 3366
f 3366 3647 3367
f 3367 3647 3648
f 3367 3648 3368
f 3368 3649 3369
f 3368 3648 3649
f 3369 3649 3650
f 3369 3650 3651
f 3369 3651 3652
f 3369 3652 3371
f 3369 3371 3370
f 3371 3652 3651
f 3371 3651 3653
f 3371 3653 3372
f 3372 3653 3654
f 3372 3654 3373
f 3373 3655 3374
f 3373 3654 3655
f 3374 3656 3375
f 3374 3655 3656
f 3375 3656 3657
f 3375 3657 3658
f 3375 3658 3377
f 3375 3377 3376
f 3377 3658 3659
f 3377 3659 3660
f 3377 3660 3378
f 3378 3660 3380
f 3379 3661 3663
f 3379 3663 3381
f 3379 3380 3662
f 3379 3662 3661
f 3380 3660 3662
f 3381 3663 3383
f 3381 3383 3382
f 3383 3664 3665
f 3383 3665 3384
f 3383 3663 3664
f 3384 3665 3666
f 3384 3666 3667
f 3384 3667 3668
f 3384 3668 3385
f 3385 3668 3387
f 3385 3387 3386
f 3387 3668 3667
f 3387 3667 3669
f 3387 3669 3388
f 3392 3438 3670
f 3392 3670 3393
f 3393 3670 3671
f 3393 3671 3396
f 3394 3401 3395
f 3394 3399 3648
f 3394 3648 3401
f 3396 3671 3438
f 3396 3438 3672
f 3396 3672 3673
f 3396 3673 3674
f 3396 3674 3675
f 3396 3675 3397
f 3397 3675 3398
f 3398 3675 3676
f 3398 3676 3399
f 3399 3677 3678
f 3399 3678 3649
f 3399 3649 3648
f 3399 3676 3679
f 3399 3679 3675
f 3399 3675 3677
f 3401 3648 3680
f 3401 3680 3402
f 3402 3680 3648
f 3402 3648 3647
f 3402 3647 3403
f 3409 3449 3448
f 3409 3448 3681
f 3409 3681 3682
f 3409 3682 3683
f 3409 3683 3411
f 3410 3413 3684
f 3410 3684 3415
f 3411 3683 3685
f 3411 3685 3412
f 3413 3630 3684
f 3414 3415 3416
f 3415 3684 3686
f 3415 3686 3416
f 3416 3687 3625
f 3416 3625 3417
f 3416 3686 3687
f 3417 3625 3624
f 3418 3422 3421
f 3418 3421 3420
f 3418 3420 3425
f 3420 3618 3425
f 3425 3618 3426
f 3426 3688 3427
f 3426 3618 3688
f 3427 3689 3428
f 3427 3688 3690
f 3427 3690 3691
f 3427 3691 3692
f 3427 3692 3689
f 3428 3689 3693
f 3428 3693 3694
f 3428 3694 3429
f 3429 3694 3430
f 3430 3694 3431
f 3431 3694 3432
f 3432 3694 3433
f 3433 3694 3689
f 3433 3689 3695
f 3433 3695 3696
f 3433 3696 3697
f 3433 3697 3698
f 3433 3698 3434
f 3434 3698 3699
f 3434 3699 3436
f 3435 3440 3437
f 3435 3700 3440
f 3436 3699 3700
f 3437 3440 3439
f 3438 3671 3670
f 3438 3444 3672
f 3440 3700 3441
f 3441 3700 3701
f 3441 3701 3702
f 3441 3702 3703
f 3441 3703 3704
f 3441 3704 3442
f 3442 3704 3443
f 3443 3704 3705
f 3443 3705 3706
f 3443 3706 3444
f 3444 3706 3672
f 3445 3707 3708
f 3445 3708 3709
f 3445 3709 3446
f 3446 3709 3681
f 3446 3681 3448
f 3446 3448 3447
f 3450 3710 3454
f 3451 3453 3711
f 3451 3711 3712
f 3451 3712 3713
f 3451 3713 3455
f 3452 3714 3711
f 3452 3711 3453
f 3452 3454 3715
f 3452 3715 3714
f 3454 3710 3715
f 3455 3713 3716
f 3455 3716 3456
f 3456 3716 3717
f 3456 3717 3718
f 3456 3718 3457
f 3457 3719 3720
f 3457 3720 3721
f 3457 3721 3722
f 3457 3722 3723
f 3457 3723 3458
f 3457 3718 3724
f 3457 3724 3725
f 3457 3725 3726
f 3457 3726 3727
f 3457 3727 3719
f 3458 3723 3945
f 3458 3945 3728
f 3458 3728 3729
f 3458 3729 3459
f 3459 3729 3730
f 3459 3730 3460
f 3460 3730 3731
f 3460 3731 3461
f 3461 3731 3462
f 3462 3731 3732
f 3462 3732 3733
f 3462 3733 3734
f 3462 3734 3463
f 3463 3734 3464
f 3464 3735 3466
f 3464 3466 3465
f 3464 3734 3736
f 3464 3736 3737
f 3464 3737 3738
f 3464 3738 3735
f 3466 3735 3468
f 3466 3468 3467
f 3468 3735 3738
f 3468 3738 3739
f 3468 3739 3469
f 3469 3739 3740
f 3469 3740 3471
f 3470 3741 3472
f 3470 3471 3741
f 3471 3740 3741
f 3472 3741 3740
f 3472 3740 3960
f 3472 3960 3742
f 3472 3742 3744
f 3472 3744 3743
f 3472 3743 3473
f 3473 3743 3475
f 3473 3475 3474
f 3475 3743 3744
f 3475 3744 3476
f 3476 3744 3745
f 3476 3745 3746
f 3476 3746 3477
f 3477 3746 3747
f 3477 3747 3748
f 3477 3748 3485
f 3478 3484 3749
f 3478 3749 3480
f 3479 3481 3498
f 3480 3749 3481
f 3481 3749 3750
f 3481 3750 3498
f 3482 3496 3751
f 3482 3751 3752
f 3482 3752 3484
f 3482 3484 3483
f 3484 3753 3750
f 3484 3750 3749
f 3484 3752 3754
f 3484 3754 3753
f 3485 3748 3486
f 3486 3748 3489
f 3487 3755 3488
f 3487 3495 3756
f 3487 3756 3755
f 3488 3755 3497
f 3489 3748 3491
f 3489 3491 3490
f 3491 3748 3757
f 3491 3757 3492
f 3492 3757 3758
f 3492 3758 3759
f 3492 3759 3493
f 3493 3759 3651
f 3493 3651 3494
f 3494 3651 3650
f 3494 3650 3756
f 3494 3756 3495
f 3496 3497 3751
f 3497 3760 3751
f 3497 3755 3760
f 3498 3750 3761
f 3498 3761 3762
f 3498 3762 3499
f 3499 3762 3500
f 3500 3762 3763
f 3500 3763 3502
f 3500 3502 3501
f 3502 3504 3503
f 3502 3763 3510
f 3507 3764 3765
f 3507 3765 3509
f 3507 3509 3508
f 3507 3510 3763
f 3507 3763 3764
f 3509 3765 3766
f 3509 3766 3767
f 3509 3767 3511
f 3511 3767 3512
f 3512 3768 3513
f 3512 3767 3768
f 3513 3769 3770
f 3513 3770 3771
f 3513 3771 3772
f 3513 3772 3514
f 3513 3768 3769
f 3514 3772 3773
f 3514 3773 3519
f 3514 3519 3515
f 3517 3520 3774
f 3517 3774 3518
f 3518 3774 3775
f 3518 3775 3776
f 3518 3776 3521
f 3519 3773 3777
f 3519 3777 3520
f 3520 3777 3774
f 3521 3525 3522
f 3521 3776 3778
f 3521 3778 3779
f 3521 3779 3525
f 3523 3525 3780
f 3523 3780 3524
f 3524 3780 3781
f 3524 3781 3526
f 3525 3779 3782
f 3525 3782 3783
f 3525 3783 3780
f 3526 3784 3785
f 3526 3785 3786
f 3526 3786 3527
f 3526 3781 3784
f 3527 3786 3528
f 3528 3786 3787
f 3528 3787 3788
f 3528 3788 3789
f 3528 3789 3790
f 3528 3790 3535
f 3528 3535 3534
f 3530 3531 3791
f 3530 3791 3532
f 3531 3540 3792
f 3531 3792 3791
f 3532 3791 3793
f 3532 3793 3541
f 3532 3541 3533
f 3535 3790 3794
f 3535 3794 3536
f 3536 3795 3537
f 3536 3794 3795
f 3537 3795 3796
f 3537 3796 3538
f 3538 3796 3797
f 3538 3797 3539
f 3539 3797 3798
f 3539 3798 3799
f 3539 3799 3540
f 3540 3799 3800
f 3540 3800 3792
f 3541 3793 3801
f 3542 3563 3567
f 3542 3567 3802
f 3542 3802 3568
f 3543 3546 3803
f 3543 3803 3804
f 3543 3804 3544
f 3544 3558 3557
f 3544 3557 3545
f 3544 3804 3558
f 3545 3557 3551
f 3546 3805 3803
f 3546 3550 3806
f 3546 3806 3807
f 3546 3807 3808
f 3546 3808 3809
f 3546 3809 3805
f 3548 3810 3811
f 3548 3811 3549
f 3549 3811 3812
f 3549 3812 3813
f 3549 3813 3806
f 3549 3806 3550
f 3551 3557 3552
f 3553 3558 3554
f 3554 3558 3804
f 3554 3804 3814
f 3554 3814 3815
f 3554 3815 3555
f 3555 3815 3559
f 3559 3815 3816
f 3559 3816 4044
f 3559 4044 3817
f 3559 3817 3560
f 3560 3817 3818
f 3560 3818 3564
f 3564 3818 3819
f 3564 3819 3820
f 3564 3820 3565
f 3565 3821 3802
f 3565 3802 3566
f 3565 3820 3822
f 3565 3822 3821
f 3566 3802 3567
f 3568 3802 3569
f 3569 3802 3823
f 3569 3823 3824
f 3569 3824 3825
f 3569 3825 3826
f 3569 3826 3570
f 3570 3826 3572
f 3572 3826 3827
f 3572 3827 3573
f 3573 3828 3574
f 3573 3827 3829
f 3573 3829 3828
f 3574 3830 3575
f 3574 3828 3830
f 3575 3830 3576
f 3576 3831 3832
f 3576 3832 3577
f 3576 3830 3828
f 3576 3828 3829
f 3576 3829 3833
f 3576 3833 3834
f 3576 3834 3831
f 3577 3832 3578
f 3578 3832 3831
f 3578 3831 3579
f 3579 3831 3585
f 3579 3585 3582
f 3583 3835 3584
f 3583 3646 3634
f 3583 3634 3835
f 3584 3835 3836
f 3584 3836 3837
f 3585 3831 3838
f 3585 3838 3586
f 3586 3838 3839
f 3586 3839 3840
f 3586 3840 3841
f 3586 3841 3587
f 3587 3841 3842
f 3587 3842 3843
f 3587 3843 3588
f 3588 3843 3844
f 3588 3844 3845
f 3588 3845 3846
f 3588 3846 3589
f 3589 3847 3590
f 3589 3846 3848
f 3589 3848 3847
f 3590 3847 3591
f 3591 3847 3596
f 3591 3596 3595
f 3591 3595 3592
f 3592 3595 3593
f 3594 3597 3598
f 3596 3847 3849
f 3596 3849 3850
f 3596 3850 3597
f 3597 3850 3851
f 3597 3851 3852
f 3597 3852 3853
f 3597 3853 3854
f 3597 3854 3600
f 3597 3600 3598
f 3598 3600 3599
f 3600 3854 3855
f 3600 3855 3601
f 3601 3856 3602
f 3601 3855 3856
f 3602 3857 3858
f 3602 3858 3603
f 3602 3856 3857
f 3603 3858 3859
f 3603 3859 3604
f 3604 3859 3860
f 3604 3860 3861
f 3604 3861 3607
f 3604 3606 3605
f 3607 3862 3863
f 3607 3863 3609
f 3607 3609 3608
f 3607 3861 3864
f 3607 3864 3865
f 3607 3865 3862
f 3609 3863 3866
f 3609 3866 3867
f 3609 3867 3868
f 3609 3868 3869
f 3609 3869 3870
f 3609 3870 3610
f 3610 3870 3871
f 3610 3871 3872
f 3610 3872 3612
f 3611 3615 3873
f 3611 3873 3616
f 3612 3872 3613
f 3613 3872 3621
f 3613 3621 3614
f 3614 3873 3615
f 3614 3621 3620
f 3614 3620 3616
f 3614 3616 3873
f 3617 3622 3874
f 3617 3874 3618
f 3618 3874 3875
f 3618 3875 3876
f 3618 3876 3690
f 3618 3690 3688
f 3621 3871 3875
f 3621 3875 3877
f 3621 3877 3622
f 3621 3872 3871
f 3622 3877 3874
f 3623 3627 3626
f 3623 3625 3627
f 3625 3687 3878
f 3625 3878 3628
f 3625 3628 3627
f 3628 3878 3629
f 3629 3878 3879
f 3629 3879 3880
f 3629 3880 3630
f 3630 3880 3684
f 3631 3881 3882
f 3631 3882 3884
f 3631 3884 3632
f 3631 3635 3883
f 3631 3883 3881
f 3632 3884 3836
f 3632 3836 3633
f 3633 3836 3634
f 3634 3637 3636
f 3634 3836 3835
f 3634 3646 3645
f 3634 3645 3637
f 3635 3642 3885
f 3635 3885 3883
f 3637 3639 3638
f 3640 3885 3642
f 3640 3641 3886
f 3640 3886 3885
f 3641 3644 3887
f 3641 3887 3886
f 3643 3685 3888
f 3643 3888 3644
f 3644 3888 4119
f 3644 4119 3887
f 3649 3678 3756
f 3649 3756 3650
f 3651 3759 3758
f 3651 3758 3889
f 3651 3889 3890
f 3651 3890 3891
f 3651 3891 3653
f 3653 3891 3892
f 3653 3892 3893
f 3653 3893 3654
f 3654 3893 3894
f 3654 3894 3655
f 3655 3894 3656
f 3656 3895 4127
f 3656 4127 3896
f 3656 3896 3657
f 3656 3894 3897
f 3656 3897 3895
f 3657 3896 3899
f 3657 3899 3898
f 3657 3898 3658
f 3658 3898 3659
f 3659 3662 3660
f 3659 3898 3899
f 3659 3899 3900
f 3659 3900 3901
f 3659 3901 3662
f 3661 3902 3903
f 3661 3903 3663
f 3661 3662 3902
f 3662 3901 3902
f 3663 3903 3904
f 3663 3904 3664
f 3664 3904 3905
f 3664 3905 3906
f 3664 3906 3665
f 3665 3906 3907
f 3665 3907 3908
f 3665 3908 3666
f 3672 3706 3909
f 3672 3909 3673
f 3673 3909 3910
f 3673 3910 3911
f 3673 3911 3674
f 3674 3911 3912
f 3674 3912 3913
f 3674 3913 3677
f 3674 3677 3675
f 3675 3679 3676
f 3677 3913 3678
f 3678 3913 3914
f 3678 3914 3756
f 3681 3709 3682
f 3682 3709 3708
f 3682 3708 3915
f 3682 3915 3916
f 3682 3916 3917
f 3682 3917 3683
f 3683 3917 3685
f 3684 3918 3686
f 3684 3880 3918
f 3685 3917 3888
f 3686 3918 3687
f 3687 3918 3879
f 3687 3879 3878
f 3689 3692 3919
f 3689 3919 3920
f 3689 3920 3921
f 3689 3921 3695
f 3689 3694 3693
f 3690 3876 3691
f 3691 3876 3919
f 3691 3919 3692
f 3695 3921 3920
f 3695 3920 3696
f 3696 3920 3922
f 3696 3922 3697
f 3697 3922 3698
f 3698 3922 3923
f 3698 3923 3699
f 3699 3924 3700
f 3699 3923 3925
f 3699 3925 3924
f 3700 3924 3925
f 3700 3925 3701
f 3701 3926 3702
f 3701 3925 3868
f 3701 3868 3927
f 3701 3927 3926
f 3702 3926 3703
f 3703 3926 3704
f 3704 3926 3928
f 3704 3928 3705
f 3705 3928 3929
f 3705 3929 3930
f 3705 3930 3706
f 3706 3930 3909
f 3707 3931 3915
f 3707 3915 3708
f 3711 3714 3932
f 3711 3932 3712
f 3712 3932 3713
f 3713 3932 3933
f 3713 3933 3934
f 3713 3934 3717
f 3713 3717 3716
f 3714 3715 3932
f 3715 3935 3932
f 3717 3934 3936
f 3717 3936 3937
f 3717 3937 3724
f 3717 3724 3718
f 3719 3938 3720
f 3719 3727 3939
f 3719 3939 3938
f 3720 3938 3940
f 3720 3940 3941
f 3720 3941 3942
f 3720 3942 3943
f 3720 3943 3721
f 3721 3943 3944
f 3721 3944 3722
f 3722 3945 3723
f 3722 3944 3946
f 3722 3946 3945
f 3724 3947 3725
f 3725 3947 3726
f 3726 3947 3727
f 3727 3947 3948
f 3727 3948 3939
f 3728 3945 4166
f 3728 4166 3949
f 3728 3949 3730
f 3728 3730 3729
f 3730 3949 3950
f 3730 3950 3731
f 3731 3950 3732
f 3732 3950 3951
f 3732 3951 4124
f 3732 4124 3952
f 3732 3952 3953
f 3732 3953 3733
f 3733 3953 3954
f 3733 3954 3955
f 3733 3955 3956
f 3733 3956 3734
f 3734 3956 3957
f 3734 3957 3736
f 3736 3957 3958
f 3736 3958 3737
f 3737 3958 3738
f 3738 3958 3959
f 3738 3959 3960
f 3738 3960 3740
f 3738 3740 3739
f 3742 3960 3961
f 3742 3961 3962
f 3742 3962 3745
f 3742 3745 3744
f 3745 3963 3746
f 3745 3962 3964
f 3745 3964 3961
f 3745 3961 3965
f 3745 3965 3963
f 3746 3963 3966
f 3746 3966 3967
f 3746 3967 3748
f 3746 3748 3747
f 3748 3967 3757
f 3750 3753 3754
f 3750 3754 3968
f 3750 3968 3761
f 3751 3760 3969
f 3751 3969 3970
f 3751 3970 3971
f 3751 3971 3972
f 3751 3972 3754
f 3751 3754 3752
f 3754 3973 3968
f 3754 3972 3973
f 3755 3756 3974
f 3755 3974 3975
f 3755 3975 3976
f 3755 3976 3760
f 3756 3914 3912
f 3756 3912 3977
f 3756 3977 3978
f 3756 3978 3979
f 3756 3979 3975
f 3756 3975 3974
f 3757 3967 3889
f 3757 3889 3758
f 3760 3980 3981
f 3760 3981 3982
f 3760 3982 3983
f 3760 3983 3969
f 3760 3976 3980
f 3761 3968 3984
f 3761 3984 3763
f 3761 3763 3762
f 3763 3984 3985
f 3763 3985 3764
f 3764 3985 3986
f 3764 3986 3987
f 3764 3987 3765
f 3765 3987 3766
f 3766 3987 3767
f 3767 3987 3768
f 3768 3987 3988
f 3768 3988 3769
f 3769 3988 3989
f 3769 3989 3990
f 3769 3990 3991
f 3769 3991 3770
f 3770 3991 3771
f 3771 3991 3992
f 3771 3992 3777
f 3771 3777 3773
f 3771 3773 3772
f 3774 3777 3993
f 3774 3993 3775
f 3775 3993 3994
f 3775 3994 3995
f 3775 3995 3776
f 3776 3995 3996
f 3776 3996 3997
f 3776 3997 3778
f 3777 3998 3999
f 3777 3999 3993
f 3777 3992 3998
f 3778 3997 4000
f 3778 4000 4001
f 3778 4001 3779
f 3779 4001 3783
f 3779 3783 3782
f 3780 3783 4002
f 3780 4002 3781
f 3781 4002 4003
f 3781 4003 4005
f 3781 4005 3784
f 3783 4001 4004
f 3783 4004 4002
f 3784 4005 3788
f 3784 3788 4006
f 3784 4006 3785
f 3785 4006 3786
f 3786 4006 3787
f 3787 4006 3788
f 3788 4005 4007
f 3788 4007 4008
f 3788 4008 3789
f 3789 4008 4009
f 3789 4009 4010
f 3789 4010 3790
f 3790 4010 3794
f 3791 3792 4011
f 3791 4011 4012
f 3791 4012 3793
f 3792 3800 4013
f 3792 4013 4011
f 3793 4012 3801
f 3794 4010 4014
f 3794 4014 4015
f 3794 4015 3795
f 3795 4016 4017
f 3795 4017 3796
f 3795 4015 4016
f 3796 4017 4018
f 3796 4018 3797
f 3797 4018 4019
f 3797 4019 4020
f 3797 4020 3798
f 3798 4020 3799
f 3799 4020 4021
f 3799 4021 4022
f 3799 4022 4023
f 3799 4023 3800
f 3800 4023 4024
f 3800 4024 4025
f 3800 4025 3808
f 3800 3808 3806
f 3800 3806 4026
f 3800 4026 4027
f 3800 4027 4013
f 3801 4012 4028
f 3801 4028 4029
f 3802 3821 4030
f 3802 4030 4031
f 3802 4031 4032
f 3802 4032 3823
f 3803 3805 4033
f 3803 4033 3804
f 3804 4033 4034
f 3804 4034 4035
f 3804 4035 4036
f 3804 4036 3814
f 3805 3809 4037
f 3805 4037 4033
f 3806 3813 4027
f 3806 4027 4026
f 3806 3808 3807
f 3808 4025 4024
f 3808 4024 4038
f 3808 4038 3809
f 3809 4038 4039
f 3809 4039 4037
f 3810 4040 4041
f 3810 4041 4042
f 3810 4042 3812
f 3810 3812 3811
f 3812 4042 4041
f 3812 4041 3813
f 3813 4041 4027
f 3814 4035 4043
f 3814 4043 4044
f 3814 4044 3816
f 3814 3816 3815
f 3814 4036 4035
f 3817 4044 3819
f 3817 3819 3818
f 3819 4044 4045
f 3819 4045 3820
f 3820 4046 3822
f 3820 4045 4047
f 3820 4047 4048
f 3820 4048 4049
f 3820 4049 4050
f 3820 4050 4046
f 3821 3822 4030
f 3822 4046 4030
f 3823 4032 3824
f 3824 4051 3826
f 3824 3826 3825
f 3824 4032 4031
f 3824 4031 4052
f 3824 4052 4053
f 3824 4053 4054
f 3824 4054 4051
f 3826 4051 4055
f 3826 4055 4056
f 3826 4056 4057
f 3826 4057 3827
f 3827 4057 4058
f 3827 4058 4059
f 3827 4059 3829
f 3829 4059 4060
f 3829 4060 3833
f 3831 4061 3838
f 3831 3834 4061
f 3833 4060 4062
f 3833 4062 4063
f 3833 4063 3834
f 3834 4063 4064
f 3834 4064 4065
f 3834 4065 4066
f 3834 4066 4067
f 3834 4067 3838
f 3834 3838 4061
f 3836 3884 4068
f 3836 4068 3837
f 3838 4067 3839
f 3839 4067 4066
f 3839 4066 4069
f 3839 4069 3840
f 3840 4070 3841
f 3840 4069 4071
f 3840 4071 4072
f 3840 4072 4073
f 3840 4073 4070
f 3841 4070 3842
f 3842 4070 4073
f 3842 4073 4074
f 3842 4074 3843
f 3843 4074 3844
f 3844 4074 4075
f 3844 4075 3845
f 3845 4076 4077
f 3845 4077 4078
f 3845 4078 3846
f 3845 4075 4076
f 3846 4078 4079
f 3846 4079 3848
f 3847 4080 3849
f 3847 3848 4080
f 3848 4079 4081
f 3848 4081 4082
f 3848 4082 4080
f 3849 4082 4083
f 3849 4083 3851
f 3849 3851 3850
f 3849 4080 4082
f 3851 4083 3852
f 3852 4083 4084
f 3852 4084 3853
f 3853 4084 4085
f 3853 4085 4086
f 3853 4086 3855
f 3853 3855 3854
f 3855 4086 3856
f 3856 4086 4087
f 3856 4087 3857
f 3857 4088 3858
f 3857 4087 4089
f 3857 4089 4088
f 3858 4088 3859
f 3859 4088 4089
f 3859 4089 3860
f 3860 4089 4090
f 3860 4090 4091
f 3860 4091 3865
f 3860 3865 3864
f 3860 3864 3861
f 3862 3865 4092
f 3862 4092 3863
f 3863 4092 3866
f 3865 4091 4090
f 3865 4090 4093
f 3865 4093 4085
f 3865 4085 4094
f 3865 4094 4095
f 3865 4095 4096
f 3865 4096 4097
f 3865 4097 4098
f 3865 4098 4099
f 3865 4099 4100
f 3865 4100 4092
f 3866 4092 4099
f 3866 4099 4101
f 3866 4101 4102
f 3866 4102 4103
f 3866 4103 3867
f 3867 4103 3868
f 3868 4104 3927
f 3868 3925 3923
f 3868 3923 3922
f 3868 3922 4105
f 3868 4105 4106
f 3868 4106 3869
f 3868 4103 4104
f 3869 4107 3871
f 3869 3871 3870
f 3869 4106 4105
f 3869 4105 4107
f 3871 4107 3875
f 3874 3877 3875
f 3875 4107 4108
f 3875 4108 3876
f 3876 4109 3919
f 3876 4108 4109
f 3879 3918 3880
f 3881 4110 4111
f 3881 4111 3882
f 3881 3883 4110
f 3882 4111 4112
f 3882 4112 4068
f 3882 4068 3884
f 3883 3885 4113
f 3883 4113 4110
f 3885 4114 4115
f 3885 4115 4116
f 3885 4116 4113
f 3885 3886 4114
f 3886 4117 4114
f 3886 3887 4118
f 3886 4118 4117
f 3887 4119 4120
f 3887 4120 4118
f 3888 3917 3916
f 3888 3916 4119
f 3889 4121 3890
f 3889 3967 4121
f 3890 4121 4122
f 3890 4122 4123
f 3890 4123 3891
f 3891 4123 3892
f 3892 4123 4124
f 3892 4124 3893
f 3893 4124 3897
f 3893 3897 3894
f 3895 4125 4126
f 3895 4126 4127
f 3895 3897 4125
f 3896 4127 3946
f 3896 3946 3899
f 3897 3951 3950
f 3897 3950 4125
f 3897 4124 3951
f 3899 3946 3900
f 3900 3944 4128
f 3900 4128 3901
f 3900 3946 3944
f 3901 4129 3902
f 3901 4128 4129
f 3902 4129 4130
f 3902 4130 4131
f 3902 4131 3903
f 3903 4131 4132
f 3903 4132 4133
f 3903 4133 3904
f 3904 4133 4134
f 3904 4134 4135
f 3904 4135 3905
f 3905 4135 4136
f 3905 4136 4137
f 3905 4137 3906
f 3906 4137 4138
f 3906 4138 4139
f 3906 4139 3907
f 3907 4139 4140
f 3907 4140 4141
f 3907 4141 3908
f 3909 3930 4142
f 3909 4142 3910
f 3910 4142 4143
f 3910 4143 4144
f 3910 4144 3911
f 3911 4144 4145
f 3911 4145 4146
f 3911 4146 3977
f 3911 3977 3912
f 3912 3914 3913
f 3915 3931 4147
f 3915 4147 4148
f 3915 4148 3916
f 3916 4149 4120
f 3916 4120 4119
f 3916 4148 4149
f 3919 4109 3922
f 3919 3922 3920
f 3922 4109 4108
f 3922 4108 4105
f 3926 4150 4151
f 3926 4151 4152
f 3926 4152 3928
f 3926 3927 4153
f 3926 4153 4150
f 3927 4104 4154
f 3927 4154 4153
f 3928 4152 3929
f 3929 4152 4155
f 3929 4155 4156
f 3929 4156 4157
f 3929 4157 3930
f 3930 4157 4158
f 3930 4158 4142
f 3932 3935 3933
f 3933 3935 4159
f 3933 4159 4160
f 3933 4160 3934
f 3934 4160 3936
f 3936 4160 4161
f 3936 4161 3937
f 3938 3941 3940
f 3938 3939 4162
f 3938 4162 3941
f 3939 3948 4163
f 3939 4163 4164
f 3939 4164 4162
f 3941 4162 3942
f 3942 4131 4165
f 3942 4165 3943
f 3942 4162 4131
f 3943 4165 4128
f 3943 4128 3944
f 3945 3946 4166
f 3946 4167 4166
f 3946 4127 4126
f 3946 4126 4168
f 3946 4168 4169
f 3946 4169 4167
f 3947 4163 3948
f 3949 4166 4169
f 3949 4169 3950
f 3950 4169 4168
f 3950 4168 4126
f 3950 4126 4125
f 3952 4124 4123
f 3952 4123 4170
f 3952 4170 3953
f 3953 4170 3954
f 3954 4170 4122
f 3954 4122 4171
f 3954 4171 4172
f 3954 4172 3955
f 3955 4172 3958
f 3955 3958 3956
f 3956 3958 3957
f 3958 4172 3959
f 3959 4172 3961
f 3959 3961 3960
f 3961 3964 3962
f 3961 4172 3965
f 3963 3965 4173
f 3963 4173 3966
f 3965 4172 4171
f 3965 4171 4122
f 3965 4122 4173
f 3966 4173 4121
f 3966 4121 3967
f 3968 3973 3972
f 3968 3972 3984
f 3969 3983 4174
f 3969 4174 4175
f 3969 4175 4176
f 3969 4176 3970
f 3970 4176 4177
f 3970 4177 4178
f 3970 4178 4179
f 3970 4179 4180
f 3970 4180 3971
f 3971 4181 3972
f 3971 4180 4181
f 3972 4181 4182
f 3972 4182 4183
f 3972 4183 3984
f 3975 3979 4184
f 3975 4184 4185
f 3975 4185 3976
f 3976 4185 3980
f 3977 4146 3978
f 3978 4146 3979
f 3979 4146 4185
f 3979 4185 4184
f 3980 4185 4186
f 3980 4186 4187
f 3980 4187 4188
f 3980 4188 4189
f 3980 4189 3981
f 3981 4189 4190
f 3981 4190 3982
f 3982 4190 3983
f 3983 4190 4174
f 3984 4191 4192
f 3984 4192 3985
f 3984 4183 4193
f 3984 4193 4191
f 3985 4192 4194
f 3985 4194 4195
f 3985 4195 4196
f 3985 4196 3986
f 3986 4196 4197
f 3986 4197 3987
f 3987 4198 4199
f 3987 4199 4200
f 3987 4200 3988
f 3987 4197 4198
f 3988 4200 4201
f 3988 4201 3989
f 3989 4201 4202
f 3989 4202 4203
f 3989 4203 3990
f 3990 4203 4204
f 3990 4204 3991
f 3991 4204 3998
f 3991 3998 3992
f 3993 3999 4205
f 3993 4205 3994
f 3994 4206 3995
f 3994 4205 4207
f 3994 4207 4206
f 3995 4206 3996
f 3996 4206 4208
f 3996 4208 4209
f 3996 4209 3997
f 3997 4209 4000
f 3998 4204 3999
f 3999 4204 4210
f 3999 4210 4205
f 4000 4209 4211
f 4000 4211 4212
f 4000 4212 4001
f 4001 4213 4214
f 4001 4214 4215
f 4001 4215 4216
f 4001 4216 4004
f 4001 4212 4213
f 4002 4004 4003
f 4003 4004 4005
f 4004 4216 4005
f 4005 4216 4007
f 4007 4215 4217
f 4007 4217 4218
f 4007 4218 4219
f 4007 4219 4009
f 4007 4009 4008
f 4007 4216 4215
f 4009 4219 4014
f 4009 4014 4010
f 4011 4013 4220
f 4011 4220 4012
f 4012 4220 4028
f 4013 4027 4041
f 4013 4041 4040
f 4013 4040 4220
f 4014 4219 4218
f 4014 4218 4015
f 4015 4218 4016
f 4016 4218 4221
f 4016 4221 4222
f 4016 4222 4223
f 4016 4223 4224
f 4016 4224 4049
f 4016 4049 4017
f 4017 4049 4225
f 4017 4225 4018
f 4018 4225 4019
f 4019 4225 4226
f 4019 4226 4227
f 4019 4227 4020
f 4020 4227 4228
f 4020 4228 4021
f 4021 4228 4039
f 4021 4039 4022
f 4022 4039 4024
f 4022 4024 4023
f 4024 4039 4038
f 4028 4220 4029
f 4029 4220 4229
f 4029 4229 4230
f 4030 4231 4031
f 4030 4046 4050
f 4030 4050 4232
f 4030 4232 4231
f 4031 4231 4052
f 4033 4037 4039
f 4033 4039 4034
f 4034 4039 4233
f 4034 4233 4234
f 4034 4234 4035
f 4035 4234 4233
f 4035 4233 4043
f 4039 4228 4233
f 4040 4235 4229
f 4040 4229 4220
f 4043 4233 4044
f 4044 4233 4236
f 4044 4236 4045
f 4045 4236 4047
f 4047 4236 4227
f 4047 4227 4226
f 4047 4226 4225
f 4047 4225 4049
f 4047 4049 4048
f 4049 4224 4050
f 4050 4224 4223
f 4050 4223 4232
f 4051 4054 4055
f 4052 4231 4237
f 4052 4237 4238
f 4052 4238 4053
f 4053 4238 4054
f 4054 4239 4240
f 4054 4240 4055
f 4054 4238 4237
f 4054 4237 4241
f 4054 4241 4242
f 4054 4242 4243
f 4054 4243 4239
f 4055 4240 4056
f 4056 4240 4244
f 4056 4244 4245
f 4056 4245 4057
f 4057 4245 4246
f 4057 4246 4247
f 4057 4247 4058
f 4058 4062 4059
f 4058 4247 4246
f 4058 4246 4062
f 4059 4062 4060
f 4062 4246 4248
f 4062 4248 4063
f 4063 4248 4249
f 4063 4249 4064
f 4064 4250 4065
f 4064 4249 4251
f 4064 4251 4250
f 4065 4250 4252
f 4065 4252 4069
f 4065 4069 4066
f 4069 4252 4071
f 4071 4251 4253
f 4071 4253 4254
f 4071 4254 4255
f 4071 4255 4072
f 4071 4252 4251
f 4072 4255 4073
f 4073 4256 4257
f 4073 4257 4258
f 4073 4258 4259
f 4073 4259 4074
f 4073 4255 4260
f 4073 4260 4261
f 4073 4261 4262
f 4073 4262 4263
f 4073 4263 4256
f 4074 4264 4076
f 4074 4076 4075
f 4074 4259 4265
f 4074 4265 4266
f 4074 4266 4264
f 4076 4264 4266
f 4076 4266 4077
f 4077 4266 4265
f 4077 4265 4267
f 4077 4267 4078
f 4078 4267 4268
f 4078 4268 4079
f 4079 4268 4269
f 4079 4269 4081
f 4081 4269 4082
f 4082 4270 4083
f 4082 4269 4270
f 4083 4270 4084
f 4084 4270 4271
f 4084 4271 4085
f 4085 4093 4086
f 4085 4271 4272
f 4085 4272 4273
f 4085 4273 4094
f 4086 4093 4089
f 4086 4089 4087
f 4089 4093 4090
f 4092 4100 4099
f 4094 4273 4095
f 4095 4273 4274
f 4095 4274 4275
f 4095 4275 4096
f 4096 4275 4276
f 4096 4276 4097
f 4097 4276 4098
f 4098 4276 4277
f 4098 4277 4099
f 4099 4277 4278
f 4099 4278 4279
f 4099 4279 4101
f 4101 4280 4102
f 4101 4279 4281
f 4101 4281 4282
f 4101 4282 4283
f 4101 4283 4155
f 4101 4155 4280
f 4102 4280 4103
f 4103 4280 4154
f 4103 4154 4104
f 4105 4108 4107
f 4121 4173 4122
f 4122 4170 4123
f 4128 4165 4129
f 4129 4165 4130
f 4130 4165 4131
f 4131 4162 4132
f 4132 4162 4284
f 4132 4284 4285
f 4132 4285 4134
f 4132 4134 4133
f 4134 4287 4135
f 4134 4285 4286
f 4135 4287 4136
f 4136 4139 4138
f 4136 4138 4137
f 4142 4158 4288
f 4142 4288 4143
f 4143 4289 4290
f 4143 4290 4144
f 4143 4288 4291
f 4143 4291 4292
f 4143 4292 4293
f 4143 4293 4289
f 4144 4290 4145
f 4145 4290 4185
f 4145 4185 4146
f 4150 4294 4295
f 4150 4295 4152
f 4150 4152 4151
f 4150 4153 4294
f 4152 4295 4155
f 4153 4154 4280
f 4153 4280 4294
f 4155 4283 4296
f 4155 4296 4156
f 4155 4295 4294
f 4155 4294 4280
f 4156 4296 4297
f 4156 4297 4298
f 4156 4298 4157
f 4157 4298 4299
f 4157 4299 4300
f 4157 4300 4158
f 4158 4300 4299
f 4158 4299 4288
f 4162 4164 4284
f 4163 4301 4164
f 4164 4301 4284
f 4166 4167 4169
f 4174 4302 4274
f 4174 4274 4303
f 4174 4303 4272
f 4174 4272 4304
f 4174 4304 4177
f 4174 4177 4176
f 4174 4176 4175
f 4174 4190 4189
f 4174 4189 4302
f 4177 4304 4305
f 4177 4305 4306
f 4177 4306 4307
f 4177 4307 4308
f 4177 4308 4178
f 4178 4308 4179
f 4179 4309 4311
f 4179 4311 4182
f 4179 4182 4180
f 4179 4308 4310
f 4179 4310 4309
f 4180 4182 4181
f 4182 4311 4183
f 4183 4311 4193
f 4185 4312 4187
f 4185 4187 4186
f 4185 4290 4312
f 4187 4313 4314
f 4187 4314 4315
f 4187 4315 4188
f 4187 4312 4313
f 4188 4315 4302
f 4188 4302 4189
f 4191 4193 4192
f 4192 4193 4316
f 4192 4316 4194
f 4193 4311 4316
f 4194 4316 4317
f 4194 4317 4318
f 4194 4318 4195
f 4195 4318 4196
f 4196 4318 4197
f 4197 4318 4198
f 4198 4319 4320
f 4198 4320 4321
f 4198 4321 4322
f 4198 4322 4199
f 4198 4318 4319
f 4199 4322 4323
f 4199 4323 4324
f 4199 4324 4200
f 4200 4324 4325
f 4200 4325 4326
f 4200 4326 4201
f 4201 4326 4202
f 4202 4327 4203
f 4202 4326 4327
f 4203 4327 4328
f 4203 4328 4329
f 4203 4329 4210
f 4203 4210 4204
f 4205 4330 4331
f 4205 4331 4332
f 4205 4332 4246
f 4205 4246 4333
f 4205 4333 4207
f 4205 4210 4330
f 4206 4207 4334
f 4206 4334 4335
f 4206 4335 4211
f 4206 4211 4208
f 4207 4333 4336
f 4207 4336 4335
f 4207 4335 4334
f 4208 4211 4209
f 4210 4329 4337
f 4210 4337 4330
f 4211 4335 4212
f 4212 4335 4213
f 4213 4335 4338
f 4213 4338 4339
f 4213 4339 4214
f 4214 4339 4217
f 4214 4217 4215
f 4217 4339 4221
f 4217 4221 4218
f 4221 4339 4340
f 4221 4340 4222
f 4222 4341 4342
f 4222 4342 4223
f 4222 4340 4341
f 4223 4342 4343
f 4223 4343 4232
f 4227 4236 4233
f 4227 4233 4228
f 4229 4344 4230
f 4229 4235 4344
f 4231 4232 4237
f 4232 4343 4237
f 4237 4345 4241
f 4237 4343 4342
f 4237 4342 4346
f 4237 4346 4345
f 4239 4243 4244
f 4239 4244 4240
f 4241 4345 4242
f 4242 4345 4346
f 4242 4346 4335
f 4242 4335 4243
f 4243 4335 4244
f 4244 4335 4336
f 4244 4336 4246
f 4244 4246 4245
f 4246 4336 4333
f 4246 4332 4248
f 4248 4332 4331
f 4248 4331 4347
f 4248 4347 4249
f 4249 4347 4251
f 4250 4251 4252
f 4251 4347 4348
f 4251 4348 4349
f 4251 4349 4337
f 4251 4337 4350
f 4251 4350 4253
f 4253 4351 4254
f 4253 4350 4352
f 4253 4352 4353
f 4253 4353 4354
f 4253 4354 4351
f 4254 4260 4255
f 4254 4351 4261
f 4254 4261 4260
f 4256 4263 4355
f 4256 4355 4356
f 4256 4356 4357
f 4256 4357 4358
f 4256 4358 4257
f 4257 4358 4359
f 4257 4359 4258
f 4258 4359 4265
f 4258 4265 4360
f 4258 4360 4259
f 4259 4360 4265
f 4261 4351 4361
f 4261 4361 4262
f 4262 4361 4324
f 4262 4324 4323
f 4262 4323 4263
f 4263 4323 4362
f 4263 4362 4355
f 4265 4359 4363
f 4265 4363 4364
f 4265 4364 4267
f 4267 4364 4365
f 4267 4365 4268
f 4268 4365 4269
f 4269 4365 4366
f 4269 4366 4270
f 4270 4366 4305
f 4270 4305 4271
f 4271 4305 4272
f 4272 4305 4304
f 4272 4303 4273
f 4273 4303 4367
f 4273 4367 4274
f 4274 4367 4303
f 4274 4302 4314
f 4274 4314 4276
f 4274 4276 4275
f 4276 4314 4313
f 4276 4313 4368
f 4276 4368 4369
f 4276 4369 4370
f 4276 4370 4277
f 4277 4371 4278
f 4277 4370 4371
f 4278 4371 4372
f 4278 4372 4281
f 4278 4281 4279
f 4281 4372 4282
f 4282 4372 4370
f 4282 4370 4373
f 4282 4373 4283
f 4283 4373 4296
f 4284 4301 4285
f 4285 4301 4374
f 4285 4374 4375
f 4285 4375 4286
f 4288 4299 4376
f 4288 4376 4377
f 4288 4377 4291
f 4289 4293 4312
f 4289 4312 4290
f 4291 4377 4292
f 4292 4377 4313
f 4292 4313 4293
f 4293 4313 4312
f 4296 4369 4297
f 4296 4373 4369
f 4297 4369 4298
f 4298 4377 4299
f 4298 4369 4377
f 4299 4377 4376
f 4301 4375 4374
f 4302 4315 4314
f 4305 4366 4378
f 4305 4378 4306
f 4306 4378 4379
f 4306 4379 4380
f 4306 4380 4381
f 4306 4381 4307
f 4307 4381 4359
f 4307 4359 4382
f 4307 4382 4308
f 4308 4382 4383
f 4308 4383 4310
f 4309 4316 4311
f 4309 4310 4384
f 4309 4384 4316
f 4310 4383 4399
f 4310 4399 4385
f 4310 4385 4384
f 4313 4377 4368
f 4316 4384 4317
f 4317 4384 4386
f 4317 4386 4318
f 4318 4386 4319
f 4319 4386 4387
f 4319 4387 4320
f 4320 4387 4388
f 4320 4388 4362
f 4320 4362 4321
f 4321 4362 4389
f 4321 4389 4323
f 4321 4323 4322
f 4323 4389 4362
f 4324 4361 4390
f 4324 4390 4391
f 4324 4391 4325
f 4325 4391 4353
f 4325 4353 4328
f 4325 4328 4326
f 4326 4328 4327
f 4328 4353 4337
f 4328 4337 4329
f 4330 4392 4331
f 4330 4337 4392
f 4331 4392 4348
f 4331 4348 4347
f 4335 4346 4342
f 4335 4342 4341
f 4335 4341 4393
f 4335 4393 4394
f 4335 4394 4338
f 4337 4352 4350
f 4337 4349 4392
f 4337 4353 4352
f 4338 4394 4340
f 4338 4340 4339
f 4340 4394 4341
f 4341 4394 4393
f 4348 4392 4349
f 4351 4354 4361
f 4353 4391 4390
f 4353 4390 4354
f 4354 4390 4361
f 4355 4395 4396
f 4355 4396 4356
f 4355 4362 4388
f 4355 4388 4395
f 4356 4396 4357
f 4357 4396 4397
f 4357 4397 4359
f 4357 4359 4358
f 4359 4397 4396
f 4359 4396 4395
f 4359 4395 4398
f 4359 4398 4382
f 4359 4381 4380
f 4359 4380 4363
f 4363 4380 4379
f 4363 4379 4364
f 4364 4379 4365
f 4365 4379 4366
f 4366 4379 4378
f 4368 4377 4369
f 4369 4373 4370
f 4370 4372 4371
f 4382 4398 4399
f 4382 4399 4383
f 4384 4385 4400
f 4384 4400 4386
f 4385 4399 4400
f 4386 4400 4401
f 4386 4401 4388
f 4386 4388 4387
f 4388 4401 4400
f 4388 4400 4402
f 4388 4402 4403
f 4388 4403 4395
f 4395 4403 4402
f 4395 4402 4398
f 4398 4402 4400
f 4398 4400 4399

