# https://github.com/mikedh/trimesh
v 0.00138527 0.01895445 -0.01787141
v 0.00138527 0.01886252 -0.01786114
v 0.00138527 0.01895445 -0.01703865
v 0.00140664 0.01895445 -0.01786921
v 0.00138527 0.01871264 -0.01782739
v 0.00229033 0.01895445 -0.01776649
v 0.00227751 0.01893540 -0.01776576
v 0.00138527 0.01886252 -0.01654854
v 0.00138613 0.01895445 -0.01663952
v 0.00189805 0.01876757 -0.01777089
v 0.00144766 0.01871264 -0.01781858
v 0.00167243 0.01863755 -0.01776502
v 0.00144766 0.01858814 -0.01778043
v 0.00138527 0.01863976 -0.01780464
v 0.00264842 0.01895445 -0.01771146
v 0.00279798 0.01895445 -0.01768798
v 0.00249800 0.01886252 -0.01771073
v 0.00233562 0.01887633 -0.01773934
v 0.00189805 0.01869276 -0.01774888
v 0.00138527 0.01841258 -0.01623451
v 0.01011620 0.01676214 -0.01038393
v 0.01011620 0.01690651 -0.01048518
v 0.01011620 0.01698187 -0.01055855
v 0.01011620 0.01705943 -0.01063853
v 0.01011620 0.01732802 -0.01093641
v 0.01011620 0.01895445 -0.01277655
v 0.00219803 0.01871264 -0.01770926
v 0.00174764 0.01856247 -0.01772760
v 0.00161260 0.01856413 -0.01774888
v 0.00144766 0.01851306 -0.01775622
v 0.00138527 0.01852962 -0.01777016
v 0.00316205 0.01895445 -0.01762708
v 0.00319026 0.01892877 -0.01761755
v 0.00264842 0.01886252 -0.01768652
v 0.00138527 0.01811252 -0.01608703
v 0.01011620 0.01670086 -0.01037879
v 0.00138527 0.01804103 -0.01606209
v 0.00138527 0.01780999 -0.01601000
v 0.00138527 0.01736694 -0.01592415
v 0.01011620 0.01895445 -0.01410382
v 0.00234844 0.01871264 -0.01768505
v 0.00189805 0.01856247 -0.01770412
v 0.00138527 0.01850008 -0.01776062
v 0.00204847 0.01856247 -0.01767991
v 0.00226725 0.01848987 -0.01761388
v 0.00319880 0.01895445 -0.01761975
v 0.00388507 0.01883602 -0.01745833
v 0.00378508 0.01878275 -0.01746640
v 0.00309881 0.01890614 -0.01762562
v 0.00279798 0.01886252 -0.01766157
v 0.01011620 0.01661225 -0.01037659
v 0.00138527 0.01721236 -0.01591388
v 0.01011620 0.01891635 -0.01410529
v 0.00993930 0.01895445 -0.01426817
v 0.00249800 0.01871264 -0.01766010
v 0.00268688 0.01865577 -0.01760874
v 0.00258689 0.01863176 -0.01761681
v 0.00249800 0.01861298 -0.01762488
v 0.00138527 0.01846806 -0.01774595
v 0.00204847 0.01845178 -0.01763222
v 0.00189805 0.01842693 -0.01764543
v 0.00159807 0.01841258 -0.01768725
v 0.00220999 0.01854894 -0.01764763
v 0.00234844 0.01850643 -0.01760728
v 0.00271935 0.01833888 -0.01746420
v 0.00220999 0.01841838 -0.01758893
v 0.00305950 0.01847414 -0.01747081
v 0.00361330 0.01834109 -0.01731306
v 0.00339879 0.01830327 -0.01733140
v 0.00390644 0.01895445 -0.01747081
v 0.00392439 0.01893623 -0.01746494
v 0.00398421 0.01887660 -0.01744366
v 0.00414915 0.01886252 -0.01740551
v 0.00441580 0.01875597 -0.01732553
v 0.00309881 0.01883106 -0.01759994
v 0.00414915 0.01871264 -0.01737029
v 0.00399874 0.01871264 -0.01740110
v 0.00384063 0.01872478 -0.01743412
v 0.00369876 0.01868862 -0.01744513
v 0.00138527 0.01714169 -0.01592342
v 0.00182284 0.01698711 -0.01566369
v 0.00343554 0.01681210 -0.01473775
v 0.00849924 0.01651039 -0.01158574
v 0.01011620 0.01649438 -0.01049765
v 0.01011620 0.01886252 -0.01410676
v 0.00978204 0.01895445 -0.01441198
v 0.00347229 0.01863810 -0.01746494
v 0.00294840 0.01856247 -0.01752657
v 0.00144766 0.01841258 -0.01770999
v 0.00138527 0.01841644 -0.01772027
v 0.00204847 0.01837670 -0.01759554
v 0.00159807 0.01830658 -0.01763222
v 0.00181857 0.01833888 -0.01761388
v 0.00171858 0.01832342 -0.01762195
v 0.00315949 0.01849374 -0.01746200
v 0.00324837 0.01820196 -0.01730792
v 0.00317060 0.01818844 -0.01731453
v 0.00279798 0.01826241 -0.01741358
v 0.00384918 0.01846033 -0.01732700
v 0.00369876 0.01843190 -0.01734021
v 0.00369876 0.01835682 -0.01730572
v 0.00355775 0.01826904 -0.01728738
v 0.00420727 0.01895445 -0.01740110
v 0.00429872 0.01886252 -0.01737175
v 0.00451579 0.01880566 -0.01731233
v 0.00434487 0.01865577 -0.01730792
v 0.00429615 0.01870849 -0.01733727
v 0.00445939 0.01870849 -0.01729618
v 0.00424487 0.01862513 -0.01731966
v 0.00399618 0.01855557 -0.01734021
v 0.00414915 0.01860056 -0.01732920
v 0.00384918 0.01856247 -0.01736882
v 0.00138527 0.01707130 -0.01593516
v 0.00138527 0.01700091 -0.01596010
v 0.00164935 0.01697441 -0.01579942
v 0.00271594 0.01683336 -0.01520879
v 0.00780784 0.01622662 -0.01235247
v 0.00798133 0.01624153 -0.01221820
v 0.00775400 0.01646540 -0.01214189
v 0.00904449 0.01640025 -0.01132674
v 0.00921798 0.01641543 -0.01119248
v 0.01011620 0.01648610 -0.01051233
v 0.00834968 0.01626499 -0.01194306
v 0.00931798 0.01638341 -0.01115872
v 0.00843087 0.01623904 -0.01191738
v 0.01011620 0.01874935 -0.01408768
v 0.00990682 0.01886252 -0.01429752
v 0.00962394 0.01895445 -0.01455432
v 0.00354835 0.01856247 -0.01742165
v 0.00324837 0.01851333 -0.01745466
v 0.00138527 0.01834578 -0.01768285
v 0.00234844 0.01827677 -0.01749575
v 0.00189805 0.01813847 -0.01749355
v 0.00159807 0.01823150 -0.01758967
v 0.00144766 0.01828836 -0.01764323
v 0.00226811 0.01818899 -0.01746420
v 0.00216812 0.01817436 -0.01747227
v 0.00204847 0.01815752 -0.01748181
v 0.00394490 0.01847911 -0.01731820
v 0.00339879 0.01811252 -0.01723675
v 0.00324837 0.01811252 -0.01726243
v 0.00294840 0.01807636 -0.01729472
v 0.00294840 0.01815145 -0.01733287
v 0.00384918 0.01838525 -0.01729251
v 0.00369876 0.01826241 -0.01725803
v 0.00429872 0.01895445 -0.01737983
v 0.00453972 0.01890559 -0.01731820
v 0.00445939 0.01885838 -0.01733287
v 0.00459356 0.01885838 -0.01729618
v 0.00474911 0.01886252 -0.01724629
v 0.00485423 0.01875266 -0.01717586
v 0.00475509 0.01870656 -0.01719640
v 0.00480979 0.01865273 -0.01715971
v 0.00459869 0.01871264 -0.01725290
v 0.00429615 0.01857020 -0.01728664
v 0.00444913 0.01856247 -0.01724262
v 0.00470979 0.01860802 -0.01717659
v 0.00414915 0.01852576 -0.01729985
v 0.00404489 0.01850064 -0.01730939
v 0.00138527 0.01698656 -0.01597918
v 0.00361757 0.01668485 -0.01475976
v 0.00602166 0.01638617 -0.01341267
v 0.00736172 0.01623076 -0.01265549
v 0.00789929 0.01620261 -0.01232165
v 0.00825481 0.01622635 -0.01205018
v 0.00852488 0.01635443 -0.01172955
v 0.00960855 0.01638369 -0.01100465
v 0.01011620 0.01644856 -0.01067228
v 0.00872059 0.01623601 -0.01176110
v 0.00820268 0.01620095 -0.01213602
v 0.00834968 0.01621530 -0.01201863
v 0.01011620 0.01871264 -0.01408108
v 0.01004954 0.01871264 -0.01414051
v 0.00974786 0.01886252 -0.01443913
v 0.00967265 0.01886252 -0.01450590
v 0.00946326 0.01895445 -0.01469593
v 0.00138527 0.01828201 -0.01764763
v 0.00234844 0.01820196 -0.01745760
v 0.00189805 0.01806339 -0.01744953
v 0.00234844 0.01799217 -0.01734167
v 0.00144766 0.01821328 -0.01759920
v 0.00174764 0.01812191 -0.01750456
v 0.00138527 0.01823812 -0.01762195
v 0.00279798 0.01805290 -0.01730646
v 0.00271337 0.01804020 -0.01731306
v 0.00261338 0.01802640 -0.01732113
v 0.00249800 0.01801122 -0.01732993
v 0.00399618 0.01842252 -0.01728224
v 0.00339879 0.01800791 -0.01718099
v 0.00324837 0.01798555 -0.01719493
v 0.00384918 0.01826241 -0.01723015
v 0.00355348 0.01810121 -0.01720227
v 0.00414915 0.01841258 -0.01724776
v 0.00449785 0.01895445 -0.01733213
v 0.00454570 0.01895445 -0.01731966
v 0.00461493 0.01895445 -0.01730059
v 0.00474911 0.01895445 -0.01725876
v 0.00481150 0.01895445 -0.01723529
v 0.00497900 0.01892574 -0.01716705
v 0.00490209 0.01887053 -0.01718833
v 0.00495422 0.01882554 -0.01715751
v 0.00504908 0.01871264 -0.01709001
v 0.00514566 0.01861133 -0.01702324
v 0.00490209 0.01870656 -0.01714357
v 0.00510122 0.01851113 -0.01700710
v 0.00529351 0.01832176 -0.01687137
v 0.00431068 0.01839905 -0.01720594
v 0.00444913 0.01843853 -0.01718833
v 0.00459869 0.01855971 -0.01719346
v 0.00454827 0.01846972 -0.01717292
v 0.00254757 0.01682756 -0.01534746
v 0.00138527 0.01696972 -0.01604375
v 0.00346203 0.01668374 -0.01490503
v 0.00693782 0.01624208 -0.01297685
v 0.00719507 0.01622690 -0.01279563
v 0.00709508 0.01624705 -0.01283304
v 0.00730703 0.01621144 -0.01274280
v 0.00744889 0.01621365 -0.01262614
v 0.00775485 0.01619571 -0.01243758
v 0.00789929 0.01614823 -0.01243904
v 0.00803859 0.01618190 -0.01227689
v 0.00808132 0.01621365 -0.01218445
v 0.01011620 0.01644580 -0.01078820
v 0.00873084 0.01623601 -0.01176110
v 0.00819926 0.01616203 -0.01228863
v 0.01011620 0.01861878 -0.01405100
v 0.00988973 0.01871264 -0.01428285
v 0.00958719 0.01886252 -0.01458073
v 0.00935558 0.01895445 -0.01479057
v 0.00918124 0.01877419 -0.01491971
v 0.00174764 0.01804683 -0.01745907
v 0.00219803 0.01797368 -0.01735268
v 0.00219803 0.01789859 -0.01730792
v 0.00211513 0.01788893 -0.01731379
v 0.00249800 0.01793614 -0.01728518
v 0.00138527 0.01814786 -0.01756619
v 0.00138527 0.01820693 -0.01760287
v 0.00166559 0.01803882 -0.01746420
v 0.00309454 0.01795242 -0.01720080
v 0.00294840 0.01796236 -0.01723015
v 0.00304241 0.01788231 -0.01716779
v 0.00350647 0.01802585 -0.01717072
v 0.00355348 0.01797036 -0.01713183
v 0.00384918 0.01787209 -0.01702324
v 0.00369876 0.01784753 -0.01703718
v 0.00354835 0.01782600 -0.01705113
v 0.00324837 0.01791046 -0.01715091
v 0.00414915 0.01829416 -0.01718759
v 0.00399532 0.01825413 -0.01719713
v 0.00404318 0.01819865 -0.01715898
v 0.00384918 0.01816276 -0.01717806
v 0.00398592 0.01795739 -0.01704232
v 0.00369876 0.01796236 -0.01710028
v 0.00426795 0.01831845 -0.01717439
v 0.00495251 0.01895445 -0.01718026
v 0.00527300 0.01879158 -0.01701444
v 0.00579860 0.01886252 -0.01677232
v 0.00566527 0.01886252 -0.01683615
v 0.00559007 0.01886252 -0.01687210
v 0.00558237 0.01876315 -0.01686843
v 0.00534906 0.01871264 -0.01696528
v 0.00517728 0.01871264 -0.01703792
v 0.00534906 0.01856247 -0.01692933
v 0.00543623 0.01847220 -0.01686917
v 0.00539350 0.01837200 -0.01685449
v 0.00523027 0.01822184 -0.01685009
v 0.00518839 0.01826794 -0.01688311
v 0.00474911 0.01841258 -0.01708488
v 0.00489354 0.01841396 -0.01703865
v 0.00549948 0.01826241 -0.01677599
v 0.00558067 0.01818236 -0.01671729
v 0.00534564 0.01826794 -0.01683175
v 0.00436794 0.01833998 -0.01716338
v 0.00460467 0.01825248 -0.01705406
v 0.00444913 0.01836372 -0.01715238
v 0.00474911 0.01829802 -0.01703425
v 0.00483970 0.01832646 -0.01701958
v 0.00504908 0.01815724 -0.01687944
v 0.00138527 0.01696668 -0.01608557
v 0.00236639 0.01682784 -0.01558885
v 0.00343981 0.01668098 -0.01498868
v 0.00556785 0.01638562 -0.01385803
v 0.00673357 0.01623021 -0.01322851
v 0.00571057 0.01638258 -0.01370175
v 0.00688398 0.01622497 -0.01307663
v 0.00703782 0.01622552 -0.01293356
v 0.00714635 0.01620813 -0.01288587
v 0.00744889 0.01616506 -0.01273913
v 0.00759076 0.01618660 -0.01257918
v 0.00774887 0.01613829 -0.01258872
v 0.00804970 0.01614629 -0.01243904
v 0.01011620 0.01644552 -0.01082269
v 0.00873426 0.01623546 -0.01183887
v 0.00851291 0.01621172 -0.01215143
v 0.00865735 0.01622497 -0.01198268
v 0.01011620 0.01856247 -0.01403265
v 0.01002134 0.01856247 -0.01411703
v 0.00972906 0.01871264 -0.01442372
v 0.00926414 0.01886252 -0.01486174
v 0.00918978 0.01886252 -0.01492631
v 0.00926926 0.01895445 -0.01486541
v 0.00933934 0.01875404 -0.01477590
v 0.00947694 0.01863341 -0.01461522
v 0.00945301 0.01853348 -0.01459614
v 0.00929405 0.01856247 -0.01473848
v 0.00921884 0.01856247 -0.01479938
v 0.00915474 0.01867427 -0.01489843
v 0.00904962 0.01856247 -0.01493291
v 0.00899151 0.01871264 -0.01503930
v 0.00891630 0.01871264 -0.01509506
v 0.00874794 0.01874769 -0.01523080
v 0.00877016 0.01886252 -0.01524841
v 0.00901629 0.01883244 -0.01505764
v 0.00908552 0.01887439 -0.01500995
v 0.00294840 0.01787044 -0.01717512
v 0.00279798 0.01785249 -0.01718686
v 0.00336375 0.01772773 -0.01702104
v 0.00378081 0.01758584 -0.01686550
v 0.00252450 0.01774732 -0.01715751
v 0.00242451 0.01773711 -0.01716485
v 0.00234844 0.01773049 -0.01716999
v 0.00205872 0.01782324 -0.01727344
v 0.00201514 0.01788038 -0.01731966
v 0.00156560 0.01802999 -0.01746934
v 0.00144766 0.01802116 -0.01747594
v 0.00138527 0.01805897 -0.01750749
v 0.00314240 0.01789583 -0.01715971
v 0.00354835 0.01775091 -0.01700637
v 0.00346374 0.01773960 -0.01701297
v 0.00414915 0.01781219 -0.01693300
v 0.00414915 0.01771116 -0.01687870
v 0.00399874 0.01768825 -0.01689338
v 0.00431068 0.01826600 -0.01713770
v 0.00425684 0.01802336 -0.01702178
v 0.00424487 0.01772828 -0.01686917
v 0.00414915 0.01800211 -0.01703352
v 0.00414915 0.01792703 -0.01699390
v 0.00561998 0.01895445 -0.01685889
v 0.00556614 0.01866295 -0.01686109
v 0.00589603 0.01886252 -0.01672536
v 0.00588748 0.01874410 -0.01672096
v 0.00581227 0.01870132 -0.01675104
v 0.00563878 0.01871291 -0.01683468
v 0.00564904 0.01856247 -0.01680387
v 0.00553964 0.01856247 -0.01685082
v 0.00546444 0.01856247 -0.01688237
v 0.00566100 0.01840237 -0.01675617
v 0.00549178 0.01841838 -0.01683101
v 0.00513027 0.01818292 -0.01686623
v 0.00504908 0.01826241 -0.01692566
v 0.00571912 0.01804076 -0.01656174
v 0.00540547 0.01805042 -0.01670628
v 0.00530547 0.01802088 -0.01672683
v 0.00535333 0.01810535 -0.01675544
v 0.00518839 0.01812467 -0.01682074
v 0.00561229 0.01826241 -0.01673123
v 0.00568664 0.01826241 -0.01669675
v 0.00579860 0.01826241 -0.01664245
v 0.00591654 0.01826241 -0.01658522
v 0.00588321 0.01817877 -0.01656908
v 0.00613105 0.01807554 -0.01639446
v 0.00603106 0.01803330 -0.01641794
v 0.00435683 0.01804434 -0.01701077
v 0.00455767 0.01816967 -0.01702398
v 0.00455083 0.01787403 -0.01687210
v 0.00444913 0.01796236 -0.01694474
v 0.00489781 0.01810618 -0.01689851
v 0.00504908 0.01808244 -0.01684275
v 0.00138527 0.01696034 -0.01618902
v 0.00159807 0.01693273 -0.01603934
v 0.00441409 0.01654296 -0.01453891
v 0.00556015 0.01638452 -0.01393947
v 0.00662332 0.01623684 -0.01341121
v 0.00663357 0.01623877 -0.01331069
v 0.00729933 0.01616479 -0.01288881
v 0.00759931 0.01613470 -0.01273913
v 0.00819926 0.01618522 -0.01243904
v 0.00834968 0.01619239 -0.01228863
v 0.00789929 0.01614381 -0.01258872
v 0.01011620 0.01645187 -0.01097236
v 0.00873084 0.01623573 -0.01192838
v 0.00871204 0.01624015 -0.01202817
v 0.01011620 0.01843245 -0.01399010
v 0.01011620 0.01838028 -0.01397249
v 0.01006664 0.01835737 -0.01400771
v 0.00977179 0.01849484 -0.01431146
v 0.00965385 0.01871264 -0.01448902
v 0.00919405 0.01895445 -0.01492998
v 0.00902569 0.01893236 -0.01506498
v 0.00949232 0.01871264 -0.01462916
v 0.00990767 0.01837670 -0.01414931
v 0.00967692 0.01841258 -0.01435769
v 0.00951198 0.01841258 -0.01449416
v 0.00935302 0.01844018 -0.01463649
v 0.00919064 0.01846061 -0.01477663
v 0.00912483 0.01856247 -0.01487422
v 0.00902740 0.01848297 -0.01491604
v 0.00888895 0.01861492 -0.01507452
v 0.00879921 0.01870353 -0.01517577
v 0.00871802 0.01864749 -0.01520952
v 0.00866076 0.01870353 -0.01527115
v 0.00857274 0.01879103 -0.01536287
v 0.00864624 0.01884983 -0.01533058
v 0.00877614 0.01895445 -0.01525281
v 0.00884536 0.01886252 -0.01519191
v 0.00859325 0.01889123 -0.01537534
v 0.00895989 0.01887439 -0.01510680
v 0.00388080 0.01759771 -0.01685816
v 0.00414915 0.01753698 -0.01676131
v 0.00399874 0.01752428 -0.01677378
v 0.00369876 0.01750331 -0.01680240
v 0.00369876 0.01757811 -0.01687137
v 0.00354835 0.01756514 -0.01688237
v 0.00219803 0.01771806 -0.01717952
v 0.00294840 0.01760986 -0.01699683
v 0.00279798 0.01759688 -0.01700637
v 0.00204847 0.01770730 -0.01718833
v 0.00189805 0.01779618 -0.01727124
v 0.00189805 0.01787127 -0.01732627
v 0.00160833 0.01797285 -0.01742605
v 0.00138527 0.01797395 -0.01744733
v 0.00138527 0.01801784 -0.01747888
v 0.00174764 0.01786050 -0.01733434
v 0.00159807 0.01785222 -0.01734167
v 0.00399874 0.01761317 -0.01684862
v 0.00414915 0.01763636 -0.01683688
v 0.00430384 0.01796898 -0.01698289
v 0.00429701 0.01780446 -0.01689778
v 0.00434487 0.01774953 -0.01685816
v 0.00429701 0.01767196 -0.01682514
v 0.00571826 0.01895445 -0.01681120
v 0.00578236 0.01856247 -0.01674297
v 0.00609857 0.01886252 -0.01662704
v 0.00618746 0.01871264 -0.01657128
v 0.00669853 0.01886252 -0.01633429
v 0.00649170 0.01871264 -0.01642307
v 0.00587124 0.01864390 -0.01671362
v 0.00575416 0.01844543 -0.01672903
v 0.00561912 0.01801398 -0.01658375
v 0.00519950 0.01791902 -0.01668721
v 0.00510805 0.01789583 -0.01670702
v 0.00500806 0.01787044 -0.01672756
v 0.00519950 0.01799383 -0.01674590
v 0.00571826 0.01834550 -0.01671142
v 0.00602166 0.01834081 -0.01656321
v 0.00609857 0.01826241 -0.01649644
v 0.00618575 0.01817546 -0.01642014
v 0.00624044 0.01812025 -0.01636438
v 0.00639000 0.01811943 -0.01629027
v 0.00633445 0.01803054 -0.01626973
v 0.00624899 0.01800763 -0.01629101
v 0.00583364 0.01790715 -0.01639519
v 0.00573450 0.01788286 -0.01641867
v 0.00549948 0.01790826 -0.01654634
v 0.00484654 0.01802585 -0.01687063
v 0.00465082 0.01789970 -0.01685816
v 0.00444913 0.01777382 -0.01684495
v 0.00494653 0.01805180 -0.01685669
v 0.00489781 0.01797036 -0.01682588
v 0.00138527 0.01696392 -0.01623891
v 0.00189805 0.01689105 -0.01603934
v 0.00279798 0.01676683 -0.01573926
v 0.00399874 0.01659845 -0.01528876
v 0.00354835 0.01666056 -0.01543917
v 0.00384918 0.01661805 -0.01528876
v 0.00414915 0.01657636 -0.01513909
v 0.00429872 0.01655594 -0.01498868
v 0.00662332 0.01623684 -0.01341634
v 0.00699936 0.01619046 -0.01318889
v 0.00459869 0.01651453 -0.01483900
v 0.00714892 0.01617445 -0.01303922
v 0.00744889 0.01614050 -0.01288881
v 0.00759931 0.01614988 -0.01288881
v 0.00774887 0.01614409 -0.01273913
v 0.00804970 0.01618439 -0.01258872
v 0.00842659 0.01623628 -0.01236641
v 0.00846249 0.01622497 -0.01228863
v 0.00857274 0.01623766 -0.01221013
v 0.00861205 0.01622828 -0.01211034
v 0.01011620 0.01646429 -0.01112277
v 0.00949660 0.01638065 -0.01163930
v 0.01011620 0.01827843 -0.01392627
v 0.01004014 0.01826241 -0.01398496
v 0.00987605 0.01826241 -0.01412363
v 0.00902655 0.01895445 -0.01506571
v 0.00964701 0.01830051 -0.01433201
v 0.00940173 0.01839905 -0.01457780
v 0.00916072 0.01836068 -0.01475242
v 0.00925730 0.01840043 -0.01469446
v 0.00905390 0.01826241 -0.01478617
v 0.00899407 0.01838304 -0.01489183
v 0.00894621 0.01842473 -0.01494612
v 0.00872401 0.01833888 -0.01506351
v 0.00880349 0.01856385 -0.01511120
v 0.00861547 0.01856247 -0.01524180
v 0.00854795 0.01871264 -0.01534819
v 0.00847274 0.01871264 -0.01539148
v 0.00834028 0.01871843 -0.01546852
v 0.00828387 0.01877254 -0.01551914
v 0.00851377 0.01884983 -0.01540982
v 0.00871119 0.01895445 -0.01529830
v 0.00859667 0.01895445 -0.01537754
v 0.00837446 0.01886252 -0.01548760
v 0.00429872 0.01755465 -0.01674517
v 0.00414915 0.01746218 -0.01668280
v 0.00399874 0.01744920 -0.01669968
v 0.00390046 0.01744120 -0.01670995
v 0.00380046 0.01743319 -0.01671949
v 0.00354835 0.01749061 -0.01681267
v 0.00339879 0.01747929 -0.01682294
v 0.00324837 0.01746880 -0.01683321
v 0.00339879 0.01755410 -0.01689191
v 0.00270653 0.01758971 -0.01701224
v 0.00260654 0.01758280 -0.01701884
v 0.00219803 0.01764326 -0.01711716
v 0.00204847 0.01763222 -0.01712376
v 0.00189805 0.01769902 -0.01719640
v 0.00174764 0.01778542 -0.01727784
v 0.00138527 0.01788479 -0.01737983
v 0.00159807 0.01777714 -0.01728298
v 0.00144766 0.01784670 -0.01734681
v 0.00445426 0.01765237 -0.01676645
v 0.00440725 0.01757287 -0.01672756
v 0.00632163 0.01895445 -0.01651699
v 0.00594901 0.01856247 -0.01666226
v 0.00615669 0.01853459 -0.01655587
v 0.00617464 0.01863452 -0.01656468
v 0.00680536 0.01895445 -0.01628000
v 0.00680706 0.01886252 -0.01628073
v 0.00669853 0.01871264 -0.01632109
v 0.00653615 0.01857186 -0.01637758
v 0.00645923 0.01852824 -0.01640693
v 0.00605670 0.01844074 -0.01658009
v 0.00610370 0.01839961 -0.01654340
v 0.00580202 0.01840237 -0.01669088
v 0.00480808 0.01774539 -0.01670775
v 0.00470809 0.01772027 -0.01672829
v 0.00489952 0.01784311 -0.01674664
v 0.00459955 0.01781937 -0.01682661
v 0.00640539 0.01839795 -0.01639519
v 0.00632334 0.01833833 -0.01641427
v 0.00621993 0.01826241 -0.01643701
v 0.00648743 0.01817408 -0.01627119
v 0.00624899 0.01793255 -0.01621837
v 0.00643444 0.01807388 -0.01624258
v 0.00662674 0.01803523 -0.01611638
v 0.00681988 0.01801039 -0.01598872
v 0.00654897 0.01801260 -0.01613693
v 0.00654897 0.01793752 -0.01606502
v 0.00643701 0.01790632 -0.01609510
v 0.00613618 0.01790439 -0.01624551
v 0.00603619 0.01788176 -0.01627046
v 0.00512173 0.01773877 -0.01656321
v 0.00474911 0.01792537 -0.01684422
v 0.00459869 0.01769322 -0.01674737
v 0.00138527 0.01697386 -0.01631228
v 0.00159807 0.01693632 -0.01618902
v 0.00237665 0.01683225 -0.01597698
v 0.00324837 0.01670500 -0.01558885
v 0.00369876 0.01664372 -0.01543917
v 0.00414915 0.01658271 -0.01528876
v 0.00429872 0.01655787 -0.01513909
v 0.00448161 0.01653192 -0.01498868
v 0.00684894 0.01621282 -0.01333930
v 0.00449785 0.01653413 -0.01508479
v 0.00557383 0.01638700 -0.01431440
v 0.00729933 0.01615899 -0.01303922
v 0.00744889 0.01617059 -0.01303922
v 0.00759418 0.01620758 -0.01303995
v 0.00775742 0.01619847 -0.01289834
v 0.00791381 0.01619571 -0.01275380
v 0.00797449 0.01623711 -0.01281397
v 0.00862316 0.01637044 -0.01256157
v 0.00848642 0.01627659 -0.01242510
v 0.00887357 0.01638728 -0.01236274
v 0.00926243 0.01649907 -0.01230111
v 0.00910005 0.01643972 -0.01228863
v 0.00902227 0.01638783 -0.01221086
v 0.00853770 0.01624953 -0.01228863
v 0.00931285 0.01639087 -0.01189977
v 0.00935558 0.01637734 -0.01179925
v 0.00945557 0.01639335 -0.01173982
v 0.00999997 0.01647809 -0.01138837
v 0.01011620 0.01649410 -0.01129079
v 0.00954787 0.01640964 -0.01168919
v 0.00984956 0.01646705 -0.01153878
v 0.01011620 0.01826241 -0.01391820
v 0.00993673 0.01816884 -0.01402385
v 0.01011620 0.01823095 -0.01390132
v 0.00977691 0.01818402 -0.01416546
v 0.00961710 0.01820058 -0.01430706
v 0.00955129 0.01826021 -0.01438997
v 0.00948548 0.01831983 -0.01447215
v 0.00932310 0.01833998 -0.01461228
v 0.00940259 0.01826683 -0.01451250
v 0.00929832 0.01826241 -0.01459321
v 0.00912910 0.01826241 -0.01472748
v 0.00902826 0.01818347 -0.01476636
v 0.00894621 0.01826048 -0.01486541
v 0.00889408 0.01830934 -0.01492778
v 0.00885818 0.01820914 -0.01490283
v 0.00850009 0.01825827 -0.01517210
v 0.00845052 0.01830548 -0.01523080
v 0.00855052 0.01837228 -0.01519778
v 0.00858470 0.01847220 -0.01522126
v 0.00850009 0.01841838 -0.01525208
v 0.00849411 0.01856357 -0.01531958
v 0.00840608 0.01851444 -0.01535333
v 0.00844027 0.01861437 -0.01537314
v 0.00793518 0.01856247 -0.01564167
v 0.00796424 0.01865826 -0.01565855
v 0.00767024 0.01864749 -0.01581189
v 0.00798817 0.01875818 -0.01567176
v 0.00854453 0.01895445 -0.01540469
v 0.00829925 0.01886252 -0.01552648
v 0.00837874 0.01895445 -0.01549053
v 0.00429872 0.01747984 -0.01666079
v 0.00414915 0.01740393 -0.01660797
v 0.00399874 0.01731394 -0.01653019
v 0.00384918 0.01730069 -0.01654780
v 0.00399874 0.01738903 -0.01662484
v 0.00374662 0.01729213 -0.01655881
v 0.00364578 0.01728358 -0.01656908
v 0.00369876 0.01742629 -0.01672683
v 0.00354835 0.01727585 -0.01657788
v 0.00339879 0.01726536 -0.01658962
v 0.00339879 0.01733161 -0.01666520
v 0.00354835 0.01741635 -0.01673783
v 0.00309881 0.01745859 -0.01684349
v 0.00324837 0.01754388 -0.01690218
v 0.00249800 0.01757563 -0.01702545
v 0.00309881 0.01753339 -0.01691172
v 0.00294840 0.01744893 -0.01685302
v 0.00234844 0.01756707 -0.01703425
v 0.00189805 0.01762421 -0.01713037
v 0.00174764 0.01761731 -0.01713624
v 0.00174764 0.01769239 -0.01720227
v 0.00138527 0.01784532 -0.01734828
v 0.00159807 0.01768687 -0.01720741
v 0.00144766 0.01777162 -0.01728664
v 0.00444742 0.01751214 -0.01663805
v 0.00438674 0.01743319 -0.01656981
v 0.00450725 0.01759550 -0.01670628
v 0.00459869 0.01754802 -0.01660943
v 0.00640539 0.01857186 -0.01644142
v 0.00704123 0.01895445 -0.01616334
v 0.00679339 0.01871264 -0.01627413
v 0.00713610 0.01895445 -0.01611638
v 0.00729933 0.01895445 -0.01603494
v 0.00710704 0.01886252 -0.01613106
v 0.00677801 0.01862541 -0.01626679
v 0.00670536 0.01857020 -0.01629321
v 0.00676006 0.01852548 -0.01625725
v 0.00635924 0.01843825 -0.01643114
v 0.00654897 0.01841258 -0.01632916
v 0.00665152 0.01841258 -0.01627853
v 0.00662503 0.01833639 -0.01626459
v 0.00654213 0.01827677 -0.01628367
v 0.00658828 0.01823619 -0.01624551
v 0.00678143 0.01818016 -0.01611858
v 0.00633702 0.01788093 -0.01612078
v 0.00691988 0.01804103 -0.01596157
v 0.00711217 0.01801453 -0.01583464
v 0.00673015 0.01791019 -0.01594103
v 0.00699936 0.01798306 -0.01586546
v 0.00687202 0.01780032 -0.01575173
v 0.00672673 0.01776140 -0.01578915
v 0.00662674 0.01773601 -0.01581556
v 0.00624899 0.01786078 -0.01614280
v 0.00624899 0.01778569 -0.01606209
v 0.00572595 0.01773656 -0.01626533
v 0.00519950 0.01768687 -0.01646930
v 0.00489952 0.01761345 -0.01653606
v 0.00138527 0.01698049 -0.01634310
v 0.00249800 0.01682866 -0.01598358
v 0.00399874 0.01662191 -0.01543917
v 0.00354835 0.01667408 -0.01556243
v 0.00429872 0.01657250 -0.01528876
v 0.00384918 0.01663074 -0.01543917
v 0.00684894 0.01622855 -0.01344716
v 0.00459869 0.01653137 -0.01509800
v 0.00564904 0.01638590 -0.01431880
v 0.00714892 0.01618522 -0.01318889
v 0.00744889 0.01621834 -0.01315441
v 0.00695919 0.01623159 -0.01342955
v 0.00714892 0.01621917 -0.01331069
v 0.00705918 0.01623960 -0.01340754
v 0.00725831 0.01622883 -0.01328281
v 0.00754119 0.01623131 -0.01312579
v 0.00771212 0.01622359 -0.01299079
v 0.00781211 0.01624125 -0.01295484
v 0.00825481 0.01639390 -0.01294824
v 0.00831549 0.01637237 -0.01284845
v 0.00875734 0.01652557 -0.01284111
v 0.00885733 0.01654324 -0.01279929
v 0.00891459 0.01652281 -0.01269878
v 0.00901458 0.01654048 -0.01265475
v 0.00917013 0.01653882 -0.01250875
v 0.00911201 0.01649880 -0.01245078
v 0.00932054 0.01653855 -0.01235980
v 0.00936755 0.01652171 -0.01225928
v 0.00941113 0.01650101 -0.01214923
v 0.00924961 0.01644248 -0.01213896
v 0.00940002 0.01644690 -0.01198855
v 0.00906757 0.01637265 -0.01211108
v 0.00954958 0.01645242 -0.01183887
v 0.00970000 0.01645905 -0.01168846
v 0.01011620 0.01651922 -0.01138984
v 0.00985041 0.01651177 -0.01168626
v 0.00999570 0.01651674 -0.01153071
v 0.00990169 0.01806863 -0.01399524
v 0.01009313 0.01815890 -0.01388151
v 0.01011620 0.01813985 -0.01384556
v 0.00945472 0.01821990 -0.01444720
v 0.00935473 0.01814841 -0.01448755
v 0.00931456 0.01804848 -0.01445527
v 0.00898382 0.01808354 -0.01473261
v 0.00894023 0.01812495 -0.01479278
v 0.00871546 0.01804821 -0.01490723
v 0.00880520 0.01810397 -0.01487715
v 0.00875819 0.01814813 -0.01493658
v 0.00858385 0.01817657 -0.01507012
v 0.00840950 0.01820527 -0.01520365
v 0.00830951 0.01814648 -0.01523667
v 0.00835566 0.01825827 -0.01526602
v 0.00813004 0.01818016 -0.01536727
v 0.00823772 0.01826241 -0.01534159
v 0.00826934 0.01834440 -0.01536140
v 0.00835310 0.01840154 -0.01533572
v 0.00830609 0.01844432 -0.01538194
v 0.00811893 0.01849594 -0.01551107
v 0.00783091 0.01847855 -0.01566809
v 0.00754290 0.01846448 -0.01582437
v 0.00785997 0.01856247 -0.01568350
v 0.00757282 0.01856247 -0.01583977
v 0.00734890 0.01853652 -0.01595130
v 0.00737454 0.01863672 -0.01596451
v 0.00769161 0.01874742 -0.01582290
v 0.00807790 0.01886252 -0.01564021
v 0.00803517 0.01895445 -0.01566515
v 0.00429872 0.01742160 -0.01658596
v 0.00414915 0.01732885 -0.01650892
v 0.00399874 0.01725625 -0.01645462
v 0.00384918 0.01716626 -0.01637685
v 0.00369876 0.01715273 -0.01639519
v 0.00358852 0.01714307 -0.01640693
v 0.00348852 0.01713507 -0.01641720
v 0.00339879 0.01719028 -0.01650011
v 0.00324837 0.01725570 -0.01660136
v 0.00324837 0.01732222 -0.01667620
v 0.00339879 0.01740669 -0.01674810
v 0.00324837 0.01739703 -0.01675838
v 0.00309881 0.01738764 -0.01676865
v 0.00283387 0.01744203 -0.01685963
v 0.00273388 0.01743623 -0.01686550
v 0.00294840 0.01737909 -0.01677819
v 0.00219803 0.01755989 -0.01704159
v 0.00264842 0.01743181 -0.01687063
v 0.00204847 0.01755382 -0.01704892
v 0.00159807 0.01761179 -0.01714064
v 0.00189805 0.01754830 -0.01705479
v 0.00138527 0.01780143 -0.01731306
v 0.00144766 0.01768411 -0.01721181
v 0.00138527 0.01777024 -0.01728738
v 0.00459869 0.01747322 -0.01652212
v 0.00448674 0.01745113 -0.01654780
v 0.00434059 0.01729517 -0.01640400
v 0.00453459 0.01713369 -0.01611932
v 0.00470979 0.01757149 -0.01658229
v 0.00489952 0.01747073 -0.01637685
v 0.00479611 0.01744865 -0.01640106
v 0.00740616 0.01886252 -0.01598065
v 0.00759931 0.01886252 -0.01588306
v 0.00699936 0.01871264 -0.01616994
v 0.00707713 0.01863010 -0.01611638
v 0.00752838 0.01895445 -0.01592048
v 0.00770699 0.01895445 -0.01583097
v 0.00672673 0.01841258 -0.01623964
v 0.00705491 0.01852990 -0.01610391
v 0.00695492 0.01844405 -0.01613032
v 0.00691902 0.01834412 -0.01611198
v 0.00681305 0.01826241 -0.01613546
v 0.00707115 0.01819064 -0.01596304
v 0.00755145 0.01815752 -0.01567909
v 0.00779502 0.01806808 -0.01549713
v 0.00750359 0.01805759 -0.01565195
v 0.00721216 0.01804848 -0.01580749
v 0.00721216 0.01835378 -0.01595790
v 0.00750274 0.01836427 -0.01580236
v 0.00654897 0.01771696 -0.01583611
v 0.00656178 0.01763222 -0.01573852
v 0.00642932 0.01775837 -0.01594176
v 0.00798560 0.01802999 -0.01537020
v 0.00769503 0.01802474 -0.01552501
v 0.00740360 0.01801922 -0.01567983
v 0.00699936 0.01790798 -0.01579282
v 0.00729933 0.01791488 -0.01563654
v 0.00721558 0.01789197 -0.01565928
v 0.00681988 0.01771365 -0.01568936
v 0.00740531 0.01772083 -0.01538121
v 0.00699936 0.01775975 -0.01564094
v 0.00699936 0.01768798 -0.01556610
v 0.00668571 0.01769350 -0.01573926
v 0.00632932 0.01773490 -0.01596671
v 0.00632078 0.01758860 -0.01581263
v 0.00622079 0.01756624 -0.01583757
v 0.00561742 0.01756817 -0.01613546
v 0.00138527 0.01699594 -0.01638712
v 0.00159807 0.01696365 -0.01631668
v 0.00264842 0.01682866 -0.01598211
v 0.00354835 0.01669451 -0.01563801
v 0.00369876 0.01666801 -0.01556537
v 0.00414915 0.01661943 -0.01543917
v 0.00444913 0.01657001 -0.01528876
v 0.00459869 0.01654407 -0.01517284
v 0.00574903 0.01638562 -0.01431953
v 0.00584902 0.01638866 -0.01430706
v 0.00744889 0.01625423 -0.01322925
v 0.00735830 0.01624098 -0.01325566
v 0.00498499 0.01653579 -0.01506792
v 0.00508498 0.01654241 -0.01504884
v 0.00530718 0.01653137 -0.01492778
v 0.00618404 0.01638534 -0.01416839
v 0.00649085 0.01638314 -0.01402312
v 0.00714892 0.01624953 -0.01338553
v 0.00628403 0.01639418 -0.01414638
v 0.00699936 0.01632876 -0.01363939
v 0.00708226 0.01638479 -0.01371863
v 0.00754205 0.01638093 -0.01342661
v 0.00759504 0.01635664 -0.01334077
v 0.00764119 0.01624843 -0.01309058
v 0.00736514 0.01638948 -0.01355868
v 0.00736856 0.01653882 -0.01386097
v 0.00775742 0.01641323 -0.01334077
v 0.00808474 0.01640108 -0.01308617
v 0.00815482 0.01637624 -0.01298566
v 0.00859667 0.01652916 -0.01297979
v 0.00869666 0.01654710 -0.01294163
v 0.00880434 0.01656422 -0.01289027
v 0.00895903 0.01655732 -0.01274500
v 0.00911201 0.01655345 -0.01259826
v 0.00926243 0.01655069 -0.01245078
v 0.00941113 0.01655097 -0.01230111
v 0.00946839 0.01653965 -0.01220646
v 0.00951369 0.01652336 -0.01210594
v 0.00955813 0.01650377 -0.01199588
v 0.00970427 0.01650708 -0.01184107
v 0.01011620 0.01656394 -0.01150723
v 0.01008373 0.01653275 -0.01147569
v 0.00980084 0.01652723 -0.01179338
v 0.00994271 0.01652999 -0.01163490
v 0.01005894 0.01805897 -0.01384923
v 0.00995895 0.01800984 -0.01389472
v 0.00980170 0.01801757 -0.01403559
v 0.00947694 0.01803551 -0.01431587
v 0.01011620 0.01809099 -0.01381254
v 0.00904962 0.01801812 -0.01463209
v 0.00888382 0.01802999 -0.01477076
v 0.00861547 0.01800404 -0.01494098
v 0.00844112 0.01802364 -0.01507525
v 0.00826592 0.01804655 -0.01520805
v 0.00854112 0.01807636 -0.01504150
v 0.00835566 0.01810286 -0.01518091
v 0.00808560 0.01808023 -0.01534085
v 0.00804116 0.01812302 -0.01538855
v 0.00784117 0.01816801 -0.01552355
v 0.00794116 0.01822846 -0.01549567
v 0.00816251 0.01826241 -0.01538634
v 0.00798133 0.01832839 -0.01551841
v 0.00774460 0.01842196 -0.01569230
v 0.00724891 0.01845371 -0.01597771
v 0.00738907 0.01871264 -0.01597184
v 0.00716687 0.01871264 -0.01608483
v 0.00793945 0.01895445 -0.01571358
v 0.00424060 0.01728330 -0.01642014
v 0.00414915 0.01727281 -0.01643408
v 0.00399874 0.01718117 -0.01635557
v 0.00384918 0.01710940 -0.01630128
v 0.00369876 0.01709532 -0.01631962
v 0.00354237 0.01709311 -0.01634970
v 0.00339879 0.01706744 -0.01633943
v 0.00339879 0.01712900 -0.01642454
v 0.00324837 0.01718061 -0.01651112
v 0.00309881 0.01724631 -0.01661163
v 0.00309881 0.01731284 -0.01668647
v 0.00294840 0.01730400 -0.01669601
v 0.00249800 0.01742491 -0.01687797
v 0.00268090 0.01729103 -0.01671068
v 0.00263816 0.01734513 -0.01677525
v 0.00234844 0.01741911 -0.01688457
v 0.00204847 0.01747901 -0.01697115
v 0.00159807 0.01754195 -0.01706507
v 0.00144766 0.01760903 -0.01714210
v 0.00174764 0.01754471 -0.01706066
v 0.00189805 0.01747349 -0.01697555
v 0.00138527 0.01763994 -0.01717219
v 0.00138527 0.01768384 -0.01721254
v 0.00138527 0.01771917 -0.01724336
v 0.00469612 0.01742933 -0.01642454
v 0.00507643 0.01730456 -0.01609290
v 0.00503541 0.01724990 -0.01604154
v 0.00474911 0.01724659 -0.01616701
v 0.00429444 0.01724272 -0.01634823
v 0.00448844 0.01699594 -0.01595277
v 0.00468245 0.01683446 -0.01566809
v 0.00489952 0.01681403 -0.01554409
v 0.00486192 0.01667408 -0.01538121
v 0.00505678 0.01750910 -0.01634310
v 0.00519950 0.01746908 -0.01622864
v 0.00549948 0.01740062 -0.01600559
v 0.00559349 0.01727971 -0.01582363
v 0.00700278 0.01840154 -0.01608924
v 0.00736172 0.01820279 -0.01580749
v 0.00669853 0.01760848 -0.01564167
v 0.00661990 0.01758915 -0.01566222
v 0.00651991 0.01756597 -0.01568790
v 0.00816593 0.01800873 -0.01524107
v 0.00808731 0.01790881 -0.01519265
v 0.00789929 0.01793034 -0.01532104
v 0.00750701 0.01789694 -0.01550447
v 0.00740702 0.01786961 -0.01553235
v 0.00750530 0.01774732 -0.01535406
v 0.00699936 0.01761289 -0.01548686
v 0.00691475 0.01759164 -0.01550961
v 0.00729933 0.01761841 -0.01533132
v 0.00711302 0.01771724 -0.01553529
v 0.00759931 0.01769929 -0.01525354
v 0.00661050 0.01744340 -0.01550741
v 0.00651051 0.01742077 -0.01553235
v 0.00620968 0.01742160 -0.01568203
v 0.00678912 0.01713038 -0.01507158
v 0.00654384 0.01721457 -0.01528656
v 0.00535932 0.01750800 -0.01619416
v 0.00138527 0.01702189 -0.01643114
v 0.00144766 0.01699677 -0.01639005
v 0.00174764 0.01696282 -0.01631302
v 0.00189805 0.01696475 -0.01630788
v 0.00219803 0.01691589 -0.01618902
v 0.00279798 0.01683087 -0.01597698
v 0.00399874 0.01666552 -0.01555730
v 0.00384918 0.01666552 -0.01556243
v 0.00429872 0.01662246 -0.01543917
v 0.00459869 0.01657609 -0.01528876
v 0.00474911 0.01654766 -0.01516990
v 0.00474911 0.01652999 -0.01509506
v 0.00489952 0.01653247 -0.01508039
v 0.00718225 0.01639942 -0.01368928
v 0.00730873 0.01641212 -0.01363939
v 0.00489952 0.01655759 -0.01515523
v 0.00519950 0.01655345 -0.01502536
v 0.00540718 0.01654020 -0.01490650
v 0.00659084 0.01639473 -0.01399744
v 0.00579860 0.01651536 -0.01466438
v 0.00591654 0.01652695 -0.01463576
v 0.00625839 0.01649990 -0.01440098
v 0.00699936 0.01637486 -0.01374064
v 0.00678741 0.01638396 -0.01387124
v 0.00690193 0.01654324 -0.01415078
v 0.00699936 0.01652088 -0.01404806
v 0.00713866 0.01642951 -0.01377732
v 0.00669853 0.01646208 -0.01408915
v 0.00669853 0.01651674 -0.01420801
v 0.00680194 0.01652944 -0.01418013
v 0.00744889 0.01651508 -0.01375898
v 0.00754290 0.01653082 -0.01372670
v 0.00764290 0.01654793 -0.01369221
v 0.00726857 0.01652364 -0.01389178
v 0.00718652 0.01654821 -0.01399157
v 0.00731044 0.01656173 -0.01394094
v 0.00744889 0.01660977 -0.01393947
v 0.00744889 0.01655263 -0.01383382
v 0.00771383 0.01652309 -0.01359243
v 0.00804116 0.01651094 -0.01333783
v 0.00842745 0.01653606 -0.01311625
v 0.00834968 0.01647092 -0.01303922
v 0.00852744 0.01655428 -0.01308030
v 0.00864794 0.01657609 -0.01303335
v 0.00891801 0.01666635 -0.01299666
v 0.00896074 0.01663295 -0.01290054
v 0.00910005 0.01661114 -0.01273913
v 0.00924961 0.01660397 -0.01258872
v 0.00940002 0.01660066 -0.01243904
v 0.00954958 0.01660535 -0.01228863
v 0.00955813 0.01655483 -0.01214923
v 0.00961368 0.01654131 -0.01205091
v 0.00965727 0.01652502 -0.01195113
v 0.01011620 0.01657857 -0.01154172
v 0.01004271 0.01655207 -0.01157547
v 0.00990084 0.01654766 -0.01173468
v 0.00975726 0.01654434 -0.01189316
v 0.01011620 0.01799493 -0.01373110
v 0.01010680 0.01800432 -0.01374944
v 0.00989144 0.01790991 -0.01383675
v 0.00984614 0.01796374 -0.01393654
v 0.01011620 0.01793227 -0.01366580
v 0.01011620 0.01787044 -0.01359977
v 0.01005211 0.01790412 -0.01369515
v 0.00973162 0.01791764 -0.01397836
v 0.00963163 0.01788286 -0.01401945
v 0.00968547 0.01797202 -0.01407741
v 0.00940002 0.01800791 -0.01434668
v 0.00871802 0.01789169 -0.01475902
v 0.00921457 0.01800873 -0.01449342
v 0.00854966 0.01790412 -0.01489696
v 0.00834968 0.01799079 -0.01510533
v 0.00414061 0.01709532 -0.01619709
v 0.00408506 0.01713479 -0.01626753
v 0.00438845 0.01698407 -0.01596891
v 0.00399874 0.01712513 -0.01628073
v 0.00392097 0.01698766 -0.01611345
v 0.00386200 0.01702520 -0.01618168
v 0.00369876 0.01702024 -0.01621543
v 0.00354835 0.01700864 -0.01622937
v 0.00339879 0.01700091 -0.01624111
v 0.00324837 0.01705281 -0.01633943
v 0.00324837 0.01712071 -0.01643628
v 0.00309881 0.01717123 -0.01652139
v 0.00294840 0.01723858 -0.01662117
v 0.00279798 0.01729655 -0.01670408
v 0.00258090 0.01728661 -0.01671509
v 0.00249800 0.01734983 -0.01679359
v 0.00263816 0.01723831 -0.01665199
v 0.00279798 0.01723251 -0.01662924
v 0.00234844 0.01734403 -0.01680020
v 0.00219803 0.01741359 -0.01689044
v 0.00159807 0.01746687 -0.01698142
v 0.00144766 0.01754030 -0.01706727
v 0.00174764 0.01746963 -0.01697849
v 0.00138527 0.01760875 -0.01714284
v 0.00189805 0.01740614 -0.01689998
v 0.00204847 0.01740918 -0.01689558
v 0.00549948 0.01726232 -0.01584564
v 0.00534137 0.01724328 -0.01589407
v 0.00564904 0.01715522 -0.01564167
v 0.00534906 0.01716046 -0.01578475
v 0.00565844 0.01688001 -0.01528509
v 0.00463117 0.01669644 -0.01550154
v 0.00444913 0.01686068 -0.01578255
v 0.00474911 0.01671356 -0.01548026
v 0.00517130 0.01667077 -0.01523520
v 0.00504908 0.01665117 -0.01526308
v 0.00474911 0.01665780 -0.01540469
v 0.00571399 0.01684081 -0.01520952
v 0.00534906 0.01670169 -0.01519485
v 0.00558067 0.01668485 -0.01506718
v 0.00549948 0.01667105 -0.01508552
v 0.00629770 0.01729876 -0.01550154
v 0.00599516 0.01729986 -0.01565048
v 0.00618318 0.01713369 -0.01536873
v 0.00648743 0.01713148 -0.01522053
v 0.00681476 0.01756707 -0.01553602
v 0.00699936 0.01732305 -0.01517577
v 0.00708824 0.01713038 -0.01492117
v 0.00690022 0.01729876 -0.01520145
v 0.00699936 0.01717868 -0.01501949
v 0.00834968 0.01791598 -0.01503710
v 0.00827191 0.01788921 -0.01506205
v 0.00817191 0.01785940 -0.01509213
v 0.00808560 0.01775947 -0.01504150
v 0.00798731 0.01788010 -0.01522126
v 0.00779673 0.01775202 -0.01519925
v 0.00769759 0.01787458 -0.01537681
v 0.00769674 0.01772497 -0.01522640
v 0.00729933 0.01754775 -0.01525648
v 0.00709508 0.01727695 -0.01507525
v 0.00750103 0.01759881 -0.01520145
v 0.00774460 0.01766424 -0.01513688
v 0.00759931 0.01762449 -0.01517504
v 0.00684467 0.01721429 -0.01513688
v 0.00669853 0.01732057 -0.01532765
v 0.00688911 0.01715301 -0.01504664
v 0.00699936 0.01711023 -0.01494392
v 0.00684296 0.01708593 -0.01499381
v 0.00669853 0.01711133 -0.01509433
v 0.00658742 0.01715329 -0.01519631
v 0.00138527 0.01705916 -0.01648911
v 0.00159807 0.01699926 -0.01639152
v 0.00174764 0.01700202 -0.01638785
v 0.00219803 0.01697000 -0.01629688
v 0.00234844 0.01692114 -0.01618902
v 0.00305864 0.01683584 -0.01596744
v 0.00354835 0.01673978 -0.01573926
v 0.00369876 0.01674585 -0.01573926
v 0.00399874 0.01670417 -0.01563214
v 0.00414915 0.01666828 -0.01554849
v 0.00444913 0.01663157 -0.01543917
v 0.00474911 0.01659348 -0.01528876
v 0.00714123 0.01651011 -0.01394094
v 0.00504054 0.01657140 -0.01512661
v 0.00490636 0.01663571 -0.01530050
v 0.00535419 0.01656725 -0.01498207
v 0.00549948 0.01655042 -0.01488449
v 0.00571570 0.01653910 -0.01475976
v 0.00631480 0.01653938 -0.01445894
v 0.00579860 0.01654876 -0.01473921
v 0.00595927 0.01656229 -0.01468712
v 0.00601653 0.01653882 -0.01461008
v 0.00699936 0.01655732 -0.01412290
v 0.00685065 0.01656946 -0.01423369
v 0.00650965 0.01652833 -0.01433274
v 0.00660964 0.01654048 -0.01430633
v 0.00669853 0.01655207 -0.01428285
v 0.00759504 0.01657802 -0.01378173
v 0.00775827 0.01656367 -0.01364086
v 0.00789929 0.01655594 -0.01352713
v 0.00808560 0.01655097 -0.01338626
v 0.00714123 0.01657912 -0.01407888
v 0.00730190 0.01664372 -0.01409649
v 0.00713524 0.01666221 -0.01423516
v 0.00744889 0.01666939 -0.01404439
v 0.00758649 0.01666028 -0.01393507
v 0.00775058 0.01664455 -0.01379420
v 0.00834968 0.01656063 -0.01321824
v 0.00820354 0.01656919 -0.01333783
v 0.00848642 0.01659044 -0.01317495
v 0.00835737 0.01663599 -0.01334884
v 0.00880007 0.01664344 -0.01304362
v 0.00901800 0.01669092 -0.01295851
v 0.00910005 0.01666718 -0.01284845
v 0.00875050 0.01667491 -0.01313313
v 0.00885049 0.01669920 -0.01309645
v 0.00923593 0.01666746 -0.01272739
v 0.00938891 0.01666304 -0.01257918
v 0.00948463 0.01668154 -0.01252269
v 0.00954018 0.01666304 -0.01242804
v 0.00970427 0.01656035 -0.01199588
v 0.00966496 0.01666387 -0.01228863
v 0.01011620 0.01664068 -0.01168112
v 0.00999570 0.01657581 -0.01168626
v 0.01011620 0.01665476 -0.01171267
v 0.00995211 0.01786906 -0.01373624
v 0.00987862 0.01776886 -0.01367534
v 0.00977862 0.01773490 -0.01371716
v 0.00968889 0.01785056 -0.01393287
v 0.01011620 0.01785719 -0.01358436
v 0.00924020 0.01766838 -0.01408181
v 0.00919747 0.01772193 -0.01418160
v 0.00903509 0.01773021 -0.01432174
v 0.00887271 0.01773877 -0.01446187
v 0.00920687 0.01786492 -0.01433934
v 0.00904449 0.01787375 -0.01447948
v 0.00914449 0.01790881 -0.01443913
v 0.00898125 0.01791792 -0.01457927
v 0.00870862 0.01774815 -0.01460128
v 0.00866333 0.01780281 -0.01469959
v 0.00861803 0.01785774 -0.01479718
v 0.00844369 0.01772441 -0.01477737
v 0.00844967 0.01787182 -0.01492998
v 0.00414915 0.01701196 -0.01608043
v 0.00414915 0.01695758 -0.01600559
v 0.00399874 0.01699567 -0.01610244
v 0.00382098 0.01697938 -0.01612592
v 0.00422607 0.01683667 -0.01581483
v 0.00369876 0.01697110 -0.01614059
v 0.00399874 0.01682176 -0.01583977
v 0.00354835 0.01696392 -0.01615454
v 0.00339879 0.01695813 -0.01616627
v 0.00324837 0.01699456 -0.01625138
v 0.00384918 0.01681542 -0.01585225
v 0.00369876 0.01685213 -0.01593809
v 0.00309881 0.01711326 -0.01644582
v 0.00308343 0.01702962 -0.01632476
v 0.00294840 0.01710691 -0.01645535
v 0.00294840 0.01716378 -0.01653019
v 0.00279798 0.01715743 -0.01653826
v 0.00249800 0.01728358 -0.01671876
v 0.00264842 0.01715163 -0.01654487
v 0.00249800 0.01721788 -0.01663952
v 0.00234844 0.01727833 -0.01672463
v 0.00219803 0.01727364 -0.01673050
v 0.00219803 0.01733879 -0.01680533
v 0.00159807 0.01740117 -0.01690659
v 0.00144766 0.01739951 -0.01690805
v 0.00144766 0.01746549 -0.01698289
v 0.00174764 0.01740338 -0.01690365
v 0.00138527 0.01746521 -0.01698362
v 0.00138527 0.01756845 -0.01709882
v 0.00189805 0.01733106 -0.01681340
v 0.00204847 0.01733437 -0.01680974
v 0.00609857 0.01711823 -0.01538855
v 0.00646436 0.01699070 -0.01505985
v 0.00624899 0.01701085 -0.01518384
v 0.00584475 0.01699760 -0.01535113
v 0.00458844 0.01665200 -0.01544651
v 0.00453118 0.01668595 -0.01551621
v 0.00444913 0.01680603 -0.01570771
v 0.00534906 0.01664758 -0.01512001
v 0.00549948 0.01660921 -0.01498868
v 0.00624899 0.01695233 -0.01510900
v 0.00624899 0.01687725 -0.01501142
v 0.00624899 0.01681983 -0.01493658
v 0.00609857 0.01679333 -0.01497107
v 0.00598918 0.01669920 -0.01489843
v 0.00588919 0.01668181 -0.01492117
v 0.00579860 0.01666691 -0.01494172
v 0.00677288 0.01698766 -0.01491310
v 0.00714294 0.01709090 -0.01484193
v 0.00700790 0.01702797 -0.01483753
v 0.00684894 0.01700312 -0.01489329
v 0.00729933 0.01725818 -0.01494539
v 0.00718823 0.01715522 -0.01489403
v 0.00729933 0.01711823 -0.01478691
v 0.00834968 0.01784063 -0.01496226
v 0.00826849 0.01774070 -0.01491017
v 0.00816850 0.01771033 -0.01494098
v 0.00808303 0.01761041 -0.01488816
v 0.00798304 0.01758280 -0.01491897
v 0.00798560 0.01773104 -0.01507012
v 0.00789929 0.01778045 -0.01516990
v 0.00789929 0.01770730 -0.01509506
v 0.00759931 0.01747901 -0.01501949
v 0.00779246 0.01760351 -0.01504664
v 0.00769246 0.01757756 -0.01507378
v 0.00138527 0.01712568 -0.01658009
v 0.00144766 0.01712624 -0.01657935
v 0.00174764 0.01713010 -0.01657422
v 0.00144766 0.01706081 -0.01648911
v 0.00159807 0.01706495 -0.01648911
v 0.00174764 0.01706992 -0.01648911
v 0.00189805 0.01707517 -0.01648911
v 0.00204847 0.01708124 -0.01648911
v 0.00204847 0.01700864 -0.01637758
v 0.00234844 0.01697303 -0.01629101
v 0.00294840 0.01687200 -0.01604668
v 0.00310479 0.01686786 -0.01602614
v 0.00315864 0.01683777 -0.01596304
v 0.00339879 0.01684302 -0.01595350
v 0.00302446 0.01698739 -0.01626459
v 0.00312445 0.01699015 -0.01625946
v 0.00414915 0.01670997 -0.01562406
v 0.00429872 0.01667353 -0.01553749
v 0.00444913 0.01668098 -0.01552428
v 0.00565929 0.01656394 -0.01483533
v 0.00625839 0.01656367 -0.01453598
v 0.00639855 0.01655014 -0.01443693
v 0.00609857 0.01660066 -0.01468859
v 0.00579860 0.01660342 -0.01483900
v 0.00699936 0.01661805 -0.01423883
v 0.00669853 0.01660783 -0.01438850
v 0.00684210 0.01665310 -0.01439144
v 0.00655580 0.01656560 -0.01438483
v 0.00791381 0.01662992 -0.01365333
v 0.00804116 0.01658354 -0.01347871
v 0.00725404 0.01667546 -0.01418233
v 0.00699936 0.01667270 -0.01433714
v 0.00707542 0.01668650 -0.01431440
v 0.00752838 0.01668540 -0.01401725
v 0.00735403 0.01669534 -0.01415078
v 0.00770101 0.01667546 -0.01388224
v 0.00787279 0.01666663 -0.01374798
v 0.00804970 0.01665973 -0.01361077
v 0.00819499 0.01665034 -0.01349045
v 0.00863854 0.01665807 -0.01318522
v 0.00910005 0.01671383 -0.01292329
v 0.00917611 0.01668623 -0.01281544
v 0.00896074 0.01671963 -0.01304362
v 0.00894536 0.01691424 -0.01333637
v 0.00901031 0.01699484 -0.01340313
v 0.00904620 0.01682535 -0.01313093
v 0.00911030 0.01690651 -0.01319770
v 0.00917440 0.01698739 -0.01326373
v 0.00914620 0.01685296 -0.01309058
v 0.00924961 0.01695702 -0.01315808
v 0.00920687 0.01681900 -0.01299079
v 0.00858128 0.01668374 -0.01326887
v 0.00868128 0.01670831 -0.01323291
v 0.00831207 0.01667049 -0.01344129
v 0.00814286 0.01667878 -0.01357702
v 0.00864794 0.01676297 -0.01333783
v 0.00861376 0.01681762 -0.01344275
v 0.00871375 0.01684274 -0.01340607
v 0.00888126 0.01683391 -0.01326887
v 0.00933165 0.01668319 -0.01267016
v 0.00958462 0.01671162 -0.01247059
v 0.00963077 0.01668347 -0.01237081
v 0.00943164 0.01671273 -0.01262320
v 0.00961624 0.01684219 -0.01265549
v 0.00966581 0.01681155 -0.01255570
v 0.00977179 0.01668926 -0.01220939
v 0.00981195 0.01666470 -0.01210961
v 0.00995297 0.01667049 -0.01194746
v 0.01009313 0.01667629 -0.01178604
v 0.01011620 0.01672211 -0.01185281
v 0.01003843 0.01776223 -0.01353300
v 0.00940088 0.01766148 -0.01394021
v 0.00976410 0.01759467 -0.01355501
v 0.00970854 0.01762863 -0.01364379
v 0.00918380 0.01758143 -0.01402165
v 0.01011620 0.01781109 -0.01352713
v 0.00902313 0.01758833 -0.01416252
v 0.00894963 0.01770123 -0.01435622
v 0.00877272 0.01770537 -0.01450149
v 0.00860863 0.01771448 -0.01464016
v 0.00854368 0.01775781 -0.01473995
v 0.00848727 0.01766948 -0.01467905
v 0.00843087 0.01758363 -0.01461889
v 0.00834968 0.01762062 -0.01472307
v 0.00826165 0.01759467 -0.01475462
v 0.00834968 0.01769571 -0.01480892
v 0.00834968 0.01776582 -0.01488375
v 0.00432606 0.01684716 -0.01580089
v 0.00414915 0.01683087 -0.01582437
v 0.00294840 0.01703183 -0.01634236
v 0.00279798 0.01710222 -0.01646269
v 0.00249800 0.01714666 -0.01655147
v 0.00234844 0.01720850 -0.01663952
v 0.00218692 0.01718779 -0.01662484
v 0.00204847 0.01719469 -0.01664245
v 0.00204847 0.01726978 -0.01673490
v 0.00159807 0.01732609 -0.01681927
v 0.00144766 0.01732443 -0.01682074
v 0.00138527 0.01732416 -0.01682147
v 0.00138527 0.01742657 -0.01693960
v 0.00189805 0.01726674 -0.01673857
v 0.00667289 0.01697000 -0.01493658
v 0.00654897 0.01694791 -0.01496520
v 0.00639770 0.01691230 -0.01498868
v 0.00636436 0.01697276 -0.01508259
v 0.00609857 0.01666387 -0.01479791
v 0.00633189 0.01683446 -0.01491751
v 0.00609857 0.01671825 -0.01487275
v 0.00619686 0.01667933 -0.01477517
v 0.00684894 0.01694847 -0.01481845
v 0.00673528 0.01685185 -0.01474362
v 0.00663528 0.01683308 -0.01476930
v 0.00654897 0.01681707 -0.01479057
v 0.00629685 0.01669672 -0.01475022
v 0.00643188 0.01685213 -0.01489403
v 0.00714892 0.01700919 -0.01473335
v 0.00706431 0.01699125 -0.01475829
v 0.00696432 0.01697110 -0.01478691
v 0.00738736 0.01728054 -0.01492117
v 0.00768648 0.01743126 -0.01492044
v 0.00748735 0.01730594 -0.01489329
v 0.00729933 0.01718338 -0.01486248
v 0.00737625 0.01713645 -0.01476489
v 0.00821550 0.01765237 -0.01484927
v 0.00816166 0.01756679 -0.01478837
v 0.00796937 0.01744009 -0.01476049
v 0.00786937 0.01741387 -0.01479204
v 0.00778647 0.01745693 -0.01489183
v 0.00138527 0.01718503 -0.01665492
v 0.00144766 0.01718558 -0.01665419
v 0.00159807 0.01718752 -0.01665199
v 0.00174764 0.01718945 -0.01664905
v 0.00189805 0.01713231 -0.01657128
v 0.00204847 0.01713507 -0.01656761
v 0.00234844 0.01709063 -0.01648177
v 0.00219803 0.01701196 -0.01637171
v 0.00294840 0.01698573 -0.01626753
v 0.00264842 0.01702300 -0.01635410
v 0.00279798 0.01702714 -0.01634823
v 0.00639855 0.01660314 -0.01453891
v 0.00624813 0.01664758 -0.01469519
v 0.00654640 0.01664951 -0.01454405
v 0.00649427 0.01668015 -0.01462476
v 0.00669853 0.01666801 -0.01449416
v 0.00678741 0.01668264 -0.01447068
v 0.00688740 0.01670086 -0.01444353
v 0.00699936 0.01672294 -0.01441198
v 0.00711217 0.01682121 -0.01448682
v 0.00721216 0.01684191 -0.01445674
v 0.00729933 0.01680907 -0.01435475
v 0.00717541 0.01670776 -0.01428285
v 0.00744889 0.01671659 -0.01411923
v 0.00762837 0.01670804 -0.01398276
v 0.00780100 0.01669755 -0.01384776
v 0.00730190 0.01672957 -0.01423516
v 0.00739163 0.01682922 -0.01432540
v 0.00797278 0.01668788 -0.01371349
v 0.00924191 0.01676683 -0.01288220
v 0.00936327 0.01681486 -0.01284845
v 0.00927610 0.01671494 -0.01277068
v 0.00893852 0.01680548 -0.01318449
v 0.00874366 0.01697745 -0.01357849
v 0.00884366 0.01700367 -0.01354107
v 0.00895647 0.01702824 -0.01349045
v 0.00903424 0.01713176 -0.01357189
v 0.00907441 0.01696006 -0.01330335
v 0.00924961 0.01701002 -0.01323291
v 0.00933507 0.01698131 -0.01312286
v 0.00939148 0.01695288 -0.01303408
v 0.00949489 0.01697579 -0.01298125
v 0.00841207 0.01669313 -0.01340534
v 0.00849924 0.01671438 -0.01337379
v 0.00835737 0.01672377 -0.01349045
v 0.00844540 0.01682701 -0.01357922
v 0.00854539 0.01685185 -0.01354254
v 0.00865820 0.01687338 -0.01349118
v 0.00857616 0.01698656 -0.01371496
v 0.00830780 0.01697055 -0.01388885
v 0.00954702 0.01694598 -0.01288734
v 0.00976580 0.01684274 -0.01250434
v 0.00969829 0.01676297 -0.01243758
v 0.00999827 0.01694847 -0.01243464
v 0.00991109 0.01684578 -0.01234733
v 0.01011620 0.01693908 -0.01228276
v 0.01011620 0.01687117 -0.01215436
v 0.01011620 0.01680189 -0.01201569
v 0.00951625 0.01681265 -0.01270318
v 0.00964701 0.01697359 -0.01283598
v 0.00969829 0.01694350 -0.01273766
v 0.00979743 0.01697276 -0.01268630
v 0.00970940 0.01686483 -0.01259899
v 0.00955984 0.01686593 -0.01274720
v 0.00984870 0.01694377 -0.01258725
v 0.00992391 0.01758833 -0.01341267
v 0.01011620 0.01779398 -0.01350585
v 0.01011620 0.01775091 -0.01345229
v 0.01011620 0.01769874 -0.01338699
v 0.00966410 0.01756127 -0.01359683
v 0.00960428 0.01760130 -0.01369662
v 0.00938635 0.01752152 -0.01377806
v 0.00924961 0.01746880 -0.01382502
v 0.00916756 0.01744175 -0.01385877
v 0.00910005 0.01755410 -0.01405613
v 0.00900604 0.01744893 -0.01399964
v 0.00885989 0.01759633 -0.01430266
v 0.00865222 0.01766010 -0.01454111
v 0.00853086 0.01761455 -0.01458000
v 0.00859581 0.01757452 -0.01448022
v 0.00888810 0.01727944 -0.01387491
v 0.00872230 0.01728882 -0.01401284
v 0.00862231 0.01726067 -0.01404953
v 0.00853257 0.01716074 -0.01398350
v 0.00843258 0.01713314 -0.01402018
v 0.00834968 0.01756127 -0.01464823
v 0.00820097 0.01751186 -0.01469006
v 0.00804970 0.01746162 -0.01473188
v 0.00264842 0.01709808 -0.01647003
v 0.00249800 0.01709449 -0.01647663
v 0.00234844 0.01714252 -0.01655661
v 0.00222965 0.01713948 -0.01656101
v 0.00212966 0.01713700 -0.01656468
v 0.00189805 0.01719193 -0.01664612
v 0.00174764 0.01726453 -0.01674150
v 0.00159807 0.01726260 -0.01674370
v 0.00144766 0.01726067 -0.01674590
v 0.00138527 0.01726011 -0.01674664
v 0.00624813 0.01673895 -0.01483019
v 0.00639855 0.01666525 -0.01464897
v 0.00684894 0.01687338 -0.01471280
v 0.00684894 0.01682038 -0.01463723
v 0.00669083 0.01679858 -0.01469152
v 0.00654640 0.01673757 -0.01468052
v 0.00714892 0.01695619 -0.01465851
v 0.00729848 0.01703901 -0.01468272
v 0.00724806 0.01697690 -0.01462843
v 0.00698654 0.01680492 -0.01453745
v 0.00692757 0.01683584 -0.01461595
v 0.00757367 0.01726205 -0.01479351
v 0.00743522 0.01710526 -0.01468492
v 0.00752667 0.01698601 -0.01446554
v 0.00744889 0.01702300 -0.01456533
v 0.00734805 0.01699926 -0.01459761
v 0.00767366 0.01728772 -0.01476343
v 0.00747624 0.01716212 -0.01473261
v 0.00755230 0.01712292 -0.01463283
v 0.00782579 0.01713645 -0.01446481
v 0.00784801 0.01727474 -0.01462989
v 0.00138527 0.01721622 -0.01669308
v 0.00659426 0.01669782 -0.01459761
v 0.00669853 0.01671715 -0.01456973
v 0.00684210 0.01674199 -0.01452791
v 0.00715746 0.01687532 -0.01453745
v 0.00729848 0.01693963 -0.01454405
v 0.00729933 0.01686068 -0.01442959
v 0.00749163 0.01685185 -0.01429165
v 0.00756512 0.01681845 -0.01419187
v 0.00759675 0.01676324 -0.01408768
v 0.00775058 0.01673233 -0.01393507
v 0.00774887 0.01681072 -0.01405393
v 0.00758564 0.01695785 -0.01438483
v 0.00783690 0.01683115 -0.01402312
v 0.00800697 0.01682149 -0.01388738
v 0.00867615 0.01701333 -0.01367827
v 0.00880605 0.01705861 -0.01364379
v 0.00894963 0.01710802 -0.01360344
v 0.00886759 0.01714114 -0.01370909
v 0.00890604 0.01741828 -0.01403926
v 0.00898809 0.01730980 -0.01383602
v 0.00905133 0.01727060 -0.01373550
v 0.00915132 0.01730263 -0.01369515
v 0.00913423 0.01716322 -0.01353080
v 0.00919491 0.01712430 -0.01343101
v 0.00939575 0.01706413 -0.01318522
v 0.00943506 0.01701085 -0.01308104
v 0.00955471 0.01705833 -0.01304362
v 0.00959488 0.01700588 -0.01293576
v 0.00810696 0.01684578 -0.01385143
v 0.00827618 0.01683639 -0.01371569
v 0.00849924 0.01696724 -0.01374357
v 0.00840779 0.01699594 -0.01385216
v 0.00804970 0.01695785 -0.01405687
v 0.00797022 0.01698960 -0.01416032
v 0.00823858 0.01700561 -0.01398863
v 0.00994613 0.01697386 -0.01253589
v 0.01004612 0.01700588 -0.01248160
v 0.01011620 0.01696668 -0.01233339
v 0.00974700 0.01700478 -0.01278682
v 0.00984870 0.01703818 -0.01273766
v 0.00989742 0.01700478 -0.01263568
v 0.01011620 0.01766037 -0.01333857
v 0.01011620 0.01763442 -0.01330555
v 0.00999997 0.01755548 -0.01330482
v 0.00979059 0.01727695 -0.01312726
v 0.00961539 0.01714363 -0.01310598
v 0.00955898 0.01717565 -0.01319476
v 0.00964787 0.01742215 -0.01343395
v 0.00954275 0.01739372 -0.01348604
v 0.00932823 0.01743512 -0.01371716
v 0.00937267 0.01725625 -0.01345376
v 0.00875990 0.01756569 -0.01434154
v 0.00869580 0.01760544 -0.01444133
v 0.00870008 0.01715080 -0.01384629
v 0.00876759 0.01711354 -0.01374651
v 0.00848898 0.01710139 -0.01393581
v 0.00834968 0.01711050 -0.01405026
v 0.00792578 0.01716378 -0.01442886
v 0.00804970 0.01740448 -0.01465704
v 0.00762666 0.01700975 -0.01443253
v 0.00765230 0.01714859 -0.01459908
v 0.00774887 0.01711602 -0.01449122
v 0.00788561 0.01710719 -0.01438263
v 0.00774973 0.01703735 -0.01438483
v 0.00770016 0.01697497 -0.01433201
v 0.00766512 0.01684136 -0.01415738
v 0.00790356 0.01691010 -0.01409208
v 0.00849924 0.01702051 -0.01381841
v 0.00929490 0.01715632 -0.01338993
v 0.00951540 0.01711105 -0.01314854
v 0.00967179 0.01710581 -0.01300620
v 0.00977264 0.01713921 -0.01296144
v 0.00992562 0.01713700 -0.01281397
v 0.00835481 0.01703100 -0.01393874
v 0.00780015 0.01699926 -0.01429679
v 0.01001023 0.01705529 -0.01259899
v 0.01011620 0.01710857 -0.01257111
v 0.01011620 0.01703956 -0.01245812
v 0.01011620 0.01700947 -0.01240676
v 0.00996152 0.01711271 -0.01273913
v 0.01011620 0.01756569 -0.01321677
v 0.01008116 0.01758280 -0.01326960
v 0.00984443 0.01724383 -0.01303555
v 0.00971367 0.01716598 -0.01304949
v 0.00945557 0.01714970 -0.01324832
v 0.00947267 0.01728910 -0.01341194
v 0.00954958 0.01731449 -0.01337966
v 0.01000510 0.01735921 -0.01304362
v 0.01011620 0.01740669 -0.01300473
v 0.01004527 0.01730759 -0.01293576
v 0.01011620 0.01733879 -0.01291082
v 0.01011620 0.01729904 -0.01285432
v 0.01011620 0.01726011 -0.01279856
v 0.01011620 0.01721788 -0.01273766
v 0.01007347 0.01713811 -0.01266282
v 0.01011620 0.01714915 -0.01263421
v 0.01011620 0.01745831 -0.01307370
f 1 2 5
f 1 5 14
f 1 14 31
f 1 31 43
f 1 43 59
f 1 59 90
f 1 90 131
f 1 131 177
f 1 177 183
f 1 183 237
f 1 237 236
f 1 236 326
f 1 326 422
f 1 422 421
f 1 421 519
f 1 519 638
f 1 638 762
f 1 762 764
f 1 764 898
f 1 898 897
f 1 897 896
f 1 896 1029
f 1 1029 1177
f 1 1177 1176
f 1 1176 1313
f 1 1313 1312
f 1 1312 1439
f 1 1439 1461
f 1 1461 1342
f 1 1342 1214
f 1 1214 1076
f 1 1076 934
f 1 934 808
f 1 808 674
f 1 674 556
f 1 556 460
f 1 460 369
f 1 369 279
f 1 279 212
f 1 212 160
f 1 160 114
f 1 114 113
f 1 113 80
f 1 80 52
f 1 52 39
f 1 39 38
f 1 38 37
f 1 37 35
f 1 35 20
f 1 20 8
f 1 8 3
f 1 3 9
f 1 9 26
f 1 26 40
f 1 40 54
f 1 54 86
f 1 86 128
f 1 128 176
f 1 176 229
f 1 229 301
f 1 301 388
f 1 388 485
f 1 485 404
f 1 404 501
f 1 501 502
f 1 502 614
f 1 614 616
f 1 616 740
f 1 740 874
f 1 874 777
f 1 777 776
f 1 776 649
f 1 649 648
f 1 648 646
f 1 646 528
f 1 528 524
f 1 524 431
f 1 431 338
f 1 338 255
f 1 255 198
f 1 198 197
f 1 197 196
f 1 196 195
f 1 195 194
f 1 194 146
f 1 146 103
f 1 103 70
f 1 70 46
f 1 46 32
f 1 32 16
f 1 16 15
f 1 15 6
f 1 6 4
f 1 4 2
f 2 4 6
f 2 6 7
f 2 7 5
f 3 8 9
f 5 10 11
f 5 11 12
f 5 12 13
f 5 13 14
f 5 7 10
f 6 15 7
f 7 15 16
f 7 16 17
f 7 17 18
f 7 18 19
f 7 19 10
f 8 20 21
f 8 21 22
f 8 22 23
f 8 23 9
f 9 23 24
f 9 24 25
f 9 25 26
f 10 19 12
f 10 12 11
f 12 19 27
f 12 27 28
f 12 28 29
f 12 29 30
f 12 30 13
f 13 30 31
f 13 31 14
f 16 32 33
f 16 33 34
f 16 34 17
f 17 34 41
f 17 41 27
f 17 27 19
f 17 19 18
f 20 35 21
f 21 36 51
f 21 51 84
f 21 84 122
f 21 122 168
f 21 168 223
f 21 223 292
f 21 292 380
f 21 380 480
f 21 480 584
f 21 584 708
f 21 708 848
f 21 848 987
f 21 987 1128
f 21 1128 1130
f 21 1130 1283
f 21 1283 1399
f 21 1399 1398
f 21 1398 1397
f 21 1397 1499
f 21 1499 1540
f 21 1540 1539
f 21 1539 1538
f 21 1538 1557
f 21 1557 1555
f 21 1555 1554
f 21 1554 1553
f 21 1553 1552
f 21 1552 1550
f 21 1550 1558
f 21 1558 1542
f 21 1542 1504
f 21 1504 1503
f 21 1503 1410
f 21 1410 1409
f 21 1409 1408
f 21 1408 1289
f 21 1289 1135
f 21 1135 996
f 21 996 995
f 21 995 991
f 21 991 856
f 21 856 713
f 21 713 589
f 21 589 587
f 21 587 482
f 21 482 384
f 21 384 383
f 21 383 296
f 21 296 226
f 21 226 172
f 21 172 126
f 21 126 85
f 21 85 53
f 21 53 40
f 21 40 26
f 21 26 25
f 21 25 24
f 21 24 23
f 21 23 22
f 21 35 37
f 21 37 38
f 21 38 39
f 21 39 36
f 27 41 44
f 27 44 42
f 27 42 28
f 28 42 30
f 28 30 29
f 30 43 31
f 30 42 44
f 30 44 45
f 30 45 43
f 32 46 33
f 33 46 47
f 33 47 48
f 33 48 49
f 33 49 34
f 34 49 50
f 34 50 55
f 34 55 41
f 36 39 52
f 36 52 51
f 40 53 54
f 41 55 56
f 41 56 57
f 41 57 58
f 41 58 44
f 43 45 60
f 43 60 61
f 43 61 62
f 43 62 59
f 44 58 63
f 44 63 64
f 44 64 45
f 45 65 66
f 45 66 60
f 45 64 67
f 45 67 68
f 45 68 69
f 45 69 65
f 46 70 71
f 46 71 72
f 46 72 47
f 47 72 73
f 47 73 74
f 47 74 48
f 48 75 49
f 48 74 76
f 48 76 77
f 48 77 78
f 48 78 79
f 48 79 56
f 48 56 75
f 49 75 50
f 50 75 56
f 50 56 55
f 51 52 80
f 51 80 81
f 51 81 82
f 51 82 83
f 51 83 84
f 53 85 54
f 54 85 86
f 56 79 87
f 56 87 57
f 57 87 88
f 57 88 58
f 58 64 63
f 58 88 64
f 59 62 89
f 59 89 90
f 60 66 61
f 61 66 91
f 61 91 62
f 62 92 89
f 62 91 93
f 62 93 94
f 62 94 92
f 64 88 130
f 64 130 95
f 64 95 67
f 65 69 96
f 65 96 97
f 65 97 98
f 65 98 66
f 66 98 91
f 67 95 99
f 67 99 100
f 67 100 101
f 67 101 68
f 68 101 102
f 68 102 96
f 68 96 69
f 70 103 104
f 70 104 71
f 71 104 73
f 71 73 72
f 73 104 105
f 73 105 74
f 74 106 107
f 74 107 76
f 74 105 108
f 74 108 106
f 76 107 109
f 76 109 77
f 77 110 78
f 77 109 111
f 77 111 110
f 78 110 79
f 79 110 112
f 79 112 87
f 80 113 81
f 81 113 114
f 81 114 115
f 81 115 116
f 81 116 82
f 82 116 117
f 82 117 118
f 82 118 119
f 82 119 83
f 83 119 120
f 83 120 121
f 83 121 84
f 84 121 118
f 84 118 123
f 84 123 124
f 84 124 125
f 84 125 122
f 85 126 127
f 85 127 86
f 86 127 128
f 87 112 129
f 87 129 130
f 87 130 88
f 89 92 131
f 89 131 90
f 91 132 93
f 91 98 132
f 92 133 134
f 92 134 135
f 92 135 131
f 92 94 136
f 92 136 137
f 92 137 138
f 92 138 133
f 93 132 136
f 93 136 94
f 95 130 139
f 95 139 99
f 96 102 140
f 96 140 97
f 97 140 141
f 97 141 142
f 97 142 143
f 97 143 132
f 97 132 98
f 99 139 144
f 99 144 101
f 99 101 100
f 101 144 102
f 102 144 145
f 102 145 140
f 103 146 104
f 104 146 147
f 104 147 148
f 104 148 105
f 105 148 147
f 105 147 149
f 105 149 150
f 105 150 151
f 105 151 152
f 105 152 153
f 105 153 154
f 105 154 108
f 106 155 109
f 106 109 107
f 106 108 156
f 106 156 155
f 108 154 157
f 108 157 156
f 109 158 111
f 109 155 158
f 110 111 158
f 110 158 159
f 110 159 130
f 110 130 112
f 112 130 129
f 114 160 115
f 115 160 116
f 116 160 161
f 116 161 162
f 116 162 163
f 116 163 117
f 117 163 164
f 117 164 165
f 117 165 118
f 118 165 123
f 118 121 120
f 118 120 166
f 118 166 119
f 119 166 120
f 122 167 168
f 122 125 169
f 122 169 167
f 123 165 125
f 123 125 124
f 125 165 170
f 125 170 171
f 125 171 169
f 126 172 127
f 127 172 173
f 127 173 174
f 127 174 128
f 128 174 175
f 128 175 176
f 130 159 139
f 131 135 177
f 132 178 136
f 132 143 142
f 132 142 178
f 133 179 134
f 133 138 180
f 133 180 179
f 134 181 135
f 134 179 182
f 134 182 181
f 135 181 183
f 135 183 177
f 136 178 142
f 136 142 184
f 136 184 137
f 137 184 185
f 137 185 138
f 138 185 186
f 138 186 187
f 138 187 180
f 139 159 188
f 139 188 144
f 140 189 190
f 140 190 142
f 140 142 141
f 140 145 191
f 140 191 192
f 140 192 189
f 142 190 184
f 144 191 145
f 144 188 193
f 144 193 191
f 146 194 147
f 147 194 195
f 147 195 196
f 147 196 149
f 149 196 197
f 149 197 150
f 150 197 198
f 150 198 199
f 150 199 200
f 150 200 201
f 150 201 151
f 151 153 152
f 151 201 202
f 151 202 203
f 151 203 204
f 151 204 153
f 153 204 205
f 153 205 206
f 153 206 157
f 153 157 154
f 155 207 158
f 155 156 208
f 155 208 207
f 156 157 209
f 156 209 210
f 156 210 208
f 157 206 209
f 158 207 193
f 158 193 159
f 159 193 188
f 160 211 161
f 160 212 213
f 160 213 211
f 161 211 213
f 161 213 214
f 161 214 162
f 162 214 215
f 162 215 216
f 162 216 163
f 163 216 215
f 163 215 217
f 163 217 218
f 163 218 219
f 163 219 164
f 164 219 220
f 164 220 221
f 164 221 222
f 164 222 165
f 165 222 221
f 165 221 170
f 167 169 168
f 168 169 224
f 168 224 223
f 169 171 170
f 169 170 220
f 169 220 225
f 169 225 224
f 170 221 220
f 172 226 173
f 173 227 174
f 173 226 227
f 174 227 175
f 175 228 229
f 175 229 176
f 175 227 230
f 175 230 228
f 179 231 181
f 179 181 182
f 179 180 232
f 179 232 233
f 179 233 234
f 179 234 231
f 180 187 235
f 180 235 233
f 180 233 232
f 181 236 237
f 181 237 183
f 181 231 238
f 181 238 236
f 184 190 185
f 185 190 239
f 185 239 240
f 185 240 186
f 186 235 187
f 186 240 241
f 186 241 235
f 189 192 242
f 189 242 243
f 189 243 244
f 189 244 245
f 189 245 190
f 190 245 246
f 190 246 247
f 190 247 239
f 191 193 248
f 191 248 249
f 191 249 250
f 191 250 251
f 191 251 192
f 192 251 252
f 192 252 244
f 192 244 253
f 192 253 242
f 193 207 254
f 193 254 248
f 198 255 199
f 199 256 201
f 199 201 200
f 199 255 257
f 199 257 258
f 199 258 259
f 199 259 260
f 199 260 256
f 201 256 261
f 201 261 262
f 201 262 202
f 202 262 263
f 202 263 203
f 203 205 204
f 203 263 264
f 203 264 265
f 203 265 205
f 205 265 206
f 206 266 267
f 206 267 268
f 206 268 269
f 206 269 209
f 206 265 270
f 206 270 271
f 206 271 272
f 206 272 266
f 207 208 273
f 207 273 254
f 208 274 275
f 208 275 273
f 208 210 276
f 208 276 274
f 209 269 268
f 209 268 210
f 210 268 277
f 210 277 278
f 210 278 276
f 212 279 280
f 212 280 213
f 213 280 281
f 213 281 282
f 213 282 283
f 213 283 284
f 213 284 214
f 214 285 286
f 214 286 215
f 214 284 285
f 215 286 287
f 215 287 288
f 215 288 217
f 217 288 218
f 218 288 289
f 218 289 219
f 219 289 220
f 220 289 288
f 220 288 290
f 220 290 291
f 220 291 225
f 223 224 293
f 223 293 292
f 224 225 293
f 225 291 294
f 225 294 295
f 225 295 293
f 226 296 297
f 226 297 227
f 227 297 298
f 227 298 230
f 228 230 299
f 228 299 229
f 229 299 300
f 229 300 301
f 230 302 303
f 230 303 304
f 230 304 305
f 230 305 306
f 230 306 307
f 230 307 308
f 230 308 309
f 230 309 310
f 230 310 311
f 230 311 312
f 230 312 313
f 230 313 314
f 230 314 300
f 230 300 299
f 230 298 302
f 231 234 238
f 233 235 315
f 233 315 316
f 233 316 317
f 233 317 318
f 233 318 234
f 234 319 320
f 234 320 321
f 234 321 322
f 234 322 323
f 234 323 238
f 234 318 319
f 235 241 315
f 236 324 325
f 236 325 326
f 236 238 324
f 238 323 324
f 239 247 327
f 239 327 240
f 240 327 241
f 241 327 328
f 241 328 329
f 241 329 315
f 242 253 244
f 242 244 243
f 244 252 330
f 244 330 331
f 244 331 245
f 245 331 332
f 245 332 246
f 246 332 425
f 246 425 328
f 246 328 327
f 246 327 247
f 248 254 333
f 248 333 334
f 248 334 335
f 248 335 336
f 248 336 250
f 248 250 249
f 250 252 251
f 250 336 337
f 250 337 330
f 250 330 252
f 254 273 333
f 255 338 257
f 256 260 339
f 256 339 261
f 257 338 340
f 257 340 341
f 257 341 258
f 258 341 260
f 258 260 259
f 260 341 342
f 260 342 343
f 260 343 339
f 261 339 344
f 261 344 345
f 261 345 262
f 262 345 346
f 262 346 263
f 263 346 264
f 264 346 347
f 264 347 348
f 264 348 265
f 265 348 271
f 265 271 270
f 266 349 267
f 266 272 271
f 266 271 349
f 267 349 350
f 267 350 268
f 268 350 349
f 268 349 277
f 271 351 352
f 271 352 353
f 271 353 354
f 271 354 355
f 271 355 349
f 271 348 356
f 271 356 357
f 271 357 358
f 271 358 359
f 271 359 360
f 271 360 361
f 271 361 362
f 271 362 351
f 273 363 333
f 273 275 274
f 273 274 364
f 273 364 365
f 273 365 366
f 273 366 363
f 274 276 278
f 274 278 367
f 274 367 364
f 277 349 278
f 278 349 355
f 278 355 368
f 278 368 367
f 279 369 370
f 279 370 280
f 280 370 369
f 280 369 282
f 280 282 281
f 282 369 371
f 282 371 372
f 282 372 373
f 282 373 374
f 282 374 283
f 283 374 375
f 283 375 285
f 283 285 284
f 285 375 288
f 285 288 287
f 285 287 286
f 288 376 290
f 288 375 376
f 290 376 291
f 291 377 378
f 291 378 294
f 291 376 379
f 291 379 377
f 292 293 381
f 292 381 380
f 293 295 381
f 294 382 295
f 294 378 382
f 295 382 381
f 296 383 297
f 297 383 298
f 298 383 384
f 298 384 385
f 298 385 386
f 298 386 387
f 298 387 302
f 300 388 301
f 300 314 389
f 300 389 388
f 302 387 390
f 302 390 303
f 303 390 387
f 303 387 386
f 303 386 304
f 304 386 385
f 304 385 391
f 304 391 392
f 304 392 393
f 304 393 394
f 304 394 305
f 305 394 306
f 306 395 396
f 306 396 307
f 306 394 395
f 307 396 308
f 308 397 309
f 308 396 397
f 309 397 398
f 309 398 310
f 310 398 399
f 310 399 311
f 311 399 400
f 311 400 401
f 311 401 402
f 311 402 403
f 311 403 312
f 312 404 389
f 312 389 405
f 312 405 313
f 312 403 406
f 312 406 404
f 313 407 389
f 313 389 314
f 313 405 407
f 315 329 317
f 315 317 316
f 317 329 408
f 317 408 318
f 318 408 409
f 318 409 410
f 318 410 411
f 318 411 412
f 318 412 320
f 318 320 319
f 320 412 413
f 320 413 321
f 321 414 322
f 321 413 415
f 321 415 416
f 321 416 414
f 322 414 417
f 322 417 418
f 322 418 419
f 322 419 323
f 323 419 324
f 324 419 420
f 324 420 325
f 325 421 422
f 325 422 326
f 325 420 419
f 325 419 423
f 325 423 424
f 325 424 421
f 328 425 408
f 328 408 329
f 330 337 335
f 330 335 331
f 331 335 426
f 331 426 332
f 332 426 425
f 333 363 427
f 333 427 335
f 333 335 334
f 335 337 336
f 335 427 428
f 335 428 429
f 335 429 430
f 335 430 426
f 338 431 340
f 339 343 342
f 339 342 432
f 339 432 344
f 340 433 341
f 340 431 433
f 341 434 342
f 341 433 435
f 341 435 436
f 341 436 434
f 342 434 437
f 342 437 432
f 344 432 438
f 344 438 345
f 345 438 346
f 346 438 347
f 347 438 356
f 347 356 348
f 351 439 353
f 351 353 352
f 351 362 439
f 353 439 440
f 353 440 441
f 353 441 442
f 353 442 443
f 353 443 368
f 353 368 355
f 353 355 354
f 356 438 444
f 356 444 357
f 357 444 445
f 357 445 358
f 358 445 359
f 359 445 446
f 359 446 360
f 360 446 447
f 360 447 361
f 361 447 448
f 361 448 449
f 361 449 450
f 361 450 362
f 362 450 451
f 362 451 452
f 362 452 453
f 362 453 454
f 362 454 439
f 363 429 428
f 363 428 427
f 363 366 429
f 364 367 365
f 365 367 455
f 365 455 456
f 365 456 457
f 365 457 366
f 366 457 429
f 367 368 458
f 367 458 455
f 368 443 459
f 368 459 458
f 369 460 461
f 369 461 462
f 369 462 463
f 369 463 464
f 369 464 465
f 369 465 466
f 369 466 467
f 369 467 373
f 369 373 371
f 371 373 372
f 373 468 469
f 373 469 374
f 373 467 470
f 373 470 468
f 374 469 471
f 374 471 375
f 375 471 472
f 375 472 376
f 376 472 473
f 376 473 474
f 376 474 379
f 377 379 475
f 377 475 476
f 377 476 477
f 377 477 478
f 377 478 378
f 378 478 479
f 378 479 382
f 379 474 475
f 380 381 480
f 381 382 480
f 382 479 481
f 382 481 480
f 384 482 385
f 385 482 483
f 385 483 484
f 385 484 391
f 388 389 485
f 389 407 405
f 389 404 485
f 391 484 486
f 391 486 392
f 392 486 393
f 393 487 394
f 393 486 487
f 394 487 395
f 395 488 397
f 395 397 396
f 395 487 489
f 395 489 488
f 397 490 491
f 397 491 492
f 397 492 493
f 397 493 398
f 397 488 490
f 398 493 494
f 398 494 400
f 398 400 399
f 400 494 493
f 400 493 495
f 400 495 401
f 401 495 496
f 401 496 402
f 402 496 497
f 402 497 498
f 402 498 499
f 402 499 500
f 402 500 406
f 402 406 403
f 404 406 501
f 406 502 501
f 406 500 499
f 406 499 503
f 406 503 502
f 408 425 409
f 409 426 504
f 409 504 505
f 409 505 506
f 409 506 507
f 409 507 508
f 409 508 410
f 409 425 426
f 410 508 411
f 411 509 413
f 411 413 412
f 411 508 509
f 413 509 510
f 413 510 511
f 413 511 512
f 413 512 513
f 413 513 416
f 413 416 415
f 414 416 513
f 414 513 514
f 414 514 417
f 417 514 515
f 417 515 516
f 417 516 517
f 417 517 518
f 417 518 418
f 418 518 423
f 418 423 419
f 421 424 519
f 423 518 424
f 424 518 520
f 424 520 521
f 424 521 519
f 426 430 504
f 429 457 430
f 430 457 522
f 430 522 523
f 430 523 504
f 431 524 433
f 432 437 525
f 432 525 526
f 432 526 438
f 433 524 435
f 434 527 437
f 434 436 527
f 435 528 529
f 435 529 530
f 435 530 436
f 435 524 528
f 436 530 531
f 436 531 527
f 437 527 525
f 438 526 532
f 438 532 533
f 438 533 534
f 438 534 445
f 438 445 535
f 438 535 444
f 439 454 440
f 440 536 441
f 440 454 536
f 441 536 442
f 442 536 537
f 442 537 538
f 442 538 443
f 443 538 539
f 443 539 459
f 444 535 445
f 445 534 540
f 445 540 541
f 445 541 542
f 445 542 446
f 446 542 447
f 447 542 543
f 447 543 448
f 448 543 449
f 449 543 450
f 450 544 451
f 450 543 545
f 450 545 546
f 450 546 547
f 450 547 548
f 450 548 549
f 450 549 550
f 450 550 544
f 451 544 452
f 452 544 551
f 452 551 453
f 453 551 552
f 453 552 553
f 453 553 454
f 454 553 536
f 455 458 456
f 456 458 554
f 456 554 457
f 457 554 539
f 457 539 555
f 457 555 522
f 458 459 554
f 459 539 554
f 460 556 557
f 460 557 558
f 460 558 462
f 460 462 461
f 462 559 463
f 462 558 559
f 463 465 464
f 463 559 558
f 463 558 560
f 463 560 561
f 463 561 562
f 463 562 466
f 463 466 465
f 466 562 563
f 466 563 470
f 466 470 467
f 468 564 469
f 468 470 563
f 468 563 565
f 468 565 566
f 468 566 564
f 469 567 472
f 469 472 471
f 469 564 567
f 472 567 473
f 473 567 568
f 473 568 569
f 473 569 570
f 473 570 571
f 473 571 474
f 474 571 475
f 475 571 572
f 475 572 573
f 475 573 574
f 475 574 476
f 476 574 575
f 476 575 576
f 476 576 577
f 476 577 578
f 476 578 579
f 476 579 478
f 476 478 477
f 478 579 580
f 478 580 581
f 478 581 582
f 478 582 481
f 478 481 479
f 480 481 583
f 480 583 584
f 481 582 585
f 481 585 586
f 481 586 583
f 482 587 483
f 483 588 484
f 483 587 589
f 483 589 588
f 484 588 590
f 484 590 591
f 484 591 486
f 486 591 592
f 486 592 593
f 486 593 487
f 487 593 489
f 488 489 594
f 488 594 595
f 488 595 596
f 488 596 597
f 488 597 598
f 488 598 490
f 489 593 594
f 490 598 491
f 491 598 599
f 491 599 600
f 491 600 492
f 492 600 493
f 493 601 602
f 493 602 603
f 493 603 604
f 493 604 605
f 493 605 495
f 493 600 601
f 495 605 606
f 495 606 607
f 495 607 496
f 496 607 608
f 496 608 609
f 496 609 497
f 497 609 610
f 497 610 498
f 498 610 499
f 499 610 611
f 499 611 612
f 499 612 613
f 499 613 503
f 502 503 614
f 503 613 615
f 503 615 616
f 503 616 614
f 504 523 617
f 504 617 505
f 505 617 741
f 505 741 618
f 505 618 619
f 505 619 620
f 505 620 621
f 505 621 506
f 506 621 620
f 506 620 622
f 506 622 623
f 506 623 507
f 507 623 508
f 508 624 510
f 508 510 509
f 508 623 625
f 508 625 626
f 508 626 627
f 508 627 624
f 510 624 628
f 510 628 511
f 511 629 512
f 511 628 629
f 512 629 630
f 512 630 513
f 513 630 514
f 514 631 515
f 514 630 632
f 514 632 629
f 514 629 633
f 514 633 631
f 515 634 516
f 515 631 634
f 516 634 635
f 516 635 517
f 517 635 636
f 517 636 637
f 517 637 520
f 517 520 518
f 519 521 638
f 520 639 640
f 520 640 521
f 520 637 639
f 521 640 638
f 522 555 523
f 523 641 642
f 523 642 617
f 523 555 537
f 523 537 643
f 523 643 644
f 523 644 641
f 525 527 645
f 525 645 526
f 526 645 531
f 526 531 532
f 527 531 645
f 528 646 529
f 529 647 530
f 529 646 648
f 529 648 649
f 529 649 650
f 529 650 647
f 530 647 531
f 531 647 651
f 531 651 652
f 531 652 653
f 531 653 532
f 532 653 654
f 532 654 533
f 533 654 540
f 533 540 534
f 536 553 643
f 536 643 537
f 537 555 538
f 538 555 539
f 540 655 656
f 540 656 657
f 540 657 541
f 540 654 655
f 541 657 658
f 541 658 542
f 542 658 659
f 542 659 543
f 543 659 660
f 543 660 545
f 544 661 551
f 544 550 661
f 545 660 546
f 546 660 662
f 546 662 663
f 546 663 547
f 547 664 549
f 547 549 548
f 547 663 665
f 547 665 664
f 549 664 550
f 550 664 666
f 550 666 667
f 550 667 668
f 550 668 661
f 551 661 669
f 551 669 670
f 551 670 552
f 552 670 671
f 552 671 672
f 552 672 553
f 553 672 673
f 553 673 643
f 556 674 558
f 556 558 557
f 558 674 675
f 558 675 676
f 558 676 677
f 558 677 561
f 558 561 560
f 561 678 565
f 561 565 562
f 561 677 679
f 561 679 678
f 562 565 563
f 564 680 567
f 564 566 680
f 565 678 681
f 565 681 566
f 566 681 682
f 566 682 680
f 567 680 683
f 567 683 568
f 568 684 569
f 568 683 685
f 568 685 686
f 568 686 687
f 568 687 688
f 568 688 684
f 569 684 689
f 569 689 690
f 569 690 570
f 570 690 691
f 570 691 572
f 570 572 571
f 572 691 692
f 572 692 693
f 572 693 694
f 572 694 695
f 572 695 696
f 572 696 697
f 572 697 698
f 572 698 573
f 573 698 699
f 573 699 574
f 574 699 700
f 574 700 575
f 575 700 576
f 576 578 577
f 576 700 701
f 576 701 702
f 576 702 578
f 578 702 703
f 578 703 704
f 578 704 705
f 578 705 579
f 579 705 580
f 580 705 704
f 580 704 706
f 580 706 707
f 580 707 582
f 580 582 581
f 582 707 585
f 583 708 584
f 583 586 708
f 585 707 586
f 586 707 709
f 586 709 710
f 586 710 708
f 588 711 590
f 588 589 712
f 588 712 711
f 589 713 712
f 590 711 591
f 591 714 592
f 591 711 715
f 591 715 714
f 592 714 595
f 592 595 593
f 593 595 594
f 595 714 596
f 596 714 597
f 597 714 598
f 598 715 716
f 598 716 717
f 598 717 718
f 598 718 719
f 598 719 720
f 598 720 601
f 598 601 599
f 598 714 715
f 599 601 600
f 601 720 719
f 601 719 721
f 601 721 602
f 602 722 723
f 602 723 603
f 602 721 722
f 603 606 604
f 603 723 724
f 603 724 725
f 603 725 726
f 603 726 727
f 603 727 728
f 603 728 729
f 603 729 606
f 604 606 605
f 606 729 608
f 606 608 607
f 608 729 728
f 608 728 730
f 608 730 731
f 608 731 609
f 609 731 610
f 610 731 732
f 610 732 733
f 610 733 734
f 610 734 611
f 611 734 733
f 611 733 735
f 611 735 612
f 612 735 736
f 612 736 737
f 612 737 613
f 613 738 615
f 613 737 738
f 615 738 739
f 615 739 616
f 616 739 740
f 617 642 741
f 618 741 742
f 618 742 877
f 618 877 743
f 618 743 744
f 618 744 619
f 619 744 745
f 619 745 620
f 620 745 746
f 620 746 622
f 622 746 623
f 623 746 747
f 623 747 625
f 624 627 628
f 625 747 748
f 625 748 626
f 626 748 749
f 626 749 627
f 627 749 750
f 627 750 628
f 628 750 751
f 628 751 629
f 629 632 630
f 629 751 752
f 629 752 753
f 629 753 633
f 631 633 754
f 631 754 755
f 631 755 634
f 633 753 756
f 633 756 754
f 634 757 635
f 634 755 758
f 634 758 757
f 635 757 759
f 635 759 636
f 636 760 639
f 636 639 637
f 636 759 761
f 636 761 760
f 638 640 762
f 639 760 763
f 639 763 640
f 640 763 764
f 640 764 762
f 641 644 765
f 641 765 766
f 641 766 642
f 642 767 741
f 642 766 768
f 642 768 767
f 643 769 644
f 643 673 769
f 644 769 770
f 644 770 771
f 644 771 765
f 647 650 772
f 647 772 773
f 647 773 774
f 647 774 775
f 647 775 651
f 649 776 650
f 650 776 777
f 650 777 772
f 651 653 652
f 651 775 653
f 653 778 656
f 653 656 654
f 653 775 737
f 653 737 779
f 653 779 780
f 653 780 778
f 654 656 655
f 656 778 657
f 657 659 658
f 657 778 781
f 657 781 659
f 659 782 660
f 659 781 782
f 660 783 866
f 660 866 784
f 660 784 785
f 660 785 786
f 660 786 787
f 660 787 662
f 660 782 788
f 660 788 789
f 660 789 783
f 661 670 669
f 661 668 790
f 661 790 791
f 661 791 792
f 661 792 670
f 662 787 793
f 662 793 794
f 662 794 795
f 662 795 663
f 663 796 665
f 663 795 797
f 663 797 796
f 664 665 796
f 664 796 798
f 664 798 666
f 666 799 667
f 666 798 800
f 666 800 801
f 666 801 802
f 666 802 799
f 667 799 668
f 668 799 803
f 668 803 790
f 670 792 804
f 670 804 805
f 670 805 806
f 670 806 671
f 671 806 807
f 671 807 672
f 672 807 673
f 673 807 769
f 674 808 809
f 674 809 675
f 675 809 810
f 675 810 811
f 675 811 812
f 675 812 676
f 676 812 813
f 676 813 814
f 676 814 678
f 676 678 677
f 677 678 679
f 678 814 815
f 678 815 681
f 680 685 683
f 680 682 816
f 680 816 817
f 680 817 685
f 681 815 682
f 682 815 816
f 684 818 689
f 684 688 819
f 684 819 818
f 685 687 686
f 685 817 820
f 685 820 821
f 685 821 822
f 685 822 823
f 685 823 687
f 687 824 825
f 687 825 688
f 687 823 826
f 687 826 824
f 688 825 827
f 688 827 828
f 688 828 819
f 689 829 830
f 689 830 831
f 689 831 690
f 689 818 832
f 689 832 833
f 689 833 829
f 690 831 834
f 690 834 835
f 690 835 836
f 690 836 691
f 691 836 692
f 692 836 837
f 692 837 838
f 692 838 693
f 693 838 694
f 694 838 695
f 695 838 839
f 695 839 840
f 695 840 696
f 696 840 697
f 697 840 841
f 697 841 698
f 698 841 842
f 698 842 700
f 698 700 699
f 700 842 843
f 700 843 844
f 700 844 701
f 701 844 702
f 702 844 845
f 702 845 846
f 702 846 704
f 702 704 703
f 704 846 706
f 706 846 847
f 706 847 707
f 707 847 709
f 708 710 849
f 708 849 848
f 709 847 850
f 709 850 710
f 710 850 851
f 710 851 849
f 711 712 852
f 711 852 853
f 711 853 854
f 711 854 855
f 711 855 716
f 711 716 715
f 712 713 852
f 713 856 852
f 716 857 858
f 716 858 717
f 716 855 857
f 717 858 718
f 718 858 719
f 719 859 860
f 719 860 861
f 719 861 862
f 719 862 721
f 719 858 859
f 721 862 722
f 722 862 723
f 723 862 863
f 723 863 724
f 724 863 861
f 724 861 864
f 724 864 726
f 724 726 725
f 726 864 865
f 726 865 866
f 726 866 867
f 726 867 868
f 726 868 728
f 726 728 727
f 728 868 869
f 728 869 732
f 728 732 731
f 728 731 730
f 732 870 733
f 732 869 870
f 733 870 869
f 733 869 789
f 733 789 788
f 733 788 781
f 733 781 871
f 733 871 736
f 733 736 735
f 736 871 780
f 736 780 779
f 736 779 737
f 737 775 738
f 738 773 739
f 738 775 872
f 738 872 873
f 738 873 774
f 738 774 773
f 739 773 740
f 740 773 874
f 741 767 875
f 741 875 742
f 742 875 876
f 742 876 1009
f 742 1009 877
f 743 877 744
f 744 877 878
f 744 878 879
f 744 879 745
f 745 879 746
f 746 879 880
f 746 880 747
f 747 880 881
f 747 881 882
f 747 882 748
f 748 882 883
f 748 883 749
f 749 883 1017
f 749 1017 884
f 749 884 885
f 749 885 750
f 750 752 751
f 750 885 753
f 750 753 752
f 753 885 886
f 753 886 756
f 754 756 755
f 755 756 758
f 756 886 758
f 757 758 887
f 757 887 759
f 758 886 888
f 758 888 889
f 758 889 887
f 759 887 890
f 759 890 891
f 759 891 761
f 760 892 893
f 760 893 763
f 760 761 894
f 760 894 892
f 761 895 894
f 761 891 895
f 763 893 896
f 763 896 897
f 763 897 898
f 763 898 764
f 765 771 899
f 765 899 766
f 766 899 900
f 766 900 901
f 766 901 902
f 766 902 768
f 767 903 875
f 767 768 905
f 767 905 904
f 767 904 903
f 768 902 906
f 768 906 907
f 768 907 905
f 769 908 909
f 769 909 770
f 769 807 933
f 769 933 908
f 770 909 910
f 770 910 911
f 770 911 771
f 771 911 899
f 772 777 874
f 772 874 773
f 774 873 775
f 775 873 872
f 778 780 912
f 778 912 781
f 780 871 912
f 781 912 871
f 781 788 782
f 783 913 866
f 783 789 913
f 784 866 785
f 785 866 865
f 785 865 793
f 785 793 786
f 786 793 787
f 789 869 867
f 789 867 913
f 790 803 914
f 790 914 915
f 790 915 791
f 791 915 916
f 791 916 804
f 791 804 792
f 793 865 864
f 793 864 861
f 793 861 917
f 793 917 918
f 793 918 919
f 793 919 797
f 793 797 794
f 794 797 795
f 796 797 798
f 797 919 920
f 797 920 921
f 797 921 798
f 798 921 922
f 798 922 800
f 799 802 923
f 799 923 924
f 799 924 803
f 800 925 802
f 800 802 926
f 800 926 801
f 800 922 927
f 800 927 925
f 801 926 802
f 802 925 923
f 803 924 914
f 804 916 805
f 805 916 928
f 805 928 929
f 805 929 806
f 806 930 807
f 806 929 931
f 806 931 932
f 806 932 930
f 807 930 910
f 807 910 933
f 808 934 935
f 808 935 809
f 809 935 936
f 809 936 810
f 810 936 937
f 810 937 938
f 810 938 939
f 810 939 940
f 810 940 941
f 810 941 811
f 811 941 813
f 811 813 812
f 813 942 814
f 813 941 940
f 813 940 942
f 814 943 944
f 814 944 815
f 814 942 943
f 815 944 945
f 815 945 816
f 816 945 944
f 816 944 946
f 816 946 817
f 817 946 820
f 818 819 828
f 818 828 947
f 818 947 948
f 818 948 832
f 820 946 944
f 820 944 949
f 820 949 821
f 821 949 950
f 821 950 951
f 821 951 822
f 822 951 823
f 823 951 826
f 824 952 825
f 824 826 953
f 824 953 954
f 824 954 955
f 824 955 952
f 825 952 827
f 826 951 953
f 827 956 828
f 827 952 957
f 827 957 956
f 828 958 959
f 828 959 960
f 828 960 947
f 828 956 961
f 828 961 962
f 828 962 963
f 828 963 958
f 829 833 964
f 829 964 965
f 829 965 966
f 829 966 830
f 830 966 834
f 830 834 831
f 832 948 967
f 832 967 833
f 833 967 968
f 833 968 969
f 833 969 970
f 833 970 971
f 833 971 965
f 833 965 964
f 834 966 972
f 834 972 973
f 834 973 835
f 835 973 974
f 835 974 836
f 836 974 975
f 836 975 837
f 837 974 976
f 837 976 838
f 837 975 974
f 838 976 977
f 838 977 978
f 838 978 979
f 838 979 839
f 839 979 980
f 839 980 840
f 840 980 981
f 840 981 841
f 841 981 842
f 842 981 982
f 842 982 843
f 843 982 983
f 843 983 984
f 843 984 985
f 843 985 844
f 844 985 845
f 845 985 846
f 846 985 986
f 846 986 847
f 847 986 850
f 848 849 988
f 848 988 987
f 849 851 989
f 849 989 988
f 850 986 985
f 850 985 990
f 850 990 989
f 850 989 851
f 852 856 991
f 852 991 992
f 852 992 853
f 853 993 994
f 853 994 854
f 853 992 991
f 853 991 995
f 853 995 996
f 853 996 997
f 853 997 993
f 854 994 998
f 854 998 999
f 854 999 1000
f 854 1000 1001
f 854 1001 855
f 855 1001 1002
f 855 1002 1003
f 855 1003 857
f 857 1003 1002
f 857 1002 858
f 858 1002 1004
f 858 1004 859
f 859 1004 860
f 860 1004 1005
f 860 1005 917
f 860 917 861
f 861 863 862
f 866 913 867
f 867 869 868
f 875 1006 1007
f 875 1007 876
f 875 903 1008
f 875 1008 1006
f 876 1007 1009
f 877 1009 878
f 878 1009 1010
f 878 1010 1011
f 878 1011 879
f 879 1012 880
f 879 1011 1012
f 880 1013 881
f 880 1012 1013
f 881 1014 1015
f 881 1015 1016
f 881 1016 882
f 881 1013 1014
f 882 1016 1017
f 882 1017 883
f 884 1018 886
f 884 886 885
f 884 1017 1018
f 886 1018 1019
f 886 1019 888
f 887 889 888
f 887 888 1020
f 887 1020 1021
f 887 1021 1024
f 887 1024 890
f 888 1022 1020
f 888 1019 1018
f 888 1018 1023
f 888 1023 1022
f 890 1024 1025
f 890 1025 891
f 891 1025 895
f 892 1026 1027
f 892 1027 893
f 892 894 895
f 892 895 1028
f 892 1028 1026
f 893 1027 1029
f 893 1029 896
f 895 1030 1028
f 895 1025 1031
f 895 1031 1030
f 899 911 1032
f 899 1032 900
f 900 1032 1033
f 900 1033 1034
f 900 1034 1035
f 900 1035 901
f 901 1035 1036
f 901 1036 902
f 902 1036 906
f 903 904 1008
f 904 905 1037
f 904 1037 1038
f 904 1038 1008
f 905 907 1039
f 905 1039 1037
f 906 1036 907
f 907 1040 1041
f 907 1041 1042
f 907 1042 1039
f 907 1036 1043
f 907 1043 1044
f 907 1044 1045
f 907 1045 1046
f 907 1046 1040
f 908 933 909
f 909 933 910
f 910 930 1047
f 910 1047 1048
f 910 1048 911
f 911 1049 1032
f 911 1048 1050
f 911 1050 1049
f 914 924 1051
f 914 1051 915
f 915 1051 1052
f 915 1052 1053
f 915 1053 1054
f 915 1054 1055
f 915 1055 916
f 916 1055 928
f 917 1005 1004
f 917 1004 1056
f 917 1056 1057
f 917 1057 918
f 918 1057 1058
f 918 1058 1059
f 918 1059 1060
f 918 1060 919
f 919 1060 1061
f 919 1061 1062
f 919 1062 920
f 920 1062 921
f 921 1062 1061
f 921 1061 922
f 922 1061 1063
f 922 1063 927
f 923 925 1064
f 923 1064 924
f 924 1064 1065
f 924 1065 1052
f 924 1052 1051
f 925 927 1066
f 925 1066 1064
f 927 1063 1067
f 927 1067 1068
f 927 1068 1066
f 928 1069 1070
f 928 1070 929
f 928 1055 1069
f 929 1070 931
f 930 932 1047
f 931 1070 1069
f 931 1069 1071
f 931 1071 1072
f 931 1072 1073
f 931 1073 1074
f 931 1074 1075
f 931 1075 932
f 932 1075 1047
f 934 1076 1077
f 934 1077 935
f 935 1077 936
f 936 1077 937
f 937 1077 1078
f 937 1078 1079
f 937 1079 1080
f 937 1080 939
f 937 939 938
f 939 1081 1082
f 939 1082 940
f 939 1080 1081
f 940 1082 1081
f 940 1081 1083
f 940 1083 1084
f 940 1084 1085
f 940 1085 942
f 942 1085 1086
f 942 1086 943
f 943 1086 1087
f 943 1087 949
f 943 949 944
f 947 960 948
f 948 960 1088
f 948 1088 968
f 948 968 967
f 949 1087 1089
f 949 1089 950
f 950 1089 1090
f 950 1090 1091
f 950 1091 1092
f 950 1092 951
f 951 1092 1093
f 951 1093 953
f 952 961 957
f 952 955 1094
f 952 1094 961
f 953 1093 954
f 954 1093 1095
f 954 1095 1096
f 954 1096 1097
f 954 1097 1094
f 954 1094 955
f 956 957 961
f 958 1098 959
f 958 963 1099
f 958 1099 1098
f 959 1098 960
f 960 1098 1088
f 961 1094 1100
f 961 1100 962
f 962 1100 1101
f 962 1101 963
f 963 1101 1102
f 963 1102 1099
f 965 971 966
f 966 973 972
f 966 971 1103
f 966 1103 1104
f 966 1104 1105
f 966 1105 1106
f 966 1106 974
f 966 974 973
f 968 1088 1098
f 968 1098 1107
f 968 1107 969
f 969 1108 970
f 969 1107 1109
f 969 1109 1108
f 970 1110 1111
f 970 1111 1112
f 970 1112 1103
f 970 1103 971
f 970 1108 1110
f 974 1106 1113
f 974 1113 976
f 976 1113 1114
f 976 1114 1115
f 976 1115 977
f 977 1115 1116
f 977 1116 1117
f 977 1117 978
f 978 1118 1119
f 978 1119 979
f 978 1117 1120
f 978 1120 1121
f 978 1121 1118
f 979 1119 980
f 980 1119 1122
f 980 1122 981
f 981 1122 1123
f 981 1123 982
f 982 1123 1124
f 982 1124 1125
f 982 1125 983
f 983 1126 985
f 983 985 984
f 983 1125 1127
f 983 1127 989
f 983 989 1126
f 985 1126 990
f 987 988 1128
f 988 989 1127
f 988 1127 1129
f 988 1129 1130
f 988 1130 1128
f 989 990 1126
f 993 997 1131
f 993 1131 1132
f 993 1132 1133
f 993 1133 1134
f 993 1134 999
f 993 999 998
f 993 998 994
f 996 1135 997
f 997 1135 1131
f 999 1134 1136
f 999 1136 1137
f 999 1137 1138
f 999 1138 1139
f 999 1139 1140
f 999 1140 1141
f 999 1141 1142
f 999 1142 1000
f 1000 1142 1001
f 1001 1142 1141
f 1001 1141 1143
f 1001 1143 1002
f 1002 1139 1144
f 1002 1144 1145
f 1002 1145 1146
f 1002 1146 1004
f 1002 1143 1141
f 1002 1141 1139
f 1004 1146 1147
f 1004 1147 1148
f 1004 1148 1057
f 1004 1057 1056
f 1006 1008 1038
f 1006 1038 1149
f 1006 1149 1009
f 1006 1009 1007
f 1009 1149 1150
f 1009 1150 1151
f 1009 1151 1010
f 1010 1152 1012
f 1010 1012 1011
f 1010 1151 1153
f 1010 1153 1152
f 1012 1154 1013
f 1012 1152 1154
f 1013 1154 1155
f 1013 1155 1156
f 1013 1156 1014
f 1014 1157 1158
f 1014 1158 1015
f 1014 1156 1159
f 1014 1159 1160
f 1014 1160 1157
f 1015 1161 1016
f 1015 1158 1162
f 1015 1162 1163
f 1015 1163 1161
f 1016 1161 1017
f 1017 1161 1164
f 1017 1164 1018
f 1018 1164 1165
f 1018 1165 1023
f 1020 1022 1166
f 1020 1166 1024
f 1020 1024 1021
f 1022 1167 1168
f 1022 1168 1166
f 1022 1023 1165
f 1022 1165 1167
f 1024 1166 1169
f 1024 1169 1170
f 1024 1170 1171
f 1024 1171 1025
f 1025 1171 1031
f 1026 1172 1173
f 1026 1173 1174
f 1026 1174 1027
f 1026 1028 1175
f 1026 1175 1172
f 1027 1174 1176
f 1027 1176 1177
f 1027 1177 1029
f 1028 1030 1175
f 1030 1178 1175
f 1030 1031 1179
f 1030 1179 1178
f 1031 1171 1179
f 1032 1049 1180
f 1032 1180 1181
f 1032 1181 1033
f 1033 1181 1034
f 1034 1182 1183
f 1034 1183 1035
f 1034 1181 1182
f 1035 1183 1036
f 1036 1183 1043
f 1037 1184 1185
f 1037 1185 1186
f 1037 1186 1038
f 1037 1039 1042
f 1037 1042 1184
f 1038 1186 1149
f 1040 1046 1041
f 1041 1090 1042
f 1041 1046 1187
f 1041 1187 1188
f 1041 1188 1091
f 1041 1091 1090
f 1042 1090 1087
f 1042 1087 1184
f 1043 1183 1189
f 1043 1189 1190
f 1043 1190 1191
f 1043 1191 1192
f 1043 1192 1045
f 1043 1045 1044
f 1045 1192 1193
f 1045 1193 1194
f 1045 1194 1046
f 1046 1194 1195
f 1046 1195 1187
f 1047 1075 1048
f 1048 1075 1050
f 1049 1050 1196
f 1049 1196 1181
f 1049 1181 1180
f 1050 1075 1074
f 1050 1074 1196
f 1052 1065 1053
f 1053 1197 1198
f 1053 1198 1199
f 1053 1199 1072
f 1053 1072 1055
f 1053 1055 1054
f 1053 1065 1200
f 1053 1200 1201
f 1053 1201 1202
f 1053 1202 1197
f 1055 1072 1069
f 1057 1148 1203
f 1057 1203 1204
f 1057 1204 1205
f 1057 1205 1058
f 1058 1205 1059
f 1059 1205 1206
f 1059 1206 1207
f 1059 1207 1208
f 1059 1208 1060
f 1060 1208 1209
f 1060 1209 1061
f 1061 1209 1210
f 1061 1210 1207
f 1061 1207 1067
f 1061 1067 1063
f 1064 1200 1065
f 1064 1066 1211
f 1064 1211 1200
f 1066 1068 1211
f 1067 1212 1068
f 1067 1207 1212
f 1068 1212 1213
f 1068 1213 1211
f 1069 1072 1071
f 1072 1199 1073
f 1073 1199 1196
f 1073 1196 1074
f 1076 1214 1215
f 1076 1215 1216
f 1076 1216 1217
f 1076 1217 1077
f 1077 1218 1219
f 1077 1219 1220
f 1077 1220 1078
f 1077 1217 1218
f 1078 1220 1221
f 1078 1221 1222
f 1078 1222 1079
f 1079 1222 1223
f 1079 1223 1081
f 1079 1081 1080
f 1081 1223 1224
f 1081 1224 1225
f 1081 1225 1226
f 1081 1226 1083
f 1083 1226 1227
f 1083 1227 1084
f 1084 1227 1228
f 1084 1228 1229
f 1084 1229 1085
f 1085 1230 1231
f 1085 1231 1086
f 1085 1229 1160
f 1085 1160 1230
f 1086 1232 1184
f 1086 1184 1087
f 1086 1231 1232
f 1087 1090 1089
f 1091 1188 1233
f 1091 1233 1092
f 1092 1233 1093
f 1093 1233 1095
f 1094 1097 1096
f 1094 1096 1234
f 1094 1234 1235
f 1094 1235 1101
f 1094 1101 1100
f 1095 1233 1096
f 1096 1236 1234
f 1096 1233 1237
f 1096 1237 1236
f 1098 1099 1238
f 1098 1238 1107
f 1099 1102 1239
f 1099 1239 1240
f 1099 1240 1238
f 1101 1235 1102
f 1102 1235 1241
f 1102 1241 1239
f 1103 1112 1242
f 1103 1242 1104
f 1104 1242 1243
f 1104 1243 1114
f 1104 1114 1105
f 1105 1114 1106
f 1106 1114 1113
f 1107 1238 1109
f 1108 1109 1244
f 1108 1244 1110
f 1109 1238 1245
f 1109 1245 1246
f 1109 1246 1244
f 1110 1247 1111
f 1110 1244 1248
f 1110 1248 1247
f 1111 1247 1249
f 1111 1249 1112
f 1112 1249 1250
f 1112 1250 1242
f 1114 1243 1242
f 1114 1242 1251
f 1114 1251 1115
f 1115 1251 1252
f 1115 1252 1116
f 1116 1252 1253
f 1116 1253 1117
f 1117 1253 1120
f 1118 1254 1255
f 1118 1255 1119
f 1118 1121 1256
f 1118 1256 1257
f 1118 1257 1258
f 1118 1258 1259
f 1118 1259 1260
f 1118 1260 1261
f 1118 1261 1262
f 1118 1262 1263
f 1118 1263 1264
f 1118 1264 1254
f 1119 1255 1122
f 1120 1265 1266
f 1120 1266 1121
f 1120 1253 1267
f 1120 1267 1268
f 1120 1268 1265
f 1121 1266 1269
f 1121 1269 1270
f 1121 1270 1271
f 1121 1271 1272
f 1121 1272 1256
f 1122 1255 1273
f 1122 1273 1123
f 1123 1273 1124
f 1124 1274 1275
f 1124 1275 1125
f 1124 1273 1276
f 1124 1276 1277
f 1124 1277 1278
f 1124 1278 1274
f 1125 1275 1127
f 1127 1275 1279
f 1127 1279 1280
f 1127 1280 1129
f 1129 1280 1130
f 1130 1281 1282
f 1130 1282 1283
f 1130 1280 1281
f 1131 1135 1132
f 1132 1135 1284
f 1132 1284 1133
f 1133 1285 1136
f 1133 1136 1134
f 1133 1284 1286
f 1133 1286 1287
f 1133 1287 1288
f 1133 1288 1285
f 1135 1289 1284
f 1136 1288 1290
f 1136 1290 1137
f 1136 1285 1288
f 1137 1290 1291
f 1137 1291 1138
f 1138 1291 1139
f 1139 1292 1144
f 1139 1141 1140
f 1139 1291 1292
f 1144 1292 1293
f 1144 1293 1145
f 1145 1293 1294
f 1145 1294 1146
f 1146 1294 1147
f 1147 1294 1293
f 1147 1293 1295
f 1147 1295 1296
f 1147 1296 1297
f 1147 1297 1298
f 1147 1298 1299
f 1147 1299 1300
f 1147 1300 1148
f 1148 1300 1203
f 1149 1186 1150
f 1150 1186 1301
f 1150 1301 1151
f 1151 1301 1153
f 1152 1153 1185
f 1152 1185 1302
f 1152 1302 1154
f 1153 1301 1185
f 1154 1302 1185
f 1154 1185 1232
f 1154 1232 1155
f 1155 1159 1156
f 1155 1232 1231
f 1155 1231 1230
f 1155 1230 1159
f 1157 1160 1158
f 1158 1229 1162
f 1158 1160 1229
f 1159 1230 1160
f 1161 1163 1164
f 1162 1303 1163
f 1162 1229 1303
f 1163 1303 1304
f 1163 1304 1167
f 1163 1167 1165
f 1163 1165 1164
f 1166 1168 1169
f 1167 1305 1168
f 1167 1304 1305
f 1168 1305 1306
f 1168 1306 1170
f 1168 1170 1169
f 1170 1306 1307
f 1170 1307 1308
f 1170 1308 1309
f 1170 1309 1179
f 1170 1179 1171
f 1172 1310 1311
f 1172 1311 1173
f 1172 1175 1310
f 1173 1311 1312
f 1173 1312 1313
f 1173 1313 1176
f 1173 1176 1174
f 1175 1178 1314
f 1175 1314 1310
f 1178 1179 1309
f 1178 1309 1314
f 1181 1196 1315
f 1181 1315 1316
f 1181 1316 1317
f 1181 1317 1318
f 1181 1318 1182
f 1182 1318 1183
f 1183 1318 1189
f 1184 1232 1185
f 1185 1301 1186
f 1187 1195 1319
f 1187 1319 1188
f 1188 1237 1233
f 1188 1319 1237
f 1189 1318 1190
f 1190 1318 1317
f 1190 1317 1320
f 1190 1320 1191
f 1191 1320 1193
f 1191 1193 1192
f 1193 1320 1321
f 1193 1321 1322
f 1193 1322 1194
f 1194 1322 1195
f 1195 1322 1319
f 1196 1199 1323
f 1196 1323 1324
f 1196 1324 1325
f 1196 1325 1326
f 1196 1326 1327
f 1196 1327 1322
f 1196 1322 1328
f 1196 1328 1320
f 1196 1320 1315
f 1197 1329 1330
f 1197 1330 1198
f 1197 1202 1329
f 1198 1330 1199
f 1199 1330 1331
f 1199 1331 1323
f 1200 1332 1201
f 1200 1211 1333
f 1200 1333 1332
f 1201 1332 1333
f 1201 1333 1334
f 1201 1334 1335
f 1201 1335 1336
f 1201 1336 1202
f 1202 1336 1329
f 1203 1300 1204
f 1204 1300 1299
f 1204 1299 1337
f 1204 1337 1205
f 1205 1337 1206
f 1206 1337 1338
f 1206 1338 1207
f 1207 1338 1339
f 1207 1339 1340
f 1207 1340 1341
f 1207 1341 1333
f 1207 1333 1212
f 1207 1210 1208
f 1208 1210 1209
f 1211 1213 1212
f 1211 1212 1333
f 1214 1342 1343
f 1214 1343 1215
f 1215 1343 1344
f 1215 1344 1216
f 1216 1344 1345
f 1216 1345 1346
f 1216 1346 1218
f 1216 1218 1217
f 1218 1346 1219
f 1219 1346 1220
f 1220 1346 1347
f 1220 1347 1221
f 1221 1347 1348
f 1221 1348 1222
f 1222 1348 1349
f 1222 1349 1228
f 1222 1228 1350
f 1222 1350 1223
f 1223 1350 1225
f 1223 1225 1224
f 1225 1350 1228
f 1225 1228 1227
f 1225 1227 1226
f 1228 1349 1351
f 1228 1351 1352
f 1228 1352 1303
f 1228 1303 1229
f 1234 1236 1353
f 1234 1353 1241
f 1234 1241 1235
f 1236 1319 1354
f 1236 1354 1353
f 1236 1237 1319
f 1238 1240 1245
f 1239 1241 1353
f 1239 1353 1355
f 1239 1355 1240
f 1240 1355 1356
f 1240 1356 1357
f 1240 1357 1358
f 1240 1358 1245
f 1242 1250 1251
f 1244 1246 1248
f 1245 1358 1359
f 1245 1359 1246
f 1246 1359 1360
f 1246 1360 1361
f 1246 1361 1362
f 1246 1362 1363
f 1246 1363 1364
f 1246 1364 1248
f 1247 1248 1365
f 1247 1365 1366
f 1247 1366 1367
f 1247 1367 1249
f 1248 1364 1368
f 1248 1368 1369
f 1248 1369 1365
f 1249 1367 1370
f 1249 1370 1250
f 1250 1370 1251
f 1251 1370 1268
f 1251 1268 1252
f 1252 1268 1267
f 1252 1267 1253
f 1254 1264 1371
f 1254 1371 1255
f 1255 1371 1372
f 1255 1372 1373
f 1255 1373 1273
f 1256 1272 1374
f 1256 1374 1257
f 1257 1374 1272
f 1257 1272 1375
f 1257 1375 1376
f 1257 1376 1258
f 1258 1377 1378
f 1258 1378 1261
f 1258 1261 1379
f 1258 1379 1259
f 1258 1376 1377
f 1259 1379 1260
f 1260 1379 1261
f 1261 1380 1381
f 1261 1381 1263
f 1261 1263 1262
f 1261 1378 1380
f 1263 1381 1264
f 1264 1381 1382
f 1264 1382 1383
f 1264 1383 1371
f 1265 1384 1385
f 1265 1385 1266
f 1265 1268 1384
f 1266 1385 1269
f 1268 1370 1384
f 1269 1385 1386
f 1269 1386 1387
f 1269 1387 1270
f 1270 1387 1388
f 1270 1388 1271
f 1271 1389 1390
f 1271 1390 1375
f 1271 1375 1272
f 1271 1388 1391
f 1271 1391 1389
f 1273 1373 1392
f 1273 1392 1276
f 1274 1278 1393
f 1274 1393 1394
f 1274 1394 1275
f 1275 1394 1395
f 1275 1395 1396
f 1275 1396 1397
f 1275 1397 1398
f 1275 1398 1399
f 1275 1399 1279
f 1276 1392 1400
f 1276 1400 1277
f 1277 1401 1402
f 1277 1402 1403
f 1277 1403 1404
f 1277 1404 1278
f 1277 1400 1405
f 1277 1405 1392
f 1277 1392 1401
f 1278 1404 1406
f 1278 1406 1393
f 1279 1399 1283
f 1279 1283 1280
f 1280 1283 1281
f 1281 1283 1282
f 1284 1407 1286
f 1284 1289 1408
f 1284 1408 1409
f 1284 1409 1410
f 1284 1410 1407
f 1286 1411 1287
f 1286 1407 1411
f 1287 1411 1412
f 1287 1412 1288
f 1288 1413 1414
f 1288 1414 1415
f 1288 1415 1416
f 1288 1416 1290
f 1288 1412 1411
f 1288 1411 1413
f 1290 1416 1415
f 1290 1415 1417
f 1290 1417 1418
f 1290 1418 1291
f 1291 1418 1292
f 1292 1418 1419
f 1292 1419 1293
f 1293 1420 1295
f 1293 1419 1420
f 1295 1420 1296
f 1296 1420 1514
f 1296 1514 1421
f 1296 1421 1422
f 1296 1422 1378
f 1296 1378 1423
f 1296 1423 1424
f 1296 1424 1425
f 1296 1425 1426
f 1296 1426 1427
f 1296 1427 1298
f 1296 1298 1297
f 1298 1428 1429
f 1298 1429 1339
f 1298 1339 1338
f 1298 1338 1337
f 1298 1337 1299
f 1298 1427 1428
f 1303 1352 1430
f 1303 1430 1304
f 1304 1430 1305
f 1305 1430 1431
f 1305 1431 1432
f 1305 1432 1433
f 1305 1433 1307
f 1305 1307 1306
f 1307 1433 1434
f 1307 1434 1347
f 1307 1347 1308
f 1308 1347 1346
f 1308 1346 1435
f 1308 1435 1314
f 1308 1314 1309
f 1310 1436 1437
f 1310 1437 1438
f 1310 1438 1311
f 1310 1314 1436
f 1311 1438 1439
f 1311 1439 1312
f 1314 1435 1345
f 1314 1345 1436
f 1315 1320 1316
f 1316 1320 1317
f 1319 1322 1354
f 1320 1440 1321
f 1320 1328 1440
f 1321 1440 1322
f 1322 1327 1356
f 1322 1356 1441
f 1322 1441 1354
f 1322 1440 1328
f 1323 1442 1324
f 1323 1331 1442
f 1324 1442 1443
f 1324 1443 1444
f 1324 1444 1325
f 1325 1444 1445
f 1325 1445 1327
f 1325 1327 1326
f 1327 1445 1356
f 1329 1446 1330
f 1329 1336 1447
f 1329 1447 1448
f 1329 1448 1446
f 1330 1446 1449
f 1330 1449 1450
f 1330 1450 1331
f 1331 1450 1442
f 1333 1341 1334
f 1334 1341 1451
f 1334 1451 1336
f 1334 1336 1335
f 1336 1452 1453
f 1336 1453 1454
f 1336 1454 1455
f 1336 1455 1447
f 1336 1451 1456
f 1336 1456 1457
f 1336 1457 1458
f 1336 1458 1452
f 1339 1429 1459
f 1339 1459 1460
f 1339 1460 1456
f 1339 1456 1340
f 1340 1456 1341
f 1341 1456 1451
f 1342 1461 1343
f 1343 1461 1438
f 1343 1438 1437
f 1343 1437 1344
f 1344 1437 1436
f 1344 1436 1345
f 1345 1435 1346
f 1347 1434 1348
f 1348 1434 1431
f 1348 1431 1349
f 1349 1431 1351
f 1351 1431 1430
f 1351 1430 1352
f 1353 1441 1355
f 1353 1354 1441
f 1355 1441 1356
f 1356 1445 1462
f 1356 1462 1358
f 1356 1358 1357
f 1358 1462 1359
f 1359 1462 1463
f 1359 1463 1464
f 1359 1464 1443
f 1359 1443 1450
f 1359 1450 1360
f 1360 1450 1449
f 1360 1449 1361
f 1361 1449 1446
f 1361 1446 1465
f 1361 1465 1362
f 1362 1465 1446
f 1362 1446 1448
f 1362 1448 1466
f 1362 1466 1467
f 1362 1467 1363
f 1363 1467 1369
f 1363 1369 1368
f 1363 1368 1364
f 1365 1468 1469
f 1365 1469 1470
f 1365 1470 1366
f 1365 1369 1468
f 1366 1470 1471
f 1366 1471 1367
f 1367 1471 1472
f 1367 1472 1370
f 1369 1467 1466
f 1369 1466 1453
f 1369 1453 1473
f 1369 1473 1468
f 1370 1472 1474
f 1370 1474 1475
f 1370 1475 1386
f 1370 1386 1384
f 1371 1383 1372
f 1372 1383 1392
f 1372 1392 1373
f 1375 1390 1376
f 1376 1390 1476
f 1376 1476 1477
f 1376 1477 1377
f 1377 1478 1378
f 1377 1477 1478
f 1378 1478 1479
f 1378 1479 1423
f 1378 1422 1480
f 1378 1480 1481
f 1378 1481 1417
f 1378 1417 1482
f 1378 1482 1483
f 1378 1483 1484
f 1378 1484 1485
f 1378 1485 1380
f 1380 1485 1486
f 1380 1486 1487
f 1380 1487 1381
f 1381 1487 1383
f 1381 1383 1382
f 1383 1487 1488
f 1383 1488 1489
f 1383 1489 1392
f 1384 1386 1385
f 1386 1475 1490
f 1386 1490 1491
f 1386 1491 1387
f 1387 1491 1391
f 1387 1391 1388
f 1389 1492 1390
f 1389 1391 1492
f 1390 1492 1493
f 1390 1493 1476
f 1391 1491 1494
f 1391 1494 1495
f 1391 1495 1496
f 1391 1496 1493
f 1391 1493 1492
f 1392 1489 1401
f 1392 1405 1400
f 1393 1406 1497
f 1393 1497 1395
f 1393 1395 1394
f 1395 1497 1498
f 1395 1498 1499
f 1395 1499 1396
f 1396 1499 1397
f 1401 1500 1403
f 1401 1403 1402
f 1401 1489 1500
f 1403 1500 1501
f 1403 1501 1502
f 1403 1502 1406
f 1403 1406 1404
f 1406 1502 1497
f 1407 1410 1503
f 1407 1503 1504
f 1407 1504 1505
f 1407 1505 1506
f 1407 1506 1507
f 1407 1507 1508
f 1407 1508 1509
f 1407 1509 1411
f 1411 1509 1510
f 1411 1510 1413
f 1413 1511 1414
f 1413 1510 1511
f 1414 1511 1512
f 1414 1512 1415
f 1415 1512 1483
f 1415 1483 1417
f 1417 1483 1482
f 1417 1481 1480
f 1417 1480 1418
f 1418 1513 1421
f 1418 1421 1514
f 1418 1514 1419
f 1418 1480 1513
f 1419 1514 1420
f 1421 1513 1480
f 1421 1480 1422
f 1423 1479 1515
f 1423 1515 1425
f 1423 1425 1424
f 1425 1515 1516
f 1425 1516 1426
f 1426 1516 1517
f 1426 1517 1518
f 1426 1518 1519
f 1426 1519 1427
f 1427 1519 1459
f 1427 1459 1428
f 1428 1520 1429
f 1428 1459 1520
f 1429 1520 1459
f 1431 1434 1433
f 1431 1433 1432
f 1438 1461 1439
f 1442 1450 1443
f 1443 1464 1444
f 1444 1464 1463
f 1444 1463 1462
f 1444 1462 1445
f 1447 1455 1448
f 1448 1455 1466
f 1452 1458 1453
f 1453 1458 1521
f 1453 1521 1473
f 1453 1466 1455
f 1453 1455 1454
f 1456 1460 1522
f 1456 1522 1458
f 1456 1458 1457
f 1458 1522 1523
f 1458 1523 1521
f 1459 1524 1525
f 1459 1525 1523
f 1459 1523 1460
f 1459 1519 1524
f 1460 1523 1522
f 1468 1473 1469
f 1469 1473 1526
f 1469 1526 1527
f 1469 1527 1470
f 1470 1527 1472
f 1470 1472 1471
f 1472 1527 1526
f 1472 1526 1474
f 1473 1521 1526
f 1474 1526 1528
f 1474 1528 1475
f 1475 1528 1490
f 1476 1493 1529
f 1476 1529 1517
f 1476 1517 1477
f 1477 1517 1516
f 1477 1516 1478
f 1478 1516 1479
f 1479 1516 1515
f 1483 1512 1530
f 1483 1530 1484
f 1484 1530 1485
f 1485 1530 1531
f 1485 1531 1486
f 1486 1531 1487
f 1487 1531 1488
f 1488 1531 1507
f 1488 1507 1532
f 1488 1532 1489
f 1489 1532 1533
f 1489 1533 1534
f 1489 1534 1500
f 1490 1528 1494
f 1490 1494 1491
f 1493 1496 1535
f 1493 1535 1529
f 1494 1528 1536
f 1494 1536 1495
f 1495 1536 1496
f 1496 1536 1524
f 1496 1524 1535
f 1497 1502 1537
f 1497 1537 1498
f 1498 1537 1538
f 1498 1538 1539
f 1498 1539 1540
f 1498 1540 1499
f 1500 1534 1501
f 1501 1534 1502
f 1502 1534 1541
f 1502 1541 1537
f 1504 1542 1543
f 1504 1543 1505
f 1505 1543 1506
f 1506 1544 1545
f 1506 1545 1507
f 1506 1543 1542
f 1506 1542 1544
f 1507 1545 1532
f 1507 1531 1508
f 1508 1531 1546
f 1508 1546 1547
f 1508 1547 1548
f 1508 1548 1509
f 1509 1548 1510
f 1510 1548 1547
f 1510 1547 1512
f 1510 1512 1511
f 1512 1547 1546
f 1512 1546 1530
f 1517 1529 1535
f 1517 1535 1518
f 1518 1535 1524
f 1518 1524 1519
f 1521 1523 1525
f 1521 1525 1536
f 1521 1536 1526
f 1524 1536 1525
f 1526 1536 1528
f 1530 1546 1531
f 1532 1545 1533
f 1533 1545 1544
f 1533 1544 1549
f 1533 1549 1550
f 1533 1550 1551
f 1533 1551 1534
f 1534 1551 1552
f 1534 1552 1553
f 1534 1553 1554
f 1534 1554 1555
f 1534 1555 1556
f 1534 1556 1541
f 1537 1556 1538
f 1537 1541 1556
f 1538 1556 1557
f 1542 1558 1549
f 1542 1549 1544
f 1549 1558 1550
f 1550 1552 1551
f 1555 1557 1556

