# https://github.com/mikedh/trimesh
v 0.01338579 0.05412262 -0.00045322
v 0.01335259 0.05422626 -0.00045870
v 0.01338446 0.05412459 -0.00025864
v 0.01338446 0.05412262 -0.00025316
v 0.01338048 0.05412262 -0.00065876
v 0.01303647 0.05520051 -0.00141651
v 0.01303913 0.05520051 -0.00125893
v 0.01303780 0.05520051 -0.00105887
v 0.01334993 0.05422527 -0.00025864
v 0.01337649 0.05412262 -0.00009010
v 0.01338313 0.05412262 -0.00022027
v 0.01337517 0.05412262 -0.00080126
v 0.01335391 0.05418579 -0.00087663
v 0.01309491 0.05500112 -0.00141651
v 0.01299928 0.05530810 -0.00141651
v 0.01298998 0.05533969 -0.00125893
v 0.01298865 0.05533673 -0.00105887
v 0.01298600 0.05532587 -0.00085881
v 0.01303116 0.05520051 -0.00085881
v 0.01307499 0.05500112 -0.00025864
v 0.01308561 0.05500112 -0.00045870
v 0.01300326 0.05516991 -0.00005858
v 0.01334993 0.05418875 -0.00004214
v 0.01335923 0.05412262 0.00014148
v 0.01336852 0.05412262 -0.00097803
v 0.01335259 0.05412262 -0.00133430
v 0.01334860 0.05412262 -0.00141651
v 0.01298865 0.05533772 -0.00141651
v 0.01295279 0.05544037 -0.00125893
v 0.01295014 0.05543642 -0.00105887
v 0.01294615 0.05542557 -0.00085881
v 0.01297803 0.05530514 -0.00052584
v 0.01300725 0.05521828 -0.00045870
v 0.01302319 0.05520051 -0.00065876
v 0.01300858 0.05518571 -0.00025864
v 0.01297404 0.05529626 -0.00039292
v 0.01297006 0.05528639 -0.00025864
v 0.01296342 0.05527059 -0.00005858
v 0.01289834 0.05540089 0.00014148
v 0.01295678 0.05525283 0.00014148
v 0.01299530 0.05515214 0.00014148
v 0.01298600 0.05512747 0.00034154
v 0.01330876 0.05420060 0.00034154
v 0.01333532 0.05412262 0.00034154
v 0.01194335 0.05412262 -0.00141651
v 0.01295146 0.05543741 -0.00141651
v 0.01289435 0.05556770 -0.00141651
v 0.01287974 0.05560127 -0.00125893
v 0.01287841 0.05560127 -0.00105887
v 0.01287177 0.05560127 -0.00085881
v 0.01286247 0.05560127 -0.00065876
v 0.01294084 0.05541372 -0.00065876
v 0.01294217 0.05538411 -0.00045870
v 0.01292357 0.05540089 -0.00025864
v 0.01291162 0.05540089 -0.00005858
v 0.01277348 0.05569405 0.00019766
v 0.01276817 0.05568221 0.00034154
v 0.01280935 0.05558152 0.00034154
v 0.01288240 0.05540089 0.00034154
v 0.01295014 0.05522716 0.00034154
v 0.01294217 0.05518472 0.00053200
v 0.01318125 0.05451449 0.00047308
v 0.01320648 0.05441084 0.00054159
v 0.01330344 0.05412262 0.00054022
v -0.00018326 0.06250887 -0.00141651
v -0.00018326 0.05412262 0.01115154
v 0.01287841 0.05560127 -0.00141651
v 0.01280403 0.05575821 -0.00125893
v 0.01280403 0.05575723 -0.00105887
v 0.01275223 0.05585001 -0.00065876
v 0.01274958 0.05584014 -0.00045870
v 0.01284122 0.05560127 -0.00025864
v 0.01258488 0.05612146 0.00034154
v 0.01254370 0.05618661 0.00055256
v 0.01271903 0.05580066 0.00034154
v 0.01277747 0.05570491 0.00006474
v 0.01261277 0.05601979 0.00055256
v 0.01270309 0.05580066 0.00054159
v 0.01276020 0.05566049 0.00054159
v 0.01280005 0.05556080 0.00054159
v 0.01286247 0.05540089 0.00054159
v 0.01281997 0.05542063 0.00076084
v 0.01290232 0.05520051 0.00074165
v 0.01295678 0.05504653 0.00074165
v 0.01299131 0.05494584 0.00074165
v 0.01317062 0.05448488 0.00060737
v 0.01310952 0.05460037 0.00074165
v 0.01319320 0.05435063 0.00074165
v 0.01318125 0.05431707 0.00087320
v 0.01320515 0.05420849 0.00094034
v 0.01326758 0.05412262 0.00074165
v -0.00018326 0.06419974 -0.00141651
v -0.00018326 0.05412262 0.01257936
v 0.01269778 0.05597142 -0.00141651
v 0.01260480 0.05616094 -0.00141651
v 0.01275489 0.05585791 -0.00125893
v 0.01255566 0.05625965 -0.00105887
v 0.01255433 0.05625669 -0.00065876
v 0.01260347 0.05615699 -0.00065876
v 0.01260214 0.05615502 -0.00045870
v 0.01275356 0.05585495 -0.00085881
v 0.01255034 0.05624682 -0.00005858
v 0.01265926 0.05600103 -0.00005858
v 0.01254769 0.05623596 0.00014148
v 0.01278145 0.05571379 -0.00005858
v 0.01254237 0.05622115 0.00034154
v 0.01244674 0.05640080 0.00054159
v 0.01242018 0.05641758 0.00074713
v 0.01251847 0.05620141 0.00074165
v 0.01257425 0.05609876 0.00062655
v 0.01256761 0.05608099 0.00074165
v 0.01260746 0.05598129 0.00074165
v 0.01267918 0.05580066 0.00074165
v 0.01278809 0.05553217 0.00070603
v 0.01294217 0.05498928 0.00093897
v 0.01258089 0.05591417 0.00106641
v 0.01268051 0.05560127 0.00114177
v 0.01286513 0.05520051 0.00094171
v 0.01298069 0.05491524 0.00087046
v 0.01304045 0.05460037 0.00114177
v 0.01314538 0.05439012 0.00094034
v 0.01306968 0.05440097 0.00134183
v 0.01319586 0.05412262 0.00114177
v -0.00012747 0.06420073 -0.00141651
v -0.00018326 0.06419974 -0.00140418
v -0.00000793 0.05412262 0.01257936
v -0.00018326 0.05414631 0.01257250
v 0.01255566 0.05626064 -0.00141651
v 0.01255566 0.05626064 -0.00125893
v 0.01248526 0.05640080 -0.00125893
v 0.01240557 0.05655874 -0.00125893
v 0.01247995 0.05640080 -0.00045870
v 0.01255300 0.05625471 -0.00045870
v 0.01255167 0.05625175 -0.00025864
v 0.01247464 0.05640080 -0.00005858
v 0.01246932 0.05640080 0.00014148
v 0.01245870 0.05640080 0.00034154
v 0.01238697 0.05652024 0.00054159
v 0.01238033 0.05651037 0.00068410
v 0.01237236 0.05649556 0.00081702
v 0.01241487 0.05637810 0.00094171
v 0.01249190 0.05620141 0.00094171
v 0.01259152 0.05594280 0.00094171
v 0.01296740 0.05467538 0.00139664
v 0.01296873 0.05488070 0.00100337
v 0.01245737 0.05620141 0.00114177
v 0.01256761 0.05587864 0.00119932
v 0.01260613 0.05580757 0.00113629
v 0.01292092 0.05440097 0.00214206
v 0.01288771 0.05460037 0.00194200
v 0.01293553 0.05458457 0.00172961
v 0.01299131 0.05474349 0.00114177
v 0.01300326 0.05460530 0.00133498
v 0.01298865 0.05453620 0.00154189
v 0.01297803 0.05450659 0.00165425
v 0.01296608 0.05446908 0.00178716
v 0.01297537 0.05429733 0.00203792
v 0.01318257 0.05412262 0.00121302
v 0.00007309 0.06420270 -0.00141651
v -0.00018326 0.06419678 -0.00125893
v 0.00007176 0.05412262 0.01257798
v 0.00027232 0.05420060 0.01255058
v 0.00007309 0.05420060 0.01255332
v -0.00012747 0.05420060 0.01255469
v -0.00018326 0.05420060 0.01255469
v 0.01249987 0.05637218 -0.00141651
v 0.01240557 0.05655874 -0.00141651
v 0.01239494 0.05657946 -0.00141651
v 0.01221829 0.05692100 -0.00141651
v 0.01235377 0.05665843 -0.00125893
v 0.01227806 0.05680156 -0.00105887
v 0.01240424 0.05655577 -0.00085881
v 0.01240291 0.05655183 -0.00045870
v 0.01240158 0.05654985 -0.00025864
v 0.01240026 0.05654590 -0.00005858
v 0.01239760 0.05653998 0.00014148
v 0.01239229 0.05653110 0.00034154
v 0.01232986 0.05661993 0.00054159
v 0.01216516 0.05688250 0.00074165
v 0.01233119 0.05658637 0.00074713
v 0.01215454 0.05686177 0.00094171
v 0.01220899 0.05676208 0.00094171
v 0.01229665 0.05660118 0.00094171
v 0.01236307 0.05647878 0.00094171
v 0.01239627 0.05634256 0.00114177
v 0.01238166 0.05631493 0.00126920
v 0.01241088 0.05620832 0.00133909
v 0.01244807 0.05600103 0.00154189
v 0.01249190 0.05600103 0.00134183
v 0.01255300 0.05583817 0.00134183
v 0.01288107 0.05440097 0.00234212
v 0.01295545 0.05440196 0.00195982
v 0.01294881 0.05419369 0.00234212
v 0.01301389 0.05421836 0.00195982
v 0.01315468 0.05412262 0.00136238
v 0.00047288 0.06420566 -0.00141651
v -0.00012747 0.06419283 -0.00105887
v -0.00018326 0.06419085 -0.00100406
v 0.00027232 0.05412262 0.01257387
v 0.00039451 0.05412262 0.01257113
v 0.00047288 0.05420060 0.01254510
v 0.00047288 0.05439703 0.01247933
v 0.00027232 0.05439900 0.01248207
v -0.00018326 0.05434471 0.01250262
v 0.01220235 0.05695159 -0.00141651
v 0.01227939 0.05680156 -0.00125893
v 0.01214922 0.05705129 -0.00125893
v 0.01220102 0.05694863 -0.00105887
v 0.01235244 0.05665547 -0.00085881
v 0.01219969 0.05694567 -0.00085881
v 0.01234845 0.05664955 -0.00025864
v 0.01219837 0.05694172 -0.00065876
v 0.01219571 0.05693679 -0.00045870
v 0.01226478 0.05680156 -0.00025864
v 0.01225681 0.05680156 -0.00005858
v 0.01234049 0.05663968 0.00014148
v 0.01233517 0.05663079 0.00034154
v 0.01217180 0.05689434 0.00054159
v 0.01200710 0.05715592 0.00074165
v 0.01194069 0.05724081 0.00094171
v 0.01199781 0.05714111 0.00094171
v 0.01207617 0.05700194 0.00094171
v 0.01198585 0.05712137 0.00109655
v 0.01213727 0.05682920 0.00114177
v 0.01225946 0.05660118 0.00114177
v 0.01234447 0.05644226 0.00114177
v 0.01221563 0.05660809 0.00133087
v 0.01219969 0.05654689 0.00154189
v 0.01236572 0.05627939 0.00140349
v 0.01218376 0.05651629 0.00167754
v 0.01216782 0.05648668 0.00181046
v 0.01215321 0.05645411 0.00194200
v 0.01213461 0.05639291 0.00214480
v 0.01218508 0.05632085 0.00208040
v 0.01239229 0.05613923 0.00154189
v 0.01239096 0.05593687 0.00190501
v 0.01248128 0.05580066 0.00174195
v 0.01242549 0.05581941 0.00195982
v 0.01280536 0.05460530 0.00233390
v 0.01279208 0.05454114 0.00250244
v 0.01282396 0.05441775 0.00255862
v 0.01290365 0.05420060 0.00254218
v 0.01296076 0.05412262 0.00238186
v 0.01298201 0.05412262 0.00227635
v 0.01299530 0.05416506 0.00214206
v 0.00067344 0.06420468 -0.00141651
v 0.00027232 0.06419480 -0.00105887
v 0.00047288 0.06419480 -0.00105887
v -0.00018326 0.06418000 -0.00060395
v 0.00047288 0.05412262 0.01256839
v 0.00067344 0.05420060 0.01253688
v 0.00067344 0.05438913 0.01247522
v 0.00067344 0.05448883 0.01244096
v 0.00047288 0.05449672 0.01244370
v 0.00027232 0.05449968 0.01244370
v 0.00007309 0.05439999 0.01248207
v -0.00012747 0.05439999 0.01248207
v -0.00018326 0.05447204 0.01245466
v 0.01208812 0.05716974 -0.00141651
v 0.01214789 0.05704833 -0.00105887
v 0.01214258 0.05704241 -0.00065876
v 0.01201242 0.05731089 -0.00141651
v 0.01199515 0.05733557 -0.00125893
v 0.01199249 0.05733162 -0.00105887
v 0.01198984 0.05732570 -0.00085881
v 0.01219173 0.05692988 -0.00025864
v 0.01198585 0.05731879 -0.00065876
v 0.01213461 0.05702957 -0.00025864
v 0.01218774 0.05692100 -0.00005858
v 0.01217844 0.05690619 0.00029084
v 0.01222493 0.05682031 0.00035113
v 0.01201374 0.05716678 0.00054159
v 0.01194866 0.05725660 0.00074165
v 0.01183045 0.05742046 0.00095541
v 0.01177467 0.05749943 0.00103078
v 0.01182514 0.05738394 0.00114177
v 0.01186100 0.05740170 0.00074165
v 0.01178131 0.05751028 0.00089786
v 0.01193405 0.05719343 0.00115410
v 0.01197257 0.05709670 0.00122947
v 0.01203101 0.05701872 0.00115410
v 0.01201507 0.05697430 0.00134183
v 0.01217844 0.05670779 0.00125687
v 0.01206422 0.05680156 0.00154189
v 0.01201640 0.05680847 0.00173235
v 0.01207750 0.05660118 0.00194200
v 0.01234978 0.05623991 0.00154189
v 0.01200577 0.05655775 0.00234212
v 0.01202570 0.05641561 0.00255177
v 0.01216915 0.05628433 0.00221332
v 0.01237900 0.05610764 0.00165425
v 0.01237502 0.05589936 0.00203929
v 0.01246932 0.05560127 0.00214206
v 0.01251315 0.05560127 0.00194200
v 0.01241752 0.05561311 0.00234897
v 0.01250120 0.05540089 0.00234212
v 0.01245604 0.05540089 0.00254218
v 0.01248526 0.05520051 0.00274224
v 0.01259152 0.05494190 0.00270387
v 0.01262340 0.05481851 0.00275868
v 0.01257425 0.05489649 0.00283679
v 0.01276020 0.05445724 0.00274224
v 0.01285318 0.05420060 0.00274224
v 0.01287708 0.05412262 0.00274224
v 0.01290763 0.05412262 0.00262028
v 0.01292490 0.05412262 0.00254492
v 0.00083150 0.06420171 -0.00141651
v 0.00067344 0.06419974 -0.00125893
v 0.00007309 0.06418197 -0.00065876
v 0.00067344 0.06419283 -0.00105887
v 0.00007309 0.06417506 -0.00045870
v -0.00018326 0.06417506 -0.00045870
v 0.00067344 0.05412262 0.01256017
v 0.00079431 0.05412262 0.01255195
v 0.00087267 0.05420060 0.01252317
v 0.00087267 0.05437136 0.01246836
v 0.00087267 0.05460037 0.01239026
v 0.00087267 0.05480074 0.01231900
v 0.00067344 0.05460037 0.01239985
v 0.00067344 0.05505146 0.01222583
v 0.00047288 0.05520051 0.01216965
v 0.00027232 0.05540089 0.01209291
v 0.00087267 0.05494880 0.01226282
v 0.00087267 0.05504850 0.01222446
v 0.00087267 0.05520051 0.01216553
v 0.00007309 0.05460037 0.01240533
v -0.00012747 0.05551342 0.01205043
v -0.00018326 0.05548183 0.01206139
v 0.01198452 0.05735926 -0.00141651
v 0.01193671 0.05743625 -0.00125893
v 0.01193405 0.05743132 -0.00105887
v 0.01192608 0.05741947 -0.00065876
v 0.01197788 0.05730497 -0.00031756
v 0.01202968 0.05719343 -0.00005858
v 0.01196593 0.05728523 0.00014148
v 0.01197124 0.05729411 -0.00005858
v 0.01195530 0.05726647 0.00054159
v 0.01161661 0.05776692 0.00094171
v 0.01154223 0.05784786 0.00114177
v 0.01169364 0.05760208 0.00114177
v 0.01176537 0.05748363 0.00114177
v 0.01152629 0.05782023 0.00134183
v 0.01165645 0.05760208 0.00134183
v 0.01172552 0.05762084 0.00074165
v 0.01187295 0.05740170 0.00054159
v 0.01173216 0.05763071 0.00054159
v 0.01157012 0.05789327 0.00054159
v 0.01156215 0.05788143 0.00074165
v 0.01156215 0.05767809 0.00157751
v 0.01196062 0.05707399 0.00134183
v 0.01199249 0.05693284 0.00154189
v 0.01197921 0.05690816 0.00165973
v 0.01194601 0.05684696 0.00194200
v 0.01198452 0.05671667 0.00207766
v 0.01236307 0.05607013 0.00178716
v 0.01198718 0.05652320 0.00249011
v 0.01196858 0.05668706 0.00221057
v 0.01215321 0.05624780 0.00234212
v 0.01196991 0.05649162 0.00262439
v 0.01198585 0.05632085 0.00287652
v 0.01200312 0.05635836 0.00274224
v 0.01207351 0.05620141 0.00274224
v 0.01219571 0.05614811 0.00234212
v 0.01218110 0.05611257 0.00246270
v 0.01234181 0.05579671 0.00234897
v 0.01238166 0.05551440 0.00266550
v 0.01240822 0.05540484 0.00273676
v 0.01239229 0.05534166 0.00289297
v 0.01242283 0.05521236 0.00295326
v 0.01250386 0.05500112 0.00294230
v 0.01255831 0.05485306 0.00294230
v 0.01273098 0.05438814 0.00293270
v 0.01278012 0.05431312 0.00285871
v 0.01280138 0.05419467 0.00293270
v 0.01285716 0.05412262 0.00282034
v 0.00087267 0.06420073 -0.00141651
v 0.00087267 0.06419579 -0.00125893
v 0.00067344 0.06418493 -0.00085881
v 0.00087267 0.06418888 -0.00105887
v -0.00018326 0.06416124 -0.00005858
v -0.00018326 0.06415927 -0.00000377
v -0.00012747 0.06415335 0.00014148
v 0.00007309 0.06415137 0.00014148
v 0.00087267 0.05412262 0.01254647
v 0.00107323 0.05420060 0.01250536
v 0.00107323 0.05434372 0.01245877
v 0.00107323 0.05444342 0.01242589
v 0.00107323 0.05460037 0.01237381
v 0.00107323 0.05480074 0.01230667
v 0.00107323 0.05493893 0.01225871
v 0.00107323 0.05503863 0.01222172
v 0.00047288 0.05540089 0.01209154
v 0.00027232 0.05551144 0.01204906
v 0.00107323 0.05520051 0.01216005
v 0.00097760 0.05550157 0.01204495
v 0.00067344 0.05550749 0.01204769
v -0.00018326 0.05561311 0.01200521
v -0.00018326 0.05558547 0.01201755
v -0.00018326 0.05551243 0.01204906
v 0.00007309 0.05561311 0.01200521
v 0.00007309 0.05620141 0.01174075
v -0.00018326 0.05620141 0.01174075
v 0.01193804 0.05743921 -0.00141651
v 0.01172818 0.05778370 -0.00124386
v 0.01182514 0.05762182 -0.00124386
v 0.01186233 0.05756753 -0.00141651
v 0.01177334 0.05769882 -0.00105887
v 0.01183045 0.05759122 -0.00085881
v 0.01155285 0.05806404 -0.00105887
v 0.01154754 0.05805614 -0.00085881
v 0.01173748 0.05764058 0.00034154
v 0.01137753 0.05830488 -0.00052858
v 0.01158739 0.05792091 -0.00005858
v 0.01160333 0.05794756 -0.00065876
v 0.01146652 0.05800185 0.00094171
v 0.01143199 0.05801962 0.00114862
v 0.01148644 0.05800185 0.00074165
v 0.01137222 0.05809760 0.00121987
v 0.01142534 0.05798013 0.00134183
v 0.01140542 0.05794953 0.00154189
v 0.01151168 0.05778272 0.00152407
v 0.01157410 0.05789919 0.00041279
v 0.01135761 0.05827330 0.00014148
v 0.01135097 0.05826244 0.00034154
v 0.01140675 0.05815189 0.00054159
v 0.01138815 0.05792288 0.00169262
v 0.01154356 0.05764453 0.00174195
v 0.01178662 0.05732076 0.00148845
v 0.01177068 0.05729313 0.00162273
v 0.01191811 0.05698614 0.00173235
v 0.01173216 0.05722502 0.00194200
v 0.01177599 0.05710262 0.00204340
v 0.01181186 0.05700391 0.00212288
v 0.01181318 0.05716777 0.00174195
v 0.01195132 0.05665744 0.00234212
v 0.01213063 0.05618858 0.00253533
v 0.01186897 0.05680156 0.00234212
v 0.01175873 0.05707202 0.00217769
v 0.01177865 0.05690619 0.00245037
v 0.01195132 0.05645904 0.00274224
v 0.01192343 0.05639291 0.00294230
v 0.01196460 0.05627742 0.00300944
v 0.01201507 0.05620733 0.00294230
v 0.01217579 0.05590035 0.00284090
v 0.01215188 0.05600498 0.00276142
v 0.01233252 0.05558942 0.00273676
v 0.01236439 0.05547492 0.00279842
v 0.01210274 0.05600103 0.00294230
v 0.01218243 0.05571774 0.00306151
v 0.01236971 0.05528737 0.00302725
v 0.01239627 0.05515412 0.00309851
v 0.01257824 0.05470796 0.00305055
v 0.01276020 0.05425686 0.00299162
v 0.01278411 0.05412262 0.00306699
v 0.01282396 0.05412262 0.00293544
v 0.00107323 0.06419579 -0.00141651
v 0.00107323 0.06419085 -0.00125893
v 0.00027232 0.06415729 -0.00005858
v 0.00067344 0.06417605 -0.00065876
v 0.00087267 0.06418000 -0.00085881
v 0.00107323 0.06418296 -0.00105887
v -0.00018326 0.06415137 0.00019629
v -0.00018326 0.06414545 0.00034154
v -0.00012747 0.06413656 0.00054159
v 0.00007309 0.06413361 0.00054159
v 0.00107323 0.05412262 0.01252865
v 0.00127778 0.05412262 0.01250536
v 0.00122199 0.05431905 0.01245055
v 0.00147303 0.05488464 0.01223953
v 0.00129239 0.05482048 0.01227927
v 0.00123793 0.05492018 0.01225186
v 0.00129239 0.05499224 0.01222172
v 0.00127247 0.05520051 0.01214772
v 0.00047288 0.05561015 0.01200385
v 0.00111175 0.05549466 0.01204221
v 0.00107323 0.05620141 0.01172705
v 0.00087267 0.05620141 0.01173253
v 0.00087267 0.05592700 0.01185586
v 0.00067344 0.05620141 0.01173527
v 0.00047288 0.05620141 0.01173801
v 0.00027232 0.05593490 0.01185997
v 0.00027232 0.05635540 0.01166950
v -0.00012747 0.05635638 0.01167087
v -0.00018326 0.05631394 0.01169005
v 0.01160598 0.05799395 -0.00141651
v 0.01161661 0.05796928 -0.00125893
v 0.01147582 0.05820223 -0.00125893
v 0.01146785 0.05820223 -0.00105887
v 0.01157809 0.05790512 0.00027850
v 0.01131909 0.05841050 -0.00065876
v 0.01121283 0.05856251 -0.00045870
v 0.01132440 0.05838385 -0.00046144
v 0.01139878 0.05813807 0.00074165
v 0.01116900 0.05849342 0.00074165
v 0.01122346 0.05837694 0.00094171
v 0.01138019 0.05811043 0.00108559
v 0.01132307 0.05818644 0.00114862
v 0.01115837 0.05847664 0.00094171
v 0.01134300 0.05825158 0.00054159
v 0.01123275 0.05842136 0.00055667
v 0.01103751 0.05862174 0.00115821
v 0.01103219 0.05858818 0.00134183
v 0.01113181 0.05843518 0.00134183
v 0.01128323 0.05820223 0.00134183
v 0.01136159 0.05808082 0.00134183
v 0.01134167 0.05804923 0.00154189
v 0.01123408 0.05821605 0.00154600
v 0.01115040 0.05866221 -0.00045870
v 0.01120088 0.05854178 -0.00005858
v 0.01113712 0.05864247 -0.00005858
v 0.01113048 0.05863161 0.00014148
v 0.01116900 0.05829304 0.00161451
v 0.01132573 0.05799494 0.00175291
v 0.01137089 0.05789525 0.00182553
v 0.01143730 0.05781727 0.00175291
v 0.01152231 0.05759024 0.00194063
v 0.01156614 0.05748561 0.00200778
v 0.01162591 0.05741256 0.00194063
v 0.01158606 0.05731879 0.00227361
v 0.01179724 0.05673641 0.00270524
v 0.01184905 0.05661993 0.00276005
v 0.01181850 0.05657058 0.00294230
v 0.01179326 0.05652912 0.00308206
v 0.01183443 0.05640771 0.00314646
v 0.01193936 0.05620733 0.00315195
v 0.01196858 0.05608494 0.00322457
v 0.01199382 0.05614416 0.00309165
v 0.01212531 0.05579177 0.00313413
v 0.01215852 0.05565753 0.00319579
v 0.01220634 0.05559534 0.00313413
v 0.01228204 0.05540089 0.00314235
v 0.01235244 0.05521236 0.00315606
v 0.01237236 0.05509094 0.00323279
v 0.01242815 0.05501494 0.00315606
v 0.01252378 0.05478495 0.00312728
v 0.01255566 0.05464380 0.00318346
v 0.01265793 0.05440097 0.00314235
v 0.01257956 0.05451054 0.00325335
v 0.01273364 0.05419467 0.00313687
v 0.01257956 0.05431115 0.00345340
v 0.01265660 0.05420060 0.00334241
v 0.01268184 0.05412262 0.00333693
v 0.00127247 0.06418395 -0.00141651
v 0.00127247 0.06418000 -0.00125893
v 0.00127247 0.06417309 -0.00105887
v 0.00027232 0.06414841 0.00014148
v 0.00067344 0.06415729 -0.00025864
v 0.00107323 0.06417407 -0.00085881
v 0.00147303 0.06414545 -0.00065876
v -0.00018326 0.06413656 0.00054159
v -0.00018326 0.06413361 0.00059641
v -0.00012747 0.06412571 0.00074165
v 0.00007309 0.06412275 0.00074165
v 0.00027232 0.06412966 0.00054159
v 0.00141857 0.05412262 0.01248755
v 0.00135481 0.05429338 0.01244233
v 0.00147303 0.05460037 0.01232997
v 0.00167359 0.05484121 0.01222583
v 0.00167359 0.05500112 0.01217376
v 0.00147303 0.05500112 0.01220116
v 0.00147303 0.05520051 0.01212854
v 0.00127247 0.05537819 0.01207647
v 0.00127247 0.05547788 0.01203536
v 0.00121004 0.05591022 0.01184900
v 0.00127247 0.05632480 0.01165580
v 0.00107323 0.05634158 0.01166265
v 0.00087267 0.05634750 0.01166539
v 0.00067344 0.05635046 0.01166676
v 0.00047288 0.05635342 0.01166813
v 0.00067344 0.05645114 0.01162017
v 0.00027232 0.05645509 0.01162154
v -0.00012747 0.05645707 0.01162291
v -0.00018326 0.05642943 0.01163524
v 0.01155817 0.05807292 -0.00141651
v 0.01147980 0.05820223 -0.00141651
v 0.01139480 0.05833252 -0.00125893
v 0.01132839 0.05842728 -0.00105887
v 0.01139081 0.05832660 -0.00105887
v 0.01122346 0.05857929 -0.00085881
v 0.01116103 0.05867899 -0.00085881
v 0.01115572 0.05867109 -0.00065876
v 0.01117431 0.05850131 0.00063477
v 0.01109860 0.05860200 0.00074165
v 0.01107602 0.05860200 0.00094171
v 0.01112251 0.05861976 0.00034154
v 0.01097375 0.05870070 0.00123632
v 0.01099367 0.05872538 0.00094171
v 0.01098305 0.05871255 0.00110340
v 0.01096445 0.05868886 0.00134183
v 0.01101094 0.05855462 0.00154189
v 0.01111986 0.05838977 0.00154600
v 0.01118361 0.05831475 0.00148022
v 0.01105876 0.05880237 -0.00045870
v 0.01107071 0.05880237 -0.00065876
v 0.01103219 0.05882113 -0.00025179
v 0.01102290 0.05876783 0.00034154
v 0.01103751 0.05879250 -0.00005858
v 0.01098969 0.05852303 0.00168850
v 0.01104415 0.05841642 0.00175017
v 0.01115040 0.05826441 0.00174195
v 0.01121681 0.05816472 0.00174195
v 0.01119291 0.05812820 0.00189678
v 0.01124736 0.05801863 0.00195434
v 0.01135229 0.05786662 0.00194200
v 0.01141605 0.05776594 0.00194200
v 0.01139214 0.05772843 0.00208999
v 0.01156348 0.05728227 0.00240652
v 0.01157543 0.05690224 0.00304369
v 0.01160200 0.05714408 0.00254218
v 0.01176404 0.05647977 0.00321498
v 0.01161130 0.05679761 0.00312317
v 0.01137620 0.05710262 0.00324375
v 0.01134964 0.05705919 0.00337804
v 0.01139081 0.05692593 0.00347670
v 0.01179990 0.05634651 0.00329445
v 0.01194601 0.05601189 0.00335748
v 0.01180389 0.05615502 0.00350410
v 0.01185037 0.05601781 0.00355891
v 0.01195265 0.05581645 0.00356165
v 0.01197124 0.05589246 0.00343422
v 0.01199781 0.05595168 0.00329993
v 0.01202703 0.05601189 0.00315195
v 0.01213063 0.05559534 0.00333830
v 0.01218774 0.05532982 0.00347396
v 0.01197523 0.05569899 0.00364113
v 0.01213860 0.05520150 0.00374527
v 0.01221696 0.05500408 0.00374527
v 0.01237369 0.05489452 0.00343696
v 0.01239893 0.05476126 0.00350547
v 0.01259683 0.05438716 0.00332871
v 0.01243081 0.05461813 0.00356028
v 0.01239893 0.05456286 0.00370416
v 0.01242948 0.05441775 0.00376034
v 0.01239627 0.05436149 0.00389052
v 0.01255831 0.05420060 0.00359591
v 0.01250120 0.05420060 0.00374253
v 0.01256894 0.05412262 0.00362469
v 0.00147303 0.06416717 -0.00141651
v 0.00147303 0.06416124 -0.00105887
v 0.00147303 0.06416618 -0.00125893
v 0.00067344 0.06413755 0.00014148
v 0.00087267 0.06414051 -0.00005858
v 0.00107323 0.06415335 -0.00045870
v 0.00166163 0.06410695 -0.00006543
v 0.00147303 0.06413558 -0.00045870
v 0.00172140 0.06410103 -0.00000377
v 0.00186485 0.06409708 -0.00006543
v 0.00167359 0.06413361 -0.00065876
v -0.00018326 0.06412571 0.00074165
v -0.00018326 0.06412176 0.00079646
v -0.00012747 0.06411090 0.00093486
v 0.00007309 0.06410893 0.00092253
v 0.00027232 0.06410695 0.00089238
v 0.00027232 0.06411781 0.00074165
v 0.00047288 0.06412373 0.00054159
v 0.00162311 0.05412262 0.01245877
v 0.00163374 0.05413150 0.01245466
v 0.00147303 0.05440097 0.01239300
v 0.00167359 0.05474152 0.01225734
v 0.00178914 0.05470993 0.01224775
v 0.00227394 0.05480074 0.01212854
v 0.00187282 0.05500112 0.01213676
v 0.00187282 0.05517485 0.01207373
v 0.00169218 0.05522025 0.01209017
v 0.00163772 0.05532686 0.01205591
v 0.00147303 0.05535252 0.01206688
v 0.00147303 0.05545320 0.01202440
v 0.00127247 0.05560127 0.01198055
v 0.00154076 0.05629321 0.01164072
v 0.00147303 0.05560127 0.01195863
v 0.00127247 0.05642449 0.01160647
v 0.00107323 0.05644127 0.01161469
v 0.00087267 0.05644818 0.01161743
v 0.00087267 0.05660118 0.01153521
v 0.00067344 0.05660118 0.01153796
v 0.00047288 0.05660118 0.01154070
v 0.00007309 0.05660118 0.01154344
v -0.00018326 0.05645608 0.01162154
v -0.00012747 0.05660118 0.01154344
v -0.00018326 0.05656071 0.01156536
v 0.01141339 0.05830785 -0.00141651
v 0.01138284 0.05835621 -0.00141651
v 0.01133104 0.05843222 -0.00125893
v 0.01122877 0.05858423 -0.00105887
v 0.01116369 0.05868491 -0.00105887
v 0.01108001 0.05880237 -0.00085881
v 0.01101360 0.05875499 0.00054159
v 0.01100430 0.05874117 0.00074165
v 0.01081171 0.05894550 0.00094171
v 0.01091133 0.05878856 0.00115821
v 0.01079577 0.05892576 0.00114177
v 0.01092594 0.05884186 0.00074165
v 0.01091133 0.05882606 0.00094171
v 0.01085156 0.05881817 0.00134457
v 0.01076921 0.05889516 0.00141308
v 0.01083960 0.05877671 0.00154189
v 0.01094055 0.05865530 0.00154189
v 0.01098438 0.05891391 -0.00045870
v 0.01098969 0.05892379 -0.00065876
v 0.01097906 0.05890701 -0.00031345
v 0.01095914 0.05888035 0.00014148
v 0.01097375 0.05890009 -0.00018053
v 0.01091664 0.05859509 0.00175017
v 0.01096844 0.05849243 0.00182142
v 0.01099367 0.05832759 0.00209410
v 0.01112782 0.05819729 0.00195434
v 0.01117166 0.05809562 0.00202970
v 0.01115306 0.05806700 0.00214206
v 0.01136823 0.05769191 0.00222428
v 0.01141206 0.05755865 0.00234212
v 0.01119291 0.05792782 0.00229005
v 0.01138815 0.05752114 0.00247778
v 0.01143464 0.05741059 0.00254355
v 0.01139480 0.05713124 0.00314235
v 0.01136425 0.05748363 0.00261069
v 0.01163255 0.05660710 0.00334515
v 0.01139745 0.05674135 0.00368909
v 0.01156746 0.05648668 0.00362606
v 0.01133104 0.05723193 0.00314235
v 0.01118228 0.05751226 0.00306151
v 0.01098172 0.05771165 0.00326020
v 0.01102290 0.05760406 0.00333282
v 0.01099899 0.05753891 0.00350547
v 0.01097375 0.05749943 0.00363839
v 0.01101360 0.05736420 0.00374253
v 0.01098703 0.05732076 0.00386859
v 0.01136026 0.05687460 0.00360961
v 0.01157278 0.05629519 0.00383571
v 0.01177334 0.05609579 0.00363702
v 0.01180123 0.05578684 0.00392477
v 0.01180787 0.05559041 0.00412894
v 0.01178795 0.05532390 0.00446877
v 0.01200046 0.05518867 0.00412894
v 0.01194866 0.05544333 0.00398095
v 0.01195132 0.05524789 0.00418649
v 0.01198187 0.05511463 0.00425775
v 0.01207086 0.05500112 0.00414265
v 0.01216649 0.05487477 0.00401658
v 0.01235775 0.05481752 0.00356028
v 0.01235775 0.05461813 0.00376034
v 0.01237369 0.05449475 0.00383845
v 0.01235377 0.05441775 0.00395218
v 0.01218774 0.05453719 0.00427145
v 0.01228072 0.05440097 0.00414265
v 0.01236705 0.05426871 0.00402343
v 0.01241487 0.05420158 0.00395218
v 0.01243612 0.05412262 0.00394807
v 0.00167359 0.06414644 -0.00141651
v 0.00167359 0.06414742 -0.00125893
v 0.00167359 0.06414051 -0.00085881
v 0.00167359 0.06414545 -0.00105887
v 0.00067344 0.06411683 0.00054159
v 0.00129239 0.06411090 0.00016066
v 0.00158725 0.06410399 0.00005378
v 0.00187282 0.06408623 0.00014148
v 0.00207338 0.06407438 0.00014148
v 0.00207338 0.06408326 -0.00005858
v 0.00196845 0.06410301 -0.00037237
v -0.00018326 0.06410893 0.00096364
v 0.00007309 0.06410103 0.00102256
v 0.00041709 0.06410498 0.00086087
v 0.00027232 0.06409906 0.00099241
v 0.00047952 0.06410991 0.00075536
v 0.00174929 0.05412262 0.01243959
v 0.00167359 0.05440097 0.01236422
v 0.00187282 0.05412262 0.01241766
v 0.00186219 0.05460333 0.01226830
v 0.00209197 0.05460333 0.01222583
v 0.00227394 0.05460037 0.01219294
v 0.00247317 0.05460037 0.01215457
v 0.00267373 0.05460037 0.01211484
v 0.00248380 0.05481555 0.01208195
v 0.00255818 0.05489155 0.01204084
v 0.00242536 0.05492709 0.01205454
v 0.00227394 0.05496855 0.01206962
v 0.00203486 0.05513339 0.01205728
v 0.00187282 0.05527454 0.01203399
v 0.00177055 0.05530021 0.01204358
v 0.00169218 0.05539694 0.01201618
v 0.00167359 0.05560127 0.01192985
v 0.00167359 0.05600103 0.01175035
v 0.00167359 0.05616884 0.01167498
v 0.00167359 0.05626853 0.01162976
v 0.00167359 0.05640080 0.01156536
v 0.00147435 0.05638600 0.01160236
v 0.00147303 0.05659131 0.01149548
v 0.00129239 0.05662092 0.01149822
v 0.00107323 0.05660118 0.01152836
v 0.00087267 0.05673148 0.01146122
v 0.00067344 0.05683413 0.01140641
v 0.00047288 0.05673641 0.01146396
v 0.00047288 0.05700194 0.01131323
v 0.00007309 0.05673740 0.01146533
v -0.00012747 0.05673740 0.01146533
v -0.00018326 0.05669989 0.01148589
v 0.01133104 0.05843518 -0.00141651
v 0.01123142 0.05858719 -0.00125893
v 0.01116501 0.05868688 -0.00125893
v 0.01108532 0.05880237 -0.00105887
v 0.01099500 0.05892971 -0.00085881
v 0.01094852 0.05886851 0.00034154
v 0.01093789 0.05885568 0.00054159
v 0.01075592 0.05907876 0.00054159
v 0.01074131 0.05906296 0.00074165
v 0.01040129 0.05953183 0.00034154
v 0.01055669 0.05927914 0.00074165
v 0.01062576 0.05916069 0.00094171
v 0.01018479 0.05971246 0.00068958
v 0.01043848 0.05937192 0.00094171
v 0.01078249 0.05891095 0.00127880
v 0.01083827 0.05897906 0.00054159
v 0.01058990 0.05911824 0.00130757
v 0.01017151 0.05949728 0.00162547
v 0.01065365 0.05898893 0.00154189
v 0.01075327 0.05887640 0.00154189
v 0.01060716 0.05913798 0.00114177
v 0.01010377 0.05978847 0.00074987
v 0.01062576 0.05895932 0.00174195
v 0.01072538 0.05884087 0.00174195
v 0.01080640 0.05874117 0.00174195
v 0.01078514 0.05871452 0.00186938
v 0.01091664 0.05902348 -0.00065876
v 0.01090867 0.05901460 -0.00045870
v 0.01088343 0.05900176 -0.00005858
v 0.01079046 0.05912120 -0.00005858
v 0.01080905 0.05914390 -0.00045870
v 0.01079976 0.05913305 -0.00025864
v 0.01076124 0.05868392 0.00200230
v 0.01094719 0.05846380 0.00194200
v 0.01096977 0.05829501 0.00222839
v 0.01104813 0.05821802 0.00215439
v 0.01099235 0.05812622 0.00248874
v 0.01112517 0.05799790 0.00235171
v 0.01116900 0.05789130 0.00242434
v 0.01114775 0.05785872 0.00254218
v 0.01111720 0.05779358 0.00274224
v 0.01099367 0.05713421 0.00408098
v 0.01140276 0.05655084 0.00390011
v 0.01096313 0.05788241 0.00300944
v 0.01077983 0.05790808 0.00345477
v 0.01075460 0.05786958 0.00358769
v 0.01095648 0.05767216 0.00339311
v 0.01093656 0.05760406 0.00356028
v 0.01073202 0.05780246 0.00375623
v 0.01064568 0.05781529 0.00395218
v 0.01095250 0.05746389 0.00374253
v 0.01074796 0.05765736 0.00394259
v 0.01078382 0.05751621 0.00406180
v 0.01095648 0.05726746 0.00400151
v 0.01154488 0.05604447 0.00417964
v 0.01157676 0.05610369 0.00404536
v 0.01160200 0.05598722 0.00412483
v 0.01158872 0.05552625 0.00467157
v 0.01175341 0.05545715 0.00439477
v 0.01159137 0.05533179 0.00487574
v 0.01175607 0.05526171 0.00460168
v 0.01178928 0.05512845 0.00467157
v 0.01181717 0.05519755 0.00453865
v 0.01191546 0.05518867 0.00433174
v 0.01195397 0.05505146 0.00439203
v 0.01200312 0.05499125 0.00433174
v 0.01198320 0.05491821 0.00446055
v 0.01221829 0.05480568 0.00394807
v 0.01216516 0.05467045 0.00421664
v 0.01221563 0.05460234 0.00414676
v 0.01215985 0.05444144 0.00440574
v 0.01197921 0.05470993 0.00465101
v 0.01233783 0.05420158 0.00413579
v 0.01240955 0.05412262 0.00401110
v 0.00197642 0.06410597 -0.00141651
v 0.00200033 0.06410695 -0.00125893
v 0.00198704 0.06410498 -0.00141103
v 0.00187282 0.06412373 -0.00105887
v 0.00199767 0.06410597 -0.00065876
v 0.00187282 0.06412176 -0.00085881
v 0.00067344 0.06410695 0.00069643
v 0.00080361 0.06410399 0.00065944
v 0.00108120 0.06409906 0.00054434
v 0.00147303 0.06410103 0.00019903
v 0.00147303 0.06409313 0.00034154
v 0.00187282 0.06407438 0.00034154
v 0.00207338 0.06406253 0.00034154
v 0.00227394 0.06405957 0.00014148
v 0.00227394 0.06406550 -0.00005858
v -0.00018326 0.06410202 0.00103626
v -0.00012747 0.06410202 0.00103489
v 0.00007309 0.06409017 0.00114177
v 0.00054992 0.06410202 0.00083072
v 0.00047952 0.06409610 0.00093349
v 0.00027232 0.06408425 0.00114177
v 0.00219823 0.05412262 0.01235600
v 0.00207338 0.05420060 0.01235600
v 0.00217167 0.05449968 0.01224364
v 0.00227394 0.05446908 0.01223405
v 0.00227394 0.05436840 0.01226556
v 0.00247716 0.05439604 0.01221761
v 0.00267373 0.05440097 0.01217787
v 0.00307353 0.05453324 0.01205591
v 0.00279991 0.05471684 0.01205043
v 0.00267373 0.05485602 0.01202851
v 0.00267373 0.05500112 0.01196959
v 0.00216901 0.05509785 0.01204358
v 0.00209065 0.05520051 0.01201755
v 0.00207338 0.05540089 0.01193670
v 0.00187282 0.05540089 0.01197918
v 0.00180906 0.05571675 0.01185174
v 0.00197509 0.05610172 0.01164484
v 0.00187282 0.05622510 0.01160921
v 0.00187282 0.05640080 0.01152425
v 0.00187282 0.05652912 0.01145848
v 0.00167359 0.05656565 0.01147903
v 0.00123793 0.05671371 0.01145163
v 0.00167359 0.05666534 0.01142422
v 0.00167359 0.05694271 0.01126801
v 0.00167359 0.05704339 0.01121046
v 0.00147303 0.05680156 0.01137489
v 0.00105995 0.05701872 0.01128994
v 0.00098557 0.05710262 0.01124472
v 0.00087267 0.05700194 0.01130638
v 0.00067344 0.05711051 0.01124883
v 0.00047288 0.05721218 0.01119265
v 0.00027232 0.05711150 0.01125020
v 0.00047288 0.05738492 0.01109262
v 0.00027232 0.05760208 0.01096519
v 0.00007309 0.05760208 0.01096381
v -0.00012747 0.05748067 0.01103233
v -0.00018326 0.05700194 0.01131049
v -0.00018326 0.05680847 0.01142285
v 0.01123142 0.05858522 -0.00141651
v 0.01108665 0.05880237 -0.00125893
v 0.01099633 0.05893267 -0.00105887
v 0.01092062 0.05902940 -0.00085881
v 0.01077452 0.05910146 0.00023466
v 0.01058591 0.05931368 0.00034154
v 0.01057794 0.05930381 0.00045938
v 0.01051419 0.05942818 0.00014148
v 0.01032824 0.05964732 0.00014148
v 0.01022862 0.05976379 0.00014148
v 0.01021534 0.05974800 0.00034154
v 0.01037738 0.05950320 0.00065259
v 0.01019807 0.05972826 0.00054159
v 0.01002806 0.05996121 0.00034154
v 0.01000947 0.05993949 0.00054159
v 0.01004267 0.05981315 0.00092664
v 0.00998954 0.05971740 0.00154189
v 0.00976640 0.05989310 0.00180772
v 0.00965085 0.05998490 0.00194200
v 0.00962694 0.05995923 0.00214206
v 0.00984211 0.05977564 0.00194200
v 0.01043848 0.05917154 0.00174195
v 0.01053810 0.05906000 0.00174195
v 0.01013299 0.05945484 0.00194200
v 0.00998822 0.05991679 0.00074165
v 0.00977703 0.05970358 0.00244900
v 0.01017815 0.05930480 0.00225168
v 0.01038801 0.05911824 0.00208040
v 0.01059255 0.05892280 0.00194200
v 0.01036543 0.05909060 0.00221469
v 0.01012901 0.05924163 0.00254218
v 0.01042121 0.05896129 0.00234212
v 0.01081702 0.05915279 -0.00065876
v 0.01071873 0.05923274 -0.00025864
v 0.01070944 0.05921991 -0.00005858
v 0.01072670 0.05924360 -0.00045870
v 0.01078780 0.05851809 0.00227498
v 0.01081171 0.05854968 0.00214206
v 0.01031629 0.05899683 0.00255177
v 0.01081171 0.05835128 0.00254218
v 0.01057927 0.05830686 0.00325335
v 0.01055404 0.05827231 0.00338763
v 0.01094852 0.05826540 0.00234212
v 0.01075991 0.05807884 0.00320128
v 0.01096711 0.05809069 0.00262165
v 0.01101094 0.05795743 0.00274224
v 0.01137089 0.05649260 0.00403302
v 0.01092461 0.05720133 0.00414539
v 0.01099766 0.05694271 0.00428926
v 0.01117298 0.05649655 0.00443725
v 0.01091398 0.05799297 0.00294230
v 0.01069881 0.05798606 0.00353014
v 0.01061513 0.05799889 0.00372472
v 0.01059388 0.05793078 0.00389189
v 0.01056732 0.05789031 0.00402480
v 0.01060451 0.05774916 0.00414265
v 0.01081835 0.05739776 0.00413442
v 0.01057927 0.05770967 0.00425364
v 0.01135097 0.05625669 0.00434270
v 0.01150371 0.05598722 0.00433037
v 0.01151168 0.05579177 0.00453454
v 0.01151832 0.05559633 0.00474008
v 0.01155684 0.05546505 0.00480448
v 0.01175740 0.05506331 0.00480448
v 0.01152363 0.05539990 0.00494288
v 0.01155817 0.05526763 0.00500865
v 0.01159137 0.05513438 0.00507579
v 0.01162325 0.05520051 0.00494288
v 0.01181983 0.05499816 0.00474008
v 0.01191811 0.05499125 0.00453317
v 0.01178928 0.05493005 0.00487163
v 0.01195397 0.05484319 0.00459483
v 0.01199515 0.05460037 0.00468938
v 0.01196991 0.05448093 0.00483052
v 0.01212399 0.05438518 0.00452632
v 0.01191546 0.05478594 0.00472775
v 0.01195265 0.05460037 0.00478941
v 0.01202039 0.05440887 0.00475652
v 0.01219173 0.05420060 0.00447973
v 0.01219969 0.05412262 0.00450714
v 0.01234580 0.05412262 0.00416183
v 0.00227394 0.06406056 -0.00141651
v 0.00200697 0.06410695 -0.00105887
v 0.00210658 0.06409412 -0.00105887
v 0.00227394 0.06407142 -0.00105887
v 0.00227394 0.06406648 -0.00125893
v 0.00247317 0.06403588 -0.00125893
v 0.00200564 0.06410695 -0.00085881
v 0.00210526 0.06409511 -0.00085881
v 0.00227394 0.06406945 -0.00025864
v 0.00227394 0.06407241 -0.00045870
v 0.00107323 0.06408524 0.00074165
v 0.00093643 0.06410103 0.00061285
v 0.00127247 0.06409017 0.00054159
v 0.00167359 0.06407043 0.00054159
v 0.00187282 0.06405957 0.00054159
v 0.00207338 0.06404575 0.00054159
v 0.00227394 0.06404674 0.00034154
v 0.00247317 0.06404082 0.00014148
v 0.00247317 0.06402996 0.00034154
v -0.00018326 0.06409116 0.00114177
v -0.00012747 0.06409116 0.00114177
v -0.00012747 0.06406451 0.00134183
v 0.00007309 0.06406253 0.00134183
v 0.00067344 0.06408623 0.00094171
v 0.00047288 0.06407537 0.00114177
v 0.00027232 0.06405661 0.00134183
v 0.00227394 0.05412262 0.01234093
v 0.00227394 0.05420060 0.01231763
v 0.00307353 0.05440097 0.01209702
v 0.00317580 0.05450166 0.01204495
v 0.00287031 0.05478988 0.01200795
v 0.00287429 0.05500112 0.01192300
v 0.00327409 0.05537226 0.01167498
v 0.00273749 0.05528145 0.01183667
v 0.00247317 0.05520051 0.01193122
v 0.00227394 0.05520051 0.01197644
v 0.00227660 0.05541273 0.01188600
v 0.00267373 0.05573255 0.01165854
v 0.00221284 0.05552131 0.01185311
v 0.00207338 0.05565556 0.01182434
v 0.00194189 0.05568714 0.01183804
v 0.00205478 0.05600301 0.01167224
v 0.00238153 0.05590430 0.01164621
v 0.00205478 0.05618167 0.01159139
v 0.00227394 0.05634553 0.01146670
v 0.00206010 0.05640771 0.01148177
v 0.00211854 0.05647878 0.01143244
v 0.00206010 0.05658440 0.01138997
v 0.00207338 0.05687756 0.01123102
v 0.00196579 0.05689829 0.01124198
v 0.00147303 0.05720133 0.01114469
v 0.00127247 0.05720133 0.01116661
v 0.00111839 0.05709670 0.01124061
v 0.00188876 0.05699305 0.01120361
v 0.00191134 0.05728424 0.01103370
v 0.00177719 0.05730300 0.01104466
v 0.00167359 0.05731484 0.01105288
v 0.00105995 0.05718257 0.01119539
v 0.00087267 0.05737801 0.01108851
v 0.00087267 0.05720626 0.01118854
v 0.00087267 0.05710657 0.01124609
v 0.00067344 0.05721021 0.01119128
v 0.00067344 0.05748265 0.01103370
v 0.00047288 0.05775508 0.01087612
v 0.00027232 0.05785576 0.01081720
v 0.00007309 0.05812524 0.01065825
v -0.00018326 0.05775113 0.01087338
v -0.00018326 0.05718060 0.01120635
v 0.01116369 0.05868491 -0.00141651
v 0.01099633 0.05893168 -0.00125893
v 0.01092195 0.05903236 -0.00105887
v 0.01082101 0.05915772 -0.00085881
v 0.01059787 0.05932849 0.00014148
v 0.01052481 0.05944200 -0.00005858
v 0.01042520 0.05955947 -0.00005858
v 0.01023925 0.05977465 -0.00005858
v 0.01014229 0.05986349 0.00014148
v 0.01012768 0.05984868 0.00034154
v 0.01004134 0.05997799 0.00014148
v 0.00995235 0.06007768 0.00014148
v 0.00993774 0.06006189 0.00034154
v 0.00991782 0.06003919 0.00054159
v 0.00997626 0.05990396 0.00084990
v 0.00996165 0.05988718 0.00098282
v 0.00982086 0.05995134 0.00134183
v 0.00978234 0.05990988 0.00167343
v 0.00957248 0.06009841 0.00183101
v 0.00955920 0.06008459 0.00194200
v 0.00991782 0.05963744 0.00214206
v 0.00953529 0.06005893 0.00214206
v 0.00960170 0.05993061 0.00234212
v 0.00979164 0.05971937 0.00234212
v 0.00979562 0.06012408 0.00074165
v 0.00970132 0.05982006 0.00234212
v 0.00967077 0.05979735 0.00252848
v 0.00975711 0.05967989 0.00258192
v 0.00994704 0.05946767 0.00254218
v 0.01002806 0.05936797 0.00254218
v 0.01020604 0.05914292 0.00254218
v 0.00999884 0.05933145 0.00270387
v 0.01018346 0.05911330 0.00266550
v 0.01073334 0.05925150 -0.00065876
v 0.01062709 0.05936304 -0.00045870
v 0.01061912 0.05935317 -0.00025864
v 0.01060849 0.05934231 -0.00005858
v 0.01055271 0.05867307 0.00258466
v 0.01013166 0.05904520 0.00294230
v 0.01023659 0.05900966 0.00273676
v 0.01018479 0.05891490 0.00306699
v 0.01042387 0.05856547 0.00314235
v 0.01047434 0.05840063 0.00334104
v 0.01042387 0.05836510 0.00354247
v 0.01052349 0.05823085 0.00354247
v 0.01057529 0.05810352 0.00364524
v 0.01059521 0.05813116 0.00354247
v 0.01079046 0.05732767 0.00427282
v 0.01100164 0.05675023 0.00449754
v 0.01117697 0.05630308 0.00464553
v 0.01120221 0.05634947 0.00454276
v 0.01134698 0.05604940 0.00458524
v 0.01054872 0.05806404 0.00377816
v 0.01052083 0.05799889 0.00395218
v 0.01041324 0.05815189 0.00394259
v 0.01038535 0.05811438 0.00406317
v 0.01043184 0.05800284 0.00413442
v 0.01053942 0.05784885 0.00414265
v 0.01061115 0.05759320 0.00432900
v 0.01047434 0.05779851 0.00433859
v 0.01054607 0.05765341 0.00438655
v 0.01141472 0.05579375 0.00473323
v 0.01142136 0.05559732 0.00493740
v 0.01139081 0.05552921 0.00507305
v 0.01142402 0.05539990 0.00514157
v 0.01152496 0.05520051 0.00514294
v 0.01155817 0.05506331 0.00521008
v 0.01162192 0.05499816 0.00514294
v 0.01158872 0.05493005 0.00526763
v 0.01175607 0.05485010 0.00500454
v 0.01181186 0.05479087 0.00494014
v 0.01187827 0.05460037 0.00494288
v 0.01193804 0.05440887 0.00494014
v 0.01195796 0.05423416 0.00500454
v 0.01200046 0.05418085 0.00494014
v 0.01199648 0.05412262 0.00498262
v 0.00267373 0.06399739 -0.00141651
v 0.00267373 0.06400430 -0.00125893
v 0.00227394 0.06407339 -0.00065876
v 0.00267373 0.06401417 -0.00085881
v 0.00247317 0.06404181 -0.00105887
v 0.00247317 0.06404575 -0.00065876
v 0.00267373 0.06401812 -0.00045870
v 0.00267373 0.06401121 -0.00105887
v 0.00247317 0.06404378 -0.00005858
v 0.00247317 0.06404575 -0.00025864
v 0.00087267 0.06407635 0.00094171
v 0.00107323 0.06406550 0.00094171
v 0.00167359 0.06405266 0.00074165
v 0.00207338 0.06402700 0.00074165
v 0.00227394 0.06402996 0.00054159
v 0.00267373 0.06401417 0.00014148
v 0.00267373 0.06400726 0.00034154
v 0.00247317 0.06401219 0.00054159
v 0.00267373 0.06399147 0.00054159
v -0.00018326 0.06406352 0.00134183
v -0.00018326 0.06402897 0.00154189
v 0.00007309 0.06402897 0.00154189
v 0.00047288 0.06404674 0.00134183
v 0.00067344 0.06406451 0.00114177
v 0.00027232 0.06402305 0.00154189
v 0.00267373 0.05412262 0.01226008
v 0.00307220 0.05412262 0.01217787
v 0.00327409 0.05420060 0.01211347
v 0.00340159 0.05432201 0.01205180
v 0.00325416 0.05439308 0.01206139
v 0.00330862 0.05445526 0.01202988
v 0.00325416 0.05458161 0.01199562
v 0.00307353 0.05480074 0.01195452
v 0.00323557 0.05493992 0.01185997
v 0.00342417 0.05532982 0.01165717
v 0.00327409 0.05547196 0.01163250
v 0.00303899 0.05553612 0.01165991
v 0.00267240 0.05539102 0.01180516
v 0.00247317 0.05535252 0.01186682
v 0.00278132 0.05570491 0.01164621
v 0.00285835 0.05578388 0.01159414
v 0.00267373 0.05600103 0.01153796
v 0.00227394 0.05580066 0.01171609
v 0.00247317 0.05621128 0.01148589
v 0.00240543 0.05631591 0.01145163
v 0.00337105 0.05630012 0.01124335
v 0.00329135 0.05639883 0.01121320
v 0.00307353 0.05646792 0.01122828
v 0.00295797 0.05649458 0.01124061
v 0.00227394 0.05644522 0.01141600
v 0.00267373 0.05665448 0.01122005
v 0.00239879 0.05671173 0.01125020
v 0.00227394 0.05683709 0.01121046
v 0.00229253 0.05702168 0.01110495
v 0.00207338 0.05700194 0.01116250
v 0.00207338 0.05715691 0.01107618
v 0.00147303 0.05733557 0.01106521
v 0.00127247 0.05735432 0.01107618
v 0.00107323 0.05737012 0.01108440
v 0.00207338 0.05725759 0.01101862
v 0.00232574 0.05748561 0.01083501
v 0.00219292 0.05750732 0.01084734
v 0.00207338 0.05752410 0.01085831
v 0.00227394 0.05785872 0.01061714
v 0.00187282 0.05754977 0.01087475
v 0.00167359 0.05757346 0.01088982
v 0.00098823 0.05810549 0.01064591
v 0.00087267 0.05760208 0.01095696
v 0.00087267 0.05747870 0.01102959
v 0.00067344 0.05800185 0.01072676
v 0.00047288 0.05785576 0.01081720
v 0.00027232 0.05812524 0.01065825
v 0.00027232 0.05822592 0.01059658
v 0.00007309 0.05822493 0.01059521
v -0.00018326 0.05819334 0.01061029
v -0.00018326 0.05812030 0.01065551
v -0.00018326 0.05808871 0.01067469
v 0.01108134 0.05880237 -0.00141651
v 0.01099367 0.05892675 -0.00141651
v 0.01091797 0.05902743 -0.00141651
v 0.01092062 0.05903138 -0.00125893
v 0.01082233 0.05915772 -0.00105887
v 0.01073600 0.05925643 -0.00085881
v 0.01063373 0.05936896 -0.00065876
v 0.01053411 0.05945385 -0.00025864
v 0.01043450 0.05957032 -0.00025864
v 0.01034816 0.05967002 -0.00025864
v 0.01005197 0.05998983 -0.00005858
v 0.00996298 0.06008953 -0.00005858
v 0.00985274 0.06017935 0.00014148
v 0.00983813 0.06016553 0.00034154
v 0.00972124 0.06024647 0.00054159
v 0.00981688 0.06014579 0.00054159
v 0.00976640 0.06009249 0.00100474
v 0.00984344 0.05997601 0.00114177
v 0.00936130 0.06028793 0.00194200
v 0.00962827 0.06015764 0.00134183
v 0.00950873 0.06023364 0.00154189
v 0.00948084 0.06020798 0.00176798
v 0.00943435 0.06016257 0.00214206
v 0.00940779 0.06013494 0.00234212
v 0.00950740 0.06003129 0.00234212
v 0.00958311 0.05991087 0.00247367
v 0.00960038 0.06032840 0.00074165
v 0.00958444 0.06031162 0.00088553
v 0.00965085 0.06018133 0.00114177
v 0.00956452 0.05989014 0.00260658
v 0.00962960 0.05976281 0.00274224
v 0.00972921 0.05964633 0.00274224
v 0.00981156 0.05954565 0.00274224
v 0.00992313 0.05939956 0.00276005
v 0.01000017 0.05913403 0.00310673
v 0.01007853 0.05920609 0.00275183
v 0.01054208 0.05946273 -0.00045870
v 0.01007986 0.05900769 0.00315332
v 0.01036941 0.05849440 0.00342737
v 0.01039465 0.05852796 0.00329445
v 0.01039465 0.05832660 0.00368772
v 0.01020870 0.05874512 0.00334241
v 0.00997361 0.05910047 0.00323964
v 0.01047169 0.05819630 0.00373294
v 0.01058591 0.05752015 0.00446329
v 0.01083429 0.05700588 0.00454550
v 0.01093922 0.05681044 0.00455509
v 0.01107470 0.05639982 0.00474145
v 0.01109860 0.05618661 0.00492918
v 0.01135097 0.05585593 0.00479352
v 0.01036543 0.05828909 0.00382063
v 0.01033488 0.05825257 0.00394259
v 0.01022464 0.05839964 0.00392614
v 0.01019807 0.05833055 0.00408784
v 0.01016354 0.05828810 0.00422075
v 0.01034949 0.05806996 0.00419609
v 0.01040129 0.05793670 0.00429200
v 0.01036543 0.05788834 0.00442492
v 0.01041324 0.05775508 0.00450714
v 0.01048098 0.05760998 0.00455235
v 0.01121416 0.05579276 0.00513335
v 0.01111587 0.05559633 0.00554031
v 0.01118892 0.05552625 0.00547180
v 0.01115572 0.05546307 0.00560335
v 0.01132174 0.05539990 0.00534300
v 0.01135761 0.05526467 0.00540877
v 0.01142402 0.05519952 0.00534300
v 0.01139081 0.05513142 0.00547180
v 0.01152098 0.05499816 0.00533888
v 0.01155285 0.05484023 0.00540192
v 0.01171490 0.05479087 0.00513060
v 0.01118627 0.05512451 0.00586096
v 0.01178131 0.05471684 0.00505524
v 0.01180123 0.05460037 0.00509224
v 0.01176935 0.05447994 0.00523063
v 0.01178396 0.05412262 0.00542384
v 0.01191546 0.05418085 0.00512375
v 0.01192343 0.05412262 0.00514020
v 0.01195929 0.05412262 0.00506483
v 0.01198187 0.05412262 0.00501550
v 0.00283179 0.06396876 -0.00141651
v 0.00287429 0.06396975 -0.00125893
v 0.00247317 0.06404674 -0.00045870
v 0.00287429 0.06398455 -0.00065876
v 0.00267373 0.06401812 -0.00025864
v 0.00287429 0.06398554 -0.00045870
v 0.00287429 0.06398159 -0.00085881
v 0.00287429 0.06397666 -0.00105887
v 0.00267373 0.06401713 -0.00005858
v 0.00107323 0.06404082 0.00114177
v 0.00127247 0.06405365 0.00094171
v 0.00167359 0.06402897 0.00094171
v 0.00187282 0.06401614 0.00094171
v 0.00207338 0.06400232 0.00094171
v 0.00227394 0.06401022 0.00074165
v 0.00287429 0.06397962 0.00014148
v 0.00287429 0.06397172 0.00034154
v 0.00247317 0.06399048 0.00074165
v 0.00267373 0.06396284 0.00074165
v 0.00287429 0.06395593 0.00054159
v -0.00018326 0.06401812 0.00159670
v -0.00012747 0.06398949 0.00174195
v 0.00007309 0.06398949 0.00174195
v 0.00047288 0.06401318 0.00154189
v 0.00067344 0.06403588 0.00134183
v 0.00027232 0.06398357 0.00174195
v 0.00319705 0.05412262 0.01215183
v 0.00327409 0.05412262 0.01213539
v 0.00339230 0.05412262 0.01210935
v 0.00347199 0.05412262 0.01209154
v 0.00361942 0.05412262 0.01205728
v 0.00353442 0.05426871 0.01203399
v 0.00347066 0.05439308 0.01200933
v 0.00347332 0.05460037 0.01193259
v 0.00347332 0.05476323 0.01186956
v 0.00329135 0.05481851 0.01189422
v 0.00336972 0.05489748 0.01184352
v 0.00355700 0.05529033 0.01164072
v 0.00367388 0.05540089 0.01156536
v 0.00348394 0.05539891 0.01161332
v 0.00347332 0.05560127 0.01152836
v 0.00327409 0.05560127 0.01157632
v 0.00309345 0.05560225 0.01161880
v 0.00291414 0.05566937 0.01163113
v 0.00307353 0.05580066 0.01153658
v 0.00307353 0.05595365 0.01146807
v 0.00307353 0.05605434 0.01142285
v 0.00287562 0.05601288 0.01148725
v 0.00294469 0.05608691 0.01143793
v 0.00281054 0.05611948 0.01145300
v 0.00362606 0.05613034 0.01125705
v 0.00376021 0.05609382 0.01124061
v 0.00368583 0.05619845 0.01121183
v 0.00347332 0.05627149 0.01123102
v 0.00369115 0.05642054 0.01110495
v 0.00347332 0.05640080 0.01116935
v 0.00327409 0.05599215 0.01140367
v 0.00334050 0.05588258 0.01143656
v 0.00347332 0.05657058 0.01108303
v 0.00328737 0.05661796 0.01110084
v 0.00307353 0.05660118 0.01115839
v 0.00288359 0.05659427 0.01120498
v 0.00282382 0.05652221 0.01125568
v 0.00267373 0.05680156 0.01114195
v 0.00267373 0.05694172 0.01106659
v 0.00247317 0.05698121 0.01108851
v 0.00223941 0.05712631 0.01105836
v 0.00229253 0.05719639 0.01100766
v 0.00266842 0.05761294 0.01069113
v 0.00107323 0.05760208 0.01094463
v 0.00087267 0.05800185 0.01071717
v 0.00087267 0.05774620 0.01087064
v 0.00273217 0.05768697 0.01063495
v 0.00259802 0.05770967 0.01064865
v 0.00247317 0.05772941 0.01066099
v 0.00247317 0.05782911 0.01059932
v 0.00247317 0.05798408 0.01049930
v 0.00228457 0.05801962 0.01050752
v 0.00195782 0.05789821 0.01064180
v 0.00167359 0.05780147 0.01074457
v 0.00182367 0.05791301 0.01065139
v 0.00112238 0.05809069 0.01063632
v 0.00106261 0.05818347 0.01058014
v 0.00107323 0.05833647 0.01047052
v 0.00087267 0.05835523 0.01048422
v 0.00087267 0.05821210 0.01058425
v 0.00087267 0.05811240 0.01065003
v 0.00067344 0.05812030 0.01065551
v 0.00047288 0.05812425 0.01065688
v 0.00047288 0.05822394 0.01059521
v 0.00027232 0.05837694 0.01049656
v -0.00018326 0.05822098 0.01059247
v 0.00007309 0.05837595 0.01049518
v 0.01083827 0.05912614 -0.00141651
v 0.01082101 0.05915575 -0.00125893
v 0.01073600 0.05925742 -0.00105887
v 0.01063638 0.05936995 -0.00085881
v 0.01054607 0.05946865 -0.00065876
v 0.01016088 0.05988520 -0.00025864
v 0.01005994 0.05999674 -0.00025864
v 0.00996962 0.06009644 -0.00025864
v 0.00986336 0.06018824 -0.00005858
v 0.00975312 0.06028004 0.00014148
v 0.00963889 0.06036591 0.00034154
v 0.00962030 0.06034815 0.00054159
v 0.00950209 0.06042810 0.00074165
v 0.00916207 0.06048930 0.00194200
v 0.00938919 0.06031656 0.00170495
v 0.00918996 0.06051792 0.00170906
v 0.00955522 0.06028102 0.00114177
v 0.00947818 0.06040441 0.00095541
v 0.00943169 0.06035999 0.00134183
v 0.00930418 0.06023463 0.00234212
v 0.00938653 0.06011322 0.00248052
v 0.00923512 0.06036098 0.00214206
v 0.00913152 0.06046166 0.00214206
v 0.00938653 0.06051299 0.00089101
v 0.00936528 0.06009249 0.00261343
v 0.00953795 0.05986349 0.00274224
v 0.00959905 0.05972826 0.00290393
v 0.00957248 0.05969864 0.00303821
v 0.00968007 0.05960685 0.00295463
v 0.00978633 0.05951505 0.00287241
v 0.00975976 0.05948346 0.00300533
v 0.01015424 0.05867701 0.00359728
v 0.00994970 0.05907185 0.00334241
v 0.00999751 0.05892971 0.00349177
v 0.01054872 0.05745895 0.00459620
v 0.01058857 0.05732471 0.00466883
v 0.01062443 0.05719837 0.00473871
v 0.01076655 0.05668607 0.00502647
v 0.01080108 0.05674727 0.00489355
v 0.01097242 0.05649556 0.00483737
v 0.01100563 0.05655676 0.00470445
v 0.01100032 0.05618463 0.00512375
v 0.01118361 0.05591516 0.00505935
v 0.01017682 0.05850526 0.00384804
v 0.01020206 0.05853586 0.00374253
v 0.00998954 0.05871946 0.00387133
v 0.01014362 0.05846380 0.00398095
v 0.01010908 0.05839964 0.00414950
v 0.00997493 0.05850230 0.00424405
v 0.01002009 0.05839570 0.00432352
v 0.00999486 0.05832463 0.00447562
v 0.01013033 0.05824665 0.00434270
v 0.01021003 0.05814596 0.00434270
v 0.01031761 0.05800284 0.00435230
v 0.01033886 0.05781332 0.00456195
v 0.01017948 0.05810846 0.00445233
v 0.01014096 0.05805811 0.00458524
v 0.01007986 0.05800876 0.00475104
v 0.01019143 0.05792387 0.00467157
v 0.00997892 0.05790610 0.00504976
v 0.01037340 0.05769980 0.00464142
v 0.01037738 0.05750436 0.00484696
v 0.01050622 0.05739578 0.00473871
v 0.01100563 0.05598820 0.00532792
v 0.01101625 0.05559436 0.00573352
v 0.01098703 0.05552230 0.00586507
v 0.01119025 0.05532982 0.00567049
v 0.01122213 0.05539793 0.00554031
v 0.01101758 0.05539398 0.00593632
v 0.01115572 0.05525776 0.00580340
v 0.01098703 0.05532291 0.00606375
v 0.01150504 0.05478396 0.00552661
v 0.01157809 0.05470697 0.00544714
v 0.01160731 0.05478396 0.00533888
v 0.01121017 0.05500112 0.00590480
v 0.01115439 0.05500112 0.00600483
v 0.01094852 0.05523703 0.00619804
v 0.01100696 0.05518274 0.00613501
v 0.01166974 0.05460037 0.00534300
v 0.01156481 0.05446908 0.00562253
v 0.01173482 0.05440788 0.00534026
v 0.01175607 0.05423909 0.00540466
v 0.01176271 0.05412262 0.00546358
v 0.01189686 0.05412262 0.00519501
v 0.00287429 0.06396087 -0.00141651
v 0.00309212 0.06392336 -0.00126989
v 0.00301774 0.06393125 -0.00141651
v 0.00307353 0.06393619 -0.00105887
v 0.00307353 0.06394310 -0.00065876
v 0.00307353 0.06394112 -0.00085881
v 0.00287429 0.06398455 -0.00025864
v 0.00307353 0.06394310 -0.00045870
v 0.00287429 0.06398258 -0.00005858
v 0.00087267 0.06402404 0.00134183
v 0.00127247 0.06402799 0.00114177
v 0.00167359 0.06400035 0.00114177
v 0.00187282 0.06398554 0.00114177
v 0.00207338 0.06396975 0.00114177
v 0.00227394 0.06398554 0.00094171
v 0.00309212 0.06392730 0.00015244
v 0.00307353 0.06393816 -0.00005858
v 0.00307353 0.06394211 -0.00025864
v 0.00305759 0.06392632 0.00034154
v 0.00247317 0.06395988 0.00094171
v 0.00267108 0.06392336 0.00094034
v 0.00287031 0.06392336 0.00073754
v 0.00299516 0.06390855 0.00066766
v 0.00302704 0.06391743 0.00054159
v -0.00018326 0.06398850 0.00174195
v -0.00018326 0.06397666 0.00179676
v -0.00018326 0.06393619 0.00198174
v -0.00012747 0.06394507 0.00194200
v -0.00012747 0.06391250 0.00208588
v 0.00007309 0.06394408 0.00194200
v 0.00047288 0.06397271 0.00174195
v 0.00067344 0.06400134 0.00154189
v 0.00007309 0.06388881 0.00218043
v 0.00027232 0.06393718 0.00194200
v 0.00047819 0.06392336 0.00195845
v 0.00160718 0.06370620 0.00265454
v 0.00371904 0.05412262 0.01202851
v 0.00367786 0.05420158 0.01201618
v 0.00367388 0.05440097 0.01194903
v 0.00366989 0.05460234 0.01187641
v 0.00360083 0.05472079 0.01185174
v 0.00367388 0.05500112 0.01172431
v 0.00367388 0.05515313 0.01166539
v 0.00347332 0.05500112 0.01177638
v 0.00367388 0.05525283 0.01162565
v 0.00386514 0.05518867 0.01159825
v 0.00382928 0.05554105 0.01146259
v 0.00366724 0.05560521 0.01147903
v 0.00327409 0.05581053 0.01148451
v 0.00387444 0.05605532 0.01122416
v 0.00387444 0.05620141 0.01115976
v 0.00372834 0.05567431 0.01143244
v 0.00387444 0.05636922 0.01107892
v 0.00377084 0.05649951 0.01104329
v 0.00319439 0.05711150 0.01085008
v 0.00328737 0.05679564 0.01100355
v 0.00322893 0.05672457 0.01105699
v 0.00293938 0.05688743 0.01103644
v 0.00287429 0.05718060 0.01088845
v 0.00287429 0.05740170 0.01076513
v 0.00269366 0.05722107 0.01090626
v 0.00247317 0.05708189 0.01103233
v 0.00237223 0.05710163 0.01104329
v 0.00263920 0.05732767 0.01085831
v 0.00269366 0.05739677 0.01080760
v 0.00287429 0.05765835 0.01061851
v 0.00288758 0.05781924 0.01051300
v 0.00266842 0.05778667 0.01058699
v 0.00287429 0.05755865 0.01067606
v 0.00267373 0.05795348 0.01047874
v 0.00247317 0.05808378 0.01043078
v 0.00235895 0.05809858 0.01044175
v 0.00207338 0.05813017 0.01046504
v 0.00167359 0.05802949 0.01059521
v 0.00207338 0.05822987 0.01038968
v 0.00227394 0.05834042 0.01027320
v 0.00107323 0.05856646 0.01029376
v 0.00087267 0.05858522 0.01030746
v 0.00072923 0.05869676 0.01023895
v 0.00066680 0.05861878 0.01030472
v 0.00067344 0.05846775 0.01041845
v 0.00067344 0.05836806 0.01049107
v 0.00067344 0.05822000 0.01059110
v 0.00047288 0.05837398 0.01049518
v 0.00047288 0.05847466 0.01042393
v 0.00027232 0.05847664 0.01042530
v 0.00007309 0.05847565 0.01042530
v -0.00018326 0.05837003 0.01049244
v 0.01081702 0.05915180 -0.00141651
v 0.01073467 0.05925544 -0.00125893
v 0.01063638 0.05936896 -0.00105887
v 0.01054607 0.05947063 -0.00085881
v 0.01044645 0.05958019 -0.00065876
v 0.01025386 0.05978946 -0.00045870
v 0.00976640 0.06029386 -0.00025864
v 0.00976109 0.06028892 -0.00005858
v 0.01016354 0.05988915 -0.00045870
v 0.01006392 0.05999674 -0.00045870
v 0.00996962 0.06009644 -0.00045870
v 0.00954990 0.06047844 0.00014148
v 0.00953795 0.06046561 0.00034154
v 0.00952068 0.06044784 0.00054159
v 0.00940247 0.06052779 0.00074165
v 0.00897346 0.06070152 0.00183923
v 0.00908237 0.06060972 0.00177346
v 0.00899073 0.06071731 0.00170632
v 0.00923379 0.06056135 0.00134183
v 0.00913417 0.06066105 0.00134183
v 0.00911027 0.06063736 0.00154189
v 0.00935731 0.06048338 0.00114177
v 0.00920457 0.06033038 0.00234212
v 0.00895752 0.06068573 0.00194200
v 0.00903190 0.06055543 0.00214206
v 0.00917003 0.06069757 0.00101982
v 0.00915675 0.06068375 0.00114177
v 0.00918332 0.06030965 0.00246681
v 0.00915808 0.06028793 0.00260110
v 0.00912886 0.06026128 0.00274224
v 0.00923777 0.06016060 0.00274224
v 0.00920191 0.06012802 0.00290667
v 0.00933739 0.06006584 0.00274224
v 0.00943701 0.05996614 0.00274224
v 0.00940247 0.05992962 0.00290667
v 0.00978500 0.05931467 0.00326431
v 0.00937325 0.05990001 0.00303958
v 0.00920590 0.05993357 0.00330130
v 0.00914214 0.05986744 0.00354247
v 0.00940380 0.05973122 0.00329719
v 0.00936794 0.05969470 0.00343011
v 0.00954459 0.05966805 0.00314235
v 0.00977570 0.05910343 0.00364524
v 0.00993641 0.05885765 0.00374253
v 0.00996564 0.05889220 0.00362469
v 0.01012104 0.05863556 0.00374253
v 0.01055138 0.05726252 0.00480174
v 0.01059123 0.05712927 0.00487300
v 0.01076921 0.05649063 0.00523200
v 0.01080772 0.05635737 0.00530326
v 0.01002009 0.05875796 0.00374253
v 0.00987665 0.05880435 0.00394533
v 0.00995368 0.05867800 0.00400425
v 0.00991649 0.05863457 0.00414265
v 0.00978500 0.05871354 0.00426049
v 0.00993774 0.05845788 0.00437696
v 0.01006791 0.05819236 0.00453043
v 0.00938388 0.05891293 0.00465923
v 0.00957381 0.05870169 0.00464279
v 0.00934403 0.05886555 0.00479215
v 0.00912222 0.05900769 0.00495795
v 0.00958975 0.05851908 0.00486751
v 0.00995368 0.05827626 0.00460854
v 0.01000814 0.05814300 0.00469760
v 0.01020073 0.05773731 0.00488533
v 0.00996696 0.05809266 0.00483052
v 0.01001080 0.05794855 0.00494288
v 0.00980492 0.05793966 0.00529367
v 0.00976375 0.05788834 0.00542658
v 0.00973718 0.05781332 0.00556224
v 0.00981289 0.05775508 0.00550743
v 0.00998689 0.05771856 0.00526352
v 0.01012635 0.05760800 0.00515253
v 0.00998954 0.05752509 0.00546906
v 0.01002939 0.05739776 0.00553894
v 0.01020604 0.05735038 0.00529504
v 0.01027378 0.05719935 0.00534163
v 0.01038137 0.05711150 0.00525393
v 0.01056333 0.05628038 0.00582122
v 0.01055669 0.05686967 0.00521008
v 0.01094852 0.05565556 0.00579381
v 0.01090468 0.05559436 0.00593632
v 0.01094984 0.05545617 0.00599798
v 0.01090601 0.05539398 0.00613501
v 0.01134831 0.05480074 0.00579381
v 0.01143996 0.05461122 0.00575682
v 0.01154223 0.05460037 0.00558142
v 0.01117298 0.05489550 0.00603909
v 0.01139480 0.05455200 0.00587329
v 0.01136956 0.05468525 0.00583218
v 0.01097641 0.05510378 0.00624326
v 0.01080772 0.05540089 0.00628711
v 0.01076655 0.05528046 0.00643098
v 0.01087148 0.05519163 0.00633781
v 0.01158606 0.05433583 0.00566364
v 0.01152496 0.05440097 0.00573489
v 0.01156746 0.05412262 0.00582670
v 0.01160864 0.05420060 0.00570337
v 0.00317049 0.06390263 -0.00134252
v 0.00318377 0.06390559 -0.00120960
v 0.00309611 0.06391447 -0.00141651
v 0.00329534 0.06388486 -0.00105887
v 0.00387444 0.06374469 -0.00125893
v 0.00367388 0.06379109 -0.00125893
v 0.00320768 0.06391151 -0.00065876
v 0.00320502 0.06391052 -0.00085881
v 0.00367388 0.06379701 -0.00105887
v 0.00107323 0.06401022 0.00134183
v 0.00127247 0.06399640 0.00134183
v 0.00147303 0.06398159 0.00134183
v 0.00167359 0.06396580 0.00134183
v 0.00187282 0.06394902 0.00134183
v 0.00208932 0.06392533 0.00135964
v 0.00227394 0.06395001 0.00114177
v 0.00318377 0.06390559 0.00009215
v 0.00319439 0.06390855 -0.00005858
v 0.00330198 0.06388486 -0.00025864
v 0.00367388 0.06379701 -0.00065876
v 0.00347332 0.06384636 -0.00065876
v 0.00315853 0.06389868 0.00034154
v 0.00239614 0.06390756 0.00126372
v 0.00246786 0.06392138 0.00113766
v 0.00273483 0.06389473 0.00100611
v 0.00280257 0.06390954 0.00087320
v 0.00246786 0.06387696 0.00133498
v 0.00248513 0.06373285 0.00195434
v 0.00372834 0.06369040 0.00074165
v 0.00327409 0.06384834 0.00054159
v 0.00312665 0.06388980 0.00054159
v 0.00287031 0.06387696 0.00094034
v 0.00306688 0.06387400 0.00073754
v 0.00418657 0.06350681 0.00105681
v -0.00018326 0.06384143 0.00239830
v -0.00012747 0.06388980 0.00218591
v 0.00067344 0.06396087 0.00174195
v 0.00107323 0.06397370 0.00154189
v 0.00007309 0.06385031 0.00234212
v 0.00027232 0.06388486 0.00216536
v 0.00027232 0.06390855 0.00206533
v -0.00018326 0.06372100 0.00291763
v -0.00018326 0.06369731 0.00301766
v -0.00012747 0.06369633 0.00301492
v 0.00047819 0.06388387 0.00212836
v 0.00047288 0.06370916 0.00286830
v 0.00087267 0.06367264 0.00294230
v 0.00107323 0.06366277 0.00294230
v 0.00127247 0.06365290 0.00294230
v 0.00147303 0.06364204 0.00294230
v 0.00167359 0.06362625 0.00294230
v 0.00167359 0.06368053 0.00272990
v 0.00187282 0.06365783 0.00274224
v 0.00174000 0.06369929 0.00262714
v 0.00187282 0.06369337 0.00259562
v 0.00167359 0.06372100 0.00255314
v 0.00167359 0.06376444 0.00234212
v 0.00147303 0.06391349 0.00169262
v 0.00087267 0.06394705 0.00174195
v 0.00379607 0.05412262 0.01200521
v 0.00387444 0.05420060 0.01195452
v 0.00387975 0.05440690 0.01188326
v 0.00381733 0.05453719 0.01185723
v 0.00373498 0.05467045 0.01183256
v 0.00366989 0.05479285 0.01180516
v 0.00379209 0.05511365 0.01164895
v 0.00407367 0.05520051 0.01152425
v 0.00396343 0.05549269 0.01144067
v 0.00388772 0.05541569 0.01149685
v 0.00392491 0.05506331 0.01162976
v 0.00398999 0.05591417 0.01125020
v 0.00400992 0.05632677 0.01105836
v 0.00387444 0.05646891 0.01102548
v 0.00387444 0.05660118 0.01094737
v 0.00372834 0.05687756 0.01082953
v 0.00355301 0.05729016 0.01063769
v 0.00348129 0.05721515 0.01070484
v 0.00327409 0.05736222 0.01068017
v 0.00302172 0.05752509 0.01065825
v 0.00307353 0.05700194 0.01094052
v 0.00308282 0.05759616 0.01059658
v 0.00296328 0.05789722 0.01044037
v 0.00282913 0.05792387 0.01045956
v 0.00267373 0.05805318 0.01041023
v 0.00258474 0.05830587 0.01024717
v 0.00247317 0.05820223 0.01034446
v 0.00247317 0.05831870 0.01025676
v 0.00127247 0.05854573 0.01027731
v 0.00207338 0.05846084 0.01021154
v 0.00187282 0.05848256 0.01022798
v 0.00107323 0.05866616 0.01021565
v 0.00087267 0.05868491 0.01023072
v 0.00067344 0.05892280 0.01006081
v 0.00059508 0.05870465 0.01024580
v 0.00047288 0.05860200 0.01032938
v 0.00027232 0.05871255 0.01025265
v 0.00007309 0.05860200 0.01033349
v -0.00012747 0.05847170 0.01042256
v -0.00018326 0.05846973 0.01042119
v 0.01073069 0.05925150 -0.00141651
v 0.01065232 0.05934033 -0.00141651
v 0.01063373 0.05936698 -0.00125893
v 0.01054474 0.05946964 -0.00105887
v 0.00956186 0.06048930 -0.00025864
v 0.00955655 0.06048535 -0.00005858
v 0.00966147 0.06038467 -0.00005858
v 0.00987000 0.06019317 -0.00045870
v 0.00976640 0.06029287 -0.00045870
v 0.00956186 0.06048930 -0.00045870
v 0.01016221 0.05988816 -0.00065876
v 0.01006260 0.05999378 -0.00065876
v 0.00996696 0.06009446 -0.00065876
v 0.00945029 0.06057122 0.00014148
v 0.00943833 0.06056037 0.00034154
v 0.00942107 0.06054556 0.00054159
v 0.00929754 0.06062848 0.00074165
v 0.00876759 0.06089598 0.00182142
v 0.00880610 0.06093349 0.00154189
v 0.00878751 0.06091473 0.00168850
v 0.00858296 0.06110919 0.00166658
v 0.00893096 0.06085945 0.00134183
v 0.00890705 0.06083675 0.00154189
v 0.00892166 0.06065513 0.00214206
v 0.00899604 0.06052187 0.00234212
v 0.00895221 0.06088018 0.00114177
v 0.00905714 0.06078049 0.00114177
v 0.00918332 0.06071040 0.00088553
v 0.00897612 0.06050312 0.00244626
v 0.00890970 0.06044784 0.00274224
v 0.00899471 0.06031952 0.00288748
v 0.00896416 0.06029287 0.00302177
v 0.00908370 0.06021094 0.00296422
v 0.00917269 0.06010039 0.00303958
v 0.00894689 0.06047844 0.00257918
v 0.00914745 0.06007472 0.00314235
v 0.00897213 0.06009940 0.00343696
v 0.00900135 0.05992962 0.00369320
v 0.00919926 0.05972727 0.00368909
v 0.00916339 0.05968877 0.00382200
v 0.00939185 0.05952097 0.00367539
v 0.00942771 0.05956045 0.00354247
v 0.00948217 0.05960981 0.00335748
v 0.00952732 0.05944793 0.00354247
v 0.00958444 0.05931171 0.00366031
v 0.00947021 0.05939660 0.00373431
v 0.00960702 0.05913897 0.00390148
v 0.00973984 0.05906296 0.00377816
v 0.01059654 0.05673641 0.00528133
v 0.01074663 0.05621721 0.00556224
v 0.01081038 0.05616094 0.00550743
v 0.00957116 0.05909751 0.00403577
v 0.00976242 0.05888825 0.00402069
v 0.00962960 0.05896426 0.00414265
v 0.00940114 0.05913206 0.00429063
v 0.00917269 0.05929888 0.00443999
v 0.00894424 0.05946569 0.00458798
v 0.00888712 0.05941634 0.00476612
v 0.00896416 0.05928900 0.00482504
v 0.00915410 0.05907777 0.00480859
v 0.00901331 0.05914687 0.00494288
v 0.00897877 0.05910837 0.00505113
v 0.00899471 0.05892576 0.00527448
v 0.00913550 0.05885568 0.00514294
v 0.00954858 0.05847071 0.00500043
v 0.00992048 0.05820618 0.00475652
v 0.00956319 0.05828810 0.00522378
v 0.00979297 0.05812425 0.00507305
v 0.00961897 0.05799297 0.00552661
v 0.00958975 0.05792091 0.00566775
v 0.00954858 0.05786859 0.00580066
v 0.00959905 0.05773534 0.00588288
v 0.00977304 0.05769882 0.00563897
v 0.00966812 0.05759122 0.00593084
v 0.00988196 0.05761195 0.00555402
v 0.00960303 0.05754483 0.00608842
v 0.00973586 0.05744119 0.00597880
v 0.00980492 0.05738492 0.00592399
v 0.00991516 0.05700194 0.00614460
v 0.01013565 0.05721317 0.00555676
v 0.01016620 0.05728720 0.00542795
v 0.01028042 0.05660908 0.00595139
v 0.01038801 0.05652123 0.00586370
v 0.01042387 0.05639587 0.00593495
v 0.01053013 0.05620931 0.00595139
v 0.01056466 0.05608296 0.00602402
v 0.01077585 0.05590134 0.00584314
v 0.01077718 0.05570392 0.00604594
v 0.01073866 0.05563878 0.00617886
v 0.01077718 0.05550552 0.00624600
v 0.01135362 0.05443750 0.00600757
v 0.01141206 0.05438321 0.00594180
v 0.01155418 0.05420060 0.00580340
v 0.01082233 0.05500112 0.00650498
v 0.01092195 0.05500112 0.00637069
v 0.01095250 0.05484023 0.00641180
v 0.01099500 0.05500112 0.00627066
v 0.01115572 0.05464380 0.00621174
v 0.01130049 0.05438321 0.00612405
v 0.01056068 0.05567431 0.00642139
v 0.01059787 0.05554105 0.00647346
v 0.01073600 0.05540089 0.00638714
v 0.01079311 0.05514721 0.00646661
v 0.01062842 0.05539102 0.00654198
v 0.01058326 0.05531797 0.00665434
v 0.01060716 0.05520051 0.00668585
v 0.01149973 0.05412262 0.00594180
v 0.00383194 0.06374766 -0.00141651
v 0.00363270 0.06379306 -0.00141651
v 0.00323690 0.06388289 -0.00141651
v 0.00401125 0.06371212 -0.00125893
v 0.00399796 0.06370916 -0.00141651
v 0.00367388 0.06379800 -0.00085881
v 0.00401789 0.06371409 -0.00105887
v 0.00330463 0.06388683 -0.00085881
v 0.00127247 0.06395889 0.00154189
v 0.00147303 0.06394310 0.00154189
v 0.00187282 0.06389572 0.00160629
v 0.00203220 0.06390855 0.00147063
v 0.00216635 0.06390164 0.00143775
v 0.00227394 0.06391645 0.00130483
v 0.00398601 0.06370620 -0.00030523
v 0.00427423 0.06364401 -0.00065876
v 0.00347332 0.06384143 -0.00025864
v 0.00387444 0.06374272 -0.00045870
v 0.00401125 0.06371212 -0.00065876
v 0.00387444 0.06374667 -0.00065876
v 0.00411617 0.06368843 -0.00085881
v 0.00387444 0.06374864 -0.00085881
v 0.00347332 0.06380885 0.00034154
v 0.00393554 0.06369238 0.00014148
v 0.00385850 0.06372693 -0.00005858
v 0.00406172 0.06368152 -0.00024631
v 0.00213713 0.06369830 0.00242023
v 0.00222081 0.06371311 0.00228731
v 0.00255951 0.06369929 0.00202833
v 0.00262326 0.06371508 0.00189541
v 0.00287429 0.06378220 0.00134183
v 0.00248513 0.06368744 0.00215165
v 0.00422110 0.06351668 0.00094171
v 0.00387444 0.06364895 0.00074165
v 0.00376287 0.06369929 0.00060874
v 0.00386116 0.06367757 0.00054159
v 0.00378545 0.06370620 0.00047582
v 0.00390764 0.06368350 0.00034154
v 0.00307353 0.06382465 0.00094171
v 0.00327409 0.06377332 0.00094171
v 0.00353442 0.06369238 0.00099652
v 0.00340159 0.06371015 0.00107189
v 0.00367388 0.06362230 0.00114177
v 0.00367388 0.06357492 0.00134183
v 0.00386913 0.06352458 0.00133498
v 0.00360614 0.06351174 0.00167754
v 0.00393288 0.06349200 0.00139664
v 0.00412680 0.06349003 0.00118973
v 0.00437916 0.06330446 0.00164740
v 0.00448940 0.06334295 0.00135690
v 0.00447479 0.06339823 0.00114177
v 0.00432205 0.06348707 0.00094171
v 0.00007309 0.06369337 0.00300122
v 0.00027232 0.06368942 0.00298614
v -0.00018326 0.06368942 0.00305055
v 0.00067344 0.06363217 0.00314235
v 0.00087267 0.06362230 0.00314235
v 0.00107323 0.06361144 0.00314235
v 0.00147303 0.06358775 0.00314235
v 0.00187282 0.06360453 0.00294230
v 0.00167359 0.06357097 0.00314235
v 0.00207338 0.06363019 0.00274224
v 0.00207205 0.06368152 0.00253396
v 0.00200298 0.06370719 0.00246133
v 0.00207338 0.06380787 0.00194200
v 0.00187282 0.06371409 0.00249559
v 0.00187282 0.06374568 0.00234212
v 0.00187282 0.06382761 0.00194200
v 0.00167359 0.06384538 0.00194200
v 0.00387444 0.05412262 0.01197918
v 0.00408031 0.05420553 0.01188326
v 0.00415071 0.05427561 0.01183667
v 0.00408031 0.05440690 0.01181749
v 0.00395015 0.05447797 0.01183667
v 0.00387975 0.05460234 0.01181475
v 0.00387444 0.05480074 0.01174349
v 0.00386514 0.05499816 0.01167224
v 0.00407367 0.05499816 0.01160647
v 0.00427423 0.05500112 0.01153658
v 0.00407367 0.05534660 0.01146396
v 0.00434064 0.05567234 0.01123239
v 0.00420649 0.05572761 0.01125568
v 0.00412414 0.05586087 0.01122690
v 0.00400726 0.05493005 0.01165580
v 0.00406437 0.05598919 0.01119128
v 0.00421978 0.05653209 0.01086241
v 0.00407500 0.05639685 0.01099396
v 0.00405906 0.05660019 0.01088297
v 0.00407500 0.05620635 0.01108988
v 0.00428486 0.05601387 0.01110221
v 0.00422642 0.05614317 0.01106384
v 0.00414274 0.05627643 0.01103096
v 0.00428087 0.05641166 0.01090352
v 0.00456246 0.05669298 0.01063906
v 0.00398202 0.05670581 0.01084734
v 0.00387444 0.05683611 0.01080486
v 0.00387311 0.05700983 0.01069935
v 0.00380537 0.05711940 0.01065551
v 0.00367388 0.05725660 0.01061577
v 0.00368052 0.05759616 0.01039104
v 0.00361809 0.05752608 0.01045956
v 0.00347332 0.05766526 0.01041982
v 0.00348129 0.05739578 0.01059384
v 0.00327409 0.05746192 0.01061988
v 0.00341886 0.05732471 0.01065825
v 0.00315455 0.05749252 0.01063769
v 0.00307353 0.05776989 0.01048833
v 0.00303102 0.05812721 0.01026224
v 0.00307353 0.05786958 0.01042256
v 0.00316517 0.05809760 0.01024032
v 0.00287429 0.05815781 0.01028416
v 0.00287429 0.05825750 0.01021154
v 0.00271889 0.05828416 0.01023072
v 0.00290883 0.05848256 0.01002793
v 0.00277601 0.05850230 0.01004437
v 0.00267373 0.05851513 0.01005533
v 0.00247317 0.05853882 0.01007451
v 0.00247317 0.05841840 0.01017454
v 0.00227394 0.05844012 0.01019373
v 0.00127247 0.05864543 0.01019921
v 0.00147303 0.05874808 0.01008274
v 0.00147303 0.05862371 0.01018276
v 0.00127247 0.05876980 0.01009918
v 0.00107323 0.05878954 0.01011562
v 0.00095901 0.05890009 0.01004163
v 0.00088463 0.05882113 0.01011699
v 0.00082618 0.05891095 0.01005122
v 0.00047288 0.05893267 0.01006903
v 0.00067344 0.05913996 0.00987583
v 0.00047288 0.05915081 0.00988542
v 0.00047288 0.05903335 0.00998545
v 0.00027232 0.05893958 0.01007451
v 0.00047288 0.05870860 0.01024854
v 0.00027232 0.05881323 0.01017454
v 0.00007309 0.05894254 0.01007588
v 0.00007309 0.05881323 0.01017591
v 0.00007309 0.05871255 0.01025128
v -0.00012747 0.05880830 0.01017454
v -0.00012747 0.05870860 0.01024854
v -0.00018326 0.05860693 0.01032116
v 0.01053942 0.05946372 -0.00141651
v 0.01054208 0.05946668 -0.00125893
v 0.01044512 0.05957625 -0.00105887
v 0.00946091 0.06058208 -0.00025864
v 0.00945693 0.06057715 -0.00005858
v 0.00935466 0.06068277 -0.00045870
v 0.00986735 0.06019120 -0.00065876
v 0.00976375 0.06029089 -0.00065876
v 0.00966413 0.06038664 -0.00065876
v 0.00955920 0.06048732 -0.00065876
v 0.00945959 0.06058110 -0.00065876
v 0.00935200 0.06068178 -0.00065876
v 0.01025386 0.05978551 -0.00085881
v 0.01015956 0.05988520 -0.00085881
v 0.01005994 0.05998983 -0.00085881
v 0.00996298 0.06008953 -0.00085881
v 0.00986336 0.06018725 -0.00085881
v 0.00934669 0.06067783 -0.00005858
v 0.00934005 0.06067092 0.00014148
v 0.00932809 0.06066105 0.00034154
v 0.00931348 0.06064624 0.00054159
v 0.00919660 0.06072225 0.00074165
v 0.00896682 0.06089400 0.00099241
v 0.00874501 0.06087722 0.00194200
v 0.00869985 0.06103318 0.00154189
v 0.00883001 0.06095520 0.00134183
v 0.00860023 0.06112300 0.00154189
v 0.00847405 0.06121382 0.00154189
v 0.00823231 0.06134312 0.00174195
v 0.00833193 0.06127107 0.00174195
v 0.00819512 0.06131746 0.00194200
v 0.00817520 0.06130265 0.00204477
v 0.00855773 0.06108846 0.00179950
v 0.00864539 0.06096408 0.00194200
v 0.00885259 0.06097297 0.00114177
v 0.00870516 0.06084267 0.00214206
v 0.00879282 0.06071731 0.00228457
v 0.00876360 0.06069264 0.00241885
v 0.00881009 0.06053075 0.00274224
v 0.00875032 0.06048239 0.00299300
v 0.00887384 0.06040046 0.00293955
v 0.00873571 0.06066993 0.00254218
v 0.00861484 0.06053569 0.00314235
v 0.00858562 0.06051101 0.00326431
v 0.00893361 0.06026720 0.00314235
v 0.00904651 0.06016652 0.00314235
v 0.00900534 0.06013000 0.00330404
v 0.00888447 0.06021094 0.00336160
v 0.00834920 0.06047943 0.00379323
v 0.00838904 0.06031458 0.00406865
v 0.00859625 0.06012210 0.00408372
v 0.00856038 0.06008755 0.00421664
v 0.00862547 0.05995331 0.00434270
v 0.00903057 0.05975984 0.00394259
v 0.00875962 0.05988619 0.00421664
v 0.00882204 0.05975096 0.00434270
v 0.00895752 0.05968285 0.00421253
v 0.00918730 0.05951505 0.00406591
v 0.00886587 0.05959204 0.00452769
v 0.00858031 0.05970852 0.00485381
v 0.00877290 0.05949925 0.00484011
v 0.00859890 0.05952985 0.00508265
v 0.00867328 0.05940055 0.00514157
v 0.00880478 0.05913699 0.00529093
v 0.00900932 0.05874216 0.00549784
v 0.00927231 0.05839964 0.00554031
v 0.00946224 0.05818644 0.00552250
v 0.00957780 0.05810451 0.00544714
v 0.00953529 0.05805417 0.00558142
v 0.00935997 0.05808378 0.00581848
v 0.00941443 0.05795052 0.00590480
v 0.00937192 0.05789821 0.00603772
v 0.00948615 0.05781628 0.00596098
v 0.00955787 0.05767809 0.00601717
v 0.00940247 0.05813511 0.00568556
v 0.00956053 0.05748067 0.00622133
v 0.00995634 0.05687263 0.00621174
v 0.00977836 0.05730793 0.00604868
v 0.01014760 0.05661895 0.00616104
v 0.01017284 0.05669693 0.00603772
v 0.01034949 0.05626064 0.00620078
v 0.01034816 0.05645805 0.00599661
v 0.01053278 0.05600992 0.00615282
v 0.01060451 0.05594971 0.00609253
v 0.01056599 0.05588555 0.00622545
v 0.01060451 0.05575229 0.00628711
v 0.01139480 0.05420060 0.00607198
v 0.01063904 0.05499717 0.00675026
v 0.01072006 0.05481160 0.00673929
v 0.01079577 0.05475238 0.00666941
v 0.01097774 0.05470598 0.00644469
v 0.01077054 0.05448883 0.00683658
v 0.01117830 0.05451054 0.00624737
v 0.01102024 0.05478396 0.00634466
v 0.01140409 0.05412262 0.00609938
v 0.01134432 0.05412262 0.00619393
v 0.01052747 0.05581152 0.00634877
v 0.01038668 0.05592108 0.00645976
v 0.01038004 0.05570886 0.00664886
v 0.01054872 0.05545123 0.00660775
v 0.01047434 0.05539891 0.00674203
v 0.01039863 0.05534759 0.00687084
v 0.01037473 0.05509884 0.00704212
v 0.01053146 0.05520051 0.00678588
v 0.00427423 0.06364895 -0.00105887
v 0.00427423 0.06364500 -0.00125893
v 0.00427423 0.06363809 -0.00141651
v 0.00208932 0.06388881 0.00153915
v 0.00207205 0.06372199 0.00234897
v 0.00427423 0.06363414 -0.00045870
v 0.00411086 0.06368646 -0.00065876
v 0.00447479 0.06358775 -0.00065876
v 0.00447479 0.06359367 -0.00085881
v 0.00427423 0.06364796 -0.00085881
v 0.00427423 0.06357689 0.00034154
v 0.00427423 0.06359367 0.00014148
v 0.00427423 0.06362131 -0.00025864
v 0.00227394 0.06364303 0.00254218
v 0.00247317 0.06359762 0.00254218
v 0.00267373 0.06359762 0.00234212
v 0.00268303 0.06368646 0.00195434
v 0.00301243 0.06371311 0.00148434
v 0.00327409 0.06372693 0.00114040
v 0.00435791 0.06349792 0.00080743
v 0.00428486 0.06352951 0.00074165
v 0.00438713 0.06350780 0.00067451
v 0.00407367 0.06361539 0.00054159
v 0.00334050 0.06369435 0.00120617
v 0.00327409 0.06363217 0.00154189
v 0.00347332 0.06357985 0.00154189
v 0.00347597 0.06353050 0.00174332
v 0.00387444 0.06342093 0.00174195
v 0.00321697 0.06351470 0.00208999
v 0.00308282 0.06348509 0.00235445
v 0.00347332 0.06343080 0.00214206
v 0.00426095 0.06326596 0.00192967
v 0.00442034 0.06311592 0.00234212
v 0.00456777 0.06310112 0.00223524
v 0.00462355 0.06311790 0.00210232
v 0.00487591 0.06312974 0.00173783
v 0.00461691 0.06331630 0.00129935
v 0.00468332 0.06313764 0.00194885
v 0.00480950 0.06311395 0.00188719
v 0.00487459 0.06322253 0.00134183
v 0.00474973 0.06329458 0.00120069
v 0.00467934 0.06333111 0.00113766
v 0.00447479 0.06343672 0.00094171
v -0.00018326 0.06365290 0.00319853
v 0.00007309 0.06365783 0.00314235
v 0.00027232 0.06364993 0.00314235
v 0.00007309 0.06360552 0.00334241
v 0.00047288 0.06358775 0.00334241
v 0.00067344 0.06357689 0.00334241
v 0.00087267 0.06356505 0.00334241
v 0.00107323 0.06355221 0.00334241
v 0.00128708 0.06353247 0.00336160
v 0.00147303 0.06353050 0.00332734
v 0.00167359 0.06352260 0.00330267
v 0.00207338 0.06357590 0.00294230
v 0.00187282 0.06354827 0.00314235
v 0.00197908 0.06350385 0.00324649
v 0.00187282 0.06351076 0.00326842
v 0.00227394 0.06359268 0.00274224
v 0.00419055 0.05412262 0.01186956
v 0.00420915 0.05414236 0.01185723
v 0.00441502 0.05454213 0.01165854
v 0.00454784 0.05447106 0.01163524
v 0.00427822 0.05460530 0.01168320
v 0.00407367 0.05460037 0.01175309
v 0.00407367 0.05480272 0.01168046
v 0.00414141 0.05487083 0.01163387
v 0.00447479 0.05480074 0.01154344
v 0.00446284 0.05499224 0.01147218
v 0.00438846 0.05511365 0.01144889
v 0.00425564 0.05518867 0.01146533
v 0.00425564 0.05538213 0.01138449
v 0.00441768 0.05553908 0.01125979
v 0.00462488 0.05534660 0.01126390
v 0.00448011 0.05560423 0.01120909
v 0.00449206 0.05581941 0.01111043
v 0.00443893 0.05595563 0.01107069
v 0.00427423 0.05579671 0.01120224
v 0.00431009 0.05524690 0.01142148
v 0.00421446 0.05473757 0.01165854
v 0.00442831 0.05673641 0.01066510
v 0.00426228 0.05680255 0.01068702
v 0.00435924 0.05608888 0.01103781
v 0.00428486 0.05620635 0.01100903
v 0.00443627 0.05635145 0.01087064
v 0.00449206 0.05641166 0.01081583
v 0.00485732 0.05658440 0.01057192
v 0.00498616 0.05671075 0.01044860
v 0.00487459 0.05675220 0.01047326
v 0.00518804 0.05691112 0.01024991
v 0.00476169 0.05689336 0.01043900
v 0.00448675 0.05680255 0.01060206
v 0.00405906 0.05678379 0.01077198
v 0.00407367 0.05694271 0.01066921
v 0.00407367 0.05704241 0.01060618
v 0.00387311 0.05719244 0.01058425
v 0.00387444 0.05735432 0.01047874
v 0.00381201 0.05772349 0.01025813
v 0.00367388 0.05786168 0.01021702
v 0.00348394 0.05799889 0.01019510
v 0.00394616 0.05768598 0.01023347
v 0.00342417 0.05792979 0.01026224
v 0.00327409 0.05806996 0.01022250
v 0.00322760 0.05773040 0.01046230
v 0.00328604 0.05761788 0.01051574
v 0.00322494 0.05832463 0.01006081
v 0.00307353 0.05835424 0.01008411
v 0.00335776 0.05829403 0.01003889
v 0.00307353 0.05845393 0.01000737
v 0.00307353 0.05858028 0.00990734
v 0.00307353 0.05867998 0.00982650
v 0.00295797 0.05869873 0.00984020
v 0.00288492 0.05878954 0.00977854
v 0.00247317 0.05863852 0.00998956
v 0.00227394 0.05866122 0.01000874
v 0.00227394 0.05856054 0.01009370
v 0.00167359 0.05872637 0.01006492
v 0.00147303 0.05884877 0.00999778
v 0.00127247 0.05886950 0.01001559
v 0.00107323 0.05888924 0.01003341
v 0.00115558 0.05909949 0.00984157
v 0.00102276 0.05911133 0.00985116
v 0.00087267 0.05934033 0.00967714
v 0.00088463 0.05898795 0.00997723
v 0.00067344 0.05935613 0.00969084
v 0.00027232 0.05915871 0.00989090
v 0.00047288 0.05958316 0.00951408
v 0.00027232 0.05947458 0.00962096
v 0.00007309 0.05916365 0.00989501
v 0.00007309 0.05904224 0.00999504
v -0.00012747 0.05894057 0.01007451
v -0.00012747 0.05904125 0.00999504
v -0.00018326 0.05904026 0.00999504
v -0.00018326 0.05880237 0.01017728
v -0.00018326 0.05870761 0.01024717
v 0.01046106 0.05954762 -0.00141651
v 0.01043981 0.05957032 -0.00141651
v 0.01034816 0.05967298 -0.00125893
v 0.00935200 0.06068178 -0.00025864
v 0.00914347 0.06087426 -0.00045870
v 0.00925238 0.06077358 -0.00065876
v 0.00914347 0.06087327 -0.00065876
v 0.00904385 0.06096408 -0.00065876
v 0.00966015 0.06038368 -0.00085881
v 0.00945560 0.06057813 -0.00085881
v 0.00934934 0.06067783 -0.00085881
v 0.00924973 0.06077062 -0.00085881
v 0.00914081 0.06087130 -0.00085881
v 0.01015557 0.05988224 -0.00105887
v 0.01015159 0.05987731 -0.00125893
v 0.01004666 0.05997305 -0.00141651
v 0.00995103 0.06007768 -0.00125893
v 0.00974914 0.06027609 -0.00125893
v 0.00975445 0.06028201 -0.00105887
v 0.00955123 0.06047943 -0.00105887
v 0.00925238 0.06077160 -0.00025864
v 0.00913417 0.06086636 -0.00005858
v 0.00923910 0.06075877 0.00014148
v 0.00922848 0.06074890 0.00034154
v 0.00921387 0.06073706 0.00054159
v 0.00874102 0.06107266 0.00114177
v 0.00897744 0.06090387 0.00085950
v 0.00872243 0.06105490 0.00134183
v 0.00862281 0.06114077 0.00134183
v 0.00846342 0.06125330 0.00136238
v 0.00837443 0.06130167 0.00144186
v 0.00826154 0.06136287 0.00154189
v 0.00799589 0.06151685 0.00170769
v 0.00806762 0.06145466 0.00176113
v 0.00795737 0.06148921 0.00194200
v 0.00781924 0.06153462 0.00214206
v 0.00791886 0.06146157 0.00214206
v 0.00779002 0.06151389 0.00227772
v 0.00807691 0.06135003 0.00212425
v 0.00814598 0.06127995 0.00217769
v 0.00839569 0.06111807 0.00208725
v 0.00842756 0.06114176 0.00194200
v 0.00852718 0.06106378 0.00194200
v 0.00860422 0.06092756 0.00214206
v 0.00858031 0.06090585 0.00225442
v 0.00856835 0.06069658 0.00282993
v 0.00854179 0.06067487 0.00294230
v 0.00867992 0.06056432 0.00293270
v 0.00847671 0.06080319 0.00274635
v 0.00840365 0.06072521 0.00310262
v 0.00847139 0.06064723 0.00315880
v 0.00834521 0.06067783 0.00334241
v 0.00817122 0.06069955 0.00363702
v 0.00841428 0.06053569 0.00354247
v 0.00838373 0.06051003 0.00366031
v 0.00876227 0.06029089 0.00341915
v 0.00820841 0.06053174 0.00394259
v 0.00817919 0.06050608 0.00405221
v 0.00830935 0.06044389 0.00394259
v 0.00818051 0.06030767 0.00445507
v 0.00835185 0.06028201 0.00420157
v 0.00842491 0.06014678 0.00434270
v 0.00838904 0.06011519 0.00446877
v 0.00847139 0.05999872 0.00453728
v 0.00858960 0.05991778 0.00447151
v 0.00855241 0.05988027 0.00460579
v 0.00878751 0.05971542 0.00446740
v 0.00863211 0.05959796 0.00492918
v 0.00851257 0.05984078 0.00474282
v 0.00837975 0.05990692 0.00485107
v 0.00833724 0.05986546 0.00498536
v 0.00840498 0.05973122 0.00508813
v 0.00853780 0.05966311 0.00498673
v 0.00855640 0.05948149 0.00521693
v 0.00876227 0.05908764 0.00542384
v 0.00896682 0.05869281 0.00562938
v 0.00908237 0.05861187 0.00555676
v 0.00917003 0.05829699 0.00583492
v 0.00918199 0.05811142 0.00605416
v 0.00922848 0.05799494 0.00612953
v 0.00933606 0.05785379 0.00614186
v 0.00937989 0.05770869 0.00625011
v 0.00941708 0.05775409 0.00614186
v 0.00951936 0.05760800 0.00615008
v 0.00941177 0.05758431 0.00632684
v 0.00951803 0.05740960 0.00634877
v 0.00960436 0.05734742 0.00628574
v 0.00977969 0.05711051 0.00625011
v 0.00999884 0.05673838 0.00627752
v 0.01017417 0.05649951 0.00624052
v 0.01039066 0.05612738 0.00626655
v 0.01042653 0.05599314 0.00633644
v 0.01037738 0.05470697 0.00724629
v 0.01039863 0.05460037 0.00727370
v 0.01024589 0.05412262 0.00772314
v 0.01037738 0.05412262 0.00754912
v 0.01056333 0.05426871 0.00722711
v 0.01072272 0.05441381 0.00693935
v 0.01116501 0.05412262 0.00645976
v 0.01115572 0.05424304 0.00641454
v 0.01073866 0.05412262 0.00706268
v 0.01078647 0.05412262 0.00699553
v 0.01093523 0.05412262 0.00678588
v 0.01107337 0.05412262 0.00658994
v 0.01122213 0.05418579 0.00634603
v 0.01124736 0.05412262 0.00633918
v 0.01034551 0.05605434 0.00639947
v 0.01021268 0.05615996 0.00649539
v 0.01016487 0.05608395 0.00662830
v 0.00987133 0.05619549 0.00693798
v 0.00957780 0.05630604 0.00724629
v 0.01008252 0.05581448 0.00695305
v 0.01033090 0.05560127 0.00678725
v 0.01036410 0.05548084 0.00682973
v 0.01040926 0.05560127 0.00668722
v 0.01017682 0.05550453 0.00704486
v 0.01020339 0.05540089 0.00707638
v 0.01015557 0.05525776 0.00721889
v 0.01035082 0.05520051 0.00701335
v 0.01003205 0.05500112 0.00751212
v 0.00997892 0.05450857 0.00784784
v 0.01000283 0.05440097 0.00787798
v 0.01016753 0.05448290 0.00763271
v 0.01019542 0.05434965 0.00766970
v 0.01016487 0.05412262 0.00783002
v 0.00447479 0.06359466 -0.00105887
v 0.00447479 0.06359170 -0.00125893
v 0.00443229 0.06359466 -0.00141651
v 0.00447479 0.06357590 -0.00045870
v 0.00466473 0.06353050 -0.00065876
v 0.00477364 0.06350286 -0.00076564
v 0.00467403 0.06353642 -0.00105887
v 0.00427423 0.06355616 0.00054159
v 0.00440971 0.06351470 0.00054159
v 0.00444159 0.06352556 0.00034154
v 0.00448675 0.06352852 0.00013737
v 0.00447479 0.06354827 -0.00005858
v 0.00248911 0.06353938 0.00275868
v 0.00263256 0.06351865 0.00270250
v 0.00268967 0.06354037 0.00255725
v 0.00276671 0.06350089 0.00263536
v 0.00288625 0.06353839 0.00235445
v 0.00307751 0.06368152 0.00154737
v 0.00467403 0.06336862 0.00094171
v 0.00446284 0.06347226 0.00074165
v 0.00495295 0.06329557 0.00078550
v 0.00497819 0.06330446 0.00065259
v 0.00467403 0.06342291 0.00054159
v 0.00450933 0.06348016 0.00054159
v 0.00393022 0.06329064 0.00219413
v 0.00411750 0.06308730 0.00278197
v 0.00437385 0.06310309 0.00244215
v 0.00445487 0.06305867 0.00252299
v 0.00451995 0.06308730 0.00234212
v 0.00467403 0.06304090 0.00234212
v 0.00468332 0.06308532 0.00215851
v 0.00494232 0.06309223 0.00180087
v 0.00499280 0.06310901 0.00166795
v 0.00467934 0.06328274 0.00135690
v 0.00503663 0.06312382 0.00154189
v 0.00475637 0.06309717 0.00202011
v 0.00487591 0.06307644 0.00194885
v 0.00509241 0.06314652 0.00135964
v 0.00521594 0.06311691 0.00130483
v 0.00478958 0.06330742 0.00106778
v 0.00507382 0.06319686 0.00114177
v -0.00018326 0.06361539 0.00334241
v -0.00012747 0.06361341 0.00334241
v -0.00018326 0.06355024 0.00359043
v -0.00018326 0.06351964 0.00370005
v -0.00012747 0.06351865 0.00369320
v -0.00018326 0.06351174 0.00372746
v 0.00027232 0.06350681 0.00365483
v 0.00067344 0.06352556 0.00351232
v 0.00136278 0.06350187 0.00344107
v 0.00147303 0.06349792 0.00342737
v 0.00167359 0.06349003 0.00340270
v 0.00205744 0.06352161 0.00313961
v 0.00221815 0.06351273 0.00307110
v 0.00228058 0.06353346 0.00295326
v 0.00187282 0.06347719 0.00336845
v 0.00187282 0.06341600 0.00354247
v 0.00194985 0.06329853 0.00383297
v 0.00207338 0.06328669 0.00379734
v 0.00205744 0.06345943 0.00332460
v 0.00228058 0.06347522 0.00313961
v 0.00235230 0.06349792 0.00302725
v 0.00243333 0.06351668 0.00289297
v 0.00421712 0.05412262 0.01185997
v 0.00440174 0.05412262 0.01179282
v 0.00467270 0.05419369 0.01167361
v 0.00460496 0.05433780 0.01165580
v 0.00447878 0.05460530 0.01161332
v 0.00434861 0.05467538 0.01163524
v 0.00467270 0.05440295 0.01161058
v 0.00499280 0.05452140 0.01145163
v 0.00486794 0.05459345 0.01147355
v 0.00467403 0.05460037 0.01154344
v 0.00427822 0.05480272 0.01161195
v 0.00479755 0.05472276 0.01145300
v 0.00466738 0.05479383 0.01147492
v 0.00472981 0.05485701 0.01142696
v 0.00459566 0.05492018 0.01145163
v 0.00517343 0.05489945 0.01124335
v 0.00466738 0.05499224 0.01139545
v 0.00483341 0.05515313 0.01126664
v 0.00446284 0.05518867 0.01138997
v 0.00507382 0.05520051 0.01115565
v 0.00487459 0.05540089 0.01114606
v 0.00467403 0.05560127 0.01113647
v 0.00485865 0.05559041 0.01107069
v 0.00467403 0.05575426 0.01106933
v 0.00478161 0.05570787 0.01104740
v 0.00457175 0.05589838 0.01104329
v 0.00432205 0.05686967 0.01062399
v 0.00418790 0.05690915 0.01064865
v 0.00449206 0.05621918 0.01091586
v 0.00457042 0.05629815 0.01084186
v 0.00491310 0.05645016 0.01061714
v 0.00506186 0.05659328 0.01047737
v 0.00511898 0.05665547 0.01041982
v 0.00540454 0.05672555 0.01025676
v 0.00532087 0.05685980 0.01022113
v 0.00538329 0.05710755 0.01004711
v 0.00527438 0.05714408 0.01007177
v 0.00495826 0.05709077 0.01023757
v 0.00468731 0.05700194 0.01040064
v 0.00462887 0.05693481 0.01046504
v 0.00426228 0.05698614 0.01057192
v 0.00427423 0.05714013 0.01046915
v 0.00407102 0.05720824 0.01050067
v 0.00447479 0.05733557 0.01026635
v 0.00407367 0.05754977 0.01027594
v 0.00407102 0.05780838 0.01010329
v 0.00347332 0.05816373 0.01008685
v 0.00447479 0.05743526 0.01020058
v 0.00340558 0.05851711 0.00985527
v 0.00327409 0.05854475 0.00987720
v 0.00347332 0.05826343 0.01001559
v 0.00367388 0.05834733 0.00987720
v 0.00367388 0.05844801 0.00980457
v 0.00353840 0.05848453 0.00983061
v 0.00358622 0.05870761 0.00964836
v 0.00347332 0.05859114 0.00977580
v 0.00327409 0.05864444 0.00979909
v 0.00327409 0.05876881 0.00969906
v 0.00307087 0.05881521 0.00971413
v 0.00300180 0.05890997 0.00965110
v 0.00267373 0.05883199 0.00978402
v 0.00287429 0.05892576 0.00966344
v 0.00267373 0.05894846 0.00968399
v 0.00247317 0.05875499 0.00988953
v 0.00227394 0.05877770 0.00990871
v 0.00206939 0.05898597 0.00976895
v 0.00187282 0.05892181 0.00986075
v 0.00167359 0.05904322 0.00979361
v 0.00134419 0.05929493 0.00963877
v 0.00127512 0.05938574 0.00957300
v 0.00107323 0.05975491 0.00928935
v 0.00107323 0.05932257 0.00966206
v 0.00087267 0.05977268 0.00930443
v 0.00067344 0.05978847 0.00931813
v 0.00007309 0.05926235 0.00981142
v 0.00007309 0.05937982 0.00971139
v 0.00047288 0.05968285 0.00942775
v 0.00027232 0.05959007 0.00952093
v 0.00007309 0.05947951 0.00962507
v -0.00012747 0.05938278 0.00971277
v -0.00012747 0.05926433 0.00981279
v -0.00018326 0.05926433 0.00981279
v -0.00018326 0.05913008 0.00992241
v -0.00018326 0.05893958 0.01007314
v 0.01034418 0.05967002 -0.00141651
v 0.01022464 0.05979439 -0.00141651
v 0.00893096 0.06106378 -0.00045870
v 0.00893228 0.06106477 -0.00065876
v 0.00904120 0.06096211 -0.00085881
v 0.00883134 0.06115262 -0.00085881
v 0.00945162 0.06057419 -0.00105887
v 0.00934536 0.06067388 -0.00105887
v 0.00924043 0.06076272 -0.00125893
v 0.00903190 0.06095421 -0.00125893
v 0.01014627 0.05987336 -0.00141651
v 0.00984610 0.06017146 -0.00141651
v 0.00964421 0.06036887 -0.00141651
v 0.00954061 0.06046956 -0.00141651
v 0.00954592 0.06047350 -0.00125893
v 0.00946224 0.06054556 -0.00141651
v 0.00944630 0.06056925 -0.00125893
v 0.00913949 0.06087130 -0.00025864
v 0.00903987 0.06095915 -0.00025864
v 0.00892564 0.06105983 -0.00025864
v 0.00882603 0.06114571 -0.00025864
v 0.00891767 0.06105292 -0.00005858
v 0.00902393 0.06094434 0.00014148
v 0.00912355 0.06085847 0.00014148
v 0.00911292 0.06084859 0.00034154
v 0.00900002 0.06092361 0.00054159
v 0.00898674 0.06091177 0.00074165
v 0.00864140 0.06115558 0.00114177
v 0.00888978 0.06097099 0.00093212
v 0.00875696 0.06108648 0.00094171
v 0.00850593 0.06125527 0.00114177
v 0.00776478 0.06169650 0.00160081
v 0.00811809 0.06146256 0.00154189
v 0.00736499 0.06209627 0.00080057
v 0.00734905 0.06208541 0.00094171
v 0.00774486 0.06168268 0.00174195
v 0.00785643 0.06156028 0.00194200
v 0.00758813 0.06171131 0.00207629
v 0.00766251 0.06164221 0.00214343
v 0.00756024 0.06169354 0.00220920
v 0.00768509 0.06156620 0.00234349
v 0.00775947 0.06149119 0.00241063
v 0.00786440 0.06143591 0.00234349
v 0.00810746 0.06125034 0.00234212
v 0.00823497 0.06115064 0.00234212
v 0.00816856 0.06109734 0.00262988
v 0.00833592 0.06107069 0.00234212
v 0.00847936 0.06095915 0.00232979
v 0.00828146 0.06096606 0.00273539
v 0.00831865 0.06085649 0.00294230
v 0.00835318 0.06088413 0.00279705
v 0.00818716 0.06091276 0.00307110
v 0.00815528 0.06088610 0.00320402
v 0.00812074 0.06085847 0.00334241
v 0.00798792 0.06091276 0.00346985
v 0.00795339 0.06088512 0.00360276
v 0.00804371 0.06075581 0.00374253
v 0.00814332 0.06067684 0.00374253
v 0.00807160 0.06064032 0.00395218
v 0.00807426 0.06055543 0.00412757
v 0.00814067 0.06047350 0.00418512
v 0.00826552 0.06019416 0.00452906
v 0.00800785 0.06052878 0.00429474
v 0.00813934 0.06027313 0.00458798
v 0.00817786 0.06010433 0.00484833
v 0.00820841 0.06013296 0.00474282
v 0.00835053 0.06007966 0.00460168
v 0.00830935 0.06003820 0.00474282
v 0.00820309 0.05992863 0.00508539
v 0.00828146 0.05980821 0.00515253
v 0.00835982 0.05968581 0.00522104
v 0.00848069 0.05960783 0.00515253
v 0.00841295 0.05954170 0.00534300
v 0.00842225 0.05939166 0.00552524
v 0.00856968 0.05929690 0.00543754
v 0.00862148 0.05915674 0.00554305
v 0.00877555 0.05890306 0.00564308
v 0.00898010 0.05850822 0.00584999
v 0.00913417 0.05825553 0.00594180
v 0.00899205 0.05832265 0.00606786
v 0.00906378 0.05819038 0.00612816
v 0.00913683 0.05805614 0.00618708
v 0.00937724 0.05750634 0.00644606
v 0.00919129 0.05792288 0.00626518
v 0.00914081 0.05785971 0.00639947
v 0.00919394 0.05772645 0.00646661
v 0.00914081 0.05765835 0.00660090
v 0.00926035 0.05758234 0.00652416
v 0.00941443 0.05740170 0.00649539
v 0.00937060 0.05709571 0.00683795
v 0.00955787 0.05727634 0.00641865
v 0.00966944 0.05719343 0.00633507
v 0.00973453 0.05703747 0.00638440
v 0.00977703 0.05690421 0.00644469
v 0.00999486 0.05653209 0.00647072
v 0.01014362 0.05642054 0.00635836
v 0.01028042 0.05621030 0.00635151
v 0.01052083 0.05412262 0.00735728
v 0.01058326 0.05412262 0.00727370
v 0.01063107 0.05412262 0.00720929
v 0.01121283 0.05412262 0.00638988
v 0.00959108 0.05672654 0.00686536
v 0.00976640 0.05648767 0.00683110
v 0.00994173 0.05624780 0.00679684
v 0.00961366 0.05638402 0.00713119
v 0.00974781 0.05605138 0.00720929
v 0.00997095 0.05589443 0.00703801
v 0.00958444 0.05651728 0.00705719
v 0.00947287 0.05659822 0.00713941
v 0.00940247 0.05654492 0.00727918
v 0.00917535 0.05670285 0.00744361
v 0.00920722 0.05660118 0.00748335
v 0.00912753 0.05660118 0.00758338
v 0.00927629 0.05640376 0.00754501
v 0.00952467 0.05620141 0.00738195
v 0.00960702 0.05620141 0.00728192
v 0.01000814 0.05576117 0.00708323
v 0.01006525 0.05558251 0.00713119
v 0.00979961 0.05554895 0.00747375
v 0.00974515 0.05544037 0.00760667
v 0.00996696 0.05528343 0.00743265
v 0.00991251 0.05521038 0.00753953
v 0.00975445 0.05505541 0.00781769
v 0.00978500 0.05492215 0.00785469
v 0.00992048 0.05440097 0.00797801
v 0.00998423 0.05412262 0.00805338
v 0.01003869 0.05419369 0.00794787
v 0.01007189 0.05412262 0.00794513
v 0.01014760 0.05420060 0.00780947
v 0.00476833 0.06350089 -0.00131785
v 0.00468864 0.06351964 -0.00141651
v 0.00466207 0.06352754 -0.00141651
v 0.00447479 0.06358281 -0.00141651
v 0.00477763 0.06350385 -0.00118357
v 0.00468996 0.06352754 -0.00125345
v 0.00464480 0.06352458 -0.00045870
v 0.00476567 0.06349990 -0.00065876
v 0.00487459 0.06345844 -0.00065876
v 0.00522125 0.06332124 -0.00065876
v 0.00577512 0.06310309 -0.00074645
v 0.00522656 0.06332420 -0.00085881
v 0.00477763 0.06350385 -0.00105887
v 0.00454120 0.06349101 0.00034154
v 0.00456246 0.06349891 0.00020040
v 0.00458105 0.06350483 0.00006748
v 0.00459699 0.06350977 -0.00005858
v 0.00462090 0.06351767 -0.00025864
v 0.00256615 0.06350089 0.00283679
v 0.00353973 0.06329360 0.00260521
v 0.00359286 0.06310803 0.00326020
v 0.00378943 0.06310704 0.00305877
v 0.00534876 0.06309421 0.00119110
v 0.00482013 0.06331828 0.00094171
v 0.00507382 0.06323043 0.00094171
v 0.00527438 0.06316034 0.00094171
v 0.00527438 0.06318897 0.00074165
v 0.00527438 0.06321266 0.00054159
v 0.00502733 0.06332124 0.00034154
v 0.00487459 0.06335282 0.00054159
v 0.00406039 0.06306459 0.00292859
v 0.00407367 0.06300241 0.00314235
v 0.00427423 0.06299747 0.00294230
v 0.00467403 0.06298464 0.00254218
v 0.00487459 0.06297378 0.00234212
v 0.00487459 0.06302709 0.00214206
v 0.00506585 0.06306657 0.00173783
v 0.00517211 0.06310210 0.00143775
v 0.00527969 0.06308138 0.00135964
v -0.00018326 0.06348904 0.00380008
v 0.00037990 0.06350286 0.00364387
v 0.00045694 0.06346930 0.00372335
v 0.00027232 0.06340514 0.00394259
v 0.00147303 0.06332617 0.00390833
v 0.00147303 0.06338540 0.00374253
v 0.00167359 0.06344067 0.00354247
v 0.00181571 0.06330939 0.00386037
v 0.00187946 0.06327287 0.00393300
v 0.00187282 0.06313073 0.00431804
v 0.00207338 0.06311296 0.00427145
v 0.00217565 0.06310309 0.00424405
v 0.00225534 0.06312382 0.00413991
v 0.00242004 0.06311296 0.00407139
v 0.00226996 0.06326695 0.00373294
v 0.00227394 0.06340514 0.00334241
v 0.00226996 0.06333308 0.00354795
v 0.00247317 0.06343080 0.00314235
v 0.00249310 0.06334888 0.00336297
v 0.00280523 0.06331038 0.00326568
v 0.00267373 0.06338244 0.00314235
v 0.00248911 0.06348707 0.00295326
v 0.00479091 0.05412262 0.01165032
v 0.00473911 0.05425489 0.01163113
v 0.00487459 0.05440097 0.01153521
v 0.00506585 0.05438321 0.01146670
v 0.00512695 0.05443848 0.01142559
v 0.00542712 0.05456582 0.01126527
v 0.00537267 0.05469907 0.01124335
v 0.00506585 0.05459345 0.01139819
v 0.00523985 0.05476619 0.01126938
v 0.00547494 0.05480074 0.01116661
v 0.00527438 0.05500112 0.01116387
v 0.00527039 0.05519854 0.01108166
v 0.00506452 0.05539497 0.01107618
v 0.00499147 0.05551638 0.01105151
v 0.00491576 0.05564963 0.01101862
v 0.00491576 0.05604940 0.01081857
v 0.00478161 0.05610764 0.01084734
v 0.00451862 0.05706807 0.01042256
v 0.00467403 0.05625373 0.01081994
v 0.00485732 0.05638994 0.01067195
v 0.00499147 0.05631591 0.01065139
v 0.00512562 0.05625768 0.01062262
v 0.00506452 0.05638994 0.01058151
v 0.00533282 0.05646398 0.01042530
v 0.00553737 0.05666929 0.01022798
v 0.00547228 0.05679662 0.01018825
v 0.00560112 0.05692297 0.01005670
v 0.00545900 0.05699404 0.01008000
v 0.00551611 0.05705623 0.01001422
v 0.00567417 0.05724574 0.00980731
v 0.00546963 0.05719837 0.00994160
v 0.00527438 0.05724377 0.01000326
v 0.00514953 0.05728523 0.01003204
v 0.00507913 0.05721218 0.01011014
v 0.00488521 0.05720034 0.01019647
v 0.00482544 0.05713223 0.01026361
v 0.00471387 0.05726647 0.01022113
v 0.00446151 0.05760307 0.01009233
v 0.00463684 0.05753792 0.01006903
v 0.00427423 0.05774126 0.01007040
v 0.00413477 0.05788044 0.01002793
v 0.00374826 0.05808773 0.01003341
v 0.00361544 0.05812425 0.01005944
v 0.00347332 0.05873130 0.00966755
v 0.00407102 0.05799099 0.00997448
v 0.00379607 0.05831377 0.00985253
v 0.00387444 0.05853093 0.00966481
v 0.00387444 0.05805219 0.01000874
v 0.00371904 0.05867405 0.00962233
v 0.00375092 0.05889121 0.00943460
v 0.00361677 0.05892181 0.00946064
v 0.00347332 0.05883100 0.00958533
v 0.00347332 0.05895044 0.00948530
v 0.00327409 0.05886851 0.00961411
v 0.00313462 0.05889022 0.00963329
v 0.00287429 0.05902545 0.00957711
v 0.00317049 0.05910146 0.00944282
v 0.00303634 0.05912021 0.00945927
v 0.00287429 0.05913996 0.00947708
v 0.00218096 0.05910442 0.00964562
v 0.00167359 0.05915970 0.00969358
v 0.00147303 0.05928111 0.00962644
v 0.00139333 0.05950616 0.00944693
v 0.00127247 0.05973418 0.00927154
v 0.00107323 0.05985460 0.00920303
v 0.00087267 0.05987237 0.00921810
v 0.00067344 0.05988816 0.00923180
v -0.00012747 0.05948247 0.00962781
v 0.00047288 0.05979834 0.00932772
v 0.00007309 0.05969470 0.00943734
v 0.00023646 0.05990494 0.00924688
v -0.00018326 0.05945582 0.00965110
v 0.00883001 0.06115064 -0.00045870
v 0.00883267 0.06115360 -0.00065876
v 0.00871844 0.06125330 -0.00065876
v 0.00892697 0.06105786 -0.00105887
v 0.00871313 0.06124836 -0.00105887
v 0.00871711 0.06125231 -0.00085881
v 0.00882204 0.06114472 -0.00125893
v 0.00933606 0.06066500 -0.00141651
v 0.00923512 0.06075877 -0.00141651
v 0.00912753 0.06085847 -0.00141651
v 0.00902792 0.06095026 -0.00141651
v 0.00941974 0.06058603 -0.00141651
v 0.00870649 0.06124540 -0.00025864
v 0.00881673 0.06113781 -0.00005858
v 0.00871313 0.06125034 -0.00045870
v 0.00861351 0.06133424 -0.00045870
v 0.00880610 0.06112794 0.00014148
v 0.00901331 0.06093447 0.00034154
v 0.00865602 0.06116742 0.00094171
v 0.00854179 0.06127798 0.00074165
v 0.00852585 0.06126712 0.00094171
v 0.00888181 0.06102430 0.00054159
v 0.00877555 0.06110227 0.00064985
v 0.00867461 0.06119506 0.00054159
v 0.00752969 0.06207060 0.00014148
v 0.00741015 0.06212785 0.00034154
v 0.00739155 0.06211403 0.00054159
v 0.00737827 0.06210614 0.00066629
v 0.00752305 0.06186924 0.00154189
v 0.00764524 0.06174980 0.00174195
v 0.00724943 0.06215352 0.00094171
v 0.00732514 0.06206962 0.00114177
v 0.00744867 0.06195314 0.00134183
v 0.00728928 0.06215747 0.00073617
v 0.00771165 0.06165998 0.00194200
v 0.00748586 0.06175967 0.00214343
v 0.00761204 0.06172710 0.00194200
v 0.00745531 0.06183469 0.00192693
v 0.00735304 0.06188898 0.00198311
v 0.00731585 0.06186628 0.00214206
v 0.00721623 0.06192846 0.00214206
v 0.00752703 0.06167281 0.00234212
v 0.00762532 0.06153857 0.00254218
v 0.00772626 0.06146651 0.00254218
v 0.00797066 0.06109931 0.00303410
v 0.00794808 0.06128192 0.00258877
v 0.00804105 0.06115360 0.00274224
v 0.00807160 0.06104897 0.00295737
v 0.00801980 0.06093842 0.00334241
v 0.00794276 0.06107859 0.00314235
v 0.00776877 0.06109833 0.00343285
v 0.00787104 0.06104897 0.00335748
v 0.00781526 0.06093349 0.00374253
v 0.00791487 0.06085649 0.00374253
v 0.00800253 0.06072422 0.00389189
v 0.00796269 0.06069362 0.00402480
v 0.00792417 0.06066598 0.00414265
v 0.00782455 0.06074002 0.00414265
v 0.00778603 0.06071040 0.00425912
v 0.00796402 0.06049423 0.00442766
v 0.00800519 0.06032544 0.00468801
v 0.00807293 0.06023957 0.00474967
v 0.00806762 0.06014579 0.00492644
v 0.00799589 0.06011815 0.00507305
v 0.00807559 0.06000365 0.00514568
v 0.00815528 0.05988520 0.00521830
v 0.00821638 0.05974306 0.00534300
v 0.00817919 0.05970654 0.00544988
v 0.00831732 0.05964139 0.00534300
v 0.00825357 0.05957921 0.00551565
v 0.00837576 0.05950320 0.00544577
v 0.00832795 0.05945187 0.00558005
v 0.00840365 0.05913403 0.00588288
v 0.00858296 0.05911232 0.00565542
v 0.00859625 0.05892675 0.00587329
v 0.00880079 0.05853191 0.00607883
v 0.00894557 0.05826836 0.00620215
v 0.00900268 0.05813511 0.00627889
v 0.00919261 0.05752509 0.00666530
v 0.00923379 0.05739381 0.00673655
v 0.00934137 0.05722107 0.00675985
v 0.00937458 0.05730102 0.00664201
v 0.00907175 0.05799790 0.00633918
v 0.00894955 0.05807292 0.00641180
v 0.00900666 0.05793966 0.00648168
v 0.00900799 0.05774126 0.00668174
v 0.00900534 0.05754088 0.00688043
v 0.00913949 0.05745501 0.00679822
v 0.00918597 0.05711743 0.00705719
v 0.00918199 0.05691211 0.00725177
v 0.00935997 0.05667817 0.00722300
v 0.00940911 0.05675418 0.00709008
v 0.00954858 0.05685980 0.00680644
v 0.00955389 0.05706807 0.00661323
v 0.00973851 0.05680156 0.00659131
v 0.00954326 0.05665053 0.00699827
v 0.00962561 0.05659131 0.00693661
v 0.00978367 0.05591812 0.00725451
v 0.00912886 0.05683611 0.00738606
v 0.00899073 0.05672259 0.00765874
v 0.00916207 0.05648076 0.00762859
v 0.00920058 0.05634750 0.00767381
v 0.00942505 0.05620141 0.00750253
v 0.00959639 0.05594082 0.00746827
v 0.00967210 0.05599610 0.00733947
v 0.00981555 0.05580066 0.00729288
v 0.00976508 0.05568221 0.00743128
v 0.00957647 0.05570392 0.00764504
v 0.00955522 0.05546307 0.00782043
v 0.00958975 0.05532982 0.00786017
v 0.00977836 0.05530712 0.00764641
v 0.00956584 0.05508107 0.00803145
v 0.00959639 0.05494683 0.00806845
v 0.00979031 0.05453423 0.00806160
v 0.00989524 0.05412262 0.00816026
v 0.00502999 0.06339132 -0.00141651
v 0.00487060 0.06345449 -0.00141651
v 0.00475903 0.06349792 -0.00141651
v 0.00485599 0.06346930 -0.00125345
v 0.00487724 0.06346436 -0.00105887
v 0.00507382 0.06338638 -0.00105887
v 0.00547494 0.06322450 -0.00105887
v 0.00522125 0.06332222 -0.00125893
v 0.00474442 0.06349299 -0.00045870
v 0.00487459 0.06344660 -0.00045870
v 0.00518406 0.06330643 -0.00010928
v 0.00507382 0.06336960 -0.00045870
v 0.00520930 0.06331630 -0.00045870
v 0.00569144 0.06313369 -0.00067109
v 0.00530891 0.06327682 -0.00045870
v 0.00576051 0.06309717 -0.00045870
v 0.00576980 0.06310013 -0.00061354
v 0.00587473 0.06304387 -0.00045870
v 0.00606865 0.06295009 -0.00045870
v 0.00585481 0.06306163 -0.00067109
v 0.00607131 0.06295305 -0.00065876
v 0.00587606 0.06305374 -0.00085881
v 0.00577512 0.06310309 -0.00096432
v 0.00547494 0.06322450 -0.00085881
v 0.00532751 0.06328373 -0.00085881
v 0.00487459 0.06339527 0.00014148
v 0.00487459 0.06341402 -0.00005858
v 0.00469660 0.06347621 -0.00005858
v 0.00472051 0.06348509 -0.00025864
v 0.00267373 0.06344265 0.00294230
v 0.00301376 0.06331334 0.00307932
v 0.00287296 0.06333111 0.00314509
v 0.00327409 0.06316725 0.00334241
v 0.00351715 0.06308828 0.00339311
v 0.00366458 0.06306657 0.00333282
v 0.00387444 0.06300537 0.00334241
v 0.00372568 0.06308927 0.00319168
v 0.00386249 0.06306657 0.00313276
v 0.00547494 0.06300932 0.00134183
v 0.00545900 0.06305867 0.00113081
v 0.00538064 0.06310506 0.00105681
v 0.00540454 0.06311395 0.00094171
v 0.00544041 0.06312875 0.00074165
v 0.00527438 0.06323437 0.00034154
v 0.00408297 0.06294022 0.00335063
v 0.00421712 0.06291653 0.00328897
v 0.00440838 0.06291456 0.00308343
v 0.00447479 0.06281684 0.00334241
v 0.00462488 0.06272010 0.00350136
v 0.00475770 0.06269740 0.00342326
v 0.00487459 0.06262041 0.00354247
v 0.00497951 0.06290469 0.00244900
v 0.00521062 0.06291653 0.00209136
v 0.00539259 0.06290962 0.00186801
v 0.00527571 0.06293430 0.00193789
v 0.00527438 0.06298859 0.00174195
v 0.00527438 0.06303992 0.00154189
v -0.00018326 0.06343771 0.00394259
v -0.00012747 0.06343475 0.00394259
v 0.00007309 0.06341994 0.00394259
v 0.00067344 0.06328471 0.00419335
v 0.00147303 0.06317021 0.00434270
v 0.00167359 0.06336862 0.00374253
v 0.00167359 0.06331729 0.00388367
v 0.00162976 0.06311099 0.00446466
v 0.00176391 0.06310112 0.00443999
v 0.00187282 0.06309322 0.00441807
v 0.00207338 0.06307545 0.00437148
v 0.00225534 0.06305472 0.00432352
v 0.00230847 0.06308828 0.00420431
v 0.00248114 0.06307348 0.00413991
v 0.00255286 0.06309816 0.00403028
v 0.00247317 0.06321858 0.00374253
v 0.00287429 0.06319983 0.00354247
v 0.00293805 0.06329360 0.00321224
v 0.00316252 0.06310013 0.00363428
v 0.00327409 0.06308631 0.00359180
v 0.00338300 0.06310506 0.00345066
v 0.00489052 0.05412262 0.01161195
v 0.00486396 0.05419369 0.01160236
v 0.00507382 0.05420060 0.01151877
v 0.00556127 0.05448192 0.01123924
v 0.00548689 0.05461912 0.01122416
v 0.00567417 0.05460037 0.01115428
v 0.00567683 0.05480074 0.01108440
v 0.00561175 0.05493597 0.01105973
v 0.00547361 0.05500211 0.01108577
v 0.00540720 0.05513043 0.01105699
v 0.00520000 0.05532390 0.01105425
v 0.00533415 0.05526368 0.01102685
v 0.00512562 0.05545715 0.01102274
v 0.00506452 0.05559041 0.01098300
v 0.00512562 0.05585791 0.01082268
v 0.00485865 0.05618562 0.01077472
v 0.00527039 0.05579572 0.01078979
v 0.00533415 0.05566543 0.01082679
v 0.00540853 0.05593194 0.01065962
v 0.00547494 0.05639883 0.01039378
v 0.00574457 0.05647286 0.01022935
v 0.00567683 0.05660217 0.01019510
v 0.00567019 0.05679958 0.01009233
v 0.00554135 0.05627051 0.01042804
v 0.00561307 0.05613725 0.01046230
v 0.00561175 0.05653603 0.01026087
v 0.00573394 0.05686473 0.01002244
v 0.00567019 0.05699404 0.00997448
v 0.00577910 0.05710459 0.00984568
v 0.00555729 0.05729016 0.00983472
v 0.00582028 0.05733458 0.00966892
v 0.00542447 0.05733360 0.00986760
v 0.00487459 0.05746784 0.01001970
v 0.00501538 0.05732669 0.01006081
v 0.00526110 0.05740072 0.00989501
v 0.00518672 0.05750930 0.00984979
v 0.00494365 0.05768401 0.00983061
v 0.00487459 0.05736814 0.01008959
v 0.00438713 0.05770869 0.01004848
v 0.00476966 0.05749943 0.01004163
v 0.00431541 0.05806799 0.00981965
v 0.00427423 0.05784096 0.01000052
v 0.00418126 0.05810648 0.00984705
v 0.00407367 0.05813609 0.00986898
v 0.00386647 0.05838879 0.00977032
v 0.00397538 0.05850230 0.00964425
v 0.00387444 0.05863161 0.00958807
v 0.00387444 0.05875796 0.00948804
v 0.00387444 0.05885765 0.00940720
v 0.00378146 0.05910541 0.00924688
v 0.00367388 0.05912811 0.00926606
v 0.00347332 0.05905013 0.00939897
v 0.00327409 0.05908468 0.00942775
v 0.00332987 0.05928802 0.00923180
v 0.00319705 0.05930776 0.00924962
v 0.00287429 0.05935020 0.00928798
v 0.00287429 0.05923965 0.00938801
v 0.00307353 0.05932454 0.00926469
v 0.00239746 0.05950715 0.00924825
v 0.00246786 0.05941535 0.00931539
v 0.00167359 0.05968976 0.00923317
v 0.00152615 0.05949136 0.00943460
v 0.00143849 0.05971542 0.00925647
v 0.00127247 0.05983387 0.00918384
v 0.00107323 0.05996713 0.00910300
v 0.00087267 0.05998490 0.00911807
v 0.00072923 0.06009644 0.00903860
v 0.00066680 0.06001846 0.00911533
v 0.00059640 0.06010433 0.00904545
v 0.00047288 0.05989804 0.00924002
v -0.00018326 0.05959796 0.00952778
v -0.00012747 0.05969766 0.00944008
v 0.00007309 0.05990791 0.00924962
v 0.00047288 0.06000168 0.00914685
v 0.00047288 0.06010730 0.00904956
v 0.00029091 0.05998391 0.00917151
v 0.00027232 0.06011223 0.00905367
v 0.00861750 0.06133918 -0.00065876
v 0.00861750 0.06133819 -0.00085881
v 0.00861351 0.06133523 -0.00105887
v 0.00870782 0.06124442 -0.00125893
v 0.00891767 0.06104996 -0.00141651
v 0.00881806 0.06113978 -0.00141651
v 0.00860687 0.06132832 -0.00025864
v 0.00869586 0.06123849 -0.00005858
v 0.00848866 0.06143492 -0.00045870
v 0.00849530 0.06143887 -0.00065876
v 0.00878220 0.06110820 0.00054159
v 0.00857632 0.06130364 0.00025795
v 0.00856702 0.06129673 0.00039087
v 0.00855640 0.06128883 0.00054159
v 0.00837311 0.06150204 -0.00016409
v 0.00836514 0.06149612 -0.00005858
v 0.00833459 0.06147342 0.00034154
v 0.00858429 0.06130956 0.00014148
v 0.00742874 0.06213970 0.00014148
v 0.00717505 0.06230257 0.00024562
v 0.00812473 0.06166787 -0.00005858
v 0.00754297 0.06208146 -0.00005858
v 0.00725475 0.06223742 0.00032372
v 0.00714583 0.06228283 0.00054159
v 0.00742343 0.06193537 0.00154189
v 0.00729858 0.06205284 0.00134183
v 0.00739421 0.06191563 0.00174195
v 0.00737694 0.06190379 0.00185020
v 0.00709802 0.06225321 0.00094171
v 0.00712325 0.06226901 0.00074165
v 0.00702364 0.06233514 0.00074165
v 0.00713787 0.06208047 0.00174195
v 0.00728131 0.06194722 0.00192693
v 0.00709935 0.06205777 0.00194200
v 0.00697715 0.06210416 0.00204751
v 0.00718435 0.06190872 0.00226264
v 0.00742609 0.06173500 0.00234212
v 0.00739155 0.06171328 0.00247230
v 0.00746461 0.06164320 0.00254081
v 0.00759079 0.06151389 0.00267235
v 0.00780330 0.06112300 0.00329993
v 0.00759876 0.06111807 0.00368498
v 0.00773822 0.06107562 0.00354247
v 0.00767314 0.06120098 0.00333967
v 0.00766782 0.06104108 0.00374801
v 0.00778205 0.06090881 0.00385763
v 0.00773955 0.06087722 0.00399055
v 0.00773689 0.06067586 0.00439340
v 0.00760672 0.06092460 0.00408784
v 0.00782190 0.06053668 0.00454276
v 0.00795605 0.06028991 0.00482093
v 0.00788299 0.06026227 0.00495932
v 0.00758149 0.06030669 0.00525256
v 0.00780994 0.06012704 0.00528544
v 0.00794276 0.06007768 0.00520597
v 0.00802246 0.05994443 0.00530463
v 0.00806496 0.05975096 0.00552798
v 0.00799191 0.05971641 0.00566227
v 0.00801050 0.05953380 0.00588425
v 0.00814332 0.05947162 0.00580340
v 0.00815926 0.05928703 0.00602402
v 0.00820841 0.05933836 0.00589110
v 0.00817387 0.05910245 0.00624326
v 0.00835584 0.05908172 0.00601579
v 0.00853648 0.05906000 0.00578833
v 0.00860820 0.05874019 0.00608979
v 0.00856038 0.05868590 0.00622270
v 0.00832662 0.05884778 0.00634192
v 0.00837576 0.05870366 0.00644332
v 0.00825357 0.05877868 0.00651594
v 0.00832396 0.05864345 0.00657760
v 0.00838107 0.05851020 0.00665160
v 0.00913683 0.05725068 0.00699553
v 0.00857234 0.05829896 0.00663926
v 0.00857234 0.05809957 0.00684069
v 0.00895088 0.05767414 0.00681603
v 0.00894557 0.05726746 0.00721066
v 0.00900268 0.05733754 0.00707638
v 0.00913285 0.05704537 0.00719011
v 0.00899604 0.05692790 0.00746690
v 0.00878087 0.05670877 0.00784784
v 0.00892033 0.05660118 0.00779851
v 0.00896416 0.05648668 0.00783413
v 0.00900799 0.05635342 0.00787524
v 0.00902792 0.05660118 0.00769848
v 0.00893228 0.05685585 0.00760119
v 0.00839834 0.05712828 0.00786565
v 0.00813270 0.05725562 0.00800405
v 0.00819247 0.05712236 0.00805886
v 0.00758415 0.05731287 0.00845212
v 0.00777408 0.05710163 0.00844390
v 0.00914081 0.05624386 0.00780673
v 0.00917933 0.05611060 0.00784921
v 0.00923113 0.05618661 0.00774096
v 0.00937060 0.05609382 0.00763819
v 0.00934137 0.05620141 0.00760256
v 0.00940646 0.05596056 0.00768066
v 0.00938521 0.05572169 0.00785606
v 0.00941841 0.05560127 0.00789306
v 0.00939982 0.05534660 0.00806982
v 0.00953662 0.05520051 0.00799720
v 0.00937325 0.05509884 0.00824247
v 0.00956983 0.05468920 0.00823699
v 0.00960038 0.05455595 0.00827262
v 0.00979961 0.05412262 0.00827125
v 0.00521195 0.06331828 -0.00141651
v 0.00577379 0.06310210 -0.00109724
v 0.00547494 0.06321167 -0.00141651
v 0.00566753 0.06314060 -0.00125893
v 0.00487459 0.06343179 -0.00025864
v 0.00517078 0.06330149 0.00002364
v 0.00527438 0.06325313 0.00014148
v 0.00547494 0.06317614 0.00014148
v 0.00547494 0.06318897 -0.00005858
v 0.00564761 0.06313172 -0.00025864
v 0.00574722 0.06309125 -0.00025864
v 0.00587473 0.06303301 -0.00025864
v 0.00605935 0.06294417 -0.00025864
v 0.00616030 0.06289482 -0.00025864
v 0.00655079 0.06269049 -0.00005858
v 0.00616827 0.06289975 -0.00045870
v 0.00617092 0.06290074 -0.00065876
v 0.00606865 0.06295305 -0.00085881
v 0.00655744 0.06269345 -0.00025864
v 0.00606600 0.06295207 -0.00105887
v 0.00585481 0.06306163 -0.00104243
v 0.00346004 0.06305966 0.00352740
v 0.00367388 0.06299747 0.00354247
v 0.00387710 0.06293924 0.00354932
v 0.00402054 0.06291752 0.00348766
v 0.00574590 0.06288988 0.00134183
v 0.00549221 0.06295108 0.00155696
v 0.00557057 0.06290074 0.00163369
v 0.00595974 0.06269641 0.00181183
v 0.00569144 0.06295108 0.00115547
v 0.00550416 0.06307348 0.00094171
v 0.00554002 0.06308828 0.00074165
v 0.00556260 0.06309717 0.00059229
v 0.00548689 0.06313369 0.00053200
v 0.00547494 0.06315837 0.00034154
v 0.00415469 0.06289679 0.00342189
v 0.00427955 0.06287804 0.00335063
v 0.00434994 0.06289482 0.00321635
v 0.00456644 0.06270036 0.00363428
v 0.00468465 0.06268259 0.00355754
v 0.00467403 0.06262929 0.00374253
v 0.00488388 0.06255033 0.00375075
v 0.00507647 0.06254243 0.00354110
v 0.00507382 0.06260560 0.00334241
v 0.00537001 0.06270135 0.00263673
v 0.00542181 0.06272010 0.00250381
v 0.00548291 0.06274182 0.00234623
v 0.00547494 0.06280203 0.00214206
v 0.00573660 0.06268852 0.00219139
v 0.00578574 0.06270628 0.00205711
v 0.00567417 0.06278032 0.00194200
v 0.00543509 0.06292640 0.00174195
v -0.00018326 0.06341600 0.00399877
v -0.00012747 0.06335677 0.00414265
v 0.00008371 0.06333703 0.00416183
v 0.00027232 0.06329853 0.00423171
v 0.00047288 0.06329162 0.00421390
v 0.00107323 0.06313369 0.00452358
v 0.00127247 0.06312579 0.00450577
v 0.00147303 0.06308138 0.00458524
v 0.00168687 0.06307447 0.00453591
v 0.00187282 0.06304189 0.00454276
v 0.00207338 0.06300438 0.00454276
v 0.00247317 0.06299550 0.00434270
v 0.00267373 0.06302807 0.00414265
v 0.00228058 0.06295009 0.00455647
v 0.00267373 0.06308434 0.00399329
v 0.00279327 0.06310704 0.00385489
v 0.00292609 0.06309223 0.00381241
v 0.00302837 0.06311592 0.00367950
v 0.00308681 0.06307841 0.00374527
v 0.00327409 0.06303400 0.00374253
v 0.00347332 0.06298168 0.00374253
v 0.00507382 0.05412262 0.01154070
v 0.00516148 0.05412262 0.01150644
v 0.00524516 0.05412262 0.01147355
v 0.00539923 0.05412262 0.01141189
v 0.00531688 0.05420060 0.01142148
v 0.00578973 0.05412262 0.01125294
v 0.00587473 0.05440097 0.01113373
v 0.00587075 0.05458852 0.01107481
v 0.00580035 0.05473362 0.01105699
v 0.00574457 0.05486688 0.01102959
v 0.00567683 0.05500211 0.01099944
v 0.00554002 0.05506923 0.01102959
v 0.00527039 0.05539497 0.01098985
v 0.00554268 0.05547196 0.01082953
v 0.00547494 0.05580362 0.01069387
v 0.00554135 0.05587173 0.01062947
v 0.00547494 0.05620339 0.01049244
v 0.00587606 0.05640376 0.01019236
v 0.00587208 0.05659624 0.01009370
v 0.00580301 0.05673148 0.01006081
v 0.00567816 0.05620339 0.01039790
v 0.00574722 0.05567431 0.01063084
v 0.00581231 0.05594082 0.01046367
v 0.00587739 0.05600498 0.01039653
v 0.00600755 0.05573748 0.01046230
v 0.00561440 0.05573847 0.01066236
v 0.00567816 0.05580362 0.01059932
v 0.00567816 0.05600498 0.01049792
v 0.00587208 0.05679958 0.00997997
v 0.00598232 0.05691014 0.00984842
v 0.00585747 0.05698614 0.00987583
v 0.00591192 0.05704339 0.00980868
v 0.00602615 0.05714901 0.00967577
v 0.00586543 0.05719343 0.00973880
v 0.00566355 0.05740170 0.00969906
v 0.00548424 0.05740072 0.00978813
v 0.00572332 0.05746784 0.00961411
v 0.00595310 0.05728227 0.00963055
v 0.00658001 0.05830587 0.00844664
v 0.00660127 0.05852402 0.00826029
v 0.00645516 0.05859509 0.00828769
v 0.00637680 0.05870268 0.00824384
v 0.00531954 0.05746685 0.00981827
v 0.00467403 0.05786366 0.00981553
v 0.00497951 0.05790512 0.00964562
v 0.00487459 0.05793670 0.00967029
v 0.00460230 0.05811833 0.00965658
v 0.00447479 0.05815682 0.00968536
v 0.00422376 0.05833055 0.00966481
v 0.00435658 0.05829205 0.00963603
v 0.00410821 0.05846380 0.00961411
v 0.00400460 0.05872045 0.00945790
v 0.00402984 0.05893563 0.00927154
v 0.00367388 0.05922682 0.00917425
v 0.00391429 0.05906889 0.00921536
v 0.00407367 0.05913897 0.00907696
v 0.00392491 0.05927815 0.00902078
v 0.00379209 0.05930875 0.00905093
v 0.00347332 0.05926433 0.00920988
v 0.00347332 0.05916463 0.00929895
v 0.00347332 0.05936797 0.00910985
v 0.00333784 0.05949037 0.00903174
v 0.00320369 0.05951110 0.00905230
v 0.00307353 0.05952985 0.00907011
v 0.00307353 0.05942522 0.00917014
v 0.00287429 0.05945089 0.00919618
v 0.00267373 0.05947458 0.00921947
v 0.00253029 0.05949136 0.00923454
v 0.00207338 0.05964436 0.00919207
v 0.00149162 0.05979044 0.00917973
v 0.00127247 0.05994640 0.00908381
v 0.00107323 0.06006683 0.00901119
v 0.00087267 0.06008558 0.00902763
v 0.00107323 0.06027115 0.00881250
v 0.00087267 0.06028497 0.00882620
v 0.00067344 0.06029484 0.00883580
v -0.00018326 0.05967002 0.00946475
v -0.00018326 0.05977366 0.00937294
v 0.00007309 0.06011322 0.00905504
v -0.00012747 0.05990889 0.00925099
v 0.00047288 0.06029978 0.00884128
v 0.00007309 0.06021291 0.00894542
v 0.00036264 0.06030175 0.00884265
v 0.00022982 0.06030274 0.00884402
v 0.00849663 0.06143887 -0.00085881
v 0.00860820 0.06133029 -0.00125893
v 0.00849264 0.06143492 -0.00105887
v 0.00870250 0.06124047 -0.00141651
v 0.00838904 0.06151290 -0.00045870
v 0.00838107 0.06150698 -0.00029701
v 0.00845811 0.06144282 -0.00024220
v 0.00859625 0.06131943 -0.00005858
v 0.00868391 0.06122862 0.00014148
v 0.00839569 0.06151784 -0.00065876
v 0.00829341 0.06156620 -0.00024220
v 0.00813934 0.06167774 -0.00025864
v 0.00718037 0.06230651 0.00014148
v 0.00707411 0.06237660 0.00014148
v 0.00692535 0.06247235 0.00014148
v 0.00691207 0.06246346 0.00034154
v 0.00708606 0.06235192 0.00032372
v 0.00803972 0.06174783 -0.00025864
v 0.00814997 0.06168564 -0.00045870
v 0.00805035 0.06175474 -0.00045870
v 0.00790425 0.06185542 -0.00045870
v 0.00754961 0.06208640 -0.00025864
v 0.00744203 0.06214760 -0.00005858
v 0.00704489 0.06234995 0.00054159
v 0.00718037 0.06210713 0.00146652
v 0.00716177 0.06209429 0.00160081
v 0.00699840 0.06231836 0.00094171
v 0.00727334 0.06199361 0.00174195
v 0.00685496 0.06244372 0.00072795
v 0.00688949 0.06245063 0.00054159
v 0.00688550 0.06235093 0.00113629
v 0.00683636 0.06233909 0.00134183
v 0.00703692 0.06213970 0.00174195
v 0.00699840 0.06211700 0.00194200
v 0.00647509 0.06241115 0.00194200
v 0.00659197 0.06231244 0.00207492
v 0.00687355 0.06213871 0.00212562
v 0.00680714 0.06212193 0.00230375
v 0.00687355 0.06206468 0.00235856
v 0.00714849 0.06188701 0.00239556
v 0.00700504 0.06192155 0.00254218
v 0.00727998 0.06175572 0.00254081
v 0.00735171 0.06168860 0.00260521
v 0.00748054 0.06155831 0.00274087
v 0.00757618 0.06130364 0.00324786
v 0.00753500 0.06127798 0.00338078
v 0.00755758 0.06109142 0.00381926
v 0.00760407 0.06072225 0.00448110
v 0.00748453 0.06106970 0.00396177
v 0.00748320 0.06097494 0.00414950
v 0.00755625 0.06089005 0.00422075
v 0.00778072 0.06050707 0.00465238
v 0.00740616 0.06052385 0.00508265
v 0.00735171 0.06048634 0.00521556
v 0.00739288 0.06031458 0.00546495
v 0.00752570 0.06026819 0.00538547
v 0.00762001 0.06013494 0.00549647
v 0.00775283 0.06008558 0.00541836
v 0.00788964 0.06001451 0.00536218
v 0.00796933 0.05989705 0.00543754
v 0.00792417 0.05985954 0.00554305
v 0.00785643 0.05978650 0.00572119
v 0.00793347 0.05966706 0.00579655
v 0.00795206 0.05948247 0.00601854
v 0.00797066 0.05929789 0.00623778
v 0.00802644 0.05934922 0.00610486
v 0.00808621 0.05925051 0.00615967
v 0.00806097 0.05914687 0.00632273
v 0.00798527 0.05911232 0.00645428
v 0.00811809 0.05904520 0.00637617
v 0.00818317 0.05891194 0.00645428
v 0.00836779 0.05889417 0.00623230
v 0.00818981 0.05871946 0.00666256
v 0.00832529 0.05844406 0.00678451
v 0.00842225 0.05838780 0.00672696
v 0.00900002 0.05713322 0.00727233
v 0.00838240 0.05831081 0.00685166
v 0.00853382 0.05802060 0.00695991
v 0.00875962 0.05768401 0.00702568
v 0.00888314 0.05761195 0.00695305
v 0.00856968 0.05789623 0.00703801
v 0.00856570 0.05769191 0.00723396
v 0.00887650 0.05720330 0.00734495
v 0.00817122 0.05689829 0.00824110
v 0.00796003 0.05688250 0.00843157
v 0.00835717 0.05667817 0.00822877
v 0.00875165 0.05647089 0.00802460
v 0.00880079 0.05633763 0.00806571
v 0.00898143 0.05611159 0.00804927
v 0.00861883 0.05656071 0.00808078
v 0.00899737 0.05573551 0.00826440
v 0.00901596 0.05600103 0.00808352
v 0.00911691 0.05600103 0.00798212
v 0.00842092 0.05755273 0.00748609
v 0.00848202 0.05740960 0.00755049
v 0.00820442 0.05733458 0.00787113
v 0.00786440 0.05739183 0.00813422
v 0.00779268 0.05732175 0.00825892
v 0.00752438 0.05744612 0.00839731
v 0.00739023 0.05751917 0.00845760
v 0.00718170 0.05751028 0.00864944
v 0.00737429 0.05730201 0.00864396
v 0.00756289 0.05708584 0.00863300
v 0.00915675 0.05586877 0.00802323
v 0.00919394 0.05573551 0.00806434
v 0.00933075 0.05560127 0.00799308
v 0.00934934 0.05585495 0.00781358
v 0.00917003 0.05549269 0.00823836
v 0.00917800 0.05510674 0.00844664
v 0.00920457 0.05500112 0.00847542
v 0.00934536 0.05484023 0.00841102
v 0.00937724 0.05470598 0.00844664
v 0.00943169 0.05478396 0.00834387
v 0.00954725 0.05440097 0.00841239
v 0.00978633 0.05412262 0.00828632
v 0.00587473 0.06304683 -0.00125893
v 0.00576715 0.06309914 -0.00125893
v 0.00565558 0.06313665 -0.00141651
v 0.00561307 0.06311889 0.00014148
v 0.00563167 0.06312579 -0.00005858
v 0.00559182 0.06311000 0.00034154
v 0.00573128 0.06308434 -0.00005858
v 0.00587473 0.06301919 -0.00005858
v 0.00604740 0.06293726 -0.00005858
v 0.00614702 0.06288889 -0.00005858
v 0.00643922 0.06273392 0.00014148
v 0.00644985 0.06274083 -0.00005858
v 0.00667299 0.06262436 -0.00005858
v 0.00653884 0.06268457 0.00014148
v 0.00667299 0.06261646 0.00014148
v 0.00655876 0.06269444 -0.00045870
v 0.00616960 0.06289975 -0.00085881
v 0.00667299 0.06263028 -0.00025864
v 0.00616295 0.06289580 -0.00125893
v 0.00606201 0.06295009 -0.00125893
v 0.00372701 0.06288988 0.00380693
v 0.00381334 0.06291357 0.00367265
v 0.00394616 0.06289482 0.00362058
v 0.00428751 0.06274774 0.00375760
v 0.00443362 0.06272109 0.00370005
v 0.00587473 0.06283066 0.00134183
v 0.00576980 0.06290074 0.00123084
v 0.00599161 0.06271023 0.00167891
v 0.00602084 0.06272405 0.00154189
v 0.00582160 0.06272109 0.00194200
v 0.00592122 0.06268062 0.00194200
v 0.00607529 0.06261547 0.00194200
v 0.00606467 0.06266285 0.00174469
v 0.00579770 0.06291357 0.00109792
v 0.00567417 0.06299747 0.00094171
v 0.00567417 0.06302807 0.00074165
v 0.00565690 0.06306163 0.00053200
v 0.00569277 0.06306657 0.00034154
v 0.00557854 0.06310408 0.00045938
v 0.00448940 0.06268457 0.00375760
v 0.00447479 0.06262633 0.00394259
v 0.00468332 0.06255131 0.00395355
v 0.00482411 0.06252367 0.00389326
v 0.00495694 0.06249505 0.00382200
v 0.00501272 0.06251874 0.00368909
v 0.00520000 0.06251380 0.00347396
v 0.00527039 0.06253157 0.00333145
v 0.00527438 0.06258783 0.00314235
v 0.00567417 0.06261251 0.00254218
v 0.00555463 0.06269444 0.00241611
v 0.00567152 0.06266976 0.00234623
v 0.00586145 0.06265594 0.00213110
v -0.00018326 0.06335874 0.00414265
v -0.00018326 0.06331038 0.00426049
v 0.00002394 0.06330544 0.00424953
v 0.00015676 0.06330149 0.00424130
v 0.00107323 0.06309519 0.00462361
v 0.00127247 0.06308828 0.00460579
v 0.00127247 0.06303301 0.00474282
v 0.00147303 0.06301623 0.00474282
v 0.00167359 0.06298958 0.00474282
v 0.00187680 0.06294713 0.00475652
v 0.00207338 0.06293134 0.00470171
v 0.00221815 0.06291357 0.00466746
v 0.00260732 0.06291160 0.00446192
v 0.00267373 0.06294220 0.00435093
v 0.00287429 0.06292048 0.00428378
v 0.00287429 0.06297872 0.00414265
v 0.00307353 0.06300833 0.00394259
v 0.00286500 0.06306262 0.00393025
v 0.00235098 0.06289679 0.00463183
v 0.00328604 0.06294911 0.00395766
v 0.00347332 0.06292443 0.00389737
v 0.00359286 0.06290765 0.00385626
v 0.00608326 0.05412262 0.01112551
v 0.00586411 0.05419467 0.01119950
v 0.00608857 0.05421145 0.01109673
v 0.00602482 0.05440097 0.01106659
v 0.00598365 0.05451350 0.01104877
v 0.00593450 0.05464676 0.01102274
v 0.00587075 0.05480074 0.01099396
v 0.00587872 0.05500309 0.01089804
v 0.00581363 0.05514129 0.01086379
v 0.00574722 0.05527454 0.01083090
v 0.00561440 0.05533870 0.01086241
v 0.00613772 0.05606026 0.01022250
v 0.00614170 0.05566543 0.01042530
v 0.00600357 0.05613330 0.01026087
v 0.00619085 0.05631888 0.01005396
v 0.00613108 0.05645213 0.01001696
v 0.00593716 0.05665942 0.01001970
v 0.00587872 0.05520545 0.01079938
v 0.00587739 0.05580263 0.01049930
v 0.00607662 0.05540385 0.01059521
v 0.00614436 0.05526763 0.01062810
v 0.00617757 0.05670482 0.00984568
v 0.00611647 0.05683808 0.00980731
v 0.00622272 0.05695258 0.00967440
v 0.00607131 0.05699799 0.00974154
v 0.00615897 0.05708584 0.00963466
v 0.00608592 0.05721021 0.00959766
v 0.00558917 0.05751127 0.00965110
v 0.00547494 0.05754779 0.00967988
v 0.00607529 0.05845887 0.00860833
v 0.00656806 0.05729510 0.00923865
v 0.00619483 0.05731682 0.00945516
v 0.00627320 0.05740072 0.00934279
v 0.00677393 0.05790215 0.00864259
v 0.00635289 0.05748363 0.00922906
v 0.00661720 0.05773534 0.00887005
v 0.00679120 0.05811833 0.00845623
v 0.00680448 0.05833252 0.00826851
v 0.00673276 0.05846578 0.00821096
v 0.00667166 0.05859904 0.00814107
v 0.00661056 0.05873130 0.00807119
v 0.00650962 0.05865727 0.00820548
v 0.00644719 0.05878362 0.00812737
v 0.00627453 0.05894353 0.00808215
v 0.00627453 0.05883495 0.00818218
v 0.00613639 0.05887838 0.00822192
v 0.00627453 0.05873525 0.00827125
v 0.00611780 0.05866616 0.00841376
v 0.00521859 0.05772941 0.00966481
v 0.00535141 0.05768697 0.00963192
v 0.00537532 0.05790215 0.00944419
v 0.00527438 0.05793374 0.00947023
v 0.00505655 0.05799099 0.00953463
v 0.00475903 0.05829304 0.00943597
v 0.00462621 0.05833351 0.00947023
v 0.00438447 0.05850822 0.00944830
v 0.00473645 0.05807884 0.00962507
v 0.00447479 0.05825750 0.00960725
v 0.00413875 0.05868096 0.00942638
v 0.00427423 0.05886160 0.00920988
v 0.00418391 0.05910837 0.00904819
v 0.00367388 0.05933244 0.00907422
v 0.00419321 0.05931171 0.00885361
v 0.00407367 0.05934329 0.00888376
v 0.00419852 0.05951406 0.00865629
v 0.00420251 0.05971542 0.00845760
v 0.00407367 0.05964534 0.00858778
v 0.00392358 0.05947951 0.00882209
v 0.00367388 0.05943213 0.00897419
v 0.00379076 0.05950814 0.00885087
v 0.00347332 0.05946865 0.00900982
v 0.00307353 0.05973122 0.00887279
v 0.00333651 0.05968976 0.00883169
v 0.00287429 0.05976083 0.00890020
v 0.00271358 0.06008558 0.00862752
v 0.00287429 0.05986053 0.00880291
v 0.00287429 0.05965719 0.00900023
v 0.00287429 0.05955650 0.00909615
v 0.00257013 0.05990100 0.00884265
v 0.00267373 0.05958217 0.00911944
v 0.00227394 0.05973122 0.00907011
v 0.00207338 0.05975392 0.00909204
v 0.00160452 0.05990889 0.00904956
v 0.00147303 0.05992370 0.00906326
v 0.00127247 0.06004610 0.00899201
v 0.00127247 0.06015172 0.00889198
v 0.00107323 0.06017047 0.00891116
v 0.00127247 0.06025240 0.00879469
v 0.00127247 0.06035308 0.00869466
v 0.00147303 0.06053372 0.00847679
v 0.00127247 0.06045278 0.00859326
v 0.00107323 0.06036887 0.00871247
v 0.00107323 0.06046857 0.00860833
v 0.00087267 0.06037874 0.00872618
v 0.00087267 0.06047844 0.00861792
v 0.00067344 0.06038565 0.00873577
v -0.00018326 0.05987928 0.00927702
v -0.00018326 0.06011124 0.00905367
v -0.00018326 0.06000859 0.00915370
v -0.00018326 0.06030274 0.00884402
v -0.00018326 0.05990889 0.00924962
v 0.00067344 0.06048535 0.00862478
v 0.00047288 0.06038960 0.00874125
v 0.00007309 0.06030274 0.00884539
v 0.00028693 0.06037381 0.00876317
v 0.00839569 0.06151882 -0.00085881
v 0.00839170 0.06151586 -0.00105887
v 0.00860289 0.06132536 -0.00141651
v 0.00848600 0.06143097 -0.00125893
v 0.00838639 0.06151093 -0.00125893
v 0.00827482 0.06159582 -0.00045870
v 0.00827482 0.06160667 -0.00065876
v 0.00827482 0.06160865 -0.00085881
v 0.00718967 0.06231244 -0.00005858
v 0.00693066 0.06247629 -0.00005858
v 0.00682573 0.06253354 0.00014148
v 0.00681112 0.06252466 0.00034154
v 0.00678987 0.06251183 0.00054159
v 0.00815793 0.06169058 -0.00065876
v 0.00780463 0.06192254 -0.00045870
v 0.00805832 0.06175869 -0.00065876
v 0.00790956 0.06185937 -0.00065876
v 0.00729459 0.06225124 -0.00025864
v 0.00780994 0.06192550 -0.00065876
v 0.00755360 0.06208936 -0.00045870
v 0.00698114 0.06230651 0.00106504
v 0.00687355 0.06239535 0.00094171
v 0.00677659 0.06250393 0.00065259
v 0.00675800 0.06249308 0.00078687
v 0.00673276 0.06247925 0.00094171
v 0.00669823 0.06245951 0.00114177
v 0.00658001 0.06250492 0.00125276
v 0.00680050 0.06231737 0.00154189
v 0.00685628 0.06224532 0.00172961
v 0.00675268 0.06229072 0.00178853
v 0.00636750 0.06249801 0.00182279
v 0.00634226 0.06248518 0.00194200
v 0.00620679 0.06251874 0.00209410
v 0.00655611 0.06229171 0.00220783
v 0.00676995 0.06210022 0.00243667
v 0.00697449 0.06190280 0.00264358
v 0.00741015 0.06152475 0.00294230
v 0.00745664 0.06142505 0.00312591
v 0.00748453 0.06116446 0.00374801
v 0.00733444 0.06147835 0.00318209
v 0.00718037 0.06130561 0.00385078
v 0.00713122 0.06127600 0.00398507
v 0.00742476 0.06113189 0.00390833
v 0.00742343 0.06093447 0.00430434
v 0.00732647 0.06087130 0.00454276
v 0.00747922 0.06076963 0.00454550
v 0.00755094 0.06068573 0.00461402
v 0.00737296 0.06110129 0.00404125
v 0.00733311 0.06107562 0.00414265
v 0.00766517 0.06054359 0.00472912
v 0.00727998 0.06057320 0.00514705
v 0.00721756 0.06053174 0.00529641
v 0.00716177 0.06049423 0.00542932
v 0.00708739 0.06046857 0.00556224
v 0.00720295 0.06032149 0.00567597
v 0.00733577 0.06027510 0.00559786
v 0.00742874 0.06014184 0.00570475
v 0.00756289 0.06009249 0.00562801
v 0.00714451 0.06028201 0.00580889
v 0.00768110 0.06004807 0.00555539
v 0.00782322 0.05994147 0.00554305
v 0.00777806 0.05990494 0.00564719
v 0.00771962 0.05985658 0.00578011
v 0.00780064 0.05972332 0.00587055
v 0.00781924 0.05953972 0.00609253
v 0.00775814 0.05948840 0.00622545
v 0.00782190 0.05934231 0.00634192
v 0.00777541 0.05930184 0.00644332
v 0.00779002 0.05911528 0.00665708
v 0.00792284 0.05905507 0.00658856
v 0.00799324 0.05892181 0.00666256
v 0.00805566 0.05898400 0.00652142
v 0.00812739 0.05885370 0.00658719
v 0.00813004 0.05865530 0.00679547
v 0.00819114 0.05852204 0.00685988
v 0.00842092 0.05818545 0.00692839
v 0.00837842 0.05810747 0.00704760
v 0.00826021 0.05818545 0.00709008
v 0.00836912 0.05789722 0.00723807
v 0.00835982 0.05768598 0.00742854
v 0.00761337 0.05695258 0.00867548
v 0.00739952 0.05693481 0.00886457
v 0.00814332 0.05665942 0.00841787
v 0.00778471 0.05611455 0.00905230
v 0.00792683 0.05600103 0.00900434
v 0.00840631 0.05654492 0.00826988
v 0.00806894 0.05598623 0.00889472
v 0.00801582 0.05575821 0.00907833
v 0.00888048 0.05601683 0.00819314
v 0.00895088 0.05586877 0.00822329
v 0.00892697 0.05560127 0.00840416
v 0.00896682 0.05548874 0.00843568
v 0.00900799 0.05535548 0.00847542
v 0.00903854 0.05560127 0.00830413
v 0.00913816 0.05560127 0.00820548
v 0.00907706 0.05580263 0.00814381
v 0.00798394 0.05551539 0.00925236
v 0.00780330 0.05753299 0.00806982
v 0.00759743 0.05752608 0.00826440
v 0.00719498 0.05772349 0.00846171
v 0.00732780 0.05765341 0.00840142
v 0.00711529 0.05764354 0.00859600
v 0.00698246 0.05770967 0.00864944
v 0.00705950 0.05758728 0.00868507
v 0.00708474 0.05741256 0.00879469
v 0.00715912 0.05728424 0.00883169
v 0.00725873 0.05738196 0.00868096
v 0.00734772 0.05706807 0.00882209
v 0.00905979 0.05517287 0.00852749
v 0.00914081 0.05523999 0.00840964
v 0.00910761 0.05500112 0.00857545
v 0.00914878 0.05484911 0.00861655
v 0.00918199 0.05471585 0.00865081
v 0.00957116 0.05429437 0.00843979
v 0.00934536 0.05443750 0.00861381
v 0.00943435 0.05438222 0.00854530
v 0.00960170 0.05416013 0.00847268
v 0.00960967 0.05412262 0.00848227
v 0.00601818 0.06296589 -0.00141651
v 0.00585215 0.06304880 -0.00141651
v 0.00575652 0.06309421 -0.00141651
v 0.00567683 0.06312777 -0.00141651
v 0.00571402 0.06307644 0.00014148
v 0.00587473 0.06300241 0.00014148
v 0.00627453 0.06281289 0.00014148
v 0.00641930 0.06272405 0.00034154
v 0.00651892 0.06267568 0.00034154
v 0.00683105 0.06253749 -0.00005858
v 0.00667299 0.06259869 0.00034154
v 0.00683503 0.06253947 -0.00025864
v 0.00667299 0.06263028 -0.00045870
v 0.00667299 0.06262732 -0.00065876
v 0.00655345 0.06269049 -0.00085881
v 0.00644586 0.06274182 -0.00125893
v 0.00644321 0.06273984 -0.00141651
v 0.00625195 0.06284349 -0.00141651
v 0.00414805 0.06269543 0.00402206
v 0.00423040 0.06271912 0.00388915
v 0.00436322 0.06269937 0.00383297
v 0.00612045 0.06267766 0.00154189
v 0.00608857 0.06255427 0.00215302
v 0.00624265 0.06253749 0.00194200
v 0.00608193 0.06273590 0.00132676
v 0.00617757 0.06270431 0.00125002
v 0.00629843 0.06266581 0.00114177
v 0.00607529 0.06280795 0.00094171
v 0.00582559 0.06292739 0.00094171
v 0.00585747 0.06294220 0.00074165
v 0.00597302 0.06290173 0.00063751
v 0.00589333 0.06294911 0.00055941
v 0.00587473 0.06298267 0.00034154
v 0.00428751 0.06268062 0.00395081
v 0.00427423 0.06261152 0.00414265
v 0.00447479 0.06254539 0.00414676
v 0.00462222 0.06252071 0.00408235
v 0.00475505 0.06249505 0.00402617
v 0.00518140 0.06230553 0.00404947
v 0.00532884 0.06228184 0.00394259
v 0.00537267 0.06230158 0.00384119
v 0.00529297 0.06236673 0.00376171
v 0.00514554 0.06248913 0.00360824
v 0.00527039 0.06245754 0.00354110
v 0.00548557 0.06235587 0.00355206
v 0.00538595 0.06250689 0.00325746
v 0.00542978 0.06252565 0.00314235
v 0.00568214 0.06254638 0.00274635
v 0.00587208 0.06253354 0.00253122
v 0.00587473 0.06258981 0.00234212
v -0.00018326 0.06326793 0.00436052
v -0.00012747 0.06326695 0.00435778
v 0.00027232 0.06317021 0.00454276
v 0.00067344 0.06310605 0.00464964
v 0.00078103 0.06310309 0.00464416
v 0.00107323 0.06304387 0.00474282
v 0.00106925 0.06294318 0.00496069
v 0.00127247 0.06294713 0.00492781
v 0.00147303 0.06293726 0.00490725
v 0.00167359 0.06292246 0.00488122
v 0.00181172 0.06291061 0.00485929
v 0.00194454 0.06289679 0.00483052
v 0.00207338 0.06288199 0.00480174
v 0.00235895 0.06269937 0.00503606
v 0.00247317 0.06268556 0.00500728
v 0.00228058 0.06286422 0.00473734
v 0.00247317 0.06273392 0.00490725
v 0.00267373 0.06286027 0.00453454
v 0.00314525 0.06269543 0.00462772
v 0.00287429 0.06280499 0.00454276
v 0.00340027 0.06270925 0.00445781
v 0.00353442 0.06269247 0.00441944
v 0.00312001 0.06288889 0.00420979
v 0.00322760 0.06291653 0.00407687
v 0.00275475 0.06269740 0.00483326
v 0.00287429 0.06268259 0.00480037
v 0.00347332 0.06288495 0.00399740
v 0.00401390 0.06271319 0.00407002
v 0.00617757 0.05412262 0.01108166
v 0.00616428 0.05428647 0.01103918
v 0.00612444 0.05440097 0.01101862
v 0.00606068 0.05458852 0.01098026
v 0.00619350 0.05472474 0.01085419
v 0.00607396 0.05479482 0.01088845
v 0.00614037 0.05485799 0.01082542
v 0.00600623 0.05493696 0.01086105
v 0.00607396 0.05500309 0.01079390
v 0.00594778 0.05507022 0.01082953
v 0.00627187 0.05559929 0.01038556
v 0.00626921 0.05579177 0.01028690
v 0.00639141 0.05571972 0.01025402
v 0.00620280 0.05553217 0.01045956
v 0.00639672 0.05532488 0.01045682
v 0.00682706 0.05556080 0.01007726
v 0.00651759 0.05603657 0.01000737
v 0.00658533 0.05551243 0.01024991
v 0.00637148 0.05649655 0.00984157
v 0.00606865 0.05659624 0.00997448
v 0.00607662 0.05520150 0.01069661
v 0.00594646 0.05547196 0.01062947
v 0.00620546 0.05513438 0.01066099
v 0.00633961 0.05506034 0.01062399
v 0.00627320 0.05520150 0.01058973
v 0.00641664 0.05674727 0.00967029
v 0.00635555 0.05688053 0.00963192
v 0.00628382 0.05701181 0.00959903
v 0.00639672 0.05712335 0.00945790
v 0.00547494 0.05764847 0.00959903
v 0.00643391 0.05735038 0.00928113
v 0.00663049 0.05716184 0.00928113
v 0.00676464 0.05709077 0.00923728
v 0.00699707 0.05712631 0.00906052
v 0.00679917 0.05732669 0.00906189
v 0.00672479 0.05745994 0.00901256
v 0.00675003 0.05768204 0.00882895
v 0.00659330 0.05751621 0.00905504
v 0.00685363 0.05778667 0.00867822
v 0.00706747 0.05799494 0.00833702
v 0.00681245 0.05854080 0.00807804
v 0.00699575 0.05792387 0.00846171
v 0.00674338 0.05867405 0.00801775
v 0.00667697 0.05880435 0.00794513
v 0.00661056 0.05893168 0.00787250
v 0.00651759 0.05886555 0.00800542
v 0.00638477 0.05890799 0.00804927
v 0.00601287 0.05912515 0.00806571
v 0.00587473 0.05905803 0.00820411
v 0.00587473 0.05895735 0.00829180
v 0.00587473 0.05884186 0.00839183
v 0.00605935 0.05879349 0.00833565
v 0.00495428 0.05888924 0.00883306
v 0.00572332 0.05867010 0.00861655
v 0.00583090 0.05853685 0.00867274
v 0.00507780 0.05820420 0.00934553
v 0.00448276 0.05880731 0.00914822
v 0.00446151 0.05859410 0.00933731
v 0.00431806 0.05906790 0.00901393
v 0.00457839 0.05910442 0.00884539
v 0.00447479 0.05913403 0.00887279
v 0.00458769 0.05930875 0.00865081
v 0.00447479 0.05944003 0.00858504
v 0.00467004 0.05979933 0.00814107
v 0.00433267 0.05947853 0.00862204
v 0.00433533 0.05968186 0.00842472
v 0.00447479 0.05964534 0.00838909
v 0.00460629 0.05991876 0.00805886
v 0.00433666 0.05988422 0.00822603
v 0.00420384 0.05991580 0.00825755
v 0.00407367 0.05974504 0.00848775
v 0.00367388 0.05953084 0.00887416
v 0.00391960 0.05967989 0.00862067
v 0.00391296 0.05987829 0.00841924
v 0.00378678 0.05970654 0.00864807
v 0.00347332 0.05956736 0.00890979
v 0.00287429 0.06006189 0.00860285
v 0.00258607 0.06030570 0.00844664
v 0.00347332 0.05966706 0.00880702
v 0.00319705 0.05990988 0.00865218
v 0.00271889 0.06028497 0.00842609
v 0.00258076 0.06010335 0.00864533
v 0.00267373 0.05988718 0.00883032
v 0.00247317 0.06011717 0.00865903
v 0.00249177 0.05999082 0.00877551
v 0.00227394 0.06014283 0.00868233
v 0.00227394 0.06003721 0.00878236
v 0.00227394 0.05983091 0.00897693
v 0.00242137 0.05971345 0.00905367
v 0.00207338 0.05985460 0.00899886
v 0.00173734 0.05989310 0.00903586
v 0.00168023 0.06000365 0.00894542
v 0.00162444 0.06011322 0.00885498
v 0.00147303 0.06023068 0.00877551
v 0.00147303 0.06033433 0.00867548
v 0.00147303 0.06043402 0.00857682
v 0.00127247 0.06054852 0.00849323
v 0.00167359 0.06051595 0.00845760
v 0.00167359 0.06061564 0.00835483
v 0.00167359 0.06071238 0.00825481
v 0.00147303 0.06063341 0.00837128
v 0.00127247 0.06064920 0.00838361
v 0.00107323 0.06055938 0.00850830
v 0.00087267 0.06056629 0.00851790
v -0.00018326 0.06045771 0.00866999
v 0.00067344 0.06057221 0.00852475
v 0.00047288 0.06048930 0.00862889
v 0.00007309 0.06039355 0.00874262
v 0.00027232 0.06049127 0.00863026
v 0.00827482 0.06160273 -0.00105887
v 0.00839569 0.06149119 -0.00141651
v 0.00837842 0.06150599 -0.00140418
v 0.00827482 0.06159384 -0.00125893
v 0.00815926 0.06169156 -0.00085881
v 0.00815528 0.06168860 -0.00105887
v 0.00707411 0.06239140 -0.00025864
v 0.00693465 0.06247827 -0.00025864
v 0.00667299 0.06257303 0.00054159
v 0.00805832 0.06175967 -0.00085881
v 0.00780994 0.06192649 -0.00085881
v 0.00745398 0.06215352 -0.00045870
v 0.00767446 0.06201434 -0.00065876
v 0.00668362 0.06254144 0.00072795
v 0.00663314 0.06253453 0.00094171
v 0.00659994 0.06251578 0.00114177
v 0.00647509 0.06257895 0.00114177
v 0.00627453 0.06260264 0.00154189
v 0.00642196 0.06252861 0.00154189
v 0.00639406 0.06251282 0.00168988
v 0.00652290 0.06247333 0.00154189
v 0.00602482 0.06252565 0.00234212
v 0.00616428 0.06249702 0.00222702
v 0.00627453 0.06240029 0.00234212
v 0.00651626 0.06227098 0.00234212
v 0.00663713 0.06213674 0.00254218
v 0.00659595 0.06211403 0.00267235
v 0.00673674 0.06208047 0.00254218
v 0.00646977 0.06193735 0.00332597
v 0.00707013 0.06165109 0.00314646
v 0.00720162 0.06151882 0.00328486
v 0.00727069 0.06153857 0.00312591
v 0.00697981 0.06150599 0.00365209
v 0.00687089 0.06154054 0.00372883
v 0.00680183 0.06151882 0.00388230
v 0.00687089 0.06144973 0.00394670
v 0.00675401 0.06149020 0.00401521
v 0.00706880 0.06133918 0.00392751
v 0.00657205 0.06150007 0.00423993
v 0.00699840 0.06131647 0.00407413
v 0.00718701 0.06111017 0.00425912
v 0.00713255 0.06107562 0.00439203
v 0.00718170 0.06090683 0.00465238
v 0.00736233 0.06069362 0.00482915
v 0.00717373 0.06070152 0.00504291
v 0.00702895 0.06053865 0.00550880
v 0.00697317 0.06050114 0.00564034
v 0.00722287 0.06013888 0.00594180
v 0.00737030 0.06009841 0.00583766
v 0.00748719 0.06005992 0.00575956
v 0.00746593 0.05995529 0.00593084
v 0.00677792 0.06050410 0.00584588
v 0.00701036 0.06032643 0.00588151
v 0.00707544 0.06024055 0.00594591
v 0.00717771 0.06010433 0.00604594
v 0.00752703 0.05986250 0.00598839
v 0.00760672 0.05972826 0.00607883
v 0.00773955 0.05967298 0.00600483
v 0.00754563 0.05967792 0.00621174
v 0.00762532 0.05954466 0.00629670
v 0.00756157 0.05949136 0.00642961
v 0.00757750 0.05930381 0.00664612
v 0.00758547 0.05911232 0.00685303
v 0.00771962 0.05905211 0.00679136
v 0.00785776 0.05898696 0.00672696
v 0.00792550 0.05885666 0.00679684
v 0.00799589 0.05872341 0.00686262
v 0.00806097 0.05878856 0.00672970
v 0.00805832 0.05858522 0.00692839
v 0.00812606 0.05820223 0.00719833
v 0.00803043 0.05796039 0.00749431
v 0.00823630 0.05796730 0.00729973
v 0.00812074 0.05844505 0.00699279
v 0.00718435 0.05691507 0.00905230
v 0.00732780 0.05680156 0.00900571
v 0.00736897 0.05669397 0.00903860
v 0.00746992 0.05639488 0.00914000
v 0.00767181 0.05579769 0.00934142
v 0.00780330 0.05574044 0.00926743
v 0.00777142 0.05549861 0.00944145
v 0.00875430 0.05547196 0.00862615
v 0.00880079 0.05533870 0.00866451
v 0.00888314 0.05541372 0.00855078
v 0.00788034 0.05541964 0.00939623
v 0.00893361 0.05523901 0.00860833
v 0.00897744 0.05510575 0.00864533
v 0.00740085 0.05773040 0.00826851
v 0.00741148 0.05794065 0.00807667
v 0.00712990 0.05785675 0.00840416
v 0.00695856 0.05748758 0.00883306
v 0.00682573 0.05754878 0.00887965
v 0.00702497 0.05735334 0.00888102
v 0.00693332 0.05725956 0.00901393
v 0.00712990 0.05704833 0.00900845
v 0.00721357 0.05715099 0.00887553
v 0.00900799 0.05500112 0.00867411
v 0.00906245 0.05477607 0.00873303
v 0.00900002 0.05460037 0.00886594
v 0.00909964 0.05460037 0.00877551
v 0.00914613 0.05440097 0.00881798
v 0.00920855 0.05460037 0.00867548
v 0.00927762 0.05438222 0.00870425
v 0.00937591 0.05430424 0.00864396
v 0.00952600 0.05412262 0.00857134
v 0.00951271 0.05421639 0.00854119
v 0.00610983 0.06287113 0.00034154
v 0.00599029 0.06290962 0.00050323
v 0.00606334 0.06286817 0.00055941
v 0.00627453 0.06276946 0.00054159
v 0.00639406 0.06271221 0.00054159
v 0.00649501 0.06266384 0.00054159
v 0.00693465 0.06247827 -0.00045870
v 0.00683238 0.06253749 -0.00065876
v 0.00682175 0.06253058 -0.00141651
v 0.00667299 0.06261646 -0.00125893
v 0.00664643 0.06262831 -0.00141651
v 0.00654681 0.06268654 -0.00125893
v 0.00654282 0.06268556 -0.00141651
v 0.00407766 0.06266779 0.00413991
v 0.00629046 0.06255329 0.00175017
v 0.00625726 0.06265199 0.00132676
v 0.00647509 0.06261547 0.00094171
v 0.00635953 0.06269543 0.00079098
v 0.00595841 0.06289482 0.00074165
v 0.00637945 0.06270431 0.00065670
v 0.00407367 0.06258290 0.00434270
v 0.00425962 0.06253157 0.00433859
v 0.00440705 0.06251479 0.00426871
v 0.00454120 0.06248913 0.00421664
v 0.00468332 0.06246642 0.00414676
v 0.00487459 0.06239140 0.00414265
v 0.00540189 0.06211403 0.00426734
v 0.00559714 0.06211206 0.00406865
v 0.00553471 0.06208541 0.00420157
v 0.00566753 0.06213279 0.00393163
v 0.00567417 0.06219991 0.00374253
v 0.00542712 0.06232626 0.00370690
v 0.00555994 0.06229566 0.00362469
v 0.00546166 0.06244569 0.00333145
v 0.00557057 0.06249998 0.00303684
v 0.00580301 0.06251578 0.00268195
v 0.00598497 0.06250788 0.00245722
v -0.00018326 0.06318897 0.00454276
v -0.00012747 0.06318699 0.00454276
v 0.00007309 0.06317910 0.00454276
v 0.00047288 0.06311099 0.00466061
v 0.00085806 0.06306361 0.00472364
v 0.00087267 0.06296194 0.00494288
v 0.00100151 0.06290469 0.00504702
v 0.00113433 0.06289975 0.00503880
v 0.00127247 0.06289383 0.00502784
v 0.00147303 0.06288297 0.00500728
v 0.00167359 0.06286817 0.00498125
v 0.00191665 0.06269345 0.00522515
v 0.00207338 0.06267865 0.00519775
v 0.00207338 0.06273096 0.00509772
v 0.00228457 0.06266483 0.00513746
v 0.00222612 0.06271418 0.00506620
v 0.00247317 0.06253552 0.00530463
v 0.00247317 0.06261745 0.00514294
v 0.00268436 0.06255625 0.00515801
v 0.00287429 0.06253354 0.00510457
v 0.00347465 0.06254835 0.00475241
v 0.00367388 0.06259770 0.00454276
v 0.00407367 0.06252071 0.00447973
v 0.00385584 0.06264903 0.00432489
v 0.00367388 0.06271714 0.00427693
v 0.00367388 0.06277341 0.00414265
v 0.00385584 0.06272701 0.00413991
v 0.00621210 0.05412262 0.01106521
v 0.00630375 0.05412262 0.01101177
v 0.00627187 0.05421145 0.01100081
v 0.00637281 0.05449771 0.01084323
v 0.00633828 0.05460037 0.01082405
v 0.00658001 0.05470796 0.01064728
v 0.00653087 0.05484220 0.01061988
v 0.00626656 0.05479482 0.01078431
v 0.00639805 0.05492709 0.01065551
v 0.00658931 0.05511661 0.01045271
v 0.00686824 0.05539497 0.01014166
v 0.00701833 0.05535252 0.01007177
v 0.00696121 0.05548578 0.01003478
v 0.00687886 0.05580362 0.00991008
v 0.00687886 0.05600893 0.00979498
v 0.00677659 0.05530416 0.01024580
v 0.00648837 0.05641857 0.00981142
v 0.00646844 0.05499619 0.01058288
v 0.00687089 0.05619450 0.00969495
v 0.00660791 0.05653998 0.00966618
v 0.00674206 0.05646595 0.00962233
v 0.00687089 0.05639982 0.00957711
v 0.00646844 0.05699206 0.00949078
v 0.00666369 0.05678774 0.00948393
v 0.00695723 0.05688349 0.00923317
v 0.00687089 0.05679761 0.00934142
v 0.00701700 0.05675023 0.00927291
v 0.00714982 0.05667422 0.00922632
v 0.00694660 0.05847466 0.00801912
v 0.00723084 0.05855857 0.00769300
v 0.00695324 0.05868294 0.00782591
v 0.00682042 0.05874315 0.00788346
v 0.00682175 0.05894353 0.00768478
v 0.00674338 0.05887640 0.00781769
v 0.00674338 0.05907678 0.00761763
v 0.00660924 0.05912910 0.00767244
v 0.00651759 0.05906494 0.00780536
v 0.00638477 0.05910837 0.00784921
v 0.00627453 0.05904322 0.00798486
v 0.00614569 0.05908369 0.00802460
v 0.00627453 0.05914292 0.00788483
v 0.00607795 0.05920313 0.00794513
v 0.00601021 0.05932257 0.00786428
v 0.00576449 0.05949531 0.00783687
v 0.00576582 0.05929592 0.00803830
v 0.00587473 0.05916463 0.00810408
v 0.00562503 0.05913206 0.00826988
v 0.00536603 0.05909652 0.00843842
v 0.00547494 0.05906395 0.00840964
v 0.00560909 0.05892280 0.00846171
v 0.00455980 0.05889319 0.00903586
v 0.00517476 0.05850230 0.00904408
v 0.00497155 0.05910047 0.00864259
v 0.00523188 0.05913502 0.00847405
v 0.00511499 0.05926828 0.00841239
v 0.00472715 0.05947556 0.00841924
v 0.00498748 0.05950913 0.00825069
v 0.00499413 0.05971246 0.00805338
v 0.00487459 0.05995035 0.00788894
v 0.00474309 0.06008558 0.00782728
v 0.00461027 0.06011914 0.00786017
v 0.00433666 0.06008459 0.00802597
v 0.00407367 0.05984473 0.00838635
v 0.00420251 0.06011421 0.00805612
v 0.00367388 0.05972727 0.00866999
v 0.00407367 0.06013888 0.00808215
v 0.00385717 0.05996614 0.00834935
v 0.00258076 0.06050410 0.00824521
v 0.00247317 0.06052088 0.00826166
v 0.00227394 0.06054951 0.00829043
v 0.00247317 0.06032051 0.00846171
v 0.00347332 0.05976281 0.00870699
v 0.00325948 0.05999674 0.00853845
v 0.00271358 0.06048140 0.00822192
v 0.00227394 0.06044685 0.00839046
v 0.00247317 0.06021785 0.00856174
v 0.00227394 0.06034716 0.00848638
v 0.00187282 0.06008459 0.00882758
v 0.00207338 0.06037183 0.00850967
v 0.00177453 0.06030175 0.00864396
v 0.00167359 0.06031360 0.00865492
v 0.00147303 0.06072620 0.00827125
v 0.00178648 0.06050410 0.00844527
v 0.00185024 0.06059788 0.00833839
v 0.00191399 0.06069066 0.00823151
v 0.00187282 0.06088413 0.00802186
v 0.00173468 0.06089499 0.00803556
v 0.00160053 0.06090585 0.00804790
v 0.00127247 0.06073706 0.00828358
v 0.00107323 0.06065908 0.00839457
v 0.00087267 0.06066697 0.00840142
v 0.00007309 0.06049127 0.00863163
v -0.00018326 0.06049127 0.00863163
v 0.00067344 0.06067191 0.00840690
v 0.00047288 0.06067487 0.00841102
v 0.00027232 0.06057616 0.00853023
v 0.00007309 0.06057715 0.00853160
v 0.00814997 0.06168465 -0.00125893
v 0.00836115 0.06151784 -0.00141651
v 0.00814200 0.06167873 -0.00141651
v 0.00805566 0.06175671 -0.00105887
v 0.00790690 0.06185739 -0.00105887
v 0.00790292 0.06185443 -0.00125893
v 0.00719631 0.06231639 -0.00045870
v 0.00780729 0.06192452 -0.00105887
v 0.00767446 0.06201434 -0.00085881
v 0.00767446 0.06201138 -0.00105887
v 0.00755492 0.06209034 -0.00065876
v 0.00745531 0.06215352 -0.00065876
v 0.00645782 0.06265594 0.00073069
v 0.00612444 0.06247728 0.00234212
v 0.00627187 0.06233712 0.00252848
v 0.00638211 0.06230553 0.00245311
v 0.00645915 0.06223841 0.00252848
v 0.00637414 0.06210120 0.00304095
v 0.00633961 0.06208245 0.00314235
v 0.00647509 0.06200447 0.00314235
v 0.00626788 0.06204790 0.00334104
v 0.00640071 0.06191760 0.00348081
v 0.00677925 0.06170538 0.00345066
v 0.00655611 0.06169156 0.00381652
v 0.00649368 0.06158101 0.00416046
v 0.00619085 0.06171131 0.00426323
v 0.00626390 0.06163629 0.00433585
v 0.00643125 0.06153560 0.00434270
v 0.00638477 0.06150895 0.00445507
v 0.00668494 0.06137471 0.00435230
v 0.00687753 0.06125527 0.00435230
v 0.00675800 0.06129278 0.00442355
v 0.00662517 0.06133424 0.00450302
v 0.00699840 0.06111708 0.00447288
v 0.00687488 0.06115854 0.00454002
v 0.00687488 0.06104799 0.00474693
v 0.00680050 0.06091868 0.00507442
v 0.00692535 0.06067191 0.00538821
v 0.00698379 0.06070744 0.00525393
v 0.00688285 0.06060775 0.00555402
v 0.00682573 0.06053470 0.00574174
v 0.00739288 0.05991679 0.00606375
v 0.00673276 0.06067684 0.00559649
v 0.00660127 0.06071731 0.00566775
v 0.00652290 0.06067684 0.00580203
v 0.00667299 0.06053470 0.00589110
v 0.00656806 0.06049818 0.00603772
v 0.00673807 0.06028201 0.00621311
v 0.00681245 0.06032643 0.00608020
v 0.00694660 0.06028398 0.00601442
v 0.00705684 0.06013494 0.00612405
v 0.00697848 0.06010532 0.00624737
v 0.00711263 0.06005399 0.00617886
v 0.00719763 0.05992074 0.00626518
v 0.00733046 0.05986645 0.00619667
v 0.00746992 0.05979735 0.00613775
v 0.00741148 0.05973319 0.00628163
v 0.00748719 0.05961178 0.00635562
v 0.00735835 0.05948938 0.00662830
v 0.00747390 0.05934428 0.00669270
v 0.00747390 0.05925643 0.00679273
v 0.00727201 0.05979933 0.00634055
v 0.00712591 0.05986447 0.00639947
v 0.00721225 0.05973122 0.00647757
v 0.00779135 0.05891885 0.00685851
v 0.00745531 0.05914785 0.00692839
v 0.00737562 0.05910442 0.00704486
v 0.00716576 0.05889417 0.00743539
v 0.00758415 0.05891095 0.00705171
v 0.00765188 0.05898104 0.00692291
v 0.00778869 0.05871650 0.00705582
v 0.00785112 0.05857831 0.00712160
v 0.00785776 0.05838385 0.00728603
v 0.00754430 0.05787057 0.00801638
v 0.00733710 0.05645213 0.00921399
v 0.00758946 0.05572169 0.00945653
v 0.00773423 0.05560127 0.00940994
v 0.00763462 0.05560127 0.00949215
v 0.00755625 0.05547788 0.00963055
v 0.00768907 0.05542162 0.00955518
v 0.00781791 0.05536437 0.00948119
v 0.00795206 0.05526665 0.00942501
v 0.00886986 0.05518373 0.00869329
v 0.00876493 0.05508700 0.00883580
v 0.00887384 0.05501198 0.00878373
v 0.00734639 0.05807391 0.00801912
v 0.00743937 0.05856646 0.00750116
v 0.00729327 0.05842037 0.00776014
v 0.00880743 0.05495374 0.00887142
v 0.00894025 0.05483628 0.00881524
v 0.00897479 0.05470302 0.00884402
v 0.00879813 0.05454706 0.00906326
v 0.00875298 0.05425587 0.00922495
v 0.00893361 0.05440097 0.00900708
v 0.00896283 0.05427561 0.00903311
v 0.00904651 0.05440097 0.00890705
v 0.00899338 0.05414236 0.00906052
v 0.00905714 0.05412262 0.00901119
v 0.00918332 0.05412262 0.00889746
v 0.00920855 0.05412262 0.00887416
v 0.00929754 0.05412262 0.00879195
v 0.00941575 0.05412262 0.00868233
v 0.00745531 0.06215253 -0.00085881
v 0.00716310 0.06232527 -0.00141651
v 0.00707411 0.06237956 -0.00141651
v 0.00692402 0.06247333 -0.00125893
v 0.00692137 0.06247235 -0.00141651
v 0.00391030 0.06268654 0.00420294
v 0.00418259 0.06250492 0.00444821
v 0.00431541 0.06248123 0.00440163
v 0.00447479 0.06245359 0.00433859
v 0.00519070 0.06210910 0.00445507
v 0.00497420 0.06230257 0.00424267
v 0.00532485 0.06208047 0.00440026
v 0.00547095 0.06204790 0.00433722
v 0.00566753 0.06204889 0.00413853
v 0.00572996 0.06208146 0.00399055
v 0.00567284 0.06195018 0.00434270
v 0.00580434 0.06191760 0.00427556
v 0.00578441 0.06210713 0.00385626
v 0.00574457 0.06228875 0.00340407
v 0.00579504 0.06231244 0.00327116
v 0.00575386 0.06249308 0.00281486
v 0.00593716 0.06248419 0.00259014
v 0.00587473 0.06239042 0.00294230
v 0.00597833 0.06230355 0.00304644
v 0.00605670 0.06223643 0.00312591
v 0.00606068 0.06244372 0.00253122
v -0.00018326 0.06311197 0.00471953
v 0.00007309 0.06311889 0.00468116
v 0.00027232 0.06311494 0.00467157
v 0.00007309 0.06307447 0.00478119
v 0.00047288 0.06306558 0.00476063
v 0.00067344 0.06297181 0.00494288
v 0.00067344 0.06291258 0.00506483
v 0.00067344 0.06286323 0.00516486
v 0.00027232 0.06272405 0.00548550
v 0.00047288 0.06271813 0.00547317
v 0.00067344 0.06271122 0.00545947
v 0.00087666 0.06265890 0.00552661
v 0.00094572 0.06270036 0.00543891
v 0.00107323 0.06274873 0.00532929
v 0.00107323 0.06269444 0.00542932
v 0.00127247 0.06273984 0.00531148
v 0.00147303 0.06272800 0.00528956
v 0.00167359 0.06271319 0.00526352
v 0.00178383 0.06270431 0.00524708
v 0.00185954 0.06264706 0.00532518
v 0.00207338 0.06252269 0.00547865
v 0.00207338 0.06259869 0.00534300
v 0.00221019 0.06250986 0.00545673
v 0.00227527 0.06255131 0.00535670
v 0.00262326 0.06251578 0.00526900
v 0.00234434 0.06249604 0.00543206
v 0.00247317 0.06248222 0.00540466
v 0.00267639 0.06235192 0.00555676
v 0.00287429 0.06233218 0.00550058
v 0.00268436 0.06246445 0.00533888
v 0.00301376 0.06231343 0.00546495
v 0.00314791 0.06229566 0.00542932
v 0.00327409 0.06232922 0.00529641
v 0.00308017 0.06246149 0.00513746
v 0.00340691 0.06251183 0.00486203
v 0.00379740 0.06250887 0.00465649
v 0.00386780 0.06254243 0.00454961
v 0.00393155 0.06249011 0.00461950
v 0.00379342 0.06230849 0.00505387
v 0.00647641 0.05412262 0.01090763
v 0.00641000 0.05436445 0.01086653
v 0.00686027 0.05439209 0.01057877
v 0.00702231 0.05440097 0.01047463
v 0.00695191 0.05466058 0.01043078
v 0.00681112 0.05480074 0.01046778
v 0.00677792 0.05490636 0.01044723
v 0.00654415 0.05424304 0.01082542
v 0.00666236 0.05498434 0.01047600
v 0.00715115 0.05527257 0.01002930
v 0.00708075 0.05541175 0.00999915
v 0.00692004 0.05520051 0.01021154
v 0.00708075 0.05520446 0.01011014
v 0.00714052 0.05566148 0.00982239
v 0.00707411 0.05580362 0.00978539
v 0.00694793 0.05587173 0.00982787
v 0.00699309 0.05612343 0.00965658
v 0.00693465 0.05625669 0.00961822
v 0.00712724 0.05604841 0.00961137
v 0.00708075 0.05620931 0.00954833
v 0.00697582 0.05650445 0.00944556
v 0.00716841 0.05629420 0.00943871
v 0.00722154 0.05616094 0.00947845
v 0.00728264 0.05621721 0.00939897
v 0.00720295 0.05653998 0.00926606
v 0.00727201 0.05639192 0.00930169
v 0.00758016 0.05870860 0.00724903
v 0.00716310 0.05869182 0.00763271
v 0.00723881 0.05876092 0.00749979
v 0.00695457 0.05888529 0.00762722
v 0.00716576 0.05909554 0.00723533
v 0.00682175 0.05913996 0.00748335
v 0.00673409 0.05927222 0.00741072
v 0.00660127 0.05932059 0.00746416
v 0.00651095 0.05926137 0.00759845
v 0.00637813 0.05930282 0.00764504
v 0.00614303 0.05928210 0.00782317
v 0.00538196 0.05970555 0.00784784
v 0.00600224 0.05951801 0.00766148
v 0.00569410 0.05961277 0.00775603
v 0.00537798 0.05990396 0.00764504
v 0.00527438 0.05993357 0.00767655
v 0.00527438 0.05983684 0.00777658
v 0.00513226 0.05987731 0.00781906
v 0.00551479 0.05946767 0.00800953
v 0.00563167 0.05933342 0.00807530
v 0.00550814 0.05926433 0.00820822
v 0.00537532 0.05930184 0.00824384
v 0.00527438 0.05953479 0.00807530
v 0.00538064 0.05950518 0.00804653
v 0.00499811 0.05991482 0.00785606
v 0.00487459 0.06005005 0.00779029
v 0.00499545 0.06011322 0.00765600
v 0.00487459 0.06014481 0.00769026
v 0.00467137 0.06020008 0.00774233
v 0.00447479 0.06025042 0.00778755
v 0.00447479 0.06015073 0.00789306
v 0.00432736 0.06028300 0.00782180
v 0.00419454 0.06030965 0.00785195
v 0.00369115 0.06003721 0.00833702
v 0.00387444 0.06017541 0.00812189
v 0.00387444 0.06008065 0.00822192
v 0.00256349 0.06069856 0.00803967
v 0.00248778 0.06063539 0.00813559
v 0.00227394 0.06064920 0.00818766
v 0.00207338 0.06057320 0.00831373
v 0.00207338 0.06047153 0.00841376
v 0.00207338 0.06067388 0.00821370
v 0.00347332 0.06005696 0.00839594
v 0.00325416 0.06036394 0.00814929
v 0.00347332 0.06044488 0.00798212
v 0.00347332 0.06053766 0.00788209
v 0.00327409 0.06057122 0.00791909
v 0.00191931 0.06048930 0.00843157
v 0.00147303 0.06091276 0.00805612
v 0.00207338 0.06076469 0.00811367
v 0.00207338 0.06086439 0.00800131
v 0.00207338 0.06095224 0.00790128
v 0.00187282 0.06096902 0.00792183
v 0.00187282 0.06106970 0.00780262
v 0.00166960 0.06097001 0.00795883
v 0.00167359 0.06108451 0.00782043
v 0.00147303 0.06109537 0.00783413
v 0.00107323 0.06074495 0.00829454
v 0.00087267 0.06085057 0.00818081
v -0.00018326 0.06057715 0.00853160
v 0.00067344 0.06075482 0.00830688
v 0.00047288 0.06075680 0.00831099
v 0.00027232 0.06075877 0.00831236
v 0.00007309 0.06075976 0.00831373
v 0.00007309 0.06067684 0.00841376
v -0.00018326 0.06064920 0.00844664
v 0.00806230 0.06173598 -0.00141651
v 0.00789893 0.06185048 -0.00141651
v 0.00781924 0.06190477 -0.00141651
v 0.00767446 0.06200249 -0.00141651
v 0.00780330 0.06192155 -0.00125893
v 0.00755492 0.06209034 -0.00085881
v 0.00767446 0.06200644 -0.00125893
v 0.00755227 0.06208936 -0.00105887
v 0.00754696 0.06208541 -0.00141651
v 0.00754961 0.06208738 -0.00125893
v 0.00619616 0.06211305 0.00327390
v 0.00623999 0.06213674 0.00314235
v 0.00633695 0.06228283 0.00258603
v 0.00614967 0.06208936 0.00340818
v 0.00635422 0.06189095 0.00361372
v 0.00628249 0.06187121 0.00376034
v 0.00629445 0.06178040 0.00396177
v 0.00637414 0.06170143 0.00404125
v 0.00623601 0.06173697 0.00414265
v 0.00598896 0.06191070 0.00406180
v 0.00587208 0.06194426 0.00413442
v 0.00593716 0.06188108 0.00419609
v 0.00607131 0.06174388 0.00433585
v 0.00613506 0.06168071 0.00439614
v 0.00626523 0.06153955 0.00453043
v 0.00632500 0.06147243 0.00458935
v 0.00637680 0.06130364 0.00484559
v 0.00642196 0.06133128 0.00474282
v 0.00656009 0.06109339 0.00502647
v 0.00679253 0.06071336 0.00546495
v 0.00686425 0.06074100 0.00533066
v 0.00666900 0.06074989 0.00553620
v 0.00654947 0.06088709 0.00541699
v 0.00636352 0.06109635 0.00523337
v 0.00641532 0.06092361 0.00548002
v 0.00639008 0.06070843 0.00585273
v 0.00627453 0.06067191 0.00599661
v 0.00643524 0.06053273 0.00608842
v 0.00623069 0.06112991 0.00528956
v 0.00627187 0.06095520 0.00554579
v 0.00634625 0.06048732 0.00622133
v 0.00649102 0.06046067 0.00615008
v 0.00660525 0.06031853 0.00626655
v 0.00663314 0.06013691 0.00648854
v 0.00676596 0.06009644 0.00643647
v 0.00687355 0.06013888 0.00629122
v 0.00687753 0.06024055 0.00614460
v 0.00699176 0.05991482 0.00645839
v 0.00706481 0.05979439 0.00653512
v 0.00685761 0.05994936 0.00653238
v 0.00722553 0.05954071 0.00668722
v 0.00736897 0.05929789 0.00683932
v 0.00713787 0.05967397 0.00661049
v 0.00715912 0.05928999 0.00702979
v 0.00765853 0.05858522 0.00728877
v 0.00763727 0.05836707 0.00749979
v 0.00740484 0.05594280 0.00946886
v 0.00737030 0.05569701 0.00964151
v 0.00746859 0.05539398 0.00974017
v 0.00760540 0.05534462 0.00966755
v 0.00773822 0.05524690 0.00961411
v 0.00778205 0.05511365 0.00965110
v 0.00834123 0.05504850 0.00921536
v 0.00846874 0.05499125 0.00913862
v 0.00757219 0.05850033 0.00744087
v 0.00859492 0.05493400 0.00906189
v 0.00838373 0.05491426 0.00925099
v 0.00851522 0.05480074 0.00919343
v 0.00876493 0.05468032 0.00903448
v 0.00867594 0.05460333 0.00914411
v 0.00858695 0.05452535 0.00925373
v 0.00871711 0.05440097 0.00919481
v 0.00878485 0.05412262 0.00925236
v 0.00852187 0.05412262 0.00947982
v 0.00868125 0.05419369 0.00931265
v 0.00888978 0.05412262 0.00916055
v 0.00899737 0.05412262 0.00906463
v 0.00718701 0.06231046 -0.00141651
v 0.00416798 0.06230059 0.00484011
v 0.00425962 0.06243582 0.00452632
v 0.00392624 0.06228776 0.00501550
v 0.00385850 0.06213674 0.00534163
v 0.00391561 0.06208245 0.00540740
v 0.00446815 0.06234699 0.00454413
v 0.00462222 0.06232132 0.00447836
v 0.00475637 0.06229467 0.00442903
v 0.00526375 0.06203408 0.00453043
v 0.00546299 0.06194130 0.00453865
v 0.00496623 0.06209923 0.00463731
v 0.00480950 0.06191760 0.00506894
v 0.00560510 0.06191662 0.00446740
v 0.00586145 0.06203605 0.00393163
v 0.00573793 0.06188503 0.00440848
v 0.00600224 0.06171624 0.00447014
v 0.00592786 0.06207653 0.00374253
v 0.00596771 0.06209824 0.00363291
v 0.00601685 0.06212292 0.00349999
v 0.00582692 0.06212785 0.00374253
v 0.00586676 0.06225321 0.00333967
v 0.00592919 0.06227986 0.00318072
v 0.00607928 0.06214858 0.00334104
v -0.00018326 0.06307940 0.00479215
v -0.00012747 0.06300734 0.00494288
v 0.00007309 0.06299846 0.00494288
v -0.00012747 0.06293134 0.00510183
v 0.00047288 0.06291752 0.00507442
v 0.00007309 0.06272899 0.00549647
v 0.00027232 0.06267272 0.00558416
v -0.00012747 0.06268457 0.00560472
v -0.00012747 0.06261449 0.00574174
v 0.00007309 0.06260264 0.00574174
v 0.00007309 0.06252664 0.00588562
v 0.00047288 0.06266483 0.00557320
v 0.00027232 0.06251874 0.00587329
v 0.00047288 0.06251183 0.00585821
v 0.00074915 0.06250097 0.00583903
v 0.00107323 0.06263225 0.00554305
v 0.00107323 0.06254045 0.00571023
v 0.00127247 0.06268457 0.00541151
v 0.00147303 0.06267272 0.00538958
v 0.00167359 0.06265792 0.00536355
v 0.00187282 0.06254045 0.00550880
v 0.00207338 0.06246445 0.00557868
v 0.00227527 0.06245359 0.00553072
v 0.00247317 0.06240522 0.00554305
v 0.00227394 0.06228677 0.00581574
v 0.00256216 0.06210022 0.00603909
v 0.00287429 0.06227986 0.00559923
v 0.00267639 0.06225420 0.00573078
v 0.00300313 0.06211009 0.00585547
v 0.00313728 0.06209331 0.00582533
v 0.00327409 0.06207554 0.00579107
v 0.00327409 0.06212785 0.00569104
v 0.00327409 0.06220386 0.00554305
v 0.00353840 0.06229270 0.00522515
v 0.00367388 0.06227394 0.00518816
v 0.00367388 0.06212193 0.00548002
v 0.00386514 0.06224630 0.00513060
v 0.00677393 0.05412262 0.01072265
v 0.00745796 0.05412262 0.01029513
v 0.00736101 0.05447698 0.01023621
v 0.00719099 0.05472868 0.01025402
v 0.00707942 0.05479778 0.01029924
v 0.00732780 0.05460037 0.01021428
v 0.00714982 0.05486194 0.01022935
v 0.00701700 0.05495769 0.01027183
v 0.00696653 0.05509094 0.01023895
v 0.00720295 0.05513931 0.01006355
v 0.00727201 0.05520446 0.00998134
v 0.00738093 0.05530909 0.00984842
v 0.00726670 0.05538608 0.00988679
v 0.00722951 0.05580066 0.00968262
v 0.00718435 0.05591417 0.00965110
v 0.00706614 0.05598919 0.00968536
v 0.00702497 0.05934033 0.00708734
v 0.00708739 0.05941140 0.00695443
v 0.00681378 0.05933145 0.00727644
v 0.00680316 0.05952294 0.00706816
v 0.00672346 0.05946471 0.00720107
v 0.00659064 0.05951209 0.00725588
v 0.00647509 0.05954861 0.00729699
v 0.00647509 0.05946076 0.00739702
v 0.00636484 0.05949531 0.00743539
v 0.00628914 0.05944398 0.00754638
v 0.00606201 0.05959303 0.00753405
v 0.00575785 0.05969075 0.00763134
v 0.00522922 0.06013296 0.00748061
v 0.00512960 0.06007571 0.00761352
v 0.00560909 0.05992173 0.00746690
v 0.00547494 0.06006189 0.00739702
v 0.00506452 0.05999576 0.00773685
v 0.00505257 0.06018922 0.00752857
v 0.00497553 0.06030175 0.00744361
v 0.00487459 0.06024549 0.00757378
v 0.00473114 0.06028102 0.00761763
v 0.00459832 0.06031360 0.00765600
v 0.00447479 0.06034123 0.00768752
v 0.00417993 0.06050410 0.00764641
v 0.00407367 0.06043205 0.00776836
v 0.00387444 0.06046857 0.00780810
v 0.00387444 0.06036887 0.00791498
v 0.00375623 0.06029583 0.00803693
v 0.00287429 0.06064723 0.00798212
v 0.00314392 0.06069264 0.00783276
v 0.00267373 0.06076864 0.00791909
v 0.00240410 0.06091177 0.00785469
v 0.00242934 0.06071929 0.00806297
v 0.00227394 0.06074100 0.00808763
v 0.00387444 0.06055839 0.00770807
v 0.00327409 0.06067092 0.00780810
v 0.00134817 0.06110030 0.00784099
v 0.00127247 0.06092065 0.00806571
v 0.00227394 0.06084169 0.00797527
v 0.00227394 0.06092954 0.00787524
v 0.00237356 0.06110227 0.00764367
v 0.00207338 0.06105193 0.00778206
v 0.00207338 0.06113090 0.00768203
v 0.00187282 0.06114768 0.00770259
v 0.00167359 0.06116249 0.00772040
v 0.00147303 0.06127403 0.00760530
v 0.00127247 0.06136188 0.00751897
v 0.00127247 0.06128291 0.00761900
v 0.00107323 0.06092756 0.00807393
v 0.00087267 0.06093250 0.00808078
v 0.00067344 0.06111807 0.00786291
v 0.00027232 0.06094039 0.00809037
v 0.00047288 0.06103910 0.00796568
v 0.00007309 0.06094138 0.00809174
v -0.00018326 0.06075976 0.00831373
v -0.00018326 0.06073706 0.00834113
v -0.00018326 0.06067684 0.00841376
v 0.00741413 0.06216931 -0.00141651
v 0.00607928 0.06206863 0.00355754
v 0.00622140 0.06192846 0.00370553
v 0.00617225 0.06190082 0.00383982
v 0.00603412 0.06193537 0.00394259
v 0.00619218 0.06151191 0.00466061
v 0.00660924 0.06092361 0.00528407
v 0.00612178 0.06147441 0.00479352
v 0.00606334 0.06142703 0.00493055
v 0.00627453 0.06073607 0.00589658
v 0.00616694 0.06069757 0.00603635
v 0.00587473 0.06064032 0.00633781
v 0.00627718 0.06056925 0.00615008
v 0.00621343 0.06052088 0.00626929
v 0.00607529 0.06132832 0.00508676
v 0.00607529 0.06126811 0.00518679
v 0.00607928 0.06116644 0.00535122
v 0.00627718 0.06043896 0.00633918
v 0.00638344 0.06030570 0.00644880
v 0.00646048 0.06034518 0.00633644
v 0.00576183 0.06049522 0.00663378
v 0.00651626 0.06027017 0.00639947
v 0.00654814 0.06008459 0.00662282
v 0.00656408 0.05989409 0.00683384
v 0.00657869 0.05970358 0.00704486
v 0.00665572 0.05974701 0.00693250
v 0.00679253 0.05971542 0.00685851
v 0.00691340 0.05985756 0.00659131
v 0.00692535 0.05966607 0.00680233
v 0.00714849 0.05948247 0.00682151
v 0.00723615 0.05934922 0.00689687
v 0.00752039 0.05520051 0.00980594
v 0.00756289 0.05508403 0.00983472
v 0.00767314 0.05518867 0.00969769
v 0.00760672 0.05495078 0.00986898
v 0.00781658 0.05500112 0.00967851
v 0.00795472 0.05486688 0.00962781
v 0.00827349 0.05481555 0.00938801
v 0.00812871 0.05460037 0.00960588
v 0.00827349 0.05458062 0.00949352
v 0.00837443 0.05450067 0.00944419
v 0.00855241 0.05465860 0.00922495
v 0.00839436 0.05412262 0.00958944
v 0.00845014 0.05420060 0.00950860
v 0.00427423 0.06233514 0.00470308
v 0.00401789 0.06211897 0.00527448
v 0.00378146 0.06210515 0.00544851
v 0.00399796 0.06191168 0.00565953
v 0.00376287 0.06189885 0.00583629
v 0.00387444 0.06172315 0.00607883
v 0.00439776 0.06231145 0.00465923
v 0.00446815 0.06224334 0.00473323
v 0.00527438 0.06193340 0.00469623
v 0.00546299 0.06182976 0.00472912
v 0.00552143 0.06187812 0.00460168
v 0.00451331 0.06207850 0.00500043
v 0.00467403 0.06204889 0.00493740
v 0.00458503 0.06190675 0.00525119
v 0.00471918 0.06187812 0.00520323
v 0.00579770 0.06171328 0.00466335
v 0.00609389 0.06197782 0.00376034
v 0.00593052 0.06168071 0.00460305
v -0.00018326 0.06300932 0.00494288
v 0.00007309 0.06287804 0.00519227
v -0.00018326 0.06293233 0.00510320
v -0.00018326 0.06279216 0.00539095
v -0.00018326 0.06272109 0.00553620
v -0.00018326 0.06266779 0.00564308
v -0.00018326 0.06261745 0.00574174
v -0.00012747 0.06253354 0.00589521
v 0.00007309 0.06247037 0.00598565
v 0.00027232 0.06246445 0.00597332
v 0.00051804 0.06229862 0.00623641
v 0.00067344 0.06229270 0.00622407
v 0.00087267 0.06249505 0.00582807
v 0.00087267 0.06233909 0.00610623
v 0.00107323 0.06248419 0.00581026
v 0.00127247 0.06252861 0.00568830
v 0.00107323 0.06227098 0.00618708
v 0.00127247 0.06231441 0.00606375
v 0.00127247 0.06225716 0.00616378
v 0.00147303 0.06258487 0.00554305
v 0.00166695 0.06254934 0.00555539
v 0.00172937 0.06249505 0.00562938
v 0.00167359 0.06234106 0.00590754
v 0.00167359 0.06212292 0.00627752
v 0.00187946 0.06215648 0.00615830
v 0.00194985 0.06209824 0.00623504
v 0.00227394 0.06212785 0.00608431
v 0.00267373 0.06214661 0.00591851
v 0.00282249 0.06191267 0.00625970
v 0.00267373 0.06208837 0.00601854
v 0.00207338 0.06208640 0.00621585
v 0.00247317 0.06188701 0.00641728
v 0.00275475 0.06169847 0.00663652
v 0.00287429 0.06174783 0.00651731
v 0.00287429 0.06212489 0.00588014
v 0.00287429 0.06206666 0.00598017
v 0.00307353 0.06188503 0.00621311
v 0.00307353 0.06194327 0.00611308
v 0.00327409 0.06175474 0.00635425
v 0.00327409 0.06186134 0.00617063
v 0.00327409 0.06191859 0.00607061
v 0.00338167 0.06190477 0.00604731
v 0.00347066 0.06204987 0.00573215
v 0.00340027 0.06211009 0.00565816
v 0.00353442 0.06209034 0.00561979
v 0.00751641 0.05412262 0.01025813
v 0.00753500 0.05420060 0.01021976
v 0.00746726 0.05440591 0.01019236
v 0.00748586 0.05460727 0.01011014
v 0.00756157 0.05467834 0.01003478
v 0.00742210 0.05480074 0.01007588
v 0.00738359 0.05491524 0.01005122
v 0.00727201 0.05498928 0.01009096
v 0.00733710 0.05504850 0.01001833
v 0.00701567 0.05953282 0.00687769
v 0.00647509 0.05973517 0.00708186
v 0.00635023 0.05968680 0.00722574
v 0.00587473 0.05974306 0.00749020
v 0.00621741 0.05972628 0.00727233
v 0.00547494 0.06014579 0.00729699
v 0.00528500 0.06020798 0.00735043
v 0.00510835 0.06026622 0.00739839
v 0.00583887 0.05993949 0.00728740
v 0.00607529 0.05986941 0.00720518
v 0.00589731 0.06001550 0.00715859
v 0.00631968 0.06006880 0.00680370
v 0.00618553 0.06010828 0.00685029
v 0.00559315 0.06011223 0.00725588
v 0.00520664 0.06031952 0.00726547
v 0.00505522 0.06034420 0.00733673
v 0.00494764 0.06048732 0.00722437
v 0.00487857 0.06043402 0.00733810
v 0.00467403 0.06047745 0.00741209
v 0.00487459 0.06032742 0.00747375
v 0.00466871 0.06036887 0.00754775
v 0.00457441 0.06050114 0.00744224
v 0.00449472 0.06045278 0.00754501
v 0.00431408 0.06047548 0.00761215
v 0.00444026 0.06053075 0.00747924
v 0.00425829 0.06055346 0.00754501
v 0.00427423 0.06066500 0.00739428
v 0.00414141 0.06068967 0.00742717
v 0.00407500 0.06063242 0.00753268
v 0.00387444 0.06065908 0.00758886
v 0.00407367 0.06052385 0.00766833
v 0.00372169 0.06068474 0.00762174
v 0.00358754 0.06070646 0.00764778
v 0.00327409 0.06075680 0.00770807
v 0.00287429 0.06092164 0.00766696
v 0.00121402 0.06110524 0.00784647
v 0.00107323 0.06147046 0.00740250
v 0.00107323 0.06136977 0.00752857
v 0.00107323 0.06128982 0.00762859
v 0.00206807 0.06135694 0.00735591
v 0.00199767 0.06130660 0.00745046
v 0.00206807 0.06124047 0.00752720
v 0.00227394 0.06111215 0.00765600
v 0.00347730 0.06083478 0.00753268
v 0.00280523 0.06111215 0.00745594
v 0.00307353 0.06124738 0.00717367
v 0.00307353 0.06132536 0.00707364
v 0.00327409 0.06147243 0.00680233
v 0.00313728 0.06149316 0.00682973
v 0.00300313 0.06150895 0.00685303
v 0.00287429 0.06152277 0.00687358
v 0.00267373 0.06154350 0.00690373
v 0.00251700 0.06149119 0.00702705
v 0.00187282 0.06124836 0.00756693
v 0.00167359 0.06126218 0.00759023
v 0.00127247 0.06146157 0.00739017
v 0.00107323 0.06110919 0.00785195
v 0.00087267 0.06129574 0.00763545
v 0.00067344 0.06148132 0.00741620
v 0.00053531 0.06130167 0.00764230
v 0.00040248 0.06130265 0.00764367
v 0.00007309 0.06112300 0.00786839
v -0.00018326 0.06094138 0.00809174
v 0.00598763 0.06150895 0.00485518
v 0.00527836 0.06116644 0.00595002
v 0.00471387 0.06127403 0.00619804
v 0.00575652 0.06089400 0.00602950
v 0.00588669 0.06125922 0.00534711
v 0.00567284 0.06124047 0.00553757
v 0.00499014 0.06110919 0.00625422
v 0.00546963 0.06083379 0.00633370
v 0.00565956 0.06074199 0.00633781
v 0.00528500 0.06065414 0.00674477
v 0.00547228 0.06056234 0.00674615
v 0.00562901 0.06052878 0.00668174
v 0.00587473 0.06147737 0.00500043
v 0.00596107 0.06129574 0.00523200
v 0.00517742 0.06050312 0.00704486
v 0.00615764 0.06029287 0.00662967
v 0.00646579 0.06019712 0.00653512
v 0.00641399 0.06012309 0.00666941
v 0.00642993 0.05993554 0.00688180
v 0.00747390 0.05500013 0.00994297
v 0.00752172 0.05480074 0.01000600
v 0.00786706 0.05478692 0.00973743
v 0.00773955 0.05484121 0.00981553
v 0.00777806 0.05470697 0.00984705
v 0.00820575 0.05475830 0.00947023
v 0.00790690 0.05460037 0.00978813
v 0.00816192 0.05447599 0.00963329
v 0.00819645 0.05434274 0.00966206
v 0.00818848 0.05412262 0.00976209
v 0.00427423 0.06220287 0.00494288
v 0.00406836 0.06194821 0.00554579
v 0.00415071 0.06209331 0.00522789
v 0.00363005 0.06192057 0.00587603
v 0.00397804 0.06170341 0.00604457
v 0.00360880 0.06171427 0.00626381
v 0.00374162 0.06169058 0.00622270
v 0.00387444 0.06166590 0.00617886
v 0.00527438 0.06187417 0.00479626
v 0.00478161 0.06170538 0.00544851
v 0.00558252 0.06170538 0.00484833
v 0.00547494 0.06166985 0.00498947
v 0.00571535 0.06167478 0.00479626
v 0.00427423 0.06206962 0.00518405
v 0.00422642 0.06192254 0.00548002
v 0.00428486 0.06186233 0.00554579
v 0.00435924 0.06189589 0.00543343
v 0.00405640 0.06173401 0.00593495
v 0.00420251 0.06171427 0.00586370
v -0.00018326 0.06253453 0.00589795
v -0.00012747 0.06247531 0.00599524
v 0.00038389 0.06230257 0.00624326
v 0.00045960 0.06225124 0.00632273
v 0.00067344 0.06213476 0.00649539
v 0.00067344 0.06222557 0.00634192
v 0.00087267 0.06220485 0.00634192
v 0.00107323 0.06211305 0.00645976
v 0.00119012 0.06210515 0.00644743
v 0.00166695 0.06244866 0.00572667
v 0.00152615 0.06229467 0.00602950
v 0.00147303 0.06214069 0.00630629
v 0.00132427 0.06209331 0.00642824
v 0.00167359 0.06206271 0.00637754
v 0.00221948 0.06191070 0.00645702
v 0.00307353 0.06172611 0.00648168
v 0.00288226 0.06196005 0.00615830
v 0.00262193 0.06171131 0.00665708
v 0.00268170 0.06165307 0.00673107
v 0.00287429 0.06160766 0.00674203
v 0.00287429 0.06168663 0.00661734
v 0.00307353 0.06166590 0.00658171
v 0.00320900 0.06171032 0.00645702
v 0.00334182 0.06169453 0.00642961
v 0.00345871 0.06193833 0.00594317
v 0.00347332 0.06167676 0.00639810
v 0.00768110 0.05412262 0.01015262
v 0.00763462 0.05440097 0.01008548
v 0.00780861 0.05412262 0.01006903
v 0.00780064 0.05415223 0.01006355
v 0.00776611 0.05428549 0.01003752
v 0.00766782 0.05460727 0.00997997
v 0.00582293 0.06012901 0.00707638
v 0.00549221 0.06025536 0.00714900
v 0.00534079 0.06028300 0.00721889
v 0.00620147 0.05991778 0.00706131
v 0.00608459 0.06024647 0.00674340
v 0.00587739 0.06020403 0.00694483
v 0.00556924 0.06029879 0.00703938
v 0.00543642 0.06033433 0.00708597
v 0.00525844 0.06039355 0.00713256
v 0.00487857 0.06057419 0.00715174
v 0.00481349 0.06052187 0.00726822
v 0.00467403 0.06055543 0.00731206
v 0.00453855 0.06068671 0.00722163
v 0.00448940 0.06060873 0.00735180
v 0.00440573 0.06071534 0.00725999
v 0.00427423 0.06074002 0.00729425
v 0.00374295 0.06129081 0.00682699
v 0.00407500 0.06077062 0.00735317
v 0.00400859 0.06071435 0.00745868
v 0.00387444 0.06073804 0.00748883
v 0.00367388 0.06095026 0.00730384
v 0.00354504 0.06089301 0.00743128
v 0.00107323 0.06154745 0.00730247
v 0.00087267 0.06155535 0.00731069
v 0.00087267 0.06147638 0.00741072
v 0.00087267 0.06137668 0.00753542
v 0.00238418 0.06150402 0.00704623
v 0.00175328 0.06149810 0.00723670
v 0.00187282 0.06131845 0.00746690
v 0.00161913 0.06151093 0.00725588
v 0.00329135 0.06104897 0.00733810
v 0.00323557 0.06112202 0.00726822
v 0.00319041 0.06130759 0.00704897
v 0.00326346 0.06136089 0.00695031
v 0.00347332 0.06116150 0.00711886
v 0.00347332 0.06133918 0.00689002
v 0.00342949 0.06152080 0.00666804
v 0.00327409 0.06154251 0.00670230
v 0.00307087 0.06155732 0.00675437
v 0.00247317 0.06166195 0.00678040
v 0.00227394 0.06168169 0.00680918
v 0.00213315 0.06169453 0.00683110
v 0.00207338 0.06153462 0.00709008
v 0.00167359 0.06133621 0.00749020
v 0.00127247 0.06153758 0.00729014
v 0.00067344 0.06156028 0.00731617
v 0.00047288 0.06148329 0.00741894
v 0.00007309 0.06130364 0.00764504
v -0.00018326 0.06112300 0.00786839
v 0.00587473 0.06153659 0.00490040
v 0.00417063 0.06150007 0.00624052
v 0.00403781 0.06153166 0.00628848
v 0.00458105 0.06130463 0.00624737
v 0.00569410 0.06146947 0.00515253
v 0.00555065 0.06149119 0.00522515
v 0.00548025 0.06145071 0.00534300
v 0.00439377 0.06151093 0.00605690
v 0.00422243 0.06132437 0.00647757
v 0.00494897 0.06089005 0.00662419
v 0.00547494 0.06073113 0.00648854
v 0.00477231 0.06070152 0.00704212
v 0.00525578 0.06053964 0.00693524
v 0.00567683 0.06160371 0.00494562
v 0.00577246 0.06150106 0.00504154
v 0.00469395 0.06066500 0.00715037
v 0.00507382 0.06052878 0.00708049
v 0.00579770 0.06031360 0.00685851
v 0.00787768 0.05438913 0.00990323
v 0.00801183 0.05420060 0.00987446
v 0.00809949 0.05412262 0.00983609
v 0.00351582 0.06188404 0.00600894
v 0.00411086 0.06167478 0.00599661
v 0.00367521 0.06164813 0.00633507
v 0.00387577 0.06156226 0.00635014
v 0.00427158 0.06164122 0.00593495
v 0.00548025 0.06156818 0.00515253
v 0.00563964 0.06153166 0.00509224
v -0.00018326 0.06247531 0.00599798
v 0.00007309 0.06230948 0.00625422
v 0.00047288 0.06214167 0.00650361
v 0.00027232 0.06230553 0.00624737
v 0.00087267 0.06212489 0.00647894
v 0.00067344 0.06207159 0.00659542
v 0.00107323 0.06204987 0.00655979
v 0.00107323 0.06195018 0.00671463
v 0.00127247 0.06187023 0.00679273
v 0.00127247 0.06193439 0.00669270
v 0.00147303 0.06175375 0.00692291
v 0.00147303 0.06191760 0.00666667
v 0.00166695 0.06195314 0.00655568
v 0.00206939 0.06175375 0.00675574
v 0.00247317 0.06172512 0.00668037
v 0.00327409 0.06165011 0.00653101
v 0.00348660 0.06157213 0.00655842
v 0.00356231 0.06149810 0.00663652
v 0.00790026 0.05412262 0.00999778
v 0.00798394 0.05412262 0.00993064
v 0.00463949 0.06073212 0.00708734
v 0.00435791 0.06089499 0.00703253
v 0.00422376 0.06092361 0.00707090
v 0.00387444 0.06126514 0.00678999
v 0.00360880 0.06131548 0.00685988
v 0.00378678 0.06110721 0.00704897
v 0.00383061 0.06092263 0.00726959
v 0.00367388 0.06104996 0.00717504
v 0.00347332 0.06108352 0.00721889
v 0.00336972 0.06110030 0.00724081
v 0.00107323 0.06164813 0.00716545
v 0.00087267 0.06165504 0.00717778
v 0.00067344 0.06165998 0.00718463
v 0.00199900 0.06170736 0.00685029
v 0.00167359 0.06167182 0.00699553
v 0.00147303 0.06168959 0.00702294
v 0.00147303 0.06161062 0.00714215
v 0.00147303 0.06152376 0.00727233
v 0.00128176 0.06164912 0.00712845
v 0.00047288 0.06156226 0.00731892
v 0.00027232 0.06148329 0.00741894
v 0.00007309 0.06148329 0.00741757
v -0.00018326 0.06130265 0.00764367
v 0.00394218 0.06148921 0.00642276
v 0.00526641 0.06154942 0.00534300
v 0.00440573 0.06111708 0.00666530
v 0.00367388 0.06154251 0.00650361
v 0.00380936 0.06151685 0.00646387
v -0.00018326 0.06236377 0.00617338
v -0.00012747 0.06231145 0.00625559
v -0.00012747 0.06238351 0.00614186
v 0.00007309 0.06224532 0.00635425
v 0.00027232 0.06214463 0.00650635
v 0.00047288 0.06207653 0.00660364
v 0.00087267 0.06206172 0.00657897
v 0.00068672 0.06195906 0.00676259
v 0.00076243 0.06190181 0.00684206
v 0.00087267 0.06196202 0.00673244
v 0.00107323 0.06188404 0.00681466
v 0.00121934 0.06170834 0.00705171
v 0.00128176 0.06176066 0.00695991
v 0.00135349 0.06169946 0.00703801
v 0.00167359 0.06173598 0.00689550
v 0.00387444 0.06133523 0.00668996
v 0.00447479 0.06086932 0.00699279
v 0.00412680 0.06128094 0.00661049
v 0.00406570 0.06122764 0.00672970
v 0.00107323 0.06171723 0.00706542
v 0.00087267 0.06172710 0.00707775
v 0.00067344 0.06173203 0.00708460
v 0.00062828 0.06190477 0.00684617
v 0.00047288 0.06166195 0.00718737
v 0.00027232 0.06156127 0.00731892
v -0.00018326 0.06144578 0.00745868
v 0.00007309 0.06155930 0.00731754
v 0.00387577 0.06144085 0.00653512
v 0.00399265 0.06131055 0.00665434
v -0.00018326 0.06229171 0.00628300
v 0.00007309 0.06214562 0.00650498
v 0.00027232 0.06207653 0.00660638
v 0.00047288 0.06197979 0.00674203
v 0.00087267 0.06189589 0.00683247
v 0.00047288 0.06190576 0.00684754
v 0.00047288 0.06173401 0.00708734
v 0.00027232 0.06166096 0.00718600
v -0.00012747 0.06148033 0.00741483
v -0.00012747 0.06155436 0.00731480
v -0.00012747 0.06165504 0.00717778
v -0.00018326 0.06155337 0.00731206
v 0.00007309 0.06165899 0.00718326
v -0.00018326 0.06224236 0.00635425
v -0.00012747 0.06224334 0.00635562
v -0.00012747 0.06214266 0.00650087
v 0.00007309 0.06207455 0.00660501
v 0.00027232 0.06197979 0.00674203
v 0.00027232 0.06183370 0.00694620
v 0.00007309 0.06173203 0.00708323
v -0.00018326 0.06189885 0.00683795
v -0.00018326 0.06179718 0.00697772
v -0.00018326 0.06170637 0.00710241
v -0.00018326 0.06162543 0.00721340
v -0.00018326 0.06221472 0.00639399
v -0.00018326 0.06212193 0.00652690
v -0.00012747 0.06207159 0.00660090
v 0.00005449 0.06184555 0.00692428
v 0.00010895 0.06190379 0.00684480
v -0.00018326 0.06197091 0.00673792
f 1 2 3
f 1 3 4
f 1 4 11
f 1 11 10
f 1 10 24
f 1 24 44
f 1 44 64
f 1 64 91
f 1 91 123
f 1 123 158
f 1 158 195
f 1 195 244
f 1 244 243
f 1 243 306
f 1 306 305
f 1 305 304
f 1 304 375
f 1 375 455
f 1 455 454
f 1 454 542
f 1 542 637
f 1 637 747
f 1 747 869
f 1 869 1009
f 1 1009 1008
f 1 1008 1153
f 1 1153 1310
f 1 1310 1309
f 1 1309 1308
f 1 1308 1487
f 1 1487 1306
f 1 1306 1486
f 1 1486 1672
f 1 1672 1879
f 1 1879 2114
f 1 2114 2115
f 1 2115 2364
f 1 2364 2631
f 1 2631 2357
f 1 2357 2362
f 1 2362 2361
f 1 2361 2360
f 1 2360 2359
f 1 2359 2630
f 1 2630 2629
f 1 2629 2628
f 1 2628 2354
f 1 2354 2353
f 1 2353 2383
f 1 2383 2658
f 1 2658 2656
f 1 2656 2907
f 1 2907 3167
f 1 3167 3439
f 1 3439 3736
f 1 3736 4027
f 1 4027 4291
f 1 4291 4290
f 1 4290 4289
f 1 4289 4288
f 1 4288 4287
f 1 4287 4525
f 1 4525 4524
f 1 4524 4521
f 1 4521 4522
f 1 4522 4702
f 1 4702 4867
f 1 4867 4988
f 1 4988 5015
f 1 5015 5014
f 1 5014 4915
f 1 4915 4913
f 1 4913 4767
f 1 4767 4588
f 1 4588 4587
f 1 4587 4357
f 1 4357 4094
f 1 4094 4093
f 1 4093 3815
f 1 3815 3514
f 1 3514 3246
f 1 3246 3244
f 1 3244 3243
f 1 3243 3242
f 1 3242 3241
f 1 3241 2986
f 1 2986 2721
f 1 2721 2448
f 1 2448 2447
f 1 2447 2183
f 1 2183 1949
f 1 1949 1733
f 1 1733 1524
f 1 1524 1341
f 1 1341 1340
f 1 1340 1339
f 1 1339 1338
f 1 1338 1337
f 1 1337 1180
f 1 1180 1179
f 1 1179 1036
f 1 1036 891
f 1 891 766
f 1 766 764
f 1 764 656
f 1 656 555
f 1 555 467
f 1 467 466
f 1 466 384
f 1 384 314
f 1 314 313
f 1 313 250
f 1 250 200
f 1 200 199
f 1 199 161
f 1 161 126
f 1 126 93
f 1 93 66
f 1 66 45
f 1 45 27
f 1 27 26
f 1 26 25
f 1 25 12
f 1 12 5
f 1 5 6
f 1 6 7
f 1 7 2
f 2 7 8
f 2 8 3
f 3 9 10
f 3 10 11
f 3 11 4
f 3 8 9
f 5 12 13
f 5 13 6
f 6 14 27
f 6 27 45
f 6 45 65
f 6 65 92
f 6 92 124
f 6 124 159
f 6 159 196
f 6 196 246
f 6 246 307
f 6 307 376
f 6 376 456
f 6 456 543
f 6 543 638
f 6 638 748
f 6 748 870
f 6 870 1010
f 6 1010 1154
f 6 1154 1311
f 6 1311 1488
f 6 1488 1490
f 6 1490 1676
f 6 1676 1882
f 6 1882 1881
f 6 1881 1880
f 6 1880 1884
f 6 1884 2126
f 6 2126 2386
f 6 2386 2663
f 6 2663 2662
f 6 2662 2661
f 6 2661 2910
f 6 2910 2909
f 6 2909 2908
f 6 2908 3168
f 6 3168 3170
f 6 3170 3442
f 6 3442 3740
f 6 3740 3739
f 6 3739 3738
f 6 3738 3737
f 6 3737 3754
f 6 3754 3753
f 6 3753 4041
f 6 4041 4039
f 6 4039 4037
f 6 4037 4296
f 6 4296 4294
f 6 4294 4293
f 6 4293 4526
f 6 4526 4660
f 6 4660 4457
f 6 4457 4452
f 6 4452 4451
f 6 4451 4450
f 6 4450 4449
f 6 4449 4192
f 6 4192 4191
f 6 4191 3925
f 6 3925 3621
f 6 3621 3328
f 6 3328 3068
f 6 3068 3067
f 6 3067 2803
f 6 2803 2802
f 6 2802 2801
f 6 2801 2800
f 6 2800 2804
f 6 2804 2546
f 6 2546 2544
f 6 2544 2543
f 6 2543 2542
f 6 2542 2274
f 6 2274 2541
f 6 2541 2532
f 6 2532 2531
f 6 2531 2260
f 6 2260 2259
f 6 2259 2020
f 6 2020 1774
f 6 1774 1773
f 6 1773 1576
f 6 1576 1404
f 6 1404 1233
f 6 1233 1232
f 6 1232 1231
f 6 1231 1078
f 6 1078 929
f 6 929 796
f 6 796 682
f 6 682 681
f 6 681 575
f 6 575 574
f 6 574 485
f 6 485 406
f 6 406 403
f 6 403 329
f 6 329 262
f 6 262 259
f 6 259 205
f 6 205 169
f 6 169 168
f 6 168 167
f 6 167 166
f 6 166 128
f 6 128 95
f 6 95 94
f 6 94 67
f 6 67 47
f 6 47 46
f 6 46 28
f 6 28 15
f 6 15 7
f 6 13 14
f 7 15 16
f 7 16 8
f 8 16 17
f 8 17 18
f 8 18 19
f 8 19 9
f 9 20 10
f 9 19 21
f 9 21 20
f 10 20 22
f 10 22 23
f 10 23 24
f 12 25 13
f 13 25 14
f 14 25 26
f 14 26 27
f 15 28 16
f 16 28 29
f 16 29 17
f 17 29 30
f 17 30 18
f 18 30 31
f 18 31 32
f 18 32 33
f 18 33 34
f 18 34 19
f 19 34 21
f 20 35 22
f 20 21 35
f 21 34 33
f 21 33 35
f 22 35 36
f 22 36 37
f 22 37 38
f 22 38 39
f 22 39 40
f 22 40 41
f 22 41 23
f 23 41 24
f 24 41 42
f 24 42 43
f 24 43 44
f 28 46 29
f 29 46 47
f 29 47 48
f 29 48 49
f 29 49 30
f 30 49 50
f 30 50 31
f 31 50 51
f 31 51 52
f 31 52 32
f 32 52 53
f 32 53 36
f 32 36 35
f 32 35 33
f 36 54 37
f 36 53 54
f 37 54 55
f 37 55 38
f 38 55 39
f 39 56 57
f 39 57 58
f 39 58 59
f 39 59 40
f 39 55 56
f 40 59 60
f 40 60 41
f 41 60 42
f 42 60 61
f 42 61 43
f 43 61 62
f 43 62 63
f 43 63 44
f 44 63 64
f 45 66 65
f 47 67 48
f 48 67 68
f 48 68 69
f 48 69 49
f 49 69 70
f 49 70 50
f 50 70 71
f 50 71 51
f 51 71 72
f 51 72 52
f 52 72 53
f 53 72 54
f 54 72 55
f 55 72 56
f 56 73 74
f 56 74 75
f 56 75 57
f 56 72 76
f 56 76 73
f 57 75 74
f 57 74 77
f 57 77 58
f 58 77 78
f 58 78 79
f 58 79 59
f 59 79 80
f 59 80 81
f 59 81 60
f 60 81 61
f 61 81 82
f 61 82 83
f 61 83 84
f 61 84 63
f 61 63 62
f 63 84 85
f 63 85 86
f 63 86 87
f 63 87 64
f 64 87 88
f 64 88 89
f 64 89 90
f 64 90 91
f 65 66 93
f 65 93 127
f 65 127 165
f 65 165 204
f 65 204 258
f 65 258 328
f 65 328 399
f 65 399 398
f 65 398 397
f 65 397 402
f 65 402 484
f 65 484 573
f 65 573 678
f 65 678 680
f 65 680 795
f 65 795 928
f 65 928 927
f 65 927 1077
f 65 1077 1076
f 65 1076 1230
f 65 1230 1229
f 65 1229 1228
f 65 1228 1402
f 65 1402 1575
f 65 1575 1772
f 65 1772 2019
f 65 2019 2258
f 65 2258 2257
f 65 2257 2530
f 65 2530 2256
f 65 2256 2529
f 65 2529 2528
f 65 2528 2792
f 65 2792 3056
f 65 3056 3317
f 65 3317 3318
f 65 3318 3610
f 65 3610 3614
f 65 3614 3612
f 65 3612 3611
f 65 3611 3613
f 65 3613 3919
f 65 3919 4185
f 65 4185 4442
f 65 4442 4448
f 65 4448 4659
f 65 4659 4658
f 65 4658 4657
f 65 4657 4838
f 65 4838 4967
f 65 4967 5038
f 65 5038 5069
f 65 5069 5084
f 65 5084 5096
f 65 5096 5095
f 65 5095 5094
f 65 5094 5093
f 65 5093 5102
f 65 5102 5098
f 65 5098 5097
f 65 5097 5086
f 65 5086 5073
f 65 5073 5044
f 65 5044 4996
f 65 4996 4887
f 65 4887 4728
f 65 4728 4727
f 65 4727 4726
f 65 4726 4725
f 65 4725 4724
f 65 4724 4722
f 65 4722 4550
f 65 4550 4318
f 65 4318 4066
f 65 4066 3787
f 65 3787 3493
f 65 3493 3492
f 65 3492 3220
f 65 3220 2965
f 65 2965 2699
f 65 2699 2430
f 65 2430 2428
f 65 2428 2427
f 65 2427 2425
f 65 2425 2167
f 65 2167 1934
f 65 1934 1716
f 65 1716 1715
f 65 1715 1708
f 65 1708 1514
f 65 1514 1513
f 65 1513 1512
f 65 1512 1331
f 65 1331 1174
f 65 1174 1173
f 65 1173 1029
f 65 1029 885
f 65 885 759
f 65 759 650
f 65 650 649
f 65 649 551
f 65 551 550
f 65 550 463
f 65 463 462
f 65 462 381
f 65 381 380
f 65 380 312
f 65 312 249
f 65 249 198
f 65 198 160
f 65 160 125
f 65 125 92
f 67 94 68
f 68 94 95
f 68 95 128
f 68 128 96
f 68 96 69
f 69 96 97
f 69 97 98
f 69 98 99
f 69 99 100
f 69 100 101
f 69 101 70
f 70 101 100
f 70 100 102
f 70 102 71
f 71 103 72
f 71 102 104
f 71 104 103
f 72 103 104
f 72 104 73
f 72 73 105
f 72 105 76
f 73 104 106
f 73 106 74
f 73 76 105
f 74 107 108
f 74 108 109
f 74 109 110
f 74 110 77
f 74 106 107
f 77 110 78
f 78 110 79
f 79 110 111
f 79 111 112
f 79 112 80
f 80 112 113
f 80 113 81
f 81 113 114
f 81 114 82
f 82 115 83
f 82 114 116
f 82 116 117
f 82 117 118
f 82 118 115
f 83 115 119
f 83 119 84
f 84 119 85
f 85 87 86
f 85 119 87
f 87 119 120
f 87 120 88
f 88 120 121
f 88 121 89
f 89 121 90
f 90 121 120
f 90 120 122
f 90 122 123
f 90 123 91
f 92 125 124
f 93 126 127
f 96 128 129
f 96 129 97
f 97 129 130
f 97 130 131
f 97 131 132
f 97 132 98
f 98 132 133
f 98 133 100
f 98 100 99
f 100 133 134
f 100 134 102
f 102 134 135
f 102 135 136
f 102 136 104
f 104 136 137
f 104 137 107
f 104 107 106
f 107 138 139
f 107 139 108
f 107 137 138
f 108 140 141
f 108 141 109
f 108 139 140
f 109 111 110
f 109 141 142
f 109 142 111
f 111 142 112
f 112 142 113
f 113 142 143
f 113 143 114
f 114 143 116
f 115 118 144
f 115 144 145
f 115 145 119
f 116 143 146
f 116 146 147
f 116 147 148
f 116 148 117
f 117 148 147
f 117 147 149
f 117 149 150
f 117 150 151
f 117 151 144
f 117 144 118
f 119 145 152
f 119 152 120
f 120 152 153
f 120 153 154
f 120 154 155
f 120 155 122
f 122 155 156
f 122 156 157
f 122 157 123
f 123 157 158
f 124 125 160
f 124 160 159
f 126 161 162
f 126 162 163
f 126 163 164
f 126 164 127
f 127 164 165
f 128 166 129
f 129 166 130
f 130 166 131
f 131 166 167
f 131 167 168
f 131 168 169
f 131 169 170
f 131 170 171
f 131 171 172
f 131 172 132
f 132 173 174
f 132 174 135
f 132 135 133
f 132 172 173
f 133 135 134
f 135 174 175
f 135 175 136
f 136 175 176
f 136 176 177
f 136 177 137
f 137 177 138
f 138 177 217
f 138 217 178
f 138 178 179
f 138 179 139
f 139 179 180
f 139 180 140
f 140 180 181
f 140 181 182
f 140 182 183
f 140 183 184
f 140 184 141
f 141 184 185
f 141 185 142
f 142 185 146
f 142 146 143
f 144 151 156
f 144 156 155
f 144 155 152
f 144 152 145
f 146 185 186
f 146 186 187
f 146 187 188
f 146 188 189
f 146 189 147
f 147 189 190
f 147 190 191
f 147 191 149
f 149 157 192
f 149 192 156
f 149 156 151
f 149 151 150
f 149 191 193
f 149 193 157
f 152 155 153
f 153 155 154
f 156 192 157
f 157 193 194
f 157 194 195
f 157 195 158
f 159 160 197
f 159 197 196
f 160 198 197
f 161 199 162
f 162 199 200
f 162 200 201
f 162 201 202
f 162 202 203
f 162 203 163
f 163 203 164
f 164 203 204
f 164 204 165
f 169 205 171
f 169 171 206
f 169 206 170
f 170 206 171
f 171 205 207
f 171 207 208
f 171 208 173
f 171 173 209
f 171 209 172
f 172 209 173
f 173 208 174
f 174 210 211
f 174 211 175
f 174 208 210
f 175 211 212
f 175 212 213
f 175 213 214
f 175 214 176
f 176 214 215
f 176 215 216
f 176 216 217
f 176 217 177
f 178 217 218
f 178 218 179
f 179 218 219
f 179 219 220
f 179 220 221
f 179 221 222
f 179 222 180
f 180 222 181
f 181 222 223
f 181 223 182
f 182 223 224
f 182 224 183
f 183 224 184
f 184 224 225
f 184 225 226
f 184 226 185
f 185 226 227
f 185 227 228
f 185 228 186
f 186 229 187
f 186 228 230
f 186 230 231
f 186 231 232
f 186 232 233
f 186 233 234
f 186 234 229
f 187 229 235
f 187 235 236
f 187 236 188
f 188 237 189
f 188 236 238
f 188 238 237
f 189 237 191
f 189 191 190
f 191 239 240
f 191 240 241
f 191 241 242
f 191 242 193
f 191 237 239
f 193 242 243
f 193 243 244
f 193 244 245
f 193 245 194
f 194 245 195
f 195 245 244
f 196 197 247
f 196 247 248
f 196 248 246
f 197 198 249
f 197 249 247
f 200 250 201
f 201 251 252
f 201 252 202
f 201 250 313
f 201 313 251
f 202 252 253
f 202 253 254
f 202 254 203
f 203 254 255
f 203 255 256
f 203 256 204
f 204 256 257
f 204 257 258
f 205 259 207
f 207 260 210
f 207 210 208
f 207 259 260
f 210 212 211
f 210 260 212
f 212 261 213
f 212 260 262
f 212 262 263
f 212 263 264
f 212 264 261
f 213 261 265
f 213 265 267
f 213 267 266
f 213 266 214
f 214 266 215
f 215 266 267
f 215 267 268
f 215 268 269
f 215 269 216
f 216 270 217
f 216 269 270
f 217 270 271
f 217 271 218
f 218 271 270
f 218 270 272
f 218 272 219
f 219 272 273
f 219 273 220
f 220 274 275
f 220 275 276
f 220 276 223
f 220 223 221
f 220 273 277
f 220 277 278
f 220 278 274
f 221 223 222
f 223 276 279
f 223 279 280
f 223 280 281
f 223 281 224
f 224 281 280
f 224 280 282
f 224 282 283
f 224 283 225
f 225 283 226
f 226 283 227
f 227 283 284
f 227 284 228
f 228 284 285
f 228 285 286
f 228 286 230
f 229 287 235
f 229 234 287
f 230 286 231
f 231 286 288
f 231 288 232
f 232 288 289
f 232 289 233
f 233 289 234
f 234 289 290
f 234 290 287
f 235 287 291
f 235 291 292
f 235 292 236
f 236 292 238
f 237 238 293
f 237 293 294
f 237 294 239
f 238 292 295
f 238 295 293
f 239 296 240
f 239 294 293
f 239 293 296
f 240 296 297
f 240 297 298
f 240 298 241
f 241 298 299
f 241 299 300
f 241 300 301
f 241 301 302
f 241 302 303
f 241 303 242
f 242 303 304
f 242 304 305
f 242 305 306
f 242 306 243
f 246 248 308
f 246 308 307
f 247 249 309
f 247 309 248
f 248 310 308
f 248 309 311
f 248 311 310
f 249 312 309
f 251 313 314
f 251 314 315
f 251 315 316
f 251 316 252
f 252 316 317
f 252 317 253
f 253 317 318
f 253 318 319
f 253 319 254
f 254 320 321
f 254 321 322
f 254 322 255
f 254 319 323
f 254 323 324
f 254 324 325
f 254 325 320
f 255 326 256
f 255 322 326
f 256 326 258
f 256 258 257
f 258 326 327
f 258 327 328
f 259 262 260
f 261 264 265
f 262 329 263
f 263 329 330
f 263 330 264
f 264 330 331
f 264 331 265
f 265 332 267
f 265 331 332
f 267 332 333
f 267 333 268
f 268 333 269
f 269 333 334
f 269 334 270
f 270 335 272
f 270 334 336
f 270 336 335
f 272 335 337
f 272 337 273
f 273 337 277
f 274 278 275
f 275 278 338
f 275 338 339
f 275 339 340
f 275 340 341
f 275 341 276
f 276 341 342
f 276 342 343
f 276 343 279
f 277 344 278
f 277 337 345
f 277 345 346
f 277 346 347
f 277 347 344
f 278 344 348
f 278 348 338
f 279 343 349
f 279 349 350
f 279 350 280
f 280 350 282
f 282 350 284
f 282 284 283
f 284 350 351
f 284 351 352
f 284 352 285
f 285 352 353
f 285 353 354
f 285 354 286
f 286 354 288
f 287 355 291
f 287 290 355
f 288 356 289
f 288 354 357
f 288 357 356
f 289 358 290
f 289 356 359
f 289 359 360
f 289 360 361
f 289 361 362
f 289 362 358
f 290 358 363
f 290 363 292
f 290 292 355
f 291 355 292
f 292 363 364
f 292 364 365
f 292 365 366
f 292 366 295
f 293 295 297
f 293 297 296
f 295 366 297
f 297 366 367
f 297 367 298
f 298 367 368
f 298 368 301
f 298 301 299
f 299 301 300
f 301 368 369
f 301 369 370
f 301 370 371
f 301 371 372
f 301 372 373
f 301 373 302
f 302 373 303
f 303 373 374
f 303 374 375
f 303 375 304
f 307 308 377
f 307 377 376
f 308 310 379
f 308 379 377
f 309 312 380
f 309 380 311
f 310 311 383
f 310 383 378
f 310 378 379
f 311 380 381
f 311 381 382
f 311 382 383
f 314 384 315
f 315 384 466
f 315 466 385
f 315 385 316
f 316 385 386
f 316 386 387
f 316 387 388
f 316 388 389
f 316 389 317
f 317 389 390
f 317 390 318
f 318 390 391
f 318 391 323
f 318 323 319
f 320 325 392
f 320 392 321
f 321 392 322
f 322 392 393
f 322 393 327
f 322 327 326
f 323 391 394
f 323 394 324
f 324 394 325
f 325 394 395
f 325 395 396
f 325 396 392
f 327 397 398
f 327 398 399
f 327 399 328
f 327 393 400
f 327 400 401
f 327 401 402
f 327 402 397
f 329 403 330
f 330 404 405
f 330 405 331
f 330 403 406
f 330 406 404
f 331 405 404
f 331 404 407
f 331 407 408
f 331 408 332
f 332 408 409
f 332 409 410
f 332 410 336
f 332 336 333
f 333 336 334
f 335 411 345
f 335 345 337
f 335 336 412
f 335 412 413
f 335 413 411
f 336 410 414
f 336 414 412
f 338 415 416
f 338 416 339
f 338 348 417
f 338 417 415
f 339 416 418
f 339 418 342
f 339 342 340
f 340 342 341
f 342 418 419
f 342 419 420
f 342 420 421
f 342 421 343
f 343 421 349
f 344 347 348
f 345 411 346
f 346 411 422
f 346 422 347
f 347 422 423
f 347 423 424
f 347 424 425
f 347 425 417
f 347 417 348
f 349 421 426
f 349 426 427
f 349 427 428
f 349 428 350
f 350 428 429
f 350 429 430
f 350 430 352
f 350 352 351
f 352 430 353
f 353 431 432
f 353 432 433
f 353 433 357
f 353 357 354
f 353 430 434
f 353 434 427
f 353 427 431
f 356 357 435
f 356 435 359
f 357 433 435
f 358 362 436
f 358 436 364
f 358 364 363
f 359 435 437
f 359 437 438
f 359 438 439
f 359 439 440
f 359 440 360
f 360 441 442
f 360 442 443
f 360 443 444
f 360 444 362
f 360 362 361
f 360 440 441
f 362 444 445
f 362 445 364
f 362 364 436
f 364 445 446
f 364 446 365
f 365 446 366
f 366 446 447
f 366 447 367
f 367 447 368
f 368 447 444
f 368 444 448
f 368 448 449
f 368 449 450
f 368 450 369
f 369 371 370
f 369 450 451
f 369 451 452
f 369 452 371
f 371 452 372
f 372 374 373
f 372 452 374
f 374 452 453
f 374 453 454
f 374 454 455
f 374 455 375
f 376 377 457
f 376 457 456
f 377 379 457
f 378 383 458
f 378 458 546
f 378 546 459
f 378 459 460
f 378 460 379
f 379 460 548
f 379 548 461
f 379 461 457
f 381 462 382
f 382 462 463
f 382 463 464
f 382 464 383
f 383 464 465
f 383 465 546
f 383 546 458
f 385 466 467
f 385 467 468
f 385 468 469
f 385 469 386
f 386 469 470
f 386 470 387
f 387 470 471
f 387 471 388
f 388 471 389
f 389 471 390
f 390 471 472
f 390 472 473
f 390 473 391
f 391 473 394
f 392 396 393
f 393 396 474
f 393 474 400
f 394 473 475
f 394 475 395
f 395 475 476
f 395 476 477
f 395 477 478
f 395 478 396
f 396 478 477
f 396 477 479
f 396 479 480
f 396 480 474
f 400 474 481
f 400 481 401
f 401 481 480
f 401 480 482
f 401 482 483
f 401 483 484
f 401 484 402
f 404 406 485
f 404 485 486
f 404 486 409
f 404 409 407
f 407 409 408
f 409 486 487
f 409 487 488
f 409 488 410
f 410 412 414
f 410 488 412
f 411 489 422
f 411 413 412
f 411 412 489
f 412 488 490
f 412 490 491
f 412 491 492
f 412 492 423
f 412 423 422
f 412 422 489
f 415 417 493
f 415 493 494
f 415 494 495
f 415 495 496
f 415 496 416
f 416 497 418
f 416 496 495
f 416 495 498
f 416 498 497
f 417 425 499
f 417 499 500
f 417 500 493
f 418 497 501
f 418 501 502
f 418 502 503
f 418 503 504
f 418 504 505
f 418 505 419
f 419 505 420
f 420 506 507
f 420 507 426
f 420 426 421
f 420 505 506
f 423 492 491
f 423 491 508
f 423 508 509
f 423 509 510
f 423 510 511
f 423 511 424
f 424 511 425
f 425 511 499
f 426 507 512
f 426 512 513
f 426 513 514
f 426 514 515
f 426 515 427
f 427 434 429
f 427 429 428
f 427 515 516
f 427 516 517
f 427 517 518
f 427 518 431
f 429 434 430
f 431 518 432
f 432 518 433
f 433 438 435
f 433 518 438
f 435 438 437
f 438 518 517
f 438 517 439
f 439 517 519
f 439 519 520
f 439 520 440
f 440 520 521
f 440 521 522
f 440 522 441
f 441 522 523
f 441 523 442
f 442 523 524
f 442 524 525
f 442 525 526
f 442 526 527
f 442 527 448
f 442 448 443
f 443 448 444
f 444 447 446
f 444 446 445
f 448 527 449
f 449 527 528
f 449 528 529
f 449 529 530
f 449 530 450
f 450 530 531
f 450 531 532
f 450 532 533
f 450 533 451
f 451 534 535
f 451 535 452
f 451 533 534
f 452 535 536
f 452 536 537
f 452 537 454
f 452 454 453
f 454 537 538
f 454 538 539
f 454 539 540
f 454 540 541
f 454 541 542
f 456 457 544
f 456 544 543
f 457 461 545
f 457 545 544
f 459 546 554
f 459 554 547
f 459 547 460
f 460 547 548
f 461 548 549
f 461 549 545
f 463 550 464
f 464 550 551
f 464 551 552
f 464 552 553
f 464 553 465
f 465 553 554
f 465 554 546
f 467 555 556
f 467 556 468
f 468 556 469
f 469 556 557
f 469 557 558
f 469 558 559
f 469 559 560
f 469 560 470
f 470 560 471
f 471 560 472
f 472 560 561
f 472 561 473
f 473 561 562
f 473 562 475
f 474 480 481
f 475 562 563
f 475 563 564
f 475 564 476
f 476 564 565
f 476 565 566
f 476 566 477
f 477 566 567
f 477 567 479
f 479 567 568
f 479 568 480
f 480 568 569
f 480 569 482
f 482 569 570
f 482 570 571
f 482 571 572
f 482 572 483
f 483 572 573
f 483 573 484
f 485 574 487
f 485 487 486
f 487 574 575
f 487 575 576
f 487 576 577
f 487 577 578
f 487 578 488
f 488 578 490
f 490 579 580
f 490 580 581
f 490 581 508
f 490 508 491
f 490 578 577
f 490 577 579
f 493 500 582
f 493 582 494
f 494 582 583
f 494 583 495
f 495 583 498
f 497 498 501
f 498 583 584
f 498 584 501
f 499 511 585
f 499 585 500
f 500 585 582
f 501 586 502
f 501 584 587
f 501 587 588
f 501 588 586
f 502 586 589
f 502 589 590
f 502 590 591
f 502 591 592
f 502 592 503
f 503 592 504
f 504 592 505
f 505 592 507
f 505 507 506
f 507 592 512
f 508 593 510
f 508 510 509
f 508 581 594
f 508 594 593
f 510 593 595
f 510 595 511
f 511 596 585
f 511 595 597
f 511 597 596
f 512 598 599
f 512 599 600
f 512 600 601
f 512 601 514
f 512 514 513
f 512 592 591
f 512 591 590
f 512 590 598
f 514 602 603
f 514 603 604
f 514 604 605
f 514 605 516
f 514 516 515
f 514 601 600
f 514 600 602
f 516 605 517
f 517 605 519
f 519 605 606
f 519 606 607
f 519 607 520
f 520 522 521
f 520 607 522
f 522 608 523
f 522 607 609
f 522 609 608
f 523 610 524
f 523 608 611
f 523 611 612
f 523 612 613
f 523 613 614
f 523 614 610
f 524 610 615
f 524 615 525
f 525 616 526
f 525 615 617
f 525 617 618
f 525 618 616
f 526 616 619
f 526 619 620
f 526 620 621
f 526 621 527
f 527 622 528
f 527 621 622
f 528 622 621
f 528 621 529
f 529 623 624
f 529 624 531
f 529 531 530
f 529 621 625
f 529 625 623
f 531 624 532
f 532 624 626
f 532 626 533
f 533 626 627
f 533 627 628
f 533 628 534
f 534 628 535
f 535 628 629
f 535 629 536
f 536 538 537
f 536 629 538
f 538 630 539
f 538 629 631
f 538 631 540
f 538 540 630
f 539 630 540
f 540 631 632
f 540 632 633
f 540 633 541
f 541 633 634
f 541 634 635
f 541 635 542
f 542 635 636
f 542 636 637
f 543 544 639
f 543 639 640
f 543 640 638
f 544 545 639
f 545 549 648
f 545 648 639
f 547 641 548
f 547 554 655
f 547 655 641
f 548 641 642
f 548 642 643
f 548 643 644
f 548 644 645
f 548 645 549
f 549 645 646
f 549 646 647
f 549 647 648
f 551 649 552
f 552 649 650
f 552 650 651
f 552 651 652
f 552 652 553
f 553 652 653
f 553 653 654
f 553 654 554
f 554 654 655
f 555 656 657
f 555 657 658
f 555 658 556
f 556 658 557
f 557 658 659
f 557 659 558
f 558 659 660
f 558 660 559
f 559 661 662
f 559 662 663
f 559 663 664
f 559 664 561
f 559 561 560
f 559 660 661
f 561 664 665
f 561 665 666
f 561 666 562
f 562 666 563
f 563 667 670
f 563 670 668
f 563 668 564
f 563 666 667
f 564 669 565
f 564 668 670
f 564 670 669
f 565 669 671
f 565 671 672
f 565 672 566
f 566 672 673
f 566 673 567
f 567 673 570
f 567 570 568
f 568 570 569
f 570 673 674
f 570 674 675
f 570 675 676
f 570 676 571
f 571 676 677
f 571 677 572
f 572 678 573
f 572 677 679
f 572 679 680
f 572 680 678
f 575 681 576
f 576 681 682
f 576 682 683
f 576 683 684
f 576 684 577
f 577 684 580
f 577 580 579
f 580 684 685
f 580 685 686
f 580 686 594
f 580 594 581
f 582 585 583
f 583 585 596
f 583 596 687
f 583 687 688
f 583 688 587
f 583 587 584
f 586 588 689
f 586 689 690
f 586 690 691
f 586 691 589
f 587 688 692
f 587 692 588
f 588 692 693
f 588 693 689
f 589 691 694
f 589 694 695
f 589 695 696
f 589 696 697
f 589 697 590
f 590 697 598
f 593 698 595
f 593 594 698
f 594 686 699
f 594 699 698
f 595 700 597
f 595 698 700
f 596 701 687
f 596 597 702
f 596 702 701
f 597 700 702
f 598 703 704
f 598 704 599
f 598 697 703
f 599 704 705
f 599 705 706
f 599 706 600
f 600 706 602
f 602 706 707
f 602 707 603
f 603 707 604
f 604 707 708
f 604 708 606
f 604 606 605
f 606 709 710
f 606 710 607
f 606 708 711
f 606 711 834
f 606 834 709
f 607 710 712
f 607 712 713
f 607 713 609
f 608 714 612
f 608 612 611
f 608 609 713
f 608 713 715
f 608 715 714
f 610 716 717
f 610 717 718
f 610 718 615
f 610 614 716
f 612 714 715
f 612 715 719
f 612 719 720
f 612 720 721
f 612 721 722
f 612 722 723
f 612 723 724
f 612 724 613
f 613 724 614
f 614 724 725
f 614 725 726
f 614 726 727
f 614 727 716
f 615 718 728
f 615 728 729
f 615 729 617
f 616 618 730
f 616 730 619
f 617 729 618
f 618 729 730
f 619 730 731
f 619 731 732
f 619 732 625
f 619 625 620
f 620 625 621
f 623 625 733
f 623 733 626
f 623 626 624
f 625 732 734
f 625 734 735
f 625 735 736
f 625 736 733
f 626 733 737
f 626 737 627
f 627 737 628
f 628 737 738
f 628 738 739
f 628 739 629
f 629 739 740
f 629 740 632
f 629 632 631
f 632 740 741
f 632 741 633
f 633 741 742
f 633 742 634
f 634 742 743
f 634 743 744
f 634 744 745
f 634 745 746
f 634 746 636
f 634 636 635
f 636 746 637
f 637 746 747
f 638 640 749
f 638 749 748
f 639 750 751
f 639 751 640
f 639 648 750
f 640 751 749
f 641 655 752
f 641 752 642
f 642 752 753
f 642 753 643
f 643 753 754
f 643 754 644
f 644 754 646
f 644 646 645
f 646 754 755
f 646 755 647
f 647 755 756
f 647 756 757
f 647 757 758
f 647 758 648
f 648 758 750
f 650 759 651
f 651 759 760
f 651 760 652
f 652 760 762
f 652 762 653
f 653 761 654
f 653 762 761
f 654 761 763
f 654 763 655
f 655 763 752
f 656 764 657
f 657 764 765
f 657 765 659
f 657 659 658
f 659 765 764
f 659 764 660
f 660 764 766
f 660 766 767
f 660 767 768
f 660 768 661
f 661 769 770
f 661 770 771
f 661 771 772
f 661 772 773
f 661 773 774
f 661 774 662
f 661 768 769
f 662 774 775
f 662 775 776
f 662 776 663
f 663 776 777
f 663 777 778
f 663 778 664
f 664 778 665
f 665 778 779
f 665 779 780
f 665 780 667
f 665 667 666
f 667 780 670
f 669 781 782
f 669 782 783
f 669 783 784
f 669 784 785
f 669 785 671
f 669 670 780
f 669 780 781
f 671 785 786
f 671 786 787
f 671 787 788
f 671 788 672
f 672 788 674
f 672 674 673
f 674 788 789
f 674 789 790
f 674 790 675
f 675 790 676
f 676 791 677
f 676 790 791
f 677 791 792
f 677 792 793
f 677 793 794
f 677 794 679
f 679 794 795
f 679 795 680
f 682 796 797
f 682 797 683
f 683 797 684
f 684 797 685
f 685 797 798
f 685 798 799
f 685 799 686
f 686 799 800
f 686 800 699
f 687 701 801
f 687 801 688
f 688 801 802
f 688 802 692
f 689 691 690
f 689 693 692
f 689 692 803
f 689 803 804
f 689 804 805
f 689 805 806
f 689 806 691
f 691 806 807
f 691 807 808
f 691 808 809
f 691 809 810
f 691 810 694
f 692 802 811
f 692 811 803
f 694 810 695
f 695 812 813
f 695 813 814
f 695 814 815
f 695 815 696
f 695 810 816
f 695 816 809
f 695 809 808
f 695 808 817
f 695 817 812
f 696 815 818
f 696 818 819
f 696 819 697
f 697 819 820
f 697 820 821
f 697 821 703
f 698 699 822
f 698 822 700
f 699 800 822
f 700 822 823
f 700 823 702
f 701 702 824
f 701 824 825
f 701 825 801
f 702 823 826
f 702 826 827
f 702 827 824
f 703 821 828
f 703 828 704
f 704 828 829
f 704 829 705
f 705 829 830
f 705 830 831
f 705 831 706
f 706 831 707
f 707 831 708
f 708 831 832
f 708 832 833
f 708 833 711
f 709 834 712
f 709 712 710
f 711 833 834
f 712 834 835
f 712 835 715
f 712 715 713
f 715 835 836
f 715 836 720
f 715 720 719
f 716 727 717
f 717 727 849
f 717 849 837
f 717 837 838
f 717 838 718
f 718 838 728
f 720 836 839
f 720 839 721
f 721 839 840
f 721 840 841
f 721 841 842
f 721 842 843
f 721 843 723
f 721 723 722
f 723 843 724
f 724 843 841
f 724 841 844
f 724 844 845
f 724 845 846
f 724 846 725
f 725 846 726
f 726 847 848
f 726 848 849
f 726 849 727
f 726 846 847
f 728 838 850
f 728 850 851
f 728 851 852
f 728 852 729
f 729 852 853
f 729 853 730
f 730 853 854
f 730 854 732
f 730 732 731
f 732 854 853
f 732 853 855
f 732 855 856
f 732 856 857
f 732 857 858
f 732 858 859
f 732 859 734
f 733 736 737
f 734 859 735
f 735 859 860
f 735 860 736
f 736 861 737
f 736 860 862
f 736 862 861
f 737 861 862
f 737 862 738
f 738 863 739
f 738 862 863
f 739 863 740
f 740 863 741
f 741 863 862
f 741 862 864
f 741 864 865
f 741 865 743
f 741 743 742
f 743 866 744
f 743 865 864
f 743 864 867
f 743 867 866
f 744 866 745
f 745 868 746
f 745 866 868
f 746 868 747
f 747 868 869
f 748 749 871
f 748 871 872
f 748 872 870
f 749 751 875
f 749 875 873
f 749 873 871
f 750 758 751
f 751 758 874
f 751 874 875
f 752 763 876
f 752 876 877
f 752 877 878
f 752 878 879
f 752 879 753
f 753 879 754
f 754 879 880
f 754 880 755
f 755 880 881
f 755 881 882
f 755 882 756
f 756 882 883
f 756 883 757
f 757 883 758
f 758 883 884
f 758 884 874
f 759 885 886
f 759 886 760
f 760 886 887
f 760 887 762
f 761 888 876
f 761 876 763
f 761 762 889
f 761 889 888
f 762 887 890
f 762 890 889
f 766 891 892
f 766 892 768
f 766 768 767
f 768 892 893
f 768 893 769
f 769 893 892
f 769 892 894
f 769 894 770
f 770 894 895
f 770 895 896
f 770 896 897
f 770 897 771
f 771 897 898
f 771 898 772
f 772 898 899
f 772 899 773
f 773 900 901
f 773 901 902
f 773 902 774
f 773 899 900
f 774 902 775
f 775 902 776
f 776 902 777
f 777 902 903
f 777 903 904
f 777 904 905
f 777 905 778
f 778 905 780
f 778 780 779
f 780 905 906
f 780 906 781
f 781 906 782
f 782 906 907
f 782 907 783
f 783 908 909
f 783 909 784
f 783 907 908
f 784 909 910
f 784 910 911
f 784 911 786
f 784 786 785
f 786 912 787
f 786 911 913
f 786 913 914
f 786 914 915
f 786 915 916
f 786 916 912
f 787 912 788
f 788 912 917
f 788 917 918
f 788 918 789
f 789 918 919
f 789 919 920
f 789 920 790
f 790 920 792
f 790 792 791
f 792 920 921
f 792 921 793
f 793 921 794
f 794 921 922
f 794 922 923
f 794 923 924
f 794 924 925
f 794 925 926
f 794 926 927
f 794 927 928
f 794 928 795
f 796 929 797
f 797 929 798
f 798 929 930
f 798 930 799
f 799 930 931
f 799 931 800
f 800 931 1080
f 800 1080 932
f 800 932 822
f 801 825 802
f 802 933 811
f 802 825 933
f 803 811 933
f 803 933 934
f 803 934 935
f 803 935 804
f 804 935 805
f 805 935 934
f 805 934 936
f 805 936 937
f 805 937 938
f 805 938 939
f 805 939 806
f 806 939 940
f 806 940 807
f 807 940 808
f 808 940 941
f 808 941 942
f 808 942 943
f 808 943 817
f 809 816 810
f 812 817 944
f 812 944 813
f 813 944 945
f 813 945 946
f 813 946 947
f 813 947 948
f 813 948 949
f 813 949 814
f 814 950 951
f 814 951 815
f 814 949 948
f 814 948 952
f 814 952 1098
f 814 1098 950
f 815 951 818
f 817 943 953
f 817 953 944
f 818 951 954
f 818 954 955
f 818 955 956
f 818 956 819
f 819 956 820
f 820 956 957
f 820 957 821
f 821 957 958
f 821 958 959
f 821 959 960
f 821 960 828
f 822 932 961
f 822 961 826
f 822 826 823
f 824 827 825
f 825 827 962
f 825 962 963
f 825 963 933
f 826 964 962
f 826 962 827
f 826 961 964
f 828 965 966
f 828 966 829
f 828 960 967
f 828 967 965
f 829 966 965
f 829 965 830
f 830 965 968
f 830 968 969
f 830 969 970
f 830 970 971
f 830 971 832
f 830 832 831
f 832 972 973
f 832 973 839
f 832 839 974
f 832 974 835
f 832 835 834
f 832 834 833
f 832 971 970
f 832 970 972
f 835 974 839
f 835 839 836
f 837 975 838
f 837 849 976
f 837 976 977
f 837 977 978
f 837 978 975
f 838 975 850
f 839 973 979
f 839 979 972
f 839 972 840
f 840 980 841
f 840 972 980
f 841 843 842
f 841 980 981
f 841 981 982
f 841 982 844
f 844 982 845
f 845 847 846
f 845 982 983
f 845 983 984
f 845 984 847
f 847 984 848
f 848 985 849
f 848 984 986
f 848 986 985
f 849 985 976
f 850 987 988
f 850 988 989
f 850 989 852
f 850 852 851
f 850 975 987
f 852 989 853
f 853 989 990
f 853 990 991
f 853 991 855
f 855 992 857
f 855 857 856
f 855 991 993
f 855 993 994
f 855 994 995
f 855 995 996
f 855 996 992
f 857 992 997
f 857 997 998
f 857 998 858
f 858 998 860
f 858 860 859
f 860 998 862
f 862 998 999
f 862 999 1000
f 862 1000 867
f 862 867 864
f 866 867 1001
f 866 1001 1002
f 866 1002 1003
f 866 1003 868
f 867 1000 1004
f 867 1004 1005
f 867 1005 1001
f 868 1003 1006
f 868 1006 1007
f 868 1007 1008
f 868 1008 1009
f 868 1009 869
f 870 872 1010
f 871 873 1011
f 871 1011 1012
f 871 1012 1013
f 871 1013 1014
f 871 1014 872
f 872 1014 1015
f 872 1015 1010
f 873 875 874
f 873 874 1016
f 873 1016 1017
f 873 1017 1011
f 874 884 1018
f 874 1018 1019
f 874 1019 1016
f 876 888 877
f 877 888 1020
f 877 1020 1021
f 877 1021 878
f 878 1021 1022
f 878 1022 881
f 878 881 880
f 878 880 879
f 881 1022 1023
f 881 1023 1024
f 881 1024 882
f 882 1024 1025
f 882 1025 1168
f 882 1168 1026
f 882 1026 883
f 883 1027 884
f 883 1026 1028
f 883 1028 1027
f 884 1027 1018
f 885 1029 1030
f 885 1030 886
f 886 1030 887
f 887 1030 1031
f 887 1031 1032
f 887 1032 1035
f 887 1035 890
f 888 889 1033
f 888 1033 1020
f 889 890 1034
f 889 1034 1033
f 890 1035 1034
f 891 1036 1037
f 891 1037 892
f 892 1037 895
f 892 895 894
f 895 1037 896
f 896 1037 897
f 897 1038 898
f 897 1037 1036
f 897 1036 1179
f 897 1179 1038
f 898 1038 1039
f 898 1039 899
f 899 1039 900
f 900 1039 1040
f 900 1040 1041
f 900 1041 901
f 901 1041 1042
f 901 1042 1043
f 901 1043 1044
f 901 1044 902
f 902 1044 1045
f 902 1045 1046
f 902 1046 904
f 902 904 903
f 904 1046 1047
f 904 1047 1048
f 904 1048 1049
f 904 1049 905
f 905 1049 1050
f 905 1050 906
f 906 1050 907
f 907 1050 1049
f 907 1049 1051
f 907 1051 1052
f 907 1052 1053
f 907 1053 908
f 908 1053 1054
f 908 1054 1055
f 908 1055 909
f 909 1055 910
f 910 1055 1056
f 910 1056 1057
f 910 1057 1058
f 910 1058 1059
f 910 1059 911
f 911 1059 913
f 912 916 1060
f 912 1060 1061
f 912 1061 1062
f 912 1062 917
f 913 1059 1063
f 913 1063 914
f 914 1063 1064
f 914 1064 915
f 915 1060 916
f 915 1064 1065
f 915 1065 1066
f 915 1066 1060
f 917 1062 1067
f 917 1067 918
f 918 1067 1068
f 918 1068 1069
f 918 1069 1070
f 918 1070 919
f 919 1070 920
f 920 1070 1069
f 920 1069 1071
f 920 1071 921
f 921 1071 1072
f 921 1072 923
f 921 923 922
f 923 1072 1073
f 923 1073 1074
f 923 1074 924
f 924 1074 925
f 925 1074 1075
f 925 1075 926
f 926 1075 1076
f 926 1076 1077
f 926 1077 927
f 929 1078 930
f 930 1078 1079
f 930 1079 931
f 931 1079 1080
f 932 1080 1081
f 932 1081 961
f 933 1082 934
f 933 963 1082
f 934 1082 936
f 936 1082 1114
f 936 1114 1083
f 936 1083 1084
f 936 1084 937
f 937 1084 938
f 938 1084 1085
f 938 1085 1086
f 938 1086 939
f 939 1086 1087
f 939 1087 940
f 940 1087 942
f 940 942 941
f 942 1087 1088
f 942 1088 1089
f 942 1089 1090
f 942 1090 943
f 943 1091 953
f 943 1090 1091
f 944 953 1092
f 944 1092 1093
f 944 1093 1094
f 944 1094 945
f 945 1094 1095
f 945 1095 946
f 946 1095 947
f 947 1096 1097
f 947 1097 1099
f 947 1099 948
f 947 1095 1096
f 948 1098 952
f 948 1099 1100
f 948 1100 1098
f 950 1098 951
f 951 1098 1101
f 951 1101 954
f 953 1102 1092
f 953 1091 1102
f 954 1101 1103
f 954 1103 1100
f 954 1100 1104
f 954 1104 1105
f 954 1105 955
f 955 1105 1106
f 955 1106 958
f 955 958 956
f 956 958 957
f 958 1106 1107
f 958 1107 959
f 959 1108 960
f 959 1107 1109
f 959 1109 1110
f 959 1110 1108
f 960 1108 967
f 961 1081 1111
f 961 1111 1112
f 961 1112 964
f 962 1113 1114
f 962 1114 963
f 962 964 1113
f 963 1114 1082
f 964 1112 1113
f 965 967 1115
f 965 1115 969
f 965 969 968
f 967 1108 1110
f 967 1110 1116
f 967 1116 1117
f 967 1117 1118
f 967 1118 1115
f 969 1115 1119
f 969 1119 1120
f 969 1120 970
f 970 1121 1122
f 970 1122 1123
f 970 1123 1124
f 970 1124 972
f 970 1120 1121
f 972 979 973
f 972 1124 1123
f 972 1123 980
f 975 978 987
f 976 1125 1126
f 976 1126 977
f 976 985 1125
f 977 1126 978
f 978 1126 1127
f 978 1127 1128
f 978 1128 1129
f 978 1129 987
f 980 1123 981
f 981 1123 1130
f 981 1130 982
f 982 1130 983
f 983 1130 1131
f 983 1131 1132
f 983 1132 1133
f 983 1133 1134
f 983 1134 1135
f 983 1135 986
f 983 986 984
f 985 986 1136
f 985 1136 1125
f 986 1135 1137
f 986 1137 1138
f 986 1138 1136
f 987 1129 988
f 988 1129 989
f 989 1129 1139
f 989 1139 990
f 990 1139 1140
f 990 1140 991
f 991 1140 993
f 992 996 995
f 992 995 999
f 992 999 997
f 993 1140 1141
f 993 1141 1142
f 993 1142 994
f 994 1142 1143
f 994 1143 995
f 995 1143 1144
f 995 1144 999
f 997 999 998
f 999 1004 1000
f 999 1144 1145
f 999 1145 1146
f 999 1146 1147
f 999 1147 1148
f 999 1148 1004
f 1001 1005 1002
f 1002 1006 1003
f 1002 1005 1149
f 1002 1149 1150
f 1002 1150 1151
f 1002 1151 1152
f 1002 1152 1006
f 1004 1148 1005
f 1005 1148 1149
f 1006 1152 1007
f 1007 1152 1008
f 1008 1152 1153
f 1010 1015 1155
f 1010 1155 1154
f 1011 1017 1012
f 1012 1017 1156
f 1012 1156 1013
f 1013 1157 1158
f 1013 1158 1014
f 1013 1156 1313
f 1013 1313 1159
f 1013 1159 1160
f 1013 1160 1157
f 1014 1158 1161
f 1014 1161 1015
f 1015 1161 1155
f 1016 1019 1017
f 1017 1019 1156
f 1018 1027 1162
f 1018 1162 1019
f 1019 1162 1163
f 1019 1163 1313
f 1019 1313 1156
f 1020 1033 1164
f 1020 1164 1165
f 1020 1165 1166
f 1020 1166 1023
f 1020 1023 1022
f 1020 1022 1021
f 1023 1166 1024
f 1024 1166 1167
f 1024 1167 1025
f 1025 1167 1168
f 1026 1168 1028
f 1027 1169 1319
f 1027 1319 1162
f 1027 1028 1170
f 1027 1170 1169
f 1028 1168 1171
f 1028 1171 1172
f 1028 1172 1170
f 1029 1173 1031
f 1029 1031 1030
f 1031 1173 1174
f 1031 1174 1175
f 1031 1175 1032
f 1032 1175 1178
f 1032 1178 1035
f 1033 1034 1164
f 1034 1035 1176
f 1034 1176 1335
f 1034 1335 1177
f 1034 1177 1165
f 1034 1165 1164
f 1035 1178 1334
f 1035 1334 1176
f 1038 1180 1181
f 1038 1181 1182
f 1038 1182 1183
f 1038 1183 1039
f 1038 1179 1180
f 1039 1184 1185
f 1039 1185 1040
f 1039 1183 1182
f 1039 1182 1184
f 1040 1185 1186
f 1040 1186 1041
f 1041 1186 1187
f 1041 1187 1188
f 1041 1188 1042
f 1042 1188 1189
f 1042 1189 1190
f 1042 1190 1043
f 1043 1190 1191
f 1043 1191 1044
f 1044 1046 1045
f 1044 1191 1192
f 1044 1192 1046
f 1046 1192 1191
f 1046 1191 1190
f 1046 1190 1193
f 1046 1193 1047
f 1047 1193 1194
f 1047 1194 1195
f 1047 1195 1052
f 1047 1052 1196
f 1047 1196 1049
f 1047 1049 1048
f 1049 1196 1051
f 1051 1196 1052
f 1052 1195 1053
f 1053 1195 1197
f 1053 1197 1054
f 1054 1197 1198
f 1054 1198 1199
f 1054 1199 1200
f 1054 1200 1201
f 1054 1201 1202
f 1054 1202 1203
f 1054 1203 1055
f 1055 1203 1056
f 1056 1203 1204
f 1056 1204 1205
f 1056 1205 1057
f 1057 1205 1206
f 1057 1206 1058
f 1058 1206 1207
f 1058 1207 1208
f 1058 1208 1059
f 1059 1208 1209
f 1059 1209 1063
f 1060 1066 1210
f 1060 1210 1211
f 1060 1211 1061
f 1061 1211 1212
f 1061 1212 1067
f 1061 1067 1062
f 1063 1209 1064
f 1064 1209 1213
f 1064 1213 1214
f 1064 1214 1215
f 1064 1215 1216
f 1064 1216 1065
f 1065 1216 1217
f 1065 1217 1218
f 1065 1218 1066
f 1066 1218 1219
f 1066 1219 1220
f 1066 1220 1210
f 1067 1212 1221
f 1067 1221 1222
f 1067 1222 1068
f 1068 1222 1072
f 1068 1072 1069
f 1069 1072 1071
f 1072 1222 1221
f 1072 1221 1223
f 1072 1223 1224
f 1072 1224 1073
f 1073 1224 1074
f 1074 1224 1225
f 1074 1225 1075
f 1075 1225 1226
f 1075 1226 1227
f 1075 1227 1228
f 1075 1228 1229
f 1075 1229 1230
f 1075 1230 1076
f 1078 1231 1079
f 1079 1231 1232
f 1079 1232 1233
f 1079 1233 1234
f 1079 1234 1080
f 1080 1234 1235
f 1080 1235 1081
f 1081 1235 1236
f 1081 1236 1237
f 1081 1237 1111
f 1083 1114 1113
f 1083 1113 1238
f 1083 1238 1084
f 1084 1238 1239
f 1084 1239 1085
f 1085 1239 1240
f 1085 1240 1409
f 1085 1409 1241
f 1085 1241 1086
f 1086 1241 1088
f 1086 1088 1087
f 1088 1241 1242
f 1088 1242 1089
f 1089 1242 1243
f 1089 1243 1244
f 1089 1244 1090
f 1090 1244 1245
f 1090 1245 1246
f 1090 1246 1091
f 1091 1246 1102
f 1092 1102 1247
f 1092 1247 1248
f 1092 1248 1093
f 1093 1248 1094
f 1094 1248 1247
f 1094 1247 1096
f 1094 1096 1095
f 1096 1249 1097
f 1096 1247 1250
f 1096 1250 1251
f 1096 1251 1252
f 1096 1252 1249
f 1097 1249 1099
f 1098 1100 1103
f 1098 1103 1101
f 1099 1249 1253
f 1099 1253 1254
f 1099 1254 1255
f 1099 1255 1100
f 1100 1255 1256
f 1100 1256 1104
f 1102 1246 1245
f 1102 1245 1257
f 1102 1257 1258
f 1102 1258 1259
f 1102 1259 1247
f 1104 1260 1105
f 1104 1256 1260
f 1105 1260 1261
f 1105 1261 1262
f 1105 1262 1106
f 1106 1262 1263
f 1106 1263 1107
f 1107 1263 1109
f 1109 1263 1264
f 1109 1264 1265
f 1109 1265 1266
f 1109 1266 1110
f 1110 1266 1116
f 1111 1237 1112
f 1112 1267 1238
f 1112 1238 1113
f 1112 1237 1267
f 1115 1118 1119
f 1116 1266 1265
f 1116 1265 1118
f 1116 1118 1117
f 1118 1265 1268
f 1118 1268 1269
f 1118 1269 1270
f 1118 1270 1119
f 1119 1270 1120
f 1120 1270 1269
f 1120 1269 1121
f 1121 1271 1122
f 1121 1269 1272
f 1121 1272 1273
f 1121 1273 1271
f 1122 1271 1123
f 1123 1271 1274
f 1123 1274 1130
f 1125 1136 1275
f 1125 1275 1276
f 1125 1276 1277
f 1125 1277 1126
f 1126 1277 1127
f 1127 1277 1278
f 1127 1278 1279
f 1127 1279 1280
f 1127 1280 1128
f 1128 1280 1129
f 1129 1280 1139
f 1130 1132 1131
f 1130 1274 1132
f 1132 1274 1281
f 1132 1281 1133
f 1133 1281 1282
f 1133 1282 1283
f 1133 1283 1284
f 1133 1284 1285
f 1133 1285 1286
f 1133 1286 1287
f 1133 1287 1134
f 1134 1287 1135
f 1135 1287 1137
f 1136 1138 1275
f 1137 1287 1288
f 1137 1288 1289
f 1137 1289 1138
f 1138 1289 1290
f 1138 1290 1275
f 1139 1280 1140
f 1140 1280 1141
f 1141 1291 1292
f 1141 1292 1293
f 1141 1293 1294
f 1141 1294 1295
f 1141 1295 1142
f 1141 1280 1291
f 1142 1295 1296
f 1142 1296 1143
f 1143 1296 1297
f 1143 1297 1144
f 1144 1297 1298
f 1144 1298 1299
f 1144 1299 1146
f 1144 1146 1145
f 1146 1300 1301
f 1146 1301 1147
f 1146 1299 1302
f 1146 1302 1300
f 1147 1301 1148
f 1148 1301 1303
f 1148 1303 1149
f 1149 1303 1304
f 1149 1304 1305
f 1149 1305 1306
f 1149 1306 1150
f 1150 1306 1307
f 1150 1307 1151
f 1151 1307 1308
f 1151 1308 1309
f 1151 1309 1310
f 1151 1310 1152
f 1152 1310 1153
f 1154 1155 1312
f 1154 1312 1311
f 1155 1161 1318
f 1155 1318 1312
f 1157 1161 1158
f 1157 1160 1314
f 1157 1314 1317
f 1157 1317 1161
f 1159 1313 1160
f 1160 1313 1315
f 1160 1315 1316
f 1160 1316 1314
f 1161 1317 1318
f 1162 1319 1163
f 1163 1319 1315
f 1163 1315 1313
f 1165 1177 1320
f 1165 1320 1321
f 1165 1321 1166
f 1166 1321 1322
f 1166 1322 1167
f 1167 1322 1323
f 1167 1323 1324
f 1167 1324 1502
f 1167 1502 1325
f 1167 1325 1168
f 1168 1325 1171
f 1169 1326 1496
f 1169 1496 1319
f 1169 1170 1326
f 1170 1172 1330
f 1170 1330 1327
f 1170 1327 1326
f 1171 1325 1328
f 1171 1328 1172
f 1172 1328 1329
f 1172 1329 1330
f 1174 1331 1332
f 1174 1332 1333
f 1174 1333 1175
f 1175 1333 1336
f 1175 1336 1178
f 1176 1334 1335
f 1177 1335 1320
f 1178 1336 1334
f 1180 1337 1181
f 1181 1337 1338
f 1181 1338 1182
f 1182 1338 1339
f 1182 1339 1340
f 1182 1340 1341
f 1182 1341 1342
f 1182 1342 1343
f 1182 1343 1184
f 1184 1343 1344
f 1184 1344 1185
f 1185 1344 1345
f 1185 1345 1346
f 1185 1346 1186
f 1186 1346 1187
f 1187 1347 1348
f 1187 1348 1188
f 1187 1346 1347
f 1188 1348 1349
f 1188 1349 1350
f 1188 1350 1189
f 1189 1350 1351
f 1189 1351 1352
f 1189 1352 1353
f 1189 1353 1190
f 1190 1353 1354
f 1190 1354 1193
f 1193 1354 1194
f 1194 1354 1353
f 1194 1353 1355
f 1194 1355 1356
f 1194 1356 1357
f 1194 1357 1358
f 1194 1358 1195
f 1195 1358 1359
f 1195 1359 1360
f 1195 1360 1197
f 1197 1360 1199
f 1197 1199 1198
f 1199 1361 1362
f 1199 1362 1363
f 1199 1363 1364
f 1199 1364 1365
f 1199 1365 1366
f 1199 1366 1200
f 1199 1360 1359
f 1199 1359 1358
f 1199 1358 1357
f 1199 1357 1356
f 1199 1356 1355
f 1199 1355 1367
f 1199 1367 1368
f 1199 1368 1361
f 1200 1366 1369
f 1200 1369 1201
f 1201 1369 1370
f 1201 1370 1371
f 1201 1371 1202
f 1202 1371 1372
f 1202 1372 1204
f 1202 1204 1373
f 1202 1373 1203
f 1203 1373 1204
f 1204 1372 1374
f 1204 1374 1205
f 1205 1374 1206
f 1206 1374 1375
f 1206 1375 1376
f 1206 1376 1207
f 1207 1376 1377
f 1207 1377 1208
f 1208 1377 1209
f 1209 1377 1378
f 1209 1378 1379
f 1209 1379 1213
f 1210 1220 1211
f 1211 1380 1212
f 1211 1220 1380
f 1212 1380 1381
f 1212 1381 1382
f 1212 1382 1221
f 1213 1379 1214
f 1214 1379 1383
f 1214 1383 1384
f 1214 1384 1385
f 1214 1385 1215
f 1215 1385 1217
f 1215 1217 1216
f 1217 1385 1386
f 1217 1386 1387
f 1217 1387 1388
f 1217 1388 1389
f 1217 1389 1218
f 1218 1389 1219
f 1219 1389 1390
f 1219 1390 1220
f 1220 1390 1391
f 1220 1391 1389
f 1220 1389 1392
f 1220 1392 1393
f 1220 1393 1394
f 1220 1394 1395
f 1220 1395 1396
f 1220 1396 1397
f 1220 1397 1381
f 1220 1381 1380
f 1221 1382 1223
f 1223 1381 1398
f 1223 1398 1399
f 1223 1399 1224
f 1223 1382 1381
f 1224 1399 1225
f 1225 1399 1226
f 1226 1400 1401
f 1226 1401 1403
f 1226 1403 1227
f 1226 1399 1400
f 1227 1402 1228
f 1227 1403 1402
f 1233 1404 1405
f 1233 1405 1234
f 1234 1405 1235
f 1235 1405 1577
f 1235 1577 1406
f 1235 1406 1236
f 1236 1406 1407
f 1236 1407 1237
f 1237 1407 1408
f 1237 1408 1267
f 1238 1267 1239
f 1239 1267 1240
f 1240 1267 1409
f 1241 1409 1242
f 1242 1409 1410
f 1242 1410 1411
f 1242 1411 1412
f 1242 1412 1413
f 1242 1413 1243
f 1243 1413 1244
f 1244 1413 1414
f 1244 1414 1415
f 1244 1415 1245
f 1245 1415 1416
f 1245 1416 1257
f 1247 1259 1250
f 1249 1417 1253
f 1249 1252 1418
f 1249 1418 1419
f 1249 1419 1417
f 1250 1259 1258
f 1250 1258 1420
f 1250 1420 1251
f 1251 1420 1421
f 1251 1421 1422
f 1251 1422 1418
f 1251 1418 1252
f 1253 1417 1254
f 1254 1423 1424
f 1254 1424 1260
f 1254 1260 1255
f 1254 1417 1425
f 1254 1425 1426
f 1254 1426 1423
f 1255 1260 1256
f 1257 1416 1427
f 1257 1427 1421
f 1257 1421 1258
f 1258 1421 1420
f 1260 1424 1428
f 1260 1428 1429
f 1260 1429 1261
f 1261 1429 1430
f 1261 1430 1262
f 1262 1430 1431
f 1262 1431 1432
f 1262 1432 1263
f 1263 1432 1433
f 1263 1433 1264
f 1264 1433 1434
f 1264 1434 1265
f 1265 1434 1273
f 1265 1273 1268
f 1267 1408 1409
f 1268 1273 1272
f 1268 1272 1269
f 1271 1435 1281
f 1271 1281 1274
f 1271 1273 1435
f 1273 1434 1431
f 1273 1431 1436
f 1273 1436 1437
f 1273 1437 1435
f 1275 1290 1438
f 1275 1438 1439
f 1275 1439 1440
f 1275 1440 1441
f 1275 1441 1442
f 1275 1442 1443
f 1275 1443 1276
f 1276 1443 1277
f 1277 1443 1444
f 1277 1444 1278
f 1278 1443 1279
f 1278 1444 1443
f 1279 1443 1445
f 1279 1445 1291
f 1279 1291 1446
f 1279 1446 1280
f 1280 1446 1291
f 1281 1447 1283
f 1281 1283 1282
f 1281 1435 1448
f 1281 1448 1447
f 1283 1447 1449
f 1283 1449 1450
f 1283 1450 1284
f 1284 1450 1451
f 1284 1451 1285
f 1285 1451 1452
f 1285 1452 1453
f 1285 1453 1454
f 1285 1454 1455
f 1285 1455 1456
f 1285 1456 1286
f 1286 1456 1457
f 1286 1457 1287
f 1287 1457 1288
f 1288 1458 1289
f 1288 1457 1459
f 1288 1459 1460
f 1288 1460 1461
f 1288 1461 1462
f 1288 1462 1463
f 1288 1463 1458
f 1289 1458 1464
f 1289 1464 1290
f 1290 1464 1465
f 1290 1465 1466
f 1290 1466 1438
f 1291 1445 1292
f 1292 1294 1293
f 1292 1445 1467
f 1292 1467 1468
f 1292 1468 1469
f 1292 1469 1294
f 1294 1470 1471
f 1294 1471 1295
f 1294 1469 1472
f 1294 1472 1470
f 1295 1471 1296
f 1296 1471 1470
f 1296 1470 1297
f 1297 1470 1298
f 1298 1470 1473
f 1298 1473 1474
f 1298 1474 1302
f 1298 1302 1299
f 1300 1475 1476
f 1300 1476 1477
f 1300 1477 1301
f 1300 1302 1478
f 1300 1478 1479
f 1300 1479 1475
f 1301 1477 1476
f 1301 1476 1303
f 1302 1474 1480
f 1302 1480 1481
f 1302 1481 1479
f 1302 1479 1478
f 1303 1305 1304
f 1303 1476 1482
f 1303 1482 1305
f 1305 1482 1483
f 1305 1483 1484
f 1305 1484 1485
f 1305 1485 1306
f 1306 1485 1483
f 1306 1483 1486
f 1306 1487 1307
f 1307 1487 1308
f 1311 1312 1488
f 1312 1489 1490
f 1312 1490 1488
f 1312 1318 1491
f 1312 1491 1489
f 1314 1316 1492
f 1314 1492 1493
f 1314 1493 1317
f 1315 1319 1494
f 1315 1494 1316
f 1316 1494 1505
f 1316 1505 1495
f 1316 1495 1492
f 1317 1493 1491
f 1317 1491 1318
f 1319 1496 1494
f 1320 1335 1497
f 1320 1497 1498
f 1320 1498 1323
f 1320 1323 1322
f 1320 1322 1321
f 1323 1498 1499
f 1323 1499 1324
f 1324 1499 1500
f 1324 1500 1501
f 1324 1501 1502
f 1325 1502 1328
f 1326 1327 1503
f 1326 1503 1504
f 1326 1504 1505
f 1326 1505 1496
f 1327 1330 1506
f 1327 1506 1503
f 1328 1502 1507
f 1328 1507 1329
f 1329 1507 1508
f 1329 1508 1509
f 1329 1509 1330
f 1330 1509 1510
f 1330 1510 1511
f 1330 1511 1506
f 1331 1512 1332
f 1332 1512 1513
f 1332 1513 1514
f 1332 1514 1515
f 1332 1515 1333
f 1333 1515 1516
f 1333 1516 1709
f 1333 1709 1517
f 1333 1517 1336
f 1334 1336 1518
f 1334 1518 1710
f 1334 1710 1519
f 1334 1519 1335
f 1335 1519 1497
f 1336 1517 1520
f 1336 1520 1521
f 1336 1521 1522
f 1336 1522 1523
f 1336 1523 1518
f 1341 1524 1525
f 1341 1525 1342
f 1342 1525 1526
f 1342 1526 1343
f 1343 1526 1527
f 1343 1527 1344
f 1344 1527 1528
f 1344 1528 1529
f 1344 1529 1345
f 1345 1529 1530
f 1345 1530 1531
f 1345 1531 1347
f 1345 1347 1346
f 1347 1531 1348
f 1348 1532 1349
f 1348 1531 1530
f 1348 1530 1532
f 1349 1532 1533
f 1349 1533 1534
f 1349 1534 1535
f 1349 1535 1350
f 1350 1535 1351
f 1351 1535 1362
f 1351 1362 1368
f 1351 1368 1536
f 1351 1536 1352
f 1352 1536 1355
f 1352 1355 1353
f 1355 1536 1367
f 1361 1368 1362
f 1362 1537 1538
f 1362 1538 1363
f 1362 1535 1539
f 1362 1539 1534
f 1362 1534 1537
f 1363 1538 1365
f 1363 1365 1364
f 1365 1538 1540
f 1365 1540 1541
f 1365 1541 1369
f 1365 1369 1366
f 1367 1536 1368
f 1369 1541 1542
f 1369 1542 1543
f 1369 1543 1544
f 1369 1544 1370
f 1370 1544 1545
f 1370 1545 1371
f 1371 1545 1372
f 1372 1545 1374
f 1374 1545 1375
f 1375 1545 1546
f 1375 1546 1547
f 1375 1547 1548
f 1375 1548 1549
f 1375 1549 1376
f 1376 1549 1550
f 1376 1550 1377
f 1377 1550 1378
f 1378 1550 1549
f 1378 1549 1548
f 1378 1548 1551
f 1378 1551 1552
f 1378 1552 1379
f 1379 1552 1547
f 1379 1547 1383
f 1381 1397 1398
f 1383 1553 1554
f 1383 1554 1555
f 1383 1555 1384
f 1383 1547 1556
f 1383 1556 1553
f 1384 1555 1386
f 1384 1386 1385
f 1386 1555 1557
f 1386 1557 1387
f 1387 1557 1757
f 1387 1757 1558
f 1387 1558 1559
f 1387 1559 1388
f 1388 1559 1560
f 1388 1560 1389
f 1389 1560 1561
f 1389 1561 1392
f 1389 1391 1390
f 1392 1561 1560
f 1392 1560 1393
f 1393 1560 1394
f 1394 1560 1562
f 1394 1562 1563
f 1394 1563 1564
f 1394 1564 1565
f 1394 1565 1395
f 1395 1565 1566
f 1395 1566 1567
f 1395 1567 1568
f 1395 1568 1569
f 1395 1569 1396
f 1396 1570 1397
f 1396 1569 1570
f 1397 1570 1398
f 1398 1570 1400
f 1398 1400 1399
f 1400 1570 1571
f 1400 1571 1401
f 1401 1571 1572
f 1401 1572 1573
f 1401 1573 1574
f 1401 1574 1403
f 1402 1403 1575
f 1403 1574 1575
f 1404 1576 1405
f 1405 1576 1773
f 1405 1773 1577
f 1406 1577 1578
f 1406 1578 1407
f 1407 1578 1579
f 1407 1579 1580
f 1407 1580 1408
f 1408 1580 1581
f 1408 1581 1409
f 1409 1581 1410
f 1410 1581 1584
f 1410 1584 1411
f 1411 1582 1583
f 1411 1583 1412
f 1411 1584 1585
f 1411 1585 1586
f 1411 1586 1582
f 1412 1583 1413
f 1413 1583 1587
f 1413 1587 1588
f 1413 1588 1414
f 1414 1588 1589
f 1414 1589 1415
f 1415 1589 1590
f 1415 1590 1416
f 1416 1590 1427
f 1417 1591 1426
f 1417 1426 1425
f 1417 1419 1592
f 1417 1592 1593
f 1417 1593 1591
f 1418 1422 1594
f 1418 1594 1419
f 1419 1594 1595
f 1419 1595 1596
f 1419 1596 1593
f 1419 1593 1592
f 1421 1597 1422
f 1421 1427 1597
f 1422 1597 1594
f 1423 1598 1424
f 1423 1426 1598
f 1424 1598 1428
f 1426 1591 1599
f 1426 1599 1600
f 1426 1600 1598
f 1427 1590 1601
f 1427 1601 1602
f 1427 1602 1595
f 1427 1595 1594
f 1427 1594 1597
f 1428 1598 1603
f 1428 1603 1604
f 1428 1604 1605
f 1428 1605 1606
f 1428 1606 1607
f 1428 1607 1608
f 1428 1608 1609
f 1428 1609 1429
f 1429 1609 1610
f 1429 1610 1431
f 1429 1431 1430
f 1431 1611 1436
f 1431 1434 1432
f 1431 1610 1612
f 1431 1612 1613
f 1431 1613 1614
f 1431 1614 1615
f 1431 1615 1811
f 1431 1811 1616
f 1431 1616 1617
f 1431 1617 1618
f 1431 1618 1619
f 1431 1619 1620
f 1431 1620 1611
f 1432 1434 1433
f 1435 1437 1448
f 1436 1611 1437
f 1437 1620 1621
f 1437 1621 1448
f 1437 1611 1620
f 1438 1466 1622
f 1438 1622 1439
f 1439 1622 1623
f 1439 1623 1440
f 1440 1623 1624
f 1440 1624 1441
f 1441 1624 1625
f 1441 1625 1468
f 1441 1468 1467
f 1441 1467 1442
f 1442 1467 1445
f 1442 1445 1443
f 1447 1448 1621
f 1447 1621 1449
f 1449 1621 1626
f 1449 1626 1620
f 1449 1620 1619
f 1449 1619 1618
f 1449 1618 1627
f 1449 1627 1628
f 1449 1628 1452
f 1449 1452 1451
f 1449 1451 1450
f 1452 1629 1630
f 1452 1630 1631
f 1452 1631 1454
f 1452 1454 1453
f 1452 1628 1629
f 1454 1632 1459
f 1454 1459 1455
f 1454 1631 1633
f 1454 1633 1634
f 1454 1634 1635
f 1454 1635 1636
f 1454 1636 1637
f 1454 1637 1837
f 1454 1837 1638
f 1454 1638 1639
f 1454 1639 1632
f 1455 1459 1456
f 1456 1459 1457
f 1458 1640 1464
f 1458 1463 1640
f 1459 1632 1460
f 1460 1639 1461
f 1460 1632 1639
f 1461 1639 1641
f 1461 1641 1642
f 1461 1642 1462
f 1462 1642 1463
f 1463 1642 1643
f 1463 1643 1644
f 1463 1644 1645
f 1463 1645 1646
f 1463 1646 1647
f 1463 1647 1640
f 1464 1640 1647
f 1464 1647 1648
f 1464 1648 1465
f 1465 1648 1649
f 1465 1649 1650
f 1465 1650 1651
f 1465 1651 1652
f 1465 1652 1653
f 1465 1653 1654
f 1465 1654 1655
f 1465 1655 1466
f 1466 1655 1622
f 1468 1625 1469
f 1469 1625 1624
f 1469 1624 1656
f 1469 1656 1657
f 1469 1657 1658
f 1469 1658 1474
f 1469 1474 1472
f 1470 1472 1474
f 1470 1474 1473
f 1474 1658 1659
f 1474 1659 1480
f 1475 1479 1660
f 1475 1660 1661
f 1475 1661 1476
f 1476 1661 1662
f 1476 1662 1483
f 1476 1483 1482
f 1479 1663 1664
f 1479 1664 1665
f 1479 1665 1661
f 1479 1661 1660
f 1479 1481 1666
f 1479 1666 1663
f 1480 1659 1667
f 1480 1667 1668
f 1480 1668 1669
f 1480 1669 1666
f 1480 1666 1481
f 1483 1670 1486
f 1483 1485 1484
f 1483 1662 1661
f 1483 1661 1664
f 1483 1664 1671
f 1483 1671 1672
f 1483 1672 1670
f 1486 1670 1673
f 1486 1673 1672
f 1489 1674 1490
f 1489 1491 1675
f 1489 1675 1674
f 1490 1674 1676
f 1491 1677 1678
f 1491 1678 1679
f 1491 1679 1675
f 1491 1493 1677
f 1492 1495 1680
f 1492 1680 1681
f 1492 1681 1493
f 1493 1681 1682
f 1493 1682 1677
f 1494 1496 1505
f 1495 1505 1680
f 1497 1519 1683
f 1497 1683 1499
f 1497 1499 1498
f 1499 1683 1684
f 1499 1684 1685
f 1499 1685 1500
f 1500 1685 1686
f 1500 1686 1501
f 1501 1686 1687
f 1501 1687 1688
f 1501 1688 1689
f 1501 1689 1502
f 1502 1689 1507
f 1503 1506 1690
f 1503 1690 1691
f 1503 1691 1504
f 1504 1691 1505
f 1505 1691 1692
f 1505 1692 1693
f 1505 1693 1694
f 1505 1694 1680
f 1506 1511 1695
f 1506 1695 1690
f 1507 1689 1696
f 1507 1696 1697
f 1507 1697 1508
f 1508 1698 1699
f 1508 1699 1509
f 1508 1697 1700
f 1508 1700 1701
f 1508 1701 1698
f 1509 1699 1510
f 1510 1702 1703
f 1510 1703 1704
f 1510 1704 1511
f 1510 1699 1705
f 1510 1705 1706
f 1510 1706 1707
f 1510 1707 1702
f 1511 1704 1695
f 1514 1708 1709
f 1514 1709 1516
f 1514 1516 1515
f 1517 1709 1708
f 1517 1708 1520
f 1518 1523 1710
f 1519 1710 1711
f 1519 1711 1683
f 1520 1712 1713
f 1520 1713 1714
f 1520 1714 1521
f 1520 1708 1715
f 1520 1715 1716
f 1520 1716 1717
f 1520 1717 1712
f 1521 1714 1522
f 1522 1714 1718
f 1522 1718 1523
f 1523 1718 1714
f 1523 1714 1719
f 1523 1719 1720
f 1523 1720 1721
f 1523 1721 1722
f 1523 1722 1723
f 1523 1723 1724
f 1523 1724 1725
f 1523 1725 1726
f 1523 1726 1727
f 1523 1727 1728
f 1523 1728 1729
f 1523 1729 1730
f 1523 1730 1731
f 1523 1731 1711
f 1523 1711 1732
f 1523 1732 1710
f 1524 1733 1525
f 1525 1733 1734
f 1525 1734 1735
f 1525 1735 1526
f 1526 1735 1736
f 1526 1736 1737
f 1526 1737 1527
f 1527 1737 1528
f 1528 1737 1738
f 1528 1738 1739
f 1528 1739 1529
f 1529 1739 1530
f 1530 1739 1532
f 1532 1739 1533
f 1533 1740 1741
f 1533 1741 1742
f 1533 1742 1534
f 1533 1739 1743
f 1533 1743 1740
f 1534 1539 1535
f 1534 1742 1741
f 1534 1741 1744
f 1534 1744 1537
f 1537 1744 1538
f 1538 1744 1745
f 1538 1745 1540
f 1540 1745 1541
f 1541 1745 1746
f 1541 1746 1747
f 1541 1747 1748
f 1541 1748 1749
f 1541 1749 1750
f 1541 1750 1751
f 1541 1751 1752
f 1541 1752 1542
f 1542 1753 1543
f 1542 1752 1556
f 1542 1556 1547
f 1542 1547 1753
f 1543 1545 1544
f 1543 1753 1545
f 1545 1753 1547
f 1545 1547 1546
f 1547 1552 1548
f 1548 1552 1551
f 1553 1754 1554
f 1553 1556 1752
f 1553 1752 1754
f 1554 1754 1755
f 1554 1755 1756
f 1554 1756 1557
f 1554 1557 1555
f 1557 1756 1757
f 1558 1757 1758
f 1558 1758 1759
f 1558 1759 1559
f 1559 1759 1760
f 1559 1760 1560
f 1560 1760 1563
f 1560 1563 1562
f 1563 1761 1564
f 1563 1760 1762
f 1563 1762 1763
f 1563 1763 1761
f 1564 1761 1999
f 1564 1999 1764
f 1564 1764 1765
f 1564 1765 1565
f 1565 1765 1566
f 1566 1765 1766
f 1566 1766 1767
f 1566 1767 1567
f 1567 1767 1568
f 1568 1572 1569
f 1568 1767 1768
f 1568 1768 1572
f 1569 1572 1571
f 1569 1571 1570
f 1572 1768 1769
f 1572 1769 1573
f 1573 1769 1770
f 1573 1770 1574
f 1574 1770 1771
f 1574 1771 1575
f 1575 1771 1772
f 1577 1773 1774
f 1577 1774 1775
f 1577 1775 1578
f 1578 1775 1776
f 1578 1776 1579
f 1579 1584 1580
f 1579 1776 1783
f 1579 1783 1584
f 1580 1584 1581
f 1582 1777 1778
f 1582 1778 1779
f 1582 1779 1583
f 1582 1586 1780
f 1582 1780 1781
f 1582 1781 1782
f 1582 1782 1777
f 1583 1779 1587
f 1584 1783 1585
f 1585 1783 1784
f 1585 1784 1586
f 1586 1784 1785
f 1586 1785 2026
f 1586 2026 1780
f 1587 1779 1778
f 1587 1778 1786
f 1587 1786 1787
f 1587 1787 1588
f 1588 1787 1788
f 1588 1788 1589
f 1589 1788 1590
f 1590 1788 1789
f 1590 1789 1601
f 1591 1790 1599
f 1591 1593 1791
f 1591 1791 1792
f 1591 1792 1793
f 1591 1793 1790
f 1593 1596 1595
f 1593 1595 1794
f 1593 1794 1795
f 1593 1795 1791
f 1595 1602 1794
f 1598 1600 1603
f 1599 1790 1600
f 1600 1790 1796
f 1600 1796 1797
f 1600 1797 1603
f 1601 1798 1799
f 1601 1799 1794
f 1601 1794 1602
f 1601 1789 1800
f 1601 1800 1798
f 1603 1797 1604
f 1604 1797 1801
f 1604 1801 1605
f 1605 1802 1803
f 1605 1803 1804
f 1605 1804 1805
f 1605 1805 1806
f 1605 1806 1607
f 1605 1607 1606
f 1605 1801 1807
f 1605 1807 1802
f 1607 1806 1608
f 1608 1806 1610
f 1608 1610 1609
f 1610 1806 1612
f 1612 1806 1808
f 1612 1808 1809
f 1612 1809 1613
f 1613 1809 1614
f 1614 1809 1810
f 1614 1810 1811
f 1614 1811 1615
f 1616 1811 1812
f 1616 1812 1813
f 1616 1813 1814
f 1616 1814 1815
f 1616 1815 1617
f 1617 1815 1816
f 1617 1816 1618
f 1618 1816 1817
f 1618 1817 1818
f 1618 1818 1819
f 1618 1819 1820
f 1618 1820 1627
f 1620 1626 1621
f 1622 1655 1821
f 1622 1821 1623
f 1623 1821 1624
f 1624 1821 1822
f 1624 1822 1823
f 1624 1823 1656
f 1627 1824 1825
f 1627 1825 1630
f 1627 1630 1628
f 1627 1820 1819
f 1627 1819 1824
f 1628 1630 1629
f 1630 1826 1827
f 1630 1827 1828
f 1630 1828 1829
f 1630 1829 1830
f 1630 1830 1831
f 1630 1831 1633
f 1630 1633 1631
f 1630 1825 1824
f 1630 1824 1826
f 1633 1831 1832
f 1633 1832 1634
f 1634 1832 1635
f 1635 1832 1636
f 1636 1833 1834
f 1636 1834 1835
f 1636 1835 1836
f 1636 1836 1837
f 1636 1837 1637
f 1636 1832 1833
f 1638 1838 1639
f 1638 1837 1839
f 1638 1839 1840
f 1638 1840 1838
f 1639 1838 1840
f 1639 1840 1641
f 1641 1840 1643
f 1641 1643 1642
f 1643 1840 1841
f 1643 1841 1842
f 1643 1842 1644
f 1644 1842 1843
f 1644 1843 1645
f 1645 1843 1844
f 1645 1844 1646
f 1646 1844 1845
f 1646 1845 1647
f 1647 1845 1846
f 1647 1846 1847
f 1647 1847 1648
f 1648 1847 1649
f 1649 1847 1846
f 1649 1846 1848
f 1649 1848 1650
f 1650 1848 1849
f 1650 1849 1850
f 1650 1850 1851
f 1650 1851 1852
f 1650 1852 1853
f 1650 1853 1651
f 1651 1853 1652
f 1652 1853 1852
f 1652 1852 1854
f 1652 1854 1855
f 1652 1855 1653
f 1653 1855 1654
f 1654 1855 1856
f 1654 1856 1857
f 1654 1857 1858
f 1654 1858 1860
f 1654 1860 1859
f 1654 1859 1822
f 1654 1822 1821
f 1654 1821 1655
f 1656 1859 1657
f 1656 1823 1822
f 1656 1822 1859
f 1657 1860 1861
f 1657 1861 1658
f 1657 1859 1860
f 1658 1861 1862
f 1658 1862 1659
f 1659 1862 1667
f 1661 1665 1664
f 1663 1666 1664
f 1664 1863 1864
f 1664 1864 1672
f 1664 1672 1865
f 1664 1865 1671
f 1664 1666 1863
f 1666 1669 1866
f 1666 1866 1867
f 1666 1867 1868
f 1666 1868 1869
f 1666 1869 1870
f 1666 1870 1871
f 1666 1871 1863
f 1667 1862 1872
f 1667 1872 1873
f 1667 1873 1874
f 1667 1874 1668
f 1668 1875 1669
f 1668 1874 1876
f 1668 1876 1877
f 1668 1877 1878
f 1668 1878 1875
f 1669 1875 1866
f 1670 1672 1673
f 1671 1865 1672
f 1672 1864 1879
f 1674 1675 1679
f 1674 1679 1880
f 1674 1880 1881
f 1674 1881 1882
f 1674 1882 1676
f 1677 1682 1678
f 1678 1682 1883
f 1678 1883 1884
f 1678 1884 1880
f 1678 1880 1679
f 1680 1694 1885
f 1680 1885 1886
f 1680 1886 1682
f 1680 1682 1887
f 1680 1887 1681
f 1681 1887 1682
f 1682 1886 1883
f 1683 1711 1684
f 1684 1711 1685
f 1685 1711 1888
f 1685 1888 1889
f 1685 1889 1686
f 1686 1889 1731
f 1686 1731 1687
f 1687 1731 1890
f 1687 1890 1891
f 1687 1891 1688
f 1688 1891 1892
f 1688 1892 1689
f 1689 1892 1893
f 1689 1893 1696
f 1690 1894 1895
f 1690 1895 1691
f 1690 1695 1894
f 1691 1896 1692
f 1691 1895 1897
f 1691 1897 1896
f 1692 1896 1898
f 1692 1898 1899
f 1692 1899 1693
f 1693 1899 1900
f 1693 1900 1901
f 1693 1901 1885
f 1693 1885 1694
f 1695 1704 1703
f 1695 1703 1902
f 1695 1902 1903
f 1695 1903 1904
f 1695 1904 1905
f 1695 1905 1894
f 1696 1893 1906
f 1696 1906 1907
f 1696 1907 1697
f 1697 1907 1700
f 1698 1701 1908
f 1698 1908 1909
f 1698 1909 1699
f 1699 1910 1705
f 1699 1909 1910
f 1700 1907 1701
f 1701 1907 1911
f 1701 1911 1908
f 1702 1912 1913
f 1702 1913 1703
f 1702 1707 1912
f 1703 1913 1914
f 1703 1914 1915
f 1703 1915 1916
f 1703 1916 1917
f 1703 1917 1902
f 1705 1918 1706
f 1705 1910 1918
f 1706 1918 1919
f 1706 1919 1920
f 1706 1920 1707
f 1707 1920 1921
f 1707 1921 1922
f 1707 1922 1923
f 1707 1923 1924
f 1707 1924 1925
f 1707 1925 1926
f 1707 1926 1927
f 1707 1927 1928
f 1707 1928 1929
f 1707 1929 1930
f 1707 1930 1931
f 1707 1931 1912
f 1710 1732 1711
f 1711 1731 1888
f 1712 1717 1932
f 1712 1932 1933
f 1712 1933 1713
f 1713 1933 1719
f 1713 1719 1714
f 1716 1934 1717
f 1717 1934 1932
f 1719 1933 1720
f 1720 1933 1935
f 1720 1935 1721
f 1721 1935 1936
f 1721 1936 1722
f 1722 1936 1937
f 1722 1937 1723
f 1723 1937 1938
f 1723 1938 1724
f 1724 1939 1726
f 1724 1726 1725
f 1724 1938 1940
f 1724 1940 1939
f 1726 1939 1941
f 1726 1941 1942
f 1726 1942 1728
f 1726 1728 1727
f 1728 1942 1943
f 1728 1943 1944
f 1728 1944 1945
f 1728 1945 1729
f 1729 1945 1946
f 1729 1946 1730
f 1730 1946 1947
f 1730 1947 1890
f 1730 1890 1948
f 1730 1948 1731
f 1731 1889 1888
f 1731 1948 1890
f 1733 1949 1734
f 1734 1949 1950
f 1734 1950 1951
f 1734 1951 1952
f 1734 1952 1953
f 1734 1953 1735
f 1735 1953 1736
f 1736 1953 1954
f 1736 1954 1955
f 1736 1955 1737
f 1737 1955 1956
f 1737 1956 1738
f 1738 1956 1739
f 1739 1956 1743
f 1740 1743 1957
f 1740 1957 1958
f 1740 1958 1959
f 1740 1959 1741
f 1741 1959 1960
f 1741 1960 1961
f 1741 1961 1962
f 1741 1962 1744
f 1743 1956 1963
f 1743 1963 1957
f 1744 1962 1964
f 1744 1964 1745
f 1745 1965 1966
f 1745 1966 1967
f 1745 1967 1746
f 1745 1964 1968
f 1745 1968 1969
f 1745 1969 1970
f 1745 1970 1971
f 1745 1971 1972
f 1745 1972 1973
f 1745 1973 1965
f 1746 1967 1747
f 1747 1967 1974
f 1747 1974 1748
f 1748 1974 1975
f 1748 1975 1976
f 1748 1976 1749
f 1749 1976 1977
f 1749 1977 1978
f 1749 1978 1979
f 1749 1979 1980
f 1749 1980 1981
f 1749 1981 1982
f 1749 1982 1983
f 1749 1983 1984
f 1749 1984 1750
f 1750 1984 1751
f 1751 1984 1983
f 1751 1983 1985
f 1751 1985 1752
f 1752 1985 1754
f 1754 1985 1983
f 1754 1983 1986
f 1754 1986 1755
f 1755 1987 1756
f 1755 1986 1988
f 1755 1988 1989
f 1755 1989 1987
f 1756 1987 1990
f 1756 1990 1757
f 1757 1990 1991
f 1757 1991 1992
f 1757 1992 1758
f 1758 1992 1993
f 1758 1993 1994
f 1758 1994 1995
f 1758 1995 1996
f 1758 1996 1997
f 1758 1997 1998
f 1758 1998 1760
f 1758 1760 1759
f 1760 1998 1762
f 1761 1763 1999
f 1762 1998 2000
f 1762 2000 2001
f 1762 2001 1999
f 1762 1999 1763
f 1764 1999 2002
f 1764 2002 2003
f 1764 2003 1765
f 1765 2003 2004
f 1765 2004 2005
f 1765 2005 2006
f 1765 2006 1766
f 1766 2007 1767
f 1766 2006 2008
f 1766 2008 2009
f 1766 2009 2010
f 1766 2010 2007
f 1767 2007 2011
f 1767 2011 2012
f 1767 2012 1768
f 1768 2012 1769
f 1769 2012 2013
f 1769 2013 2014
f 1769 2014 2015
f 1769 2015 2016
f 1769 2016 1770
f 1770 2016 2017
f 1770 2017 2018
f 1770 2018 1771
f 1771 2018 2019
f 1771 2019 1772
f 1774 2020 1775
f 1775 2020 2021
f 1775 2021 1776
f 1776 2021 2022
f 1776 2022 2032
f 1776 2032 1783
f 1777 2023 2024
f 1777 2024 1778
f 1777 1782 2025
f 1777 2025 2023
f 1778 2024 1786
f 1780 2026 2027
f 1780 2027 1781
f 1781 2027 2028
f 1781 2028 1782
f 1782 2028 2029
f 1782 2029 2030
f 1782 2030 2031
f 1782 2031 2025
f 1783 2032 1784
f 1784 2032 2033
f 1784 2033 1785
f 1785 2033 2034
f 1785 2034 2035
f 1785 2035 2036
f 1785 2036 2026
f 1786 2024 2037
f 1786 2037 2038
f 1786 2038 2039
f 1786 2039 1787
f 1787 2039 2040
f 1787 2040 1788
f 1788 2040 1789
f 1789 2040 2041
f 1789 2041 2042
f 1789 2042 1800
f 1790 2043 1796
f 1790 1793 2043
f 1791 2044 1792
f 1791 1795 1794
f 1791 1794 2045
f 1791 2045 2044
f 1792 2044 1793
f 1793 2044 2046
f 1793 2046 2047
f 1793 2047 2048
f 1793 2048 2049
f 1793 2049 2050
f 1793 2050 2051
f 1793 2051 2052
f 1793 2052 2043
f 1794 1799 1798
f 1794 1798 2045
f 1796 2043 2053
f 1796 2053 1797
f 1797 2053 1801
f 1798 2054 2045
f 1798 1800 2042
f 1798 2042 2054
f 1801 2053 2055
f 1801 2055 2056
f 1801 2056 2057
f 1801 2057 1807
f 1802 2058 2059
f 1802 2059 2060
f 1802 2060 1804
f 1802 1804 1803
f 1802 1807 2061
f 1802 2061 2058
f 1804 2062 2063
f 1804 2063 2064
f 1804 2064 1806
f 1804 1806 1805
f 1804 2060 2059
f 1804 2059 2062
f 1806 2064 2065
f 1806 2065 2066
f 1806 2066 1809
f 1806 1809 1808
f 1807 2057 2061
f 1809 2067 2068
f 1809 2068 2069
f 1809 2069 2070
f 1809 2070 2071
f 1809 2071 2072
f 1809 2072 1810
f 1809 2066 2064
f 1809 2064 2067
f 1810 2073 1811
f 1810 2072 2074
f 1810 2074 2073
f 1811 2073 2075
f 1811 2075 2076
f 1811 2076 1812
f 1812 2077 1813
f 1812 2076 2077
f 1813 1818 1816
f 1813 1816 1814
f 1813 2077 1818
f 1814 1816 1815
f 1816 1818 1817
f 1818 2077 1819
f 1819 2077 1824
f 1824 2077 1828
f 1824 1828 1827
f 1824 1827 1826
f 1828 2078 1829
f 1828 2077 2078
f 1829 2079 2080
f 1829 2080 1830
f 1829 2078 2079
f 1830 2080 1831
f 1831 2080 2081
f 1831 2081 1833
f 1831 1833 1832
f 1833 2081 2082
f 1833 2082 1834
f 1834 2082 2083
f 1834 2083 1835
f 1835 1837 1836
f 1835 2083 2084
f 1835 2084 2085
f 1835 2085 1837
f 1837 2085 1839
f 1839 2085 2086
f 1839 2086 2087
f 1839 2087 1840
f 1840 2087 1841
f 1841 2087 2088
f 1841 2088 1842
f 1842 2088 1843
f 1843 2089 2090
f 1843 2090 2091
f 1843 2091 2092
f 1843 2092 2093
f 1843 2093 1844
f 1843 2088 2094
f 1843 2094 2089
f 1844 2093 1845
f 1845 2093 1846
f 1846 2093 1848
f 1848 2093 2095
f 1848 2095 2096
f 1848 2096 1851
f 1848 1851 2097
f 1848 2097 1849
f 1849 2097 1851
f 1849 1851 1850
f 1851 2096 2098
f 1851 2098 2099
f 1851 2099 1852
f 1852 2099 1854
f 1854 2099 2098
f 1854 2098 2100
f 1854 2100 2101
f 1854 2101 1855
f 1855 2101 1856
f 1856 2101 2100
f 1856 2100 1857
f 1857 2100 2102
f 1857 2102 1858
f 1858 2103 1860
f 1858 2102 2104
f 1858 2104 2103
f 1860 2103 2104
f 1860 2104 1861
f 1861 2104 1862
f 1862 2104 2105
f 1862 2105 1872
f 1863 1871 2106
f 1863 2106 1864
f 1864 2106 1879
f 1866 1875 1878
f 1866 1878 2107
f 1866 2107 2108
f 1866 2108 2109
f 1866 2109 1867
f 1867 2109 1868
f 1868 2110 1869
f 1868 2109 2111
f 1868 2111 2110
f 1869 2112 1870
f 1869 2110 2113
f 1869 2113 2112
f 1870 2112 1871
f 1871 2114 2106
f 1871 2112 2115
f 1871 2115 2114
f 1872 2116 2117
f 1872 2117 2118
f 1872 2118 1873
f 1872 2105 2116
f 1873 2118 2119
f 1873 2119 1874
f 1874 2119 1876
f 1876 2119 1877
f 1877 2119 2120
f 1877 2120 2121
f 1877 2121 2122
f 1877 2122 2123
f 1877 2123 1878
f 1878 2123 2107
f 1879 2106 2114
f 1883 1886 2124
f 1883 2124 2125
f 1883 2125 1884
f 1884 2125 2126
f 1885 1901 1886
f 1886 1901 1900
f 1886 1900 2124
f 1890 1947 1891
f 1891 2127 1892
f 1891 1947 1946
f 1891 1946 1944
f 1891 1944 2127
f 1892 2127 1944
f 1892 1944 1893
f 1893 1944 2128
f 1893 2128 1906
f 1894 1905 2129
f 1894 2129 1895
f 1895 2130 1897
f 1895 2129 2131
f 1895 2131 2132
f 1895 2132 2133
f 1895 2133 2130
f 1896 1897 2130
f 1896 2130 1898
f 1898 2130 2133
f 1898 2133 1900
f 1898 1900 1899
f 1900 2133 2124
f 1902 1917 1903
f 1903 1917 2134
f 1903 2134 2135
f 1903 2135 2136
f 1903 2136 1905
f 1903 1905 1904
f 1905 2136 2129
f 1906 2128 1943
f 1906 1943 1942
f 1906 1942 1941
f 1906 1941 2137
f 1906 2137 1907
f 1907 2137 1911
f 1908 1911 2138
f 1908 2138 2139
f 1908 2139 1909
f 1909 2139 2140
f 1909 2140 1910
f 1910 2141 2142
f 1910 2142 1918
f 1910 2140 2139
f 1910 2139 2141
f 1911 2137 2138
f 1912 1931 2143
f 1912 2143 2144
f 1912 2144 1913
f 1913 2144 1914
f 1914 2144 2145
f 1914 2145 2146
f 1914 2146 1915
f 1915 2146 2134
f 1915 2134 1916
f 1916 2134 1917
f 1918 2142 1919
f 1919 2142 1921
f 1919 1921 1920
f 1921 2142 2147
f 1921 2147 1922
f 1922 2147 1923
f 1923 2147 2148
f 1923 2148 2149
f 1923 2149 2150
f 1923 2150 1924
f 1924 2150 1925
f 1925 2151 1926
f 1925 2150 2152
f 1925 2152 2153
f 1925 2153 2154
f 1925 2154 2151
f 1926 2151 2155
f 1926 2155 1928
f 1926 1928 1927
f 1928 2155 2156
f 1928 2156 2157
f 1928 2157 2158
f 1928 2158 1929
f 1929 2159 2160
f 1929 2160 1930
f 1929 2158 2161
f 1929 2161 2162
f 1929 2162 2159
f 1930 2160 2163
f 1930 2163 2164
f 1930 2164 2165
f 1930 2165 2166
f 1930 2166 1931
f 1931 2166 2143
f 1932 1934 2167
f 1932 2167 2168
f 1932 2168 1933
f 1933 2168 2169
f 1933 2169 1935
f 1935 2169 2170
f 1935 2170 2171
f 1935 2171 1936
f 1936 2171 2172
f 1936 2172 1937
f 1937 2172 1938
f 1938 2172 2173
f 1938 2173 2174
f 1938 2174 2175
f 1938 2175 2176
f 1938 2176 2177
f 1938 2177 1940
f 1939 2178 1941
f 1939 1940 2179
f 1939 2179 2180
f 1939 2180 2178
f 1940 2177 2181
f 1940 2181 2179
f 1941 2178 2182
f 1941 2182 2137
f 1943 2128 1944
f 1944 1946 1945
f 1949 2183 1950
f 1950 2183 2184
f 1950 2184 1951
f 1951 2185 1952
f 1951 2184 2186
f 1951 2186 2185
f 1952 2185 2187
f 1952 2187 1953
f 1953 2187 2188
f 1953 2188 1954
f 1954 2188 2189
f 1954 2189 1963
f 1954 1963 1955
f 1955 1963 1956
f 1957 1963 2190
f 1957 2190 1958
f 1958 2190 2191
f 1958 2191 2192
f 1958 2192 2193
f 1958 2193 2194
f 1958 2194 1959
f 1959 2194 2195
f 1959 2195 1960
f 1960 2196 2197
f 1960 2197 2198
f 1960 2198 2199
f 1960 2199 2200
f 1960 2200 2201
f 1960 2201 1961
f 1960 2195 2202
f 1960 2202 2193
f 1960 2193 2196
f 1961 2201 1962
f 1962 2201 1964
f 1963 2189 2203
f 1963 2203 2190
f 1964 2201 1969
f 1964 1969 1968
f 1965 1967 1966
f 1965 1973 2204
f 1965 2204 1967
f 1967 2204 2205
f 1967 2205 1974
f 1969 2201 2200
f 1969 2200 1970
f 1970 2200 2206
f 1970 2206 1971
f 1971 2206 2207
f 1971 2207 1972
f 1972 2207 2208
f 1972 2208 1973
f 1973 2209 2210
f 1973 2210 2211
f 1973 2211 2212
f 1973 2212 2213
f 1973 2213 2214
f 1973 2214 2215
f 1973 2215 2204
f 1973 2208 2209
f 1974 2205 2216
f 1974 2216 2217
f 1974 2217 1976
f 1974 1976 1975
f 1976 2217 1977
f 1977 2217 2218
f 1977 2218 2219
f 1977 2219 1978
f 1978 2219 2220
f 1978 2220 1979
f 1979 2221 2222
f 1979 2222 2223
f 1979 2223 1981
f 1979 1981 1980
f 1979 2220 2224
f 1979 2224 2221
f 1981 2223 2225
f 1981 2225 2226
f 1981 2226 2227
f 1981 2227 1982
f 1982 2228 1983
f 1982 2227 2228
f 1983 2228 1986
f 1986 2227 1988
f 1986 2228 2227
f 1987 1989 2229
f 1987 2229 2230
f 1987 2230 1991
f 1987 1991 1990
f 1988 2227 2226
f 1988 2226 1989
f 1989 2226 2231
f 1989 2231 2229
f 1991 2230 2232
f 1991 2232 1993
f 1991 1993 1992
f 1993 2232 2233
f 1993 2233 2234
f 1993 2234 2235
f 1993 2235 1994
f 1994 2235 1995
f 1995 2235 2236
f 1995 2236 2237
f 1995 2237 1996
f 1996 2237 2238
f 1996 2238 2239
f 1996 2239 1998
f 1996 1998 1997
f 1998 2239 2240
f 1998 2240 2000
f 1999 2001 2000
f 1999 2000 2002
f 2000 2240 2241
f 2000 2241 2242
f 2000 2242 2002
f 2002 2242 2243
f 2002 2243 2003
f 2003 2243 2004
f 2004 2006 2005
f 2004 2243 2244
f 2004 2244 2245
f 2004 2245 2246
f 2004 2246 2247
f 2004 2247 2006
f 2006 2247 2246
f 2006 2246 2248
f 2006 2248 2008
f 2007 2010 2011
f 2008 2248 2009
f 2009 2249 2010
f 2009 2248 2250
f 2009 2250 2251
f 2009 2251 2249
f 2010 2249 2011
f 2011 2014 2013
f 2011 2013 2012
f 2011 2249 2252
f 2011 2252 2253
f 2011 2253 2014
f 2014 2254 2015
f 2014 2253 2255
f 2014 2255 2256
f 2014 2256 2254
f 2015 2254 2017
f 2015 2017 2016
f 2017 2254 2257
f 2017 2257 2018
f 2018 2257 2258
f 2018 2258 2019
f 2020 2259 2021
f 2021 2259 2260
f 2021 2260 2261
f 2021 2261 2022
f 2022 2261 2032
f 2023 2262 2024
f 2023 2025 2262
f 2024 2262 2037
f 2025 2263 2262
f 2025 2031 2264
f 2025 2264 2265
f 2025 2265 2266
f 2025 2266 2263
f 2026 2036 2267
f 2026 2267 2027
f 2027 2267 2028
f 2028 2267 2029
f 2029 2267 2268
f 2029 2268 2030
f 2030 2268 2269
f 2030 2269 2031
f 2031 2269 2270
f 2031 2270 2271
f 2031 2271 2264
f 2032 2261 2033
f 2033 2261 2034
f 2034 2261 2272
f 2034 2272 2273
f 2034 2273 2035
f 2035 2273 2274
f 2035 2274 2275
f 2035 2275 2276
f 2035 2276 2036
f 2036 2276 2277
f 2036 2277 2278
f 2036 2278 2267
f 2037 2262 2279
f 2037 2279 2280
f 2037 2280 2038
f 2038 2280 2281
f 2038 2281 2282
f 2038 2282 2039
f 2039 2282 2283
f 2039 2283 2040
f 2040 2283 2042
f 2040 2042 2041
f 2042 2284 2054
f 2042 2283 2285
f 2042 2285 2284
f 2043 2052 2053
f 2044 2045 2286
f 2044 2286 2046
f 2045 2054 2286
f 2046 2286 2287
f 2046 2287 2288
f 2046 2288 2047
f 2047 2288 2289
f 2047 2289 2290
f 2047 2290 2291
f 2047 2291 2048
f 2048 2291 2292
f 2048 2292 2293
f 2048 2293 2050
f 2048 2050 2049
f 2050 2293 2294
f 2050 2294 2051
f 2051 2294 2295
f 2051 2295 2296
f 2051 2296 2297
f 2051 2297 2298
f 2051 2298 2299
f 2051 2299 2300
f 2051 2300 2052
f 2052 2300 2299
f 2052 2299 2301
f 2052 2301 2053
f 2053 2301 2055
f 2054 2284 2286
f 2055 2301 2302
f 2055 2302 2056
f 2056 2302 2057
f 2057 2302 2303
f 2057 2303 2061
f 2058 2304 2305
f 2058 2305 2306
f 2058 2306 2059
f 2058 2061 2304
f 2059 2306 2305
f 2059 2305 2062
f 2061 2303 2307
f 2061 2307 2304
f 2062 2305 2308
f 2062 2308 2309
f 2062 2309 2310
f 2062 2310 2063
f 2063 2310 2311
f 2063 2311 2312
f 2063 2312 2064
f 2064 2066 2065
f 2064 2312 2313
f 2064 2313 2314
f 2064 2314 2067
f 2067 2314 2313
f 2067 2313 2068
f 2068 2315 2316
f 2068 2316 2317
f 2068 2317 2069
f 2068 2313 2315
f 2069 2317 2316
f 2069 2316 2318
f 2069 2318 2319
f 2069 2319 2070
f 2070 2319 2320
f 2070 2320 2071
f 2071 2320 2321
f 2071 2321 2322
f 2071 2322 2323
f 2071 2323 2072
f 2072 2323 2074
f 2073 2074 2075
f 2074 2323 2075
f 2075 2323 2324
f 2075 2324 2325
f 2075 2325 2076
f 2076 2325 2078
f 2076 2078 2077
f 2078 2325 2079
f 2079 2326 2080
f 2079 2325 2324
f 2079 2324 2327
f 2079 2327 2328
f 2079 2328 2329
f 2079 2329 2330
f 2079 2330 2331
f 2079 2331 2081
f 2079 2081 2326
f 2080 2326 2081
f 2081 2331 2332
f 2081 2332 2082
f 2082 2332 2083
f 2083 2332 2333
f 2083 2333 2084
f 2084 2333 2334
f 2084 2334 2335
f 2084 2335 2085
f 2085 2335 2336
f 2085 2336 2094
f 2085 2094 2086
f 2086 2094 2088
f 2086 2088 2087
f 2089 2336 2337
f 2089 2337 2091
f 2089 2091 2090
f 2089 2094 2336
f 2091 2337 2338
f 2091 2338 2339
f 2091 2339 2340
f 2091 2340 2341
f 2091 2341 2092
f 2092 2341 2093
f 2093 2341 2340
f 2093 2340 2342
f 2093 2342 2095
f 2095 2342 2340
f 2095 2340 2343
f 2095 2343 2344
f 2095 2344 2345
f 2095 2345 2346
f 2095 2346 2096
f 2096 2346 2347
f 2096 2347 2348
f 2096 2348 2100
f 2096 2100 2098
f 2100 2348 2349
f 2100 2349 2104
f 2100 2104 2102
f 2104 2349 2350
f 2104 2350 2116
f 2104 2116 2105
f 2107 2123 2351
f 2107 2351 2352
f 2107 2352 2108
f 2108 2352 2353
f 2108 2353 2354
f 2108 2354 2109
f 2109 2354 2355
f 2109 2355 2356
f 2109 2356 2111
f 2110 2357 2358
f 2110 2358 2113
f 2110 2111 2359
f 2110 2359 2360
f 2110 2360 2361
f 2110 2361 2362
f 2110 2362 2357
f 2111 2356 2359
f 2112 2113 2363
f 2112 2363 2115
f 2113 2358 2363
f 2115 2363 2364
f 2116 2350 2117
f 2117 2350 2365
f 2117 2365 2366
f 2117 2366 2367
f 2117 2367 2118
f 2118 2367 2368
f 2118 2368 2369
f 2118 2369 2370
f 2118 2370 2371
f 2118 2371 2372
f 2118 2372 2373
f 2118 2373 2119
f 2119 2373 2120
f 2120 2372 2121
f 2120 2373 2372
f 2121 2372 2374
f 2121 2374 2375
f 2121 2375 2376
f 2121 2376 2377
f 2121 2377 2122
f 2122 2351 2123
f 2122 2377 2376
f 2122 2376 2378
f 2122 2378 2379
f 2122 2379 2380
f 2122 2380 2381
f 2122 2381 2382
f 2122 2382 2383
f 2122 2383 2351
f 2124 2133 2132
f 2124 2132 2384
f 2124 2384 2385
f 2124 2385 2125
f 2125 2385 2126
f 2126 2385 2386
f 2129 2387 2131
f 2129 2136 2387
f 2131 2387 2388
f 2131 2388 2389
f 2131 2389 2132
f 2132 2390 2384
f 2132 2389 2390
f 2134 2146 2391
f 2134 2391 2392
f 2134 2392 2393
f 2134 2393 2135
f 2135 2393 2394
f 2135 2394 2395
f 2135 2395 2387
f 2135 2387 2136
f 2137 2182 2138
f 2138 2182 2396
f 2138 2396 2397
f 2138 2397 2139
f 2139 2397 2398
f 2139 2398 2399
f 2139 2399 2400
f 2139 2400 2150
f 2139 2150 2149
f 2139 2149 2148
f 2139 2148 2401
f 2139 2401 2141
f 2141 2401 2147
f 2141 2147 2142
f 2143 2166 2402
f 2143 2402 2403
f 2143 2403 2145
f 2143 2145 2144
f 2145 2403 2404
f 2145 2404 2405
f 2145 2405 2406
f 2145 2406 2407
f 2145 2407 2392
f 2145 2392 2391
f 2145 2391 2146
f 2147 2401 2148
f 2150 2400 2152
f 2151 2154 2155
f 2152 2400 2399
f 2152 2399 2153
f 2153 2399 2408
f 2153 2408 2154
f 2154 2408 2155
f 2155 2408 2156
f 2156 2408 2409
f 2156 2409 2410
f 2156 2410 2411
f 2156 2411 2412
f 2156 2412 2157
f 2157 2412 2413
f 2157 2413 2414
f 2157 2414 2158
f 2158 2414 2162
f 2158 2162 2161
f 2159 2415 2416
f 2159 2416 2160
f 2159 2162 2415
f 2160 2416 2417
f 2160 2417 2418
f 2160 2418 2163
f 2162 2414 2419
f 2162 2419 2420
f 2162 2420 2415
f 2163 2418 2421
f 2163 2421 2164
f 2164 2421 2422
f 2164 2422 2165
f 2165 2423 2166
f 2165 2422 2424
f 2165 2424 2423
f 2166 2423 2402
f 2167 2425 2426
f 2167 2426 2168
f 2168 2426 2170
f 2168 2170 2169
f 2170 2426 2427
f 2170 2427 2171
f 2171 2427 2428
f 2171 2428 2429
f 2171 2429 2172
f 2172 2429 2430
f 2172 2430 2431
f 2172 2431 2173
f 2173 2431 2432
f 2173 2432 2174
f 2174 2432 2175
f 2175 2432 2433
f 2175 2433 2176
f 2176 2433 2434
f 2176 2434 2435
f 2176 2435 2177
f 2177 2435 2181
f 2178 2180 2436
f 2178 2436 2437
f 2178 2437 2438
f 2178 2438 2182
f 2179 2181 2180
f 2180 2181 2439
f 2180 2439 2440
f 2180 2440 2441
f 2180 2441 2442
f 2180 2442 2443
f 2180 2443 2444
f 2180 2444 2437
f 2180 2437 2436
f 2181 2435 2439
f 2182 2438 2445
f 2182 2445 2446
f 2182 2446 2396
f 2183 2447 2184
f 2184 2447 2448
f 2184 2448 2449
f 2184 2449 2450
f 2184 2450 2186
f 2185 2186 2451
f 2185 2451 2452
f 2185 2452 2187
f 2186 2453 2454
f 2186 2454 2455
f 2186 2455 2456
f 2186 2456 2451
f 2186 2450 2453
f 2187 2452 2203
f 2187 2203 2188
f 2188 2203 2189
f 2190 2457 2191
f 2190 2203 2457
f 2191 2457 2452
f 2191 2452 2451
f 2191 2451 2456
f 2191 2456 2458
f 2191 2458 2459
f 2191 2459 2460
f 2191 2460 2461
f 2191 2461 2192
f 2192 2461 2462
f 2192 2462 2463
f 2192 2463 2464
f 2192 2464 2197
f 2192 2197 2465
f 2192 2465 2193
f 2193 2202 2194
f 2193 2465 2196
f 2194 2202 2195
f 2196 2465 2197
f 2197 2464 2466
f 2197 2466 2467
f 2197 2467 2198
f 2198 2467 2468
f 2198 2468 2199
f 2199 2468 2469
f 2199 2469 2470
f 2199 2470 2200
f 2200 2470 2471
f 2200 2471 2472
f 2200 2472 2206
f 2203 2452 2457
f 2204 2215 2473
f 2204 2473 2205
f 2205 2473 2474
f 2205 2474 2216
f 2206 2472 2475
f 2206 2475 2207
f 2207 2475 2208
f 2208 2475 2476
f 2208 2476 2209
f 2209 2476 2210
f 2210 2477 2478
f 2210 2478 2479
f 2210 2479 2211
f 2210 2476 2477
f 2211 2479 2480
f 2211 2480 2481
f 2211 2481 2213
f 2211 2213 2212
f 2213 2481 2482
f 2213 2482 2483
f 2213 2483 2484
f 2213 2484 2214
f 2214 2485 2486
f 2214 2486 2215
f 2214 2484 2485
f 2215 2486 2473
f 2216 2474 2217
f 2217 2474 2218
f 2218 2474 2473
f 2218 2473 2487
f 2218 2487 2488
f 2218 2488 2219
f 2219 2488 2489
f 2219 2489 2220
f 2220 2489 2488
f 2220 2488 2490
f 2220 2490 2491
f 2220 2491 2224
f 2221 2224 2222
f 2222 2224 2492
f 2222 2492 2493
f 2222 2493 2223
f 2223 2493 2226
f 2223 2226 2225
f 2224 2494 2492
f 2224 2491 2494
f 2226 2493 2231
f 2229 2231 2495
f 2229 2495 2496
f 2229 2496 2230
f 2230 2496 2232
f 2231 2493 2497
f 2231 2497 2498
f 2231 2498 2499
f 2231 2499 2500
f 2231 2500 2501
f 2231 2501 2502
f 2231 2502 2495
f 2232 2496 2503
f 2232 2503 2233
f 2233 2503 2504
f 2233 2504 2234
f 2234 2504 2505
f 2234 2505 2235
f 2235 2505 2506
f 2235 2506 2236
f 2236 2507 2237
f 2236 2506 2508
f 2236 2508 2509
f 2236 2509 2507
f 2237 2507 2509
f 2237 2509 2510
f 2237 2510 2511
f 2237 2511 2238
f 2238 2240 2239
f 2238 2511 2512
f 2238 2512 2513
f 2238 2513 2241
f 2238 2241 2240
f 2241 2513 2514
f 2241 2514 2244
f 2241 2244 2242
f 2242 2244 2243
f 2244 2514 2515
f 2244 2515 2516
f 2244 2516 2517
f 2244 2517 2518
f 2244 2518 2246
f 2244 2246 2245
f 2246 2518 2517
f 2246 2517 2519
f 2246 2519 2520
f 2246 2520 2248
f 2248 2520 2250
f 2249 2521 2252
f 2249 2251 2522
f 2249 2522 2521
f 2250 2520 2787
f 2250 2787 2523
f 2250 2523 2251
f 2251 2523 2789
f 2251 2789 2524
f 2251 2524 2525
f 2251 2525 2522
f 2252 2521 2526
f 2252 2526 2527
f 2252 2527 2253
f 2253 2527 2528
f 2253 2528 2529
f 2253 2529 2255
f 2254 2530 2257
f 2254 2256 2530
f 2255 2529 2256
f 2260 2531 2261
f 2261 2531 2532
f 2261 2532 2272
f 2262 2263 2279
f 2263 2533 2279
f 2263 2266 2534
f 2263 2534 2794
f 2263 2794 2533
f 2264 2271 2265
f 2265 2271 2535
f 2265 2535 2266
f 2266 2535 2536
f 2266 2536 2534
f 2267 2278 2537
f 2267 2537 2268
f 2268 2537 2538
f 2268 2538 2269
f 2269 2538 2270
f 2270 2538 2539
f 2270 2539 2271
f 2271 2539 2540
f 2271 2540 2535
f 2272 2532 2273
f 2273 2532 2541
f 2273 2541 2274
f 2274 2542 2275
f 2275 2542 2276
f 2276 2542 2543
f 2276 2543 2544
f 2276 2544 2545
f 2276 2545 2278
f 2276 2278 2277
f 2278 2545 2546
f 2278 2546 2547
f 2278 2547 2537
f 2279 2548 2280
f 2279 2533 2548
f 2280 2548 2549
f 2280 2549 2550
f 2280 2550 2551
f 2280 2551 2552
f 2280 2552 2553
f 2280 2553 2554
f 2280 2554 2281
f 2281 2554 2555
f 2281 2555 2282
f 2282 2555 2556
f 2282 2556 2557
f 2282 2557 2283
f 2283 2557 2285
f 2284 2558 2287
f 2284 2287 2286
f 2284 2285 2559
f 2284 2559 2560
f 2284 2560 2558
f 2285 2557 2560
f 2285 2560 2559
f 2287 2558 2561
f 2287 2561 2288
f 2288 2562 2563
f 2288 2563 2289
f 2288 2561 2564
f 2288 2564 2565
f 2288 2565 2562
f 2289 2563 2290
f 2290 2563 2291
f 2291 2562 2566
f 2291 2566 2567
f 2291 2567 2292
f 2291 2563 2562
f 2292 2567 2293
f 2293 2567 2294
f 2294 2568 2569
f 2294 2569 2570
f 2294 2570 2296
f 2294 2296 2295
f 2294 2567 2568
f 2296 2570 2571
f 2296 2571 2572
f 2296 2572 2573
f 2296 2573 2297
f 2297 2573 2298
f 2298 2573 2574
f 2298 2574 2299
f 2299 2303 2302
f 2299 2302 2301
f 2299 2574 2575
f 2299 2575 2576
f 2299 2576 2577
f 2299 2577 2303
f 2303 2577 2578
f 2303 2578 2579
f 2303 2579 2307
f 2304 2307 2580
f 2304 2580 2305
f 2305 2580 2308
f 2307 2579 2581
f 2307 2581 2580
f 2308 2582 2583
f 2308 2583 2310
f 2308 2310 2309
f 2308 2580 2582
f 2310 2583 2584
f 2310 2584 2311
f 2311 2585 2586
f 2311 2586 2587
f 2311 2587 2588
f 2311 2588 2313
f 2311 2313 2312
f 2311 2584 2585
f 2313 2588 2315
f 2315 2588 2316
f 2316 2588 2589
f 2316 2589 2590
f 2316 2590 2591
f 2316 2591 2318
f 2318 2592 2321
f 2318 2321 2320
f 2318 2320 2319
f 2318 2591 2593
f 2318 2593 2594
f 2318 2594 2595
f 2318 2595 2596
f 2318 2596 2592
f 2321 2592 2596
f 2321 2596 2597
f 2321 2597 2322
f 2322 2597 2327
f 2322 2327 2324
f 2322 2324 2323
f 2327 2598 2328
f 2327 2597 2598
f 2328 2598 2595
f 2328 2595 2329
f 2329 2599 2600
f 2329 2600 2330
f 2329 2595 2599
f 2330 2600 2601
f 2330 2601 2602
f 2330 2602 2331
f 2331 2602 2332
f 2332 2602 2601
f 2332 2601 2603
f 2332 2603 2604
f 2332 2604 2605
f 2332 2605 2333
f 2333 2605 2606
f 2333 2606 2607
f 2333 2607 2608
f 2333 2608 2334
f 2334 2608 2336
f 2334 2336 2335
f 2336 2608 2609
f 2336 2609 2337
f 2337 2609 2608
f 2337 2608 2610
f 2337 2610 2611
f 2337 2611 2612
f 2337 2612 2338
f 2338 2612 2340
f 2338 2340 2339
f 2340 2613 2343
f 2340 2612 2614
f 2340 2614 2615
f 2340 2615 2616
f 2340 2616 2617
f 2340 2617 2618
f 2340 2618 2613
f 2343 2613 2619
f 2343 2619 2344
f 2344 2619 2620
f 2344 2620 2621
f 2344 2621 2345
f 2345 2621 2622
f 2345 2622 2346
f 2346 2622 2347
f 2347 2349 2348
f 2347 2622 2623
f 2347 2623 2624
f 2347 2624 2625
f 2347 2625 2626
f 2347 2626 2349
f 2349 2626 2627
f 2349 2627 2365
f 2349 2365 2350
f 2351 2383 2352
f 2352 2383 2353
f 2354 2628 2355
f 2355 2629 2630
f 2355 2630 2356
f 2355 2628 2629
f 2356 2630 2359
f 2357 2631 2363
f 2357 2363 2358
f 2363 2631 2364
f 2365 2627 2626
f 2365 2626 2366
f 2366 2626 2625
f 2366 2625 2632
f 2366 2632 2633
f 2366 2633 2634
f 2366 2634 2367
f 2367 2634 2368
f 2368 2635 2369
f 2368 2634 2635
f 2369 2636 2637
f 2369 2637 2370
f 2369 2635 2638
f 2369 2638 2639
f 2369 2639 2640
f 2369 2640 2641
f 2369 2641 2642
f 2369 2642 2643
f 2369 2643 2644
f 2369 2644 2645
f 2369 2645 2646
f 2369 2646 2636
f 2370 2637 2372
f 2370 2372 2371
f 2372 2637 2647
f 2372 2647 2648
f 2372 2648 2374
f 2374 2648 2649
f 2374 2649 2650
f 2374 2650 2375
f 2375 2650 2651
f 2375 2651 2376
f 2376 2651 2652
f 2376 2652 2653
f 2376 2653 2378
f 2378 2653 2654
f 2378 2654 2655
f 2378 2655 2379
f 2379 2655 2380
f 2380 2655 2656
f 2380 2656 2381
f 2381 2656 2657
f 2381 2657 2658
f 2381 2658 2659
f 2381 2659 2383
f 2381 2383 2382
f 2383 2659 2658
f 2384 2390 2385
f 2385 2660 2661
f 2385 2661 2662
f 2385 2662 2663
f 2385 2663 2386
f 2385 2390 2664
f 2385 2664 2665
f 2385 2665 2660
f 2387 2395 2666
f 2387 2666 2388
f 2388 2667 2389
f 2388 2666 2667
f 2389 2667 2668
f 2389 2668 2669
f 2389 2669 2670
f 2389 2670 2671
f 2389 2671 2672
f 2389 2672 2390
f 2390 2672 2664
f 2392 2407 2673
f 2392 2673 2393
f 2393 2673 2674
f 2393 2674 2675
f 2393 2675 2394
f 2394 2675 2395
f 2395 2675 2676
f 2395 2676 2677
f 2395 2677 2666
f 2396 2446 2678
f 2396 2678 2397
f 2397 2678 2399
f 2397 2399 2398
f 2399 2679 2408
f 2399 2678 2680
f 2399 2680 2681
f 2399 2681 2409
f 2399 2409 2679
f 2402 2423 2682
f 2402 2682 2683
f 2402 2683 2403
f 2403 2683 2684
f 2403 2684 2404
f 2404 2684 2685
f 2404 2685 2686
f 2404 2686 2405
f 2405 2686 2687
f 2405 2687 2688
f 2405 2688 2689
f 2405 2689 2406
f 2406 2689 2688
f 2406 2688 2673
f 2406 2673 2407
f 2408 2679 2409
f 2409 2681 2690
f 2409 2690 2411
f 2409 2411 2410
f 2411 2413 2412
f 2411 2690 2691
f 2411 2691 2692
f 2411 2692 2413
f 2413 2692 2693
f 2413 2693 2694
f 2413 2694 2695
f 2413 2695 2414
f 2414 2695 2419
f 2415 2696 2416
f 2415 2420 2695
f 2415 2695 2696
f 2416 2696 2697
f 2416 2697 2418
f 2416 2418 2417
f 2418 2697 2421
f 2419 2695 2420
f 2421 2697 2422
f 2422 2682 2424
f 2422 2697 2698
f 2422 2698 2682
f 2423 2424 2682
f 2425 2427 2426
f 2428 2430 2429
f 2430 2699 2431
f 2431 2699 2700
f 2431 2700 2433
f 2431 2433 2432
f 2433 2700 2701
f 2433 2701 2702
f 2433 2702 2703
f 2433 2703 2704
f 2433 2704 2434
f 2434 2704 2705
f 2434 2705 2435
f 2435 2705 2440
f 2435 2440 2439
f 2437 2444 2445
f 2437 2445 2438
f 2440 2705 2706
f 2440 2706 2441
f 2441 2706 2707
f 2441 2707 2708
f 2441 2708 2709
f 2441 2709 2710
f 2441 2710 2442
f 2442 2710 2711
f 2442 2711 2712
f 2442 2712 2713
f 2442 2713 2443
f 2443 2714 2444
f 2443 2713 2715
f 2443 2715 2714
f 2444 2716 2445
f 2444 2714 2717
f 2444 2717 2716
f 2445 2716 2718
f 2445 2718 2719
f 2445 2719 2720
f 2445 2720 2446
f 2446 2720 2678
f 2448 2721 2449
f 2449 2721 2722
f 2449 2722 2450
f 2450 2722 2453
f 2453 2722 2723
f 2453 2723 2454
f 2454 2723 2724
f 2454 2724 2725
f 2454 2725 2726
f 2454 2726 2727
f 2454 2727 2728
f 2454 2728 2455
f 2455 2458 2456
f 2455 2728 2727
f 2455 2727 2729
f 2455 2729 2458
f 2458 2729 2459
f 2459 2729 2462
f 2459 2462 2460
f 2460 2462 2461
f 2462 2729 2730
f 2462 2730 2731
f 2462 2731 2463
f 2463 2731 2464
f 2464 2731 2466
f 2466 2731 2732
f 2466 2732 2467
f 2467 2732 2733
f 2467 2733 2468
f 2468 2733 2469
f 2469 2733 2734
f 2469 2734 2470
f 2470 2734 2471
f 2471 2734 2735
f 2471 2735 2472
f 2472 2735 2736
f 2472 2736 2737
f 2472 2737 2475
f 2473 2486 2485
f 2473 2485 2738
f 2473 2738 2488
f 2473 2488 2487
f 2475 2737 2739
f 2475 2739 2740
f 2475 2740 2476
f 2476 2740 2477
f 2477 2741 2742
f 2477 2742 2743
f 2477 2743 2744
f 2477 2744 2478
f 2477 2740 2741
f 2478 2744 2479
f 2479 2744 2745
f 2479 2745 2480
f 2480 2745 2746
f 2480 2746 2481
f 2481 2746 2747
f 2481 2747 2748
f 2481 2748 2482
f 2482 2748 2747
f 2482 2747 2749
f 2482 2749 2750
f 2482 2750 2751
f 2482 2751 2752
f 2482 2752 2753
f 2482 2753 2483
f 2483 2753 2754
f 2483 2754 2484
f 2484 2754 2755
f 2484 2755 2756
f 2484 2756 2485
f 2485 2756 2757
f 2485 2757 2738
f 2488 2738 2757
f 2488 2757 2490
f 2490 2757 2494
f 2490 2494 2491
f 2492 2494 2758
f 2492 2758 2759
f 2492 2759 2760
f 2492 2760 2761
f 2492 2761 2762
f 2492 2762 2763
f 2492 2763 2493
f 2493 2763 2498
f 2493 2498 2497
f 2494 2757 2759
f 2494 2759 2758
f 2495 2502 2764
f 2495 2764 2496
f 2496 2764 2503
f 2498 2765 2766
f 2498 2766 2767
f 2498 2767 2499
f 2498 2763 2762
f 2498 2762 2768
f 2498 2768 2765
f 2499 2767 2769
f 2499 2769 2500
f 2500 2769 2501
f 2501 2769 2770
f 2501 2770 3035
f 2501 3035 2771
f 2501 2771 2772
f 2501 2772 2764
f 2501 2764 2502
f 2503 2764 2504
f 2504 2764 2772
f 2504 2772 2773
f 2504 2773 2774
f 2504 2774 2775
f 2504 2775 2505
f 2505 2775 2506
f 2506 2776 2508
f 2506 2775 2777
f 2506 2777 2778
f 2506 2778 2779
f 2506 2779 2776
f 2508 2776 2509
f 2509 2776 2780
f 2509 2780 2510
f 2510 2780 2511
f 2511 2780 2512
f 2512 2780 2781
f 2512 2781 2513
f 2513 2781 2514
f 2514 2781 2515
f 2515 2781 2782
f 2515 2782 2783
f 2515 2783 2516
f 2516 2783 2784
f 2516 2784 2785
f 2516 2785 2517
f 2517 2785 2786
f 2517 2786 2519
f 2519 2786 2787
f 2519 2787 2520
f 2521 2522 2526
f 2522 2525 2788
f 2522 2788 2526
f 2523 2787 2789
f 2524 2790 2525
f 2524 2789 2791
f 2524 2791 2790
f 2525 2790 3057
f 2525 3057 2788
f 2526 2788 2792
f 2526 2792 2527
f 2527 2792 2528
f 2533 2793 2551
f 2533 2551 2550
f 2533 2550 2549
f 2533 2549 2548
f 2533 2794 2795
f 2533 2795 2793
f 2534 2536 2794
f 2535 2540 2796
f 2535 2796 2536
f 2536 2797 2798
f 2536 2798 2795
f 2536 2795 2794
f 2536 2796 2799
f 2536 2799 2797
f 2537 2547 2539
f 2537 2539 2538
f 2539 2547 2800
f 2539 2800 2801
f 2539 2801 2802
f 2539 2802 2803
f 2539 2803 2540
f 2540 2803 2799
f 2540 2799 2796
f 2544 2546 2545
f 2546 2804 2547
f 2547 2804 2800
f 2551 2805 2806
f 2551 2806 2552
f 2551 2793 2807
f 2551 2807 2808
f 2551 2808 2805
f 2552 2806 2809
f 2552 2809 2810
f 2552 2810 2553
f 2553 2810 2555
f 2553 2555 2554
f 2555 2810 2556
f 2556 2560 2557
f 2556 2810 2560
f 2558 2560 2811
f 2558 2811 2812
f 2558 2812 2813
f 2558 2813 2561
f 2560 2810 2814
f 2560 2814 2815
f 2560 2815 2816
f 2560 2816 2811
f 2561 2813 2817
f 2561 2817 2818
f 2561 2818 2819
f 2561 2819 2820
f 2561 2820 2564
f 2562 2821 2822
f 2562 2822 2566
f 2562 2565 2823
f 2562 2823 2824
f 2562 2824 2825
f 2562 2825 2821
f 2564 2820 2826
f 2564 2826 2823
f 2564 2823 2565
f 2566 2822 2829
f 2566 2829 2827
f 2566 2827 2567
f 2567 2827 2568
f 2568 2828 2570
f 2568 2570 2569
f 2568 2827 2829
f 2568 2829 2830
f 2568 2830 2831
f 2568 2831 2828
f 2570 2828 2832
f 2570 2832 2833
f 2570 2833 2834
f 2570 2834 2571
f 2571 2834 2835
f 2571 2835 2572
f 2572 2835 2836
f 2572 2836 2837
f 2572 2837 2838
f 2572 2838 2573
f 2573 2838 2574
f 2574 2838 2576
f 2574 2576 2575
f 2576 2838 2839
f 2576 2839 2837
f 2576 2837 2840
f 2576 2840 2582
f 2576 2582 2579
f 2576 2579 2577
f 2577 2579 2578
f 2579 2582 2580
f 2579 2580 2581
f 2582 2837 2583
f 2582 2840 2837
f 2583 2841 2584
f 2583 2837 2842
f 2583 2842 2841
f 2584 2841 2585
f 2585 2843 2586
f 2585 2841 2842
f 2585 2842 2844
f 2585 2844 2843
f 2586 2845 2846
f 2586 2846 2587
f 2586 2843 2845
f 2587 2846 2847
f 2587 2847 2588
f 2588 2847 2589
f 2589 2847 2848
f 2589 2848 2590
f 2590 2848 2593
f 2590 2593 2591
f 2593 2848 2849
f 2593 2849 2850
f 2593 2850 2851
f 2593 2851 2852
f 2593 2852 2594
f 2594 2853 2854
f 2594 2854 2595
f 2594 2852 2853
f 2595 2598 2597
f 2595 2597 2596
f 2595 2854 2855
f 2595 2855 2856
f 2595 2856 2857
f 2595 2857 2599
f 2599 2857 2858
f 2599 2858 2859
f 2599 2859 2600
f 2600 2859 2601
f 2601 2859 2860
f 2601 2860 2861
f 2601 2861 2603
f 2603 2861 2860
f 2603 2860 2862
f 2603 2862 2863
f 2603 2863 2604
f 2604 2863 2864
f 2604 2864 2865
f 2604 2865 2605
f 2605 2866 2606
f 2605 2865 2866
f 2606 2866 2867
f 2606 2867 2608
f 2606 2608 2607
f 2608 2867 2868
f 2608 2868 2610
f 2610 2868 2869
f 2610 2869 2611
f 2611 2869 2612
f 2612 2869 2870
f 2612 2870 2614
f 2613 2618 2871
f 2613 2871 2872
f 2613 2872 2873
f 2613 2873 2874
f 2613 2874 2619
f 2614 2870 2875
f 2614 2875 2615
f 2615 2875 2876
f 2615 2876 2877
f 2615 2877 2878
f 2615 2878 2617
f 2615 2617 2616
f 2617 2878 2879
f 2617 2879 2880
f 2617 2880 2871
f 2617 2871 2618
f 2619 2874 2620
f 2620 2874 2873
f 2620 2873 2881
f 2620 2881 2882
f 2620 2882 2883
f 2620 2883 2884
f 2620 2884 2885
f 2620 2885 2886
f 2620 2886 2621
f 2621 2623 2622
f 2621 2886 2623
f 2623 2886 2624
f 2624 2886 2625
f 2625 2886 2887
f 2625 2887 2632
f 2632 2887 2885
f 2632 2885 2888
f 2632 2888 2889
f 2632 2889 2633
f 2633 2889 2634
f 2634 2889 2638
f 2634 2638 2635
f 2636 2646 2890
f 2636 2890 2647
f 2636 2647 2637
f 2638 2889 2888
f 2638 2888 2639
f 2639 2884 2883
f 2639 2883 2640
f 2639 2888 2884
f 2640 2883 2641
f 2641 2891 2892
f 2641 2892 2643
f 2641 2643 2642
f 2641 2883 2882
f 2641 2882 2891
f 2643 2892 2893
f 2643 2893 2644
f 2644 2893 2894
f 2644 2894 2895
f 2644 2895 2645
f 2645 2896 2646
f 2645 2895 2896
f 2646 2896 2897
f 2646 2897 2890
f 2647 2890 2648
f 2648 2890 2898
f 2648 2898 2896
f 2648 2896 2899
f 2648 2899 2649
f 2649 2899 2900
f 2649 2900 2650
f 2650 2900 2901
f 2650 2901 2902
f 2650 2902 2903
f 2650 2903 2651
f 2651 2903 2904
f 2651 2904 2652
f 2652 2904 2653
f 2653 2904 2654
f 2654 2904 2655
f 2655 2904 2905
f 2655 2905 2906
f 2655 2906 2907
f 2655 2907 2656
f 2656 2658 2657
f 2660 2908 2909
f 2660 2909 2910
f 2660 2910 2661
f 2660 2665 2664
f 2660 2664 2911
f 2660 2911 2908
f 2664 2672 2912
f 2664 2912 2913
f 2664 2913 2914
f 2664 2914 2915
f 2664 2915 2911
f 2666 2677 2916
f 2666 2916 2667
f 2667 2916 2917
f 2667 2917 2668
f 2668 2917 2918
f 2668 2918 2919
f 2668 2919 2920
f 2668 2920 2669
f 2669 2921 2670
f 2669 2920 2922
f 2669 2922 2923
f 2669 2923 2924
f 2669 2924 2921
f 2670 2921 2924
f 2670 2924 2925
f 2670 2925 2926
f 2670 2926 2927
f 2670 2927 2928
f 2670 2928 2929
f 2670 2929 2930
f 2670 2930 2914
f 2670 2914 2931
f 2670 2931 2932
f 2670 2932 2671
f 2671 2932 2913
f 2671 2913 2912
f 2671 2912 2672
f 2673 2688 2674
f 2674 2688 2933
f 2674 2933 2934
f 2674 2934 2675
f 2675 2934 2935
f 2675 2935 2936
f 2675 2936 2676
f 2676 2936 2916
f 2676 2916 2677
f 2678 2720 2937
f 2678 2937 2680
f 2680 2937 2938
f 2680 2938 2939
f 2680 2939 2940
f 2680 2940 2941
f 2680 2941 2942
f 2680 2942 2943
f 2680 2943 2944
f 2680 2944 2681
f 2681 2944 2945
f 2681 2945 2690
f 2682 2698 2946
f 2682 2946 2947
f 2682 2947 2948
f 2682 2948 2684
f 2682 2684 2683
f 2684 2948 2685
f 2685 2948 2949
f 2685 2949 2686
f 2686 2950 2687
f 2686 2949 2950
f 2687 2951 2688
f 2687 2950 2951
f 2688 2951 2933
f 2690 2945 2691
f 2691 2945 2943
f 2691 2943 2952
f 2691 2952 2953
f 2691 2953 2692
f 2692 2953 2954
f 2692 2954 2693
f 2693 2954 2955
f 2693 2955 2956
f 2693 2956 2957
f 2693 2957 2694
f 2694 2957 2958
f 2694 2958 2959
f 2694 2959 2960
f 2694 2960 2961
f 2694 2961 2962
f 2694 2962 2963
f 2694 2963 2696
f 2694 2696 2695
f 2696 2963 2964
f 2696 2964 2697
f 2697 2964 2698
f 2698 2964 2946
f 2699 2965 2966
f 2699 2966 2701
f 2699 2701 2700
f 2701 2966 2967
f 2701 2967 2702
f 2702 2967 2968
f 2702 2968 2703
f 2703 2705 2704
f 2703 2968 2969
f 2703 2969 2705
f 2705 2969 2970
f 2705 2970 2706
f 2706 2970 2971
f 2706 2971 2972
f 2706 2972 2973
f 2706 2973 2708
f 2706 2708 2707
f 2708 2973 2974
f 2708 2974 2975
f 2708 2975 2709
f 2709 2975 2710
f 2710 2975 2976
f 2710 2976 2977
f 2710 2977 2712
f 2710 2712 2711
f 2712 2977 2978
f 2712 2978 2979
f 2712 2979 2980
f 2712 2980 2715
f 2712 2715 2713
f 2714 2715 2717
f 2715 2980 2717
f 2716 2717 2981
f 2716 2981 2718
f 2717 2980 2981
f 2718 2940 2982
f 2718 2982 2719
f 2718 2981 2983
f 2718 2983 2984
f 2718 2984 2985
f 2718 2985 2940
f 2719 2939 2720
f 2719 2982 2939
f 2720 2939 2937
f 2721 2986 2987
f 2721 2987 2722
f 2722 2987 2723
f 2723 2987 2724
f 2724 2987 2988
f 2724 2988 2989
f 2724 2989 2725
f 2725 2989 2726
f 2726 2989 2990
f 2726 2990 2727
f 2727 2990 2991
f 2727 2991 2992
f 2727 2992 2730
f 2727 2730 2729
f 2730 2992 2993
f 2730 2993 2731
f 2731 2993 2994
f 2731 2994 2732
f 2732 2994 2995
f 2732 2995 2996
f 2732 2996 2733
f 2733 2996 2734
f 2734 2996 2997
f 2734 2997 2998
f 2734 2998 2735
f 2735 2998 2999
f 2735 2999 3000
f 2735 3000 2742
f 2735 2742 2736
f 2736 2742 3001
f 2736 3001 2737
f 2737 3001 2739
f 2739 3001 2740
f 2740 3001 2741
f 2741 3001 2742
f 2742 3002 3003
f 2742 3003 3004
f 2742 3004 2744
f 2742 2744 2743
f 2742 3000 3002
f 2744 3004 3005
f 2744 3005 2745
f 2745 3006 3007
f 2745 3007 3008
f 2745 3008 2747
f 2745 2747 2746
f 2745 3005 3009
f 2745 3009 3010
f 2745 3010 3011
f 2745 3011 3006
f 2747 3008 3012
f 2747 3012 3013
f 2747 3013 2749
f 2749 3013 3014
f 2749 3014 2750
f 2750 3015 2751
f 2750 3014 3016
f 2750 3016 3015
f 2751 3015 2752
f 2752 3015 3017
f 2752 3017 2753
f 2753 3018 3019
f 2753 3019 2754
f 2753 3017 3020
f 2753 3020 3021
f 2753 3021 3022
f 2753 3022 3018
f 2754 3019 2755
f 2755 3019 2757
f 2755 2757 2756
f 2757 3019 3023
f 2757 3023 2759
f 2759 3024 2760
f 2759 3023 3025
f 2759 3025 3026
f 2759 3026 3027
f 2759 3027 3024
f 2760 3024 3027
f 2760 3027 2761
f 2761 3027 2765
f 2761 2765 2762
f 2762 2765 2768
f 2765 3027 3028
f 2765 3028 3029
f 2765 3029 2767
f 2765 2767 3030
f 2765 3030 2766
f 2766 3030 2767
f 2767 3029 3028
f 2767 3028 3031
f 2767 3031 2769
f 2769 3031 3032
f 2769 3032 3033
f 2769 3033 2770
f 2770 3033 3034
f 2770 3034 3035
f 2771 2773 2772
f 2771 3035 3036
f 2771 3036 2773
f 2773 3036 3037
f 2773 3037 3038
f 2773 3038 2774
f 2774 3038 2777
f 2774 2777 2775
f 2776 2779 2780
f 2777 3038 3039
f 2777 3039 3040
f 2777 3040 2778
f 2778 3041 3042
f 2778 3042 2779
f 2778 3040 3043
f 2778 3043 3041
f 2779 3042 3044
f 2779 3044 3045
f 2779 3045 3046
f 2779 3046 2780
f 2780 3047 2783
f 2780 2783 2781
f 2780 3046 3048
f 2780 3048 3047
f 2781 2783 2782
f 2783 3047 3048
f 2783 3048 2784
f 2784 3048 3049
f 2784 3049 2785
f 2785 3049 3311
f 2785 3311 3050
f 2785 3050 3051
f 2785 3051 2786
f 2786 3051 2787
f 2787 3051 3052
f 2787 3052 3053
f 2787 3053 3054
f 2787 3054 3055
f 2787 3055 2789
f 2788 3056 2792
f 2788 3057 3056
f 2789 3055 2791
f 2790 2791 3058
f 2790 3058 3057
f 2791 3055 3059
f 2791 3059 3060
f 2791 3060 3061
f 2791 3061 3062
f 2791 3062 3058
f 2793 2795 2807
f 2795 3063 2807
f 2795 2798 3064
f 2795 3064 3063
f 2797 3065 2798
f 2797 2799 3066
f 2797 3066 3065
f 2798 3065 3064
f 2799 2803 3067
f 2799 3067 3068
f 2799 3068 3066
f 2805 3069 3070
f 2805 3070 2806
f 2805 2808 3069
f 2806 3070 2809
f 2807 3063 2808
f 2808 3071 3069
f 2808 3063 3072
f 2808 3072 3071
f 2809 3073 2810
f 2809 3070 3333
f 2809 3333 3073
f 2810 3073 2814
f 2811 2816 3074
f 2811 3074 3075
f 2811 3075 3076
f 2811 3076 2812
f 2812 3076 3077
f 2812 3077 3078
f 2812 3078 2813
f 2813 3078 3079
f 2813 3079 2817
f 2814 3073 2815
f 2815 3073 2816
f 2816 3073 3080
f 2816 3080 3074
f 2817 3081 3082
f 2817 3082 2818
f 2817 3079 3083
f 2817 3083 3077
f 2817 3077 3084
f 2817 3084 3081
f 2818 3082 3085
f 2818 3085 2819
f 2819 3085 3086
f 2819 3086 2820
f 2820 3086 2826
f 2821 3087 2822
f 2821 2825 3088
f 2821 3088 3087
f 2822 3087 3089
f 2822 3089 3090
f 2822 3090 2830
f 2822 2830 2829
f 2823 3091 2824
f 2823 2826 3092
f 2823 3092 3093
f 2823 3093 3091
f 2824 3088 2825
f 2824 3091 3088
f 2826 3086 3092
f 2828 2831 2832
f 2830 3090 2831
f 2831 3090 3094
f 2831 3094 3095
f 2831 3095 3096
f 2831 3096 3097
f 2831 3097 2833
f 2831 2833 2832
f 2833 3097 3098
f 2833 3098 3099
f 2833 3099 2834
f 2834 3099 3100
f 2834 3100 3101
f 2834 3101 2835
f 2835 3101 3102
f 2835 3102 2836
f 2836 3103 2837
f 2836 3102 2843
f 2836 2843 3103
f 2837 2839 2838
f 2837 3103 2843
f 2837 2843 2842
f 2842 2843 2844
f 2843 3104 3105
f 2843 3105 2845
f 2843 3102 3106
f 2843 3106 3104
f 2845 3105 3107
f 2845 3107 3108
f 2845 3108 2847
f 2845 2847 2846
f 2847 3108 2848
f 2848 3108 3109
f 2848 3109 2849
f 2849 3109 2850
f 2850 3109 2851
f 2851 3110 2852
f 2851 3109 3111
f 2851 3111 3110
f 2852 3110 3112
f 2852 3112 2853
f 2853 3112 3113
f 2853 3113 2854
f 2854 3113 2855
f 2855 3113 2856
f 2856 3114 3115
f 2856 3115 3116
f 2856 3116 3117
f 2856 3117 2857
f 2856 3113 3114
f 2857 3117 3118
f 2857 3118 2858
f 2858 3118 2860
f 2858 2860 2859
f 2860 3118 3119
f 2860 3119 3120
f 2860 3120 3121
f 2860 3121 3122
f 2860 3122 3123
f 2860 3123 3124
f 2860 3124 2862
f 2862 2864 2863
f 2862 3124 2864
f 2864 3124 3125
f 2864 3125 2865
f 2865 3125 3126
f 2865 3126 2867
f 2865 2867 3127
f 2865 3127 2866
f 2866 3127 2867
f 2867 3126 3128
f 2867 3128 2868
f 2868 3128 2869
f 2869 3129 3130
f 2869 3130 3131
f 2869 3131 3132
f 2869 3132 2870
f 2869 3128 3129
f 2870 2876 2875
f 2870 3132 3133
f 2870 3133 3134
f 2870 3134 2876
f 2871 2880 3135
f 2871 3135 2872
f 2872 3135 2881
f 2872 2881 2873
f 2876 3134 3136
f 2876 3136 2877
f 2877 3136 2878
f 2878 3136 3137
f 2878 3137 3138
f 2878 3138 2879
f 2879 3138 3139
f 2879 3139 3140
f 2879 3140 3135
f 2879 3135 2880
f 2881 3135 3141
f 2881 3141 2882
f 2882 3141 3142
f 2882 3142 2891
f 2884 2888 2885
f 2885 2887 2886
f 2890 2897 2898
f 2891 3142 2892
f 2892 3143 3144
f 2892 3144 3145
f 2892 3145 3146
f 2892 3146 3147
f 2892 3147 2893
f 2892 3142 3148
f 2892 3148 3149
f 2892 3149 3150
f 2892 3150 3151
f 2892 3151 3152
f 2892 3152 3153
f 2892 3153 3143
f 2893 3147 2894
f 2894 3147 3154
f 2894 3154 3155
f 2894 3155 3156
f 2894 3156 3157
f 2894 3157 3158
f 2894 3158 2895
f 2895 3158 3157
f 2895 3157 2896
f 2896 2898 2897
f 2896 3157 2900
f 2896 2900 2899
f 2900 3157 3159
f 2900 3159 3160
f 2900 3160 3161
f 2900 3161 2901
f 2901 3161 3162
f 2901 3162 2902
f 2902 3163 2904
f 2902 2904 2903
f 2902 3162 3163
f 2904 3163 3164
f 2904 3164 2905
f 2905 3164 3165
f 2905 3165 3166
f 2905 3166 2907
f 2905 2907 2906
f 2907 3166 3167
f 2908 2911 3168
f 2911 2915 3168
f 2913 2932 2931
f 2913 2931 2914
f 2914 2930 3169
f 2914 3169 2915
f 2915 3170 3168
f 2915 3169 3171
f 2915 3171 3170
f 2916 2936 3172
f 2916 3172 2917
f 2917 3172 2918
f 2918 3172 3173
f 2918 3173 3174
f 2918 3174 3175
f 2918 3175 3176
f 2918 3176 2920
f 2918 2920 2919
f 2920 3176 3177
f 2920 3177 2922
f 2922 3177 2923
f 2923 2925 2924
f 2923 3177 3178
f 2923 3178 3179
f 2923 3179 2925
f 2925 3179 3180
f 2925 3180 2926
f 2926 3180 3181
f 2926 3181 3182
f 2926 3182 3183
f 2926 3183 2928
f 2926 2928 2927
f 2928 3184 3185
f 2928 3185 2929
f 2928 3183 3186
f 2928 3186 3184
f 2929 3185 3187
f 2929 3187 3188
f 2929 3188 3169
f 2929 3169 2930
f 2933 2951 3173
f 2933 3173 2934
f 2934 3173 3172
f 2934 3172 2935
f 2935 3172 2936
f 2937 2939 2938
f 2939 2982 2940
f 2940 2985 2941
f 2941 2985 3189
f 2941 3189 3190
f 2941 3190 3191
f 2941 3191 2942
f 2942 3191 2943
f 2943 2945 2944
f 2943 3191 3192
f 2943 3192 2952
f 2946 3193 2947
f 2946 2964 3194
f 2946 3194 3195
f 2946 3195 3196
f 2946 3196 3193
f 2947 3193 3197
f 2947 3197 3198
f 2947 3198 2948
f 2948 3198 2949
f 2949 3198 3199
f 2949 3199 2950
f 2950 3199 3200
f 2950 3200 3201
f 2950 3201 2951
f 2951 3201 3202
f 2951 3202 3174
f 2951 3174 3173
f 2952 3192 3203
f 2952 3203 2953
f 2953 3203 3204
f 2953 3204 3205
f 2953 3205 2954
f 2954 3205 2955
f 2955 3205 3204
f 2955 3204 3206
f 2955 3206 2956
f 2956 3206 3207
f 2956 3207 2957
f 2957 3207 2958
f 2958 3207 3208
f 2958 3208 3209
f 2958 3209 3210
f 2958 3210 3211
f 2958 3211 2959
f 2959 3211 3212
f 2959 3212 3213
f 2959 3213 3214
f 2959 3214 3215
f 2959 3215 2960
f 2960 3215 2961
f 2961 3215 3216
f 2961 3216 3217
f 2961 3217 3218
f 2961 3218 3219
f 2961 3219 2963
f 2961 2963 2962
f 2963 3219 2964
f 2964 3219 3194
f 2965 3220 2966
f 2966 3220 3221
f 2966 3221 3222
f 2966 3222 3223
f 2966 3223 3224
f 2966 3224 2968
f 2966 2968 2967
f 2968 3224 3225
f 2968 3225 3226
f 2968 3226 2969
f 2969 3226 3227
f 2969 3227 2972
f 2969 2972 2970
f 2970 2972 2971
f 2972 3227 3228
f 2972 3228 2973
f 2973 3228 2974
f 2974 3228 3229
f 2974 3229 2975
f 2975 3229 3230
f 2975 3230 2976
f 2976 3231 3232
f 2976 3232 2978
f 2976 2978 2977
f 2976 3230 3233
f 2976 3233 3231
f 2978 3232 3234
f 2978 3234 2979
f 2979 3234 3235
f 2979 3235 2980
f 2980 3235 2981
f 2981 3235 3236
f 2981 3236 3237
f 2981 3237 2983
f 2983 3237 3238
f 2983 3238 3239
f 2983 3239 2984
f 2984 3239 3240
f 2984 3240 3189
f 2984 3189 2985
f 2986 3241 2987
f 2987 3241 2988
f 2988 3241 3242
f 2988 3242 3243
f 2988 3243 3244
f 2988 3244 3245
f 2988 3245 2989
f 2989 3246 3247
f 2989 3247 2991
f 2989 2991 2990
f 2989 3245 3244
f 2989 3244 3246
f 2991 3247 3248
f 2991 3248 3249
f 2991 3249 2992
f 2992 3249 3250
f 2992 3250 2993
f 2993 2995 2994
f 2993 3250 3251
f 2993 3251 3252
f 2993 3252 2995
f 2995 3252 2997
f 2995 2997 2996
f 2997 3253 2998
f 2997 3252 3254
f 2997 3254 3003
f 2997 3003 3253
f 2998 3253 3003
f 2998 3003 3000
f 2998 3000 2999
f 3000 3003 3002
f 3003 3254 3004
f 3004 3255 3256
f 3004 3256 3257
f 3004 3257 3005
f 3004 3254 3255
f 3005 3257 3256
f 3005 3256 3009
f 3006 3258 3259
f 3006 3259 3260
f 3006 3260 3007
f 3006 3011 3261
f 3006 3261 3262
f 3006 3262 3263
f 3006 3263 3264
f 3006 3264 3265
f 3006 3265 3258
f 3007 3260 3008
f 3008 3260 3012
f 3009 3256 3010
f 3010 3261 3011
f 3010 3256 3266
f 3010 3266 3267
f 3010 3267 3268
f 3010 3268 3261
f 3012 3260 3269
f 3012 3269 3270
f 3012 3270 3271
f 3012 3271 3014
f 3012 3014 3013
f 3014 3272 3273
f 3014 3273 3274
f 3014 3274 3016
f 3014 3271 3272
f 3015 3016 3275
f 3015 3275 3276
f 3015 3276 3017
f 3016 3277 3275
f 3016 3274 3278
f 3016 3278 3279
f 3016 3279 3280
f 3016 3280 3281
f 3016 3281 3282
f 3016 3282 3277
f 3017 3276 3283
f 3017 3283 3021
f 3017 3021 3020
f 3018 3025 3019
f 3018 3022 3284
f 3018 3284 3025
f 3019 3025 3023
f 3021 3283 3285
f 3021 3285 3022
f 3022 3285 3286
f 3022 3286 3287
f 3022 3287 3288
f 3022 3288 3284
f 3025 3284 3026
f 3026 3028 3027
f 3026 3284 3288
f 3026 3288 3289
f 3026 3289 3031
f 3026 3031 3028
f 3031 3289 3290
f 3031 3290 3291
f 3031 3291 3032
f 3032 3291 3033
f 3033 3292 3034
f 3033 3291 3292
f 3034 3292 3293
f 3034 3293 3035
f 3035 3294 3036
f 3035 3293 3295
f 3035 3295 3296
f 3035 3296 3297
f 3035 3297 3298
f 3035 3298 3294
f 3036 3294 3299
f 3036 3299 3300
f 3036 3300 3037
f 3037 3300 3038
f 3038 3300 3039
f 3039 3299 3301
f 3039 3301 3302
f 3039 3302 3303
f 3039 3303 3040
f 3039 3300 3299
f 3040 3303 3304
f 3040 3304 3305
f 3040 3305 3306
f 3040 3306 3043
f 3041 3043 3306
f 3041 3306 3307
f 3041 3307 3042
f 3042 3307 3308
f 3042 3308 3044
f 3044 3308 3309
f 3044 3309 3046
f 3044 3046 3045
f 3046 3309 3310
f 3046 3310 3048
f 3048 3310 3049
f 3049 3310 3311
f 3050 3311 3598
f 3050 3598 3312
f 3050 3312 3313
f 3050 3313 3051
f 3051 3313 3052
f 3052 3054 3053
f 3052 3313 3314
f 3052 3314 3315
f 3052 3315 3054
f 3054 3060 3059
f 3054 3059 3055
f 3054 3315 3316
f 3054 3316 3060
f 3056 3057 3317
f 3057 3318 3317
f 3057 3058 3318
f 3058 3062 3319
f 3058 3319 3320
f 3058 3320 3318
f 3060 3062 3061
f 3060 3316 3321
f 3060 3321 3062
f 3062 3322 3319
f 3062 3321 3323
f 3062 3323 3324
f 3062 3324 3322
f 3063 3064 3325
f 3063 3325 3072
f 3064 3065 3325
f 3065 3066 3326
f 3065 3326 3327
f 3065 3327 3325
f 3066 3068 3328
f 3066 3328 3326
f 3069 3071 3329
f 3069 3329 3330
f 3069 3330 3331
f 3069 3331 3332
f 3069 3332 3070
f 3070 3332 3080
f 3070 3080 3333
f 3071 3072 3334
f 3071 3334 3329
f 3072 3325 3334
f 3073 3333 3080
f 3074 3080 3077
f 3074 3077 3075
f 3075 3077 3076
f 3077 3332 3331
f 3077 3331 3330
f 3077 3330 3335
f 3077 3335 3336
f 3077 3336 3084
f 3077 3083 3078
f 3077 3080 3332
f 3078 3083 3079
f 3081 3084 3082
f 3082 3084 3337
f 3082 3337 3338
f 3082 3338 3339
f 3082 3339 3340
f 3082 3340 3341
f 3082 3341 3086
f 3082 3086 3085
f 3084 3336 3342
f 3084 3342 3343
f 3084 3343 3344
f 3084 3344 3345
f 3084 3345 3346
f 3084 3346 3347
f 3084 3347 3338
f 3084 3338 3337
f 3086 3341 3348
f 3086 3348 3092
f 3087 3088 3349
f 3087 3349 3350
f 3087 3350 3089
f 3088 3091 3351
f 3088 3351 3349
f 3089 3350 3352
f 3089 3352 3090
f 3090 3352 3094
f 3091 3093 3351
f 3092 3348 3093
f 3093 3353 3351
f 3093 3348 3354
f 3093 3354 3353
f 3094 3352 3350
f 3094 3350 3355
f 3094 3355 3356
f 3094 3356 3357
f 3094 3357 3358
f 3094 3358 3096
f 3094 3096 3095
f 3096 3358 3097
f 3097 3358 3359
f 3097 3359 3360
f 3097 3360 3361
f 3097 3361 3362
f 3097 3362 3363
f 3097 3363 3364
f 3097 3364 3098
f 3098 3364 3099
f 3099 3364 3100
f 3100 3364 3365
f 3100 3365 3366
f 3100 3366 3367
f 3100 3367 3101
f 3101 3367 3368
f 3101 3368 3102
f 3102 3368 3369
f 3102 3369 3106
f 3104 3370 3371
f 3104 3371 3107
f 3104 3107 3105
f 3104 3106 3369
f 3104 3369 3370
f 3107 3371 3108
f 3108 3371 3109
f 3109 3371 3111
f 3110 3372 3112
f 3110 3111 3372
f 3111 3371 3373
f 3111 3373 3374
f 3111 3374 3375
f 3111 3375 3372
f 3112 3376 3113
f 3112 3372 3376
f 3113 3376 3115
f 3113 3115 3114
f 3115 3377 3378
f 3115 3378 3379
f 3115 3379 3380
f 3115 3380 3116
f 3115 3376 3377
f 3116 3380 3379
f 3116 3379 3381
f 3116 3381 3382
f 3116 3382 3117
f 3117 3382 3383
f 3117 3383 3118
f 3118 3383 3384
f 3118 3384 3119
f 3119 3385 3120
f 3119 3384 3385
f 3120 3385 3386
f 3120 3386 3387
f 3120 3387 3121
f 3121 3387 3388
f 3121 3388 3389
f 3121 3389 3390
f 3121 3390 3123
f 3121 3123 3122
f 3123 3390 3391
f 3123 3391 3125
f 3123 3125 3124
f 3125 3391 3392
f 3125 3392 3393
f 3125 3393 3394
f 3125 3394 3395
f 3125 3395 3130
f 3125 3130 3396
f 3125 3396 3128
f 3125 3128 3126
f 3128 3396 3129
f 3129 3396 3130
f 3130 3395 3132
f 3130 3132 3131
f 3132 3397 3133
f 3132 3395 3397
f 3133 3397 3134
f 3134 3397 3398
f 3134 3398 3399
f 3134 3399 3136
f 3135 3140 3400
f 3135 3400 3142
f 3135 3142 3141
f 3136 3399 3137
f 3137 3399 3401
f 3137 3401 3402
f 3137 3402 3403
f 3137 3403 3138
f 3138 3403 3404
f 3138 3404 3139
f 3139 3404 3403
f 3139 3403 3405
f 3139 3405 3406
f 3139 3406 3407
f 3139 3407 3142
f 3139 3142 3400
f 3139 3400 3140
f 3142 3407 3148
f 3143 3153 3408
f 3143 3408 3409
f 3143 3409 3410
f 3143 3410 3144
f 3144 3410 3145
f 3145 3411 3412
f 3145 3412 3413
f 3145 3413 3146
f 3145 3410 3414
f 3145 3414 3411
f 3146 3413 3415
f 3146 3415 3416
f 3146 3416 3417
f 3146 3417 3154
f 3146 3154 3147
f 3148 3418 3419
f 3148 3419 3420
f 3148 3420 3149
f 3148 3407 3406
f 3148 3406 3418
f 3149 3420 3150
f 3150 3420 3421
f 3150 3421 3422
f 3150 3422 3151
f 3151 3422 3152
f 3152 3422 3423
f 3152 3423 3424
f 3152 3424 3425
f 3152 3425 3426
f 3152 3426 3153
f 3153 3426 3427
f 3153 3427 3409
f 3153 3409 3408
f 3154 3417 3428
f 3154 3428 3155
f 3155 3428 3429
f 3155 3429 3430
f 3155 3430 3161
f 3155 3161 3160
f 3155 3160 3431
f 3155 3431 3157
f 3155 3157 3156
f 3157 3431 3160
f 3157 3160 3159
f 3161 3430 3162
f 3162 3432 3164
f 3162 3164 3163
f 3162 3430 3432
f 3164 3432 3433
f 3164 3433 3434
f 3164 3434 3435
f 3164 3435 3436
f 3164 3436 3437
f 3164 3437 3165
f 3165 3437 3166
f 3166 3437 3436
f 3166 3436 3438
f 3166 3438 3439
f 3166 3439 3167
f 3169 3440 3441
f 3169 3441 3171
f 3169 3188 3440
f 3170 3171 3442
f 3171 3441 3442
f 3174 3202 3175
f 3175 3443 3444
f 3175 3444 3176
f 3175 3202 3445
f 3175 3445 3443
f 3176 3444 3177
f 3177 3444 3178
f 3178 3444 3446
f 3178 3446 3447
f 3178 3447 3179
f 3179 3447 3448
f 3179 3448 3180
f 3180 3448 3449
f 3180 3449 3450
f 3180 3450 3181
f 3181 3451 3182
f 3181 3450 3451
f 3182 3452 3186
f 3182 3186 3183
f 3182 3451 3453
f 3182 3453 3454
f 3182 3454 3452
f 3184 3186 3455
f 3184 3455 3456
f 3184 3456 3185
f 3185 3456 3187
f 3186 3452 3457
f 3186 3457 3455
f 3187 3458 3459
f 3187 3459 3188
f 3187 3456 3458
f 3188 3459 3440
f 3189 3240 3190
f 3190 3240 3460
f 3190 3460 3461
f 3190 3461 3191
f 3191 3461 3462
f 3191 3462 3463
f 3191 3463 3192
f 3192 3463 3464
f 3192 3464 3203
f 3193 3465 3466
f 3193 3466 3197
f 3193 3196 3467
f 3193 3467 3468
f 3193 3468 3465
f 3194 3219 3195
f 3195 3219 3218
f 3195 3218 3217
f 3195 3217 3469
f 3195 3469 3470
f 3195 3470 3196
f 3196 3470 3471
f 3196 3471 3472
f 3196 3472 3467
f 3197 3466 3473
f 3197 3473 3474
f 3197 3474 3198
f 3198 3474 3199
f 3199 3474 3475
f 3199 3475 3200
f 3200 3475 3476
f 3200 3476 3477
f 3200 3477 3478
f 3200 3478 3202
f 3200 3202 3201
f 3202 3478 3445
f 3203 3464 3206
f 3203 3206 3204
f 3206 3464 3479
f 3206 3479 3208
f 3206 3208 3207
f 3208 3479 3480
f 3208 3480 3481
f 3208 3481 3482
f 3208 3482 3209
f 3209 3482 3483
f 3209 3483 3484
f 3209 3484 3210
f 3210 3485 3486
f 3210 3486 3211
f 3210 3484 3485
f 3211 3486 3487
f 3211 3487 3488
f 3211 3488 3212
f 3212 3488 3213
f 3213 3488 3489
f 3213 3489 3214
f 3214 3489 3490
f 3214 3490 3216
f 3214 3216 3215
f 3216 3491 3217
f 3216 3490 3488
f 3216 3488 3491
f 3217 3491 3470
f 3217 3470 3469
f 3220 3492 3221
f 3221 3492 3493
f 3221 3493 3494
f 3221 3494 3495
f 3221 3495 3222
f 3222 3495 3223
f 3223 3495 3496
f 3223 3496 3225
f 3223 3225 3224
f 3225 3496 3497
f 3225 3497 3227
f 3225 3227 3226
f 3227 3497 3498
f 3227 3498 3499
f 3227 3499 3228
f 3228 3499 3500
f 3228 3500 3229
f 3229 3500 3501
f 3229 3501 3230
f 3230 3501 3502
f 3230 3502 3503
f 3230 3503 3233
f 3231 3233 3504
f 3231 3504 3505
f 3231 3505 3506
f 3231 3506 3507
f 3231 3507 3232
f 3232 3507 3508
f 3232 3508 3509
f 3232 3509 3234
f 3233 3503 3510
f 3233 3510 3504
f 3234 3509 3236
f 3234 3236 3235
f 3236 3509 3508
f 3236 3508 3238
f 3236 3238 3237
f 3238 3508 3239
f 3239 3508 3511
f 3239 3511 3512
f 3239 3512 3240
f 3240 3512 3513
f 3240 3513 3460
f 3246 3514 3515
f 3246 3515 3247
f 3247 3515 3514
f 3247 3514 3516
f 3247 3516 3517
f 3247 3517 3518
f 3247 3518 3248
f 3248 3518 3249
f 3249 3518 3519
f 3249 3519 3520
f 3249 3520 3250
f 3250 3520 3521
f 3250 3521 3251
f 3251 3521 3522
f 3251 3522 3523
f 3251 3523 3524
f 3251 3524 3252
f 3252 3524 3254
f 3254 3524 3266
f 3254 3266 3256
f 3254 3256 3255
f 3258 3525 3259
f 3258 3265 3526
f 3258 3526 3527
f 3258 3527 3525
f 3259 3528 3529
f 3259 3529 3530
f 3259 3530 3260
f 3259 3525 3528
f 3260 3530 3269
f 3261 3268 3262
f 3262 3531 3263
f 3262 3268 3267
f 3262 3267 3523
f 3262 3523 3531
f 3263 3531 3532
f 3263 3532 3264
f 3264 3532 3533
f 3264 3533 3534
f 3264 3534 3265
f 3265 3534 3526
f 3266 3524 3267
f 3267 3524 3523
f 3269 3535 3536
f 3269 3536 3270
f 3269 3530 3535
f 3270 3536 3537
f 3270 3537 3538
f 3270 3538 3272
f 3270 3272 3271
f 3272 3538 3273
f 3273 3538 3539
f 3273 3539 3540
f 3273 3540 3278
f 3273 3278 3274
f 3275 3277 3541
f 3275 3541 3542
f 3275 3542 3276
f 3276 3542 3283
f 3277 3282 3543
f 3277 3543 3541
f 3278 3540 3544
f 3278 3544 3545
f 3278 3545 3546
f 3278 3546 3279
f 3279 3547 3280
f 3279 3546 3548
f 3279 3548 3549
f 3279 3549 3547
f 3280 3547 3550
f 3280 3550 3551
f 3280 3551 3552
f 3280 3552 3553
f 3280 3553 3554
f 3280 3554 3555
f 3280 3555 3281
f 3281 3555 3282
f 3282 3555 3556
f 3282 3556 3557
f 3282 3557 3558
f 3282 3558 3559
f 3282 3559 3560
f 3282 3560 3561
f 3282 3561 3543
f 3283 3542 3562
f 3283 3562 3285
f 3285 3562 3563
f 3285 3563 3564
f 3285 3564 3565
f 3285 3565 3566
f 3285 3566 3567
f 3285 3567 3568
f 3285 3568 3569
f 3285 3569 3570
f 3285 3570 3286
f 3286 3570 3287
f 3287 3570 3290
f 3287 3290 3288
f 3288 3290 3289
f 3290 3570 3571
f 3290 3571 3569
f 3290 3569 3572
f 3290 3572 3292
f 3290 3292 3291
f 3292 3572 3293
f 3293 3573 3574
f 3293 3574 3296
f 3293 3296 3295
f 3293 3572 3569
f 3293 3569 3573
f 3294 3575 3299
f 3294 3298 3575
f 3296 3574 3576
f 3296 3576 3297
f 3297 3577 3578
f 3297 3578 3579
f 3297 3579 3580
f 3297 3580 3581
f 3297 3581 3298
f 3297 3576 3577
f 3298 3582 3575
f 3298 3581 3583
f 3298 3583 3582
f 3299 3575 3301
f 3301 3575 3584
f 3301 3584 3302
f 3302 3585 3303
f 3302 3584 3586
f 3302 3586 3585
f 3303 3587 3304
f 3303 3585 3588
f 3303 3588 3589
f 3303 3589 3587
f 3304 3587 3590
f 3304 3590 3305
f 3305 3591 3306
f 3305 3590 3591
f 3306 3591 3592
f 3306 3592 3593
f 3306 3593 3307
f 3307 3593 3594
f 3307 3594 3595
f 3307 3595 3309
f 3307 3309 3308
f 3309 3595 3596
f 3309 3596 3597
f 3309 3597 3310
f 3310 3597 3311
f 3311 3597 3598
f 3312 3598 3599
f 3312 3599 3600
f 3312 3600 3313
f 3313 3600 3314
f 3314 3601 3602
f 3314 3602 3603
f 3314 3603 3604
f 3314 3604 3605
f 3314 3605 3315
f 3314 3600 3601
f 3315 3605 3606
f 3315 3606 3607
f 3315 3607 3316
f 3316 3607 3608
f 3316 3608 3609
f 3316 3609 3321
f 3318 3320 3610
f 3319 3611 3612
f 3319 3612 3320
f 3319 3322 3613
f 3319 3613 3611
f 3320 3612 3614
f 3320 3614 3610
f 3321 3609 3615
f 3321 3615 3616
f 3321 3616 3323
f 3322 3324 3617
f 3322 3617 3613
f 3323 3616 3618
f 3323 3618 3324
f 3324 3618 3617
f 3325 3619 3334
f 3325 3327 3620
f 3325 3620 3619
f 3326 3328 3621
f 3326 3621 3622
f 3326 3622 3327
f 3327 3622 3623
f 3327 3623 3620
f 3329 3624 3330
f 3329 3334 3625
f 3329 3625 3624
f 3330 3624 3335
f 3334 3619 3626
f 3334 3626 3625
f 3335 3624 3343
f 3335 3343 3336
f 3336 3343 3342
f 3338 3347 3627
f 3338 3627 3339
f 3339 3627 3628
f 3339 3628 3746
f 3339 3746 3629
f 3339 3629 3340
f 3340 3630 3631
f 3340 3631 3354
f 3340 3354 3348
f 3340 3348 3341
f 3340 3629 3630
f 3343 3624 3625
f 3343 3625 3632
f 3343 3632 3344
f 3344 3632 3345
f 3345 3633 3346
f 3345 3632 3634
f 3345 3634 3635
f 3345 3635 3633
f 3346 3636 3627
f 3346 3627 3347
f 3346 3633 3635
f 3346 3635 3637
f 3346 3637 3638
f 3346 3638 3636
f 3349 3351 3350
f 3350 3351 3639
f 3350 3639 3355
f 3351 3640 3639
f 3351 3353 3640
f 3353 3354 3641
f 3353 3641 3642
f 3353 3642 3640
f 3354 3631 3641
f 3355 3639 3640
f 3355 3640 3643
f 3355 3643 3356
f 3356 3643 3644
f 3356 3644 3645
f 3356 3645 3357
f 3357 3645 3646
f 3357 3646 3647
f 3357 3647 3358
f 3358 3647 3648
f 3358 3648 3359
f 3359 3648 3649
f 3359 3649 3650
f 3359 3650 3360
f 3360 3650 3651
f 3360 3651 3652
f 3360 3652 3362
f 3360 3362 3361
f 3362 3653 3363
f 3362 3652 3653
f 3363 3653 3364
f 3364 3653 3365
f 3365 3654 3366
f 3365 3653 3654
f 3366 3654 3367
f 3367 3654 3655
f 3367 3655 3368
f 3368 3655 3369
f 3369 3655 3656
f 3369 3656 3370
f 3370 3657 3371
f 3370 3656 3658
f 3370 3658 3657
f 3371 3657 3659
f 3371 3659 3660
f 3371 3660 3963
f 3371 3963 3661
f 3371 3661 3373
f 3372 3375 3662
f 3372 3662 3663
f 3372 3663 3664
f 3372 3664 3665
f 3372 3665 3376
f 3373 3666 3667
f 3373 3667 3374
f 3373 3661 3666
f 3374 3667 3662
f 3374 3662 3375
f 3376 3665 3668
f 3376 3668 3377
f 3377 3669 3378
f 3377 3668 3665
f 3377 3665 3669
f 3378 3669 3670
f 3378 3670 3671
f 3378 3671 3379
f 3379 3671 3672
f 3379 3672 3673
f 3379 3673 3674
f 3379 3674 3381
f 3381 3675 3676
f 3381 3676 3382
f 3381 3674 3677
f 3381 3677 3675
f 3382 3676 3678
f 3382 3678 3383
f 3383 3678 3384
f 3384 3678 3679
f 3384 3679 3680
f 3384 3680 3385
f 3385 3680 3386
f 3386 3680 3681
f 3386 3681 3682
f 3386 3682 3387
f 3387 3682 3683
f 3387 3683 3388
f 3388 3683 3389
f 3389 3684 3685
f 3389 3685 3686
f 3389 3686 3393
f 3389 3393 3392
f 3389 3392 3391
f 3389 3391 3390
f 3389 3683 3684
f 3393 3686 3687
f 3393 3687 3688
f 3393 3688 3689
f 3393 3689 3690
f 3393 3690 3394
f 3394 3690 3395
f 3395 3690 3691
f 3395 3691 3397
f 3397 3691 3689
f 3397 3689 3692
f 3397 3692 3693
f 3397 3693 3398
f 3398 3693 3401
f 3398 3401 3399
f 3401 3693 3694
f 3401 3694 3402
f 3402 3694 3405
f 3402 3405 3403
f 3405 3694 3406
f 3406 3694 3695
f 3406 3695 3696
f 3406 3696 3697
f 3406 3697 3698
f 3406 3698 3418
f 3409 3427 3699
f 3409 3699 3700
f 3409 3700 3410
f 3410 3700 3701
f 3410 3701 3702
f 3410 3702 3703
f 3410 3703 3704
f 3410 3704 3412
f 3410 3412 3411
f 3410 3411 3414
f 3412 3704 3705
f 3412 3705 3706
f 3412 3706 3707
f 3412 3707 3708
f 3412 3708 3413
f 3413 3708 3415
f 3415 3709 3710
f 3415 3710 3711
f 3415 3711 3712
f 3415 3712 3713
f 3415 3713 3714
f 3415 3714 3416
f 3415 3708 3715
f 3415 3715 3709
f 3416 3714 3428
f 3416 3428 3417
f 3418 3698 3420
f 3418 3420 3419
f 3420 3698 3716
f 3420 3716 3421
f 3421 3716 3717
f 3421 3717 3422
f 3422 3717 3424
f 3422 3424 3423
f 3424 3718 3425
f 3424 3717 3719
f 3424 3719 3718
f 3425 3718 3720
f 3425 3720 3721
f 3425 3721 3722
f 3425 3722 3723
f 3425 3723 3724
f 3425 3724 3725
f 3425 3725 3426
f 3426 3725 3724
f 3426 3724 3726
f 3426 3726 3427
f 3427 3726 3700
f 3427 3700 3699
f 3428 3714 3713
f 3428 3713 3432
f 3428 3432 3429
f 3429 3432 3430
f 3432 3713 3712
f 3432 3712 3711
f 3432 3711 3727
f 3432 3727 3728
f 3432 3728 3433
f 3433 3728 3729
f 3433 3729 3730
f 3433 3730 3434
f 3434 3730 3435
f 3435 3730 3731
f 3435 3731 3436
f 3436 3732 3438
f 3436 3731 3733
f 3436 3733 3734
f 3436 3734 3732
f 3438 3732 3439
f 3439 3732 3735
f 3439 3735 3736
f 3440 3459 3737
f 3440 3737 3738
f 3440 3738 3441
f 3441 3738 3739
f 3441 3739 3740
f 3441 3740 3442
f 3443 3741 3446
f 3443 3446 3444
f 3443 3445 3741
f 3445 3477 3741
f 3445 3478 3477
f 3446 3741 3447
f 3447 3741 3742
f 3447 3742 3743
f 3447 3743 3448
f 3448 3743 3450
f 3448 3450 3449
f 3450 3453 3451
f 3450 3743 3744
f 3450 3744 3745
f 3450 3745 3453
f 3452 3746 3457
f 3452 3454 3629
f 3452 3629 3746
f 3453 3745 3747
f 3453 3747 3454
f 3454 3747 3630
f 3454 3630 3629
f 3455 3457 3748
f 3455 3748 3749
f 3455 3749 3750
f 3455 3750 3751
f 3455 3751 3456
f 3456 3751 3752
f 3456 3752 3458
f 3457 3746 3748
f 3458 3752 3753
f 3458 3753 3754
f 3458 3754 3459
f 3459 3754 3737
f 3460 3513 3755
f 3460 3755 3461
f 3461 3755 3462
f 3462 3755 3756
f 3462 3756 3463
f 3463 3756 3757
f 3463 3757 3464
f 3464 3757 3479
f 3465 3473 3466
f 3465 3468 3473
f 3467 3472 3758
f 3467 3758 3468
f 3468 3758 3473
f 3470 3491 3759
f 3470 3759 3471
f 3471 3760 3472
f 3471 3759 3651
f 3471 3651 3760
f 3472 3760 3758
f 3473 3758 3761
f 3473 3761 3762
f 3473 3762 3763
f 3473 3763 3764
f 3473 3764 3765
f 3473 3765 3474
f 3474 3765 3475
f 3475 3766 3767
f 3475 3767 3768
f 3475 3768 3476
f 3475 3765 3766
f 3476 3769 3477
f 3476 3768 3769
f 3477 3769 3742
f 3477 3742 3741
f 3479 3757 3480
f 3480 3757 3770
f 3480 3770 3771
f 3480 3771 3772
f 3480 3772 3481
f 3481 3772 3773
f 3481 3773 3774
f 3481 3774 3482
f 3482 3774 3775
f 3482 3775 3483
f 3483 3775 3776
f 3483 3776 3777
f 3483 3777 3778
f 3483 3778 3779
f 3483 3779 3484
f 3484 3779 3485
f 3485 3779 3778
f 3485 3778 3780
f 3485 3780 3781
f 3485 3781 3782
f 3485 3782 3486
f 3486 3782 3783
f 3486 3783 3784
f 3486 3784 3488
f 3486 3488 3487
f 3488 3785 3786
f 3488 3786 3491
f 3488 3490 3489
f 3488 3784 3785
f 3491 3786 3759
f 3493 3787 3788
f 3493 3788 3494
f 3494 3788 3789
f 3494 3789 3790
f 3494 3790 3791
f 3494 3791 3495
f 3495 3791 3496
f 3496 3791 3498
f 3496 3498 3497
f 3498 3792 3793
f 3498 3793 3794
f 3498 3794 3499
f 3498 3791 3792
f 3499 3794 3795
f 3499 3795 3500
f 3500 3795 3796
f 3500 3796 3797
f 3500 3797 3501
f 3501 3797 3798
f 3501 3798 3502
f 3502 3798 3799
f 3502 3799 3800
f 3502 3800 3503
f 3503 3800 3801
f 3503 3801 3802
f 3503 3802 3803
f 3503 3803 3510
f 3504 3804 3805
f 3504 3805 3806
f 3504 3806 3807
f 3504 3807 3808
f 3504 3808 3506
f 3504 3506 3505
f 3504 3510 3804
f 3506 3808 3809
f 3506 3809 3507
f 3507 3810 3508
f 3507 3809 3810
f 3508 3810 3511
f 3510 3803 3811
f 3510 3811 3812
f 3510 3812 3805
f 3510 3805 3804
f 3511 3810 3813
f 3511 3813 3512
f 3512 3813 3814
f 3512 3814 3755
f 3512 3755 3513
f 3514 3815 3516
f 3516 3815 3816
f 3516 3816 3517
f 3517 3816 3518
f 3518 3816 3817
f 3518 3817 3818
f 3518 3818 3519
f 3519 3818 3520
f 3520 3818 3819
f 3520 3819 3820
f 3520 3820 3821
f 3520 3821 3822
f 3520 3822 3521
f 3521 3822 3823
f 3521 3823 3824
f 3521 3824 3531
f 3521 3531 3522
f 3522 3531 3523
f 3525 3527 3526
f 3525 3526 3825
f 3525 3825 3826
f 3525 3826 3827
f 3525 3827 3528
f 3526 3534 3828
f 3526 3828 3829
f 3526 3829 3825
f 3528 3830 3831
f 3528 3831 3529
f 3528 3827 3832
f 3528 3832 3830
f 3529 3831 3833
f 3529 3833 3535
f 3529 3535 3834
f 3529 3834 3530
f 3530 3834 3535
f 3531 3835 3534
f 3531 3534 3533
f 3531 3533 3836
f 3531 3836 3532
f 3531 3824 3835
f 3532 3836 3533
f 3534 3835 3837
f 3534 3837 3838
f 3534 3838 3839
f 3534 3839 3828
f 3535 3833 3840
f 3535 3840 3537
f 3535 3537 3536
f 3537 3840 3841
f 3537 3841 3842
f 3537 3842 3539
f 3537 3539 3538
f 3539 3842 3843
f 3539 3843 3544
f 3539 3544 3540
f 3541 3564 3844
f 3541 3844 3563
f 3541 3563 3542
f 3541 3543 3564
f 3542 3563 3562
f 3543 3561 3564
f 3544 3845 3545
f 3544 3843 3846
f 3544 3846 3847
f 3544 3847 3848
f 3544 3848 3849
f 3544 3849 3850
f 3544 3850 3851
f 3544 3851 3852
f 3544 3852 3845
f 3545 3845 3546
f 3546 3845 3852
f 3546 3852 3549
f 3546 3549 3548
f 3547 3851 3853
f 3547 3853 3721
f 3547 3721 3550
f 3547 3549 3851
f 3549 3852 3851
f 3550 3721 3856
f 3550 3856 3551
f 3551 3854 3855
f 3551 3855 3552
f 3551 3856 3854
f 3552 3855 3857
f 3552 3857 3553
f 3553 3857 3554
f 3554 3857 3858
f 3554 3858 3859
f 3554 3859 3860
f 3554 3860 3555
f 3555 3860 3556
f 3556 3860 3861
f 3556 3861 3557
f 3557 3559 3558
f 3557 3861 3862
f 3557 3862 3559
f 3559 3863 3864
f 3559 3864 3865
f 3559 3865 3866
f 3559 3866 3560
f 3559 3862 3863
f 3560 3866 3561
f 3561 3866 3865
f 3561 3865 3867
f 3561 3867 4143
f 3561 4143 3868
f 3561 3868 3869
f 3561 3869 3564
f 3563 3844 3564
f 3564 3870 3565
f 3564 3869 3870
f 3565 3870 3567
f 3565 3567 3566
f 3567 3870 3871
f 3567 3871 3872
f 3567 3872 3568
f 3568 3872 3569
f 3569 3571 3570
f 3569 3872 3573
f 3573 3871 3873
f 3573 3873 3574
f 3573 3872 3871
f 3574 3873 3874
f 3574 3874 3875
f 3574 3875 3576
f 3575 3582 3584
f 3576 3876 3877
f 3576 3877 3878
f 3576 3878 3879
f 3576 3879 3578
f 3576 3578 3577
f 3576 3875 3876
f 3578 3880 3579
f 3578 3879 3881
f 3578 3881 3882
f 3578 3882 3880
f 3579 3880 3882
f 3579 3882 3883
f 3579 3883 3884
f 3579 3884 3580
f 3580 3884 3581
f 3581 3884 3885
f 3581 3885 3583
f 3582 3886 3890
f 3582 3890 3584
f 3582 3583 3886
f 3583 3885 3887
f 3583 3887 3888
f 3583 3888 3889
f 3583 3889 3886
f 3584 3890 3586
f 3585 3586 3891
f 3585 3891 3892
f 3585 3892 3588
f 3586 3893 3894
f 3586 3894 3895
f 3586 3895 3891
f 3586 3890 3893
f 3587 3589 3588
f 3587 3588 3896
f 3587 3896 3897
f 3587 3897 3590
f 3588 3892 3896
f 3590 3897 3592
f 3590 3592 3591
f 3592 3897 3898
f 3592 3898 3899
f 3592 3899 3900
f 3592 3900 3901
f 3592 3901 3902
f 3592 3902 3593
f 3593 3902 3903
f 3593 3903 3594
f 3594 3903 3902
f 3594 3902 3904
f 3594 3904 3905
f 3594 3905 3595
f 3595 3905 3596
f 3596 3905 3906
f 3596 3906 3598
f 3596 3598 3597
f 3598 3906 3907
f 3598 3907 3908
f 3598 3908 3599
f 3599 3908 3909
f 3599 3909 3601
f 3599 3601 3600
f 3601 3909 3912
f 3601 3912 3910
f 3601 3910 3602
f 3602 3910 3603
f 3603 3911 3604
f 3603 3910 3912
f 3603 3912 3913
f 3603 3913 3914
f 3603 3914 3915
f 3603 3915 3911
f 3604 3911 3606
f 3604 3606 3605
f 3606 3911 3916
f 3606 3916 3917
f 3606 3917 3608
f 3606 3608 3607
f 3608 3917 3918
f 3608 3918 3615
f 3608 3615 3609
f 3613 3617 3919
f 3615 3918 3920
f 3615 3920 3921
f 3615 3921 3616
f 3616 3921 3618
f 3617 3618 3922
f 3617 3922 3919
f 3618 3921 3923
f 3618 3923 3922
f 3619 3620 3924
f 3619 3924 3626
f 3620 3623 3927
f 3620 3927 3924
f 3621 3925 3926
f 3621 3926 3623
f 3621 3623 3622
f 3623 3926 3927
f 3625 3626 3632
f 3626 3928 3632
f 3626 3924 3929
f 3626 3929 3928
f 3627 3636 3930
f 3627 3930 3628
f 3628 3930 3931
f 3628 3931 3748
f 3628 3748 3746
f 3630 3747 3631
f 3631 3932 3641
f 3631 3747 3932
f 3632 3928 3634
f 3634 3928 3635
f 3635 3928 3933
f 3635 3933 3934
f 3635 3934 3637
f 3636 3638 3935
f 3636 3935 3930
f 3637 3936 3638
f 3637 3934 3936
f 3638 3936 3935
f 3640 3642 3643
f 3641 3937 3642
f 3641 3932 3937
f 3642 3938 3643
f 3642 3937 3938
f 3643 3938 3939
f 3643 3939 3644
f 3644 3939 3645
f 3645 3939 3940
f 3645 3940 3941
f 3645 3941 3942
f 3645 3942 3943
f 3645 3943 3944
f 3645 3944 3648
f 3645 3648 3647
f 3645 3647 3646
f 3648 3944 3943
f 3648 3943 3649
f 3649 3760 3650
f 3649 3943 3760
f 3650 3760 3651
f 3651 3759 3945
f 3651 3945 3946
f 3651 3946 3947
f 3651 3947 3948
f 3651 3948 3652
f 3652 3948 3653
f 3653 3948 3949
f 3653 3949 3950
f 3653 3950 3951
f 3653 3951 3654
f 3654 3951 3950
f 3654 3950 3952
f 3654 3952 3953
f 3654 3953 3954
f 3654 3954 3955
f 3654 3955 3655
f 3655 3955 3658
f 3655 3658 3656
f 3657 3956 3957
f 3657 3957 3659
f 3657 3658 3954
f 3657 3954 3956
f 3658 3955 3954
f 3659 3958 3959
f 3659 3959 3960
f 3659 3960 3961
f 3659 3961 3660
f 3659 3957 3958
f 3660 3960 3962
f 3660 3962 3963
f 3660 3961 3960
f 3661 3963 3666
f 3662 3667 3964
f 3662 3964 3965
f 3662 3965 3966
f 3662 3966 3663
f 3663 3966 3967
f 3663 3967 3665
f 3663 3665 3664
f 3665 3967 3669
f 3666 3963 3962
f 3666 3962 3964
f 3666 3964 3667
f 3669 3968 3670
f 3669 3967 3968
f 3670 3968 3969
f 3670 3969 3671
f 3671 3969 3672
f 3672 3970 3673
f 3672 3969 3970
f 3673 3970 3677
f 3673 3677 3674
f 3675 3677 3971
f 3675 3971 3972
f 3675 3972 3676
f 3676 3680 3678
f 3676 3972 3973
f 3676 3973 3974
f 3676 3974 3680
f 3677 3975 3976
f 3677 3976 3977
f 3677 3977 3978
f 3677 3978 3971
f 3677 3970 3975
f 3678 3680 3679
f 3680 3974 3681
f 3681 3974 3682
f 3682 3974 3979
f 3682 3979 3980
f 3682 3980 3981
f 3682 3981 3683
f 3683 3981 3980
f 3683 3980 3982
f 3683 3982 3684
f 3684 3982 3983
f 3684 3983 3686
f 3684 3686 3685
f 3686 3983 3984
f 3686 3984 3985
f 3686 3985 3687
f 3687 3985 3986
f 3687 3986 3987
f 3687 3987 3988
f 3687 3988 3689
f 3687 3689 3688
f 3689 3691 3690
f 3689 3988 3989
f 3689 3989 3990
f 3689 3990 3991
f 3689 3991 3692
f 3692 3991 3990
f 3692 3990 3693
f 3693 3990 3992
f 3693 3992 3696
f 3693 3696 3695
f 3693 3695 3694
f 3696 3993 3994
f 3696 3994 3995
f 3696 3995 3698
f 3696 3698 3697
f 3696 3992 3996
f 3696 3996 3993
f 3698 3995 3994
f 3698 3994 3717
f 3698 3717 3716
f 3700 3997 3998
f 3700 3998 3999
f 3700 3999 4000
f 3700 4000 3702
f 3700 3702 3701
f 3700 3726 3997
f 3702 4000 4001
f 3702 4001 3703
f 3703 4001 4002
f 3703 4002 3705
f 3703 3705 3704
f 3705 4002 3706
f 3706 4002 4003
f 3706 4003 3715
f 3706 3715 3707
f 3707 3715 3708
f 3709 4004 4005
f 3709 4005 4006
f 3709 4006 3710
f 3709 3715 4007
f 3709 4007 4004
f 3710 4006 4008
f 3710 4008 3711
f 3711 4008 4009
f 3711 4009 3727
f 3715 4003 4007
f 3717 4010 3719
f 3717 3994 4010
f 3718 3719 4010
f 3718 4010 4011
f 3718 4011 4275
f 3718 4275 4012
f 3718 4012 3856
f 3718 3856 3720
f 3720 3856 3721
f 3721 4013 3722
f 3721 3853 4014
f 3721 4014 4013
f 3722 4013 3723
f 3723 4013 4015
f 3723 4015 3724
f 3724 4015 4016
f 3724 4016 3848
f 3724 3848 4017
f 3724 4017 3997
f 3724 3997 4018
f 3724 4018 3726
f 3726 4018 3997
f 3727 4009 4019
f 3727 4019 3729
f 3727 3729 3728
f 3729 4019 3730
f 3730 4019 3731
f 3731 4019 4020
f 3731 4020 4021
f 3731 4021 4022
f 3731 4022 4023
f 3731 4023 4024
f 3731 4024 4025
f 3731 4025 4026
f 3731 4026 3733
f 3732 3734 3735
f 3733 4026 4027
f 3733 4027 4028
f 3733 4028 3734
f 3734 4028 3736
f 3734 3736 3735
f 3736 4028 4027
f 3742 3769 3743
f 3743 3769 4029
f 3743 4029 3744
f 3744 4029 4030
f 3744 4030 4031
f 3744 4031 4032
f 3744 4032 4033
f 3744 4033 4034
f 3744 4034 3745
f 3745 4034 3747
f 3747 4034 3932
f 3748 3931 4035
f 3748 4035 4036
f 3748 4036 3749
f 3749 4036 3750
f 3750 4036 4037
f 3750 4037 3751
f 3751 4037 4038
f 3751 4038 4039
f 3751 4039 4040
f 3751 4040 3752
f 3752 4040 4041
f 3752 4041 3753
f 3755 3814 4042
f 3755 4042 3771
f 3755 3771 3770
f 3755 3770 3756
f 3756 3770 3757
f 3758 3760 4043
f 3758 4043 3941
f 3758 3941 4044
f 3758 4044 3761
f 3759 3786 3945
f 3760 3943 4043
f 3761 4044 3762
f 3762 4044 3763
f 3763 3940 4045
f 3763 4045 3764
f 3763 4044 3940
f 3764 4045 4046
f 3764 4046 3765
f 3765 4046 4047
f 3765 4047 3766
f 3766 4047 3767
f 3767 4047 4048
f 3767 4048 4034
f 3767 4034 4033
f 3767 4033 4032
f 3767 4032 4031
f 3767 4031 3768
f 3768 4031 4030
f 3768 4030 3769
f 3769 4030 4029
f 3771 4042 4049
f 3771 4049 4050
f 3771 4050 4051
f 3771 4051 3772
f 3772 4051 3773
f 3773 4051 4052
f 3773 4052 4053
f 3773 4053 3774
f 3774 4053 4054
f 3774 4054 4055
f 3774 4055 3775
f 3775 4056 3776
f 3775 4055 4057
f 3775 4057 4056
f 3776 4056 3777
f 3777 4056 4058
f 3777 4058 4059
f 3777 4059 4060
f 3777 4060 3778
f 3778 4060 3780
f 3780 4060 3781
f 3781 4060 4061
f 3781 4061 4062
f 3781 4062 3782
f 3782 4062 4063
f 3782 4063 3783
f 3783 4063 3784
f 3784 4063 4064
f 3784 4064 3785
f 3785 4065 3786
f 3785 4064 4065
f 3786 4065 3945
f 3787 4066 4067
f 3787 4067 3788
f 3788 4067 4068
f 3788 4068 3789
f 3789 4068 4069
f 3789 4069 3790
f 3790 4069 4070
f 3790 4070 3791
f 3791 4070 3792
f 3792 4070 4071
f 3792 4071 3793
f 3793 4071 4072
f 3793 4072 3794
f 3794 4072 4073
f 3794 4073 4074
f 3794 4074 3795
f 3795 4074 4075
f 3795 4075 4076
f 3795 4076 3796
f 3796 4076 3797
f 3797 4076 4077
f 3797 4077 4078
f 3797 4078 4079
f 3797 4079 3798
f 3798 4079 4080
f 3798 4080 4081
f 3798 4081 3800
f 3798 3800 3799
f 3800 4081 4080
f 3800 4080 4082
f 3800 4082 4083
f 3800 4083 3801
f 3801 4083 4084
f 3801 4084 4085
f 3801 4085 3812
f 3801 3812 3811
f 3801 3811 3803
f 3801 3803 3802
f 3805 3812 4086
f 3805 4086 4087
f 3805 4087 3808
f 3805 3808 3807
f 3805 3807 3806
f 3808 4088 4049
f 3808 4049 4089
f 3808 4089 4090
f 3808 4090 3809
f 3808 4087 4088
f 3809 4090 4091
f 3809 4091 3810
f 3810 4091 3813
f 3812 4085 4086
f 3813 4091 4092
f 3813 4092 3814
f 3814 4092 4042
f 3815 4093 3816
f 3816 4094 4095
f 3816 4095 4096
f 3816 4096 3817
f 3816 4093 4094
f 3817 4096 4097
f 3817 4097 3818
f 3818 4097 3819
f 3819 4097 4098
f 3819 4098 4099
f 3819 4099 4100
f 3819 4100 3821
f 3819 3821 3820
f 3821 4100 4101
f 3821 4101 3822
f 3822 4101 3823
f 3823 4101 3838
f 3823 3838 3837
f 3823 3837 3824
f 3824 3837 3835
f 3825 3829 3826
f 3826 3829 3827
f 3827 3829 3832
f 3828 3839 3829
f 3829 4102 3832
f 3829 3839 3838
f 3829 3838 4102
f 3830 3832 4103
f 3830 4103 4104
f 3830 4104 4105
f 3830 4105 3831
f 3831 4106 4107
f 3831 4107 3833
f 3831 4105 4106
f 3832 4102 4108
f 3832 4108 4103
f 3833 4107 4109
f 3833 4109 3840
f 3838 4110 4102
f 3838 4101 4110
f 3840 4111 4112
f 3840 4112 4113
f 3840 4113 4114
f 3840 4114 3841
f 3840 4109 4111
f 3841 4115 3843
f 3841 3843 3842
f 3841 4114 4116
f 3841 4116 3847
f 3841 3847 4115
f 3843 4115 3847
f 3843 3847 3846
f 3847 4117 3848
f 3847 4116 4118
f 3847 4118 4117
f 3848 4016 3849
f 3848 4117 4119
f 3848 4119 4120
f 3848 4120 3997
f 3848 3997 4017
f 3849 4014 3850
f 3849 4016 4013
f 3849 4013 4014
f 3850 4014 3851
f 3851 4014 3853
f 3854 3856 4012
f 3854 4012 4121
f 3854 4121 3855
f 3855 4121 4122
f 3855 4122 4123
f 3855 4123 3857
f 3857 4123 4124
f 3857 4124 4125
f 3857 4125 4126
f 3857 4126 3858
f 3858 4126 4127
f 3858 4127 3859
f 3859 4128 4129
f 3859 4129 3860
f 3859 4127 4128
f 3860 4129 4130
f 3860 4130 3861
f 3861 4130 4131
f 3861 4131 4132
f 3861 4132 3862
f 3862 4132 4133
f 3862 4133 4134
f 3862 4134 4135
f 3862 4135 4136
f 3862 4136 4137
f 3862 4137 4138
f 3862 4138 3863
f 3863 4138 4139
f 3863 4139 4140
f 3863 4140 4141
f 3863 4141 3864
f 3864 4141 4142
f 3864 4142 3865
f 3865 4142 3873
f 3865 3873 3867
f 3867 3873 4143
f 3868 4143 3869
f 3869 4143 4144
f 3869 4144 3870
f 3870 4144 4143
f 3870 4143 3871
f 3871 4143 3873
f 3873 4142 4145
f 3873 4145 3874
f 3874 4145 3875
f 3875 4145 4146
f 3875 4146 4147
f 3875 4147 3876
f 3876 4147 4148
f 3876 4148 3877
f 3877 4148 3878
f 3878 3881 3879
f 3878 4148 4149
f 3878 4149 4405
f 3878 4405 4150
f 3878 4150 4151
f 3878 4151 4152
f 3878 4152 3882
f 3878 3882 3881
f 3882 4152 4153
f 3882 4153 3883
f 3883 4153 4154
f 3883 4154 3884
f 3884 4155 3885
f 3884 4154 4156
f 3884 4156 4155
f 3885 4155 3887
f 3886 3889 4157
f 3886 4157 3893
f 3886 3893 3890
f 3887 4155 4156
f 3887 4156 3888
f 3888 4158 4159
f 3888 4159 3889
f 3888 4156 4158
f 3889 4159 4157
f 3891 3895 3892
f 3892 3895 4160
f 3892 4160 4161
f 3892 4161 4162
f 3892 4162 4163
f 3892 4163 3896
f 3893 4157 4164
f 3893 4164 3894
f 3894 4164 4165
f 3894 4165 4166
f 3894 4166 4160
f 3894 4160 3895
f 3896 4163 4162
f 3896 4162 4167
f 3896 4167 4168
f 3896 4168 3898
f 3896 3898 3897
f 3898 3900 3899
f 3898 4168 4167
f 3898 4167 4169
f 3898 4169 3900
f 3900 4170 3901
f 3900 4169 4171
f 3900 4171 4172
f 3900 4172 4170
f 3901 4170 3902
f 3902 4170 3904
f 3904 4170 3906
f 3904 3906 3905
f 3906 4170 3907
f 3907 4170 4173
f 3907 4173 3908
f 3908 4173 3909
f 3909 4173 3912
f 3911 3915 4174
f 3911 4174 3916
f 3912 4175 4176
f 3912 4176 4177
f 3912 4177 3913
f 3912 4173 4175
f 3913 4177 3914
f 3914 4174 3915
f 3914 4177 4178
f 3914 4178 4179
f 3914 4179 4180
f 3914 4180 4174
f 3916 4174 4181
f 3916 4181 3917
f 3917 4181 4182
f 3917 4182 3918
f 3918 4182 4183
f 3918 4183 3920
f 3919 3922 4184
f 3919 4184 4185
f 3920 4183 4186
f 3920 4186 4187
f 3920 4187 3921
f 3921 4187 3923
f 3922 3923 4184
f 3923 4187 4188
f 3923 4188 4189
f 3923 4189 4184
f 3924 3927 4190
f 3924 4190 3929
f 3925 4191 3926
f 3926 4191 3927
f 3927 4191 4192
f 3927 4192 4190
f 3928 3929 4193
f 3928 4193 4194
f 3928 4194 3933
f 3929 4190 4195
f 3929 4195 4193
f 3930 3935 4196
f 3930 4196 3931
f 3931 4196 4035
f 3932 4034 3937
f 3933 4194 4197
f 3933 4197 3934
f 3934 4198 3936
f 3934 4197 4199
f 3934 4199 4198
f 3935 3936 4200
f 3935 4200 4201
f 3935 4201 4196
f 3936 4198 4454
f 3936 4454 4200
f 3937 4034 4202
f 3937 4202 4045
f 3937 4045 3938
f 3938 4045 3939
f 3939 4045 3940
f 3940 4044 3941
f 3941 4043 3942
f 3942 4043 3943
f 3945 4065 3946
f 3946 4065 4203
f 3946 4203 4204
f 3946 4204 3947
f 3947 4204 4205
f 3947 4205 3948
f 3948 4205 4206
f 3948 4206 3949
f 3949 4206 3950
f 3950 4207 4208
f 3950 4208 4209
f 3950 4209 3952
f 3950 4206 4207
f 3952 4209 4210
f 3952 4210 4211
f 3952 4211 4212
f 3952 4212 3953
f 3953 4212 3954
f 3954 4212 3956
f 3956 4212 3957
f 3957 4212 4211
f 3957 4211 4213
f 3957 4213 3958
f 3958 4213 3960
f 3958 3960 3959
f 3960 4213 4214
f 3960 4214 3962
f 3962 4214 4215
f 3962 4215 4216
f 3962 4216 4217
f 3962 4217 4218
f 3962 4218 4219
f 3962 4219 3964
f 3964 4219 4220
f 3964 4220 3965
f 3965 4220 4221
f 3965 4221 4222
f 3965 4222 4223
f 3965 4223 3966
f 3966 4223 4224
f 3966 4224 4225
f 3966 4225 4226
f 3966 4226 4227
f 3966 4227 4228
f 3966 4228 3968
f 3966 3968 3967
f 3968 4228 4227
f 3968 4227 3969
f 3969 4227 4229
f 3969 4229 3970
f 3970 4229 4230
f 3970 4230 3975
f 3971 3978 3972
f 3972 3978 3974
f 3972 3974 3973
f 3974 3978 4231
f 3974 4231 3979
f 3975 4230 4232
f 3975 4232 4233
f 3975 4233 4234
f 3975 4234 4235
f 3975 4235 4236
f 3975 4236 4237
f 3975 4237 4238
f 3975 4238 4239
f 3975 4239 3976
f 3976 4239 3977
f 3977 4239 3978
f 3978 4239 4240
f 3978 4240 4241
f 3978 4241 4242
f 3978 4242 4243
f 3978 4243 4244
f 3978 4244 4231
f 3979 4231 4245
f 3979 4245 3980
f 3980 4245 3982
f 3982 4245 4244
f 3982 4244 4246
f 3982 4246 3983
f 3983 4246 4247
f 3983 4247 3984
f 3984 4247 3985
f 3985 4248 4249
f 3985 4249 4250
f 3985 4250 3986
f 3985 4247 4246
f 3985 4246 4251
f 3985 4251 4252
f 3985 4252 4253
f 3985 4253 4248
f 3986 4254 3987
f 3986 4250 4255
f 3986 4255 4256
f 3986 4256 4257
f 3986 4257 4258
f 3986 4258 4259
f 3986 4259 4254
f 3987 4254 3989
f 3987 3989 3988
f 3989 4254 3990
f 3990 4254 4260
f 3990 4260 4261
f 3990 4261 3992
f 3992 3993 3996
f 3992 4261 4262
f 3992 4262 3993
f 3993 4262 4263
f 3993 4263 4010
f 3993 4010 3994
f 3997 4120 4264
f 3997 4264 3998
f 3998 4264 3999
f 3999 4264 4000
f 4000 4264 4265
f 4000 4265 4001
f 4001 4265 4002
f 4002 4265 4266
f 4002 4266 4003
f 4003 4266 4265
f 4003 4265 4267
f 4003 4267 4268
f 4003 4268 4269
f 4003 4269 4270
f 4003 4270 4007
f 4004 4007 4271
f 4004 4271 4005
f 4005 4008 4006
f 4005 4271 4008
f 4007 4270 4271
f 4008 4272 4009
f 4008 4271 4272
f 4009 4272 4273
f 4009 4273 4274
f 4009 4274 4019
f 4010 4263 4011
f 4011 4263 4262
f 4011 4262 4275
f 4012 4275 4276
f 4012 4276 4277
f 4012 4277 4121
f 4013 4016 4015
f 4019 4274 4278
f 4019 4278 4279
f 4019 4279 4020
f 4020 4279 4280
f 4020 4280 4021
f 4021 4281 4282
f 4021 4282 4283
f 4021 4283 4284
f 4021 4284 4285
f 4021 4285 4023
f 4021 4023 4022
f 4021 4280 4281
f 4023 4025 4024
f 4023 4285 4286
f 4023 4286 4287
f 4023 4287 4288
f 4023 4288 4289
f 4023 4289 4025
f 4025 4289 4290
f 4025 4290 4291
f 4025 4291 4026
f 4026 4291 4027
f 4034 4048 4202
f 4035 4196 4292
f 4035 4292 4293
f 4035 4293 4294
f 4035 4294 4295
f 4035 4295 4036
f 4036 4295 4296
f 4036 4296 4037
f 4037 4039 4038
f 4039 4041 4040
f 4042 4092 4297
f 4042 4297 4049
f 4045 4202 4046
f 4046 4202 4048
f 4046 4048 4047
f 4049 4088 4298
f 4049 4298 4050
f 4049 4297 4089
f 4050 4298 4051
f 4051 4298 4299
f 4051 4299 4300
f 4051 4300 4052
f 4052 4300 4301
f 4052 4301 4302
f 4052 4302 4053
f 4053 4302 4054
f 4054 4302 4055
f 4055 4302 4301
f 4055 4301 4303
f 4055 4303 4304
f 4055 4304 4057
f 4056 4305 4306
f 4056 4306 4058
f 4056 4057 4305
f 4057 4304 4307
f 4057 4307 4308
f 4057 4308 4305
f 4058 4309 4059
f 4058 4306 4309
f 4059 4310 4061
f 4059 4061 4060
f 4059 4309 4310
f 4061 4310 4062
f 4062 4310 4063
f 4063 4311 4312
f 4063 4312 4064
f 4063 4310 4311
f 4064 4312 4065
f 4065 4312 4313
f 4065 4313 4314
f 4065 4314 4315
f 4065 4315 4316
f 4065 4316 4317
f 4065 4317 4203
f 4066 4318 4067
f 4067 4318 4319
f 4067 4319 4068
f 4068 4319 4320
f 4068 4320 4069
f 4069 4320 4321
f 4069 4321 4322
f 4069 4322 4070
f 4070 4322 4323
f 4070 4323 4071
f 4071 4323 4324
f 4071 4324 4072
f 4072 4324 4325
f 4072 4325 4326
f 4072 4326 4327
f 4072 4327 4073
f 4073 4327 4328
f 4073 4328 4329
f 4073 4329 4330
f 4073 4330 4331
f 4073 4331 4074
f 4074 4331 4332
f 4074 4332 4333
f 4074 4333 4075
f 4075 4333 4334
f 4075 4334 4335
f 4075 4335 4076
f 4076 4335 4336
f 4076 4336 4077
f 4077 4336 4337
f 4077 4337 4338
f 4077 4338 4339
f 4077 4339 4078
f 4078 4339 4340
f 4078 4340 4341
f 4078 4341 4080
f 4078 4080 4079
f 4080 4341 4082
f 4082 4342 4083
f 4082 4341 4343
f 4082 4343 4344
f 4082 4344 4345
f 4082 4345 4346
f 4082 4346 4347
f 4082 4347 4342
f 4083 4342 4084
f 4084 4342 4347
f 4084 4347 4085
f 4085 4347 4346
f 4085 4346 4348
f 4085 4348 4349
f 4085 4349 4350
f 4085 4350 4351
f 4085 4351 4352
f 4085 4352 4086
f 4086 4352 4353
f 4086 4353 4354
f 4086 4354 4087
f 4087 4354 4088
f 4088 4354 4353
f 4088 4353 4355
f 4088 4355 4356
f 4088 4356 4298
f 4089 4297 4090
f 4090 4297 4091
f 4091 4297 4092
f 4094 4357 4358
f 4094 4358 4095
f 4095 4358 4096
f 4096 4358 4098
f 4096 4098 4097
f 4098 4359 4360
f 4098 4360 4361
f 4098 4361 4362
f 4098 4362 4363
f 4098 4363 4099
f 4098 4358 4357
f 4098 4357 4364
f 4098 4364 4359
f 4099 4363 4110
f 4099 4110 4101
f 4099 4101 4100
f 4102 4110 4365
f 4102 4365 4363
f 4102 4363 4108
f 4103 4108 4104
f 4104 4366 4367
f 4104 4367 4105
f 4104 4108 4368
f 4104 4368 4369
f 4104 4369 4366
f 4105 4367 4370
f 4105 4370 4106
f 4106 4370 4371
f 4106 4371 4372
f 4106 4372 4107
f 4107 4372 4371
f 4107 4371 4373
f 4107 4373 4111
f 4107 4111 4109
f 4108 4363 4368
f 4110 4363 4365
f 4111 4373 4374
f 4111 4374 4113
f 4111 4113 4112
f 4113 4374 4114
f 4114 4374 4375
f 4114 4375 4376
f 4114 4376 4377
f 4114 4377 4119
f 4114 4119 4118
f 4114 4118 4116
f 4117 4118 4119
f 4119 4377 4376
f 4119 4376 4378
f 4119 4378 4120
f 4120 4378 4379
f 4120 4379 4380
f 4120 4380 4381
f 4120 4381 4382
f 4120 4382 4264
f 4121 4277 4122
f 4122 4277 4276
f 4122 4276 4383
f 4122 4383 4384
f 4122 4384 4123
f 4123 4384 4385
f 4123 4385 4258
f 4123 4258 4257
f 4123 4257 4124
f 4124 4257 4386
f 4124 4386 4125
f 4125 4127 4126
f 4125 4386 4257
f 4125 4257 4256
f 4125 4256 4387
f 4125 4387 4127
f 4127 4388 4128
f 4127 4387 4388
f 4128 4388 4389
f 4128 4389 4390
f 4128 4390 4391
f 4128 4391 4129
f 4129 4391 4392
f 4129 4392 4130
f 4130 4393 4133
f 4130 4133 4131
f 4130 4392 4393
f 4131 4133 4132
f 4133 4393 4135
f 4133 4135 4134
f 4135 4393 4136
f 4136 4394 4137
f 4136 4393 4395
f 4136 4395 4396
f 4136 4396 4397
f 4136 4397 4398
f 4136 4398 4399
f 4136 4399 4394
f 4137 4394 4400
f 4137 4400 4401
f 4137 4401 4406
f 4137 4406 4402
f 4137 4402 4403
f 4137 4403 4138
f 4138 4403 4139
f 4139 4147 4146
f 4139 4146 4145
f 4139 4145 4140
f 4139 4403 4404
f 4139 4404 4147
f 4140 4145 4141
f 4141 4145 4142
f 4147 4404 4149
f 4147 4149 4148
f 4149 4404 4405
f 4150 4405 4151
f 4151 4405 4406
f 4151 4406 4407
f 4151 4407 4408
f 4151 4408 4152
f 4152 4408 4409
f 4152 4409 4410
f 4152 4410 4411
f 4152 4411 4153
f 4153 4411 4412
f 4153 4412 4413
f 4153 4413 4154
f 4154 4413 4414
f 4154 4414 4156
f 4156 4414 4415
f 4156 4415 4158
f 4157 4159 4416
f 4157 4416 4164
f 4158 4417 4418
f 4158 4418 4159
f 4158 4415 4417
f 4159 4418 4417
f 4159 4417 4416
f 4160 4166 4419
f 4160 4419 4420
f 4160 4420 4161
f 4161 4420 4421
f 4161 4421 4162
f 4162 4422 4423
f 4162 4423 4167
f 4162 4421 4424
f 4162 4424 4422
f 4164 4416 4165
f 4165 4416 4425
f 4165 4425 4426
f 4165 4426 4166
f 4166 4426 4427
f 4166 4427 4428
f 4166 4428 4429
f 4166 4429 4419
f 4167 4423 4171
f 4167 4171 4169
f 4170 4172 4173
f 4171 4423 4430
f 4171 4430 4172
f 4172 4430 4173
f 4173 4430 4175
f 4174 4180 4431
f 4174 4431 4181
f 4175 4430 4176
f 4176 4430 4424
f 4176 4424 4177
f 4177 4424 4432
f 4177 4432 4433
f 4177 4433 4178
f 4178 4433 4434
f 4178 4434 4435
f 4178 4435 4179
f 4179 4435 4436
f 4179 4436 4180
f 4180 4436 4437
f 4180 4437 4438
f 4180 4438 4439
f 4180 4439 4431
f 4181 4440 4182
f 4181 4431 4440
f 4182 4440 4183
f 4183 4440 4441
f 4183 4441 4186
f 4184 4189 4442
f 4184 4442 4185
f 4186 4441 4443
f 4186 4443 4187
f 4187 4443 4444
f 4187 4444 4445
f 4187 4445 4446
f 4187 4446 4447
f 4187 4447 4189
f 4187 4189 4188
f 4189 4447 4448
f 4189 4448 4442
f 4190 4192 4449
f 4190 4449 4450
f 4190 4450 4195
f 4193 4195 4194
f 4194 4195 4453
f 4194 4453 4197
f 4195 4450 4451
f 4195 4451 4452
f 4195 4452 4453
f 4196 4201 4454
f 4196 4454 4292
f 4197 4453 4452
f 4197 4452 4455
f 4197 4455 4199
f 4198 4199 4456
f 4198 4456 4454
f 4199 4455 4457
f 4199 4457 4458
f 4199 4458 4456
f 4200 4454 4201
f 4203 4317 4204
f 4204 4317 4316
f 4204 4316 4459
f 4204 4459 4460
f 4204 4460 4461
f 4204 4461 4205
f 4205 4461 4206
f 4206 4461 4460
f 4206 4460 4207
f 4207 4460 4459
f 4207 4459 4462
f 4207 4462 4208
f 4208 4210 4209
f 4208 4462 4210
f 4210 4462 4211
f 4211 4462 4463
f 4211 4463 4213
f 4213 4464 4465
f 4213 4465 4466
f 4213 4466 4214
f 4213 4463 4464
f 4214 4466 4215
f 4215 4467 4468
f 4215 4468 4469
f 4215 4469 4470
f 4215 4470 4471
f 4215 4471 4472
f 4215 4472 4216
f 4215 4466 4467
f 4216 4472 4218
f 4216 4218 4217
f 4218 4472 4473
f 4218 4473 4474
f 4218 4474 4475
f 4218 4475 4476
f 4218 4476 4477
f 4218 4477 4226
f 4218 4226 4222
f 4218 4222 4221
f 4218 4221 4220
f 4218 4220 4219
f 4222 4225 4224
f 4222 4224 4223
f 4222 4226 4225
f 4226 4477 4478
f 4226 4478 4479
f 4226 4479 4227
f 4227 4479 4478
f 4227 4478 4229
f 4229 4232 4230
f 4229 4478 4232
f 4231 4244 4245
f 4232 4478 4480
f 4232 4480 4233
f 4233 4480 4481
f 4233 4481 4482
f 4233 4482 4483
f 4233 4483 4234
f 4234 4484 4485
f 4234 4485 4486
f 4234 4486 4236
f 4234 4236 4235
f 4234 4483 4487
f 4234 4487 4488
f 4234 4488 4484
f 4236 4486 4489
f 4236 4489 4490
f 4236 4490 4491
f 4236 4491 4237
f 4237 4491 4492
f 4237 4492 4493
f 4237 4493 4494
f 4237 4494 4241
f 4237 4241 4495
f 4237 4495 4238
f 4238 4495 4239
f 4239 4495 4241
f 4239 4241 4240
f 4241 4496 4497
f 4241 4497 4252
f 4241 4252 4243
f 4241 4243 4242
f 4241 4494 4493
f 4241 4493 4498
f 4241 4498 4496
f 4243 4246 4244
f 4243 4252 4251
f 4243 4251 4246
f 4248 4499 4249
f 4248 4253 4499
f 4249 4499 4500
f 4249 4500 4250
f 4250 4500 4255
f 4252 4497 4501
f 4252 4501 4253
f 4253 4501 4499
f 4254 4259 4258
f 4254 4258 4260
f 4255 4502 4256
f 4255 4500 4502
f 4256 4502 4387
f 4258 4383 4260
f 4258 4385 4384
f 4258 4384 4383
f 4260 4383 4276
f 4260 4276 4503
f 4260 4503 4261
f 4261 4503 4504
f 4261 4504 4262
f 4262 4504 4275
f 4264 4382 4505
f 4264 4505 4268
f 4264 4268 4265
f 4265 4268 4267
f 4268 4506 4507
f 4268 4507 4508
f 4268 4508 4269
f 4268 4505 4380
f 4268 4380 4506
f 4269 4508 4509
f 4269 4509 4270
f 4270 4509 4271
f 4271 4509 4510
f 4271 4510 4511
f 4271 4511 4273
f 4271 4273 4272
f 4273 4511 4512
f 4273 4512 4278
f 4273 4278 4274
f 4275 4504 4503
f 4275 4503 4513
f 4275 4513 4276
f 4276 4513 4503
f 4278 4512 4514
f 4278 4514 4279
f 4279 4514 4515
f 4279 4515 4516
f 4279 4516 4517
f 4279 4517 4280
f 4280 4517 4281
f 4281 4517 4518
f 4281 4518 4519
f 4281 4519 4520
f 4281 4520 4282
f 4282 4521 4283
f 4282 4520 4522
f 4282 4522 4523
f 4282 4523 4521
f 4283 4521 4524
f 4283 4524 4284
f 4284 4286 4285
f 4284 4524 4286
f 4286 4525 4287
f 4286 4524 4525
f 4292 4454 4456
f 4292 4456 4526
f 4292 4526 4293
f 4294 4296 4295
f 4298 4527 4528
f 4298 4528 4299
f 4298 4356 4529
f 4298 4529 4530
f 4298 4530 4531
f 4298 4531 4527
f 4299 4528 4532
f 4299 4532 4300
f 4300 4533 4534
f 4300 4534 4301
f 4300 4532 4533
f 4301 4535 4536
f 4301 4536 4303
f 4301 4534 4533
f 4301 4533 4532
f 4301 4532 4537
f 4301 4537 4538
f 4301 4538 4535
f 4303 4536 4539
f 4303 4539 4304
f 4304 4539 4307
f 4305 4308 4306
f 4306 4308 4469
f 4306 4469 4540
f 4306 4540 4309
f 4307 4539 4541
f 4307 4541 4308
f 4308 4471 4470
f 4308 4470 4469
f 4308 4541 4542
f 4308 4542 4472
f 4308 4472 4471
f 4309 4540 4543
f 4309 4543 4544
f 4309 4544 4545
f 4309 4545 4546
f 4309 4546 4310
f 4310 4546 4311
f 4311 4547 4548
f 4311 4548 4314
f 4311 4314 4312
f 4311 4546 4547
f 4312 4314 4313
f 4314 4548 4315
f 4315 4548 4545
f 4315 4545 4316
f 4316 4545 4549
f 4316 4549 4462
f 4316 4462 4459
f 4318 4550 4321
f 4318 4321 4319
f 4319 4321 4320
f 4321 4550 4551
f 4321 4551 4552
f 4321 4552 4323
f 4321 4323 4322
f 4323 4552 4553
f 4323 4553 4554
f 4323 4554 4324
f 4324 4554 4555
f 4324 4555 4325
f 4325 4555 4326
f 4326 4556 4327
f 4326 4555 4557
f 4326 4557 4558
f 4326 4558 4559
f 4326 4559 4556
f 4327 4556 4559
f 4327 4559 4560
f 4327 4560 4561
f 4327 4561 4328
f 4328 4561 4560
f 4328 4560 4562
f 4328 4562 4563
f 4328 4563 4564
f 4328 4564 4329
f 4329 4331 4330
f 4329 4564 4331
f 4331 4564 4332
f 4332 4565 4333
f 4332 4564 4565
f 4333 4565 4566
f 4333 4566 4567
f 4333 4567 4568
f 4333 4568 4334
f 4334 4568 4569
f 4334 4569 4335
f 4335 4569 4336
f 4336 4569 4337
f 4337 4569 4338
f 4338 4340 4339
f 4338 4569 4570
f 4338 4570 4571
f 4338 4571 4340
f 4340 4572 4573
f 4340 4573 4343
f 4340 4343 4341
f 4340 4571 4574
f 4340 4574 4575
f 4340 4575 4572
f 4343 4573 4345
f 4343 4345 4344
f 4345 4576 4346
f 4345 4573 4577
f 4345 4577 4578
f 4345 4578 4579
f 4345 4579 4576
f 4346 4576 4579
f 4346 4579 4580
f 4346 4580 4581
f 4346 4581 4348
f 4348 4581 4582
f 4348 4582 4349
f 4349 4582 4350
f 4350 4582 4583
f 4350 4583 4353
f 4350 4353 4352
f 4350 4352 4351
f 4353 4583 4584
f 4353 4584 4355
f 4355 4584 4356
f 4356 4584 4585
f 4356 4585 4586
f 4356 4586 4529
f 4357 4587 4364
f 4359 4364 4587
f 4359 4587 4360
f 4360 4588 4589
f 4360 4589 4361
f 4360 4587 4588
f 4361 4590 4591
f 4361 4591 4362
f 4361 4589 4592
f 4361 4592 4590
f 4362 4591 4363
f 4363 4591 4593
f 4363 4593 4594
f 4363 4594 4595
f 4363 4595 4368
f 4366 4369 4596
f 4366 4596 4597
f 4366 4597 4598
f 4366 4598 4599
f 4366 4599 4370
f 4366 4370 4367
f 4368 4595 4369
f 4369 4595 4594
f 4369 4594 4596
f 4370 4599 4506
f 4370 4506 4600
f 4370 4600 4601
f 4370 4601 4371
f 4371 4601 4602
f 4371 4602 4373
f 4373 4602 4601
f 4373 4601 4375
f 4373 4375 4374
f 4375 4601 4378
f 4375 4378 4376
f 4378 4601 4379
f 4379 4601 4506
f 4379 4506 4380
f 4380 4505 4382
f 4380 4382 4381
f 4387 4502 4388
f 4388 4502 4389
f 4389 4502 4603
f 4389 4603 4604
f 4389 4604 4605
f 4389 4605 4606
f 4389 4606 4686
f 4389 4686 4607
f 4389 4607 4608
f 4389 4608 4390
f 4390 4608 4391
f 4391 4608 4609
f 4391 4609 4610
f 4391 4610 4392
f 4392 4610 4611
f 4392 4611 4612
f 4392 4612 4395
f 4392 4395 4393
f 4394 4399 4400
f 4395 4612 4611
f 4395 4611 4613
f 4395 4613 4614
f 4395 4614 4397
f 4395 4397 4396
f 4397 4615 4616
f 4397 4616 4409
f 4397 4409 4398
f 4397 4614 4617
f 4397 4617 4618
f 4397 4618 4615
f 4398 4619 4399
f 4398 4409 4619
f 4399 4619 4400
f 4400 4408 4407
f 4400 4407 4406
f 4400 4406 4401
f 4400 4619 4408
f 4402 4406 4403
f 4403 4406 4404
f 4404 4406 4405
f 4408 4619 4409
f 4409 4616 4620
f 4409 4620 4621
f 4409 4621 4622
f 4409 4622 4623
f 4409 4623 4410
f 4410 4623 4624
f 4410 4624 4411
f 4411 4624 4412
f 4412 4414 4413
f 4412 4624 4625
f 4412 4625 4414
f 4414 4625 4626
f 4414 4626 4415
f 4415 4626 4627
f 4415 4627 4628
f 4415 4628 4629
f 4415 4629 4417
f 4416 4417 4630
f 4416 4630 4427
f 4416 4427 4426
f 4416 4426 4425
f 4417 4629 4630
f 4419 4429 4631
f 4419 4631 4632
f 4419 4632 4633
f 4419 4633 4634
f 4419 4634 4635
f 4419 4635 4420
f 4420 4635 4421
f 4421 4635 4636
f 4421 4636 4424
f 4422 4430 4423
f 4422 4424 4430
f 4424 4636 4432
f 4427 4630 4629
f 4427 4629 4628
f 4427 4628 4428
f 4428 4628 4637
f 4428 4637 4638
f 4428 4638 4632
f 4428 4632 4429
f 4429 4632 4631
f 4431 4439 4639
f 4431 4639 4640
f 4431 4640 4440
f 4432 4636 4641
f 4432 4641 4433
f 4433 4641 4642
f 4433 4642 4434
f 4434 4642 4643
f 4434 4643 4644
f 4434 4644 4436
f 4434 4436 4435
f 4436 4644 4645
f 4436 4645 4646
f 4436 4646 4647
f 4436 4647 4438
f 4436 4438 4437
f 4438 4647 4648
f 4438 4648 4439
f 4439 4648 4649
f 4439 4649 4650
f 4439 4650 4639
f 4440 4651 4441
f 4440 4640 4651
f 4441 4651 4652
f 4441 4652 4443
f 4443 4652 4653
f 4443 4653 4444
f 4444 4654 4445
f 4444 4653 4655
f 4444 4655 4654
f 4445 4654 4656
f 4445 4656 4446
f 4446 4656 4838
f 4446 4838 4657
f 4446 4657 4658
f 4446 4658 4447
f 4447 4658 4659
f 4447 4659 4448
f 4452 4457 4455
f 4456 4458 4660
f 4456 4660 4526
f 4457 4660 4458
f 4462 4545 4544
f 4462 4544 4661
f 4462 4661 4463
f 4462 4549 4545
f 4463 4661 4662
f 4463 4662 4464
f 4464 4663 4465
f 4464 4662 4663
f 4465 4468 4467
f 4465 4467 4466
f 4465 4663 4468
f 4468 4663 4664
f 4468 4664 4540
f 4468 4540 4469
f 4472 4542 4473
f 4473 4542 4665
f 4473 4665 4475
f 4473 4475 4474
f 4475 4665 4482
f 4475 4482 4481
f 4475 4481 4480
f 4475 4480 4666
f 4475 4666 4478
f 4475 4478 4477
f 4475 4477 4476
f 4478 4666 4480
f 4482 4487 4483
f 4482 4665 4667
f 4482 4667 4668
f 4482 4668 4487
f 4484 4669 4485
f 4484 4488 4669
f 4485 4670 4671
f 4485 4671 4672
f 4485 4672 4486
f 4485 4669 4670
f 4486 4672 4673
f 4486 4673 4489
f 4487 4668 4674
f 4487 4674 4675
f 4487 4675 4488
f 4488 4675 4676
f 4488 4676 4669
f 4489 4677 4678
f 4489 4678 4679
f 4489 4679 4491
f 4489 4491 4490
f 4489 4673 4850
f 4489 4850 4680
f 4489 4680 4677
f 4491 4679 4678
f 4491 4678 4681
f 4491 4681 4492
f 4492 4681 4682
f 4492 4682 4493
f 4493 4682 4683
f 4493 4683 4684
f 4493 4684 4685
f 4493 4685 4686
f 4493 4686 4498
f 4496 4498 4687
f 4496 4687 4686
f 4496 4686 4688
f 4496 4688 4497
f 4497 4688 4689
f 4497 4689 4501
f 4498 4686 4687
f 4499 4501 4689
f 4499 4689 4500
f 4500 4689 4690
f 4500 4690 4502
f 4502 4690 4604
f 4502 4604 4603
f 4506 4601 4600
f 4506 4599 4507
f 4507 4599 4598
f 4507 4598 4691
f 4507 4691 4508
f 4508 4691 4692
f 4508 4692 4693
f 4508 4693 4509
f 4509 4693 4510
f 4510 4693 4694
f 4510 4694 4695
f 4510 4695 4515
f 4510 4515 4512
f 4510 4512 4511
f 4512 4515 4514
f 4515 4695 4696
f 4515 4696 4697
f 4515 4697 4516
f 4516 4697 4698
f 4516 4698 4699
f 4516 4699 4700
f 4516 4700 4701
f 4516 4701 4517
f 4517 4701 4518
f 4518 4701 4519
f 4519 4701 4700
f 4519 4700 4702
f 4519 4702 4703
f 4519 4703 4520
f 4520 4703 4702
f 4520 4702 4522
f 4521 4523 4522
f 4527 4704 4528
f 4527 4531 4705
f 4527 4705 4704
f 4528 4704 4532
f 4529 4586 4706
f 4529 4706 4530
f 4530 4706 4531
f 4531 4707 4705
f 4531 4706 4708
f 4531 4708 4709
f 4531 4709 4707
f 4532 4704 4710
f 4532 4710 4711
f 4532 4711 4537
f 4535 4712 4536
f 4535 4538 4712
f 4536 4712 4713
f 4536 4713 4714
f 4536 4714 4539
f 4537 4711 4715
f 4537 4715 4716
f 4537 4716 4717
f 4537 4717 4538
f 4538 4717 4718
f 4538 4718 4712
f 4539 4714 4719
f 4539 4719 4541
f 4540 4664 4720
f 4540 4720 4661
f 4540 4661 4543
f 4541 4719 4721
f 4541 4721 4542
f 4542 4721 4665
f 4543 4661 4544
f 4545 4548 4547
f 4545 4547 4546
f 4550 4722 4551
f 4551 4722 4553
f 4551 4553 4552
f 4553 4723 4554
f 4553 4722 4724
f 4553 4724 4725
f 4553 4725 4726
f 4553 4726 4723
f 4554 4723 4555
f 4555 4726 4557
f 4555 4723 4726
f 4557 4726 4727
f 4557 4727 4728
f 4557 4728 4558
f 4558 4728 4729
f 4558 4729 4559
f 4559 4729 4560
f 4560 4729 4730
f 4560 4730 4731
f 4560 4731 4562
f 4562 4731 4563
f 4563 4731 4564
f 4564 4731 4732
f 4564 4732 4733
f 4564 4733 4734
f 4564 4734 4566
f 4564 4566 4565
f 4566 4734 4735
f 4566 4735 4736
f 4566 4736 4567
f 4567 4736 4568
f 4568 4737 4738
f 4568 4738 4739
f 4568 4739 4740
f 4568 4740 4741
f 4568 4741 4742
f 4568 4742 4569
f 4568 4736 4737
f 4569 4742 4570
f 4570 4742 4571
f 4571 4742 4743
f 4571 4743 4744
f 4571 4744 4745
f 4571 4745 4746
f 4571 4746 4747
f 4571 4747 4748
f 4571 4748 4574
f 4572 4575 4749
f 4572 4749 4573
f 4573 4749 4577
f 4574 4748 4575
f 4575 4750 4751
f 4575 4751 4749
f 4575 4748 4752
f 4575 4752 4753
f 4575 4753 4754
f 4575 4754 4755
f 4575 4755 4750
f 4577 4749 4756
f 4577 4756 4578
f 4578 4756 4757
f 4578 4757 4758
f 4578 4758 4759
f 4578 4759 4760
f 4578 4760 4761
f 4578 4761 4762
f 4578 4762 4763
f 4578 4763 4579
f 4579 4763 4580
f 4580 4763 4764
f 4580 4764 4765
f 4580 4765 4581
f 4581 4765 4582
f 4582 4765 4583
f 4583 4765 4584
f 4584 4765 4585
f 4585 4765 4766
f 4585 4766 4764
f 4585 4764 4706
f 4585 4706 4586
f 4588 4767 4589
f 4589 4768 4769
f 4589 4769 4770
f 4589 4770 4592
f 4589 4767 4768
f 4590 4592 4770
f 4590 4770 4771
f 4590 4771 4593
f 4590 4593 4591
f 4593 4771 4772
f 4593 4772 4773
f 4593 4773 4774
f 4593 4774 4594
f 4594 4774 4596
f 4596 4774 4775
f 4596 4775 4597
f 4597 4775 4598
f 4598 4775 4691
f 4604 4690 4689
f 4604 4689 4776
f 4604 4776 4605
f 4605 4776 4606
f 4606 4776 4686
f 4607 4686 4608
f 4608 4686 4684
f 4608 4684 4609
f 4609 4611 4610
f 4609 4684 4777
f 4609 4777 4778
f 4609 4778 4611
f 4611 4778 4613
f 4613 4779 4614
f 4613 4778 4780
f 4613 4780 4779
f 4614 4779 4617
f 4615 4620 4616
f 4615 4618 4781
f 4615 4781 4782
f 4615 4782 4783
f 4615 4783 4621
f 4615 4621 4620
f 4617 4784 4618
f 4617 4779 4785
f 4617 4785 4784
f 4618 4784 4786
f 4618 4786 4787
f 4618 4787 4788
f 4618 4788 4789
f 4618 4789 4781
f 4621 4783 4790
f 4621 4790 4791
f 4621 4791 4792
f 4621 4792 4793
f 4621 4793 4794
f 4621 4794 4795
f 4621 4795 4622
f 4622 4795 4623
f 4623 4795 4794
f 4623 4794 4796
f 4623 4796 4624
f 4624 4796 4797
f 4624 4797 4798
f 4624 4798 4799
f 4624 4799 4625
f 4625 4799 4626
f 4626 4799 4800
f 4626 4800 4801
f 4626 4801 4802
f 4626 4802 4803
f 4626 4803 4804
f 4626 4804 4805
f 4626 4805 4806
f 4626 4806 4627
f 4627 4806 4628
f 4628 4806 4637
f 4632 4634 4633
f 4632 4638 4807
f 4632 4807 4808
f 4632 4808 4809
f 4632 4809 4810
f 4632 4810 4634
f 4634 4642 4641
f 4634 4641 4635
f 4634 4810 4643
f 4634 4643 4642
f 4635 4641 4636
f 4637 4806 4807
f 4637 4807 4638
f 4639 4811 4640
f 4639 4650 4812
f 4639 4812 4813
f 4639 4813 4814
f 4639 4814 4811
f 4640 4811 4651
f 4643 4815 4816
f 4643 4816 4817
f 4643 4817 4818
f 4643 4818 4644
f 4643 4810 4807
f 4643 4807 4819
f 4643 4819 4820
f 4643 4820 4821
f 4643 4821 4822
f 4643 4822 4823
f 4643 4823 4824
f 4643 4824 4825
f 4643 4825 4826
f 4643 4826 4827
f 4643 4827 4828
f 4643 4828 4815
f 4644 4818 4645
f 4645 4818 4817
f 4645 4817 4829
f 4645 4829 4646
f 4646 4829 4830
f 4646 4830 4647
f 4647 4830 4648
f 4648 4830 4831
f 4648 4831 4649
f 4649 4831 4812
f 4649 4812 4650
f 4651 4811 4832
f 4651 4832 4652
f 4652 4832 4833
f 4652 4833 4653
f 4653 4833 4834
f 4653 4834 4835
f 4653 4835 4655
f 4654 4655 4836
f 4654 4836 4656
f 4655 4835 4836
f 4656 4836 4837
f 4656 4837 4967
f 4656 4967 4838
f 4661 4720 4662
f 4662 4720 4663
f 4663 4720 4664
f 4665 4721 4667
f 4667 4721 4839
f 4667 4839 4668
f 4668 4839 4674
f 4669 4840 4841
f 4669 4841 4842
f 4669 4842 4670
f 4669 4676 4843
f 4669 4843 4844
f 4669 4844 4840
f 4670 4842 4845
f 4670 4845 4846
f 4670 4846 4847
f 4670 4847 4671
f 4671 4673 4672
f 4671 4847 4848
f 4671 4848 4849
f 4671 4849 4673
f 4673 4849 4850
f 4674 4851 4675
f 4674 4839 4851
f 4675 4852 4676
f 4675 4851 4852
f 4676 4852 4843
f 4677 4680 4678
f 4678 4680 4853
f 4678 4853 4854
f 4678 4854 4855
f 4678 4855 4681
f 4680 4850 4853
f 4681 4855 4682
f 4682 4855 4856
f 4682 4856 4788
f 4682 4788 4787
f 4682 4787 4857
f 4682 4857 4683
f 4683 4857 4684
f 4684 4686 4685
f 4684 4857 4777
f 4686 4776 4688
f 4688 4776 4689
f 4691 4775 4692
f 4692 4775 4858
f 4692 4858 4694
f 4692 4694 4693
f 4694 4858 4859
f 4694 4859 4771
f 4694 4771 4695
f 4695 4860 4696
f 4695 4771 4861
f 4695 4861 4862
f 4695 4862 4860
f 4696 4860 4697
f 4697 4860 4863
f 4697 4863 4698
f 4698 4863 4860
f 4698 4860 4862
f 4698 4862 4864
f 4698 4864 4865
f 4698 4865 4699
f 4699 4865 4700
f 4700 4865 4866
f 4700 4866 4702
f 4702 4866 4867
f 4704 4705 4868
f 4704 4868 4715
f 4704 4715 4710
f 4705 4707 4869
f 4705 4869 4870
f 4705 4870 4868
f 4706 4764 4871
f 4706 4871 4708
f 4707 4709 4872
f 4707 4872 4869
f 4708 4871 4873
f 4708 4873 4874
f 4708 4874 4709
f 4709 4874 4875
f 4709 4875 4872
f 4710 4715 4711
f 4712 4876 4713
f 4712 4718 4877
f 4712 4877 4876
f 4713 4878 4714
f 4713 4876 4879
f 4713 4879 4878
f 4714 4878 4880
f 4714 4880 4719
f 4715 4868 4870
f 4715 4870 4881
f 4715 4881 4869
f 4715 4869 4882
f 4715 4882 4883
f 4715 4883 4884
f 4715 4884 4716
f 4716 4884 4717
f 4717 4884 4883
f 4717 4883 4885
f 4717 4885 4886
f 4717 4886 4718
f 4718 4886 4877
f 4719 4880 4839
f 4719 4839 4721
f 4728 4887 4729
f 4729 4887 4888
f 4729 4888 4730
f 4730 4888 4889
f 4730 4889 4732
f 4730 4732 4731
f 4732 4889 4890
f 4732 4890 4891
f 4732 4891 4892
f 4732 4892 4733
f 4733 4892 4893
f 4733 4893 4735
f 4733 4735 4734
f 4735 4893 4738
f 4735 4738 4736
f 4736 4738 4737
f 4738 4893 4894
f 4738 4894 4895
f 4738 4895 4740
f 4738 4740 4739
f 4740 4895 4742
f 4740 4742 4741
f 4742 4896 4743
f 4742 4895 4897
f 4742 4897 4896
f 4743 4896 4744
f 4744 4897 4898
f 4744 4898 4745
f 4744 4896 4897
f 4745 4898 4899
f 4745 4899 4900
f 4745 4900 4747
f 4745 4747 4746
f 4747 4900 4901
f 4747 4901 4753
f 4747 4753 4752
f 4747 4752 4748
f 4749 4751 4757
f 4749 4757 4756
f 4750 4902 4903
f 4750 4903 4751
f 4750 4755 4902
f 4751 4903 4757
f 4753 4901 4904
f 4753 4904 4754
f 4754 4904 4905
f 4754 4905 4906
f 4754 4906 4907
f 4754 4907 4755
f 4755 4907 4908
f 4755 4908 4902
f 4757 4903 4758
f 4758 4903 4902
f 4758 4902 4909
f 4758 4909 4760
f 4758 4760 4759
f 4760 4909 4910
f 4760 4910 4761
f 4761 4910 4763
f 4761 4763 4762
f 4763 4911 4764
f 4763 4910 4912
f 4763 4912 4873
f 4763 4873 4911
f 4764 4911 4871
f 4764 4766 4765
f 4767 4913 4768
f 4768 4913 4769
f 4769 4913 4770
f 4770 4913 4914
f 4770 4914 4771
f 4771 4914 4915
f 4771 4915 4916
f 4771 4916 4917
f 4771 4917 4918
f 4771 4918 4862
f 4771 4862 4861
f 4771 4859 4773
f 4771 4773 4772
f 4773 4859 4858
f 4773 4858 4775
f 4773 4775 4774
f 4777 4857 4778
f 4778 4857 4785
f 4778 4785 4780
f 4779 4780 4785
f 4781 4789 4919
f 4781 4919 4920
f 4781 4920 4921
f 4781 4921 4782
f 4782 4921 4790
f 4782 4790 4783
f 4784 4785 4786
f 4785 4857 4922
f 4785 4922 4787
f 4785 4787 4786
f 4787 4922 4857
f 4788 4856 4923
f 4788 4923 4924
f 4788 4924 4920
f 4788 4920 4919
f 4788 4919 4789
f 4790 4921 4920
f 4790 4920 4925
f 4790 4925 4926
f 4790 4926 4927
f 4790 4927 4853
f 4790 4853 4792
f 4790 4792 4791
f 4792 4928 4929
f 4792 4929 4793
f 4792 4853 4928
f 4793 4929 4794
f 4794 4797 4796
f 4794 4929 4930
f 4794 4930 4797
f 4797 4930 4931
f 4797 4931 4932
f 4797 4932 4800
f 4797 4800 4798
f 4798 4800 4799
f 4800 4932 4933
f 4800 4933 4802
f 4800 4802 4801
f 4802 4934 4935
f 4802 4935 4936
f 4802 4936 4803
f 4802 4933 4934
f 4803 4936 4937
f 4803 4937 4804
f 4804 4937 4805
f 4805 4807 4806
f 4805 4937 4938
f 4805 4938 4807
f 4807 4810 4808
f 4807 4938 4939
f 4807 4939 4940
f 4807 4940 4819
f 4808 4810 4809
f 4811 4814 4832
f 4812 4831 4941
f 4812 4941 4942
f 4812 4942 4943
f 4812 4943 4813
f 4813 4943 4814
f 4814 4943 4944
f 4814 4944 4832
f 4815 4828 4945
f 4815 4945 4946
f 4815 4946 4816
f 4816 4947 4817
f 4816 4946 4948
f 4816 4948 4947
f 4817 4947 4829
f 4819 4940 4949
f 4819 4949 4820
f 4820 4949 4950
f 4820 4950 4821
f 4821 4950 4951
f 4821 4951 4822
f 4822 4951 4823
f 4823 4951 4952
f 4823 4952 4953
f 4823 4953 4954
f 4823 4954 4955
f 4823 4955 4956
f 4823 4956 4824
f 4824 4956 4957
f 4824 4957 4825
f 4825 4957 4906
f 4825 4906 4826
f 4826 4906 4827
f 4827 4906 4905
f 4827 4905 4958
f 4827 4958 4959
f 4827 4959 4960
f 4827 4960 4961
f 4827 4961 4945
f 4827 4945 4828
f 4829 4947 4948
f 4829 4948 4962
f 4829 4962 4830
f 4830 4962 4963
f 4830 4963 4831
f 4831 4963 4941
f 4832 4944 4833
f 4833 4944 4834
f 4834 4944 4943
f 4834 4943 4942
f 4834 4942 4964
f 4834 4964 5035
f 4834 5035 4965
f 4834 4965 4835
f 4835 4965 4836
f 4836 4965 4966
f 4836 4966 4837
f 4837 4966 4967
f 4839 4968 4851
f 4839 4880 4968
f 4840 4969 4841
f 4840 4844 4969
f 4841 4969 4970
f 4841 4970 4971
f 4841 4971 4845
f 4841 4845 4842
f 4843 4852 4972
f 4843 4972 4973
f 4843 4973 4844
f 4844 4973 4974
f 4844 4974 4975
f 4844 4975 4969
f 4845 4971 4976
f 4845 4976 4846
f 4846 4976 4977
f 4846 4977 4978
f 4846 4978 4847
f 4847 4978 4848
f 4848 4977 4979
f 4848 4979 4980
f 4848 4980 4849
f 4848 4978 4977
f 4849 4980 4853
f 4849 4853 4850
f 4851 4981 4982
f 4851 4982 4852
f 4851 4968 4880
f 4851 4880 4981
f 4852 4982 4972
f 4853 4980 4979
f 4853 4979 4983
f 4853 4983 4984
f 4853 4984 4928
f 4853 4927 4926
f 4853 4926 4925
f 4853 4925 4985
f 4853 4985 4854
f 4854 4985 4923
f 4854 4923 4855
f 4855 4923 4856
f 4862 4918 4986
f 4862 4986 4864
f 4864 4986 4865
f 4865 4986 4987
f 4865 4987 4988
f 4865 4988 4866
f 4866 4988 4867
f 4869 4881 4870
f 4869 4872 4882
f 4871 4911 4989
f 4871 4989 4873
f 4872 4875 4970
f 4872 4970 4990
f 4872 4990 4886
f 4872 4886 4885
f 4872 4885 4882
f 4873 4912 4991
f 4873 4991 4874
f 4873 4989 4911
f 4874 4991 4992
f 4874 4992 4875
f 4875 4992 4970
f 4876 4877 4879
f 4877 4886 4993
f 4877 4993 4879
f 4878 4879 4981
f 4878 4981 4880
f 4879 4993 4994
f 4879 4994 4995
f 4879 4995 4981
f 4882 4885 4883
f 4886 4990 4993
f 4887 4996 4888
f 4888 4996 4997
f 4888 4997 4998
f 4888 4998 4999
f 4888 4999 4889
f 4889 4999 4890
f 4890 4999 4998
f 4890 4998 4891
f 4891 5000 4892
f 4891 4998 5001
f 4891 5001 5050
f 4891 5050 5000
f 4892 5000 4893
f 4893 5000 4894
f 4894 5000 5050
f 4894 5050 5002
f 4894 5002 4895
f 4895 4899 4898
f 4895 4898 4897
f 4895 5002 5003
f 4895 5003 5004
f 4895 5004 5005
f 4895 5005 5006
f 4895 5006 5007
f 4895 5007 5008
f 4895 5008 4899
f 4899 5008 4900
f 4900 5008 5009
f 4900 5009 5010
f 4900 5010 4901
f 4901 5010 4904
f 4902 4908 4909
f 4904 5010 4958
f 4904 4958 4905
f 4906 4957 4907
f 4907 4957 4908
f 4908 5011 4909
f 4908 4957 4956
f 4908 4956 5011
f 4909 5011 4910
f 4910 5011 4955
f 4910 4955 4912
f 4912 4955 5012
f 4912 5012 5013
f 4912 5013 4991
f 4913 4915 4914
f 4915 5014 4916
f 4916 5014 4917
f 4917 5014 5015
f 4917 5015 4986
f 4917 4986 4918
f 4920 4924 4925
f 4923 4985 4925
f 4923 4925 4924
f 4928 4983 4929
f 4928 4984 4983
f 4929 4983 4931
f 4929 4931 4930
f 4931 4933 4932
f 4931 4983 5016
f 4931 5016 5017
f 4931 5017 4933
f 4933 5017 5018
f 4933 5018 5019
f 4933 5019 4935
f 4933 4935 4934
f 4935 5019 5013
f 4935 5013 5020
f 4935 5020 5021
f 4935 5021 4936
f 4936 5021 4937
f 4937 5021 5020
f 4937 5020 5022
f 4937 5022 4938
f 4938 5022 5023
f 4938 5023 4939
f 4939 5023 4954
f 4939 4954 4953
f 4939 4953 5024
f 4939 5024 4940
f 4940 5024 5025
f 4940 5025 4949
f 4941 4963 5026
f 4941 5026 5027
f 4941 5027 4942
f 4942 5027 5028
f 4942 5028 4964
f 4945 4961 4946
f 4946 4961 4948
f 4948 4961 5029
f 4948 5029 5030
f 4948 5030 5031
f 4948 5031 5032
f 4948 5032 5033
f 4948 5033 4962
f 4949 5025 4950
f 4950 5025 4951
f 4951 5025 4952
f 4952 5025 4953
f 4953 5025 5024
f 4954 5020 4955
f 4954 5023 5020
f 4955 5013 5012
f 4955 5011 4956
f 4955 5020 5013
f 4958 5010 4959
f 4959 5010 4960
f 4960 5010 5009
f 4960 5009 5029
f 4960 5029 4961
f 4962 5033 4963
f 4963 5033 5034
f 4963 5034 5026
f 4964 5028 5067
f 4964 5067 5035
f 4965 5035 5036
f 4965 5036 4966
f 4966 5036 5037
f 4966 5037 5038
f 4966 5038 4967
f 4969 4975 4970
f 4970 4992 5039
f 4970 5039 4976
f 4970 4976 4971
f 4970 4975 4993
f 4970 4993 4990
f 4972 4982 4995
f 4972 4995 4973
f 4973 4995 4994
f 4973 4994 5040
f 4973 5040 4975
f 4973 4975 4974
f 4975 5040 4993
f 4976 5039 5041
f 4976 5041 4977
f 4977 5041 4979
f 4979 5016 4983
f 4979 5041 5039
f 4979 5039 5016
f 4981 4995 4982
f 4986 5015 4987
f 4987 5015 4988
f 4991 5013 5042
f 4991 5042 5043
f 4991 5043 4992
f 4992 5043 5039
f 4993 5040 4994
f 4996 5044 5045
f 4996 5045 5046
f 4996 5046 4997
f 4997 5046 5045
f 4997 5045 5047
f 4997 5047 5048
f 4997 5048 4998
f 4998 5048 5049
f 4998 5049 5001
f 5001 5049 5051
f 5001 5051 5052
f 5001 5052 5053
f 5001 5053 5050
f 5002 5050 5003
f 5003 5053 5077
f 5003 5077 5054
f 5003 5054 5055
f 5003 5055 5056
f 5003 5056 5004
f 5003 5050 5053
f 5004 5056 5057
f 5004 5057 5031
f 5004 5031 5006
f 5004 5006 5005
f 5006 5031 5030
f 5006 5030 5058
f 5006 5058 5007
f 5007 5058 5029
f 5007 5029 5008
f 5008 5029 5009
f 5013 5019 5059
f 5013 5059 5043
f 5013 5043 5042
f 5016 5060 5017
f 5016 5039 5061
f 5016 5061 5060
f 5017 5062 5059
f 5017 5059 5019
f 5017 5019 5018
f 5017 5060 5039
f 5017 5039 5062
f 5020 5023 5022
f 5026 5034 5063
f 5026 5063 5052
f 5026 5052 5064
f 5026 5064 5027
f 5027 5064 5065
f 5027 5065 5028
f 5028 5065 5066
f 5028 5066 5067
f 5029 5058 5030
f 5031 5057 5032
f 5032 5057 5033
f 5033 5057 5034
f 5034 5057 5055
f 5034 5055 5063
f 5035 5068 5036
f 5035 5067 5068
f 5036 5068 5037
f 5037 5069 5038
f 5037 5068 5070
f 5037 5070 5069
f 5039 5043 5071
f 5039 5071 5072
f 5039 5072 5062
f 5039 5060 5061
f 5043 5059 5071
f 5044 5073 5045
f 5045 5073 5074
f 5045 5074 5048
f 5045 5048 5047
f 5048 5075 5049
f 5048 5074 5075
f 5049 5075 5076
f 5049 5076 5066
f 5049 5066 5052
f 5049 5052 5051
f 5052 5077 5053
f 5052 5066 5065
f 5052 5065 5064
f 5052 5063 5077
f 5054 5077 5063
f 5054 5063 5055
f 5055 5057 5056
f 5059 5062 5072
f 5059 5072 5071
f 5066 5076 5078
f 5066 5078 5079
f 5066 5079 5067
f 5067 5079 5091
f 5067 5091 5080
f 5067 5080 5068
f 5068 5080 5070
f 5069 5070 5081
f 5069 5081 5082
f 5069 5082 5083
f 5069 5083 5084
f 5070 5080 5085
f 5070 5085 5081
f 5073 5086 5087
f 5073 5087 5074
f 5074 5087 5088
f 5074 5088 5099
f 5074 5099 5089
f 5074 5089 5075
f 5075 5089 5090
f 5075 5090 5078
f 5075 5078 5076
f 5078 5090 5091
f 5078 5091 5079
f 5080 5091 5092
f 5080 5092 5085
f 5081 5085 5082
f 5082 5085 5083
f 5083 5085 5092
f 5083 5092 5093
f 5083 5093 5094
f 5083 5094 5095
f 5083 5095 5096
f 5083 5096 5084
f 5086 5097 5088
f 5086 5088 5087
f 5088 5097 5098
f 5088 5098 5099
f 5089 5099 5100
f 5089 5100 5101
f 5089 5101 5090
f 5090 5101 5091
f 5091 5101 5092
f 5092 5101 5100
f 5092 5100 5099
f 5092 5099 5102
f 5092 5102 5093
f 5098 5102 5099

