# https://github.com/mikedh/trimesh
v 0.00162535 0.02516578 -0.01640274
v 0.00162535 0.02516578 -0.01543400
v 0.00162535 0.02516866 -0.01642315
v 0.00162951 0.02516578 -0.01642236
v 0.00206502 0.02516578 -0.01518044
v 0.00162535 0.02520610 -0.01543086
v 0.00204840 0.02531552 -0.01636819
v 0.00204757 0.02516578 -0.01637447
v 0.00189713 0.02516578 -0.01639174
v 0.00162535 0.02547102 -0.01640980
v 0.00189797 0.02546526 -0.01637919
v 0.00204840 0.02546526 -0.01636191
v 0.01011620 0.02516578 -0.01054716
v 0.01011620 0.02636656 -0.01045060
v 0.00162535 0.02726787 -0.01528956
v 0.01011620 0.02651630 -0.01043961
v 0.01011620 0.02848592 -0.01029595
v 0.01011620 0.04707065 -0.00894177
v 0.01011620 0.05112220 -0.00864659
v 0.01011620 0.05322429 -0.00849351
v 0.00234844 0.02546526 -0.01632580
v 0.00234844 0.02531552 -0.01633130
v 0.00234761 0.02516578 -0.01633679
v 0.00162535 0.02573882 -0.01639724
v 0.00189797 0.02561787 -0.01637212
v 0.00204840 0.02561787 -0.01635485
v 0.01011620 0.02516578 -0.01212508
v 0.00162535 0.05204367 -0.01359231
v 0.01011620 0.05458344 -0.00840402
v 0.00162535 0.05450858 -0.01342353
v 0.00162535 0.05431277 -0.01343687
v 0.00249804 0.02546526 -0.01630147
v 0.00234844 0.02561787 -0.01631874
v 0.00249804 0.02561787 -0.01629519
v 0.00249804 0.02531552 -0.01630696
v 0.00249721 0.02516578 -0.01631246
v 0.00162535 0.02786682 -0.01628576
v 0.00204840 0.02636656 -0.01631560
v 0.00228444 0.02676970 -0.01626614
v 0.00997574 0.02516578 -0.01226560
v 0.01005138 0.02531552 -0.01219024
v 0.01011620 0.02563803 -0.01212508
v 0.01011620 0.05458344 -0.00981786
v 0.00162535 0.05458344 -0.01341882
v 0.00261689 0.02546526 -0.01627556
v 0.00257368 0.02599510 -0.01626457
v 0.00260526 0.02561787 -0.01627242
v 0.00249804 0.02591735 -0.01628106
v 0.00234844 0.02636656 -0.01627949
v 0.00240579 0.02655085 -0.01626221
v 0.00242657 0.02645007 -0.01626457
v 0.00243986 0.02636656 -0.01626692
v 0.00246563 0.02621682 -0.01627085
v 0.00263767 0.02516578 -0.01628106
v 0.00162535 0.03639322 -0.01583673
v 0.00204840 0.02981916 -0.01613347
v 0.00219800 0.02846865 -0.01618685
v 0.00162535 0.03926990 -0.01568521
v 0.00220632 0.02966655 -0.01612248
v 0.00226117 0.02971550 -0.01611306
v 0.00990094 0.02516578 -0.01234018
v 0.00997657 0.02531552 -0.01226482
v 0.01005138 0.02561787 -0.01219024
v 0.00990094 0.02606709 -0.01234018
v 0.00990094 0.02636656 -0.01233940
v 0.01005138 0.02591735 -0.01218945
v 0.01011620 0.02593463 -0.01212351
v 0.01011620 0.05441355 -0.00990657
v 0.01006301 0.05446826 -0.00994818
v 0.01009709 0.05458344 -0.00984220
v 0.00162535 0.05458344 -0.01436950
v 0.00279808 0.02531552 -0.01623474
v 0.00271248 0.02516578 -0.01626221
v 0.00268006 0.02561787 -0.01625358
v 0.00294852 0.02801655 -0.01608323
v 0.00255955 0.02609300 -0.01626221
v 0.00333084 0.03187805 -0.01581631
v 0.00313802 0.02981916 -0.01595684
v 0.00324856 0.03026838 -0.01591052
v 0.00317458 0.02945058 -0.01596469
v 0.00250469 0.02605269 -0.01627320
v 0.00211240 0.03571940 -0.01581318
v 0.00225618 0.03255475 -0.01596233
v 0.00249804 0.02666604 -0.01624180
v 0.00251550 0.02636656 -0.01625515
v 0.00241825 0.02927780 -0.01611384
v 0.00254043 0.02621682 -0.01625907
v 0.00162535 0.04212068 -0.01553449
v 0.00204840 0.03522123 -0.01584772
v 0.00937567 0.02516578 -0.01286380
v 0.00952610 0.02531552 -0.01271386
v 0.00997657 0.02576761 -0.01226482
v 0.00975134 0.02591735 -0.01248934
v 0.00960007 0.02606709 -0.01263849
v 0.00982614 0.02636656 -0.01241319
v 0.00990011 0.02651630 -0.01233861
v 0.00945047 0.02561787 -0.01278922
v 0.01011620 0.02622834 -0.01211880
v 0.01011620 0.05433868 -0.00994268
v 0.01008296 0.05436748 -0.00997330
v 0.00996328 0.05458344 -0.01000549
v 0.01003226 0.05458344 -0.00992384
v 0.01000234 0.05442795 -0.01003924
v 0.00169268 0.05458344 -0.01435850
v 0.00162535 0.05454601 -0.01438206
v 0.00294769 0.02516578 -0.01620177
v 0.00279808 0.02516578 -0.01624023
v 0.00294852 0.02546526 -0.01618999
v 0.00338819 0.02848016 -0.01594977
v 0.00294852 0.02561787 -0.01618371
v 0.00324856 0.02981916 -0.01593015
v 0.00348127 0.03672149 -0.01551643
v 0.00341644 0.03176863 -0.01579904
v 0.00343141 0.03161889 -0.01580297
v 0.00336990 0.03146916 -0.01582652
v 0.00264848 0.02741760 -0.01617586
v 0.00324856 0.03176863 -0.01583673
v 0.00330341 0.03206811 -0.01581082
v 0.00324856 0.03252020 -0.01579590
v 0.00324856 0.03387072 -0.01572211
v 0.00344720 0.04256989 -0.01520948
v 0.00347712 0.04236256 -0.01521498
v 0.00339899 0.03101706 -0.01583987
v 0.00189797 0.03942252 -0.01564361
v 0.00174836 0.04451936 -0.01539161
v 0.00179906 0.04497145 -0.01536099
v 0.00181735 0.04488218 -0.01536335
v 0.00198191 0.04161963 -0.01551565
v 0.00227613 0.03245397 -0.01596469
v 0.00249804 0.02711813 -0.01621747
v 0.00258282 0.02872205 -0.01611620
v 0.00249804 0.02801655 -0.01616880
v 0.00197277 0.04444449 -0.01536413
v 0.00218554 0.03807200 -0.01567501
v 0.00228943 0.03789635 -0.01566716
v 0.00234844 0.03657175 -0.01572918
v 0.00162535 0.04494553 -0.01538455
v 0.00930003 0.02516578 -0.01293916
v 0.00937567 0.02531552 -0.01286380
v 0.00952610 0.02561787 -0.01271386
v 0.00967487 0.02636656 -0.01256156
v 0.00914877 0.02531552 -0.01308753
v 0.00929754 0.02576761 -0.01293681
v 0.00982365 0.02666604 -0.01241162
v 0.00989762 0.02681577 -0.01233547
v 0.00997242 0.02651630 -0.01226325
v 0.00907396 0.02516578 -0.01316211
v 0.01011620 0.02651630 -0.01211331
v 0.01011620 0.05424942 -0.00998272
v 0.01003808 0.05427245 -0.01006829
v 0.00994167 0.05438475 -0.01012952
v 0.00989180 0.05458344 -0.01008007
v 0.00991756 0.05448554 -0.01010597
v 0.00176166 0.05458344 -0.01434673
v 0.00174836 0.05442507 -0.01440168
v 0.00162535 0.05442507 -0.01442131
v 0.00339816 0.02516578 -0.01608480
v 0.00389185 0.02516578 -0.01595605
v 0.00354859 0.02831891 -0.01591444
v 0.00383450 0.02575609 -0.01594663
v 0.00339899 0.02981916 -0.01589089
v 0.00378131 0.02561787 -0.01596626
v 0.00388022 0.02531552 -0.01595291
v 0.00339899 0.03056785 -0.01585949
v 0.00354859 0.03972200 -0.01533666
v 0.00369903 0.03957226 -0.01530212
v 0.00375887 0.03537097 -0.01551015
v 0.00354859 0.03252020 -0.01572211
v 0.00354859 0.03191837 -0.01575430
v 0.00354859 0.03146916 -0.01577785
v 0.00345883 0.03131942 -0.01581003
v 0.00300088 0.03026838 -0.01596076
v 0.00309812 0.03131942 -0.01588697
v 0.00315713 0.03252020 -0.01581160
v 0.00306654 0.03537097 -0.01567187
v 0.00245815 0.04557040 -0.01522047
v 0.00234844 0.04767248 -0.01512470
v 0.00294852 0.03942252 -0.01547090
v 0.00324856 0.03702096 -0.01554940
v 0.00339899 0.04482171 -0.01509487
v 0.00345218 0.04527092 -0.01506033
v 0.00346714 0.04517590 -0.01506268
v 0.00347961 0.04507511 -0.01506582
v 0.00350621 0.04482171 -0.01507289
v 0.00356605 0.04497145 -0.01504855
v 0.00363005 0.04432930 -0.01506582
v 0.00364002 0.04421988 -0.01506896
v 0.00361509 0.04169738 -0.01521184
v 0.00348377 0.03101706 -0.01581710
v 0.00174836 0.04347119 -0.01544735
v 0.00173423 0.04525653 -0.01535393
v 0.00176665 0.04512119 -0.01535707
v 0.00174836 0.04572014 -0.01532645
v 0.00189797 0.04812169 -0.01517337
v 0.00193786 0.04737013 -0.01520948
v 0.00189797 0.04572014 -0.01530604
v 0.00189797 0.04542066 -0.01532253
v 0.00189797 0.04497145 -0.01534686
v 0.00264848 0.03011864 -0.01602906
v 0.00294852 0.03116968 -0.01592072
v 0.00197942 0.04716568 -0.01521498
v 0.00204840 0.04632197 -0.01524952
v 0.00204840 0.04362093 -0.01539632
v 0.00263601 0.03942252 -0.01552507
v 0.00215063 0.04932247 -0.01506896
v 0.00224122 0.04647170 -0.01520870
v 0.00234844 0.04377067 -0.01533744
v 0.00265596 0.03386208 -0.01582417
v 0.00162535 0.04508663 -0.01537670
v 0.00944714 0.02606709 -0.01278687
v 0.00944548 0.02621682 -0.01278530
v 0.00982032 0.02696839 -0.01240769
v 0.00899667 0.02516578 -0.01323669
v 0.00907230 0.02546526 -0.01315819
v 0.00996992 0.02681577 -0.01226011
v 0.00989346 0.02711813 -0.01233233
v 0.00996494 0.02726787 -0.01225540
v 0.00996826 0.02696839 -0.01225854
v 0.01003974 0.02726787 -0.01217689
v 0.01011620 0.02710949 -0.01209996
v 0.01011620 0.05413711 -0.01002668
v 0.01007465 0.05404785 -0.01011225
v 0.01006218 0.05412271 -0.01009812
v 0.00996328 0.05427245 -0.01015229
v 0.00988598 0.05427245 -0.01022687
v 0.00981035 0.05427245 -0.01029595
v 0.00963165 0.05436172 -0.01041920
v 0.00969731 0.05441931 -0.01033520
v 0.00976297 0.05447402 -0.01025199
v 0.00981201 0.05458344 -0.01015543
v 0.00973721 0.05457481 -0.01022844
v 0.00203344 0.05458344 -0.01429884
v 0.00211822 0.05449706 -0.01431297
v 0.00189797 0.05442507 -0.01437578
v 0.00219800 0.05412271 -0.01441974
v 0.00234595 0.05396434 -0.01444329
v 0.00175418 0.05426957 -0.01444721
v 0.00162535 0.05439627 -0.01442994
v 0.00264848 0.05397298 -0.01439069
v 0.00249804 0.05397298 -0.01441581
v 0.00399824 0.02516578 -0.01592700
v 0.00354859 0.02891786 -0.01588932
v 0.00369903 0.02816629 -0.01588069
v 0.00384863 0.02636656 -0.01591680
v 0.00385611 0.02561787 -0.01594663
v 0.00399907 0.02591735 -0.01589482
v 0.00354195 0.03026838 -0.01583359
v 0.00384863 0.03942252 -0.01526758
v 0.00407886 0.03637306 -0.01536571
v 0.00425340 0.03252020 -0.01552271
v 0.00372147 0.04136911 -0.01519928
v 0.00369903 0.03176863 -0.01571976
v 0.00369903 0.03146916 -0.01573546
v 0.00414867 0.03131942 -0.01561613
v 0.00395086 0.03131942 -0.01567187
v 0.00354859 0.03131942 -0.01578491
v 0.00353530 0.03116392 -0.01579590
v 0.00293439 0.03340710 -0.01580140
v 0.00248973 0.04302486 -0.01535393
v 0.00219800 0.04977169 -0.01503599
v 0.00234844 0.04917274 -0.01504227
v 0.00257368 0.04804683 -0.01506425
v 0.00302831 0.04656097 -0.01506504
v 0.00324856 0.04647170 -0.01502892
v 0.00339899 0.04601961 -0.01502578
v 0.00339899 0.04617223 -0.01501636
v 0.00356356 0.04693531 -0.01493158
v 0.00354859 0.04647170 -0.01496377
v 0.00264848 0.04827143 -0.01503835
v 0.00264848 0.04857091 -0.01502107
v 0.00279808 0.04812169 -0.01501872
v 0.00354859 0.04586987 -0.01500066
v 0.00354859 0.04542066 -0.01502735
v 0.00354859 0.04527092 -0.01503599
v 0.00367908 0.04647170 -0.01493001
v 0.00369903 0.04617223 -0.01494179
v 0.00369903 0.04512119 -0.01500223
v 0.00369903 0.04482171 -0.01501872
v 0.00395003 0.03972200 -0.01522204
v 0.00369903 0.03101706 -0.01575665
v 0.00162535 0.04719447 -0.01525894
v 0.00174836 0.04722039 -0.01524245
v 0.00189797 0.04902300 -0.01512313
v 0.00198108 0.04986671 -0.01506504
v 0.00204840 0.05037352 -0.01502735
v 0.00204840 0.04932247 -0.01508545
v 0.00204840 0.04902300 -0.01510193
v 0.00204840 0.04782222 -0.01516788
v 0.00234844 0.04527092 -0.01525580
v 0.00922024 0.02591735 -0.01300589
v 0.00913796 0.02606709 -0.01307890
v 0.00928590 0.02651630 -0.01292660
v 0.00942886 0.02726787 -0.01276959
v 0.00951779 0.02666604 -0.01270365
v 0.00981866 0.02711813 -0.01240534
v 0.00892104 0.02516578 -0.01330734
v 0.00899417 0.02531552 -0.01323512
v 0.00899002 0.02561787 -0.01323041
v 0.00905568 0.02651630 -0.01314249
v 0.00988182 0.02786682 -0.01232212
v 0.00994998 0.02846865 -0.01223813
v 0.00995829 0.02786682 -0.01224676
v 0.01009127 0.02906760 -0.01208033
v 0.00995995 0.02771708 -0.01224912
v 0.01003143 0.02801655 -0.01216826
v 0.01009958 0.02831891 -0.01208975
v 0.01011620 0.02786682 -0.01208269
v 0.01011620 0.05412271 -0.01003218
v 0.01011620 0.05403921 -0.01006358
v 0.01011620 0.05401041 -0.01007379
v 0.01011620 0.05396146 -0.01009106
v 0.01011620 0.05390963 -0.01010911
v 0.01010706 0.05382324 -0.01014836
v 0.01003808 0.05382324 -0.01022294
v 0.00991091 0.05369942 -0.01039800
v 0.00976297 0.05371094 -0.01055109
v 0.00992754 0.05405648 -0.01026533
v 0.00997657 0.05411408 -0.01019468
v 0.00991008 0.05415439 -0.01024885
v 0.00975466 0.05415439 -0.01039565
v 0.00977710 0.05405360 -0.01041528
v 0.00965243 0.05427245 -0.01043804
v 0.00947540 0.05435020 -0.01056365
v 0.00960672 0.05446250 -0.01039722
v 0.00933411 0.05391826 -0.01087138
v 0.00950200 0.05458344 -0.01043726
v 0.00965991 0.05458344 -0.01029438
v 0.00972807 0.05458344 -0.01023236
v 0.00219800 0.05458344 -0.01426980
v 0.00234013 0.05458344 -0.01424468
v 0.00265263 0.05458344 -0.01418894
v 0.00249804 0.05442507 -0.01426901
v 0.00279808 0.05416303 -0.01430198
v 0.00249804 0.05412271 -0.01436871
v 0.00249804 0.05385491 -0.01445114
v 0.00258531 0.05375701 -0.01446606
v 0.00200186 0.05406512 -0.01446841
v 0.00189797 0.05416591 -0.01445506
v 0.00180820 0.05419182 -0.01446134
v 0.00162535 0.05431277 -0.01445428
v 0.00279808 0.05397298 -0.01436400
v 0.00279808 0.05382324 -0.01440875
v 0.00264017 0.05381172 -0.01444015
v 0.00414867 0.02531552 -0.01587755
v 0.00414784 0.02516578 -0.01588383
v 0.00384863 0.02711813 -0.01588461
v 0.00384863 0.02771708 -0.01585871
v 0.00387191 0.02891786 -0.01579983
v 0.00399907 0.02861838 -0.01577706
v 0.00408634 0.02711813 -0.01581788
v 0.00429911 0.02846865 -0.01569856
v 0.00414202 0.02636656 -0.01583437
v 0.00414867 0.02606709 -0.01584536
v 0.00413704 0.03642201 -0.01534608
v 0.00426004 0.03522123 -0.01537512
v 0.00434233 0.03236758 -0.01550544
v 0.00429911 0.03146916 -0.01556589
v 0.00392842 0.03156706 -0.01566559
v 0.00429911 0.03131942 -0.01557374
v 0.00414867 0.03116968 -0.01562320
v 0.00219800 0.05037352 -0.01500145
v 0.00324856 0.04692092 -0.01500145
v 0.00264848 0.04902300 -0.01499438
v 0.00264848 0.04977169 -0.01494885
v 0.00279808 0.04917274 -0.01495513
v 0.00309812 0.04797196 -0.01496769
v 0.00339899 0.04707065 -0.01495984
v 0.00287787 0.04956148 -0.01491509
v 0.00301085 0.04917274 -0.01491117
v 0.00321697 0.04827143 -0.01492373
v 0.00362340 0.04699578 -0.01491352
v 0.00332419 0.04804971 -0.01491431
v 0.00339899 0.04917274 -0.01482560
v 0.00354859 0.04782222 -0.01487820
v 0.00369903 0.04947221 -0.01473846
v 0.00377466 0.04879839 -0.01476437
v 0.00219800 0.05067299 -0.01498418
v 0.00363503 0.04689500 -0.01491666
v 0.00364833 0.04677118 -0.01492059
v 0.00366412 0.04662144 -0.01492530
v 0.00373892 0.04662144 -0.01490410
v 0.00381622 0.04842117 -0.01477614
v 0.00386027 0.04811882 -0.01478164
v 0.00404229 0.04767248 -0.01475495
v 0.00382869 0.04572014 -0.01493001
v 0.00392510 0.04550129 -0.01491431
v 0.00393258 0.04542066 -0.01491666
v 0.00398743 0.04482171 -0.01493315
v 0.00399907 0.04362093 -0.01499517
v 0.00396915 0.04227041 -0.01507760
v 0.00421018 0.03852122 -0.01521027
v 0.00397497 0.03101706 -0.01567893
v 0.00413621 0.03071759 -0.01564675
v 0.00162535 0.04947221 -0.01513019
v 0.00163948 0.05067299 -0.01506111
v 0.00166691 0.05058660 -0.01506347
v 0.00174836 0.04977169 -0.01509958
v 0.00189797 0.05067299 -0.01503050
v 0.00193537 0.05007116 -0.01505954
v 0.00204840 0.05067299 -0.01501008
v 0.00911885 0.02726787 -0.01306084
v 0.00920611 0.02681577 -0.01299254
v 0.00938813 0.03011864 -0.01272249
v 0.00938896 0.03506862 -0.01257334
v 0.00948454 0.02876812 -0.01267225
v 0.00944880 0.03101706 -0.01263849
v 0.00978541 0.02921733 -0.01237394
v 0.00986520 0.02891786 -0.01230642
v 0.00883958 0.02516578 -0.01338192
v 0.00903407 0.02786682 -0.01312207
v 0.00992671 0.02996890 -0.01221536
v 0.01006966 0.03056785 -0.01205835
v 0.01007548 0.03019351 -0.01206385
v 0.01011620 0.03004089 -0.01202538
v 0.01011620 0.02966655 -0.01203637
v 0.01011620 0.02906760 -0.01205364
v 0.01011620 0.02876812 -0.01206149
v 0.01009460 0.02876812 -0.01208426
v 0.01011620 0.02813750 -0.01207641
v 0.01011620 0.05380884 -0.01014208
v 0.01011620 0.05375989 -0.01015778
v 0.01011620 0.05369366 -0.01017898
v 0.01011620 0.05355832 -0.01022216
v 0.01007215 0.05358999 -0.01025984
v 0.00993668 0.05352376 -0.01042548
v 0.00977876 0.05361015 -0.01056679
v 0.00959675 0.05337403 -0.01083370
v 0.00964495 0.05352376 -0.01073478
v 0.00963082 0.05361591 -0.01071908
v 0.00964412 0.05394418 -0.01058170
v 0.00945712 0.05370806 -0.01084783
v 0.00962251 0.05404209 -0.01056129
v 0.00961171 0.05371382 -0.01070103
v 0.00954522 0.05366198 -0.01078346
v 0.00922107 0.05442507 -0.01075363
v 0.00909391 0.05458344 -0.01079602
v 0.00934242 0.05458344 -0.01057856
v 0.00941972 0.05457481 -0.01051419
v 0.00917702 0.05390387 -0.01101504
v 0.00955602 0.05398737 -0.01064372
v 0.00943052 0.05382324 -0.01082428
v 0.00932413 0.05359863 -0.01101269
v 0.00923188 0.05367350 -0.01106371
v 0.00914627 0.05367350 -0.01113908
v 0.00919614 0.05382324 -0.01103231
v 0.00308981 0.05458344 -0.01411043
v 0.00289449 0.05406224 -0.01431768
v 0.00268505 0.05372245 -0.01445742
v 0.00264017 0.05367350 -0.01447783
v 0.00249804 0.05367350 -0.01450138
v 0.00234595 0.05382900 -0.01448176
v 0.00219800 0.05382324 -0.01450452
v 0.00162535 0.05422638 -0.01447783
v 0.00299506 0.05402769 -0.01430826
v 0.00294852 0.05382324 -0.01437735
v 0.00294852 0.05367350 -0.01441738
v 0.00280141 0.05367350 -0.01444721
v 0.00436726 0.02534144 -0.01581239
v 0.00429828 0.02516578 -0.01583987
v 0.00429911 0.02786682 -0.01572447
v 0.00429911 0.02696839 -0.01576293
v 0.00418358 0.03026838 -0.01565303
v 0.00429911 0.02996890 -0.01563340
v 0.00435064 0.02906760 -0.01565774
v 0.00436975 0.02881419 -0.01566323
v 0.00436310 0.03491888 -0.01536099
v 0.00444871 0.03281967 -0.01544970
v 0.00445952 0.03191837 -0.01549524
v 0.00437640 0.03200764 -0.01551486
v 0.00441214 0.03161889 -0.01552507
v 0.00438471 0.03191837 -0.01551722
v 0.00450024 0.03146916 -0.01550701
v 0.00451271 0.03131942 -0.01551094
v 0.00452102 0.03122151 -0.01551329
v 0.00429911 0.03116968 -0.01558080
v 0.00234844 0.05037352 -0.01497240
v 0.00260609 0.05037352 -0.01492059
v 0.00286291 0.04966226 -0.01491195
v 0.00294852 0.04977169 -0.01488683
v 0.00294852 0.05007116 -0.01486799
v 0.00309812 0.04932247 -0.01488291
v 0.00324856 0.04917274 -0.01485936
v 0.00339899 0.04962195 -0.01479655
v 0.00356189 0.04977169 -0.01475024
v 0.00369903 0.05007116 -0.01470000
v 0.00391097 0.05070467 -0.01461129
v 0.00392510 0.05060388 -0.01461443
v 0.00395253 0.05037352 -0.01462149
v 0.00378381 0.04872065 -0.01476672
v 0.00219800 0.05097247 -0.01496534
v 0.00234844 0.05082273 -0.01494493
v 0.00380043 0.04857091 -0.01477143
v 0.00402733 0.05037352 -0.01460108
v 0.00401070 0.04992430 -0.01463248
v 0.00399907 0.04962195 -0.01465368
v 0.00414867 0.04767248 -0.01472355
v 0.00410462 0.04962195 -0.01462306
v 0.00429911 0.04977169 -0.01455790
v 0.00425506 0.04887038 -0.01462306
v 0.00432986 0.04887038 -0.01460108
v 0.00398494 0.04555888 -0.01489311
v 0.00413621 0.04736725 -0.01474474
v 0.00429911 0.04797196 -0.01466153
v 0.00421683 0.04395496 -0.01491195
v 0.00470054 0.03837148 -0.01507210
v 0.00432653 0.03807200 -0.01520006
v 0.00429911 0.03717070 -0.01525737
v 0.00429911 0.03086733 -0.01559415
v 0.00162535 0.05037352 -0.01507917
v 0.00162535 0.05062116 -0.01506504
v 0.00162535 0.05112220 -0.01503599
v 0.00174836 0.05112220 -0.01502264
v 0.00189797 0.05082273 -0.01502186
v 0.00174421 0.05053189 -0.01505719
v 0.00179241 0.05037352 -0.01506033
v 0.00204840 0.05112220 -0.01498182
v 0.00931832 0.03446967 -0.01265733
v 0.00948787 0.03852122 -0.01237629
v 0.00951197 0.03702096 -0.01239906
v 0.00962750 0.03446967 -0.01236609
v 0.00970729 0.03417019 -0.01229857
v 0.00876395 0.02516578 -0.01345022
v 0.00883210 0.02561787 -0.01337486
v 0.00902659 0.02831891 -0.01311501
v 0.00919448 0.03252020 -0.01283161
v 0.00989346 0.03206811 -0.01218317
v 0.00979705 0.03341862 -0.01223499
v 0.01006052 0.03116968 -0.01204815
v 0.01011620 0.03105450 -0.01199398
v 0.01011620 0.03091052 -0.01199869
v 0.00977627 0.03472595 -0.01221458
v 0.00977461 0.03482673 -0.01221300
v 0.01011620 0.03011864 -0.01202303
v 0.01011620 0.05345177 -0.01025513
v 0.01003309 0.05337403 -0.01036817
v 0.00981284 0.05337403 -0.01060368
v 0.00972058 0.05352376 -0.01065550
v 0.00946543 0.05326748 -0.01100484
v 0.00967820 0.05321565 -0.01079602
v 0.00954688 0.05321277 -0.01093575
v 0.00944548 0.05337403 -0.01098600
v 0.00949535 0.05352376 -0.01088316
v 0.00947873 0.05360727 -0.01086667
v 0.00939727 0.05353816 -0.01096872
v 0.00869331 0.05458344 -0.01114536
v 0.00894098 0.05458344 -0.01092947
v 0.00904404 0.05378868 -0.01117990
v 0.00937068 0.05337403 -0.01105508
v 0.00921276 0.05337403 -0.01119796
v 0.00905402 0.05337403 -0.01134005
v 0.00916788 0.05358424 -0.01115713
v 0.00907147 0.05367350 -0.01120424
v 0.00324024 0.05458344 -0.01408296
v 0.00294602 0.05411695 -0.01429021
v 0.00328762 0.05432428 -0.01415675
v 0.00275403 0.05362167 -0.01446919
v 0.00264848 0.05352376 -0.01451080
v 0.00249804 0.05352376 -0.01453514
v 0.00234844 0.05367350 -0.01452179
v 0.00204840 0.05382324 -0.01452415
v 0.00162535 0.05412559 -0.01450374
v 0.00305906 0.05392978 -0.01432239
v 0.00315962 0.05388659 -0.01431062
v 0.00309812 0.05367350 -0.01438206
v 0.00309812 0.05352376 -0.01441974
v 0.00295433 0.05352664 -0.01445114
v 0.00285377 0.05358135 -0.01445977
v 0.00444871 0.02696839 -0.01571818
v 0.00444871 0.02591735 -0.01576293
v 0.00459832 0.02516578 -0.01574880
v 0.00437890 0.02516578 -0.01581553
v 0.00444871 0.03101706 -0.01554391
v 0.00444871 0.03011864 -0.01558316
v 0.00444871 0.02951681 -0.01560907
v 0.00453349 0.03387072 -0.01536728
v 0.00464985 0.03341862 -0.01535707
v 0.00447365 0.03176863 -0.01549916
v 0.00467145 0.03317962 -0.01536335
v 0.00468808 0.03296941 -0.01536884
v 0.00459915 0.03131942 -0.01548267
v 0.00474875 0.03131942 -0.01543322
v 0.00474875 0.03116968 -0.01544028
v 0.00452767 0.03112361 -0.01551565
v 0.00471135 0.03266994 -0.01537670
v 0.00264183 0.05053477 -0.01490332
v 0.00279808 0.05052325 -0.01487113
v 0.00294852 0.05052325 -0.01483895
v 0.00324856 0.04962195 -0.01483031
v 0.00346049 0.04995310 -0.01476123
v 0.00354859 0.05037352 -0.01471413
v 0.00309812 0.05067299 -0.01479498
v 0.00339899 0.05082273 -0.01471648
v 0.00369903 0.05082273 -0.01464897
v 0.00381373 0.05082273 -0.01462306
v 0.00388936 0.05082273 -0.01460579
v 0.00399907 0.05082273 -0.01457753
v 0.00398494 0.05066147 -0.01459402
v 0.00400987 0.05052325 -0.01459637
v 0.00219800 0.05112220 -0.01495513
v 0.00236340 0.05098686 -0.01493080
v 0.00253711 0.05082273 -0.01490646
v 0.00414867 0.05037352 -0.01456575
v 0.00414867 0.05007116 -0.01458381
v 0.00414867 0.05067299 -0.01454691
v 0.00429911 0.05007116 -0.01453985
v 0.00444871 0.04947221 -0.01453043
v 0.00444871 0.04902300 -0.01455633
v 0.00444871 0.04872065 -0.01457361
v 0.00437806 0.04836646 -0.01461521
v 0.00420436 0.04677118 -0.01475809
v 0.00473130 0.04347119 -0.01478164
v 0.00420602 0.04407014 -0.01490881
v 0.00506707 0.03957226 -0.01489704
v 0.00478449 0.03552071 -0.01520242
v 0.00162535 0.05127194 -0.01502421
v 0.00174836 0.05127194 -0.01501008
v 0.00189797 0.05127194 -0.01499124
v 0.00189797 0.05112220 -0.01500302
v 0.00204840 0.05127194 -0.01496926
v 0.00929837 0.03567044 -0.01263928
v 0.00948039 0.03897043 -0.01236923
v 0.00969565 0.03506862 -0.01228209
v 0.00960589 0.03582018 -0.01234568
v 0.00867751 0.02516578 -0.01352480
v 0.00875730 0.02561787 -0.01344237
v 0.00882712 0.02591735 -0.01337015
v 0.00902160 0.02861838 -0.01311030
v 0.01011620 0.03134533 -0.01198377
v 0.01011620 0.03116968 -0.01199005
v 0.00977045 0.03506862 -0.01220908
v 0.01011620 0.05322429 -0.01032500
v 0.00990925 0.05322429 -0.01054638
v 0.00948039 0.05316958 -0.01101897
v 0.00934242 0.05307455 -0.01117990
v 0.00932912 0.05316094 -0.01116734
v 0.00917536 0.05314942 -0.01131336
v 0.00985523 0.05309183 -0.01064372
v 0.00956849 0.05307455 -0.01095381
v 0.00861933 0.05458344 -0.01120895
v 0.00898503 0.05367350 -0.01127881
v 0.00888613 0.05377141 -0.01132278
v 0.00873652 0.05407376 -0.01132356
v 0.00915541 0.05325020 -0.01129530
v 0.00910305 0.05320989 -0.01135732
v 0.00900082 0.05322429 -0.01144289
v 0.00896758 0.05337403 -0.01141462
v 0.00894265 0.05350937 -0.01138244
v 0.00910056 0.05352664 -0.01123878
v 0.00900997 0.05356696 -0.01130079
v 0.00339068 0.05458344 -0.01405470
v 0.00339899 0.05458344 -0.01405313
v 0.00339899 0.05442507 -0.01410180
v 0.00290779 0.05348057 -0.01447076
v 0.00294852 0.05322429 -0.01451551
v 0.00264848 0.05337403 -0.01454063
v 0.00234844 0.05325596 -0.01460579
v 0.00234844 0.05337403 -0.01458303
v 0.00234844 0.05352376 -0.01455398
v 0.00219800 0.05367350 -0.01454142
v 0.00264848 0.05322429 -0.01456968
v 0.00248807 0.05321277 -0.01459637
v 0.00174836 0.05397298 -0.01452572
v 0.00162535 0.05409680 -0.01451080
v 0.00325520 0.05383188 -0.01429963
v 0.00324856 0.05352376 -0.01438127
v 0.00354859 0.05442507 -0.01406490
v 0.00363753 0.05451433 -0.01401780
v 0.00344969 0.05417455 -0.01415754
v 0.00324856 0.05337403 -0.01441424
v 0.00310228 0.05337979 -0.01445035
v 0.00300753 0.05343450 -0.01446056
v 0.00454263 0.02741760 -0.01567030
v 0.00474792 0.02516578 -0.01570091
v 0.00459915 0.02591735 -0.01571662
v 0.00472714 0.02576761 -0.01568207
v 0.00482937 0.03502542 -0.01521576
v 0.00485015 0.03476914 -0.01522283
v 0.00486262 0.03461940 -0.01522675
v 0.00474875 0.03176863 -0.01541045
v 0.00487425 0.03146916 -0.01538219
v 0.00489254 0.03116968 -0.01539004
v 0.00483269 0.03206811 -0.01536728
v 0.00484350 0.03191837 -0.01537120
v 0.00474875 0.03101706 -0.01544735
v 0.00476371 0.02981916 -0.01549445
v 0.00465816 0.02681577 -0.01565931
v 0.00488589 0.03431993 -0.01523460
v 0.00489919 0.03402045 -0.01524559
v 0.00264848 0.05067299 -0.01489311
v 0.00264848 0.05082273 -0.01488291
v 0.00294852 0.05067299 -0.01482796
v 0.00279808 0.05082273 -0.01484994
v 0.00264848 0.05097247 -0.01487113
v 0.00294852 0.05097247 -0.01480440
v 0.00264848 0.05112220 -0.01485857
v 0.00315131 0.05097247 -0.01475887
v 0.00339899 0.05097247 -0.01470314
v 0.00384365 0.05098111 -0.01460108
v 0.00399907 0.05112220 -0.01454770
v 0.00414867 0.05082273 -0.01453435
v 0.00219800 0.05127194 -0.01494257
v 0.00233431 0.05112220 -0.01492687
v 0.00240911 0.05112220 -0.01491117
v 0.00429911 0.05037352 -0.01452101
v 0.00438305 0.05077666 -0.01446684
v 0.00429911 0.05067299 -0.01450060
v 0.00444871 0.04977169 -0.01451237
v 0.00459915 0.04902300 -0.01450766
v 0.00465982 0.04692092 -0.01460972
v 0.00452518 0.05015467 -0.01446449
v 0.00457255 0.04962195 -0.01448097
v 0.00448944 0.04797196 -0.01460344
v 0.00459915 0.04632197 -0.01466231
v 0.00461161 0.04677118 -0.01463327
v 0.00494988 0.04271963 -0.01475652
v 0.00489919 0.04227041 -0.01479734
v 0.00519922 0.03926990 -0.01487270
v 0.00518593 0.03896467 -0.01489390
v 0.00512692 0.03891284 -0.01491509
v 0.00162535 0.05139576 -0.01501087
v 0.00174836 0.05142168 -0.01499438
v 0.00189797 0.05142168 -0.01497476
v 0.00204840 0.05142168 -0.01495278
v 0.00212653 0.05165204 -0.01491431
v 0.00214980 0.05157142 -0.01491902
v 0.00220299 0.05141880 -0.01492608
v 0.00917702 0.03356836 -0.01281513
v 0.00934491 0.03776965 -0.01253094
v 0.00933078 0.03852122 -0.01251838
v 0.00931915 0.03912017 -0.01250818
v 0.00947374 0.03931886 -0.01236295
v 0.00955519 0.03897043 -0.01229072
v 0.00973638 0.03702096 -0.01217297
v 0.00975466 0.03596992 -0.01219259
v 0.00860271 0.02516578 -0.01358603
v 0.00860022 0.02531552 -0.01358368
v 0.00873819 0.02666604 -0.01342510
v 0.00874400 0.02636656 -0.01342981
v 0.00887117 0.02816629 -0.01326024
v 0.00994084 0.03371810 -0.01208033
v 0.00982863 0.03582018 -0.01212037
v 0.00992588 0.03456181 -0.01206463
v 0.00981533 0.03657175 -0.01210624
v 0.00990094 0.03596992 -0.01203794
v 0.01011620 0.03266994 -0.01193353
v 0.01011620 0.05304575 -0.01037759
v 0.00949369 0.05307455 -0.01103231
v 0.00941722 0.05307455 -0.01110768
v 0.00918783 0.05307455 -0.01132592
v 0.00913131 0.05292193 -0.01142169
v 0.00903906 0.05303712 -0.01147664
v 0.01008213 0.05302272 -0.01042077
v 0.00978874 0.05304575 -0.01072772
v 0.00973222 0.05292193 -0.01081800
v 0.00958594 0.05292193 -0.01097186
v 0.00853788 0.05457481 -0.01128195
v 0.00846059 0.05458344 -0.01134397
v 0.00882047 0.05367350 -0.01141855
v 0.00879387 0.05381172 -0.01138401
v 0.00855284 0.05415439 -0.01144524
v 0.00836418 0.05458344 -0.01142562
v 0.00901911 0.05313502 -0.01145937
v 0.00892602 0.05322429 -0.01150412
v 0.00889278 0.05337403 -0.01147743
v 0.00887449 0.05344890 -0.01146330
v 0.00885039 0.05354968 -0.01144367
v 0.00355109 0.05458344 -0.01402016
v 0.00295433 0.05337979 -0.01448254
v 0.00279808 0.05322429 -0.01454299
v 0.00305490 0.05333371 -0.01447076
v 0.00310228 0.05322141 -0.01448176
v 0.00294852 0.05307455 -0.01454220
v 0.00220133 0.05337115 -0.01460187
v 0.00234844 0.05307455 -0.01464033
v 0.00219800 0.05352376 -0.01457282
v 0.00204840 0.05367350 -0.01455947
v 0.00189797 0.05382324 -0.01454299
v 0.00279808 0.05307455 -0.01456968
v 0.00264266 0.05306879 -0.01459794
v 0.00253129 0.05311487 -0.01460815
v 0.00234844 0.05292193 -0.01466859
v 0.00162535 0.05394706 -0.01454691
v 0.00339899 0.05382324 -0.01426273
v 0.00335577 0.05363607 -0.01432318
v 0.00340315 0.05352376 -0.01433652
v 0.00359846 0.05458344 -0.01400838
v 0.00365747 0.05458344 -0.01399346
v 0.00369238 0.05458344 -0.01398404
v 0.00369238 0.05456905 -0.01398797
v 0.00373809 0.05445962 -0.01400367
v 0.00339899 0.05337403 -0.01437028
v 0.00339899 0.05322429 -0.01439854
v 0.00324274 0.05322141 -0.01444407
v 0.00315464 0.05327324 -0.01445899
v 0.00482605 0.02540767 -0.01566480
v 0.00483934 0.02516578 -0.01567030
v 0.00473711 0.02561787 -0.01568521
v 0.00478283 0.02606709 -0.01565067
v 0.00498645 0.03687122 -0.01506818
v 0.00499975 0.03672149 -0.01507210
v 0.00506209 0.03687122 -0.01504462
v 0.00511944 0.03616573 -0.01506268
v 0.00507455 0.03672149 -0.01504855
v 0.00496900 0.03421338 -0.01521262
v 0.00499310 0.03387072 -0.01522126
v 0.00492911 0.03176863 -0.01534765
v 0.00494905 0.03146916 -0.01535471
v 0.00496817 0.03116968 -0.01536178
v 0.00489919 0.03071759 -0.01540810
v 0.00512692 0.03606495 -0.01506504
v 0.00489919 0.03011864 -0.01543479
v 0.00483186 0.02876812 -0.01551722
v 0.00249804 0.05127194 -0.01487820
v 0.00264848 0.05127194 -0.01484444
v 0.00294852 0.05112220 -0.01479106
v 0.00304576 0.05112220 -0.01476908
v 0.00376801 0.05103582 -0.01461286
v 0.00364667 0.05124603 -0.01461914
v 0.00384863 0.05112220 -0.01458538
v 0.00384863 0.05127194 -0.01456889
v 0.00399907 0.05127194 -0.01453043
v 0.00414867 0.05112220 -0.01450374
v 0.00414867 0.05097247 -0.01451944
v 0.00430991 0.05082561 -0.01448490
v 0.00228195 0.05136409 -0.01491588
v 0.00230356 0.05127194 -0.01492059
v 0.00442793 0.05037352 -0.01448097
v 0.00451603 0.05025545 -0.01446134
v 0.00439552 0.05067299 -0.01447076
v 0.00443957 0.05082561 -0.01444172
v 0.00447032 0.05067299 -0.01444486
v 0.00435147 0.05097247 -0.01445663
v 0.00444871 0.05097247 -0.01442288
v 0.00458502 0.04947221 -0.01448568
v 0.00483020 0.04838086 -0.01446606
v 0.00497316 0.04759185 -0.01446370
v 0.00489919 0.04737013 -0.01450217
v 0.00474875 0.04767248 -0.01453592
v 0.00485264 0.04557040 -0.01462385
v 0.00514354 0.04136911 -0.01477065
v 0.00462076 0.04992142 -0.01444486
v 0.00466065 0.04947221 -0.01445899
v 0.00468642 0.04917274 -0.01446841
v 0.00519922 0.03942252 -0.01486407
v 0.00532057 0.04016833 -0.01478007
v 0.00522333 0.03867095 -0.01489782
v 0.00514852 0.03867095 -0.01492138
v 0.00162535 0.05154550 -0.01499438
v 0.00174836 0.05157142 -0.01497711
v 0.00189797 0.05157142 -0.01495670
v 0.00204840 0.05157142 -0.01493551
v 0.00203760 0.05170964 -0.01491981
v 0.00208081 0.05175283 -0.01490803
v 0.00219800 0.05187377 -0.01486878
v 0.00218471 0.05170964 -0.01489468
v 0.00234844 0.05172403 -0.01486014
v 0.00234844 0.05157142 -0.01487898
v 0.00222460 0.05157142 -0.01490410
v 0.00225618 0.05146487 -0.01491039
v 0.00233847 0.05141880 -0.01489861
v 0.00916622 0.03417019 -0.01280571
v 0.00903324 0.03266994 -0.01297056
v 0.00913381 0.03582018 -0.01277823
v 0.00925016 0.03852122 -0.01258747
v 0.00917702 0.03807200 -0.01266519
v 0.00916456 0.03867095 -0.01265498
v 0.00915541 0.03912017 -0.01264713
v 0.00931582 0.03926990 -0.01250504
v 0.00939561 0.03942252 -0.01242653
v 0.00947041 0.03942252 -0.01235981
v 0.00953607 0.03972200 -0.01227502
v 0.00961088 0.03972200 -0.01219966
v 0.00961503 0.03957226 -0.01220358
v 0.00961836 0.03942252 -0.01220672
v 0.00962334 0.03915184 -0.01221222
v 0.00962916 0.03882069 -0.01221850
v 0.00972308 0.03776965 -0.01215884
v 0.00850796 0.02516578 -0.01366139
v 0.00871990 0.02756734 -0.01340940
v 0.00872489 0.02733986 -0.01341332
v 0.00842984 0.02531552 -0.01371792
v 0.00842485 0.02554876 -0.01371399
v 0.00859024 0.02576761 -0.01357583
v 0.00869912 0.03281967 -0.01324297
v 0.00889693 0.03131942 -0.01313228
v 0.00976713 0.03926990 -0.01205521
v 0.01007465 0.03437176 -0.01191312
v 0.01011620 0.03279376 -0.01192882
v 0.01011620 0.05298528 -0.01039329
v 0.00951114 0.05292193 -0.01105037
v 0.00943634 0.05292193 -0.01112495
v 0.00936070 0.05292193 -0.01119874
v 0.00928424 0.05292193 -0.01127332
v 0.00905568 0.05292193 -0.01149156
v 0.00914794 0.05277220 -0.01143661
v 0.00887615 0.05300256 -0.01161481
v 0.00894763 0.05306879 -0.01153787
v 0.00896259 0.05292193 -0.01156614
v 0.00994832 0.05292193 -0.01058798
v 0.00989097 0.05277220 -0.01067669
v 0.00966989 0.05277220 -0.01091063
v 0.00959841 0.05277220 -0.01098600
v 0.00842817 0.05435596 -0.01146644
v 0.00829686 0.05458344 -0.01148135
v 0.00885538 0.05310047 -0.01159911
v 0.00882961 0.05322429 -0.01157870
v 0.00873403 0.05331931 -0.01162030
v 0.00879055 0.05337115 -0.01155829
v 0.00868666 0.05352376 -0.01158419
v 0.00880052 0.05350937 -0.01149941
v 0.00872572 0.05375125 -0.01146487
v 0.00318871 0.05317246 -0.01446762
v 0.00309812 0.05307455 -0.01450845
v 0.00294852 0.05292193 -0.01456418
v 0.00287205 0.05269445 -0.01461364
v 0.00284296 0.05277220 -0.01460815
v 0.00243321 0.05225963 -0.01476594
v 0.00273408 0.05285858 -0.01461600
v 0.00204840 0.05342586 -0.01460972
v 0.00204840 0.05352376 -0.01459088
v 0.00204840 0.05247272 -0.01479106
v 0.00204840 0.05322429 -0.01464818
v 0.00189797 0.05367350 -0.01457596
v 0.00174836 0.05382324 -0.01456026
v 0.00264266 0.05291617 -0.01462306
v 0.00228777 0.05241225 -0.01476672
v 0.00219800 0.05232298 -0.01479655
v 0.00204840 0.05217325 -0.01484523
v 0.00204840 0.05232298 -0.01481853
v 0.00218803 0.05261094 -0.01474710
v 0.00162535 0.05382324 -0.01457282
v 0.00345551 0.05357560 -0.01430826
v 0.00359763 0.05401905 -0.01415597
v 0.00349208 0.05347481 -0.01431925
v 0.00384863 0.05458344 -0.01393616
v 0.00384863 0.05457481 -0.01393851
v 0.00383866 0.05441355 -0.01398404
v 0.00378214 0.05435884 -0.01401623
v 0.00354444 0.05335963 -0.01432710
v 0.00362423 0.05329916 -0.01431376
v 0.00354859 0.05322429 -0.01435222
v 0.00354859 0.05307455 -0.01437892
v 0.00339899 0.05307455 -0.01442445
v 0.00329261 0.05307455 -0.01445506
v 0.00321780 0.05307455 -0.01447626
v 0.00490667 0.02531552 -0.01563968
v 0.00491664 0.02861838 -0.01549367
v 0.00491498 0.02516578 -0.01564282
v 0.00524743 0.03837148 -0.01490489
v 0.00525823 0.03822174 -0.01490881
v 0.00513273 0.03596992 -0.01506739
v 0.00514936 0.03252020 -0.01522440
v 0.00528317 0.02831891 -0.01536806
v 0.00502053 0.03026838 -0.01538297
v 0.00521668 0.03582018 -0.01504070
v 0.00513190 0.03281967 -0.01521733
v 0.00526904 0.03807200 -0.01491195
v 0.00504879 0.02876812 -0.01543871
v 0.00504879 0.02831891 -0.01545834
v 0.00489919 0.02966655 -0.01545441
v 0.00249804 0.05142168 -0.01486328
v 0.00300503 0.05130650 -0.01475966
v 0.00339899 0.05127194 -0.01467330
v 0.00356272 0.05128634 -0.01463405
v 0.00362257 0.05134681 -0.01461364
v 0.00369903 0.05142168 -0.01458617
v 0.00384863 0.05142168 -0.01455005
v 0.00423345 0.05122011 -0.01446684
v 0.00399907 0.05142168 -0.01450923
v 0.00411127 0.05142168 -0.01447548
v 0.00425090 0.05112220 -0.01447233
v 0.00427667 0.05097247 -0.01448018
v 0.00459915 0.05037352 -0.01442131
v 0.00458502 0.05021226 -0.01443858
v 0.00448611 0.05052325 -0.01445114
v 0.00459915 0.05082273 -0.01438284
v 0.00459915 0.05097247 -0.01436793
v 0.00459915 0.05067299 -0.01439619
v 0.00432570 0.05112220 -0.01444878
v 0.00444871 0.05112220 -0.01440639
v 0.00467644 0.05120571 -0.01431454
v 0.00477452 0.04902300 -0.01444643
v 0.00520670 0.04662144 -0.01444015
v 0.00538457 0.04542066 -0.01445035
v 0.00533553 0.04512119 -0.01448490
v 0.00495321 0.04782222 -0.01445663
v 0.00534966 0.04091990 -0.01472669
v 0.00523164 0.04121937 -0.01474945
v 0.00529564 0.04046780 -0.01477143
v 0.00516930 0.04106963 -0.01477928
v 0.00474875 0.04977169 -0.01440718
v 0.00474875 0.04947221 -0.01442680
v 0.00537044 0.04046780 -0.01474553
v 0.00538374 0.04031807 -0.01474945
v 0.00534966 0.03957226 -0.01480284
v 0.00534966 0.03912017 -0.01482717
v 0.00162535 0.05157142 -0.01499124
v 0.00174836 0.05172403 -0.01495827
v 0.00189797 0.05172403 -0.01493786
v 0.00198108 0.05180466 -0.01491509
v 0.00203760 0.05186225 -0.01489782
v 0.00204840 0.05202351 -0.01487113
v 0.00234844 0.05187377 -0.01483895
v 0.00219800 0.05202351 -0.01484523
v 0.00256786 0.05208974 -0.01476280
v 0.00249804 0.05187377 -0.01480754
v 0.00249804 0.05172403 -0.01482717
v 0.00249804 0.05157142 -0.01484601
v 0.00903739 0.03687122 -0.01282376
v 0.00900332 0.03852122 -0.01279550
v 0.00908976 0.03867095 -0.01271778
v 0.00905568 0.03596992 -0.01283946
v 0.00908394 0.03897043 -0.01271229
v 0.00899334 0.03897043 -0.01278765
v 0.00915209 0.03926990 -0.01264399
v 0.00923603 0.03942252 -0.01256470
v 0.00931084 0.03942252 -0.01250111
v 0.00930003 0.03972200 -0.01249248
v 0.00937982 0.03987173 -0.01241319
v 0.00946044 0.03972200 -0.01235039
v 0.00953109 0.03987173 -0.01226953
v 0.00975466 0.03987173 -0.01204187
v 0.00960589 0.03987173 -0.01219416
v 0.00967487 0.04001859 -0.01211409
v 0.00988847 0.04031807 -0.01187622
v 0.00975799 0.03972200 -0.01204579
v 0.00976131 0.03957226 -0.01204893
v 0.00971809 0.03882069 -0.01212430
v 0.00843316 0.02516578 -0.01372027
v 0.00873071 0.03567044 -0.01311815
v 0.00873819 0.03101706 -0.01327437
v 0.00887449 0.03678484 -0.01296271
v 0.00887865 0.03657175 -0.01296664
v 0.00896010 0.03626939 -0.01290933
v 0.00897257 0.03567044 -0.01291954
v 0.00834922 0.02516578 -0.01378307
v 0.00853040 0.02846865 -0.01352872
v 0.00825364 0.02531552 -0.01384902
v 0.00834506 0.02576761 -0.01376580
v 0.00841321 0.02606709 -0.01370457
v 0.00859108 0.03431993 -0.01327594
v 0.00863596 0.03072623 -0.01336622
v 0.00866920 0.03417019 -0.01321942
v 0.00871076 0.03657175 -0.01310245
v 0.00990343 0.03972200 -0.01189114
v 0.00990676 0.03957226 -0.01189350
v 0.00990925 0.03942252 -0.01189664
v 0.00992006 0.03882069 -0.01190841
v 0.01006218 0.03506862 -0.01189978
v 0.01011620 0.03611966 -0.01180086
v 0.01011620 0.03293774 -0.01192333
v 0.01011620 0.05292193 -0.01040821
v 0.01002312 0.05292193 -0.01050791
v 0.00952361 0.05277220 -0.01106371
v 0.00945047 0.05277220 -0.01113908
v 0.00937567 0.05277220 -0.01121366
v 0.00922440 0.05277220 -0.01136203
v 0.00907230 0.05277220 -0.01150647
v 0.00898254 0.05277220 -0.01158105
v 0.00916040 0.05262246 -0.01144995
v 0.00888779 0.05292193 -0.01162266
v 0.00872073 0.05283555 -0.01176082
v 0.00870827 0.05292193 -0.01175219
v 0.00817551 0.05307455 -0.01210075
v 0.00779319 0.05322429 -0.01234175
v 0.00796523 0.05327036 -0.01220751
v 0.00787131 0.05337403 -0.01224833
v 0.00794612 0.05337403 -0.01219338
v 0.00811401 0.05342298 -0.01205600
v 0.00828106 0.05346329 -0.01191862
v 0.00875481 0.05322429 -0.01163600
v 0.01011620 0.05277220 -0.01043647
v 0.01011620 0.05275780 -0.01043883
v 0.01011620 0.05262246 -0.01045845
v 0.00990094 0.05262246 -0.01068768
v 0.00975549 0.05262246 -0.01084233
v 0.00960921 0.05262246 -0.01099699
v 0.00946210 0.05262246 -0.01115007
v 0.00818715 0.05458344 -0.01156849
v 0.00859689 0.05397298 -0.01148135
v 0.00853955 0.05382324 -0.01158576
v 0.00865674 0.05337115 -0.01166191
v 0.00861185 0.05352376 -0.01164228
v 0.00842319 0.05359575 -0.01176239
v 0.00856365 0.05372533 -0.01160460
v 0.00309812 0.05292193 -0.01453043
v 0.00339899 0.05247272 -0.01451787
v 0.00324856 0.05262246 -0.01453514
v 0.00264848 0.05247272 -0.01469136
v 0.00300171 0.05251016 -0.01460893
v 0.00259778 0.05198895 -0.01476986
v 0.00264848 0.05217325 -0.01473375
v 0.00246397 0.05217325 -0.01477222
v 0.00197277 0.05344890 -0.01461364
v 0.00185308 0.05271749 -0.01476751
v 0.00191293 0.05352376 -0.01460501
v 0.00189797 0.05217325 -0.01486564
v 0.00189797 0.05232298 -0.01483738
v 0.00188384 0.05200911 -0.01489625
v 0.00162535 0.05355256 -0.01462699
v 0.00363836 0.05391826 -0.01416853
v 0.00354859 0.05367350 -0.01425567
v 0.00354444 0.05352376 -0.01429099
v 0.00394338 0.05347769 -0.01417010
v 0.00413621 0.05336251 -0.01413241
v 0.00368407 0.05335963 -0.01428157
v 0.00398161 0.05458344 -0.01388591
v 0.00399907 0.05442507 -0.01392517
v 0.00399907 0.05427245 -0.01396599
v 0.00389019 0.05427245 -0.01400288
v 0.00386193 0.05413711 -0.01404528
v 0.00410296 0.05322429 -0.01417324
v 0.00474543 0.05291042 -0.01402801
v 0.00415532 0.05307455 -0.01418658
v 0.00399907 0.05307455 -0.01423683
v 0.00444788 0.05278371 -0.01414733
v 0.00378214 0.05301408 -0.01431611
v 0.00385528 0.05277220 -0.01433495
v 0.00369903 0.05277220 -0.01438363
v 0.00354859 0.05292193 -0.01440482
v 0.00354859 0.05277220 -0.01442916
v 0.00347296 0.05269733 -0.01446370
v 0.00334497 0.05288738 -0.01446998
v 0.00520920 0.02621682 -0.01549052
v 0.00504879 0.02516578 -0.01559415
v 0.00499726 0.02726787 -0.01552271
v 0.00534966 0.03882069 -0.01484287
v 0.00534966 0.03852122 -0.01485779
v 0.00533802 0.03793666 -0.01489076
v 0.00557822 0.03217753 -0.01506582
v 0.00551256 0.02906760 -0.01523931
v 0.00534966 0.03281967 -0.01512862
v 0.00531808 0.02771708 -0.01538219
v 0.00534966 0.02696839 -0.01540417
v 0.00534966 0.02651630 -0.01542458
v 0.00519922 0.02741760 -0.01544185
v 0.00534966 0.03582018 -0.01498653
v 0.00538872 0.03732044 -0.01489939
v 0.00534966 0.02561787 -0.01546462
v 0.00288120 0.05151095 -0.01476594
v 0.00274821 0.05172403 -0.01476986
v 0.00349540 0.05153686 -0.01461914
v 0.00354859 0.05187377 -0.01456340
v 0.00354859 0.05202351 -0.01454299
v 0.00354859 0.05217325 -0.01452179
v 0.00369903 0.05187377 -0.01452493
v 0.00421101 0.05131801 -0.01445977
v 0.00428997 0.05126906 -0.01444172
v 0.00384863 0.05172403 -0.01450609
v 0.00400572 0.05157142 -0.01448411
v 0.00406057 0.05162325 -0.01445977
v 0.00408634 0.05152246 -0.01446762
v 0.00414119 0.05157142 -0.01444329
v 0.00429911 0.05157142 -0.01439383
v 0.00429911 0.05142168 -0.01441660
v 0.00492412 0.05037352 -0.01429413
v 0.00474875 0.05022090 -0.01437499
v 0.00474875 0.04992142 -0.01439697
v 0.00480028 0.05082273 -0.01430434
v 0.00468808 0.05112220 -0.01431925
v 0.00489919 0.05112220 -0.01423839
v 0.00481358 0.05069891 -0.01430983
v 0.00444871 0.05127194 -0.01438834
v 0.00456590 0.05142168 -0.01432867
v 0.00466065 0.05130362 -0.01430905
v 0.00490999 0.05157142 -0.01418737
v 0.00525823 0.05202351 -0.01400838
v 0.00489919 0.04902300 -0.01440011
v 0.00489919 0.04872065 -0.01441974
v 0.00504879 0.04782222 -0.01442209
v 0.00534966 0.04617223 -0.01441660
v 0.00534966 0.04601961 -0.01442602
v 0.00564970 0.04421988 -0.01442916
v 0.00567629 0.04377067 -0.01444721
v 0.00553666 0.04451936 -0.01445114
v 0.00544856 0.04212068 -0.01462228
v 0.00571453 0.04331858 -0.01446056
v 0.00489919 0.04932247 -0.01438049
v 0.00572949 0.04313140 -0.01446606
v 0.00556991 0.04155916 -0.01461207
v 0.00540701 0.04001859 -0.01475730
v 0.00542280 0.03978823 -0.01476358
v 0.00162535 0.05169524 -0.01497554
v 0.00162535 0.05172403 -0.01497162
v 0.00174836 0.05187377 -0.01493551
v 0.00182483 0.05194864 -0.01491431
v 0.00188384 0.05186225 -0.01491981
v 0.00192539 0.05190545 -0.01490724
v 0.00264848 0.05185937 -0.01477536
v 0.00892519 0.03867095 -0.01285516
v 0.00891854 0.03897043 -0.01284888
v 0.00898919 0.03912017 -0.01278451
v 0.00907646 0.03926990 -0.01270601
v 0.00914710 0.03942252 -0.01264006
v 0.00922523 0.03972200 -0.01255607
v 0.00929505 0.03987173 -0.01248698
v 0.00945545 0.03987173 -0.01234489
v 0.00936819 0.04016833 -0.01240298
v 0.00962667 0.04131728 -0.01206542
v 0.00981617 0.04227041 -0.01180479
v 0.00966407 0.04031807 -0.01210310
v 0.00982531 0.03987173 -0.01196729
v 0.00996078 0.04031807 -0.01180086
v 0.01003974 0.04016833 -0.01172550
v 0.00980785 0.04046780 -0.01194688
v 0.00987185 0.04077016 -0.01185974
v 0.01000483 0.04121937 -0.01169174
v 0.01001564 0.04091990 -0.01170273
v 0.01002062 0.04077016 -0.01170823
v 0.01009376 0.04077016 -0.01163286
v 0.01003143 0.04046780 -0.01171765
v 0.00990094 0.03987173 -0.01188722
v 0.00875980 0.03431993 -0.01314170
v 0.00877143 0.03807200 -0.01300118
v 0.00878141 0.03761991 -0.01300903
v 0.00885953 0.03747017 -0.01295094
v 0.00825696 0.02516578 -0.01385137
v 0.00860105 0.03387072 -0.01328379
v 0.00818216 0.02516578 -0.01390554
v 0.00824699 0.02561787 -0.01384352
v 0.00840241 0.02651630 -0.01369672
v 0.00857695 0.03491888 -0.01326495
v 0.00867253 0.03822174 -0.01307340
v 0.00870079 0.03702096 -0.01309460
v 0.00844480 0.02891786 -0.01357897
v 0.00997076 0.03987173 -0.01181264
v 0.00997907 0.03942252 -0.01182127
v 0.01011620 0.03987173 -0.01165563
v 0.00999237 0.03867095 -0.01183619
v 0.01011620 0.03640473 -0.01178987
v 0.01007631 0.03817279 -0.01176475
v 0.00931250 0.05262246 -0.01130079
v 0.00908560 0.05262246 -0.01151903
v 0.00901412 0.05247272 -0.01160539
v 0.00899916 0.05262246 -0.01159361
v 0.00892436 0.05262246 -0.01165014
v 0.00890691 0.05277220 -0.01163757
v 0.00917702 0.05240937 -0.01146565
v 0.00911137 0.05246696 -0.01151825
v 0.00879055 0.05278084 -0.01172079
v 0.00866255 0.05278084 -0.01181342
v 0.00831597 0.05262246 -0.01209368
v 0.00805583 0.05276068 -0.01225147
v 0.00781147 0.05310335 -0.01235431
v 0.00771839 0.05322429 -0.01239513
v 0.00769345 0.05337403 -0.01237786
v 0.00767766 0.05345753 -0.01236609
v 0.00784139 0.05352376 -0.01222635
v 0.00782560 0.05360151 -0.01221458
v 0.00799183 0.05363607 -0.01207719
v 0.00844646 0.05349497 -0.01178045
v 0.01011620 0.05232298 -0.01049849
v 0.00968983 0.05247272 -0.01093183
v 0.00961919 0.05247272 -0.01100641
v 0.00946958 0.05250728 -0.01115792
v 0.00940808 0.05232298 -0.01124506
v 0.00932663 0.05241225 -0.01131571
v 0.00931998 0.05251304 -0.01130864
v 0.00812730 0.05458344 -0.01161559
v 0.00841404 0.05402769 -0.01160539
v 0.00765356 0.05400753 -0.01219809
v 0.00775579 0.05442219 -0.01196336
v 0.00827358 0.05389811 -0.01176318
v 0.00835836 0.05397586 -0.01166819
v 0.00309812 0.05262246 -0.01457125
v 0.00354859 0.05232298 -0.01449981
v 0.00339899 0.05232298 -0.01453906
v 0.00324856 0.05247272 -0.01455555
v 0.00308732 0.05246408 -0.01459480
v 0.00339899 0.05202351 -0.01457910
v 0.00318539 0.05211853 -0.01461678
v 0.00264848 0.05203215 -0.01475259
v 0.00174836 0.05282115 -0.01475887
v 0.00162535 0.05259654 -0.01481539
v 0.00174836 0.05322429 -0.01468037
v 0.00174836 0.05232298 -0.01485465
v 0.00162535 0.05232298 -0.01486799
v 0.00174836 0.05204942 -0.01490489
v 0.00164031 0.05208110 -0.01491117
v 0.00162535 0.05322429 -0.01469215
v 0.00384863 0.05397298 -0.01408845
v 0.00405725 0.05402481 -0.01400838
v 0.00377466 0.05375125 -0.01416382
v 0.00399907 0.05367350 -0.01410729
v 0.00430576 0.05352664 -0.01403900
v 0.00444622 0.05336251 -0.01402958
v 0.00455593 0.05322429 -0.01402408
v 0.00466148 0.05312926 -0.01400995
v 0.00401569 0.05458344 -0.01387178
v 0.00399658 0.05456617 -0.01388513
v 0.00416031 0.05428397 -0.01390161
v 0.00429911 0.05397298 -0.01393459
v 0.00414867 0.05412271 -0.01395107
v 0.00400406 0.05413711 -0.01399896
v 0.00392011 0.05419470 -0.01401230
v 0.00395751 0.05409392 -0.01402486
v 0.00479363 0.05295073 -0.01400367
v 0.00492412 0.05277220 -0.01399739
v 0.00484849 0.05277220 -0.01402172
v 0.00495570 0.05266565 -0.01400760
v 0.00490334 0.05261670 -0.01403272
v 0.00452434 0.05254759 -0.01416382
v 0.00439635 0.05274052 -0.01417088
v 0.00400821 0.05247848 -0.01433731
v 0.00369903 0.05262246 -0.01440875
v 0.00368573 0.05246120 -0.01443858
v 0.00375388 0.05221068 -0.01445820
v 0.00369903 0.05202351 -0.01450295
v 0.00522914 0.02516578 -0.01552821
v 0.00543610 0.03957226 -0.01476908
v 0.00548098 0.03882069 -0.01478792
v 0.00551256 0.03851834 -0.01478949
v 0.00564970 0.03657175 -0.01482639
v 0.00564970 0.03552071 -0.01487741
v 0.00557323 0.03543432 -0.01491352
v 0.00572450 0.03094507 -0.01506425
v 0.00564970 0.03356836 -0.01497083
v 0.00544524 0.02681577 -0.01537277
v 0.00542363 0.02718724 -0.01536413
v 0.00547848 0.02621682 -0.01538690
v 0.00548430 0.03567044 -0.01493865
v 0.00549926 0.02561787 -0.01540496
v 0.00534966 0.02531552 -0.01547718
v 0.00324856 0.05172403 -0.01465289
v 0.00339899 0.05217325 -0.01455947
v 0.00446201 0.05158294 -0.01434045
v 0.00444871 0.05142168 -0.01436793
v 0.00403398 0.05172403 -0.01445192
v 0.00390764 0.05191696 -0.01445899
v 0.00429911 0.05172403 -0.01437028
v 0.00528234 0.05018634 -0.01416696
v 0.00495487 0.05007116 -0.01430591
v 0.00487924 0.05007116 -0.01433574
v 0.00488422 0.05065859 -0.01428550
v 0.00523164 0.05067299 -0.01414733
v 0.00534966 0.05052325 -0.01411279
v 0.00489919 0.04977169 -0.01434987
v 0.00503134 0.05112220 -0.01418658
v 0.00542280 0.05134105 -0.01401309
v 0.00518759 0.05097247 -0.01413870
v 0.00498147 0.05152246 -0.01416617
v 0.00530145 0.05172403 -0.01402408
v 0.00489919 0.05127194 -0.01422348
v 0.00501388 0.05127194 -0.01417952
v 0.00532057 0.05157142 -0.01403193
v 0.00539537 0.05157142 -0.01400288
v 0.00464070 0.05142168 -0.01430198
v 0.00454263 0.05153974 -0.01432004
v 0.00487508 0.05172403 -0.01418187
v 0.00494988 0.05172403 -0.01415518
v 0.00522914 0.05217325 -0.01399896
v 0.00534966 0.05217325 -0.01395264
v 0.00534966 0.05202351 -0.01397305
v 0.00534135 0.05188241 -0.01399189
v 0.00528566 0.05183922 -0.01401780
v 0.00519922 0.04767248 -0.01437578
v 0.00519922 0.04737013 -0.01439540
v 0.00564970 0.04497145 -0.01438206
v 0.00564970 0.04482171 -0.01439148
v 0.00579930 0.04421988 -0.01437028
v 0.00506126 0.04902012 -0.01433809
v 0.00517595 0.04842117 -0.01433417
v 0.00579930 0.04377067 -0.01439776
v 0.00579930 0.04347119 -0.01441581
v 0.00578767 0.04317748 -0.01443779
v 0.00581094 0.04301910 -0.01443622
v 0.00584751 0.04242015 -0.01445192
v 0.00614921 0.03987173 -0.01445349
v 0.00577187 0.04242015 -0.01448411
v 0.00564970 0.03972200 -0.01467173
v 0.00162535 0.05184498 -0.01495278
v 0.00162535 0.05187377 -0.01494807
v 0.00174836 0.05197456 -0.01491823
v 0.00876146 0.03852122 -0.01299333
v 0.00882961 0.03882069 -0.01292739
v 0.00891439 0.03912017 -0.01284574
v 0.00891023 0.03926990 -0.01284182
v 0.00898005 0.03942252 -0.01277666
v 0.00906648 0.03957226 -0.01269659
v 0.00912965 0.03987173 -0.01262593
v 0.00912383 0.04001859 -0.01262122
v 0.00920196 0.04031807 -0.01253644
v 0.00943634 0.04031807 -0.01232762
v 0.00949701 0.04077016 -0.01223499
v 0.00918367 0.04077016 -0.01252074
v 0.00917453 0.04098901 -0.01251289
v 0.00917121 0.04106963 -0.01250975
v 0.00934159 0.04077016 -0.01237943
v 0.00945878 0.04166858 -0.01219887
v 0.00972890 0.04256989 -0.01186837
v 0.00991507 0.04362093 -0.01160382
v 0.00992089 0.04347119 -0.01160931
v 0.00994333 0.04286936 -0.01163208
v 0.01010623 0.04031807 -0.01164699
v 0.01010956 0.04016833 -0.01165092
v 0.01007548 0.04129712 -0.01161402
v 0.01008878 0.04091990 -0.01162737
v 0.01011620 0.04077016 -0.01160931
v 0.01009792 0.04061754 -0.01163836
v 0.01011620 0.04058587 -0.01162109
v 0.00807577 0.02516578 -0.01398012
v 0.00806912 0.02546526 -0.01397541
v 0.00817551 0.02546526 -0.01390005
v 0.00833093 0.02636656 -0.01375481
v 0.00817135 0.02561787 -0.01389769
v 0.00823951 0.02591735 -0.01383803
v 0.00845893 0.03252020 -0.01343844
v 0.00843067 0.02951681 -0.01356797
v 0.00856947 0.03522123 -0.01325946
v 0.00861185 0.03761991 -0.01314092
v 0.00866837 0.03837148 -0.01307105
v 0.00875481 0.03882069 -0.01298783
v 0.01011620 0.04000995 -0.01165014
v 0.01006467 0.03882069 -0.01175219
v 0.00902243 0.05238633 -0.01161167
v 0.00887782 0.05211566 -0.01176632
v 0.00886784 0.05221644 -0.01175847
v 0.00885704 0.05232298 -0.01174983
v 0.00884042 0.05247272 -0.01173806
v 0.00876561 0.05247272 -0.01179380
v 0.00882296 0.05262246 -0.01172550
v 0.00866338 0.05247272 -0.01186916
v 0.00858858 0.05247272 -0.01192411
v 0.00857778 0.05256199 -0.01191626
v 0.00919282 0.05217325 -0.01148135
v 0.00905984 0.05187377 -0.01164621
v 0.00904986 0.05202351 -0.01163600
v 0.00903075 0.05228555 -0.01161873
v 0.00856531 0.05265989 -0.01190684
v 0.00823203 0.05247272 -0.01218317
v 0.00804003 0.05247560 -0.01232055
v 0.00788046 0.05262246 -0.01240455
v 0.00768514 0.05273476 -0.01252074
v 0.00793448 0.05277220 -0.01233547
v 0.00763527 0.05307455 -0.01248541
v 0.00761283 0.05322429 -0.01246971
v 0.00752556 0.05330204 -0.01251367
v 0.00750894 0.05340282 -0.01250190
v 0.00748567 0.05352376 -0.01248541
v 0.00738843 0.05363031 -0.01252388
v 0.00755715 0.05367350 -0.01238807
v 0.00745658 0.05382324 -0.01241240
v 0.00751227 0.05387219 -0.01235431
v 0.00748816 0.05397298 -0.01233626
v 0.00767766 0.05390675 -0.01221693
v 0.01011620 0.05172403 -0.01057621
v 0.00983196 0.05232010 -0.01080073
v 0.00970064 0.05232874 -0.01093889
v 0.00962417 0.05238921 -0.01101190
v 0.01011620 0.05129786 -0.01063116
v 0.00947623 0.05240649 -0.01116420
v 0.00948122 0.05232298 -0.01116969
v 0.00941722 0.05217325 -0.01125448
v 0.00934242 0.05217325 -0.01133141
v 0.00806912 0.05442507 -0.01172079
v 0.00789209 0.05458344 -0.01179694
v 0.00744245 0.05412559 -0.01231427
v 0.00752889 0.05420910 -0.01221771
v 0.00764857 0.05442507 -0.01204422
v 0.00778238 0.05458344 -0.01188093
v 0.00162535 0.05292193 -0.01475181
v 0.00162535 0.05216461 -0.01489704
v 0.00162535 0.05206382 -0.01491509
v 0.00162535 0.05213869 -0.01490175
v 0.00414452 0.05397298 -0.01399032
v 0.00444871 0.05367350 -0.01395657
v 0.00474875 0.05322429 -0.01395971
v 0.00419189 0.05385204 -0.01400288
v 0.00449442 0.05340570 -0.01400367
v 0.00489919 0.05307455 -0.01394165
v 0.00488506 0.05291042 -0.01398169
v 0.00410213 0.05458344 -0.01383567
v 0.00425340 0.05424078 -0.01387649
v 0.00430160 0.05412271 -0.01389141
v 0.00469722 0.05363031 -0.01387335
v 0.00460663 0.05367638 -0.01389612
v 0.00486178 0.05337403 -0.01387963
v 0.00459915 0.05352376 -0.01394008
v 0.00504879 0.05277220 -0.01395578
v 0.00519922 0.05262246 -0.01393459
v 0.00519922 0.05247272 -0.01396285
v 0.00508203 0.05247272 -0.01400053
v 0.00498313 0.05256487 -0.01401623
v 0.00467644 0.05225388 -0.01416460
v 0.00459915 0.05217325 -0.01420228
v 0.00427334 0.05202351 -0.01432946
v 0.00399907 0.05232298 -0.01436557
v 0.00384863 0.05247272 -0.01438755
v 0.00384863 0.05232298 -0.01441189
v 0.00398993 0.05187089 -0.01444172
v 0.00533553 0.02516578 -0.01548817
v 0.00564970 0.03897043 -0.01470942
v 0.00564970 0.03867095 -0.01472433
v 0.00583587 0.03657175 -0.01474788
v 0.00597966 0.03537097 -0.01474553
v 0.00571951 0.03420187 -0.01491195
v 0.00576439 0.03341862 -0.01493080
v 0.00579930 0.03266994 -0.01495199
v 0.00579930 0.03252020 -0.01495906
v 0.00579930 0.03191837 -0.01498732
v 0.00588906 0.03252020 -0.01492138
v 0.00566300 0.02771708 -0.01524010
v 0.00562476 0.02816629 -0.01523539
v 0.00560814 0.02846865 -0.01522832
v 0.00578185 0.03311915 -0.01493786
v 0.00551173 0.02696839 -0.01533823
v 0.00564970 0.02756734 -0.01525266
v 0.00555329 0.02621682 -0.01535550
v 0.00557407 0.02583960 -0.01536413
v 0.00551422 0.02577913 -0.01539161
v 0.00558487 0.02561787 -0.01536884
v 0.00549926 0.02546526 -0.01541124
v 0.00549843 0.02516578 -0.01542301
v 0.00442544 0.05172403 -0.01433024
v 0.00459915 0.05187377 -0.01425095
v 0.00482688 0.05195440 -0.01416460
v 0.00491996 0.05187377 -0.01414576
v 0.00399907 0.05202351 -0.01441424
v 0.00434814 0.05202351 -0.01430591
v 0.00439635 0.05183922 -0.01432082
v 0.00570705 0.05007116 -0.01400681
v 0.00564970 0.04977169 -0.01405391
v 0.00549926 0.05052325 -0.01405313
v 0.00539786 0.04977169 -0.01415361
v 0.00496568 0.04995310 -0.01431062
v 0.00534966 0.05082273 -0.01408767
v 0.00519922 0.04977169 -0.01423211
v 0.00578102 0.04932247 -0.01403586
v 0.00586662 0.04920153 -0.01401073
v 0.00551422 0.04932247 -0.01414027
v 0.00519922 0.04932247 -0.01426352
v 0.00546352 0.05097247 -0.01402958
v 0.00549926 0.05142168 -0.01397541
v 0.00537626 0.05172403 -0.01399503
v 0.00549926 0.05157142 -0.01396128
v 0.00510946 0.05236618 -0.01400917
v 0.00534966 0.05232298 -0.01392909
v 0.00548513 0.05217325 -0.01389298
v 0.00549926 0.05187377 -0.01392674
v 0.00549926 0.05172403 -0.01394558
v 0.00551339 0.05203503 -0.01389926
v 0.00531641 0.04767248 -0.01433024
v 0.00534966 0.04692092 -0.01436793
v 0.00534966 0.04662144 -0.01438755
v 0.00574777 0.04527092 -0.01432318
v 0.00577187 0.04497145 -0.01433338
v 0.00549926 0.04632197 -0.01434987
v 0.00548181 0.04662144 -0.01433652
v 0.00554414 0.04677118 -0.01430198
v 0.00564970 0.04662144 -0.01427058
v 0.00575858 0.04737013 -0.01417716
v 0.00583504 0.04512119 -0.01429727
v 0.00585831 0.04482171 -0.01430669
v 0.00586745 0.04469501 -0.01431062
v 0.00564970 0.04872065 -0.01412849
v 0.00591732 0.04392041 -0.01433495
v 0.00589821 0.04421988 -0.01432553
v 0.00594891 0.04331858 -0.01435615
v 0.00594891 0.04301910 -0.01437342
v 0.00592647 0.04377067 -0.01433966
v 0.00594891 0.04242015 -0.01440639
v 0.00597550 0.04151885 -0.01444329
v 0.00624894 0.04001859 -0.01440011
v 0.00627720 0.03897043 -0.01444329
v 0.00629466 0.03867095 -0.01445114
v 0.00619326 0.03912017 -0.01447233
v 0.00609186 0.03957226 -0.01449275
v 0.00582174 0.03987173 -0.01459166
v 0.00576439 0.03957226 -0.01463091
v 0.00882546 0.03897043 -0.01292425
v 0.00882130 0.03912017 -0.01292032
v 0.00881548 0.03926990 -0.01291718
v 0.00890524 0.03942252 -0.01283711
v 0.00896259 0.03987173 -0.01276253
v 0.00905485 0.03987173 -0.01268717
v 0.00904238 0.04016833 -0.01267775
v 0.00910555 0.04046780 -0.01260631
v 0.00961586 0.04347119 -0.01190527
v 0.00979206 0.04482171 -0.01162972
v 0.00992421 0.04533139 -0.01146251
v 0.00976962 0.04347119 -0.01175847
v 0.00911469 0.04093141 -0.01256627
v 0.00922024 0.04181832 -0.01240612
v 0.00906233 0.04181832 -0.01254429
v 0.00904903 0.04212068 -0.01253251
v 0.00903490 0.04242015 -0.01252152
v 0.00912383 0.04212068 -0.01246814
v 0.00918783 0.04256989 -0.01237551
v 0.00929588 0.04181832 -0.01233704
v 0.00936403 0.04212068 -0.01224990
v 0.00938398 0.04166858 -0.01226796
v 0.00945462 0.04362093 -0.01204501
v 0.00947208 0.04321491 -0.01206149
v 0.00954106 0.04347119 -0.01197592
v 0.00959675 0.04392041 -0.01188722
v 0.00989762 0.04407014 -0.01158655
v 0.00993751 0.04497145 -0.01147664
v 0.00994333 0.04482171 -0.01148214
v 0.00998156 0.04377067 -0.01152296
v 0.01004556 0.04212068 -0.01158262
v 0.01011620 0.04031807 -0.01163600
v 0.01011620 0.04015681 -0.01164385
v 0.01011620 0.04211780 -0.01150647
v 0.01011620 0.04134319 -0.01156614
v 0.01011620 0.04121937 -0.01157556
v 0.01011620 0.04091990 -0.01159832
v 0.01009376 0.04271963 -0.01148449
v 0.00800014 0.02516578 -0.01403193
v 0.00781397 0.02531552 -0.01415675
v 0.00789957 0.02531552 -0.01409787
v 0.00789957 0.02561787 -0.01408845
v 0.00799100 0.02561787 -0.01402486
v 0.00798684 0.02576761 -0.01402251
v 0.00806164 0.02576761 -0.01396991
v 0.00814143 0.02681577 -0.01387571
v 0.00824449 0.02981916 -0.01369201
v 0.00827608 0.02857231 -0.01371478
v 0.00843649 0.03341862 -0.01342196
v 0.00853539 0.03657175 -0.01323512
v 0.00855783 0.03567044 -0.01325161
v 0.00859689 0.03822174 -0.01312993
v 0.00866089 0.03867095 -0.01306555
v 0.00865674 0.03882069 -0.01306241
v 0.00875065 0.03897043 -0.01298391
v 0.00871741 0.05097247 -0.01205835
v 0.00877143 0.05142168 -0.01195159
v 0.00888613 0.05202351 -0.01177339
v 0.00867668 0.05142168 -0.01202695
v 0.00873320 0.05183922 -0.01192019
v 0.00857778 0.05166068 -0.01206620
v 0.00869829 0.05217325 -0.01189350
v 0.00862266 0.05217325 -0.01195002
v 0.00868084 0.05232298 -0.01188172
v 0.00852126 0.05217325 -0.01202460
v 0.00844646 0.05217325 -0.01207955
v 0.00842153 0.05238633 -0.01206149
v 0.00849965 0.05247272 -0.01198927
v 0.00927676 0.05202351 -0.01141541
v 0.00920196 0.05202351 -0.01148999
v 0.00914378 0.05172403 -0.01158341
v 0.00906898 0.05172403 -0.01165563
v 0.00901911 0.05127194 -0.01175847
v 0.00900914 0.05142168 -0.01174905
v 0.00899833 0.05157142 -0.01173963
v 0.00898670 0.05172403 -0.01173021
v 0.00887532 0.05105309 -0.01191469
v 0.00885870 0.05127194 -0.01189978
v 0.00817551 0.05232298 -0.01225147
v 0.00782727 0.05225963 -0.01251524
v 0.00763860 0.05232298 -0.01263771
v 0.00756380 0.05232298 -0.01269109
v 0.00744245 0.05233450 -0.01277509
v 0.00738760 0.05229419 -0.01282219
v 0.00733856 0.05262246 -0.01278844
v 0.00726376 0.05262246 -0.01284103
v 0.00753803 0.05322429 -0.01252231
v 0.00728620 0.05291330 -0.01276253
v 0.00744910 0.05322429 -0.01258276
v 0.00745492 0.05335963 -0.01254821
v 0.00721555 0.05357560 -0.01265733
v 0.00741087 0.05352376 -0.01253801
v 0.00732609 0.05337403 -0.01263143
v 0.00719477 0.05367350 -0.01264320
v 0.00730947 0.05367926 -0.01256313
v 0.00722137 0.05404209 -0.01251132
v 0.00738760 0.05407664 -0.01237394
v 0.00988515 0.05172403 -0.01082114
v 0.00966407 0.05172403 -0.01105429
v 0.00949036 0.05217325 -0.01117911
v 0.01011620 0.05103006 -0.01066492
v 0.00951696 0.05172403 -0.01120659
v 0.00935156 0.05202351 -0.01134005
v 0.00736266 0.05417743 -0.01235510
v 0.00747403 0.05442507 -0.01217611
v 0.00754468 0.05453737 -0.01207876
v 0.00770675 0.05458344 -0.01193824
v 0.00474875 0.05337403 -0.01392281
v 0.00505045 0.05306879 -0.01388748
v 0.00504879 0.05292193 -0.01392281
v 0.00470470 0.05458344 -0.01357975
v 0.00413870 0.05456617 -0.01382547
v 0.00449027 0.05400177 -0.01384902
v 0.00466148 0.05373109 -0.01385844
v 0.00444372 0.05395858 -0.01388120
v 0.00479696 0.05356120 -0.01385216
v 0.00483186 0.05346041 -0.01386707
v 0.00510115 0.05311487 -0.01385373
v 0.00513523 0.05301408 -0.01386864
v 0.00521003 0.05278084 -0.01389612
v 0.00532389 0.05262246 -0.01388591
v 0.00536129 0.05248136 -0.01389690
v 0.00489919 0.05232298 -0.01408296
v 0.00586662 0.03912017 -0.01461050
v 0.00609851 0.03852122 -0.01454220
v 0.00613757 0.03702096 -0.01459873
v 0.00586496 0.03296941 -0.01491039
v 0.00587078 0.03286863 -0.01491274
v 0.00590402 0.03221784 -0.01492844
v 0.00572699 0.02766525 -0.01521498
v 0.00570788 0.02801655 -0.01520713
v 0.00615503 0.03672149 -0.01460579
v 0.00617497 0.03635578 -0.01461443
v 0.00564970 0.02591735 -0.01532724
v 0.00565967 0.02561787 -0.01533509
v 0.00567962 0.02516578 -0.01534451
v 0.00560482 0.02516578 -0.01537748
v 0.00567629 0.05037352 -0.01399425
v 0.00578683 0.04991854 -0.01398640
v 0.00581260 0.04977169 -0.01398797
v 0.00584169 0.04947221 -0.01400053
v 0.00575193 0.04962195 -0.01402486
v 0.00557656 0.05060964 -0.01401466
v 0.00576689 0.04947221 -0.01403036
v 0.00564970 0.04947221 -0.01407668
v 0.00594891 0.04932247 -0.01396756
v 0.00595639 0.04902300 -0.01398640
v 0.00586829 0.04695835 -0.01416146
v 0.00564970 0.05112220 -0.01394087
v 0.00564970 0.05082273 -0.01396677
v 0.00564970 0.05142168 -0.01391339
v 0.00545937 0.05232298 -0.01388042
v 0.00586081 0.05220492 -0.01370693
v 0.00564970 0.05217325 -0.01381369
v 0.00558736 0.05199183 -0.01387021
v 0.00564970 0.05232298 -0.01378936
v 0.00562726 0.05172403 -0.01388905
v 0.00573115 0.05152246 -0.01386707
v 0.00602371 0.04819656 -0.01401387
v 0.00605114 0.04782222 -0.01402644
v 0.00613674 0.04767248 -0.01399582
v 0.00609851 0.04677118 -0.01407040
v 0.00608521 0.04586699 -0.01413320
v 0.00624230 0.04362093 -0.01419679
v 0.00602537 0.04340496 -0.01431454
v 0.00606111 0.04527092 -0.01418187
v 0.00596054 0.04346255 -0.01434202
v 0.00677090 0.04246622 -0.01401230
v 0.00616832 0.04227041 -0.01431140
v 0.00624894 0.04077016 -0.01435850
v 0.00624894 0.04031807 -0.01438363
v 0.00639356 0.03972200 -0.01434751
v 0.00635948 0.04031807 -0.01433103
v 0.00630297 0.03852122 -0.01445506
v 0.00639855 0.03926990 -0.01436950
v 0.00622817 0.03852122 -0.01448725
v 0.00873486 0.03942252 -0.01297135
v 0.00880966 0.03942252 -0.01291247
v 0.00874567 0.03912017 -0.01297998
v 0.00889361 0.03972200 -0.01282769
v 0.00888696 0.03987173 -0.01282298
v 0.00902659 0.04056283 -0.01266440
v 0.00950865 0.04421988 -0.01194531
v 0.00977544 0.04519893 -0.01161402
v 0.00983196 0.04572014 -0.01151668
v 0.00991341 0.04557040 -0.01145231
v 0.00995912 0.04617223 -0.01134947
v 0.01007548 0.04685181 -0.01116420
v 0.01004057 0.04601961 -0.01127489
v 0.01005221 0.04572014 -0.01128745
v 0.01007631 0.04506071 -0.01131492
v 0.01003475 0.04436962 -0.01141776
v 0.01005138 0.04392041 -0.01143582
v 0.01006717 0.04347119 -0.01145466
v 0.00901745 0.04077016 -0.01265733
v 0.00899667 0.04121937 -0.01264085
v 0.00902077 0.04271963 -0.01250975
v 0.00898254 0.04151885 -0.01262986
v 0.00892187 0.04121937 -0.01269973
v 0.00904404 0.04407014 -0.01238022
v 0.00913297 0.04377067 -0.01232605
v 0.00916123 0.04497145 -0.01220123
v 0.00929754 0.04362093 -0.01218867
v 0.00930419 0.04347119 -0.01219495
v 0.00944797 0.04377067 -0.01203873
v 0.01007548 0.04324659 -0.01146330
v 0.01011620 0.04227041 -0.01149470
v 0.01011620 0.04271963 -0.01145937
v 0.00781563 0.02516578 -0.01415832
v 0.00762946 0.02531552 -0.01428314
v 0.00736516 0.02561787 -0.01445742
v 0.00754884 0.02561787 -0.01433103
v 0.00754551 0.02576761 -0.01432867
v 0.00753803 0.02606709 -0.01432318
v 0.00751393 0.02696839 -0.01430669
v 0.00795110 0.02711813 -0.01399739
v 0.00807411 0.02936707 -0.01382861
v 0.00813395 0.03116968 -0.01372027
v 0.00825281 0.03356836 -0.01354835
v 0.00826860 0.03296941 -0.01355934
v 0.00829935 0.03176863 -0.01358132
v 0.00846059 0.03657175 -0.01328929
v 0.00852791 0.03687122 -0.01322962
v 0.00858941 0.03852122 -0.01312443
v 0.00858609 0.03867095 -0.01312129
v 0.00858193 0.03882069 -0.01311815
v 0.00857778 0.03893875 -0.01311580
v 0.00863679 0.03898195 -0.01306948
v 0.00873154 0.05079681 -0.01207013
v 0.00866422 0.05083713 -0.01211802
v 0.00864261 0.05097247 -0.01211723
v 0.00869164 0.05127194 -0.01203716
v 0.00860188 0.05142168 -0.01208426
v 0.00861601 0.05127194 -0.01209604
v 0.00851794 0.05127194 -0.01217061
v 0.00843150 0.05138137 -0.01221929
v 0.00842069 0.05148215 -0.01221143
v 0.00855534 0.05187377 -0.01204893
v 0.00853871 0.05202351 -0.01203716
v 0.00846391 0.05202351 -0.01209211
v 0.00828605 0.05202351 -0.01222243
v 0.00836251 0.05233162 -0.01211409
v 0.00801593 0.05217325 -0.01239435
v 0.00928590 0.05187377 -0.01142404
v 0.00921941 0.05172403 -0.01150804
v 0.00916206 0.05142168 -0.01160068
v 0.00902410 0.05119131 -0.01176318
v 0.00889195 0.05082273 -0.01192882
v 0.00878889 0.05083713 -0.01201596
v 0.00783807 0.05217325 -0.01252309
v 0.00758374 0.05217325 -0.01270601
v 0.00740422 0.05217325 -0.01283397
v 0.00728786 0.05217037 -0.01291718
v 0.00721555 0.05221932 -0.01295800
v 0.00714075 0.05262822 -0.01292346
v 0.00724049 0.05277220 -0.01282455
v 0.00722719 0.05285570 -0.01281513
v 0.00720973 0.05295649 -0.01280414
v 0.00718979 0.05307455 -0.01279079
v 0.00703603 0.05352376 -0.01278844
v 0.00694045 0.05363319 -0.01282376
v 0.00723384 0.05347481 -0.01266911
v 0.00716402 0.05322429 -0.01277352
v 0.00705764 0.05340282 -0.01280257
v 0.00711914 0.05367350 -0.01269345
v 0.00706927 0.05388947 -0.01266047
v 0.00704766 0.05397298 -0.01264634
v 0.00694377 0.05408240 -0.01267539
v 0.00712413 0.05412271 -0.01254586
v 0.00709421 0.05423502 -0.01252623
v 0.00714574 0.05428109 -0.01247285
v 0.00719976 0.05412271 -0.01249562
v 0.00723633 0.05437324 -0.01237315
v 0.00726293 0.05427245 -0.01239278
v 0.00730781 0.05412559 -0.01241554
v 0.00960090 0.05157142 -0.01113829
v 0.01011620 0.05076802 -0.01069789
v 0.00993003 0.05097247 -0.01086824
v 0.01003143 0.05052325 -0.01081721
v 0.00977710 0.05107037 -0.01101583
v 0.00970978 0.05097247 -0.01109669
v 0.00962334 0.05117980 -0.01116106
v 0.00953441 0.05142168 -0.01122386
v 0.00937733 0.05157142 -0.01136674
v 0.00944382 0.05172403 -0.01128117
v 0.00745990 0.05458344 -0.01212351
v 0.00759538 0.05458344 -0.01202224
v 0.00770260 0.05458344 -0.01194138
v 0.00478366 0.05458344 -0.01354599
v 0.00461244 0.05413711 -0.01375560
v 0.00475374 0.05413711 -0.01369515
v 0.00515767 0.05394706 -0.01357818
v 0.00505045 0.05323293 -0.01384038
v 0.00503466 0.05458344 -0.01343844
v 0.00517595 0.05458344 -0.01337721
v 0.00543111 0.05458344 -0.01326652
v 0.00549428 0.05458344 -0.01323905
v 0.00535880 0.05308031 -0.01375089
v 0.00564139 0.05458344 -0.01317467
v 0.00563972 0.05441643 -0.01322570
v 0.00570621 0.05372245 -0.01340547
v 0.00549926 0.05308031 -0.01368887
v 0.00523995 0.05292193 -0.01384823
v 0.00526655 0.05283555 -0.01386001
v 0.00529564 0.05273476 -0.01387257
v 0.00539870 0.05262246 -0.01385216
v 0.00541947 0.05253607 -0.01386079
v 0.00543859 0.05243529 -0.01387021
v 0.00591150 0.03206811 -0.01493158
v 0.00605197 0.03402045 -0.01477771
v 0.00575193 0.02711813 -0.01522754
v 0.00592480 0.03176863 -0.01493865
v 0.00631959 0.03822174 -0.01446213
v 0.00579348 0.02621682 -0.01524716
v 0.00579930 0.02591735 -0.01525737
v 0.00579930 0.02561787 -0.01526993
v 0.00579930 0.02531552 -0.01528249
v 0.00579847 0.02516578 -0.01528877
v 0.00579930 0.05037352 -0.01394244
v 0.00579930 0.05007116 -0.01396834
v 0.00594891 0.04962195 -0.01394322
v 0.00594891 0.04947221 -0.01395578
v 0.00609851 0.04917274 -0.01391496
v 0.00609851 0.04902300 -0.01392595
v 0.00577187 0.05112220 -0.01388670
v 0.00579930 0.05052325 -0.01392909
v 0.00574195 0.05142168 -0.01387257
v 0.00549261 0.05248136 -0.01383646
v 0.00572533 0.05255047 -0.01371399
v 0.00616334 0.05221644 -0.01355855
v 0.00617913 0.05211566 -0.01356640
v 0.00580595 0.05216173 -0.01373990
v 0.00576523 0.05232298 -0.01373362
v 0.00607025 0.05232298 -0.01358603
v 0.00579930 0.05202351 -0.01376345
v 0.00570289 0.05172403 -0.01385294
v 0.00600542 0.05172403 -0.01370457
v 0.00630546 0.05172403 -0.01355463
v 0.00631793 0.05162037 -0.01356091
v 0.00590984 0.05187377 -0.01373126
v 0.00619160 0.05202351 -0.01357269
v 0.00609851 0.04857091 -0.01395578
v 0.00624894 0.04737013 -0.01396049
v 0.00624894 0.04722039 -0.01396991
v 0.00619492 0.04677118 -0.01402408
v 0.00620988 0.04887038 -0.01388356
v 0.00631710 0.04362093 -0.01416068
v 0.00654898 0.04316884 -0.01407668
v 0.00624894 0.04482171 -0.01411907
v 0.00674596 0.04286936 -0.01399974
v 0.00683572 0.04241727 -0.01398247
v 0.00699863 0.04166858 -0.01394479
v 0.00699863 0.04151885 -0.01395343
v 0.00687396 0.04196806 -0.01398954
v 0.00690803 0.04136911 -0.01400602
v 0.00670441 0.04091990 -0.01413006
v 0.00654898 0.04077016 -0.01421406
v 0.00654898 0.03987173 -0.01426352
v 0.00647834 0.03953770 -0.01431611
v 0.00639855 0.03912017 -0.01437735
v 0.00864926 0.03942252 -0.01303415
v 0.00872489 0.03965001 -0.01296350
v 0.00888031 0.04001859 -0.01281827
v 0.00857113 0.03912017 -0.01311030
v 0.00939312 0.04512119 -0.01197671
v 0.00942055 0.04617223 -0.01186288
v 0.00976547 0.04542066 -0.01160460
v 0.00973139 0.04617223 -0.01157242
v 0.00981783 0.04601961 -0.01150412
v 0.00980370 0.04632197 -0.01149077
v 0.00990676 0.04572014 -0.01144524
v 0.00995247 0.04632197 -0.01134240
v 0.00993917 0.04662144 -0.01132749
v 0.00999070 0.04707065 -0.01123093
v 0.01011620 0.04782222 -0.01102760
v 0.01011620 0.04765808 -0.01104330
v 0.01011620 0.04737013 -0.01107078
v 0.01011620 0.04722039 -0.01108491
v 0.01011620 0.04691804 -0.01111317
v 0.01011620 0.04662432 -0.01113908
v 0.01011620 0.04647170 -0.01115242
v 0.01011620 0.04617223 -0.01117754
v 0.01011620 0.04586987 -0.01120267
v 0.01011620 0.04501176 -0.01127332
v 0.01011620 0.04420260 -0.01133926
v 0.01011620 0.04333297 -0.01140991
v 0.01011620 0.04281753 -0.01145152
v 0.00887200 0.04021440 -0.01281120
v 0.00884623 0.04077016 -0.01279158
v 0.00886951 0.04227041 -0.01265969
v 0.00871990 0.04377067 -0.01265969
v 0.00887948 0.04404135 -0.01251681
v 0.00887449 0.04414213 -0.01251289
v 0.00857445 0.04714264 -0.01251289
v 0.00862598 0.04797196 -0.01240612
v 0.00877559 0.04647170 -0.01240612
v 0.00896259 0.04451072 -0.01241240
v 0.00902077 0.04455391 -0.01236059
v 0.00883875 0.04091990 -0.01278608
v 0.00902659 0.04626437 -0.01221536
v 0.00902742 0.04807274 -0.01206620
v 0.00903906 0.04782222 -0.01207641
v 0.00913464 0.04737013 -0.01202695
v 0.00934574 0.04436962 -0.01208269
v 0.00762862 0.02516578 -0.01428393
v 0.00744910 0.02531552 -0.01440482
v 0.00736765 0.02546526 -0.01445899
v 0.00728952 0.02561787 -0.01450452
v 0.00728287 0.02591735 -0.01449981
v 0.00735768 0.02591735 -0.01445271
v 0.00744910 0.02591735 -0.01438991
v 0.00735352 0.02606709 -0.01445035
v 0.00778405 0.03056785 -0.01398561
v 0.00815806 0.03431993 -0.01358682
v 0.00759953 0.02756734 -0.01422505
v 0.00757793 0.02861838 -0.01420071
v 0.00797604 0.03427098 -0.01371478
v 0.00782810 0.02891786 -0.01401623
v 0.00828854 0.03626939 -0.01342353
v 0.00830434 0.03567044 -0.01343452
v 0.00842236 0.03807200 -0.01326181
v 0.00849965 0.03807200 -0.01320607
v 0.00849965 0.03867095 -0.01318409
v 0.00849965 0.03882069 -0.01317781
v 0.00840241 0.03882069 -0.01324768
v 0.00851461 0.03898195 -0.01315897
v 0.00881548 0.05067299 -0.01201204
v 0.00873985 0.05067299 -0.01207641
v 0.00865590 0.05052325 -0.01215962
v 0.00863513 0.05066147 -0.01216119
v 0.00856864 0.05070467 -0.01220908
v 0.00855949 0.05082273 -0.01220201
v 0.00854620 0.05097247 -0.01219181
v 0.00853207 0.05112220 -0.01218160
v 0.00845726 0.05112220 -0.01223813
v 0.00827441 0.05119995 -0.01236373
v 0.00817634 0.05142168 -0.01240220
v 0.00836251 0.05142744 -0.01226325
v 0.00832013 0.05172403 -0.01224755
v 0.00837831 0.05187377 -0.01218003
v 0.00830350 0.05187377 -0.01223499
v 0.00820875 0.05216173 -0.01225540
v 0.00803339 0.05202351 -0.01240691
v 0.00773917 0.05202927 -0.01261965
v 0.00923105 0.05125754 -0.01155044
v 0.00918783 0.05097247 -0.01162658
v 0.00908809 0.05113372 -0.01170666
v 0.00903656 0.05097247 -0.01177574
v 0.00897589 0.05067299 -0.01186759
v 0.00890109 0.05067299 -0.01193746
v 0.00767018 0.05208110 -0.01266047
v 0.00761200 0.05202927 -0.01271150
v 0.00742250 0.05202351 -0.01284810
v 0.00731778 0.05202351 -0.01292268
v 0.00722968 0.05211853 -0.01296742
v 0.00724215 0.05202351 -0.01297606
v 0.00715903 0.05217037 -0.01300118
v 0.00712496 0.05232298 -0.01299411
v 0.00708506 0.05258214 -0.01296978
v 0.00706844 0.05268005 -0.01295957
v 0.00714906 0.05277220 -0.01288578
v 0.00715571 0.05291330 -0.01284967
v 0.00711498 0.05307455 -0.01284025
v 0.00696123 0.05352376 -0.01283711
v 0.00686814 0.05337403 -0.01292974
v 0.00679334 0.05337403 -0.01297527
v 0.00683572 0.05351225 -0.01291640
v 0.00675594 0.05355544 -0.01295329
v 0.00672768 0.05367350 -0.01293681
v 0.00685900 0.05367926 -0.01285830
v 0.00691551 0.05373397 -0.01280806
v 0.00708922 0.05322429 -0.01282298
v 0.00707509 0.05330204 -0.01281434
v 0.00699863 0.05322429 -0.01288185
v 0.00697286 0.05397298 -0.01269423
v 0.00691468 0.05418318 -0.01265733
v 0.00699613 0.05412847 -0.01262593
v 0.00676175 0.05402769 -0.01280649
v 0.00700860 0.05428109 -0.01256313
v 0.00706595 0.05433292 -0.01250739
v 0.00715488 0.05442219 -0.01241083
v 0.00720890 0.05447114 -0.01235353
v 0.00735601 0.05458344 -0.01220044
v 0.00987518 0.05067299 -0.01096166
v 0.01011620 0.05067299 -0.01070966
v 0.01011620 0.05036488 -0.01074735
v 0.01011620 0.04980624 -0.01081407
v 0.00996494 0.05037352 -0.01090435
v 0.00980869 0.05052325 -0.01104723
v 0.00947374 0.05118843 -0.01131257
v 0.00489919 0.05458344 -0.01349654
v 0.00564637 0.05321277 -0.01358446
v 0.00574860 0.05458344 -0.01312757
v 0.00582756 0.05458344 -0.01309224
v 0.00579348 0.05367350 -0.01338114
v 0.00578683 0.05321277 -0.01352244
v 0.00564970 0.05307455 -0.01362371
v 0.00554913 0.05295361 -0.01370222
v 0.00534966 0.05292193 -0.01379956
v 0.00534717 0.05278084 -0.01383803
v 0.00588657 0.05287298 -0.01356954
v 0.00567463 0.05277220 -0.01369044
v 0.00565219 0.05261094 -0.01373676
v 0.00579930 0.05277220 -0.01363313
v 0.00570455 0.05265126 -0.01370379
v 0.00632790 0.03804321 -0.01446606
v 0.00626806 0.03596992 -0.01458695
v 0.00601955 0.03134533 -0.01491195
v 0.00596137 0.03130502 -0.01494179
v 0.00583421 0.02696839 -0.01519457
v 0.00586164 0.02636656 -0.01520791
v 0.00587078 0.02955712 -0.01506268
v 0.00649995 0.03912017 -0.01432710
v 0.00652072 0.03867095 -0.01433809
v 0.00653485 0.03837148 -0.01434516
v 0.00654898 0.03717070 -0.01439383
v 0.00645590 0.03687122 -0.01445506
v 0.00647335 0.03648824 -0.01446370
v 0.00581343 0.02606997 -0.01524402
v 0.00649828 0.02576761 -0.01492608
v 0.00639855 0.02516578 -0.01499831
v 0.00594891 0.04977169 -0.01392988
v 0.00608770 0.04947221 -0.01389376
v 0.00611181 0.04933111 -0.01389533
v 0.00618993 0.04917274 -0.01387257
v 0.00619991 0.04902300 -0.01387806
v 0.00605778 0.04977169 -0.01388042
v 0.00581676 0.05142168 -0.01383489
v 0.00586247 0.05097247 -0.01385765
v 0.00602869 0.05256199 -0.01356562
v 0.00578517 0.05261094 -0.01367395
v 0.00600958 0.05265989 -0.01355698
v 0.00623731 0.05216749 -0.01352872
v 0.00611929 0.05247272 -0.01353657
v 0.00624894 0.05232298 -0.01349654
v 0.00626723 0.05202351 -0.01353500
v 0.00639855 0.05172403 -0.01350596
v 0.00655729 0.05156278 -0.01344316
v 0.00662628 0.05150519 -0.01341411
v 0.00654898 0.05142168 -0.01346357
v 0.00633871 0.05142168 -0.01357112
v 0.00611513 0.05142168 -0.01368416
v 0.00639855 0.04632197 -0.01395264
v 0.00659386 0.04407014 -0.01399896
v 0.00641268 0.04572014 -0.01398404
v 0.00624894 0.04782222 -0.01393145
v 0.00645091 0.04512119 -0.01400288
v 0.00627554 0.04902300 -0.01383567
v 0.00631959 0.04831463 -0.01386158
v 0.00650244 0.04662144 -0.01387963
v 0.00684902 0.04286936 -0.01394715
v 0.00654898 0.04542066 -0.01393459
v 0.00663210 0.04347119 -0.01401780
v 0.00665121 0.04316884 -0.01402722
v 0.00699863 0.04212068 -0.01391732
v 0.00699863 0.04196806 -0.01392674
v 0.00711166 0.04166858 -0.01388591
v 0.00711997 0.04151885 -0.01388984
v 0.00700777 0.04091990 -0.01398012
v 0.00698616 0.04107251 -0.01398326
v 0.00692715 0.04102644 -0.01401544
v 0.00649247 0.03926990 -0.01432318
v 0.00856448 0.03926990 -0.01310559
v 0.00855035 0.03957226 -0.01309617
v 0.00864011 0.03987173 -0.01301060
v 0.00871491 0.03987173 -0.01295565
v 0.00839659 0.03897043 -0.01324376
v 0.00918201 0.04812169 -0.01192019
v 0.00933161 0.04647170 -0.01192019
v 0.00937151 0.04737013 -0.01180714
v 0.00917287 0.04832326 -0.01191155
v 0.00943966 0.04751987 -0.01173021
v 0.00960755 0.04722039 -0.01159675
v 0.00977710 0.04686620 -0.01146565
v 0.00986437 0.04662144 -0.01140285
v 0.00987850 0.04632197 -0.01141698
v 0.00992754 0.04686908 -0.01131571
v 0.00992255 0.04696987 -0.01131100
v 0.01011620 0.04812169 -0.01099777
v 0.00881299 0.04016545 -0.01285987
v 0.00877143 0.04077016 -0.01284810
v 0.00872821 0.04162539 -0.01281591
v 0.00857944 0.04704186 -0.01251681
v 0.00860687 0.04451936 -0.01268717
v 0.00843815 0.04436962 -0.01282298
v 0.00847056 0.04572014 -0.01269659
v 0.00844646 0.04617223 -0.01267932
v 0.00847970 0.04751987 -0.01255214
v 0.00854620 0.04767248 -0.01249248
v 0.00859606 0.04857091 -0.01238100
v 0.00867834 0.04842117 -0.01232605
v 0.00872156 0.04756306 -0.01236138
v 0.00885953 0.04812169 -0.01220123
v 0.00892768 0.04857091 -0.01210781
v 0.00890524 0.04902300 -0.01208897
v 0.00889776 0.04917274 -0.01208269
v 0.00898005 0.04902300 -0.01202617
v 0.00906482 0.04902300 -0.01195080
v 0.00907230 0.04887038 -0.01195708
v 0.00744910 0.02516578 -0.01440404
v 0.00736765 0.02531552 -0.01445899
v 0.00729285 0.02531552 -0.01450766
v 0.00729202 0.02546526 -0.01450609
v 0.00716319 0.02561787 -0.01457910
v 0.00716984 0.02531552 -0.01458303
v 0.00716651 0.02546526 -0.01458145
v 0.00715903 0.02576761 -0.01457674
v 0.00715322 0.02591735 -0.01457439
v 0.00726459 0.02651630 -0.01448725
v 0.00732942 0.02681577 -0.01443622
v 0.00734438 0.02636656 -0.01444486
v 0.00783973 0.03252020 -0.01387414
v 0.00799100 0.03371810 -0.01372498
v 0.00812398 0.03558694 -0.01356327
v 0.00819961 0.03596992 -0.01349654
v 0.00827691 0.03672149 -0.01341489
v 0.00782727 0.03294062 -0.01386550
v 0.00796523 0.03461940 -0.01370771
v 0.00816304 0.03807200 -0.01343844
v 0.00811317 0.03596992 -0.01355620
v 0.00825197 0.03761991 -0.01339841
v 0.00755299 0.02951681 -0.01418266
v 0.00840656 0.03867095 -0.01325082
v 0.00833176 0.03867095 -0.01330263
v 0.00832678 0.03882069 -0.01329871
v 0.00874899 0.05052325 -0.01208426
v 0.00883294 0.05037352 -0.01202774
v 0.00866505 0.05037352 -0.01216669
v 0.00858110 0.05052325 -0.01221850
v 0.00857528 0.05060388 -0.01221458
v 0.00838496 0.05082273 -0.01233469
v 0.00851129 0.05066147 -0.01225775
v 0.00847056 0.05097247 -0.01224912
v 0.00835670 0.05112220 -0.01231349
v 0.00828189 0.05112220 -0.01236923
v 0.00808990 0.05127194 -0.01248777
v 0.00820792 0.05125754 -0.01240377
v 0.00799848 0.05142168 -0.01253094
v 0.00753304 0.05172403 -0.01281984
v 0.00796523 0.05172403 -0.01250661
v 0.00814310 0.05172403 -0.01237708
v 0.00758457 0.05185937 -0.01276017
v 0.00947956 0.05108765 -0.01131807
v 0.00957763 0.05067299 -0.01126547
v 0.00927925 0.05067299 -0.01156771
v 0.00920445 0.05067299 -0.01164307
v 0.00905402 0.05067299 -0.01179223
v 0.00904571 0.05082273 -0.01178359
v 0.00899334 0.05037352 -0.01188329
v 0.00900997 0.05007116 -0.01189899
v 0.00902825 0.04972849 -0.01191705
v 0.00892602 0.05022090 -0.01196022
v 0.00745741 0.05185937 -0.01285202
v 0.00733607 0.05187377 -0.01293602
v 0.00714906 0.05202351 -0.01303337
v 0.00726126 0.05187377 -0.01298862
v 0.00716070 0.05172403 -0.01307576
v 0.00702190 0.05217325 -0.01308282
v 0.00698865 0.05232298 -0.01307497
v 0.00685900 0.05232298 -0.01315034
v 0.00676591 0.05282403 -0.01310873
v 0.00672269 0.05307455 -0.01308439
v 0.00695125 0.05292193 -0.01297998
v 0.00693297 0.05302560 -0.01296899
v 0.00698948 0.05307455 -0.01292189
v 0.00689723 0.05322429 -0.01294701
v 0.00669859 0.05337403 -0.01302866
v 0.00682243 0.05322429 -0.01299254
v 0.00663043 0.05316382 -0.01311658
v 0.00658389 0.05337403 -0.01309224
v 0.00665204 0.05367350 -0.01297841
v 0.00662960 0.05375989 -0.01296664
v 0.00668778 0.05381460 -0.01291718
v 0.00681661 0.05382324 -0.01283868
v 0.00678918 0.05392690 -0.01282219
v 0.00684320 0.05397586 -0.01277352
v 0.00678336 0.05436460 -0.01266911
v 0.00696289 0.05442507 -0.01253722
v 0.00670690 0.05397586 -0.01285438
v 0.00665703 0.05412271 -0.01283161
v 0.00663043 0.05420910 -0.01281670
v 0.00703852 0.05442507 -0.01248934
v 0.00709753 0.05458344 -0.01238493
v 0.00717649 0.05458344 -0.01232998
v 0.00729950 0.05456329 -0.01224990
v 0.00732360 0.05458344 -0.01222400
v 0.01011620 0.04947221 -0.01085332
v 0.01000899 0.04962195 -0.01094596
v 0.00981700 0.05037352 -0.01105586
v 0.00974303 0.05037352 -0.01113123
v 0.00966822 0.05037352 -0.01120738
v 0.00606443 0.05458344 -0.01298234
v 0.00594891 0.05457481 -0.01303886
v 0.00624479 0.05397586 -0.01308282
v 0.00590569 0.05334811 -0.01342824
v 0.00584834 0.05352376 -0.01340155
v 0.00595306 0.05322141 -0.01344394
v 0.00594891 0.05307455 -0.01348790
v 0.00582839 0.05307455 -0.01354285
v 0.00580512 0.05292193 -0.01359388
v 0.00598548 0.05277220 -0.01354521
v 0.00606693 0.05307455 -0.01343373
v 0.00616749 0.05298528 -0.01341018
v 0.00611015 0.05293057 -0.01345022
v 0.00635699 0.03402045 -0.01463013
v 0.00660550 0.02846865 -0.01475495
v 0.00624894 0.02996890 -0.01486171
v 0.00638442 0.02800504 -0.01488291
v 0.00594891 0.03026838 -0.01499360
v 0.00634868 0.02741760 -0.01492608
v 0.00654898 0.02651630 -0.01486878
v 0.00677256 0.03962985 -0.01416303
v 0.00694045 0.04077016 -0.01402172
v 0.00696871 0.04016833 -0.01403664
v 0.00689972 0.03852122 -0.01415126
v 0.00668529 0.03806912 -0.01428236
v 0.00676009 0.03672149 -0.01430669
v 0.00689640 0.03537097 -0.01429963
v 0.00695707 0.03402045 -0.01433103
v 0.00684902 0.03461940 -0.01435850
v 0.00684902 0.03387072 -0.01439305
v 0.00683572 0.03312491 -0.01443387
v 0.00692216 0.03152099 -0.01446292
v 0.00666617 0.03387072 -0.01448490
v 0.00677505 0.02975005 -0.01461443
v 0.00657974 0.02561787 -0.01489233
v 0.00655314 0.02621682 -0.01487977
v 0.00652072 0.02516578 -0.01493786
v 0.00607191 0.04962195 -0.01388748
v 0.00617165 0.04938583 -0.01386236
v 0.00618079 0.04928504 -0.01386707
v 0.00638691 0.04932247 -0.01374932
v 0.00641102 0.04916698 -0.01374775
v 0.00652821 0.05022090 -0.01359310
v 0.00660301 0.05022090 -0.01355227
v 0.00662212 0.04998190 -0.01356248
v 0.00624894 0.05112220 -0.01364726
v 0.00622069 0.05037352 -0.01373754
v 0.00608687 0.05261670 -0.01352715
v 0.00609851 0.05277220 -0.01349104
v 0.00638608 0.05217325 -0.01344865
v 0.00624894 0.05247272 -0.01346985
v 0.00636281 0.05232298 -0.01343530
v 0.00641351 0.05203503 -0.01345493
v 0.00639855 0.05187377 -0.01348555
v 0.00652239 0.05172403 -0.01344001
v 0.00650244 0.05187377 -0.01342981
v 0.00659719 0.05172403 -0.01339841
v 0.00680414 0.05172403 -0.01328065
v 0.00708506 0.05172403 -0.01311972
v 0.00682326 0.05157142 -0.01329164
v 0.00691302 0.05145047 -0.01325710
v 0.00692466 0.05134969 -0.01326338
v 0.00670939 0.05142168 -0.01337721
v 0.00663459 0.05142168 -0.01341882
v 0.00654898 0.05112220 -0.01349418
v 0.00644343 0.05112220 -0.01354835
v 0.00635367 0.05127194 -0.01357897
v 0.00639855 0.04902300 -0.01376580
v 0.00677754 0.04882143 -0.01356562
v 0.00668612 0.04797196 -0.01367866
v 0.00638525 0.04826855 -0.01382782
v 0.00643595 0.04767248 -0.01384195
v 0.00670939 0.04572014 -0.01382704
v 0.00707343 0.04233664 -0.01386315
v 0.00694543 0.04316884 -0.01387571
v 0.00680414 0.04421988 -0.01388042
v 0.00699281 0.04242015 -0.01390083
v 0.00708589 0.04212068 -0.01387100
v 0.00710335 0.04181832 -0.01388120
v 0.00720225 0.04136911 -0.01385059
v 0.00712745 0.04136911 -0.01389376
v 0.00704351 0.04016833 -0.01399817
v 0.00713410 0.04121937 -0.01389769
v 0.00717483 0.03897043 -0.01398797
v 0.00838911 0.03912017 -0.01323905
v 0.00837415 0.03942252 -0.01322884
v 0.00836667 0.03957226 -0.01322334
v 0.00844397 0.04016833 -0.01312679
v 0.00851877 0.04016833 -0.01307497
v 0.00857030 0.04125105 -0.01296036
v 0.00869247 0.04031807 -0.01293995
v 0.00869995 0.04016833 -0.01294544
v 0.00832096 0.03897043 -0.01329478
v 0.00831431 0.03912017 -0.01329007
v 0.00916788 0.04842117 -0.01190763
v 0.00915458 0.04872065 -0.01189350
v 0.00934325 0.04797196 -0.01178124
v 0.00941140 0.04812169 -0.01170195
v 0.00977212 0.04696699 -0.01146094
v 0.00984276 0.04707065 -0.01138087
v 0.00982780 0.04737013 -0.01136595
v 0.00991008 0.04722039 -0.01129844
v 0.01002146 0.04797196 -0.01110925
v 0.01008047 0.04827143 -0.01101897
v 0.01011620 0.04872065 -0.01093654
v 0.00866255 0.04091990 -0.01291718
v 0.00857695 0.04311701 -0.01281513
v 0.00864510 0.04377067 -0.01271543
v 0.00857196 0.04321779 -0.01281120
v 0.00825696 0.04436962 -0.01295094
v 0.00833924 0.04482171 -0.01285909
v 0.00841986 0.04470653 -0.01281042
v 0.00836335 0.04377067 -0.01292032
v 0.00842069 0.04665887 -0.01266047
v 0.00840656 0.04692092 -0.01265027
v 0.00826610 0.04617223 -0.01280728
v 0.00845477 0.04797196 -0.01253408
v 0.00852126 0.04812169 -0.01247442
v 0.00867086 0.04857091 -0.01231977
v 0.00858775 0.04872065 -0.01237472
v 0.00871575 0.04947221 -0.01220672
v 0.00873154 0.04917274 -0.01221929
v 0.00876977 0.04842117 -0.01225069
v 0.00876229 0.04857091 -0.01224441
v 0.00887200 0.04967090 -0.01206149
v 0.00896509 0.04932247 -0.01201204
v 0.00904155 0.04947221 -0.01192961
v 0.00913214 0.04917274 -0.01187151
v 0.00914710 0.04887038 -0.01188643
v 0.00729118 0.02516578 -0.01450845
v 0.00717233 0.02516578 -0.01458381
v 0.00708839 0.02561787 -0.01462149
v 0.00709670 0.02516578 -0.01462777
v 0.00699863 0.02516578 -0.01468351
v 0.00709171 0.02546526 -0.01462385
v 0.00708423 0.02576761 -0.01461914
v 0.00713493 0.02606133 -0.01457910
v 0.00714906 0.02621682 -0.01456497
v 0.00724381 0.02711813 -0.01447548
v 0.00729950 0.02786682 -0.01441032
v 0.00738926 0.02861838 -0.01432318
v 0.00754385 0.02981916 -0.01417638
v 0.00827192 0.03689714 -0.01341175
v 0.00767184 0.03180895 -0.01401230
v 0.00814891 0.03852122 -0.01342902
v 0.00822372 0.03852122 -0.01338035
v 0.00823286 0.03822174 -0.01338663
v 0.00821374 0.03882069 -0.01337407
v 0.00875813 0.05037352 -0.01209132
v 0.00885787 0.04992142 -0.01204972
v 0.00876644 0.05022090 -0.01209917
v 0.00868333 0.05007116 -0.01218082
v 0.00859024 0.05037352 -0.01222557
v 0.00849965 0.05037352 -0.01229622
v 0.00841820 0.05037352 -0.01235902
v 0.00839659 0.05067299 -0.01234332
v 0.00831015 0.05082273 -0.01238964
v 0.00819961 0.05112220 -0.01242889
v 0.00810403 0.05112220 -0.01249797
v 0.00801427 0.05127194 -0.01254193
v 0.00782643 0.05135833 -0.01266440
v 0.00754967 0.05157142 -0.01283161
v 0.00736682 0.05160597 -0.01295800
v 0.00735435 0.05172403 -0.01294858
v 0.00752473 0.05179890 -0.01281356
v 0.00961088 0.05007116 -0.01129922
v 0.00979289 0.04947221 -0.01118147
v 0.00913713 0.05052325 -0.01172628
v 0.00937816 0.05022090 -0.01151746
v 0.00965160 0.04932247 -0.01134005
v 0.00947956 0.04973713 -0.01146801
v 0.00933577 0.04962195 -0.01162423
v 0.00906233 0.05052325 -0.01180008
v 0.00906981 0.05037352 -0.01180871
v 0.00907812 0.05022090 -0.01181656
v 0.00909391 0.04992142 -0.01183226
v 0.00935156 0.04932247 -0.01163993
v 0.00706096 0.05189969 -0.01310559
v 0.00704351 0.05202351 -0.01309538
v 0.00713493 0.05185937 -0.01306869
v 0.00707509 0.05180178 -0.01311344
v 0.00727955 0.05172403 -0.01300039
v 0.00717815 0.05157142 -0.01308596
v 0.00710335 0.05157142 -0.01313071
v 0.00670524 0.05200911 -0.01329321
v 0.00674181 0.05217325 -0.01324454
v 0.00646088 0.05217325 -0.01340626
v 0.00654898 0.05232298 -0.01332854
v 0.00632541 0.05255335 -0.01341411
v 0.00649413 0.05277220 -0.01327516
v 0.00647917 0.05286146 -0.01326652
v 0.00685900 0.05307455 -0.01300353
v 0.00664706 0.05307455 -0.01312679
v 0.00654898 0.05307455 -0.01318174
v 0.00636281 0.05307455 -0.01328458
v 0.00650909 0.05337403 -0.01313228
v 0.00633954 0.05317822 -0.01327202
v 0.00648582 0.05346905 -0.01311894
v 0.00660051 0.05386067 -0.01295172
v 0.00631211 0.05327900 -0.01325789
v 0.00645673 0.05356984 -0.01310480
v 0.00671189 0.05458344 -0.01262750
v 0.00683988 0.05458344 -0.01255136
v 0.00686564 0.05458344 -0.01253565
v 0.00693463 0.05451433 -0.01251995
v 0.00654898 0.05412271 -0.01289049
v 0.00654815 0.05426381 -0.01284182
v 0.00649745 0.05438475 -0.01282612
v 0.00635616 0.05458344 -0.01283161
v 0.00654815 0.05443083 -0.01277980
v 0.00654566 0.05458344 -0.01272328
v 0.00663708 0.05458344 -0.01267068
v 0.00691302 0.05458344 -0.01250582
v 0.00696538 0.05458344 -0.01247207
v 0.00728121 0.05458344 -0.01225461
v 0.01011620 0.04917274 -0.01088787
v 0.00992837 0.04972273 -0.01101661
v 0.00613924 0.05458344 -0.01294623
v 0.00606693 0.05457481 -0.01298391
v 0.00620240 0.05439339 -0.01297606
v 0.00646753 0.05403921 -0.01296036
v 0.00634868 0.05367350 -0.01312522
v 0.00624894 0.05367350 -0.01317153
v 0.00618162 0.05346041 -0.01326652
v 0.00609851 0.05337403 -0.01333089
v 0.00620822 0.05337403 -0.01327987
v 0.00614173 0.05307455 -0.01339841
v 0.00624313 0.05293057 -0.01338271
v 0.00618993 0.05288450 -0.01342196
v 0.00662295 0.02807990 -0.01476358
v 0.00665869 0.02726787 -0.01478164
v 0.00698283 0.03987173 -0.01404371
v 0.00712745 0.03837148 -0.01404135
v 0.00714158 0.03807200 -0.01404842
v 0.00707841 0.03942252 -0.01401623
v 0.00707592 0.03306156 -0.01431454
v 0.00699115 0.03326889 -0.01434830
v 0.00699863 0.03252020 -0.01437892
v 0.00699863 0.03191837 -0.01440639
v 0.00701940 0.03101706 -0.01443622
v 0.00672103 0.02756734 -0.01473768
v 0.00669859 0.02561787 -0.01483188
v 0.00659636 0.02516578 -0.01490018
v 0.00669111 0.02651630 -0.01479812
v 0.00671189 0.02635792 -0.01479420
v 0.00628053 0.05052325 -0.01369201
v 0.00639855 0.05067299 -0.01361665
v 0.00654898 0.05097247 -0.01350910
v 0.00650161 0.05052325 -0.01357818
v 0.00676425 0.04902300 -0.01355777
v 0.00663708 0.04977169 -0.01357112
v 0.00672269 0.04962195 -0.01353422
v 0.00655729 0.04902300 -0.01367552
v 0.00668944 0.05082273 -0.01344943
v 0.00659054 0.05037352 -0.01354521
v 0.00669859 0.05052325 -0.01347220
v 0.00669859 0.05037352 -0.01348555
v 0.00678835 0.05052325 -0.01342196
v 0.00679915 0.05037352 -0.01342824
v 0.00682076 0.05007116 -0.01344080
v 0.00625476 0.05261094 -0.01344158
v 0.00621154 0.05277220 -0.01343373
v 0.00647252 0.05209550 -0.01341254
v 0.00648665 0.05199471 -0.01342039
v 0.00677422 0.05194864 -0.01326338
v 0.00698450 0.05141016 -0.01322099
v 0.00693214 0.05127194 -0.01326809
v 0.00684902 0.05127194 -0.01331598
v 0.00672352 0.05127194 -0.01338585
v 0.00666285 0.05112220 -0.01343452
v 0.00641102 0.05081985 -0.01359545
v 0.00707675 0.04851620 -0.01341489
v 0.00708257 0.04842117 -0.01341882
v 0.00699863 0.04842117 -0.01346749
v 0.00686814 0.04857091 -0.01353186
v 0.00695374 0.04722039 -0.01358054
v 0.00686315 0.04557616 -0.01375010
v 0.00710335 0.04392041 -0.01373126
v 0.00704766 0.04692092 -0.01354835
v 0.00706595 0.04662144 -0.01355934
v 0.00707841 0.04643139 -0.01356562
v 0.00708506 0.04632197 -0.01356954
v 0.00716153 0.04526228 -0.01359938
v 0.00718729 0.04377067 -0.01369044
v 0.00721971 0.04320339 -0.01371085
v 0.00717815 0.04181832 -0.01383489
v 0.00719477 0.04151885 -0.01384509
v 0.00742915 0.04077016 -0.01374696
v 0.00720973 0.04121937 -0.01385451
v 0.00729950 0.04121937 -0.01379956
v 0.00780482 0.04016833 -0.01355149
v 0.00781230 0.04001859 -0.01355620
v 0.00705764 0.03987173 -0.01400524
v 0.00721638 0.04106963 -0.01385844
v 0.00728786 0.03942252 -0.01390161
v 0.00729950 0.03867095 -0.01393302
v 0.00719560 0.03852122 -0.01399896
v 0.00830683 0.03926990 -0.01328536
v 0.00829104 0.03957226 -0.01327516
v 0.00828356 0.03972200 -0.01326966
v 0.00825862 0.04227041 -0.01310245
v 0.00827608 0.04400679 -0.01296428
v 0.00848137 0.04151885 -0.01300275
v 0.00837914 0.04347119 -0.01293131
v 0.00820792 0.03897043 -0.01337015
v 0.00819961 0.03926990 -0.01335759
v 0.00931998 0.04844997 -0.01175926
v 0.00949618 0.04797196 -0.01163365
v 0.00975965 0.04722039 -0.01144838
v 0.00957846 0.04782222 -0.01156771
v 0.00974469 0.04751987 -0.01143347
v 0.00973721 0.04767248 -0.01142562
v 0.00980453 0.04782222 -0.01134319
v 0.00996161 0.04767248 -0.01120031
v 0.00987185 0.04797196 -0.01125997
v 0.01011620 0.04888766 -0.01091927
v 0.00814974 0.04497145 -0.01298077
v 0.00812814 0.04537747 -0.01296585
v 0.00838080 0.04737013 -0.01263300
v 0.00836251 0.04767248 -0.01262122
v 0.00842402 0.04849028 -0.01251289
v 0.00809905 0.04586987 -0.01294623
v 0.00857528 0.04895389 -0.01236452
v 0.00842984 0.05018922 -0.01236766
v 0.00870743 0.04962195 -0.01220044
v 0.00879138 0.04977169 -0.01211880
v 0.00878307 0.04992142 -0.01211252
v 0.00921609 0.04902300 -0.01180400
v 0.00931416 0.04857091 -0.01175297
v 0.00699863 0.02561787 -0.01467173
v 0.00699863 0.02546526 -0.01467644
v 0.00688227 0.02546526 -0.01474160
v 0.00688975 0.02516578 -0.01474474
v 0.00688642 0.02531552 -0.01474317
v 0.00699863 0.02576761 -0.01466624
v 0.00706179 0.02636656 -0.01460736
v 0.00714906 0.02681577 -0.01454063
v 0.00722802 0.02756734 -0.01446606
v 0.00729950 0.02861838 -0.01437813
v 0.00784056 0.03611966 -0.01372341
v 0.00752556 0.03036052 -0.01416460
v 0.00799017 0.03747017 -0.01357347
v 0.00801011 0.03687122 -0.01358603
v 0.00813894 0.03882069 -0.01342274
v 0.00859939 0.05022090 -0.01223263
v 0.00848718 0.05023242 -0.01231898
v 0.00833259 0.05052325 -0.01240534
v 0.00832179 0.05067299 -0.01239749
v 0.00818964 0.05083425 -0.01247364
v 0.00812398 0.05089472 -0.01251289
v 0.00729950 0.05142168 -0.01302552
v 0.00730947 0.05156278 -0.01300196
v 0.00747071 0.05127194 -0.01292582
v 0.00739508 0.05127194 -0.01297841
v 0.00959259 0.04902300 -0.01143111
v 0.00917370 0.04983504 -0.01176239
v 0.00951779 0.04902300 -0.01150569
v 0.00944216 0.04902300 -0.01158105
v 0.00700611 0.05185937 -0.01314406
v 0.00719311 0.05142168 -0.01309460
v 0.00711831 0.05142168 -0.01314013
v 0.00630795 0.05265126 -0.01340469
v 0.00628635 0.05277220 -0.01339291
v 0.00640603 0.05291617 -0.01329557
v 0.00646005 0.05296225 -0.01325553
v 0.00642431 0.05367350 -0.01308989
v 0.00644010 0.05412271 -0.01294701
v 0.00654981 0.05398162 -0.01293759
v 0.00628302 0.05337403 -0.01324454
v 0.00639024 0.05426957 -0.01292346
v 0.00640769 0.05443083 -0.01285830
v 0.00624894 0.05457481 -0.01289206
v 0.00624894 0.05458344 -0.01288892
v 0.00642348 0.05458344 -0.01279315
v 0.00616916 0.05449130 -0.01296114
v 0.00720973 0.03822174 -0.01400602
v 0.00722137 0.03796546 -0.01401230
v 0.00722553 0.03786468 -0.01401466
v 0.00709836 0.03252020 -0.01432710
v 0.00712163 0.03191837 -0.01434123
v 0.00704517 0.03041811 -0.01444878
v 0.00674098 0.02711813 -0.01474710
v 0.00680165 0.02561787 -0.01477850
v 0.00669859 0.02516578 -0.01484758
v 0.00677505 0.02630033 -0.01476437
v 0.00684902 0.04917274 -0.01349654
v 0.00684902 0.04902300 -0.01350831
v 0.00683074 0.04992142 -0.01344708
v 0.00686315 0.04962771 -0.01345179
v 0.00675178 0.05097247 -0.01340076
v 0.00677173 0.05073346 -0.01341254
v 0.00684902 0.05082273 -0.01335994
v 0.00683739 0.05067875 -0.01337957
v 0.00696871 0.05082273 -0.01329007
v 0.00687479 0.05037352 -0.01338428
v 0.00689557 0.05007116 -0.01339684
v 0.00654150 0.05203503 -0.01338271
v 0.00700694 0.05127194 -0.01322334
v 0.00694543 0.05112220 -0.01327594
v 0.00684902 0.05112220 -0.01333168
v 0.00673765 0.05112220 -0.01339370
v 0.00722885 0.04913530 -0.01326652
v 0.00696704 0.04902300 -0.01343923
v 0.00707010 0.04861410 -0.01341097
v 0.00715903 0.05022090 -0.01322256
v 0.00723882 0.05082273 -0.01312286
v 0.00718896 0.04977169 -0.01324061
v 0.00719810 0.04962195 -0.01324690
v 0.00713576 0.04856803 -0.01337250
v 0.00718480 0.04797196 -0.01338820
v 0.00720308 0.04767248 -0.01339998
v 0.00711914 0.04782222 -0.01344080
v 0.00699863 0.04797196 -0.01350046
v 0.00711166 0.04586987 -0.01358603
v 0.00712911 0.04557040 -0.01359702
v 0.00716901 0.04617223 -0.01352951
v 0.00713659 0.04647746 -0.01352715
v 0.00718646 0.04586987 -0.01354050
v 0.00721306 0.04542066 -0.01355620
v 0.00723799 0.04497145 -0.01357269
v 0.00729950 0.04377067 -0.01361979
v 0.00759953 0.04301910 -0.01348162
v 0.00759953 0.04271963 -0.01350282
v 0.00746323 0.04151885 -0.01367474
v 0.00729950 0.04151885 -0.01377915
v 0.00744328 0.04046780 -0.01375481
v 0.00782810 0.03968456 -0.01356562
v 0.00783308 0.03957226 -0.01356876
v 0.00741253 0.04106963 -0.01373833
v 0.00749564 0.04091990 -0.01369594
v 0.00748816 0.04106963 -0.01369044
v 0.00759953 0.04091990 -0.01362999
v 0.00789957 0.04031807 -0.01348084
v 0.00801344 0.03987173 -0.01343923
v 0.00802175 0.03972200 -0.01344394
v 0.00803754 0.03942252 -0.01345258
v 0.00735019 0.03972200 -0.01384902
v 0.00737347 0.03918352 -0.01386315
v 0.00738261 0.03897043 -0.01386864
v 0.00739508 0.03867095 -0.01387649
v 0.00740754 0.03837148 -0.01388356
v 0.00819961 0.03942252 -0.01334738
v 0.00819961 0.03957226 -0.01333717
v 0.00819296 0.04001859 -0.01330970
v 0.00821208 0.04106963 -0.01322099
v 0.00811151 0.04362093 -0.01310480
v 0.00812814 0.03908561 -0.01341568
v 0.00818631 0.03912881 -0.01337486
v 0.00811234 0.03942252 -0.01340547
v 0.00810486 0.03957226 -0.01340076
v 0.00956350 0.04812169 -0.01155279
v 0.00962168 0.04846148 -0.01146016
v 0.00796939 0.04482171 -0.01311030
v 0.00794446 0.04527092 -0.01309381
v 0.00782893 0.04598506 -0.01311658
v 0.00781812 0.04617223 -0.01310951
v 0.00802424 0.04586987 -0.01299647
v 0.00806331 0.04647170 -0.01292189
v 0.00813063 0.04719447 -0.01281748
v 0.00819961 0.04947221 -0.01258511
v 0.00828106 0.04962195 -0.01251760
v 0.00837415 0.04932247 -0.01247835
v 0.00800596 0.04617223 -0.01298469
v 0.00823535 0.05037352 -0.01248620
v 0.00814143 0.05067299 -0.01252466
v 0.00681411 0.02516578 -0.01478635
v 0.00681079 0.02531552 -0.01478399
v 0.00687146 0.02576761 -0.01473611
v 0.00705099 0.02666604 -0.01460108
v 0.00716236 0.02770844 -0.01449667
v 0.00722137 0.02775163 -0.01446213
v 0.00721888 0.03131942 -0.01431062
v 0.00729950 0.03161889 -0.01424860
v 0.00759953 0.03417019 -0.01395500
v 0.00782643 0.03651992 -0.01371478
v 0.00797604 0.03787043 -0.01356483
v 0.00794612 0.03867095 -0.01354678
v 0.00804918 0.03897043 -0.01346985
v 0.00806414 0.03912881 -0.01345258
v 0.00797271 0.03797122 -0.01356248
v 0.00796357 0.03822174 -0.01355698
v 0.00821624 0.05067299 -0.01247207
v 0.00813229 0.05079393 -0.01251838
v 0.00767267 0.05103582 -0.01281199
v 0.00766519 0.05112220 -0.01280728
v 0.00729950 0.05127194 -0.01304279
v 0.00748235 0.05112220 -0.01293445
v 0.00740754 0.05112220 -0.01298548
v 0.00720641 0.05127194 -0.01310245
v 0.00713161 0.05127194 -0.01314798
v 0.00728537 0.03791651 -0.01397698
v 0.00723550 0.03761991 -0.01402016
v 0.00721638 0.03476914 -0.01415911
v 0.00718563 0.03221784 -0.01429099
v 0.00713826 0.03146916 -0.01435144
v 0.00706262 0.02996890 -0.01445820
v 0.00692216 0.02806551 -0.01461286
v 0.00692216 0.04968242 -0.01341254
v 0.00703270 0.05097247 -0.01323826
v 0.00697868 0.05067299 -0.01329714
v 0.00698865 0.05052325 -0.01330342
v 0.00702024 0.05112220 -0.01323119
v 0.00729950 0.04932247 -0.01320450
v 0.00729950 0.04782222 -0.01332461
v 0.00725711 0.05052325 -0.01313542
v 0.00732360 0.05067299 -0.01307968
v 0.00706345 0.05052325 -0.01325710
v 0.00707093 0.05041959 -0.01326103
v 0.00714906 0.05052325 -0.01320372
v 0.00722386 0.05104734 -0.01311344
v 0.00728454 0.05110781 -0.01306869
v 0.00730448 0.05097247 -0.01306712
v 0.00729950 0.04767248 -0.01333639
v 0.00729950 0.04751987 -0.01334816
v 0.00751975 0.04677118 -0.01326024
v 0.00752390 0.04669343 -0.01326338
v 0.00721888 0.04739892 -0.01341018
v 0.00725461 0.04677118 -0.01343295
v 0.00729950 0.04572014 -0.01348005
v 0.00732194 0.04482171 -0.01353029
v 0.00745575 0.04377067 -0.01352009
v 0.00758956 0.04347119 -0.01345572
v 0.00769013 0.04301910 -0.01342353
v 0.00782643 0.04191047 -0.01341489
v 0.00787298 0.04106963 -0.01344472
v 0.00777241 0.04077016 -0.01353029
v 0.00753138 0.04016833 -0.01371792
v 0.00794030 0.03882069 -0.01354285
v 0.00774914 0.03882069 -0.01365747
v 0.00746406 0.03882069 -0.01382782
v 0.00798102 0.04046780 -0.01341803
v 0.00800596 0.04001859 -0.01343373
v 0.00761200 0.03865656 -0.01374775
v 0.00759953 0.03852122 -0.01376188
v 0.00759953 0.03837148 -0.01376894
v 0.00741918 0.03807200 -0.01389062
v 0.00812897 0.04121937 -0.01326652
v 0.00806164 0.04135471 -0.01330106
v 0.00789957 0.04227041 -0.01334110
v 0.00773584 0.04331570 -0.01337250
v 0.00789957 0.04421988 -0.01319979
v 0.00808907 0.03987173 -0.01338977
v 0.00773833 0.04421988 -0.01330499
v 0.00748899 0.04527092 -0.01339056
v 0.00762862 0.04617223 -0.01323355
v 0.00739175 0.04767248 -0.01327516
v 0.00771174 0.04857091 -0.01298862
v 0.00750146 0.05082273 -0.01294780
v 0.00789957 0.04812169 -0.01289834
v 0.00759953 0.05067299 -0.01289363
v 0.00806829 0.05007116 -0.01262515
v 0.00796606 0.05052325 -0.01265733
v 0.00816055 0.05037352 -0.01253722
v 0.00740505 0.04932247 -0.01313385
v 0.00735103 0.05022090 -0.01309774
v 0.00749232 0.05097247 -0.01294152
v 0.00787131 0.05082273 -0.01269580
v 0.00794695 0.05082273 -0.01264399
v 0.00707260 0.02972414 -0.01446292
v 0.00707592 0.02962335 -0.01446527
v 0.00711415 0.02861838 -0.01448568
v 0.00719477 0.02846865 -0.01444721
v 0.00719145 0.03206811 -0.01429413
v 0.00727789 0.03311915 -0.01419600
v 0.00729368 0.03266994 -0.01420621
v 0.00734188 0.03341862 -0.01414419
v 0.00787713 0.03852122 -0.01359545
v 0.00773418 0.03865656 -0.01367474
v 0.00774415 0.03672149 -0.01375560
v 0.00729950 0.03537097 -0.01408296
v 0.00734438 0.03672149 -0.01399582
v 0.00773750 0.05098111 -0.01277273
v 0.00721721 0.05114812 -0.01310873
v 0.00741669 0.05097247 -0.01299254
v 0.00732194 0.03732044 -0.01398247
v 0.00729950 0.03567044 -0.01406961
v 0.00724963 0.03387072 -0.01417952
v 0.00727207 0.03326889 -0.01419286
v 0.00704351 0.05082273 -0.01324454
v 0.00732111 0.04692092 -0.01337878
v 0.00752058 0.04470941 -0.01341097
v 0.00727124 0.04647170 -0.01344394
v 0.00744910 0.04407014 -0.01350282
v 0.00742749 0.03446967 -0.01404606
f 1 2 6
f 1 6 15
f 1 15 28
f 1 28 31
f 1 31 30
f 1 30 44
f 1 44 71
f 1 71 105
f 1 105 156
f 1 156 238
f 1 238 340
f 1 340 453
f 1 453 561
f 1 561 663
f 1 663 782
f 1 782 931
f 1 931 1100
f 1 1100 1280
f 1 1280 1461
f 1 1461 1274
f 1 1274 1277
f 1 1277 1462
f 1 1462 1464
f 1 1464 1463
f 1 1463 1372
f 1 1372 1371
f 1 1371 1184
f 1 1184 1183
f 1 1183 997
f 1 997 848
f 1 848 720
f 1 720 615
f 1 615 511
f 1 511 510
f 1 510 509
f 1 509 394
f 1 394 281
f 1 281 209
f 1 209 137
f 1 137 88
f 1 88 58
f 1 58 55
f 1 55 37
f 1 37 24
f 1 24 10
f 1 10 3
f 1 3 4
f 1 4 9
f 1 9 8
f 1 8 23
f 1 23 36
f 1 36 54
f 1 54 73
f 1 73 107
f 1 107 106
f 1 106 157
f 1 157 158
f 1 158 241
f 1 241 345
f 1 345 459
f 1 459 571
f 1 571 570
f 1 570 673
f 1 673 796
f 1 796 948
f 1 948 1125
f 1 1125 1309
f 1 1309 1491
f 1 1491 1513
f 1 1513 1706
f 1 1706 1705
f 1 1705 1887
f 1 1887 2090
f 1 2090 2297
f 1 2297 2503
f 1 2503 2644
f 1 2644 2726
f 1 2726 2593
f 1 2593 2394
f 1 2394 2393
f 1 2393 2391
f 1 2391 2390
f 1 2390 2169
f 1 2169 1974
f 1 1974 1778
f 1 1778 1608
f 1 1608 1401
f 1 1401 1219
f 1 1219 1217
f 1 1217 1036
f 1 1036 1029
f 1 1029 878
f 1 878 735
f 1 735 624
f 1 624 522
f 1 522 409
f 1 409 296
f 1 296 213
f 1 213 147
f 1 147 138
f 1 138 90
f 1 90 61
f 1 61 40
f 1 40 27
f 1 27 13
f 1 13 5
f 1 5 2
f 2 5 6
f 3 7 8
f 3 8 9
f 3 9 4
f 3 10 11
f 3 11 12
f 3 12 7
f 5 13 14
f 5 14 6
f 6 14 16
f 6 16 17
f 6 17 18
f 6 18 19
f 6 19 20
f 6 20 15
f 7 12 21
f 7 21 8
f 8 22 23
f 8 21 22
f 10 24 25
f 10 25 11
f 11 25 26
f 11 26 12
f 12 26 33
f 12 33 21
f 13 27 42
f 13 42 67
f 13 67 98
f 13 98 148
f 13 148 220
f 13 220 307
f 13 307 419
f 13 419 417
f 13 417 416
f 13 416 415
f 13 415 414
f 13 414 533
f 13 533 530
f 13 530 529
f 13 529 629
f 13 629 628
f 13 628 745
f 13 745 888
f 13 888 1051
f 13 1051 1050
f 13 1050 1230
f 13 1230 1228
f 13 1228 1413
f 13 1413 1602
f 13 1602 1601
f 13 1601 1400
f 13 1400 1398
f 13 1398 1606
f 13 1606 1605
f 13 1605 1604
f 13 1604 1603
f 13 1603 1776
f 13 1776 1777
f 13 1777 1956
f 13 1956 1955
f 13 1955 1954
f 13 1954 1953
f 13 1953 1952
f 13 1952 1951
f 13 1951 1950
f 13 1950 1949
f 13 1949 1948
f 13 1948 1947
f 13 1947 1946
f 13 1946 1945
f 13 1945 1944
f 13 1944 2148
f 13 2148 2365
f 13 2365 2576
f 13 2576 2476
f 13 2476 2256
f 13 2256 2056
f 13 2056 2055
f 13 2055 2054
f 13 2054 1846
f 13 1846 1670
f 13 1670 1450
f 13 1450 1446
f 13 1446 1252
f 13 1252 1074
f 13 1074 1073
f 13 1073 1072
f 13 1072 1052
f 13 1052 889
f 13 889 746
f 13 746 631
f 13 631 534
f 13 534 423
f 13 423 422
f 13 422 421
f 13 421 420
f 13 420 312
f 13 312 311
f 13 311 310
f 13 310 309
f 13 309 308
f 13 308 221
f 13 221 149
f 13 149 99
f 13 99 68
f 13 68 43
f 13 43 29
f 13 29 20
f 13 20 19
f 13 19 18
f 13 18 17
f 13 17 16
f 13 16 14
f 15 20 28
f 20 29 30
f 20 30 31
f 20 31 28
f 21 32 35
f 21 35 22
f 21 33 34
f 21 34 32
f 22 35 36
f 22 36 23
f 24 26 25
f 24 37 26
f 26 37 38
f 26 38 39
f 26 39 33
f 27 40 41
f 27 41 63
f 27 63 42
f 29 43 70
f 29 70 102
f 29 102 101
f 29 101 152
f 29 152 230
f 29 230 328
f 29 328 327
f 29 327 326
f 29 326 437
f 29 437 436
f 29 436 546
f 29 546 545
f 29 545 639
f 29 639 757
f 29 757 761
f 29 761 904
f 29 904 1079
f 29 1079 1259
f 29 1259 1456
f 29 1456 1460
f 29 1460 1676
f 29 1676 1857
f 29 1857 1856
f 29 1856 1855
f 29 1855 2052
f 29 2052 2255
f 29 2255 2475
f 29 2475 2253
f 29 2253 2252
f 29 2252 2474
f 29 2474 2473
f 29 2473 2464
f 29 2464 2463
f 29 2463 2462
f 29 2462 2472
f 29 2472 2471
f 29 2471 2634
f 29 2634 2469
f 29 2469 2633
f 29 2633 2478
f 29 2478 2261
f 29 2261 2063
f 29 2063 2062
f 29 2062 1868
f 29 1868 1866
f 29 1866 1865
f 29 1865 1864
f 29 1864 1863
f 29 1863 2060
f 29 2060 1858
f 29 1858 1680
f 29 1680 1472
f 29 1472 1289
f 29 1289 1107
f 29 1107 935
f 29 935 788
f 29 788 787
f 29 787 786
f 29 786 767
f 29 767 651
f 29 651 650
f 29 650 553
f 29 553 446
f 29 446 331
f 29 331 330
f 29 330 329
f 29 329 232
f 29 232 154
f 29 154 104
f 29 104 71
f 29 71 44
f 29 44 30
f 32 45 35
f 32 34 46
f 32 46 47
f 32 47 45
f 33 48 34
f 33 39 49
f 33 49 50
f 33 50 51
f 33 51 52
f 33 52 53
f 33 53 48
f 34 48 46
f 35 45 36
f 36 45 54
f 37 55 38
f 38 56 57
f 38 57 39
f 38 55 58
f 38 58 56
f 39 57 59
f 39 59 60
f 39 60 49
f 40 61 62
f 40 62 41
f 41 62 92
f 41 92 63
f 42 63 64
f 42 64 65
f 42 65 66
f 42 66 67
f 43 68 69
f 43 69 70
f 45 72 73
f 45 73 54
f 45 47 74
f 45 74 72
f 46 75 74
f 46 74 47
f 46 48 76
f 46 76 77
f 46 77 78
f 46 78 79
f 46 79 80
f 46 80 75
f 48 81 76
f 48 53 81
f 49 60 50
f 50 60 82
f 50 82 83
f 50 83 51
f 51 84 85
f 51 85 53
f 51 53 52
f 51 83 86
f 51 86 84
f 53 85 87
f 53 87 81
f 56 58 57
f 57 58 88
f 57 88 59
f 59 89 60
f 59 88 89
f 60 89 82
f 61 90 62
f 62 90 91
f 62 91 140
f 62 140 93
f 62 93 92
f 63 92 64
f 64 92 93
f 64 93 65
f 65 94 95
f 65 95 96
f 65 96 67
f 65 67 66
f 65 93 97
f 65 97 94
f 67 96 98
f 68 99 100
f 68 100 69
f 69 101 102
f 69 102 70
f 69 100 103
f 69 103 101
f 71 104 105
f 72 106 107
f 72 107 73
f 72 74 108
f 72 108 106
f 74 109 110
f 74 110 108
f 74 75 80
f 74 80 111
f 74 111 109
f 76 81 87
f 76 87 77
f 77 112 113
f 77 113 114
f 77 114 115
f 77 115 79
f 77 79 78
f 77 87 116
f 77 116 117
f 77 117 118
f 77 118 119
f 77 119 120
f 77 120 121
f 77 121 122
f 77 122 112
f 79 115 123
f 79 123 164
f 79 164 111
f 79 111 80
f 82 89 124
f 82 124 125
f 82 125 126
f 82 126 127
f 82 127 128
f 82 128 83
f 83 129 86
f 83 128 129
f 84 86 130
f 84 130 85
f 85 130 87
f 86 131 132
f 86 132 130
f 86 129 128
f 86 128 133
f 86 133 134
f 86 134 135
f 86 135 136
f 86 136 131
f 87 130 116
f 88 137 124
f 88 124 89
f 90 138 139
f 90 139 140
f 90 140 91
f 93 140 97
f 94 141 95
f 94 97 142
f 94 142 143
f 94 143 141
f 95 141 144
f 95 144 96
f 96 144 145
f 96 145 215
f 96 215 146
f 96 146 98
f 97 140 139
f 97 139 138
f 97 138 147
f 97 147 142
f 98 146 148
f 99 149 100
f 100 149 150
f 100 150 151
f 100 151 103
f 101 103 151
f 101 151 153
f 101 153 152
f 104 154 155
f 104 155 105
f 105 155 156
f 106 108 157
f 108 158 157
f 108 110 158
f 109 159 160
f 109 160 110
f 109 111 161
f 109 161 159
f 110 160 162
f 110 162 163
f 110 163 158
f 111 164 161
f 112 165 166
f 112 166 167
f 112 167 168
f 112 168 169
f 112 169 114
f 112 114 113
f 112 122 165
f 114 169 170
f 114 170 171
f 114 171 115
f 115 171 123
f 116 130 132
f 116 132 131
f 116 131 172
f 116 172 117
f 117 172 119
f 117 119 118
f 119 172 173
f 119 173 174
f 119 174 175
f 119 175 120
f 120 175 176
f 120 176 177
f 120 177 178
f 120 178 179
f 120 179 180
f 120 180 121
f 121 180 181
f 121 181 182
f 121 182 183
f 121 183 122
f 122 183 184
f 122 184 185
f 122 185 186
f 122 186 187
f 122 187 188
f 122 188 165
f 123 171 189
f 123 189 164
f 124 137 190
f 124 190 125
f 125 190 137
f 125 137 126
f 126 137 191
f 126 191 192
f 126 192 193
f 126 193 194
f 126 194 195
f 126 195 196
f 126 196 197
f 126 197 127
f 127 197 198
f 127 198 128
f 128 198 133
f 131 199 200
f 131 200 172
f 131 136 199
f 133 198 197
f 133 197 201
f 133 201 202
f 133 202 203
f 133 203 134
f 134 203 202
f 134 202 135
f 135 204 136
f 135 202 205
f 135 205 206
f 135 206 207
f 135 207 204
f 136 204 208
f 136 208 199
f 137 209 193
f 137 193 191
f 141 143 210
f 141 210 211
f 141 211 212
f 141 212 144
f 142 147 143
f 143 147 213
f 143 213 214
f 143 214 211
f 143 211 210
f 144 212 145
f 145 212 216
f 145 216 217
f 145 217 218
f 145 218 215
f 146 215 148
f 148 215 218
f 148 218 217
f 148 217 219
f 148 219 220
f 149 221 222
f 149 222 223
f 149 223 150
f 150 224 151
f 150 223 224
f 151 224 225
f 151 225 226
f 151 226 227
f 151 227 228
f 151 228 229
f 151 229 153
f 152 153 230
f 153 229 231
f 153 231 230
f 154 232 233
f 154 233 234
f 154 234 155
f 155 235 236
f 155 236 237
f 155 237 238
f 155 238 156
f 155 234 239
f 155 239 240
f 155 240 235
f 158 163 241
f 159 161 164
f 159 164 242
f 159 242 160
f 160 243 244
f 160 244 245
f 160 245 163
f 160 163 162
f 160 242 243
f 163 245 246
f 163 246 241
f 164 247 243
f 164 243 242
f 164 189 247
f 165 188 166
f 166 248 249
f 166 249 250
f 166 250 167
f 166 188 251
f 166 251 248
f 167 250 252
f 167 252 168
f 168 252 169
f 169 252 253
f 169 253 170
f 170 253 359
f 170 359 254
f 170 254 255
f 170 255 256
f 170 256 171
f 171 256 257
f 171 257 189
f 172 200 174
f 172 174 173
f 174 200 258
f 174 258 204
f 174 204 175
f 175 204 259
f 175 259 205
f 175 205 176
f 176 205 177
f 177 205 260
f 177 260 261
f 177 261 262
f 177 262 178
f 178 262 180
f 178 180 179
f 180 262 263
f 180 263 181
f 181 264 265
f 181 265 266
f 181 266 267
f 181 267 268
f 181 268 182
f 181 263 269
f 181 269 270
f 181 270 271
f 181 271 264
f 182 268 272
f 182 272 183
f 183 272 273
f 183 273 274
f 183 274 185
f 183 185 184
f 185 274 273
f 185 273 275
f 185 275 276
f 185 276 277
f 185 277 186
f 186 277 187
f 187 251 188
f 187 277 278
f 187 278 279
f 187 279 249
f 187 249 251
f 189 257 280
f 189 280 247
f 191 193 192
f 193 209 281
f 193 281 282
f 193 282 283
f 193 283 194
f 194 283 284
f 194 284 195
f 195 201 196
f 195 284 201
f 196 201 197
f 199 208 200
f 200 208 204
f 200 204 258
f 201 284 285
f 201 285 286
f 201 286 287
f 201 287 288
f 201 288 202
f 202 288 205
f 204 207 289
f 204 289 259
f 205 288 287
f 205 287 286
f 205 286 285
f 205 285 260
f 205 259 289
f 205 289 206
f 206 289 207
f 211 214 290
f 211 290 291
f 211 291 292
f 211 292 293
f 211 293 405
f 211 405 294
f 211 294 295
f 211 295 212
f 212 295 216
f 213 296 297
f 213 297 214
f 214 297 298
f 214 298 299
f 214 299 291
f 214 291 290
f 216 295 300
f 216 300 301
f 216 301 302
f 216 302 303
f 216 303 304
f 216 304 217
f 217 304 303
f 217 303 305
f 217 305 306
f 217 306 219
f 219 306 307
f 219 307 220
f 221 308 222
f 222 309 310
f 222 310 311
f 222 311 312
f 222 312 313
f 222 313 314
f 222 314 315
f 222 315 316
f 222 316 317
f 222 317 318
f 222 318 224
f 222 224 223
f 222 308 309
f 224 318 319
f 224 319 225
f 225 320 226
f 225 319 321
f 225 321 320
f 226 322 227
f 226 320 322
f 227 323 324
f 227 324 228
f 227 322 325
f 227 325 323
f 228 324 229
f 229 324 326
f 229 326 327
f 229 327 231
f 230 231 328
f 231 327 328
f 232 329 233
f 233 329 330
f 233 330 331
f 233 331 332
f 233 332 333
f 233 333 334
f 233 334 234
f 234 334 239
f 235 240 236
f 236 240 335
f 236 335 336
f 236 336 337
f 236 337 338
f 236 338 237
f 237 338 337
f 237 337 339
f 237 339 340
f 237 340 238
f 239 341 342
f 239 342 343
f 239 343 336
f 239 336 240
f 239 334 341
f 240 336 335
f 241 344 345
f 241 246 344
f 243 346 244
f 243 247 346
f 244 246 245
f 244 346 246
f 246 347 348
f 246 348 349
f 246 349 350
f 246 350 351
f 246 351 352
f 246 352 353
f 246 353 344
f 246 346 247
f 246 247 347
f 247 280 348
f 247 348 347
f 248 251 249
f 249 279 354
f 249 354 355
f 249 355 356
f 249 356 250
f 250 356 357
f 250 357 358
f 250 358 252
f 252 358 253
f 253 358 359
f 254 359 475
f 254 475 360
f 254 360 255
f 255 360 257
f 255 257 256
f 257 360 280
f 260 285 361
f 260 361 269
f 260 269 261
f 261 269 263
f 261 263 262
f 264 362 265
f 264 271 377
f 264 377 363
f 264 363 364
f 264 364 365
f 264 365 366
f 264 366 362
f 265 362 266
f 266 367 267
f 266 362 366
f 266 366 368
f 266 368 369
f 266 369 370
f 266 370 367
f 267 371 268
f 267 367 372
f 267 372 373
f 267 373 374
f 267 374 375
f 267 375 376
f 267 376 371
f 268 371 272
f 269 361 377
f 269 377 270
f 270 377 271
f 272 371 378
f 272 378 379
f 272 379 380
f 272 380 273
f 273 380 275
f 275 381 276
f 275 380 382
f 275 382 383
f 275 383 381
f 276 381 384
f 276 384 385
f 276 385 277
f 277 385 386
f 277 386 387
f 277 387 278
f 278 388 389
f 278 389 390
f 278 390 279
f 278 387 388
f 279 391 355
f 279 355 354
f 279 390 391
f 280 360 392
f 280 392 393
f 280 393 348
f 281 394 395
f 281 395 396
f 281 396 397
f 281 397 282
f 282 397 283
f 283 397 398
f 283 398 399
f 283 399 284
f 284 399 398
f 284 398 285
f 285 398 513
f 285 513 400
f 285 400 377
f 285 377 361
f 291 299 401
f 291 401 402
f 291 402 292
f 292 403 293
f 292 402 404
f 292 404 403
f 293 403 406
f 293 406 405
f 294 405 295
f 295 405 407
f 295 407 408
f 295 408 300
f 296 409 410
f 296 410 298
f 296 298 297
f 298 410 299
f 299 410 401
f 300 408 411
f 300 411 301
f 301 411 412
f 301 412 413
f 301 413 303
f 301 303 302
f 303 413 414
f 303 414 415
f 303 415 416
f 303 416 417
f 303 417 418
f 303 418 305
f 305 418 306
f 306 418 417
f 306 417 419
f 306 419 307
f 312 420 313
f 313 420 421
f 313 421 422
f 313 422 423
f 313 423 424
f 313 424 314
f 314 424 315
f 315 424 425
f 315 425 426
f 315 426 316
f 316 426 427
f 316 427 428
f 316 428 429
f 316 429 317
f 317 429 319
f 317 319 318
f 319 429 321
f 320 321 430
f 320 430 431
f 320 431 432
f 320 432 322
f 321 429 433
f 321 433 434
f 321 434 431
f 321 431 430
f 322 432 325
f 323 435 436
f 323 436 437
f 323 437 438
f 323 438 326
f 323 326 324
f 323 325 439
f 323 439 435
f 325 432 440
f 325 440 441
f 325 441 442
f 325 442 443
f 325 443 444
f 325 444 445
f 325 445 439
f 326 438 437
f 331 446 333
f 331 333 332
f 333 446 447
f 333 447 334
f 334 447 341
f 336 343 342
f 336 342 448
f 336 448 449
f 336 449 450
f 336 450 451
f 336 451 337
f 337 451 450
f 337 450 452
f 337 452 453
f 337 453 339
f 339 453 340
f 341 447 454
f 341 454 342
f 342 455 456
f 342 456 457
f 342 457 448
f 342 454 455
f 344 458 459
f 344 459 345
f 344 353 460
f 344 460 461
f 344 461 458
f 348 393 462
f 348 462 349
f 349 462 350
f 350 462 463
f 350 463 351
f 351 460 353
f 351 353 352
f 351 463 464
f 351 464 465
f 351 465 460
f 355 391 466
f 355 466 467
f 355 467 356
f 356 468 469
f 356 469 357
f 356 467 468
f 357 470 359
f 357 359 358
f 357 469 471
f 357 471 470
f 359 470 472
f 359 472 473
f 359 473 474
f 359 474 475
f 360 475 392
f 363 377 476
f 363 476 364
f 364 476 477
f 364 477 368
f 364 368 365
f 365 368 366
f 367 370 372
f 368 477 478
f 368 478 369
f 369 478 479
f 369 479 480
f 369 480 370
f 370 480 481
f 370 481 372
f 371 376 378
f 372 481 482
f 372 482 373
f 373 375 374
f 373 482 588
f 373 588 483
f 373 483 484
f 373 484 485
f 373 485 375
f 375 485 486
f 375 486 376
f 376 486 487
f 376 487 488
f 376 488 489
f 376 489 378
f 377 400 516
f 377 516 490
f 377 490 491
f 377 491 476
f 378 489 492
f 378 492 379
f 379 492 382
f 379 382 380
f 381 383 384
f 382 492 488
f 382 488 493
f 382 493 494
f 382 494 495
f 382 495 383
f 383 495 384
f 384 496 386
f 384 386 385
f 384 495 497
f 384 497 498
f 384 498 499
f 384 499 500
f 384 500 496
f 386 501 387
f 386 496 502
f 386 502 503
f 386 503 501
f 387 501 504
f 387 504 388
f 388 504 505
f 388 505 389
f 389 505 506
f 389 506 391
f 389 391 390
f 391 506 507
f 391 507 466
f 392 475 393
f 393 475 508
f 393 508 462
f 394 509 395
f 395 509 510
f 395 510 511
f 395 511 396
f 396 511 512
f 396 512 513
f 396 513 398
f 396 398 514
f 396 514 515
f 396 515 397
f 397 515 398
f 398 515 514
f 400 513 618
f 400 618 516
f 401 410 404
f 401 404 402
f 403 404 406
f 404 517 518
f 404 518 519
f 404 519 406
f 404 410 517
f 405 406 519
f 405 519 407
f 407 519 520
f 407 520 521
f 407 521 408
f 408 521 411
f 409 522 523
f 409 523 524
f 409 524 410
f 410 524 525
f 410 525 517
f 411 526 412
f 411 521 527
f 411 527 526
f 412 528 529
f 412 529 530
f 412 530 413
f 412 526 531
f 412 531 532
f 412 532 528
f 413 530 533
f 413 533 414
f 423 534 424
f 424 534 535
f 424 535 425
f 425 535 632
f 425 632 536
f 425 536 427
f 425 427 537
f 425 537 426
f 426 537 427
f 427 538 428
f 427 536 539
f 427 539 540
f 427 540 538
f 428 538 429
f 429 538 541
f 429 541 542
f 429 542 433
f 431 434 543
f 431 543 544
f 431 544 442
f 431 442 440
f 431 440 432
f 433 542 434
f 434 542 543
f 435 545 546
f 435 546 436
f 435 439 545
f 439 445 444
f 439 444 547
f 439 547 545
f 440 442 441
f 442 544 548
f 442 548 549
f 442 549 550
f 442 550 551
f 442 551 443
f 443 551 444
f 444 551 552
f 444 552 547
f 446 553 447
f 447 553 554
f 447 554 555
f 447 555 454
f 448 457 556
f 448 556 449
f 449 556 557
f 449 557 450
f 450 557 558
f 450 558 559
f 450 559 452
f 452 559 560
f 452 560 561
f 452 561 453
f 454 562 455
f 454 555 562
f 455 562 563
f 455 563 456
f 456 564 565
f 456 565 566
f 456 566 567
f 456 567 457
f 456 563 564
f 457 567 556
f 458 568 569
f 458 569 570
f 458 570 571
f 458 571 459
f 458 461 465
f 458 465 568
f 460 465 461
f 462 508 463
f 463 508 465
f 463 465 464
f 465 508 572
f 465 572 573
f 465 573 574
f 465 574 568
f 466 575 467
f 466 507 575
f 467 575 576
f 467 576 577
f 467 577 468
f 468 577 469
f 469 577 471
f 470 471 577
f 470 577 472
f 472 577 578
f 472 578 473
f 473 578 579
f 473 579 474
f 474 580 581
f 474 581 582
f 474 582 583
f 474 583 572
f 474 572 475
f 474 579 584
f 474 584 580
f 475 572 508
f 476 491 477
f 477 491 585
f 477 585 478
f 478 585 586
f 478 586 480
f 478 480 479
f 480 586 587
f 480 587 482
f 480 482 481
f 482 587 588
f 483 588 589
f 483 589 486
f 483 486 484
f 484 486 485
f 486 589 590
f 486 590 587
f 486 587 591
f 486 591 592
f 486 592 593
f 486 593 594
f 486 594 595
f 486 595 596
f 486 596 597
f 486 597 487
f 487 597 598
f 487 598 493
f 487 493 488
f 488 492 489
f 490 516 599
f 490 599 600
f 490 600 491
f 491 600 601
f 491 601 585
f 493 602 498
f 493 498 603
f 493 603 494
f 493 598 604
f 493 604 602
f 494 603 498
f 494 498 495
f 495 498 497
f 496 500 502
f 498 602 605
f 498 605 707
f 498 707 606
f 498 606 500
f 498 500 499
f 500 606 607
f 500 607 608
f 500 608 609
f 500 609 503
f 500 503 502
f 501 610 611
f 501 611 612
f 501 612 504
f 501 503 610
f 503 609 610
f 504 612 611
f 504 611 613
f 504 613 505
f 505 613 614
f 505 614 575
f 505 575 506
f 506 575 507
f 511 615 512
f 512 615 616
f 512 616 617
f 512 617 618
f 512 618 513
f 516 618 617
f 516 617 619
f 516 619 701
f 516 701 599
f 517 620 518
f 517 525 620
f 518 621 532
f 518 532 531
f 518 531 622
f 518 622 623
f 518 623 519
f 518 620 621
f 519 623 520
f 520 623 521
f 521 623 622
f 521 622 527
f 522 624 625
f 522 625 523
f 523 625 626
f 523 626 627
f 523 627 524
f 524 627 620
f 524 620 525
f 526 527 531
f 527 622 531
f 528 628 629
f 528 629 529
f 528 532 630
f 528 630 628
f 532 621 630
f 534 631 535
f 535 631 632
f 536 632 539
f 538 548 541
f 538 540 633
f 538 633 634
f 538 634 635
f 538 635 636
f 538 636 548
f 539 637 638
f 539 638 633
f 539 633 540
f 539 632 637
f 541 548 544
f 541 544 542
f 542 544 543
f 545 547 639
f 547 552 640
f 547 640 641
f 547 641 642
f 547 642 639
f 548 636 643
f 548 643 549
f 549 643 644
f 549 644 550
f 550 645 646
f 550 646 647
f 550 647 648
f 550 648 551
f 550 644 645
f 551 648 647
f 551 647 649
f 551 649 552
f 552 649 647
f 552 647 640
f 553 650 554
f 554 650 651
f 554 651 555
f 555 651 652
f 555 652 563
f 555 563 562
f 556 567 557
f 557 567 653
f 557 653 654
f 557 654 655
f 557 655 558
f 558 656 657
f 558 657 658
f 558 658 659
f 558 659 559
f 558 655 660
f 558 660 661
f 558 661 656
f 559 659 560
f 560 659 777
f 560 777 662
f 560 662 561
f 561 662 663
f 563 664 665
f 563 665 564
f 563 652 666
f 563 666 667
f 563 667 668
f 563 668 664
f 564 665 565
f 565 665 669
f 565 669 670
f 565 670 671
f 565 671 566
f 566 671 567
f 567 671 653
f 568 672 569
f 568 574 672
f 569 672 570
f 570 672 674
f 570 674 675
f 570 675 673
f 572 583 573
f 573 583 574
f 574 583 672
f 575 614 576
f 576 578 577
f 576 614 676
f 576 676 578
f 578 676 677
f 578 677 678
f 578 678 579
f 579 678 687
f 579 687 584
f 580 679 581
f 580 584 679
f 581 680 681
f 581 681 582
f 581 679 682
f 581 682 683
f 581 683 680
f 582 681 684
f 582 684 583
f 583 684 685
f 583 685 675
f 583 675 686
f 583 686 672
f 584 687 688
f 584 688 679
f 585 601 689
f 585 689 586
f 586 689 587
f 587 689 690
f 587 690 691
f 587 691 591
f 587 590 588
f 588 590 589
f 591 691 690
f 591 690 692
f 591 692 592
f 592 692 693
f 592 693 694
f 592 694 695
f 592 695 696
f 592 696 593
f 593 696 697
f 593 697 594
f 594 697 698
f 594 698 595
f 595 698 699
f 595 699 596
f 596 700 604
f 596 604 597
f 596 699 823
f 596 823 700
f 597 604 598
f 599 701 702
f 599 702 600
f 600 702 703
f 600 703 601
f 601 690 689
f 601 703 690
f 602 704 605
f 602 604 704
f 604 700 705
f 604 705 706
f 604 706 704
f 605 704 707
f 606 708 709
f 606 709 607
f 606 707 710
f 606 710 711
f 606 711 708
f 607 709 608
f 608 709 712
f 608 712 609
f 609 712 610
f 610 712 611
f 611 712 713
f 611 713 714
f 611 714 715
f 611 715 716
f 611 716 613
f 613 717 718
f 613 718 719
f 613 719 614
f 613 716 715
f 613 715 717
f 614 719 676
f 615 720 721
f 615 721 616
f 616 721 617
f 617 721 722
f 617 722 723
f 617 723 619
f 619 723 724
f 619 724 725
f 619 725 726
f 619 726 701
f 620 727 728
f 620 728 621
f 620 627 727
f 621 728 729
f 621 729 730
f 621 730 731
f 621 731 732
f 621 732 733
f 621 733 734
f 621 734 630
f 624 735 736
f 624 736 737
f 624 737 738
f 624 738 625
f 625 738 739
f 625 739 626
f 626 739 627
f 627 739 727
f 628 630 740
f 628 740 733
f 628 733 741
f 628 741 742
f 628 742 743
f 628 743 744
f 628 744 745
f 630 734 740
f 631 746 637
f 631 637 632
f 633 638 747
f 633 747 748
f 633 748 634
f 634 749 635
f 634 748 750
f 634 750 749
f 635 749 751
f 635 751 636
f 636 751 644
f 636 644 643
f 637 746 752
f 637 752 753
f 637 753 638
f 638 753 754
f 638 754 755
f 638 755 890
f 638 890 747
f 639 756 757
f 639 642 756
f 640 647 641
f 641 647 758
f 641 758 759
f 641 759 642
f 642 760 761
f 642 761 757
f 642 757 756
f 642 759 760
f 644 751 762
f 644 762 645
f 645 763 764
f 645 764 646
f 645 762 763
f 646 764 647
f 647 765 766
f 647 766 758
f 647 764 765
f 651 767 652
f 652 767 666
f 653 671 768
f 653 768 654
f 654 769 655
f 654 768 671
f 654 671 770
f 654 770 771
f 654 771 772
f 654 772 778
f 654 778 769
f 655 769 660
f 656 773 657
f 656 661 774
f 656 774 773
f 657 773 775
f 657 775 658
f 658 775 659
f 659 775 920
f 659 920 776
f 659 776 777
f 660 769 778
f 660 778 779
f 660 779 780
f 660 780 661
f 661 780 781
f 661 781 774
f 662 777 782
f 662 782 663
f 664 783 784
f 664 784 665
f 664 668 783
f 665 784 785
f 665 785 669
f 666 767 786
f 666 786 667
f 667 786 787
f 667 787 788
f 667 788 789
f 667 789 790
f 667 790 784
f 667 784 783
f 667 783 668
f 669 791 792
f 669 792 793
f 669 793 794
f 669 794 670
f 669 785 791
f 670 794 771
f 670 771 770
f 670 770 671
f 672 686 674
f 673 795 796
f 673 675 797
f 673 797 795
f 674 686 675
f 675 798 795
f 675 795 797
f 675 685 798
f 676 719 799
f 676 799 800
f 676 800 801
f 676 801 677
f 677 801 803
f 677 803 678
f 678 802 687
f 678 803 802
f 679 688 804
f 679 804 682
f 680 683 805
f 680 805 806
f 680 806 681
f 681 806 807
f 681 807 808
f 681 808 809
f 681 809 684
f 682 804 683
f 683 804 802
f 683 802 810
f 683 810 805
f 684 809 811
f 684 811 812
f 684 812 685
f 685 812 795
f 685 795 798
f 687 802 688
f 688 802 804
f 690 703 693
f 690 693 692
f 693 703 695
f 693 695 694
f 695 703 813
f 695 813 814
f 695 814 815
f 695 815 696
f 696 815 697
f 697 815 816
f 697 816 698
f 698 816 817
f 698 817 818
f 698 818 819
f 698 819 699
f 699 819 820
f 699 820 821
f 699 821 822
f 699 822 823
f 700 824 705
f 700 823 824
f 701 726 825
f 701 825 826
f 701 826 702
f 702 826 703
f 703 826 813
f 704 827 828
f 704 828 707
f 704 706 829
f 704 829 827
f 705 830 831
f 705 831 829
f 705 829 706
f 705 824 832
f 705 832 833
f 705 833 830
f 707 828 710
f 708 711 834
f 708 834 835
f 708 835 836
f 708 836 837
f 708 837 838
f 708 838 839
f 708 839 709
f 709 839 840
f 709 840 715
f 709 715 714
f 709 714 712
f 710 828 841
f 710 841 842
f 710 842 711
f 711 842 982
f 711 982 843
f 711 843 834
f 712 714 713
f 715 840 844
f 715 844 717
f 717 844 845
f 717 845 846
f 717 846 718
f 718 846 847
f 718 847 719
f 719 847 800
f 719 800 799
f 720 848 721
f 721 848 849
f 721 849 722
f 722 849 850
f 722 850 851
f 722 851 723
f 723 851 724
f 724 852 853
f 724 853 854
f 724 854 855
f 724 855 856
f 724 856 857
f 724 857 858
f 724 858 859
f 724 859 725
f 724 851 852
f 725 859 726
f 726 860 825
f 726 859 860
f 727 861 728
f 727 739 861
f 728 861 729
f 729 861 862
f 729 862 863
f 729 863 730
f 730 863 864
f 730 864 865
f 730 865 866
f 730 866 867
f 730 867 1015
f 730 1015 868
f 730 868 731
f 731 868 869
f 731 869 870
f 731 870 871
f 731 871 872
f 731 872 873
f 731 873 874
f 731 874 875
f 731 875 732
f 732 875 876
f 732 876 733
f 733 876 875
f 733 875 877
f 733 877 743
f 733 743 741
f 733 740 734
f 735 878 736
f 736 879 880
f 736 880 737
f 736 878 881
f 736 881 882
f 736 882 883
f 736 883 884
f 736 884 879
f 737 739 738
f 737 880 885
f 737 885 865
f 737 865 862
f 737 862 861
f 737 861 739
f 741 743 742
f 743 877 886
f 743 886 744
f 744 886 887
f 744 887 888
f 744 888 745
f 746 889 752
f 747 890 891
f 747 891 748
f 748 891 892
f 748 892 893
f 748 893 750
f 749 750 751
f 750 894 751
f 750 893 895
f 750 895 1058
f 750 1058 894
f 751 896 897
f 751 897 763
f 751 763 762
f 751 894 898
f 751 898 896
f 752 889 899
f 752 899 753
f 753 899 754
f 754 900 901
f 754 901 902
f 754 902 755
f 754 899 900
f 755 902 890
f 758 766 760
f 758 760 759
f 760 903 761
f 760 766 911
f 760 911 903
f 761 903 904
f 763 897 896
f 763 896 905
f 763 905 906
f 763 906 907
f 763 907 908
f 763 908 764
f 764 908 909
f 764 909 910
f 764 910 765
f 765 910 766
f 766 910 911
f 771 912 913
f 771 913 772
f 771 794 912
f 772 913 1086
f 772 1086 914
f 772 914 915
f 772 915 916
f 772 916 917
f 772 917 918
f 772 918 778
f 773 919 920
f 773 920 775
f 773 774 921
f 773 921 922
f 773 922 919
f 774 781 921
f 776 920 923
f 776 923 924
f 776 924 782
f 776 782 777
f 778 918 925
f 778 925 779
f 779 925 926
f 779 926 927
f 779 927 780
f 780 927 928
f 780 928 929
f 780 929 781
f 781 929 930
f 781 930 921
f 782 924 931
f 784 932 785
f 784 790 933
f 784 933 932
f 785 932 934
f 785 934 791
f 788 935 936
f 788 936 789
f 789 936 790
f 790 936 937
f 790 937 938
f 790 938 933
f 791 939 940
f 791 940 941
f 791 941 792
f 791 934 939
f 792 941 942
f 792 942 943
f 792 943 793
f 793 943 944
f 793 944 945
f 793 945 912
f 793 912 794
f 795 946 796
f 795 812 947
f 795 947 946
f 796 946 948
f 800 847 801
f 801 847 846
f 801 846 803
f 802 803 846
f 802 846 949
f 802 949 950
f 802 950 810
f 805 810 806
f 806 810 807
f 807 810 951
f 807 951 808
f 808 952 953
f 808 953 954
f 808 954 809
f 808 951 955
f 808 955 956
f 808 956 952
f 809 954 811
f 810 950 957
f 810 957 951
f 811 954 958
f 811 958 959
f 811 959 947
f 811 947 960
f 811 960 812
f 812 960 947
f 813 826 860
f 813 860 961
f 813 961 814
f 814 961 962
f 814 962 816
f 814 816 815
f 816 962 963
f 816 963 817
f 817 963 818
f 818 963 964
f 818 964 965
f 818 965 820
f 818 820 819
f 820 965 966
f 820 966 967
f 820 967 821
f 821 968 822
f 821 967 969
f 821 969 970
f 821 970 968
f 822 968 971
f 822 971 972
f 822 972 823
f 823 972 824
f 824 972 832
f 825 860 826
f 827 829 828
f 828 973 974
f 828 974 841
f 828 829 975
f 828 975 973
f 829 831 975
f 830 976 831
f 830 833 977
f 830 977 976
f 831 976 978
f 831 978 973
f 831 973 975
f 832 972 971
f 832 971 979
f 832 979 980
f 832 980 833
f 833 980 981
f 833 981 977
f 834 843 835
f 835 843 982
f 835 982 836
f 836 983 984
f 836 984 985
f 836 985 837
f 836 982 986
f 836 986 983
f 837 985 838
f 838 985 839
f 839 985 987
f 839 987 988
f 839 988 840
f 840 988 989
f 840 989 990
f 840 990 844
f 841 974 991
f 841 991 992
f 841 992 982
f 841 982 842
f 844 990 989
f 844 989 845
f 845 989 987
f 845 987 993
f 845 993 994
f 845 994 846
f 846 994 995
f 846 995 996
f 846 996 949
f 848 997 849
f 849 997 998
f 849 998 999
f 849 999 850
f 850 999 851
f 851 999 852
f 852 999 853
f 853 1000 1001
f 853 1001 1002
f 853 1002 854
f 853 999 1000
f 854 1003 855
f 854 1002 1004
f 854 1004 917
f 854 917 1003
f 855 1003 856
f 856 1003 1005
f 856 1005 1006
f 856 1006 1007
f 856 1007 1008
f 856 1008 857
f 857 1008 961
f 857 961 860
f 857 860 859
f 857 859 858
f 862 865 863
f 863 865 864
f 865 1009 1010
f 865 1010 1011
f 865 1011 866
f 865 885 1012
f 865 1012 1009
f 866 1011 867
f 867 1011 1010
f 867 1010 1013
f 867 1013 1014
f 867 1014 1015
f 868 1015 1016
f 868 1016 1017
f 868 1017 869
f 869 1017 1018
f 869 1018 1019
f 869 1019 870
f 870 1019 1020
f 870 1020 871
f 871 1020 1197
f 871 1197 1021
f 871 1021 1023
f 871 1023 872
f 872 1022 873
f 872 1023 1024
f 872 1024 1025
f 872 1025 1022
f 873 1022 1026
f 873 1026 1027
f 873 1027 874
f 874 1027 886
f 874 886 875
f 875 1028 877
f 875 886 1028
f 877 1028 886
f 878 1029 881
f 879 884 880
f 880 884 1030
f 880 1030 1031
f 880 1031 1032
f 880 1032 1033
f 880 1033 1034
f 880 1034 1035
f 880 1035 1012
f 880 1012 885
f 881 1029 1036
f 881 1036 882
f 882 1037 883
f 882 1036 1038
f 882 1038 1039
f 882 1039 1040
f 882 1040 1041
f 882 1041 1037
f 883 1037 1042
f 883 1042 884
f 884 1043 1044
f 884 1044 1030
f 884 1042 1043
f 886 1027 1045
f 886 1045 1046
f 886 1046 1047
f 886 1047 1048
f 886 1048 887
f 887 1049 1050
f 887 1050 1051
f 887 1051 888
f 887 1048 1049
f 889 1052 1053
f 889 1053 899
f 890 902 1054
f 890 1054 1055
f 890 1055 1056
f 890 1056 891
f 891 1056 1057
f 891 1057 892
f 892 1057 895
f 892 895 893
f 894 1058 1059
f 894 1059 898
f 895 1057 1060
f 895 1060 1058
f 896 898 1061
f 896 1061 1062
f 896 1062 1063
f 896 1063 1064
f 896 1064 1065
f 896 1065 1066
f 896 1066 1067
f 896 1067 1068
f 896 1068 1069
f 896 1069 1070
f 896 1070 1071
f 896 1071 905
f 898 1059 1061
f 899 1053 1072
f 899 1072 900
f 900 1072 1073
f 900 1073 1074
f 900 1074 1075
f 900 1075 1076
f 900 1076 901
f 901 1076 1077
f 901 1077 902
f 902 1077 1078
f 902 1078 1054
f 903 1079 904
f 903 911 1080
f 903 1080 1081
f 903 1081 1079
f 905 1071 906
f 906 1071 907
f 907 1082 908
f 907 1071 1070
f 907 1070 1082
f 908 1082 1083
f 908 1083 909
f 909 1083 1084
f 909 1084 1085
f 909 1085 910
f 910 1085 1081
f 910 1081 911
f 911 1081 1080
f 912 945 913
f 913 945 1087
f 913 1087 1088
f 913 1088 1086
f 914 1086 915
f 915 1089 916
f 915 1086 1090
f 915 1090 1091
f 915 1091 1092
f 915 1092 1005
f 915 1005 1003
f 915 1003 1089
f 916 1089 917
f 917 1093 1003
f 917 1004 926
f 917 926 925
f 917 925 918
f 917 1089 1093
f 919 1094 920
f 919 922 1095
f 919 1095 1094
f 920 1094 1096
f 920 1096 923
f 921 930 929
f 921 929 1097
f 921 1097 1098
f 921 1098 922
f 922 1098 1095
f 923 931 924
f 923 1096 931
f 926 1004 1002
f 926 1002 927
f 927 1002 928
f 928 1097 929
f 928 1002 1099
f 928 1099 1097
f 931 1096 1100
f 932 933 1101
f 932 1101 1102
f 932 1102 934
f 933 938 1101
f 934 1102 1103
f 934 1103 1104
f 934 1104 1105
f 934 1105 1106
f 934 1106 939
f 935 1107 1108
f 935 1108 936
f 936 1108 1109
f 936 1109 937
f 937 1109 1110
f 937 1110 938
f 938 1110 1111
f 938 1111 1101
f 939 1106 940
f 940 1106 1112
f 940 1112 1113
f 940 1113 1114
f 940 1114 1115
f 940 1115 941
f 941 1115 1116
f 941 1116 1117
f 941 1117 942
f 942 1117 1116
f 942 1116 1118
f 942 1118 1119
f 942 1119 1120
f 942 1120 943
f 943 1120 1121
f 943 1121 1122
f 943 1122 944
f 944 1122 1123
f 944 1123 945
f 945 1123 1087
f 946 1124 1125
f 946 1125 948
f 946 947 1126
f 946 1126 1124
f 947 959 1126
f 949 996 950
f 950 996 1127
f 950 1127 1128
f 950 1128 957
f 951 957 1129
f 951 1129 955
f 952 1130 1131
f 952 1131 953
f 952 956 1132
f 952 1132 1130
f 953 1133 954
f 953 1131 1133
f 954 1133 1134
f 954 1134 1135
f 954 1135 1136
f 954 1136 958
f 955 1137 956
f 955 1129 1138
f 955 1138 1137
f 956 1137 1132
f 957 1128 1129
f 958 1136 1139
f 958 1139 959
f 959 1139 1124
f 959 1124 1126
f 961 963 962
f 961 1008 1140
f 961 1140 963
f 963 965 964
f 963 1140 965
f 965 1140 1141
f 965 1141 1142
f 965 1142 966
f 966 1142 1143
f 966 1143 967
f 967 1143 1144
f 967 1144 1145
f 967 1145 1146
f 967 1146 969
f 968 1147 1148
f 968 1148 979
f 968 979 971
f 968 970 1147
f 969 1146 1149
f 969 1149 1150
f 969 1150 1151
f 969 1151 1152
f 969 1152 970
f 970 1152 1153
f 970 1153 1154
f 970 1154 1155
f 970 1155 1147
f 973 1156 1157
f 973 1157 974
f 973 978 1156
f 974 1157 1158
f 974 1158 991
f 976 1159 978
f 976 977 1160
f 976 1160 1161
f 976 1161 1159
f 977 981 1160
f 978 1159 1162
f 978 1162 1156
f 979 1148 1163
f 979 1163 980
f 980 1163 1164
f 980 1164 1165
f 980 1165 981
f 981 1165 1166
f 981 1166 1167
f 981 1167 1160
f 982 992 1168
f 982 1168 1169
f 982 1169 1170
f 982 1170 1171
f 982 1171 983
f 982 983 986
f 983 1171 1172
f 983 1172 984
f 984 1173 1174
f 984 1174 1175
f 984 1175 985
f 984 1172 1173
f 985 1175 1174
f 985 1174 1176
f 985 1176 987
f 987 1176 1177
f 987 1177 993
f 987 989 988
f 991 1158 1337
f 991 1337 1178
f 991 1178 1168
f 991 1168 992
f 993 1177 1179
f 993 1179 994
f 994 1179 1180
f 994 1180 1181
f 994 1181 995
f 995 1181 996
f 996 1181 1182
f 996 1182 1127
f 997 1183 998
f 998 1183 1184
f 998 1184 1185
f 998 1185 1186
f 998 1186 1187
f 998 1187 1000
f 998 1000 999
f 1000 1187 1188
f 1000 1188 1002
f 1000 1002 1001
f 1002 1188 1186
f 1002 1186 1099
f 1003 1093 1089
f 1005 1092 1006
f 1006 1092 1091
f 1006 1091 1007
f 1007 1091 1189
f 1007 1189 1141
f 1007 1141 1140
f 1007 1140 1008
f 1009 1012 1035
f 1009 1035 1010
f 1010 1190 1013
f 1010 1035 1034
f 1010 1034 1033
f 1010 1033 1032
f 1010 1032 1190
f 1013 1190 1014
f 1014 1190 1191
f 1014 1191 1376
f 1014 1376 1192
f 1014 1192 1015
f 1015 1192 1193
f 1015 1193 1194
f 1015 1194 1016
f 1016 1194 1195
f 1016 1195 1018
f 1016 1018 1017
f 1018 1195 1196
f 1018 1196 1019
f 1019 1197 1020
f 1019 1196 1198
f 1019 1198 1197
f 1021 1024 1023
f 1021 1197 1199
f 1021 1199 1200
f 1021 1200 1201
f 1021 1201 1024
f 1022 1202 1026
f 1022 1025 1203
f 1022 1203 1204
f 1022 1204 1202
f 1024 1201 1205
f 1024 1205 1025
f 1025 1205 1206
f 1025 1206 1207
f 1025 1207 1208
f 1025 1208 1209
f 1025 1209 1210
f 1025 1210 1211
f 1025 1211 1203
f 1026 1202 1212
f 1026 1212 1027
f 1027 1212 1045
f 1030 1213 1031
f 1030 1044 1214
f 1030 1214 1215
f 1030 1215 1216
f 1030 1216 1213
f 1031 1213 1032
f 1032 1213 1216
f 1032 1216 1190
f 1036 1217 1038
f 1037 1041 1218
f 1037 1218 1043
f 1037 1043 1042
f 1038 1217 1219
f 1038 1219 1220
f 1038 1220 1039
f 1039 1220 1221
f 1039 1221 1040
f 1040 1221 1041
f 1041 1222 1223
f 1041 1223 1224
f 1041 1224 1044
f 1041 1044 1218
f 1041 1221 1225
f 1041 1225 1408
f 1041 1408 1222
f 1043 1218 1044
f 1044 1224 1374
f 1044 1374 1214
f 1045 1212 1226
f 1045 1226 1046
f 1046 1227 1229
f 1046 1229 1048
f 1046 1048 1047
f 1046 1226 1228
f 1046 1228 1227
f 1048 1229 1049
f 1049 1230 1050
f 1049 1229 1231
f 1049 1231 1230
f 1052 1072 1053
f 1054 1078 1055
f 1055 1078 1232
f 1055 1232 1056
f 1056 1232 1057
f 1057 1232 1060
f 1058 1060 1233
f 1058 1233 1234
f 1058 1234 1235
f 1058 1235 1059
f 1059 1235 1236
f 1059 1236 1237
f 1059 1237 1061
f 1060 1232 1238
f 1060 1238 1239
f 1060 1239 1233
f 1061 1237 1240
f 1061 1240 1062
f 1062 1240 1241
f 1062 1241 1242
f 1062 1242 1063
f 1063 1242 1243
f 1063 1243 1064
f 1064 1243 1244
f 1064 1244 1245
f 1064 1245 1065
f 1065 1245 1246
f 1065 1246 1066
f 1066 1246 1067
f 1067 1246 1247
f 1067 1247 1069
f 1067 1069 1068
f 1069 1247 1248
f 1069 1248 1249
f 1069 1249 1070
f 1070 1249 1250
f 1070 1250 1084
f 1070 1084 1251
f 1070 1251 1082
f 1074 1252 1075
f 1075 1252 1076
f 1076 1252 1253
f 1076 1253 1077
f 1077 1253 1254
f 1077 1254 1255
f 1077 1255 1078
f 1078 1255 1256
f 1078 1256 1257
f 1078 1257 1258
f 1078 1258 1232
f 1079 1081 1260
f 1079 1260 1259
f 1081 1085 1260
f 1082 1251 1083
f 1083 1251 1084
f 1084 1250 1261
f 1084 1261 1262
f 1084 1262 1263
f 1084 1263 1264
f 1084 1264 1085
f 1085 1264 1260
f 1086 1088 1268
f 1086 1268 1265
f 1086 1265 1090
f 1087 1123 1266
f 1087 1266 1145
f 1087 1145 1144
f 1087 1144 1267
f 1087 1267 1088
f 1088 1267 1325
f 1088 1325 1268
f 1090 1265 1268
f 1090 1268 1269
f 1090 1269 1270
f 1090 1270 1271
f 1090 1271 1141
f 1090 1141 1189
f 1090 1189 1272
f 1090 1272 1091
f 1091 1272 1189
f 1094 1095 1273
f 1094 1273 1274
f 1094 1274 1275
f 1094 1275 1096
f 1095 1098 1276
f 1095 1276 1277
f 1095 1277 1274
f 1095 1274 1273
f 1096 1275 1100
f 1097 1099 1186
f 1097 1186 1278
f 1097 1278 1279
f 1097 1279 1276
f 1097 1276 1098
f 1100 1275 1280
f 1101 1111 1102
f 1102 1111 1281
f 1102 1281 1282
f 1102 1282 1283
f 1102 1283 1103
f 1103 1283 1104
f 1104 1283 1284
f 1104 1284 1105
f 1105 1112 1106
f 1105 1284 1282
f 1105 1282 1285
f 1105 1285 1286
f 1105 1286 1287
f 1105 1287 1288
f 1105 1288 1112
f 1107 1289 1290
f 1107 1290 1108
f 1108 1291 1292
f 1108 1292 1293
f 1108 1293 1109
f 1108 1290 1291
f 1109 1293 1294
f 1109 1294 1110
f 1110 1294 1295
f 1110 1295 1111
f 1111 1295 1296
f 1111 1296 1281
f 1112 1288 1113
f 1113 1288 1297
f 1113 1297 1298
f 1113 1298 1114
f 1114 1298 1299
f 1114 1299 1115
f 1115 1299 1300
f 1115 1300 1116
f 1116 1300 1301
f 1116 1301 1302
f 1116 1302 1303
f 1116 1303 1118
f 1118 1303 1302
f 1118 1302 1304
f 1118 1304 1119
f 1119 1304 1305
f 1119 1305 1120
f 1120 1305 1121
f 1121 1305 1122
f 1122 1305 1306
f 1122 1306 1307
f 1122 1307 1308
f 1122 1308 1266
f 1122 1266 1123
f 1124 1139 1309
f 1124 1309 1125
f 1127 1182 1310
f 1127 1310 1311
f 1127 1311 1128
f 1128 1311 1312
f 1128 1312 1313
f 1128 1313 1314
f 1128 1314 1315
f 1128 1315 1138
f 1128 1138 1129
f 1130 1316 1131
f 1130 1132 1317
f 1130 1317 1316
f 1131 1316 1318
f 1131 1318 1319
f 1131 1319 1133
f 1132 1137 1317
f 1133 1319 1318
f 1133 1318 1134
f 1134 1318 1320
f 1134 1320 1135
f 1135 1320 1139
f 1135 1139 1136
f 1137 1321 1317
f 1137 1138 1321
f 1138 1315 1321
f 1139 1320 1322
f 1139 1322 1323
f 1139 1323 1309
f 1141 1271 1324
f 1141 1324 1142
f 1142 1324 1143
f 1143 1324 1270
f 1143 1270 1325
f 1143 1325 1267
f 1143 1267 1144
f 1145 1266 1308
f 1145 1308 1146
f 1146 1308 1149
f 1147 1155 1148
f 1148 1155 1326
f 1148 1326 1327
f 1148 1327 1163
f 1149 1308 1307
f 1149 1307 1150
f 1150 1328 1151
f 1150 1307 1329
f 1150 1329 1328
f 1151 1328 1153
f 1151 1153 1152
f 1153 1328 1330
f 1153 1330 1154
f 1154 1330 1326
f 1154 1326 1155
f 1156 1331 1332
f 1156 1332 1333
f 1156 1333 1157
f 1156 1162 1334
f 1156 1334 1335
f 1156 1335 1336
f 1156 1336 1331
f 1157 1333 1158
f 1158 1333 1337
f 1159 1335 1334
f 1159 1334 1162
f 1159 1161 1338
f 1159 1338 1339
f 1159 1339 1340
f 1159 1340 1335
f 1160 1167 1341
f 1160 1341 1342
f 1160 1342 1343
f 1160 1343 1161
f 1161 1343 1344
f 1161 1344 1345
f 1161 1345 1346
f 1161 1346 1338
f 1163 1327 1164
f 1164 1347 1165
f 1164 1327 1348
f 1164 1348 1349
f 1164 1349 1350
f 1164 1350 1347
f 1165 1347 1350
f 1165 1350 1167
f 1165 1167 1166
f 1167 1350 1349
f 1167 1349 1351
f 1167 1351 1352
f 1167 1352 1353
f 1167 1353 1354
f 1167 1354 1355
f 1167 1355 1341
f 1168 1178 1356
f 1168 1356 1357
f 1168 1357 1169
f 1169 1357 1170
f 1170 1357 1171
f 1171 1357 1358
f 1171 1358 1359
f 1171 1359 1173
f 1171 1173 1172
f 1173 1359 1174
f 1174 1177 1176
f 1174 1359 1358
f 1174 1358 1360
f 1174 1360 1177
f 1177 1360 1179
f 1178 1337 1361
f 1178 1361 1362
f 1178 1362 1356
f 1179 1360 1363
f 1179 1363 1364
f 1179 1364 1365
f 1179 1365 1366
f 1179 1366 1367
f 1179 1367 1368
f 1179 1368 1369
f 1179 1369 1370
f 1179 1370 1310
f 1179 1310 1182
f 1179 1182 1180
f 1180 1182 1181
f 1184 1371 1185
f 1185 1371 1372
f 1185 1372 1279
f 1185 1279 1373
f 1185 1373 1186
f 1186 1373 1278
f 1186 1188 1187
f 1190 1374 1375
f 1190 1375 1191
f 1190 1216 1214
f 1190 1214 1374
f 1191 1375 1570
f 1191 1570 1376
f 1192 1376 1193
f 1193 1376 1377
f 1193 1377 1378
f 1193 1378 1194
f 1194 1378 1379
f 1194 1379 1575
f 1194 1575 1380
f 1194 1380 1195
f 1195 1380 1381
f 1195 1381 1382
f 1195 1382 1196
f 1196 1382 1198
f 1197 1198 1383
f 1197 1383 1384
f 1197 1384 1199
f 1198 1382 1385
f 1198 1385 1386
f 1198 1386 1387
f 1198 1387 1388
f 1198 1388 1389
f 1198 1389 1383
f 1199 1384 1390
f 1199 1390 1391
f 1199 1391 1200
f 1200 1391 1392
f 1200 1392 1393
f 1200 1393 1201
f 1201 1393 1205
f 1202 1204 1212
f 1203 1211 1394
f 1203 1394 1204
f 1204 1394 1395
f 1204 1395 1226
f 1204 1226 1212
f 1205 1393 1206
f 1206 1393 1207
f 1207 1396 1208
f 1207 1393 1396
f 1208 1397 1210
f 1208 1210 1209
f 1208 1396 1397
f 1210 1397 1398
f 1210 1398 1399
f 1210 1399 1211
f 1211 1400 1394
f 1211 1399 1400
f 1214 1216 1215
f 1219 1401 1402
f 1219 1402 1403
f 1219 1403 1220
f 1220 1404 1221
f 1220 1403 1405
f 1220 1405 1615
f 1220 1615 1406
f 1220 1406 1618
f 1220 1618 1407
f 1220 1407 1408
f 1220 1408 1404
f 1221 1404 1408
f 1221 1408 1225
f 1222 1409 1410
f 1222 1410 1223
f 1222 1408 1407
f 1222 1407 1409
f 1223 1410 1411
f 1223 1411 1412
f 1223 1412 1224
f 1224 1412 1374
f 1226 1413 1228
f 1226 1395 1413
f 1227 1228 1229
f 1228 1230 1231
f 1228 1231 1414
f 1228 1414 1229
f 1229 1414 1231
f 1232 1258 1238
f 1233 1239 1415
f 1233 1415 1234
f 1234 1415 1416
f 1234 1416 1417
f 1234 1417 1235
f 1235 1417 1418
f 1235 1418 1419
f 1235 1419 1236
f 1236 1419 1420
f 1236 1420 1237
f 1237 1420 1421
f 1237 1421 1422
f 1237 1422 1423
f 1237 1423 1424
f 1237 1424 1240
f 1238 1258 1257
f 1238 1257 1425
f 1238 1425 1426
f 1238 1426 1427
f 1238 1427 1428
f 1238 1428 1239
f 1239 1428 1415
f 1240 1424 1429
f 1240 1429 1241
f 1241 1429 1430
f 1241 1430 1242
f 1242 1430 1431
f 1242 1431 1243
f 1243 1431 1432
f 1243 1432 1433
f 1243 1433 1434
f 1243 1434 1244
f 1244 1434 1433
f 1244 1433 1435
f 1244 1435 1245
f 1245 1435 1436
f 1245 1436 1437
f 1245 1437 1246
f 1246 1437 1438
f 1246 1438 1439
f 1246 1439 1247
f 1247 1439 1440
f 1247 1440 1441
f 1247 1441 1249
f 1247 1249 1248
f 1249 1441 1442
f 1249 1442 1443
f 1249 1443 1250
f 1250 1443 1444
f 1250 1444 1445
f 1250 1445 1261
f 1252 1446 1447
f 1252 1447 1253
f 1253 1448 1449
f 1253 1449 1254
f 1253 1447 1446
f 1253 1446 1450
f 1253 1450 1448
f 1254 1449 1452
f 1254 1452 1451
f 1254 1451 1255
f 1255 1451 1256
f 1256 1451 1452
f 1256 1452 1669
f 1256 1669 1453
f 1256 1453 1454
f 1256 1454 1257
f 1257 1454 1425
f 1259 1455 1456
f 1259 1260 1264
f 1259 1264 1455
f 1261 1445 1444
f 1261 1444 1457
f 1261 1457 1458
f 1261 1458 1262
f 1262 1458 1459
f 1262 1459 1460
f 1262 1460 1456
f 1262 1456 1455
f 1262 1455 1263
f 1263 1455 1264
f 1268 1325 1269
f 1269 1325 1270
f 1270 1324 1271
f 1274 1461 1275
f 1275 1461 1280
f 1276 1279 1277
f 1277 1279 1462
f 1278 1373 1279
f 1279 1463 1464
f 1279 1464 1462
f 1279 1372 1463
f 1281 1296 1282
f 1282 1465 1466
f 1282 1466 1467
f 1282 1467 1468
f 1282 1468 1285
f 1282 1284 1283
f 1282 1296 1294
f 1282 1294 1293
f 1282 1293 1465
f 1285 1468 1286
f 1286 1467 1287
f 1286 1468 1469
f 1286 1469 1467
f 1287 1467 1288
f 1288 1470 1471
f 1288 1471 1297
f 1288 1467 1470
f 1289 1472 1290
f 1290 1472 1473
f 1290 1473 1291
f 1291 1473 1474
f 1291 1474 1292
f 1292 1475 1476
f 1292 1476 1477
f 1292 1477 1478
f 1292 1478 1466
f 1292 1466 1293
f 1292 1474 1475
f 1293 1466 1465
f 1294 1296 1295
f 1297 1471 1298
f 1298 1479 1300
f 1298 1300 1299
f 1298 1471 1479
f 1300 1480 1481
f 1300 1481 1482
f 1300 1482 1483
f 1300 1483 1301
f 1300 1479 1480
f 1301 1483 1482
f 1301 1482 1302
f 1302 1482 1484
f 1302 1484 1485
f 1302 1485 1486
f 1302 1486 1304
f 1304 1487 1488
f 1304 1488 1305
f 1304 1486 1487
f 1305 1488 1489
f 1305 1489 1306
f 1306 1489 1307
f 1307 1490 1329
f 1307 1489 1490
f 1309 1323 1491
f 1310 1370 1311
f 1311 1492 1493
f 1311 1493 1312
f 1311 1370 1492
f 1312 1493 1313
f 1313 1493 1494
f 1313 1494 1314
f 1314 1495 1496
f 1314 1496 1315
f 1314 1494 1495
f 1315 1496 1497
f 1315 1497 1317
f 1315 1317 1321
f 1316 1317 1498
f 1316 1498 1499
f 1316 1499 1500
f 1316 1500 1501
f 1316 1501 1502
f 1316 1502 1503
f 1316 1503 1504
f 1316 1504 1318
f 1317 1497 1505
f 1317 1505 1498
f 1318 1504 1506
f 1318 1506 1320
f 1320 1506 1507
f 1320 1507 1508
f 1320 1508 1509
f 1320 1509 1510
f 1320 1510 1322
f 1322 1510 1509
f 1322 1509 1511
f 1322 1511 1512
f 1322 1512 1323
f 1323 1512 1513
f 1323 1513 1491
f 1326 1348 1327
f 1326 1330 1514
f 1326 1514 1515
f 1326 1515 1516
f 1326 1516 1517
f 1326 1517 1348
f 1328 1490 1518
f 1328 1518 1330
f 1328 1329 1490
f 1330 1486 1519
f 1330 1519 1520
f 1330 1520 1514
f 1330 1518 1487
f 1330 1487 1486
f 1331 1521 1522
f 1331 1522 1332
f 1331 1336 1523
f 1331 1523 1521
f 1332 1522 1524
f 1332 1524 1525
f 1332 1525 1333
f 1333 1525 1337
f 1335 1340 1526
f 1335 1526 1523
f 1335 1523 1336
f 1337 1525 1527
f 1337 1527 1528
f 1337 1528 1529
f 1337 1529 1530
f 1337 1530 1531
f 1337 1531 1361
f 1338 1346 1339
f 1339 1532 1340
f 1339 1346 1533
f 1339 1533 1532
f 1340 1532 1526
f 1341 1355 1342
f 1342 1355 1354
f 1342 1354 1534
f 1342 1534 1346
f 1342 1346 1345
f 1342 1345 1344
f 1342 1344 1343
f 1346 1534 1535
f 1346 1535 1533
f 1348 1517 1349
f 1349 1517 1351
f 1351 1517 1516
f 1351 1516 1536
f 1351 1536 1481
f 1351 1481 1537
f 1351 1537 1352
f 1352 1538 1353
f 1352 1537 1538
f 1353 1539 1540
f 1353 1540 1354
f 1353 1538 1541
f 1353 1541 1539
f 1354 1540 1534
f 1356 1542 1543
f 1356 1543 1358
f 1356 1358 1544
f 1356 1544 1357
f 1356 1362 1542
f 1357 1544 1358
f 1358 1545 1546
f 1358 1546 1360
f 1358 1543 1547
f 1358 1547 1548
f 1358 1548 1549
f 1358 1549 1550
f 1358 1550 1551
f 1358 1551 1545
f 1360 1546 1552
f 1360 1552 1553
f 1360 1553 1554
f 1360 1554 1363
f 1361 1531 1362
f 1362 1531 1555
f 1362 1555 1542
f 1363 1556 1364
f 1363 1554 1557
f 1363 1557 1556
f 1364 1558 1559
f 1364 1559 1366
f 1364 1366 1365
f 1364 1556 1560
f 1364 1560 1558
f 1366 1559 1561
f 1366 1561 1562
f 1366 1562 1367
f 1367 1562 1368
f 1368 1563 1564
f 1368 1564 1565
f 1368 1565 1566
f 1368 1566 1567
f 1368 1567 1569
f 1368 1569 1568
f 1368 1568 1369
f 1368 1562 1563
f 1369 1568 1370
f 1370 1568 1569
f 1370 1569 1492
f 1374 1412 1375
f 1375 1412 1570
f 1376 1570 1571
f 1376 1571 1377
f 1377 1571 1572
f 1377 1572 1573
f 1377 1573 1378
f 1378 1573 1749
f 1378 1749 1574
f 1378 1574 1575
f 1378 1575 1379
f 1380 1575 1381
f 1381 1575 1574
f 1381 1574 1576
f 1381 1576 1577
f 1381 1577 1382
f 1382 1577 1385
f 1383 1389 1384
f 1384 1389 1595
f 1384 1595 1578
f 1384 1578 1579
f 1384 1579 1580
f 1384 1580 1581
f 1384 1581 1390
f 1385 1582 1386
f 1385 1577 1582
f 1386 1582 1387
f 1387 1583 1388
f 1387 1582 1584
f 1387 1584 1585
f 1387 1585 1586
f 1387 1586 1587
f 1387 1587 1588
f 1387 1588 1583
f 1388 1583 1588
f 1388 1588 1589
f 1388 1589 1590
f 1388 1590 1591
f 1388 1591 1389
f 1389 1591 1590
f 1389 1590 1592
f 1389 1592 1593
f 1389 1593 1594
f 1389 1594 1595
f 1390 1581 1596
f 1390 1596 1391
f 1391 1596 1580
f 1391 1580 1597
f 1391 1597 1598
f 1391 1598 1392
f 1392 1598 1599
f 1392 1599 1393
f 1393 1599 1600
f 1393 1600 1396
f 1394 1601 1395
f 1394 1400 1601
f 1395 1601 1602
f 1395 1602 1413
f 1396 1603 1604
f 1396 1604 1605
f 1396 1605 1606
f 1396 1606 1398
f 1396 1398 1397
f 1396 1600 1607
f 1396 1607 1603
f 1398 1400 1399
f 1401 1608 1609
f 1401 1609 1610
f 1401 1610 1402
f 1402 1610 1611
f 1402 1611 1612
f 1402 1612 1613
f 1402 1613 1614
f 1402 1614 1405
f 1402 1405 1403
f 1405 1614 1615
f 1406 1615 1616
f 1406 1616 1617
f 1406 1617 1618
f 1407 1618 1792
f 1407 1792 1619
f 1407 1619 1620
f 1407 1620 1409
f 1409 1620 1410
f 1410 1621 1411
f 1410 1620 1621
f 1411 1622 1412
f 1411 1621 1793
f 1411 1793 1622
f 1412 1622 1623
f 1412 1623 1624
f 1412 1624 1571
f 1412 1571 1570
f 1415 1428 1625
f 1415 1625 1626
f 1415 1626 1627
f 1415 1627 1416
f 1416 1627 1628
f 1416 1628 1629
f 1416 1629 1417
f 1417 1629 1418
f 1418 1629 1630
f 1418 1630 1631
f 1418 1631 1419
f 1419 1631 1632
f 1419 1632 1420
f 1420 1422 1421
f 1420 1632 1633
f 1420 1633 1422
f 1422 1633 1632
f 1422 1632 1634
f 1422 1634 1635
f 1422 1635 1423
f 1423 1635 1636
f 1423 1636 1637
f 1423 1637 1424
f 1424 1637 1430
f 1424 1430 1429
f 1425 1454 1638
f 1425 1638 1813
f 1425 1813 1639
f 1425 1639 1640
f 1425 1640 1641
f 1425 1641 1426
f 1426 1641 1642
f 1426 1642 1643
f 1426 1643 1644
f 1426 1644 1427
f 1427 1644 1645
f 1427 1645 1428
f 1428 1645 1646
f 1428 1646 1647
f 1428 1647 1625
f 1430 1637 1648
f 1430 1648 1649
f 1430 1649 1431
f 1431 1650 1651
f 1431 1651 1432
f 1431 1649 1650
f 1432 1651 1433
f 1433 1651 1652
f 1433 1652 1653
f 1433 1653 1435
f 1435 1653 1654
f 1435 1654 1655
f 1435 1655 1656
f 1435 1656 1436
f 1436 1656 1437
f 1437 1656 1657
f 1437 1657 1658
f 1437 1658 1659
f 1437 1659 1438
f 1438 1660 1661
f 1438 1661 1439
f 1438 1659 1662
f 1438 1662 1660
f 1439 1661 1440
f 1440 1661 1660
f 1440 1660 1663
f 1440 1663 1664
f 1440 1664 1665
f 1440 1665 1442
f 1440 1442 1441
f 1442 1665 1443
f 1443 1665 1444
f 1444 1665 1666
f 1444 1666 1457
f 1448 1450 1667
f 1448 1667 1449
f 1449 1667 1668
f 1449 1668 1669
f 1449 1669 1452
f 1450 1670 1667
f 1453 1669 1671
f 1453 1671 1454
f 1454 1671 1672
f 1454 1672 1813
f 1454 1813 1638
f 1457 1666 1673
f 1457 1673 1458
f 1458 1673 1674
f 1458 1674 1459
f 1459 1674 1675
f 1459 1675 1676
f 1459 1676 1460
f 1466 1478 1467
f 1467 1469 1468
f 1467 1478 1677
f 1467 1677 1470
f 1470 1678 1679
f 1470 1679 1479
f 1470 1479 1471
f 1470 1677 1678
f 1472 1680 1681
f 1472 1681 1473
f 1473 1681 1680
f 1473 1680 1682
f 1473 1682 1683
f 1473 1683 1684
f 1473 1684 1474
f 1474 1684 1475
f 1475 1685 1686
f 1475 1686 1477
f 1475 1477 1476
f 1475 1684 1683
f 1475 1683 1685
f 1477 1677 1478
f 1477 1686 1687
f 1477 1687 1688
f 1477 1688 1678
f 1477 1678 1677
f 1479 1679 1689
f 1479 1689 1480
f 1480 1690 1481
f 1480 1689 1690
f 1481 1536 1482
f 1481 1690 1691
f 1481 1691 1537
f 1482 1536 1692
f 1482 1692 1484
f 1484 1692 1485
f 1485 1520 1519
f 1485 1519 1486
f 1485 1692 1520
f 1487 1518 1489
f 1487 1489 1488
f 1489 1518 1490
f 1492 1693 1493
f 1492 1569 1693
f 1493 1693 1694
f 1493 1694 1695
f 1493 1695 1494
f 1494 1695 1495
f 1495 1696 1496
f 1495 1695 1696
f 1496 1696 1497
f 1497 1696 1505
f 1498 1505 1696
f 1498 1696 1697
f 1498 1697 1499
f 1499 1697 1500
f 1500 1697 1501
f 1501 1698 1699
f 1501 1699 1700
f 1501 1700 1502
f 1501 1697 1701
f 1501 1701 1702
f 1501 1702 1698
f 1502 1700 1507
f 1502 1507 1503
f 1503 1507 1506
f 1503 1506 1504
f 1507 1700 1699
f 1507 1699 1509
f 1507 1509 1508
f 1509 1703 1511
f 1509 1699 1703
f 1511 1703 1704
f 1511 1704 1705
f 1511 1705 1706
f 1511 1706 1513
f 1511 1513 1512
f 1514 1520 1515
f 1515 1520 1692
f 1515 1692 1536
f 1515 1536 1516
f 1521 1523 1707
f 1521 1707 1708
f 1521 1708 1709
f 1521 1709 1710
f 1521 1710 1711
f 1521 1711 1522
f 1522 1711 1524
f 1523 1526 1532
f 1523 1532 1712
f 1523 1712 1707
f 1524 1527 1525
f 1524 1711 1713
f 1524 1713 1714
f 1524 1714 1527
f 1527 1714 1528
f 1528 1714 1713
f 1528 1713 1529
f 1529 1555 1531
f 1529 1531 1530
f 1529 1713 1710
f 1529 1710 1715
f 1529 1715 1716
f 1529 1716 1717
f 1529 1717 1545
f 1529 1545 1551
f 1529 1551 1549
f 1529 1549 1555
f 1532 1718 1719
f 1532 1719 1712
f 1532 1533 1718
f 1533 1535 1720
f 1533 1720 1718
f 1534 1540 1535
f 1535 1540 1720
f 1537 1691 1721
f 1537 1721 1538
f 1538 1722 1723
f 1538 1723 1724
f 1538 1724 1541
f 1538 1721 1725
f 1538 1725 1722
f 1539 1541 1726
f 1539 1726 1540
f 1540 1726 1727
f 1540 1727 1720
f 1541 1724 1726
f 1542 1549 1548
f 1542 1548 1543
f 1542 1555 1549
f 1543 1548 1547
f 1545 1717 1546
f 1546 1717 1552
f 1549 1551 1550
f 1552 1717 1728
f 1552 1728 1729
f 1552 1729 1553
f 1553 1729 1554
f 1554 1730 1731
f 1554 1731 1732
f 1554 1732 1557
f 1554 1729 1730
f 1556 1733 1734
f 1556 1734 1560
f 1556 1557 1735
f 1556 1735 1733
f 1557 1732 1735
f 1558 1560 1736
f 1558 1736 1734
f 1558 1734 1737
f 1558 1737 1559
f 1559 1737 1738
f 1559 1738 1739
f 1559 1739 1740
f 1559 1740 1563
f 1559 1563 1561
f 1560 1734 1736
f 1561 1563 1562
f 1563 1741 1564
f 1563 1740 1742
f 1563 1742 1741
f 1564 1741 1565
f 1565 1743 1566
f 1565 1741 1744
f 1565 1744 1743
f 1566 1743 1745
f 1566 1745 1694
f 1566 1694 1567
f 1567 1694 1693
f 1567 1693 1569
f 1571 1624 1572
f 1572 1746 1747
f 1572 1747 1573
f 1572 1624 1748
f 1572 1748 1746
f 1573 1747 1749
f 1574 1749 1750
f 1574 1750 1751
f 1574 1751 1576
f 1576 1751 1577
f 1577 1751 1582
f 1578 1595 1579
f 1579 1595 1752
f 1579 1752 1753
f 1579 1753 1580
f 1580 1753 1754
f 1580 1754 1755
f 1580 1755 1756
f 1580 1756 1757
f 1580 1757 1758
f 1580 1758 1759
f 1580 1759 1760
f 1580 1760 1761
f 1580 1761 1762
f 1580 1762 1763
f 1580 1763 1597
f 1580 1596 1581
f 1582 1751 1764
f 1582 1764 1584
f 1584 1764 1765
f 1584 1765 1585
f 1585 1765 1767
f 1585 1767 1586
f 1586 1766 1587
f 1586 1767 1768
f 1586 1768 1766
f 1587 1766 1769
f 1587 1769 1588
f 1588 1770 1771
f 1588 1771 1772
f 1588 1772 1773
f 1588 1773 1592
f 1588 1592 1590
f 1588 1590 1589
f 1588 1769 1770
f 1592 1594 1593
f 1592 1773 1772
f 1592 1772 1774
f 1592 1774 1752
f 1592 1752 1595
f 1592 1595 1594
f 1597 1763 1598
f 1598 1763 1775
f 1598 1775 1599
f 1599 1775 1600
f 1600 1775 1607
f 1603 1607 1776
f 1607 1777 1776
f 1607 1775 1777
f 1608 1778 1779
f 1608 1779 1609
f 1609 1779 1780
f 1609 1780 1610
f 1610 1780 1781
f 1610 1781 1782
f 1610 1782 1611
f 1611 1613 1612
f 1611 1782 1783
f 1611 1783 1613
f 1613 1615 1614
f 1613 1783 1784
f 1613 1784 1785
f 1613 1785 1786
f 1613 1786 1787
f 1613 1787 1615
f 1615 1787 1788
f 1615 1788 1789
f 1615 1789 1616
f 1616 1790 1617
f 1616 1789 1790
f 1617 1790 1618
f 1618 1791 1792
f 1618 1790 1791
f 1619 1792 1793
f 1619 1793 1621
f 1619 1621 1620
f 1622 1793 1794
f 1622 1794 1795
f 1622 1795 1623
f 1623 1795 1796
f 1623 1796 1797
f 1623 1797 1624
f 1624 1797 1748
f 1625 1647 1798
f 1625 1798 1799
f 1625 1799 1800
f 1625 1800 1801
f 1625 1801 1626
f 1626 1801 1627
f 1627 1801 1628
f 1628 1802 1629
f 1628 1801 1803
f 1628 1803 1802
f 1629 1802 1630
f 1630 1802 1804
f 1630 1804 1805
f 1630 1805 1806
f 1630 1806 1807
f 1630 1807 1631
f 1631 1807 1808
f 1631 1808 1632
f 1632 1808 1634
f 1634 1808 1809
f 1634 1809 1635
f 1635 1809 2010
f 1635 2010 1810
f 1635 1810 1811
f 1635 1811 1636
f 1636 1811 1812
f 1636 1812 1637
f 1637 1812 1648
f 1639 1813 1814
f 1639 1814 1640
f 1640 1814 1815
f 1640 1815 1816
f 1640 1816 1642
f 1640 1642 1641
f 1642 1816 1817
f 1642 1817 1643
f 1643 1817 1646
f 1643 1646 1644
f 1644 1646 1645
f 1646 1817 1818
f 1646 1818 1798
f 1646 1798 1647
f 1648 1812 1649
f 1649 1812 1819
f 1649 1819 1820
f 1649 1820 1650
f 1650 1820 1651
f 1651 1820 1821
f 1651 1821 1653
f 1651 1653 1652
f 1653 1821 1822
f 1653 1822 1823
f 1653 1823 1655
f 1653 1655 1654
f 1655 1823 1824
f 1655 1824 1825
f 1655 1825 1656
f 1656 1825 1657
f 1657 1825 1826
f 1657 1826 1827
f 1657 1827 1658
f 1658 1827 1659
f 1659 1827 1828
f 1659 1828 1662
f 1660 1829 1830
f 1660 1830 1663
f 1660 1662 1831
f 1660 1831 1829
f 1662 1832 1833
f 1662 1833 1831
f 1662 1828 1832
f 1663 1834 1835
f 1663 1835 1665
f 1663 1665 1664
f 1663 1830 1834
f 1665 1835 1836
f 1665 1836 1837
f 1665 1837 1838
f 1665 1838 1839
f 1665 1839 1840
f 1665 1840 1841
f 1665 1841 1842
f 1665 1842 1843
f 1665 1843 1844
f 1665 1844 1666
f 1666 1844 1673
f 1667 1670 1668
f 1668 1845 1671
f 1668 1671 1669
f 1668 1670 1846
f 1668 1846 1847
f 1668 1847 1848
f 1668 1848 1849
f 1668 1849 1845
f 1671 1845 1850
f 1671 1850 1851
f 1671 1851 1852
f 1671 1852 1853
f 1671 1853 1854
f 1671 1854 1672
f 1672 1854 1853
f 1672 1853 1813
f 1673 1844 1843
f 1673 1843 1674
f 1674 1843 1842
f 1674 1842 1855
f 1674 1855 1675
f 1675 1855 1856
f 1675 1856 1857
f 1675 1857 1676
f 1678 1688 1689
f 1678 1689 1679
f 1680 1858 1859
f 1680 1859 1682
f 1682 1859 1683
f 1683 1859 1860
f 1683 1860 1685
f 1685 1861 1862
f 1685 1862 1687
f 1685 1687 1686
f 1685 1860 1863
f 1685 1863 1864
f 1685 1864 1865
f 1685 1865 1866
f 1685 1866 1861
f 1687 1867 1688
f 1687 1862 1868
f 1687 1868 1869
f 1687 1869 1870
f 1687 1870 1867
f 1688 1867 1871
f 1688 1871 1872
f 1688 1872 1873
f 1688 1873 1689
f 1689 1873 1874
f 1689 1874 1690
f 1690 1874 1875
f 1690 1875 1876
f 1690 1876 1691
f 1691 1876 1877
f 1691 1877 1721
f 1694 1745 1695
f 1695 1745 1701
f 1695 1701 1696
f 1696 1701 1697
f 1698 1878 1699
f 1698 1702 1879
f 1698 1879 1878
f 1699 1880 1703
f 1699 1878 1881
f 1699 1881 1880
f 1701 1745 1743
f 1701 1743 1882
f 1701 1882 1702
f 1702 1882 1879
f 1703 1883 1884
f 1703 1884 1885
f 1703 1885 1704
f 1703 1880 1883
f 1704 1885 1886
f 1704 1886 1705
f 1705 1886 1887
f 1707 1888 1889
f 1707 1889 1708
f 1707 1712 1719
f 1707 1719 1888
f 1708 1889 1709
f 1709 1889 1890
f 1709 1890 1891
f 1709 1891 1710
f 1710 1891 1715
f 1710 1713 1711
f 1715 1891 1892
f 1715 1892 1716
f 1716 1892 1893
f 1716 1893 1728
f 1716 1728 1717
f 1718 1894 1895
f 1718 1895 1888
f 1718 1888 1719
f 1718 1720 1896
f 1718 1896 1894
f 1720 1727 1896
f 1721 1877 1897
f 1721 1897 1898
f 1721 1898 1725
f 1722 1899 1900
f 1722 1900 1901
f 1722 1901 1723
f 1722 1725 1902
f 1722 1902 1903
f 1722 1903 1899
f 1723 1901 1900
f 1723 1900 1904
f 1723 1904 1724
f 1724 1904 1905
f 1724 1905 1726
f 1725 1898 1902
f 1726 1905 1727
f 1727 1906 1907
f 1727 1907 1908
f 1727 1908 1896
f 1727 1905 1909
f 1727 1909 1900
f 1727 1900 1910
f 1727 1910 1906
f 1728 1893 1729
f 1729 1893 1911
f 1729 1911 1730
f 1730 1912 1913
f 1730 1913 1914
f 1730 1914 1732
f 1730 1732 1731
f 1730 1911 1915
f 1730 1915 1912
f 1732 1914 1735
f 1733 1916 1917
f 1733 1917 1734
f 1733 1735 1918
f 1733 1918 1916
f 1734 1917 1737
f 1735 1914 1918
f 1737 1917 1919
f 1737 1919 1920
f 1737 1920 1921
f 1737 1921 1922
f 1737 1922 1923
f 1737 1923 1924
f 1737 1924 1925
f 1737 1925 1926
f 1737 1926 1742
f 1737 1742 1739
f 1737 1739 1738
f 1739 1742 1740
f 1741 1927 1928
f 1741 1928 1744
f 1741 1742 1926
f 1741 1926 1925
f 1741 1925 1927
f 1743 1744 1929
f 1743 1929 1882
f 1744 1928 1929
f 1746 1930 1931
f 1746 1931 1932
f 1746 1932 1750
f 1746 1750 1749
f 1746 1749 1747
f 1746 1748 1797
f 1746 1797 1796
f 1746 1796 1933
f 1746 1933 1930
f 1750 1932 1751
f 1751 1932 1764
f 1752 1934 1935
f 1752 1935 1753
f 1752 1774 1934
f 1753 1936 1754
f 1753 1935 1936
f 1754 1936 1937
f 1754 1937 1938
f 1754 1938 1755
f 1755 1938 1939
f 1755 1939 1940
f 1755 1940 1941
f 1755 1941 1756
f 1756 1941 1757
f 1757 1941 1942
f 1757 1942 1943
f 1757 1943 1944
f 1757 1944 1945
f 1757 1945 1946
f 1757 1946 1947
f 1757 1947 1948
f 1757 1948 1949
f 1757 1949 1950
f 1757 1950 1758
f 1758 1950 1759
f 1759 1950 1951
f 1759 1951 1952
f 1759 1952 1760
f 1760 1953 1954
f 1760 1954 1763
f 1760 1763 1762
f 1760 1762 1761
f 1760 1952 1953
f 1763 1955 1956
f 1763 1956 1775
f 1763 1954 1955
f 1764 1932 1957
f 1764 1957 1958
f 1764 1958 1768
f 1764 1768 1765
f 1765 1768 1767
f 1766 1768 1959
f 1766 1959 1960
f 1766 1960 1961
f 1766 1961 1962
f 1766 1962 1963
f 1766 1963 1964
f 1766 1964 1965
f 1766 1965 1966
f 1766 1966 1967
f 1766 1967 1769
f 1768 1958 1968
f 1768 1968 1959
f 1769 1967 1969
f 1769 1969 1970
f 1769 1970 1770
f 1770 1970 1971
f 1770 1971 1771
f 1771 1972 1772
f 1771 1971 1972
f 1772 1972 1973
f 1772 1973 1774
f 1774 1973 1972
f 1774 1972 1934
f 1775 1956 1777
f 1778 1974 1975
f 1778 1975 1976
f 1778 1976 1779
f 1779 1976 1780
f 1780 1977 1978
f 1780 1978 1979
f 1780 1979 1782
f 1780 1782 1781
f 1780 1976 2172
f 1780 2172 1977
f 1782 1979 1980
f 1782 1980 1783
f 1783 1980 1981
f 1783 1981 1784
f 1784 1982 1983
f 1784 1983 1984
f 1784 1984 1785
f 1784 1981 1985
f 1784 1985 1986
f 1784 1986 1982
f 1785 1984 1987
f 1785 1987 1787
f 1785 1787 1786
f 1787 1987 1983
f 1787 1983 1988
f 1787 1988 1788
f 1788 1988 1989
f 1788 1989 1789
f 1789 1989 1990
f 1789 1990 1790
f 1790 1990 1791
f 1791 1990 1991
f 1791 1991 1792
f 1792 1991 1793
f 1793 1992 1794
f 1793 1991 1992
f 1794 1992 1795
f 1795 1993 1796
f 1795 1992 1993
f 1796 1993 1994
f 1796 1994 1995
f 1796 1995 1933
f 1798 1818 1817
f 1798 1817 1996
f 1798 1996 1997
f 1798 1997 1998
f 1798 1998 1999
f 1798 1999 2000
f 1798 2000 2001
f 1798 2001 1799
f 1799 2001 1800
f 1800 2001 2002
f 1800 2002 1803
f 1800 1803 1801
f 1802 1803 1804
f 1803 2002 2003
f 1803 2003 1804
f 1804 2003 2004
f 1804 2004 2005
f 1804 2005 1805
f 1805 2005 2006
f 1805 2006 2007
f 1805 2007 1806
f 1806 2007 2006
f 1806 2006 2008
f 1806 2008 1807
f 1807 2008 1808
f 1808 2008 2009
f 1808 2009 2010
f 1808 2010 1809
f 1810 2010 2012
f 1810 2012 1812
f 1810 1812 2011
f 1810 2011 1811
f 1811 2011 1812
f 1812 2012 2013
f 1812 2013 1819
f 1813 1815 1814
f 1813 1853 2014
f 1813 2014 1815
f 1815 2014 2015
f 1815 2015 2016
f 1815 2016 1816
f 1816 2016 2017
f 1816 2017 2018
f 1816 2018 2019
f 1816 2019 1817
f 1817 2019 1996
f 1819 2013 2020
f 1819 2020 1820
f 1820 2020 2021
f 1820 2021 2022
f 1820 2022 1821
f 1821 2022 2023
f 1821 2023 1822
f 1822 2024 1823
f 1822 2023 2025
f 1822 2025 2024
f 1823 2024 2026
f 1823 2026 2027
f 1823 2027 2028
f 1823 2028 1824
f 1824 2028 2029
f 1824 2029 2030
f 1824 2030 1826
f 1824 1826 1825
f 1826 2030 1827
f 1827 2030 2031
f 1827 2031 1828
f 1828 2031 2032
f 1828 2032 2041
f 1828 2041 1832
f 1829 2033 1830
f 1829 1831 1833
f 1829 1833 2033
f 1830 2033 2034
f 1830 2034 2035
f 1830 2035 2036
f 1830 2036 2037
f 1830 2037 2038
f 1830 2038 2039
f 1830 2039 2040
f 1830 2040 1835
f 1830 1835 1834
f 1832 2041 2042
f 1832 2042 1833
f 1833 2042 2043
f 1833 2043 2033
f 1835 2040 2044
f 1835 2044 1836
f 1836 2044 1837
f 1837 2045 1839
f 1837 1839 2046
f 1837 2046 1838
f 1837 2044 2047
f 1837 2047 2045
f 1838 2046 1839
f 1839 2045 2048
f 1839 2048 2049
f 1839 2049 1840
f 1840 2049 2050
f 1840 2050 1842
f 1840 1842 1841
f 1842 2050 2051
f 1842 2051 2052
f 1842 2052 1855
f 1845 1849 2053
f 1845 2053 1850
f 1846 2054 1847
f 1847 2054 1848
f 1848 2053 1849
f 1848 2054 2055
f 1848 2055 2056
f 1848 2056 2057
f 1848 2057 2053
f 1850 2053 2057
f 1850 2057 2058
f 1850 2058 2059
f 1850 2059 1851
f 1851 2059 1852
f 1852 2059 1853
f 1853 2059 2015
f 1853 2015 2014
f 1858 2060 1860
f 1858 1860 1859
f 1860 2060 1863
f 1861 1866 1862
f 1862 1866 1868
f 1867 1870 2061
f 1867 2061 2065
f 1867 2065 1871
f 1868 2062 1869
f 1869 2062 1870
f 1870 2062 2063
f 1870 2063 2064
f 1870 2064 2065
f 1870 2065 2061
f 1871 2065 2066
f 1871 2066 2067
f 1871 2067 1872
f 1872 2068 1873
f 1872 2067 2068
f 1873 2068 2067
f 1873 2067 2069
f 1873 2069 1874
f 1874 2069 2070
f 1874 2070 2071
f 1874 2071 1875
f 1875 2072 1876
f 1875 2071 2070
f 1875 2070 2073
f 1875 2073 2074
f 1875 2074 2072
f 1876 2072 1898
f 1876 1898 1897
f 1876 1897 1877
f 1878 1879 1881
f 1879 1882 2075
f 1879 2075 2076
f 1879 2076 2077
f 1879 2077 2078
f 1879 2078 1881
f 1880 2079 2080
f 1880 2080 1883
f 1880 1881 2081
f 1880 2081 2079
f 1881 2078 2081
f 1882 1929 2082
f 1882 2082 2083
f 1882 2083 2084
f 1882 2084 2085
f 1882 2085 2086
f 1882 2086 2087
f 1882 2087 2075
f 1883 2080 2088
f 1883 2088 1884
f 1884 2089 1885
f 1884 2088 2089
f 1885 2089 1886
f 1886 2090 1887
f 1886 2089 2090
f 1888 1890 1889
f 1888 1895 2091
f 1888 2091 1890
f 1890 2091 2092
f 1890 2092 2093
f 1890 2093 1892
f 1890 1892 1891
f 1892 2093 2094
f 1892 2094 1893
f 1893 2094 2095
f 1893 2095 1915
f 1893 1915 1911
f 1894 2096 1895
f 1894 1896 2096
f 1895 2096 2091
f 1896 1908 2097
f 1896 2097 2098
f 1896 2098 2096
f 1898 2099 1902
f 1898 2072 2100
f 1898 2100 2101
f 1898 2101 2099
f 1899 2102 1900
f 1899 1903 2103
f 1899 2103 2104
f 1899 2104 2102
f 1900 1909 1905
f 1900 1905 1904
f 1900 2102 2105
f 1900 2105 1910
f 1902 2099 1903
f 1903 2099 2103
f 1906 1910 2105
f 1906 2105 1907
f 1907 2106 2107
f 1907 2107 1908
f 1907 2105 2106
f 1908 2107 2108
f 1908 2108 2109
f 1908 2109 2110
f 1908 2110 2111
f 1908 2111 2097
f 1912 2112 1919
f 1912 1919 2113
f 1912 2113 2114
f 1912 2114 1913
f 1912 1915 2115
f 1912 2115 2112
f 1913 2114 2116
f 1913 2116 1914
f 1914 2116 1918
f 1915 2095 2117
f 1915 2117 2118
f 1915 2118 2119
f 1915 2119 2120
f 1915 2120 2121
f 1915 2121 1919
f 1915 1919 2112
f 1915 2112 2115
f 1916 2122 1917
f 1916 1918 2122
f 1917 2122 2123
f 1917 2123 1919
f 1918 2116 2122
f 1919 2120 1920
f 1919 2123 2122
f 1919 2122 2113
f 1919 2121 2120
f 1920 2120 2124
f 1920 2124 2125
f 1920 2125 1921
f 1921 2125 2126
f 1921 2126 1922
f 1922 1924 1923
f 1922 2126 2127
f 1922 2127 2128
f 1922 2128 2129
f 1922 2129 2130
f 1922 2130 1924
f 1924 2130 1927
f 1924 1927 1925
f 1927 2130 1928
f 1928 2131 1929
f 1928 2130 2131
f 1929 2131 2082
f 1930 2132 2133
f 1930 2133 2134
f 1930 2134 1931
f 1930 1933 2132
f 1931 2134 2135
f 1931 2135 1957
f 1931 1957 1932
f 1933 1995 2136
f 1933 2136 2132
f 1934 1972 2137
f 1934 2137 2138
f 1934 2138 1935
f 1935 2139 1936
f 1935 2138 2137
f 1935 2137 2139
f 1936 2139 1937
f 1937 2139 2140
f 1937 2140 2141
f 1937 2141 1938
f 1938 2141 1939
f 1939 2141 2142
f 1939 2142 2143
f 1939 2143 2144
f 1939 2144 2145
f 1939 2145 1940
f 1940 2145 1941
f 1941 2145 1942
f 1942 2145 2144
f 1942 2144 2146
f 1942 2146 1943
f 1943 2146 2147
f 1943 2147 1944
f 1944 2147 2148
f 1957 2135 2149
f 1957 2149 1958
f 1958 2150 1968
f 1958 2149 2135
f 1958 2135 2150
f 1959 1968 1960
f 1960 1968 2151
f 1960 2151 2152
f 1960 2152 1961
f 1961 2152 1963
f 1961 1963 1962
f 1963 2152 2153
f 1963 2153 2154
f 1963 2154 2155
f 1963 2155 2156
f 1963 2156 2157
f 1963 2157 2158
f 1963 2158 1964
f 1964 2158 2159
f 1964 2159 2379
f 1964 2379 2160
f 1964 2160 2161
f 1964 2161 1965
f 1965 2161 1966
f 1966 2161 1970
f 1966 1970 1969
f 1966 1969 1967
f 1968 2150 2151
f 1970 2162 2163
f 1970 2163 2164
f 1970 2164 2165
f 1970 2165 2166
f 1970 2166 2167
f 1970 2167 2168
f 1970 2168 2140
f 1970 2140 2137
f 1970 2137 1972
f 1970 1972 1971
f 1970 2161 2162
f 1974 2169 1975
f 1975 2170 1976
f 1975 2169 2170
f 1976 2170 2171
f 1976 2171 2172
f 1977 2173 1978
f 1977 2172 2174
f 1977 2174 2175
f 1977 2175 2173
f 1978 2173 2176
f 1978 2176 2177
f 1978 2177 2178
f 1978 2178 2179
f 1978 2179 2180
f 1978 2180 1981
f 1978 1981 1979
f 1979 1981 1980
f 1981 2180 2181
f 1981 2181 1985
f 1982 1986 2182
f 1982 2182 1983
f 1983 2182 1986
f 1983 1986 2183
f 1983 2183 2184
f 1983 2184 2185
f 1983 2185 1988
f 1983 1987 1984
f 1985 2181 1986
f 1986 2186 2187
f 1986 2187 2188
f 1986 2188 2189
f 1986 2189 2190
f 1986 2190 2183
f 1986 2181 2191
f 1986 2191 2186
f 1988 2185 2192
f 1988 2192 1990
f 1988 1990 1989
f 1990 2192 1992
f 1990 1992 1991
f 1992 2192 1994
f 1992 1994 1993
f 1994 2192 2193
f 1994 2193 2194
f 1994 2194 2353
f 1994 2353 2136
f 1994 2136 1995
f 1996 2195 1997
f 1996 2019 2196
f 1996 2196 2195
f 1997 2195 1998
f 1998 2195 2409
f 1998 2409 2197
f 1998 2197 2413
f 1998 2413 2198
f 1998 2198 2199
f 1998 2199 2000
f 1998 2000 1999
f 2000 2200 2001
f 2000 2199 2201
f 2000 2201 2200
f 2001 2200 2002
f 2002 2200 2202
f 2002 2202 2003
f 2003 2202 2004
f 2004 2203 2005
f 2004 2202 2200
f 2004 2200 2203
f 2005 2203 2204
f 2005 2204 2205
f 2005 2205 2206
f 2005 2206 2006
f 2006 2207 2208
f 2006 2208 2209
f 2006 2209 2210
f 2006 2210 2008
f 2006 2206 2205
f 2006 2205 2207
f 2008 2210 2010
f 2008 2010 2009
f 2010 2210 2012
f 2012 2210 2209
f 2012 2209 2013
f 2013 2021 2020
f 2013 2209 2211
f 2013 2211 2222
f 2013 2222 2021
f 2015 2059 2212
f 2015 2212 2213
f 2015 2213 2214
f 2015 2214 2215
f 2015 2215 2216
f 2015 2216 2217
f 2015 2217 2017
f 2015 2017 2016
f 2017 2217 2018
f 2018 2217 2216
f 2018 2216 2218
f 2018 2218 2019
f 2019 2218 2219
f 2019 2219 2220
f 2019 2220 2221
f 2019 2221 2196
f 2021 2222 2022
f 2022 2223 2023
f 2022 2222 2223
f 2023 2223 2025
f 2024 2025 2224
f 2024 2224 2026
f 2025 2223 2225
f 2025 2225 2226
f 2025 2226 2224
f 2026 2224 2227
f 2026 2227 2027
f 2027 2228 2028
f 2027 2227 2228
f 2028 2228 2229
f 2028 2229 2230
f 2028 2230 2231
f 2028 2231 2232
f 2028 2232 2029
f 2029 2232 2233
f 2029 2233 2234
f 2029 2234 2032
f 2029 2032 2030
f 2030 2032 2031
f 2032 2234 2041
f 2033 2043 2235
f 2033 2235 2034
f 2034 2235 2237
f 2034 2237 2035
f 2035 2236 2037
f 2035 2037 2036
f 2035 2237 2231
f 2035 2231 2238
f 2035 2238 2236
f 2037 2236 2239
f 2037 2239 2240
f 2037 2240 2038
f 2038 2240 2241
f 2038 2241 2242
f 2038 2242 2039
f 2039 2242 2243
f 2039 2243 2040
f 2040 2243 2244
f 2040 2244 2047
f 2040 2047 2245
f 2040 2245 2044
f 2041 2043 2042
f 2041 2234 2043
f 2043 2234 2235
f 2044 2245 2047
f 2045 2246 2247
f 2045 2247 2048
f 2045 2047 2246
f 2047 2244 2242
f 2047 2242 2248
f 2047 2248 2249
f 2047 2249 2250
f 2047 2250 2246
f 2048 2247 2049
f 2049 2247 2251
f 2049 2251 2050
f 2050 2251 2252
f 2050 2252 2051
f 2051 2252 2253
f 2051 2253 2254
f 2051 2254 2052
f 2052 2254 2255
f 2056 2256 2057
f 2057 2257 2058
f 2057 2256 2257
f 2058 2257 2258
f 2058 2258 2059
f 2059 2258 2259
f 2059 2259 2260
f 2059 2260 2213
f 2059 2213 2212
f 2063 2261 2262
f 2063 2262 2263
f 2063 2263 2264
f 2063 2264 2265
f 2063 2265 2064
f 2064 2265 2065
f 2065 2265 2264
f 2065 2264 2266
f 2065 2266 2267
f 2065 2267 2268
f 2065 2268 2066
f 2066 2268 2067
f 2067 2268 2269
f 2067 2269 2070
f 2067 2070 2069
f 2070 2270 2073
f 2070 2269 2267
f 2070 2267 2271
f 2070 2271 2272
f 2070 2272 2273
f 2070 2273 2270
f 2072 2074 2100
f 2073 2270 2074
f 2074 2270 2100
f 2075 2274 2076
f 2075 2087 2275
f 2075 2275 2274
f 2076 2274 2077
f 2077 2276 2277
f 2077 2277 2080
f 2077 2080 2278
f 2077 2278 2078
f 2077 2274 2276
f 2078 2278 2081
f 2079 2081 2080
f 2080 2277 2279
f 2080 2279 2280
f 2080 2280 2089
f 2080 2089 2088
f 2080 2081 2278
f 2082 2281 2083
f 2082 2131 2130
f 2082 2130 2282
f 2082 2282 2128
f 2082 2128 2283
f 2082 2283 2281
f 2083 2281 2284
f 2083 2284 2084
f 2084 2284 2285
f 2084 2285 2085
f 2085 2285 2286
f 2085 2286 2287
f 2085 2287 2288
f 2085 2288 2289
f 2085 2289 2290
f 2085 2290 2086
f 2086 2290 2291
f 2086 2291 2087
f 2087 2291 2292
f 2087 2292 2293
f 2087 2293 2294
f 2087 2294 2275
f 2089 2295 2090
f 2089 2280 2296
f 2089 2296 2295
f 2090 2295 2297
f 2091 2096 2298
f 2091 2298 2092
f 2092 2299 2093
f 2092 2298 2299
f 2093 2299 2300
f 2093 2300 2094
f 2094 2301 2302
f 2094 2302 2117
f 2094 2117 2095
f 2094 2300 2303
f 2094 2303 2304
f 2094 2304 2305
f 2094 2305 2301
f 2096 2098 2299
f 2096 2299 2298
f 2097 2111 2306
f 2097 2306 2098
f 2098 2306 2307
f 2098 2307 2299
f 2099 2101 2308
f 2099 2308 2103
f 2100 2270 2101
f 2101 2270 2309
f 2101 2309 2308
f 2102 2104 2310
f 2102 2310 2105
f 2103 2308 2311
f 2103 2311 2104
f 2104 2311 2312
f 2104 2312 2310
f 2105 2310 2313
f 2105 2313 2314
f 2105 2314 2106
f 2106 2315 2107
f 2106 2314 2315
f 2107 2315 2108
f 2108 2315 2316
f 2108 2316 2317
f 2108 2317 2318
f 2108 2318 2319
f 2108 2319 2320
f 2108 2320 2321
f 2108 2321 2322
f 2108 2322 2323
f 2108 2323 2324
f 2108 2324 2109
f 2109 2324 2325
f 2109 2325 2326
f 2109 2326 2327
f 2109 2327 2110
f 2110 2327 2111
f 2111 2327 2306
f 2113 2122 2116
f 2113 2116 2114
f 2117 2302 2328
f 2117 2328 2329
f 2117 2329 2330
f 2117 2330 2331
f 2117 2331 2332
f 2117 2332 2118
f 2118 2332 2119
f 2119 2332 2333
f 2119 2333 2334
f 2119 2334 2335
f 2119 2335 2336
f 2119 2336 2120
f 2120 2337 2124
f 2120 2336 2337
f 2124 2337 2338
f 2124 2338 2339
f 2124 2339 2125
f 2125 2339 2126
f 2126 2339 2340
f 2126 2340 2127
f 2127 2340 2549
f 2127 2549 2341
f 2127 2341 2128
f 2128 2342 2283
f 2128 2282 2130
f 2128 2130 2129
f 2128 2341 2343
f 2128 2343 2344
f 2128 2344 2342
f 2132 2136 2133
f 2133 2136 2345
f 2133 2345 2346
f 2133 2346 2347
f 2133 2347 2348
f 2133 2348 2349
f 2133 2349 2350
f 2133 2350 2134
f 2134 2350 2351
f 2134 2351 2352
f 2134 2352 2135
f 2135 2352 2150
f 2136 2353 2354
f 2136 2354 2558
f 2136 2558 2345
f 2137 2140 2139
f 2140 2168 2167
f 2140 2167 2355
f 2140 2355 2141
f 2141 2355 2356
f 2141 2356 2357
f 2141 2357 2142
f 2142 2357 2356
f 2142 2356 2358
f 2142 2358 2143
f 2143 2358 2359
f 2143 2359 2144
f 2144 2359 2360
f 2144 2360 2147
f 2144 2147 2146
f 2147 2360 2361
f 2147 2361 2362
f 2147 2362 2148
f 2148 2363 2364
f 2148 2364 2365
f 2148 2362 2363
f 2150 2352 2351
f 2150 2351 2366
f 2150 2366 2151
f 2151 2366 2350
f 2151 2350 2367
f 2151 2367 2368
f 2151 2368 2152
f 2152 2368 2153
f 2153 2368 2367
f 2153 2367 2369
f 2153 2369 2154
f 2154 2370 2371
f 2154 2371 2372
f 2154 2372 2155
f 2154 2369 2367
f 2154 2367 2350
f 2154 2350 2373
f 2154 2373 2370
f 2155 2372 2156
f 2156 2374 2157
f 2156 2372 2374
f 2157 2374 2375
f 2157 2375 2376
f 2157 2376 2377
f 2157 2377 2158
f 2158 2377 2378
f 2158 2378 2159
f 2159 2378 2380
f 2159 2380 2585
f 2159 2585 2381
f 2159 2381 2382
f 2159 2382 2379
f 2160 2379 2384
f 2160 2384 2383
f 2160 2383 2161
f 2161 2383 2162
f 2162 2383 2163
f 2163 2383 2164
f 2164 2383 2384
f 2164 2384 2165
f 2165 2384 2379
f 2165 2379 2382
f 2165 2382 2385
f 2165 2385 2166
f 2166 2386 2167
f 2166 2385 2386
f 2167 2386 2387
f 2167 2387 2388
f 2167 2388 2389
f 2167 2389 2356
f 2167 2356 2355
f 2169 2390 2170
f 2170 2390 2171
f 2171 2390 2391
f 2171 2391 2172
f 2172 2391 2174
f 2173 2392 2396
f 2173 2396 2176
f 2173 2175 2395
f 2173 2395 2392
f 2174 2391 2393
f 2174 2393 2394
f 2174 2394 2395
f 2174 2395 2175
f 2176 2396 2177
f 2177 2397 2398
f 2177 2398 2399
f 2177 2399 2178
f 2177 2396 2397
f 2178 2399 2179
f 2179 2399 2400
f 2179 2400 2401
f 2179 2401 2402
f 2179 2402 2180
f 2180 2402 2191
f 2180 2191 2181
f 2183 2190 2403
f 2183 2403 2185
f 2183 2185 2184
f 2185 2403 2192
f 2186 2191 2402
f 2186 2402 2187
f 2187 2402 2404
f 2187 2404 2188
f 2188 2405 2406
f 2188 2406 2407
f 2188 2407 2189
f 2188 2404 2405
f 2189 2407 2190
f 2190 2407 2193
f 2190 2193 2192
f 2190 2192 2403
f 2193 2406 2408
f 2193 2408 2194
f 2193 2407 2406
f 2194 2408 2565
f 2194 2565 2353
f 2195 2196 2409
f 2196 2221 2410
f 2196 2410 2411
f 2196 2411 2409
f 2197 2409 2412
f 2197 2412 2413
f 2198 2201 2199
f 2198 2413 2414
f 2198 2414 2415
f 2198 2415 2201
f 2200 2201 2416
f 2200 2416 2417
f 2200 2417 2204
f 2200 2204 2203
f 2201 2415 2416
f 2204 2418 2205
f 2204 2417 2418
f 2205 2418 2419
f 2205 2419 2420
f 2205 2420 2421
f 2205 2421 2422
f 2205 2422 2207
f 2207 2422 2208
f 2208 2423 2424
f 2208 2424 2425
f 2208 2425 2209
f 2208 2422 2423
f 2209 2425 2211
f 2211 2425 2222
f 2213 2260 2214
f 2214 2260 2426
f 2214 2426 2427
f 2214 2427 2215
f 2215 2428 2216
f 2215 2427 2429
f 2215 2429 2430
f 2215 2430 2431
f 2215 2431 2432
f 2215 2432 2428
f 2216 2428 2433
f 2216 2433 2218
f 2218 2434 2219
f 2218 2433 2434
f 2219 2434 2220
f 2220 2385 2221
f 2220 2434 2435
f 2220 2435 2436
f 2220 2436 2437
f 2220 2437 2388
f 2220 2388 2387
f 2220 2387 2386
f 2220 2386 2385
f 2221 2385 2410
f 2222 2425 2424
f 2222 2424 2223
f 2223 2424 2225
f 2224 2438 2439
f 2224 2439 2227
f 2224 2226 2440
f 2224 2440 2441
f 2224 2441 2438
f 2225 2424 2442
f 2225 2442 2226
f 2226 2319 2441
f 2226 2441 2440
f 2226 2442 2443
f 2226 2443 2444
f 2226 2444 2319
f 2227 2439 2445
f 2227 2445 2446
f 2227 2446 2229
f 2227 2229 2228
f 2229 2446 2447
f 2229 2447 2448
f 2229 2448 2449
f 2229 2449 2230
f 2230 2450 2451
f 2230 2451 2231
f 2230 2449 2450
f 2231 2452 2232
f 2231 2451 2453
f 2231 2453 2238
f 2231 2237 2452
f 2232 2452 2233
f 2233 2452 2235
f 2233 2235 2234
f 2235 2452 2237
f 2236 2238 2239
f 2238 2453 2454
f 2238 2454 2455
f 2238 2455 2239
f 2239 2456 2240
f 2239 2455 2457
f 2239 2457 2456
f 2240 2456 2458
f 2240 2458 2241
f 2241 2459 2242
f 2241 2458 2460
f 2241 2460 2461
f 2241 2461 2459
f 2242 2459 2248
f 2242 2244 2243
f 2246 2250 2462
f 2246 2462 2463
f 2246 2463 2247
f 2247 2463 2464
f 2247 2464 2465
f 2247 2465 2251
f 2248 2459 2249
f 2249 2459 2250
f 2250 2459 2466
f 2250 2466 2467
f 2250 2467 2468
f 2250 2468 2469
f 2250 2469 2470
f 2250 2470 2471
f 2250 2471 2472
f 2250 2472 2462
f 2251 2465 2473
f 2251 2473 2474
f 2251 2474 2252
f 2253 2475 2254
f 2254 2475 2255
f 2256 2476 2257
f 2257 2477 2258
f 2257 2476 2477
f 2258 2477 2259
f 2259 2477 2260
f 2260 2477 2476
f 2260 2476 2426
f 2261 2478 2479
f 2261 2479 2262
f 2262 2479 2480
f 2262 2480 2481
f 2262 2481 2263
f 2263 2481 2482
f 2263 2482 2483
f 2263 2483 2264
f 2264 2483 2484
f 2264 2484 2485
f 2264 2485 2266
f 2266 2271 2267
f 2266 2485 2486
f 2266 2486 2271
f 2267 2269 2268
f 2270 2273 2309
f 2271 2487 2272
f 2271 2486 2629
f 2271 2629 2487
f 2272 2487 2457
f 2272 2457 2455
f 2272 2455 2488
f 2272 2488 2489
f 2272 2489 2273
f 2273 2489 2309
f 2274 2275 2277
f 2274 2277 2276
f 2275 2294 2490
f 2275 2490 2280
f 2275 2280 2277
f 2277 2280 2279
f 2280 2490 2491
f 2280 2491 2296
f 2281 2492 2284
f 2281 2283 2492
f 2283 2342 2553
f 2283 2553 2492
f 2284 2493 2494
f 2284 2494 2285
f 2284 2492 2495
f 2284 2495 2493
f 2285 2494 2286
f 2286 2494 2287
f 2287 2496 2288
f 2287 2494 2496
f 2288 2496 2497
f 2288 2497 2290
f 2288 2290 2289
f 2290 2497 2498
f 2290 2498 2291
f 2291 2498 2499
f 2291 2499 2292
f 2292 2499 2500
f 2292 2500 2501
f 2292 2501 2294
f 2292 2294 2293
f 2294 2501 2490
f 2295 2502 2503
f 2295 2503 2297
f 2295 2296 2504
f 2295 2504 2505
f 2295 2505 2502
f 2296 2491 2501
f 2296 2501 2504
f 2299 2307 2506
f 2299 2506 2507
f 2299 2507 2325
f 2299 2325 2508
f 2299 2508 2509
f 2299 2509 2303
f 2299 2303 2300
f 2301 2510 2302
f 2301 2305 2511
f 2301 2511 2512
f 2301 2512 2510
f 2302 2510 2329
f 2302 2329 2513
f 2302 2513 2328
f 2303 2509 2514
f 2303 2514 2515
f 2303 2515 2304
f 2304 2515 2516
f 2304 2516 2517
f 2304 2517 2305
f 2305 2517 2518
f 2305 2518 2519
f 2305 2519 2520
f 2305 2520 2512
f 2305 2512 2511
f 2306 2327 2506
f 2306 2506 2307
f 2308 2521 2311
f 2308 2309 2522
f 2308 2522 2521
f 2309 2489 2522
f 2310 2447 2523
f 2310 2523 2313
f 2310 2312 2447
f 2311 2521 2449
f 2311 2449 2312
f 2312 2448 2447
f 2312 2449 2448
f 2313 2523 2524
f 2313 2524 2316
f 2313 2316 2314
f 2314 2316 2315
f 2316 2524 2318
f 2316 2318 2317
f 2318 2524 2525
f 2318 2525 2319
f 2319 2525 2441
f 2319 2444 2320
f 2320 2444 2321
f 2321 2444 2526
f 2321 2526 2322
f 2322 2526 2527
f 2322 2527 2528
f 2322 2528 2323
f 2323 2528 2529
f 2323 2529 2324
f 2324 2529 2661
f 2324 2661 2530
f 2324 2530 2325
f 2325 2530 2508
f 2325 2507 2531
f 2325 2531 2326
f 2326 2531 2506
f 2326 2506 2327
f 2328 2513 2329
f 2329 2510 2532
f 2329 2532 2533
f 2329 2533 2534
f 2329 2534 2535
f 2329 2535 2536
f 2329 2536 2330
f 2330 2536 2537
f 2330 2537 2333
f 2330 2333 2332
f 2330 2332 2331
f 2333 2537 2334
f 2334 2538 2338
f 2334 2338 2337
f 2334 2337 2335
f 2334 2537 2536
f 2334 2536 2539
f 2334 2539 2540
f 2334 2540 2541
f 2334 2541 2542
f 2334 2542 2538
f 2335 2337 2336
f 2338 2538 2543
f 2338 2543 2544
f 2338 2544 2545
f 2338 2545 2546
f 2338 2546 2339
f 2339 2546 2547
f 2339 2547 2340
f 2340 2548 2549
f 2340 2547 2685
f 2340 2685 2550
f 2340 2550 2551
f 2340 2551 2552
f 2340 2552 2548
f 2341 2549 2554
f 2341 2554 2343
f 2342 2344 2553
f 2343 2554 2555
f 2343 2555 2556
f 2343 2556 2557
f 2343 2557 2344
f 2344 2557 2495
f 2344 2495 2553
f 2345 2558 2346
f 2346 2558 2559
f 2346 2559 2560
f 2346 2560 2347
f 2347 2560 2561
f 2347 2561 2348
f 2348 2561 2562
f 2348 2562 2349
f 2349 2562 2563
f 2349 2563 2350
f 2350 2563 2562
f 2350 2562 2564
f 2350 2564 2373
f 2350 2366 2351
f 2353 2565 2566
f 2353 2566 2354
f 2354 2566 2558
f 2356 2389 2567
f 2356 2567 2358
f 2358 2567 2568
f 2358 2568 2359
f 2359 2569 2360
f 2359 2568 2570
f 2359 2570 2569
f 2360 2569 2571
f 2360 2571 2361
f 2361 2571 2572
f 2361 2572 2573
f 2361 2573 2362
f 2362 2573 2574
f 2362 2574 2363
f 2363 2574 2573
f 2363 2573 2575
f 2363 2575 2364
f 2364 2575 2365
f 2365 2575 2576
f 2370 2373 2562
f 2370 2562 2577
f 2370 2577 2578
f 2370 2578 2371
f 2371 2578 2376
f 2371 2376 2374
f 2371 2374 2372
f 2373 2564 2562
f 2374 2376 2375
f 2376 2579 2377
f 2376 2578 2579
f 2377 2580 2581
f 2377 2581 2378
f 2377 2579 2578
f 2377 2578 2582
f 2377 2582 2580
f 2378 2583 2380
f 2378 2581 2584
f 2378 2584 2583
f 2380 2583 2585
f 2381 2585 2587
f 2381 2587 2586
f 2381 2586 2385
f 2381 2385 2382
f 2385 2586 2587
f 2385 2587 2411
f 2385 2411 2410
f 2388 2437 2588
f 2388 2588 2589
f 2388 2589 2567
f 2388 2567 2389
f 2392 2590 2396
f 2392 2395 2591
f 2392 2591 2592
f 2392 2592 2590
f 2394 2593 2594
f 2394 2594 2591
f 2394 2591 2395
f 2396 2590 2592
f 2396 2592 2595
f 2396 2595 2596
f 2396 2596 2398
f 2396 2398 2397
f 2398 2596 2597
f 2398 2597 2598
f 2398 2598 2399
f 2399 2598 2400
f 2400 2598 2599
f 2400 2599 2401
f 2401 2599 2600
f 2401 2600 2601
f 2401 2601 2402
f 2402 2601 2404
f 2404 2601 2602
f 2404 2602 2603
f 2404 2603 2405
f 2405 2603 2602
f 2405 2602 2604
f 2405 2604 2408
f 2405 2408 2406
f 2408 2604 2565
f 2409 2411 2412
f 2411 2587 2412
f 2412 2584 2605
f 2412 2605 2413
f 2412 2587 2585
f 2412 2585 2583
f 2412 2583 2584
f 2413 2605 2414
f 2414 2605 2606
f 2414 2606 2584
f 2414 2584 2415
f 2415 2584 2607
f 2415 2607 2608
f 2415 2608 2416
f 2416 2608 2417
f 2417 2609 2610
f 2417 2610 2419
f 2417 2419 2418
f 2417 2608 2609
f 2419 2421 2420
f 2419 2610 2421
f 2421 2610 2423
f 2421 2423 2422
f 2423 2611 2612
f 2423 2612 2442
f 2423 2442 2424
f 2423 2610 2613
f 2423 2613 2614
f 2423 2614 2611
f 2426 2476 2427
f 2427 2476 2576
f 2427 2576 2430
f 2427 2430 2429
f 2428 2432 2435
f 2428 2435 2434
f 2428 2434 2433
f 2430 2576 2615
f 2430 2615 2431
f 2431 2615 2432
f 2432 2616 2435
f 2432 2615 2617
f 2432 2617 2437
f 2432 2437 2616
f 2435 2616 2436
f 2436 2616 2437
f 2437 2617 2618
f 2437 2618 2588
f 2438 2441 2619
f 2438 2619 2439
f 2439 2619 2525
f 2439 2525 2445
f 2441 2525 2619
f 2442 2612 2443
f 2443 2612 2620
f 2443 2620 2621
f 2443 2621 2444
f 2444 2621 2526
f 2445 2525 2657
f 2445 2657 2523
f 2445 2523 2447
f 2445 2447 2446
f 2449 2521 2622
f 2449 2622 2451
f 2449 2451 2450
f 2451 2622 2623
f 2451 2623 2624
f 2451 2624 2625
f 2451 2625 2454
f 2451 2454 2453
f 2454 2625 2624
f 2454 2624 2488
f 2454 2488 2455
f 2456 2457 2458
f 2457 2487 2460
f 2457 2460 2458
f 2459 2626 2482
f 2459 2482 2481
f 2459 2481 2627
f 2459 2627 2628
f 2459 2628 2466
f 2459 2461 2629
f 2459 2629 2486
f 2459 2486 2626
f 2460 2629 2461
f 2460 2487 2629
f 2464 2473 2465
f 2466 2630 2631
f 2466 2631 2467
f 2466 2628 2630
f 2467 2631 2468
f 2468 2631 2469
f 2469 2632 2633
f 2469 2634 2470
f 2469 2631 2632
f 2470 2634 2471
f 2478 2633 2632
f 2478 2632 2630
f 2478 2630 2627
f 2478 2627 2635
f 2478 2635 2479
f 2479 2635 2480
f 2480 2635 2481
f 2481 2635 2627
f 2482 2626 2486
f 2482 2486 2484
f 2482 2484 2483
f 2484 2486 2485
f 2488 2624 2623
f 2488 2623 2489
f 2489 2623 2522
f 2490 2501 2491
f 2492 2553 2495
f 2493 2495 2557
f 2493 2557 2636
f 2493 2636 2494
f 2494 2636 2637
f 2494 2637 2496
f 2496 2637 2638
f 2496 2638 2639
f 2496 2639 2500
f 2496 2500 2499
f 2496 2499 2498
f 2496 2498 2497
f 2500 2639 2640
f 2500 2640 2641
f 2500 2641 2642
f 2500 2642 2501
f 2501 2642 2504
f 2502 2643 2644
f 2502 2644 2503
f 2502 2505 2645
f 2502 2645 2643
f 2504 2645 2505
f 2504 2642 2645
f 2506 2531 2507
f 2508 2530 2509
f 2509 2530 2514
f 2510 2646 2647
f 2510 2647 2532
f 2510 2512 2646
f 2512 2520 2648
f 2512 2648 2649
f 2512 2649 2646
f 2514 2530 2650
f 2514 2650 2651
f 2514 2651 2516
f 2514 2516 2515
f 2516 2651 2517
f 2517 2651 2518
f 2518 2651 2652
f 2518 2652 2653
f 2518 2653 2654
f 2518 2654 2655
f 2518 2655 2519
f 2519 2655 2520
f 2520 2655 2656
f 2520 2656 2648
f 2521 2522 2623
f 2521 2623 2622
f 2523 2657 2524
f 2524 2657 2525
f 2526 2621 2527
f 2527 2621 2658
f 2527 2658 2762
f 2527 2762 2659
f 2527 2659 2660
f 2527 2660 2528
f 2528 2660 2661
f 2528 2661 2529
f 2530 2661 2650
f 2532 2662 2533
f 2532 2647 2646
f 2532 2646 2663
f 2532 2663 2664
f 2532 2664 2665
f 2532 2665 2666
f 2532 2666 2667
f 2532 2667 2668
f 2532 2668 2662
f 2533 2662 2669
f 2533 2669 2670
f 2533 2670 2671
f 2533 2671 2672
f 2533 2672 2540
f 2533 2540 2539
f 2533 2539 2673
f 2533 2673 2534
f 2534 2673 2535
f 2535 2673 2536
f 2536 2673 2539
f 2538 2542 2674
f 2538 2674 2675
f 2538 2675 2676
f 2538 2676 2543
f 2540 2672 2541
f 2541 2672 2542
f 2542 2677 2674
f 2542 2672 2677
f 2543 2676 2678
f 2543 2678 2544
f 2544 2678 2679
f 2544 2679 2545
f 2545 2679 2680
f 2545 2680 2681
f 2545 2681 2682
f 2545 2682 2683
f 2545 2683 2684
f 2545 2684 2685
f 2545 2685 2546
f 2546 2685 2547
f 2548 2686 2549
f 2548 2552 2687
f 2548 2687 2688
f 2548 2688 2686
f 2549 2686 2554
f 2550 2685 2689
f 2550 2689 2551
f 2551 2689 2690
f 2551 2690 2691
f 2551 2691 2692
f 2551 2692 2693
f 2551 2693 2694
f 2551 2694 2695
f 2551 2695 2552
f 2552 2695 2696
f 2552 2696 2687
f 2554 2686 2697
f 2554 2697 2555
f 2555 2697 2698
f 2555 2698 2699
f 2555 2699 2556
f 2556 2699 2700
f 2556 2700 2701
f 2556 2701 2638
f 2556 2638 2637
f 2556 2637 2636
f 2556 2636 2557
f 2558 2566 2702
f 2558 2702 2703
f 2558 2703 2559
f 2559 2703 2560
f 2560 2703 2704
f 2560 2704 2705
f 2560 2705 2561
f 2561 2705 2706
f 2561 2706 2577
f 2561 2577 2562
f 2565 2604 2707
f 2565 2707 2708
f 2565 2708 2566
f 2566 2709 2710
f 2566 2710 2702
f 2566 2708 2707
f 2566 2707 2709
f 2567 2589 2711
f 2567 2711 2568
f 2568 2711 2570
f 2569 2570 2711
f 2569 2711 2571
f 2571 2711 2572
f 2572 2711 2712
f 2572 2712 2573
f 2573 2712 2615
f 2573 2615 2576
f 2573 2576 2575
f 2577 2706 2578
f 2578 2713 2714
f 2578 2714 2715
f 2578 2715 2716
f 2578 2716 2717
f 2578 2717 2582
f 2578 2706 2713
f 2580 2582 2718
f 2580 2718 2719
f 2580 2719 2581
f 2581 2720 2721
f 2581 2721 2722
f 2581 2722 2584
f 2581 2719 2720
f 2582 2717 2723
f 2582 2723 2718
f 2584 2721 2724
f 2584 2724 2725
f 2584 2725 2607
f 2584 2606 2605
f 2584 2722 2721
f 2588 2618 2711
f 2588 2711 2589
f 2591 2594 2592
f 2592 2594 2726
f 2592 2726 2727
f 2592 2727 2643
f 2592 2643 2728
f 2592 2728 2595
f 2593 2726 2594
f 2595 2728 2596
f 2596 2729 2597
f 2596 2728 2729
f 2597 2729 2730
f 2597 2730 2598
f 2598 2730 2731
f 2598 2731 2732
f 2598 2732 2599
f 2599 2732 2733
f 2599 2733 2734
f 2599 2734 2600
f 2600 2734 2735
f 2600 2735 2736
f 2600 2736 2602
f 2600 2602 2601
f 2602 2736 2604
f 2604 2737 2738
f 2604 2738 2739
f 2604 2739 2707
f 2604 2736 2740
f 2604 2740 2741
f 2604 2741 2737
f 2607 2725 2742
f 2607 2742 2608
f 2608 2742 2609
f 2609 2742 2743
f 2609 2743 2610
f 2610 2743 2744
f 2610 2744 2745
f 2610 2745 2613
f 2611 2620 2612
f 2611 2614 2746
f 2611 2746 2620
f 2613 2745 2744
f 2613 2744 2614
f 2614 2744 2747
f 2614 2747 2748
f 2614 2748 2746
f 2615 2712 2617
f 2617 2712 2618
f 2618 2712 2711
f 2620 2746 2749
f 2620 2749 2750
f 2620 2750 2621
f 2621 2750 2762
f 2621 2762 2658
f 2627 2630 2628
f 2630 2632 2631
f 2638 2701 2751
f 2638 2751 2752
f 2638 2752 2639
f 2639 2752 2640
f 2640 2752 2753
f 2640 2753 2754
f 2640 2754 2755
f 2640 2755 2641
f 2641 2755 2756
f 2641 2756 2728
f 2641 2728 2757
f 2641 2757 2645
f 2641 2645 2642
f 2643 2727 2644
f 2643 2645 2728
f 2644 2727 2726
f 2645 2757 2728
f 2646 2649 2663
f 2648 2656 2649
f 2649 2656 2758
f 2649 2758 2663
f 2650 2661 2660
f 2650 2660 2651
f 2651 2660 2652
f 2652 2654 2653
f 2652 2660 2659
f 2652 2659 2654
f 2654 2659 2759
f 2654 2759 2760
f 2654 2760 2655
f 2655 2760 2656
f 2656 2760 2761
f 2656 2761 2664
f 2656 2664 2758
f 2659 2762 2759
f 2662 2763 2764
f 2662 2764 2670
f 2662 2670 2669
f 2662 2668 2765
f 2662 2765 2766
f 2662 2766 2763
f 2663 2758 2664
f 2664 2761 2767
f 2664 2767 2768
f 2664 2768 2665
f 2665 2768 2767
f 2665 2767 2769
f 2665 2769 2666
f 2666 2766 2765
f 2666 2765 2668
f 2666 2668 2667
f 2666 2769 2767
f 2666 2767 2839
f 2666 2839 2770
f 2666 2770 2771
f 2666 2771 2772
f 2666 2772 2766
f 2670 2764 2671
f 2671 2773 2774
f 2671 2774 2775
f 2671 2775 2776
f 2671 2776 2777
f 2671 2777 2672
f 2671 2764 2773
f 2672 2777 2676
f 2672 2676 2677
f 2674 2677 2676
f 2674 2676 2675
f 2676 2777 2678
f 2678 2777 2679
f 2679 2777 2778
f 2679 2778 2779
f 2679 2779 2680
f 2680 2779 2780
f 2680 2780 2681
f 2681 2781 2682
f 2681 2780 2781
f 2682 2781 2782
f 2682 2782 2783
f 2682 2783 2784
f 2682 2784 2785
f 2682 2785 2786
f 2682 2786 2683
f 2683 2786 2684
f 2684 2786 2692
f 2684 2692 2685
f 2685 2692 2691
f 2685 2691 2689
f 2686 2688 2787
f 2686 2787 2697
f 2687 2696 2739
f 2687 2739 2688
f 2688 2739 2738
f 2688 2738 2788
f 2688 2788 2789
f 2688 2789 2790
f 2688 2790 2698
f 2688 2698 2787
f 2689 2691 2690
f 2692 2786 2693
f 2693 2786 2785
f 2693 2785 2791
f 2693 2791 2792
f 2693 2792 2694
f 2694 2792 2710
f 2694 2710 2695
f 2695 2710 2709
f 2695 2709 2696
f 2696 2709 2707
f 2696 2707 2739
f 2697 2787 2698
f 2698 2790 2699
f 2699 2790 2700
f 2700 2793 2794
f 2700 2794 2701
f 2700 2790 2793
f 2701 2794 2795
f 2701 2795 2796
f 2701 2796 2751
f 2702 2710 2703
f 2703 2710 2704
f 2704 2710 2797
f 2704 2797 2705
f 2705 2797 2706
f 2706 2797 2798
f 2706 2798 2791
f 2706 2791 2799
f 2706 2799 2800
f 2706 2800 2801
f 2706 2801 2713
f 2710 2792 2802
f 2710 2802 2797
f 2713 2801 2714
f 2714 2801 2803
f 2714 2803 2804
f 2714 2804 2805
f 2714 2805 2715
f 2715 2805 2776
f 2715 2776 2775
f 2715 2775 2716
f 2716 2775 2774
f 2716 2774 2773
f 2716 2773 2717
f 2717 2773 2806
f 2717 2806 2723
f 2718 2723 2807
f 2718 2807 2808
f 2718 2808 2809
f 2718 2809 2719
f 2719 2809 2810
f 2719 2810 2720
f 2720 2810 2811
f 2720 2811 2721
f 2721 2811 2812
f 2721 2812 2813
f 2721 2813 2724
f 2723 2806 2763
f 2723 2763 2814
f 2723 2814 2815
f 2723 2815 2766
f 2723 2766 2807
f 2724 2813 2812
f 2724 2812 2725
f 2725 2812 2816
f 2725 2816 2817
f 2725 2817 2747
f 2725 2747 2818
f 2725 2818 2743
f 2725 2743 2742
f 2728 2756 2819
f 2728 2819 2820
f 2728 2820 2729
f 2729 2821 2730
f 2729 2820 2821
f 2730 2821 2820
f 2730 2820 2822
f 2730 2822 2731
f 2731 2822 2732
f 2732 2822 2755
f 2732 2755 2823
f 2732 2823 2824
f 2732 2824 2825
f 2732 2825 2735
f 2732 2735 2733
f 2733 2735 2734
f 2735 2740 2736
f 2735 2825 2826
f 2735 2826 2741
f 2735 2741 2740
f 2737 2827 2828
f 2737 2828 2788
f 2737 2788 2738
f 2737 2741 2827
f 2741 2829 2830
f 2741 2830 2831
f 2741 2831 2795
f 2741 2795 2827
f 2741 2826 2824
f 2741 2824 2829
f 2743 2818 2832
f 2743 2832 2744
f 2744 2832 2747
f 2746 2748 2771
f 2746 2771 2833
f 2746 2833 2749
f 2747 2832 2818
f 2747 2817 2816
f 2747 2816 2748
f 2748 2816 2834
f 2748 2834 2771
f 2749 2833 2750
f 2750 2833 2762
f 2751 2796 2752
f 2752 2796 2835
f 2752 2835 2753
f 2753 2835 2836
f 2753 2836 2837
f 2753 2837 2754
f 2754 2823 2755
f 2754 2837 2838
f 2754 2838 2824
f 2754 2824 2823
f 2755 2822 2756
f 2756 2822 2819
f 2759 2762 2833
f 2759 2833 2770
f 2759 2770 2839
f 2759 2839 2760
f 2760 2839 2767
f 2760 2767 2761
f 2763 2766 2815
f 2763 2815 2814
f 2763 2806 2764
f 2764 2806 2773
f 2766 2772 2834
f 2766 2834 2808
f 2766 2808 2807
f 2770 2833 2771
f 2771 2834 2772
f 2776 2805 2777
f 2777 2805 2840
f 2777 2840 2778
f 2778 2840 2804
f 2778 2804 2841
f 2778 2841 2842
f 2778 2842 2779
f 2779 2841 2843
f 2779 2843 2780
f 2779 2842 2841
f 2780 2843 2781
f 2781 2843 2841
f 2781 2841 2782
f 2782 2841 2783
f 2783 2841 2800
f 2783 2800 2784
f 2784 2791 2785
f 2784 2800 2799
f 2784 2799 2791
f 2788 2828 2789
f 2789 2828 2793
f 2789 2793 2790
f 2791 2798 2797
f 2791 2797 2802
f 2791 2802 2792
f 2793 2828 2794
f 2794 2828 2827
f 2794 2827 2795
f 2795 2831 2796
f 2796 2831 2835
f 2800 2841 2803
f 2800 2803 2801
f 2803 2841 2804
f 2804 2840 2805
f 2808 2834 2816
f 2808 2816 2812
f 2808 2812 2810
f 2808 2810 2809
f 2810 2812 2811
f 2819 2822 2820
f 2824 2838 2844
f 2824 2844 2829
f 2824 2826 2825
f 2829 2844 2830
f 2830 2844 2838
f 2830 2838 2837
f 2830 2837 2836
f 2830 2836 2831
f 2831 2836 2835

