# https://github.com/mikedh/trimesh
v 0.00823409 0.01856350 0.01283615
v 0.00824923 0.01856350 0.01282420
v 0.00858485 0.01871314 0.01255236
v 0.00823409 0.01871314 0.01282918
v 0.00823343 0.03836738 0.00967462
v 0.00823409 0.01841386 0.01283117
v 0.00824594 0.01841386 0.01282221
v 0.00834202 0.01841386 0.01274753
v 0.00858748 0.01841386 0.01255535
v 0.00858748 0.01856350 0.01255435
v 0.00865987 0.01871314 0.01248365
v 0.00873489 0.01886672 0.01240499
v 0.00863815 0.01887854 0.01249261
v 0.00858024 0.01883522 0.01254838
v 0.00823409 0.01901636 0.01280628
v 0.00823409 0.03526429 0.01153470
v 0.00823409 0.04782236 0.01054491
v 0.00823409 0.04901950 0.01045032
v 0.00823409 0.04932272 0.01042542
v 0.00823409 0.04962200 0.01040053
v 0.00823409 0.05247307 0.01016254
v 0.00823409 0.05256758 0.01015458
v 0.00823409 0.05262271 0.01014960
v 0.00823409 0.05277235 0.01012968
v 0.00823409 0.05287474 0.01011176
v 0.00823409 0.05307163 0.01007591
v 0.00823409 0.05310708 0.01006794
v 0.00823409 0.05320552 0.01004405
v 0.00823409 0.05325278 0.01003011
v 0.00823409 0.05331579 0.01001019
v 0.00823409 0.05337092 0.00999227
v 0.00823409 0.05352450 0.00993750
v 0.00823409 0.05364657 0.00988871
v 0.00823409 0.05382378 0.00981403
v 0.00823409 0.05417426 0.00966566
v 0.00823409 0.05428058 0.00961985
v 0.00823409 0.05471769 0.00942867
v 0.00823409 0.05474919 0.00941473
v 0.00823409 0.05487521 0.00935598
v 0.00823409 0.05500122 0.00929225
v 0.00823409 0.05515480 0.00920861
v 0.00823409 0.05517449 0.00919765
v 0.00823409 0.05528869 0.00913392
v 0.00823409 0.05540683 0.00906422
v 0.00823409 0.05567067 0.00890689
v 0.00823409 0.05593057 0.00875056
v 0.00823409 0.05630074 0.00852452
v 0.00823409 0.05630074 0.00692334
v 0.00823409 0.02107984 0.01024718
v 0.00823409 0.01971732 0.01038758
v 0.00823409 0.01836660 0.01053695
v 0.00823409 0.01798856 0.01058076
v 0.00823409 0.01707102 0.01068830
v 0.00823409 0.01701589 0.01070025
v 0.00823409 0.01695682 0.01072614
v 0.00823409 0.01693713 0.01074207
v 0.00823409 0.01687806 0.01079883
v 0.00823409 0.01686625 0.01081974
v 0.00823409 0.01684262 0.01091434
v 0.00823409 0.01684262 0.01092928
v 0.00823409 0.01685444 0.01099898
v 0.00823409 0.01688200 0.01114735
v 0.00823409 0.01690563 0.01126684
v 0.00823409 0.01694501 0.01141919
v 0.00823409 0.01699620 0.01161137
v 0.00823409 0.01702771 0.01171094
v 0.00823409 0.01709071 0.01187724
v 0.00823409 0.01710253 0.01190313
v 0.00823409 0.01713009 0.01196088
v 0.00823409 0.01716160 0.01200270
v 0.00823409 0.01718129 0.01202660
v 0.00823409 0.01720098 0.01204950
v 0.00823409 0.01726398 0.01212020
v 0.00823409 0.01741362 0.01226956
v 0.00823409 0.01750420 0.01235221
v 0.00823409 0.01757114 0.01241096
v 0.00823409 0.01766565 0.01248166
v 0.00823409 0.01774835 0.01253842
v 0.00823409 0.01783498 0.01259617
v 0.00823409 0.01793737 0.01265990
v 0.00823409 0.01795706 0.01267185
v 0.00823409 0.01801613 0.01270571
v 0.00823409 0.01807913 0.01273857
v 0.00823409 0.01811851 0.01275350
v 0.00823409 0.01826422 0.01280528
v 0.00823409 0.01830753 0.01281325
v 0.00823409 0.01839417 0.01282818
v 0.00823409 0.02261564 0.01252547
v 0.00823409 0.02471849 0.01236117
v 0.00823409 0.02606921 0.01225562
v 0.00823409 0.03008196 0.01194196
v 0.00823409 0.03357098 0.01166813
v 0.00858353 0.01831935 0.01255136
v 0.00866250 0.01841386 0.01248664
v 0.00866250 0.01856350 0.01248564
v 0.00873950 0.01871314 0.01240897
v 0.00880991 0.01886672 0.01232831
v 0.00902840 0.01897698 0.01209730
v 0.00878754 0.01946529 0.01230840
v 0.00871383 0.01946529 0.01238308
v 0.00870199 0.01976457 0.01237213
v 0.00868949 0.02006385 0.01236117
v 0.00871054 0.02156421 0.01223073
v 0.00862104 0.01991421 0.01243187
v 0.00861446 0.02006385 0.01242590
v 0.00860064 0.02036708 0.01241395
v 0.00860722 0.02216671 0.01226857
v 0.00859801 0.02426563 0.01211224
v 0.00847824 0.04812165 0.01033481
v 0.00844731 0.04872021 0.01031091
v 0.00825054 0.04917308 0.01042542
v 0.00826700 0.05247307 0.01013765
v 0.00825844 0.05262271 0.01013068
v 0.00842428 0.05268965 0.00999326
v 0.00834004 0.05277235 0.01004604
v 0.00832293 0.05292199 0.01003210
v 0.00839795 0.05292199 0.00997136
v 0.00830516 0.05307163 0.01001816
v 0.00828937 0.05318583 0.01000521
v 0.00827094 0.05328822 0.00999028
v 0.00830977 0.05352450 0.00987377
v 0.00828674 0.05362295 0.00985386
v 0.00835386 0.05368201 0.00977220
v 0.00834794 0.05398523 0.00964973
v 0.00857300 0.05449323 0.00924147
v 0.00844731 0.05469012 0.00926238
v 0.00825383 0.05445779 0.00952625
v 0.00826107 0.05477282 0.00938187
v 0.00858024 0.05480826 0.00909808
v 0.00839664 0.05487521 0.00921956
v 0.00886914 0.05493822 0.00878840
v 0.00876714 0.05502485 0.00882922
v 0.00860328 0.05502485 0.00896763
v 0.00857827 0.05510361 0.00894573
v 0.00880070 0.05517449 0.00871869
v 0.00883229 0.05532413 0.00860717
v 0.00841112 0.05537926 0.00893179
v 0.00886388 0.05522962 0.00863405
v 0.00824001 0.05565098 0.00891386
v 0.00900207 0.05581638 0.00817302
v 0.00880202 0.05630074 0.00804755
v 0.00827358 0.05630074 0.00849166
v 0.00851443 0.05630074 0.00571649
v 0.00841638 0.01676386 0.01027705
v 0.00855589 0.05630074 0.00560695
v 0.00841967 0.01667723 0.01028402
v 0.00840585 0.01665360 0.01036866
v 0.00839466 0.01663785 0.01051902
v 0.00839598 0.01664966 0.01066938
v 0.00840651 0.01666935 0.01079086
v 0.00849996 0.01659847 0.01066938
v 0.00849996 0.01665754 0.01081476
v 0.00865000 0.01660635 0.01066938
v 0.00865000 0.01666542 0.01079485
v 0.00865000 0.01670086 0.01086953
v 0.00827423 0.01713797 0.01194395
v 0.00875003 0.01667723 0.01076298
v 0.00865000 0.01685444 0.01116427
v 0.00855458 0.01699226 0.01148789
v 0.00834991 0.01716553 0.01191109
v 0.00833939 0.01724823 0.01201266
v 0.00843941 0.01727580 0.01195690
v 0.00828213 0.01728367 0.01210029
v 0.00828016 0.01743331 0.01224965
v 0.00827423 0.01759083 0.01239403
v 0.00831833 0.01768928 0.01242988
v 0.00825647 0.01776016 0.01252946
v 0.00839861 0.01792555 0.01252348
v 0.00834926 0.01796887 0.01258920
v 0.00835847 0.01780348 0.01247668
v 0.00827292 0.01804369 0.01269276
v 0.00853681 0.01811458 0.01251552
v 0.00829793 0.01814214 0.01271367
v 0.00856247 0.01821696 0.01253444
v 0.00859670 0.02621885 0.01196088
v 0.00871252 0.04647165 0.01028402
v 0.00863552 0.04842093 0.01019042
v 0.00858419 0.04751914 0.01030095
v 0.00865066 0.01826422 0.01246971
v 0.00873621 0.01831147 0.01240598
v 0.00874213 0.01841386 0.01241096
v 0.00874147 0.01856350 0.01241096
v 0.00881452 0.01871314 0.01233230
v 0.00903169 0.01886672 0.01210128
v 0.00917976 0.01886672 0.01194893
v 0.00917647 0.01895729 0.01194594
v 0.00914883 0.01976457 0.01191707
v 0.00906854 0.01991421 0.01198876
v 0.00886256 0.01946529 0.01223173
v 0.00922780 0.02786884 0.01124792
v 0.00887770 0.02317089 0.01194694
v 0.00875529 0.02036708 0.01227554
v 0.00873950 0.02081600 0.01225861
v 0.00872568 0.02119404 0.01224467
v 0.00871647 0.02141457 0.01223670
v 0.00872634 0.02315120 0.01209531
v 0.00868949 0.02201707 0.01221380
v 0.00887770 0.02722696 0.01164722
v 0.00862170 0.02186743 0.01228052
v 0.00869409 0.02576599 0.01191906
v 0.00843152 0.04901950 0.01029896
v 0.00843020 0.05259121 0.00999824
v 0.00850654 0.04901950 0.01024121
v 0.00861183 0.04886986 0.01017250
v 0.00868685 0.04886986 0.01011375
v 0.00878162 0.04886986 0.01003907
v 0.00836439 0.05263452 0.01004604
v 0.00859275 0.05262271 0.00985884
v 0.00875595 0.05262271 0.00972043
v 0.00858353 0.05273297 0.00985087
v 0.00851312 0.05278023 0.00990165
v 0.00946207 0.05172092 0.00923250
v 0.00945220 0.05187056 0.00922454
v 0.00848614 0.05292199 0.00989668
v 0.00838019 0.05307163 0.00995642
v 0.00846837 0.05307163 0.00988174
v 0.00844534 0.05322127 0.00986182
v 0.00849864 0.05336698 0.00976723
v 0.00835584 0.05336304 0.00989170
v 0.00847166 0.05352450 0.00973437
v 0.00859801 0.05367414 0.00956409
v 0.00857893 0.05375683 0.00954617
v 0.00871252 0.05387103 0.00938286
v 0.00858814 0.05407581 0.00940477
v 0.00886453 0.05462712 0.00893477
v 0.00859735 0.05439478 0.00926238
v 0.00870594 0.05461137 0.00907717
v 0.00855260 0.05457199 0.00922454
v 0.00894877 0.05488308 0.00874757
v 0.00902774 0.05495397 0.00864600
v 0.00884216 0.05502485 0.00876549
v 0.00889678 0.05513117 0.00866094
v 0.00891916 0.05532413 0.00853249
v 0.00888823 0.05541864 0.00850461
v 0.00879149 0.05546196 0.00856136
v 0.00902445 0.05599752 0.00804257
v 0.00887506 0.05630074 0.00798582
v 0.00896325 0.05594239 0.00812921
v 0.00895074 0.05547378 0.00841798
v 0.00901260 0.05552891 0.00833134
v 0.00903498 0.05571399 0.00820289
v 0.00857300 0.01668117 0.00998928
v 0.00859999 0.05630074 0.00553426
v 0.01255901 0.01631494 0.00266449
v 0.01219443 0.01631494 0.00327290
v 0.01215034 0.01631494 0.00334758
v 0.01187526 0.01623618 0.00384147
v 0.01171469 0.01631494 0.00412327
v 0.01159887 0.01631494 0.00433637
v 0.01140408 0.01631494 0.00470181
v 0.01128891 0.01631494 0.00491789
v 0.00919292 0.01661422 0.00882624
v 0.00899944 0.01661422 0.00919367
v 0.00946800 0.01651971 0.00832836
v 0.00916133 0.01651971 0.00891784
v 0.00900997 0.01652365 0.00921259
v 0.00886190 0.01652759 0.00951430
v 0.00871712 0.01653153 0.00982299
v 0.00849996 0.01658272 0.01036866
v 0.00849996 0.01657090 0.01051902
v 0.00865000 0.01656303 0.01051902
v 0.00880004 0.01658666 0.01051902
v 0.00859011 0.01712616 0.01165916
v 0.00880004 0.01665360 0.01067237
v 0.00890534 0.01667329 0.01062457
v 0.00885006 0.01670086 0.01072514
v 0.00873884 0.01683081 0.01105773
v 0.00872305 0.01699226 0.01134251
v 0.00866382 0.01701589 0.01143014
v 0.00838216 0.01732699 0.01205747
v 0.00859143 0.01727186 0.01181052
v 0.00859143 0.01742150 0.01195988
v 0.00848811 0.01737424 0.01200868
v 0.00853615 0.01747663 0.01206046
v 0.00858485 0.01757902 0.01210327
v 0.00836110 0.01764990 0.01236217
v 0.00841836 0.01774835 0.01238806
v 0.00845916 0.01784680 0.01242391
v 0.00859735 0.01800825 0.01241494
v 0.00843612 0.01802400 0.01255236
v 0.00862368 0.01811458 0.01243984
v 0.00871778 0.01820909 0.01238706
v 0.00870725 0.02741598 0.01177965
v 0.00872107 0.03479961 0.01119116
v 0.00872568 0.03470116 0.01119514
v 0.00877635 0.04707022 0.01018544
v 0.00874740 0.04767272 0.01016155
v 0.00873292 0.04797201 0.01014960
v 0.00872305 0.04817284 0.01014163
v 0.00871054 0.04842093 0.01013167
v 0.00888625 0.01831147 0.01225562
v 0.00881715 0.01841386 0.01233528
v 0.00889086 0.01841386 0.01226060
v 0.00881649 0.01856350 0.01233429
v 0.00896259 0.01871314 0.01217995
v 0.00888954 0.01856350 0.01225961
v 0.00926860 0.01887460 0.01185633
v 0.00925741 0.01871314 0.01187425
v 0.00923635 0.01931565 0.01185832
v 0.00929097 0.01991421 0.01175874
v 0.00917647 0.02105228 0.01179558
v 0.00964765 0.03477205 0.01031688
v 0.00931335 0.02756956 0.01118220
v 0.00930282 0.02786884 0.01117124
v 0.00946339 0.03372062 0.01058176
v 0.00899089 0.02621885 0.01160938
v 0.00887638 0.02525405 0.01179558
v 0.00947260 0.03552025 0.01044135
v 0.00888230 0.02711670 0.01165120
v 0.00870923 0.02351742 0.01208137
v 0.00887375 0.02732541 0.01164323
v 0.00888230 0.02906991 0.01150084
v 0.00872568 0.02509654 0.01194495
v 0.00869541 0.02381671 0.01206942
v 0.00947260 0.04770816 0.00954119
v 0.00872502 0.02703794 0.01179459
v 0.00947524 0.05149252 0.00924346
v 0.00938705 0.05172092 0.00929424
v 0.00884808 0.04901950 0.00997235
v 0.00890863 0.04962200 0.00987079
v 0.00898365 0.04962200 0.00981004
v 0.00905143 0.05007093 0.00971545
v 0.00917449 0.05088608 0.00954318
v 0.00933046 0.05109085 0.00939780
v 0.00881518 0.04843275 0.01004703
v 0.00885664 0.04886986 0.00997833
v 0.00883097 0.05262271 0.00965471
v 0.00874016 0.05277235 0.00970748
v 0.00944102 0.05202414 0.00921359
v 0.00954433 0.05172092 0.00915782
v 0.00953446 0.05187056 0.00914886
v 0.00952327 0.05202414 0.00913890
v 0.00862828 0.05307163 0.00974034
v 0.00866053 0.05291805 0.00974631
v 0.00871712 0.05296531 0.00968657
v 0.00860459 0.05322127 0.00972043
v 0.00858617 0.05332760 0.00970350
v 0.00856774 0.05342605 0.00968657
v 0.00854668 0.05352450 0.00966865
v 0.00867303 0.05367414 0.00949837
v 0.00873621 0.05377259 0.00940278
v 0.00894614 0.05426483 0.00901443
v 0.00885532 0.05430815 0.00907617
v 0.00902247 0.05464287 0.00879039
v 0.00900207 0.05472163 0.00877346
v 0.00904814 0.05487521 0.00866492
v 0.00912316 0.05487521 0.00858825
v 0.00917581 0.05495003 0.00849365
v 0.00919621 0.05513905 0.00836620
v 0.00919094 0.05542652 0.00820986
v 0.00914685 0.05532413 0.00831342
v 0.00910342 0.05547771 0.00827060
v 0.00902116 0.05524144 0.00848867
v 0.00899418 0.05532413 0.00846577
v 0.00905340 0.05589907 0.00807245
v 0.00904287 0.05617867 0.00791113
v 0.00900076 0.05630074 0.00787628
v 0.00906130 0.05562342 0.00822978
v 0.00901458 0.05630074 0.00487208
v 0.01257151 0.01627162 0.00266449
v 0.01215955 0.01620468 0.00336252
v 0.01003395 0.05630074 0.00324601
v 0.01025704 0.05630074 0.00289053
v 0.01028007 0.05630074 0.00285468
v 0.01032350 0.05630074 0.00279294
v 0.01034785 0.05630074 0.00276705
v 0.01038207 0.05630074 0.00275212
v 0.01044656 0.05630074 0.00272921
v 0.01052619 0.05630074 0.00270830
v 0.01069861 0.05630074 0.00266449
v 0.01171864 0.01621649 0.00413024
v 0.01113492 0.01631494 0.00520865
v 0.01004711 0.01646458 0.00723900
v 0.01109543 0.01631494 0.00528433
v 0.01125864 0.01621649 0.00501049
v 0.01110662 0.01621649 0.00530524
v 0.00991089 0.01637401 0.00756063
v 0.01081312 0.01622830 0.00591165
v 0.01066900 0.01623224 0.00622532
v 0.00962133 0.01638582 0.00818198
v 0.00961212 0.01638188 0.00826861
v 0.00951406 0.01639370 0.00856833
v 0.00860788 0.01654334 0.01021930
v 0.00865395 0.01654334 0.01036070
v 0.00884742 0.01653940 0.01028502
v 0.00895074 0.01654728 0.01025216
v 0.00895074 0.01658272 0.01036866
v 0.00895338 0.01664573 0.01052201
v 0.00918370 0.01653546 0.01000422
v 0.00912908 0.01655122 0.01010479
v 0.00873884 0.01712616 0.01150881
v 0.00869014 0.01717341 0.01160838
v 0.00874147 0.01727186 0.01166116
v 0.00905209 0.01667329 0.01047421
v 0.00900536 0.01670086 0.01057379
v 0.00895338 0.01672842 0.01067237
v 0.00888823 0.01683081 0.01090836
v 0.00891257 0.01696076 0.01108660
v 0.00886848 0.01699620 0.01118618
v 0.00902971 0.01713403 0.01119912
v 0.00888494 0.01713009 0.01135446
v 0.00874082 0.01742150 0.01181052
v 0.00869146 0.01747663 0.01191010
v 0.00873423 0.01757902 0.01195291
v 0.00866645 0.01779167 0.01218592
v 0.00857235 0.01774441 0.01224168
v 0.00851575 0.01779560 0.01233429
v 0.00855919 0.01790980 0.01238009
v 0.00874608 0.01800825 0.01226558
v 0.00869870 0.01811458 0.01236715
v 0.00871054 0.01790980 0.01222973
v 0.00886717 0.01820909 0.01223571
v 0.00873292 0.03071991 0.01150084
v 0.00887243 0.04471533 0.01029199
v 0.00884413 0.04721986 0.01011873
v 0.00882242 0.04767272 0.01010081
v 0.00903498 0.01831541 0.01210427
v 0.00901589 0.01821303 0.01208535
v 0.00903893 0.01841386 0.01210825
v 0.00903761 0.01856350 0.01210726
v 0.00932519 0.01892973 0.01179359
v 0.00931664 0.01916600 0.01178563
v 0.00932782 0.01882734 0.01179658
v 0.00947524 0.01878796 0.01164423
v 0.00954499 0.01886672 0.01156756
v 0.00932980 0.01871314 0.01179857
v 0.00933112 0.01856350 0.01180056
v 0.00945352 0.01946529 0.01162133
v 0.00946800 0.02321814 0.01133654
v 0.00938771 0.02336778 0.01140923
v 0.00934099 0.02471849 0.01136044
v 0.01007672 0.04760972 0.00894473
v 0.01006948 0.04782236 0.00893676
v 0.00963712 0.03507133 0.01030593
v 0.00962265 0.02924712 0.01074108
v 0.00962462 0.03542574 0.01029299
v 0.00917910 0.03129091 0.01104777
v 0.00963449 0.03926917 0.01000322
v 0.00903037 0.02921956 0.01134948
v 0.00902511 0.03138542 0.01119415
v 0.01008923 0.04932272 0.00880732
v 0.00947194 0.04965350 0.00939083
v 0.00940087 0.04947236 0.00946651
v 0.00896522 0.03523278 0.01095019
v 0.00950551 0.04482166 0.00972341
v 0.00970885 0.04947236 0.00917774
v 0.00962528 0.04969288 0.00924346
v 0.00961080 0.05007093 0.00922952
v 0.00965292 0.05097271 0.00912098
v 0.00958053 0.05082307 0.00920164
v 0.00948642 0.04932272 0.00940378
v 0.00898167 0.04782236 0.00995642
v 0.00948050 0.05139407 0.00924744
v 0.00953841 0.05143345 0.00919068
v 0.00956473 0.05157916 0.00915284
v 0.00893232 0.04917308 0.00989070
v 0.00906722 0.04977164 0.00972839
v 0.00889283 0.04812165 0.01000820
v 0.00894614 0.04886986 0.00990364
v 0.00899023 0.05262271 0.00951231
v 0.00889876 0.05277235 0.00956509
v 0.00962462 0.05163823 0.00909210
v 0.00961936 0.05172092 0.00908712
v 0.00960948 0.05187056 0.00907717
v 0.00959830 0.05202414 0.00906522
v 0.00950748 0.05217378 0.00912397
v 0.00907249 0.05262271 0.00943663
v 0.00870330 0.05307163 0.00967362
v 0.00887177 0.05298500 0.00954019
v 0.00878491 0.05307163 0.00959894
v 0.00888494 0.05288261 0.00955214
v 0.00867961 0.05322127 0.00965271
v 0.00874082 0.05334335 0.00955812
v 0.00872305 0.05344180 0.00954119
v 0.00870660 0.05352450 0.00952725
v 0.00863157 0.05352450 0.00959396
v 0.00875793 0.05367414 0.00942269
v 0.00889152 0.05378440 0.00925839
v 0.00903564 0.05422151 0.00895270
v 0.00901260 0.05431996 0.00893278
v 0.00907315 0.05442235 0.00883619
v 0.00914817 0.05442235 0.00876848
v 0.00909750 0.05458380 0.00874658
v 0.00919489 0.05457199 0.00866194
v 0.00917647 0.05465075 0.00864501
v 0.00910210 0.05470982 0.00868783
v 0.00915343 0.05474919 0.00862011
v 0.00932453 0.05464681 0.00849266
v 0.00919423 0.05487521 0.00851357
v 0.00932190 0.05494215 0.00833931
v 0.00936994 0.05502485 0.00824173
v 0.00931730 0.05523356 0.00818397
v 0.00936139 0.05532413 0.00808240
v 0.00924951 0.05547378 0.00811726
v 0.00913632 0.05562342 0.00815111
v 0.00917120 0.05598964 0.00788823
v 0.00915541 0.05630074 0.00771398
v 0.00918107 0.05571005 0.00804955
v 0.00907841 0.05630074 0.00779662
v 0.00902050 0.05630074 0.00785637
v 0.01259849 0.01619286 0.00266449
v 0.01187658 0.01609048 0.00399383
v 0.01202070 0.05630074 0.00266449
v 0.01170021 0.01616530 0.00422882
v 0.01141197 0.01621649 0.00471675
v 0.01172390 0.01608654 0.00428558
v 0.01095921 0.01622437 0.00560496
v 0.01052619 0.01624012 0.00654496
v 0.01051895 0.01623618 0.00664553
v 0.01050711 0.01623224 0.00676900
v 0.00958908 0.01638188 0.00856833
v 0.00880004 0.01651184 0.00991858
v 0.00879873 0.01653153 0.01022826
v 0.00910079 0.01646458 0.00946850
v 0.00960422 0.01638582 0.00866891
v 0.00985100 0.01636219 0.00841798
v 0.00908762 0.01653153 0.01005998
v 0.00978453 0.01638582 0.00865198
v 0.00910144 0.01664966 0.01036667
v 0.00924030 0.01658272 0.01005998
v 0.00925083 0.01650396 0.00976922
v 0.00988456 0.01639370 0.00861115
v 0.01084536 0.01623224 0.00686957
v 0.01023137 0.01638582 0.00819990
v 0.00936007 0.01652759 0.00976922
v 0.00932848 0.01653940 0.00984788
v 0.00888823 0.01727580 0.01150881
v 0.00884150 0.01732305 0.01160838
v 0.00919423 0.01667723 0.01031589
v 0.00915212 0.01670480 0.01041546
v 0.00908960 0.01681112 0.01065544
v 0.00920213 0.01696864 0.01077394
v 0.00954960 0.01706315 0.01051803
v 0.00965292 0.01711434 0.01047421
v 0.01037549 0.01713797 0.00969354
v 0.00946339 0.01714978 0.01073112
v 0.00917910 0.01728367 0.01119912
v 0.00903432 0.01727973 0.01135446
v 0.00888888 0.01742544 0.01165817
v 0.00884084 0.01748057 0.01175874
v 0.00878754 0.01752782 0.01185633
v 0.00888230 0.01757902 0.01180156
v 0.00876648 0.01766565 0.01198677
v 0.00887112 0.01774441 0.01193997
v 0.00885927 0.01790980 0.01207838
v 0.00861052 0.01784286 0.01227952
v 0.00934099 0.01801613 0.01166016
v 0.00914356 0.01811458 0.01191209
v 0.00884677 0.01811458 0.01221579
v 0.00890665 0.04782236 0.01002015
v 0.00887638 0.04655435 0.01014462
v 0.00918239 0.01831935 0.01195192
v 0.00911395 0.01841386 0.01203058
v 0.00931335 0.01822484 0.01178164
v 0.00936468 0.01811458 0.01168505
v 0.00943970 0.01811458 0.01160738
v 0.00954039 0.01901636 0.01156258
v 0.00939363 0.01901636 0.01171592
v 0.00991286 0.01886672 0.01118120
v 0.00962001 0.01886672 0.01148889
v 0.00962265 0.01871314 0.01149188
v 0.00940614 0.01856350 0.01172190
v 0.00966016 0.02606921 0.01093027
v 0.00976413 0.03357098 0.01028203
v 0.01002013 0.04091916 0.00948543
v 0.01008594 0.04316773 0.00925441
v 0.01009054 0.04512094 0.00910903
v 0.01017478 0.04901950 0.00873861
v 0.01009976 0.04901950 0.00881827
v 0.00998920 0.04797201 0.00900746
v 0.00933967 0.03507133 0.01060864
v 0.00977071 0.04782236 0.00923848
v 0.00975953 0.04812165 0.00922753
v 0.01023927 0.04917308 0.00865795
v 0.01023400 0.04932272 0.00865198
v 0.01017214 0.04948417 0.00870575
v 0.01007212 0.04977164 0.00878939
v 0.00998525 0.05007093 0.00885511
v 0.00991813 0.04992128 0.00893577
v 0.01002013 0.04917308 0.00888797
v 0.00950551 0.05082307 0.00927034
v 0.00943970 0.05037021 0.00936295
v 0.00936468 0.05037021 0.00942767
v 0.00914948 0.04962200 0.00967163
v 0.00910079 0.04886986 0.00977220
v 0.00980691 0.04886986 0.00912496
v 0.00977598 0.04970076 0.00909409
v 0.00975097 0.05037021 0.00906920
v 0.00982007 0.05051985 0.00898854
v 0.00964699 0.05112236 0.00911501
v 0.00956079 0.05127200 0.00918371
v 0.00896522 0.04873203 0.00989867
v 0.00948576 0.05127200 0.00925242
v 0.00914225 0.04977164 0.00966566
v 0.00935086 0.05067343 0.00941572
v 0.00963449 0.05142164 0.00910206
v 0.00962923 0.05153584 0.00909708
v 0.00900734 0.04917308 0.00982797
v 0.00897378 0.05277235 0.00949638
v 0.00978848 0.05127200 0.00895668
v 0.00978124 0.05142164 0.00894971
v 0.00977203 0.05161066 0.00893975
v 0.00969043 0.05172092 0.00901244
v 0.00976545 0.05172092 0.00893278
v 0.00967990 0.05187056 0.00900149
v 0.00966871 0.05202414 0.00898954
v 0.00990628 0.05262271 0.00862310
v 0.00989312 0.05277235 0.00860916
v 0.00993655 0.05307163 0.00850461
v 0.00980362 0.05292199 0.00867189
v 0.00972860 0.05292199 0.00874757
v 0.00965358 0.05292199 0.00882126
v 0.00948050 0.05241794 0.00909808
v 0.00939758 0.05246125 0.00916678
v 0.00914751 0.05262271 0.00936693
v 0.00894087 0.05292987 0.00948941
v 0.00895798 0.05305982 0.00944261
v 0.00901260 0.05309920 0.00938187
v 0.00891850 0.05322127 0.00943365
v 0.00903235 0.05346543 0.00925043
v 0.00901326 0.05356781 0.00923250
v 0.00891587 0.05367414 0.00928030
v 0.00927320 0.05382378 0.00889594
v 0.00919029 0.05423333 0.00880732
v 0.00916857 0.05433177 0.00878740
v 0.00925675 0.05428846 0.00872467
v 0.00932256 0.05433965 0.00864003
v 0.00928044 0.05458774 0.00856734
v 0.00944628 0.05412306 0.00861414
v 0.00949300 0.05423726 0.00851257
v 0.00940877 0.05459168 0.00842694
v 0.00946931 0.05463499 0.00833632
v 0.00944496 0.05502485 0.00815908
v 0.00947063 0.05433571 0.00848768
v 0.00940285 0.05517843 0.00812024
v 0.00946273 0.05522175 0.00802863
v 0.00943641 0.05532413 0.00799777
v 0.00933572 0.05541864 0.00805452
v 0.00919818 0.05589120 0.00791910
v 0.00933046 0.05615897 0.00759946
v 0.00917581 0.05630074 0.00769008
v 0.00929821 0.05580062 0.00786234
v 0.00946931 0.05568642 0.00773688
v 0.00927979 0.05562342 0.00799179
v 0.01270115 0.01612592 0.00266449
v 0.01205755 0.01609442 0.00372597
v 0.01201938 0.01608654 0.00382654
v 0.01203254 0.05627318 0.00266449
v 0.01200227 0.05630074 0.00273021
v 0.01199964 0.05622198 0.00287161
v 0.01202136 0.05613929 0.00292538
v 0.01203452 0.05617079 0.00282481
v 0.01180090 0.01607473 0.00436823
v 0.01157189 0.01608654 0.00472172
v 0.01158965 0.01609048 0.00462115
v 0.01120139 0.01613379 0.00541875
v 0.01105134 0.01615348 0.00571848
v 0.01120139 0.01612198 0.00556812
v 0.01090130 0.01616924 0.00616856
v 0.01120139 0.01612198 0.00571848
v 0.01051237 0.01623618 0.00702591
v 0.00925083 0.01646064 0.00946850
v 0.01060121 0.01622437 0.00691836
v 0.01045117 0.01625193 0.00721908
v 0.01060121 0.01623618 0.00703586
v 0.01069532 0.01623618 0.00701794
v 0.00938771 0.01659453 0.00990663
v 0.00933506 0.01668117 0.01015557
v 0.00943509 0.01655909 0.00976922
v 0.00970030 0.01657090 0.00947248
v 0.01135143 0.01611804 0.00571848
v 0.01135143 0.01614561 0.00586884
v 0.01098554 0.01623618 0.00670826
v 0.01037220 0.01638976 0.00803859
v 0.01015109 0.01646064 0.00856833
v 0.00984442 0.01651971 0.00915782
v 0.00964963 0.01652759 0.00942469
v 0.00898825 0.01732699 0.01145404
v 0.00903498 0.01742938 0.01150482
v 0.00929426 0.01670873 0.01025515
v 0.01020966 0.01700014 0.00967362
v 0.00950946 0.01681506 0.01018246
v 0.00981349 0.01696076 0.01006894
v 0.00949037 0.01697651 0.01046127
v 0.00983784 0.01707102 0.01020536
v 0.01014253 0.01710253 0.00990763
v 0.01033403 0.01733486 0.00994547
v 0.01009252 0.01742150 0.01031290
v 0.00990431 0.01746088 0.01056981
v 0.00999709 0.01736637 0.01036468
v 0.00970885 0.01735455 0.01067834
v 0.00988851 0.01701589 0.01006894
v 0.01006751 0.01699620 0.00983295
v 0.01031297 0.01705133 0.00963379
v 0.01041695 0.01710646 0.00959297
v 0.01051698 0.01714978 0.00953024
v 0.01046828 0.01719310 0.00963977
v 0.01051961 0.01729549 0.00968557
v 0.01038010 0.01758295 0.01014860
v 0.00941996 0.01734274 0.01099101
v 0.00961606 0.01744907 0.01088347
v 0.00932651 0.01743725 0.01119514
v 0.00913501 0.01748451 0.01145006
v 0.00917844 0.01758689 0.01149686
v 0.00936336 0.01768928 0.01138434
v 0.00916791 0.01774835 0.01163626
v 0.00915672 0.01791374 0.01177467
v 0.00924886 0.01796493 0.01171791
v 0.00978585 0.01802400 0.01120510
v 0.00948971 0.01802007 0.01150881
v 0.00932980 0.01832723 0.01179857
v 0.00946207 0.01823665 0.01163029
v 0.00933177 0.01841386 0.01180156
v 0.00958711 0.01811458 0.01145404
v 0.00961541 0.01901636 0.01148391
v 0.00980757 0.02186743 0.01107764
v 0.00979638 0.02636849 0.01076597
v 0.00976940 0.01871314 0.01133753
v 0.00991483 0.01871314 0.01118220
v 0.00998327 0.01886672 0.01110552
v 0.00997933 0.01901636 0.01110154
v 0.00990825 0.01901636 0.01117622
v 0.00994116 0.03477205 0.01001019
v 0.00991549 0.03552025 0.00998331
v 0.01006751 0.03327169 0.00998530
v 0.01007146 0.03941881 0.00953920
v 0.01007870 0.03503195 0.00984689
v 0.01019978 0.04827129 0.00876549
v 0.00992010 0.04782236 0.00908812
v 0.00980888 0.04677094 0.00927731
v 0.01037878 0.04928728 0.00849664
v 0.01032219 0.04933059 0.00855539
v 0.01017609 0.04271880 0.00918969
v 0.01023993 0.04497130 0.00895867
v 0.01026428 0.04632201 0.00883520
v 0.01024914 0.04886986 0.00866891
v 0.01022282 0.04962200 0.00864003
v 0.01014187 0.04977164 0.00871471
v 0.01006619 0.04992128 0.00878342
v 0.00990101 0.05037021 0.00891784
v 0.00983718 0.05007093 0.00900547
v 0.00980757 0.05082307 0.00897659
v 0.00972794 0.05097271 0.00904530
v 0.00964041 0.05127200 0.00910903
v 0.00979506 0.05112236 0.00896365
v 0.00912974 0.05277235 0.00935100
v 0.00933309 0.05302832 0.00910106
v 0.00916659 0.05311495 0.00923549
v 0.00994050 0.05112236 0.00880931
v 0.00986350 0.05127200 0.00887702
v 0.00992865 0.05137438 0.00879636
v 0.00991813 0.05157128 0.00878541
v 0.00990957 0.05172092 0.00877545
v 0.00996748 0.05187056 0.00868982
v 0.00989904 0.05187056 0.00876450
v 0.00982402 0.05187056 0.00884615
v 0.00975492 0.05187056 0.00892083
v 0.00974373 0.05202414 0.00890888
v 0.00996222 0.05277235 0.00853348
v 0.00994971 0.05292199 0.00851954
v 0.00988785 0.05202414 0.00875255
v 0.00995629 0.05202414 0.00867687
v 0.01002276 0.05307951 0.00840802
v 0.01007343 0.05313464 0.00834031
v 0.00992800 0.05315433 0.00849564
v 0.00986350 0.05307163 0.00857929
v 0.00978848 0.05307163 0.00865596
v 0.00971149 0.05307163 0.00873164
v 0.00962725 0.05315433 0.00879537
v 0.00957592 0.05292199 0.00889594
v 0.00946865 0.05252032 0.00908712
v 0.00938179 0.05262271 0.00914687
v 0.00922714 0.05262271 0.00929225
v 0.00907446 0.05322127 0.00928926
v 0.00904880 0.05337092 0.00926536
v 0.00934033 0.05348905 0.00895768
v 0.00947721 0.05360325 0.00879437
v 0.00916791 0.05357963 0.00908712
v 0.00920476 0.05337092 0.00912098
v 0.00914817 0.05367414 0.00906920
v 0.00943049 0.05382378 0.00875155
v 0.00948840 0.05393010 0.00865596
v 0.00937126 0.05412306 0.00868583
v 0.00934494 0.05424120 0.00866094
v 0.00951867 0.05412306 0.00853846
v 0.00946668 0.05402855 0.00863505
v 0.00955223 0.05397736 0.00857033
v 0.00961541 0.05402461 0.00848170
v 0.00959369 0.05412306 0.00845781
v 0.00963778 0.05422545 0.00835723
v 0.00951801 0.05442235 0.00839109
v 0.00975887 0.05431208 0.00817401
v 0.00951011 0.05502485 0.00808340
v 0.00948708 0.05512330 0.00805651
v 0.00958382 0.05533595 0.00781853
v 0.00950090 0.05532413 0.00792308
v 0.00947984 0.05540683 0.00789819
v 0.00945747 0.05596602 0.00757258
v 0.00966016 0.05591089 0.00736546
v 0.00961343 0.05612747 0.00727883
v 0.00928900 0.05630074 0.00755465
v 0.00949629 0.05558798 0.00776675
v 0.00960093 0.05547378 0.00771497
v 0.00963778 0.05557222 0.00760842
v 0.01285120 0.01612592 0.00266449
v 0.01270115 0.01611410 0.00286762
v 0.01255111 0.01609835 0.00316735
v 0.01240107 0.01609442 0.00331771
v 0.01220035 0.01609048 0.00356067
v 0.01215758 0.01608654 0.00366025
v 0.01217666 0.05585182 0.00279493
v 0.01218654 0.05587544 0.00271726
v 0.01216153 0.05596602 0.00266449
v 0.01198911 0.05630074 0.00277701
v 0.01196147 0.05630074 0.00287260
v 0.01193646 0.05630074 0.00295027
v 0.01191475 0.05630074 0.00301699
v 0.01195160 0.05622198 0.00301699
v 0.01200951 0.05608415 0.00303192
v 0.01232539 0.05539895 0.00294131
v 0.01225234 0.05562342 0.00286762
v 0.01231881 0.05553284 0.00276307
v 0.01210098 0.01607866 0.00391815
v 0.01195094 0.01607473 0.00421787
v 0.01195094 0.01607079 0.00436823
v 0.01180090 0.01607473 0.00466795
v 0.01156070 0.01608654 0.00496768
v 0.01156201 0.01608654 0.00481831
v 0.01135143 0.01610623 0.00526840
v 0.01135143 0.01610623 0.00556812
v 0.01120139 0.01612986 0.00586884
v 0.01090130 0.01617317 0.00631892
v 0.00970425 0.01664179 0.00961985
v 0.00939100 0.01666542 0.01005400
v 0.00979770 0.01667329 0.00957106
v 0.00984903 0.01673236 0.00961985
v 0.01007409 0.01683868 0.00954119
v 0.01024980 0.01697258 0.00957405
v 0.00993129 0.01653546 0.00910106
v 0.01003790 0.01655909 0.00901842
v 0.01172654 0.01609048 0.00504535
v 0.01150147 0.01612592 0.00556812
v 0.01165086 0.01614167 0.00541875
v 0.01150147 0.01616136 0.00571848
v 0.01120336 0.01620862 0.00631494
v 0.01115532 0.01622437 0.00643741
v 0.01112110 0.01624012 0.00653799
v 0.01051106 0.01639370 0.00787529
v 0.01054594 0.01637795 0.00777472
v 0.01010370 0.01652365 0.00883619
v 0.01001223 0.01650002 0.00887901
v 0.00918107 0.01743331 0.01135048
v 0.00996748 0.01696076 0.00989070
v 0.00960948 0.01685050 0.01012470
v 0.01033601 0.01748451 0.01009782
v 0.01019254 0.01747663 0.01025515
v 0.01023664 0.01757508 0.01030593
v 0.00994971 0.01756327 0.01062159
v 0.00980559 0.01755539 0.01077792
v 0.01034983 0.01700802 0.00950932
v 0.01045183 0.01706315 0.00946949
v 0.01054988 0.01711828 0.00943066
v 0.01064991 0.01716553 0.00935498
v 0.01074007 0.01722460 0.00930221
v 0.01082957 0.01728367 0.00924943
v 0.01079666 0.01732305 0.00934901
v 0.01097566 0.01744119 0.00924246
v 0.01065913 0.01730730 0.00952127
v 0.01055910 0.01724823 0.00958600
v 0.01061240 0.01750026 0.00978316
v 0.01056305 0.01754358 0.00988970
v 0.01052159 0.01744513 0.00983793
v 0.01084273 0.01756720 0.00956509
v 0.01070322 0.01755539 0.00972740
v 0.01052224 0.01759477 0.00998928
v 0.01037483 0.01774047 0.01029299
v 0.01026559 0.01767353 0.01036169
v 0.00994576 0.01771291 0.01076697
v 0.00956605 0.01749632 0.01098703
v 0.00944102 0.01750026 0.01113042
v 0.00947063 0.01759477 0.01118917
v 0.00932453 0.01759083 0.01134351
v 0.00970227 0.01781135 0.01112146
v 0.00964897 0.01785861 0.01121804
v 0.00960093 0.01792162 0.01131862
v 0.00926070 0.01779954 0.01157950
v 0.00993326 0.01802794 0.01105275
v 0.00961146 0.01826422 0.01147993
v 0.00947589 0.01833904 0.01164522
v 0.00965818 0.01811458 0.01137936
v 0.00980428 0.01811458 0.01122501
v 0.00987930 0.01811458 0.01114535
v 0.00947721 0.01841386 0.01164622
v 0.00969372 0.01856350 0.01141720
v 0.00989312 0.01946529 0.01116029
v 0.00988259 0.02186743 0.01099898
v 0.00987140 0.02636849 0.01068731
v 0.00998393 0.01871314 0.01110751
v 0.01005830 0.01886672 0.01102487
v 0.00976874 0.01856350 0.01133654
v 0.00995958 0.01961493 0.01107963
v 0.01005435 0.01901636 0.01102088
v 0.01006883 0.02486814 0.01058673
v 0.00998393 0.02516742 0.01065544
v 0.01004316 0.02771920 0.01040949
v 0.01005895 0.02516742 0.01057578
v 0.01007870 0.03293697 0.00999725
v 0.01097830 0.05003155 0.00774683
v 0.01097237 0.05022057 0.00773986
v 0.01037549 0.04938573 0.00849266
v 0.01035838 0.04782236 0.00862410
v 0.01021624 0.03522097 0.00968358
v 0.01023071 0.03477205 0.00969951
v 0.01037549 0.04728681 0.00864302
v 0.01039129 0.04466808 0.00881130
v 0.01042814 0.04767272 0.00855439
v 0.01029126 0.04962200 0.00856535
v 0.01022742 0.04116332 0.00924545
v 0.01021097 0.04992128 0.00862708
v 0.01013003 0.05007093 0.00870177
v 0.01005369 0.05022057 0.00877047
v 0.00996024 0.05067343 0.00883022
v 0.00943904 0.05277235 0.00905924
v 0.00942127 0.05292199 0.00904231
v 0.00934625 0.05292199 0.00911301
v 0.00932059 0.05312676 0.00908912
v 0.00930545 0.05322127 0.00907517
v 0.01008462 0.05112236 0.00865297
v 0.01002210 0.05097271 0.00873562
v 0.01007936 0.05122868 0.00864700
v 0.01006883 0.05142164 0.00863605
v 0.01006093 0.05157128 0.00862609
v 0.00997669 0.05172092 0.00870077
v 0.01007409 0.05133107 0.00864102
v 0.01004250 0.05187056 0.00860518
v 0.01011818 0.05172092 0.00854145
v 0.01003724 0.05277235 0.00844984
v 0.01002473 0.05292199 0.00843590
v 0.01003131 0.05202414 0.00859223
v 0.01009120 0.05292199 0.00836122
v 0.01019781 0.05322127 0.00815709
v 0.01012279 0.05322127 0.00825069
v 0.01006027 0.05322127 0.00832537
v 0.00997472 0.05321340 0.00842395
v 0.01023269 0.05288655 0.00820090
v 0.01022413 0.05298500 0.00819094
v 0.01021558 0.05307163 0.00818099
v 0.00991154 0.05325672 0.00847872
v 0.00984508 0.05320552 0.00856336
v 0.00977861 0.05315827 0.00864600
v 0.00976282 0.05325672 0.00863007
v 0.00964370 0.05352450 0.00866094
v 0.00959106 0.05337092 0.00876052
v 0.00949037 0.05352450 0.00880732
v 0.00947392 0.05314252 0.00894174
v 0.00962923 0.05360719 0.00864700
v 0.00954302 0.05365445 0.00871172
v 0.00951077 0.05382378 0.00867687
v 0.00945615 0.05370170 0.00877545
v 0.00930545 0.05367414 0.00892482
v 0.00960948 0.05370564 0.00862708
v 0.00958579 0.05382378 0.00860219
v 0.00965818 0.05382378 0.00852751
v 0.00963712 0.05392223 0.00850560
v 0.00975821 0.05370564 0.00847473
v 0.00980230 0.05382378 0.00837217
v 0.00978256 0.05391435 0.00835126
v 0.00992734 0.05390254 0.00819493
v 0.00990496 0.05400099 0.00816904
v 0.00994708 0.05409550 0.00806846
v 0.00961014 0.05491459 0.00802465
v 0.00958514 0.05502485 0.00799378
v 0.00974966 0.05517449 0.00771198
v 0.00960488 0.05520600 0.00786832
v 0.00976413 0.05537533 0.00757955
v 0.00962265 0.05539108 0.00773986
v 0.00964634 0.05529263 0.00776874
v 0.00977927 0.05555647 0.00744811
v 0.00979441 0.05573368 0.00731667
v 0.00993523 0.05571793 0.00715535
v 0.01004843 0.05580062 0.00695919
v 0.00994840 0.05589120 0.00702192
v 0.00992076 0.05598964 0.00698707
v 0.00948971 0.05630074 0.00731169
v 0.00947918 0.05630074 0.00732463
v 0.01007606 0.05569824 0.00699404
v 0.01300124 0.01618105 0.00266449
v 0.01285120 0.01613379 0.00286762
v 0.01270115 0.01610623 0.00301699
v 0.01236817 0.01608654 0.00350690
v 0.01230038 0.01608654 0.00350690
v 0.01233000 0.05556435 0.00266449
v 0.01188053 0.05630074 0.00310362
v 0.01196147 0.05607234 0.00316735
v 0.01202531 0.05599752 0.00309067
v 0.01207005 0.05593845 0.00303192
v 0.01220891 0.05547771 0.00317033
v 0.01232736 0.05525325 0.00309565
v 0.01234184 0.05528869 0.00301699
v 0.01238593 0.05517449 0.00301699
v 0.01248201 0.05496578 0.00296123
v 0.01236553 0.05533988 0.00288156
v 0.01233987 0.05543046 0.00284173
v 0.01200885 0.05580850 0.00334658
v 0.01241423 0.05532413 0.00271726
v 0.01235303 0.05547771 0.00271527
v 0.01234974 0.05551709 0.00266449
v 0.01224971 0.01608260 0.00405556
v 0.01219772 0.01608260 0.00421787
v 0.01195094 0.01607473 0.00451759
v 0.01237738 0.01608654 0.00361743
v 0.01174628 0.01608654 0.00496768
v 0.01165086 0.01608654 0.00505331
v 0.01156991 0.01608654 0.00505431
v 0.01151200 0.01609048 0.00511007
v 0.01150147 0.01609442 0.00526840
v 0.00993721 0.01668117 0.00940875
v 0.01000565 0.01675993 0.00947547
v 0.01021295 0.01684656 0.00937689
v 0.01030047 0.01694895 0.00946352
v 0.01038734 0.01698045 0.00940875
v 0.01006948 0.01654334 0.00893577
v 0.01020373 0.01655122 0.00876350
v 0.01015701 0.01663785 0.00902041
v 0.01007541 0.01668904 0.00924346
v 0.01185223 0.01609048 0.00487607
v 0.01194568 0.01608260 0.00465501
v 0.01189171 0.01608654 0.00477649
v 0.01202728 0.01608654 0.00459626
v 0.01180090 0.01616924 0.00526840
v 0.01166007 0.01619286 0.00557409
v 0.01150344 0.01620468 0.00586286
v 0.01194568 0.01611017 0.00482329
v 0.01208651 0.01612592 0.00465501
v 0.01136327 0.01619286 0.00602915
v 0.01120336 0.01626375 0.00648023
v 0.01081509 0.01639370 0.00742720
v 0.01068150 0.01638582 0.00760245
v 0.01037418 0.01653940 0.00849067
v 0.01023927 0.01653153 0.00866393
v 0.01004974 0.01762233 0.01056383
v 0.00990562 0.01761446 0.01072116
v 0.00976084 0.01760658 0.01087750
v 0.00951669 0.01754358 0.01108860
v 0.01049395 0.01701195 0.00931814
v 0.01060056 0.01709465 0.00931017
v 0.01084734 0.01711828 0.00897759
v 0.01068347 0.01713403 0.00925441
v 0.01081575 0.01714978 0.00907816
v 0.01099541 0.01726792 0.00897261
v 0.01096250 0.01730336 0.00907318
v 0.01114018 0.01742150 0.00896564
v 0.01094737 0.01747269 0.00931814
v 0.01128496 0.01757902 0.00895668
v 0.01115203 0.01755933 0.00912994
v 0.01100923 0.01754751 0.00931814
v 0.01098027 0.01758295 0.00939880
v 0.01066307 0.01760658 0.00982697
v 0.01089077 0.01767747 0.00960591
v 0.01060977 0.01764990 0.00993053
v 0.01055712 0.01769322 0.01003210
v 0.01051632 0.01775229 0.01013267
v 0.01046302 0.01779560 0.01023324
v 0.01022611 0.01789011 0.01059470
v 0.01008330 0.01787830 0.01075303
v 0.01008857 0.01772078 0.01060864
v 0.00999249 0.01782317 0.01080978
v 0.00993984 0.01787042 0.01091036
v 0.00975558 0.01776410 0.01102288
v 0.01007672 0.01803975 0.01089542
v 0.01002473 0.01811458 0.01098504
v 0.00994971 0.01811458 0.01106968
v 0.00968187 0.01826422 0.01140425
v 0.00975689 0.01826422 0.01132360
v 0.00982599 0.01826422 0.01124891
v 0.00997011 0.01826422 0.01109258
v 0.00997933 0.01841386 0.01110353
v 0.00991089 0.01841386 0.01117821
v 0.00983586 0.01841386 0.01125987
v 0.00976677 0.01841386 0.01133455
v 0.00962199 0.01841386 0.01149088
v 0.00954894 0.01841386 0.01156955
v 0.00993392 0.02036708 0.01105275
v 0.01005895 0.01871314 0.01102586
v 0.00983784 0.01856350 0.01126186
v 0.00998196 0.01856350 0.01110552
v 0.01012542 0.01886672 0.01095019
v 0.01012147 0.01901636 0.01094521
v 0.01011160 0.01931565 0.01093525
v 0.01007870 0.02036708 0.01089741
v 0.01007277 0.02054428 0.01089144
v 0.01006422 0.02081600 0.01088148
v 0.01007606 0.02464761 0.01059470
v 0.01105068 0.04977164 0.00766917
v 0.01124087 0.05007093 0.00739732
v 0.01115795 0.05037021 0.00748595
v 0.01051698 0.04512094 0.00863306
v 0.01053409 0.03192098 0.00955314
v 0.01051501 0.02621885 0.00998131
v 0.01052883 0.02576599 0.00999725
v 0.01052290 0.02384427 0.01014063
v 0.01052356 0.02171385 0.01029099
v 0.01052553 0.02163509 0.01029398
v 0.01067492 0.02971967 0.00954218
v 0.01110070 0.05037021 0.00756063
v 0.01109609 0.05051985 0.00755465
v 0.01102107 0.05051985 0.00765124
v 0.01101581 0.05067343 0.00764427
v 0.01095592 0.05067343 0.00771995
v 0.01088024 0.05037415 0.00783247
v 0.01042682 0.04977164 0.00840105
v 0.01036628 0.04962200 0.00848270
v 0.01007870 0.02456492 0.01059769
v 0.01021163 0.03327169 0.00982797
v 0.01035838 0.04362059 0.00892382
v 0.01014845 0.02246600 0.01066938
v 0.01022018 0.02036708 0.01073809
v 0.01026822 0.02936920 0.01004206
v 0.01034851 0.03552025 0.00951231
v 0.01038207 0.04497130 0.00880035
v 0.01039918 0.03387026 0.00957106
v 0.01041300 0.03342133 0.00958699
v 0.01046499 0.03207062 0.00962284
v 0.01027941 0.04992128 0.00855240
v 0.01020505 0.05007093 0.00862011
v 0.01010436 0.05067343 0.00867488
v 0.01003526 0.05067343 0.00874956
v 0.01004777 0.05037021 0.00876350
v 0.01024651 0.05067343 0.00851656
v 0.01031495 0.05082307 0.00842495
v 0.01081443 0.05067343 0.00788027
v 0.01087432 0.05082307 0.00779762
v 0.01072559 0.05097271 0.00794897
v 0.01017149 0.05112236 0.00855539
v 0.01022413 0.05117355 0.00849067
v 0.01021887 0.05127200 0.00848569
v 0.01021097 0.05142164 0.00847672
v 0.01012740 0.05157128 0.00855141
v 0.01010831 0.05187056 0.00853050
v 0.01019320 0.05172092 0.00845681
v 0.01026888 0.05157128 0.00839209
v 0.01010305 0.05277235 0.00837516
v 0.01009646 0.05202414 0.00851755
v 0.01017807 0.05277235 0.00828753
v 0.01025638 0.05322127 0.00808240
v 0.01023927 0.05333941 0.00805950
v 0.01008462 0.05347724 0.00820389
v 0.01000565 0.05353631 0.00827359
v 0.00994116 0.05349693 0.00836022
v 0.01024190 0.05277235 0.00821185
v 0.01082957 0.05152009 0.00774883
v 0.01039129 0.05262271 0.00806149
v 0.01038207 0.05272903 0.00805054
v 0.01037286 0.05283142 0.00803959
v 0.01036430 0.05292199 0.00802863
v 0.01034983 0.05307163 0.00800971
v 0.00981744 0.05337092 0.00853647
v 0.00987864 0.05353631 0.00841399
v 0.00979243 0.05352450 0.00851058
v 0.00971873 0.05352450 0.00858526
v 0.00977795 0.05360325 0.00849564
v 0.00992471 0.05359538 0.00834230
v 0.00990891 0.05367414 0.00832537
v 0.00987732 0.05382378 0.00828952
v 0.00994445 0.05382378 0.00821484
v 0.01002671 0.05382772 0.00811327
v 0.00996551 0.05396161 0.00811825
v 0.01000631 0.05413488 0.00797486
v 0.00994247 0.05438690 0.00791412
v 0.00989312 0.05487521 0.00770501
v 0.00991089 0.05506817 0.00757656
v 0.00981152 0.05517449 0.00763730
v 0.00992931 0.05525719 0.00744811
v 0.01018728 0.05532413 0.00709760
v 0.01022940 0.05540683 0.00699803
v 0.01020307 0.05550528 0.00696616
v 0.01037089 0.05538714 0.00683771
v 0.01034785 0.05547378 0.00680784
v 0.01035509 0.05566280 0.00666544
v 0.00962330 0.05630074 0.00714042
v 0.01309337 0.01622830 0.00266449
v 0.01285120 0.01614561 0.00301699
v 0.01270115 0.01611410 0.00316735
v 0.01232736 0.01608654 0.00399681
v 0.01245240 0.01609048 0.00361743
v 0.01187592 0.05630074 0.00311358
v 0.01186473 0.05582819 0.00366921
v 0.01188513 0.05601721 0.00341230
v 0.01190817 0.05592270 0.00346408
v 0.01190356 0.05606840 0.00331074
v 0.01191211 0.05577700 0.00361843
v 0.01197924 0.05591089 0.00330476
v 0.01199701 0.05517449 0.00406851
v 0.01203583 0.05512330 0.00401972
v 0.01230894 0.05520600 0.00319622
v 0.01238988 0.05502485 0.00316735
v 0.01246556 0.05491853 0.00306180
v 0.01249912 0.05487127 0.00301400
v 0.01263732 0.05452867 0.00297517
v 0.01277355 0.05419001 0.00293334
v 0.01261889 0.05462712 0.00291542
v 0.01246425 0.05506423 0.00289650
v 0.01252611 0.05502485 0.00271726
v 0.01198319 0.05576518 0.00345811
v 0.01192330 0.05533595 0.00407846
v 0.01199043 0.05546984 0.00376381
v 0.01246556 0.05522175 0.00266449
v 0.01242739 0.05532020 0.00266449
v 0.01236553 0.05547771 0.00266449
v 0.01204505 0.01608260 0.00451759
v 0.01218193 0.01608654 0.00430450
v 0.01015833 0.01678355 0.00932312
v 0.01029784 0.01673236 0.00902041
v 0.01052224 0.01699226 0.00923748
v 0.01041366 0.01681112 0.00901842
v 0.01040774 0.01666542 0.00871869
v 0.01038076 0.01668511 0.00880035
v 0.01227274 0.01610229 0.00421787
v 0.01223984 0.01611804 0.00436026
v 0.01212007 0.01610623 0.00451759
v 0.01211217 0.01618893 0.00482727
v 0.01206940 0.01621255 0.00496768
v 0.01187789 0.01623618 0.00534706
v 0.01158571 0.01623224 0.00580909
v 0.01164164 0.01628344 0.00586286
v 0.01150147 0.01631494 0.00616856
v 0.01130668 0.01637007 0.00661864
v 0.01142118 0.01624012 0.00608591
v 0.01225103 0.01616530 0.00451759
v 0.01111452 0.01639370 0.00697612
v 0.01103950 0.01643702 0.00720813
v 0.01057160 0.01651184 0.00811825
v 0.01067360 0.01653940 0.00803959
v 0.01045446 0.01656697 0.00843192
v 0.01065452 0.01700408 0.00906024
v 0.01100199 0.01711434 0.00871869
v 0.01097830 0.01713797 0.00879736
v 0.01101910 0.01721673 0.00885611
v 0.01111584 0.01699620 0.00832736
v 0.01112636 0.01728761 0.00879338
v 0.01130339 0.01740969 0.00868783
v 0.01135998 0.01750420 0.00873263
v 0.01144619 0.01756327 0.00867886
v 0.01131326 0.01754751 0.00886806
v 0.01141724 0.01760264 0.00877844
v 0.01139289 0.01765778 0.00887901
v 0.01131589 0.01766959 0.00901145
v 0.01128891 0.01772078 0.00911102
v 0.01125206 0.01762233 0.00905626
v 0.01111649 0.01760264 0.00922952
v 0.01115203 0.01770109 0.00927930
v 0.01100330 0.01767747 0.00945655
v 0.01097764 0.01773653 0.00954617
v 0.01086313 0.01782317 0.00976324
v 0.01083812 0.01772078 0.00970848
v 0.01074402 0.01782317 0.00991062
v 0.01069071 0.01786649 0.01001218
v 0.01036760 0.01790193 0.01043438
v 0.01039984 0.01800038 0.01047322
v 0.01054067 0.01801613 0.01031191
v 0.01035838 0.01807520 0.01057279
v 0.01038141 0.01817758 0.01060068
v 0.01023795 0.01815789 0.01075800
v 0.01008988 0.01811458 0.01091036
v 0.01004513 0.01826422 0.01100894
v 0.01005435 0.01841386 0.01102088
v 0.01005698 0.01856350 0.01102387
v 0.01012608 0.01871314 0.01095118
v 0.01019978 0.01856350 0.01086555
v 0.01026822 0.01871314 0.01079186
v 0.01020044 0.01886672 0.01086555
v 0.01019649 0.01901636 0.01086057
v 0.01113229 0.04917308 0.00760245
v 0.01130471 0.04977164 0.00733260
v 0.01128562 0.05051985 0.00730671
v 0.01122310 0.04857057 0.00752379
v 0.01126390 0.04917308 0.00742819
v 0.01128101 0.05067343 0.00730074
v 0.01115334 0.05051985 0.00747997
v 0.01037681 0.02195406 0.01044534
v 0.01041629 0.02066636 0.01049114
v 0.01043011 0.02021350 0.01050707
v 0.01040182 0.01901636 0.01062457
v 0.01040642 0.01886672 0.01062955
v 0.01050513 0.02021350 0.01041646
v 0.01052093 0.01961493 0.01043638
v 0.01053541 0.02126493 0.01030593
v 0.01068545 0.02711670 0.00970649
v 0.01068150 0.02726634 0.00970151
v 0.01077297 0.03101919 0.00932312
v 0.01122376 0.05067343 0.00737542
v 0.01114874 0.05067343 0.00747300
v 0.01109083 0.05067343 0.00754768
v 0.01100988 0.05082307 0.00763730
v 0.01094934 0.05082307 0.00771198
v 0.01049592 0.04992128 0.00830944
v 0.01042090 0.04992128 0.00839408
v 0.01035443 0.04992128 0.00846876
v 0.01024848 0.01946529 0.01076995
v 0.01026296 0.02321814 0.01048616
v 0.01026625 0.05022057 0.00853846
v 0.01034127 0.05022057 0.00845482
v 0.01086708 0.05097271 0.00778965
v 0.01043472 0.05112236 0.00825965
v 0.01036825 0.05112236 0.00833433
v 0.01036036 0.05127200 0.00832637
v 0.01049395 0.05142164 0.00815709
v 0.01018333 0.05187056 0.00844386
v 0.01040971 0.05157128 0.00823177
v 0.01039853 0.05172092 0.00821982
v 0.01025375 0.05262271 0.00822579
v 0.01054923 0.05157128 0.00807046
v 0.01033140 0.05322127 0.00798582
v 0.01037747 0.05330397 0.00789520
v 0.01022348 0.05344180 0.00804058
v 0.01006948 0.05357569 0.00818497
v 0.01069927 0.05142164 0.00792010
v 0.01077429 0.05142164 0.00783147
v 0.01083747 0.05142164 0.00775679
v 0.01092367 0.05127200 0.00768012
v 0.01092170 0.05141770 0.00765622
v 0.01087695 0.05157128 0.00768111
v 0.01082167 0.05161854 0.00773887
v 0.01081312 0.05172092 0.00772891
v 0.01086116 0.05187056 0.00763830
v 0.01084734 0.05202414 0.00762137
v 0.01042222 0.05292199 0.00795296
v 0.01083549 0.05214622 0.00760643
v 0.01040708 0.05307163 0.00793404
v 0.00997604 0.05367414 0.00824969
v 0.01005106 0.05367414 0.00816207
v 0.01008857 0.05378046 0.00806050
v 0.01004908 0.05397342 0.00800971
v 0.01008396 0.05436721 0.00775281
v 0.01008725 0.05407581 0.00790715
v 0.00999775 0.05471769 0.00766518
v 0.01023532 0.05511936 0.00715535
v 0.01003131 0.05518237 0.00736745
v 0.00994840 0.05517449 0.00747201
v 0.01039458 0.05528869 0.00686659
v 0.01053343 0.05526506 0.00670328
v 0.01051040 0.05536351 0.00667241
v 0.01040642 0.05547378 0.00673315
v 0.01048671 0.05548165 0.00662063
v 0.01054659 0.05543833 0.00657184
v 0.01052027 0.05553678 0.00653500
v 0.01039194 0.05572580 0.00656587
v 0.01005830 0.05596995 0.00681978
v 0.01036694 0.05598571 0.00638066
v 0.00977598 0.05630074 0.00692932
v 0.01335924 0.01637795 0.00266449
v 0.01307758 0.01623618 0.00279892
v 0.01297229 0.01620862 0.00301699
v 0.01285120 0.01617317 0.00316735
v 0.01270115 0.01612986 0.00331771
v 0.01241094 0.01610623 0.00391815
v 0.01159031 0.05630074 0.00372099
v 0.01159229 0.05602902 0.00402669
v 0.01156860 0.05598571 0.00412626
v 0.01155543 0.05578487 0.00438018
v 0.01172061 0.05569036 0.00413224
v 0.01170482 0.05550922 0.00436823
v 0.01174365 0.05543440 0.00436823
v 0.01185749 0.05533595 0.00423181
v 0.01189237 0.05558404 0.00388031
v 0.01194239 0.05502485 0.00436823
v 0.01201872 0.05493034 0.00427363
v 0.01221812 0.05488702 0.00377974
v 0.01239251 0.05487521 0.00331771
v 0.01244714 0.05487127 0.00316635
v 0.01248399 0.05482008 0.00311457
v 0.01279197 0.05409156 0.00298711
v 0.01280974 0.05413488 0.00287659
v 0.01281632 0.05427664 0.00266449
v 0.01278276 0.05436721 0.00266549
v 0.01189632 0.05529263 0.00419099
v 0.01278276 0.05436721 0.00266449
v 0.01078679 0.01686625 0.00856833
v 0.01044920 0.01676386 0.00886607
v 0.01060121 0.01679931 0.00871073
v 0.01081246 0.01669692 0.00817202
v 0.01059858 0.01673236 0.00857232
v 0.01255111 0.01616924 0.00391815
v 0.01240107 0.01616136 0.00421787
v 0.01240633 0.01620074 0.00436425
v 0.01225103 0.01620862 0.00465800
v 0.01230104 0.01625193 0.00470181
v 0.01193712 0.01629131 0.00540581
v 0.01187131 0.01638976 0.00578619
v 0.01170811 0.01639764 0.00606600
v 0.01138170 0.01641339 0.00661864
v 0.01133892 0.01644095 0.00675805
v 0.01113689 0.01653153 0.00731069
v 0.01235566 0.01622043 0.00451759
v 0.01094473 0.01655909 0.00766917
v 0.01111386 0.01684656 0.00802366
v 0.01085129 0.01696864 0.00868285
v 0.01113887 0.01712616 0.00851456
v 0.01120797 0.01705527 0.00827956
v 0.01108688 0.01720885 0.00873363
v 0.01101120 0.01696076 0.00841798
v 0.01186802 0.01669298 0.00653201
v 0.01219377 0.01667329 0.00597339
v 0.01232473 0.01668904 0.00579117
v 0.01186605 0.01684656 0.00682775
v 0.01143830 0.01697651 0.00776277
v 0.01157649 0.01728761 0.00804357
v 0.01142974 0.01713403 0.00804855
v 0.01156333 0.01745300 0.00832139
v 0.01140342 0.01746482 0.00860518
v 0.01247609 0.01728761 0.00654396
v 0.01157518 0.01759083 0.00849067
v 0.01172259 0.01744119 0.00803760
v 0.01145014 0.01770109 0.00883520
v 0.01142184 0.01774835 0.00893477
v 0.01139815 0.01780348 0.00902937
v 0.01142184 0.01789799 0.00908613
v 0.01131655 0.01781923 0.00916380
v 0.01111584 0.01775622 0.00937888
v 0.01108096 0.01780742 0.00947049
v 0.01097106 0.01789799 0.00968757
v 0.01064991 0.01792949 0.01011176
v 0.01071375 0.01797281 0.01006496
v 0.01068084 0.01803188 0.01014960
v 0.01050316 0.01811458 0.01041546
v 0.01082036 0.01805945 0.00998629
v 0.01052159 0.01821696 0.01043837
v 0.01039063 0.01826422 0.01061163
v 0.01011028 0.01826422 0.01093425
v 0.01033732 0.01841386 0.01070025
v 0.01040840 0.01856350 0.01063154
v 0.01034193 0.01856350 0.01070622
v 0.01034325 0.01871314 0.01070622
v 0.01034127 0.01886672 0.01070423
v 0.01026230 0.01901636 0.01078589
v 0.01134880 0.05051985 0.00721908
v 0.01131260 0.04947236 0.00734256
v 0.01134090 0.05067343 0.00721908
v 0.01126983 0.04677094 0.00758453
v 0.01129483 0.04797201 0.00746902
v 0.01127772 0.05076400 0.00729576
v 0.01122771 0.05081913 0.00735550
v 0.01031890 0.01961493 0.01067834
v 0.01033272 0.01916600 0.01069428
v 0.01037681 0.01985121 0.01059470
v 0.01033732 0.01901636 0.01069926
v 0.01040840 0.01871314 0.01063154
v 0.01048342 0.01871314 0.01053894
v 0.01048144 0.01886672 0.01053595
v 0.01052619 0.01939047 0.01044434
v 0.01067163 0.02546670 0.00983693
v 0.01082430 0.03121215 0.00924147
v 0.01108491 0.05082307 0.00754071
v 0.01100264 0.05097271 0.00762834
v 0.01094210 0.05097271 0.00770302
v 0.01085918 0.05112236 0.00778069
v 0.01065123 0.05112236 0.00801569
v 0.01057621 0.05112236 0.00810033
v 0.01064333 0.05127200 0.00800673
v 0.01055976 0.05142164 0.00808141
v 0.01048473 0.05157128 0.00814514
v 0.01038865 0.05322127 0.00791014
v 0.01046960 0.05320946 0.00780459
v 0.01051435 0.05325278 0.00772792
v 0.01049855 0.05337092 0.00770601
v 0.01036233 0.05340242 0.00787529
v 0.01026757 0.05352450 0.00794798
v 0.01010897 0.05367414 0.00808738
v 0.01063478 0.05142164 0.00799478
v 0.01084865 0.05127200 0.00776974
v 0.01093420 0.05112236 0.00769306
v 0.01098488 0.05127200 0.00760544
v 0.01097830 0.05136257 0.00759747
v 0.01096184 0.05157128 0.00757556
v 0.01087432 0.05172092 0.00765323
v 0.01094934 0.05172092 0.00755963
v 0.01093618 0.05187056 0.00754171
v 0.01099343 0.05187056 0.00746703
v 0.01065781 0.05262271 0.00771895
v 0.01098290 0.05198082 0.00745309
v 0.01097303 0.05208321 0.00744014
v 0.01081838 0.05232343 0.00758353
v 0.01064267 0.05277235 0.00769804
v 0.01048210 0.05307163 0.00783247
v 0.01052751 0.05315433 0.00774584
v 0.01014780 0.05381590 0.00796391
v 0.01026691 0.05412306 0.00764825
v 0.01022348 0.05434359 0.00759150
v 0.01023927 0.05482795 0.00731069
v 0.01020702 0.05442235 0.00757059
v 0.01039194 0.05502485 0.00701495
v 0.01037615 0.05509967 0.00699404
v 0.01035378 0.05519812 0.00696716
v 0.01084602 0.05528475 0.00627013
v 0.01049395 0.05517449 0.00680286
v 0.01063346 0.05518237 0.00661565
v 0.01086313 0.05516268 0.00631991
v 0.01080851 0.05520206 0.00637070
v 0.01078548 0.05533201 0.00631991
v 0.01068347 0.05541077 0.00640356
v 0.01049592 0.05562342 0.00650114
v 0.01081904 0.05538714 0.00623229
v 0.01052685 0.05570218 0.00639460
v 0.01049790 0.05580062 0.00635178
v 0.01044920 0.05592270 0.00631593
v 0.01036957 0.05613929 0.00623328
v 0.01024322 0.05630074 0.00627212
v 0.01022611 0.05630074 0.00629701
v 0.01020373 0.05626530 0.00636174
v 0.01007606 0.05630074 0.00651110
v 0.01006554 0.05630074 0.00652604
v 0.00993458 0.05630074 0.00670926
v 0.00992602 0.05630074 0.00672120
v 0.01360799 0.01652759 0.00266449
v 0.01306639 0.01624406 0.00289849
v 0.01292819 0.01623618 0.00324900
v 0.01281040 0.01621649 0.00346807
v 0.01356588 0.01651184 0.00271726
v 0.01315128 0.01631888 0.00301699
v 0.01322894 0.01638582 0.00309964
v 0.01270115 0.01615742 0.00346807
v 0.01255111 0.01614167 0.00376779
v 0.01153503 0.05630074 0.00383849
v 0.01147778 0.05593451 0.00437620
v 0.01151792 0.05561160 0.00465401
v 0.01157978 0.05540683 0.00475060
v 0.01155675 0.05535958 0.00485117
v 0.01187526 0.05524537 0.00429156
v 0.01189106 0.05500910 0.00450365
v 0.01187724 0.05480039 0.00474662
v 0.01194173 0.05487521 0.00451759
v 0.01189237 0.05513511 0.00436823
v 0.01187592 0.05509967 0.00444391
v 0.01201741 0.05477282 0.00442200
v 0.01203715 0.05482795 0.00432143
v 0.01217469 0.05464287 0.00413921
v 0.01221878 0.05473738 0.00393109
v 0.01228985 0.05471769 0.00376082
v 0.01216219 0.05488702 0.00393109
v 0.01234579 0.05471769 0.00360946
v 0.01246622 0.05477282 0.00321514
v 0.01239515 0.05472163 0.00346807
v 0.01248530 0.05452473 0.00341927
v 0.01263798 0.05438297 0.00312752
v 0.01265904 0.05428058 0.00317332
v 0.01260573 0.05428058 0.00332368
v 0.01277420 0.05404037 0.00308669
v 0.01281171 0.05398523 0.00302894
v 0.01286568 0.05397342 0.00286762
v 0.01285646 0.05412306 0.00271726
v 0.01285186 0.05417426 0.00266449
v 0.01105661 0.01663785 0.00766917
v 0.01143961 0.01667723 0.00716432
v 0.01105266 0.01657090 0.00752976
v 0.01262942 0.01623618 0.00400179
v 0.01260837 0.01624799 0.00410137
v 0.01248530 0.01623224 0.00431247
v 0.01246030 0.01624799 0.00441204
v 0.01248530 0.01638188 0.00475956
v 0.01235566 0.01637007 0.00494278
v 0.01230236 0.01640157 0.00511804
v 0.01226156 0.01648821 0.00542672
v 0.01205558 0.01651971 0.00584096
v 0.01163638 0.01644489 0.00630398
v 0.01172851 0.01653546 0.00639758
v 0.01126917 0.01654334 0.00713245
v 0.01251229 0.01636613 0.00466795
v 0.01133892 0.01707496 0.00809734
v 0.01137644 0.01703558 0.00796789
v 0.01150279 0.01661028 0.00692135
v 0.01189961 0.01666935 0.00643144
v 0.01240304 0.01664179 0.00556214
v 0.01195028 0.01664966 0.00630896
v 0.01210362 0.01656697 0.00588178
v 0.01244911 0.01655515 0.00529926
v 0.01251031 0.01665754 0.00541875
v 0.01248399 0.01668117 0.00550738
v 0.01274854 0.01671267 0.00511804
v 0.01290385 0.01685838 0.00511804
v 0.01263666 0.01682687 0.00551136
v 0.01218654 0.01682687 0.00626117
v 0.01156860 0.01699620 0.00758154
v 0.01187921 0.01713403 0.00729974
v 0.01277947 0.01713403 0.00579913
v 0.01182722 0.01703558 0.00721908
v 0.01275907 0.01700408 0.00561492
v 0.01309798 0.01711434 0.00523155
v 0.01322828 0.01713797 0.00504634
v 0.01276236 0.01730730 0.00606998
v 0.01217403 0.01759083 0.00744114
v 0.01170284 0.01762233 0.00830346
v 0.01214837 0.01750420 0.00738239
v 0.01240699 0.01750420 0.00692932
v 0.01204965 0.01770109 0.00778467
v 0.01233526 0.01772472 0.00731069
v 0.01309535 0.01785861 0.00612674
v 0.01157912 0.01773653 0.00864800
v 0.01155017 0.01778379 0.00874757
v 0.01145080 0.01784680 0.00898556
v 0.01128562 0.01787436 0.00925541
v 0.01173641 0.01787042 0.00851158
v 0.01202201 0.01789405 0.00803660
v 0.01155083 0.01793737 0.00889893
v 0.01149950 0.01796887 0.00901443
v 0.01144751 0.01799644 0.00912596
v 0.01139091 0.01795312 0.00917276
v 0.01114808 0.01785467 0.00942170
v 0.01110991 0.01791768 0.00952227
v 0.01105397 0.01795706 0.00962284
v 0.01099804 0.01799644 0.00972242
v 0.01127575 0.01804369 0.00939282
v 0.01053014 0.01831541 0.01044932
v 0.01047486 0.01826422 0.01050707
v 0.01047815 0.01841386 0.01053296
v 0.01040313 0.01841386 0.01062457
v 0.01048342 0.01856350 0.01053993
v 0.01141460 0.05051985 0.00712349
v 0.01141131 0.05067343 0.00711752
v 0.01132642 0.04886986 0.00736347
v 0.01140539 0.05082307 0.00710855
v 0.01132050 0.05081913 0.00723103
v 0.01127772 0.04642834 0.00759648
v 0.01131918 0.04647559 0.00753374
v 0.01127312 0.05086639 0.00728978
v 0.01113558 0.05097271 0.00745607
v 0.01054001 0.01871314 0.01046326
v 0.01053804 0.01886672 0.01046127
v 0.01054067 0.01856350 0.01046426
v 0.01067426 0.02535250 0.00984091
v 0.01071375 0.01901636 0.01019839
v 0.01130076 0.04542022 0.00762934
v 0.01099475 0.05112236 0.00761838
v 0.01063478 0.05337879 0.00751184
v 0.01055186 0.05337092 0.00763133
v 0.01067229 0.05343392 0.00743815
v 0.01053672 0.05348118 0.00760942
v 0.01039918 0.05352450 0.00777372
v 0.01018399 0.05367414 0.00798781
v 0.01105200 0.05127200 0.00751881
v 0.01102173 0.05141770 0.00752976
v 0.01101975 0.05157128 0.00750088
v 0.01111781 0.05127200 0.00743317
v 0.01110662 0.05142164 0.00741823
v 0.01100725 0.05172092 0.00748395
v 0.01107635 0.05186662 0.00735650
v 0.01108227 0.05172092 0.00738438
v 0.01110860 0.05202414 0.00726987
v 0.01101844 0.05217378 0.00735251
v 0.01063543 0.05293381 0.00766120
v 0.01127443 0.05313858 0.00669133
v 0.01078153 0.05322521 0.00736048
v 0.01067426 0.05298894 0.00759150
v 0.01107174 0.05291018 0.00705478
v 0.01084602 0.05307163 0.00732165
v 0.01101910 0.05306770 0.00707769
v 0.01038207 0.05391435 0.00760245
v 0.01030376 0.05398130 0.00767215
v 0.01047750 0.05442628 0.00721311
v 0.01096513 0.05506817 0.00622631
v 0.01095131 0.05518630 0.00617354
v 0.01097566 0.05524931 0.00609288
v 0.01075126 0.05487521 0.00661864
v 0.01084405 0.05502485 0.00641750
v 0.01094802 0.05487521 0.00635477
v 0.01098356 0.05496972 0.00625519
v 0.01065518 0.05551315 0.00636373
v 0.01055054 0.05576124 0.00630896
v 0.01097764 0.05540289 0.00594651
v 0.01084865 0.05543833 0.00613172
v 0.01066110 0.05567067 0.00621735
v 0.01053146 0.05585575 0.00625220
v 0.01050053 0.05595814 0.00620142
v 0.01036562 0.05630074 0.00607496
v 0.01030639 0.05630074 0.00617155
v 0.01018860 0.05630074 0.00635078
v 0.01365011 0.01655515 0.00266449
v 0.01315589 0.01635432 0.00315639
v 0.01290845 0.01624799 0.00334857
v 0.01301243 0.01634250 0.00347304
v 0.01272156 0.01627162 0.00391815
v 0.01352507 0.01653940 0.00293932
v 0.01328816 0.01643702 0.00315639
v 0.01320919 0.01639764 0.00319921
v 0.01149818 0.05630074 0.00391616
v 0.01142645 0.05630074 0.00406652
v 0.01140737 0.05630074 0.00410635
v 0.01131655 0.05630074 0.00429454
v 0.01142053 0.05598964 0.00443196
v 0.01140342 0.05593451 0.00452954
v 0.01142974 0.05555647 0.00489996
v 0.01144948 0.05546590 0.00495672
v 0.01145080 0.05531626 0.00510907
v 0.01152582 0.05516662 0.00511007
v 0.01155675 0.05520993 0.00500352
v 0.01159953 0.05516662 0.00495871
v 0.01185355 0.05490277 0.00469583
v 0.01185289 0.05505242 0.00454348
v 0.01187724 0.05495003 0.00459526
v 0.01155741 0.05487521 0.00530623
v 0.01172522 0.05479645 0.00504236
v 0.01177852 0.05473738 0.00498261
v 0.01185355 0.05472163 0.00484819
v 0.01186934 0.05462712 0.00488005
v 0.01188974 0.05472163 0.00477350
v 0.01198779 0.05456411 0.00465700
v 0.01201412 0.05460743 0.00456439
v 0.01203452 0.05467437 0.00446382
v 0.01167389 0.05501304 0.00495772
v 0.01157978 0.05495790 0.00520068
v 0.01219180 0.05454442 0.00418103
v 0.01231157 0.05445385 0.00395499
v 0.01239449 0.05442235 0.00376779
v 0.01233065 0.05450898 0.00385442
v 0.01231223 0.05461137 0.00380563
v 0.01233065 0.05466256 0.00370605
v 0.01246754 0.05447354 0.00351885
v 0.01248530 0.05437509 0.00356764
v 0.01275709 0.05398523 0.00317033
v 0.01278802 0.05394192 0.00312154
v 0.01246688 0.05431602 0.00366722
v 0.01248136 0.05421757 0.00370605
v 0.01285778 0.05382378 0.00301699
v 0.01290516 0.05381590 0.00285966
v 0.01291898 0.05386316 0.00275710
v 0.01290977 0.05398523 0.00266449
v 0.01286962 0.05411913 0.00266449
v 0.01254124 0.01628344 0.00436425
v 0.01285515 0.01635432 0.00390620
v 0.01288213 0.01641733 0.00406751
v 0.01284198 0.01643308 0.00421588
v 0.01270839 0.01634644 0.00421588
v 0.01261495 0.01639764 0.00457136
v 0.01263666 0.01653153 0.00491191
v 0.01247938 0.01653546 0.00519969
v 0.01234908 0.01652365 0.00538191
v 0.01231881 0.01654334 0.00548248
v 0.01202399 0.01653940 0.00594053
v 0.01186013 0.01654728 0.00621934
v 0.01164822 0.01657878 0.00662362
v 0.01258731 0.01641339 0.00466795
v 0.01215561 0.01655122 0.00576129
v 0.01260837 0.01655122 0.00501249
v 0.01280184 0.01666542 0.00493681
v 0.01264324 0.01667329 0.00522259
v 0.01295518 0.01681112 0.00494278
v 0.01300387 0.01687806 0.00498261
v 0.01320854 0.01700408 0.00486113
v 0.01276696 0.01684656 0.00532714
v 0.01289266 0.01701983 0.00541875
v 0.01208716 0.01692532 0.00659674
v 0.01313878 0.01707496 0.00509712
v 0.01329606 0.01706709 0.00480935
v 0.01338359 0.01713009 0.00475658
v 0.01335661 0.01716947 0.00485715
v 0.01332699 0.01721673 0.00496768
v 0.01326316 0.01736637 0.00526142
v 0.01320525 0.01731911 0.00530623
v 0.01309798 0.01725611 0.00541875
v 0.01276828 0.01744907 0.00622930
v 0.01261692 0.01760264 0.00667739
v 0.01321051 0.01746088 0.00546655
v 0.01293478 0.01772472 0.00625818
v 0.01279987 0.01770109 0.00646828
v 0.01353758 0.01787042 0.00536299
v 0.01338095 0.01788224 0.00565077
v 0.01322367 0.01789405 0.00593954
v 0.01293807 0.01787042 0.00641451
v 0.01278078 0.01788224 0.00670129
v 0.01262284 0.01789405 0.00698906
v 0.01131063 0.01796493 0.00929026
v 0.01125469 0.01796493 0.00936494
v 0.01290911 0.01792162 0.00651409
v 0.01157649 0.01803975 0.00894373
v 0.01146001 0.01811458 0.00914488
v 0.01140934 0.01811458 0.00921956
v 0.01128233 0.01814214 0.00940278
v 0.01097171 0.01822090 0.00983793
v 0.01084405 0.01826422 0.01001816
v 0.01053672 0.01841386 0.01045828
v 0.01142316 0.05007093 0.00713942
v 0.01146330 0.05022057 0.00705877
v 0.01145672 0.05051985 0.00704881
v 0.01140144 0.04886986 0.00725393
v 0.01140802 0.04857057 0.00726389
v 0.01141724 0.04812165 0.00727883
v 0.01145343 0.05067343 0.00704283
v 0.01144817 0.05082307 0.00703387
v 0.01135669 0.04812165 0.00736944
v 0.01144159 0.05097271 0.00702192
v 0.01143501 0.05112236 0.00700898
v 0.01139815 0.05097271 0.00709660
v 0.01132313 0.05097271 0.00720713
v 0.01141263 0.04377023 0.00757158
v 0.01140671 0.04632201 0.00741326
v 0.01131787 0.04421522 0.00768311
v 0.01142711 0.02930619 0.00849465
v 0.01142645 0.03394508 0.00819293
v 0.01120139 0.05097271 0.00736944
v 0.01125930 0.05112236 0.00727086
v 0.01108030 0.05112629 0.00750686
v 0.01060714 0.01871314 0.01036866
v 0.01066965 0.01856350 0.01028502
v 0.01079798 0.01856350 0.01010379
v 0.01085063 0.01856350 0.01002911
v 0.01102041 0.01857925 0.00978415
v 0.01072164 0.01841386 0.01020636
v 0.01079666 0.01841386 0.01010280
v 0.01085063 0.01841386 0.01002811
v 0.01096777 0.01901636 0.00983195
v 0.01096448 0.01916600 0.00982697
v 0.01112307 0.02006385 0.00953920
v 0.01128036 0.01871314 0.00939979
v 0.01112439 0.05117749 0.00744114
v 0.01097764 0.05345361 0.00699603
v 0.01137775 0.05337092 0.00645832
v 0.01051961 0.05357963 0.00758552
v 0.01048079 0.05352843 0.00766319
v 0.01065781 0.05352450 0.00741823
v 0.01071309 0.05382378 0.00719618
v 0.01081180 0.05430815 0.00682377
v 0.01024059 0.05367414 0.00791213
v 0.01039918 0.05382378 0.00762535
v 0.01034325 0.05382378 0.00770003
v 0.01109478 0.05157128 0.00740230
v 0.01124943 0.05127200 0.00725792
v 0.01116322 0.05142164 0.00734355
v 0.01111913 0.05191388 0.00728480
v 0.01113755 0.05172092 0.00730970
v 0.01120336 0.05172092 0.00721908
v 0.01115071 0.05157128 0.00732762
v 0.01126654 0.05172092 0.00713046
v 0.01130536 0.05187056 0.00703487
v 0.01129023 0.05202414 0.00701396
v 0.01127048 0.05222104 0.00698608
v 0.01114677 0.05217378 0.00717328
v 0.01109346 0.05217378 0.00724796
v 0.01100264 0.05232343 0.00733061
v 0.01072822 0.05293381 0.00753275
v 0.01123758 0.05308345 0.00676203
v 0.01141000 0.05307163 0.00652006
v 0.01139157 0.05322127 0.00649417
v 0.01112636 0.05329610 0.00684368
v 0.01112702 0.05285111 0.00699504
v 0.01143237 0.05287474 0.00655193
v 0.01081114 0.05461137 0.00667440
v 0.01057950 0.05442628 0.00707769
v 0.01101515 0.05502091 0.00617354
v 0.01099541 0.05514693 0.00612674
v 0.01114282 0.05499335 0.00597240
v 0.01112373 0.05509180 0.00593954
v 0.01142711 0.05495003 0.00549443
v 0.01127838 0.05510361 0.00564778
v 0.01121981 0.05516268 0.00570553
v 0.01112834 0.05525325 0.00579714
v 0.01106911 0.05531232 0.00585589
v 0.01082957 0.05480826 0.00654894
v 0.01096711 0.05477282 0.00638066
v 0.01100067 0.05487521 0.00628008
v 0.01126654 0.05446960 0.00607795
v 0.01141460 0.05431602 0.00592460
v 0.01127970 0.05465862 0.00594949
v 0.01069006 0.05572186 0.00611778
v 0.01128036 0.05525719 0.00550140
v 0.01137446 0.05531626 0.00525943
v 0.01128036 0.05540683 0.00535204
v 0.01099409 0.05546196 0.00585390
v 0.01097632 0.05554860 0.00579416
v 0.01081575 0.05598177 0.00562488
v 0.01079403 0.05578093 0.00587581
v 0.01055054 0.05606447 0.00600725
v 0.01062885 0.05592270 0.00601720
v 0.01049987 0.05610778 0.00604907
v 0.01052619 0.05630074 0.00580411
v 0.01380542 0.01667329 0.00266449
v 0.01375672 0.01664573 0.00270432
v 0.01359615 0.01657484 0.00288057
v 0.01318616 0.01641339 0.00331771
v 0.01292819 0.01638582 0.00384845
v 0.01338688 0.01653153 0.00326891
v 0.01327040 0.01650790 0.00346807
v 0.01127641 0.05630074 0.00437719
v 0.01120599 0.05630074 0.00452058
v 0.01112571 0.05569824 0.00534208
v 0.01112768 0.05555253 0.00549642
v 0.01137249 0.05546590 0.00510907
v 0.01116848 0.05630074 0.00459626
v 0.01112636 0.05630074 0.00468090
v 0.01105595 0.05630074 0.00482030
v 0.01097632 0.05630074 0.00497763
v 0.01110267 0.05593451 0.00512998
v 0.01140605 0.05535958 0.00515388
v 0.01143040 0.05510755 0.00535104
v 0.01158176 0.05510755 0.00505431
v 0.01149818 0.05487521 0.00541875
v 0.01159163 0.05469012 0.00537195
v 0.01174365 0.05469800 0.00507721
v 0.01184302 0.05457592 0.00496469
v 0.01188579 0.05452867 0.00491191
v 0.01191080 0.05457592 0.00482528
v 0.01195884 0.05442235 0.00481831
v 0.01202860 0.05450898 0.00460024
v 0.01217074 0.05448141 0.00428060
v 0.01129681 0.05516268 0.00555816
v 0.01232736 0.05435146 0.00399582
v 0.01270115 0.05397342 0.00331771
v 0.01276762 0.05386316 0.00322211
v 0.01279987 0.05381590 0.00317033
v 0.01244450 0.05426877 0.00376082
v 0.01238001 0.05427270 0.00391815
v 0.01249320 0.05412306 0.00373493
v 0.01261429 0.05400099 0.00351387
v 0.01283540 0.05367414 0.00316735
v 0.01286897 0.05352450 0.00316735
v 0.01288871 0.05367414 0.00301699
v 0.01291964 0.05367414 0.00291343
v 0.01293807 0.05367414 0.00283875
v 0.01296768 0.05367414 0.00271726
v 0.01294794 0.05381984 0.00266449
v 0.01293083 0.05389860 0.00266449
v 0.01297952 0.05367414 0.00266449
v 0.01285975 0.01649215 0.00436923
v 0.01279065 0.01652759 0.00462115
v 0.01298742 0.01644095 0.00390620
v 0.01324539 0.01652365 0.00358855
v 0.01308153 0.01653546 0.00400478
v 0.01270905 0.01649215 0.00466994
v 0.01276433 0.01654728 0.00472073
v 0.01273801 0.01656697 0.00481831
v 0.01284462 0.01658666 0.00466994
v 0.01292951 0.01668511 0.00474961
v 0.01314602 0.01691744 0.00480836
v 0.01323618 0.01698045 0.00476155
v 0.01336253 0.01700408 0.00456340
v 0.01333555 0.01703164 0.00466795
v 0.01340596 0.01710646 0.00466795
v 0.01353297 0.01713009 0.00445685
v 0.01350862 0.01716160 0.00455643
v 0.01348493 0.01721279 0.00467393
v 0.01351849 0.01729942 0.00472770
v 0.01349875 0.01735455 0.00483126
v 0.01352968 0.01758295 0.00504933
v 0.01308745 0.01757114 0.00581307
v 0.01305915 0.01761446 0.00591365
v 0.01350138 0.01762627 0.00514890
v 0.01382319 0.01789799 0.00488702
v 0.01363629 0.01781135 0.00512202
v 0.01372382 0.01781135 0.00496768
v 0.01366590 0.01790980 0.00517479
v 0.01330001 0.01796493 0.00586685
v 0.01324802 0.01799250 0.00598136
v 0.01249057 0.01800825 0.00731966
v 0.01337635 0.01803975 0.00579416
v 0.01294333 0.01811458 0.00657383
v 0.01322762 0.01818152 0.00609587
v 0.01335200 0.01826422 0.00590070
v 0.01307692 0.01833510 0.00639460
v 0.01202531 0.01820121 0.00819194
v 0.01199174 0.01825634 0.00825666
v 0.01186473 0.01826422 0.00847473
v 0.01153503 0.01811458 0.00902240
v 0.01153701 0.01826422 0.00902738
v 0.01146199 0.01826422 0.00914886
v 0.01141329 0.01826422 0.00922354
v 0.01134880 0.01826422 0.00931814
v 0.01128694 0.01826422 0.00940875
v 0.01115861 0.01826422 0.00958998
v 0.01110531 0.01826422 0.00966466
v 0.01097830 0.01832329 0.00984689
v 0.01157781 0.04597547 0.00714639
v 0.01154491 0.04767272 0.00708964
v 0.01148699 0.04947236 0.00706872
v 0.01142316 0.04782236 0.00728879
v 0.01156531 0.04436880 0.00727485
v 0.01154425 0.04992128 0.00693529
v 0.01157057 0.04857057 0.00698408
v 0.01156201 0.04901950 0.00696815
v 0.01155872 0.04917308 0.00696317
v 0.01155609 0.04932272 0.00695720
v 0.01153832 0.05022057 0.00692334
v 0.01142184 0.04331737 0.00758652
v 0.01151990 0.05067343 0.00691836
v 0.01151003 0.05082307 0.00691836
v 0.01154227 0.05036233 0.00690442
v 0.01148370 0.05112236 0.00691836
v 0.01146199 0.05127593 0.00693131
v 0.01142974 0.05122474 0.00700002
v 0.01138960 0.05112236 0.00708366
v 0.01131458 0.05112236 0.00719618
v 0.01135801 0.02051672 0.00916878
v 0.01142711 0.02240299 0.00894473
v 0.01145014 0.01901636 0.00912994
v 0.01151266 0.01916600 0.00901842
v 0.01152450 0.01886672 0.00901842
v 0.01130536 0.05127200 0.00718324
v 0.01097961 0.01841386 0.00984888
v 0.01103621 0.01841386 0.00976922
v 0.01110794 0.01841386 0.00966765
v 0.01128694 0.01841386 0.00940875
v 0.01140671 0.01871314 0.00921458
v 0.01141789 0.05341817 0.00638165
v 0.01128299 0.05346937 0.00655292
v 0.01132116 0.05352056 0.00647625
v 0.01114677 0.05352450 0.00672320
v 0.01144422 0.05322127 0.00641849
v 0.01050250 0.05367414 0.00756162
v 0.01083023 0.05450898 0.00669930
v 0.01130273 0.05367414 0.00643144
v 0.01099409 0.05367414 0.00686957
v 0.01086642 0.05367414 0.00705080
v 0.01086313 0.05426483 0.00677199
v 0.01055778 0.05397342 0.00733658
v 0.01123824 0.05142164 0.00724199
v 0.01123495 0.05157916 0.00721012
v 0.01127443 0.05163823 0.00714141
v 0.01129286 0.05142164 0.00716730
v 0.01140342 0.05217378 0.00680983
v 0.01131852 0.05172092 0.00705578
v 0.01132050 0.05216985 0.00692932
v 0.01113492 0.05228798 0.00715635
v 0.01131260 0.05232343 0.00689546
v 0.01146133 0.05307163 0.00644538
v 0.01129615 0.05247307 0.00687256
v 0.01132642 0.05263058 0.00678095
v 0.01137841 0.05246913 0.00675705
v 0.01141921 0.05251638 0.00668337
v 0.01144290 0.05277235 0.00656786
v 0.01111386 0.05491459 0.00607197
v 0.01142711 0.05450110 0.00579515
v 0.01138894 0.05472557 0.00571449
v 0.01144159 0.05487521 0.00552132
v 0.01113492 0.05452473 0.00625718
v 0.01111649 0.05402068 0.00653002
v 0.01128562 0.05377652 0.00640655
v 0.01125206 0.05397342 0.00635875
v 0.01130339 0.05397342 0.00628407
v 0.01123100 0.05442235 0.00616059
v 0.01128365 0.05437115 0.00610483
v 0.01144685 0.05412306 0.00597737
v 0.01146133 0.05426877 0.00587182
v 0.01114677 0.05546196 0.00555517
v 0.01099606 0.05558404 0.00571848
v 0.01095395 0.05578487 0.00558106
v 0.01084536 0.05630074 0.00522856
v 0.01080456 0.05630074 0.00530524
v 0.01084339 0.05602902 0.00552430
v 0.01078548 0.05622592 0.00541975
v 0.01070782 0.05630074 0.00548049
v 0.01067624 0.05630074 0.00553725
v 0.01065781 0.05611960 0.00576129
v 0.01052948 0.05615504 0.00594949
v 0.01058016 0.05630074 0.00570852
v 0.01399100 0.01684262 0.00266449
v 0.01389558 0.01676780 0.00270233
v 0.01381002 0.01670480 0.00274614
v 0.01378633 0.01672448 0.00286762
v 0.01368894 0.01667723 0.00297417
v 0.01361194 0.01662997 0.00302197
v 0.01336648 0.01654728 0.00336949
v 0.01344282 0.01659060 0.00331870
v 0.01103292 0.05578487 0.00542871
v 0.01105134 0.05562342 0.00556812
v 0.01095921 0.05630074 0.00501049
v 0.01146791 0.05472557 0.00557409
v 0.01154951 0.05473344 0.00542075
v 0.01156465 0.05461530 0.00547153
v 0.01171732 0.05462318 0.00517678
v 0.01172390 0.05434359 0.00533909
v 0.01190093 0.05442235 0.00494477
v 0.01187592 0.05434753 0.00504335
v 0.01189040 0.05424908 0.00507323
v 0.01190422 0.05411913 0.00512102
v 0.01197134 0.05412306 0.00496768
v 0.01199898 0.05427664 0.00481333
v 0.01202070 0.05432784 0.00473168
v 0.01200885 0.05442235 0.00470181
v 0.01216350 0.05430027 0.00441403
v 0.01231881 0.05417032 0.00412527
v 0.01265114 0.05367020 0.00362141
v 0.01277552 0.05329610 0.00354076
v 0.01281369 0.05323703 0.00348201
v 0.01241752 0.05412306 0.00391815
v 0.01247346 0.05403643 0.00383550
v 0.01251031 0.05398130 0.00377874
v 0.01284659 0.05337092 0.00331771
v 0.01287950 0.05322127 0.00331771
v 0.01290319 0.05336698 0.00315839
v 0.01291437 0.05353631 0.00301998
v 0.01293412 0.05349693 0.00297218
v 0.01299466 0.05352450 0.00271726
v 0.01300716 0.05352450 0.00266449
v 0.01293741 0.01653153 0.00431944
v 0.01291503 0.01654728 0.00441901
v 0.01289134 0.01656303 0.00451759
v 0.01322433 0.01653940 0.00368912
v 0.01305915 0.01655122 0.00410435
v 0.01294859 0.01666935 0.00466795
v 0.01307626 0.01668904 0.00444291
v 0.01315523 0.01678749 0.00450963
v 0.01320854 0.01685444 0.00455444
v 0.01308284 0.01683081 0.00475558
v 0.01326052 0.01695682 0.00466795
v 0.01338556 0.01698045 0.00446283
v 0.01368104 0.01713403 0.00415215
v 0.01371592 0.01721279 0.00420891
v 0.01363497 0.01721279 0.00437520
v 0.01369486 0.01726398 0.00433039
v 0.01356785 0.01721279 0.00451162
v 0.01380542 0.01746875 0.00440109
v 0.01367907 0.01743331 0.00459825
v 0.01368565 0.01757508 0.00476056
v 0.01371592 0.01766565 0.00481333
v 0.01366196 0.01776016 0.00501846
v 0.01384885 0.01785073 0.00478645
v 0.01397389 0.01789405 0.00458730
v 0.01387715 0.01795312 0.00482927
v 0.01384490 0.01799644 0.00492785
v 0.01380015 0.01795312 0.00497365
v 0.01368959 0.01800825 0.00521662
v 0.01363826 0.01796100 0.00526740
v 0.01379818 0.01780742 0.00482927
v 0.01370144 0.01811458 0.00523852
v 0.01360075 0.01811458 0.00541875
v 0.01350007 0.01811458 0.00559699
v 0.01345400 0.01826422 0.00571848
v 0.01339872 0.01841386 0.00583399
v 0.01335661 0.01841386 0.00590867
v 0.01307692 0.01836267 0.00639460
v 0.01202925 0.01841386 0.00819891
v 0.01202860 0.01829966 0.00819791
v 0.01235106 0.01826422 0.00763830
v 0.01174562 0.01826422 0.00867687
v 0.01158176 0.01826422 0.00895270
v 0.01153635 0.01841386 0.00902738
v 0.01146133 0.01841386 0.00914886
v 0.01141263 0.01841386 0.00922354
v 0.01157978 0.04362059 0.00729974
v 0.01229578 0.01916600 0.00769207
v 0.01321841 0.01946529 0.00607994
v 0.01307758 0.02287160 0.00609587
v 0.01158834 0.04767272 0.00701396
v 0.01278473 0.02801848 0.00625818
v 0.01147844 0.04061988 0.00766917
v 0.01153438 0.03911953 0.00767414
v 0.01157518 0.03931642 0.00759249
v 0.01159426 0.04061988 0.00747400
v 0.01158834 0.04977164 0.00686559
v 0.01171403 0.04721986 0.00682277
v 0.01187460 0.04500674 0.00669133
v 0.01277881 0.02831777 0.00624822
v 0.01277684 0.02841228 0.00624523
v 0.01322960 0.02111528 0.00594949
v 0.01218851 0.03881631 0.00656587
v 0.01217535 0.03947788 0.00654296
v 0.01155609 0.02201707 0.00875952
v 0.01157189 0.05051985 0.00683472
v 0.01156794 0.05067343 0.00682576
v 0.01156267 0.05082307 0.00681481
v 0.01155017 0.05112236 0.00678892
v 0.01157649 0.05030326 0.00684468
v 0.01157452 0.05040565 0.00683970
v 0.01154951 0.05128775 0.00675904
v 0.01142382 0.05132713 0.00698906
v 0.01153108 0.05142164 0.00676900
v 0.01151463 0.05157128 0.00676900
v 0.01146001 0.05142164 0.00690343
v 0.01138762 0.05127593 0.00705777
v 0.01143435 0.01976457 0.00910505
v 0.01141000 0.01856350 0.00921856
v 0.01153372 0.01856350 0.00902240
v 0.01153898 0.01870920 0.00900448
v 0.01157715 0.01865407 0.00894473
v 0.01135933 0.05142164 0.00706872
v 0.01145146 0.05352450 0.00628407
v 0.01140210 0.05352450 0.00635875
v 0.01146528 0.05337092 0.00632589
v 0.01150608 0.05322127 0.00631892
v 0.01143632 0.05362688 0.00625917
v 0.01132445 0.05157916 0.00708266
v 0.01143895 0.05232343 0.00671324
v 0.01138762 0.05232343 0.00678792
v 0.01141724 0.05202414 0.00682974
v 0.01139355 0.05172092 0.00694326
v 0.01142448 0.05193751 0.00684169
v 0.01145738 0.05262271 0.00659176
v 0.01150476 0.05277235 0.00646828
v 0.01154293 0.05307951 0.00630996
v 0.01142974 0.05241400 0.00669930
v 0.01155675 0.05442235 0.00560695
v 0.01153306 0.05456805 0.00555916
v 0.01154491 0.05428058 0.00571549
v 0.01141987 0.05372927 0.00623328
v 0.01138236 0.05397342 0.00616159
v 0.01152385 0.05410731 0.00585390
v 0.01143435 0.05392223 0.00610583
v 0.01145014 0.05382378 0.00613271
v 0.01146659 0.05397342 0.00602517
v 0.01154622 0.05397342 0.00588875
v 0.01157649 0.05404824 0.00579416
v 0.01090262 0.05630074 0.00511903
v 0.01421211 0.01705133 0.00266449
v 0.01411735 0.01699620 0.00276705
v 0.01396402 0.01685050 0.00275809
v 0.01386728 0.01679931 0.00286762
v 0.01350665 0.01670480 0.00349495
v 0.01389689 0.01688594 0.00302894
v 0.01380739 0.01685444 0.00316735
v 0.01370210 0.01681506 0.00331771
v 0.01354350 0.01667329 0.00331771
v 0.01345466 0.01664573 0.00345413
v 0.01329804 0.01657878 0.00363037
v 0.01158176 0.05451292 0.00550339
v 0.01160742 0.05456805 0.00542075
v 0.01158768 0.05423333 0.00566471
v 0.01172983 0.05406006 0.00550041
v 0.01177260 0.05428452 0.00528134
v 0.01165612 0.05442235 0.00541875
v 0.01183578 0.05411913 0.00525943
v 0.01185618 0.05397342 0.00530524
v 0.01187066 0.05387891 0.00533212
v 0.01188448 0.05378046 0.00536000
v 0.01191014 0.05382772 0.00527636
v 0.01194370 0.05397342 0.00511804
v 0.01200556 0.05398523 0.00496867
v 0.01201478 0.05412306 0.00486710
v 0.01202465 0.05404430 0.00489001
v 0.01234316 0.05397342 0.00418302
v 0.01239186 0.05397342 0.00406751
v 0.01259455 0.05367020 0.00375883
v 0.01248530 0.05393798 0.00386537
v 0.01264193 0.05352450 0.00372995
v 0.01256362 0.05352450 0.00391815
v 0.01275709 0.05323703 0.00361843
v 0.01278736 0.05319371 0.00356963
v 0.01285581 0.05307163 0.00346807
v 0.01290845 0.05307951 0.00331372
v 0.01292095 0.05341423 0.00307275
v 0.01293675 0.05322127 0.00313050
v 0.01297492 0.05292199 0.00316735
v 0.01296636 0.05322127 0.00301699
v 0.01303151 0.05337092 0.00266449
v 0.01301375 0.05292199 0.00301699
v 0.01308284 0.05304013 0.00266748
v 0.01303480 0.01657090 0.00421787
v 0.01312759 0.01664573 0.00421787
v 0.01330922 0.01663391 0.00376580
v 0.01317498 0.01657878 0.00391815
v 0.01320262 0.01670873 0.00421787
v 0.01325131 0.01681506 0.00436823
v 0.01346914 0.01688988 0.00406751
v 0.01365932 0.01700408 0.00391815
v 0.01375277 0.01709071 0.00390321
v 0.01382713 0.01713797 0.00384347
v 0.01380410 0.01716553 0.00394404
v 0.01384293 0.01726792 0.00402768
v 0.01381924 0.01729942 0.00412825
v 0.01383042 0.01743331 0.00430052
v 0.01385806 0.01751601 0.00435728
v 0.01383898 0.01757114 0.00446681
v 0.01377712 0.01751601 0.00451759
v 0.01370539 0.01751995 0.00465600
v 0.01381266 0.01761052 0.00456738
v 0.01378897 0.01766171 0.00467393
v 0.01381858 0.01775229 0.00472770
v 0.01399824 0.01785073 0.00448772
v 0.01384359 0.01770897 0.00462713
v 0.01395480 0.01795312 0.00467592
v 0.01427200 0.01789799 0.00398387
v 0.01429503 0.01799644 0.00402967
v 0.01399495 0.01799644 0.00463011
v 0.01392914 0.01811458 0.00481831
v 0.01385872 0.01811458 0.00495374
v 0.01381792 0.01811458 0.00502842
v 0.01366985 0.01826422 0.00533113
v 0.01362115 0.01826422 0.00541875
v 0.01351125 0.01826422 0.00561591
v 0.01346322 0.01841386 0.00571848
v 0.01345795 0.01856350 0.00571848
v 0.01339346 0.01871314 0.00582403
v 0.01329343 0.01841386 0.00601820
v 0.01335134 0.01871314 0.00589871
v 0.01323552 0.01856350 0.00610981
v 0.01323815 0.01841386 0.00611379
v 0.01307560 0.01846111 0.00639260
v 0.01235303 0.01841386 0.00764128
v 0.01202728 0.01852806 0.00819592
v 0.01191014 0.01841386 0.00840105
v 0.01174562 0.01841386 0.00867687
v 0.01172061 0.03342133 0.00773489
v 0.01200951 0.01946529 0.00816505
v 0.01202399 0.01871314 0.00818995
v 0.01230433 0.01871314 0.00770700
v 0.01246359 0.01886672 0.00742222
v 0.01274985 0.01856350 0.00694824
v 0.01323289 0.01871314 0.00610483
v 0.01294662 0.01901636 0.00657881
v 0.01326250 0.01902030 0.00603314
v 0.01324144 0.02051672 0.00596941
v 0.01307100 0.02321814 0.00608392
v 0.01156399 0.03761917 0.00772294
v 0.01189303 0.01931565 0.00837217
v 0.01191409 0.02051672 0.00825766
v 0.01196608 0.01901636 0.00826861
v 0.01165020 0.04947236 0.00676900
v 0.01202136 0.04347095 0.00653500
v 0.01217535 0.04157286 0.00639161
v 0.01322828 0.02741598 0.00549742
v 0.01321578 0.02801848 0.00547253
v 0.01218522 0.04106880 0.00641053
v 0.01217930 0.04136809 0.00639957
v 0.01232868 0.03761917 0.00639858
v 0.01262087 0.03461847 0.00608392
v 0.01325263 0.02621885 0.00554123
v 0.01306508 0.02351742 0.00607396
v 0.01334542 0.01901636 0.00588875
v 0.01333686 0.01946529 0.00587282
v 0.01338161 0.01931565 0.00580312
v 0.01337503 0.01965431 0.00579117
v 0.01328619 0.02081600 0.00586884
v 0.01322762 0.02122161 0.00594551
v 0.01188645 0.04992128 0.00626515
v 0.01172654 0.05031114 0.00654595
v 0.01188250 0.05007093 0.00625718
v 0.01172390 0.05041353 0.00653898
v 0.01187526 0.05028751 0.00624225
v 0.01195028 0.05067343 0.00601820
v 0.01188316 0.05097271 0.00610881
v 0.01157649 0.05134682 0.00669332
v 0.01163111 0.04992128 0.00676900
v 0.01185815 0.04947236 0.00635875
v 0.01157254 0.05142164 0.00668635
v 0.01145146 0.05157128 0.00688650
v 0.01141724 0.05142164 0.00697911
v 0.01155675 0.05172092 0.00665449
v 0.01149686 0.05172092 0.00676900
v 0.01186276 0.01856350 0.00847175
v 0.01140605 0.05157128 0.00696118
v 0.01152977 0.05350874 0.00615462
v 0.01156465 0.05355206 0.00607297
v 0.01154820 0.05367414 0.00604309
v 0.01154622 0.05337092 0.00618748
v 0.01156399 0.05322127 0.00622034
v 0.01157386 0.05313464 0.00623926
v 0.01146988 0.05367414 0.00617752
v 0.01145080 0.05217378 0.00673415
v 0.01157189 0.05266603 0.00638563
v 0.01153832 0.05261877 0.00645733
v 0.01156333 0.05277235 0.00636970
v 0.01146199 0.05202414 0.00675506
v 0.01144159 0.05172092 0.00686858
v 0.01155017 0.05292199 0.00634680
v 0.01156399 0.05385528 0.00592062
v 0.01157847 0.05375683 0.00594750
v 0.01158768 0.05397342 0.00581407
v 0.01173246 0.05377259 0.00565574
v 0.01174233 0.05397342 0.00552530
v 0.01428911 0.01712616 0.00266449
v 0.01428779 0.01712616 0.00267345
v 0.01390545 0.01694107 0.00315440
v 0.01426937 0.01714584 0.00277402
v 0.01417592 0.01709071 0.00286762
v 0.01406799 0.01704346 0.00301699
v 0.01324342 0.01667329 0.00403266
v 0.01340596 0.01666148 0.00361743
v 0.01366196 0.01685050 0.00350889
v 0.01352047 0.01684262 0.00382853
v 0.01381726 0.01699620 0.00351985
v 0.01375014 0.01691351 0.00346408
v 0.01179827 0.05397342 0.00541875
v 0.01184367 0.05382772 0.00541378
v 0.01186078 0.05367414 0.00546356
v 0.01189764 0.05367414 0.00538888
v 0.01195292 0.05367414 0.00526840
v 0.01198911 0.05381197 0.00510609
v 0.01202794 0.05375683 0.00504734
v 0.01234777 0.05367414 0.00434433
v 0.01246490 0.05385135 0.00396495
v 0.01245438 0.05367414 0.00409241
v 0.01252742 0.05367414 0.00391815
v 0.01247938 0.05346543 0.00415215
v 0.01247083 0.05327641 0.00427961
v 0.01264653 0.05322127 0.00389126
v 0.01262416 0.05313858 0.00398885
v 0.01276631 0.05309920 0.00367020
v 0.01279658 0.05305982 0.00361843
v 0.01277684 0.05300075 0.00369410
v 0.01282224 0.05292199 0.00361743
v 0.01288213 0.05292199 0.00346807
v 0.01291832 0.05292199 0.00336550
v 0.01292359 0.05313070 0.00323307
v 0.01293148 0.05303225 0.00326194
v 0.01294728 0.05307951 0.00317631
v 0.01299861 0.05277235 0.00316735
v 0.01307100 0.05311889 0.00266449
v 0.01303612 0.05277235 0.00301699
v 0.01310061 0.05292199 0.00266449
v 0.01367578 0.01698833 0.00384147
v 0.01384293 0.01712222 0.00376779
v 0.01398902 0.01712616 0.00342326
v 0.01410879 0.01715766 0.00319921
v 0.01455103 0.01741362 0.00266449
v 0.01458985 0.01746088 0.00266449
v 0.01466685 0.01755933 0.00266449
v 0.01414828 0.01740969 0.00359054
v 0.01396533 0.01730336 0.00381758
v 0.01394296 0.01733486 0.00391815
v 0.01389887 0.01736637 0.00406154
v 0.01407326 0.01751995 0.00391317
v 0.01398705 0.01757114 0.00416510
v 0.01396336 0.01761052 0.00426467
v 0.01386991 0.01766171 0.00451759
v 0.01411801 0.01775229 0.00412427
v 0.01409958 0.01780742 0.00422882
v 0.01414828 0.01785467 0.00418601
v 0.01414499 0.01799644 0.00433039
v 0.01429635 0.01785861 0.00388330
v 0.01439177 0.01781135 0.00362340
v 0.01441941 0.01790193 0.00367717
v 0.01432465 0.01795312 0.00392711
v 0.01444244 0.01800431 0.00372597
v 0.01437729 0.01811458 0.00391815
v 0.01430885 0.01811458 0.00405755
v 0.01422922 0.01811458 0.00421787
v 0.01412196 0.01811458 0.00443295
v 0.01439967 0.01795706 0.00377277
v 0.01394888 0.01825240 0.00480935
v 0.01386136 0.01826028 0.00498062
v 0.01412656 0.01818940 0.00444291
v 0.01416342 0.01824847 0.00438317
v 0.01398178 0.01829178 0.00475359
v 0.01382384 0.01820909 0.00503837
v 0.01382977 0.01831147 0.00504933
v 0.01379226 0.01826028 0.00510708
v 0.01371460 0.01841386 0.00526242
v 0.01362313 0.01856350 0.00541875
v 0.01344610 0.01886672 0.00571848
v 0.01230696 0.01856350 0.00771198
v 0.01206216 0.01857138 0.00813319
v 0.01199108 0.01857138 0.00825467
v 0.01187066 0.02501778 0.00803461
v 0.01188053 0.04662129 0.00655292
v 0.01171337 0.04917308 0.00666943
v 0.01307363 0.02936920 0.00563882
v 0.01381924 0.01901636 0.00502941
v 0.01380739 0.01961493 0.00500552
v 0.01368828 0.02171385 0.00506626
v 0.01313483 0.03057027 0.00541875
v 0.01292293 0.03296847 0.00563682
v 0.01280974 0.03477205 0.00570952
v 0.01271629 0.03507133 0.00586884
v 0.01324671 0.02651813 0.00553028
v 0.01307758 0.02917624 0.00564579
v 0.01327435 0.02111528 0.00586884
v 0.01294596 0.02786884 0.00597937
v 0.01310653 0.02771920 0.00569856
v 0.01368828 0.01976457 0.00521462
v 0.01361128 0.01886672 0.00541875
v 0.01354218 0.02126493 0.00537195
v 0.01219180 0.04616843 0.00597538
v 0.01203123 0.04842093 0.00610384
v 0.01195357 0.04947236 0.00616856
v 0.01201148 0.04932272 0.00606400
v 0.01194041 0.04977164 0.00616856
v 0.01200161 0.04977164 0.00604210
v 0.01193317 0.04992128 0.00616856
v 0.01200293 0.04797201 0.00619843
v 0.01232605 0.04339219 0.00594352
v 0.01199767 0.04992128 0.00603314
v 0.01192462 0.05007093 0.00616856
v 0.01190751 0.05022844 0.00618250
v 0.01198516 0.05022057 0.00601820
v 0.01201741 0.05037021 0.00592559
v 0.01197397 0.05037021 0.00601820
v 0.01204044 0.05067343 0.00582502
v 0.01203452 0.05082307 0.00581208
v 0.01199964 0.05082307 0.00588676
v 0.01201609 0.05127200 0.00577225
v 0.01188711 0.05172092 0.00596742
v 0.01190356 0.05201627 0.00587979
v 0.01194041 0.05247307 0.00571848
v 0.01189040 0.05247307 0.00582303
v 0.01188316 0.05262271 0.00580810
v 0.01194831 0.04782236 0.00631892
v 0.01154754 0.05187056 0.00663756
v 0.01184565 0.05262271 0.00588278
v 0.01154293 0.05202414 0.00660769
v 0.01146725 0.05188238 0.00678195
v 0.01157715 0.05345361 0.00609587
v 0.01171930 0.05357175 0.00578221
v 0.01159031 0.05367414 0.00596841
v 0.01173114 0.05347330 0.00580411
v 0.01172719 0.05315433 0.00594651
v 0.01168244 0.05321340 0.00600526
v 0.01159163 0.05292199 0.00627212
v 0.01172588 0.05269753 0.00609388
v 0.01174759 0.05292199 0.00598434
v 0.01181011 0.05292199 0.00586884
v 0.01173443 0.05307163 0.00596045
v 0.01154491 0.05247307 0.00648621
v 0.01157912 0.05256758 0.00639957
v 0.01151595 0.05217378 0.00661864
v 0.01174628 0.05367414 0.00568163
v 0.01180682 0.05367414 0.00556812
v 0.01442796 0.01727580 0.00266449
v 0.01414565 0.01711828 0.00301699
v 0.01379752 0.01701589 0.00361743
v 0.01387386 0.01709071 0.00361743
v 0.01187263 0.05358357 0.00548647
v 0.01191211 0.05352843 0.00542871
v 0.01199306 0.05351662 0.00525844
v 0.01201872 0.05356388 0.00517678
v 0.01203781 0.05367414 0.00507123
v 0.01224642 0.05352450 0.00466795
v 0.01234842 0.05336304 0.00451959
v 0.01232802 0.05330791 0.00459825
v 0.01244779 0.05322521 0.00436226
v 0.01250571 0.05322521 0.00422484
v 0.01248201 0.05317402 0.00430749
v 0.01246030 0.05307163 0.00440507
v 0.01262087 0.05281567 0.00413024
v 0.01279526 0.05277235 0.00373792
v 0.01284659 0.05277235 0.00361743
v 0.01290648 0.05278023 0.00346209
v 0.01292425 0.05283536 0.00338741
v 0.01294991 0.05278023 0.00332966
v 0.01301704 0.05262271 0.00316735
v 0.01313944 0.05262271 0.00266449
v 0.01311970 0.05278023 0.00266449
v 0.01470962 0.01761446 0.00266449
v 0.01412525 0.01744119 0.00369012
v 0.01442928 0.01758689 0.00324800
v 0.01399626 0.01740969 0.00391815
v 0.01428253 0.01757902 0.00355569
v 0.01413512 0.01757508 0.00386039
v 0.01410748 0.01746875 0.00376779
v 0.01414170 0.01771291 0.00402469
v 0.01394098 0.01766171 0.00437321
v 0.01426542 0.01775622 0.00381957
v 0.01446547 0.01781135 0.00346508
v 0.01428911 0.01771684 0.00371999
v 0.01440625 0.01762233 0.00334857
v 0.01473463 0.01787436 0.00296023
v 0.01471160 0.01791768 0.00305981
v 0.01461289 0.01796100 0.00331870
v 0.01473595 0.01802007 0.00311258
v 0.01454313 0.01796100 0.00346906
v 0.01446942 0.01795706 0.00362340
v 0.01460894 0.01781529 0.00316038
v 0.01456616 0.01811458 0.00352084
v 0.01445560 0.01811458 0.00375385
v 0.01442007 0.01811458 0.00382853
v 0.01439901 0.01825634 0.00390919
v 0.01457340 0.01821303 0.00353578
v 0.01472805 0.01833116 0.00324502
v 0.01457998 0.01831541 0.00354872
v 0.01431346 0.01825240 0.00408245
v 0.01427660 0.01819333 0.00414219
v 0.01428253 0.01829178 0.00415414
v 0.01417855 0.01841386 0.00436823
v 0.01402785 0.01841386 0.00466795
v 0.01394559 0.01841386 0.00483126
v 0.01387452 0.01841386 0.00496768
v 0.01383042 0.01841386 0.00505032
v 0.01378962 0.01841386 0.00512600
v 0.01371197 0.01856350 0.00525744
v 0.01382648 0.01864226 0.00504335
v 0.01386925 0.01856350 0.00496768
v 0.01394296 0.01856350 0.00482628
v 0.01385806 0.01901636 0.00495473
v 0.01384556 0.01961493 0.00493083
v 0.01309271 0.03207062 0.00537594
v 0.01290385 0.03387026 0.00559899
v 0.01217008 0.04542022 0.00608193
v 0.01378699 0.01856350 0.00512102
v 0.01307297 0.03477205 0.00518674
v 0.01337437 0.03119246 0.00488901
v 0.01204439 0.04947236 0.00598235
v 0.01200490 0.04962200 0.00605006
v 0.01310653 0.03492169 0.00510509
v 0.01309666 0.03537061 0.00508518
v 0.01250702 0.04332918 0.00558305
v 0.01204110 0.04962200 0.00597538
v 0.01203715 0.04977164 0.00596742
v 0.01203254 0.04992128 0.00595845
v 0.01199964 0.05008274 0.00600725
v 0.01202267 0.05022057 0.00593754
v 0.01205229 0.05037021 0.00584992
v 0.01232934 0.05067343 0.00520068
v 0.01222865 0.05067343 0.00541875
v 0.01215034 0.05067343 0.00558803
v 0.01207795 0.05082307 0.00571848
v 0.01226221 0.05112236 0.00526840
v 0.01232934 0.05153584 0.00505032
v 0.01203583 0.05247307 0.00551435
v 0.01200359 0.05157128 0.00574536
v 0.01200096 0.05247307 0.00558903
v 0.01192593 0.05262271 0.00571848
v 0.01202596 0.05269753 0.00549344
v 0.01190488 0.05276841 0.00572843
v 0.01187789 0.05271328 0.00579714
v 0.01157320 0.05207534 0.00653799
v 0.01177589 0.05262271 0.00601820
v 0.01173114 0.05262271 0.00610384
v 0.01187131 0.05281567 0.00578519
v 0.01184104 0.05276841 0.00585589
v 0.01156662 0.05217378 0.00652504
v 0.01184565 0.05352843 0.00556214
v 0.01175352 0.05321340 0.00587282
v 0.01187921 0.05316614 0.00565077
v 0.01178313 0.05307163 0.00586884
v 0.01188842 0.05307163 0.00566769
v 0.01186276 0.05292199 0.00576827
v 0.01186868 0.05326459 0.00562985
v 0.01189566 0.05337092 0.00553227
v 0.01199043 0.05321340 0.00540680
v 0.01195094 0.05337092 0.00541875
v 0.01202860 0.05316221 0.00534905
v 0.01200622 0.05337092 0.00529926
v 0.01202991 0.05346543 0.00520168
v 0.01217337 0.05343786 0.00488702
v 0.01211809 0.05352450 0.00496768
v 0.01221088 0.05338273 0.00482927
v 0.01230499 0.05322127 0.00469384
v 0.01238133 0.05322127 0.00451759
v 0.01241094 0.05307163 0.00451759
v 0.01244319 0.05291412 0.00450564
v 0.01246951 0.05295743 0.00442798
v 0.01217271 0.05313070 0.00503638
v 0.01249978 0.05291412 0.00437420
v 0.01252545 0.05277235 0.00436823
v 0.01265180 0.05276841 0.00407548
v 0.01262877 0.05271328 0.00414916
v 0.01277157 0.05265421 0.00383251
v 0.01286699 0.05262271 0.00361743
v 0.01291240 0.05262271 0.00350292
v 0.01293148 0.05273691 0.00340832
v 0.01297229 0.05262271 0.00331771
v 0.01303020 0.05247307 0.00316735
v 0.01307034 0.05232343 0.00306478
v 0.01319998 0.05202414 0.00266449
v 0.01318616 0.05217378 0.00266449
v 0.01317168 0.05232343 0.00266449
v 0.01315589 0.05247307 0.00266449
v 0.01473002 0.01764596 0.00266449
v 0.01472871 0.01773653 0.00279693
v 0.01430951 0.01766565 0.00361046
v 0.01423449 0.01766565 0.00376878
v 0.01458261 0.01772866 0.00310561
v 0.01467869 0.01781923 0.00301300
v 0.01470633 0.01777591 0.00289750
v 0.01474977 0.01781923 0.00285567
v 0.01481031 0.01796493 0.00286762
v 0.01475569 0.01796887 0.00301300
v 0.01485506 0.01811064 0.00286464
v 0.01479912 0.01811458 0.00301699
v 0.01474713 0.01811458 0.00313548
v 0.01466158 0.01811458 0.00331771
v 0.01472081 0.01823271 0.00323008
v 0.01475306 0.01827603 0.00317531
v 0.01443125 0.01829966 0.00385243
v 0.01482281 0.01826422 0.00301699
v 0.01483137 0.01841386 0.00301699
v 0.01475700 0.01842174 0.00318228
v 0.01472805 0.01837842 0.00324502
v 0.01447535 0.01841386 0.00376779
v 0.01439638 0.01841386 0.00393010
v 0.01432925 0.01841386 0.00406751
v 0.01428384 0.01841386 0.00415813
v 0.01413117 0.01856350 0.00445187
v 0.01382779 0.01856350 0.00504634
v 0.01396796 0.01916600 0.00472571
v 0.01367117 0.02606921 0.00473268
v 0.01351389 0.02816813 0.00486810
v 0.01381266 0.02471849 0.00456539
v 0.01402653 0.02201707 0.00436823
v 0.01353231 0.02906991 0.00475458
v 0.01367314 0.02771920 0.00458630
v 0.01335858 0.03192098 0.00485615
v 0.01219180 0.04782236 0.00582701
v 0.01308021 0.03611882 0.00505132
v 0.01339148 0.03207062 0.00477450
v 0.01322104 0.03477205 0.00488204
v 0.01353889 0.03207062 0.00446880
v 0.01210428 0.04932272 0.00586884
v 0.01209045 0.04962200 0.00586884
v 0.01218851 0.04797201 0.00582004
v 0.01208256 0.04977164 0.00586884
v 0.01207400 0.04992128 0.00586884
v 0.01205689 0.05008274 0.00588278
v 0.01219575 0.05037021 0.00553725
v 0.01211283 0.05037021 0.00571848
v 0.01236685 0.05067343 0.00511804
v 0.01242410 0.05082307 0.00496768
v 0.01241291 0.05097271 0.00496768
v 0.01235237 0.05097271 0.00510011
v 0.01233460 0.05051985 0.00521164
v 0.01237738 0.05051985 0.00511804
v 0.01221681 0.05082307 0.00541875
v 0.01214442 0.05082307 0.00557509
v 0.01231157 0.05112236 0.00516185
v 0.01244977 0.05143345 0.00480736
v 0.01235632 0.05172092 0.00495871
v 0.01217666 0.05255576 0.00519471
v 0.01237080 0.05232343 0.00481831
v 0.01235237 0.05262271 0.00480039
v 0.01230894 0.05277235 0.00485615
v 0.01219970 0.05277235 0.00509414
v 0.01210033 0.05292199 0.00526840
v 0.01201083 0.05292199 0.00546157
v 0.01196081 0.05292199 0.00556812
v 0.01190027 0.05292199 0.00569358
v 0.01190685 0.05321734 0.00557509
v 0.01193844 0.05307163 0.00556812
v 0.01225037 0.05322127 0.00481831
v 0.01200096 0.05307163 0.00543867
v 0.01203518 0.05307163 0.00536399
v 0.01215561 0.05292199 0.00514791
v 0.01218127 0.05302832 0.00505530
v 0.01215166 0.05338273 0.00496469
v 0.01233395 0.05289443 0.00476056
v 0.01245174 0.05277235 0.00453751
v 0.01248465 0.05277235 0.00446283
v 0.01249452 0.05262271 0.00448573
v 0.01254519 0.05262271 0.00436823
v 0.01260178 0.05262271 0.00423679
v 0.01277684 0.05255576 0.00384446
v 0.01281764 0.05247307 0.00376779
v 0.01288147 0.05247307 0.00361743
v 0.01292425 0.05237462 0.00353677
v 0.01291964 0.05247307 0.00352383
v 0.01293741 0.05262271 0.00342824
v 0.01294399 0.05247307 0.00344915
v 0.01298479 0.05247307 0.00331771
v 0.01304204 0.05232343 0.00316735
v 0.01307429 0.05222104 0.00308370
v 0.01321249 0.05187844 0.00266449
v 0.01475306 0.01768928 0.00266449
v 0.01474450 0.01770897 0.00271726
v 0.01479781 0.01781529 0.00271726
v 0.01481492 0.01781529 0.00266449
v 0.01483400 0.01786255 0.00266449
v 0.01486361 0.01793737 0.00266449
v 0.01485638 0.01796493 0.00271926
v 0.01487085 0.01805945 0.00277004
v 0.01488467 0.01816183 0.00281286
v 0.01489389 0.01826422 0.00283775
v 0.01486559 0.01826422 0.00291243
v 0.01486954 0.01841386 0.00292339
v 0.01482545 0.01856350 0.00301699
v 0.01476095 0.01856350 0.00316336
v 0.01472673 0.01847687 0.00324203
v 0.01446942 0.01856350 0.00376779
v 0.01442994 0.01856350 0.00384944
v 0.01439374 0.01856350 0.00392412
v 0.01432333 0.01856350 0.00406751
v 0.01428121 0.01856350 0.00415215
v 0.01427660 0.01878796 0.00414319
v 0.01427200 0.01901636 0.00413323
v 0.01415618 0.01916600 0.00435130
v 0.01399560 0.02141457 0.00448075
v 0.01430885 0.01901636 0.00405855
v 0.01430227 0.01931565 0.00404561
v 0.01424633 0.02021350 0.00408046
v 0.01391005 0.02471849 0.00436823
v 0.01397652 0.02403723 0.00429255
v 0.01322828 0.03608732 0.00474662
v 0.01419303 0.02321814 0.00391815
v 0.01456748 0.02066636 0.00337347
v 0.01382384 0.02921956 0.00413721
v 0.01231881 0.04707022 0.00562786
v 0.01215758 0.04932272 0.00575333
v 0.01262416 0.04331737 0.00533909
v 0.01280316 0.04150985 0.00513098
v 0.01218851 0.04947236 0.00567068
v 0.01233592 0.04932272 0.00536498
v 0.01222799 0.04962200 0.00556812
v 0.01307560 0.03797359 0.00489100
v 0.01292490 0.03976141 0.00504037
v 0.01218061 0.04977164 0.00565375
v 0.01226945 0.05007093 0.00541875
v 0.01243463 0.05067343 0.00496768
v 0.01246688 0.05082307 0.00487208
v 0.01246161 0.05097271 0.00486013
v 0.01245569 0.05112236 0.00484819
v 0.01248399 0.05127200 0.00476056
v 0.01239646 0.05022057 0.00511804
v 0.01247543 0.05148858 0.00474164
v 0.01248794 0.05202414 0.00461817
v 0.01244714 0.05217378 0.00467990
v 0.01239581 0.05202414 0.00481831
v 0.01232736 0.05241006 0.00489598
v 0.01247346 0.05236674 0.00458730
v 0.01246885 0.05247307 0.00457634
v 0.01241291 0.05262271 0.00466795
v 0.01234316 0.05277235 0.00478047
v 0.01246161 0.05262271 0.00456041
v 0.01239383 0.05277235 0.00466795
v 0.01250176 0.05247307 0.00450166
v 0.01255967 0.05247307 0.00436823
v 0.01278736 0.05232343 0.00386836
v 0.01284330 0.05217378 0.00376779
v 0.01289990 0.05232343 0.00360548
v 0.01292819 0.05227223 0.00354773
v 0.01296044 0.05217378 0.00346807
v 0.01299663 0.05232343 0.00331771
v 0.01305652 0.05216985 0.00315540
v 0.01307758 0.05211865 0.00309764
v 0.01322038 0.05177999 0.00266449
v 0.01488467 0.01800825 0.00266449
v 0.01489849 0.01811064 0.00271926
v 0.01493469 0.01826422 0.00271726
v 0.01489718 0.01841386 0.00284771
v 0.01486625 0.01856350 0.00291343
v 0.01481097 0.01886672 0.00301699
v 0.01475766 0.01871314 0.00315639
v 0.01473266 0.01976457 0.00310461
v 0.01473595 0.01961493 0.00311358
v 0.01473990 0.01946529 0.00312055
v 0.01474713 0.01916600 0.00313548
v 0.01456419 0.01916600 0.00351686
v 0.01438387 0.01886672 0.00391815
v 0.01460696 0.01857138 0.00348201
v 0.01461025 0.02036708 0.00331173
v 0.01427529 0.01886672 0.00413921
v 0.01424304 0.02036708 0.00407349
v 0.01427529 0.02055610 0.00398984
v 0.01456090 0.02096564 0.00335953
v 0.01410879 0.02636849 0.00380463
v 0.01244845 0.04797594 0.00525545
v 0.01230499 0.04917308 0.00544763
v 0.01368762 0.03192098 0.00416709
v 0.01424962 0.02501778 0.00363436
v 0.01246951 0.04827129 0.00517778
v 0.01238593 0.04917308 0.00526840
v 0.01237146 0.04947236 0.00526840
v 0.01233197 0.04947236 0.00535702
v 0.01248004 0.04782236 0.00520168
v 0.01232868 0.04959444 0.00535005
v 0.01395809 0.02816813 0.00395300
v 0.01228722 0.04977164 0.00541875
v 0.01235764 0.04977164 0.00526342
v 0.01247214 0.05067343 0.00488304
v 0.01244845 0.05037021 0.00497963
v 0.01249386 0.05097271 0.00478545
v 0.01248925 0.05112236 0.00477251
v 0.01253400 0.05112236 0.00466795
v 0.01263930 0.05172092 0.00432442
v 0.01255638 0.05172092 0.00451759
v 0.01250571 0.05157128 0.00465899
v 0.01241357 0.04992128 0.00511804
v 0.01245306 0.05022057 0.00498958
v 0.01254453 0.05187056 0.00451759
v 0.01253203 0.05202414 0.00451759
v 0.01258468 0.05217378 0.00436823
v 0.01262942 0.05198476 0.00430052
v 0.01260178 0.05187056 0.00438615
v 0.01279921 0.05202414 0.00389724
v 0.01285449 0.05202414 0.00376779
v 0.01290055 0.05217378 0.00363137
v 0.01293148 0.05217378 0.00355569
v 0.01296834 0.05202414 0.00346807
v 0.01301572 0.05202414 0.00331771
v 0.01305784 0.05202414 0.00318228
v 0.01300716 0.05217378 0.00331771
v 0.01308021 0.05202414 0.00310661
v 0.01323420 0.05157128 0.00266449
v 0.01322433 0.05172092 0.00266449
v 0.01492482 0.01816577 0.00266449
v 0.01494785 0.01826422 0.00266449
v 0.01495180 0.01831541 0.00266449
v 0.01495640 0.01841386 0.00266449
v 0.01494127 0.01841386 0.00271726
v 0.01485901 0.01886672 0.00289152
v 0.01458064 0.02396635 0.00295226
v 0.01472608 0.02117041 0.00293932
v 0.01474253 0.02051672 0.00298313
v 0.01474845 0.02005204 0.00302894
v 0.01478201 0.01946529 0.00301699
v 0.01472673 0.01998903 0.00309267
v 0.01440032 0.02321814 0.00348599
v 0.01457932 0.02169022 0.00324800
v 0.01458590 0.02141457 0.00326194
v 0.01458919 0.02126493 0.00326991
v 0.01443520 0.02321814 0.00341031
v 0.01428779 0.02486814 0.00356665
v 0.01382648 0.03064115 0.00399283
v 0.01262021 0.04647165 0.00502941
v 0.01245503 0.04886986 0.00514392
v 0.01262811 0.04613693 0.00504734
v 0.01293609 0.04226988 0.00476454
v 0.01242937 0.04962200 0.00511804
v 0.01235632 0.04963382 0.00528333
v 0.01412525 0.02716395 0.00369012
v 0.01427397 0.02546670 0.00353578
v 0.01247807 0.05047653 0.00489698
v 0.01260047 0.05097271 0.00453153
v 0.01262548 0.05118536 0.00444092
v 0.01264456 0.05157128 0.00433637
v 0.01245766 0.05007093 0.00499854
v 0.01248070 0.05037021 0.00490494
v 0.01277552 0.05178787 0.00399183
v 0.01277881 0.05168942 0.00399880
v 0.01286370 0.05187056 0.00376779
v 0.01290582 0.05202414 0.00364232
v 0.01293543 0.05202414 0.00356764
v 0.01299203 0.05157128 0.00346807
v 0.01314010 0.04962200 0.00331771
v 0.01307824 0.05123262 0.00324900
v 0.01322762 0.04926759 0.00309665
v 0.01413446 0.03251955 0.00296720
v 0.01427726 0.02990082 0.00294330
v 0.01412261 0.03207062 0.00307972
v 0.01457801 0.02406480 0.00294529
v 0.01456748 0.02336778 0.00306777
v 0.01337898 0.04449481 0.00339936
v 0.01382648 0.03678433 0.00324203
v 0.01472147 0.02021350 0.00307773
v 0.01458261 0.02276528 0.00310661
v 0.01455629 0.02261564 0.00319125
v 0.01456748 0.02216671 0.00321913
v 0.01457472 0.02186743 0.00323805
v 0.01427463 0.02789641 0.00323705
v 0.01442138 0.02501778 0.00322908
v 0.01368894 0.03327169 0.00402171
v 0.01382648 0.03199186 0.00384247
v 0.01352376 0.03566989 0.00413622
v 0.01427595 0.02537613 0.00354076
v 0.01412985 0.02696706 0.00370008
v 0.01292425 0.04275424 0.00473865
v 0.01261297 0.04677094 0.00501249
v 0.01244977 0.04931878 0.00510509
v 0.01247478 0.04936997 0.00504037
v 0.01260508 0.05082307 0.00454149
v 0.01265312 0.05113023 0.00438217
v 0.01275117 0.05157128 0.00408245
v 0.01249254 0.04992128 0.00493282
v 0.01248859 0.05007093 0.00492386
v 0.01252413 0.05022057 0.00481831
v 0.01251623 0.05037021 0.00481831
v 0.01278210 0.05157128 0.00400777
v 0.01291043 0.05187056 0.00365228
v 0.01281895 0.05157128 0.00391815
v 0.01291437 0.05172092 0.00366224
v 0.01294333 0.05172092 0.00358756
v 0.01307692 0.04940935 0.00354374
v 0.01307166 0.04962200 0.00352881
v 0.01337635 0.04459326 0.00339239
v 0.01339412 0.04555805 0.00317830
v 0.01397389 0.03492169 0.00308370
v 0.01412788 0.03186585 0.00309565
v 0.01411406 0.03131848 0.00320917
v 0.01412459 0.03089712 0.00323705
v 0.01352442 0.04170281 0.00338641
v 0.01432596 0.02621885 0.00331771
v 0.01418316 0.02786884 0.00346807
v 0.01391400 0.03327169 0.00346807
v 0.01359944 0.03956845 0.00346807
v 0.01290714 0.05082307 0.00379467
v 0.01277815 0.04568013 0.00474761
v 0.01275643 0.04527058 0.00484619
v 0.01399758 0.03057027 0.00359453
v 0.01311706 0.04197059 0.00436823
v 0.01256888 0.04932272 0.00481831
v 0.01292819 0.04388837 0.00459825
v 0.01260902 0.05067343 0.00455145
v 0.01272090 0.05112236 0.00421787
v 0.01262877 0.04989766 0.00459925
v 0.01268339 0.05067343 0.00436823
v 0.01284264 0.05112236 0.00391815
v 0.01294070 0.05067343 0.00372895
v 0.01305323 0.04917308 0.00363436
v 0.01385148 0.03342133 0.00360448
v 0.01300716 0.04782236 0.00391815
v 0.01272879 0.05097271 0.00421787
v 0.01277157 0.05082307 0.00413124
f 1 2 3
f 1 3 4
f 1 4 5
f 1 5 6
f 1 6 7
f 1 7 8
f 1 8 9
f 1 9 2
f 2 9 10
f 2 10 3
f 3 10 95
f 3 95 11
f 3 11 12
f 3 12 13
f 3 13 14
f 3 14 4
f 4 14 15
f 4 15 5
f 5 16 17
f 5 17 18
f 5 18 19
f 5 19 20
f 5 20 21
f 5 21 22
f 5 22 23
f 5 23 24
f 5 24 25
f 5 25 26
f 5 26 27
f 5 27 28
f 5 28 29
f 5 29 30
f 5 30 31
f 5 31 32
f 5 32 33
f 5 33 34
f 5 34 35
f 5 35 36
f 5 36 37
f 5 37 38
f 5 38 39
f 5 39 40
f 5 40 41
f 5 41 42
f 5 42 43
f 5 43 44
f 5 44 45
f 5 45 46
f 5 46 47
f 5 47 48
f 5 48 49
f 5 49 50
f 5 50 51
f 5 51 52
f 5 52 53
f 5 53 54
f 5 54 55
f 5 55 56
f 5 56 57
f 5 57 58
f 5 58 59
f 5 59 60
f 5 60 61
f 5 61 62
f 5 62 63
f 5 63 64
f 5 64 65
f 5 65 66
f 5 66 67
f 5 67 68
f 5 68 69
f 5 69 70
f 5 70 71
f 5 71 72
f 5 72 73
f 5 73 74
f 5 74 75
f 5 75 76
f 5 76 77
f 5 77 78
f 5 78 79
f 5 79 80
f 5 80 81
f 5 81 82
f 5 82 83
f 5 83 84
f 5 84 85
f 5 85 86
f 5 86 87
f 5 87 6
f 5 15 88
f 5 88 89
f 5 89 90
f 5 90 91
f 5 91 92
f 5 92 16
f 6 87 7
f 7 87 93
f 7 93 8
f 8 93 9
f 9 93 94
f 9 94 95
f 9 95 10
f 11 96 12
f 11 95 96
f 12 96 183
f 12 183 97
f 12 97 98
f 12 98 99
f 12 99 100
f 12 100 13
f 13 100 14
f 14 100 101
f 14 101 102
f 14 102 103
f 14 103 104
f 14 104 105
f 14 105 106
f 14 106 15
f 15 106 107
f 15 107 108
f 15 108 88
f 16 109 17
f 16 92 109
f 17 109 18
f 18 110 111
f 18 111 19
f 18 109 110
f 19 111 20
f 20 111 112
f 20 112 21
f 21 112 22
f 22 112 23
f 23 112 113
f 23 113 114
f 23 114 24
f 24 115 25
f 24 114 115
f 25 115 26
f 26 115 116
f 26 116 117
f 26 117 118
f 26 118 27
f 27 119 28
f 27 118 119
f 28 119 120
f 28 120 29
f 29 120 30
f 30 120 31
f 31 120 121
f 31 121 32
f 32 121 122
f 32 122 33
f 33 122 123
f 33 123 124
f 33 124 34
f 34 124 35
f 35 124 125
f 35 125 36
f 36 125 126
f 36 126 127
f 36 127 37
f 37 127 126
f 37 126 128
f 37 128 38
f 38 128 39
f 39 128 129
f 39 129 130
f 39 130 40
f 40 130 131
f 40 131 132
f 40 132 133
f 40 133 41
f 41 134 135
f 41 135 42
f 41 133 132
f 41 132 134
f 42 135 43
f 43 136 137
f 43 137 44
f 43 135 138
f 43 138 136
f 44 137 139
f 44 139 45
f 45 139 46
f 46 140 141
f 46 141 142
f 46 142 47
f 46 139 140
f 47 142 141
f 47 141 237
f 47 237 357
f 47 357 500
f 47 500 499
f 47 499 497
f 47 497 641
f 47 641 801
f 47 801 985
f 47 985 984
f 47 984 1180
f 47 1180 1350
f 47 1350 1513
f 47 1513 1512
f 47 1512 1511
f 47 1511 1510
f 47 1510 1675
f 47 1675 1508
f 47 1508 1507
f 47 1507 1674
f 47 1674 1673
f 47 1673 1873
f 47 1873 2051
f 47 2051 2048
f 47 2048 2047
f 47 2047 2044
f 47 2044 2043
f 47 2043 2199
f 47 2199 2062
f 47 2062 1889
f 47 1889 1888
f 47 1888 1887
f 47 1887 1886
f 47 1886 1882
f 47 1882 1881
f 47 1881 1687
f 47 1687 1686
f 47 1686 1685
f 47 1685 1684
f 47 1684 1523
f 47 1523 1357
f 47 1357 1186
f 47 1186 993
f 47 993 817
f 47 817 816
f 47 816 815
f 47 815 814
f 47 814 649
f 47 649 503
f 47 503 370
f 47 370 369
f 47 369 368
f 47 368 367
f 47 367 366
f 47 366 365
f 47 365 364
f 47 364 363
f 47 363 362
f 47 362 359
f 47 359 243
f 47 243 145
f 47 145 143
f 47 143 48
f 48 143 49
f 49 143 50
f 50 144 51
f 50 143 145
f 50 145 144
f 51 144 52
f 52 144 53
f 53 144 146
f 53 146 54
f 54 146 55
f 55 146 56
f 56 146 57
f 57 146 147
f 57 147 58
f 58 147 59
f 59 147 148
f 59 148 60
f 60 148 149
f 60 149 61
f 61 149 62
f 62 149 63
f 63 149 150
f 63 150 64
f 64 150 65
f 65 150 66
f 66 150 151
f 66 151 67
f 67 151 152
f 67 152 153
f 67 153 68
f 68 153 154
f 68 154 155
f 68 155 69
f 69 156 70
f 69 155 157
f 69 157 158
f 69 158 159
f 69 159 156
f 70 156 71
f 71 156 72
f 72 156 160
f 72 160 73
f 73 161 162
f 73 162 163
f 73 163 74
f 73 160 161
f 74 164 75
f 74 163 164
f 75 164 165
f 75 165 76
f 76 165 77
f 77 165 166
f 77 166 167
f 77 167 78
f 78 167 79
f 79 168 169
f 79 169 80
f 79 167 170
f 79 170 168
f 80 169 81
f 81 169 171
f 81 171 82
f 82 171 83
f 83 171 172
f 83 172 173
f 83 173 84
f 84 173 85
f 85 93 86
f 85 173 174
f 85 174 93
f 86 93 87
f 88 108 175
f 88 175 89
f 89 175 90
f 90 175 91
f 91 175 176
f 91 176 92
f 92 176 177
f 92 177 178
f 92 178 109
f 93 179 180
f 93 180 94
f 93 174 179
f 94 180 181
f 94 181 182
f 94 182 95
f 95 182 96
f 96 182 294
f 96 294 183
f 97 184 98
f 97 183 184
f 98 184 185
f 98 185 186
f 98 186 187
f 98 187 188
f 98 188 189
f 98 189 99
f 99 189 188
f 99 188 190
f 99 190 191
f 99 191 192
f 99 192 100
f 100 192 193
f 100 193 194
f 100 194 101
f 101 194 195
f 101 195 102
f 102 195 103
f 103 196 197
f 103 197 104
f 103 195 198
f 103 198 196
f 104 197 105
f 105 197 106
f 106 197 199
f 106 199 107
f 107 199 108
f 108 199 200
f 108 200 175
f 109 178 177
f 109 177 110
f 110 177 204
f 110 204 201
f 110 201 111
f 111 201 112
f 112 202 113
f 112 201 203
f 112 203 204
f 112 204 205
f 112 205 206
f 112 206 202
f 113 207 114
f 113 202 207
f 114 208 209
f 114 209 210
f 114 210 211
f 114 211 117
f 114 117 116
f 114 116 115
f 114 207 202
f 114 202 212
f 114 212 213
f 114 213 208
f 117 211 214
f 117 214 216
f 117 216 215
f 117 215 118
f 118 215 119
f 119 215 216
f 119 216 217
f 119 217 120
f 120 218 219
f 120 219 121
f 120 217 218
f 121 220 123
f 121 123 122
f 121 219 220
f 123 220 221
f 123 221 222
f 123 222 223
f 123 223 224
f 123 224 124
f 124 224 225
f 124 225 226
f 124 226 125
f 125 225 227
f 125 227 228
f 125 228 126
f 125 226 225
f 126 228 129
f 126 129 128
f 129 229 230
f 129 230 131
f 129 131 130
f 129 228 227
f 129 227 225
f 129 225 229
f 131 230 132
f 132 230 231
f 132 231 232
f 132 232 135
f 132 135 134
f 135 232 138
f 136 233 234
f 136 234 235
f 136 235 137
f 136 138 233
f 137 235 140
f 137 140 139
f 138 232 233
f 140 236 237
f 140 237 238
f 140 238 141
f 140 235 234
f 140 234 239
f 140 239 240
f 140 240 241
f 140 241 236
f 141 238 237
f 144 242 146
f 144 145 242
f 145 243 244
f 145 244 245
f 145 245 246
f 145 246 247
f 145 247 248
f 145 248 249
f 145 249 250
f 145 250 251
f 145 251 252
f 145 252 242
f 146 242 253
f 146 253 254
f 146 254 255
f 146 255 256
f 146 256 257
f 146 257 258
f 146 258 147
f 147 259 148
f 147 258 259
f 148 259 260
f 148 260 149
f 149 260 151
f 149 151 150
f 151 153 152
f 151 260 261
f 151 261 153
f 153 261 262
f 153 262 157
f 153 157 154
f 154 157 155
f 156 263 160
f 156 159 263
f 157 262 264
f 157 264 265
f 157 265 266
f 157 266 267
f 157 267 158
f 158 267 159
f 159 267 268
f 159 268 269
f 159 269 263
f 160 263 161
f 161 263 162
f 162 270 163
f 162 263 271
f 162 271 272
f 162 272 273
f 162 273 270
f 163 270 164
f 164 273 274
f 164 274 165
f 164 270 273
f 165 275 276
f 165 276 277
f 165 277 166
f 165 274 275
f 166 277 278
f 166 278 170
f 166 170 167
f 168 170 278
f 168 278 279
f 168 279 169
f 169 279 280
f 169 280 171
f 171 280 172
f 172 281 174
f 172 174 173
f 172 280 279
f 172 279 281
f 174 281 282
f 174 282 179
f 175 200 283
f 175 283 284
f 175 284 176
f 176 284 285
f 176 285 286
f 176 286 287
f 176 287 288
f 176 288 289
f 176 289 177
f 177 289 290
f 177 290 205
f 177 205 204
f 179 282 180
f 180 291 181
f 180 282 291
f 181 291 292
f 181 292 182
f 182 292 293
f 182 293 294
f 183 295 185
f 183 185 184
f 183 294 296
f 183 296 420
f 183 420 295
f 185 297 186
f 185 295 298
f 185 298 297
f 186 297 187
f 187 297 299
f 187 299 300
f 187 300 301
f 187 301 188
f 188 301 302
f 188 302 303
f 188 303 304
f 188 304 190
f 190 304 305
f 190 305 191
f 191 306 307
f 191 307 193
f 191 193 192
f 191 305 308
f 191 308 306
f 193 307 194
f 194 307 309
f 194 309 198
f 194 198 195
f 196 310 197
f 196 198 311
f 196 311 312
f 196 312 313
f 196 313 310
f 197 310 314
f 197 314 199
f 198 309 315
f 198 315 311
f 199 314 200
f 200 316 283
f 200 314 310
f 200 310 316
f 201 204 203
f 202 317 318
f 202 318 212
f 202 206 319
f 202 319 320
f 202 320 321
f 202 321 322
f 202 322 323
f 202 323 324
f 202 324 317
f 205 290 206
f 206 290 289
f 206 289 325
f 206 325 326
f 206 326 319
f 208 213 209
f 209 327 328
f 209 328 210
f 209 213 329
f 209 329 327
f 210 328 216
f 210 216 214
f 210 214 211
f 212 318 317
f 212 317 330
f 212 330 213
f 213 330 331
f 213 331 332
f 213 332 329
f 216 333 217
f 216 328 334
f 216 334 335
f 216 335 333
f 217 336 337
f 217 337 218
f 217 333 336
f 218 337 338
f 218 338 220
f 218 220 219
f 220 338 339
f 220 339 340
f 220 340 221
f 221 340 341
f 221 341 223
f 221 223 222
f 223 341 342
f 223 342 343
f 223 343 225
f 223 225 224
f 225 344 345
f 225 345 229
f 225 343 344
f 229 345 346
f 229 346 230
f 230 346 347
f 230 347 348
f 230 348 349
f 230 349 350
f 230 350 351
f 230 351 352
f 230 352 353
f 230 353 354
f 230 354 233
f 230 233 232
f 230 232 231
f 233 354 240
f 233 240 239
f 233 239 234
f 236 241 355
f 236 355 356
f 236 356 357
f 236 357 237
f 240 354 353
f 240 353 358
f 240 358 241
f 241 358 355
f 242 252 253
f 243 359 244
f 244 360 361
f 244 361 245
f 244 359 362
f 244 362 363
f 244 363 364
f 244 364 365
f 244 365 366
f 244 366 367
f 244 367 368
f 244 368 369
f 244 369 370
f 244 370 503
f 244 503 648
f 244 648 813
f 244 813 992
f 244 992 1007
f 244 1007 1209
f 244 1209 1208
f 244 1208 1207
f 244 1207 1377
f 244 1377 1374
f 244 1374 1551
f 244 1551 1726
f 244 1726 1725
f 244 1725 1919
f 244 1919 1918
f 244 1918 1920
f 244 1920 2090
f 244 2090 2240
f 244 2240 2393
f 244 2393 2395
f 244 2395 2527
f 244 2527 2526
f 244 2526 2642
f 244 2642 2641
f 244 2641 2640
f 244 2640 2639
f 244 2639 2735
f 244 2735 2807
f 244 2807 2866
f 244 2866 2865
f 244 2865 2870
f 244 2870 2869
f 244 2869 2868
f 244 2868 2867
f 244 2867 2808
f 244 2808 2741
f 244 2741 2740
f 244 2740 2739
f 244 2739 2736
f 244 2736 2643
f 244 2643 2528
f 244 2528 2402
f 244 2402 2401
f 244 2401 2400
f 244 2400 2503
f 244 2503 2356
f 244 2356 2200
f 244 2200 2052
f 244 2052 1874
f 244 1874 1676
f 244 1676 1514
f 244 1514 1351
f 244 1351 1181
f 244 1181 987
f 244 987 805
f 244 805 645
f 244 645 501
f 244 501 360
f 245 361 246
f 246 361 247
f 247 361 371
f 247 371 248
f 248 371 249
f 249 371 250
f 250 371 251
f 251 371 372
f 251 372 252
f 252 372 373
f 252 373 253
f 253 373 254
f 254 373 372
f 254 372 374
f 254 374 375
f 254 375 255
f 255 375 376
f 255 376 256
f 256 376 257
f 257 376 377
f 257 377 258
f 258 377 378
f 258 378 379
f 258 379 380
f 258 380 381
f 258 381 382
f 258 382 383
f 258 383 259
f 259 383 260
f 260 383 384
f 260 384 261
f 261 384 385
f 261 385 386
f 261 386 262
f 262 387 388
f 262 388 264
f 262 386 389
f 262 389 390
f 262 390 387
f 263 391 392
f 263 392 393
f 263 393 271
f 263 269 268
f 263 268 391
f 264 388 265
f 265 388 394
f 265 394 395
f 265 395 396
f 265 396 267
f 265 267 266
f 267 397 268
f 267 396 397
f 268 397 398
f 268 398 399
f 268 399 400
f 268 400 401
f 268 401 391
f 271 393 272
f 272 402 403
f 272 403 275
f 272 275 274
f 272 274 273
f 272 393 402
f 275 404 405
f 275 405 406
f 275 406 407
f 275 407 277
f 275 277 276
f 275 403 541
f 275 541 404
f 277 407 408
f 277 408 278
f 278 408 279
f 279 409 410
f 279 410 281
f 279 408 411
f 279 411 409
f 281 410 282
f 282 410 412
f 282 412 291
f 283 316 413
f 283 413 284
f 284 413 285
f 285 413 414
f 285 414 286
f 286 414 415
f 286 415 416
f 286 416 325
f 286 325 287
f 287 325 288
f 288 325 289
f 291 417 293
f 291 293 292
f 291 412 418
f 291 418 417
f 293 417 419
f 293 419 420
f 293 420 296
f 293 296 294
f 295 420 298
f 297 421 422
f 297 422 299
f 297 298 423
f 297 423 424
f 297 424 425
f 297 425 421
f 298 426 424
f 298 424 423
f 298 420 427
f 298 427 426
f 299 422 300
f 300 422 428
f 300 428 429
f 300 429 430
f 300 430 431
f 300 431 301
f 301 431 302
f 302 432 433
f 302 433 434
f 302 434 304
f 302 304 303
f 302 431 430
f 302 430 429
f 302 429 435
f 302 435 432
f 304 434 436
f 304 436 305
f 305 436 433
f 305 433 308
f 306 437 307
f 306 308 438
f 306 438 437
f 307 437 439
f 307 439 440
f 307 440 309
f 308 433 441
f 308 441 438
f 309 440 315
f 310 313 316
f 311 315 312
f 312 315 442
f 312 442 443
f 312 443 444
f 312 444 313
f 313 444 316
f 315 445 446
f 315 446 447
f 315 447 448
f 315 448 449
f 315 449 450
f 315 450 451
f 315 451 442
f 315 440 445
f 316 444 452
f 316 452 414
f 316 414 413
f 317 453 454
f 317 454 455
f 317 455 330
f 317 324 453
f 319 326 456
f 319 456 321
f 319 321 320
f 321 456 457
f 321 457 324
f 321 324 322
f 322 324 323
f 324 457 453
f 325 416 415
f 325 415 458
f 325 458 326
f 326 459 456
f 326 458 459
f 327 460 328
f 327 329 460
f 328 461 335
f 328 335 334
f 328 460 461
f 329 332 460
f 330 455 462
f 330 462 463
f 330 463 331
f 331 463 464
f 331 464 332
f 332 464 465
f 332 465 466
f 332 466 467
f 332 467 460
f 333 468 336
f 333 335 468
f 335 469 470
f 335 470 468
f 335 461 471
f 335 471 469
f 336 472 337
f 336 468 472
f 337 472 473
f 337 473 474
f 337 474 338
f 338 474 475
f 338 475 476
f 338 476 339
f 339 476 340
f 340 476 475
f 340 475 477
f 340 477 341
f 341 478 479
f 341 479 342
f 341 477 478
f 342 479 480
f 342 480 344
f 342 344 343
f 344 481 482
f 344 482 483
f 344 483 484
f 344 484 485
f 344 485 486
f 344 486 346
f 344 346 345
f 344 480 481
f 346 486 485
f 346 485 487
f 346 487 347
f 347 487 488
f 347 488 489
f 347 489 348
f 348 489 490
f 348 490 491
f 348 491 492
f 348 492 349
f 349 492 350
f 350 492 493
f 350 493 494
f 350 494 495
f 350 495 358
f 350 358 352
f 350 352 351
f 352 358 353
f 355 496 497
f 355 497 356
f 355 358 495
f 355 495 498
f 355 498 496
f 356 497 499
f 356 499 500
f 356 500 357
f 360 501 361
f 361 501 502
f 361 502 371
f 371 502 504
f 371 504 505
f 371 505 372
f 372 505 375
f 372 375 374
f 375 505 504
f 375 504 506
f 375 506 376
f 376 506 507
f 376 507 377
f 377 507 378
f 378 507 506
f 378 506 379
f 379 506 508
f 379 508 380
f 380 508 381
f 381 508 509
f 381 509 510
f 381 510 382
f 382 511 383
f 382 510 511
f 383 512 384
f 383 511 512
f 384 513 385
f 384 512 514
f 384 514 511
f 384 511 515
f 384 515 516
f 384 516 513
f 385 517 386
f 385 513 518
f 385 518 517
f 386 517 389
f 387 390 388
f 388 519 394
f 388 390 520
f 388 520 519
f 389 517 521
f 389 521 518
f 389 518 522
f 389 522 523
f 389 523 524
f 389 524 525
f 389 525 526
f 389 526 520
f 389 520 390
f 391 401 538
f 391 538 527
f 391 527 393
f 391 393 392
f 393 527 528
f 393 528 402
f 394 519 529
f 394 529 530
f 394 530 395
f 395 530 531
f 395 531 397
f 395 397 396
f 397 531 398
f 398 532 399
f 398 531 532
f 399 532 533
f 399 533 400
f 400 533 534
f 400 534 535
f 400 535 536
f 400 536 537
f 400 537 538
f 400 538 401
f 402 539 540
f 402 540 541
f 402 541 403
f 402 528 539
f 404 541 542
f 404 542 543
f 404 543 405
f 405 544 545
f 405 545 411
f 405 411 546
f 405 546 406
f 405 543 544
f 406 546 408
f 406 408 407
f 408 546 411
f 409 547 548
f 409 548 549
f 409 549 410
f 409 411 545
f 409 545 708
f 409 708 547
f 410 549 412
f 412 549 418
f 414 452 550
f 414 550 458
f 414 458 551
f 414 551 415
f 415 551 458
f 417 552 553
f 417 553 419
f 417 418 554
f 417 554 552
f 418 549 548
f 418 548 555
f 418 555 556
f 418 556 554
f 419 553 420
f 420 553 427
f 421 425 557
f 421 557 558
f 421 558 428
f 421 428 422
f 424 559 560
f 424 560 425
f 424 426 561
f 424 561 559
f 425 560 715
f 425 715 557
f 426 427 561
f 427 553 562
f 427 562 561
f 428 558 557
f 428 557 429
f 429 557 563
f 429 563 564
f 429 564 435
f 432 565 566
f 432 566 567
f 432 567 568
f 432 568 569
f 432 569 441
f 432 441 433
f 432 435 564
f 432 564 565
f 433 436 434
f 437 438 570
f 437 570 571
f 437 571 439
f 438 441 570
f 439 571 572
f 439 572 573
f 439 573 446
f 439 446 440
f 440 446 445
f 441 569 568
f 441 568 574
f 441 574 575
f 441 575 576
f 441 576 577
f 441 577 578
f 441 578 579
f 441 579 580
f 441 580 729
f 441 729 570
f 442 451 581
f 442 581 582
f 442 582 443
f 443 582 583
f 443 583 584
f 443 584 585
f 443 585 444
f 444 585 452
f 446 573 586
f 446 586 587
f 446 587 588
f 446 588 449
f 446 449 447
f 447 449 448
f 449 588 589
f 449 589 590
f 449 590 450
f 450 581 451
f 450 590 744
f 450 744 591
f 450 591 593
f 450 593 581
f 452 585 584
f 452 584 592
f 452 592 550
f 453 593 591
f 453 591 454
f 453 457 594
f 453 594 584
f 453 584 595
f 453 595 583
f 453 583 582
f 453 582 593
f 454 596 597
f 454 597 462
f 454 462 455
f 454 591 596
f 456 459 598
f 456 598 594
f 456 594 457
f 458 550 592
f 458 592 459
f 459 592 598
f 460 467 599
f 460 599 461
f 461 599 471
f 462 597 600
f 462 600 601
f 462 601 602
f 462 602 603
f 462 603 463
f 463 603 464
f 464 603 604
f 464 604 605
f 464 605 606
f 464 606 465
f 465 606 607
f 465 607 608
f 465 608 609
f 465 609 610
f 465 610 611
f 465 611 466
f 466 611 612
f 466 612 613
f 466 613 614
f 466 614 615
f 466 615 467
f 467 615 599
f 468 470 472
f 469 471 599
f 469 599 616
f 469 616 617
f 469 617 470
f 470 617 618
f 470 618 619
f 470 619 472
f 472 619 473
f 473 619 620
f 473 620 474
f 474 620 778
f 474 778 621
f 474 621 475
f 475 621 622
f 475 622 477
f 477 622 478
f 478 623 479
f 478 622 623
f 479 624 626
f 479 626 625
f 479 625 481
f 479 481 480
f 479 623 624
f 481 625 482
f 482 484 483
f 482 625 626
f 482 626 484
f 484 626 627
f 484 627 485
f 485 628 488
f 485 488 487
f 485 627 629
f 485 629 630
f 485 630 628
f 488 631 632
f 488 632 633
f 488 633 490
f 488 490 489
f 488 628 630
f 488 630 634
f 488 634 631
f 490 633 491
f 491 633 492
f 492 635 636
f 492 636 493
f 492 633 635
f 493 637 638
f 493 638 494
f 493 636 637
f 494 498 495
f 494 638 498
f 496 498 639
f 496 639 497
f 497 640 641
f 497 639 642
f 497 642 643
f 497 643 640
f 498 638 644
f 498 644 642
f 498 642 639
f 501 645 502
f 502 645 646
f 502 646 647
f 502 647 506
f 502 506 504
f 503 649 650
f 503 650 651
f 503 651 652
f 503 652 648
f 506 647 653
f 506 653 654
f 506 654 655
f 506 655 508
f 508 655 656
f 508 656 657
f 508 657 658
f 508 658 509
f 509 658 510
f 510 658 659
f 510 659 511
f 511 514 512
f 511 659 660
f 511 660 661
f 511 661 515
f 513 516 662
f 513 662 518
f 515 661 663
f 515 663 664
f 515 664 516
f 516 664 665
f 516 665 666
f 516 666 518
f 516 518 662
f 517 518 521
f 518 666 523
f 518 523 522
f 519 520 529
f 520 667 668
f 520 668 529
f 520 526 669
f 520 669 670
f 520 670 667
f 523 666 671
f 523 671 672
f 523 672 673
f 523 673 674
f 523 674 524
f 524 674 675
f 524 675 676
f 524 676 677
f 524 677 525
f 525 677 526
f 526 677 669
f 527 538 678
f 527 678 528
f 528 678 679
f 528 679 539
f 529 668 680
f 529 680 530
f 530 680 681
f 530 681 682
f 530 682 683
f 530 683 531
f 531 683 684
f 531 684 532
f 532 684 685
f 532 685 533
f 533 685 686
f 533 686 534
f 534 686 535
f 535 687 856
f 535 856 688
f 535 688 689
f 535 689 690
f 535 690 691
f 535 691 537
f 535 537 536
f 535 686 692
f 535 692 693
f 535 693 694
f 535 694 695
f 535 695 696
f 535 696 697
f 535 697 698
f 535 698 699
f 535 699 687
f 537 691 700
f 537 700 701
f 537 701 702
f 537 702 678
f 537 678 538
f 539 679 703
f 539 703 704
f 539 704 540
f 540 704 542
f 540 542 541
f 542 704 705
f 542 705 706
f 542 706 707
f 542 707 544
f 542 544 543
f 544 707 545
f 545 707 708
f 547 709 710
f 547 710 555
f 547 555 548
f 547 708 709
f 552 711 553
f 552 554 712
f 552 712 711
f 553 711 713
f 553 713 562
f 554 556 714
f 554 714 712
f 555 710 709
f 555 709 556
f 556 709 714
f 557 715 896
f 557 896 716
f 557 716 717
f 557 717 563
f 559 561 718
f 559 718 719
f 559 719 720
f 559 720 721
f 559 721 722
f 559 722 715
f 559 715 560
f 561 562 718
f 562 713 718
f 563 717 723
f 563 723 724
f 563 724 564
f 564 724 565
f 565 724 723
f 565 723 725
f 565 725 726
f 565 726 566
f 566 726 725
f 566 725 727
f 566 727 568
f 566 568 567
f 568 728 574
f 568 727 728
f 570 729 571
f 571 729 730
f 571 730 572
f 572 730 729
f 572 729 579
f 572 579 586
f 572 586 573
f 574 731 732
f 574 732 575
f 574 728 733
f 574 733 734
f 574 734 735
f 574 735 736
f 574 736 731
f 575 732 737
f 575 737 576
f 576 737 738
f 576 738 577
f 577 738 739
f 577 739 578
f 578 739 740
f 578 740 579
f 579 740 589
f 579 589 588
f 579 588 741
f 579 741 587
f 579 587 586
f 579 729 580
f 581 593 582
f 583 595 584
f 584 594 598
f 584 598 592
f 587 741 588
f 589 740 742
f 589 742 743
f 589 743 590
f 590 743 744
f 591 744 596
f 596 744 745
f 596 745 597
f 597 745 600
f 599 615 746
f 599 746 747
f 599 747 748
f 599 748 617
f 599 617 616
f 600 745 922
f 600 922 749
f 600 749 750
f 600 750 601
f 601 750 751
f 601 751 602
f 602 752 604
f 602 604 603
f 602 751 752
f 604 752 753
f 604 753 754
f 604 754 755
f 604 755 756
f 604 756 757
f 604 757 605
f 605 757 758
f 605 758 606
f 606 758 607
f 607 759 760
f 607 760 608
f 607 758 761
f 607 761 762
f 607 762 759
f 608 760 609
f 609 760 763
f 609 763 764
f 609 764 765
f 609 765 766
f 609 766 610
f 610 766 767
f 610 767 611
f 611 767 768
f 611 768 612
f 612 768 769
f 612 769 770
f 612 770 771
f 612 771 613
f 613 771 772
f 613 772 614
f 614 772 773
f 614 773 615
f 615 773 746
f 617 748 618
f 618 748 619
f 619 748 774
f 619 774 779
f 619 779 775
f 619 775 620
f 620 776 777
f 620 777 778
f 620 775 779
f 620 779 776
f 621 778 780
f 621 780 622
f 622 780 623
f 623 781 782
f 623 782 626
f 623 626 624
f 623 780 960
f 623 960 781
f 626 783 784
f 626 784 627
f 626 782 783
f 627 784 629
f 629 785 630
f 629 784 786
f 629 786 787
f 629 787 785
f 630 785 788
f 630 788 789
f 630 789 790
f 630 790 791
f 630 791 634
f 631 791 632
f 631 634 791
f 632 791 790
f 632 790 968
f 632 968 792
f 632 792 633
f 633 792 793
f 633 793 794
f 633 794 635
f 635 794 636
f 636 794 795
f 636 795 796
f 636 796 797
f 636 797 637
f 637 797 638
f 638 797 642
f 638 642 644
f 640 798 799
f 640 799 800
f 640 800 801
f 640 801 641
f 640 643 798
f 642 797 643
f 643 797 802
f 643 802 803
f 643 803 804
f 643 804 798
f 645 805 806
f 645 806 807
f 645 807 808
f 645 808 809
f 645 809 647
f 645 647 646
f 647 810 653
f 647 809 810
f 648 652 811
f 648 811 812
f 648 812 813
f 649 814 650
f 650 814 815
f 650 815 816
f 650 816 817
f 650 817 651
f 651 811 652
f 651 817 818
f 651 818 819
f 651 819 820
f 651 820 821
f 651 821 822
f 651 822 811
f 653 823 824
f 653 824 825
f 653 825 826
f 653 826 827
f 653 827 828
f 653 828 654
f 653 810 823
f 654 828 829
f 654 829 658
f 654 658 656
f 654 656 655
f 656 658 657
f 658 829 830
f 658 830 660
f 658 660 659
f 660 830 831
f 660 831 832
f 660 832 661
f 661 832 663
f 663 832 831
f 663 831 665
f 663 665 664
f 665 831 666
f 666 831 671
f 667 833 834
f 667 834 668
f 667 670 833
f 668 834 835
f 668 835 836
f 668 836 837
f 668 837 838
f 668 838 681
f 668 681 680
f 669 677 839
f 669 839 670
f 670 839 840
f 670 840 835
f 670 835 833
f 671 831 830
f 671 830 841
f 671 841 842
f 671 842 672
f 672 842 843
f 672 843 844
f 672 844 845
f 672 845 673
f 673 845 846
f 673 846 847
f 673 847 848
f 673 848 849
f 673 849 674
f 674 849 848
f 674 848 675
f 675 848 850
f 675 850 839
f 675 839 851
f 675 851 676
f 676 851 839
f 676 839 677
f 678 702 852
f 678 852 679
f 679 852 703
f 681 693 853
f 681 853 682
f 681 838 694
f 681 694 693
f 682 853 693
f 682 693 854
f 682 854 683
f 683 693 692
f 683 692 684
f 683 854 693
f 684 692 686
f 684 686 685
f 687 855 856
f 687 699 855
f 688 856 689
f 689 701 691
f 689 691 690
f 689 856 857
f 689 857 858
f 689 858 859
f 689 859 701
f 691 701 700
f 694 838 860
f 694 860 695
f 695 860 861
f 695 861 862
f 695 862 696
f 696 862 863
f 696 863 864
f 696 864 865
f 696 865 866
f 696 866 867
f 696 867 868
f 696 868 869
f 696 869 697
f 697 869 698
f 698 870 871
f 698 871 872
f 698 872 699
f 698 869 873
f 698 873 874
f 698 874 870
f 699 871 875
f 699 875 876
f 699 876 877
f 699 877 878
f 699 878 857
f 699 857 856
f 699 856 855
f 699 872 871
f 701 879 702
f 701 859 879
f 702 879 880
f 702 880 881
f 702 881 852
f 703 852 881
f 703 881 882
f 703 882 704
f 704 882 705
f 705 882 883
f 705 883 884
f 705 884 885
f 705 885 886
f 705 886 706
f 706 886 707
f 707 886 709
f 707 709 708
f 709 887 714
f 709 886 885
f 709 885 884
f 709 884 887
f 711 712 888
f 711 888 889
f 711 889 713
f 712 714 890
f 712 890 891
f 712 891 892
f 712 892 888
f 713 889 893
f 713 893 894
f 713 894 718
f 714 887 890
f 715 722 895
f 715 895 896
f 716 896 897
f 716 897 717
f 717 897 723
f 718 894 719
f 719 898 899
f 719 899 720
f 719 894 900
f 719 900 1085
f 719 1085 898
f 720 899 902
f 720 902 721
f 721 901 895
f 721 895 722
f 721 902 903
f 721 903 906
f 721 906 901
f 723 897 904
f 723 904 725
f 725 904 901
f 725 901 905
f 725 905 906
f 725 906 903
f 725 903 907
f 725 907 727
f 727 733 728
f 727 907 733
f 731 908 909
f 731 909 910
f 731 910 732
f 731 736 735
f 731 735 911
f 731 911 912
f 731 912 913
f 731 913 914
f 731 914 915
f 731 915 916
f 731 916 908
f 732 910 917
f 732 917 737
f 733 907 918
f 733 918 734
f 734 918 735
f 735 918 911
f 737 917 1124
f 737 1124 919
f 737 919 920
f 737 920 738
f 738 920 739
f 739 920 921
f 739 921 922
f 739 922 740
f 740 922 742
f 742 922 745
f 742 745 743
f 743 745 744
f 746 773 772
f 746 772 923
f 746 923 924
f 746 924 925
f 746 925 747
f 747 925 769
f 747 769 926
f 747 926 748
f 748 926 927
f 748 927 774
f 749 928 751
f 749 751 750
f 749 922 1127
f 749 1127 929
f 749 929 928
f 751 928 930
f 751 930 752
f 752 931 932
f 752 932 933
f 752 933 753
f 752 930 934
f 752 934 931
f 753 933 754
f 754 935 939
f 754 939 762
f 754 762 761
f 754 761 755
f 754 933 936
f 754 936 1140
f 754 1140 935
f 755 761 756
f 756 761 758
f 756 758 757
f 759 937 938
f 759 938 760
f 759 762 937
f 760 938 763
f 762 939 937
f 763 938 940
f 763 940 764
f 764 941 942
f 764 942 943
f 764 943 944
f 764 944 765
f 764 940 945
f 764 945 946
f 764 946 947
f 764 947 941
f 765 944 948
f 765 948 949
f 765 949 950
f 765 950 767
f 765 767 766
f 767 950 768
f 768 950 769
f 769 950 951
f 769 951 952
f 769 952 953
f 769 953 954
f 769 954 927
f 769 927 955
f 769 955 926
f 769 925 924
f 769 924 923
f 769 923 770
f 770 923 771
f 771 923 772
f 774 927 779
f 776 954 777
f 776 779 954
f 777 954 952
f 777 952 956
f 777 956 957
f 777 957 958
f 777 958 959
f 777 959 960
f 777 960 780
f 777 780 778
f 779 927 954
f 781 958 782
f 781 960 959
f 781 959 958
f 782 958 961
f 782 961 962
f 782 962 787
f 782 787 786
f 782 786 783
f 783 786 784
f 785 787 788
f 787 962 963
f 787 963 964
f 787 964 788
f 788 964 965
f 788 965 966
f 788 966 967
f 788 967 789
f 789 967 790
f 790 967 968
f 792 968 969
f 792 969 970
f 792 970 793
f 793 970 971
f 793 971 972
f 793 972 794
f 794 973 974
f 794 974 795
f 794 972 973
f 795 975 976
f 795 976 796
f 795 974 977
f 795 977 975
f 796 976 797
f 797 976 803
f 797 803 802
f 798 804 799
f 799 804 978
f 799 978 979
f 799 979 980
f 799 980 800
f 800 981 982
f 800 982 983
f 800 983 984
f 800 984 985
f 800 985 801
f 800 980 986
f 800 986 981
f 803 978 804
f 803 976 975
f 803 975 978
f 805 987 988
f 805 988 989
f 805 989 806
f 806 989 807
f 807 989 990
f 807 990 991
f 807 991 808
f 808 991 809
f 809 991 810
f 810 991 823
f 811 822 812
f 812 822 992
f 812 992 813
f 817 993 818
f 818 993 994
f 818 994 819
f 819 994 995
f 819 995 996
f 819 996 820
f 820 997 998
f 820 998 999
f 820 999 1000
f 820 1000 1001
f 820 1001 1002
f 820 1002 1003
f 820 1003 821
f 820 996 995
f 820 995 1004
f 820 1004 997
f 821 1003 822
f 822 1003 1005
f 822 1005 1006
f 822 1006 1007
f 822 1007 992
f 823 990 825
f 823 825 824
f 823 991 990
f 825 1008 1009
f 825 1009 1010
f 825 1010 826
f 825 990 1011
f 825 1011 1008
f 826 1010 1012
f 826 1012 1013
f 826 1013 1014
f 826 1014 827
f 827 1014 1015
f 827 1015 828
f 828 1015 829
f 829 1015 830
f 830 1015 1014
f 830 1014 1016
f 830 1016 1013
f 830 1013 841
f 833 835 834
f 835 1017 1018
f 835 1018 837
f 835 837 836
f 835 840 1017
f 837 1019 1020
f 837 1020 838
f 837 1018 1019
f 838 1020 1021
f 838 1021 860
f 839 1022 840
f 839 850 1022
f 840 1022 1023
f 840 1023 1024
f 840 1024 1025
f 840 1025 1017
f 841 1026 842
f 841 1013 1012
f 841 1012 1027
f 841 1027 1028
f 841 1028 1029
f 841 1029 1026
f 842 1026 1029
f 842 1029 843
f 843 1030 1031
f 843 1031 1032
f 843 1032 844
f 843 1029 1033
f 843 1033 1034
f 843 1034 1030
f 844 1035 845
f 844 1032 1035
f 845 1035 846
f 846 1035 1032
f 846 1032 847
f 847 1032 1036
f 847 1036 1037
f 847 1037 1038
f 847 1038 848
f 848 1038 1039
f 848 1039 1040
f 848 1040 850
f 850 1040 1022
f 857 878 1041
f 857 1041 1042
f 857 1042 858
f 858 1042 859
f 859 1042 1043
f 859 1043 1044
f 859 1044 880
f 859 880 879
f 860 1021 861
f 861 1021 1045
f 861 1045 862
f 862 1045 1046
f 862 1046 1047
f 862 1047 1048
f 862 1048 863
f 863 1048 1049
f 863 1049 864
f 864 1049 1050
f 864 1050 865
f 865 1050 1051
f 865 1051 1052
f 865 1052 867
f 865 867 866
f 867 1053 868
f 867 1052 1054
f 867 1054 1055
f 867 1055 1056
f 867 1056 1053
f 868 1053 1057
f 868 1057 873
f 868 873 869
f 870 874 871
f 871 874 1058
f 871 1058 875
f 873 1057 1059
f 873 1059 1058
f 873 1058 874
f 875 1058 1060
f 875 1060 1061
f 875 1061 1062
f 875 1062 876
f 876 1062 1063
f 876 1063 1064
f 876 1064 1065
f 876 1065 877
f 877 1065 1066
f 877 1066 878
f 878 881 1043
f 878 1043 1042
f 878 1042 1041
f 878 1066 1067
f 878 1067 1068
f 878 1068 1069
f 878 1069 881
f 880 1044 881
f 881 1044 1043
f 881 1069 883
f 881 883 882
f 883 1069 887
f 883 887 884
f 887 1070 1071
f 887 1071 1072
f 887 1072 892
f 887 892 891
f 887 891 890
f 887 1069 1068
f 887 1068 1067
f 887 1067 1065
f 887 1065 1070
f 888 1073 889
f 888 892 1072
f 888 1072 1073
f 889 1073 1074
f 889 1074 1075
f 889 1075 1076
f 889 1076 1077
f 889 1077 1078
f 889 1078 1079
f 889 1079 1080
f 889 1080 1081
f 889 1081 1082
f 889 1082 893
f 893 1082 894
f 894 1082 900
f 895 901 1083
f 895 1083 896
f 896 1083 904
f 896 904 897
f 898 1084 899
f 898 1085 1079
f 898 1079 1086
f 898 1086 1267
f 898 1267 1084
f 899 1084 1268
f 899 1268 1087
f 899 1087 902
f 900 1082 1081
f 900 1081 1080
f 900 1080 1079
f 900 1079 1085
f 901 906 905
f 901 904 1083
f 902 1087 1088
f 902 1088 1089
f 902 1089 1090
f 902 1090 1091
f 902 1091 1092
f 902 1092 1093
f 902 1093 903
f 903 1093 907
f 907 1093 918
f 908 1094 1095
f 908 1095 1096
f 908 1096 909
f 908 916 1097
f 908 1097 1098
f 908 1098 1099
f 908 1099 1100
f 908 1100 1101
f 908 1101 1102
f 908 1102 1103
f 908 1103 1104
f 908 1104 1094
f 909 1096 1105
f 909 1105 1106
f 909 1106 1107
f 909 1107 1108
f 909 1108 1109
f 909 1109 1110
f 909 1110 910
f 910 1110 1111
f 910 1111 1112
f 910 1112 917
f 911 918 912
f 912 918 1093
f 912 1093 1113
f 912 1113 1114
f 912 1114 913
f 913 1115 914
f 913 1114 1116
f 913 1116 1117
f 913 1117 1118
f 913 1118 1115
f 914 1115 1119
f 914 1119 1120
f 914 1120 915
f 915 1097 916
f 915 1120 1119
f 915 1119 1121
f 915 1121 1122
f 915 1122 1123
f 915 1123 1097
f 917 1112 1124
f 919 1124 1125
f 919 1125 920
f 920 1125 1126
f 920 1126 1127
f 920 1127 1128
f 920 1128 921
f 921 1128 922
f 922 1128 1127
f 926 955 927
f 928 929 1126
f 928 1126 1129
f 928 1129 1130
f 928 1130 1131
f 928 1131 1132
f 928 1132 1133
f 928 1133 1134
f 928 1134 1135
f 928 1135 1136
f 928 1136 930
f 929 1127 1126
f 930 1136 934
f 931 1137 932
f 931 934 1137
f 932 1137 1138
f 932 1138 933
f 933 1138 1141
f 933 1141 936
f 934 1136 1137
f 935 1139 939
f 935 1140 1139
f 936 1141 1140
f 937 1142 940
f 937 940 938
f 937 939 1142
f 939 1139 1143
f 939 1143 1142
f 940 1142 1144
f 940 1144 945
f 941 947 1145
f 941 1145 1146
f 941 1146 1147
f 941 1147 942
f 942 1147 943
f 943 1147 1148
f 943 1148 1149
f 943 1149 944
f 944 1149 948
f 945 1144 1150
f 945 1150 1151
f 945 1151 1152
f 945 1152 946
f 946 1152 1153
f 946 1153 1154
f 946 1154 947
f 947 1154 1155
f 947 1155 1156
f 947 1156 1145
f 948 1157 951
f 948 951 949
f 948 1149 1158
f 948 1158 1159
f 948 1159 1157
f 949 951 950
f 951 1157 1159
f 951 1159 1160
f 951 1160 952
f 952 1160 956
f 952 954 953
f 956 1161 965
f 956 965 961
f 956 961 958
f 956 958 957
f 956 1160 1159
f 956 1159 1161
f 961 965 962
f 962 965 963
f 963 965 964
f 965 1161 1162
f 965 1162 1163
f 965 1163 966
f 966 1163 967
f 967 1163 1164
f 967 1164 1165
f 967 1165 968
f 968 1165 1166
f 968 1166 1167
f 968 1167 969
f 969 1167 970
f 970 1168 1169
f 970 1169 971
f 970 1167 1168
f 971 1170 972
f 971 1169 1170
f 972 1170 1171
f 972 1171 973
f 973 1171 1172
f 973 1172 1173
f 973 1173 975
f 973 975 974
f 974 975 977
f 975 1173 1174
f 975 1174 1175
f 975 1175 978
f 978 1175 979
f 979 1175 980
f 980 1175 1176
f 980 1176 1177
f 980 1177 986
f 981 983 982
f 981 986 1178
f 981 1178 1179
f 981 1179 983
f 983 1180 984
f 983 1179 1180
f 986 1177 1178
f 987 1181 1182
f 987 1182 988
f 988 1182 1183
f 988 1183 989
f 989 1183 1184
f 989 1184 1185
f 989 1185 990
f 990 1185 1011
f 993 1186 1187
f 993 1187 1188
f 993 1188 1189
f 993 1189 1190
f 993 1190 994
f 994 1190 1189
f 994 1189 1191
f 994 1191 1192
f 994 1192 1004
f 994 1004 995
f 997 1193 998
f 997 1004 1193
f 998 1193 1194
f 998 1194 1195
f 998 1195 1196
f 998 1196 999
f 999 1196 1000
f 1000 1196 1197
f 1000 1197 1001
f 1001 1197 1198
f 1001 1198 1199
f 1001 1199 1200
f 1001 1200 1201
f 1001 1201 1202
f 1001 1202 1002
f 1002 1005 1003
f 1002 1202 1203
f 1002 1203 1005
f 1004 1192 1204
f 1004 1204 1205
f 1004 1205 1206
f 1004 1206 1193
f 1005 1207 1208
f 1005 1208 1209
f 1005 1209 1007
f 1005 1007 1006
f 1005 1203 1207
f 1008 1011 1185
f 1008 1185 1184
f 1008 1184 1009
f 1009 1210 1010
f 1009 1184 1211
f 1009 1211 1210
f 1010 1210 1027
f 1010 1027 1012
f 1013 1016 1014
f 1017 1025 1212
f 1017 1212 1019
f 1017 1019 1018
f 1019 1021 1020
f 1019 1212 1213
f 1019 1213 1021
f 1021 1214 1045
f 1021 1213 1215
f 1021 1215 1214
f 1022 1040 1023
f 1023 1040 1039
f 1023 1039 1216
f 1023 1216 1024
f 1024 1216 1217
f 1024 1217 1213
f 1024 1213 1025
f 1025 1213 1212
f 1027 1210 1029
f 1027 1029 1028
f 1029 1210 1211
f 1029 1211 1218
f 1029 1218 1219
f 1029 1219 1220
f 1029 1220 1034
f 1029 1034 1033
f 1030 1221 1031
f 1030 1034 1221
f 1031 1221 1222
f 1031 1222 1032
f 1032 1222 1223
f 1032 1223 1224
f 1032 1224 1225
f 1032 1225 1226
f 1032 1226 1227
f 1032 1227 1228
f 1032 1228 1036
f 1034 1220 1219
f 1034 1219 1229
f 1034 1229 1221
f 1036 1228 1230
f 1036 1230 1037
f 1037 1230 1231
f 1037 1231 1232
f 1037 1232 1039
f 1037 1039 1038
f 1039 1232 1233
f 1039 1233 1234
f 1039 1234 1216
f 1045 1214 1235
f 1045 1235 1046
f 1046 1235 1047
f 1047 1236 1237
f 1047 1237 1238
f 1047 1238 1049
f 1047 1049 1048
f 1047 1235 1239
f 1047 1239 1236
f 1049 1238 1050
f 1050 1240 1052
f 1050 1052 1051
f 1050 1238 1240
f 1052 1240 1241
f 1052 1241 1242
f 1052 1242 1243
f 1052 1243 1244
f 1052 1244 1054
f 1053 1056 1057
f 1054 1244 1243
f 1054 1243 1245
f 1054 1245 1246
f 1054 1246 1247
f 1054 1247 1248
f 1054 1248 1249
f 1054 1249 1055
f 1055 1249 1250
f 1055 1250 1056
f 1056 1250 1057
f 1057 1250 1248
f 1057 1248 1251
f 1057 1251 1252
f 1057 1252 1253
f 1057 1253 1059
f 1058 1059 1060
f 1059 1253 1254
f 1059 1254 1255
f 1059 1255 1060
f 1060 1255 1062
f 1060 1062 1061
f 1062 1255 1256
f 1062 1256 1257
f 1062 1257 1063
f 1063 1257 1258
f 1063 1258 1064
f 1064 1258 1070
f 1064 1070 1065
f 1065 1067 1066
f 1070 1259 1260
f 1070 1260 1261
f 1070 1261 1262
f 1070 1262 1263
f 1070 1263 1264
f 1070 1264 1071
f 1070 1258 1259
f 1071 1263 1265
f 1071 1265 1072
f 1071 1264 1263
f 1072 1265 1076
f 1072 1076 1075
f 1072 1075 1074
f 1072 1074 1073
f 1076 1265 1266
f 1076 1266 1077
f 1077 1266 1267
f 1077 1267 1078
f 1078 1267 1086
f 1078 1086 1079
f 1084 1267 1269
f 1084 1269 1268
f 1087 1268 1270
f 1087 1270 1271
f 1087 1271 1272
f 1087 1272 1088
f 1088 1272 1089
f 1089 1272 1117
f 1089 1117 1116
f 1089 1116 1090
f 1090 1116 1091
f 1091 1113 1093
f 1091 1093 1092
f 1091 1116 1114
f 1091 1114 1113
f 1094 1273 1095
f 1094 1104 1273
f 1095 1274 1275
f 1095 1275 1096
f 1095 1273 1104
f 1095 1104 1276
f 1095 1276 1277
f 1095 1277 1274
f 1096 1275 1278
f 1096 1278 1279
f 1096 1279 1106
f 1096 1106 1105
f 1097 1123 1098
f 1098 1123 1099
f 1099 1123 1280
f 1099 1280 1281
f 1099 1281 1101
f 1099 1101 1100
f 1101 1281 1282
f 1101 1282 1102
f 1102 1282 1283
f 1102 1283 1284
f 1102 1284 1285
f 1102 1285 1103
f 1103 1285 1286
f 1103 1286 1287
f 1103 1287 1288
f 1103 1288 1289
f 1103 1289 1104
f 1104 1289 1290
f 1104 1290 1276
f 1106 1279 1278
f 1106 1278 1291
f 1106 1291 1292
f 1106 1292 1293
f 1106 1293 1108
f 1106 1108 1107
f 1108 1293 1453
f 1108 1453 1294
f 1108 1294 1109
f 1109 1294 1295
f 1109 1295 1132
f 1109 1132 1131
f 1109 1131 1296
f 1109 1296 1110
f 1110 1296 1111
f 1111 1296 1297
f 1111 1297 1298
f 1111 1298 1112
f 1112 1298 1124
f 1115 1118 1119
f 1117 1272 1299
f 1117 1299 1300
f 1117 1300 1119
f 1117 1119 1118
f 1119 1300 1299
f 1119 1299 1280
f 1119 1280 1121
f 1121 1280 1122
f 1122 1280 1123
f 1124 1298 1302
f 1124 1302 1301
f 1124 1301 1126
f 1124 1126 1125
f 1126 1301 1129
f 1129 1301 1302
f 1129 1302 1131
f 1129 1131 1130
f 1131 1302 1298
f 1131 1298 1297
f 1131 1297 1296
f 1132 1295 1303
f 1132 1303 1133
f 1133 1303 1458
f 1133 1458 1304
f 1133 1304 1305
f 1133 1305 1134
f 1134 1305 1135
f 1135 1305 1304
f 1135 1304 1136
f 1136 1306 1137
f 1136 1304 1458
f 1136 1458 1306
f 1137 1306 1459
f 1137 1459 1307
f 1137 1307 1141
f 1137 1141 1138
f 1139 1308 1143
f 1139 1140 1309
f 1139 1309 1461
f 1139 1461 1308
f 1140 1141 1309
f 1141 1307 1309
f 1142 1143 1310
f 1142 1310 1144
f 1143 1308 1310
f 1144 1311 1150
f 1144 1310 1312
f 1144 1312 1311
f 1145 1313 1314
f 1145 1314 1146
f 1145 1156 1313
f 1146 1314 1315
f 1146 1315 1147
f 1147 1315 1316
f 1147 1316 1148
f 1148 1316 1162
f 1148 1162 1149
f 1149 1162 1158
f 1150 1311 1151
f 1151 1312 1317
f 1151 1317 1318
f 1151 1318 1319
f 1151 1319 1320
f 1151 1320 1321
f 1151 1321 1322
f 1151 1322 1323
f 1151 1323 1152
f 1151 1311 1312
f 1152 1323 1324
f 1152 1324 1325
f 1152 1325 1153
f 1153 1325 1154
f 1154 1325 1326
f 1154 1326 1155
f 1155 1327 1156
f 1155 1326 1328
f 1155 1328 1327
f 1156 1329 1462
f 1156 1462 1313
f 1156 1327 1329
f 1158 1162 1159
f 1159 1162 1161
f 1162 1316 1330
f 1162 1330 1163
f 1163 1330 1165
f 1163 1165 1164
f 1165 1330 1331
f 1165 1331 1166
f 1166 1331 1332
f 1166 1332 1333
f 1166 1333 1167
f 1167 1333 1168
f 1168 1334 1169
f 1168 1333 1335
f 1168 1335 1334
f 1169 1334 1336
f 1169 1336 1170
f 1170 1336 1337
f 1170 1337 1171
f 1171 1337 1338
f 1171 1338 1339
f 1171 1339 1172
f 1172 1338 1173
f 1172 1339 1338
f 1173 1338 1174
f 1174 1338 1340
f 1174 1340 1175
f 1175 1340 1177
f 1175 1177 1176
f 1177 1340 1341
f 1177 1341 1342
f 1177 1342 1343
f 1177 1343 1178
f 1178 1343 1179
f 1179 1343 1344
f 1179 1344 1345
f 1179 1345 1346
f 1179 1346 1347
f 1179 1347 1348
f 1179 1348 1180
f 1180 1349 1350
f 1180 1348 1347
f 1180 1347 1349
f 1181 1351 1352
f 1181 1352 1182
f 1182 1353 1354
f 1182 1354 1521
f 1182 1521 1355
f 1182 1355 1183
f 1182 1352 1353
f 1183 1355 1184
f 1184 1355 1356
f 1184 1356 1218
f 1184 1218 1211
f 1186 1357 1358
f 1186 1358 1359
f 1186 1359 1187
f 1187 1359 1360
f 1187 1360 1361
f 1187 1361 1362
f 1187 1362 1363
f 1187 1363 1364
f 1187 1364 1365
f 1187 1365 1188
f 1188 1365 1191
f 1188 1191 1189
f 1191 1365 1204
f 1191 1204 1192
f 1193 1206 1205
f 1193 1205 1366
f 1193 1366 1367
f 1193 1367 1194
f 1194 1367 1195
f 1195 1367 1368
f 1195 1368 1196
f 1196 1368 1369
f 1196 1369 1370
f 1196 1370 1371
f 1196 1371 1197
f 1197 1371 1198
f 1198 1371 1199
f 1199 1371 1372
f 1199 1372 1200
f 1200 1372 1373
f 1200 1373 1201
f 1201 1373 1202
f 1202 1373 1374
f 1202 1374 1375
f 1202 1375 1203
f 1203 1375 1207
f 1204 1365 1205
f 1205 1365 1376
f 1205 1376 1366
f 1207 1375 1377
f 1213 1217 1215
f 1214 1378 1235
f 1214 1215 1379
f 1214 1379 1380
f 1214 1380 1378
f 1215 1217 1379
f 1216 1381 1382
f 1216 1382 1379
f 1216 1379 1217
f 1216 1234 1233
f 1216 1233 1381
f 1218 1356 1383
f 1218 1383 1384
f 1218 1384 1219
f 1219 1384 1385
f 1219 1385 1229
f 1221 1229 1386
f 1221 1386 1222
f 1222 1386 1387
f 1222 1387 1223
f 1223 1387 1388
f 1223 1388 1225
f 1223 1225 1224
f 1225 1388 1389
f 1225 1389 1390
f 1225 1390 1226
f 1226 1390 1391
f 1226 1391 1227
f 1227 1391 1392
f 1227 1392 1393
f 1227 1393 1231
f 1227 1231 1230
f 1227 1230 1228
f 1229 1385 1394
f 1229 1394 1386
f 1231 1393 1233
f 1231 1233 1232
f 1233 1393 1395
f 1233 1395 1381
f 1235 1378 1396
f 1235 1396 1397
f 1235 1397 1239
f 1236 1398 1237
f 1236 1239 1399
f 1236 1399 1398
f 1237 1400 1238
f 1237 1398 1400
f 1238 1400 1240
f 1239 1397 1401
f 1239 1401 1402
f 1239 1402 1403
f 1239 1403 1404
f 1239 1404 1405
f 1239 1405 1406
f 1239 1406 1399
f 1240 1407 1241
f 1240 1400 1408
f 1240 1408 1407
f 1241 1409 1410
f 1241 1410 1243
f 1241 1243 1242
f 1241 1407 1411
f 1241 1411 1409
f 1243 1412 1245
f 1243 1410 1409
f 1243 1409 1413
f 1243 1413 1411
f 1243 1411 1412
f 1245 1412 1414
f 1245 1414 1415
f 1245 1415 1246
f 1246 1415 1248
f 1246 1248 1247
f 1248 1415 1416
f 1248 1416 1417
f 1248 1417 1418
f 1248 1418 1251
f 1248 1250 1249
f 1251 1418 1419
f 1251 1419 1253
f 1251 1253 1252
f 1253 1419 1420
f 1253 1420 1421
f 1253 1421 1254
f 1254 1421 1257
f 1254 1257 1256
f 1254 1256 1255
f 1257 1421 1422
f 1257 1422 1259
f 1257 1259 1258
f 1259 1422 1260
f 1260 1423 1424
f 1260 1424 1261
f 1260 1422 1423
f 1261 1424 1425
f 1261 1425 1262
f 1262 1425 1426
f 1262 1426 1427
f 1262 1427 1428
f 1262 1428 1429
f 1262 1429 1265
f 1262 1265 1263
f 1265 1429 1430
f 1265 1430 1266
f 1266 1430 1431
f 1266 1431 1432
f 1266 1432 1269
f 1266 1269 1267
f 1268 1269 1432
f 1268 1432 1270
f 1270 1433 1271
f 1270 1432 1431
f 1270 1431 1433
f 1271 1433 1434
f 1271 1434 1435
f 1271 1435 1272
f 1272 1435 1299
f 1274 1436 1275
f 1274 1277 1437
f 1274 1437 1436
f 1275 1436 1438
f 1275 1438 1278
f 1276 1439 1277
f 1276 1290 1289
f 1276 1289 1288
f 1276 1288 1439
f 1277 1439 1440
f 1277 1440 1437
f 1278 1438 1441
f 1278 1441 1442
f 1278 1442 1291
f 1280 1299 1443
f 1280 1443 1444
f 1280 1444 1445
f 1280 1445 1281
f 1281 1445 1282
f 1282 1445 1283
f 1283 1445 1444
f 1283 1444 1446
f 1283 1446 1284
f 1284 1446 1435
f 1284 1435 1434
f 1284 1434 1433
f 1284 1433 1447
f 1284 1447 1448
f 1284 1448 1449
f 1284 1449 1285
f 1285 1449 1286
f 1286 1449 1450
f 1286 1450 1287
f 1287 1450 1451
f 1287 1451 1452
f 1287 1452 1288
f 1288 1452 1439
f 1291 1442 1292
f 1292 1442 1453
f 1292 1453 1293
f 1294 1453 1454
f 1294 1454 1455
f 1294 1455 1295
f 1295 1455 1303
f 1299 1435 1444
f 1299 1444 1443
f 1303 1455 1456
f 1303 1456 1459
f 1303 1459 1457
f 1303 1457 1306
f 1303 1306 1458
f 1306 1457 1459
f 1307 1459 1456
f 1307 1456 1460
f 1307 1460 1309
f 1308 1461 1312
f 1308 1312 1310
f 1309 1460 1469
f 1309 1469 1461
f 1312 1461 1469
f 1312 1469 1317
f 1313 1462 1314
f 1314 1462 1463
f 1314 1463 1464
f 1314 1464 1465
f 1314 1465 1466
f 1314 1466 1315
f 1315 1466 1467
f 1315 1467 1316
f 1316 1468 1331
f 1316 1331 1330
f 1316 1467 1468
f 1317 1469 1456
f 1317 1456 1470
f 1317 1470 1318
f 1318 1470 1319
f 1319 1470 1320
f 1320 1470 1471
f 1320 1471 1472
f 1320 1472 1473
f 1320 1473 1321
f 1321 1473 1322
f 1322 1474 1475
f 1322 1475 1324
f 1322 1324 1323
f 1322 1473 1474
f 1324 1475 1325
f 1325 1475 1474
f 1325 1474 1476
f 1325 1476 1326
f 1326 1476 1477
f 1326 1477 1478
f 1326 1478 1328
f 1327 1479 1329
f 1327 1328 1479
f 1328 1478 1480
f 1328 1480 1481
f 1328 1481 1482
f 1328 1482 1479
f 1329 1483 1484
f 1329 1484 1485
f 1329 1485 1462
f 1329 1479 1483
f 1331 1468 1332
f 1332 1486 1487
f 1332 1487 1488
f 1332 1488 1335
f 1332 1335 1333
f 1332 1468 1486
f 1334 1335 1489
f 1334 1489 1336
f 1335 1488 1490
f 1335 1490 1491
f 1335 1491 1492
f 1335 1492 1489
f 1336 1489 1337
f 1337 1489 1492
f 1337 1492 1493
f 1337 1493 1340
f 1337 1340 1338
f 1340 1493 1492
f 1340 1492 1341
f 1341 1494 1342
f 1341 1492 1491
f 1341 1491 1495
f 1341 1495 1496
f 1341 1496 1497
f 1341 1497 1498
f 1341 1498 1494
f 1342 1345 1343
f 1342 1494 1345
f 1343 1345 1344
f 1345 1494 1499
f 1345 1499 1500
f 1345 1500 1346
f 1346 1501 1347
f 1346 1500 1502
f 1346 1502 1501
f 1347 1501 1503
f 1347 1503 1349
f 1349 1504 1505
f 1349 1505 1506
f 1349 1506 1507
f 1349 1507 1508
f 1349 1508 1509
f 1349 1509 1510
f 1349 1510 1511
f 1349 1511 1512
f 1349 1512 1513
f 1349 1513 1350
f 1349 1503 1504
f 1351 1514 1353
f 1351 1353 1515
f 1351 1515 1352
f 1352 1515 1353
f 1353 1516 1517
f 1353 1517 1354
f 1353 1514 1518
f 1353 1518 1519
f 1353 1519 1520
f 1353 1520 1516
f 1354 1383 1521
f 1354 1517 1383
f 1355 1521 1383
f 1355 1383 1522
f 1355 1522 1356
f 1356 1522 1383
f 1357 1523 1358
f 1358 1523 1359
f 1359 1524 1360
f 1359 1523 1524
f 1360 1524 1525
f 1360 1525 1526
f 1360 1526 1361
f 1361 1526 1362
f 1362 1526 1363
f 1363 1526 1364
f 1364 1526 1527
f 1364 1527 1528
f 1364 1528 1365
f 1365 1528 1376
f 1366 1529 1530
f 1366 1530 1531
f 1366 1531 1367
f 1366 1376 1528
f 1366 1528 1532
f 1366 1532 1533
f 1366 1533 1529
f 1367 1531 1534
f 1367 1534 1535
f 1367 1535 1536
f 1367 1536 1537
f 1367 1537 1538
f 1367 1538 1539
f 1367 1539 1368
f 1368 1539 1538
f 1368 1538 1540
f 1368 1540 1369
f 1369 1541 1370
f 1369 1540 1542
f 1369 1542 1543
f 1369 1543 1541
f 1370 1541 1371
f 1371 1541 1544
f 1371 1544 1372
f 1372 1544 1545
f 1372 1545 1546
f 1372 1546 1547
f 1372 1547 1548
f 1372 1548 1549
f 1372 1549 1373
f 1373 1549 1550
f 1373 1550 1374
f 1374 1550 1551
f 1374 1377 1375
f 1378 1380 1381
f 1378 1381 1396
f 1379 1382 1380
f 1380 1382 1381
f 1381 1552 1553
f 1381 1553 1396
f 1381 1395 1554
f 1381 1554 1552
f 1383 1385 1384
f 1383 1517 1555
f 1383 1555 1556
f 1383 1556 1385
f 1385 1556 1557
f 1385 1557 1558
f 1385 1558 1394
f 1386 1394 1387
f 1387 1394 1559
f 1387 1559 1560
f 1387 1560 1561
f 1387 1561 1388
f 1388 1561 1562
f 1388 1562 1389
f 1389 1562 1563
f 1389 1563 1390
f 1390 1563 1564
f 1390 1564 1391
f 1391 1564 1392
f 1392 1564 1565
f 1392 1565 1393
f 1393 1565 1566
f 1393 1566 1554
f 1393 1554 1395
f 1394 1558 1567
f 1394 1567 1559
f 1396 1401 1397
f 1396 1553 1402
f 1396 1402 1401
f 1398 1399 1568
f 1398 1568 1408
f 1398 1408 1400
f 1399 1569 1568
f 1399 1406 1569
f 1402 1553 1570
f 1402 1570 1571
f 1402 1571 1403
f 1403 1572 1404
f 1403 1571 1573
f 1403 1573 1574
f 1403 1574 1575
f 1403 1575 1572
f 1404 1572 1576
f 1404 1576 1577
f 1404 1577 1578
f 1404 1578 1579
f 1404 1579 1580
f 1404 1580 1581
f 1404 1581 1405
f 1405 1581 1582
f 1405 1582 1406
f 1406 1582 1569
f 1407 1408 1583
f 1407 1583 1584
f 1407 1584 1411
f 1408 1568 1569
f 1408 1569 1582
f 1408 1582 1585
f 1408 1585 1586
f 1408 1586 1583
f 1409 1411 1413
f 1411 1584 1587
f 1411 1587 1588
f 1411 1588 1589
f 1411 1589 1412
f 1412 1590 1591
f 1412 1591 1414
f 1412 1589 1592
f 1412 1592 1593
f 1412 1593 1590
f 1414 1591 1594
f 1414 1594 1595
f 1414 1595 1596
f 1414 1596 1597
f 1414 1597 1415
f 1415 1597 1598
f 1415 1598 1599
f 1415 1599 1417
f 1415 1417 1416
f 1417 1600 1418
f 1417 1599 1601
f 1417 1601 1602
f 1417 1602 1603
f 1417 1603 1604
f 1417 1604 1605
f 1417 1605 1606
f 1417 1606 1600
f 1418 1600 1419
f 1419 1600 1420
f 1420 1600 1607
f 1420 1607 1421
f 1421 1607 1608
f 1421 1608 1609
f 1421 1609 1610
f 1421 1610 1424
f 1421 1424 1423
f 1421 1423 1422
f 1424 1426 1425
f 1424 1610 1426
f 1426 1610 1611
f 1426 1611 1427
f 1427 1611 1612
f 1427 1612 1613
f 1427 1613 1428
f 1428 1613 1612
f 1428 1612 1614
f 1428 1614 1615
f 1428 1615 1429
f 1429 1615 1430
f 1430 1615 1431
f 1431 1615 1614
f 1431 1614 1616
f 1431 1616 1447
f 1431 1447 1433
f 1435 1446 1444
f 1436 1617 1618
f 1436 1618 1438
f 1436 1437 1619
f 1436 1619 1617
f 1437 1440 1619
f 1438 1618 1620
f 1438 1620 1621
f 1438 1621 1441
f 1439 1622 1440
f 1439 1452 1451
f 1439 1451 1629
f 1439 1629 1622
f 1440 1622 1623
f 1440 1623 1619
f 1441 1621 1624
f 1441 1624 1442
f 1442 1624 1625
f 1442 1625 1453
f 1447 1616 1448
f 1448 1626 1627
f 1448 1627 1449
f 1448 1616 1628
f 1448 1628 1626
f 1449 1627 1450
f 1450 1629 1451
f 1450 1627 1630
f 1450 1630 1631
f 1450 1631 1622
f 1450 1622 1629
f 1453 1625 1454
f 1454 1625 1632
f 1454 1632 1471
f 1454 1471 1455
f 1455 1471 1456
f 1456 1471 1470
f 1456 1469 1460
f 1462 1485 1463
f 1463 1485 1464
f 1464 1633 1634
f 1464 1634 1465
f 1464 1485 1633
f 1465 1634 1635
f 1465 1635 1636
f 1465 1636 1466
f 1466 1636 1637
f 1466 1637 1467
f 1467 1637 1468
f 1468 1637 1638
f 1468 1638 1486
f 1471 1632 1472
f 1472 1632 1639
f 1472 1639 1473
f 1473 1640 1641
f 1473 1641 1474
f 1473 1639 1642
f 1473 1642 1643
f 1473 1643 1640
f 1474 1641 1476
f 1476 1641 1644
f 1476 1644 1478
f 1476 1478 1477
f 1478 1645 1480
f 1478 1644 1646
f 1478 1646 1645
f 1479 1482 1481
f 1479 1481 1483
f 1480 1645 1481
f 1481 1645 1647
f 1481 1647 1648
f 1481 1648 1483
f 1483 1649 1484
f 1483 1648 1649
f 1484 1649 1485
f 1485 1650 1651
f 1485 1651 1633
f 1485 1649 1652
f 1485 1652 1653
f 1485 1653 1654
f 1485 1654 1655
f 1485 1655 1650
f 1486 1656 1657
f 1486 1657 1487
f 1486 1638 1656
f 1487 1657 1658
f 1487 1658 1488
f 1488 1491 1490
f 1488 1658 1496
f 1488 1496 1491
f 1491 1496 1495
f 1494 1502 1499
f 1494 1498 1497
f 1494 1497 1659
f 1494 1659 1660
f 1494 1660 1661
f 1494 1661 1502
f 1496 1658 1662
f 1496 1662 1663
f 1496 1663 1497
f 1497 1663 1664
f 1497 1664 1665
f 1497 1665 1659
f 1499 1502 1500
f 1501 1502 1666
f 1501 1666 1503
f 1502 1667 1503
f 1502 1503 1666
f 1502 1661 1668
f 1502 1668 1669
f 1502 1669 1670
f 1502 1670 1671
f 1502 1671 1667
f 1503 1667 1504
f 1504 1667 1505
f 1505 1667 1671
f 1505 1671 1506
f 1506 1671 1672
f 1506 1672 1673
f 1506 1673 1674
f 1506 1674 1507
f 1508 1675 1509
f 1509 1675 1510
f 1514 1676 1518
f 1516 1677 1678
f 1516 1678 1517
f 1516 1520 1677
f 1517 1678 1679
f 1517 1679 1680
f 1517 1680 1555
f 1518 1676 1681
f 1518 1681 1682
f 1518 1682 1520
f 1518 1520 1519
f 1520 1682 1683
f 1520 1683 1677
f 1523 1684 1524
f 1524 1684 1685
f 1524 1685 1686
f 1524 1686 1687
f 1524 1687 1688
f 1524 1688 1689
f 1524 1689 1690
f 1524 1690 1525
f 1525 1690 1527
f 1525 1527 1526
f 1527 1690 1691
f 1527 1691 1692
f 1527 1692 1693
f 1527 1693 1694
f 1527 1694 1695
f 1527 1695 1696
f 1527 1696 1697
f 1527 1697 1528
f 1528 1697 1533
f 1528 1533 1532
f 1529 1698 1530
f 1529 1533 1698
f 1530 1699 1700
f 1530 1700 1701
f 1530 1701 1702
f 1530 1702 1703
f 1530 1703 1704
f 1530 1704 1705
f 1530 1705 1706
f 1530 1706 1707
f 1530 1707 1534
f 1530 1534 1531
f 1530 1698 1696
f 1530 1696 1708
f 1530 1708 1709
f 1530 1709 1699
f 1533 1697 1698
f 1534 1707 1710
f 1534 1710 1536
f 1534 1536 1535
f 1536 1710 1711
f 1536 1711 1712
f 1536 1712 1713
f 1536 1713 1714
f 1536 1714 1537
f 1537 1714 1538
f 1538 1714 1715
f 1538 1715 1540
f 1540 1715 1543
f 1540 1543 1542
f 1541 1543 1544
f 1543 1715 1716
f 1543 1716 1717
f 1543 1717 1546
f 1543 1546 1545
f 1543 1545 1544
f 1546 1717 1547
f 1547 1718 1719
f 1547 1719 1548
f 1547 1717 1720
f 1547 1720 1721
f 1547 1721 1718
f 1548 1719 1722
f 1548 1722 1549
f 1549 1722 1723
f 1549 1723 1724
f 1549 1724 1725
f 1549 1725 1550
f 1550 1726 1551
f 1550 1725 1726
f 1552 1554 1553
f 1553 1554 1570
f 1554 1566 1570
f 1555 1680 1556
f 1556 1727 1557
f 1556 1680 1728
f 1556 1728 1729
f 1556 1729 1730
f 1556 1730 1731
f 1556 1731 1727
f 1557 1727 1558
f 1558 1727 1732
f 1558 1732 1567
f 1559 1733 1734
f 1559 1734 1560
f 1559 1567 1733
f 1560 1734 1735
f 1560 1735 1562
f 1560 1562 1561
f 1562 1735 1563
f 1563 1735 1736
f 1563 1736 1741
f 1563 1741 1737
f 1563 1737 1565
f 1563 1565 1564
f 1565 1737 1738
f 1565 1738 1739
f 1565 1739 1566
f 1566 1739 1570
f 1567 1732 1740
f 1567 1740 1733
f 1570 1573 1571
f 1570 1739 1573
f 1572 1575 1576
f 1573 1739 1574
f 1574 1739 1738
f 1574 1738 1741
f 1574 1741 1736
f 1574 1736 1575
f 1575 1736 1734
f 1575 1734 1742
f 1575 1742 1743
f 1575 1743 1576
f 1576 1743 1744
f 1576 1744 1578
f 1576 1578 1577
f 1578 1744 1743
f 1578 1743 1745
f 1578 1745 1746
f 1578 1746 1579
f 1579 1746 1747
f 1579 1747 1748
f 1579 1748 1580
f 1580 1748 1749
f 1580 1749 1586
f 1580 1586 1581
f 1581 1586 1750
f 1581 1750 1582
f 1582 1750 1586
f 1582 1586 1585
f 1583 1586 1749
f 1583 1749 1584
f 1584 1749 1587
f 1587 1749 1751
f 1587 1751 1588
f 1588 1751 1747
f 1588 1747 1752
f 1588 1752 1753
f 1588 1753 1754
f 1588 1754 1755
f 1588 1755 1756
f 1588 1756 1757
f 1588 1757 1758
f 1588 1758 1589
f 1589 1758 1757
f 1589 1757 1756
f 1589 1756 1759
f 1589 1759 1593
f 1589 1593 1592
f 1590 1760 1595
f 1590 1595 1591
f 1590 1593 1760
f 1591 1595 1594
f 1593 1759 1761
f 1593 1761 1760
f 1595 1762 1596
f 1595 1760 1763
f 1595 1763 1762
f 1596 1764 1765
f 1596 1765 1766
f 1596 1766 1767
f 1596 1767 1597
f 1596 1762 1764
f 1597 1767 1598
f 1598 1767 1768
f 1598 1768 1769
f 1598 1769 1601
f 1598 1601 1599
f 1600 1606 1770
f 1600 1770 1771
f 1600 1771 1608
f 1600 1608 1607
f 1601 1769 1602
f 1602 1769 1603
f 1603 1769 1772
f 1603 1772 1773
f 1603 1773 1604
f 1604 1773 1605
f 1605 1773 1774
f 1605 1774 1775
f 1605 1775 1611
f 1605 1611 1606
f 1606 1611 1770
f 1608 1771 1611
f 1608 1611 1609
f 1609 1611 1610
f 1611 1771 1770
f 1611 1775 1776
f 1611 1776 1777
f 1611 1777 1778
f 1611 1778 1612
f 1612 1778 1779
f 1612 1779 1614
f 1614 1779 1616
f 1616 1779 1628
f 1617 1780 1781
f 1617 1781 1782
f 1617 1782 1786
f 1617 1786 1618
f 1617 1619 1783
f 1617 1783 1784
f 1617 1784 1785
f 1617 1785 1780
f 1618 1786 1787
f 1618 1787 1620
f 1619 1623 1788
f 1619 1788 1783
f 1620 1787 1789
f 1620 1789 1790
f 1620 1790 1791
f 1620 1791 1792
f 1620 1792 1621
f 1621 1792 1624
f 1622 1631 1623
f 1623 1793 1794
f 1623 1794 1784
f 1623 1784 1783
f 1623 1783 1788
f 1623 1631 1795
f 1623 1795 1796
f 1623 1796 1797
f 1623 1797 1793
f 1624 1798 1625
f 1624 1792 1799
f 1624 1799 1798
f 1625 1798 1800
f 1625 1800 1632
f 1626 1801 1627
f 1626 1628 1802
f 1626 1802 1801
f 1627 1801 1803
f 1627 1803 1804
f 1627 1804 1805
f 1627 1805 1630
f 1628 1779 1806
f 1628 1806 1807
f 1628 1807 1808
f 1628 1808 1995
f 1628 1995 1802
f 1630 1805 1809
f 1630 1809 1810
f 1630 1810 1631
f 1631 1810 1811
f 1631 1811 1812
f 1631 1812 1795
f 1632 1800 1813
f 1632 1813 1639
f 1633 1651 1635
f 1633 1635 1634
f 1635 1814 1636
f 1635 1651 1815
f 1635 1815 1814
f 1636 1816 1817
f 1636 1817 1637
f 1636 1814 1818
f 1636 1818 1819
f 1636 1819 1820
f 1636 1820 1816
f 1637 1817 1638
f 1638 1817 1821
f 1638 1821 1822
f 1638 1822 1823
f 1638 1823 1656
f 1639 1813 1642
f 1640 1643 1641
f 1641 1643 1824
f 1641 1824 1644
f 1642 1813 1825
f 1642 1825 1826
f 1642 1826 1643
f 1643 1826 1824
f 1644 1824 1646
f 1645 1827 1647
f 1645 1646 1828
f 1645 1828 1829
f 1645 1829 1827
f 1646 1824 1830
f 1646 1830 1828
f 1647 1827 1829
f 1647 1829 1831
f 1647 1831 1832
f 1647 1832 1833
f 1647 1833 1834
f 1647 1834 1835
f 1647 1835 1836
f 1647 1836 1648
f 1648 1836 1837
f 1648 1837 1838
f 1648 1838 1652
f 1648 1652 1649
f 1650 1839 1840
f 1650 1840 1841
f 1650 1841 1651
f 1650 1655 1839
f 1651 1841 1842
f 1651 1842 1815
f 1652 1838 1653
f 1653 1655 1654
f 1653 1838 1843
f 1653 1843 1844
f 1653 1844 1840
f 1653 1840 1839
f 1653 1839 1655
f 1656 1823 1822
f 1656 1822 1845
f 1656 1845 1846
f 1656 1846 1657
f 1657 1846 1658
f 1658 1846 1662
f 1659 1665 1847
f 1659 1847 1848
f 1659 1848 1660
f 1660 1848 1661
f 1661 1848 1849
f 1661 1849 1850
f 1661 1850 1851
f 1661 1851 1852
f 1661 1852 1853
f 1661 1853 1854
f 1661 1854 1855
f 1661 1855 1668
f 1662 1846 1856
f 1662 1856 1663
f 1663 1856 1664
f 1664 1856 1845
f 1664 1845 1857
f 1664 1857 1858
f 1664 1858 1665
f 1665 1858 1859
f 1665 1859 1860
f 1665 1860 1861
f 1665 1861 1847
f 1668 1862 1669
f 1668 1855 1863
f 1668 1863 1864
f 1668 1864 1865
f 1668 1865 1866
f 1668 1866 1867
f 1668 1867 1868
f 1668 1868 1869
f 1668 1869 1870
f 1668 1870 1871
f 1668 1871 1862
f 1669 1862 1670
f 1670 1862 1671
f 1671 1862 1672
f 1672 1870 1872
f 1672 1872 1673
f 1672 1862 1870
f 1673 1872 1873
f 1676 1874 1875
f 1676 1875 1876
f 1676 1876 1681
f 1677 1683 1678
f 1678 1683 1679
f 1679 1683 1877
f 1679 1877 1680
f 1680 1877 1878
f 1680 1878 1728
f 1681 1876 1879
f 1681 1879 1682
f 1682 1878 1877
f 1682 1877 1683
f 1682 1879 1880
f 1682 1880 1878
f 1687 1881 1689
f 1687 1689 1688
f 1689 1881 1882
f 1689 1882 1690
f 1690 1883 1884
f 1690 1884 1885
f 1690 1885 1691
f 1690 1882 1886
f 1690 1886 1887
f 1690 1887 1888
f 1690 1888 1889
f 1690 1889 1890
f 1690 1890 1883
f 1691 1885 1891
f 1691 1891 1692
f 1692 1891 1864
f 1692 1864 1693
f 1693 1892 1709
f 1693 1709 1893
f 1693 1893 1694
f 1693 1864 1863
f 1693 1863 1892
f 1694 1893 1695
f 1695 1893 1696
f 1696 1698 1697
f 1696 1893 1708
f 1699 1709 1894
f 1699 1894 1895
f 1699 1895 1896
f 1699 1896 1700
f 1700 1896 1701
f 1701 1896 1702
f 1702 1896 1703
f 1703 1896 1897
f 1703 1897 1898
f 1703 1898 1704
f 1704 1898 1899
f 1704 1899 1705
f 1705 1900 1901
f 1705 1901 1706
f 1705 1899 1900
f 1706 1901 1902
f 1706 1902 1707
f 1707 1902 1710
f 1708 1893 1709
f 1709 1851 1894
f 1709 1892 1903
f 1709 1903 1852
f 1709 1852 1851
f 1710 1902 1904
f 1710 1904 1711
f 1711 1904 1720
f 1711 1720 1712
f 1712 1715 1714
f 1712 1714 1713
f 1712 1720 1717
f 1712 1717 1715
f 1715 1717 1716
f 1718 1905 1719
f 1718 1721 1905
f 1719 1905 1906
f 1719 1906 1907
f 1719 1907 1722
f 1720 1904 1908
f 1720 1908 1721
f 1721 1908 1904
f 1721 1904 1909
f 1721 1909 1910
f 1721 1910 1911
f 1721 1911 1905
f 1722 1907 1912
f 1722 1912 1913
f 1722 1913 1914
f 1722 1914 1915
f 1722 1915 1723
f 1723 1915 1916
f 1723 1916 1917
f 1723 1917 1724
f 1724 1918 1919
f 1724 1919 1725
f 1724 1917 1920
f 1724 1920 1918
f 1727 1731 1730
f 1727 1730 1921
f 1727 1921 1922
f 1727 1922 1732
f 1728 1878 1729
f 1729 1878 1923
f 1729 1923 1730
f 1730 1923 1924
f 1730 1924 1925
f 1730 1925 1921
f 1732 1922 1926
f 1732 1926 1740
f 1733 1926 1922
f 1733 1922 1927
f 1733 1927 1928
f 1733 1928 1742
f 1733 1742 1734
f 1733 1740 1926
f 1734 1736 1735
f 1737 1741 1738
f 1742 1928 1743
f 1743 1929 1930
f 1743 1930 1931
f 1743 1931 1745
f 1743 1928 1929
f 1745 1931 1747
f 1745 1747 1746
f 1747 1749 1748
f 1747 1931 1932
f 1747 1932 1933
f 1747 1933 1934
f 1747 1934 1752
f 1747 1751 1749
f 1752 1934 1753
f 1753 1934 1933
f 1753 1933 1935
f 1753 1935 1936
f 1753 1936 1937
f 1753 1937 1938
f 1753 1938 1939
f 1753 1939 1754
f 1754 1939 1940
f 1754 1940 1755
f 1755 1940 1756
f 1756 1761 1759
f 1756 1940 1941
f 1756 1941 1761
f 1760 1942 1941
f 1760 1941 1943
f 1760 1943 1762
f 1760 1762 1763
f 1760 1761 1942
f 1761 1941 1942
f 1762 1943 1944
f 1762 1944 1764
f 1764 1945 1765
f 1764 1944 1946
f 1764 1946 1947
f 1764 1947 1945
f 1765 1945 1766
f 1766 1945 1948
f 1766 1948 1949
f 1766 1949 1772
f 1766 1772 1769
f 1766 1769 1768
f 1766 1768 1767
f 1772 1949 1950
f 1772 1950 1951
f 1772 1951 1773
f 1773 1951 1952
f 1773 1952 1953
f 1773 1953 1954
f 1773 1954 1955
f 1773 1955 1956
f 1773 1956 1957
f 1773 1957 1958
f 1773 1958 1959
f 1773 1959 1960
f 1773 1960 1774
f 1774 1960 1961
f 1774 1961 1962
f 1774 1962 1963
f 1774 1963 1775
f 1775 1963 1964
f 1775 1964 1965
f 1775 1965 1776
f 1776 1965 1966
f 1776 1966 1967
f 1776 1967 1777
f 1777 1967 1968
f 1777 1968 1778
f 1778 1968 1779
f 1779 1968 1806
f 1780 1969 1970
f 1780 1970 1971
f 1780 1971 1781
f 1780 1785 1972
f 1780 1972 1973
f 1780 1973 1969
f 1781 1974 1782
f 1781 1971 1975
f 1781 1975 1976
f 1781 1976 1977
f 1781 1977 1978
f 1781 1978 1974
f 1782 1974 1979
f 1782 1979 1786
f 1784 1794 1793
f 1784 1793 1785
f 1785 1793 1980
f 1785 1980 1972
f 1786 1981 1982
f 1786 1982 1787
f 1786 1979 1983
f 1786 1983 1981
f 1787 1982 1789
f 1789 1982 1984
f 1789 1984 1790
f 1790 1984 1985
f 1790 1985 1986
f 1790 1986 1791
f 1791 1986 1987
f 1791 1987 1988
f 1791 1988 1792
f 1792 1988 1799
f 1793 1797 1980
f 1795 1812 1989
f 1795 1989 1990
f 1795 1990 1796
f 1796 1990 1991
f 1796 1991 1797
f 1797 1991 1992
f 1797 1992 1993
f 1797 1993 1980
f 1798 1799 1813
f 1798 1813 1800
f 1799 1988 1994
f 1799 1994 1825
f 1799 1825 1813
f 1801 1802 1803
f 1802 1995 1996
f 1802 1996 1803
f 1803 1996 1997
f 1803 1997 1804
f 1804 1997 1805
f 1805 1997 1998
f 1805 1998 1812
f 1805 1812 1809
f 1806 1968 1807
f 1807 1968 1808
f 1808 1968 1995
f 1809 1812 1810
f 1810 1812 1811
f 1812 1998 1999
f 1812 1999 1989
f 1814 1815 2000
f 1814 2000 2001
f 1814 2001 2002
f 1814 2002 2003
f 1814 2003 1818
f 1815 1842 1841
f 1815 1841 2004
f 1815 2004 2000
f 1816 2005 1817
f 1816 1820 1857
f 1816 1857 2006
f 1816 2006 1845
f 1816 1845 2005
f 1817 2005 1821
f 1818 2003 2007
f 1818 2007 2008
f 1818 2008 2009
f 1818 2009 2010
f 1818 2010 1820
f 1818 1820 1819
f 1820 2010 1857
f 1821 2005 1822
f 1822 2011 1845
f 1822 2005 2011
f 1824 1826 1830
f 1825 1994 1826
f 1826 1994 2012
f 1826 2012 1830
f 1828 1830 2013
f 1828 2013 2014
f 1828 2014 1829
f 1829 2014 1831
f 1830 2012 2015
f 1830 2015 2013
f 1831 2014 1832
f 1832 2016 1833
f 1832 2014 2017
f 1832 2017 2016
f 1833 2016 2018
f 1833 2018 1834
f 1834 2019 1836
f 1834 1836 1835
f 1834 2018 2016
f 1834 2016 2020
f 1834 2020 1838
f 1834 1838 2019
f 1836 2019 1837
f 1837 2019 1838
f 1838 2020 1843
f 1840 1844 2021
f 1840 2021 2004
f 1840 2004 1841
f 1843 2020 2022
f 1843 2022 2023
f 1843 2023 1844
f 1844 2023 2024
f 1844 2024 2025
f 1844 2025 2187
f 1844 2187 2026
f 1844 2026 2021
f 1845 2006 1857
f 1845 1856 1846
f 1845 2011 2005
f 1847 1861 2027
f 1847 2027 1849
f 1847 1849 1848
f 1849 2027 1861
f 1849 1861 2028
f 1849 2028 2029
f 1849 2029 2030
f 1849 2030 1850
f 1850 2030 1851
f 1851 2030 1894
f 1852 1903 1853
f 1853 1903 1854
f 1854 1903 1855
f 1855 1903 1863
f 1857 2031 1858
f 1857 2010 2032
f 1857 2032 2033
f 1857 2033 2034
f 1857 2034 2035
f 1857 2035 2031
f 1858 2031 2036
f 1858 2036 2037
f 1858 2037 1859
f 1859 2037 1860
f 1860 2037 2038
f 1860 2038 2039
f 1860 2039 2028
f 1860 2028 1861
f 1862 1871 1870
f 1863 1903 1892
f 1864 1891 1865
f 1865 1891 1885
f 1865 1885 2040
f 1865 2040 1866
f 1866 2040 1884
f 1866 1884 2041
f 1866 2041 1867
f 1867 2041 2042
f 1867 2042 2043
f 1867 2043 2044
f 1867 2044 2045
f 1867 2045 1868
f 1868 2045 2046
f 1868 2046 2047
f 1868 2047 2048
f 1868 2048 1869
f 1869 2048 2049
f 1869 2049 1873
f 1869 1873 1870
f 1870 1873 2050
f 1870 2050 1872
f 1872 2050 1873
f 1873 2049 2051
f 1874 2052 2053
f 1874 2053 2054
f 1874 2054 2055
f 1874 2055 2056
f 1874 2056 1875
f 1875 2056 2057
f 1875 2057 1876
f 1876 2057 1879
f 1878 1880 1924
f 1878 1924 1923
f 1879 2058 1924
f 1879 1924 1880
f 1879 2057 2059
f 1879 2059 2058
f 1883 1890 2060
f 1883 2060 1884
f 1884 2040 1885
f 1884 2060 2061
f 1884 2061 2041
f 1889 2060 1890
f 1889 2062 2041
f 1889 2041 2060
f 1894 2030 2063
f 1894 2063 2064
f 1894 2064 1895
f 1895 2065 2066
f 1895 2066 1896
f 1895 2064 2065
f 1896 2066 1897
f 1897 2066 2067
f 1897 2067 1898
f 1898 2068 1900
f 1898 1900 1899
f 1898 2067 2069
f 1898 2069 2070
f 1898 2070 2068
f 1900 2068 2070
f 1900 2070 2071
f 1900 2071 2072
f 1900 2072 2073
f 1900 2073 2074
f 1900 2074 2075
f 1900 2075 1901
f 1901 2075 1904
f 1901 1904 1902
f 1904 2076 2077
f 1904 2077 1909
f 1904 2075 2076
f 1905 1911 1906
f 1906 1911 2078
f 1906 2078 2079
f 1906 2079 2080
f 1906 2080 1912
f 1906 1912 1907
f 1909 2077 2081
f 1909 2081 2082
f 1909 2082 1910
f 1910 2082 1911
f 1911 2082 2083
f 1911 2083 2078
f 1912 2080 2084
f 1912 2084 1913
f 1913 2084 2085
f 1913 2085 2086
f 1913 2086 1914
f 1914 2086 2087
f 1914 2087 1915
f 1915 2087 2088
f 1915 2088 2089
f 1915 2089 1916
f 1916 2089 1917
f 1917 2089 2090
f 1917 2090 1920
f 1921 1925 2091
f 1921 2091 2092
f 1921 2092 2093
f 1921 2093 1922
f 1922 2093 1929
f 1922 1929 1927
f 1924 2058 2094
f 1924 2094 1925
f 1925 2094 2095
f 1925 2095 2092
f 1925 2092 2091
f 1927 1929 1928
f 1929 2093 1930
f 1930 2093 2096
f 1930 2096 2097
f 1930 2097 2098
f 1930 2098 2099
f 1930 2099 2100
f 1930 2100 1931
f 1931 2100 2101
f 1931 2101 1932
f 1932 2101 1933
f 1933 2101 2099
f 1933 2099 2102
f 1933 2102 2103
f 1933 2103 1936
f 1933 1936 1935
f 1936 2103 2104
f 1936 2104 1937
f 1937 2104 2105
f 1937 2105 2106
f 1937 2106 2107
f 1937 2107 1938
f 1938 2107 2108
f 1938 2108 1939
f 1939 2108 2109
f 1939 2109 2110
f 1939 2110 1940
f 1940 2110 1941
f 1941 2110 2111
f 1941 2111 1947
f 1941 1947 2112
f 1941 2112 1944
f 1941 1944 1943
f 1944 2112 1946
f 1945 2113 2114
f 1945 2114 2115
f 1945 2115 2116
f 1945 2116 2117
f 1945 2117 2118
f 1945 2118 2119
f 1945 2119 1948
f 1945 1947 2120
f 1945 2120 2113
f 1946 2112 1947
f 1947 2111 2120
f 1948 2119 1949
f 1949 2119 2118
f 1949 2118 1950
f 1950 2118 1952
f 1950 1952 1951
f 1952 2118 2121
f 1952 2121 2122
f 1952 2122 2123
f 1952 2123 1955
f 1952 1955 1954
f 1952 1954 1953
f 1955 2124 2125
f 1955 2125 2126
f 1955 2126 1956
f 1955 2123 2122
f 1955 2122 2124
f 1956 2126 2127
f 1956 2127 2128
f 1956 2128 2129
f 1956 2129 2130
f 1956 2130 1957
f 1957 2130 1958
f 1958 2130 2129
f 1958 2129 1959
f 1959 2129 2131
f 1959 2131 1960
f 1960 2131 2132
f 1960 2132 1961
f 1961 2132 2133
f 1961 2133 2134
f 1961 2134 1962
f 1962 2134 2135
f 1962 2135 1963
f 1963 2135 1998
f 1963 1998 1964
f 1964 1998 1965
f 1965 1998 1997
f 1965 1997 1996
f 1965 1996 1966
f 1966 1996 1968
f 1966 1968 1967
f 1968 1996 1995
f 1969 1973 2136
f 1969 2136 2137
f 1969 2137 2138
f 1969 2138 2139
f 1969 2139 1970
f 1970 2140 1971
f 1970 2139 2141
f 1970 2141 2140
f 1971 2140 1975
f 1972 1980 2142
f 1972 2142 2143
f 1972 2143 2144
f 1972 2144 2145
f 1972 2145 2136
f 1972 2136 1973
f 1974 2146 1979
f 1974 1978 2147
f 1974 2147 2148
f 1974 2148 2146
f 1975 2140 2141
f 1975 2141 2149
f 1975 2149 2150
f 1975 2150 2151
f 1975 2151 1976
f 1976 2147 1977
f 1976 2151 2152
f 1976 2152 2153
f 1976 2153 2148
f 1976 2148 2147
f 1977 2147 1978
f 1979 2146 1983
f 1980 1993 2154
f 1980 2154 2142
f 1981 1983 2155
f 1981 2155 2156
f 1981 2156 1982
f 1982 2156 2157
f 1982 2157 2158
f 1982 2158 1984
f 1983 2146 2159
f 1983 2159 2160
f 1983 2160 2155
f 1984 2158 2161
f 1984 2161 1985
f 1985 2162 1986
f 1985 2161 2163
f 1985 2163 2164
f 1985 2164 2165
f 1985 2165 2162
f 1986 2162 2166
f 1986 2166 1987
f 1987 2166 1994
f 1987 1994 1988
f 1989 1999 1990
f 1990 1999 2167
f 1990 2167 1991
f 1991 2167 1999
f 1991 1999 2168
f 1991 2168 2135
f 1991 2135 2134
f 1991 2134 2133
f 1991 2133 2169
f 1991 2169 1993
f 1991 1993 1992
f 1993 2169 2170
f 1993 2170 2171
f 1993 2171 2154
f 1994 2166 2172
f 1994 2172 2015
f 1994 2015 2012
f 1998 2135 1999
f 1999 2135 2168
f 2000 2173 2174
f 2000 2174 2001
f 2000 2004 2175
f 2000 2175 2173
f 2001 2174 2002
f 2002 2174 2007
f 2002 2007 2003
f 2004 2176 2175
f 2004 2021 2176
f 2007 2174 2177
f 2007 2177 2033
f 2007 2033 2032
f 2007 2032 2008
f 2008 2032 2009
f 2009 2032 2010
f 2013 2015 2014
f 2014 2015 2178
f 2014 2178 2017
f 2015 2172 2178
f 2016 2179 2180
f 2016 2180 2020
f 2016 2017 2181
f 2016 2181 2179
f 2017 2178 2182
f 2017 2182 2183
f 2017 2183 2181
f 2020 2180 2024
f 2020 2024 2023
f 2020 2023 2022
f 2021 2026 2184
f 2021 2184 2185
f 2021 2185 2186
f 2021 2186 2176
f 2024 2180 2187
f 2024 2187 2025
f 2026 2187 2179
f 2026 2179 2184
f 2028 2188 2189
f 2028 2189 2065
f 2028 2065 2063
f 2028 2063 2029
f 2028 2039 2190
f 2028 2190 2188
f 2029 2063 2030
f 2031 2035 2191
f 2031 2191 2036
f 2033 2035 2034
f 2033 2177 2191
f 2033 2191 2035
f 2036 2191 2037
f 2037 2192 2038
f 2037 2191 2192
f 2038 2193 2039
f 2038 2192 2191
f 2038 2191 2194
f 2038 2194 2195
f 2038 2195 2196
f 2038 2196 2197
f 2038 2197 2193
f 2039 2193 2198
f 2039 2198 2190
f 2041 2061 2060
f 2041 2062 2042
f 2042 2062 2199
f 2042 2199 2043
f 2044 2047 2046
f 2044 2046 2045
f 2048 2051 2049
f 2052 2200 2201
f 2052 2201 2202
f 2052 2202 2203
f 2052 2203 2055
f 2052 2055 2053
f 2053 2055 2054
f 2055 2204 2056
f 2055 2203 2205
f 2055 2205 2206
f 2055 2206 2207
f 2055 2207 2204
f 2056 2208 2209
f 2056 2209 2057
f 2056 2204 2208
f 2057 2209 2059
f 2058 2059 2094
f 2059 2209 2210
f 2059 2210 2094
f 2063 2065 2064
f 2065 2189 2188
f 2065 2188 2211
f 2065 2211 2212
f 2065 2212 2066
f 2066 2212 2067
f 2067 2213 2214
f 2067 2214 2215
f 2067 2215 2069
f 2067 2212 2216
f 2067 2216 2188
f 2067 2188 2213
f 2069 2215 2214
f 2069 2214 2217
f 2069 2217 2070
f 2070 2217 2218
f 2070 2218 2219
f 2070 2219 2071
f 2071 2219 2220
f 2071 2220 2221
f 2071 2221 2222
f 2071 2222 2072
f 2072 2222 2223
f 2072 2223 2224
f 2072 2224 2073
f 2073 2224 2076
f 2073 2076 2074
f 2074 2076 2075
f 2076 2224 2077
f 2077 2224 2225
f 2077 2225 2226
f 2077 2226 2227
f 2077 2227 2081
f 2078 2228 2079
f 2078 2083 2229
f 2078 2229 2228
f 2079 2228 2230
f 2079 2230 2231
f 2079 2231 2232
f 2079 2232 2080
f 2080 2232 2233
f 2080 2233 2234
f 2080 2234 2084
f 2081 2227 2229
f 2081 2229 2082
f 2082 2229 2083
f 2084 2234 2085
f 2085 2235 2086
f 2085 2234 2235
f 2086 2235 2236
f 2086 2236 2087
f 2087 2236 2088
f 2088 2236 2237
f 2088 2237 2238
f 2088 2238 2239
f 2088 2239 2089
f 2089 2240 2090
f 2089 2239 2241
f 2089 2241 2242
f 2089 2242 2240
f 2092 2095 2243
f 2092 2243 2093
f 2093 2243 2244
f 2093 2244 2097
f 2093 2097 2096
f 2094 2210 2245
f 2094 2245 2246
f 2094 2246 2095
f 2095 2246 2243
f 2097 2244 2247
f 2097 2247 2098
f 2098 2247 2248
f 2098 2248 2099
f 2099 2248 2249
f 2099 2249 2102
f 2099 2101 2100
f 2102 2250 2251
f 2102 2251 2103
f 2102 2249 2250
f 2103 2251 2252
f 2103 2252 2253
f 2103 2253 2104
f 2104 2253 2254
f 2104 2254 2255
f 2104 2255 2106
f 2104 2106 2105
f 2106 2255 2256
f 2106 2256 2107
f 2107 2256 2108
f 2108 2256 2257
f 2108 2257 2258
f 2108 2258 2259
f 2108 2259 2109
f 2109 2259 2260
f 2109 2260 2110
f 2110 2260 2259
f 2110 2259 2261
f 2110 2261 2262
f 2110 2262 2111
f 2111 2262 2263
f 2111 2263 2120
f 2113 2264 2114
f 2113 2120 2263
f 2113 2263 2265
f 2113 2265 2264
f 2114 2266 2115
f 2114 2264 2267
f 2114 2267 2268
f 2114 2268 2266
f 2115 2266 2116
f 2116 2269 2270
f 2116 2270 2271
f 2116 2271 2272
f 2116 2272 2118
f 2116 2118 2117
f 2116 2266 2269
f 2118 2272 2121
f 2121 2272 2273
f 2121 2273 2274
f 2121 2274 2275
f 2121 2275 2124
f 2121 2124 2122
f 2124 2275 2276
f 2124 2276 2125
f 2125 2276 2277
f 2125 2277 2278
f 2125 2278 2280
f 2125 2280 2126
f 2126 2279 2127
f 2126 2280 2294
f 2126 2294 2281
f 2126 2281 2279
f 2127 2279 2282
f 2127 2282 2283
f 2127 2283 2284
f 2127 2284 2128
f 2128 2285 2286
f 2128 2286 2129
f 2128 2284 2285
f 2129 2286 2131
f 2131 2286 2132
f 2132 2286 2287
f 2132 2287 2133
f 2133 2287 2171
f 2133 2171 2169
f 2136 2145 2288
f 2136 2288 2289
f 2136 2289 2137
f 2137 2289 2290
f 2137 2290 2291
f 2137 2291 2292
f 2137 2292 2293
f 2137 2293 2294
f 2137 2294 2295
f 2137 2295 2138
f 2138 2295 2294
f 2138 2294 2296
f 2138 2296 2297
f 2138 2297 2139
f 2139 2297 2298
f 2139 2298 2141
f 2141 2298 2313
f 2141 2313 2149
f 2142 2154 2143
f 2143 2299 2144
f 2143 2154 2299
f 2144 2299 2300
f 2144 2300 2301
f 2144 2301 2302
f 2144 2302 2288
f 2144 2288 2145
f 2146 2303 2159
f 2146 2148 2304
f 2146 2304 2305
f 2146 2305 2306
f 2146 2306 2307
f 2146 2307 2303
f 2148 2308 2309
f 2148 2309 2304
f 2148 2153 2310
f 2148 2310 2311
f 2148 2311 2312
f 2148 2312 2308
f 2149 2313 2151
f 2149 2151 2150
f 2151 2313 2298
f 2151 2298 2297
f 2151 2297 2314
f 2151 2314 2315
f 2151 2315 2316
f 2151 2316 2317
f 2151 2317 2318
f 2151 2318 2319
f 2151 2319 2153
f 2151 2153 2152
f 2153 2319 2318
f 2153 2318 2310
f 2154 2171 2300
f 2154 2300 2299
f 2155 2160 2320
f 2155 2320 2321
f 2155 2321 2156
f 2156 2321 2322
f 2156 2322 2323
f 2156 2323 2324
f 2156 2324 2157
f 2157 2324 2325
f 2157 2325 2326
f 2157 2326 2158
f 2158 2327 2161
f 2158 2326 2327
f 2159 2303 2328
f 2159 2328 2329
f 2159 2329 2320
f 2159 2320 2160
f 2161 2327 2330
f 2161 2330 2163
f 2162 2165 2331
f 2162 2331 2332
f 2162 2332 2166
f 2163 2330 2333
f 2163 2333 2164
f 2164 2331 2165
f 2164 2333 2334
f 2164 2334 2331
f 2166 2332 2172
f 2169 2171 2170
f 2171 2287 2335
f 2171 2335 2300
f 2172 2332 2336
f 2172 2336 2182
f 2172 2182 2178
f 2173 2337 2338
f 2173 2338 2339
f 2173 2339 2177
f 2173 2177 2174
f 2173 2175 2340
f 2173 2340 2337
f 2175 2176 2341
f 2175 2341 2340
f 2176 2186 2342
f 2176 2342 2341
f 2177 2339 2343
f 2177 2343 2195
f 2177 2195 2191
f 2179 2187 2180
f 2179 2181 2183
f 2179 2183 2344
f 2179 2344 2345
f 2179 2345 2346
f 2179 2346 2347
f 2179 2347 2185
f 2179 2185 2184
f 2182 2336 2183
f 2183 2348 2344
f 2183 2336 2349
f 2183 2349 2348
f 2185 2347 2350
f 2185 2350 2186
f 2186 2350 2342
f 2188 2216 2212
f 2188 2212 2211
f 2188 2190 2213
f 2190 2198 2213
f 2191 2195 2194
f 2193 2197 2198
f 2195 2351 2197
f 2195 2197 2196
f 2195 2343 2339
f 2195 2339 2351
f 2197 2351 2198
f 2198 2351 2352
f 2198 2352 2353
f 2198 2353 2354
f 2198 2354 2355
f 2198 2355 2214
f 2198 2214 2213
f 2200 2356 2357
f 2200 2357 2201
f 2201 2358 2205
f 2201 2205 2203
f 2201 2203 2202
f 2201 2357 2359
f 2201 2359 2360
f 2201 2360 2361
f 2201 2361 2358
f 2204 2362 2363
f 2204 2363 2208
f 2204 2207 2364
f 2204 2364 2365
f 2204 2365 2362
f 2205 2358 2206
f 2206 2358 2366
f 2206 2366 2367
f 2206 2367 2207
f 2207 2367 2364
f 2208 2363 2209
f 2209 2363 2210
f 2210 2363 2245
f 2214 2355 2368
f 2214 2368 2217
f 2217 2368 2218
f 2218 2368 2219
f 2219 2368 2369
f 2219 2369 2220
f 2220 2369 2370
f 2220 2370 2371
f 2220 2371 2372
f 2220 2372 2221
f 2221 2372 2222
f 2222 2372 2373
f 2222 2373 2223
f 2223 2225 2224
f 2223 2373 2374
f 2223 2374 2225
f 2225 2374 2375
f 2225 2375 2226
f 2226 2376 2227
f 2226 2375 2377
f 2226 2377 2376
f 2227 2376 2229
f 2228 2229 2230
f 2229 2376 2378
f 2229 2378 2230
f 2230 2378 2231
f 2231 2378 2377
f 2231 2377 2379
f 2231 2379 2380
f 2231 2380 2381
f 2231 2381 2232
f 2232 2381 2233
f 2233 2381 2382
f 2233 2382 2383
f 2233 2383 2384
f 2233 2384 2234
f 2234 2384 2385
f 2234 2385 2386
f 2234 2386 2387
f 2234 2387 2388
f 2234 2388 2235
f 2235 2389 2236
f 2235 2388 2390
f 2235 2390 2389
f 2236 2389 2237
f 2237 2389 2391
f 2237 2391 2238
f 2238 2390 2392
f 2238 2392 2241
f 2238 2241 2239
f 2238 2391 2390
f 2240 2242 2393
f 2241 2392 2394
f 2241 2394 2242
f 2242 2394 2395
f 2242 2395 2393
f 2243 2246 2362
f 2243 2362 2244
f 2244 2362 2247
f 2245 2363 2362
f 2245 2362 2246
f 2247 2362 2365
f 2247 2365 2249
f 2247 2249 2248
f 2249 2365 2396
f 2249 2396 2250
f 2250 2396 2252
f 2250 2252 2251
f 2252 2396 2397
f 2252 2397 2398
f 2252 2398 2399
f 2252 2399 2400
f 2252 2400 2401
f 2252 2401 2402
f 2252 2402 2403
f 2252 2403 2253
f 2253 2403 2404
f 2253 2404 2254
f 2254 2404 2405
f 2254 2405 2255
f 2255 2405 2406
f 2255 2406 2256
f 2256 2406 2407
f 2256 2407 2408
f 2256 2408 2257
f 2257 2408 2409
f 2257 2409 2258
f 2258 2409 2410
f 2258 2410 2261
f 2258 2261 2259
f 2261 2410 2265
f 2261 2265 2263
f 2261 2263 2262
f 2264 2411 2412
f 2264 2412 2413
f 2264 2413 2267
f 2264 2265 2410
f 2264 2410 2411
f 2266 2268 2414
f 2266 2414 2269
f 2267 2413 2411
f 2267 2411 2415
f 2267 2415 2416
f 2267 2416 2417
f 2267 2417 2418
f 2267 2418 2268
f 2268 2419 2420
f 2268 2420 2421
f 2268 2421 2422
f 2268 2422 2423
f 2268 2423 2414
f 2268 2418 2424
f 2268 2424 2419
f 2269 2414 2270
f 2270 2425 2426
f 2270 2426 2271
f 2270 2414 2423
f 2270 2423 2427
f 2270 2427 2428
f 2270 2428 2429
f 2270 2429 2425
f 2271 2426 2430
f 2271 2430 2272
f 2272 2430 2273
f 2273 2431 2274
f 2273 2430 2432
f 2273 2432 2431
f 2274 2431 2276
f 2274 2276 2275
f 2276 2431 2433
f 2276 2433 2277
f 2277 2434 2456
f 2277 2456 2435
f 2277 2435 2317
f 2277 2317 2316
f 2277 2316 2278
f 2277 2433 2434
f 2278 2314 2280
f 2278 2316 2315
f 2278 2315 2314
f 2279 2281 2283
f 2279 2283 2282
f 2280 2314 2296
f 2280 2296 2294
f 2281 2294 2283
f 2283 2294 2293
f 2283 2293 2436
f 2283 2436 2284
f 2284 2436 2285
f 2285 2436 2437
f 2285 2437 2290
f 2285 2290 2438
f 2285 2438 2286
f 2286 2438 2335
f 2286 2335 2287
f 2288 2302 2439
f 2288 2439 2289
f 2289 2439 2302
f 2289 2302 2290
f 2290 2302 2438
f 2290 2437 2436
f 2290 2436 2291
f 2291 2436 2293
f 2291 2293 2292
f 2296 2314 2297
f 2300 2335 2302
f 2300 2302 2301
f 2302 2335 2438
f 2303 2440 2441
f 2303 2441 2329
f 2303 2329 2328
f 2303 2307 2440
f 2304 2309 2305
f 2305 2309 2442
f 2305 2442 2306
f 2306 2442 2443
f 2306 2443 2444
f 2306 2444 2445
f 2306 2445 2307
f 2307 2445 2446
f 2307 2446 2447
f 2307 2447 2448
f 2307 2448 2449
f 2307 2449 2440
f 2308 2312 2450
f 2308 2450 2309
f 2309 2450 2451
f 2309 2451 2442
f 2310 2318 2452
f 2310 2452 2317
f 2310 2317 2453
f 2310 2453 2454
f 2310 2454 2312
f 2310 2312 2311
f 2312 2454 2457
f 2312 2457 2455
f 2312 2455 2450
f 2317 2452 2318
f 2317 2435 2456
f 2317 2456 2455
f 2317 2455 2457
f 2317 2457 2453
f 2320 2458 2459
f 2320 2459 2460
f 2320 2460 2461
f 2320 2461 2462
f 2320 2462 2463
f 2320 2463 2464
f 2320 2464 2322
f 2320 2322 2321
f 2320 2329 2465
f 2320 2465 2466
f 2320 2466 2458
f 2322 2464 2467
f 2322 2467 2468
f 2322 2468 2324
f 2322 2324 2323
f 2324 2468 2469
f 2324 2469 2470
f 2324 2470 2471
f 2324 2471 2472
f 2324 2472 2325
f 2325 2472 2471
f 2325 2471 2473
f 2325 2473 2474
f 2325 2474 2475
f 2325 2475 2326
f 2326 2475 2476
f 2326 2476 2477
f 2326 2477 2327
f 2327 2477 2478
f 2327 2478 2479
f 2327 2479 2480
f 2327 2480 2481
f 2327 2481 2330
f 2329 2441 2482
f 2329 2482 2465
f 2330 2481 2333
f 2331 2334 2349
f 2331 2349 2332
f 2332 2349 2336
f 2333 2483 2334
f 2333 2481 2484
f 2333 2484 2483
f 2334 2483 2485
f 2334 2485 2486
f 2334 2486 2349
f 2337 2487 2338
f 2337 2340 2487
f 2338 2487 2488
f 2338 2488 2489
f 2338 2489 2339
f 2339 2489 2352
f 2339 2352 2351
f 2340 2341 2487
f 2341 2342 2490
f 2341 2490 2487
f 2342 2491 2492
f 2342 2492 2490
f 2342 2350 2347
f 2342 2347 2493
f 2342 2493 2494
f 2342 2494 2495
f 2342 2495 2496
f 2342 2496 2497
f 2342 2497 2491
f 2344 2348 2498
f 2344 2498 2345
f 2345 2494 2347
f 2345 2347 2346
f 2345 2498 2499
f 2345 2499 2494
f 2347 2494 2493
f 2348 2486 2500
f 2348 2500 2498
f 2348 2349 2486
f 2352 2354 2353
f 2352 2489 2501
f 2352 2501 2354
f 2354 2369 2355
f 2354 2501 2502
f 2354 2502 2369
f 2355 2369 2368
f 2356 2503 2357
f 2357 2503 2359
f 2358 2361 2366
f 2359 2399 2504
f 2359 2504 2360
f 2359 2503 2400
f 2359 2400 2399
f 2360 2504 2361
f 2361 2504 2366
f 2364 2367 2365
f 2365 2367 2396
f 2366 2505 2396
f 2366 2396 2367
f 2366 2504 2398
f 2366 2398 2506
f 2366 2506 2505
f 2369 2502 2370
f 2370 2502 2507
f 2370 2507 2371
f 2371 2507 2508
f 2371 2508 2509
f 2371 2509 2372
f 2372 2509 2510
f 2372 2510 2511
f 2372 2511 2374
f 2372 2374 2373
f 2374 2511 2512
f 2374 2512 2375
f 2375 2512 2513
f 2375 2513 2379
f 2375 2379 2377
f 2376 2377 2378
f 2379 2513 2380
f 2380 2513 2514
f 2380 2514 2515
f 2380 2515 2516
f 2380 2516 2381
f 2381 2516 2382
f 2382 2516 2515
f 2382 2515 2517
f 2382 2517 2385
f 2382 2385 2384
f 2382 2384 2383
f 2385 2518 2519
f 2385 2519 2520
f 2385 2520 2521
f 2385 2521 2386
f 2385 2517 2518
f 2386 2521 2387
f 2387 2521 2522
f 2387 2522 2523
f 2387 2523 2388
f 2388 2523 2524
f 2388 2524 2392
f 2388 2392 2390
f 2389 2390 2391
f 2392 2525 2394
f 2392 2524 2525
f 2394 2525 2526
f 2394 2526 2527
f 2394 2527 2395
f 2396 2505 2506
f 2396 2506 2397
f 2397 2506 2398
f 2398 2504 2399
f 2402 2528 2403
f 2403 2529 2405
f 2403 2405 2404
f 2403 2528 2530
f 2403 2530 2529
f 2405 2529 2406
f 2406 2529 2531
f 2406 2531 2407
f 2407 2532 2533
f 2407 2533 2408
f 2407 2531 2534
f 2407 2534 2532
f 2408 2533 2535
f 2408 2535 2411
f 2408 2411 2409
f 2409 2536 2410
f 2409 2411 2536
f 2410 2536 2411
f 2411 2537 2415
f 2411 2413 2412
f 2411 2535 2539
f 2411 2539 2537
f 2415 2537 2416
f 2416 2538 2417
f 2416 2537 2539
f 2416 2539 2540
f 2416 2540 2538
f 2417 2541 2542
f 2417 2542 2543
f 2417 2543 2544
f 2417 2544 2545
f 2417 2545 2546
f 2417 2546 2424
f 2417 2424 2418
f 2417 2538 2547
f 2417 2547 2541
f 2419 2544 2548
f 2419 2548 2549
f 2419 2549 2550
f 2419 2550 2420
f 2419 2424 2544
f 2420 2551 2421
f 2420 2550 2552
f 2420 2552 2553
f 2420 2553 2554
f 2420 2554 2551
f 2421 2551 2555
f 2421 2555 2556
f 2421 2556 2422
f 2422 2556 2427
f 2422 2427 2423
f 2424 2546 2544
f 2425 2429 2426
f 2426 2429 2431
f 2426 2431 2432
f 2426 2432 2430
f 2427 2556 2555
f 2427 2555 2428
f 2428 2555 2557
f 2428 2557 2429
f 2429 2557 2558
f 2429 2558 2559
f 2429 2559 2560
f 2429 2560 2431
f 2431 2560 2561
f 2431 2561 2562
f 2431 2562 2563
f 2431 2563 2433
f 2433 2563 2573
f 2433 2573 2564
f 2433 2564 2434
f 2434 2564 2456
f 2440 2482 2441
f 2440 2449 2448
f 2440 2448 2482
f 2442 2451 2443
f 2443 2455 2565
f 2443 2565 2566
f 2443 2566 2567
f 2443 2567 2568
f 2443 2568 2444
f 2443 2451 2450
f 2443 2450 2455
f 2444 2568 2567
f 2444 2567 2569
f 2444 2569 2445
f 2445 2569 2567
f 2445 2567 2446
f 2446 2570 2466
f 2446 2466 2571
f 2446 2571 2448
f 2446 2448 2447
f 2446 2567 2570
f 2448 2571 2466
f 2448 2466 2572
f 2448 2572 2482
f 2453 2457 2454
f 2455 2456 2564
f 2455 2564 2573
f 2455 2573 2565
f 2458 2466 2574
f 2458 2574 2459
f 2459 2461 2460
f 2459 2574 2575
f 2459 2575 2461
f 2461 2576 2581
f 2461 2581 2577
f 2461 2577 2462
f 2461 2575 2578
f 2461 2578 2579
f 2461 2579 2580
f 2461 2580 2576
f 2462 2577 2581
f 2462 2581 2463
f 2463 2582 2467
f 2463 2467 2464
f 2463 2581 2582
f 2465 2482 2572
f 2465 2572 2466
f 2466 2570 2574
f 2467 2583 2584
f 2467 2584 2468
f 2467 2582 2583
f 2468 2584 2469
f 2469 2584 2470
f 2470 2585 2471
f 2470 2584 2585
f 2471 2585 2586
f 2471 2586 2587
f 2471 2587 2588
f 2471 2588 2589
f 2471 2589 2473
f 2473 2589 2590
f 2473 2590 2474
f 2474 2590 2591
f 2474 2591 2476
f 2474 2476 2475
f 2476 2591 2592
f 2476 2592 2593
f 2476 2593 2594
f 2476 2594 2478
f 2476 2478 2477
f 2478 2594 2593
f 2478 2593 2595
f 2478 2595 2479
f 2479 2596 2481
f 2479 2481 2480
f 2479 2595 2597
f 2479 2597 2596
f 2481 2596 2597
f 2481 2597 2598
f 2481 2598 2599
f 2481 2599 2484
f 2483 2600 2485
f 2483 2484 2601
f 2483 2601 2602
f 2483 2602 2600
f 2484 2599 2603
f 2484 2603 2604
f 2484 2604 2601
f 2485 2600 2602
f 2485 2602 2605
f 2485 2605 2500
f 2485 2500 2486
f 2487 2490 2488
f 2488 2490 2507
f 2488 2507 2502
f 2488 2502 2501
f 2488 2501 2489
f 2490 2606 2507
f 2490 2492 2607
f 2490 2607 2606
f 2491 2608 2607
f 2491 2607 2492
f 2491 2497 2496
f 2491 2496 2609
f 2491 2609 2610
f 2491 2610 2608
f 2494 2499 2602
f 2494 2602 2604
f 2494 2604 2603
f 2494 2603 2496
f 2494 2496 2495
f 2496 2603 2611
f 2496 2611 2610
f 2496 2610 2609
f 2498 2500 2499
f 2499 2500 2605
f 2499 2605 2602
f 2507 2606 2612
f 2507 2612 2613
f 2507 2613 2614
f 2507 2614 2615
f 2507 2615 2508
f 2508 2615 2616
f 2508 2616 2617
f 2508 2617 2509
f 2509 2618 2510
f 2509 2617 2618
f 2510 2618 2619
f 2510 2619 2620
f 2510 2620 2511
f 2511 2620 2512
f 2512 2620 2619
f 2512 2619 2514
f 2512 2514 2513
f 2514 2619 2621
f 2514 2621 2622
f 2514 2622 2515
f 2515 2622 2623
f 2515 2623 2517
f 2517 2623 2622
f 2517 2622 2518
f 2518 2624 2625
f 2518 2625 2626
f 2518 2626 2519
f 2518 2622 2627
f 2518 2627 2624
f 2519 2626 2628
f 2519 2628 2625
f 2519 2625 2629
f 2519 2629 2630
f 2519 2630 2520
f 2520 2630 2631
f 2520 2631 2521
f 2521 2631 2632
f 2521 2632 2633
f 2521 2633 2634
f 2521 2634 2522
f 2522 2634 2635
f 2522 2635 2523
f 2523 2635 2524
f 2524 2635 2636
f 2524 2636 2525
f 2525 2636 2637
f 2525 2637 2638
f 2525 2638 2639
f 2525 2639 2640
f 2525 2640 2641
f 2525 2641 2642
f 2525 2642 2526
f 2528 2643 2530
f 2529 2534 2531
f 2529 2530 2532
f 2529 2532 2534
f 2530 2643 2644
f 2530 2644 2540
f 2530 2540 2532
f 2532 2540 2645
f 2532 2645 2539
f 2532 2539 2646
f 2532 2646 2533
f 2533 2646 2535
f 2535 2646 2539
f 2538 2540 2647
f 2538 2647 2547
f 2539 2645 2540
f 2540 2644 2647
f 2541 2547 2648
f 2541 2648 2649
f 2541 2649 2644
f 2541 2644 2650
f 2541 2650 2651
f 2541 2651 2652
f 2541 2652 2542
f 2542 2652 2544
f 2542 2544 2543
f 2544 2652 2651
f 2544 2651 2653
f 2544 2653 2654
f 2544 2654 2655
f 2544 2655 2656
f 2544 2656 2548
f 2544 2546 2545
f 2547 2647 2649
f 2547 2649 2648
f 2548 2656 2657
f 2548 2657 2658
f 2548 2658 2552
f 2548 2552 2549
f 2549 2552 2550
f 2551 2554 2659
f 2551 2659 2557
f 2551 2557 2555
f 2552 2658 2553
f 2553 2658 2660
f 2553 2660 2661
f 2553 2661 2662
f 2553 2662 2663
f 2553 2663 2664
f 2553 2664 2554
f 2554 2664 2665
f 2554 2665 2659
f 2557 2659 2666
f 2557 2666 2667
f 2557 2667 2558
f 2558 2667 2668
f 2558 2668 2567
f 2558 2567 2559
f 2559 2567 2560
f 2560 2567 2561
f 2561 2567 2566
f 2561 2566 2669
f 2561 2669 2562
f 2562 2669 2563
f 2563 2669 2573
f 2565 2573 2669
f 2565 2669 2566
f 2567 2668 2758
f 2567 2758 2670
f 2567 2670 2570
f 2570 2670 2671
f 2570 2671 2672
f 2570 2672 2574
f 2574 2672 2673
f 2574 2673 2674
f 2574 2674 2675
f 2574 2675 2575
f 2575 2675 2676
f 2575 2676 2677
f 2575 2677 2579
f 2575 2579 2578
f 2576 2580 2678
f 2576 2678 2685
f 2576 2685 2581
f 2579 2679 2580
f 2579 2677 2680
f 2579 2680 2679
f 2580 2679 2681
f 2580 2681 2682
f 2580 2682 2678
f 2581 2683 2684
f 2581 2684 2582
f 2581 2685 2683
f 2582 2686 2687
f 2582 2687 2583
f 2582 2684 2686
f 2583 2687 2584
f 2584 2687 2585
f 2585 2687 2688
f 2585 2688 2689
f 2585 2689 2587
f 2585 2587 2690
f 2585 2690 2586
f 2586 2690 2587
f 2587 2691 2692
f 2587 2692 2693
f 2587 2693 2694
f 2587 2694 2588
f 2587 2689 2695
f 2587 2695 2696
f 2587 2696 2691
f 2588 2694 2697
f 2588 2697 2589
f 2589 2697 2698
f 2589 2698 2590
f 2590 2698 2591
f 2591 2699 2592
f 2591 2698 2694
f 2591 2694 2699
f 2592 2699 2694
f 2592 2694 2700
f 2592 2700 2701
f 2592 2701 2593
f 2593 2702 2597
f 2593 2597 2595
f 2593 2701 2703
f 2593 2703 2702
f 2597 2702 2704
f 2597 2704 2705
f 2597 2705 2706
f 2597 2706 2707
f 2597 2707 2708
f 2597 2708 2709
f 2597 2709 2598
f 2598 2709 2603
f 2598 2603 2599
f 2601 2604 2602
f 2603 2709 2710
f 2603 2710 2611
f 2606 2607 2612
f 2607 2608 2612
f 2608 2711 2613
f 2608 2613 2612
f 2608 2610 2712
f 2608 2712 2711
f 2610 2611 2710
f 2610 2710 2712
f 2613 2711 2614
f 2614 2711 2712
f 2614 2712 2616
f 2614 2616 2615
f 2616 2627 2713
f 2616 2713 2618
f 2616 2618 2617
f 2616 2712 2714
f 2616 2714 2715
f 2616 2715 2716
f 2616 2716 2717
f 2616 2717 2627
f 2618 2713 2718
f 2618 2718 2621
f 2618 2621 2619
f 2621 2718 2622
f 2622 2718 2713
f 2622 2713 2627
f 2624 2627 2625
f 2625 2719 2720
f 2625 2720 2721
f 2625 2721 2629
f 2625 2628 2626
f 2625 2627 2719
f 2627 2717 2719
f 2629 2721 2631
f 2629 2631 2630
f 2631 2721 2722
f 2631 2722 2723
f 2631 2723 2724
f 2631 2724 2632
f 2632 2724 2633
f 2633 2724 2725
f 2633 2725 2726
f 2633 2726 2727
f 2633 2727 2728
f 2633 2728 2729
f 2633 2729 2634
f 2634 2730 2635
f 2634 2729 2730
f 2635 2730 2636
f 2636 2730 2731
f 2636 2731 2732
f 2636 2732 2637
f 2637 2732 2804
f 2637 2804 2733
f 2637 2733 2734
f 2637 2734 2638
f 2638 2734 2639
f 2639 2734 2735
f 2643 2736 2737
f 2643 2737 2644
f 2644 2649 2647
f 2644 2737 2650
f 2650 2737 2738
f 2650 2738 2651
f 2651 2738 2739
f 2651 2739 2740
f 2651 2740 2741
f 2651 2741 2742
f 2651 2742 2743
f 2651 2743 2653
f 2653 2743 2744
f 2653 2744 2654
f 2654 2744 2745
f 2654 2745 2746
f 2654 2746 2660
f 2654 2660 2655
f 2655 2660 2658
f 2655 2658 2657
f 2655 2657 2656
f 2659 2665 2666
f 2660 2746 2661
f 2661 2746 2747
f 2661 2747 2748
f 2661 2748 2749
f 2661 2749 2662
f 2662 2750 2663
f 2662 2749 2750
f 2663 2750 2664
f 2664 2750 2751
f 2664 2751 2752
f 2664 2752 2753
f 2664 2753 2665
f 2665 2753 2666
f 2666 2753 2754
f 2666 2754 2755
f 2666 2755 2668
f 2666 2668 2667
f 2668 2755 2756
f 2668 2756 2757
f 2668 2757 2758
f 2670 2758 2759
f 2670 2759 2671
f 2671 2759 2673
f 2671 2673 2672
f 2673 2759 2674
f 2674 2759 2758
f 2674 2758 2757
f 2674 2757 2675
f 2675 2757 2760
f 2675 2760 2761
f 2675 2761 2762
f 2675 2762 2763
f 2675 2763 2676
f 2676 2763 2764
f 2676 2764 2677
f 2677 2764 2680
f 2678 2682 2765
f 2678 2765 2685
f 2679 2680 2681
f 2680 2764 2766
f 2680 2766 2681
f 2681 2766 2682
f 2682 2766 2767
f 2682 2767 2768
f 2682 2768 2765
f 2683 2769 2770
f 2683 2770 2684
f 2683 2685 2771
f 2683 2771 2772
f 2683 2772 2769
f 2684 2773 2774
f 2684 2774 2775
f 2684 2775 2686
f 2684 2770 2773
f 2685 2765 2776
f 2685 2776 2777
f 2685 2777 2771
f 2686 2778 2687
f 2686 2775 2778
f 2687 2778 2779
f 2687 2779 2696
f 2687 2696 2689
f 2687 2689 2688
f 2689 2696 2695
f 2691 2780 2692
f 2691 2696 2780
f 2692 2781 2782
f 2692 2782 2693
f 2692 2780 2781
f 2693 2782 2783
f 2693 2783 2784
f 2693 2784 2694
f 2694 2698 2697
f 2694 2784 2700
f 2696 2779 2785
f 2696 2785 2780
f 2700 2784 2786
f 2700 2786 2787
f 2700 2787 2701
f 2701 2787 2788
f 2701 2788 2789
f 2701 2789 2703
f 2702 2703 2790
f 2702 2790 2704
f 2703 2789 2788
f 2703 2788 2791
f 2703 2791 2790
f 2704 2792 2793
f 2704 2793 2705
f 2704 2790 2791
f 2704 2791 2792
f 2705 2794 2716
f 2705 2716 2707
f 2705 2707 2706
f 2705 2793 2795
f 2705 2795 2794
f 2707 2716 2714
f 2707 2714 2708
f 2708 2714 2709
f 2709 2714 2710
f 2710 2714 2712
f 2714 2716 2715
f 2716 2794 2796
f 2716 2796 2719
f 2716 2719 2717
f 2719 2796 2720
f 2720 2796 2795
f 2720 2795 2722
f 2720 2722 2721
f 2722 2795 2792
f 2722 2792 2797
f 2722 2797 2798
f 2722 2798 2723
f 2723 2798 2724
f 2724 2798 2725
f 2725 2798 2726
f 2726 2798 2799
f 2726 2799 2800
f 2726 2800 2801
f 2726 2801 2727
f 2727 2801 2728
f 2728 2731 2730
f 2728 2730 2729
f 2728 2801 2802
f 2728 2802 2803
f 2728 2803 2804
f 2728 2804 2731
f 2731 2804 2732
f 2733 2804 2805
f 2733 2805 2806
f 2733 2806 2734
f 2734 2806 2807
f 2734 2807 2735
f 2736 2739 2738
f 2736 2738 2737
f 2741 2808 2743
f 2741 2743 2742
f 2743 2808 2809
f 2743 2809 2744
f 2744 2810 2745
f 2744 2809 2810
f 2745 2810 2811
f 2745 2811 2747
f 2745 2747 2746
f 2747 2811 2812
f 2747 2812 2813
f 2747 2813 2748
f 2748 2814 2749
f 2748 2813 2815
f 2748 2815 2816
f 2748 2816 2817
f 2748 2817 2818
f 2748 2818 2814
f 2749 2819 2820
f 2749 2820 2821
f 2749 2821 2750
f 2749 2814 2822
f 2749 2822 2767
f 2749 2767 2819
f 2750 2821 2751
f 2751 2821 2820
f 2751 2820 2752
f 2752 2820 2753
f 2753 2820 2760
f 2753 2760 2754
f 2754 2760 2757
f 2754 2757 2823
f 2754 2823 2756
f 2754 2756 2755
f 2756 2823 2757
f 2760 2820 2761
f 2761 2820 2762
f 2762 2820 2824
f 2762 2824 2763
f 2763 2824 2764
f 2764 2824 2820
f 2764 2820 2825
f 2764 2825 2766
f 2765 2768 2776
f 2766 2825 2767
f 2767 2825 2819
f 2767 2822 2768
f 2768 2822 2826
f 2768 2826 2827
f 2768 2827 2776
f 2769 2772 2770
f 2770 2828 2829
f 2770 2829 2774
f 2770 2774 2773
f 2770 2772 2830
f 2770 2830 2828
f 2771 2777 2831
f 2771 2831 2772
f 2772 2831 2830
f 2774 2832 2833
f 2774 2833 2834
f 2774 2834 2835
f 2774 2835 2775
f 2774 2829 2828
f 2774 2828 2836
f 2774 2836 2832
f 2775 2835 2837
f 2775 2837 2778
f 2776 2827 2838
f 2776 2838 2777
f 2777 2838 2831
f 2778 2839 2779
f 2778 2837 2839
f 2779 2839 2840
f 2779 2840 2785
f 2780 2841 2781
f 2780 2785 2842
f 2780 2842 2841
f 2781 2843 2844
f 2781 2844 2784
f 2781 2784 2782
f 2781 2841 2845
f 2781 2845 2843
f 2782 2784 2783
f 2784 2844 2845
f 2784 2845 2846
f 2784 2846 2847
f 2784 2847 2848
f 2784 2848 2786
f 2785 2840 2849
f 2785 2849 2898
f 2785 2898 2850
f 2785 2850 2842
f 2786 2848 2787
f 2787 2851 2852
f 2787 2852 2791
f 2787 2791 2788
f 2787 2848 2847
f 2787 2847 2851
f 2791 2852 2853
f 2791 2853 2797
f 2791 2797 2792
f 2792 2795 2793
f 2794 2795 2796
f 2797 2853 2798
f 2798 2853 2800
f 2798 2800 2799
f 2800 2853 2854
f 2800 2854 2855
f 2800 2855 2856
f 2800 2856 2857
f 2800 2857 2858
f 2800 2858 2802
f 2800 2802 2801
f 2802 2858 2859
f 2802 2859 2803
f 2803 2860 2861
f 2803 2861 2862
f 2803 2862 2863
f 2803 2863 2804
f 2803 2859 2904
f 2803 2904 2860
f 2804 2863 2805
f 2805 2863 2806
f 2806 2863 2862
f 2806 2862 2864
f 2806 2864 2865
f 2806 2865 2866
f 2806 2866 2807
f 2808 2867 2809
f 2809 2867 2868
f 2809 2868 2810
f 2810 2868 2869
f 2810 2869 2870
f 2810 2870 2871
f 2810 2871 2811
f 2811 2872 2812
f 2811 2871 2873
f 2811 2873 2872
f 2812 2872 2874
f 2812 2874 2875
f 2812 2875 2876
f 2812 2876 2877
f 2812 2877 2813
f 2813 2877 2878
f 2813 2878 2815
f 2814 2818 2879
f 2814 2879 2826
f 2814 2826 2822
f 2815 2878 2880
f 2815 2880 2816
f 2816 2880 2817
f 2817 2880 2818
f 2818 2880 2881
f 2818 2881 2882
f 2818 2882 2883
f 2818 2883 2884
f 2818 2884 2879
f 2819 2825 2820
f 2826 2879 2827
f 2827 2879 2831
f 2827 2831 2838
f 2828 2830 2885
f 2828 2885 2836
f 2830 2831 2884
f 2830 2884 2885
f 2831 2879 2884
f 2832 2886 2929
f 2832 2929 2887
f 2832 2887 2834
f 2832 2834 2833
f 2832 2836 2888
f 2832 2888 2889
f 2832 2889 2886
f 2834 2890 2849
f 2834 2849 2891
f 2834 2891 2837
f 2834 2837 2835
f 2834 2887 2890
f 2836 2889 2888
f 2836 2885 2892
f 2836 2892 2893
f 2836 2893 2889
f 2837 2891 2840
f 2837 2840 2839
f 2840 2891 2849
f 2841 2842 2894
f 2841 2894 2895
f 2841 2895 2896
f 2841 2896 2845
f 2842 2850 2894
f 2843 2845 2844
f 2845 2896 2897
f 2845 2897 2846
f 2846 2897 2857
f 2846 2857 2856
f 2846 2856 2855
f 2846 2855 2847
f 2847 2855 2851
f 2849 2890 2898
f 2850 2899 2894
f 2850 2898 2899
f 2851 2855 2852
f 2852 2855 2853
f 2853 2855 2854
f 2857 2900 2896
f 2857 2896 2901
f 2857 2901 2902
f 2857 2902 2903
f 2857 2903 2858
f 2857 2897 2900
f 2858 2903 2859
f 2859 2903 2904
f 2860 2904 2905
f 2860 2905 2861
f 2861 2905 2906
f 2861 2906 2907
f 2861 2907 2862
f 2862 2907 2908
f 2862 2908 2864
f 2864 2908 2865
f 2865 2908 2871
f 2865 2871 2870
f 2871 2909 2910
f 2871 2910 2911
f 2871 2911 2912
f 2871 2912 2873
f 2871 2908 2909
f 2872 2873 2874
f 2873 2913 2874
f 2873 2912 2946
f 2873 2946 2914
f 2873 2914 2915
f 2873 2915 2913
f 2874 2913 2875
f 2875 2913 2876
f 2876 2916 2878
f 2876 2878 2877
f 2876 2913 2917
f 2876 2917 2916
f 2878 2918 2919
f 2878 2919 2920
f 2878 2920 2880
f 2878 2916 2921
f 2878 2921 2922
f 2878 2922 2918
f 2880 2923 2893
f 2880 2893 2883
f 2880 2883 2881
f 2880 2920 2924
f 2880 2924 2925
f 2880 2925 2923
f 2881 2883 2882
f 2883 2893 2926
f 2883 2926 2884
f 2884 2926 2892
f 2884 2892 2927
f 2884 2927 2885
f 2885 2927 2892
f 2886 2928 2929
f 2886 2889 2893
f 2886 2893 2928
f 2887 2930 2890
f 2887 2929 2930
f 2890 2930 2931
f 2890 2931 2898
f 2892 2926 2893
f 2893 2923 2928
f 2894 2932 2895
f 2894 2899 2932
f 2895 2932 2933
f 2895 2933 2896
f 2896 2933 2934
f 2896 2934 2901
f 2896 2900 2897
f 2898 2935 2936
f 2898 2936 2899
f 2898 2931 2935
f 2899 2936 2937
f 2899 2937 2938
f 2899 2938 2932
f 2901 2934 2939
f 2901 2939 2902
f 2902 2940 2903
f 2902 2939 2941
f 2902 2941 2940
f 2903 2940 2904
f 2904 2940 2942
f 2904 2942 2943
f 2904 2943 2944
f 2904 2944 2945
f 2904 2945 2914
f 2904 2914 2946
f 2904 2946 2905
f 2905 2947 2906
f 2905 2946 2911
f 2905 2911 2947
f 2906 2947 2907
f 2907 2947 2908
f 2908 2947 2909
f 2909 2911 2910
f 2909 2947 2948
f 2909 2948 2911
f 2911 2949 2912
f 2911 2948 2947
f 2911 2946 2949
f 2912 2949 2946
f 2913 2915 2950
f 2913 2950 2951
f 2913 2951 2917
f 2914 2952 2950
f 2914 2950 2915
f 2914 2945 2944
f 2914 2944 2952
f 2916 2917 2921
f 2917 2951 2921
f 2918 2922 2919
f 2919 2922 2953
f 2919 2953 2954
f 2919 2954 2920
f 2920 2954 2924
f 2921 2955 2922
f 2921 2951 2956
f 2921 2956 2957
f 2921 2957 2955
f 2922 2955 2953
f 2923 2925 2958
f 2923 2958 2959
f 2923 2959 2928
f 2924 2954 2960
f 2924 2960 2961
f 2924 2961 2962
f 2924 2962 2935
f 2924 2935 2963
f 2924 2963 2958
f 2924 2958 2925
f 2928 2959 2929
f 2929 2931 2930
f 2929 2959 2931
f 2931 2958 2935
f 2931 2959 2958
f 2932 2938 2964
f 2932 2964 2965
f 2932 2965 2941
f 2932 2941 2939
f 2932 2939 2933
f 2933 2939 2934
f 2935 2962 2937
f 2935 2937 2936
f 2935 2958 2963
f 2937 2966 2967
f 2937 2967 2964
f 2937 2964 2938
f 2937 2962 2966
f 2940 2941 2942
f 2941 2965 2973
f 2941 2973 2968
f 2941 2968 2942
f 2942 2968 2957
f 2942 2957 2969
f 2942 2969 2970
f 2942 2970 2944
f 2942 2944 2943
f 2944 2970 2951
f 2944 2951 2952
f 2950 2952 2951
f 2951 2970 2956
f 2953 2955 2954
f 2954 2955 2960
f 2955 2971 2960
f 2955 2957 2968
f 2955 2968 2972
f 2955 2972 2971
f 2956 2970 2969
f 2956 2969 2957
f 2960 2971 2966
f 2960 2966 2961
f 2961 2966 2962
f 2964 2967 2968
f 2964 2968 2973
f 2964 2973 2965
f 2966 2971 2967
f 2967 2972 2974
f 2967 2974 2968
f 2967 2971 2972
f 2968 2974 2972

