# https://github.com/mikedh/trimesh
v -0.00732043 0.06089475 -0.00686312
v -0.00740084 0.06089475 -0.00674918
v -0.00731328 0.06094039 -0.00678665
v -0.00727665 0.06092689 -0.00686312
v -0.00426498 0.06089475 -0.00686312
v -0.00740084 0.06090118 -0.00673695
v -0.00753038 0.06089475 -0.00655878
v -0.00734813 0.06096578 -0.00668724
v -0.00731418 0.06109112 -0.00648766
v -0.00721411 0.06112647 -0.00655878
v -0.00717838 0.06110140 -0.00665819
v -0.00721322 0.06097542 -0.00685548
v -0.00718999 0.06098731 -0.00686312
v -0.00432573 0.06089475 -0.00583767
v -0.00018122 0.06133408 -0.00686312
v -0.00744819 0.06092850 -0.00661383
v -0.00773765 0.06089475 -0.00624831
v -0.00770191 0.06090214 -0.00628807
v -0.00764920 0.06096674 -0.00623914
v -0.00748214 0.06095389 -0.00651366
v -0.00734813 0.06111586 -0.00638825
v -0.00726057 0.06115346 -0.00643719
v -0.00704258 0.06126113 -0.00652819
v -0.00707385 0.06113257 -0.00673618
v -0.00708010 0.06106284 -0.00686312
v -0.00617866 0.06089475 0.00094897
v -0.00017943 0.06156065 -0.00686312
v -0.00017943 0.06138164 -0.00677060
v -0.00017943 0.06207422 0.00093979
v -0.00018122 0.06207229 0.00094897
v -0.00020355 0.06206715 0.00094897
v -0.00032059 0.06204079 0.00094897
v -0.00044924 0.06201187 0.00094897
v -0.00095491 0.06189842 0.00094897
v -0.00188048 0.06169081 0.00094897
v -0.00200377 0.06166414 0.00094897
v -0.00215386 0.06163393 0.00094897
v -0.00786630 0.06089475 -0.00605331
v -0.00774926 0.06092882 -0.00616343
v -0.00778232 0.06095389 -0.00606326
v -0.00770191 0.06098506 -0.00612214
v -0.00758220 0.06106733 -0.00613590
v -0.00748214 0.06110365 -0.00621314
v -0.00717659 0.06125052 -0.00635613
v -0.00714979 0.06123124 -0.00643566
v -0.00707474 0.06128298 -0.00643566
v -0.00686747 0.06139450 -0.00649378
v -0.00681297 0.06137747 -0.00660083
v -0.00695503 0.06129294 -0.00658095
v -0.00695503 0.06121099 -0.00674001
v -0.00702561 0.06109979 -0.00686312
v -0.00909563 0.06089475 0.00094897
v -0.00017943 0.06308463 -0.00686312
v -0.00017943 0.06211857 0.00094897
v -0.00801997 0.06089475 -0.00581855
v -0.00780734 0.06097317 -0.00598602
v -0.00761436 0.06109144 -0.00603649
v -0.00764742 0.06111426 -0.00593708
v -0.00725789 0.06122063 -0.00629802
v -0.00710601 0.06132829 -0.00628731
v -0.00700238 0.06138421 -0.00631866
v -0.00690232 0.06141764 -0.00639360
v -0.00695324 0.06136204 -0.00644025
v -0.00681297 0.06145331 -0.00644025
v -0.00676741 0.06142696 -0.00656031
v -0.00690410 0.06126916 -0.00669336
v -0.00672899 0.06140221 -0.00666048
v -0.00695324 0.06114800 -0.00686312
v -0.00908044 0.06090857 0.00094897
v -0.00910278 0.06089475 0.00091608
v -0.00017943 0.06313380 -0.00673618
v -0.00020355 0.06308495 -0.00686312
v -0.00017943 0.06408284 0.00094897
v -0.00810484 0.06089475 -0.00568550
v -0.00805481 0.06093300 -0.00568550
v -0.00794760 0.06096514 -0.00578644
v -0.00775463 0.06108372 -0.00583538
v -0.00786094 0.06100531 -0.00583614
v -0.00777875 0.06110172 -0.00575814
v -0.00744551 0.06122899 -0.00598602
v -0.00725789 0.06129326 -0.00613131
v -0.00703454 0.06140607 -0.00621849
v -0.00695324 0.06143563 -0.00627508
v -0.00685675 0.06153944 -0.00617567
v -0.00680583 0.06152080 -0.00629343
v -0.00672006 0.06154780 -0.00634849
v -0.00666914 0.06146392 -0.00660083
v -0.00686479 0.06124345 -0.00679277
v -0.00661821 0.06142439 -0.00673618
v -0.00658158 0.06140382 -0.00681342
v -0.00664680 0.06133794 -0.00686312
v -0.00675937 0.06127077 -0.00686312
v -0.00682816 0.06122867 -0.00686312
v -0.00906436 0.06092303 0.00094897
v -0.00912958 0.06089475 0.00076544
v -0.00908401 0.06091146 0.00091608
v -0.00020355 0.06313413 -0.00673618
v -0.00017943 0.06321126 -0.00653278
v -0.00021874 0.06308495 -0.00686312
v -0.00017943 0.06408573 0.00091608
v -0.00035365 0.06408348 0.00094897
v -0.00819329 0.06089475 -0.00554479
v -0.00807893 0.06095132 -0.00560826
v -0.00770549 0.06117789 -0.00568550
v -0.00760275 0.06123445 -0.00571303
v -0.00750269 0.06126691 -0.00579791
v -0.00747231 0.06124763 -0.00589808
v -0.00737046 0.06127912 -0.00598602
v -0.00823885 0.06095839 -0.00532380
v -0.00790829 0.06108726 -0.00557309
v -0.00793777 0.06110751 -0.00547291
v -0.00716587 0.06139353 -0.00603726
v -0.00706045 0.06142278 -0.00613590
v -0.00694520 0.06150088 -0.00612978
v -0.00680583 0.06158283 -0.00612978
v -0.00675669 0.06156644 -0.00624831
v -0.00688802 0.06155808 -0.00607549
v -0.00666378 0.06159440 -0.00629343
v -0.00662000 0.06157126 -0.00640966
v -0.00657890 0.06155230 -0.00650984
v -0.00666378 0.06153398 -0.00645019
v -0.00654585 0.06153591 -0.00658631
v -0.00643596 0.06155551 -0.00666736
v -0.00649314 0.06149702 -0.00672471
v -0.00638861 0.06153108 -0.00676754
v -0.00650564 0.06141796 -0.00686312
v -0.00655657 0.06139000 -0.00686312
v -0.00900539 0.06097381 0.00094897
v -0.00900897 0.06097638 0.00091608
v -0.00915459 0.06089475 0.00061556
v -0.00909652 0.06092336 0.00076544
v -0.00035365 0.06308431 -0.00686312
v -0.00035365 0.06313284 -0.00673618
v -0.00020355 0.06321126 -0.00653278
v -0.00017943 0.06330414 -0.00628578
v -0.00017943 0.06409923 0.00074326
v -0.00024644 0.06410373 0.00069662
v -0.00035365 0.06410405 0.00070044
v -0.00035365 0.06409794 0.00077538
v -0.00035365 0.06408637 0.00091608
v -0.00050374 0.06408573 0.00091608
v -0.00050374 0.06408220 0.00094897
v -0.00824957 0.06089475 -0.00545150
v -0.00815755 0.06091950 -0.00554938
v -0.00829424 0.06089475 -0.00537733
v -0.00833981 0.06092303 -0.00523586
v -0.00772961 0.06121967 -0.00553562
v -0.00785737 0.06113900 -0.00552797
v -0.00755361 0.06128169 -0.00567250
v -0.00763134 0.06125373 -0.00561362
v -0.00719535 0.06141282 -0.00593708
v -0.00836840 0.06094360 -0.00513951
v -0.00820043 0.06108180 -0.00508522
v -0.00822456 0.06109883 -0.00500033
v -0.00809591 0.06111265 -0.00518692
v -0.00796279 0.06112422 -0.00538574
v -0.00831300 0.06100306 -0.00508751
v -0.00711137 0.06144817 -0.00598679
v -0.00698987 0.06152691 -0.00598602
v -0.00686122 0.06169306 -0.00573291
v -0.00672631 0.06170110 -0.00590573
v -0.00664501 0.06166189 -0.00612825
v -0.00691482 0.06157383 -0.00598602
v -0.00689249 0.06171042 -0.00563273
v -0.00717659 0.06155037 -0.00560444
v -0.00704705 0.06156322 -0.00579026
v -0.00655031 0.06168953 -0.00617261
v -0.00650207 0.06167089 -0.00628655
v -0.00641094 0.06169402 -0.00633702
v -0.00631088 0.06171684 -0.00639819
v -0.00647080 0.06157158 -0.00658631
v -0.00626889 0.06169788 -0.00649837
v -0.00635466 0.06162461 -0.00658631
v -0.00628855 0.06155680 -0.00681877
v -0.00612595 0.06170110 -0.00665666
v -0.00620456 0.06163168 -0.00673618
v -0.00597943 0.06170270 -0.00681036
v -0.00633143 0.06151019 -0.00686312
v -0.00889283 0.06106798 0.00094897
v -0.00910814 0.06093396 0.00061556
v -0.00917693 0.06089475 0.00047256
v -0.00050374 0.06308142 -0.00686312
v -0.00050374 0.06312963 -0.00673618
v -0.00035365 0.06318201 -0.00660466
v -0.00017943 0.06341630 -0.00598602
v -0.00020355 0.06330381 -0.00628578
v -0.00017943 0.06410019 0.00072873
v -0.00035365 0.06410790 0.00061556
v -0.00017943 0.06410501 0.00064844
v -0.00017943 0.06410630 0.00062321
v -0.00017943 0.06411305 0.00046568
v -0.00050374 0.06410790 0.00061556
v -0.00050374 0.06410405 0.00069891
v -0.00050374 0.06409794 0.00077385
v -0.00073692 0.06410341 0.00069203
v -0.00079320 0.06409698 0.00075168
v -0.00065383 0.06408348 0.00091608
v -0.00065383 0.06407963 0.00094897
v -0.00831926 0.06089475 -0.00533527
v -0.00838001 0.06089475 -0.00523280
v -0.00846578 0.06089475 -0.00508751
v -0.00776088 0.06124024 -0.00542703
v -0.00765456 0.06126820 -0.00553562
v -0.00812539 0.06113193 -0.00508522
v -0.00732490 0.06139932 -0.00575203
v -0.00722573 0.06143178 -0.00583538
v -0.00839698 0.06096417 -0.00503933
v -0.00825136 0.06111715 -0.00490092
v -0.00816738 0.06115668 -0.00494451
v -0.00830318 0.06106508 -0.00494451
v -0.00689696 0.06186243 -0.00518845
v -0.00686479 0.06184507 -0.00528862
v -0.00686747 0.06199676 -0.00484281
v -0.00681297 0.06204144 -0.00479004
v -0.00675937 0.06201733 -0.00493534
v -0.00673168 0.06200383 -0.00501333
v -0.00669505 0.06198680 -0.00511351
v -0.00645829 0.06201605 -0.00534903
v -0.00589902 0.06247241 -0.00477246
v -0.00615007 0.06216227 -0.00533756
v -0.00634215 0.06195788 -0.00567403
v -0.00631713 0.06187014 -0.00596079
v -0.00621975 0.06190099 -0.00600055
v -0.00627961 0.06185279 -0.00606020
v -0.00702293 0.06169852 -0.00544844
v -0.00702739 0.06185118 -0.00500569
v -0.00731150 0.06169145 -0.00497816
v -0.00733472 0.06155551 -0.00531845
v -0.00745444 0.06138582 -0.00556621
v -0.00544517 0.06226222 -0.00597838
v -0.00593565 0.06198262 -0.00613590
v -0.00619652 0.06181261 -0.00627890
v -0.00610093 0.06183961 -0.00632402
v -0.00600087 0.06186243 -0.00638596
v -0.00621350 0.06168406 -0.00659854
v -0.00475993 0.06244412 -0.00633625
v -0.00621529 0.06156965 -0.00686312
v -0.00626532 0.06154490 -0.00686312
v -0.00594458 0.06169434 -0.00686312
v -0.00466076 0.06246662 -0.00639360
v -0.00523701 0.06215649 -0.00651978
v -0.00581504 0.06184604 -0.00664442
v -0.00602588 0.06172359 -0.00671095
v -0.00591957 0.06175476 -0.00675071
v -0.00545410 0.06196977 -0.00673618
v -0.00558007 0.06185921 -0.00686312
v -0.00587847 0.06172455 -0.00686312
v -0.00884011 0.06111008 0.00094897
v -0.00884279 0.06111201 0.00091608
v -0.00911886 0.06094296 0.00046568
v -0.00919212 0.06090182 0.00031045
v -0.00919926 0.06089475 0.00031962
v -0.00065383 0.06307788 -0.00686312
v -0.00065383 0.06312577 -0.00673618
v -0.00050374 0.06324147 -0.00643566
v -0.00035365 0.06341244 -0.00598602
v -0.00035365 0.06320997 -0.00652972
v -0.00017943 0.06347286 -0.00583385
v -0.00035365 0.06412012 0.00031580
v -0.00050374 0.06411466 0.00046568
v -0.00017943 0.06411916 0.00031580
v -0.00065383 0.06411466 0.00046568
v -0.00065383 0.06410758 0.00061556
v -0.00065383 0.06410373 0.00069432
v -0.00083698 0.06410276 0.00068209
v -0.00095401 0.06412044 0.00031580
v -0.00110411 0.06411948 0.00031580
v -0.00095401 0.06409216 0.00076544
v -0.00080392 0.06407963 0.00091608
v -0.00080392 0.06407545 0.00094897
v -0.00854529 0.06089475 -0.00493381
v -0.00781627 0.06127591 -0.00523586
v -0.00761257 0.06139096 -0.00527945
v -0.00789132 0.06122738 -0.00523586
v -0.00794760 0.06126370 -0.00504010
v -0.00791901 0.06124506 -0.00514027
v -0.00842289 0.06098345 -0.00493534
v -0.00849794 0.06092882 -0.00493534
v -0.00815219 0.06121678 -0.00479387
v -0.00809948 0.06126563 -0.00475028
v -0.00807536 0.06124923 -0.00484969
v -0.00835231 0.06108276 -0.00478546
v -0.00827727 0.06113515 -0.00478546
v -0.00797708 0.06128234 -0.00493534
v -0.00776981 0.06139578 -0.00499116
v -0.00749196 0.06156033 -0.00503092
v -0.00690053 0.06201412 -0.00474340
v -0.00703097 0.06200319 -0.00456140
v -0.00679153 0.06210732 -0.00462334
v -0.00673346 0.06215456 -0.00456522
v -0.00669773 0.06213785 -0.00466540
v -0.00665037 0.06211953 -0.00478546
v -0.00656103 0.06214428 -0.00483516
v -0.00629033 0.06230786 -0.00472428
v -0.00608574 0.06243288 -0.00463558
v -0.00550592 0.06289181 -0.00407812
v -0.00540586 0.06291495 -0.00414464
v -0.00575607 0.06242741 -0.00509210
v -0.00556042 0.06246726 -0.00523586
v -0.00589634 0.06226383 -0.00537962
v -0.00579896 0.06213881 -0.00586979
v -0.00569890 0.06216163 -0.00593555
v -0.00718642 0.06185664 -0.00472122
v -0.00734008 0.06170881 -0.00487798
v -0.00735795 0.06157061 -0.00523586
v -0.00740977 0.06159311 -0.00508292
v -0.00746337 0.06154201 -0.00513110
v -0.00507887 0.06245312 -0.00591032
v -0.00497434 0.06247369 -0.00598602
v -0.00552022 0.06214878 -0.00619937
v -0.00470811 0.06248590 -0.00628655
v -0.00454462 0.06256111 -0.00627584
v -0.00444009 0.06258746 -0.00631943
v -0.00455891 0.06248976 -0.00644025
v -0.00461162 0.06244573 -0.00649378
v -0.00482604 0.06232361 -0.00655954
v -0.00492610 0.06230143 -0.00650754
v -0.00571498 0.06186853 -0.00669871
v -0.00540318 0.06201347 -0.00668648
v -0.00535583 0.06199226 -0.00678665
v -0.00532992 0.06197105 -0.00686312
v -0.00875881 0.06117339 0.00094897
v -0.00868466 0.06125534 0.00071803
v -0.00877668 0.06121067 0.00046568
v -0.00886334 0.06112775 0.00061556
v -0.00893839 0.06106926 0.00061556
v -0.00912600 0.06094907 0.00035709
v -0.00922071 0.06089475 0.00016592
v -0.00913315 0.06095421 0.00025692
v -0.00077980 0.06307306 -0.00686312
v -0.00080392 0.06311902 -0.00673618
v -0.00065383 0.06320579 -0.00651825
v -0.00050374 0.06333885 -0.00617184
v -0.00035365 0.06349921 -0.00574973
v -0.00017943 0.06352846 -0.00568397
v -0.00017943 0.06412012 0.00029210
v -0.00020355 0.06412526 0.00016592
v -0.00050374 0.06412076 0.00031580
v -0.00065383 0.06412108 0.00031580
v -0.00080392 0.06412108 0.00031580
v -0.00095401 0.06410630 0.00058956
v -0.00095401 0.06410148 0.00066450
v -0.00095401 0.06412655 0.00016592
v -0.00110411 0.06412558 0.00016592
v -0.00125420 0.06412301 0.00016592
v -0.00125420 0.06411626 0.00031580
v -0.00110411 0.06411080 0.00046568
v -0.00110411 0.06409955 0.00063774
v -0.00110411 0.06408766 0.00076544
v -0.00095401 0.06407480 0.00091608
v -0.00095401 0.06406998 0.00094897
v -0.00859979 0.06089475 -0.00480916
v -0.00852027 0.06094489 -0.00483669
v -0.00786362 0.06130001 -0.00508827
v -0.00754736 0.06150570 -0.00508292
v -0.00792348 0.06139803 -0.00469599
v -0.00812450 0.06128266 -0.00463558
v -0.00779393 0.06156226 -0.00444135
v -0.00777160 0.06154683 -0.00454152
v -0.00774748 0.06153141 -0.00463558
v -0.00790025 0.06138325 -0.00478546
v -0.00751787 0.06157672 -0.00493534
v -0.00854172 0.06096064 -0.00473652
v -0.00844791 0.06105769 -0.00463787
v -0.00837197 0.06109658 -0.00468987
v -0.00839252 0.06111104 -0.00458970
v -0.00831569 0.06115057 -0.00463787
v -0.00819954 0.06123124 -0.00463558
v -0.00736510 0.06172488 -0.00478546
v -0.00739637 0.06165514 -0.00493075
v -0.00695235 0.06202665 -0.00462105
v -0.00683442 0.06213110 -0.00448493
v -0.00695503 0.06206843 -0.00448493
v -0.00715962 0.06199098 -0.00437329
v -0.00705241 0.06201540 -0.00448493
v -0.00675937 0.06216774 -0.00448493
v -0.00659588 0.06231107 -0.00428535
v -0.00642613 0.06245120 -0.00410488
v -0.00634662 0.06241456 -0.00432970
v -0.00642702 0.06230175 -0.00455605
v -0.00659766 0.06216131 -0.00473499
v -0.00650832 0.06218574 -0.00478546
v -0.00620546 0.06242645 -0.00449181
v -0.00606341 0.06249233 -0.00449181
v -0.00554255 0.06290884 -0.00397794
v -0.00545500 0.06293101 -0.00403071
v -0.00525577 0.06246501 -0.00564497
v -0.00531205 0.06294098 -0.00419053
v -0.00515392 0.06296251 -0.00433505
v -0.00467416 0.06292298 -0.00508522
v -0.00460269 0.06289052 -0.00527409
v -0.00469649 0.06286353 -0.00522898
v -0.00471704 0.06279636 -0.00539644
v -0.00511729 0.06247048 -0.00581091
v -0.00501901 0.06250133 -0.00585067
v -0.00721054 0.06187143 -0.00463558
v -0.00728559 0.06182547 -0.00463558
v -0.00485641 0.06257782 -0.00584302
v -0.00473491 0.06258232 -0.00598602
v -0.00463038 0.06260289 -0.00606096
v -0.00448744 0.06260610 -0.00622002
v -0.00434003 0.06260642 -0.00636990
v -0.00439631 0.06256078 -0.00642648
v -0.00420869 0.06276422 -0.00609002
v -0.00451156 0.06246566 -0.00653889
v -0.00455891 0.06242516 -0.00658783
v -0.00462502 0.06230111 -0.00680730
v -0.00470722 0.06224294 -0.00686312
v -0.00472866 0.06223394 -0.00686312
v -0.00486446 0.06217674 -0.00686312
v -0.00471883 0.06235349 -0.00660007
v -0.00500472 0.06211535 -0.00686312
v -0.00509138 0.06215810 -0.00667271
v -0.00519144 0.06213592 -0.00661995
v -0.00530490 0.06203629 -0.00673618
v -0.00514588 0.06211021 -0.00672854
v -0.00520663 0.06202601 -0.00686312
v -0.00524415 0.06200930 -0.00686312
v -0.00866769 0.06124313 0.00094897
v -0.00859532 0.06130226 0.00091608
v -0.00843361 0.06144303 0.00076544
v -0.00850866 0.06138550 0.00076544
v -0.00867751 0.06125020 0.00081744
v -0.00852653 0.06139932 0.00050927
v -0.00878651 0.06121806 0.00031580
v -0.00896787 0.06109240 0.00016592
v -0.00831747 0.06159697 0.00015445
v -0.00871146 0.06127623 0.00031580
v -0.00923768 0.06089475 0.00003898
v -0.00080392 0.06307178 -0.00686312
v -0.00080392 0.06307242 -0.00686159
v -0.00079499 0.06317880 -0.00657254
v -0.00073960 0.06320387 -0.00651289
v -0.00095401 0.06306728 -0.00684783
v -0.00095401 0.06310842 -0.00673618
v -0.00050374 0.06336616 -0.00609690
v -0.00050374 0.06340633 -0.00598602
v -0.00050374 0.06346065 -0.00583538
v -0.00035365 0.06352621 -0.00567479
v -0.00017943 0.06358052 -0.00553562
v -0.00020355 0.06352878 -0.00568091
v -0.00020355 0.06357988 -0.00553562
v -0.00017943 0.06412590 0.00014222
v -0.00017943 0.06413747 -0.00015831
v -0.00020355 0.06413104 0.00001528
v -0.00065383 0.06412719 0.00016592
v -0.00080392 0.06412719 0.00016592
v -0.00110411 0.06410469 0.00056280
v -0.00095401 0.06413104 0.00001528
v -0.00050374 0.06414647 -0.00043436
v -0.00110411 0.06412976 0.00001528
v -0.00095401 0.06413522 -0.00013460
v -0.00125420 0.06413008 -0.00013460
v -0.00140429 0.06411530 0.00016592
v -0.00110411 0.06413362 -0.00013460
v -0.00124437 0.06410694 0.00046644
v -0.00118809 0.06410373 0.00054597
v -0.00140429 0.06410855 0.00031504
v -0.00135426 0.06410501 0.00041674
v -0.00124437 0.06409730 0.00060409
v -0.00125420 0.06408123 0.00076544
v -0.00110411 0.06406838 0.00091608
v -0.00110411 0.06406323 0.00094897
v -0.00859711 0.06090407 -0.00478622
v -0.00860962 0.06089475 -0.00478622
v -0.00781359 0.06157576 -0.00433505
v -0.00763938 0.06170881 -0.00428229
v -0.00746516 0.06184250 -0.00421958
v -0.00761883 0.06169531 -0.00438246
v -0.00822009 0.06124538 -0.00453005
v -0.00736510 0.06187593 -0.00433505
v -0.00734098 0.06185986 -0.00443140
v -0.00767243 0.06157961 -0.00463558
v -0.00744015 0.06167731 -0.00478546
v -0.00761883 0.06154523 -0.00483822
v -0.00867215 0.06089475 -0.00463558
v -0.00863731 0.06092046 -0.00463558
v -0.00856226 0.06097574 -0.00463558
v -0.00866411 0.06094007 -0.00448493
v -0.00858907 0.06099470 -0.00448493
v -0.00848454 0.06106991 -0.00448493
v -0.00840949 0.06112325 -0.00448493
v -0.00823707 0.06125727 -0.00443064
v -0.00806642 0.06139257 -0.00436335
v -0.00788864 0.06152369 -0.00433505
v -0.00731418 0.06184314 -0.00453158
v -0.00686569 0.06214556 -0.00438476
v -0.00645561 0.06246726 -0.00400471
v -0.00710780 0.06203340 -0.00432817
v -0.00694788 0.06211664 -0.00433505
v -0.00726057 0.06189264 -0.00448264
v -0.00724449 0.06195402 -0.00432817
v -0.00718731 0.06200673 -0.00427311
v -0.00629123 0.06245826 -0.00427617
v -0.00636716 0.06249747 -0.00404676
v -0.00615453 0.06261446 -0.00399629
v -0.00584899 0.06276165 -0.00398712
v -0.00557382 0.06292362 -0.00388541
v -0.00545410 0.06297761 -0.00388541
v -0.00530401 0.06299561 -0.00403529
v -0.00499936 0.06256818 -0.00568397
v -0.00500472 0.06297794 -0.00448493
v -0.00455355 0.06292780 -0.00522898
v -0.00450263 0.06291302 -0.00533986
v -0.00463664 0.06275554 -0.00561897
v -0.00474295 0.06273626 -0.00553562
v -0.00469381 0.06270991 -0.00567556
v -0.00471347 0.06264241 -0.00584302
v -0.00455534 0.06282110 -0.00553562
v -0.00446332 0.06289566 -0.00544003
v -0.00449637 0.06276004 -0.00578108
v -0.00455534 0.06266170 -0.00598602
v -0.00440524 0.06266973 -0.00613590
v -0.00436325 0.06291655 -0.00549891
v -0.00431948 0.06289855 -0.00559909
v -0.00417475 0.06290080 -0.00575509
v -0.00425515 0.06267102 -0.00628578
v -0.00424354 0.06261960 -0.00642648
v -0.00418547 0.06260481 -0.00651519
v -0.00428553 0.06258521 -0.00647007
v -0.00411667 0.06288891 -0.00584914
v -0.00402644 0.06290177 -0.00590802
v -0.00415598 0.06274461 -0.00619019
v -0.00425694 0.06278350 -0.00598679
v -0.00458750 0.06228922 -0.00686312
v -0.00859264 0.06130033 0.00094897
v -0.00849705 0.06137714 0.00091608
v -0.00828174 0.06159183 0.00046568
v -0.00842200 0.06143403 0.00091608
v -0.00833445 0.06151791 0.00076544
v -0.00810841 0.06172391 0.00046568
v -0.00835678 0.06153430 0.00046568
v -0.00819418 0.06167506 0.00031580
v -0.00889283 0.06115057 0.00016592
v -0.00863374 0.06136622 0.00001528
v -0.00881510 0.06124024 -0.00013460
v -0.00906168 0.06104902 -0.00013460
v -0.00923321 0.06091564 -0.00013460
v -0.00926002 0.06089475 -0.00013460
v -0.00830586 0.06161979 0.00001528
v -0.00854886 0.06141699 0.00016592
v -0.00803158 0.06181518 0.00016592
v -0.00804141 0.06182290 0.00001528
v -0.00095401 0.06306149 -0.00686312
v -0.00080392 0.06335716 -0.00607243
v -0.00083966 0.06320033 -0.00650372
v -0.00065383 0.06339798 -0.00598602
v -0.00065383 0.06333531 -0.00616114
v -0.00065383 0.06329032 -0.00628578
v -0.00110411 0.06306117 -0.00683254
v -0.00095401 0.06316209 -0.00658631
v -0.00110411 0.06309652 -0.00673618
v -0.00110411 0.06331153 -0.00613590
v -0.00050374 0.06349536 -0.00573903
v -0.00050374 0.06352203 -0.00566409
v -0.00035365 0.06357474 -0.00553562
v -0.00017943 0.06361973 -0.00540944
v -0.00020355 0.06362648 -0.00538574
v -0.00017943 0.06414294 -0.00030819
v -0.00035365 0.06413169 0.00001528
v -0.00065383 0.06413233 0.00001528
v -0.00050374 0.06414197 -0.00028448
v -0.00050374 0.06415065 -0.00058501
v -0.00065383 0.06414551 -0.00043436
v -0.00020355 0.06415193 -0.00058501
v -0.00017943 0.06415644 -0.00073489
v -0.00017943 0.06416061 -0.00088476
v -0.00095401 0.06413908 -0.00028448
v -0.00125420 0.06413329 -0.00028448
v -0.00140429 0.06411883 0.00001528
v -0.00110411 0.06414037 -0.00043436
v -0.00152579 0.06410662 0.00016592
v -0.00150257 0.06410501 0.00026457
v -0.00095401 0.06414262 -0.00043436
v -0.00128815 0.06410148 0.00051691
v -0.00155260 0.06409794 0.00031504
v -0.00140429 0.06409794 0.00046644
v -0.00140429 0.06408734 0.00061556
v -0.00125420 0.06405938 0.00091608
v -0.00140429 0.06407095 0.00076544
v -0.00125420 0.06405424 0.00094897
v -0.00748392 0.06185536 -0.00412017
v -0.00741066 0.06189039 -0.00417600
v -0.00728112 0.06197266 -0.00418517
v -0.00741245 0.06174577 -0.00463481
v -0.00746695 0.06169402 -0.00468528
v -0.00869270 0.06089475 -0.00457746
v -0.00872218 0.06089475 -0.00449181
v -0.00875256 0.06089475 -0.00438476
v -0.00876507 0.06089475 -0.00433964
v -0.00874541 0.06090922 -0.00434041
v -0.00867662 0.06094939 -0.00439393
v -0.00777875 0.06200158 -0.00245315
v -0.00808161 0.06140350 -0.00426317
v -0.00732847 0.06200158 -0.00395424
v -0.00765546 0.06172070 -0.00418517
v -0.00680493 0.06223394 -0.00418517
v -0.00672453 0.06230015 -0.00409953
v -0.00666646 0.06234546 -0.00404371
v -0.00648420 0.06248237 -0.00388541
v -0.00634036 0.06255918 -0.00387165
v -0.00598121 0.06275329 -0.00381200
v -0.00699434 0.06213399 -0.00418517
v -0.00720607 0.06201862 -0.00418517
v -0.00710512 0.06207454 -0.00418517
v -0.00594905 0.06273819 -0.00391218
v -0.00567478 0.06290080 -0.00380283
v -0.00561670 0.06294516 -0.00374548
v -0.00544874 0.06302357 -0.00373477
v -0.00536119 0.06304607 -0.00378371
v -0.00530848 0.06303514 -0.00389688
v -0.00519502 0.06303996 -0.00403529
v -0.00514409 0.06301714 -0.00417676
v -0.00500025 0.06302614 -0.00433505
v -0.00485463 0.06299175 -0.00463558
v -0.00455534 0.06297247 -0.00508522
v -0.00440524 0.06298533 -0.00523586
v -0.00440971 0.06293519 -0.00538803
v -0.00426319 0.06293937 -0.00554327
v -0.00421942 0.06291848 -0.00565491
v -0.00407468 0.06292009 -0.00580785
v -0.00405592 0.06276133 -0.00623149
v -0.00385848 0.06289695 -0.00604643
v -0.00398445 0.06274044 -0.00633166
v -0.00410506 0.06261606 -0.00654119
v -0.00400678 0.06259678 -0.00664748
v -0.00410506 0.06258167 -0.00661689
v -0.00410506 0.06252575 -0.00673618
v -0.00418993 0.06245666 -0.00681877
v -0.00423371 0.06241970 -0.00686312
v -0.00425247 0.06241295 -0.00686312
v -0.00396747 0.06294226 -0.00584914
v -0.00392638 0.06291752 -0.00594626
v -0.00849437 0.06137522 0.00094897
v -0.00811914 0.06173227 0.00031580
v -0.00825940 0.06157447 0.00076544
v -0.00841932 0.06143178 0.00094897
v -0.00824689 0.06156515 0.00091608
v -0.00809591 0.06171459 0.00061556
v -0.00778589 0.06200673 0.00011545
v -0.00795654 0.06187239 0.00016592
v -0.00874005 0.06129841 -0.00013460
v -0.00847114 0.06150666 -0.00013460
v -0.00924215 0.06092271 -0.00028448
v -0.00927788 0.06089475 -0.00028448
v -0.00830586 0.06163425 -0.00013460
v -0.00805124 0.06183029 -0.00013460
v -0.00814862 0.06175541 -0.00013460
v -0.00796636 0.06188042 0.00001528
v -0.00110411 0.06304896 -0.00686312
v -0.00080392 0.06338802 -0.00598602
v -0.00065383 0.06349086 -0.00572603
v -0.00089148 0.06335395 -0.00606326
v -0.00095401 0.06343076 -0.00583538
v -0.00095401 0.06322283 -0.00641654
v -0.00122025 0.06305635 -0.00682030
v -0.00110411 0.06337259 -0.00596538
v -0.00126403 0.06307853 -0.00674995
v -0.00125420 0.06313830 -0.00658631
v -0.00065383 0.06351721 -0.00565109
v -0.00050374 0.06356670 -0.00553562
v -0.00050374 0.06361395 -0.00538574
v -0.00035365 0.06362134 -0.00538574
v -0.00017943 0.06362680 -0.00538574
v -0.00035365 0.06366858 -0.00521598
v -0.00020355 0.06365026 -0.00530009
v -0.00017943 0.06364705 -0.00531386
v -0.00017943 0.06414711 -0.00043436
v -0.00020355 0.06414711 -0.00043436
v -0.00065383 0.06414936 -0.00058501
v -0.00017943 0.06416479 -0.00105835
v -0.00080392 0.06414422 -0.00043436
v -0.00017943 0.06415193 -0.00058501
v -0.00125420 0.06413619 -0.00043436
v -0.00140429 0.06412205 -0.00013460
v -0.00110411 0.06415258 -0.00103464
v -0.00161782 0.06410244 0.00004969
v -0.00160084 0.06410116 0.00016592
v -0.00080392 0.06416093 -0.00118452
v -0.00095401 0.06415547 -0.00103464
v -0.00170448 0.06409312 0.00016592
v -0.00170448 0.06408605 0.00031580
v -0.00065383 0.06415644 -0.00088476
v -0.00080392 0.06415129 -0.00073489
v -0.00155438 0.06408702 0.00046568
v -0.00155438 0.06407545 0.00061556
v -0.00140429 0.06404845 0.00091608
v -0.00128636 0.06405199 0.00094897
v -0.00155438 0.06405874 0.00076544
v -0.00731239 0.06199162 -0.00403529
v -0.00877311 0.06089475 -0.00430905
v -0.00757237 0.06181197 -0.00403529
v -0.00880527 0.06089475 -0.00418517
v -0.00811645 0.06173002 -0.00253497
v -0.00796100 0.06187625 -0.00238509
v -0.00784665 0.06196077 -0.00239656
v -0.00787881 0.06196463 -0.00223521
v -0.00779036 0.06200994 -0.00235374
v -0.00771889 0.06204529 -0.00239656
v -0.00754646 0.06212082 -0.00254338
v -0.00755540 0.06209254 -0.00268561
v -0.00725521 0.06208514 -0.00373477
v -0.00734276 0.06201155 -0.00385406
v -0.00726861 0.06204754 -0.00389688
v -0.00713371 0.06212724 -0.00388541
v -0.00723734 0.06203661 -0.00403529
v -0.00701935 0.06214717 -0.00408500
v -0.00674865 0.06231300 -0.00399935
v -0.00655925 0.06244188 -0.00388541
v -0.00651726 0.06249426 -0.00374395
v -0.00637163 0.06257300 -0.00373477
v -0.00628140 0.06260353 -0.00381277
v -0.00573195 0.06292973 -0.00358489
v -0.00560420 0.06299336 -0.00358489
v -0.00570426 0.06291559 -0.00370265
v -0.00709619 0.06211632 -0.00403453
v -0.00550145 0.06304157 -0.00358489
v -0.00539603 0.06305925 -0.00368430
v -0.00522539 0.06305153 -0.00395424
v -0.00508781 0.06305603 -0.00412170
v -0.00504760 0.06304189 -0.00422188
v -0.00440078 0.06302839 -0.00508445
v -0.00430697 0.06304607 -0.00513339
v -0.00425605 0.06303385 -0.00523892
v -0.00425515 0.06299304 -0.00538574
v -0.00490823 0.06304607 -0.00438476
v -0.00411667 0.06294226 -0.00569697
v -0.00395497 0.06300172 -0.00568550
v -0.00380666 0.06293423 -0.00599214
v -0.00375842 0.06291077 -0.00607931
v -0.00388439 0.06275393 -0.00636378
v -0.00394246 0.06271248 -0.00642266
v -0.00395586 0.06257203 -0.00673007
v -0.00380488 0.06276454 -0.00638749
v -0.00380488 0.06273144 -0.00646243
v -0.00390672 0.06260996 -0.00667654
v -0.00395765 0.06250711 -0.00686312
v -0.00409076 0.06246823 -0.00686312
v -0.00410506 0.06247176 -0.00684706
v -0.00415420 0.06244702 -0.00686312
v -0.00380488 0.06299625 -0.00583538
v -0.00834070 0.06149059 0.00094897
v -0.00824421 0.06156258 0.00094897
v -0.00808697 0.06170752 0.00072032
v -0.00829514 0.06152466 0.00094897
v -0.00777428 0.06199901 0.00021563
v -0.00768762 0.06204111 0.00031580
v -0.00746427 0.06214267 0.00061556
v -0.00757326 0.06211600 0.00031580
v -0.00749822 0.06216420 0.00031580
v -0.00758845 0.06212660 0.00016592
v -0.00770549 0.06206972 0.00001528
v -0.00779304 0.06201219 0.00001528
v -0.00792527 0.06184925 0.00051768
v -0.00786809 0.06195531 0.00001528
v -0.00899557 0.06111361 -0.00028448
v -0.00822902 0.06170174 -0.00022637
v -0.00924929 0.06092818 -0.00043436
v -0.00929218 0.06089475 -0.00043436
v -0.00797619 0.06188782 -0.00013460
v -0.00788685 0.06196945 -0.00028448
v -0.00787792 0.06196302 -0.00013460
v -0.00116307 0.06304382 -0.00686312
v -0.00080392 0.06344169 -0.00583538
v -0.00080392 0.06348571 -0.00571150
v -0.00095401 0.06348025 -0.00569620
v -0.00140429 0.06348925 -0.00557156
v -0.00132031 0.06305217 -0.00680883
v -0.00125420 0.06333981 -0.00602349
v -0.00166070 0.06350564 -0.00546833
v -0.00146862 0.06320194 -0.00635843
v -0.00156064 0.06333177 -0.00597608
v -0.00140429 0.06333370 -0.00600667
v -0.00151507 0.06335588 -0.00591949
v -0.00155438 0.06343654 -0.00568550
v -0.00080392 0.06351207 -0.00563656
v -0.00080392 0.06354710 -0.00553562
v -0.00065383 0.06355706 -0.00553562
v -0.00080392 0.06359627 -0.00538574
v -0.00065383 0.06360527 -0.00538574
v -0.00125420 0.06364576 -0.00513416
v -0.00095848 0.06363580 -0.00522439
v -0.00080392 0.06363644 -0.00525115
v -0.00080392 0.06365765 -0.00517621
v -0.00050374 0.06364416 -0.00527868
v -0.00050374 0.06366505 -0.00520374
v -0.00050374 0.06369783 -0.00508522
v -0.00035365 0.06370457 -0.00508522
v -0.00020355 0.06367083 -0.00522515
v -0.00017943 0.06366794 -0.00523815
v -0.00017943 0.06416832 -0.00120823
v -0.00125420 0.06415065 -0.00118452
v -0.00140429 0.06412783 -0.00043436
v -0.00110411 0.06415547 -0.00118452
v -0.00164015 0.06410437 -0.00013460
v -0.00163122 0.06410341 -0.00005049
v -0.00095401 0.06416158 -0.00133517
v -0.00080392 0.06416415 -0.00133517
v -0.00065383 0.06416286 -0.00118452
v -0.00165623 0.06410566 -0.00028448
v -0.00173128 0.06409891 -0.00028448
v -0.00185367 0.06407705 0.00016592
v -0.00185367 0.06407031 0.00031580
v -0.00170448 0.06406291 0.00061556
v -0.00035365 0.06416608 -0.00118452
v -0.00155438 0.06403592 0.00091608
v -0.00140429 0.06404331 0.00094897
v -0.00170448 0.06404588 0.00076544
v -0.00906168 0.06089475 -0.00313984
v -0.00904560 0.06090729 -0.00314060
v -0.00898931 0.06095903 -0.00309472
v -0.00892320 0.06105834 -0.00283549
v -0.00882403 0.06109722 -0.00303125
v -0.00819150 0.06167281 -0.00253497
v -0.00803605 0.06181904 -0.00238509
v -0.00822277 0.06169660 -0.00227650
v -0.00805392 0.06183286 -0.00223521
v -0.00797887 0.06188942 -0.00223521
v -0.00823438 0.06170559 -0.00217633
v -0.00806732 0.06184282 -0.00208533
v -0.00799227 0.06189906 -0.00208533
v -0.00789132 0.06197395 -0.00208533
v -0.00780376 0.06201894 -0.00223521
v -0.00770549 0.06207711 -0.00223521
v -0.00758041 0.06212564 -0.00238509
v -0.00749018 0.06215874 -0.00249826
v -0.00747678 0.06215103 -0.00259844
v -0.00746427 0.06214396 -0.00268561
v -0.00715872 0.06214074 -0.00373477
v -0.00708368 0.06218284 -0.00373477
v -0.00694252 0.06226287 -0.00372712
v -0.00705866 0.06216902 -0.00388541
v -0.00703990 0.06215842 -0.00398482
v -0.00665484 0.06238981 -0.00388541
v -0.00659498 0.06246116 -0.00369959
v -0.00640022 0.06258746 -0.00358489
v -0.00566584 0.06304639 -0.00317502
v -0.00629659 0.06261156 -0.00373477
v -0.00602946 0.06277836 -0.00358489
v -0.00582487 0.06290048 -0.00349619
v -0.00552558 0.06305121 -0.00350154
v -0.00542641 0.06306985 -0.00358489
v -0.00530401 0.06311388 -0.00358489
v -0.00514320 0.06317301 -0.00357571
v -0.00515392 0.06313220 -0.00373477
v -0.00530848 0.06307788 -0.00373477
v -0.00526113 0.06306439 -0.00385406
v -0.00516643 0.06308656 -0.00389688
v -0.00511997 0.06306728 -0.00403529
v -0.00500293 0.06318169 -0.00373706
v -0.00500472 0.06314345 -0.00388541
v -0.00500472 0.06310520 -0.00403529
v -0.00459733 0.06304253 -0.00478546
v -0.00462860 0.06305250 -0.00470822
v -0.00435432 0.06336102 -0.00384106
v -0.00431412 0.06334817 -0.00394124
v -0.00425515 0.06315084 -0.00478546
v -0.00396837 0.06323504 -0.00479846
v -0.00410506 0.06311999 -0.00508522
v -0.00394335 0.06317205 -0.00507451
v -0.00342071 0.06335041 -0.00499957
v -0.00374234 0.06320676 -0.00517392
v -0.00416313 0.06304800 -0.00529168
v -0.00410953 0.06303675 -0.00539262
v -0.00410506 0.06299786 -0.00553562
v -0.00396301 0.06303932 -0.00554632
v -0.00387277 0.06305089 -0.00560291
v -0.00381560 0.06303996 -0.00569467
v -0.00365478 0.06297794 -0.00598602
v -0.00380488 0.06280889 -0.00628578
v -0.00365478 0.06289181 -0.00618484
v -0.00380488 0.06258810 -0.00677977
v -0.00369677 0.06274526 -0.00649378
v -0.00365478 0.06284746 -0.00628578
v -0.00380488 0.06267648 -0.00658631
v -0.00380488 0.06262281 -0.00670407
v -0.00380488 0.06254664 -0.00686312
v -0.00410506 0.06246373 -0.00686312
v -0.00371732 0.06304960 -0.00575050
v -0.00366193 0.06303385 -0.00583767
v -0.00818167 0.06160629 0.00094897
v -0.00807536 0.06169949 0.00082050
v -0.00776267 0.06199098 0.00031580
v -0.00766975 0.06202955 0.00046568
v -0.00755540 0.06208225 0.00061556
v -0.00748660 0.06215681 0.00041903
v -0.00744551 0.06213110 0.00076544
v -0.00737046 0.06217834 0.00076544
v -0.00738922 0.06218959 0.00061556
v -0.00751341 0.06217384 0.00016592
v -0.00740530 0.06222237 0.00031580
v -0.00760185 0.06213528 0.00001528
v -0.00770549 0.06208450 -0.00013460
v -0.00761436 0.06214267 -0.00013460
v -0.00780287 0.06201958 -0.00013460
v -0.00791365 0.06184154 0.00061556
v -0.00847918 0.06151277 -0.00028448
v -0.00829246 0.06165642 -0.00027989
v -0.00883207 0.06125373 -0.00049248
v -0.00891069 0.06119846 -0.00058501
v -0.00908223 0.06106508 -0.00058501
v -0.00815576 0.06177212 -0.00043436
v -0.00929665 0.06089475 -0.00051465
v -0.00925376 0.06093139 -0.00058501
v -0.00789310 0.06197427 -0.00043436
v -0.00781180 0.06202569 -0.00028448
v -0.00127564 0.06303353 -0.00686312
v -0.00125420 0.06349504 -0.00558838
v -0.00095401 0.06350660 -0.00562126
v -0.00185367 0.06336713 -0.00579867
v -0.00170448 0.06331410 -0.00598602
v -0.00155438 0.06322508 -0.00627125
v -0.00170448 0.06334752 -0.00589502
v -0.00140429 0.06301682 -0.00686312
v -0.00140429 0.06304639 -0.00679507
v -0.00170448 0.06318844 -0.00632249
v -0.00223695 0.06350403 -0.00531309
v -0.00215386 0.06350885 -0.00532609
v -0.00176076 0.06350146 -0.00545609
v -0.00185367 0.06357024 -0.00523586
v -0.00170448 0.06358213 -0.00523586
v -0.00155438 0.06354228 -0.00538574
v -0.00140429 0.06355385 -0.00538574
v -0.00140429 0.06351560 -0.00549662
v -0.00161514 0.06335170 -0.00590726
v -0.00095401 0.06353649 -0.00553562
v -0.00110411 0.06357634 -0.00538574
v -0.00095401 0.06358663 -0.00538574
v -0.00125420 0.06361459 -0.00523586
v -0.00140429 0.06364126 -0.00511963
v -0.00110411 0.06362391 -0.00523586
v -0.00166785 0.06365540 -0.00501792
v -0.00155438 0.06365862 -0.00502939
v -0.00140429 0.06366279 -0.00504469
v -0.00101209 0.06365219 -0.00515710
v -0.00095848 0.06367115 -0.00509898
v -0.00050374 0.06373607 -0.00493534
v -0.00110411 0.06367051 -0.00507374
v -0.00035365 0.06374250 -0.00493534
v -0.00020355 0.06370907 -0.00508522
v -0.00017943 0.06370329 -0.00510816
v -0.00017943 0.06417154 -0.00135887
v -0.00020355 0.06417090 -0.00133517
v -0.00125420 0.06415644 -0.00148505
v -0.00140429 0.06413651 -0.00088476
v -0.00155438 0.06411658 -0.00043436
v -0.00110411 0.06416093 -0.00148505
v -0.00095401 0.06416447 -0.00148505
v -0.00155438 0.06412462 -0.00088476
v -0.00080392 0.06416993 -0.00163493
v -0.00065383 0.06416608 -0.00133517
v -0.00155438 0.06412976 -0.00118452
v -0.00170448 0.06411433 -0.00103464
v -0.00170448 0.06411176 -0.00088476
v -0.00176076 0.06410148 -0.00058501
v -0.00185367 0.06407995 0.00001528
v -0.00200377 0.06405102 0.00031580
v -0.00215386 0.06403752 0.00016592
v -0.00215386 0.06403142 0.00031580
v -0.00185367 0.06405874 0.00046568
v -0.00215386 0.06402081 0.00046568
v -0.00185367 0.06404684 0.00061556
v -0.00185367 0.06403013 0.00076544
v -0.00170448 0.06402274 0.00091608
v -0.00155438 0.06403045 0.00094897
v -0.00909920 0.06089475 -0.00298461
v -0.00907776 0.06091146 -0.00298461
v -0.00902058 0.06098313 -0.00283549
v -0.00886602 0.06112968 -0.00268561
v -0.00854172 0.06141089 -0.00250515
v -0.00844523 0.06150602 -0.00238891
v -0.00816559 0.06174866 -0.00222986
v -0.00838805 0.06155840 -0.00234150
v -0.00824064 0.06171042 -0.00208533
v -0.00815576 0.06177565 -0.00208533
v -0.00855512 0.06142182 -0.00238509
v -0.00839967 0.06156740 -0.00223521
v -0.00847471 0.06150891 -0.00223521
v -0.00857031 0.06143371 -0.00223521
v -0.00864535 0.06137457 -0.00223521
v -0.00841128 0.06157704 -0.00208533
v -0.00807983 0.06185246 -0.00185745
v -0.00800121 0.06190549 -0.00193545
v -0.00790025 0.06198037 -0.00193545
v -0.00781627 0.06202762 -0.00208533
v -0.00770549 0.06209414 -0.00208533
v -0.00761525 0.06214460 -0.00208533
v -0.00759917 0.06213592 -0.00223521
v -0.00740530 0.06222173 -0.00238509
v -0.00698719 0.06242966 -0.00253497
v -0.00727397 0.06227219 -0.00253497
v -0.00741781 0.06219184 -0.00254338
v -0.00696753 0.06241841 -0.00268561
v -0.00724360 0.06226672 -0.00268332
v -0.00677635 0.06247851 -0.00298461
v -0.00685139 0.06243705 -0.00298461
v -0.00675490 0.06246694 -0.00313449
v -0.00673972 0.06245826 -0.00324154
v -0.00706134 0.06232039 -0.00298461
v -0.00696932 0.06234514 -0.00314672
v -0.00661285 0.06247176 -0.00358489
v -0.00686747 0.06229629 -0.00377224
v -0.00695503 0.06222623 -0.00388541
v -0.00650475 0.06253122 -0.00358489
v -0.00641898 0.06259710 -0.00347401
v -0.00568460 0.06305571 -0.00307484
v -0.00554523 0.06306021 -0.00340136
v -0.00518251 0.06318651 -0.00343501
v -0.00508513 0.06320483 -0.00351989
v -0.00545410 0.06314088 -0.00313449
v -0.00536030 0.06319583 -0.00301749
v -0.00533260 0.06318587 -0.00313449
v -0.00504850 0.06334206 -0.00283549
v -0.00485463 0.06343912 -0.00268561
v -0.00463485 0.06350468 -0.00276973
v -0.00470543 0.06344072 -0.00298461
v -0.00470543 0.06341340 -0.00313449
v -0.00505207 0.06319422 -0.00361930
v -0.00455534 0.06339959 -0.00343501
v -0.00440524 0.06344779 -0.00343501
v -0.00425515 0.06345647 -0.00358489
v -0.00425515 0.06341855 -0.00373477
v -0.00410506 0.06342626 -0.00388541
v -0.00398892 0.06334045 -0.00436105
v -0.00425873 0.06322604 -0.00448646
v -0.00384687 0.06334302 -0.00452087
v -0.00328313 0.06350403 -0.00456370
v -0.00319557 0.06347543 -0.00477781
v -0.00320451 0.06343172 -0.00493534
v -0.00332065 0.06336520 -0.00505386
v -0.00350469 0.06326075 -0.00523586
v -0.00365032 0.06321929 -0.00522898
v -0.00406307 0.06306310 -0.00534750
v -0.00377271 0.06306535 -0.00565032
v -0.00327240 0.06335106 -0.00515404
v -0.00354221 0.06304478 -0.00588814
v -0.00349754 0.06301972 -0.00597455
v -0.00335460 0.06298436 -0.00613590
v -0.00351630 0.06294065 -0.00614890
v -0.00357438 0.06290145 -0.00620778
v -0.00371464 0.06259935 -0.00680348
v -0.00347431 0.06291334 -0.00623455
v -0.00335460 0.06289373 -0.00634084
v -0.00359671 0.06275683 -0.00651978
v -0.00365032 0.06271858 -0.00657636
v -0.00367354 0.06257942 -0.00686312
v -0.00344483 0.06320708 -0.00547291
v -0.00361726 0.06306278 -0.00578873
v -0.00806017 0.06168920 0.00094897
v -0.00801729 0.06174705 0.00076850
v -0.00769566 0.06196334 0.00077232
v -0.00765188 0.06201765 0.00061556
v -0.00756790 0.06204883 0.00077232
v -0.00754110 0.06204336 0.00091608
v -0.00742675 0.06211857 0.00091608
v -0.00735170 0.06216645 0.00091608
v -0.00724181 0.06225965 0.00075856
v -0.00718285 0.06230497 0.00070350
v -0.00726861 0.06226479 0.00061556
v -0.00731864 0.06229565 0.00016592
v -0.00739369 0.06226512 0.00001910
v -0.00722752 0.06233293 0.00031580
v -0.00741960 0.06226512 -0.00013460
v -0.00753931 0.06218991 -0.00013460
v -0.00733562 0.06230657 -0.00002831
v -0.00725521 0.06236828 -0.00013460
v -0.00770549 0.06209639 -0.00028448
v -0.00754825 0.06219602 -0.00028448
v -0.00735438 0.06231847 -0.00028448
v -0.00789578 0.06182965 0.00076544
v -0.00807178 0.06184604 -0.00058501
v -0.00849615 0.06152594 -0.00073489
v -0.00884011 0.06125984 -0.00073489
v -0.00815576 0.06178883 -0.00073489
v -0.00799674 0.06190389 -0.00058501
v -0.00930022 0.06089475 -0.00058501
v -0.00918140 0.06099245 -0.00073489
v -0.00930290 0.06089475 -0.00065995
v -0.00891516 0.06120135 -0.00073489
v -0.00901075 0.06112647 -0.00073489
v -0.00789936 0.06197877 -0.00058501
v -0.00781806 0.06203019 -0.00043436
v -0.00769209 0.06211407 -0.00043360
v -0.00200377 0.06351689 -0.00534827
v -0.00185367 0.06349696 -0.00544386
v -0.00143377 0.06301264 -0.00686312
v -0.00155438 0.06303578 -0.00676830
v -0.00176433 0.06305089 -0.00665589
v -0.00166427 0.06305796 -0.00667348
v -0.00155438 0.06306535 -0.00669336
v -0.00170448 0.06314473 -0.00643566
v -0.00155438 0.06310681 -0.00658631
v -0.00192425 0.06320226 -0.00620931
v -0.00208149 0.06335331 -0.00576197
v -0.00229412 0.06347382 -0.00537197
v -0.00233701 0.06349728 -0.00529551
v -0.00229412 0.06352300 -0.00524121
v -0.00215386 0.06354196 -0.00523586
v -0.00200377 0.06355706 -0.00523586
v -0.00215386 0.06359498 -0.00508522
v -0.00200377 0.06360784 -0.00508522
v -0.00185367 0.06362037 -0.00508522
v -0.00155438 0.06359370 -0.00523586
v -0.00140429 0.06360430 -0.00523586
v -0.00155438 0.06363612 -0.00510433
v -0.00176791 0.06365251 -0.00500722
v -0.00140429 0.06368979 -0.00493534
v -0.00125420 0.06369783 -0.00493534
v -0.00095401 0.06371325 -0.00493534
v -0.00065383 0.06379231 -0.00466387
v -0.00065383 0.06386944 -0.00433505
v -0.00050374 0.06387683 -0.00433505
v -0.00035365 0.06381706 -0.00461875
v -0.00035365 0.06377785 -0.00478546
v -0.00020355 0.06374700 -0.00493534
v -0.00017943 0.06370940 -0.00508522
v -0.00017943 0.06417411 -0.00148505
v -0.00125420 0.06415901 -0.00163493
v -0.00140429 0.06414197 -0.00118452
v -0.00110411 0.06416351 -0.00163493
v -0.00095401 0.06416704 -0.00163493
v -0.00080392 0.06417090 -0.00178481
v -0.00095401 0.06416865 -0.00178481
v -0.00065383 0.06417186 -0.00163493
v -0.00155438 0.06413651 -0.00163493
v -0.00170448 0.06411658 -0.00118452
v -0.00140429 0.06414711 -0.00148505
v -0.00140429 0.06414936 -0.00163493
v -0.00178042 0.06410341 -0.00079988
v -0.00184027 0.06409473 -0.00074330
v -0.00230395 0.06400153 0.00046568
v -0.00215386 0.06404781 -0.00043436
v -0.00230395 0.06402788 -0.00043436
v -0.00260414 0.06398289 -0.00013460
v -0.00260414 0.06398032 0.00001528
v -0.00281855 0.06395172 0.00001528
v -0.00260414 0.06397678 0.00016592
v -0.00230395 0.06401149 0.00031580
v -0.00245404 0.06398192 0.00046568
v -0.00200377 0.06402788 0.00061556
v -0.00200377 0.06401117 0.00076544
v -0.00200377 0.06398900 0.00091608
v -0.00185367 0.06400699 0.00091608
v -0.00170448 0.06401728 0.00094897
v -0.00913405 0.06089475 -0.00283549
v -0.00909563 0.06092496 -0.00283549
v -0.00894107 0.06107151 -0.00268561
v -0.00878562 0.06121774 -0.00253497
v -0.00815576 0.06178819 -0.00193545
v -0.00825583 0.06172231 -0.00178481
v -0.00888210 0.06114286 -0.00253497
v -0.00895715 0.06108405 -0.00253497
v -0.00912422 0.06094714 -0.00257320
v -0.00865518 0.06138261 -0.00208533
v -0.00848633 0.06151727 -0.00208533
v -0.00889640 0.06115443 -0.00238509
v -0.00897144 0.06109497 -0.00238509
v -0.00891963 0.06115475 -0.00224133
v -0.00841843 0.06158283 -0.00193545
v -0.00833087 0.06166349 -0.00178481
v -0.00808519 0.06185664 -0.00175728
v -0.00801997 0.06190228 -0.00179857
v -0.00790829 0.06198680 -0.00178481
v -0.00782520 0.06203340 -0.00193545
v -0.00771174 0.06211407 -0.00178481
v -0.00763134 0.06215328 -0.00186586
v -0.00762419 0.06214942 -0.00196527
v -0.00756701 0.06218477 -0.00192322
v -0.00725521 0.06236989 -0.00178481
v -0.00714264 0.06243223 -0.00178481
v -0.00706760 0.06247369 -0.00178481
v -0.00725521 0.06235671 -0.00193545
v -0.00713013 0.06242548 -0.00193545
v -0.00733383 0.06230465 -0.00202798
v -0.00726683 0.06233614 -0.00208074
v -0.00732400 0.06229982 -0.00212815
v -0.00752413 0.06217706 -0.00223521
v -0.00703275 0.06245441 -0.00217098
v -0.00723734 0.06233421 -0.00223521
v -0.00721858 0.06232393 -0.00238509
v -0.00710512 0.06238595 -0.00238509
v -0.00693090 0.06248108 -0.00238509
v -0.00691214 0.06247048 -0.00253497
v -0.00680493 0.06250744 -0.00268561
v -0.00689249 0.06245955 -0.00268561
v -0.00681297 0.06248269 -0.00282326
v -0.00686747 0.06244637 -0.00286532
v -0.00665484 0.06254472 -0.00298461
v -0.00654317 0.06258296 -0.00313449
v -0.00665484 0.06252190 -0.00313449
v -0.00666646 0.06249105 -0.00328896
v -0.00663519 0.06248430 -0.00343501
v -0.00649224 0.06256432 -0.00342813
v -0.00643417 0.06260514 -0.00337384
v -0.00591867 0.06294258 -0.00299531
v -0.00577216 0.06302261 -0.00298461
v -0.00569711 0.06306182 -0.00298461
v -0.00560420 0.06310359 -0.00298461
v -0.00561134 0.06307853 -0.00312913
v -0.00556846 0.06307017 -0.00328513
v -0.00510746 0.06321319 -0.00343501
v -0.00454194 0.06347254 -0.00312302
v -0.00455534 0.06343494 -0.00328513
v -0.00544160 0.06317205 -0.00297467
v -0.00538263 0.06320419 -0.00291884
v -0.00507083 0.06335009 -0.00274220
v -0.00485463 0.06346418 -0.00253497
v -0.00472955 0.06348475 -0.00268561
v -0.00501455 0.06337966 -0.00268944
v -0.00465450 0.06351143 -0.00268561
v -0.00455534 0.06354228 -0.00268561
v -0.00455712 0.06351978 -0.00282555
v -0.00440524 0.06354131 -0.00298461
v -0.00450352 0.06351078 -0.00298461
v -0.00448297 0.06350403 -0.00306490
v -0.00457857 0.06348539 -0.00298461
v -0.00440346 0.06348347 -0.00328819
v -0.00431501 0.06349889 -0.00334095
v -0.00399070 0.06349150 -0.00376230
v -0.00365657 0.06348507 -0.00419053
v -0.00351184 0.06348957 -0.00434652
v -0.00346627 0.06351368 -0.00430370
v -0.00331529 0.06351368 -0.00448493
v -0.00320451 0.06354453 -0.00448493
v -0.00314018 0.06350628 -0.00472275
v -0.00309372 0.06349375 -0.00482293
v -0.00304816 0.06347704 -0.00492845
v -0.00305441 0.06342819 -0.00508522
v -0.00317234 0.06336391 -0.00519457
v -0.00349754 0.06307274 -0.00583767
v -0.00344215 0.06305571 -0.00591796
v -0.00335460 0.06303514 -0.00601661
v -0.00325007 0.06304671 -0.00604567
v -0.00320183 0.06302261 -0.00612673
v -0.00321880 0.06294258 -0.00630031
v -0.00350469 0.06276743 -0.00654272
v -0.00350469 0.06273272 -0.00661766
v -0.00361458 0.06261060 -0.00682718
v -0.00327777 0.06290241 -0.00635996
v -0.00357527 0.06260192 -0.00686312
v -0.00310891 0.06334784 -0.00529474
v -0.00327777 0.06320258 -0.00560903
v -0.00300885 0.06336006 -0.00532992
v -0.00798512 0.06173966 0.00094897
v -0.00787792 0.06181743 0.00091608
v -0.00780287 0.06186789 0.00091608
v -0.00762687 0.06200062 0.00082661
v -0.00753663 0.06204079 0.00094897
v -0.00763759 0.06197330 0.00094897
v -0.00744729 0.06209928 0.00094897
v -0.00739905 0.06213078 0.00094897
v -0.00734723 0.06216356 0.00094897
v -0.00725789 0.06221916 0.00094897
v -0.00725521 0.06222623 0.00091608
v -0.00717034 0.06229693 0.00080367
v -0.00711405 0.06233839 0.00075856
v -0.00710512 0.06236506 0.00061556
v -0.00719357 0.06231139 0.00061556
v -0.00724360 0.06234225 0.00016592
v -0.00710512 0.06238628 0.00046568
v -0.00709261 0.06241456 0.00031274
v -0.00711941 0.06241745 0.00016592
v -0.00714800 0.06243416 -0.00013460
v -0.00715872 0.06244027 -0.00028448
v -0.00725521 0.06238049 -0.00028448
v -0.00762776 0.06215167 -0.00038236
v -0.00743568 0.06227540 -0.00043436
v -0.00756880 0.06219184 -0.00043360
v -0.00842468 0.06158668 -0.00088476
v -0.00884279 0.06126209 -0.00088476
v -0.00849973 0.06152851 -0.00088476
v -0.00867126 0.06139546 -0.00088476
v -0.00800121 0.06190774 -0.00073489
v -0.00801997 0.06189939 -0.00088859
v -0.00925644 0.06093300 -0.00073489
v -0.00891784 0.06120296 -0.00088476
v -0.00930558 0.06089475 -0.00080753
v -0.00790382 0.06198262 -0.00073489
v -0.00782431 0.06203469 -0.00058501
v -0.00763223 0.06215456 -0.00048254
v -0.00771174 0.06210957 -0.00058501
v -0.00155438 0.06299465 -0.00686312
v -0.00170537 0.06297151 -0.00686312
v -0.00170984 0.06302904 -0.00672854
v -0.00170984 0.06308110 -0.00659778
v -0.00185367 0.06300300 -0.00673618
v -0.00185367 0.06304382 -0.00663830
v -0.00185367 0.06307371 -0.00656336
v -0.00241384 0.06335877 -0.00562509
v -0.00230395 0.06340987 -0.00553562
v -0.00245404 0.06344618 -0.00538574
v -0.00245404 0.06348925 -0.00527180
v -0.00245404 0.06351625 -0.00519686
v -0.00230395 0.06357699 -0.00508522
v -0.00230395 0.06362069 -0.00493534
v -0.00215565 0.06363869 -0.00492692
v -0.00200377 0.06364287 -0.00496439
v -0.00185367 0.06364898 -0.00499192
v -0.00171252 0.06363451 -0.00507527
v -0.00200377 0.06371518 -0.00463558
v -0.00170448 0.06370522 -0.00478546
v -0.00141769 0.06379231 -0.00448034
v -0.00125420 0.06383570 -0.00433505
v -0.00110411 0.06387908 -0.00418517
v -0.00110411 0.06384566 -0.00433505
v -0.00140429 0.06372482 -0.00478546
v -0.00155438 0.06368144 -0.00493534
v -0.00215565 0.06366826 -0.00479540
v -0.00215386 0.06370361 -0.00463558
v -0.00110411 0.06374089 -0.00478546
v -0.00080392 0.06389708 -0.00418517
v -0.00073066 0.06395332 -0.00396035
v -0.00050374 0.06391186 -0.00418517
v -0.00035365 0.06388358 -0.00433505
v -0.00020355 0.06381899 -0.00462793
v -0.00017943 0.06380163 -0.00470363
v -0.00017943 0.06374732 -0.00493534
v -0.00017943 0.06417668 -0.00163493
v -0.00020355 0.06417668 -0.00163493
v -0.00125420 0.06416061 -0.00178481
v -0.00110411 0.06416543 -0.00178481
v -0.00095401 0.06416897 -0.00193545
v -0.00065383 0.06417282 -0.00178481
v -0.00110411 0.06416640 -0.00193545
v -0.00017943 0.06417797 -0.00178481
v -0.00155438 0.06413780 -0.00178481
v -0.00170448 0.06412301 -0.00163493
v -0.00170448 0.06412108 -0.00148505
v -0.00140429 0.06415097 -0.00178481
v -0.00179560 0.06410533 -0.00103464
v -0.00187065 0.06409537 -0.00103464
v -0.00256215 0.06395814 0.00058650
v -0.00230395 0.06398932 0.00061556
v -0.00282570 0.06395268 -0.00009484
v -0.00289003 0.06394432 -0.00014072
v -0.00290432 0.06393854 0.00001528
v -0.00280158 0.06394914 0.00016592
v -0.00272653 0.06396007 0.00016592
v -0.00260414 0.06397068 0.00031580
v -0.00260950 0.06396136 0.00045880
v -0.00252552 0.06395268 0.00068668
v -0.00215386 0.06399124 0.00076544
v -0.00227179 0.06395911 0.00087938
v -0.00218602 0.06396039 0.00094897
v -0.00203950 0.06397935 0.00094897
v -0.00200377 0.06398385 0.00094897
v -0.00188584 0.06399799 0.00094897
v -0.00185367 0.06400153 0.00094897
v -0.00916621 0.06089475 -0.00268714
v -0.00911171 0.06093814 -0.00268561
v -0.00826029 0.06172584 -0.00163493
v -0.00919480 0.06089475 -0.00254338
v -0.00919212 0.06089925 -0.00252809
v -0.00913315 0.06095421 -0.00247303
v -0.00866233 0.06138807 -0.00193545
v -0.00858728 0.06144817 -0.00193545
v -0.00849347 0.06152305 -0.00193545
v -0.00882403 0.06124731 -0.00208533
v -0.00897859 0.06110076 -0.00229486
v -0.00898574 0.06110654 -0.00219468
v -0.00842557 0.06158861 -0.00178481
v -0.00843004 0.06159215 -0.00163493
v -0.00808876 0.06185921 -0.00163493
v -0.00800567 0.06192188 -0.00163493
v -0.00791365 0.06199066 -0.00163493
v -0.00783325 0.06203919 -0.00178481
v -0.00771978 0.06211825 -0.00163493
v -0.00764474 0.06216131 -0.00163493
v -0.00755540 0.06221177 -0.00163493
v -0.00755540 0.06220180 -0.00178481
v -0.00735259 0.06231557 -0.00178481
v -0.00707742 0.06247980 -0.00163493
v -0.00695503 0.06254664 -0.00163493
v -0.00695503 0.06253508 -0.00178481
v -0.00705509 0.06246662 -0.00193545
v -0.00711584 0.06241809 -0.00208533
v -0.00696396 0.06248430 -0.00222680
v -0.00704079 0.06245891 -0.00208533
v -0.00695503 0.06250551 -0.00208533
v -0.00598925 0.06305828 -0.00178481
v -0.00598121 0.06305378 -0.00186663
v -0.00596960 0.06304768 -0.00196680
v -0.00680493 0.06254889 -0.00238509
v -0.00600712 0.06291784 -0.00283549
v -0.00680493 0.06252865 -0.00253497
v -0.00657622 0.06260064 -0.00289590
v -0.00599193 0.06290948 -0.00295249
v -0.00656371 0.06259421 -0.00298461
v -0.00590438 0.06297311 -0.00283549
v -0.00579002 0.06303289 -0.00283549
v -0.00553094 0.06320354 -0.00246462
v -0.00551664 0.06319744 -0.00256479
v -0.00580879 0.06304253 -0.00268561
v -0.00583380 0.06305507 -0.00247762
v -0.00573374 0.06307949 -0.00268561
v -0.00549788 0.06319005 -0.00268561
v -0.00547286 0.06318008 -0.00283549
v -0.00445259 0.06349439 -0.00316508
v -0.00539782 0.06321029 -0.00283549
v -0.00511282 0.06336648 -0.00253497
v -0.00509317 0.06335845 -0.00264279
v -0.00484927 0.06348571 -0.00239809
v -0.00477779 0.06350275 -0.00245697
v -0.00476171 0.06349696 -0.00253497
v -0.00500472 0.06340858 -0.00253497
v -0.00500472 0.06343044 -0.00238509
v -0.00468756 0.06352139 -0.00253497
v -0.00455534 0.06356188 -0.00253497
v -0.00440524 0.06358727 -0.00268561
v -0.00440524 0.06356478 -0.00283549
v -0.00425515 0.06358727 -0.00298461
v -0.00425515 0.06356092 -0.00313449
v -0.00440346 0.06351785 -0.00312302
v -0.00435253 0.06350982 -0.00324078
v -0.00426051 0.06352621 -0.00328819
v -0.00410506 0.06357120 -0.00328513
v -0.00365478 0.06355835 -0.00388541
v -0.00351184 0.06352749 -0.00419053
v -0.00336621 0.06353199 -0.00434652
v -0.00335460 0.06357249 -0.00418517
v -0.00320451 0.06357891 -0.00433505
v -0.00305441 0.06358438 -0.00448493
v -0.00305441 0.06354967 -0.00463558
v -0.00304816 0.06351689 -0.00477781
v -0.00299366 0.06350693 -0.00487340
v -0.00293648 0.06349214 -0.00497357
v -0.00283642 0.06350468 -0.00501563
v -0.00320451 0.06313605 -0.00583538
v -0.00335460 0.06306503 -0.00594167
v -0.00317770 0.06321319 -0.00563885
v -0.00309194 0.06319519 -0.00573903
v -0.00320183 0.06307788 -0.00599138
v -0.00315001 0.06305699 -0.00607090
v -0.00305441 0.06298372 -0.00628578
v -0.00317770 0.06291366 -0.00638366
v -0.00350469 0.06267745 -0.00673618
v -0.00350469 0.06261735 -0.00686312
v -0.00275423 0.06344844 -0.00523586
v -0.00290432 0.06341565 -0.00523586
v -0.00715068 0.06228504 0.00094897
v -0.00708010 0.06233357 0.00091608
v -0.00690142 0.06243609 0.00094897
v -0.00697557 0.06242066 0.00076544
v -0.00699344 0.06243191 0.00061556
v -0.00713460 0.06242580 0.00001528
v -0.00702293 0.06244927 0.00036092
v -0.00703454 0.06245569 0.00026074
v -0.00704437 0.06246148 0.00016592
v -0.00705955 0.06247016 0.00001528
v -0.00707296 0.06247819 -0.00013460
v -0.00708368 0.06248462 -0.00028448
v -0.00708904 0.06248880 -0.00043436
v -0.00709440 0.06249233 -0.00058501
v -0.00716408 0.06244348 -0.00043436
v -0.00725521 0.06238756 -0.00043436
v -0.00755540 0.06220759 -0.00058501
v -0.00763670 0.06215681 -0.00058501
v -0.00842736 0.06158893 -0.00103464
v -0.00815844 0.06179687 -0.00103464
v -0.00859889 0.06145588 -0.00103464
v -0.00867394 0.06139739 -0.00103464
v -0.00850241 0.06153076 -0.00103464
v -0.00790740 0.06198552 -0.00088476
v -0.00800567 0.06191449 -0.00103464
v -0.00808340 0.06185471 -0.00103464
v -0.00925734 0.06093396 -0.00088476
v -0.00884369 0.06126338 -0.00103464
v -0.00930647 0.06089475 -0.00088476
v -0.00782878 0.06203822 -0.00073489
v -0.00771621 0.06211310 -0.00073489
v -0.00172770 0.06296797 -0.00686312
v -0.00188226 0.06294162 -0.00686312
v -0.00200377 0.06297729 -0.00673618
v -0.00200377 0.06303161 -0.00660848
v -0.00200377 0.06306182 -0.00653354
v -0.00230306 0.06322893 -0.00599443
v -0.00260414 0.06337323 -0.00551115
v -0.00260414 0.06342208 -0.00538574
v -0.00260592 0.06347993 -0.00522898
v -0.00255679 0.06350789 -0.00517392
v -0.00245404 0.06355385 -0.00508522
v -0.00245404 0.06359788 -0.00493534
v -0.00230395 0.06364576 -0.00482828
v -0.00220746 0.06365123 -0.00485275
v -0.00260414 0.06364287 -0.00466922
v -0.00250586 0.06365026 -0.00469752
v -0.00200377 0.06374732 -0.00448493
v -0.00155438 0.06381641 -0.00432129
v -0.00185367 0.06372643 -0.00463558
v -0.00110411 0.06391122 -0.00403529
v -0.00095401 0.06392215 -0.00403529
v -0.00125420 0.06376789 -0.00463558
v -0.00230395 0.06368883 -0.00463558
v -0.00215386 0.06373478 -0.00448493
v -0.00110411 0.06377592 -0.00463558
v -0.00110411 0.06379842 -0.00453923
v -0.00083072 0.06395011 -0.00394277
v -0.00095401 0.06395911 -0.00384489
v -0.00095401 0.06397711 -0.00373477
v -0.00078963 0.06396136 -0.00389000
v -0.00095401 0.06400089 -0.00358489
v -0.00080392 0.06398482 -0.00373477
v -0.00065383 0.06396778 -0.00388541
v -0.00065383 0.06395493 -0.00396724
v -0.00050374 0.06394143 -0.00405594
v -0.00035365 0.06391861 -0.00418517
v -0.00020355 0.06385241 -0.00448493
v -0.00017943 0.06384727 -0.00450864
v -0.00017943 0.06417700 -0.00165863
v -0.00125420 0.06416190 -0.00193545
v -0.00095401 0.06416865 -0.00208533
v -0.00110411 0.06416640 -0.00208533
v -0.00080392 0.06417090 -0.00193545
v -0.00125420 0.06416222 -0.00208533
v -0.00017943 0.06417604 -0.00193545
v -0.00020355 0.06417604 -0.00193545
v -0.00035365 0.06417540 -0.00193545
v -0.00050374 0.06417411 -0.00193545
v -0.00155438 0.06413876 -0.00193545
v -0.00170448 0.06412430 -0.00178481
v -0.00181883 0.06410887 -0.00148505
v -0.00180364 0.06410662 -0.00118452
v -0.00140429 0.06415193 -0.00193545
v -0.00200377 0.06407963 -0.00118452
v -0.00246745 0.06396650 0.00062780
v -0.00266221 0.06395075 0.00050391
v -0.00260950 0.06394625 0.00062780
v -0.00245404 0.06401213 -0.00073489
v -0.00283553 0.06395397 -0.00028448
v -0.00290968 0.06394336 -0.00028448
v -0.00305441 0.06391636 -0.00013460
v -0.00290432 0.06393147 0.00016592
v -0.00305441 0.06391186 0.00001528
v -0.00277656 0.06394432 0.00031580
v -0.00270152 0.06395686 0.00031580
v -0.00268454 0.06395397 0.00040450
v -0.00275423 0.06390062 0.00076544
v -0.00260414 0.06392697 0.00076544
v -0.00246745 0.06394690 0.00077614
v -0.00237185 0.06395204 0.00083350
v -0.00242546 0.06395943 0.00073332
v -0.00231467 0.06394593 0.00092373
v -0.00227090 0.06394818 0.00094897
v -0.00843093 0.06159247 -0.00148505
v -0.00833534 0.06166735 -0.00148505
v -0.00816381 0.06180104 -0.00148505
v -0.00919748 0.06089475 -0.00252809
v -0.00921445 0.06089797 -0.00238509
v -0.00913941 0.06095967 -0.00238509
v -0.00859353 0.06145363 -0.00178481
v -0.00850062 0.06152851 -0.00178481
v -0.00882850 0.06125084 -0.00197751
v -0.00876954 0.06130162 -0.00193086
v -0.00899021 0.06111040 -0.00208533
v -0.00914923 0.06096739 -0.00223521
v -0.00923053 0.06091082 -0.00208533
v -0.00915549 0.06097317 -0.00208533
v -0.00850509 0.06153205 -0.00163493
v -0.00850598 0.06153333 -0.00148505
v -0.00808876 0.06185921 -0.00148505
v -0.00800567 0.06192220 -0.00148505
v -0.00791454 0.06199098 -0.00148505
v -0.00783950 0.06204401 -0.00148505
v -0.00783861 0.06204304 -0.00163493
v -0.00772336 0.06211921 -0.00148505
v -0.00764831 0.06216388 -0.00148505
v -0.00755540 0.06221787 -0.00148505
v -0.00744372 0.06228215 -0.00148505
v -0.00736867 0.06232457 -0.00148505
v -0.00725521 0.06238853 -0.00148505
v -0.00716051 0.06244188 -0.00148505
v -0.00725521 0.06238017 -0.00163493
v -0.00708546 0.06248398 -0.00148505
v -0.00695503 0.06255532 -0.00148505
v -0.00601784 0.06307467 -0.00133517
v -0.00600980 0.06307017 -0.00148505
v -0.00600087 0.06306535 -0.00163493
v -0.00595530 0.06304060 -0.00208533
v -0.00606877 0.06294130 -0.00239503
v -0.00590438 0.06299240 -0.00268561
v -0.00590438 0.06311388 -0.00163493
v -0.00590438 0.06310006 -0.00178481
v -0.00568996 0.06320772 -0.00175345
v -0.00566852 0.06319744 -0.00193545
v -0.00559347 0.06323375 -0.00193545
v -0.00538620 0.06335620 -0.00173893
v -0.00537370 0.06335074 -0.00183910
v -0.00536030 0.06334495 -0.00193545
v -0.00576501 0.06308238 -0.00253038
v -0.00533796 0.06333563 -0.00208533
v -0.00591957 0.06302196 -0.00238509
v -0.00529776 0.06333081 -0.00224592
v -0.00542283 0.06322090 -0.00268561
v -0.00530401 0.06326878 -0.00268561
v -0.00518787 0.06333627 -0.00253497
v -0.00516821 0.06338384 -0.00224592
v -0.00489304 0.06349150 -0.00223521
v -0.00471883 0.06352749 -0.00239809
v -0.00491449 0.06349857 -0.00211439
v -0.00481800 0.06351496 -0.00223521
v -0.00500472 0.06345036 -0.00223521
v -0.00470543 0.06354967 -0.00223521
v -0.00455534 0.06357827 -0.00238509
v -0.00440524 0.06360623 -0.00253497
v -0.00419261 0.06365701 -0.00263744
v -0.00425515 0.06360977 -0.00283549
v -0.00424800 0.06363387 -0.00268714
v -0.00416670 0.06364994 -0.00273761
v -0.00409345 0.06363226 -0.00297467
v -0.00410506 0.06360270 -0.00313449
v -0.00395497 0.06361073 -0.00328513
v -0.00380488 0.06358567 -0.00358489
v -0.00350469 0.06356574 -0.00403529
v -0.00335460 0.06360623 -0.00403529
v -0.00320451 0.06361234 -0.00418517
v -0.00305441 0.06361780 -0.00433505
v -0.00289360 0.06362809 -0.00447499
v -0.00290432 0.06358856 -0.00463558
v -0.00290432 0.06355096 -0.00478546
v -0.00289360 0.06351560 -0.00492845
v -0.00275423 0.06354453 -0.00493534
v -0.00275423 0.06351368 -0.00504316
v -0.00275423 0.06348925 -0.00511810
v -0.00299187 0.06320547 -0.00576732
v -0.00305441 0.06310777 -0.00598602
v -0.00305441 0.06306535 -0.00609155
v -0.00305441 0.06303482 -0.00616649
v -0.00291057 0.06293808 -0.00644713
v -0.00305441 0.06292684 -0.00641119
v -0.00289181 0.06301907 -0.00627202
v -0.00260414 0.06300011 -0.00643566
v -0.00230395 0.06298886 -0.00658631
v -0.00245404 0.06296154 -0.00658631
v -0.00339212 0.06274493 -0.00664442
v -0.00334745 0.06271633 -0.00672471
v -0.00346627 0.06262538 -0.00686312
v -0.00265685 0.06349921 -0.00514868
v -0.00276763 0.06338577 -0.00539950
v -0.00707564 0.06233068 0.00094897
v -0.00696843 0.06239560 0.00094897
v -0.00685139 0.06246534 0.00094897
v -0.00688713 0.06245730 0.00086867
v -0.00690053 0.06246469 0.00076544
v -0.00691840 0.06247466 0.00061556
v -0.00696575 0.06248719 0.00031274
v -0.00695503 0.06251129 0.00016592
v -0.00695503 0.06252833 0.00001528
v -0.00695503 0.06254440 -0.00013460
v -0.00695503 0.06255693 -0.00028448
v -0.00694252 0.06257107 -0.00042289
v -0.00696396 0.06256689 -0.00058501
v -0.00709797 0.06249458 -0.00073489
v -0.00717302 0.06244862 -0.00073489
v -0.00736957 0.06232746 -0.00073489
v -0.00736599 0.06232489 -0.00058501
v -0.00696932 0.06256914 -0.00073489
v -0.00744104 0.06227861 -0.00058501
v -0.00825761 0.06172391 -0.00118452
v -0.00800567 0.06191835 -0.00118452
v -0.00842915 0.06159086 -0.00118452
v -0.00850419 0.06153237 -0.00118452
v -0.00850598 0.06153333 -0.00133517
v -0.00867483 0.06139836 -0.00118452
v -0.00833266 0.06166574 -0.00118452
v -0.00783235 0.06204015 -0.00088476
v -0.00791276 0.06198937 -0.00118452
v -0.00908848 0.06106894 -0.00103464
v -0.00901343 0.06112872 -0.00103464
v -0.00875524 0.06133472 -0.00118452
v -0.00925734 0.06093364 -0.00103464
v -0.00930469 0.06089475 -0.00103464
v -0.00901343 0.06112872 -0.00118452
v -0.00771978 0.06211535 -0.00088476
v -0.00764116 0.06215970 -0.00073489
v -0.00200377 0.06291977 -0.00686312
v -0.00200377 0.06292362 -0.00685471
v -0.00214582 0.06302164 -0.00657407
v -0.00216726 0.06294098 -0.00674995
v -0.00230395 0.06303707 -0.00647160
v -0.00219049 0.06304639 -0.00649531
v -0.00230306 0.06317591 -0.00612673
v -0.00290432 0.06313284 -0.00598602
v -0.00260592 0.06352589 -0.00509363
v -0.00260414 0.06357313 -0.00493534
v -0.00260414 0.06361298 -0.00478546
v -0.00240580 0.06365637 -0.00472505
v -0.00268901 0.06365508 -0.00456828
v -0.00260414 0.06366087 -0.00459428
v -0.00245583 0.06366858 -0.00464246
v -0.00181258 0.06380613 -0.00427464
v -0.00170448 0.06381063 -0.00429452
v -0.00125420 0.06389965 -0.00403529
v -0.00095401 0.06394593 -0.00391983
v -0.00230395 0.06371936 -0.00448493
v -0.00215386 0.06376371 -0.00433505
v -0.00200377 0.06379777 -0.00423106
v -0.00200377 0.06377753 -0.00433505
v -0.00106390 0.06395557 -0.00382347
v -0.00110947 0.06396554 -0.00374624
v -0.00110411 0.06399221 -0.00358489
v -0.00125420 0.06403174 -0.00328513
v -0.00110411 0.06404010 -0.00328513
v -0.00080392 0.06400731 -0.00358489
v -0.00110411 0.06406291 -0.00313449
v -0.00065383 0.06399028 -0.00373477
v -0.00050374 0.06397293 -0.00388541
v -0.00050374 0.06395750 -0.00398100
v -0.00035365 0.06394465 -0.00406741
v -0.00020355 0.06392118 -0.00418517
v -0.00020355 0.06388712 -0.00433505
v -0.00017943 0.06388712 -0.00433505
v -0.00140429 0.06415258 -0.00208533
v -0.00095401 0.06416286 -0.00223521
v -0.00110411 0.06416093 -0.00223521
v -0.00080392 0.06417025 -0.00208533
v -0.00125420 0.06415708 -0.00223521
v -0.00017943 0.06417540 -0.00195916
v -0.00050374 0.06417186 -0.00208533
v -0.00065383 0.06417122 -0.00208533
v -0.00155438 0.06413908 -0.00208533
v -0.00170448 0.06412494 -0.00193545
v -0.00182598 0.06411016 -0.00178481
v -0.00182330 0.06410951 -0.00163493
v -0.00188673 0.06409762 -0.00133517
v -0.00189388 0.06409826 -0.00148505
v -0.00245404 0.06401374 -0.00088476
v -0.00290432 0.06392118 0.00031580
v -0.00274261 0.06393950 0.00045880
v -0.00290432 0.06390801 0.00046568
v -0.00275423 0.06392183 0.00061556
v -0.00284000 0.06395493 -0.00043436
v -0.00291504 0.06394368 -0.00043436
v -0.00305441 0.06391958 -0.00043436
v -0.00305441 0.06391829 -0.00028448
v -0.00335460 0.06386044 -0.00043436
v -0.00360922 0.06380934 -0.00043436
v -0.00368427 0.06379424 -0.00043436
v -0.00350469 0.06382798 -0.00028448
v -0.00360297 0.06380806 -0.00028448
v -0.00335460 0.06385530 -0.00013460
v -0.00305441 0.06390319 0.00016592
v -0.00320451 0.06387330 0.00016592
v -0.00335460 0.06385080 0.00001528
v -0.00357795 0.06380260 0.00007875
v -0.00335460 0.06384309 0.00016592
v -0.00290432 0.06387169 0.00076544
v -0.00305977 0.06381834 0.00091838
v -0.00290432 0.06384855 0.00091608
v -0.00278728 0.06386462 0.00094897
v -0.00275423 0.06387587 0.00091608
v -0.00260414 0.06390158 0.00091608
v -0.00248710 0.06391476 0.00094897
v -0.00275423 0.06387041 0.00094897
v -0.00233879 0.06393790 0.00094897
v -0.00843093 0.06159183 -0.00133517
v -0.00825940 0.06172520 -0.00133517
v -0.00921803 0.06089475 -0.00238509
v -0.00921892 0.06089475 -0.00237821
v -0.00923589 0.06089475 -0.00223521
v -0.00859800 0.06145717 -0.00163493
v -0.00866858 0.06139289 -0.00178481
v -0.00883207 0.06125373 -0.00187810
v -0.00899557 0.06111490 -0.00193545
v -0.00924929 0.06089475 -0.00208533
v -0.00925197 0.06089475 -0.00205168
v -0.00926002 0.06089475 -0.00193545
v -0.00923589 0.06091500 -0.00193545
v -0.00867483 0.06139803 -0.00148505
v -0.00867573 0.06139868 -0.00133517
v -0.00808697 0.06185825 -0.00133517
v -0.00800567 0.06192092 -0.00133517
v -0.00791365 0.06199034 -0.00133517
v -0.00783771 0.06204336 -0.00118452
v -0.00783861 0.06204401 -0.00133517
v -0.00772425 0.06211889 -0.00133517
v -0.00764920 0.06216420 -0.00133517
v -0.00755540 0.06222044 -0.00133517
v -0.00717391 0.06244927 -0.00103464
v -0.00744729 0.06228408 -0.00133517
v -0.00717123 0.06244766 -0.00118452
v -0.00709619 0.06249105 -0.00118452
v -0.00716676 0.06244541 -0.00133517
v -0.00709172 0.06248783 -0.00133517
v -0.00688355 0.06260449 -0.00129311
v -0.00602320 0.06307724 -0.00118452
v -0.00590438 0.06313284 -0.00133517
v -0.00590438 0.06312384 -0.00148505
v -0.00577573 0.06317655 -0.00163493
v -0.00539514 0.06336038 -0.00163493
v -0.00530401 0.06340055 -0.00163493
v -0.00531652 0.06338159 -0.00178710
v -0.00570068 0.06321286 -0.00163493
v -0.00547018 0.06332438 -0.00163493
v -0.00528525 0.06337645 -0.00193545
v -0.00526291 0.06336648 -0.00208533
v -0.00515392 0.06343012 -0.00193545
v -0.00485999 0.06351914 -0.00207310
v -0.00499043 0.06347543 -0.00207310
v -0.00501723 0.06348154 -0.00193545
v -0.00503956 0.06349021 -0.00178481
v -0.00493057 0.06350339 -0.00201498
v -0.00515392 0.06344844 -0.00178481
v -0.00470543 0.06356381 -0.00208533
v -0.00455534 0.06359273 -0.00223521
v -0.00428553 0.06364094 -0.00253497
v -0.00421048 0.06366087 -0.00253497
v -0.00410506 0.06368368 -0.00253497
v -0.00395497 0.06370168 -0.00268561
v -0.00411221 0.06366890 -0.00268714
v -0.00406128 0.06366055 -0.00283549
v -0.00403537 0.06365444 -0.00291961
v -0.00400321 0.06364705 -0.00301825
v -0.00395407 0.06363869 -0.00313831
v -0.00381113 0.06364319 -0.00329660
v -0.00380488 0.06361780 -0.00343501
v -0.00365478 0.06359273 -0.00373477
v -0.00350469 0.06359948 -0.00388541
v -0.00335281 0.06363741 -0.00388694
v -0.00320897 0.06364094 -0.00404294
v -0.00306424 0.06364448 -0.00419970
v -0.00297937 0.06365315 -0.00425935
v -0.00294720 0.06364512 -0.00433505
v -0.00283642 0.06365476 -0.00441840
v -0.00278907 0.06364416 -0.00451858
v -0.00274529 0.06362841 -0.00462564
v -0.00275423 0.06358470 -0.00478546
v -0.00289181 0.06307306 -0.00613973
v -0.00251212 0.06304993 -0.00635384
v -0.00293291 0.06304510 -0.00619172
v -0.00275423 0.06302968 -0.00630337
v -0.00275423 0.06292105 -0.00654960
v -0.00308211 0.06270508 -0.00686312
v -0.00320451 0.06268002 -0.00686312
v -0.00320451 0.06281210 -0.00658631
v -0.00275423 0.06283235 -0.00673618
v -0.00273189 0.06277643 -0.00686312
v -0.00275423 0.06277193 -0.00686312
v -0.00290164 0.06274204 -0.00686312
v -0.00245851 0.06302839 -0.00642878
v -0.00230395 0.06292973 -0.00671783
v -0.00338319 0.06264274 -0.00686312
v -0.00680940 0.06248847 0.00094897
v -0.00681655 0.06248944 0.00091761
v -0.00680493 0.06251643 0.00076544
v -0.00680493 0.06253604 0.00061556
v -0.00679064 0.06256432 0.00045192
v -0.00681387 0.06256850 0.00031580
v -0.00683084 0.06257750 0.00016592
v -0.00684692 0.06258617 0.00001528
v -0.00686211 0.06259421 -0.00013460
v -0.00687462 0.06259999 -0.00028448
v -0.00687909 0.06260256 -0.00036477
v -0.00688891 0.06260771 -0.00058501
v -0.00709976 0.06249426 -0.00088476
v -0.00717480 0.06244991 -0.00088476
v -0.00725521 0.06240106 -0.00088476
v -0.00755540 0.06221691 -0.00088476
v -0.00744461 0.06228118 -0.00073489
v -0.00689427 0.06260996 -0.00073489
v -0.00689338 0.06261028 -0.00088476
v -0.00696843 0.06256914 -0.00088476
v -0.00755540 0.06221273 -0.00073489
v -0.00783503 0.06204208 -0.00103464
v -0.00884458 0.06126370 -0.00118452
v -0.00918050 0.06099309 -0.00118452
v -0.00930290 0.06089475 -0.00110958
v -0.00908848 0.06106798 -0.00118452
v -0.00901165 0.06112743 -0.00133517
v -0.00772246 0.06211696 -0.00103464
v -0.00212527 0.06291205 -0.00683024
v -0.00218334 0.06288538 -0.00686312
v -0.00241205 0.06305828 -0.00637449
v -0.00230395 0.06306728 -0.00639666
v -0.00274529 0.06366183 -0.00447499
v -0.00260414 0.06370811 -0.00433505
v -0.00260414 0.06368208 -0.00448493
v -0.00245404 0.06370104 -0.00448493
v -0.00185904 0.06381738 -0.00419588
v -0.00140429 0.06391701 -0.00388541
v -0.00125420 0.06392954 -0.00388541
v -0.00140429 0.06388744 -0.00403529
v -0.00110947 0.06394207 -0.00387777
v -0.00116396 0.06395204 -0.00380359
v -0.00230395 0.06374700 -0.00433505
v -0.00211098 0.06380677 -0.00412859
v -0.00200377 0.06383473 -0.00403529
v -0.00178578 0.06395397 -0.00351377
v -0.00185367 0.06387716 -0.00388541
v -0.00185367 0.06384855 -0.00403529
v -0.00125420 0.06398257 -0.00358489
v -0.00140429 0.06402113 -0.00328513
v -0.00140429 0.06404524 -0.00313449
v -0.00125420 0.06405552 -0.00313449
v -0.00125420 0.06407834 -0.00298461
v -0.00095401 0.06404620 -0.00328513
v -0.00125420 0.06409634 -0.00286379
v -0.00110411 0.06409955 -0.00288367
v -0.00080392 0.06402917 -0.00343501
v -0.00080392 0.06405038 -0.00328513
v -0.00050374 0.06399414 -0.00373477
v -0.00035365 0.06397582 -0.00388541
v -0.00035365 0.06395943 -0.00399247
v -0.00020355 0.06394593 -0.00407047
v -0.00017943 0.06392118 -0.00418517
v -0.00140429 0.06414743 -0.00223521
v -0.00095401 0.06414165 -0.00253497
v -0.00080392 0.06416415 -0.00223521
v -0.00110411 0.06413972 -0.00253497
v -0.00125420 0.06413619 -0.00253497
v -0.00140429 0.06412687 -0.00253497
v -0.00017943 0.06417154 -0.00208533
v -0.00035365 0.06417186 -0.00208533
v -0.00065383 0.06416447 -0.00223521
v -0.00155438 0.06413394 -0.00223521
v -0.00170448 0.06412526 -0.00208533
v -0.00182777 0.06411048 -0.00193545
v -0.00190103 0.06409923 -0.00178481
v -0.00189835 0.06409891 -0.00163493
v -0.00245404 0.06401471 -0.00103464
v -0.00305441 0.06389162 0.00031580
v -0.00346181 0.06380967 0.00031580
v -0.00305441 0.06387780 0.00046568
v -0.00290432 0.06389194 0.00061556
v -0.00328670 0.06380452 0.00070121
v -0.00305441 0.06384213 0.00076544
v -0.00275423 0.06396907 -0.00073489
v -0.00284268 0.06395525 -0.00058501
v -0.00291772 0.06394400 -0.00058501
v -0.00305441 0.06392022 -0.00058501
v -0.00361815 0.06381063 -0.00073489
v -0.00395497 0.06374539 -0.00088476
v -0.00380488 0.06377399 -0.00073489
v -0.00445438 0.06364801 -0.00103464
v -0.00425515 0.06368593 -0.00088476
v -0.00455534 0.06362552 -0.00088476
v -0.00444366 0.06364576 -0.00073489
v -0.00425515 0.06368144 -0.00058501
v -0.00380488 0.06376692 -0.00028448
v -0.00359403 0.06380613 -0.00013460
v -0.00358599 0.06380452 -0.00002143
v -0.00356544 0.06380035 0.00016592
v -0.00380488 0.06375792 0.00001528
v -0.00395497 0.06372097 0.00016592
v -0.00395497 0.06371004 0.00031580
v -0.00365478 0.06377078 0.00031580
v -0.00353685 0.06379456 0.00031580
v -0.00315179 0.06380774 0.00087020
v -0.00323399 0.06377978 0.00094897
v -0.00309015 0.06380774 0.00094897
v -0.00293559 0.06383730 0.00094897
v -0.00290611 0.06384277 0.00094897
v -0.00260414 0.06389580 0.00094897
v -0.00263719 0.06389033 0.00094897
v -0.00867305 0.06139643 -0.00163493
v -0.00875524 0.06132155 -0.00178481
v -0.00890980 0.06119396 -0.00178481
v -0.00891427 0.06119749 -0.00163493
v -0.00883922 0.06125952 -0.00163493
v -0.00916531 0.06098153 -0.00178481
v -0.00926270 0.06089475 -0.00189263
v -0.00927878 0.06089475 -0.00163493
v -0.00924483 0.06092303 -0.00163493
v -0.00772336 0.06211857 -0.00118452
v -0.00755540 0.06222076 -0.00118452
v -0.00744908 0.06228472 -0.00118452
v -0.00725521 0.06240106 -0.00103464
v -0.00709887 0.06249265 -0.00103464
v -0.00696575 0.06256753 -0.00103464
v -0.00696217 0.06256561 -0.00118452
v -0.00602142 0.06307596 -0.00103464
v -0.00590438 0.06313734 -0.00118452
v -0.00689070 0.06260867 -0.00103464
v -0.00579449 0.06318587 -0.00133517
v -0.00571051 0.06321801 -0.00148505
v -0.00578556 0.06318169 -0.00148505
v -0.00540407 0.06336488 -0.00148505
v -0.00530401 0.06340891 -0.00148505
v -0.00515392 0.06346161 -0.00163493
v -0.00494218 0.06350757 -0.00193545
v -0.00496541 0.06351400 -0.00178481
v -0.00505743 0.06349664 -0.00163493
v -0.00485463 0.06353328 -0.00193545
v -0.00485463 0.06354453 -0.00178481
v -0.00470543 0.06357442 -0.00193545
v -0.00455534 0.06360334 -0.00208533
v -0.00422924 0.06366440 -0.00238509
v -0.00430429 0.06364705 -0.00238509
v -0.00432126 0.06365123 -0.00223521
v -0.00410506 0.06369076 -0.00238509
v -0.00395497 0.06372097 -0.00238509
v -0.00395497 0.06371357 -0.00253497
v -0.00380488 0.06371422 -0.00283549
v -0.00395497 0.06368368 -0.00283549
v -0.00365478 0.06377206 -0.00253497
v -0.00344215 0.06380549 -0.00263285
v -0.00365478 0.06375921 -0.00268561
v -0.00341446 0.06380035 -0.00273226
v -0.00380488 0.06369590 -0.00298461
v -0.00395407 0.06366472 -0.00297467
v -0.00390315 0.06365830 -0.00309090
v -0.00386563 0.06364994 -0.00319107
v -0.00376556 0.06366151 -0.00325531
v -0.00369231 0.06364480 -0.00343501
v -0.00364227 0.06362969 -0.00357342
v -0.00326168 0.06364930 -0.00393818
v -0.00287216 0.06366151 -0.00433505
v -0.00366729 0.06367501 -0.00329660
v -0.00365478 0.06370554 -0.00313449
v -0.00350469 0.06373478 -0.00313449
v -0.00275423 0.06368336 -0.00433505
v -0.00247549 0.06282753 -0.00686312
v -0.00260503 0.06280182 -0.00686312
v -0.00263719 0.06279539 -0.00686312
v -0.00663251 0.06258360 0.00094897
v -0.00666646 0.06257010 0.00091608
v -0.00668522 0.06257975 0.00076544
v -0.00673078 0.06260321 0.00039303
v -0.00603839 0.06293391 0.00061556
v -0.00590438 0.06300236 0.00061556
v -0.00589366 0.06302293 0.00046950
v -0.00592136 0.06302454 0.00031580
v -0.00593565 0.06303193 0.00016592
v -0.00594994 0.06303900 0.00001528
v -0.00596424 0.06304575 -0.00013460
v -0.00597407 0.06305025 -0.00023937
v -0.00598300 0.06305442 -0.00033954
v -0.00600176 0.06306439 -0.00058501
v -0.00601070 0.06306953 -0.00073489
v -0.00601695 0.06307339 -0.00088476
v -0.00755540 0.06221948 -0.00103464
v -0.00764742 0.06216324 -0.00103464
v -0.00925555 0.06093171 -0.00118452
v -0.00930022 0.06089475 -0.00118452
v -0.00908669 0.06106605 -0.00133517
v -0.00238436 0.06380388 -0.00396494
v -0.00245404 0.06372868 -0.00433505
v -0.00141859 0.06394432 -0.00373324
v -0.00125420 0.06394850 -0.00378371
v -0.00137749 0.06395718 -0.00368124
v -0.00125420 0.06396168 -0.00370877
v -0.00230395 0.06377431 -0.00418517
v -0.00215386 0.06384662 -0.00388541
v -0.00221104 0.06380099 -0.00409876
v -0.00200377 0.06391829 -0.00358489
v -0.00200377 0.06389065 -0.00373477
v -0.00215833 0.06381706 -0.00404371
v -0.00188584 0.06394882 -0.00348319
v -0.00196714 0.06395718 -0.00338301
v -0.00184295 0.06396103 -0.00343425
v -0.00185367 0.06398353 -0.00328513
v -0.00170448 0.06399703 -0.00328513
v -0.00170448 0.06397325 -0.00343501
v -0.00155438 0.06398514 -0.00343501
v -0.00170448 0.06395718 -0.00353213
v -0.00147755 0.06395300 -0.00365983
v -0.00140429 0.06399639 -0.00343501
v -0.00155438 0.06400924 -0.00328513
v -0.00155438 0.06403302 -0.00313449
v -0.00140429 0.06406806 -0.00298461
v -0.00134622 0.06410469 -0.00277049
v -0.00125420 0.06410726 -0.00278885
v -0.00110411 0.06410983 -0.00280873
v -0.00095401 0.06408894 -0.00298461
v -0.00080392 0.06407127 -0.00313449
v -0.00050374 0.06401438 -0.00358489
v -0.00035365 0.06399574 -0.00373477
v -0.00020355 0.06397614 -0.00388541
v -0.00020355 0.06395975 -0.00399553
v -0.00017943 0.06395750 -0.00400700
v -0.00017943 0.06394561 -0.00407047
v -0.00017943 0.06394175 -0.00408882
v -0.00156510 0.06411176 -0.00254567
v -0.00162228 0.06410276 -0.00260226
v -0.00095401 0.06412751 -0.00268561
v -0.00080392 0.06414294 -0.00253497
v -0.00110411 0.06412558 -0.00268561
v -0.00125420 0.06412108 -0.00268561
v -0.00139982 0.06411144 -0.00268791
v -0.00152222 0.06410726 -0.00263973
v -0.00017943 0.06417025 -0.00210904
v -0.00050374 0.06416415 -0.00223521
v -0.00065383 0.06415386 -0.00238509
v -0.00165891 0.06410630 -0.00250209
v -0.00170448 0.06412012 -0.00223521
v -0.00181079 0.06410823 -0.00223521
v -0.00182777 0.06411048 -0.00208533
v -0.00190281 0.06409955 -0.00193545
v -0.00200377 0.06408348 -0.00163493
v -0.00215386 0.06406131 -0.00163493
v -0.00344037 0.06380517 0.00041062
v -0.00335996 0.06381609 0.00046262
v -0.00341356 0.06380002 0.00051080
v -0.00350469 0.06377014 0.00061556
v -0.00403269 0.06365380 0.00069509
v -0.00380488 0.06369076 0.00076544
v -0.00367712 0.06369140 0.00094897
v -0.00334388 0.06378524 0.00075703
v -0.00350469 0.06372611 0.00094897
v -0.00335460 0.06376082 0.00091608
v -0.00338765 0.06374957 0.00094897
v -0.00284446 0.06395557 -0.00073489
v -0.00291951 0.06394400 -0.00073489
v -0.00305441 0.06392054 -0.00073489
v -0.00361905 0.06381095 -0.00088476
v -0.00425515 0.06368722 -0.00103464
v -0.00437934 0.06366279 -0.00103464
v -0.00455534 0.06362873 -0.00118452
v -0.00455534 0.06362744 -0.00103464
v -0.00455534 0.06362294 -0.00073489
v -0.00470543 0.06359434 -0.00103464
v -0.00425515 0.06367822 -0.00043436
v -0.00410506 0.06370522 -0.00028448
v -0.00366908 0.06379071 -0.00013460
v -0.00395497 0.06373189 -0.00013460
v -0.00410506 0.06369558 0.00001528
v -0.00410506 0.06368979 0.00016592
v -0.00410506 0.06367854 0.00031580
v -0.00410685 0.06366376 0.00045345
v -0.00395497 0.06369429 0.00046568
v -0.00365478 0.06375567 0.00046568
v -0.00349576 0.06378845 0.00046262
v -0.00917782 0.06099117 -0.00133517
v -0.00916978 0.06098538 -0.00163493
v -0.00928771 0.06089475 -0.00148505
v -0.00900450 0.06112261 -0.00163493
v -0.00924929 0.06092657 -0.00148505
v -0.00917425 0.06098860 -0.00148505
v -0.00928235 0.06089475 -0.00157605
v -0.00590438 0.06313477 -0.00103464
v -0.00579538 0.06318683 -0.00103464
v -0.00579806 0.06318812 -0.00118452
v -0.00541211 0.06336873 -0.00133517
v -0.00571945 0.06322186 -0.00133517
v -0.00530401 0.06341565 -0.00133517
v -0.00515392 0.06346868 -0.00148505
v -0.00498238 0.06351785 -0.00163493
v -0.00506726 0.06349986 -0.00148505
v -0.00485463 0.06355160 -0.00163493
v -0.00470543 0.06358309 -0.00178481
v -0.00455534 0.06361170 -0.00193545
v -0.00424622 0.06366762 -0.00223521
v -0.00455534 0.06361877 -0.00178481
v -0.00433913 0.06365508 -0.00205704
v -0.00410506 0.06369750 -0.00223521
v -0.00395497 0.06372771 -0.00223521
v -0.00380488 0.06375085 -0.00238509
v -0.00365478 0.06378042 -0.00238509
v -0.00335460 0.06383923 -0.00238509
v -0.00320451 0.06382927 -0.00283549
v -0.00350469 0.06375503 -0.00298461
v -0.00365478 0.06372611 -0.00298461
v -0.00353596 0.06379488 -0.00253497
v -0.00305441 0.06389708 -0.00238509
v -0.00336085 0.06381577 -0.00268332
v -0.00268008 0.06395332 -0.00261220
v -0.00290432 0.06390287 -0.00268561
v -0.00381113 0.06367115 -0.00313831
v -0.00315447 0.06380774 -0.00308631
v -0.00325364 0.06379842 -0.00301902
v -0.00260414 0.06392311 -0.00298461
v -0.00246208 0.06394593 -0.00299378
v -0.00599819 0.06291237 0.00094897
v -0.00600265 0.06291495 0.00091608
v -0.00602142 0.06292491 0.00076544
v -0.00590438 0.06298501 0.00076544
v -0.00579806 0.06303803 0.00076544
v -0.00581593 0.06304639 0.00061556
v -0.00583648 0.06305603 0.00042209
v -0.00584631 0.06306085 0.00031580
v -0.00575429 0.06310231 0.00031580
v -0.00588919 0.06307949 -0.00013460
v -0.00591599 0.06308013 -0.00028754
v -0.00576233 0.06317301 -0.00058501
v -0.00577573 0.06317912 -0.00073489
v -0.00590438 0.06310938 -0.00058501
v -0.00590438 0.06312063 -0.00073489
v -0.00590438 0.06312898 -0.00088476
v -0.00925287 0.06092914 -0.00133517
v -0.00929396 0.06089475 -0.00133517
v -0.00215386 0.06387362 -0.00373477
v -0.00230395 0.06380902 -0.00399247
v -0.00237006 0.06395204 -0.00305037
v -0.00231378 0.06394625 -0.00314443
v -0.00216369 0.06394625 -0.00329431
v -0.00206720 0.06395204 -0.00335090
v -0.00155438 0.06396296 -0.00356654
v -0.00201181 0.06394400 -0.00343425
v -0.00185367 0.06400603 -0.00313449
v -0.00170448 0.06402017 -0.00313449
v -0.00155438 0.06405552 -0.00298461
v -0.00155438 0.06407738 -0.00283549
v -0.00144628 0.06410052 -0.00273991
v -0.00095401 0.06410116 -0.00289437
v -0.00080392 0.06410212 -0.00290049
v -0.00065383 0.06407255 -0.00313449
v -0.00035365 0.06401503 -0.00358489
v -0.00020355 0.06399542 -0.00373477
v -0.00017943 0.06399221 -0.00375848
v -0.00017943 0.06397582 -0.00388541
v -0.00017943 0.06397357 -0.00390224
v -0.00017943 0.06395975 -0.00399477
v -0.00170448 0.06408477 -0.00268561
v -0.00185367 0.06406773 -0.00268561
v -0.00170716 0.06409859 -0.00254567
v -0.00095401 0.06411080 -0.00281867
v -0.00080392 0.06412879 -0.00268561
v -0.00080392 0.06411144 -0.00282555
v -0.00065383 0.06414262 -0.00253497
v -0.00156510 0.06409698 -0.00268791
v -0.00017943 0.06416318 -0.00223521
v -0.00050374 0.06415354 -0.00238509
v -0.00175897 0.06410148 -0.00243250
v -0.00170716 0.06410983 -0.00238356
v -0.00178935 0.06410469 -0.00233233
v -0.00188584 0.06409698 -0.00223521
v -0.00184563 0.06409344 -0.00238356
v -0.00215386 0.06403881 -0.00253497
v -0.00190281 0.06409923 -0.00208533
v -0.00200377 0.06408412 -0.00193545
v -0.00230395 0.06403849 -0.00163493
v -0.00260414 0.06399253 -0.00118452
v -0.00395497 0.06367822 0.00061556
v -0.00415777 0.06364833 0.00049474
v -0.00412739 0.06364158 0.00061556
v -0.00409166 0.06363162 0.00075320
v -0.00399964 0.06364673 0.00079526
v -0.00384329 0.06365765 0.00094897
v -0.00395139 0.06366247 0.00075320
v -0.00365478 0.06369590 0.00094897
v -0.00284536 0.06395557 -0.00088476
v -0.00292040 0.06394400 -0.00088476
v -0.00305441 0.06392022 -0.00088476
v -0.00320451 0.06389130 -0.00088476
v -0.00395497 0.06374571 -0.00103464
v -0.00445527 0.06364833 -0.00118452
v -0.00455534 0.06362777 -0.00133517
v -0.00470543 0.06359563 -0.00118452
v -0.00455534 0.06361812 -0.00058501
v -0.00442758 0.06364158 -0.00043436
v -0.00435253 0.06365798 -0.00043436
v -0.00443651 0.06364416 -0.00058501
v -0.00470543 0.06359177 -0.00088476
v -0.00470543 0.06358759 -0.00073489
v -0.00485463 0.06355931 -0.00118452
v -0.00485463 0.06355770 -0.00103464
v -0.00410506 0.06370072 -0.00013460
v -0.00426677 0.06366633 -0.00013843
v -0.00423818 0.06366665 0.00001528
v -0.00422031 0.06366344 0.00016592
v -0.00419619 0.06365765 0.00031580
v -0.00418189 0.06365348 0.00039533
v -0.00572034 0.06322251 -0.00103464
v -0.00549073 0.06333467 -0.00118452
v -0.00560420 0.06328067 -0.00118452
v -0.00541569 0.06337002 -0.00118452
v -0.00530401 0.06341790 -0.00118452
v -0.00513962 0.06347993 -0.00132140
v -0.00499221 0.06352010 -0.00148505
v -0.00507977 0.06350307 -0.00126252
v -0.00485463 0.06355578 -0.00148505
v -0.00470543 0.06358952 -0.00163493
v -0.00426945 0.06366826 -0.00209833
v -0.00455534 0.06362327 -0.00163493
v -0.00443562 0.06364416 -0.00178481
v -0.00434985 0.06365733 -0.00193545
v -0.00442490 0.06364126 -0.00193545
v -0.00410506 0.06370297 -0.00208533
v -0.00395497 0.06373286 -0.00208533
v -0.00358242 0.06380388 -0.00217556
v -0.00335460 0.06384662 -0.00223521
v -0.00320451 0.06387619 -0.00223521
v -0.00305441 0.06390544 -0.00223521
v -0.00275423 0.06391508 -0.00283549
v -0.00334298 0.06378685 -0.00297543
v -0.00305441 0.06388712 -0.00253497
v -0.00290432 0.06392536 -0.00238509
v -0.00278818 0.06394625 -0.00238509
v -0.00269169 0.06395525 -0.00253497
v -0.00260414 0.06397678 -0.00238509
v -0.00260414 0.06396939 -0.00253497
v -0.00245404 0.06399317 -0.00253497
v -0.00230395 0.06401631 -0.00253497
v -0.00245404 0.06398192 -0.00268561
v -0.00260146 0.06396039 -0.00267108
v -0.00254964 0.06395654 -0.00279420
v -0.00251748 0.06395172 -0.00289437
v -0.00264970 0.06394818 -0.00271238
v -0.00273993 0.06393565 -0.00267108
v -0.00275423 0.06389580 -0.00298461
v -0.00593208 0.06294644 0.00094897
v -0.00590438 0.06296540 0.00091608
v -0.00577394 0.06302839 0.00091608
v -0.00572302 0.06307306 0.00076544
v -0.00574089 0.06308142 0.00061556
v -0.00576680 0.06308303 0.00046950
v -0.00575429 0.06313959 -0.00013460
v -0.00560420 0.06315598 0.00046568
v -0.00559169 0.06317462 0.00031351
v -0.00553362 0.06320483 0.00026151
v -0.00561760 0.06317558 0.00016592
v -0.00555685 0.06321511 0.00001528
v -0.00567120 0.06319904 -0.00040683
v -0.00568728 0.06320644 -0.00058501
v -0.00560420 0.06325561 -0.00073489
v -0.00540943 0.06336648 -0.00103464
v -0.00571319 0.06321833 -0.00088476
v -0.00578824 0.06318362 -0.00088476
v -0.00231378 0.06396714 -0.00299378
v -0.00227000 0.06395879 -0.00310084
v -0.00221997 0.06395204 -0.00320102
v -0.00241741 0.06395846 -0.00295096
v -0.00211991 0.06395879 -0.00325072
v -0.00200377 0.06400956 -0.00298461
v -0.00185367 0.06404813 -0.00283549
v -0.00185367 0.06402756 -0.00298461
v -0.00170448 0.06406420 -0.00283549
v -0.00170448 0.06404234 -0.00298461
v -0.00065383 0.06410212 -0.00289973
v -0.00065383 0.06409152 -0.00298461
v -0.00050374 0.06405327 -0.00328513
v -0.00020355 0.06401406 -0.00358489
v -0.00017943 0.06401085 -0.00360860
v -0.00185367 0.06408187 -0.00253497
v -0.00200377 0.06402917 -0.00283549
v -0.00215386 0.06400892 -0.00283549
v -0.00200377 0.06404717 -0.00268561
v -0.00065383 0.06412783 -0.00268561
v -0.00035365 0.06415290 -0.00238509
v -0.00017943 0.06415193 -0.00238509
v -0.00050374 0.06414133 -0.00253497
v -0.00200377 0.06407898 -0.00223521
v -0.00215386 0.06404781 -0.00238509
v -0.00215386 0.06402628 -0.00268561
v -0.00230395 0.06400442 -0.00268561
v -0.00215386 0.06405584 -0.00223521
v -0.00215386 0.06406034 -0.00208533
v -0.00215386 0.06406098 -0.00193545
v -0.00230395 0.06403817 -0.00178481
v -0.00284446 0.06395557 -0.00103464
v -0.00425515 0.06360848 0.00061556
v -0.00425515 0.06358695 0.00076544
v -0.00410506 0.06360013 0.00091608
v -0.00395139 0.06363805 0.00091838
v -0.00390047 0.06364512 0.00094897
v -0.00291951 0.06394368 -0.00103464
v -0.00305441 0.06391797 -0.00133517
v -0.00395497 0.06374443 -0.00133517
v -0.00369409 0.06379617 -0.00103464
v -0.00425515 0.06368722 -0.00118452
v -0.00437755 0.06366247 -0.00133517
v -0.00425515 0.06368465 -0.00148505
v -0.00436772 0.06366055 -0.00163493
v -0.00444277 0.06364576 -0.00163493
v -0.00470543 0.06359273 -0.00148505
v -0.00470543 0.06359466 -0.00133517
v -0.00455534 0.06361170 -0.00043436
v -0.00441596 0.06363837 -0.00028448
v -0.00433288 0.06365380 -0.00019119
v -0.00434092 0.06365540 -0.00028448
v -0.00425515 0.06367372 -0.00028448
v -0.00485463 0.06355353 -0.00088476
v -0.00485463 0.06354742 -0.00073489
v -0.00470543 0.06358084 -0.00058501
v -0.00485463 0.06355835 -0.00133517
v -0.00501812 0.06351850 -0.00119676
v -0.00507709 0.06350243 -0.00115394
v -0.00499400 0.06352107 -0.00103464
v -0.00432394 0.06365187 -0.00009102
v -0.00431322 0.06364898 0.00001528
v -0.00429536 0.06364383 0.00016592
v -0.00440524 0.06361298 0.00016592
v -0.00427123 0.06363644 0.00031580
v -0.00440524 0.06359852 0.00031580
v -0.00424086 0.06363034 0.00045345
v -0.00560420 0.06327714 -0.00103464
v -0.00548448 0.06333242 -0.00103464
v -0.00530401 0.06341116 -0.00103464
v -0.00515392 0.06346965 -0.00103464
v -0.00513962 0.06348089 -0.00119676
v -0.00507977 0.06350307 -0.00125411
v -0.00436057 0.06365926 -0.00178481
v -0.00425515 0.06367661 -0.00193545
v -0.00410506 0.06370650 -0.00193545
v -0.00305441 0.06391026 -0.00208533
v -0.00290432 0.06393340 -0.00223521
v -0.00260146 0.06394272 -0.00284085
v -0.00280962 0.06395011 -0.00223521
v -0.00245404 0.06400828 -0.00223521
v -0.00230395 0.06403238 -0.00223521
v -0.00230395 0.06402467 -0.00238509
v -0.00590706 0.06295897 0.00094897
v -0.00576680 0.06302614 0.00094897
v -0.00569890 0.06306182 0.00091608
v -0.00560420 0.06312384 0.00076544
v -0.00560420 0.06314248 0.00061556
v -0.00552379 0.06320033 0.00036168
v -0.00537638 0.06335170 -0.00067600
v -0.00538620 0.06335588 -0.00077618
v -0.00539603 0.06336038 -0.00088476
v -0.00215386 0.06398964 -0.00298461
v -0.00216369 0.06396714 -0.00314443
v -0.00050374 0.06410116 -0.00289208
v -0.00020355 0.06403206 -0.00343501
v -0.00017943 0.06401374 -0.00358489
v -0.00035365 0.06413972 -0.00253497
v -0.00020355 0.06413780 -0.00253497
v -0.00017943 0.06413747 -0.00253497
v -0.00050374 0.06412558 -0.00268561
v -0.00050374 0.06411016 -0.00281714
v -0.00230395 0.06403656 -0.00208533
v -0.00230395 0.06403752 -0.00193545
v -0.00275423 0.06396875 -0.00133517
v -0.00440524 0.06358213 0.00046568
v -0.00440524 0.06356445 0.00061556
v -0.00425515 0.06355931 0.00091608
v -0.00440524 0.06354260 0.00076544
v -0.00448476 0.06350468 0.00084879
v -0.00440435 0.06351785 0.00090614
v -0.00410506 0.06359370 0.00094897
v -0.00395229 0.06363226 0.00094897
v -0.00275423 0.06396811 -0.00148505
v -0.00283821 0.06395461 -0.00148505
v -0.00283285 0.06395397 -0.00178481
v -0.00291326 0.06394240 -0.00148505
v -0.00305441 0.06391508 -0.00178481
v -0.00380488 0.06377239 -0.00148505
v -0.00425515 0.06368626 -0.00133517
v -0.00360922 0.06380902 -0.00163493
v -0.00335460 0.06385691 -0.00178481
v -0.00360386 0.06380806 -0.00178481
v -0.00320451 0.06388391 -0.00193545
v -0.00455534 0.06360430 -0.00028448
v -0.00485463 0.06353939 -0.00058501
v -0.00506905 0.06350018 -0.00103464
v -0.00496809 0.06351496 -0.00073489
v -0.00470543 0.06357249 -0.00043436
v -0.00455534 0.06359498 -0.00013460
v -0.00440524 0.06362487 0.00001528
v -0.00455534 0.06358309 0.00001528
v -0.00455534 0.06357024 0.00016592
v -0.00455534 0.06355546 0.00031580
v -0.00530401 0.06339926 -0.00088476
v -0.00515392 0.06344844 -0.00073489
v -0.00515392 0.06346001 -0.00088476
v -0.00505654 0.06349632 -0.00088476
v -0.00305441 0.06391315 -0.00193545
v -0.00288913 0.06394143 -0.00207004
v -0.00282302 0.06395236 -0.00211057
v -0.00260414 0.06398835 -0.00208533
v -0.00569264 0.06305892 0.00094897
v -0.00560598 0.06309395 0.00094897
v -0.00560420 0.06310006 0.00091608
v -0.00549163 0.06318876 0.00061556
v -0.00544964 0.06318201 0.00077156
v -0.00551217 0.06319583 0.00046568
v -0.00524415 0.06335909 -0.00013460
v -0.00526023 0.06336584 -0.00028448
v -0.00515392 0.06343558 -0.00058501
v -0.00531741 0.06338062 -0.00072953
v -0.00017943 0.06403174 -0.00343501
v -0.00017943 0.06412044 -0.00268561
v -0.00017943 0.06409634 -0.00288979
v -0.00020355 0.06406773 -0.00313449
v -0.00282928 0.06395332 -0.00201039
v -0.00245404 0.06401374 -0.00193545
v -0.00455534 0.06353810 0.00046568
v -0.00463306 0.06350403 0.00054750
v -0.00455891 0.06351914 0.00060485
v -0.00461162 0.06349696 0.00064768
v -0.00450709 0.06351175 0.00076544
v -0.00413812 0.06358470 0.00094897
v -0.00445527 0.06349504 0.00094897
v -0.00428463 0.06354453 0.00094897
v -0.00425694 0.06355224 0.00094897
v -0.00458214 0.06348732 0.00076544
v -0.00454283 0.06347479 0.00090614
v -0.00454640 0.06346547 0.00094897
v -0.00260414 0.06399060 -0.00178481
v -0.00290789 0.06394143 -0.00178481
v -0.00290611 0.06394047 -0.00193545
v -0.00320451 0.06388615 -0.00178481
v -0.00470543 0.06356317 -0.00028448
v -0.00495201 0.06351078 -0.00058501
v -0.00470543 0.06355160 -0.00013460
v -0.00470543 0.06353874 0.00001528
v -0.00471526 0.06352267 0.00016439
v -0.00467773 0.06351850 0.00031580
v -0.00502706 0.06348475 -0.00058501
v -0.00504314 0.06349118 -0.00073489
v -0.00549073 0.06313702 0.00094897
v -0.00539603 0.06320869 0.00072568
v -0.00541658 0.06321672 0.00061556
v -0.00530401 0.06327650 0.00046568
v -0.00518787 0.06333756 0.00031580
v -0.00543713 0.06322572 0.00046568
v -0.00545410 0.06315598 0.00091608
v -0.00527542 0.06321929 0.00091608
v -0.00522182 0.06335009 0.00005886
v -0.00515392 0.06339509 -0.00013460
v -0.00515392 0.06342208 -0.00043436
v -0.00500472 0.06346675 -0.00028448
v -0.00464914 0.06350950 0.00046568
v -0.00472419 0.06348379 0.00046568
v -0.00469203 0.06347543 0.00060485
v -0.00485463 0.06339316 0.00076544
v -0.00470543 0.06344554 0.00076544
v -0.00470543 0.06341823 0.00091608
v -0.00458661 0.06345197 0.00094897
v -0.00486803 0.06352460 -0.00042442
v -0.00492699 0.06350243 -0.00036783
v -0.00484123 0.06352203 -0.00028448
v -0.00493861 0.06350628 -0.00046801
v -0.00491627 0.06349889 -0.00028448
v -0.00482068 0.06351592 -0.00013460
v -0.00480013 0.06350950 0.00001528
v -0.00478584 0.06350532 0.00011316
v -0.00477065 0.06350018 0.00021333
v -0.00545410 0.06315020 0.00094897
v -0.00530401 0.06325721 0.00061556
v -0.00493057 0.06335331 0.00084344
v -0.00485463 0.06341662 0.00061556
v -0.00507441 0.06335138 0.00052915
v -0.00509406 0.06335813 0.00042898
v -0.00500472 0.06340505 0.00031580
v -0.00511282 0.06336552 0.00031580
v -0.00500472 0.06342337 0.00016592
v -0.00513337 0.06337420 0.00016592
v -0.00520842 0.06334495 0.00016592
v -0.00537280 0.06317912 0.00094897
v -0.00526738 0.06321640 0.00094897
v -0.00518251 0.06324629 0.00094897
v -0.00516464 0.06337709 0.00001145
v -0.00500472 0.06343912 0.00001528
v -0.00500472 0.06345326 -0.00013460
v -0.00475189 0.06349375 0.00031580
v -0.00485463 0.06345840 0.00031580
v -0.00485463 0.06343815 0.00046568
v -0.00499043 0.06332181 0.00090232
v -0.00490198 0.06334399 0.00094897
v -0.00483676 0.06336648 0.00094897
v -0.00470722 0.06341116 0.00094897
v -0.00489572 0.06349246 -0.00013460
v -0.00487518 0.06348539 0.00001528
v -0.00484301 0.06348089 0.00016439
v -0.00501633 0.06337966 0.00047333
v -0.00503778 0.06329674 0.00094897
f 1 2 3
f 1 3 4
f 1 4 13
f 1 13 25
f 1 25 51
f 1 51 68
f 1 68 93
f 1 93 92
f 1 92 91
f 1 91 127
f 1 127 126
f 1 126 178
f 1 178 238
f 1 238 237
f 1 237 239
f 1 239 247
f 1 247 246
f 1 246 321
f 1 321 418
f 1 418 417
f 1 417 412
f 1 412 410
f 1 410 409
f 1 409 408
f 1 408 525
f 1 525 631
f 1 631 630
f 1 630 740
f 1 740 878
f 1 878 738
f 1 738 737
f 1 737 877
f 1 877 1046
f 1 1046 1240
f 1 1240 1437
f 1 1437 1636
f 1 1636 1841
f 1 1841 1833
f 1 1833 1832
f 1 1832 1838
f 1 1838 1837
f 1 1837 1836
f 1 1836 2013
f 1 2013 2012
f 1 2012 2011
f 1 2011 1871
f 1 1871 1675
f 1 1675 1472
f 1 1472 1471
f 1 1471 1283
f 1 1283 1282
f 1 1282 1086
f 1 1086 914
f 1 914 907
f 1 907 763
f 1 763 650
f 1 650 544
f 1 544 430
f 1 430 330
f 1 330 253
f 1 253 182
f 1 182 132
f 1 132 99
f 1 99 72
f 1 72 53
f 1 53 27
f 1 27 15
f 1 15 5
f 1 5 14
f 1 14 26
f 1 26 52
f 1 52 70
f 1 70 95
f 1 95 130
f 1 130 181
f 1 181 252
f 1 252 328
f 1 328 429
f 1 429 539
f 1 539 645
f 1 645 759
f 1 759 903
f 1 903 1076
f 1 1076 1078
f 1 1078 1277
f 1 1277 1468
f 1 1468 1671
f 1 1671 1866
f 1 1866 2033
f 1 2033 2179
f 1 2179 2124
f 1 2124 2128
f 1 2128 1961
f 1 1961 1960
f 1 1960 1766
f 1 1766 1765
f 1 1765 1764
f 1 1764 1759
f 1 1759 1758
f 1 1758 1757
f 1 1757 1547
f 1 1547 1352
f 1 1352 1349
f 1 1349 1145
f 1 1145 966
f 1 966 809
f 1 809 693
f 1 693 691
f 1 691 590
f 1 590 589
f 1 589 588
f 1 588 587
f 1 587 476
f 1 476 465
f 1 465 352
f 1 352 271
f 1 271 201
f 1 201 200
f 1 200 199
f 1 199 145
f 1 145 143
f 1 143 102
f 1 102 74
f 1 74 55
f 1 55 38
f 1 38 17
f 1 17 7
f 1 7 2
f 2 6 3
f 2 7 6
f 3 6 8
f 3 8 9
f 3 9 10
f 3 10 11
f 3 11 4
f 4 11 12
f 4 12 13
f 5 15 14
f 6 7 16
f 6 16 8
f 7 17 18
f 7 18 19
f 7 19 20
f 7 20 16
f 8 16 20
f 8 20 9
f 9 20 21
f 9 21 22
f 9 22 10
f 10 22 23
f 10 23 11
f 11 23 24
f 11 24 25
f 11 25 12
f 12 25 13
f 14 15 26
f 15 27 28
f 15 28 29
f 15 29 30
f 15 30 31
f 15 31 32
f 15 32 33
f 15 33 34
f 15 34 35
f 15 35 36
f 15 36 37
f 15 37 26
f 17 38 18
f 18 38 39
f 18 39 19
f 19 39 40
f 19 40 41
f 19 41 42
f 19 42 43
f 19 43 21
f 19 21 20
f 21 44 22
f 21 43 44
f 22 44 45
f 22 45 23
f 23 25 24
f 23 45 46
f 23 46 47
f 23 47 48
f 23 48 49
f 23 49 50
f 23 50 51
f 23 51 25
f 26 37 36
f 26 36 35
f 26 35 34
f 26 34 33
f 26 33 32
f 26 32 31
f 26 31 30
f 26 30 54
f 26 54 73
f 26 73 101
f 26 101 142
f 26 142 198
f 26 198 270
f 26 270 351
f 26 351 463
f 26 463 581
f 26 581 688
f 26 688 807
f 26 807 965
f 26 965 1144
f 26 1144 1348
f 26 1348 1347
f 26 1347 1346
f 26 1346 1345
f 26 1345 1344
f 26 1344 1543
f 26 1543 1754
f 26 1754 1752
f 26 1752 1952
f 26 1952 1953
f 26 1953 1753
f 26 1753 1749
f 26 1749 1951
f 26 1951 1950
f 26 1950 1949
f 26 1949 1948
f 26 1948 2100
f 26 2100 2098
f 26 2098 2229
f 26 2229 2096
f 26 2096 2227
f 26 2227 2344
f 26 2344 2420
f 26 2420 2419
f 26 2419 2471
f 26 2471 2474
f 26 2474 2473
f 26 2473 2472
f 26 2472 2477
f 26 2477 2508
f 26 2508 2541
f 26 2541 2540
f 26 2540 2539
f 26 2539 2546
f 26 2546 2531
f 26 2531 2530
f 26 2530 2529
f 26 2529 2518
f 26 2518 2490
f 26 2490 2451
f 26 2451 2450
f 26 2450 2392
f 26 2392 2391
f 26 2391 2290
f 26 2290 2162
f 26 2162 2014
f 26 2014 1842
f 26 1842 1641
f 26 1641 1442
f 26 1442 1640
f 26 1640 1639
f 26 1639 1440
f 26 1440 1253
f 26 1253 1252
f 26 1252 1251
f 26 1251 1250
f 26 1250 1248
f 26 1248 1249
f 26 1249 1244
f 26 1244 1049
f 26 1049 881
f 26 881 743
f 26 743 745
f 26 745 742
f 26 742 637
f 26 637 634
f 26 634 526
f 26 526 419
f 26 419 322
f 26 322 248
f 26 248 179
f 26 179 128
f 26 128 94
f 26 94 69
f 26 69 52
f 27 53 71
f 27 71 98
f 27 98 135
f 27 135 185
f 27 185 258
f 27 258 335
f 27 335 440
f 27 440 557
f 27 557 664
f 27 664 667
f 27 667 790
f 27 790 941
f 27 941 1116
f 27 1116 1317
f 27 1317 1316
f 27 1316 1508
f 27 1508 1711
f 27 1711 1904
f 27 1904 2071
f 27 2071 2070
f 27 2070 2069
f 27 2069 2201
f 27 2201 2200
f 27 2200 2199
f 27 2199 2198
f 27 2198 2322
f 27 2322 2404
f 27 2404 2460
f 27 2460 2462
f 27 2462 2461
f 27 2461 2407
f 27 2407 2329
f 27 2329 2210
f 27 2210 2080
f 27 2080 1911
f 27 1911 1717
f 27 1717 1515
f 27 1515 1325
f 27 1325 1509
f 27 1509 1318
f 27 1318 1117
f 27 1117 942
f 27 942 791
f 27 791 671
f 27 671 567
f 27 567 566
f 27 566 673
f 27 673 668
f 27 668 559
f 27 559 444
f 27 444 443
f 27 443 336
f 27 336 261
f 27 261 191
f 27 191 190
f 27 190 189
f 27 189 187
f 27 187 136
f 27 136 100
f 27 100 73
f 27 73 54
f 27 54 29
f 27 29 28
f 29 54 30
f 38 55 40
f 38 40 39
f 40 56 41
f 40 55 56
f 41 56 42
f 42 57 43
f 42 56 57
f 43 57 58
f 43 58 59
f 43 59 44
f 44 60 61
f 44 61 62
f 44 62 46
f 44 46 45
f 44 59 58
f 44 58 60
f 46 62 63
f 46 63 47
f 47 63 62
f 47 62 64
f 47 64 65
f 47 65 48
f 48 66 49
f 48 65 67
f 48 67 66
f 49 66 50
f 50 66 68
f 50 68 51
f 52 69 70
f 53 72 97
f 53 97 71
f 55 74 75
f 55 75 76
f 55 76 56
f 56 76 57
f 57 77 58
f 57 76 78
f 57 78 77
f 58 77 79
f 58 79 80
f 58 80 81
f 58 81 60
f 60 81 82
f 60 82 61
f 61 83 62
f 61 82 83
f 62 83 84
f 62 84 85
f 62 85 64
f 64 85 86
f 64 86 65
f 65 86 87
f 65 87 67
f 66 67 88
f 66 88 68
f 67 87 89
f 67 89 90
f 67 90 91
f 67 91 92
f 67 92 93
f 67 93 88
f 68 88 93
f 69 94 70
f 70 94 96
f 70 96 95
f 71 97 98
f 72 99 97
f 73 100 140
f 73 140 101
f 74 102 75
f 75 102 103
f 75 103 76
f 76 103 77
f 76 77 78
f 77 103 79
f 79 104 105
f 79 105 106
f 79 106 107
f 79 107 108
f 79 108 80
f 79 103 109
f 79 109 110
f 79 110 111
f 79 111 104
f 80 108 82
f 80 82 81
f 82 108 112
f 82 112 113
f 82 113 114
f 82 114 83
f 83 114 84
f 84 115 116
f 84 116 86
f 84 86 85
f 84 114 117
f 84 117 115
f 86 118 119
f 86 119 120
f 86 120 121
f 86 121 87
f 86 116 118
f 87 121 122
f 87 122 123
f 87 123 124
f 87 124 89
f 89 124 125
f 89 125 90
f 90 126 127
f 90 127 91
f 90 125 126
f 94 128 129
f 94 129 96
f 95 96 131
f 95 131 130
f 96 129 131
f 97 99 132
f 97 132 133
f 97 133 134
f 97 134 98
f 98 134 135
f 100 136 137
f 100 137 138
f 100 138 139
f 100 139 140
f 101 140 141
f 101 141 142
f 102 143 144
f 102 144 103
f 103 144 145
f 103 145 146
f 103 146 109
f 104 147 105
f 104 111 148
f 104 148 147
f 105 149 106
f 105 147 150
f 105 150 149
f 106 149 151
f 106 151 112
f 106 112 107
f 107 112 108
f 109 146 152
f 109 152 110
f 110 152 111
f 111 153 154
f 111 154 155
f 111 155 156
f 111 156 147
f 111 147 148
f 111 152 157
f 111 157 153
f 112 151 158
f 112 158 114
f 112 114 113
f 114 159 117
f 114 158 159
f 115 117 160
f 115 160 116
f 116 160 161
f 116 161 162
f 116 162 118
f 117 163 164
f 117 164 160
f 117 159 165
f 117 165 166
f 117 166 163
f 118 162 167
f 118 167 168
f 118 168 169
f 118 169 119
f 119 169 170
f 119 170 120
f 120 171 123
f 120 123 122
f 120 122 121
f 120 170 172
f 120 172 173
f 120 173 171
f 123 174 125
f 123 125 124
f 123 171 173
f 123 173 175
f 123 175 176
f 123 176 177
f 123 177 174
f 125 174 126
f 126 174 178
f 128 179 129
f 129 179 180
f 129 180 131
f 130 131 180
f 130 180 181
f 132 182 133
f 133 182 183
f 133 183 184
f 133 184 185
f 133 185 186
f 133 186 134
f 134 186 135
f 135 186 185
f 136 187 137
f 137 188 138
f 137 187 189
f 137 189 190
f 137 190 191
f 137 191 188
f 138 188 192
f 138 192 193
f 138 193 194
f 138 194 139
f 139 194 140
f 140 194 141
f 141 194 195
f 141 195 196
f 141 196 197
f 141 197 142
f 142 197 198
f 143 145 144
f 145 199 146
f 146 199 200
f 146 200 201
f 146 201 152
f 147 202 203
f 147 203 150
f 147 156 155
f 147 155 204
f 147 204 202
f 149 150 203
f 149 203 205
f 149 205 206
f 149 206 151
f 151 206 159
f 151 159 158
f 152 201 207
f 152 207 157
f 153 157 207
f 153 207 154
f 154 208 209
f 154 209 204
f 154 204 155
f 154 207 210
f 154 210 208
f 159 206 205
f 159 205 165
f 160 164 211
f 160 211 212
f 160 212 161
f 161 212 213
f 161 213 214
f 161 214 215
f 161 215 216
f 161 216 217
f 161 217 293
f 161 293 218
f 161 218 219
f 161 219 220
f 161 220 162
f 162 220 221
f 162 221 222
f 162 222 223
f 162 223 224
f 162 224 167
f 163 225 226
f 163 226 164
f 163 166 227
f 163 227 225
f 164 226 211
f 165 228 227
f 165 227 166
f 165 205 229
f 165 229 228
f 167 224 230
f 167 230 168
f 168 230 231
f 168 231 232
f 168 232 169
f 169 232 233
f 169 233 234
f 169 234 170
f 170 234 172
f 172 235 173
f 172 234 236
f 172 236 235
f 173 235 175
f 174 237 238
f 174 238 178
f 174 177 239
f 174 239 237
f 175 236 240
f 175 240 241
f 175 241 317
f 175 317 242
f 175 242 318
f 175 318 243
f 175 243 177
f 175 177 176
f 175 235 236
f 177 243 244
f 177 244 245
f 177 245 246
f 177 246 247
f 177 247 239
f 179 248 249
f 179 249 250
f 179 250 180
f 180 250 251
f 180 251 181
f 181 251 252
f 182 253 183
f 183 253 254
f 183 254 255
f 183 255 256
f 183 256 257
f 183 257 184
f 184 257 185
f 185 257 256
f 185 256 258
f 188 259 338
f 188 338 260
f 188 260 262
f 188 262 192
f 188 191 261
f 188 261 259
f 192 262 193
f 193 262 263
f 193 263 264
f 193 264 194
f 194 264 195
f 195 265 196
f 195 264 263
f 195 263 266
f 195 266 267
f 195 267 265
f 196 265 268
f 196 268 197
f 197 268 269
f 197 269 198
f 198 269 270
f 201 271 207
f 202 272 273
f 202 273 229
f 202 229 203
f 202 204 274
f 202 274 272
f 203 229 205
f 204 209 275
f 204 275 276
f 204 276 274
f 207 277 210
f 207 271 278
f 207 278 277
f 208 279 280
f 208 280 281
f 208 281 209
f 208 210 277
f 208 277 282
f 208 282 283
f 208 283 279
f 209 281 284
f 209 284 285
f 209 285 286
f 209 286 275
f 211 287 212
f 211 226 288
f 211 288 287
f 212 287 213
f 213 287 214
f 214 287 289
f 214 289 290
f 214 290 291
f 214 291 292
f 214 292 215
f 215 292 216
f 216 292 217
f 217 292 293
f 218 293 294
f 218 294 219
f 219 295 296
f 219 296 297
f 219 297 298
f 219 298 220
f 219 294 295
f 220 298 299
f 220 299 300
f 220 300 301
f 220 301 223
f 220 223 222
f 220 222 221
f 223 301 302
f 223 302 224
f 224 302 230
f 225 227 303
f 225 303 226
f 226 303 288
f 227 304 303
f 227 228 305
f 227 305 306
f 227 306 286
f 227 286 304
f 228 229 273
f 228 273 272
f 228 272 307
f 228 307 286
f 228 286 306
f 228 306 305
f 230 302 308
f 230 308 309
f 230 309 231
f 231 309 232
f 232 309 310
f 232 310 233
f 233 310 311
f 233 311 234
f 234 311 236
f 236 311 240
f 240 311 312
f 240 312 313
f 240 313 314
f 240 314 315
f 240 315 316
f 240 316 317
f 240 317 241
f 242 317 318
f 243 318 244
f 244 318 245
f 245 319 320
f 245 320 246
f 245 318 319
f 246 320 321
f 248 322 249
f 249 322 323
f 249 323 324
f 249 324 325
f 249 325 326
f 249 326 250
f 250 327 251
f 250 326 327
f 251 328 252
f 251 327 329
f 251 329 328
f 253 330 254
f 254 330 331
f 254 331 332
f 254 332 333
f 254 333 256
f 254 256 255
f 256 333 334
f 256 334 335
f 256 335 258
f 259 261 336
f 259 336 337
f 259 337 446
f 259 446 338
f 260 338 446
f 260 446 339
f 260 339 340
f 260 340 262
f 262 340 266
f 262 266 263
f 265 341 342
f 265 342 268
f 265 267 341
f 266 340 447
f 266 447 343
f 266 343 344
f 266 344 267
f 267 344 345
f 267 345 346
f 267 346 347
f 267 347 341
f 268 342 348
f 268 348 349
f 268 349 269
f 269 349 350
f 269 350 270
f 270 350 351
f 271 352 353
f 271 353 278
f 272 274 276
f 272 276 354
f 272 354 307
f 275 354 276
f 275 286 355
f 275 355 307
f 275 307 354
f 277 278 353
f 277 353 282
f 279 283 280
f 280 356 281
f 280 283 357
f 280 357 358
f 280 358 359
f 280 359 356
f 281 356 360
f 281 360 361
f 281 361 362
f 281 362 286
f 281 286 284
f 282 353 363
f 282 363 364
f 282 364 365
f 282 365 283
f 283 365 366
f 283 366 367
f 283 367 368
f 283 368 357
f 284 286 285
f 286 307 355
f 286 362 369
f 286 369 370
f 286 370 304
f 287 288 371
f 287 371 372
f 287 372 289
f 288 373 371
f 288 303 374
f 288 374 375
f 288 375 373
f 289 372 290
f 290 372 376
f 290 376 377
f 290 377 378
f 290 378 379
f 290 379 380
f 290 380 291
f 291 380 381
f 291 381 292
f 292 381 293
f 293 381 380
f 293 380 382
f 293 382 294
f 294 382 380
f 294 380 383
f 294 383 384
f 294 384 296
f 294 296 295
f 296 385 386
f 296 386 297
f 296 384 383
f 296 383 385
f 297 387 299
f 297 299 298
f 297 386 388
f 297 388 389
f 297 389 390
f 297 390 391
f 297 391 392
f 297 392 393
f 297 393 387
f 299 387 301
f 299 301 300
f 301 387 302
f 302 387 394
f 302 394 395
f 302 395 308
f 303 304 396
f 303 396 374
f 304 370 369
f 304 369 397
f 304 397 396
f 308 395 398
f 308 398 399
f 308 399 309
f 309 399 400
f 309 400 310
f 310 400 311
f 311 400 312
f 312 401 313
f 312 400 401
f 313 402 403
f 313 403 314
f 313 401 404
f 313 404 402
f 314 403 315
f 315 403 405
f 315 405 406
f 315 406 407
f 315 407 408
f 315 408 409
f 315 409 410
f 315 410 411
f 315 411 316
f 316 411 412
f 316 412 413
f 316 413 317
f 317 413 414
f 317 414 319
f 317 319 318
f 319 414 415
f 319 415 320
f 320 415 416
f 320 416 417
f 320 417 418
f 320 418 321
f 322 419 420
f 322 420 421
f 322 421 422
f 322 422 423
f 322 423 323
f 323 423 424
f 323 424 324
f 324 425 426
f 324 426 326
f 324 326 325
f 324 424 427
f 324 427 428
f 324 428 425
f 326 426 329
f 326 329 327
f 328 329 429
f 329 426 429
f 330 430 431
f 330 431 331
f 331 432 433
f 331 433 332
f 331 431 434
f 331 434 435
f 331 435 432
f 332 436 333
f 332 433 436
f 333 436 334
f 334 436 437
f 334 437 438
f 334 438 554
f 334 554 439
f 334 439 335
f 335 439 441
f 335 441 442
f 335 442 440
f 336 443 337
f 337 443 444
f 337 444 445
f 337 445 560
f 337 560 446
f 339 446 447
f 339 447 340
f 341 347 448
f 341 448 342
f 342 448 348
f 343 449 344
f 343 447 450
f 343 450 449
f 344 451 345
f 344 449 452
f 344 452 451
f 345 453 454
f 345 454 346
f 345 451 455
f 345 455 453
f 346 456 457
f 346 457 347
f 346 454 458
f 346 458 459
f 346 459 456
f 347 457 448
f 348 448 457
f 348 457 460
f 348 460 349
f 349 460 461
f 349 461 462
f 349 462 350
f 350 462 351
f 351 462 463
f 352 464 353
f 352 465 464
f 353 464 363
f 356 359 360
f 357 368 358
f 358 466 467
f 358 467 468
f 358 468 469
f 358 469 359
f 358 368 366
f 358 366 470
f 358 470 466
f 359 469 471
f 359 471 472
f 359 472 360
f 360 472 473
f 360 473 361
f 361 473 474
f 361 474 475
f 361 475 362
f 362 475 474
f 362 474 369
f 363 464 476
f 363 476 477
f 363 477 478
f 363 478 364
f 364 366 365
f 364 478 366
f 366 478 479
f 366 479 480
f 366 480 481
f 366 481 482
f 366 482 483
f 366 483 484
f 366 484 485
f 366 485 466
f 366 466 470
f 366 368 367
f 369 486 397
f 369 474 486
f 371 373 372
f 372 373 487
f 372 487 488
f 372 488 378
f 372 378 377
f 372 377 376
f 373 375 489
f 373 489 490
f 373 490 487
f 374 396 491
f 374 491 492
f 374 492 493
f 374 493 375
f 375 493 489
f 378 494 379
f 378 488 495
f 378 495 496
f 378 496 497
f 378 497 494
f 379 494 497
f 379 497 385
f 379 385 380
f 380 385 383
f 385 497 498
f 385 498 499
f 385 499 386
f 386 499 500
f 386 500 388
f 387 393 501
f 387 501 394
f 388 500 389
f 389 502 390
f 389 500 502
f 390 502 503
f 390 503 504
f 390 504 391
f 391 504 393
f 391 393 392
f 393 504 505
f 393 505 506
f 393 506 501
f 394 501 506
f 394 506 395
f 395 506 507
f 395 507 398
f 396 397 491
f 397 486 491
f 398 507 508
f 398 508 399
f 399 508 400
f 400 508 505
f 400 505 509
f 400 509 510
f 400 510 511
f 400 511 512
f 400 512 401
f 401 513 404
f 401 512 511
f 401 511 514
f 401 514 515
f 401 515 516
f 401 516 513
f 402 517 518
f 402 518 519
f 402 519 520
f 402 520 403
f 402 404 517
f 403 520 519
f 403 519 405
f 404 521 522
f 404 522 523
f 404 523 517
f 404 513 524
f 404 524 521
f 405 519 406
f 406 519 407
f 407 525 408
f 407 519 525
f 410 412 411
f 412 416 413
f 412 417 416
f 413 416 415
f 413 415 414
f 419 526 420
f 420 526 634
f 420 634 527
f 420 527 421
f 421 528 532
f 421 532 422
f 421 527 529
f 421 529 530
f 421 530 531
f 421 531 635
f 421 635 528
f 422 532 424
f 422 424 423
f 424 532 533
f 424 533 427
f 425 428 534
f 425 534 426
f 426 534 535
f 426 535 536
f 426 536 537
f 426 537 538
f 426 538 539
f 426 539 429
f 427 540 541
f 427 541 428
f 427 533 542
f 427 542 543
f 427 543 540
f 428 541 535
f 428 535 534
f 430 544 431
f 431 544 434
f 432 545 433
f 432 435 546
f 432 546 545
f 433 545 547
f 433 547 548
f 433 548 549
f 433 549 437
f 433 437 436
f 434 544 550
f 434 550 435
f 435 551 546
f 435 550 552
f 435 552 553
f 435 553 551
f 437 549 548
f 437 548 438
f 438 548 554
f 439 554 555
f 439 555 556
f 439 556 442
f 439 442 441
f 440 442 558
f 440 558 557
f 442 556 663
f 442 663 558
f 444 559 446
f 444 446 560
f 444 560 445
f 446 561 447
f 446 559 561
f 447 561 562
f 447 562 450
f 449 450 564
f 449 564 452
f 450 563 564
f 450 562 565
f 450 565 566
f 450 566 567
f 450 567 563
f 451 452 568
f 451 568 455
f 452 564 672
f 452 672 568
f 453 569 675
f 453 675 570
f 453 570 454
f 453 455 571
f 453 571 569
f 454 570 572
f 454 572 573
f 454 573 458
f 455 568 574
f 455 574 571
f 456 460 457
f 456 459 575
f 456 575 460
f 458 573 576
f 458 576 459
f 459 576 577
f 459 577 578
f 459 578 575
f 460 575 578
f 460 578 461
f 461 579 462
f 461 578 580
f 461 580 579
f 462 579 581
f 462 581 463
f 464 465 476
f 466 582 467
f 466 485 582
f 467 582 468
f 468 582 583
f 468 583 471
f 468 471 469
f 471 584 493
f 471 493 492
f 471 492 472
f 471 583 584
f 472 492 486
f 472 486 585
f 472 585 586
f 472 586 473
f 473 586 474
f 474 586 585
f 474 585 486
f 476 479 477
f 476 587 479
f 477 479 478
f 479 587 588
f 479 588 589
f 479 589 590
f 479 590 591
f 479 591 592
f 479 592 593
f 479 593 480
f 480 593 481
f 481 593 594
f 481 594 482
f 482 594 483
f 483 594 484
f 484 594 595
f 484 595 485
f 485 595 596
f 485 596 582
f 486 492 491
f 487 490 597
f 487 597 488
f 488 597 598
f 488 598 599
f 488 599 600
f 488 600 601
f 488 601 602
f 488 602 495
f 489 493 490
f 490 603 597
f 490 493 603
f 493 604 605
f 493 605 603
f 493 584 604
f 495 602 496
f 496 602 606
f 496 606 497
f 497 606 498
f 498 607 608
f 498 608 499
f 498 606 602
f 498 602 607
f 499 608 609
f 499 609 610
f 499 610 611
f 499 611 500
f 500 611 612
f 500 612 613
f 500 613 502
f 502 613 614
f 502 614 615
f 502 615 616
f 502 616 503
f 503 616 617
f 503 617 618
f 503 618 504
f 504 510 509
f 504 509 505
f 504 618 510
f 505 508 507
f 505 507 506
f 510 618 514
f 510 514 511
f 513 516 524
f 514 618 619
f 514 619 620
f 514 620 515
f 515 620 516
f 516 620 621
f 516 621 521
f 516 521 524
f 517 523 518
f 518 523 519
f 519 523 522
f 519 522 622
f 519 622 623
f 519 623 624
f 519 624 625
f 519 625 626
f 519 626 627
f 519 627 628
f 519 628 629
f 519 629 630
f 519 630 631
f 519 631 525
f 521 621 522
f 522 621 632
f 522 632 633
f 522 633 622
f 527 634 529
f 528 635 533
f 528 533 532
f 529 636 531
f 529 531 530
f 529 634 637
f 529 637 638
f 529 638 636
f 531 638 639
f 531 639 640
f 531 640 641
f 531 641 635
f 531 636 638
f 533 635 641
f 533 641 542
f 535 642 536
f 535 541 540
f 535 540 643
f 535 643 642
f 536 644 537
f 536 642 644
f 537 644 538
f 538 644 539
f 539 644 645
f 540 646 643
f 540 543 647
f 540 647 648
f 540 648 646
f 542 641 649
f 542 649 543
f 543 649 760
f 543 760 647
f 544 650 550
f 545 651 652
f 545 652 547
f 545 546 653
f 545 653 654
f 545 654 651
f 546 654 653
f 546 551 655
f 546 655 654
f 547 652 554
f 547 554 548
f 550 650 656
f 550 656 552
f 551 553 657
f 551 657 655
f 552 656 658
f 552 658 659
f 552 659 553
f 553 659 657
f 554 652 555
f 555 652 660
f 555 660 661
f 555 661 556
f 556 661 662
f 556 662 663
f 557 558 664
f 558 663 665
f 558 665 666
f 558 666 667
f 558 667 664
f 559 668 561
f 561 668 669
f 561 669 565
f 561 565 562
f 563 670 672
f 563 672 564
f 563 567 671
f 563 671 670
f 565 669 668
f 565 668 673
f 565 673 566
f 568 672 574
f 569 674 793
f 569 793 675
f 569 571 676
f 569 676 794
f 569 794 674
f 570 675 677
f 570 677 678
f 570 678 572
f 571 574 679
f 571 679 680
f 571 680 676
f 572 678 573
f 573 678 681
f 573 681 682
f 573 682 576
f 574 672 683
f 574 683 684
f 574 684 679
f 576 685 578
f 576 578 577
f 576 682 685
f 578 685 686
f 578 686 580
f 579 580 687
f 579 687 688
f 579 688 581
f 580 686 689
f 580 689 687
f 582 596 595
f 582 595 583
f 583 595 690
f 583 690 584
f 584 690 604
f 590 691 593
f 590 593 591
f 591 593 592
f 593 692 594
f 593 691 693
f 593 693 694
f 593 694 695
f 593 695 696
f 593 696 697
f 593 697 698
f 593 698 699
f 593 699 700
f 593 700 701
f 593 701 702
f 593 702 703
f 593 703 595
f 593 595 692
f 594 692 595
f 595 703 704
f 595 704 705
f 595 705 706
f 595 706 690
f 597 603 598
f 598 603 707
f 598 707 599
f 599 707 708
f 599 708 600
f 600 708 707
f 600 707 709
f 600 709 710
f 600 710 711
f 600 711 712
f 600 712 601
f 601 712 602
f 602 713 714
f 602 714 715
f 602 715 608
f 602 608 607
f 602 712 713
f 603 605 707
f 604 716 707
f 604 707 605
f 604 690 706
f 604 706 716
f 608 715 717
f 608 717 609
f 609 718 610
f 609 717 718
f 610 718 719
f 610 719 611
f 611 719 612
f 612 719 720
f 612 720 721
f 612 721 613
f 613 721 614
f 614 721 617
f 614 617 616
f 614 616 615
f 617 722 723
f 617 723 724
f 617 724 725
f 617 725 618
f 617 721 720
f 617 720 726
f 617 726 722
f 618 725 619
f 619 725 727
f 619 727 620
f 620 727 621
f 621 728 632
f 621 727 728
f 622 633 623
f 623 633 729
f 623 729 730
f 623 730 624
f 624 730 731
f 624 731 732
f 624 732 625
f 625 732 626
f 626 733 628
f 626 628 627
f 626 732 731
f 626 731 734
f 626 734 735
f 626 735 736
f 626 736 733
f 628 733 737
f 628 737 738
f 628 738 739
f 628 739 629
f 629 739 740
f 629 740 630
f 632 728 741
f 632 741 633
f 633 741 729
f 637 742 638
f 638 743 744
f 638 744 640
f 638 640 639
f 638 742 745
f 638 745 743
f 640 746 747
f 640 747 748
f 640 748 749
f 640 749 750
f 640 750 751
f 640 751 752
f 640 752 753
f 640 753 641
f 640 744 754
f 640 754 746
f 641 755 649
f 641 753 755
f 642 643 644
f 643 756 644
f 643 646 757
f 643 757 756
f 644 758 759
f 644 759 645
f 644 756 758
f 646 648 757
f 647 757 648
f 647 760 761
f 647 761 757
f 649 755 762
f 649 762 760
f 650 763 656
f 651 654 764
f 651 764 652
f 652 764 765
f 652 765 776
f 652 776 660
f 654 766 764
f 654 655 657
f 654 657 767
f 654 767 766
f 656 763 768
f 656 768 658
f 657 659 769
f 657 769 770
f 657 770 767
f 658 768 771
f 658 771 772
f 658 772 659
f 659 773 769
f 659 772 774
f 659 774 775
f 659 775 773
f 660 776 777
f 660 777 778
f 660 778 661
f 661 778 928
f 661 928 779
f 661 779 780
f 661 780 662
f 662 780 781
f 662 781 782
f 662 782 783
f 662 783 784
f 662 784 785
f 662 785 663
f 663 785 786
f 663 786 665
f 665 786 787
f 665 787 788
f 665 788 666
f 666 788 789
f 666 789 790
f 666 790 667
f 670 671 791
f 670 791 683
f 670 683 672
f 674 792 793
f 674 794 792
f 675 793 946
f 675 946 795
f 675 795 796
f 675 796 677
f 676 680 797
f 676 797 948
f 676 948 794
f 677 796 681
f 677 681 678
f 679 798 680
f 679 684 683
f 679 683 799
f 679 799 951
f 679 951 798
f 680 798 797
f 681 796 795
f 681 795 800
f 681 800 801
f 681 801 802
f 681 802 803
f 681 803 682
f 682 803 960
f 682 960 804
f 682 804 686
f 682 686 685
f 683 791 805
f 683 805 799
f 686 804 689
f 687 689 806
f 687 806 807
f 687 807 688
f 689 804 808
f 689 808 806
f 693 809 810
f 693 810 811
f 693 811 812
f 693 812 813
f 693 813 814
f 693 814 694
f 694 814 815
f 694 815 695
f 695 815 816
f 695 816 817
f 695 817 696
f 696 817 818
f 696 818 697
f 697 818 819
f 697 819 820
f 697 820 821
f 697 821 822
f 697 822 823
f 697 823 698
f 698 823 824
f 698 824 699
f 699 824 825
f 699 825 700
f 700 825 826
f 700 826 827
f 700 827 828
f 700 828 701
f 701 828 829
f 701 829 702
f 702 829 704
f 702 704 703
f 704 829 705
f 705 829 830
f 705 830 831
f 705 831 832
f 705 832 833
f 705 833 716
f 705 716 706
f 707 716 833
f 707 833 709
f 709 834 710
f 709 833 834
f 710 834 835
f 710 835 836
f 710 836 711
f 711 836 837
f 711 837 838
f 711 838 712
f 712 838 839
f 712 839 713
f 713 839 840
f 713 840 837
f 713 837 841
f 713 841 714
f 714 841 717
f 714 717 715
f 717 841 718
f 718 841 842
f 718 842 843
f 718 843 844
f 718 844 845
f 718 845 846
f 718 846 847
f 718 847 719
f 719 847 845
f 719 845 848
f 719 848 849
f 719 849 720
f 720 849 850
f 720 850 851
f 720 851 852
f 720 852 726
f 722 726 853
f 722 853 723
f 723 853 726
f 723 726 854
f 723 854 852
f 723 852 855
f 723 855 856
f 723 856 857
f 723 857 858
f 723 858 859
f 723 859 860
f 723 860 724
f 724 860 861
f 724 861 862
f 724 862 863
f 724 863 864
f 724 864 725
f 725 864 865
f 725 865 727
f 726 852 854
f 727 865 728
f 728 865 866
f 728 866 867
f 728 867 868
f 728 868 741
f 729 741 869
f 729 869 730
f 730 870 731
f 730 869 871
f 730 871 870
f 731 870 734
f 733 736 872
f 733 872 737
f 734 873 735
f 734 870 871
f 734 871 874
f 734 874 873
f 735 875 736
f 735 873 875
f 736 875 876
f 736 876 872
f 737 872 877
f 738 878 739
f 739 878 740
f 741 879 880
f 741 880 869
f 741 868 879
f 743 881 744
f 744 881 882
f 744 882 754
f 746 883 884
f 746 884 747
f 746 754 883
f 747 884 885
f 747 885 748
f 748 886 749
f 748 885 887
f 748 887 888
f 748 888 889
f 748 889 886
f 749 886 750
f 750 890 751
f 750 886 891
f 750 891 890
f 751 890 892
f 751 892 752
f 752 893 753
f 752 892 894
f 752 894 893
f 753 893 895
f 753 895 762
f 753 762 755
f 754 882 896
f 754 896 883
f 756 757 897
f 756 897 758
f 757 761 898
f 757 898 897
f 758 899 900
f 758 900 901
f 758 901 904
f 758 904 759
f 758 897 902
f 758 902 899
f 759 904 903
f 760 762 761
f 761 905 902
f 761 902 898
f 761 762 895
f 761 895 906
f 761 906 905
f 763 907 768
f 764 766 765
f 765 766 909
f 765 909 776
f 766 767 908
f 766 908 909
f 767 770 908
f 768 910 911
f 768 911 912
f 768 912 913
f 768 913 771
f 768 907 914
f 768 914 915
f 768 915 916
f 768 916 917
f 768 917 918
f 768 918 910
f 769 773 775
f 769 775 770
f 770 775 774
f 770 774 772
f 770 772 919
f 770 919 920
f 770 920 921
f 770 921 922
f 770 922 923
f 770 923 924
f 770 924 908
f 771 913 925
f 771 925 772
f 772 925 919
f 776 909 926
f 776 926 777
f 777 926 927
f 777 927 928
f 777 928 778
f 779 928 929
f 779 929 930
f 779 930 931
f 779 931 780
f 780 931 781
f 781 930 932
f 781 932 933
f 781 933 934
f 781 934 935
f 781 935 783
f 781 783 782
f 781 931 930
f 783 935 784
f 784 787 786
f 784 786 785
f 784 935 936
f 784 936 787
f 787 937 788
f 787 936 938
f 787 938 937
f 788 937 939
f 788 939 1115
f 788 1115 940
f 788 940 789
f 789 940 790
f 790 940 941
f 791 942 943
f 791 943 805
f 792 944 945
f 792 945 793
f 792 794 944
f 793 945 946
f 794 947 944
f 794 948 947
f 795 946 949
f 795 949 800
f 797 798 950
f 797 950 948
f 798 951 1124
f 798 1124 950
f 799 805 943
f 799 943 951
f 800 949 952
f 800 952 953
f 800 953 954
f 800 954 801
f 801 955 956
f 801 956 802
f 801 954 955
f 802 957 803
f 802 956 958
f 802 958 959
f 802 959 957
f 803 957 1131
f 803 1131 961
f 803 961 960
f 804 960 962
f 804 962 963
f 804 963 808
f 806 808 964
f 806 964 1144
f 806 1144 965
f 806 965 807
f 808 963 1143
f 808 1143 964
f 809 966 810
f 810 966 967
f 810 967 812
f 810 812 811
f 812 967 968
f 812 968 969
f 812 969 970
f 812 970 814
f 812 814 813
f 814 816 815
f 814 970 971
f 814 971 816
f 816 819 972
f 816 972 817
f 816 971 973
f 816 973 819
f 817 972 819
f 817 819 818
f 819 974 975
f 819 975 820
f 819 973 976
f 819 976 977
f 819 977 978
f 819 978 979
f 819 979 980
f 819 980 981
f 819 981 974
f 820 975 982
f 820 982 983
f 820 983 821
f 821 983 984
f 821 984 822
f 822 984 985
f 822 985 823
f 823 985 986
f 823 986 824
f 824 986 987
f 824 987 988
f 824 988 825
f 825 988 989
f 825 989 990
f 825 990 991
f 825 991 826
f 826 992 827
f 826 991 993
f 826 993 992
f 827 992 994
f 827 994 995
f 827 995 996
f 827 996 997
f 827 997 998
f 827 998 999
f 827 999 828
f 828 999 998
f 828 998 1000
f 828 1000 829
f 829 1000 998
f 829 998 830
f 830 998 1001
f 830 1001 831
f 831 1002 832
f 831 1001 835
f 831 835 1002
f 832 1002 835
f 832 835 1003
f 832 1003 833
f 833 1003 834
f 834 1003 835
f 835 1001 1004
f 835 1004 836
f 836 1004 1005
f 836 1005 1006
f 836 1006 837
f 837 1006 1007
f 837 1007 841
f 837 840 839
f 837 839 838
f 841 1008 1009
f 841 1009 843
f 841 843 842
f 841 1007 1010
f 841 1010 1011
f 841 1011 1012
f 841 1012 1013
f 841 1013 1014
f 841 1014 1015
f 841 1015 1016
f 841 1016 1017
f 841 1017 1008
f 843 1009 844
f 844 1009 1018
f 844 1018 845
f 845 1018 850
f 845 850 849
f 845 849 848
f 845 847 846
f 850 1018 1019
f 850 1019 1020
f 850 1020 855
f 850 855 851
f 851 855 852
f 855 1020 1021
f 855 1021 856
f 856 1021 1022
f 856 1022 1023
f 856 1023 1024
f 856 1024 1025
f 856 1025 857
f 857 1025 1024
f 857 1024 1026
f 857 1026 858
f 858 1026 1027
f 858 1027 860
f 858 860 859
f 860 1027 861
f 861 1027 1028
f 861 1028 1029
f 861 1029 1030
f 861 1030 1031
f 861 1031 867
f 861 867 1032
f 861 1032 862
f 862 866 1033
f 862 1033 863
f 862 1032 866
f 863 1033 866
f 863 866 864
f 864 866 865
f 866 1032 867
f 867 1034 868
f 867 1031 1035
f 867 1035 1034
f 868 1034 879
f 869 880 1036
f 869 1036 1037
f 869 1037 1038
f 869 1038 1039
f 869 1039 1040
f 869 1040 871
f 871 1040 874
f 872 876 1041
f 872 1041 877
f 873 1041 876
f 873 876 875
f 873 874 1040
f 873 1040 1042
f 873 1042 1043
f 873 1043 1044
f 873 1044 1045
f 873 1045 1041
f 877 1041 1046
f 879 1034 1035
f 879 1035 1047
f 879 1047 1048
f 879 1048 880
f 880 1048 1036
f 881 1049 882
f 882 1049 1050
f 882 1050 896
f 883 1051 884
f 883 896 1051
f 884 1051 1052
f 884 1052 885
f 885 1053 887
f 885 1052 1051
f 885 1051 1053
f 886 889 891
f 887 1053 1054
f 887 1054 1055
f 887 1055 1056
f 887 1056 888
f 888 1056 1057
f 888 1057 1058
f 888 1058 889
f 889 1058 1059
f 889 1059 891
f 890 891 1060
f 890 1060 1061
f 890 1061 892
f 891 1059 1062
f 891 1062 1060
f 892 1063 1064
f 892 1064 894
f 892 1061 1065
f 892 1065 1066
f 892 1066 1063
f 893 1067 906
f 893 906 895
f 893 894 1067
f 894 1068 1067
f 894 1064 1069
f 894 1069 1068
f 896 1050 1070
f 896 1070 1051
f 897 898 902
f 899 902 1071
f 899 1071 900
f 900 1072 1073
f 900 1073 901
f 900 1071 1074
f 900 1074 1072
f 901 1073 1079
f 901 1079 904
f 902 905 1075
f 902 1075 1071
f 903 904 1076
f 904 1077 1078
f 904 1078 1076
f 904 1079 1080
f 904 1080 1077
f 905 1081 1075
f 905 906 1082
f 905 1082 1279
f 905 1279 1081
f 906 1067 1083
f 906 1083 1082
f 908 924 909
f 909 924 926
f 910 1084 911
f 910 918 1084
f 911 913 912
f 911 1084 913
f 913 1084 1085
f 913 1085 925
f 914 1086 915
f 915 1086 1087
f 915 1087 1088
f 915 1088 1089
f 915 1089 1090
f 915 1090 1091
f 915 1091 1092
f 915 1092 916
f 916 1092 1091
f 916 1091 1093
f 916 1093 1094
f 916 1094 917
f 917 1095 1096
f 917 1096 1097
f 917 1097 1098
f 917 1098 918
f 917 1094 1095
f 918 1098 1084
f 919 925 1085
f 919 1085 1084
f 919 1084 1099
f 919 1099 920
f 920 1099 1100
f 920 1100 1101
f 920 1101 1102
f 920 1102 921
f 921 1103 923
f 921 923 922
f 921 1102 1103
f 923 1103 927
f 923 927 926
f 923 926 924
f 927 1103 1104
f 927 1104 929
f 927 929 928
f 929 1104 1105
f 929 1105 930
f 930 1105 1106
f 930 1106 932
f 932 1106 1107
f 932 1107 1108
f 932 1108 933
f 933 1108 934
f 934 938 935
f 934 1108 1109
f 934 1109 937
f 934 937 938
f 935 938 936
f 937 1109 1110
f 937 1110 1111
f 937 1111 1112
f 937 1112 1113
f 937 1113 1114
f 937 1114 939
f 939 1114 1115
f 940 1115 1317
f 940 1317 1116
f 940 1116 941
f 942 1117 943
f 943 1117 951
f 944 1118 1119
f 944 1119 945
f 944 947 1120
f 944 1120 1118
f 945 1119 946
f 946 1119 949
f 947 948 1121
f 947 1121 1120
f 948 950 1121
f 949 1119 952
f 950 1122 1123
f 950 1123 1121
f 950 1124 1323
f 950 1323 1122
f 951 1117 1124
f 952 1125 1126
f 952 1126 953
f 952 1119 1127
f 952 1127 1128
f 952 1128 1125
f 953 1126 1129
f 953 1129 954
f 954 1129 955
f 955 1129 956
f 956 1129 1130
f 956 1130 958
f 957 959 1139
f 957 1139 1131
f 958 1132 1133
f 958 1133 1134
f 958 1134 1135
f 958 1135 1136
f 958 1136 1137
f 958 1137 1138
f 958 1138 959
f 958 1130 1132
f 959 1138 1139
f 960 961 1140
f 960 1140 962
f 961 1131 1333
f 961 1333 1140
f 962 1140 1141
f 962 1141 963
f 963 1141 1142
f 963 1142 1143
f 964 1143 1348
f 964 1348 1144
f 966 1145 1146
f 966 1146 967
f 967 1146 968
f 968 1146 1147
f 968 1147 969
f 969 1147 1148
f 969 1148 976
f 969 976 973
f 969 973 971
f 969 971 970
f 974 1149 975
f 974 981 1150
f 974 1150 1149
f 975 1149 982
f 976 1148 1151
f 976 1151 977
f 977 1151 978
f 978 1151 1152
f 978 1152 1153
f 978 1153 979
f 979 1153 980
f 980 1154 1155
f 980 1155 981
f 980 1153 1156
f 980 1156 1157
f 980 1157 1158
f 980 1158 1154
f 981 1155 1357
f 981 1357 1159
f 981 1159 1160
f 981 1160 1150
f 982 1149 1161
f 982 1161 983
f 983 1161 1162
f 983 1162 1163
f 983 1163 984
f 984 1163 1164
f 984 1164 985
f 985 1165 986
f 985 1164 1165
f 986 1166 1167
f 986 1167 987
f 986 1165 1166
f 987 1167 1168
f 987 1168 1169
f 987 1169 1170
f 987 1170 1171
f 987 1171 1172
f 987 1172 1173
f 987 1173 1174
f 987 1174 1175
f 987 1175 1176
f 987 1176 988
f 988 1177 989
f 988 1176 1178
f 988 1178 1177
f 989 1177 1179
f 989 1179 1180
f 989 1180 990
f 990 1180 1181
f 990 1181 1182
f 990 1182 1183
f 990 1183 1184
f 990 1184 1185
f 990 1185 993
f 990 993 991
f 992 993 994
f 993 1185 1186
f 993 1186 1187
f 993 1187 994
f 994 1187 995
f 995 997 996
f 995 1187 1186
f 995 1186 1188
f 995 1188 1189
f 995 1189 1190
f 995 1190 997
f 997 1190 1191
f 997 1191 998
f 998 1191 1192
f 998 1192 1001
f 1001 1192 1193
f 1001 1193 1005
f 1001 1005 1004
f 1005 1193 1194
f 1005 1194 1006
f 1006 1195 1196
f 1006 1196 1197
f 1006 1197 1198
f 1006 1198 1199
f 1006 1199 1007
f 1006 1194 1195
f 1007 1200 1010
f 1007 1199 1200
f 1008 1017 1201
f 1008 1201 1009
f 1009 1201 1017
f 1009 1017 1202
f 1009 1202 1203
f 1009 1203 1018
f 1010 1200 1199
f 1010 1199 1204
f 1010 1204 1205
f 1010 1205 1011
f 1011 1205 1206
f 1011 1206 1012
f 1012 1206 1013
f 1013 1206 1014
f 1014 1207 1208
f 1014 1208 1015
f 1014 1206 1209
f 1014 1209 1207
f 1015 1208 1210
f 1015 1210 1211
f 1015 1211 1212
f 1015 1212 1213
f 1015 1213 1214
f 1015 1214 1215
f 1015 1215 1216
f 1015 1216 1016
f 1016 1216 1017
f 1017 1216 1215
f 1017 1215 1202
f 1018 1203 1019
f 1019 1203 1217
f 1019 1217 1020
f 1020 1217 1218
f 1020 1218 1021
f 1021 1218 1219
f 1021 1219 1220
f 1021 1220 1023
f 1021 1023 1022
f 1023 1220 1221
f 1023 1221 1027
f 1023 1027 1024
f 1024 1027 1026
f 1027 1221 1220
f 1027 1220 1219
f 1027 1219 1222
f 1027 1222 1223
f 1027 1223 1224
f 1027 1224 1225
f 1027 1225 1028
f 1028 1225 1029
f 1029 1035 1030
f 1029 1225 1226
f 1029 1226 1227
f 1029 1227 1035
f 1030 1035 1031
f 1035 1227 1228
f 1035 1228 1229
f 1035 1229 1047
f 1036 1048 1230
f 1036 1230 1231
f 1036 1231 1037
f 1037 1231 1232
f 1037 1232 1038
f 1038 1232 1233
f 1038 1233 1234
f 1038 1234 1235
f 1038 1235 1043
f 1038 1043 1042
f 1038 1042 1040
f 1038 1040 1039
f 1041 1045 1236
f 1041 1236 1237
f 1041 1237 1238
f 1041 1238 1046
f 1043 1235 1239
f 1043 1239 1236
f 1043 1236 1044
f 1044 1236 1045
f 1046 1238 1240
f 1047 1229 1241
f 1047 1241 1048
f 1048 1242 1230
f 1048 1241 1243
f 1048 1243 1242
f 1049 1244 1246
f 1049 1246 1245
f 1049 1245 1070
f 1049 1070 1050
f 1051 1246 1247
f 1051 1247 1053
f 1051 1070 1245
f 1051 1245 1246
f 1053 1247 1054
f 1054 1248 1055
f 1054 1247 1249
f 1054 1249 1248
f 1055 1248 1250
f 1055 1250 1251
f 1055 1251 1056
f 1056 1251 1252
f 1056 1252 1253
f 1056 1253 1254
f 1056 1254 1255
f 1056 1255 1057
f 1057 1255 1058
f 1058 1255 1256
f 1058 1256 1257
f 1058 1257 1258
f 1058 1258 1059
f 1059 1258 1062
f 1060 1065 1061
f 1060 1062 1259
f 1060 1259 1066
f 1060 1066 1065
f 1062 1258 1260
f 1062 1260 1261
f 1062 1261 1262
f 1062 1262 1259
f 1063 1066 1069
f 1063 1069 1064
f 1066 1259 1263
f 1066 1263 1264
f 1066 1264 1265
f 1066 1265 1069
f 1067 1266 1083
f 1067 1068 1266
f 1068 1069 1266
f 1069 1265 1267
f 1069 1267 1268
f 1069 1268 1083
f 1069 1083 1266
f 1071 1075 1074
f 1072 1269 1073
f 1072 1074 1269
f 1073 1270 1079
f 1073 1269 1271
f 1073 1271 1272
f 1073 1272 1270
f 1074 1075 1273
f 1074 1273 1274
f 1074 1274 1269
f 1075 1081 1278
f 1075 1278 1273
f 1077 1275 1078
f 1077 1080 1270
f 1077 1270 1276
f 1077 1276 1275
f 1078 1275 1277
f 1079 1270 1080
f 1081 1279 1278
f 1082 1083 1279
f 1083 1268 1280
f 1083 1280 1281
f 1083 1281 1279
f 1084 1098 1099
f 1086 1282 1087
f 1087 1282 1283
f 1087 1283 1284
f 1087 1284 1088
f 1088 1093 1285
f 1088 1285 1089
f 1088 1284 1286
f 1088 1286 1287
f 1088 1287 1288
f 1088 1288 1289
f 1088 1289 1093
f 1089 1285 1090
f 1090 1285 1091
f 1091 1285 1093
f 1093 1289 1290
f 1093 1290 1094
f 1094 1290 1095
f 1095 1290 1096
f 1096 1290 1291
f 1096 1291 1292
f 1096 1292 1097
f 1097 1292 1293
f 1097 1293 1294
f 1097 1294 1098
f 1098 1294 1100
f 1098 1100 1099
f 1100 1294 1295
f 1100 1295 1296
f 1100 1296 1297
f 1100 1297 1298
f 1100 1298 1106
f 1100 1106 1101
f 1101 1106 1102
f 1102 1106 1299
f 1102 1299 1103
f 1103 1299 1104
f 1104 1299 1105
f 1105 1299 1106
f 1106 1300 1301
f 1106 1301 1302
f 1106 1302 1303
f 1106 1303 1304
f 1106 1304 1305
f 1106 1305 1306
f 1106 1306 1307
f 1106 1307 1107
f 1106 1298 1308
f 1106 1308 1309
f 1106 1309 1300
f 1107 1306 1492
f 1107 1492 1495
f 1107 1495 1310
f 1107 1310 1108
f 1107 1307 1306
f 1108 1310 1109
f 1109 1310 1110
f 1110 1311 1111
f 1110 1310 1311
f 1111 1311 1312
f 1111 1312 1112
f 1112 1312 1313
f 1112 1313 1506
f 1112 1506 1314
f 1112 1314 1113
f 1113 1314 1115
f 1113 1115 1114
f 1115 1314 1315
f 1115 1315 1316
f 1115 1316 1317
f 1117 1318 1319
f 1117 1319 1124
f 1118 1320 1329
f 1118 1329 1128
f 1118 1128 1127
f 1118 1127 1119
f 1118 1120 1321
f 1118 1321 1320
f 1120 1121 1321
f 1121 1123 1321
f 1122 1322 1123
f 1122 1323 1513
f 1122 1513 1322
f 1123 1322 1324
f 1123 1324 1321
f 1124 1319 1325
f 1124 1325 1323
f 1125 1326 1520
f 1125 1520 1327
f 1125 1327 1328
f 1125 1328 1126
f 1125 1128 1329
f 1125 1329 1326
f 1126 1328 1129
f 1129 1328 1330
f 1129 1330 1130
f 1130 1330 1331
f 1130 1331 1133
f 1130 1133 1132
f 1131 1139 1332
f 1131 1332 1333
f 1133 1334 1134
f 1133 1331 1334
f 1134 1334 1135
f 1135 1334 1136
f 1136 1334 1335
f 1136 1335 1336
f 1136 1336 1337
f 1136 1337 1338
f 1136 1338 1137
f 1137 1339 1138
f 1137 1338 1339
f 1138 1339 1340
f 1138 1340 1139
f 1139 1340 1332
f 1140 1333 1141
f 1141 1333 1341
f 1141 1341 1342
f 1141 1342 1343
f 1141 1343 1344
f 1141 1344 1142
f 1142 1345 1346
f 1142 1346 1347
f 1142 1347 1143
f 1142 1344 1345
f 1143 1347 1348
f 1145 1349 1350
f 1145 1350 1146
f 1146 1350 1147
f 1147 1151 1148
f 1147 1350 1151
f 1149 1150 1161
f 1150 1160 1351
f 1150 1351 1161
f 1151 1350 1153
f 1151 1153 1152
f 1153 1350 1349
f 1153 1349 1352
f 1153 1352 1353
f 1153 1353 1354
f 1153 1354 1157
f 1153 1157 1156
f 1154 1355 1356
f 1154 1356 1357
f 1154 1357 1155
f 1154 1158 1358
f 1154 1358 1355
f 1157 1354 1359
f 1157 1359 1158
f 1158 1359 1360
f 1158 1360 1358
f 1159 1357 1361
f 1159 1361 1160
f 1160 1361 1362
f 1160 1362 1351
f 1161 1363 1364
f 1161 1364 1365
f 1161 1365 1163
f 1161 1163 1162
f 1161 1351 1363
f 1163 1365 1564
f 1163 1564 1366
f 1163 1366 1164
f 1164 1366 1165
f 1165 1366 1367
f 1165 1367 1368
f 1165 1368 1369
f 1165 1369 1370
f 1165 1370 1166
f 1166 1168 1167
f 1166 1370 1371
f 1166 1371 1168
f 1168 1371 1169
f 1169 1371 1372
f 1169 1372 1170
f 1170 1372 1171
f 1171 1372 1373
f 1171 1373 1374
f 1171 1374 1375
f 1171 1375 1173
f 1171 1173 1172
f 1173 1375 1175
f 1173 1175 1174
f 1175 1375 1376
f 1175 1376 1178
f 1175 1178 1176
f 1177 1178 1179
f 1178 1377 1182
f 1178 1182 1179
f 1178 1376 1378
f 1178 1378 1379
f 1178 1379 1380
f 1178 1380 1381
f 1178 1381 1382
f 1178 1382 1377
f 1179 1182 1181
f 1179 1181 1180
f 1182 1377 1383
f 1182 1383 1384
f 1182 1384 1385
f 1182 1385 1183
f 1183 1385 1184
f 1184 1386 1186
f 1184 1186 1185
f 1184 1385 1384
f 1184 1384 1387
f 1184 1387 1386
f 1186 1386 1188
f 1188 1386 1388
f 1188 1388 1189
f 1189 1194 1190
f 1189 1388 1387
f 1189 1387 1195
f 1189 1195 1194
f 1190 1194 1191
f 1191 1194 1193
f 1191 1193 1192
f 1195 1387 1196
f 1196 1387 1389
f 1196 1389 1390
f 1196 1390 1197
f 1197 1391 1392
f 1197 1392 1198
f 1197 1390 1393
f 1197 1393 1394
f 1197 1394 1395
f 1197 1395 1391
f 1198 1392 1396
f 1198 1396 1397
f 1198 1397 1204
f 1198 1204 1199
f 1202 1215 1398
f 1202 1398 1203
f 1203 1398 1217
f 1204 1397 1205
f 1205 1397 1399
f 1205 1399 1400
f 1205 1400 1401
f 1205 1401 1206
f 1206 1401 1209
f 1207 1402 1403
f 1207 1403 1404
f 1207 1404 1210
f 1207 1210 1208
f 1207 1209 1401
f 1207 1401 1405
f 1207 1405 1406
f 1207 1406 1402
f 1210 1407 1211
f 1210 1404 1403
f 1210 1403 1407
f 1211 1407 1408
f 1211 1408 1409
f 1211 1409 1606
f 1211 1606 1410
f 1211 1410 1212
f 1212 1410 1213
f 1213 1410 1411
f 1213 1411 1215
f 1213 1215 1214
f 1215 1411 1412
f 1215 1412 1413
f 1215 1413 1398
f 1217 1414 1218
f 1217 1398 1414
f 1218 1414 1415
f 1218 1415 1416
f 1218 1416 1417
f 1218 1417 1418
f 1218 1418 1222
f 1218 1222 1219
f 1222 1418 1419
f 1222 1419 1223
f 1223 1419 1224
f 1224 1419 1420
f 1224 1420 1421
f 1224 1421 1422
f 1224 1422 1423
f 1224 1423 1225
f 1225 1423 1424
f 1225 1424 1226
f 1226 1424 1425
f 1226 1425 1227
f 1227 1425 1426
f 1227 1426 1228
f 1228 1241 1229
f 1228 1426 1427
f 1228 1427 1241
f 1230 1242 1231
f 1231 1428 1429
f 1231 1429 1233
f 1231 1233 1232
f 1231 1242 1430
f 1231 1430 1431
f 1231 1431 1428
f 1233 1429 1432
f 1233 1432 1433
f 1233 1433 1234
f 1234 1433 1434
f 1234 1434 1235
f 1235 1434 1435
f 1235 1435 1239
f 1236 1239 1435
f 1236 1435 1237
f 1237 1436 1238
f 1237 1435 1436
f 1238 1436 1437
f 1238 1437 1240
f 1241 1427 1243
f 1242 1243 1438
f 1242 1438 1430
f 1243 1427 1439
f 1243 1439 1438
f 1244 1249 1246
f 1246 1249 1247
f 1253 1440 1255
f 1253 1255 1254
f 1255 1440 1441
f 1255 1441 1256
f 1256 1441 1442
f 1256 1442 1443
f 1256 1443 1257
f 1257 1260 1258
f 1257 1443 1444
f 1257 1444 1260
f 1259 1262 1445
f 1259 1445 1263
f 1260 1444 1446
f 1260 1446 1261
f 1261 1446 1447
f 1261 1447 1262
f 1262 1447 1448
f 1262 1448 1449
f 1262 1449 1445
f 1263 1445 1449
f 1263 1449 1450
f 1263 1450 1451
f 1263 1451 1264
f 1264 1451 1452
f 1264 1452 1453
f 1264 1453 1454
f 1264 1454 1455
f 1264 1455 1265
f 1265 1455 1267
f 1267 1456 1457
f 1267 1457 1280
f 1267 1280 1268
f 1267 1455 1456
f 1269 1458 1462
f 1269 1462 1271
f 1269 1274 1459
f 1269 1459 1458
f 1270 1272 1460
f 1270 1460 1461
f 1270 1461 1276
f 1271 1462 1272
f 1272 1462 1460
f 1273 1278 1274
f 1274 1278 1463
f 1274 1463 1464
f 1274 1464 1465
f 1274 1465 1459
f 1275 1466 1277
f 1275 1276 1466
f 1276 1467 1466
f 1276 1461 1467
f 1277 1466 1468
f 1278 1279 1469
f 1278 1469 1463
f 1279 1281 1470
f 1279 1470 1469
f 1280 1457 1281
f 1281 1457 1470
f 1283 1471 1286
f 1283 1286 1284
f 1286 1472 1473
f 1286 1473 1474
f 1286 1474 1287
f 1286 1471 1472
f 1287 1474 1475
f 1287 1475 1288
f 1288 1475 1289
f 1289 1476 1477
f 1289 1477 1291
f 1289 1291 1290
f 1289 1475 1476
f 1291 1477 1478
f 1291 1478 1292
f 1292 1478 1479
f 1292 1479 1480
f 1292 1480 1293
f 1293 1480 1481
f 1293 1481 1294
f 1294 1481 1482
f 1294 1482 1295
f 1295 1483 1484
f 1295 1484 1296
f 1295 1482 1485
f 1295 1485 1486
f 1295 1486 1483
f 1296 1484 1297
f 1297 1484 1298
f 1298 1484 1308
f 1300 1487 1488
f 1300 1488 1489
f 1300 1489 1301
f 1300 1309 1487
f 1301 1489 1302
f 1302 1304 1303
f 1302 1489 1488
f 1302 1488 1304
f 1304 1488 1490
f 1304 1490 1491
f 1304 1491 1312
f 1304 1312 1305
f 1305 1312 1306
f 1306 1312 1492
f 1308 1484 1309
f 1309 1484 1493
f 1309 1493 1494
f 1309 1494 1487
f 1310 1495 1311
f 1311 1495 1496
f 1311 1496 1492
f 1311 1492 1312
f 1312 1491 1497
f 1312 1497 1498
f 1312 1498 1499
f 1312 1499 1500
f 1312 1500 1501
f 1312 1501 1502
f 1312 1502 1503
f 1312 1503 1504
f 1312 1504 1505
f 1312 1505 1506
f 1312 1506 1313
f 1314 1506 1507
f 1314 1507 1315
f 1315 1507 1508
f 1315 1508 1316
f 1318 1509 1319
f 1319 1509 1325
f 1320 1510 1329
f 1320 1321 1510
f 1321 1324 1510
f 1322 1511 1512
f 1322 1512 1324
f 1322 1513 1511
f 1323 1325 1513
f 1324 1512 1514
f 1324 1514 1510
f 1325 1515 1516
f 1325 1516 1517
f 1325 1517 1518
f 1325 1518 1513
f 1326 1519 1520
f 1326 1329 1523
f 1326 1523 1519
f 1327 1520 1521
f 1327 1521 1328
f 1328 1521 1522
f 1328 1522 1330
f 1329 1510 1523
f 1330 1522 1331
f 1331 1522 1524
f 1331 1524 1334
f 1332 1341 1525
f 1332 1525 1333
f 1332 1340 1526
f 1332 1526 1527
f 1332 1527 1341
f 1333 1525 1341
f 1334 1528 1529
f 1334 1529 1335
f 1334 1524 1528
f 1335 1529 1530
f 1335 1530 1531
f 1335 1531 1336
f 1336 1532 1337
f 1336 1531 1533
f 1336 1533 1532
f 1337 1532 1534
f 1337 1534 1535
f 1337 1535 1338
f 1338 1535 1339
f 1339 1535 1536
f 1339 1536 1340
f 1340 1536 1526
f 1341 1527 1537
f 1341 1537 1538
f 1341 1538 1539
f 1341 1539 1540
f 1341 1540 1343
f 1341 1343 1541
f 1341 1541 1342
f 1342 1541 1343
f 1343 1540 1344
f 1344 1540 1542
f 1344 1542 1543
f 1351 1362 1544
f 1351 1544 1545
f 1351 1545 1546
f 1351 1546 1363
f 1352 1547 1353
f 1353 1547 1548
f 1353 1548 1549
f 1353 1549 1354
f 1354 1549 1359
f 1355 1550 1551
f 1355 1551 1361
f 1355 1361 1356
f 1355 1358 1552
f 1355 1552 1553
f 1355 1553 1550
f 1356 1361 1357
f 1358 1360 1554
f 1358 1554 1552
f 1359 1549 1360
f 1360 1549 1548
f 1360 1548 1555
f 1360 1555 1556
f 1360 1556 1557
f 1360 1557 1554
f 1361 1551 1558
f 1361 1558 1362
f 1362 1558 1559
f 1362 1559 1544
f 1363 1546 1560
f 1363 1560 1561
f 1363 1561 1562
f 1363 1562 1364
f 1364 1562 1365
f 1365 1562 1563
f 1365 1563 1564
f 1366 1564 1367
f 1367 1565 1566
f 1367 1566 1567
f 1367 1567 1568
f 1367 1568 1368
f 1367 1564 1565
f 1368 1568 1569
f 1368 1569 1369
f 1369 1569 1570
f 1369 1570 1571
f 1369 1571 1573
f 1369 1573 1572
f 1369 1572 1370
f 1370 1572 1371
f 1371 1572 1372
f 1372 1572 1573
f 1372 1573 1574
f 1372 1574 1373
f 1373 1574 1575
f 1373 1575 1576
f 1373 1576 1577
f 1373 1577 1374
f 1374 1577 1380
f 1374 1380 1375
f 1375 1379 1378
f 1375 1378 1376
f 1375 1380 1379
f 1377 1382 1578
f 1377 1578 1579
f 1377 1579 1580
f 1377 1580 1389
f 1377 1389 1383
f 1380 1577 1581
f 1380 1581 1582
f 1380 1582 1381
f 1381 1582 1583
f 1381 1583 1584
f 1381 1584 1391
f 1381 1391 1394
f 1381 1394 1382
f 1382 1394 1578
f 1383 1389 1384
f 1384 1389 1387
f 1386 1387 1388
f 1389 1580 1393
f 1389 1393 1390
f 1391 1584 1585
f 1391 1585 1586
f 1391 1586 1587
f 1391 1587 1588
f 1391 1588 1392
f 1391 1395 1589
f 1391 1589 1394
f 1392 1588 1590
f 1392 1590 1396
f 1393 1580 1591
f 1393 1591 1578
f 1393 1578 1394
f 1394 1589 1395
f 1396 1590 1592
f 1396 1592 1593
f 1396 1593 1397
f 1397 1593 1594
f 1397 1594 1399
f 1398 1413 1412
f 1398 1412 1414
f 1399 1594 1400
f 1400 1406 1401
f 1400 1594 1595
f 1400 1595 1596
f 1400 1596 1406
f 1401 1406 1405
f 1402 1406 1597
f 1402 1597 1403
f 1403 1598 1408
f 1403 1408 1407
f 1403 1597 1599
f 1403 1599 1600
f 1403 1600 1598
f 1406 1601 1597
f 1406 1596 1601
f 1408 1598 1602
f 1408 1602 1603
f 1408 1603 1604
f 1408 1604 1605
f 1408 1605 1409
f 1409 1605 1607
f 1409 1607 1606
f 1410 1606 1411
f 1411 1606 1608
f 1411 1608 1609
f 1411 1609 1610
f 1411 1610 1412
f 1412 1415 1414
f 1412 1610 1416
f 1412 1416 1415
f 1416 1610 1611
f 1416 1611 1612
f 1416 1612 1613
f 1416 1613 1417
f 1417 1613 1418
f 1418 1613 1419
f 1419 1613 1420
f 1420 1614 1421
f 1420 1613 1817
f 1420 1817 1614
f 1421 1615 1616
f 1421 1616 1422
f 1421 1614 1615
f 1422 1616 1617
f 1422 1617 1618
f 1422 1618 1423
f 1423 1618 1424
f 1424 1618 1425
f 1425 1618 1619
f 1425 1619 1620
f 1425 1620 1427
f 1425 1427 1426
f 1427 1620 1621
f 1427 1621 1622
f 1427 1622 1623
f 1427 1623 1439
f 1428 1431 1624
f 1428 1624 1432
f 1428 1432 1429
f 1430 1438 1431
f 1431 1438 1624
f 1432 1624 1433
f 1433 1624 1625
f 1433 1625 1626
f 1433 1626 1627
f 1433 1627 1434
f 1434 1628 1629
f 1434 1629 1435
f 1434 1627 1630
f 1434 1630 1631
f 1434 1631 1632
f 1434 1632 1633
f 1434 1633 1628
f 1435 1629 1634
f 1435 1634 1436
f 1436 1634 1437
f 1437 1634 1635
f 1437 1635 1636
f 1438 1439 1623
f 1438 1623 1637
f 1438 1637 1479
f 1438 1479 1638
f 1438 1638 1624
f 1440 1639 1441
f 1441 1639 1640
f 1441 1640 1442
f 1442 1641 1642
f 1442 1642 1443
f 1443 1642 1643
f 1443 1643 1444
f 1444 1643 1644
f 1444 1644 1446
f 1446 1644 1447
f 1447 1644 1645
f 1447 1645 1646
f 1447 1646 1448
f 1448 1646 1449
f 1449 1646 1647
f 1449 1647 1648
f 1449 1648 1450
f 1450 1648 1649
f 1450 1649 1451
f 1451 1649 1650
f 1451 1650 1651
f 1451 1651 1452
f 1452 1651 1453
f 1453 1652 1653
f 1453 1653 1654
f 1453 1654 1655
f 1453 1655 1455
f 1453 1455 1454
f 1453 1651 1656
f 1453 1656 1652
f 1455 1655 1657
f 1455 1657 1456
f 1456 1657 1470
f 1456 1470 1457
f 1458 1658 1664
f 1458 1664 1462
f 1458 1459 1658
f 1459 1465 1659
f 1459 1659 1658
f 1460 1462 1664
f 1460 1664 1660
f 1460 1660 1661
f 1460 1661 1461
f 1461 1661 1662
f 1461 1662 1663
f 1461 1663 1467
f 1463 1469 1665
f 1463 1665 1863
f 1463 1863 1666
f 1463 1666 1464
f 1464 1659 1465
f 1464 1666 1659
f 1466 1667 1468
f 1466 1467 1668
f 1466 1668 1864
f 1466 1864 1667
f 1467 1669 1668
f 1467 1663 1669
f 1468 1670 1671
f 1468 1667 1672
f 1468 1672 1670
f 1469 1470 1673
f 1469 1673 1665
f 1470 1657 1674
f 1470 1674 1673
f 1472 1675 1676
f 1472 1676 1473
f 1473 1677 1474
f 1473 1676 1678
f 1473 1678 1633
f 1473 1633 1632
f 1473 1632 1677
f 1474 1677 1679
f 1474 1679 1680
f 1474 1680 1475
f 1475 1680 1681
f 1475 1681 1476
f 1476 1681 1477
f 1477 1681 1682
f 1477 1682 1625
f 1477 1625 1624
f 1477 1624 1478
f 1478 1624 1638
f 1478 1638 1479
f 1479 1637 1480
f 1480 1637 1683
f 1480 1683 1481
f 1481 1683 1684
f 1481 1684 1482
f 1482 1684 1685
f 1482 1685 1485
f 1483 1493 1484
f 1483 1486 1686
f 1483 1686 1493
f 1485 1685 1687
f 1485 1687 1486
f 1486 1687 1688
f 1486 1688 1689
f 1486 1689 1493
f 1486 1493 1686
f 1487 1690 1691
f 1487 1691 1488
f 1487 1494 1690
f 1488 1691 1490
f 1490 1691 1692
f 1490 1692 1693
f 1490 1693 1491
f 1491 1693 1497
f 1492 1496 1495
f 1493 1694 1494
f 1493 1689 1688
f 1493 1688 1694
f 1494 1694 1695
f 1494 1695 1696
f 1494 1696 1697
f 1494 1697 1690
f 1497 1693 1698
f 1497 1698 1498
f 1498 1698 1699
f 1498 1699 1499
f 1499 1699 1700
f 1499 1700 1701
f 1499 1701 1702
f 1499 1702 1501
f 1499 1501 1500
f 1501 1702 1502
f 1502 1703 1503
f 1502 1702 1704
f 1502 1704 1703
f 1503 1703 1705
f 1503 1705 1706
f 1503 1706 1504
f 1504 1706 1707
f 1504 1707 1708
f 1504 1708 1505
f 1505 1708 1506
f 1506 1708 1709
f 1506 1709 1710
f 1506 1710 1507
f 1507 1710 1508
f 1508 1710 1711
f 1510 1514 1712
f 1510 1712 1523
f 1511 1713 1714
f 1511 1714 1512
f 1511 1513 1518
f 1511 1518 1715
f 1511 1715 1713
f 1512 1714 1716
f 1512 1716 1514
f 1514 1716 1905
f 1514 1905 1712
f 1515 1717 1516
f 1516 1717 1718
f 1516 1718 1719
f 1516 1719 1517
f 1517 1719 1715
f 1517 1715 1518
f 1519 1720 1915
f 1519 1915 1721
f 1519 1721 1520
f 1519 1523 1712
f 1519 1712 1720
f 1520 1721 1722
f 1520 1722 1723
f 1520 1723 1521
f 1521 1724 1522
f 1521 1723 1918
f 1521 1918 1725
f 1521 1725 1726
f 1521 1726 1528
f 1521 1528 1724
f 1522 1724 1524
f 1524 1724 1528
f 1526 1536 1534
f 1526 1534 1727
f 1526 1727 1728
f 1526 1728 1729
f 1526 1729 1730
f 1526 1730 1527
f 1527 1730 1537
f 1528 1726 1529
f 1529 1731 1530
f 1529 1726 1731
f 1530 1732 1733
f 1530 1733 1734
f 1530 1734 1531
f 1530 1731 1732
f 1531 1734 1735
f 1531 1735 1736
f 1531 1736 1737
f 1531 1737 1738
f 1531 1738 1739
f 1531 1739 1740
f 1531 1740 1743
f 1531 1743 1533
f 1532 1533 1741
f 1532 1741 1727
f 1532 1727 1534
f 1533 1742 1741
f 1533 1743 1744
f 1533 1744 1745
f 1533 1745 1742
f 1534 1536 1535
f 1537 1730 1746
f 1537 1746 1747
f 1537 1747 1748
f 1537 1748 1749
f 1537 1749 1750
f 1537 1750 1538
f 1538 1751 1752
f 1538 1752 1539
f 1538 1750 1753
f 1538 1753 1751
f 1539 1752 1542
f 1539 1542 1540
f 1542 1752 1754
f 1542 1754 1543
f 1544 1559 1662
f 1544 1662 1545
f 1545 1662 1755
f 1545 1755 1546
f 1546 1755 1756
f 1546 1756 1560
f 1547 1757 1548
f 1548 1757 1758
f 1548 1758 1759
f 1548 1759 1555
f 1550 1760 1558
f 1550 1558 1551
f 1550 1553 1552
f 1550 1552 1761
f 1550 1761 1954
f 1550 1954 1760
f 1552 1762 1761
f 1552 1554 1763
f 1552 1763 1762
f 1554 1557 1763
f 1555 1759 1556
f 1556 1759 1764
f 1556 1764 1765
f 1556 1765 1766
f 1556 1766 1767
f 1556 1767 1763
f 1556 1763 1557
f 1558 1760 1768
f 1558 1768 1559
f 1559 1768 1769
f 1559 1769 1662
f 1560 1770 1771
f 1560 1771 1561
f 1560 1756 1770
f 1561 1771 1562
f 1562 1772 1773
f 1562 1773 1774
f 1562 1774 1563
f 1562 1771 1772
f 1563 1774 1775
f 1563 1775 1565
f 1563 1565 1564
f 1565 1775 1776
f 1565 1776 1777
f 1565 1777 1566
f 1566 1777 1778
f 1566 1778 1779
f 1566 1779 1567
f 1567 1779 1780
f 1567 1780 1781
f 1567 1781 1568
f 1568 1781 1782
f 1568 1782 1783
f 1568 1783 1569
f 1569 1783 1570
f 1570 1783 1571
f 1571 1783 1573
f 1573 1783 1784
f 1573 1784 1574
f 1574 1784 1575
f 1575 1785 1786
f 1575 1786 1576
f 1575 1784 1785
f 1576 1786 1787
f 1576 1787 1577
f 1577 1787 1581
f 1578 1591 1580
f 1578 1580 1579
f 1581 1787 1788
f 1581 1788 1583
f 1581 1583 1582
f 1583 1586 1585
f 1583 1585 1584
f 1583 1788 1586
f 1586 1789 1790
f 1586 1790 1791
f 1586 1791 1587
f 1586 1788 1792
f 1586 1792 1793
f 1586 1793 1789
f 1587 1791 1588
f 1588 1791 1794
f 1588 1794 1590
f 1590 1794 1795
f 1590 1795 1592
f 1592 1795 1596
f 1592 1596 1593
f 1593 1596 1595
f 1593 1595 1594
f 1596 1795 1796
f 1596 1796 1601
f 1597 1601 1599
f 1598 1600 1602
f 1599 1797 1602
f 1599 1602 1600
f 1599 1601 1798
f 1599 1798 1799
f 1599 1799 1800
f 1599 1800 1801
f 1599 1801 1797
f 1601 1796 1802
f 1601 1802 1798
f 1602 1797 1803
f 1602 1803 1804
f 1602 1804 1603
f 1603 1804 1805
f 1603 1805 1604
f 1604 1805 1605
f 1605 1805 1806
f 1605 1806 1807
f 1605 1807 1808
f 1605 1808 1809
f 1605 1809 1608
f 1605 1608 1607
f 1606 1607 1608
f 1608 1809 1810
f 1608 1810 1811
f 1608 1811 1609
f 1609 1811 1812
f 1609 1812 1610
f 1610 1812 1813
f 1610 1813 1611
f 1611 1813 1814
f 1611 1814 1815
f 1611 1815 1816
f 1611 1816 1612
f 1612 1816 1613
f 1613 1816 1817
f 1614 1818 1819
f 1614 1819 1820
f 1614 1820 1615
f 1614 1817 1815
f 1614 1815 1818
f 1615 1820 1821
f 1615 1821 1822
f 1615 1822 1616
f 1616 1822 1617
f 1617 1823 1824
f 1617 1824 1618
f 1617 1822 1823
f 1618 1824 1825
f 1618 1825 1619
f 1619 1825 1826
f 1619 1826 1620
f 1620 1826 1621
f 1621 1826 1684
f 1621 1684 1622
f 1622 1684 1683
f 1622 1683 1637
f 1622 1637 1623
f 1625 1682 1626
f 1626 1682 1827
f 1626 1827 1828
f 1626 1828 1829
f 1626 1829 1627
f 1627 1829 1830
f 1627 1830 1630
f 1628 1831 1629
f 1628 1633 1831
f 1629 1832 1833
f 1629 1833 1834
f 1629 1834 1635
f 1629 1635 1634
f 1629 1831 1835
f 1629 1835 1836
f 1629 1836 1837
f 1629 1837 1838
f 1629 1838 1832
f 1630 1830 1839
f 1630 1839 1677
f 1630 1677 1632
f 1630 1632 1631
f 1633 1678 1840
f 1633 1840 1831
f 1635 1834 1833
f 1635 1833 1841
f 1635 1841 1636
f 1641 1842 1843
f 1641 1843 1642
f 1642 1843 1643
f 1643 1843 1844
f 1643 1844 1644
f 1644 1844 1845
f 1644 1845 1645
f 1645 1845 1846
f 1645 1846 1646
f 1646 1846 1847
f 1646 1847 1848
f 1646 1848 1849
f 1646 1849 1647
f 1647 1849 1850
f 1647 1850 1648
f 1648 1850 1649
f 1649 1850 1851
f 1649 1851 1852
f 1649 1852 1650
f 1650 1852 1853
f 1650 1853 1651
f 1651 1853 1859
f 1651 1859 1656
f 1652 1854 1855
f 1652 1855 1856
f 1652 1856 1653
f 1652 1656 1854
f 1653 1856 1857
f 1653 1857 1654
f 1654 1857 1858
f 1654 1858 1657
f 1654 1657 1655
f 1656 1859 1860
f 1656 1860 1861
f 1656 1861 1854
f 1657 1858 1862
f 1657 1862 1674
f 1658 1756 1664
f 1658 1659 1756
f 1659 1666 1771
f 1659 1771 1770
f 1659 1770 1756
f 1660 1664 1756
f 1660 1756 1755
f 1660 1755 1662
f 1660 1662 1661
f 1662 1769 1669
f 1662 1669 1663
f 1665 1673 1863
f 1666 1863 1773
f 1666 1773 1772
f 1666 1772 1771
f 1667 1864 1769
f 1667 1769 1672
f 1668 1669 1864
f 1669 1769 1864
f 1670 1865 1866
f 1670 1866 1671
f 1670 1672 1867
f 1670 1867 1868
f 1670 1868 1865
f 1672 1769 1768
f 1672 1768 1867
f 1673 1674 1862
f 1673 1862 1858
f 1673 1858 1857
f 1673 1857 1869
f 1673 1869 1863
f 1675 1870 1676
f 1675 1871 1870
f 1676 1870 1678
f 1677 1839 1679
f 1678 1870 1840
f 1679 1839 1830
f 1679 1830 1829
f 1679 1829 1828
f 1679 1828 1872
f 1679 1872 1680
f 1680 1872 1873
f 1680 1873 1681
f 1681 1873 1682
f 1682 1873 1872
f 1682 1872 1827
f 1684 1826 1687
f 1684 1687 1685
f 1687 1826 1825
f 1687 1825 1824
f 1687 1824 1823
f 1687 1823 1874
f 1687 1874 1875
f 1687 1875 1876
f 1687 1876 1688
f 1688 1876 1877
f 1688 1877 1694
f 1690 1697 1878
f 1690 1878 1879
f 1690 1879 1880
f 1690 1880 1881
f 1690 1881 1692
f 1690 1692 1691
f 1692 1881 1880
f 1692 1880 1693
f 1693 1880 1882
f 1693 1882 1883
f 1693 1883 1698
f 1694 1877 2036
f 1694 2036 1884
f 1694 1884 1885
f 1694 1885 1695
f 1695 1885 1886
f 1695 1886 1696
f 1696 1886 1887
f 1696 1887 1888
f 1696 1888 1889
f 1696 1889 1878
f 1696 1878 1697
f 1698 1883 1699
f 1699 1883 1890
f 1699 1890 1701
f 1699 1701 1700
f 1701 1890 1891
f 1701 1891 1892
f 1701 1892 1893
f 1701 1893 1702
f 1702 1893 1894
f 1702 1894 1704
f 1703 1704 1895
f 1703 1895 1898
f 1703 1898 1705
f 1704 1894 1896
f 1704 1896 1897
f 1704 1897 1895
f 1705 1898 1706
f 1706 1898 1899
f 1706 1899 1900
f 1706 1900 1901
f 1706 1901 1902
f 1706 1902 1707
f 1707 1902 1708
f 1708 1902 1903
f 1708 1903 1709
f 1709 1903 1904
f 1709 1904 1711
f 1709 1711 1710
f 1712 1905 1914
f 1712 1914 1720
f 1713 1906 1908
f 1713 1908 1714
f 1713 1715 1907
f 1713 1907 2075
f 1713 2075 1906
f 1714 1908 1909
f 1714 1909 1716
f 1715 1719 1907
f 1716 1909 1910
f 1716 1910 1905
f 1717 1911 1912
f 1717 1912 1718
f 1718 1913 1907
f 1718 1907 1719
f 1718 1912 1913
f 1720 1914 2084
f 1720 2084 1915
f 1721 1915 1916
f 1721 1916 1722
f 1722 1916 2087
f 1722 2087 1917
f 1722 1917 1918
f 1722 1918 1723
f 1725 1918 1726
f 1726 1919 1731
f 1726 1918 1919
f 1727 1741 1920
f 1727 1920 1729
f 1727 1729 1728
f 1729 1920 1921
f 1729 1921 1946
f 1729 1946 1922
f 1729 1922 1923
f 1729 1923 1730
f 1730 1923 1924
f 1730 1924 1925
f 1730 1925 1746
f 1731 1926 1927
f 1731 1927 1928
f 1731 1928 1732
f 1731 1919 1926
f 1732 1928 1733
f 1733 1928 1929
f 1733 1929 1930
f 1733 1930 1931
f 1733 1931 1932
f 1733 1932 1735
f 1733 1735 1734
f 1735 1932 1933
f 1735 1933 1934
f 1735 1934 1736
f 1736 1934 1935
f 1736 1935 1737
f 1737 1935 1936
f 1737 1936 1937
f 1737 1937 1738
f 1738 1937 1739
f 1739 1938 1740
f 1739 1937 1938
f 1740 1938 1939
f 1740 1939 1940
f 1740 1940 1743
f 1741 1742 1920
f 1742 1745 1946
f 1742 1946 1921
f 1742 1921 1920
f 1743 1940 1744
f 1744 1941 1745
f 1744 1940 1942
f 1744 1942 1943
f 1744 1943 1941
f 1745 1941 1944
f 1745 1944 1945
f 1745 1945 1946
f 1746 1925 1947
f 1746 1947 1747
f 1747 1947 1948
f 1747 1948 1949
f 1747 1949 1748
f 1748 1949 1950
f 1748 1950 1951
f 1748 1951 1749
f 1749 1753 1750
f 1751 1952 1752
f 1751 1753 1953
f 1751 1953 1952
f 1760 1954 1768
f 1761 1762 1955
f 1761 1955 1954
f 1762 1763 1956
f 1762 1956 1957
f 1762 1957 1958
f 1762 1958 1955
f 1763 1767 1959
f 1763 1959 1956
f 1766 1960 1767
f 1767 1960 1961
f 1767 1961 1962
f 1767 1962 1959
f 1768 1954 1868
f 1768 1868 1867
f 1773 1863 1869
f 1773 1869 1963
f 1773 1963 1774
f 1774 1963 1775
f 1775 1963 1964
f 1775 1964 1776
f 1776 1964 1965
f 1776 1965 1777
f 1777 1965 1966
f 1777 1966 1778
f 1778 1966 1855
f 1778 1855 1854
f 1778 1854 1967
f 1778 1967 1781
f 1778 1781 1780
f 1778 1780 1779
f 1781 1967 1861
f 1781 1861 1968
f 1781 1968 1969
f 1781 1969 1783
f 1781 1783 1782
f 1783 1969 1784
f 1784 1969 1785
f 1785 1970 1971
f 1785 1971 1786
f 1785 1969 1972
f 1785 1972 1860
f 1785 1860 1859
f 1785 1859 1970
f 1786 1971 1973
f 1786 1973 1974
f 1786 1974 1975
f 1786 1975 1787
f 1787 1975 1788
f 1788 1975 1974
f 1788 1974 1792
f 1789 1976 1790
f 1789 1793 1974
f 1789 1974 1976
f 1790 1976 1977
f 1790 1977 1978
f 1790 1978 1802
f 1790 1802 1791
f 1791 1802 1794
f 1792 1974 1793
f 1794 1802 1796
f 1794 1796 1795
f 1797 1801 1979
f 1797 1979 1803
f 1798 1802 1799
f 1799 1802 1800
f 1800 1980 1979
f 1800 1979 1801
f 1800 1802 1978
f 1800 1978 1981
f 1800 1981 1980
f 1803 1979 1982
f 1803 1982 1980
f 1803 1980 1983
f 1803 1983 1984
f 1803 1984 1985
f 1803 1985 1804
f 1804 1985 1806
f 1804 1806 1805
f 1806 1986 1807
f 1806 1985 1987
f 1806 1987 1988
f 1806 1988 1986
f 1807 1986 1989
f 1807 1989 1990
f 1807 1990 2146
f 1807 2146 1991
f 1807 1991 1808
f 1808 1992 1993
f 1808 1993 1809
f 1808 1991 1994
f 1808 1994 1995
f 1808 1995 1996
f 1808 1996 1997
f 1808 1997 1992
f 1809 1993 1810
f 1810 1993 1998
f 1810 1998 1999
f 1810 1999 1811
f 1811 1999 1812
f 1812 1999 2000
f 1812 2000 1813
f 1813 2000 2001
f 1813 2001 1814
f 1814 2001 2002
f 1814 2002 2003
f 1814 2003 1815
f 1815 2003 2004
f 1815 2004 1818
f 1815 1817 1816
f 1818 2005 1819
f 1818 2004 2005
f 1819 2005 1821
f 1819 1821 1820
f 1821 2006 1823
f 1821 1823 1822
f 1821 2005 2002
f 1821 2002 2007
f 1821 2007 2008
f 1821 2008 2009
f 1821 2009 2006
f 1823 2006 2010
f 1823 2010 1874
f 1827 1872 1828
f 1831 1840 1870
f 1831 1870 1871
f 1831 1871 2011
f 1831 2011 2012
f 1831 2012 1835
f 1835 2012 2013
f 1835 2013 1836
f 1842 2014 1843
f 1843 2014 2015
f 1843 2015 1844
f 1844 2015 1845
f 1845 2015 2016
f 1845 2016 2017
f 1845 2017 1846
f 1846 2017 1847
f 1847 2017 1848
f 1848 2017 2018
f 1848 2018 1849
f 1849 2018 2019
f 1849 2019 1850
f 1850 2019 2020
f 1850 2020 2021
f 1850 2021 2022
f 1850 2022 2023
f 1850 2023 2024
f 1850 2024 2025
f 1850 2025 2026
f 1850 2026 1851
f 1851 2026 2027
f 1851 2027 2028
f 1851 2028 1852
f 1852 2028 2029
f 1852 2029 1853
f 1853 2029 1859
f 1854 1861 1967
f 1855 1966 1965
f 1855 1965 1964
f 1855 1964 1856
f 1856 1964 1963
f 1856 1963 2030
f 1856 2030 2031
f 1856 2031 1857
f 1857 2031 1869
f 1859 2029 1970
f 1860 1972 1968
f 1860 1968 1861
f 1865 2032 1866
f 1865 1868 2034
f 1865 2034 2032
f 1866 2032 2033
f 1868 1954 2034
f 1869 2031 1963
f 1874 2010 1875
f 1875 2035 1876
f 1875 2010 2035
f 1876 2035 2036
f 1876 2036 1877
f 1878 1889 1879
f 1879 2037 1880
f 1879 1889 1888
f 1879 1888 1887
f 1879 1887 2037
f 1880 2037 2038
f 1880 2038 1883
f 1880 1883 1882
f 1883 2038 2039
f 1883 2039 2040
f 1883 2040 1890
f 1884 2036 2041
f 1884 2041 2042
f 1884 2042 2043
f 1884 2043 1885
f 1885 2044 2045
f 1885 2045 1887
f 1885 1887 1886
f 1885 2043 2046
f 1885 2046 2042
f 1885 2042 2044
f 1887 2045 2044
f 1887 2044 2047
f 1887 2047 2048
f 1887 2048 2049
f 1887 2049 2050
f 1887 2050 2051
f 1887 2051 2052
f 1887 2052 2053
f 1887 2053 2054
f 1887 2054 2039
f 1887 2039 2055
f 1887 2055 2037
f 1890 2040 2039
f 1890 2039 2053
f 1890 2053 2056
f 1890 2056 1891
f 1891 2056 2053
f 1891 2053 2052
f 1891 2052 2057
f 1891 2057 1892
f 1892 2057 2051
f 1892 2051 2058
f 1892 2058 2059
f 1892 2059 2060
f 1892 2060 1893
f 1893 2060 1894
f 1894 2060 1896
f 1895 1897 1898
f 1896 2060 2061
f 1896 2061 1897
f 1897 2061 2062
f 1897 2062 2063
f 1897 2063 1899
f 1897 1899 1898
f 1899 2063 2064
f 1899 2064 1900
f 1900 2064 1901
f 1901 2064 2065
f 1901 2065 2066
f 1901 2066 2067
f 1901 2067 2068
f 1901 2068 1902
f 1902 2068 1903
f 1903 2068 2069
f 1903 2069 2070
f 1903 2070 2071
f 1903 2071 1904
f 1905 1910 2072
f 1905 2072 2073
f 1905 2073 1914
f 1906 2074 2076
f 1906 2076 1908
f 1906 2075 2206
f 1906 2206 2074
f 1907 1913 2082
f 1907 2082 2075
f 1908 2076 1909
f 1909 2077 1910
f 1909 2076 2077
f 1910 2077 2078
f 1910 2078 2079
f 1910 2079 2073
f 1910 2073 2072
f 1911 2080 2081
f 1911 2081 1913
f 1911 1913 1912
f 1913 2081 2211
f 1913 2211 2082
f 1914 2073 2083
f 1914 2083 2084
f 1915 2084 2085
f 1915 2085 2086
f 1915 2086 1916
f 1916 2086 2087
f 1917 2087 1919
f 1917 1919 2088
f 1917 2088 1918
f 1918 2088 1919
f 1919 2089 1926
f 1919 2087 2089
f 1922 1946 2090
f 1922 2090 2091
f 1922 2091 2092
f 1922 2092 2093
f 1922 2093 1923
f 1923 2093 1924
f 1924 2093 2094
f 1924 2094 2095
f 1924 2095 2096
f 1924 2096 2097
f 1924 2097 1925
f 1925 2097 2098
f 1925 2098 2099
f 1925 2099 2100
f 1925 2100 1947
f 1926 2101 1927
f 1926 2089 2101
f 1927 2101 1928
f 1928 2102 2103
f 1928 2103 1929
f 1928 2101 2102
f 1929 2103 2104
f 1929 2104 1931
f 1929 1931 1930
f 1931 2104 2105
f 1931 2105 2106
f 1931 2106 1932
f 1932 2106 1933
f 1933 2107 2108
f 1933 2108 1935
f 1933 1935 1934
f 1933 2106 2107
f 1935 2109 1936
f 1935 2108 2110
f 1935 2110 2242
f 1935 2242 2109
f 1936 2109 1937
f 1937 2109 2111
f 1937 2111 1938
f 1938 2112 2113
f 1938 2113 1939
f 1938 2111 2112
f 1939 2113 1940
f 1940 2113 2114
f 1940 2114 1942
f 1941 1943 1944
f 1942 2114 2246
f 1942 2246 2115
f 1942 2115 2116
f 1942 2116 1943
f 1943 2116 1944
f 1944 2116 2117
f 1944 2117 2118
f 1944 2118 2119
f 1944 2119 2120
f 1944 2120 2121
f 1944 2121 2090
f 1944 2090 1945
f 1945 2090 1946
f 1947 2100 1948
f 1954 1955 1958
f 1954 1958 2122
f 1954 2122 2034
f 1956 1959 1962
f 1956 1962 2123
f 1956 2123 2124
f 1956 2124 2125
f 1956 2125 1957
f 1957 2125 2124
f 1957 2124 2126
f 1957 2126 2127
f 1957 2127 1958
f 1958 2127 2122
f 1961 2128 1962
f 1962 2128 2123
f 1963 2031 2030
f 1968 1972 1969
f 1970 2029 2129
f 1970 2129 1971
f 1971 2129 2130
f 1971 2130 2131
f 1971 2131 2132
f 1971 2132 2133
f 1971 2133 1973
f 1973 2133 1974
f 1974 2133 1976
f 1976 2132 1977
f 1976 2133 2132
f 1977 2132 2134
f 1977 2134 2135
f 1977 2135 1978
f 1978 2135 1981
f 1979 1980 1982
f 1980 1981 2136
f 1980 2136 1983
f 1981 2135 2137
f 1981 2137 2136
f 1983 2138 2139
f 1983 2139 1984
f 1983 2136 2138
f 1984 2139 1985
f 1985 2140 1987
f 1985 2139 2140
f 1986 2141 1989
f 1986 1988 2141
f 1987 2140 1988
f 1988 2140 2142
f 1988 2142 2143
f 1988 2143 2141
f 1989 2141 2144
f 1989 2144 2145
f 1989 2145 1990
f 1990 2145 2146
f 1991 2146 2147
f 1991 2147 2148
f 1991 2148 1994
f 1992 1998 1993
f 1992 1997 2149
f 1992 2149 2150
f 1992 2150 2151
f 1992 2151 1998
f 1994 2152 1995
f 1994 2148 2153
f 1994 2153 2152
f 1995 2154 1996
f 1995 2152 2155
f 1995 2155 2156
f 1995 2156 2154
f 1996 2154 1997
f 1997 2154 2156
f 1997 2156 2149
f 1998 2157 2000
f 1998 2000 1999
f 1998 2151 2008
f 1998 2008 2157
f 2000 2157 2001
f 2001 2157 2002
f 2002 2157 2008
f 2002 2008 2007
f 2002 2005 2003
f 2003 2005 2004
f 2006 2009 2158
f 2006 2158 2010
f 2008 2151 2009
f 2009 2151 2150
f 2009 2150 2159
f 2009 2159 2158
f 2010 2158 2160
f 2010 2160 2161
f 2010 2161 2035
f 2014 2016 2015
f 2014 2162 2163
f 2014 2163 2164
f 2014 2164 2016
f 2016 2164 2017
f 2017 2164 2018
f 2018 2164 2165
f 2018 2165 2019
f 2019 2165 2166
f 2019 2166 2167
f 2019 2167 2020
f 2020 2167 2168
f 2020 2168 2021
f 2021 2168 2022
f 2022 2168 2023
f 2023 2168 2024
f 2024 2168 2169
f 2024 2169 2025
f 2025 2169 2170
f 2025 2170 2171
f 2025 2171 2172
f 2025 2172 2026
f 2026 2172 2173
f 2026 2173 2174
f 2026 2174 2175
f 2026 2175 2027
f 2027 2175 2176
f 2027 2176 2028
f 2028 2176 2177
f 2028 2177 2029
f 2029 2177 2129
f 2032 2178 2033
f 2032 2034 2122
f 2032 2122 2178
f 2033 2178 2179
f 2035 2180 2181
f 2035 2181 2036
f 2035 2161 2182
f 2035 2182 2183
f 2035 2183 2184
f 2035 2184 2185
f 2035 2185 2180
f 2036 2181 2041
f 2037 2055 2038
f 2038 2055 2039
f 2039 2054 2186
f 2039 2186 2053
f 2041 2181 2042
f 2042 2046 2043
f 2042 2181 2180
f 2042 2180 2044
f 2044 2187 2047
f 2044 2180 2187
f 2047 2187 2048
f 2048 2050 2049
f 2048 2187 2185
f 2048 2185 2050
f 2050 2185 2188
f 2050 2188 2189
f 2050 2189 2051
f 2051 2189 2058
f 2051 2057 2052
f 2053 2186 2054
f 2058 2190 2059
f 2058 2189 2190
f 2059 2190 2060
f 2060 2190 2191
f 2060 2191 2192
f 2060 2192 2078
f 2060 2078 2077
f 2060 2077 2061
f 2061 2077 2062
f 2062 2077 2076
f 2062 2076 2193
f 2062 2193 2063
f 2063 2193 2064
f 2064 2193 2194
f 2064 2194 2195
f 2064 2195 2065
f 2065 2195 2066
f 2066 2195 2196
f 2066 2196 2067
f 2067 2196 2197
f 2067 2197 2198
f 2067 2198 2199
f 2067 2199 2200
f 2067 2200 2068
f 2068 2200 2201
f 2068 2201 2069
f 2073 2202 2203
f 2073 2203 2204
f 2073 2204 2083
f 2073 2079 2202
f 2074 2205 2076
f 2074 2206 2207
f 2074 2207 2194
f 2074 2194 2205
f 2075 2082 2211
f 2075 2211 2208
f 2075 2208 2206
f 2076 2205 2193
f 2078 2192 2079
f 2079 2192 2209
f 2079 2209 2202
f 2080 2210 2081
f 2081 2210 2211
f 2083 2204 2212
f 2083 2212 2213
f 2083 2213 2084
f 2084 2213 2212
f 2084 2212 2214
f 2084 2214 2085
f 2085 2215 2218
f 2085 2218 2086
f 2085 2214 2216
f 2085 2216 2217
f 2085 2217 2282
f 2085 2282 2332
f 2085 2332 2215
f 2086 2218 2087
f 2087 2218 2219
f 2087 2219 2220
f 2087 2220 2089
f 2089 2220 2221
f 2089 2221 2101
f 2090 2121 2091
f 2091 2121 2092
f 2092 2121 2093
f 2093 2121 2120
f 2093 2120 2094
f 2094 2222 2119
f 2094 2119 2118
f 2094 2118 2223
f 2094 2223 2224
f 2094 2224 2225
f 2094 2225 2226
f 2094 2226 2227
f 2094 2227 2228
f 2094 2228 2095
f 2094 2120 2222
f 2095 2228 2227
f 2095 2227 2096
f 2096 2229 2097
f 2097 2229 2098
f 2098 2100 2099
f 2101 2230 2231
f 2101 2231 2102
f 2101 2221 2230
f 2102 2231 2103
f 2103 2231 2232
f 2103 2232 2233
f 2103 2233 2234
f 2103 2234 2104
f 2104 2234 2105
f 2105 2235 2107
f 2105 2107 2106
f 2105 2234 2235
f 2107 2235 2236
f 2107 2236 2355
f 2107 2355 2237
f 2107 2237 2110
f 2107 2110 2108
f 2109 2238 2239
f 2109 2239 2240
f 2109 2240 2241
f 2109 2241 2111
f 2109 2242 2243
f 2109 2243 2238
f 2110 2237 2244
f 2110 2244 2245
f 2110 2245 2242
f 2111 2241 2240
f 2111 2240 2112
f 2112 2246 2114
f 2112 2114 2113
f 2112 2240 2246
f 2115 2246 2247
f 2115 2247 2248
f 2115 2248 2116
f 2116 2248 2249
f 2116 2249 2117
f 2117 2249 2250
f 2117 2250 2251
f 2117 2251 2118
f 2118 2251 2223
f 2119 2222 2120
f 2122 2127 2126
f 2122 2126 2178
f 2123 2128 2124
f 2124 2179 2178
f 2124 2178 2126
f 2129 2177 2130
f 2130 2252 2253
f 2130 2253 2254
f 2130 2254 2131
f 2130 2177 2252
f 2131 2254 2132
f 2132 2254 2253
f 2132 2253 2255
f 2132 2255 2134
f 2134 2255 2256
f 2134 2256 2257
f 2134 2257 2135
f 2135 2257 2137
f 2136 2137 2258
f 2136 2258 2138
f 2137 2257 2259
f 2137 2259 2258
f 2138 2260 2261
f 2138 2261 2139
f 2138 2258 2260
f 2139 2261 2142
f 2139 2142 2140
f 2141 2143 2262
f 2141 2262 2144
f 2142 2263 2264
f 2142 2264 2265
f 2142 2265 2266
f 2142 2266 2143
f 2142 2261 2263
f 2143 2265 2262
f 2143 2266 2265
f 2144 2262 2267
f 2144 2267 2145
f 2145 2267 2268
f 2145 2268 2269
f 2145 2269 2270
f 2145 2270 2146
f 2146 2270 2271
f 2146 2271 2147
f 2147 2271 2148
f 2148 2271 2272
f 2148 2272 2153
f 2149 2156 2273
f 2149 2273 2150
f 2150 2273 2274
f 2150 2274 2159
f 2152 2153 2275
f 2152 2275 2155
f 2153 2272 2276
f 2153 2276 2155
f 2153 2155 2275
f 2155 2276 2277
f 2155 2277 2278
f 2155 2278 2279
f 2155 2279 2280
f 2155 2280 2281
f 2155 2281 2282
f 2155 2282 2283
f 2155 2283 2284
f 2155 2284 2285
f 2155 2285 2286
f 2155 2286 2287
f 2155 2287 2288
f 2155 2288 2156
f 2156 2288 2273
f 2158 2289 2160
f 2158 2159 2289
f 2159 2274 2273
f 2159 2273 2286
f 2159 2286 2289
f 2160 2286 2161
f 2160 2289 2286
f 2161 2286 2182
f 2162 2290 2163
f 2163 2290 2291
f 2163 2291 2165
f 2163 2165 2164
f 2165 2291 2166
f 2166 2292 2293
f 2166 2293 2294
f 2166 2294 2167
f 2166 2291 2292
f 2167 2294 2168
f 2168 2294 2295
f 2168 2295 2170
f 2168 2170 2169
f 2170 2296 2171
f 2170 2295 2297
f 2170 2297 2298
f 2170 2298 2299
f 2170 2299 2300
f 2170 2300 2301
f 2170 2301 2296
f 2171 2296 2302
f 2171 2302 2172
f 2172 2302 2173
f 2173 2302 2303
f 2173 2303 2304
f 2173 2304 2174
f 2174 2176 2175
f 2174 2304 2305
f 2174 2305 2306
f 2174 2306 2176
f 2176 2306 2307
f 2176 2307 2177
f 2177 2307 2375
f 2177 2375 2252
f 2180 2185 2187
f 2182 2308 2309
f 2182 2309 2310
f 2182 2310 2183
f 2182 2286 2311
f 2182 2311 2308
f 2183 2310 2184
f 2184 2310 2185
f 2185 2312 2313
f 2185 2313 2314
f 2185 2314 2315
f 2185 2315 2188
f 2185 2310 2312
f 2188 2315 2316
f 2188 2316 2317
f 2188 2317 2189
f 2189 2317 2190
f 2190 2317 2316
f 2190 2316 2191
f 2191 2316 2192
f 2192 2316 2209
f 2193 2205 2194
f 2194 2207 2318
f 2194 2318 2319
f 2194 2319 2195
f 2195 2319 2320
f 2195 2320 2196
f 2196 2320 2321
f 2196 2321 2197
f 2197 2321 2322
f 2197 2322 2198
f 2202 2209 2316
f 2202 2316 2314
f 2202 2314 2203
f 2203 2323 2204
f 2203 2314 2324
f 2203 2324 2325
f 2203 2325 2326
f 2203 2326 2323
f 2204 2323 2212
f 2206 2208 2327
f 2206 2327 2318
f 2206 2318 2207
f 2208 2211 2328
f 2208 2328 2329
f 2208 2329 2330
f 2208 2330 2327
f 2210 2329 2328
f 2210 2328 2211
f 2212 2323 2214
f 2214 2323 2216
f 2215 2331 2218
f 2215 2332 2331
f 2216 2323 2217
f 2217 2333 2334
f 2217 2334 2283
f 2217 2283 2282
f 2217 2323 2333
f 2218 2331 2335
f 2218 2335 2336
f 2218 2336 2337
f 2218 2337 2219
f 2219 2337 2220
f 2220 2337 2338
f 2220 2338 2339
f 2220 2339 2231
f 2220 2231 2230
f 2220 2230 2221
f 2223 2251 2340
f 2223 2340 2224
f 2224 2340 2225
f 2225 2340 2341
f 2225 2341 2342
f 2225 2342 2343
f 2225 2343 2226
f 2226 2343 2344
f 2226 2344 2227
f 2231 2345 2232
f 2231 2339 2345
f 2232 2346 2347
f 2232 2347 2233
f 2232 2345 2346
f 2233 2347 2348
f 2233 2348 2349
f 2233 2349 2234
f 2234 2349 2235
f 2235 2349 2350
f 2235 2350 2236
f 2236 2350 2351
f 2236 2351 2352
f 2236 2352 2353
f 2236 2353 2263
f 2236 2263 2354
f 2236 2354 2355
f 2237 2355 2364
f 2237 2364 2244
f 2238 2356 2357
f 2238 2357 2239
f 2238 2243 2356
f 2239 2357 2358
f 2239 2358 2359
f 2239 2359 2240
f 2240 2359 2247
f 2240 2247 2360
f 2240 2360 2246
f 2242 2245 2361
f 2242 2361 2243
f 2243 2361 2362
f 2243 2362 2363
f 2243 2363 2356
f 2244 2364 2259
f 2244 2259 2365
f 2244 2365 2245
f 2245 2365 2366
f 2245 2366 2367
f 2245 2367 2361
f 2246 2360 2247
f 2247 2359 2358
f 2247 2358 2368
f 2247 2368 2248
f 2248 2368 2249
f 2249 2368 2369
f 2249 2369 2370
f 2249 2370 2250
f 2250 2370 2371
f 2250 2371 2372
f 2250 2372 2251
f 2251 2372 2373
f 2251 2373 2374
f 2251 2374 2340
f 2252 2375 2255
f 2252 2255 2253
f 2255 2305 2256
f 2255 2375 2376
f 2255 2376 2305
f 2256 2305 2377
f 2256 2377 2378
f 2256 2378 2379
f 2256 2379 2257
f 2257 2379 2259
f 2258 2259 2260
f 2259 2379 2380
f 2259 2380 2365
f 2259 2364 2260
f 2260 2364 2354
f 2260 2354 2261
f 2261 2354 2263
f 2262 2265 2267
f 2263 2353 2381
f 2263 2381 2264
f 2264 2381 2382
f 2264 2382 2267
f 2264 2267 2265
f 2267 2382 2381
f 2267 2381 2268
f 2268 2381 2383
f 2268 2383 2431
f 2268 2431 2384
f 2268 2384 2269
f 2269 2271 2270
f 2269 2384 2271
f 2271 2384 2272
f 2272 2384 2385
f 2272 2385 2276
f 2273 2288 2287
f 2273 2287 2386
f 2273 2386 2286
f 2276 2385 2277
f 2277 2385 2387
f 2277 2387 2278
f 2278 2387 2279
f 2279 2388 2389
f 2279 2389 2280
f 2279 2387 2388
f 2280 2389 2390
f 2280 2390 2281
f 2281 2390 2332
f 2281 2332 2282
f 2283 2286 2285
f 2283 2285 2284
f 2283 2334 2286
f 2286 2386 2287
f 2286 2334 2333
f 2286 2333 2326
f 2286 2326 2325
f 2286 2325 2311
f 2290 2391 2291
f 2291 2391 2292
f 2292 2391 2392
f 2292 2392 2393
f 2292 2393 2293
f 2293 2393 2394
f 2293 2394 2395
f 2293 2395 2294
f 2294 2395 2295
f 2295 2395 2297
f 2296 2301 2302
f 2297 2395 2396
f 2297 2396 2299
f 2297 2299 2298
f 2299 2301 2300
f 2299 2396 2397
f 2299 2397 2398
f 2299 2398 2301
f 2301 2398 2302
f 2302 2398 2399
f 2302 2399 2304
f 2302 2304 2303
f 2304 2399 2305
f 2305 2399 2377
f 2305 2376 2306
f 2306 2376 2375
f 2306 2375 2307
f 2308 2325 2324
f 2308 2324 2400
f 2308 2400 2309
f 2308 2311 2325
f 2309 2400 2401
f 2309 2401 2312
f 2309 2312 2310
f 2312 2401 2313
f 2313 2401 2400
f 2313 2400 2324
f 2313 2324 2314
f 2314 2316 2315
f 2318 2320 2319
f 2318 2327 2409
f 2318 2409 2402
f 2318 2402 2321
f 2318 2321 2320
f 2321 2403 2460
f 2321 2460 2404
f 2321 2404 2322
f 2321 2402 2409
f 2321 2409 2403
f 2323 2326 2333
f 2327 2330 2405
f 2327 2405 2406
f 2327 2406 2407
f 2327 2407 2408
f 2327 2408 2409
f 2329 2407 2406
f 2329 2406 2405
f 2329 2405 2330
f 2331 2332 2390
f 2331 2390 2335
f 2335 2390 2389
f 2335 2389 2336
f 2336 2389 2410
f 2336 2410 2465
f 2336 2465 2411
f 2336 2411 2337
f 2337 2411 2338
f 2338 2411 2412
f 2338 2412 2339
f 2339 2412 2345
f 2340 2413 2466
f 2340 2466 2414
f 2340 2414 2341
f 2340 2374 2413
f 2341 2415 2342
f 2341 2414 2416
f 2341 2416 2417
f 2341 2417 2418
f 2341 2418 2415
f 2342 2415 2419
f 2342 2419 2420
f 2342 2420 2343
f 2343 2420 2344
f 2345 2412 2421
f 2345 2421 2422
f 2345 2422 2423
f 2345 2423 2424
f 2345 2424 2346
f 2346 2424 2479
f 2346 2479 2425
f 2346 2425 2481
f 2346 2481 2426
f 2346 2426 2347
f 2347 2426 2427
f 2347 2427 2349
f 2347 2349 2348
f 2349 2427 2350
f 2350 2427 2426
f 2350 2426 2428
f 2350 2428 2351
f 2351 2428 2429
f 2351 2429 2352
f 2352 2381 2353
f 2352 2429 2430
f 2352 2430 2431
f 2352 2431 2381
f 2354 2364 2355
f 2356 2432 2368
f 2356 2368 2357
f 2356 2363 2432
f 2357 2368 2358
f 2361 2367 2362
f 2362 2433 2363
f 2362 2367 2434
f 2362 2434 2435
f 2362 2435 2433
f 2363 2433 2436
f 2363 2436 2432
f 2365 2380 2366
f 2366 2380 2379
f 2366 2379 2378
f 2366 2378 2434
f 2366 2434 2367
f 2368 2432 2369
f 2369 2432 2437
f 2369 2437 2438
f 2369 2438 2370
f 2370 2438 2437
f 2370 2437 2439
f 2370 2439 2371
f 2371 2373 2372
f 2371 2439 2440
f 2371 2440 2373
f 2373 2440 2441
f 2373 2441 2413
f 2373 2413 2374
f 2377 2399 2442
f 2377 2442 2443
f 2377 2443 2444
f 2377 2444 2378
f 2378 2444 2445
f 2378 2445 2434
f 2381 2431 2383
f 2384 2446 2447
f 2384 2447 2385
f 2384 2431 2446
f 2385 2447 2448
f 2385 2448 2387
f 2387 2448 2388
f 2388 2449 2410
f 2388 2410 2389
f 2388 2448 2449
f 2392 2450 2393
f 2393 2450 2451
f 2393 2451 2452
f 2393 2452 2394
f 2394 2453 2395
f 2394 2452 2454
f 2394 2454 2453
f 2395 2453 2455
f 2395 2455 2396
f 2396 2455 2456
f 2396 2456 2457
f 2396 2457 2397
f 2397 2457 2458
f 2397 2458 2459
f 2397 2459 2442
f 2397 2442 2398
f 2398 2442 2399
f 2403 2409 2460
f 2407 2461 2408
f 2408 2461 2409
f 2409 2461 2462
f 2409 2462 2463
f 2409 2463 2460
f 2410 2449 2464
f 2410 2464 2465
f 2411 2465 2412
f 2412 2465 2421
f 2413 2441 2466
f 2414 2466 2467
f 2414 2467 2468
f 2414 2468 2469
f 2414 2469 2470
f 2414 2470 2416
f 2415 2471 2419
f 2415 2418 2472
f 2415 2472 2473
f 2415 2473 2474
f 2415 2474 2471
f 2416 2470 2417
f 2417 2470 2475
f 2417 2475 2476
f 2417 2476 2477
f 2417 2477 2472
f 2417 2472 2418
f 2421 2423 2422
f 2421 2465 2478
f 2421 2478 2423
f 2423 2464 2424
f 2423 2478 2464
f 2424 2464 2479
f 2425 2479 2480
f 2425 2480 2446
f 2425 2446 2481
f 2426 2481 2428
f 2428 2481 2429
f 2429 2481 2446
f 2429 2446 2431
f 2429 2431 2430
f 2432 2436 2482
f 2432 2482 2437
f 2433 2482 2436
f 2433 2435 2483
f 2433 2483 2482
f 2434 2445 2435
f 2435 2445 2483
f 2437 2482 2484
f 2437 2484 2439
f 2439 2484 2440
f 2440 2484 2485
f 2440 2485 2486
f 2440 2486 2441
f 2441 2486 2487
f 2441 2487 2466
f 2442 2459 2443
f 2443 2458 2488
f 2443 2488 2489
f 2443 2489 2444
f 2443 2459 2458
f 2444 2489 2445
f 2445 2489 2483
f 2446 2480 2447
f 2447 2464 2448
f 2447 2480 2464
f 2448 2464 2449
f 2451 2490 2454
f 2451 2454 2452
f 2453 2454 2491
f 2453 2491 2492
f 2453 2492 2493
f 2453 2493 2494
f 2453 2494 2495
f 2453 2495 2455
f 2454 2496 2497
f 2454 2497 2491
f 2454 2490 2496
f 2455 2495 2498
f 2455 2498 2456
f 2456 2498 2499
f 2456 2499 2500
f 2456 2500 2458
f 2456 2458 2457
f 2458 2500 2501
f 2458 2501 2488
f 2460 2463 2462
f 2464 2480 2479
f 2464 2478 2465
f 2466 2487 2502
f 2466 2502 2467
f 2467 2469 2468
f 2467 2502 2503
f 2467 2503 2504
f 2467 2504 2469
f 2469 2504 2505
f 2469 2505 2506
f 2469 2506 2475
f 2469 2475 2470
f 2475 2506 2507
f 2475 2507 2476
f 2476 2507 2508
f 2476 2508 2477
f 2482 2483 2509
f 2482 2509 2510
f 2482 2510 2511
f 2482 2511 2484
f 2483 2489 2512
f 2483 2512 2509
f 2484 2511 2513
f 2484 2513 2514
f 2484 2514 2515
f 2484 2515 2485
f 2485 2515 2486
f 2486 2515 2516
f 2486 2516 2517
f 2486 2517 2487
f 2487 2517 2502
f 2488 2501 2510
f 2488 2510 2489
f 2489 2510 2512
f 2490 2518 2496
f 2491 2519 2492
f 2491 2497 2520
f 2491 2520 2505
f 2491 2505 2521
f 2491 2521 2522
f 2491 2522 2519
f 2492 2519 2523
f 2492 2523 2524
f 2492 2524 2525
f 2492 2525 2493
f 2493 2525 2494
f 2494 2525 2526
f 2494 2526 2527
f 2494 2527 2495
f 2495 2527 2528
f 2495 2528 2498
f 2496 2518 2529
f 2496 2529 2497
f 2497 2529 2530
f 2497 2530 2531
f 2497 2531 2520
f 2498 2528 2532
f 2498 2532 2499
f 2499 2533 2534
f 2499 2534 2501
f 2499 2501 2500
f 2499 2532 2533
f 2501 2534 2513
f 2501 2513 2510
f 2502 2517 2535
f 2502 2535 2503
f 2503 2535 2536
f 2503 2536 2537
f 2503 2537 2504
f 2504 2537 2521
f 2504 2521 2505
f 2505 2520 2506
f 2506 2520 2507
f 2507 2520 2538
f 2507 2538 2539
f 2507 2539 2540
f 2507 2540 2541
f 2507 2541 2508
f 2509 2512 2510
f 2510 2513 2511
f 2513 2542 2515
f 2513 2515 2514
f 2513 2534 2542
f 2515 2542 2516
f 2516 2542 2543
f 2516 2543 2517
f 2517 2543 2544
f 2517 2544 2536
f 2517 2536 2535
f 2519 2522 2523
f 2520 2531 2538
f 2521 2537 2522
f 2522 2537 2545
f 2522 2545 2523
f 2523 2545 2537
f 2523 2537 2536
f 2523 2536 2524
f 2524 2526 2525
f 2524 2536 2526
f 2526 2533 2527
f 2526 2536 2544
f 2526 2544 2543
f 2526 2543 2533
f 2527 2533 2528
f 2528 2533 2532
f 2531 2546 2538
f 2533 2543 2542
f 2533 2542 2534
f 2538 2546 2539

