# https://github.com/mikedh/trimesh
v -0.01335156 0.05481279 0.00094897
v -0.01268819 0.05481121 0.00094897
v -0.01334156 0.05481121 0.00102486
v -0.01334013 0.05481121 0.00103627
v -0.01314376 0.05532555 0.00106654
v -0.01317018 0.05529789 0.00094897
v -0.01211979 0.05481121 0.00094897
v -0.01332728 0.05481121 0.00112210
v -0.01331228 0.05487047 0.00107646
v -0.01320517 0.05516121 0.00106654
v -0.01312020 0.05532555 0.00121635
v -0.01308307 0.05547566 0.00106654
v -0.01310092 0.05547566 0.00094897
v -0.01316590 0.05520704 0.00121635
v -0.01025535 0.05481121 0.00601687
v -0.01145642 0.05516042 0.00094897
v -0.01332299 0.05481121 0.00114740
v -0.01318589 0.05511065 0.00131110
v -0.01323302 0.05502532 0.00121635
v -0.01319375 0.05513198 0.00121635
v -0.01309235 0.05532555 0.00136666
v -0.01304736 0.05543537 0.00136666
v -0.01305736 0.05548198 0.00120841
v -0.01303451 0.05555546 0.00115335
v -0.01304165 0.05557047 0.00106654
v -0.01305093 0.05559022 0.00094897
v -0.01146142 0.05481121 0.00601687
v -0.01143285 0.05517543 0.00094897
v -0.01136073 0.05522837 0.00094897
v -0.00605663 0.06094530 0.00094897
v -0.00605663 0.06094293 0.00095740
v -0.00605663 0.06091686 0.00106455
v -0.00605663 0.06077622 0.00165885
v -0.00605663 0.06017893 0.00421066
v -0.00605663 0.05986212 0.00556594
v -0.00605663 0.05976257 0.00599455
v -0.00605663 0.05975783 0.00601687
v -0.01330014 0.05481121 0.00127042
v -0.01328729 0.05487600 0.00121635
v -0.01315447 0.05516674 0.00136319
v -0.01317661 0.05508458 0.00141131
v -0.01303737 0.05541166 0.00146340
v -0.01312163 0.05517543 0.00151648
v -0.01301380 0.05551042 0.00136666
v -0.01302523 0.05553570 0.00125356
v -0.01299738 0.05561392 0.00120841
v -0.01287884 0.05584304 0.00127092
v -0.01291455 0.05578616 0.00121933
v -0.01276959 0.05609033 0.00122925
v -0.01288741 0.05586121 0.00117071
v -0.01286028 0.05595444 0.00106654
v -0.01295239 0.05579880 0.00094897
v -0.01150140 0.05481121 0.00595784
v -0.01143642 0.05486968 0.00601687
v -0.00605663 0.06288175 0.00094897
v -0.00605663 0.06086550 0.00601687
v -0.01325302 0.05481121 0.00151648
v -0.01323016 0.05487600 0.00151648
v -0.01316661 0.05505613 0.00151648
v -0.01305879 0.05533187 0.00151449
v -0.01308949 0.05517543 0.00166679
v -0.01302523 0.05538559 0.00156311
v -0.01288027 0.05569688 0.00158444
v -0.01285885 0.05577351 0.00152739
v -0.01315305 0.05501505 0.00165885
v -0.01311591 0.05502532 0.00181660
v -0.01279173 0.05592600 0.00151648
v -0.01296096 0.05562577 0.00136666
v -0.01290455 0.05574823 0.00136666
v -0.01265320 0.05622622 0.00151648
v -0.01272460 0.05613458 0.00136666
v -0.01270747 0.05622148 0.00122925
v -0.01274960 0.05618751 0.00106654
v -0.01285671 0.05599948 0.00094897
v -0.01152140 0.05481121 0.00592659
v -0.01143357 0.05487600 0.00601687
v -0.01150712 0.05487600 0.00590426
v -0.00658789 0.06260681 0.00094897
v -0.00658218 0.06260365 0.00099708
v -0.00656861 0.06259654 0.00109729
v -0.00605663 0.06287069 0.00101494
v -0.00605663 0.06095873 0.00587499
v -0.00614303 0.06095873 0.00580306
v -0.00624300 0.06093108 0.00576090
v -0.00620872 0.06078096 0.00601687
v -0.01322445 0.05481121 0.00166232
v -0.01318446 0.05495738 0.00160378
v -0.01304237 0.05497318 0.00223479
v -0.01303023 0.05494632 0.00233500
v -0.01295953 0.05547566 0.00166679
v -0.01282457 0.05577589 0.00166679
v -0.01272318 0.05598051 0.00170399
v -0.01273532 0.05600738 0.00160378
v -0.01313876 0.05487600 0.00196691
v -0.01317447 0.05492893 0.00170399
v -0.01319232 0.05482938 0.00179031
v -0.01317590 0.05481121 0.00190143
v -0.01310663 0.05487600 0.00211673
v -0.01306664 0.05488785 0.00227746
v -0.01271032 0.05610297 0.00151648
v -0.01258965 0.05631471 0.00162115
v -0.01260036 0.05633604 0.00151648
v -0.01268105 0.05622622 0.00136666
v -0.01263463 0.05637634 0.00121635
v -0.01271318 0.05626257 0.00106654
v -0.01280815 0.05610060 0.00094897
v -0.01156924 0.05481121 0.00585118
v -0.01155496 0.05487600 0.00582935
v -0.01136216 0.05503243 0.00601687
v -0.01140429 0.05499767 0.00597719
v -0.00666144 0.06256810 0.00094897
v -0.00681068 0.06248751 0.00094897
v -0.00678498 0.06248356 0.00106654
v -0.00665573 0.06252859 0.00121635
v -0.00654790 0.06258627 0.00121635
v -0.00605663 0.06285963 0.00108043
v -0.00605663 0.06097453 0.00585069
v -0.00605663 0.06106144 0.00571675
v -0.00619801 0.06098638 0.00571377
v -0.00646079 0.06096900 0.00551832
v -0.00635368 0.06090026 0.00571377
v -0.00649149 0.06082679 0.00570831
v -0.00662145 0.06067510 0.00582737
v -0.00635868 0.06069643 0.00601687
v -0.01320303 0.05481121 0.00176848
v -0.01305022 0.05484598 0.00241685
v -0.01301952 0.05492103 0.00241685
v -0.01264034 0.05592600 0.00211673
v -0.01261107 0.05608006 0.00196245
v -0.01269033 0.05591178 0.00195302
v -0.01265106 0.05607611 0.00181660
v -0.01270889 0.05594891 0.00181660
v -0.01261535 0.05623413 0.00166927
v -0.01312877 0.05481121 0.00211772
v -0.01307236 0.05481121 0.00237320
v -0.01257608 0.05628943 0.00172135
v -0.01254466 0.05636923 0.00166927
v -0.01246468 0.05650433 0.00166679
v -0.01255894 0.05641110 0.00151648
v -0.01257251 0.05643322 0.00139295
v -0.01258250 0.05645139 0.00129324
v -0.01265748 0.05637634 0.00106654
v -0.01258893 0.05646483 0.00121635
v -0.01260107 0.05648774 0.00106654
v -0.01270889 0.05630365 0.00094897
v -0.01160137 0.05481121 0.00579810
v -0.01153568 0.05495817 0.00579909
v -0.01162994 0.05486652 0.00570782
v -0.01164279 0.05481121 0.00572766
v -0.01138001 0.05509722 0.00593998
v -0.01129361 0.05517306 0.00601687
v -0.00685210 0.06246460 0.00094897
v -0.00687495 0.06244880 0.00096930
v -0.00685995 0.06244011 0.00106654
v -0.00676070 0.06247013 0.00121635
v -0.00674213 0.06245907 0.00132549
v -0.00666715 0.06249146 0.00137162
v -0.00642937 0.06260207 0.00143909
v -0.00650578 0.06254756 0.00151648
v -0.00605663 0.06283277 0.00121635
v -0.00605663 0.06110489 0.00564730
v -0.00605805 0.06115151 0.00557189
v -0.00642866 0.06110094 0.00534072
v -0.00661788 0.06097295 0.00537545
v -0.00656076 0.06094056 0.00547516
v -0.00659146 0.06080783 0.00565176
v -0.00672142 0.06064665 0.00578471
v -0.00664716 0.06053604 0.00601241
v -0.00650720 0.06061268 0.00601687
v -0.01304094 0.05481121 0.00250515
v -0.01303808 0.05481516 0.00250962
v -0.01292169 0.05503638 0.00257510
v -0.01266819 0.05577589 0.00226704
v -0.01259393 0.05602555 0.00211673
v -0.01257251 0.05613300 0.00200957
v -0.01258679 0.05616144 0.00190986
v -0.01259893 0.05618751 0.00181660
v -0.01256251 0.05626257 0.00181660
v -0.01246468 0.05635659 0.00196691
v -0.01248539 0.05639135 0.00183148
v -0.01244683 0.05647510 0.00179130
v -0.01230045 0.05663074 0.00196691
v -0.01241827 0.05657938 0.00166679
v -0.01242969 0.05659756 0.00158295
v -0.01244255 0.05661889 0.00148274
v -0.01247968 0.05653909 0.00152640
v -0.01245611 0.05664180 0.00136666
v -0.01242398 0.05673819 0.00125504
v -0.01246540 0.05668367 0.00120990
v -0.01243469 0.05675636 0.00115484
v -0.01240042 0.05684643 0.00106654
v -0.01254680 0.05653988 0.00121635
v -0.01267319 0.05637634 0.00094897
v -0.01257893 0.05656279 0.00094897
v -0.01260893 0.05650354 0.00094897
v -0.01249682 0.05667656 0.00106654
v -0.01256037 0.05656279 0.00106654
v -0.01155710 0.05501505 0.00570881
v -0.01163493 0.05502137 0.00556296
v -0.01169063 0.05496844 0.00550988
v -0.01166350 0.05491076 0.00560959
v -0.01099370 0.05577351 0.00601687
v -0.01090873 0.05594259 0.00601687
v -0.01084232 0.05607453 0.00601687
v -0.01168635 0.05481121 0.00565077
v -0.00690280 0.06243537 0.00094897
v -0.00707632 0.06233029 0.00094897
v -0.00732553 0.06214936 0.00112110
v -0.00705918 0.06232002 0.00106654
v -0.00695564 0.06238243 0.00106654
v -0.00723555 0.06218571 0.00121635
v -0.00696778 0.06234530 0.00122330
v -0.00683567 0.06242589 0.00121635
v -0.00679783 0.06241719 0.00137162
v -0.00672428 0.06244880 0.00142520
v -0.00670714 0.06243932 0.00151648
v -0.00663217 0.06248040 0.00151648
v -0.00641295 0.06259417 0.00151648
v -0.00605663 0.06282882 0.00123619
v -0.00650578 0.06251516 0.00166679
v -0.00605663 0.06115072 0.00557388
v -0.00605663 0.06123920 0.00542803
v -0.00605663 0.06124631 0.00541563
v -0.00605663 0.06127002 0.00537396
v -0.00605734 0.06132769 0.00526879
v -0.00605663 0.06141539 0.00510558
v -0.00673285 0.06110331 0.00504456
v -0.00668072 0.06107566 0.00514477
v -0.00677069 0.06097611 0.00523109
v -0.00671785 0.06094451 0.00533130
v -0.00666287 0.06091686 0.00542208
v -0.00669143 0.06077938 0.00560811
v -0.00687709 0.06064981 0.00563936
v -0.00680211 0.06054394 0.00586557
v -0.00674927 0.06051313 0.00595883
v -0.00674784 0.06081178 0.00550790
v -0.00664430 0.06053446 0.00601687
v -0.00680568 0.06043966 0.00601687
v -0.01303879 0.05481121 0.00251210
v -0.01288456 0.05495659 0.00279933
v -0.01289884 0.05498740 0.00271698
v -0.01299809 0.05486968 0.00256270
v -0.01286599 0.05506245 0.00271698
v -0.01287884 0.05509406 0.00263066
v -0.01270961 0.05550094 0.00256716
v -0.01269890 0.05561866 0.00241437
v -0.01261964 0.05578379 0.00242132
v -0.01260321 0.05592284 0.00225315
v -0.01258250 0.05600184 0.00219362
v -0.01255608 0.05610060 0.00211673
v -0.01254252 0.05621753 0.00196245
v -0.01244612 0.05632577 0.00208399
v -0.01225546 0.05655489 0.00226704
v -0.01231758 0.05653119 0.00211177
v -0.01243184 0.05645139 0.00189151
v -0.01228688 0.05660941 0.00205869
v -0.01212693 0.05674293 0.00232458
v -0.01225403 0.05670580 0.00196691
v -0.01231544 0.05668051 0.00180718
v -0.01228474 0.05675557 0.00175112
v -0.01235757 0.05667656 0.00166679
v -0.01231687 0.05680692 0.00151648
v -0.01213121 0.05720117 0.00129027
v -0.01241113 0.05671686 0.00136666
v -0.01226260 0.05701945 0.00121635
v -0.01228688 0.05706054 0.00101346
v -0.01244326 0.05677137 0.00106654
v -0.01229331 0.05707160 0.00094897
v -0.01251610 0.05667656 0.00094897
v -0.01241113 0.05686460 0.00094897
v -0.01245326 0.05678954 0.00094897
v -0.01139358 0.05587385 0.00521373
v -0.01165564 0.05578616 0.00482480
v -0.01170277 0.05574270 0.00478016
v -0.01181202 0.05563999 0.00467846
v -0.01198697 0.05570952 0.00430095
v -0.01200197 0.05547566 0.00447953
v -0.01200268 0.05529710 0.00463233
v -0.01184273 0.05497476 0.00521323
v -0.01181702 0.05491471 0.00531344
v -0.01198340 0.05555467 0.00444530
v -0.01082732 0.05610297 0.00601687
v -0.01093015 0.05614880 0.00579066
v -0.01121221 0.05596234 0.00545730
v -0.01179917 0.05481121 0.00543150
v -0.00717986 0.06226708 0.00094897
v -0.00739979 0.06213040 0.00094897
v -0.00739551 0.06211302 0.00106951
v -0.00740622 0.06207983 0.00121635
v -0.00741621 0.06204428 0.00136616
v -0.00728697 0.06212566 0.00136666
v -0.00725840 0.06221889 0.00094897
v -0.00710559 0.06223469 0.00136666
v -0.00691137 0.06232081 0.00151648
v -0.00717700 0.06215015 0.00157948
v -0.00680568 0.06238243 0.00151648
v -0.00681639 0.06234293 0.00167026
v -0.00667715 0.06242273 0.00166679
v -0.00660217 0.06246381 0.00166679
v -0.00637796 0.06257837 0.00166679
v -0.00606805 0.06279169 0.00137658
v -0.00605663 0.06280038 0.00136220
v -0.00658432 0.06245433 0.00174864
v -0.00650720 0.06247961 0.00180618
v -0.00605663 0.06132769 0.00526929
v -0.00605663 0.06142013 0.00509665
v -0.00688423 0.06110410 0.00489624
v -0.00687066 0.06094530 0.00518198
v -0.00681497 0.06092160 0.00527574
v -0.00684781 0.06078254 0.00546176
v -0.00692993 0.06068221 0.00553965
v -0.00703062 0.06065139 0.00549202
v -0.00697063 0.06063006 0.00558082
v -0.00690351 0.06051629 0.00581447
v -0.00681497 0.06043412 0.00601687
v -0.01299167 0.05481121 0.00265050
v -0.01273103 0.05509722 0.00308854
v -0.01259393 0.05527735 0.00327655
v -0.01260893 0.05532634 0.00316295
v -0.01258750 0.05541245 0.00310987
v -0.01268747 0.05546144 0.00270309
v -0.01273246 0.05540218 0.00264406
v -0.01265106 0.05562577 0.00256716
v -0.01259893 0.05573480 0.00256716
v -0.01259179 0.05587069 0.00237419
v -0.01257608 0.05583988 0.00247440
v -0.01246825 0.05608164 0.00241685
v -0.01247968 0.05623808 0.00212714
v -0.01239399 0.05621990 0.00241685
v -0.01242898 0.05629654 0.00218419
v -0.01229616 0.05632656 0.00253393
v -0.01226831 0.05642611 0.00245059
v -0.01228474 0.05645613 0.00235038
v -0.01223332 0.05651381 0.00240693
v -0.01215621 0.05664259 0.00241685
v -0.01211265 0.05671765 0.00241685
v -0.01201339 0.05680218 0.00256716
v -0.01197983 0.05689857 0.00248531
v -0.01209337 0.05682036 0.00227150
v -0.01214121 0.05676663 0.00222487
v -0.01217334 0.05683458 0.00196642
v -0.01226974 0.05688198 0.00151648
v -0.01223190 0.05681403 0.00180718
v -0.01213550 0.05705658 0.00160378
v -0.01209908 0.05715060 0.00151648
v -0.01199625 0.05737340 0.00136666
v -0.01201768 0.05740580 0.00121635
v -0.01210051 0.05727306 0.00123074
v -0.01211265 0.05732126 0.00106654
v -0.01214407 0.05722171 0.00119006
v -0.01215978 0.05724620 0.00106654
v -0.01216977 0.05727701 0.00094897
v -0.01224975 0.05714507 0.00094897
v -0.01226403 0.05712137 0.00094897
v -0.01124005 0.05601607 0.00535759
v -0.01167706 0.05584225 0.00473402
v -0.01170420 0.05589124 0.00463431
v -0.01183130 0.05585094 0.00444183
v -0.01185844 0.05589835 0.00434163
v -0.01182988 0.05599790 0.00428904
v -0.01195841 0.05580986 0.00424588
v -0.01198340 0.05585410 0.00414617
v -0.01200268 0.05576640 0.00420471
v -0.01206052 0.05577589 0.00406730
v -0.01207837 0.05561155 0.00420272
v -0.01211479 0.05547566 0.00425481
v -0.01206052 0.05547566 0.00436693
v -0.01200268 0.05561313 0.00435750
v -0.01203767 0.05533819 0.00453013
v -0.01197269 0.05507905 0.00487540
v -0.01196840 0.05491708 0.00501530
v -0.01183773 0.05481437 0.00535362
v -0.01080233 0.05618909 0.00598016
v -0.01076234 0.05622543 0.00601687
v -0.01077448 0.05628864 0.00593006
v -0.01091158 0.05623808 0.00573113
v -0.01154639 0.05632656 0.00446912
v -0.01151926 0.05627916 0.00456883
v -0.01149355 0.05622780 0.00467003
v -0.01154782 0.05617882 0.00462141
v -0.01188629 0.05481121 0.00526085
v -0.00742050 0.06211697 0.00094897
v -0.00744835 0.06209880 0.00094897
v -0.00753761 0.06204033 0.00094897
v -0.00752261 0.06203006 0.00106654
v -0.00750262 0.06201663 0.00121635
v -0.00748833 0.06200715 0.00131557
v -0.00738194 0.06203559 0.00151648
v -0.00745692 0.06198661 0.00151648
v -0.00724841 0.06211776 0.00152441
v -0.00694778 0.06226629 0.00167026
v -0.00725555 0.06208379 0.00166679
v -0.00716129 0.06214067 0.00166679
v -0.00687352 0.06229789 0.00172235
v -0.00685210 0.06228683 0.00181660
v -0.00628227 0.06260365 0.00174517
v -0.00605663 0.06276403 0.00151648
v -0.00605663 0.06279722 0.00137609
v -0.00634154 0.06256178 0.00180370
v -0.00645293 0.06246460 0.00196691
v -0.00677712 0.06232871 0.00181660
v -0.00680283 0.06227182 0.00197485
v -0.00666715 0.06234609 0.00197485
v -0.00635582 0.06251279 0.00196691
v -0.00605663 0.06149282 0.00495775
v -0.00605663 0.06150625 0.00493195
v -0.00605663 0.06153943 0.00486747
v -0.00605663 0.06157024 0.00480744
v -0.00673571 0.06125500 0.00474791
v -0.00687852 0.06125106 0.00458917
v -0.00696778 0.06115862 0.00467846
v -0.00702562 0.06109857 0.00473601
v -0.00711202 0.06107566 0.00467846
v -0.00711059 0.06100297 0.00482083
v -0.00706346 0.06097295 0.00492898
v -0.00701848 0.06094451 0.00502919
v -0.00691851 0.06097532 0.00508177
v -0.00695278 0.06084338 0.00526482
v -0.00715058 0.06078334 0.00516015
v -0.00710274 0.06075015 0.00526482
v -0.00700134 0.06078334 0.00531294
v -0.00690066 0.06081415 0.00536205
v -0.00718200 0.06065218 0.00534370
v -0.00724484 0.06057002 0.00540620
v -0.00720699 0.06051945 0.00551832
v -0.00715558 0.06048548 0.00561852
v -0.00702847 0.06035038 0.00593998
v -0.00695635 0.06034485 0.00601687
v -0.00692779 0.06038277 0.00598810
v -0.01288670 0.05481121 0.00295460
v -0.01286742 0.05491155 0.00289953
v -0.01257679 0.05523706 0.00337676
v -0.01255608 0.05532634 0.00332269
v -0.01257108 0.05537690 0.00321008
v -0.01254180 0.05546776 0.00316295
v -0.01256465 0.05551674 0.00301710
v -0.01259464 0.05557600 0.00283157
v -0.01247682 0.05548751 0.00332665
v -0.01260821 0.05562577 0.00270854
v -0.01241184 0.05581223 0.00301710
v -0.01229402 0.05587385 0.00327804
v -0.01235257 0.05592600 0.00301710
v -0.01244683 0.05602871 0.00256716
v -0.01242327 0.05613537 0.00246646
v -0.01243969 0.05616618 0.00236625
v -0.01229045 0.05616618 0.00281669
v -0.01216049 0.05637634 0.00285737
v -0.01225403 0.05637634 0.00257708
v -0.01213478 0.05645613 0.00280081
v -0.01212336 0.05658571 0.00261578
v -0.01213978 0.05661494 0.00251557
v -0.01209194 0.05666945 0.00256617
v -0.01194841 0.05682352 0.00272442
v -0.01184773 0.05692701 0.00283901
v -0.01166992 0.05718221 0.00290301
v -0.01181702 0.05702735 0.00274426
v -0.01196698 0.05687724 0.00256716
v -0.01199411 0.05677216 0.00267928
v -0.01183273 0.05705264 0.00264455
v -0.01199483 0.05692148 0.00238560
v -0.01213907 0.05691200 0.00191582
v -0.01208765 0.05696810 0.00196642
v -0.01197340 0.05718853 0.00186224
v -0.01200197 0.05723198 0.00166679
v -0.01201696 0.05728017 0.00150655
v -0.01198411 0.05735523 0.00144951
v -0.01186415 0.05757882 0.00135277
v -0.01184344 0.05766889 0.00121635
v -0.01197983 0.05749823 0.00113301
v -0.01211265 0.05736787 0.00094897
v -0.01212550 0.05734101 0.00096633
v -0.01214192 0.05732205 0.00094897
v -0.01203267 0.05743977 0.00107646
v -0.01167492 0.05613853 0.00442893
v -0.01181345 0.05593943 0.00438181
v -0.01170134 0.05618514 0.00432922
v -0.01167278 0.05628548 0.00427366
v -0.01180917 0.05608559 0.00423050
v -0.01190699 0.05592600 0.00421761
v -0.01200197 0.05588729 0.00406730
v -0.01182631 0.05614169 0.00413079
v -0.01188486 0.05608559 0.00407523
v -0.01203481 0.05593785 0.00392740
v -0.01211336 0.05578537 0.00393087
v -0.01213121 0.05569925 0.00398991
v -0.01211479 0.05566291 0.00406730
v -0.01213193 0.05555151 0.00414320
v -0.01213121 0.05539981 0.00429103
v -0.01211479 0.05533977 0.00437734
v -0.01212836 0.05524101 0.00443390
v -0.01199840 0.05513830 0.00477520
v -0.01199340 0.05497950 0.00491509
v -0.01209837 0.05502769 0.00466556
v -0.01198911 0.05481121 0.00505845
v -0.01195127 0.05481121 0.00513336
v -0.01067951 0.05636765 0.00601687
v -0.01077234 0.05643638 0.00577677
v -0.01080162 0.05633604 0.00582985
v -0.01108296 0.05630444 0.00534568
v -0.01157210 0.05637634 0.00436593
v -0.01092729 0.05644349 0.00548458
v -0.01123220 0.05675241 0.00459314
v -0.01135930 0.05671291 0.00440016
v -0.01138572 0.05675873 0.00429995
v -0.00759759 0.06198029 0.00106654
v -0.00798604 0.06173932 0.00094897
v -0.00777682 0.06184914 0.00112557
v -0.00768899 0.06189101 0.00121635
v -0.00776397 0.06184044 0.00121635
v -0.00766685 0.06187679 0.00136666
v -0.00771969 0.06181121 0.00151648
v -0.00763258 0.06185309 0.00159535
v -0.00735837 0.06201979 0.00166679
v -0.00713201 0.06212408 0.00181660
v -0.00726554 0.06204349 0.00181809
v -0.00734052 0.06200873 0.00176898
v -0.00703776 0.06215647 0.00190838
v -0.00696207 0.06218649 0.00196195
v -0.00701562 0.06214383 0.00200858
v -0.00605663 0.06272453 0.00167820
v -0.00620587 0.06258074 0.00197882
v -0.00643223 0.06245354 0.00204480
v -0.00691422 0.06217069 0.00211673
v -0.00680568 0.06222995 0.00211673
v -0.00670143 0.06228683 0.00211673
v -0.00620515 0.06254361 0.00211673
v -0.00635439 0.06247566 0.00210383
v -0.00605663 0.06164530 0.00465812
v -0.00658718 0.06140591 0.00459909
v -0.00696421 0.06130241 0.00437387
v -0.00696421 0.06122972 0.00453063
v -0.00667001 0.06146200 0.00438131
v -0.00681568 0.06138221 0.00438131
v -0.00687209 0.06139722 0.00428160
v -0.00706632 0.06112227 0.00463580
v -0.00716629 0.06109383 0.00457379
v -0.00720556 0.06096900 0.00477271
v -0.00716343 0.06094056 0.00487292
v -0.00711059 0.06091686 0.00497462
v -0.00719628 0.06081178 0.00505994
v -0.00732767 0.06064981 0.00518843
v -0.00721699 0.06067589 0.00526730
v -0.00729197 0.06062611 0.00526730
v -0.00735623 0.06052024 0.00536900
v -0.00730696 0.06048548 0.00546920
v -0.00726840 0.06043570 0.00558033
v -0.00717986 0.06035117 0.00579165
v -0.00710345 0.06024846 0.00601588
v -0.00710417 0.06024688 0.00601687
v -0.01283528 0.05481121 0.00310094
v -0.01273246 0.05495105 0.00324282
v -0.01259536 0.05513672 0.00342835
v -0.01257679 0.05508695 0.00352806
v -0.01256037 0.05518255 0.00347399
v -0.01245183 0.05531686 0.00360743
v -0.01250396 0.05532555 0.00346754
v -0.01268819 0.05501110 0.00330284
v -0.01245183 0.05544011 0.00346754
v -0.01242898 0.05554440 0.00338321
v -0.01235900 0.05562577 0.00346754
v -0.01226260 0.05581302 0.00346754
v -0.01241470 0.05551516 0.00346754
v -0.01214407 0.05587385 0.00372798
v -0.01220333 0.05592600 0.00346754
v -0.01226760 0.05597340 0.00319867
v -0.01228402 0.05600501 0.00309846
v -0.01223332 0.05606347 0.00315601
v -0.01216977 0.05608164 0.00331673
v -0.01215692 0.05619541 0.00316741
v -0.01212907 0.05629575 0.00308407
v -0.01210336 0.05637634 0.00302703
v -0.01208266 0.05651460 0.00285737
v -0.01182702 0.05674293 0.00322794
v -0.01197769 0.05674372 0.00277899
v -0.01168063 0.05689936 0.00338866
v -0.01181774 0.05687803 0.00301710
v -0.01155139 0.05723356 0.00316741
v -0.01165136 0.05715139 0.00301710
v -0.01166707 0.05702735 0.00319817
v -0.01151997 0.05718221 0.00335692
v -0.01122577 0.05749191 0.00367391
v -0.01152211 0.05733627 0.00306076
v -0.01168492 0.05720670 0.00280280
v -0.01124220 0.05751878 0.00357370
v -0.01126005 0.05754564 0.00346754
v -0.01184416 0.05707002 0.00256716
v -0.01197697 0.05704394 0.00217427
v -0.01202981 0.05698706 0.00212119
v -0.01169777 0.05722566 0.00271698
v -0.01171991 0.05725884 0.00256716
v -0.01173847 0.05729124 0.00243124
v -0.01168135 0.05735128 0.00249077
v -0.01172491 0.05758435 0.00181511
v -0.01168421 0.05780557 0.00145000
v -0.01164636 0.05789880 0.00136666
v -0.01167992 0.05794857 0.00113400
v -0.01169349 0.05796911 0.00103429
v -0.01182631 0.05779372 0.00097030
v -0.01195555 0.05760647 0.00094897
v -0.01172991 0.05623175 0.00422108
v -0.01151497 0.05657148 0.00425828
v -0.01153996 0.05661494 0.00415808
v -0.01184987 0.05618356 0.00403059
v -0.01197840 0.05599552 0.00398445
v -0.01180203 0.05623017 0.00407523
v -0.01151069 0.05671528 0.00409904
v -0.01155782 0.05666945 0.00405638
v -0.01169277 0.05647035 0.00401471
v -0.01212693 0.05584146 0.00382819
v -0.01195484 0.05608006 0.00392740
v -0.01199911 0.05603187 0.00388474
v -0.01215121 0.05574112 0.00389020
v -0.01229331 0.05557521 0.00372054
v -0.01243541 0.05540850 0.00355138
v -0.01218120 0.05563999 0.00393087
v -0.01214835 0.05558785 0.00406730
v -0.01219548 0.05547566 0.00406730
v -0.01231758 0.05532950 0.00392095
v -0.01238899 0.05516674 0.00390756
v -0.01241470 0.05505613 0.00395072
v -0.01238614 0.05501426 0.00405539
v -0.01225118 0.05517701 0.00421661
v -0.01215121 0.05529947 0.00433418
v -0.01217549 0.05518492 0.00437734
v -0.01228902 0.05496923 0.00430740
v -0.01228188 0.05481121 0.00445126
v -0.01216763 0.05502769 0.00452170
v -0.01214264 0.05497871 0.00461447
v -0.01212336 0.05507826 0.00457428
v -0.01210122 0.05481121 0.00483125
v -0.01067451 0.05637555 0.00601687
v -0.01064452 0.05647115 0.00596478
v -0.01076948 0.05658254 0.00562249
v -0.01079805 0.05662758 0.00552228
v -0.01094871 0.05692859 0.00492352
v -0.01107368 0.05703841 0.00457825
v -0.01107582 0.05689146 0.00473204
v -0.01098442 0.05668288 0.00512344
v -0.01113509 0.05698390 0.00452368
v -0.01113152 0.05713164 0.00437139
v -0.01121006 0.05698785 0.00438082
v -0.01122791 0.05704473 0.00428458
v -0.00797104 0.06172905 0.00106654
v -0.00806102 0.06168875 0.00094897
v -0.00804602 0.06167848 0.00106654
v -0.00816741 0.06159631 0.00106753
v -0.00822454 0.06154812 0.00111813
v -0.00802460 0.06166426 0.00121635
v -0.00783109 0.06173616 0.00151648
v -0.00788250 0.06166900 0.00166679
v -0.00780752 0.06171957 0.00166679
v -0.00769184 0.06180015 0.00165389
v -0.00761544 0.06184202 0.00169556
v -0.00743335 0.06197002 0.00166679
v -0.00732196 0.06199688 0.00186869
v -0.00722556 0.06203006 0.00196691
v -0.00709488 0.06210907 0.00196195
v -0.00779039 0.06170850 0.00176501
v -0.00719985 0.06201426 0.00208200
v -0.00711773 0.06205060 0.00212566
v -0.00698920 0.06212882 0.00211673
v -0.00605663 0.06268977 0.00181660
v -0.00610447 0.06259101 0.00211673
v -0.00612803 0.06260128 0.00203686
v -0.00606876 0.06264315 0.00197882
v -0.00605663 0.06268503 0.00183545
v -0.00657004 0.06229710 0.00232309
v -0.00652006 0.06220151 0.00273136
v -0.00645151 0.06216358 0.00297891
v -0.00638296 0.06227814 0.00271698
v -0.00605663 0.06240376 0.00285886
v -0.00686352 0.06214304 0.00230920
v -0.00683425 0.06212724 0.00241685
v -0.00694636 0.06211065 0.00226257
v -0.00605663 0.06253176 0.00241685
v -0.00605663 0.06257600 0.00225464
v -0.00617373 0.06247487 0.00241685
v -0.00605663 0.06252148 0.00245356
v -0.00605663 0.06169033 0.00456833
v -0.00613946 0.06170692 0.00445126
v -0.00643794 0.06155602 0.00445027
v -0.00647364 0.06157577 0.00436693
v -0.00705989 0.06126844 0.00432823
v -0.00686567 0.06154338 0.00397354
v -0.00695992 0.06144541 0.00406878
v -0.00658075 0.06155207 0.00429202
v -0.00672285 0.06154812 0.00413327
v -0.00676570 0.06157103 0.00403307
v -0.00681568 0.06145410 0.00422604
v -0.00715986 0.06123999 0.00426523
v -0.00720628 0.06111674 0.00447408
v -0.00730625 0.06108593 0.00441008
v -0.00734195 0.06096031 0.00460752
v -0.00730553 0.06093345 0.00470773
v -0.00733624 0.06080546 0.00489921
v -0.00725555 0.06099191 0.00466159
v -0.00741264 0.06062137 0.00512989
v -0.00749690 0.06051313 0.00521273
v -0.00740622 0.06054868 0.00526433
v -0.00745620 0.06048390 0.00531244
v -0.00762544 0.06034801 0.00533576
v -0.00752547 0.06038435 0.00538983
v -0.00737837 0.06038593 0.00554163
v -0.00732981 0.06035117 0.00564184
v -0.00720271 0.06021686 0.00596429
v -0.00725483 0.06014417 0.00601687
v -0.01281243 0.05481121 0.00316493
v -0.01278030 0.05481121 0.00325274
v -0.01261749 0.05503243 0.00347399
v -0.01259536 0.05498661 0.00357668
v -0.01257608 0.05493446 0.00367688
v -0.01256037 0.05503243 0.00362281
v -0.01250610 0.05517543 0.00361686
v -0.01243612 0.05526155 0.00370268
v -0.01241541 0.05536110 0.00365109
v -0.01226974 0.05567555 0.00365555
v -0.01223904 0.05576640 0.00360991
v -0.01210051 0.05592442 0.00377362
v -0.01211693 0.05597340 0.00364861
v -0.01213407 0.05600501 0.00354840
v -0.01212336 0.05613537 0.00336634
v -0.01205552 0.05637634 0.00316741
v -0.01199768 0.05647905 0.00316741
v -0.01181202 0.05671607 0.00331723
v -0.01171134 0.05680218 0.00346754
v -0.01164636 0.05682273 0.00362132
v -0.01156067 0.05697600 0.00360495
v -0.01151640 0.05702577 0.00364712
v -0.01153354 0.05705421 0.00354691
v -0.01154710 0.05707634 0.00346754
v -0.01120863 0.05746347 0.00376717
v -0.01113080 0.05758593 0.00377263
v -0.01109510 0.05767047 0.00372649
v -0.01119364 0.05757171 0.00362132
v -0.01138572 0.05720907 0.00370417
v -0.01152854 0.05689620 0.00383315
v -0.01133146 0.05726595 0.00375923
v -0.01137430 0.05749033 0.00321801
v -0.01179489 0.05714507 0.00256716
v -0.01148427 0.05741686 0.00301314
v -0.01121221 0.05762069 0.00346754
v -0.01124148 0.05766652 0.00327506
v -0.01149569 0.05759699 0.00256716
v -0.01139858 0.05767679 0.00271698
v -0.01138144 0.05780162 0.00249126
v -0.01148926 0.05786956 0.00196890
v -0.01136430 0.05792566 0.00226704
v -0.01135145 0.05820692 0.00166679
v -0.01138358 0.05825433 0.00144752
v -0.01145927 0.05817690 0.00136666
v -0.01149998 0.05817453 0.00123173
v -0.01158923 0.05804180 0.00123173
v -0.01164636 0.05802205 0.00107695
v -0.01151283 0.05822352 0.00106654
v -0.01165493 0.05805681 0.00094897
v -0.01170420 0.05798413 0.00094897
v -0.01177918 0.05787273 0.00094897
v -0.01138144 0.05690173 0.00414220
v -0.01166421 0.05657069 0.00395320
v -0.01168635 0.05660941 0.00385299
v -0.01153496 0.05675715 0.00399884
v -0.01135645 0.05700760 0.00406730
v -0.01140001 0.05693255 0.00406730
v -0.01197126 0.05613221 0.00381132
v -0.01201768 0.05608006 0.00376370
v -0.01225118 0.05562577 0.00376915
v -0.01184273 0.05632103 0.00386887
v -0.01231687 0.05547882 0.00376915
v -0.01227331 0.05553096 0.00382075
v -0.01225475 0.05547882 0.00392095
v -0.01229473 0.05543063 0.00387333
v -0.01245183 0.05516674 0.00375824
v -0.01250467 0.05502532 0.00376717
v -0.01244969 0.05501426 0.00390756
v -0.01243398 0.05495659 0.00399735
v -0.01241613 0.05487600 0.00410649
v -0.01231044 0.05502216 0.00421661
v -0.01242827 0.05481121 0.00413377
v -0.01238828 0.05481121 0.00422058
v -0.01218048 0.05481121 0.00466606
v -0.01213764 0.05481516 0.00475386
v -0.01213764 0.05481121 0.00475585
v -0.01066880 0.05638424 0.00601687
v -0.01057597 0.05652408 0.00601687
v -0.01056669 0.05653751 0.00601687
v -0.01064095 0.05661494 0.00580852
v -0.01078805 0.05706133 0.00505349
v -0.01076234 0.05687250 0.00531046
v -0.01079162 0.05691674 0.00521025
v -0.01079519 0.05677216 0.00536652
v -0.01094586 0.05707318 0.00476726
v -0.01107082 0.05718458 0.00442397
v -0.01109867 0.05722803 0.00432426
v -0.01120435 0.05713322 0.00422753
v -0.01125219 0.05708740 0.00418487
v -0.00818241 0.06160579 0.00094897
v -0.00823811 0.06155681 0.00101842
v -0.00792177 0.06169586 0.00140932
v -0.00839306 0.06141065 0.00121635
v -0.00838235 0.06140275 0.00129523
v -0.00831308 0.06143909 0.00135376
v -0.00811314 0.06157419 0.00136666
v -0.00809529 0.06156155 0.00148820
v -0.00808030 0.06155128 0.00158841
v -0.00806673 0.06154259 0.00166679
v -0.00730125 0.06198345 0.00196691
v -0.00749690 0.06186257 0.00193119
v -0.00741836 0.06190365 0.00197535
v -0.00796533 0.06157577 0.00181660
v -0.00794391 0.06156155 0.00192574
v -0.00786750 0.06160105 0.00197237
v -0.00717629 0.06199925 0.00218171
v -0.00734838 0.06186415 0.00226704
v -0.00707917 0.06203164 0.00226704
v -0.00605663 0.06259970 0.00216485
v -0.00605663 0.06263762 0.00202049
v -0.00605663 0.06264868 0.00197832
v -0.00605663 0.06265264 0.00196294
v -0.00675927 0.06216753 0.00241685
v -0.00665716 0.06218017 0.00255774
v -0.00655790 0.06214067 0.00286729
v -0.00642294 0.06214857 0.00307911
v -0.00615517 0.06231528 0.00298486
v -0.00612589 0.06230026 0.00308457
v -0.00605663 0.06235636 0.00301562
v -0.00605663 0.06244564 0.00271698
v -0.00692708 0.06202927 0.00256716
v -0.00689851 0.06201268 0.00267332
v -0.00679354 0.06210670 0.00255774
v -0.00670786 0.06213988 0.00260139
v -0.00705061 0.06201426 0.00238014
v -0.00605663 0.06248514 0.00258155
v -0.00605663 0.06245828 0.00267382
v -0.00605663 0.06171561 0.00451773
v -0.00605663 0.06178988 0.00436891
v -0.00609019 0.06183175 0.00424985
v -0.00605663 0.06194236 0.00405837
v -0.00605663 0.06198819 0.00396163
v -0.00613160 0.06200320 0.00384357
v -0.00653791 0.06167927 0.00406730
v -0.00666644 0.06160500 0.00407672
v -0.00671571 0.06169428 0.00382372
v -0.00690565 0.06156629 0.00387333
v -0.00695564 0.06151573 0.00392095
v -0.00719842 0.06126291 0.00416552
v -0.00710345 0.06136245 0.00406878
v -0.00715272 0.06138537 0.00395568
v -0.00725626 0.06113807 0.00436296
v -0.00734266 0.06111042 0.00430988
v -0.00737266 0.06098401 0.00451724
v -0.00747334 0.06079677 0.00473204
v -0.00764043 0.06065929 0.00475634
v -0.00807173 0.06019473 0.00502819
v -0.00777253 0.06049575 0.00488036
v -0.00760473 0.06063322 0.00485606
v -0.00744192 0.06077385 0.00481736
v -0.00736694 0.06082837 0.00481736
v -0.00750476 0.06066956 0.00492352
v -0.00755546 0.06060636 0.00497114
v -0.00763543 0.06050523 0.00504804
v -0.00793463 0.06020421 0.00519686
v -0.00766542 0.06037724 0.00523605
v -0.00771184 0.06031878 0.00527871
v -0.00779396 0.06021133 0.00535709
v -0.00774754 0.06017735 0.00545730
v -0.00764757 0.06021370 0.00550988
v -0.00735195 0.06021686 0.00581447
v -0.00730268 0.06018209 0.00591418
v -0.00728697 0.06012126 0.00601687
v -0.01270961 0.05481121 0.00344373
v -0.01268819 0.05486099 0.00345266
v -0.01259464 0.05483492 0.00372401
v -0.01257037 0.05481121 0.00380884
v -0.01255894 0.05488074 0.00377114
v -0.01202910 0.05623650 0.00347498
v -0.01200911 0.05637476 0.00330582
v -0.01182131 0.05658254 0.00351119
v -0.01183844 0.05661257 0.00341148
v -0.01167564 0.05674056 0.00367440
v -0.01158281 0.05683774 0.00377660
v -0.01154639 0.05692543 0.00373294
v -0.01107510 0.05764203 0.00382670
v -0.01123720 0.05736076 0.00385547
v -0.01103726 0.05772340 0.00377263
v -0.01106011 0.05777239 0.00361686
v -0.01107582 0.05779372 0.00352558
v -0.01111295 0.05769733 0.00361686
v -0.01165921 0.05671212 0.00376717
v -0.01155424 0.05678875 0.00391698
v -0.01137644 0.05704315 0.00398048
v -0.01134931 0.05712769 0.00392492
v -0.01126576 0.05727622 0.00391004
v -0.01122649 0.05764361 0.00337477
v -0.01119078 0.05772024 0.00332169
v -0.01120721 0.05776528 0.00316741
v -0.01122292 0.05778819 0.00306175
v -0.01125148 0.05783085 0.00286729
v -0.01126719 0.05800467 0.00241685
v -0.01126076 0.05814530 0.00211673
v -0.01118721 0.05831911 0.00196790
v -0.01124791 0.05842577 0.00151648
v -0.01119721 0.05850083 0.00151648
v -0.01111438 0.05862961 0.00150159
v -0.01121863 0.05853243 0.00136666
v -0.01136573 0.05837837 0.00121635
v -0.01152568 0.05824327 0.00095789
v -0.01137787 0.05839654 0.00112458
v -0.01153425 0.05823300 0.00094897
v -0.01170206 0.05663706 0.00376717
v -0.01122292 0.05718695 0.00412434
v -0.01128004 0.05713322 0.00407126
v -0.01190128 0.05637634 0.00361686
v -0.01184559 0.05647510 0.00361686
v -0.01255180 0.05481121 0.00385299
v -0.01249967 0.05487600 0.00391698
v -0.01249610 0.05481121 0.00398147
v -0.01244969 0.05487600 0.00403108
v -0.01246397 0.05481121 0.00405440
v -0.01047314 0.05667103 0.00601687
v -0.01051028 0.05664259 0.00598959
v -0.01047529 0.05674293 0.00593303
v -0.01060596 0.05671528 0.00575197
v -0.01063667 0.05675952 0.00565176
v -0.01065666 0.05681640 0.00555403
v -0.01065595 0.05693728 0.00541761
v -0.01070664 0.05712611 0.00511699
v -0.01075663 0.05731494 0.00481736
v -0.01077948 0.05734891 0.00473948
v -0.01086088 0.05728333 0.00467499
v -0.01094229 0.05721697 0.00461050
v -0.01093800 0.05736076 0.00445324
v -0.01103940 0.05727780 0.00437139
v -0.01106582 0.05732837 0.00426275
v -0.01112366 0.05727780 0.00421463
v -0.00824453 0.06156234 0.00094897
v -0.00840948 0.06142329 0.00106654
v -0.00857086 0.06128108 0.00121635
v -0.00862870 0.06121392 0.00136666
v -0.00855373 0.06126844 0.00136666
v -0.00853944 0.06125817 0.00147034
v -0.00814956 0.06151573 0.00152987
v -0.00852516 0.06124789 0.00157005
v -0.00832522 0.06136324 0.00166679
v -0.00745763 0.06183729 0.00211673
v -0.00738265 0.06188627 0.00211673
v -0.00765114 0.06171561 0.00208944
v -0.00757045 0.06175828 0.00213062
v -0.00804031 0.06152363 0.00181660
v -0.00809744 0.06141381 0.00208349
v -0.00792463 0.06154812 0.00202545
v -0.00715486 0.06198661 0.00226704
v -0.00733124 0.06185230 0.00234244
v -0.00733838 0.06170692 0.00280726
v -0.00750476 0.06171799 0.00241685
v -0.00748548 0.06170534 0.00250168
v -0.00746191 0.06169033 0.00260189
v -0.00665573 0.06208695 0.00286729
v -0.00666001 0.06203796 0.00301314
v -0.00660646 0.06201742 0.00316741
v -0.00650578 0.06207352 0.00316741
v -0.00639509 0.06213356 0.00316741
v -0.00632012 0.06217306 0.00316741
v -0.00609804 0.06228604 0.00316741
v -0.00605663 0.06231607 0.00314013
v -0.00625656 0.06214067 0.00335791
v -0.00702490 0.06199846 0.00248035
v -0.00700205 0.06198503 0.00256716
v -0.00674142 0.06200873 0.00296105
v -0.00705561 0.06186731 0.00283802
v -0.00718628 0.06170534 0.00310243
v -0.00715843 0.06168954 0.00320214
v -0.00710274 0.06196923 0.00242479
v -0.00605663 0.06186968 0.00420669
v -0.00605663 0.06201505 0.00390409
v -0.00605663 0.06201900 0.00389516
v -0.00605663 0.06208774 0.00373889
v -0.00621658 0.06205376 0.00362678
v -0.00631512 0.06202058 0.00358362
v -0.00627370 0.06199846 0.00368333
v -0.00636153 0.06197634 0.00362678
v -0.00656576 0.06184440 0.00367341
v -0.00646579 0.06187126 0.00373393
v -0.00680568 0.06166742 0.00377114
v -0.00700562 0.06153785 0.00380884
v -0.00719057 0.06140828 0.00385597
v -0.00733481 0.06125421 0.00399784
v -0.00743764 0.06122340 0.00391698
v -0.00755403 0.06120997 0.00377163
v -0.00747620 0.06109857 0.00413476
v -0.00740979 0.06102984 0.00437238
v -0.00722199 0.06142803 0.00376717
v -0.00747620 0.06094846 0.00443538
v -0.00796819 0.06038040 0.00481736
v -0.00777610 0.06094767 0.00398445
v -0.00804317 0.06032272 0.00481736
v -0.00810386 0.06022002 0.00492799
v -0.00823525 0.06005489 0.00504853
v -0.00815385 0.06008887 0.00510608
v -0.00803888 0.06017103 0.00511749
v -0.00790392 0.06033221 0.00500438
v -0.00755831 0.06091528 0.00437784
v -0.00796390 0.06022634 0.00511749
v -0.00780395 0.06036855 0.00507234
v -0.00810243 0.06006753 0.00521670
v -0.00795819 0.06007306 0.00537346
v -0.00785394 0.06012521 0.00541513
v -0.00781395 0.06007701 0.00552824
v -0.00770755 0.06012837 0.00556892
v -0.00759973 0.06017893 0.00561009
v -0.00745192 0.06018051 0.00576239
v -0.00741193 0.06013153 0.00587400
v -0.00737194 0.06008175 0.00598562
v -0.00742264 0.06002092 0.00601687
v -0.01264249 0.05481121 0.00362033
v -0.01259893 0.05481121 0.00373492
v -0.01110224 0.05753458 0.00391698
v -0.01108439 0.05750534 0.00399735
v -0.01105225 0.05760963 0.00391698
v -0.01100441 0.05757329 0.00406233
v -0.01092372 0.05764044 0.00412682
v -0.01094943 0.05767521 0.00402711
v -0.01097156 0.05772577 0.00390855
v -0.01093657 0.05780873 0.00385299
v -0.01121578 0.05732600 0.00395518
v -0.01095585 0.05783322 0.00376717
v -0.01091944 0.05793593 0.00366002
v -0.01097799 0.05788221 0.00361289
v -0.01093800 0.05796042 0.00355981
v -0.01095443 0.05798254 0.00346754
v -0.01093586 0.05810737 0.00325423
v -0.01103654 0.05787114 0.00347250
v -0.01109224 0.05781663 0.00342587
v -0.01105582 0.05791618 0.00331723
v -0.01113223 0.05773683 0.00347250
v -0.01124648 0.05722645 0.00402414
v -0.01110938 0.05784112 0.00331723
v -0.01112652 0.05788458 0.00316593
v -0.01118364 0.05786719 0.00301413
v -0.01121649 0.05807972 0.00241685
v -0.01124362 0.05812002 0.00223281
v -0.01121006 0.05822036 0.00211673
v -0.01108653 0.05855929 0.00175806
v -0.01110010 0.05857905 0.00166679
v -0.01117936 0.05846528 0.00165885
v -0.01113794 0.05819033 0.00242925
v -0.01096514 0.05877972 0.00165240
v -0.01108153 0.05870230 0.00144157
v -0.01138929 0.05841155 0.00102437
v -0.01151783 0.05825670 0.00094897
v -0.01124148 0.05856561 0.00118361
v -0.01105368 0.05881370 0.00121635
v -0.01119364 0.05727622 0.00407126
v -0.01252395 0.05481121 0.00391748
v -0.01039388 0.05678401 0.00601687
v -0.01034033 0.05691437 0.00595685
v -0.01035604 0.05711584 0.00570335
v -0.01063238 0.05690331 0.00549500
v -0.01060382 0.05701234 0.00541761
v -0.01065452 0.05723514 0.00508028
v -0.01065023 0.05737814 0.00492303
v -0.01064523 0.05752114 0.00476527
v -0.01075449 0.05743582 0.00468044
v -0.01077448 0.05749191 0.00458073
v -0.01080876 0.05739157 0.00463927
v -0.01080376 0.05753379 0.00448053
v -0.01076948 0.05763412 0.00442050
v -0.01093158 0.05750139 0.00429202
v -0.01101227 0.05743503 0.00422753
v -0.01109224 0.05736787 0.00416254
v -0.00842019 0.06143119 0.00094897
v -0.00858514 0.06129214 0.00106654
v -0.00864584 0.06122577 0.00121635
v -0.00872939 0.06113886 0.00136666
v -0.00871225 0.06112543 0.00151648
v -0.00859657 0.06120839 0.00151896
v -0.00869583 0.06111279 0.00163107
v -0.00843305 0.06128819 0.00166679
v -0.00770613 0.06162871 0.00226704
v -0.00753832 0.06174011 0.00226704
v -0.00790678 0.06153548 0.00211673
v -0.00780038 0.06156550 0.00226704
v -0.00816242 0.06144067 0.00180767
v -0.00819455 0.06137668 0.00196691
v -0.00831380 0.06129451 0.00196195
v -0.00836878 0.06124315 0.00200858
v -0.00815099 0.06136403 0.00212714
v -0.00807816 0.06139959 0.00218370
v -0.00726055 0.06173774 0.00286134
v -0.00718200 0.06185309 0.00264406
v -0.00739551 0.06165399 0.00286134
v -0.00746834 0.06154417 0.00306572
v -0.00736766 0.06157577 0.00316741
v -0.00731339 0.06169112 0.00290698
v -0.00770898 0.06158604 0.00240544
v -0.00754403 0.06165004 0.00255774
v -0.00756188 0.06159157 0.00271202
v -0.00671286 0.06199214 0.00306076
v -0.00658289 0.06200399 0.00324629
v -0.00687138 0.06184677 0.00322546
v -0.00650363 0.06202769 0.00330483
v -0.00634654 0.06210986 0.00331177
v -0.00605663 0.06229473 0.00320264
v -0.00645222 0.06201426 0.00342240
v -0.00636153 0.06204349 0.00347052
v -0.00620587 0.06212250 0.00347300
v -0.00615660 0.06216516 0.00342637
v -0.00605663 0.06225286 0.00332169
v -0.00728411 0.06167453 0.00301710
v -0.00724412 0.06165320 0.00315849
v -0.00734266 0.06155997 0.00326514
v -0.00731553 0.06154259 0.00336535
v -0.00705846 0.06171799 0.00328846
v -0.00605663 0.06213277 0.00363323
v -0.00606305 0.06213119 0.00362926
v -0.00611804 0.06214620 0.00352608
v -0.00641509 0.06199372 0.00352211
v -0.00651149 0.06189733 0.00362083
v -0.00660503 0.06186573 0.00357320
v -0.00680568 0.06173616 0.00361140
v -0.00704347 0.06155918 0.00370863
v -0.00709845 0.06150388 0.00376221
v -0.00717986 0.06155207 0.00354096
v -0.00741407 0.06130320 0.00377163
v -0.00729696 0.06138063 0.00376717
v -0.00735980 0.06142092 0.00358461
v -0.00746905 0.06124394 0.00382422
v -0.00750190 0.06126607 0.00372451
v -0.00760259 0.06123209 0.00364762
v -0.00770470 0.06117679 0.00361487
v -0.00767185 0.06113096 0.00376717
v -0.00777468 0.06109778 0.00368234
v -0.00760901 0.06108593 0.00395866
v -0.00770898 0.06102984 0.00392145
v -0.00755831 0.06099823 0.00421265
v -0.00750976 0.06097374 0.00433518
v -0.00726126 0.06152758 0.00348193
v -0.00726769 0.06146042 0.00362728
v -0.00760973 0.06093582 0.00425977
v -0.00777539 0.06079756 0.00428309
v -0.00764257 0.06096110 0.00415957
v -0.00767328 0.06098401 0.00406730
v -0.00780752 0.06097295 0.00388424
v -0.00796819 0.06053130 0.00451724
v -0.00823525 0.06020500 0.00474841
v -0.00807173 0.06034485 0.00472807
v -0.00836521 0.06003830 0.00486498
v -0.00842305 0.05993717 0.00496718
v -0.00839449 0.05991268 0.00506242
v -0.00820240 0.06002803 0.00514874
v -0.00825953 0.06007543 0.00496718
v -0.00826167 0.05992769 0.00522960
v -0.00816099 0.05998063 0.00527325
v -0.00805816 0.06003356 0.00531691
v -0.00791392 0.06003751 0.00547317
v -0.00787179 0.05998932 0.00558479
v -0.00776754 0.06004067 0.00562795
v -0.00762044 0.06004304 0.00578124
v -0.00766757 0.06007859 0.00568152
v -0.00755974 0.06012995 0.00572171
v -0.00752047 0.06008017 0.00583332
v -0.00747191 0.06004462 0.00593353
v -0.00748191 0.05997430 0.00601687
v -0.01111009 0.05742160 0.00405539
v -0.01105868 0.05746821 0.00409756
v -0.01095871 0.05754090 0.00419181
v -0.01079733 0.05767363 0.00432029
v -0.01063381 0.05780557 0.00444679
v -0.01076020 0.05777318 0.00425134
v -0.01088802 0.05772577 0.00407275
v -0.01080733 0.05783638 0.00406730
v -0.01091158 0.05777555 0.00395270
v -0.01085517 0.05787510 0.00391450
v -0.01079805 0.05797306 0.00387581
v -0.01082232 0.05800388 0.00376717
v -0.01082232 0.05815478 0.00346754
v -0.01077948 0.05809947 0.00368780
v -0.01062096 0.05838864 0.00351516
v -0.01068308 0.05833412 0.00346605
v -0.01089730 0.05805760 0.00346754
v -0.01103155 0.05801810 0.00316593
v -0.01085803 0.05817848 0.00332021
v -0.01079519 0.05842024 0.00298039
v -0.01072949 0.05876787 0.00241487
v -0.01078876 0.05871178 0.00236377
v -0.01107296 0.05793909 0.00321504
v -0.01108867 0.05796200 0.00311483
v -0.01110367 0.05798334 0.00301710
v -0.01109510 0.05827171 0.00238709
v -0.01105511 0.05851347 0.00196691
v -0.01091658 0.05883108 0.00169258
v -0.01079590 0.05902227 0.00164000
v -0.01093158 0.05885162 0.00159287
v -0.01092087 0.05868729 0.00200809
v -0.01075877 0.05912024 0.00151648
v -0.01090658 0.05896697 0.00136666
v -0.01097871 0.05891482 0.00121635
v -0.01106796 0.05883345 0.00106654
v -0.01139572 0.05842103 0.00094897
v -0.01036318 0.05682747 0.00601687
v -0.01025821 0.05697521 0.00601687
v -0.01016895 0.05718458 0.00592411
v -0.01020108 0.05722961 0.00582390
v -0.01016538 0.05732995 0.00576784
v -0.01024893 0.05726595 0.00570583
v -0.01045815 0.05731889 0.00530500
v -0.01059454 0.05728175 0.00512542
v -0.01058597 0.05742792 0.00497114
v -0.01061025 0.05762148 0.00470674
v -0.01067094 0.05757329 0.00466110
v -0.01074520 0.05758119 0.00452517
v -0.01066094 0.05771866 0.00450483
v -0.00849517 0.06137509 0.00094897
v -0.00866012 0.06123604 0.00106654
v -0.00874510 0.06115072 0.00121635
v -0.00882007 0.06109225 0.00121635
v -0.00880436 0.06107961 0.00136666
v -0.00878723 0.06106460 0.00151648
v -0.00867726 0.06109936 0.00173128
v -0.00861871 0.06115546 0.00167522
v -0.00875009 0.06105512 0.00167522
v -0.00840520 0.06126844 0.00181660
v -0.00778325 0.06155365 0.00234740
v -0.00787536 0.06151415 0.00226704
v -0.00834736 0.06122735 0.00211673
v -0.00827238 0.06128108 0.00211673
v -0.00855658 0.06111990 0.00196691
v -0.00853802 0.06110726 0.00205769
v -0.00824882 0.06126449 0.00223082
v -0.00805959 0.06138695 0.00226704
v -0.00798461 0.06143909 0.00226704
v -0.00759045 0.06152521 0.00286729
v -0.00754760 0.06150704 0.00301611
v -0.00766685 0.06142724 0.00301710
v -0.00764400 0.06141065 0.00311731
v -0.00744335 0.06152758 0.00316741
v -0.00776111 0.06153864 0.00244761
v -0.00765900 0.06157103 0.00256716
v -0.00761544 0.06154180 0.00275865
v -0.00655219 0.06198582 0.00334600
v -0.00702847 0.06170060 0.00338817
v -0.00673999 0.06185783 0.00340603
v -0.00650363 0.06196607 0.00347052
v -0.00606305 0.06219361 0.00347300
v -0.00605663 0.06219914 0.00346655
v -0.00739836 0.06150546 0.00331624
v -0.00749048 0.06140828 0.00340801
v -0.00740836 0.06144146 0.00346208
v -0.00721556 0.06157261 0.00344125
v -0.00605663 0.06216121 0.00356328
v -0.00689280 0.06170929 0.00355783
v -0.00707703 0.06157893 0.00361686
v -0.00712059 0.06161054 0.00348193
v -0.00740836 0.06137036 0.00362728
v -0.00745977 0.06138853 0.00350772
v -0.00755403 0.06128345 0.00360545
v -0.00763472 0.06125421 0.00354741
v -0.00780610 0.06112069 0.00358263
v -0.00785608 0.06106065 0.00362628
v -0.00790749 0.06093345 0.00380388
v -0.00800603 0.06057634 0.00436643
v -0.00836236 0.06033616 0.00425928
v -0.00842091 0.06023503 0.00436693
v -0.00836378 0.06018762 0.00456287
v -0.00839449 0.06006279 0.00476478
v -0.00793820 0.06095794 0.00370367
v -0.00810029 0.06066798 0.00402463
v -0.00820954 0.06048390 0.00421711
v -0.00849803 0.06002329 0.00466705
v -0.00868226 0.05990241 0.00459314
v -0.00860442 0.05985342 0.00482480
v -0.00868226 0.05975230 0.00489376
v -0.00855158 0.05976968 0.00507433
v -0.00851945 0.05974124 0.00517404
v -0.00836164 0.05988424 0.00516263
v -0.00841948 0.05978469 0.00524151
v -0.00838021 0.05975072 0.00534122
v -0.00822025 0.05989293 0.00532981
v -0.00812029 0.05993322 0.00538686
v -0.00807601 0.05989767 0.00548657
v -0.00801746 0.05998537 0.00543001
v -0.00797604 0.05993796 0.00554114
v -0.00792963 0.05990083 0.00564134
v -0.00773540 0.05986449 0.00589434
v -0.00763543 0.05990478 0.00594692
v -0.00755617 0.05991505 0.00601687
v -0.01060382 0.05776370 0.00454700
v -0.01050385 0.05783322 0.00462984
v -0.01044244 0.05788063 0.00467499
v -0.01033747 0.05796042 0.00475287
v -0.01017109 0.05808762 0.00487540
v -0.01020108 0.05812713 0.00477520
v -0.01032819 0.05809789 0.00458669
v -0.01059668 0.05790749 0.00436693
v -0.01065523 0.05783243 0.00436693
v -0.01078591 0.05780794 0.00415113
v -0.01075020 0.05791144 0.00406730
v -0.01077305 0.05794146 0.00397602
v -0.01073449 0.05802442 0.00392244
v -0.01065380 0.05813029 0.00391698
v -0.01061881 0.05823695 0.00381330
v -0.01076306 0.05807893 0.00376717
v -0.01068237 0.05818243 0.00376469
v -0.01064024 0.05826302 0.00371310
v -0.01065880 0.05843762 0.00331723
v -0.01062024 0.05853796 0.00321256
v -0.01074235 0.05832464 0.00332914
v -0.01060025 0.05836257 0.00361686
v -0.01036104 0.05873943 0.00346754
v -0.01056097 0.05848266 0.00347845
v -0.01048100 0.05870151 0.00324133
v -0.01060025 0.05851268 0.00331723
v -0.01094514 0.05827092 0.00286729
v -0.01080447 0.05873390 0.00226704
v -0.01068022 0.05848345 0.00316444
v -0.01077734 0.05839654 0.00308060
v -0.01067594 0.05863198 0.00286084
v -0.01075806 0.05852137 0.00286729
v -0.01067094 0.05877972 0.00255625
v -0.01063095 0.05900094 0.00219114
v -0.01067451 0.05890850 0.00226704
v -0.01062810 0.05914710 0.00188159
v -0.01106796 0.05823221 0.00256716
v -0.01079876 0.05887532 0.00196691
v -0.01108010 0.05824959 0.00248730
v -0.01089730 0.05880421 0.00181660
v -0.01078091 0.05900015 0.00173971
v -0.01074663 0.05907363 0.00168068
v -0.01076877 0.05898356 0.00181660
v -0.01077234 0.05913841 0.00139742
v -0.01066309 0.05918977 0.00166679
v -0.01068379 0.05921347 0.00151648
v -0.01082232 0.05908390 0.00135525
v -0.01092301 0.05898909 0.00121635
v -0.01093015 0.05900015 0.00113499
v -0.01108724 0.05883345 0.00094897
v -0.01014324 0.05713559 0.00601687
v -0.01004042 0.05727859 0.00601687
v -0.00992759 0.05757487 0.00586408
v -0.01002971 0.05749981 0.00579066
v -0.01019680 0.05737340 0.00566763
v -0.00988975 0.05781347 0.00565622
v -0.01047957 0.05764914 0.00488929
v -0.01051028 0.05769101 0.00478909
v -0.01047386 0.05779135 0.00473005
v -0.00859371 0.06130004 0.00094897
v -0.00877009 0.06115151 0.00107100
v -0.00882864 0.06110015 0.00112408
v -0.00891862 0.06100692 0.00121635
v -0.00897645 0.06094767 0.00126645
v -0.00889005 0.06100455 0.00136666
v -0.00887220 0.06098954 0.00151648
v -0.00885149 0.06097058 0.00166679
v -0.00876438 0.06100297 0.00181164
v -0.00866084 0.06108672 0.00181660
v -0.00883721 0.06095715 0.00175806
v -0.00846232 0.06114598 0.00211127
v -0.00841805 0.06112938 0.00226704
v -0.00830166 0.06121234 0.00227547
v -0.00863156 0.06106302 0.00196691
v -0.00860871 0.06102905 0.00212218
v -0.00851659 0.06109067 0.00215790
v -0.00815528 0.06117679 0.00271450
v -0.00795605 0.06127002 0.00286729
v -0.00776611 0.06139169 0.00290896
v -0.00799247 0.06134349 0.00255476
v -0.00795105 0.06141618 0.00241685
v -0.00784251 0.06149519 0.00240544
v -0.00773397 0.06152047 0.00256716
v -0.00785894 0.06143751 0.00255476
v -0.00774183 0.06137430 0.00301710
v -0.00791392 0.06123999 0.00305431
v -0.00769898 0.06135455 0.00316741
v -0.00761758 0.06139327 0.00321752
v -0.00756331 0.06144778 0.00316741
v -0.00700063 0.06168480 0.00346754
v -0.00679640 0.06180410 0.00346060
v -0.00751547 0.06142566 0.00331723
v -0.00776397 0.06123999 0.00335890
v -0.00765828 0.06127081 0.00346754
v -0.00773326 0.06121945 0.00346754
v -0.00785608 0.06113728 0.00345514
v -0.00793320 0.06110410 0.00339660
v -0.00790606 0.06108198 0.00349631
v -0.00830880 0.06046652 0.00408218
v -0.00865227 0.06047758 0.00346754
v -0.00865512 0.06032984 0.00376717
v -0.00883792 0.06020738 0.00370318
v -0.00852231 0.06019394 0.00427614
v -0.00860300 0.06015207 0.00422257
v -0.00806744 0.06094056 0.00351715
v -0.00841234 0.06067747 0.00346754
v -0.00848732 0.06061505 0.00346754
v -0.00875866 0.06009993 0.00406035
v -0.00886506 0.06008017 0.00391698
v -0.00912641 0.06004699 0.00353253
v -0.00884007 0.05975941 0.00460752
v -0.00881150 0.05973333 0.00470723
v -0.00877937 0.05970331 0.00481736
v -0.00874438 0.05966539 0.00494684
v -0.00870654 0.05962510 0.00508524
v -0.00865155 0.05972543 0.00499396
v -0.00861442 0.05968356 0.00512989
v -0.00867655 0.05959744 0.00518545
v -0.00834736 0.05972148 0.00541761
v -0.00823668 0.05975625 0.00549847
v -0.00827238 0.05978548 0.00541761
v -0.00856944 0.05963458 0.00526730
v -0.00853587 0.05960613 0.00534816
v -0.00816456 0.05986686 0.00542902
v -0.00801817 0.05987318 0.00558181
v -0.00799818 0.05979180 0.00570831
v -0.00783966 0.05981313 0.00585019
v -0.00770613 0.05979338 0.00601687
v -0.00768685 0.05980918 0.00601687
v -0.00765971 0.05983130 0.00601687
v -0.01036818 0.05787193 0.00480843
v -0.01001043 0.05807261 0.00515767
v -0.00974337 0.05826776 0.00536255
v -0.00987333 0.05824169 0.00517950
v -0.01000329 0.05821482 0.00499644
v -0.01014824 0.05803311 0.00497809
v -0.01003328 0.05825433 0.00489624
v -0.01022536 0.05817690 0.00465911
v -0.01035461 0.05813108 0.00448698
v -0.01045529 0.05806866 0.00439272
v -0.01051385 0.05802205 0.00435254
v -0.01058168 0.05802442 0.00422058
v -0.01064738 0.05797227 0.00417296
v -0.01066808 0.05802442 0.00405489
v -0.01063381 0.05810501 0.00399685
v -0.01059311 0.05820534 0.00391698
v -0.01047743 0.05839733 0.00383364
v -0.01031962 0.05868808 0.00366448
v -0.01034104 0.05871415 0.00356477
v -0.01063881 0.05856166 0.00311235
v -0.01044458 0.05877656 0.00318180
v -0.01049956 0.05872600 0.00314112
v -0.01052313 0.05875523 0.00301710
v -0.01030105 0.05881449 0.00346754
v -0.01019680 0.05902069 0.00331723
v -0.01032105 0.05883977 0.00336733
v -0.01050099 0.05857668 0.00344125
v -0.01046600 0.05868254 0.00331723
v -0.01021751 0.05907679 0.00315253
v -0.01063667 0.05870862 0.00280627
v -0.01059454 0.05907521 0.00213111
v -0.01049171 0.05916449 0.00222041
v -0.01033319 0.05930354 0.00234691
v -0.01015681 0.05942205 0.00256716
v -0.01017395 0.05944259 0.00247092
v -0.01046815 0.05928616 0.00200461
v -0.01058454 0.05922137 0.00182553
v -0.01064452 0.05916765 0.00178138
v -0.01078234 0.05915263 0.00129771
v -0.01070664 0.05922611 0.00136616
v -0.01059811 0.05926482 0.00166679
v -0.01061881 0.05928853 0.00151648
v -0.01062952 0.05929959 0.00143462
v -0.01064166 0.05931223 0.00133442
v -0.01079019 0.05916291 0.00121635
v -0.01093800 0.05901042 0.00103528
v -0.01088802 0.05906652 0.00107745
v -0.01102084 0.05891957 0.00094897
v -0.00994259 0.05741054 0.00601687
v -0.00989689 0.05752352 0.00596528
v -0.00972123 0.05793909 0.00577826
v -0.00989403 0.05766889 0.00581199
v -0.00975336 0.05798334 0.00567855
v -0.00971766 0.05808367 0.00562150
v -0.00985405 0.05791381 0.00559818
v -0.01010397 0.05772340 0.00541364
v -0.01009897 0.05786641 0.00525540
v -0.01015181 0.05791065 0.00511749
v -0.00875938 0.06117284 0.00094897
v -0.00883578 0.06110568 0.00102387
v -0.00889291 0.06106776 0.00094897
v -0.00891290 0.06105117 0.00094897
v -0.00900645 0.06097295 0.00094897
v -0.00906500 0.06092239 0.00094897
v -0.00908142 0.06090816 0.00094897
v -0.00899573 0.06096426 0.00106654
v -0.00898645 0.06095636 0.00116625
v -0.00905857 0.06087972 0.00122726
v -0.00919782 0.06075094 0.00122925
v -0.00913069 0.06080072 0.00128778
v -0.00904572 0.06086234 0.00136666
v -0.00896503 0.06093661 0.00136666
v -0.00916640 0.06083311 0.00094897
v -0.00922495 0.06078017 0.00094897
v -0.00915426 0.06082284 0.00106654
v -0.00894718 0.06092002 0.00151648
v -0.00892647 0.06090105 0.00166679
v -0.00899216 0.06081178 0.00177443
v -0.00882007 0.06094135 0.00185827
v -0.00879937 0.06092476 0.00196691
v -0.00872439 0.06098796 0.00196691
v -0.00911855 0.06064033 0.00196691
v -0.00909285 0.06061742 0.00211673
v -0.00901787 0.06068458 0.00211673
v -0.00888505 0.06084970 0.00196691
v -0.00837307 0.06109541 0.00247341
v -0.00831665 0.06115467 0.00242082
v -0.00825096 0.06111674 0.00268622
v -0.00870011 0.06096742 0.00208647
v -0.00858657 0.06099665 0.00226704
v -0.00867869 0.06095004 0.00218667
v -0.00849303 0.06107171 0.00226704
v -0.00835236 0.06107961 0.00256716
v -0.00786108 0.06129214 0.00300966
v -0.00822882 0.06110015 0.00278643
v -0.00788678 0.06122024 0.00316741
v -0.00781181 0.06127397 0.00316741
v -0.00810029 0.06111595 0.00301710
v -0.00808244 0.06110252 0.00309449
v -0.00800746 0.06113728 0.00315352
v -0.00778896 0.06125817 0.00325869
v -0.00784608 0.06119812 0.00331227
v -0.00795319 0.06111832 0.00331723
v -0.00805816 0.06108435 0.00319470
v -0.00822240 0.06094451 0.00322347
v -0.00819741 0.06092476 0.00331723
v -0.00809529 0.06096347 0.00341744
v -0.00883578 0.06035591 0.00340057
v -0.00899573 0.06021370 0.00341694
v -0.00851659 0.06063954 0.00336535
v -0.00867655 0.06049733 0.00338321
v -0.00906071 0.06013074 0.00347498
v -0.00825596 0.06082284 0.00343530
v -0.00915426 0.06007148 0.00343281
v -0.00920567 0.06000512 0.00347697
v -0.00915497 0.05992216 0.00373244
v -0.00920567 0.05979180 0.00390359
v -0.00896860 0.05974045 0.00442001
v -0.00894075 0.05971437 0.00451724
v -0.00885935 0.05962826 0.00481736
v -0.00883578 0.05960534 0.00489971
v -0.00868940 0.05945918 0.00535163
v -0.00864441 0.05956663 0.00526730
v -0.00880651 0.05957611 0.00499942
v -0.00885506 0.05947577 0.00508227
v -0.00882579 0.05944496 0.00518247
v -0.00884007 0.05931065 0.00535412
v -0.00839306 0.05961245 0.00550542
v -0.00829238 0.05966460 0.00555205
v -0.00824810 0.05961640 0.00566119
v -0.00819026 0.05971674 0.00559868
v -0.00809029 0.05975862 0.00565226
v -0.00849303 0.05956584 0.00544837
v -0.00794320 0.05976178 0.00580554
v -0.00779610 0.05976415 0.00595883
v -0.00784465 0.05967724 0.00601687
v -0.00985547 0.05806629 0.00541761
v -0.00974836 0.05812634 0.00552129
v -0.00990974 0.05799124 0.00541761
v -0.00990332 0.05828040 0.00507979
v -0.00966553 0.05818875 0.00558132
v -0.00961269 0.05829146 0.00554114
v -0.00957413 0.05839180 0.00548012
v -0.00965054 0.05846844 0.00525688
v -0.00959555 0.05856878 0.00521571
v -0.00969909 0.05851031 0.00511749
v -0.00972337 0.05854270 0.00502819
v -0.00989261 0.05841550 0.00491261
v -0.01005541 0.05828040 0.00481736
v -0.01016110 0.05822667 0.00470376
v -0.01048171 0.05810185 0.00429301
v -0.01060810 0.05807261 0.00409706
v -0.01050171 0.05812634 0.00421711
v -0.01055026 0.05816979 0.00405539
v -0.01049314 0.05826539 0.00401422
v -0.01051813 0.05829620 0.00391698
v -0.01037317 0.05847634 0.00390657
v -0.01015610 0.05882239 0.00376717
v -0.01021893 0.05874733 0.00376717
v -0.00973622 0.05945760 0.00355138
v -0.00975693 0.05948367 0.00346754
v -0.01001971 0.05913762 0.00351566
v -0.01004113 0.05916370 0.00341595
v -0.01027677 0.05906810 0.00301611
v -0.01029891 0.05910997 0.00286729
v -0.01049457 0.05901832 0.00252847
v -0.01018109 0.05900173 0.00339313
v -0.01013682 0.05909575 0.00331723
v -0.01016181 0.05912656 0.00319271
v -0.01010111 0.05922058 0.00315452
v -0.01018109 0.05915105 0.00309251
v -0.01031890 0.05913525 0.00275766
v -0.01022393 0.05920399 0.00286729
v -0.01019680 0.05932092 0.00268473
v -0.01021822 0.05934699 0.00256716
v -0.01003756 0.05945918 0.00280875
v -0.01005470 0.05947893 0.00271698
v -0.01008183 0.05950975 0.00256716
v -0.01019109 0.05946313 0.00237121
v -0.01048528 0.05930591 0.00190441
v -0.01050028 0.05932171 0.00181660
v -0.01072878 0.05923796 0.00121635
v -0.01052313 0.05934541 0.00166679
v -0.01053170 0.05938333 0.00150259
v -0.01048171 0.05945207 0.00144306
v -0.01057883 0.05936832 0.00137757
v -0.01050956 0.05948130 0.00121635
v -0.01058454 0.05940072 0.00121635
v -0.01065380 0.05932566 0.00121635
v -0.01080304 0.05917792 0.00106654
v -0.01094443 0.05901832 0.00094897
v -0.00981334 0.05758435 0.00601687
v -0.00969195 0.05788379 0.00587549
v -0.00958413 0.05810501 0.00579562
v -0.00961126 0.05814056 0.00571774
v -0.00968910 0.05803074 0.00572419
v -0.00958056 0.05825038 0.00564134
v -0.00878080 0.06115625 0.00094897
v -0.00884078 0.06110963 0.00094897
v -0.00931064 0.06067826 0.00106654
v -0.00938562 0.06060794 0.00106654
v -0.00929350 0.06066324 0.00121635
v -0.00928422 0.06065376 0.00130118
v -0.00912070 0.06079203 0.00136666
v -0.00939776 0.06061979 0.00094897
v -0.00921567 0.06070512 0.00135724
v -0.00910213 0.06077464 0.00151648
v -0.00908214 0.06075568 0.00166679
v -0.00900716 0.06082600 0.00166679
v -0.00914569 0.06066483 0.00179031
v -0.00913069 0.06065139 0.00189002
v -0.00885720 0.06082442 0.00211673
v -0.00875295 0.06090895 0.00212863
v -0.00899716 0.06066562 0.00223082
v -0.00921424 0.06055342 0.00195649
v -0.00925066 0.06047205 0.00211673
v -0.00917497 0.06054236 0.00211673
v -0.00914997 0.06051866 0.00226704
v -0.00846018 0.06099586 0.00255724
v -0.00866155 0.06093582 0.00226704
v -0.00841234 0.06097769 0.00271698
v -0.00830309 0.06106144 0.00272888
v -0.00821026 0.06108593 0.00286729
v -0.00824596 0.06096426 0.00312376
v -0.00815242 0.06102431 0.00315898
v -0.00838306 0.06080388 0.00324579
v -0.00835593 0.06078096 0.00334600
v -0.00875509 0.06045783 0.00332715
v -0.00893361 0.06031166 0.00331723
v -0.00902215 0.06023661 0.00331723
v -0.00854373 0.06066245 0.00326514
v -0.00861014 0.06058029 0.00332417
v -0.00918496 0.06009756 0.00331723
v -0.00925994 0.06003277 0.00331723
v -0.00930493 0.05992216 0.00346754
v -0.00909713 0.06017261 0.00331723
v -0.00925494 0.05987792 0.00364464
v -0.00928279 0.05975309 0.00384456
v -0.00925494 0.05972701 0.00394476
v -0.00915426 0.05977205 0.00403257
v -0.00902001 0.05963932 0.00451724
v -0.00899288 0.05961324 0.00461199
v -0.00893432 0.05955241 0.00481736
v -0.00875438 0.05922453 0.00556544
v -0.00854659 0.05946550 0.00550988
v -0.00896217 0.05898356 0.00561952
v -0.00895503 0.05942363 0.00499595
v -0.00906143 0.05923164 0.00512642
v -0.00901573 0.05918740 0.00526730
v -0.00894432 0.05926245 0.00526730
v -0.00886934 0.05934067 0.00526730
v -0.00912070 0.05913999 0.00517404
v -0.00898788 0.05915738 0.00535163
v -0.00914926 0.05886979 0.00551881
v -0.00911427 0.05883503 0.00561902
v -0.00850231 0.05942442 0.00560959
v -0.00840234 0.05947103 0.00566515
v -0.00834807 0.05957058 0.00560563
v -0.00810172 0.05961956 0.00581447
v -0.00820169 0.05957453 0.00576090
v -0.00789607 0.05972227 0.00590575
v -0.00795462 0.05962194 0.00596776
v -0.00785537 0.05966776 0.00601687
v -0.00955271 0.05833570 0.00558181
v -0.00944203 0.05841550 0.00565821
v -0.00930350 0.05857905 0.00567508
v -0.00940347 0.05851505 0.00559670
v -0.00943417 0.05855534 0.00549649
v -0.00953843 0.05847950 0.00542505
v -0.00956485 0.05853085 0.00531542
v -0.00945845 0.05858537 0.00541761
v -0.00939776 0.05866042 0.00541761
v -0.00942418 0.05869282 0.00533030
v -0.00955342 0.05866911 0.00514229
v -0.00961555 0.05862171 0.00510260
v -0.00958199 0.05870230 0.00504258
v -0.00968338 0.05862566 0.00497412
v -0.00975051 0.05857509 0.00492848
v -0.00991831 0.05844631 0.00481736
v -0.01018752 0.05825907 0.00460405
v -0.01043958 0.05820139 0.00421711
v -0.01036461 0.05829146 0.00421711
v -0.01030177 0.05836652 0.00421711
v -0.01014039 0.05865331 0.00406730
v -0.00965696 0.05922690 0.00406730
v -0.00968553 0.05937622 0.00377560
v -0.00969409 0.05955873 0.00346754
v -0.01006541 0.05874259 0.00406730
v -0.00973551 0.05870704 0.00475039
v -0.00971980 0.05883819 0.00457081
v -0.00969409 0.05880817 0.00466705
v -0.00971909 0.05958796 0.00336485
v -0.00986547 0.05943232 0.00331723
v -0.00992617 0.05935726 0.00331723
v -0.01019537 0.05916923 0.00301710
v -0.01002114 0.05928932 0.00321702
v -0.01004113 0.05931302 0.00311681
v -0.01016324 0.05927905 0.00286729
v -0.01008041 0.05938254 0.00286233
v -0.00999829 0.05941178 0.00301710
v -0.00992331 0.05950264 0.00301710
v -0.00986119 0.05957769 0.00301710
v -0.00987690 0.05959665 0.00293079
v -0.01001614 0.05958480 0.00256716
v -0.01002971 0.05959981 0.00248779
v -0.01020894 0.05948209 0.00226704
v -0.01030891 0.05942600 0.00211673
v -0.01032462 0.05944417 0.00202049
v -0.01033961 0.05946076 0.00192028
v -0.01074092 0.05925297 0.00106654
v -0.01045101 0.05942047 0.00166679
v -0.01017752 0.05959744 0.00202892
v -0.01019180 0.05961245 0.00192921
v -0.01020822 0.05962905 0.00181660
v -0.01046815 0.05943785 0.00154326
v -0.01032033 0.05958954 0.00154922
v -0.01033319 0.05960376 0.00144901
v -0.01049171 0.05946234 0.00136666
v -0.01052313 0.05949631 0.00106654
v -0.01059882 0.05941573 0.00106654
v -0.01043673 0.05955636 0.00121635
v -0.01045172 0.05957137 0.00106654
v -0.01066594 0.05934067 0.00106654
v -0.01081090 0.05918740 0.00094897
v -0.01086945 0.05911392 0.00094897
v -0.00980263 0.05759857 0.00601687
v -0.00960912 0.05801415 0.00585466
v -0.00955414 0.05821561 0.00571774
v -0.00930778 0.05843604 0.00582688
v -0.00940775 0.05837047 0.00575842
v -0.00946416 0.06053288 0.00106654
v -0.00936919 0.06059135 0.00121635
v -0.00925708 0.06062848 0.00151648
v -0.00918211 0.06069959 0.00151648
v -0.00943631 0.06050602 0.00130961
v -0.00941061 0.06048153 0.00151648
v -0.00947630 0.06054473 0.00094897
v -0.00923709 0.06061031 0.00166679
v -0.00929564 0.06051550 0.00181660
v -0.00919996 0.06060241 0.00183099
v -0.00928422 0.06050365 0.00189945
v -0.00897717 0.06064823 0.00233103
v -0.00876295 0.06085286 0.00226257
v -0.00895932 0.06063322 0.00241685
v -0.00913498 0.06050444 0.00235087
v -0.00906143 0.06054868 0.00240743
v -0.00926851 0.06048943 0.00199965
v -0.00942132 0.06034169 0.00200561
v -0.00932920 0.06039699 0.00211673
v -0.00957913 0.06004936 0.00248333
v -0.00944203 0.06021212 0.00237518
v -0.00942632 0.06019631 0.00247539
v -0.00930564 0.06037408 0.00226704
v -0.00928922 0.06035907 0.00236476
v -0.00927208 0.06034327 0.00246497
v -0.00851302 0.06093740 0.00260090
v -0.00883435 0.06065455 0.00264852
v -0.00869583 0.06081415 0.00252500
v -0.00860442 0.06087577 0.00256319
v -0.00857872 0.06084101 0.00271698
v -0.00834522 0.06092239 0.00301710
v -0.00831380 0.06100376 0.00286481
v -0.00869011 0.06065850 0.00296055
v -0.00840163 0.06081889 0.00316741
v -0.00856729 0.06068142 0.00316741
v -0.00864227 0.06061900 0.00316741
v -0.00870368 0.06052024 0.00328350
v -0.00896289 0.06033616 0.00320264
v -0.00912212 0.06019315 0.00322198
v -0.00880722 0.06048153 0.00316741
v -0.00927993 0.06005015 0.00323835
v -0.00941132 0.05988345 0.00335047
v -0.00946416 0.05978074 0.00346754
v -0.00941132 0.05973333 0.00365555
v -0.00914997 0.05962035 0.00432476
v -0.00950201 0.05967329 0.00360892
v -0.00943631 0.05960613 0.00384952
v -0.00905286 0.05952239 0.00466011
v -0.00880936 0.05913051 0.00561704
v -0.00865584 0.05927747 0.00561356
v -0.00912427 0.05869519 0.00578421
v -0.00929779 0.05946866 0.00432079
v -0.00902501 0.05937464 0.00495477
v -0.00914926 0.05917081 0.00507383
v -0.00909071 0.05910839 0.00526730
v -0.00927779 0.05914710 0.00488532
v -0.00920781 0.05907758 0.00511947
v -0.00926637 0.05898356 0.00516511
v -0.00928065 0.05885083 0.00534171
v -0.00915997 0.05903333 0.00526730
v -0.00925637 0.05882476 0.00541761
v -0.00920567 0.05877577 0.00556544
v -0.00913498 0.05900489 0.00534767
v -0.00916211 0.05873548 0.00568450
v -0.00897074 0.05884214 0.00578074
v -0.00850945 0.05928142 0.00576933
v -0.00835593 0.05942758 0.00576536
v -0.00825596 0.05947419 0.00581894
v -0.00805459 0.05957690 0.00591468
v -0.00810886 0.05947735 0.00597223
v -0.00800960 0.05953029 0.00601687
v -0.00935563 0.05847555 0.00571675
v -0.00934848 0.05861697 0.00555453
v -0.00926922 0.05853559 0.00577479
v -0.00921567 0.05863672 0.00572964
v -0.00926208 0.05867859 0.00561257
v -0.00929350 0.05871652 0.00551236
v -0.00932278 0.05874970 0.00541761
v -0.00936705 0.05878920 0.00528566
v -0.00945345 0.05872679 0.00523010
v -0.00949630 0.05876471 0.00509864
v -0.00970838 0.05867543 0.00485060
v -0.00953771 0.05880105 0.00496718
v -0.00956628 0.05883345 0.00486350
v -0.00965125 0.05877024 0.00480694
v -0.00985547 0.05852137 0.00481736
v -0.01001900 0.05838785 0.00471963
v -0.01021037 0.05828672 0.00451724
v -0.00992831 0.05862803 0.00451029
v -0.00957199 0.05929011 0.00412385
v -0.00956413 0.05958322 0.00366200
v -0.00959270 0.05961245 0.00356179
v -0.00961912 0.05963774 0.00346754
v -0.00958270 0.05945207 0.00384357
v -0.00965553 0.05967487 0.00331326
v -0.00973979 0.05961087 0.00326465
v -0.00978407 0.05953345 0.00331574
v -0.00988047 0.05945128 0.00324133
v -0.01013468 0.05924428 0.00301710
v -0.01005970 0.05933672 0.00301710
v -0.00989975 0.05947419 0.00314112
v -0.00984262 0.05952476 0.00318180
v -0.00975765 0.05963142 0.00316741
v -0.00978621 0.05966065 0.00301710
v -0.00989475 0.05961640 0.00283058
v -0.00991474 0.05963774 0.00271698
v -0.01014110 0.05955715 0.00226704
v -0.00984405 0.05971279 0.00271698
v -0.01004684 0.05961719 0.00238758
v -0.01016395 0.05958322 0.00211673
v -0.01074877 0.05926245 0.00094897
v -0.01030391 0.05957295 0.00166679
v -0.01006612 0.05963616 0.00226704
v -0.01008897 0.05965907 0.00211673
v -0.01002685 0.05974756 0.00202694
v -0.01013253 0.05970410 0.00181660
v -0.01015395 0.05972464 0.00166679
v -0.01022893 0.05964959 0.00166679
v -0.01041887 0.05953740 0.00136666
v -0.01016966 0.05974045 0.00154624
v -0.01034390 0.05961403 0.00136666
v -0.01046172 0.05958164 0.00094897
v -0.01047743 0.05956505 0.00094897
v -0.01053241 0.05950658 0.00094897
v -0.01059097 0.05944259 0.00094897
v -0.01062167 0.05940862 0.00094897
v -0.01036175 0.05963142 0.00121635
v -0.01037674 0.05964722 0.00106654
v -0.01032962 0.05971753 0.00094897
v -0.01067380 0.05934936 0.00094897
v -0.00969552 0.05773999 0.00601687
v -0.00959198 0.05787589 0.00601687
v -0.00926922 0.05838627 0.00592659
v -0.00947702 0.05802600 0.00601687
v -0.00935920 0.05817927 0.00601687
v -0.00962983 0.06039778 0.00094897
v -0.00968838 0.06034169 0.00094897
v -0.00953914 0.06046099 0.00106654
v -0.00967553 0.06029744 0.00121635
v -0.00931564 0.06053525 0.00166679
v -0.00958841 0.06035828 0.00131755
v -0.00948844 0.06040647 0.00151648
v -0.00954414 0.06031561 0.00166679
v -0.00939133 0.06046257 0.00166679
v -0.00944845 0.06036776 0.00181660
v -0.00943560 0.06035591 0.00190540
v -0.00909142 0.06046731 0.00256716
v -0.00892718 0.06060636 0.00256716
v -0.00901644 0.06053130 0.00256716
v -0.00925209 0.06032589 0.00256716
v -0.00917711 0.06039225 0.00256716
v -0.00963483 0.06010309 0.00211673
v -0.00959484 0.06006358 0.00238312
v -0.00990546 0.05992532 0.00181660
v -0.00956556 0.06003593 0.00256716
v -0.00949058 0.06010704 0.00256716
v -0.00968695 0.06000828 0.00226704
v -0.00983905 0.05986054 0.00226704
v -0.00966268 0.05998221 0.00243570
v -0.00979978 0.05985027 0.00242975
v -0.00971766 0.05988898 0.00256716
v -0.00964340 0.05996087 0.00256716
v -0.00935777 0.06027769 0.00242033
v -0.00940989 0.06018209 0.00256716
v -0.00933492 0.06025083 0.00256716
v -0.00899431 0.06051234 0.00267134
v -0.00897217 0.06049417 0.00277105
v -0.00860371 0.06076042 0.00287919
v -0.00876009 0.06069485 0.00270606
v -0.00867369 0.06079598 0.00262520
v -0.00895075 0.06047600 0.00286729
v -0.00875795 0.06057871 0.00302157
v -0.00898645 0.06035591 0.00310292
v -0.00914569 0.06021370 0.00312178
v -0.00921281 0.06013232 0.00318031
v -0.00882650 0.06049812 0.00308209
v -0.00890219 0.06045625 0.00302603
v -0.00930278 0.06007069 0.00313815
v -0.00943560 0.05990478 0.00325076
v -0.00956699 0.05973886 0.00336188
v -0.00953914 0.05971279 0.00346754
v -0.00942632 0.05944575 0.00413278
v -0.00897717 0.05869756 0.00593800
v -0.00902430 0.05874180 0.00583779
v -0.00916925 0.05859485 0.00583729
v -0.00912641 0.05854665 0.00593700
v -0.00902644 0.05859722 0.00599058
v -0.00919996 0.05936990 0.00465614
v -0.00928779 0.05930828 0.00460355
v -0.00940561 0.05912182 0.00469483
v -0.00942203 0.05899067 0.00487540
v -0.00929422 0.05901595 0.00506490
v -0.00955485 0.05942126 0.00394377
v -0.00943846 0.05885873 0.00505449
v -0.00940989 0.05882713 0.00515469
v -0.00882364 0.05884451 0.00593403
v -0.00830452 0.05925613 0.00601687
v -0.00830951 0.05937938 0.00587103
v -0.00921924 0.05849135 0.00588194
v -0.00946274 0.05888638 0.00496718
v -0.00968624 0.05970647 0.00316741
v -0.00959055 0.05976020 0.00326216
v -0.00972980 0.05975072 0.00293922
v -0.00974765 0.05976810 0.00283901
v -0.00976907 0.05978943 0.00271698
v -0.00986476 0.05973491 0.00259246
v -0.00988118 0.05975151 0.00249226
v -0.01001328 0.05973412 0.00211673
v -0.01005756 0.05977758 0.00181660
v -0.00991546 0.05978548 0.00226704
v -0.00969695 0.06016787 0.00166679
v -0.01019251 0.05976257 0.00136666
v -0.01026749 0.05968909 0.00136666
v -0.00979335 0.06011178 0.00151648
v -0.01028534 0.05970647 0.00121635
v -0.01022679 0.05979654 0.00106654
v -0.01030177 0.05972227 0.00106654
v -0.01023821 0.05980839 0.00094897
v -0.00930778 0.05828593 0.00597669
v -0.00922638 0.05834756 0.00601687
v -0.00935491 0.05818480 0.00601687
v -0.00969195 0.06031403 0.00106654
v -0.01008755 0.05995613 0.00094897
v -0.00999757 0.06001934 0.00106654
v -0.00990546 0.06007543 0.00121635
v -0.01004327 0.05991347 0.00133938
v -0.00967624 0.06014733 0.00181660
v -0.00914712 0.06036539 0.00271698
v -0.00913141 0.06035196 0.00279238
v -0.00904929 0.06044835 0.00271946
v -0.00930707 0.06022397 0.00271698
v -0.00928850 0.06020817 0.00280974
v -0.00969267 0.05986449 0.00271698
v -0.00961769 0.05993638 0.00271698
v -0.00953843 0.06001144 0.00271698
v -0.00981120 0.05980128 0.00255228
v -0.00946345 0.06008096 0.00271698
v -0.00938205 0.06015602 0.00271698
v -0.00905786 0.06039146 0.00285241
v -0.00910927 0.06033300 0.00289259
v -0.00916997 0.06023424 0.00301710
v -0.00924494 0.06016945 0.00301710
v -0.00926851 0.06018999 0.00290946
v -0.00932849 0.06009439 0.00301710
v -0.00945417 0.05992216 0.00316741
v -0.00893932 0.05866042 0.00601687
v -0.00882293 0.05877182 0.00601687
v -0.00875367 0.05883661 0.00601687
v -0.00850088 0.05907284 0.00601687
v -0.00916925 0.05844631 0.00598711
v -0.00905357 0.05854349 0.00601687
v -0.00908714 0.05850873 0.00601687
v -0.00897503 0.05862408 0.00601687
v -0.00961055 0.05977837 0.00316741
v -0.00964054 0.05980681 0.00301710
v -0.00952914 0.05985342 0.00316741
v -0.00959698 0.05991584 0.00283108
v -0.01005827 0.05992769 0.00121635
v -0.01013325 0.05985500 0.00121635
v -0.01021037 0.05977995 0.00121635
v -0.01014967 0.05987160 0.00106654
v -0.01016252 0.05988345 0.00094897
v -0.00920210 0.05837679 0.00601687
v -0.00942346 0.06004383 0.00292087
v -0.00940347 0.06002645 0.00301710
v -0.00956056 0.05988187 0.00301710
f 1 2 3
f 1 3 4
f 1 4 5
f 1 5 6
f 1 6 13
f 1 13 26
f 1 26 52
f 1 52 74
f 1 74 106
f 1 106 145
f 1 145 193
f 1 193 195
f 1 195 194
f 1 194 269
f 1 269 271
f 1 271 270
f 1 270 268
f 1 268 354
f 1 354 353
f 1 353 352
f 1 352 472
f 1 472 470
f 1 470 599
f 1 599 757
f 1 757 756
f 1 756 755
f 1 755 908
f 1 908 1049
f 1 1049 1198
f 1 1198 1335
f 1 1335 1463
f 1 1463 1606
f 1 1606 1740
f 1 1740 1739
f 1 1739 1856
f 1 1856 1875
f 1 1875 1871
f 1 1871 1870
f 1 1870 1869
f 1 1869 1868
f 1 1868 1867
f 1 1867 1874
f 1 1874 1963
f 1 1963 2007
f 1 2007 1968
f 1 1968 1882
f 1 1882 1881
f 1 1881 1752
f 1 1752 1620
f 1 1620 1489
f 1 1489 1488
f 1 1488 1480
f 1 1480 1479
f 1 1479 1478
f 1 1478 1477
f 1 1477 1476
f 1 1476 1614
f 1 1614 1613
f 1 1613 1474
f 1 1474 1345
f 1 1345 1212
f 1 1212 1070
f 1 1070 935
f 1 935 796
f 1 796 644
f 1 644 506
f 1 506 384
f 1 384 383
f 1 383 382
f 1 382 287
f 1 287 292
f 1 292 286
f 1 286 207
f 1 207 206
f 1 206 152
f 1 152 112
f 1 112 111
f 1 111 78
f 1 78 55
f 1 55 30
f 1 30 29
f 1 29 28
f 1 28 16
f 1 16 7
f 1 7 2
f 2 7 15
f 2 15 27
f 2 27 53
f 2 53 75
f 2 75 107
f 2 107 146
f 2 146 149
f 2 149 205
f 2 205 285
f 2 285 381
f 2 381 495
f 2 495 494
f 2 494 630
f 2 630 782
f 2 782 780
f 2 780 626
f 2 626 779
f 2 779 778
f 2 778 918
f 2 918 916
f 2 916 1053
f 2 1053 914
f 2 914 873
f 2 873 1015
f 2 1015 1014
f 2 1014 870
f 2 870 708
f 2 708 707
f 2 707 550
f 2 550 430
f 2 430 316
f 2 316 239
f 2 239 170
f 2 170 135
f 2 135 134
f 2 134 97
f 2 97 125
f 2 125 86
f 2 86 57
f 2 57 38
f 2 38 17
f 2 17 8
f 2 8 4
f 2 4 3
f 4 8 9
f 4 9 10
f 4 10 5
f 5 11 12
f 5 12 13
f 5 13 6
f 5 10 14
f 5 14 11
f 7 16 15
f 8 17 18
f 8 18 19
f 8 19 20
f 8 20 14
f 8 14 9
f 9 14 10
f 11 21 22
f 11 22 23
f 11 23 12
f 11 14 18
f 11 18 21
f 12 23 24
f 12 24 25
f 12 25 26
f 12 26 13
f 14 20 18
f 15 16 28
f 15 28 29
f 15 29 30
f 15 30 31
f 15 31 32
f 15 32 33
f 15 33 34
f 15 34 35
f 15 35 36
f 15 36 37
f 15 37 56
f 15 56 85
f 15 85 124
f 15 124 169
f 15 169 237
f 15 237 238
f 15 238 315
f 15 315 428
f 15 428 549
f 15 549 706
f 15 706 869
f 15 869 1013
f 15 1013 1162
f 15 1162 1285
f 15 1285 1415
f 15 1415 1414
f 15 1414 1413
f 15 1413 1551
f 15 1551 1678
f 15 1678 1816
f 15 1816 1942
f 15 1942 1994
f 15 1994 1993
f 15 1993 1992
f 15 1992 1991
f 15 1991 1998
f 15 1998 1996
f 15 1996 1997
f 15 1997 2008
f 15 2008 1965
f 15 1965 1966
f 15 1966 1880
f 15 1880 1879
f 15 1879 1877
f 15 1877 1876
f 15 1876 1741
f 15 1741 1607
f 15 1607 1464
f 15 1464 1337
f 15 1337 1336
f 15 1336 1200
f 15 1200 1199
f 15 1199 1054
f 15 1054 919
f 15 919 785
f 15 785 784
f 15 784 783
f 15 783 631
f 15 631 496
f 15 496 374
f 15 374 282
f 15 282 204
f 15 204 203
f 15 203 202
f 15 202 151
f 15 151 109
f 15 109 76
f 15 76 54
f 15 54 27
f 17 38 39
f 17 39 18
f 18 40 21
f 18 20 19
f 18 39 41
f 18 41 40
f 21 42 22
f 21 40 43
f 21 43 42
f 22 42 44
f 22 44 45
f 22 45 23
f 23 45 24
f 24 45 46
f 24 46 47
f 24 47 48
f 24 48 49
f 24 49 50
f 24 50 25
f 25 50 51
f 25 51 26
f 26 51 52
f 27 54 53
f 30 55 81
f 30 81 116
f 30 116 160
f 30 160 219
f 30 219 302
f 30 302 398
f 30 398 397
f 30 397 520
f 30 520 662
f 30 662 666
f 30 666 818
f 30 818 817
f 30 817 816
f 30 816 815
f 30 815 676
f 30 676 675
f 30 675 678
f 30 678 832
f 30 832 833
f 30 833 826
f 30 826 671
f 30 671 825
f 30 825 964
f 30 964 1102
f 30 1102 1107
f 30 1107 1244
f 30 1244 1249
f 30 1249 1113
f 30 1113 976
f 30 976 975
f 30 975 974
f 30 974 838
f 30 838 837
f 30 837 973
f 30 973 835
f 30 835 834
f 30 834 679
f 30 679 528
f 30 528 408
f 30 408 407
f 30 407 406
f 30 406 405
f 30 405 306
f 30 306 226
f 30 226 305
f 30 305 224
f 30 224 223
f 30 223 222
f 30 222 221
f 30 221 161
f 30 161 118
f 30 118 117
f 30 117 82
f 30 82 56
f 30 56 37
f 30 37 36
f 30 36 35
f 30 35 34
f 30 34 33
f 30 33 32
f 30 32 31
f 38 57 58
f 38 58 59
f 38 59 41
f 38 41 39
f 40 41 43
f 41 59 43
f 42 43 60
f 42 60 61
f 42 61 62
f 42 62 63
f 42 63 64
f 42 64 44
f 43 61 60
f 43 59 65
f 43 65 66
f 43 66 61
f 44 64 67
f 44 67 68
f 44 68 45
f 45 68 69
f 45 69 47
f 45 47 46
f 47 69 70
f 47 70 71
f 47 71 49
f 47 49 48
f 49 71 72
f 49 72 51
f 49 51 50
f 51 72 73
f 51 73 52
f 52 73 74
f 53 54 76
f 53 76 77
f 53 77 75
f 55 78 79
f 55 79 80
f 55 80 81
f 56 82 83
f 56 83 84
f 56 84 85
f 57 86 87
f 57 87 58
f 58 87 59
f 59 87 65
f 61 66 88
f 61 88 62
f 62 88 89
f 62 89 90
f 62 90 63
f 63 91 92
f 63 92 93
f 63 93 64
f 63 90 91
f 64 93 67
f 65 94 66
f 65 87 86
f 65 86 95
f 65 95 96
f 65 96 97
f 65 97 94
f 66 94 98
f 66 98 99
f 66 99 88
f 67 93 100
f 67 100 68
f 68 100 69
f 69 100 70
f 70 100 101
f 70 101 102
f 70 102 103
f 70 103 71
f 71 103 72
f 72 103 104
f 72 104 73
f 73 104 105
f 73 105 106
f 73 106 74
f 75 77 108
f 75 108 107
f 76 109 110
f 76 110 77
f 77 110 108
f 78 111 79
f 79 111 80
f 80 111 112
f 80 112 113
f 80 113 114
f 80 114 115
f 80 115 116
f 80 116 81
f 82 117 83
f 83 117 118
f 83 118 119
f 83 119 120
f 83 120 84
f 84 121 122
f 84 122 85
f 84 120 121
f 85 122 123
f 85 123 124
f 86 125 96
f 86 96 95
f 88 99 89
f 89 99 126
f 89 126 127
f 89 127 128
f 89 128 129
f 89 129 130
f 89 130 131
f 89 131 132
f 89 132 92
f 89 92 91
f 89 91 90
f 92 132 131
f 92 131 133
f 92 133 93
f 93 133 101
f 93 101 100
f 94 97 98
f 96 125 97
f 97 134 98
f 98 134 135
f 98 135 99
f 99 135 126
f 101 133 136
f 101 136 137
f 101 137 138
f 101 138 139
f 101 139 102
f 102 139 140
f 102 140 141
f 102 141 104
f 102 104 103
f 104 142 105
f 104 141 143
f 104 143 144
f 104 144 142
f 105 142 145
f 105 145 106
f 107 108 146
f 108 110 147
f 108 147 148
f 108 148 149
f 108 149 146
f 109 150 110
f 109 151 150
f 110 150 147
f 112 152 113
f 113 152 153
f 113 153 154
f 113 154 155
f 113 155 114
f 114 155 156
f 114 156 157
f 114 157 115
f 115 158 116
f 115 157 159
f 115 159 158
f 116 158 160
f 118 161 162
f 118 162 163
f 118 163 119
f 119 163 120
f 120 163 164
f 120 164 165
f 120 165 166
f 120 166 122
f 120 122 121
f 122 166 123
f 123 167 168
f 123 168 169
f 123 169 124
f 123 166 167
f 126 135 170
f 126 170 127
f 127 170 171
f 127 171 172
f 127 172 173
f 127 173 128
f 128 173 174
f 128 174 129
f 129 174 175
f 129 175 176
f 129 176 131
f 129 131 130
f 131 176 177
f 131 177 136
f 131 136 133
f 136 177 176
f 136 176 178
f 136 178 179
f 136 179 180
f 136 180 137
f 137 180 181
f 137 181 138
f 138 181 182
f 138 182 258
f 138 258 183
f 138 183 184
f 138 184 185
f 138 185 186
f 138 186 139
f 139 186 185
f 139 185 187
f 139 187 188
f 139 188 140
f 140 188 189
f 140 189 141
f 141 189 190
f 141 190 191
f 141 191 192
f 141 192 143
f 142 193 145
f 142 144 194
f 142 194 195
f 142 195 193
f 143 192 196
f 143 196 197
f 143 197 144
f 144 197 194
f 147 198 199
f 147 199 200
f 147 200 201
f 147 201 148
f 147 150 202
f 147 202 203
f 147 203 204
f 147 204 198
f 148 205 149
f 148 201 205
f 150 151 202
f 152 206 153
f 153 206 207
f 153 207 208
f 153 208 209
f 153 209 210
f 153 210 154
f 154 210 208
f 154 208 211
f 154 211 212
f 154 212 213
f 154 213 155
f 155 213 214
f 155 214 156
f 156 215 157
f 156 214 215
f 157 215 216
f 157 216 217
f 157 217 159
f 158 159 218
f 158 218 219
f 158 219 160
f 159 220 218
f 159 217 220
f 161 221 162
f 162 221 222
f 162 222 163
f 163 222 223
f 163 223 224
f 163 224 225
f 163 225 226
f 163 226 227
f 163 227 228
f 163 228 229
f 163 229 230
f 163 230 164
f 164 230 231
f 164 231 232
f 164 232 165
f 165 232 166
f 166 232 167
f 167 233 234
f 167 234 235
f 167 235 168
f 167 232 230
f 167 230 236
f 167 236 233
f 168 237 169
f 168 235 238
f 168 238 237
f 170 239 171
f 171 239 240
f 171 240 241
f 171 241 242
f 171 242 172
f 172 242 241
f 172 241 243
f 172 243 244
f 172 244 245
f 172 245 246
f 172 246 173
f 173 246 245
f 173 245 247
f 173 247 248
f 173 248 174
f 174 249 175
f 174 248 249
f 175 249 250
f 175 250 251
f 175 251 178
f 175 178 176
f 178 251 252
f 178 252 179
f 179 252 253
f 179 253 254
f 179 254 255
f 179 255 180
f 180 255 181
f 181 255 256
f 181 256 182
f 182 256 257
f 182 257 258
f 183 258 259
f 183 259 260
f 183 260 261
f 183 261 184
f 184 261 262
f 184 262 263
f 184 263 185
f 185 264 187
f 185 263 265
f 185 265 264
f 187 264 266
f 187 266 188
f 188 266 190
f 188 190 189
f 190 266 191
f 191 267 192
f 191 266 268
f 191 268 267
f 192 267 196
f 194 197 269
f 196 267 270
f 196 270 271
f 196 271 197
f 197 271 269
f 198 204 272
f 198 272 273
f 198 273 274
f 198 274 275
f 198 275 276
f 198 276 199
f 199 276 200
f 200 277 278
f 200 278 279
f 200 279 280
f 200 280 205
f 200 205 201
f 200 276 281
f 200 281 277
f 204 282 283
f 204 283 284
f 204 284 272
f 205 280 285
f 207 286 208
f 208 287 288
f 208 288 289
f 208 289 290
f 208 290 291
f 208 291 211
f 208 210 209
f 208 286 292
f 208 292 287
f 211 293 212
f 211 291 293
f 212 293 213
f 213 294 214
f 213 293 295
f 213 295 294
f 214 294 296
f 214 296 215
f 215 296 216
f 216 296 297
f 216 297 298
f 216 298 299
f 216 299 217
f 217 299 220
f 218 220 300
f 218 300 219
f 219 301 302
f 219 300 301
f 220 299 303
f 220 303 304
f 220 304 300
f 224 305 225
f 225 305 226
f 226 306 227
f 227 307 228
f 227 306 307
f 228 307 229
f 229 308 309
f 229 309 230
f 229 307 308
f 230 232 231
f 230 309 310
f 230 310 233
f 230 233 236
f 233 311 312
f 233 312 313
f 233 313 314
f 233 314 234
f 233 310 311
f 234 314 315
f 234 315 235
f 235 315 238
f 239 316 240
f 240 317 241
f 240 316 317
f 241 317 318
f 241 318 319
f 241 319 243
f 243 319 320
f 243 320 244
f 244 320 321
f 244 321 322
f 244 322 245
f 245 323 247
f 245 322 321
f 245 321 323
f 247 323 324
f 247 324 325
f 247 325 248
f 248 325 249
f 249 325 326
f 249 326 250
f 250 327 328
f 250 328 251
f 250 326 327
f 251 328 252
f 252 328 329
f 252 329 330
f 252 330 331
f 252 331 332
f 252 332 333
f 252 333 253
f 253 333 334
f 253 334 335
f 253 335 336
f 253 336 257
f 253 257 254
f 254 257 255
f 255 257 256
f 257 336 337
f 257 337 338
f 257 338 339
f 257 339 340
f 257 340 258
f 258 340 341
f 258 341 260
f 258 260 259
f 260 342 261
f 260 341 343
f 260 343 344
f 260 344 263
f 260 263 342
f 261 342 262
f 262 342 263
f 263 344 345
f 263 345 346
f 263 346 347
f 263 347 348
f 263 348 349
f 263 349 350
f 263 350 265
f 264 265 266
f 265 350 351
f 265 351 352
f 265 352 266
f 266 352 353
f 266 353 354
f 266 354 268
f 267 268 270
f 272 284 273
f 273 276 274
f 273 284 355
f 273 355 276
f 274 276 275
f 276 355 283
f 276 283 356
f 276 356 357
f 276 357 358
f 276 358 359
f 276 359 360
f 276 360 361
f 276 361 362
f 276 362 363
f 276 363 364
f 276 364 365
f 276 365 366
f 276 366 367
f 276 367 368
f 276 368 281
f 277 367 369
f 277 369 278
f 277 281 368
f 277 368 367
f 278 369 370
f 278 370 279
f 279 370 280
f 280 370 371
f 280 371 372
f 280 372 285
f 282 373 283
f 282 374 373
f 283 355 284
f 283 373 374
f 283 374 375
f 283 375 376
f 283 376 377
f 283 377 378
f 283 378 379
f 283 379 380
f 283 380 357
f 283 357 356
f 285 372 381
f 287 382 288
f 288 382 383
f 288 383 384
f 288 384 385
f 288 385 386
f 288 386 289
f 289 386 387
f 289 387 290
f 290 388 291
f 290 387 389
f 290 389 388
f 291 390 295
f 291 295 293
f 291 388 390
f 294 391 297
f 294 297 296
f 294 295 391
f 295 390 392
f 295 392 393
f 295 393 391
f 297 391 394
f 297 394 298
f 298 394 395
f 298 395 303
f 298 303 299
f 300 396 397
f 300 397 398
f 300 398 301
f 300 304 399
f 300 399 396
f 301 398 302
f 303 400 304
f 303 395 401
f 303 401 402
f 303 402 403
f 303 403 400
f 304 400 404
f 304 404 399
f 306 405 307
f 307 405 406
f 307 406 407
f 307 407 408
f 307 408 409
f 307 409 410
f 307 410 411
f 307 411 412
f 307 412 413
f 307 413 414
f 307 414 415
f 307 415 416
f 307 416 417
f 307 417 308
f 308 418 309
f 308 417 416
f 308 416 419
f 308 419 420
f 308 420 418
f 309 418 421
f 309 421 422
f 309 422 310
f 310 422 312
f 310 312 311
f 312 423 424
f 312 424 425
f 312 425 426
f 312 426 314
f 312 314 313
f 312 422 421
f 312 421 423
f 314 426 427
f 314 427 428
f 314 428 429
f 314 429 315
f 315 429 428
f 316 430 431
f 316 431 317
f 317 431 430
f 317 430 551
f 317 551 432
f 317 432 318
f 318 432 433
f 318 433 434
f 318 434 319
f 319 434 320
f 320 435 436
f 320 436 437
f 320 437 321
f 320 434 438
f 320 438 435
f 321 437 323
f 323 437 439
f 323 439 324
f 324 326 325
f 324 439 437
f 324 437 326
f 326 437 436
f 326 436 440
f 326 440 441
f 326 441 442
f 326 442 443
f 326 443 327
f 327 443 444
f 327 444 445
f 327 445 328
f 328 445 329
f 329 331 330
f 329 445 444
f 329 444 446
f 329 446 331
f 331 447 448
f 331 448 332
f 331 446 447
f 332 448 449
f 332 449 450
f 332 450 333
f 333 450 334
f 334 450 451
f 334 451 335
f 335 451 452
f 335 452 336
f 336 452 337
f 337 453 454
f 337 454 455
f 337 455 456
f 337 456 457
f 337 457 338
f 337 452 458
f 337 458 453
f 338 457 456
f 338 456 455
f 338 455 459
f 338 459 460
f 338 460 339
f 339 460 461
f 339 461 340
f 340 461 341
f 341 461 343
f 343 461 344
f 344 461 462
f 344 462 463
f 344 463 464
f 344 464 465
f 344 465 345
f 345 465 346
f 346 465 466
f 346 466 467
f 346 467 468
f 346 468 347
f 347 468 469
f 347 469 348
f 348 469 349
f 349 470 471
f 349 471 472
f 349 472 350
f 349 469 473
f 349 473 470
f 350 472 351
f 351 472 352
f 357 380 377
f 357 377 358
f 358 377 474
f 358 474 475
f 358 475 359
f 359 475 474
f 359 474 377
f 359 377 360
f 360 377 476
f 360 476 477
f 360 477 478
f 360 478 479
f 360 479 361
f 361 479 362
f 362 480 364
f 362 364 363
f 362 479 481
f 362 481 482
f 362 482 480
f 364 480 483
f 364 483 484
f 364 484 485
f 364 485 486
f 364 486 365
f 365 486 487
f 365 487 366
f 366 488 367
f 366 487 488
f 367 488 489
f 367 489 369
f 369 489 490
f 369 490 491
f 369 491 370
f 370 492 371
f 370 491 490
f 370 490 492
f 371 492 493
f 371 493 494
f 371 494 495
f 371 495 372
f 372 495 381
f 374 496 375
f 375 496 497
f 375 497 498
f 375 498 499
f 375 499 376
f 376 499 377
f 377 500 476
f 377 380 378
f 377 499 501
f 377 501 502
f 377 502 503
f 377 503 504
f 377 504 500
f 378 380 379
f 384 505 385
f 384 506 505
f 385 505 386
f 386 505 507
f 386 507 508
f 386 508 387
f 387 508 509
f 387 509 510
f 387 510 511
f 387 511 512
f 387 512 389
f 388 389 513
f 388 513 390
f 389 512 513
f 390 513 392
f 391 393 514
f 391 514 394
f 392 515 393
f 392 513 516
f 392 516 515
f 393 515 514
f 394 514 517
f 394 517 395
f 395 518 401
f 395 517 519
f 395 519 518
f 396 399 520
f 396 520 397
f 399 404 521
f 399 521 520
f 400 522 404
f 400 403 522
f 401 518 402
f 402 518 519
f 402 519 523
f 402 523 403
f 403 523 524
f 403 524 525
f 403 525 522
f 404 526 521
f 404 522 527
f 404 527 526
f 408 528 529
f 408 529 409
f 409 529 410
f 410 530 531
f 410 531 411
f 410 529 532
f 410 532 533
f 410 533 534
f 410 534 530
f 411 531 535
f 411 535 412
f 412 535 536
f 412 536 413
f 413 536 537
f 413 537 414
f 414 537 538
f 414 538 415
f 415 538 539
f 415 539 416
f 416 539 419
f 418 420 423
f 418 423 421
f 419 539 540
f 419 540 541
f 419 541 542
f 419 542 423
f 419 423 420
f 423 542 543
f 423 543 544
f 423 544 424
f 424 544 545
f 424 545 425
f 425 545 546
f 425 546 547
f 425 547 426
f 426 547 427
f 427 547 548
f 427 548 428
f 428 548 549
f 430 550 551
f 432 552 553
f 432 553 554
f 432 554 555
f 432 555 556
f 432 556 433
f 432 551 557
f 432 557 552
f 433 556 558
f 433 558 434
f 434 558 438
f 435 438 559
f 435 559 560
f 435 560 561
f 435 561 441
f 435 441 436
f 436 441 440
f 438 562 559
f 438 558 562
f 441 561 563
f 441 563 564
f 441 564 565
f 441 565 566
f 441 566 443
f 441 443 442
f 443 566 444
f 444 566 446
f 446 566 567
f 446 567 568
f 446 568 569
f 446 569 447
f 447 569 570
f 447 570 571
f 447 571 449
f 447 449 448
f 449 572 450
f 449 571 572
f 450 452 451
f 450 572 573
f 450 573 574
f 450 574 452
f 452 574 458
f 453 458 574
f 453 574 575
f 453 575 576
f 453 576 454
f 454 577 578
f 454 578 455
f 454 576 575
f 454 575 579
f 454 579 580
f 454 580 581
f 454 581 577
f 455 582 583
f 455 583 459
f 455 578 577
f 455 577 584
f 455 584 585
f 455 585 582
f 459 583 586
f 459 586 587
f 459 587 460
f 460 587 588
f 460 588 461
f 461 588 462
f 462 588 587
f 462 587 463
f 463 589 590
f 463 590 591
f 463 591 592
f 463 592 464
f 463 587 589
f 464 592 466
f 464 466 465
f 466 592 593
f 466 593 467
f 467 593 594
f 467 594 595
f 467 595 468
f 468 595 596
f 468 596 469
f 469 596 597
f 469 597 598
f 469 598 599
f 469 599 470
f 469 470 473
f 470 472 471
f 476 500 477
f 477 600 478
f 477 500 504
f 477 504 642
f 477 642 601
f 477 601 602
f 477 602 600
f 478 600 481
f 478 481 479
f 480 482 603
f 480 603 604
f 480 604 483
f 481 605 482
f 481 600 602
f 481 602 606
f 481 606 607
f 481 607 608
f 481 608 605
f 482 605 603
f 483 609 484
f 483 604 610
f 483 610 611
f 483 611 609
f 484 609 612
f 484 612 485
f 485 613 614
f 485 614 615
f 485 615 616
f 485 616 486
f 485 612 613
f 486 616 487
f 487 616 617
f 487 617 488
f 488 617 618
f 488 618 619
f 488 619 620
f 488 620 621
f 488 621 622
f 488 622 623
f 488 623 490
f 488 490 489
f 490 623 624
f 490 624 625
f 490 625 626
f 490 626 627
f 490 627 628
f 490 628 629
f 490 629 493
f 490 493 492
f 493 629 628
f 493 628 630
f 493 630 494
f 496 631 632
f 496 632 633
f 496 633 497
f 497 501 498
f 497 633 634
f 497 634 635
f 497 635 636
f 497 636 637
f 497 637 638
f 497 638 501
f 498 501 499
f 501 638 502
f 502 638 637
f 502 637 639
f 502 639 640
f 502 640 641
f 502 641 503
f 503 641 504
f 504 641 642
f 505 506 643
f 505 643 507
f 506 644 645
f 506 645 643
f 507 643 645
f 507 645 646
f 507 646 647
f 507 647 509
f 507 509 508
f 509 647 648
f 509 648 510
f 510 649 511
f 510 648 649
f 511 649 512
f 512 649 650
f 512 650 651
f 512 651 652
f 512 652 653
f 512 653 654
f 512 654 513
f 513 654 516
f 514 515 655
f 514 655 656
f 514 656 657
f 514 657 517
f 515 516 655
f 516 654 653
f 516 653 658
f 516 658 655
f 517 657 519
f 519 657 656
f 519 656 659
f 519 659 660
f 519 660 661
f 519 661 523
f 520 521 662
f 521 526 663
f 521 663 664
f 521 664 665
f 521 665 666
f 521 666 662
f 522 667 668
f 522 668 669
f 522 669 670
f 522 670 671
f 522 671 527
f 522 525 672
f 522 672 673
f 522 673 667
f 523 661 674
f 523 674 672
f 523 672 524
f 524 672 525
f 526 527 675
f 526 675 676
f 526 676 663
f 527 677 678
f 527 678 675
f 527 671 677
f 528 679 529
f 529 679 680
f 529 680 681
f 529 681 682
f 529 682 532
f 530 683 536
f 530 536 531
f 530 534 684
f 530 684 685
f 530 685 683
f 531 536 535
f 532 682 686
f 532 686 687
f 532 687 533
f 533 687 688
f 533 688 689
f 533 689 534
f 534 689 684
f 536 683 690
f 536 690 691
f 536 691 692
f 536 692 537
f 537 693 694
f 537 694 695
f 537 695 541
f 537 541 538
f 537 692 696
f 537 696 693
f 538 541 540
f 538 540 539
f 541 697 698
f 541 698 699
f 541 699 544
f 541 544 543
f 541 543 542
f 541 695 697
f 544 700 701
f 544 701 702
f 544 702 703
f 544 703 867
f 544 867 704
f 544 704 545
f 544 699 700
f 545 704 546
f 546 704 705
f 546 705 547
f 547 705 548
f 548 705 706
f 548 706 549
f 550 707 551
f 551 707 708
f 551 708 709
f 551 709 557
f 552 557 709
f 552 709 553
f 553 709 710
f 553 710 711
f 553 711 712
f 553 712 713
f 553 713 554
f 554 713 555
f 555 713 714
f 555 714 715
f 555 715 614
f 555 614 556
f 556 614 558
f 558 614 613
f 558 613 609
f 558 609 716
f 558 716 562
f 559 562 716
f 559 716 609
f 559 609 560
f 560 609 717
f 560 717 561
f 561 717 563
f 563 717 609
f 563 609 718
f 563 718 719
f 563 719 720
f 563 720 564
f 564 720 565
f 565 720 566
f 566 720 567
f 567 720 568
f 568 720 721
f 568 721 569
f 569 721 570
f 570 721 571
f 571 721 722
f 571 722 723
f 571 723 572
f 572 723 724
f 572 724 573
f 573 724 725
f 573 725 575
f 573 575 574
f 575 725 726
f 575 726 727
f 575 727 728
f 575 728 729
f 575 729 730
f 575 730 579
f 577 581 584
f 579 730 580
f 580 730 581
f 581 731 732
f 581 732 733
f 581 733 734
f 581 734 584
f 581 730 729
f 581 729 728
f 581 728 735
f 581 735 736
f 581 736 737
f 581 737 731
f 582 585 738
f 582 738 583
f 583 589 739
f 583 739 586
f 583 738 740
f 583 740 589
f 584 734 585
f 585 734 741
f 585 741 738
f 586 739 587
f 587 739 589
f 589 592 590
f 589 740 592
f 590 592 591
f 592 740 742
f 592 742 743
f 592 743 593
f 593 743 744
f 593 744 745
f 593 745 746
f 593 746 594
f 594 746 595
f 595 746 747
f 595 747 748
f 595 748 749
f 595 749 750
f 595 750 751
f 595 751 752
f 595 752 596
f 596 752 751
f 596 751 753
f 596 753 597
f 597 753 754
f 597 754 755
f 597 755 756
f 597 756 757
f 597 757 598
f 598 757 599
f 601 642 602
f 602 642 758
f 602 758 606
f 603 605 608
f 603 608 759
f 603 759 604
f 604 759 760
f 604 760 610
f 606 761 607
f 606 758 762
f 606 762 763
f 606 763 761
f 607 761 608
f 608 761 759
f 609 611 764
f 609 764 765
f 609 765 718
f 609 613 766
f 609 766 612
f 610 767 611
f 610 760 767
f 611 767 764
f 612 766 613
f 614 715 768
f 614 768 769
f 614 769 615
f 615 769 616
f 616 769 768
f 616 768 715
f 616 715 770
f 616 770 771
f 616 771 618
f 616 618 617
f 618 771 714
f 618 714 772
f 618 772 619
f 619 772 773
f 619 773 774
f 619 774 620
f 620 774 775
f 620 775 621
f 621 775 776
f 621 776 622
f 622 776 623
f 623 776 777
f 623 777 624
f 624 777 776
f 624 776 778
f 624 778 625
f 625 778 779
f 625 779 626
f 626 780 781
f 626 781 628
f 626 628 627
f 628 781 630
f 630 781 782
f 631 783 632
f 632 784 785
f 632 785 786
f 632 786 787
f 632 787 788
f 632 788 789
f 632 789 790
f 632 790 633
f 632 783 784
f 633 790 635
f 633 635 634
f 635 790 791
f 635 791 792
f 635 792 636
f 636 792 640
f 636 640 639
f 636 639 637
f 640 642 641
f 640 792 793
f 640 793 642
f 642 793 794
f 642 794 795
f 642 795 758
f 644 796 797
f 644 797 646
f 644 646 645
f 646 797 647
f 647 798 648
f 647 797 799
f 647 799 800
f 647 800 801
f 647 801 802
f 647 802 649
f 647 649 798
f 648 798 649
f 649 802 803
f 649 803 804
f 649 804 650
f 650 804 805
f 650 805 658
f 650 658 651
f 651 658 653
f 651 653 652
f 655 806 656
f 655 658 807
f 655 807 808
f 655 808 806
f 656 806 659
f 658 805 809
f 658 809 810
f 658 810 811
f 658 811 807
f 659 812 660
f 659 806 813
f 659 813 812
f 660 814 661
f 660 812 814
f 661 814 674
f 663 815 816
f 663 816 665
f 663 665 664
f 663 676 815
f 665 816 817
f 665 817 818
f 665 818 666
f 667 673 819
f 667 819 820
f 667 820 821
f 667 821 668
f 668 821 669
f 669 821 822
f 669 822 670
f 670 823 671
f 670 822 823
f 671 823 824
f 671 824 825
f 671 826 677
f 672 674 673
f 673 674 827
f 673 827 828
f 673 828 829
f 673 829 830
f 673 830 819
f 674 814 831
f 674 831 827
f 677 832 678
f 677 826 833
f 677 833 832
f 679 834 680
f 680 834 835
f 680 835 681
f 681 835 836
f 681 836 837
f 681 837 838
f 681 838 839
f 681 839 682
f 682 840 841
f 682 841 687
f 682 687 686
f 682 839 840
f 683 685 690
f 684 689 688
f 684 688 842
f 684 842 843
f 684 843 844
f 684 844 685
f 685 844 690
f 687 841 688
f 688 841 839
f 688 839 842
f 690 845 691
f 690 844 846
f 690 846 847
f 690 847 845
f 691 848 849
f 691 849 692
f 691 845 848
f 692 849 850
f 692 850 693
f 692 693 696
f 693 851 694
f 693 850 852
f 693 852 853
f 693 853 854
f 693 854 851
f 694 851 855
f 694 855 856
f 694 856 857
f 694 857 695
f 695 857 858
f 695 858 859
f 695 859 697
f 697 859 860
f 697 860 861
f 697 861 698
f 698 861 862
f 698 862 863
f 698 863 699
f 699 863 701
f 699 701 700
f 701 863 861
f 701 861 864
f 701 864 702
f 702 864 865
f 702 865 866
f 702 866 703
f 703 866 867
f 704 867 705
f 705 867 868
f 705 868 706
f 706 868 869
f 708 870 871
f 708 871 709
f 709 871 710
f 710 871 872
f 710 872 711
f 711 872 873
f 711 873 712
f 712 773 713
f 712 873 874
f 712 874 773
f 713 772 714
f 713 773 772
f 714 771 715
f 715 771 770
f 718 765 719
f 719 765 720
f 720 765 875
f 720 875 721
f 721 875 876
f 721 876 723
f 721 723 722
f 723 877 878
f 723 878 724
f 723 876 877
f 724 879 725
f 724 878 877
f 724 877 879
f 725 879 726
f 726 879 880
f 726 880 736
f 726 736 881
f 726 881 728
f 726 728 727
f 728 881 736
f 728 736 735
f 731 882 732
f 731 737 736
f 731 736 883
f 731 883 882
f 732 882 733
f 733 884 885
f 733 885 886
f 733 886 887
f 733 887 741
f 733 741 734
f 733 882 884
f 736 880 888
f 736 888 760
f 736 760 889
f 736 889 890
f 736 890 891
f 736 891 892
f 736 892 883
f 738 741 893
f 738 893 740
f 740 893 742
f 741 887 893
f 742 893 894
f 742 894 895
f 742 895 744
f 742 744 743
f 744 895 745
f 745 895 896
f 745 896 897
f 745 897 747
f 745 747 746
f 747 898 899
f 747 899 748
f 747 897 898
f 748 899 900
f 748 900 901
f 748 901 749
f 749 901 750
f 750 901 751
f 751 754 753
f 751 901 902
f 751 902 903
f 751 903 904
f 751 904 905
f 751 905 754
f 754 906 755
f 754 905 907
f 754 907 906
f 755 906 908
f 758 795 762
f 759 761 889
f 759 889 760
f 760 888 909
f 760 909 764
f 760 764 767
f 761 763 762
f 761 762 890
f 761 890 889
f 762 795 910
f 762 910 911
f 762 911 890
f 764 909 765
f 765 912 875
f 765 909 913
f 765 913 912
f 773 874 873
f 773 873 914
f 773 914 915
f 773 915 774
f 774 915 775
f 775 915 916
f 775 916 917
f 775 917 776
f 776 917 918
f 776 918 778
f 780 782 781
f 785 919 920
f 785 920 921
f 785 921 922
f 785 922 786
f 786 922 923
f 786 923 924
f 786 924 787
f 787 925 926
f 787 926 927
f 787 927 928
f 787 928 929
f 787 929 930
f 787 930 791
f 787 791 789
f 787 789 788
f 787 924 925
f 789 791 790
f 791 930 792
f 792 930 931
f 792 931 932
f 792 932 793
f 793 932 933
f 793 933 934
f 793 934 794
f 794 934 910
f 794 910 795
f 796 935 797
f 797 935 936
f 797 936 937
f 797 937 938
f 797 938 939
f 797 939 799
f 799 939 800
f 800 939 940
f 800 940 801
f 801 941 802
f 801 940 942
f 801 942 941
f 802 941 803
f 803 941 804
f 804 941 942
f 804 942 805
f 805 942 943
f 805 943 809
f 806 808 944
f 806 944 945
f 806 945 813
f 807 946 808
f 807 811 946
f 808 946 947
f 808 947 944
f 809 943 948
f 809 948 949
f 809 949 810
f 810 950 811
f 810 949 950
f 811 950 946
f 812 951 814
f 812 813 952
f 812 952 953
f 812 953 951
f 813 945 954
f 813 954 955
f 813 955 956
f 813 956 952
f 814 951 831
f 819 830 820
f 820 830 821
f 821 830 829
f 821 829 957
f 821 957 822
f 822 957 958
f 822 958 959
f 822 959 960
f 822 960 961
f 822 961 962
f 822 962 824
f 822 824 823
f 824 963 964
f 824 964 825
f 824 962 965
f 824 965 963
f 827 831 966
f 827 966 967
f 827 967 828
f 828 968 958
f 828 958 957
f 828 957 829
f 828 967 969
f 828 969 970
f 828 970 971
f 828 971 968
f 831 951 972
f 831 972 966
f 835 973 836
f 836 973 837
f 838 974 839
f 839 974 975
f 839 975 976
f 839 976 977
f 839 977 978
f 839 978 979
f 839 979 980
f 839 980 981
f 839 981 982
f 839 982 842
f 839 841 840
f 842 983 843
f 842 982 981
f 842 981 983
f 843 984 844
f 843 983 984
f 844 984 846
f 845 849 848
f 845 847 985
f 845 985 849
f 846 984 847
f 847 984 985
f 849 986 987
f 849 987 988
f 849 988 989
f 849 989 990
f 849 990 850
f 849 985 991
f 849 991 986
f 850 992 852
f 850 990 992
f 851 854 1000
f 851 1000 855
f 852 992 853
f 853 993 994
f 853 994 995
f 853 995 996
f 853 996 997
f 853 997 998
f 853 998 999
f 853 999 1000
f 853 1000 854
f 853 992 1001
f 853 1001 993
f 855 859 856
f 855 1000 1002
f 855 1002 1003
f 855 1003 859
f 856 859 858
f 856 858 857
f 859 1003 861
f 859 861 860
f 861 1003 1002
f 861 1002 999
f 861 999 1004
f 861 1004 864
f 861 863 862
f 864 1004 1005
f 864 1005 1006
f 864 1006 865
f 865 1006 1007
f 865 1007 1008
f 865 1008 1159
f 865 1159 1009
f 865 1009 866
f 866 1009 1010
f 866 1010 867
f 867 1010 1011
f 867 1011 869
f 867 869 868
f 869 1011 1012
f 869 1012 1013
f 870 1014 872
f 870 872 871
f 872 1014 1015
f 872 1015 873
f 875 912 913
f 875 913 877
f 875 877 876
f 877 913 879
f 879 888 880
f 879 913 909
f 879 909 888
f 882 1016 1017
f 882 1017 1018
f 882 1018 1019
f 882 1019 1020
f 882 1020 1021
f 882 1021 1022
f 882 1022 1023
f 882 1023 884
f 882 883 1024
f 882 1024 1016
f 883 892 1024
f 884 1023 1025
f 884 1025 1026
f 884 1026 885
f 885 1026 1027
f 885 1027 1028
f 885 1028 1029
f 885 1029 1030
f 885 1030 1031
f 885 1031 886
f 886 1032 887
f 886 1031 1030
f 886 1030 1033
f 886 1033 1032
f 887 1032 1034
f 887 1034 893
f 890 911 1035
f 890 1035 891
f 891 1035 892
f 892 1035 1024
f 893 1034 894
f 894 1034 1032
f 894 1032 1036
f 894 1036 1037
f 894 1037 895
f 895 1037 1038
f 895 1038 898
f 895 898 896
f 896 898 897
f 898 1038 1039
f 898 1039 1040
f 898 1040 899
f 899 1040 1041
f 899 1041 900
f 900 1042 1043
f 900 1043 1044
f 900 1044 902
f 900 902 901
f 900 1041 1045
f 900 1045 1042
f 902 1044 1043
f 902 1043 903
f 903 1043 1042
f 903 1042 1046
f 903 1046 1047
f 903 1047 904
f 904 1047 905
f 905 1047 907
f 906 907 1048
f 906 1048 1049
f 906 1049 908
f 907 1047 1050
f 907 1050 1051
f 907 1051 1048
f 910 934 1052
f 910 1052 1035
f 910 1035 911
f 914 1053 915
f 915 1053 916
f 916 918 917
f 919 1054 1055
f 919 1055 920
f 920 1055 921
f 921 1055 1056
f 921 1056 922
f 922 1056 923
f 923 1057 925
f 923 925 924
f 923 1056 1058
f 923 1058 1057
f 925 1058 1059
f 925 1059 926
f 925 1057 1058
f 926 1059 927
f 927 1059 1060
f 927 1060 928
f 928 931 929
f 928 1060 1061
f 928 1061 1062
f 928 1062 1063
f 928 1063 1064
f 928 1064 931
f 929 931 930
f 931 933 932
f 931 1064 1063
f 931 1063 1065
f 931 1065 1066
f 931 1066 1067
f 931 1067 933
f 933 1067 1068
f 933 1068 1069
f 933 1069 934
f 934 1069 1052
f 935 1070 1071
f 935 1071 936
f 936 1071 1072
f 936 1072 937
f 937 1072 938
f 938 1072 1073
f 938 1073 1074
f 938 1074 939
f 939 1074 1075
f 939 1075 940
f 940 1075 942
f 942 1075 1076
f 942 1076 1077
f 942 1077 943
f 943 1077 948
f 944 947 1078
f 944 1078 1079
f 944 1079 954
f 944 954 945
f 946 950 1080
f 946 1080 1081
f 946 1081 947
f 947 1081 1078
f 948 1077 1082
f 948 1082 1083
f 948 1083 949
f 949 1083 1084
f 949 1084 1085
f 949 1085 1086
f 949 1086 1087
f 949 1087 1080
f 949 1080 950
f 951 1088 1089
f 951 1089 972
f 951 953 1088
f 952 956 953
f 953 956 1090
f 953 1090 1091
f 953 1091 1092
f 953 1092 1093
f 953 1093 1088
f 954 1079 1094
f 954 1094 1095
f 954 1095 955
f 955 1095 1096
f 955 1096 956
f 956 1096 1091
f 956 1091 1090
f 958 968 1097
f 958 1097 959
f 959 1098 960
f 959 1097 1099
f 959 1099 1098
f 960 1100 961
f 960 1098 1100
f 961 1100 1101
f 961 1101 962
f 962 1101 965
f 963 1102 964
f 963 965 1102
f 965 1101 1103
f 965 1103 1104
f 965 1104 1105
f 965 1105 1106
f 965 1106 1107
f 965 1107 1102
f 966 972 967
f 967 972 1089
f 967 1089 1088
f 967 1088 1108
f 967 1108 969
f 968 1099 1097
f 968 971 1099
f 969 1108 1109
f 969 1109 970
f 970 1109 971
f 971 1109 1110
f 971 1110 1111
f 971 1111 1112
f 971 1112 1099
f 976 1113 1114
f 976 1114 977
f 977 1114 1115
f 977 1115 1104
f 977 1104 978
f 978 1116 980
f 978 980 979
f 978 1104 1116
f 980 1116 1117
f 980 1117 981
f 981 1117 1116
f 981 1116 1118
f 981 1118 983
f 983 1118 1119
f 983 1119 984
f 984 1120 1121
f 984 1121 985
f 984 1119 1120
f 985 1121 1122
f 985 1122 991
f 986 1123 987
f 986 991 1124
f 986 1124 1125
f 986 1125 1123
f 987 1123 1126
f 987 1126 988
f 988 1126 1127
f 988 1127 1128
f 988 1128 1129
f 988 1129 1130
f 988 1130 989
f 989 1130 1131
f 989 1131 1132
f 989 1132 1133
f 989 1133 1134
f 989 1134 1135
f 989 1135 990
f 990 1135 992
f 991 1136 1137
f 991 1137 1125
f 991 1125 1124
f 991 1122 1136
f 992 1135 1001
f 993 1001 1138
f 993 1138 1139
f 993 1139 994
f 994 1139 1138
f 994 1138 1140
f 994 1140 1141
f 994 1141 1133
f 994 1133 1131
f 994 1131 1142
f 994 1142 1143
f 994 1143 996
f 994 996 995
f 996 1144 997
f 996 1143 1142
f 996 1142 1145
f 996 1145 1144
f 997 1146 1147
f 997 1147 1148
f 997 1148 1149
f 997 1149 998
f 997 1144 1150
f 997 1150 1146
f 998 1149 999
f 999 1002 1000
f 999 1149 1004
f 1001 1135 1138
f 1004 1149 1151
f 1004 1151 1152
f 1004 1152 1153
f 1004 1153 1005
f 1005 1153 1154
f 1005 1154 1007
f 1005 1007 1006
f 1007 1154 1155
f 1007 1155 1156
f 1007 1156 1157
f 1007 1157 1158
f 1007 1158 1008
f 1008 1158 1159
f 1009 1159 1011
f 1009 1011 1010
f 1011 1159 1160
f 1011 1160 1012
f 1012 1160 1157
f 1012 1157 1161
f 1012 1161 1013
f 1013 1161 1157
f 1013 1157 1162
f 1016 1024 1017
f 1017 1163 1069
f 1017 1069 1164
f 1017 1164 1019
f 1017 1019 1018
f 1017 1024 1035
f 1017 1035 1163
f 1019 1164 1165
f 1019 1165 1020
f 1020 1166 1167
f 1020 1167 1168
f 1020 1168 1021
f 1020 1165 1166
f 1021 1168 1169
f 1021 1169 1170
f 1021 1170 1171
f 1021 1171 1022
f 1022 1171 1023
f 1023 1171 1172
f 1023 1172 1173
f 1023 1173 1025
f 1025 1173 1174
f 1025 1174 1026
f 1026 1175 1028
f 1026 1028 1027
f 1026 1174 1176
f 1026 1176 1177
f 1026 1177 1178
f 1026 1178 1175
f 1028 1175 1179
f 1028 1179 1029
f 1029 1179 1030
f 1030 1180 1033
f 1030 1179 1181
f 1030 1181 1182
f 1030 1182 1183
f 1030 1183 1184
f 1030 1184 1180
f 1032 1033 1185
f 1032 1185 1186
f 1032 1186 1036
f 1033 1180 1185
f 1035 1052 1163
f 1036 1186 1037
f 1037 1186 1187
f 1037 1187 1038
f 1038 1187 1188
f 1038 1188 1045
f 1038 1045 1039
f 1039 1045 1041
f 1039 1041 1040
f 1042 1189 1046
f 1042 1045 1188
f 1042 1188 1189
f 1046 1190 1191
f 1046 1191 1192
f 1046 1192 1047
f 1046 1189 1193
f 1046 1193 1190
f 1047 1192 1191
f 1047 1191 1194
f 1047 1194 1195
f 1047 1195 1051
f 1047 1051 1050
f 1048 1051 1196
f 1048 1196 1197
f 1048 1197 1198
f 1048 1198 1049
f 1051 1195 1196
f 1052 1069 1163
f 1054 1199 1055
f 1055 1200 1201
f 1055 1201 1202
f 1055 1202 1203
f 1055 1203 1204
f 1055 1204 1056
f 1055 1199 1200
f 1056 1204 1205
f 1056 1205 1206
f 1056 1206 1058
f 1058 1206 1059
f 1059 1206 1060
f 1060 1207 1208
f 1060 1208 1061
f 1060 1206 1207
f 1061 1209 1062
f 1061 1208 1209
f 1062 1209 1063
f 1063 1209 1210
f 1063 1210 1066
f 1063 1066 1065
f 1066 1210 1211
f 1066 1211 1167
f 1066 1167 1166
f 1066 1166 1067
f 1067 1166 1165
f 1067 1165 1068
f 1068 1165 1164
f 1068 1164 1069
f 1070 1212 1213
f 1070 1213 1071
f 1071 1213 1072
f 1072 1213 1214
f 1072 1214 1073
f 1073 1214 1215
f 1073 1215 1216
f 1073 1216 1074
f 1074 1216 1217
f 1074 1217 1076
f 1074 1076 1075
f 1076 1218 1084
f 1076 1084 1219
f 1076 1219 1077
f 1076 1217 1220
f 1076 1220 1218
f 1077 1219 1221
f 1077 1221 1084
f 1077 1084 1083
f 1077 1083 1082
f 1078 1081 1222
f 1078 1222 1094
f 1078 1094 1079
f 1080 1087 1081
f 1081 1087 1223
f 1081 1223 1222
f 1084 1221 1219
f 1084 1218 1085
f 1085 1224 1225
f 1085 1225 1086
f 1085 1218 1226
f 1085 1226 1227
f 1085 1227 1224
f 1086 1225 1087
f 1087 1225 1228
f 1087 1228 1229
f 1087 1229 1230
f 1087 1230 1222
f 1087 1222 1223
f 1088 1093 1108
f 1091 1096 1231
f 1091 1231 1232
f 1091 1232 1233
f 1091 1233 1234
f 1091 1234 1235
f 1091 1235 1092
f 1092 1235 1110
f 1092 1110 1108
f 1092 1108 1093
f 1094 1222 1236
f 1094 1236 1237
f 1094 1237 1095
f 1095 1237 1096
f 1096 1237 1238
f 1096 1238 1231
f 1098 1239 1100
f 1098 1099 1240
f 1098 1240 1239
f 1099 1112 1240
f 1100 1239 1103
f 1100 1103 1101
f 1103 1239 1241
f 1103 1241 1242
f 1103 1242 1116
f 1103 1116 1104
f 1104 1115 1105
f 1105 1115 1106
f 1106 1243 1107
f 1106 1115 1243
f 1107 1243 1244
f 1108 1110 1109
f 1110 1235 1245
f 1110 1245 1111
f 1111 1245 1246
f 1111 1246 1247
f 1111 1247 1125
f 1111 1125 1136
f 1111 1136 1248
f 1111 1248 1240
f 1111 1240 1112
f 1113 1115 1114
f 1113 1249 1115
f 1115 1249 1243
f 1116 1242 1118
f 1118 1242 1250
f 1118 1250 1119
f 1119 1250 1120
f 1120 1251 1122
f 1120 1122 1121
f 1120 1250 1251
f 1122 1251 1250
f 1122 1250 1252
f 1122 1252 1248
f 1122 1248 1136
f 1123 1125 1253
f 1123 1253 1126
f 1125 1137 1136
f 1125 1247 1254
f 1125 1254 1253
f 1126 1253 1127
f 1127 1255 1128
f 1127 1253 1254
f 1127 1254 1255
f 1128 1255 1256
f 1128 1256 1129
f 1129 1256 1257
f 1129 1257 1131
f 1129 1131 1130
f 1131 1133 1132
f 1131 1257 1258
f 1131 1258 1259
f 1131 1259 1142
f 1133 1141 1135
f 1133 1135 1134
f 1135 1141 1140
f 1135 1140 1138
f 1142 1259 1260
f 1142 1260 1145
f 1144 1261 1262
f 1144 1262 1263
f 1144 1263 1264
f 1144 1264 1146
f 1144 1146 1150
f 1144 1145 1260
f 1144 1260 1259
f 1144 1259 1265
f 1144 1265 1266
f 1144 1266 1267
f 1144 1267 1261
f 1146 1264 1268
f 1146 1268 1269
f 1146 1269 1270
f 1146 1270 1271
f 1146 1271 1147
f 1147 1271 1148
f 1148 1271 1272
f 1148 1272 1273
f 1148 1273 1274
f 1148 1274 1149
f 1149 1274 1151
f 1151 1274 1275
f 1151 1275 1276
f 1151 1276 1277
f 1151 1277 1152
f 1152 1277 1153
f 1153 1277 1278
f 1153 1278 1279
f 1153 1279 1280
f 1153 1280 1154
f 1154 1280 1279
f 1154 1279 1281
f 1154 1281 1155
f 1155 1281 1282
f 1155 1282 1156
f 1156 1282 1157
f 1157 1160 1159
f 1157 1159 1158
f 1157 1282 1283
f 1157 1283 1284
f 1157 1284 1285
f 1157 1285 1162
f 1167 1211 1208
f 1167 1208 1286
f 1167 1286 1344
f 1167 1344 1287
f 1167 1287 1288
f 1167 1288 1289
f 1167 1289 1290
f 1167 1290 1291
f 1167 1291 1292
f 1167 1292 1293
f 1167 1293 1294
f 1167 1294 1168
f 1168 1294 1295
f 1168 1295 1169
f 1169 1295 1170
f 1170 1296 1172
f 1170 1172 1171
f 1170 1295 1296
f 1172 1296 1297
f 1172 1297 1173
f 1173 1298 1299
f 1173 1299 1300
f 1173 1300 1174
f 1173 1297 1298
f 1174 1300 1301
f 1174 1301 1302
f 1174 1302 1303
f 1174 1303 1176
f 1175 1178 1304
f 1175 1304 1305
f 1175 1305 1306
f 1175 1306 1179
f 1176 1303 1177
f 1177 1307 1308
f 1177 1308 1309
f 1177 1309 1310
f 1177 1310 1178
f 1177 1303 1307
f 1178 1310 1311
f 1178 1311 1305
f 1178 1305 1304
f 1179 1306 1181
f 1180 1184 1312
f 1180 1312 1313
f 1180 1313 1185
f 1181 1306 1314
f 1181 1314 1315
f 1181 1315 1182
f 1182 1315 1316
f 1182 1316 1317
f 1182 1317 1318
f 1182 1318 1183
f 1183 1318 1319
f 1183 1319 1320
f 1183 1320 1321
f 1183 1321 1184
f 1184 1321 1313
f 1184 1313 1312
f 1185 1313 1186
f 1186 1322 1187
f 1186 1313 1323
f 1186 1323 1193
f 1186 1193 1322
f 1187 1322 1324
f 1187 1324 1188
f 1188 1324 1189
f 1189 1324 1322
f 1189 1322 1193
f 1190 1193 1325
f 1190 1325 1326
f 1190 1326 1327
f 1190 1327 1191
f 1191 1327 1194
f 1193 1323 1328
f 1193 1328 1325
f 1194 1329 1195
f 1194 1327 1330
f 1194 1330 1331
f 1194 1331 1329
f 1195 1329 1332
f 1195 1332 1196
f 1196 1332 1333
f 1196 1333 1334
f 1196 1334 1197
f 1197 1334 1335
f 1197 1335 1198
f 1200 1336 1201
f 1201 1336 1337
f 1201 1337 1338
f 1201 1338 1339
f 1201 1339 1202
f 1202 1339 1203
f 1203 1340 1204
f 1203 1339 1341
f 1203 1341 1340
f 1204 1340 1205
f 1205 1340 1342
f 1205 1342 1207
f 1205 1207 1206
f 1207 1342 1208
f 1208 1342 1343
f 1208 1343 1344
f 1208 1344 1286
f 1208 1211 1209
f 1209 1211 1210
f 1212 1345 1213
f 1213 1345 1346
f 1213 1346 1347
f 1213 1347 1214
f 1214 1347 1215
f 1215 1348 1216
f 1215 1347 1348
f 1216 1348 1349
f 1216 1349 1350
f 1216 1350 1217
f 1217 1350 1351
f 1217 1351 1352
f 1217 1352 1220
f 1218 1220 1353
f 1218 1353 1354
f 1218 1354 1227
f 1218 1227 1226
f 1220 1352 1355
f 1220 1355 1353
f 1222 1230 1236
f 1224 1228 1225
f 1224 1227 1356
f 1224 1356 1228
f 1227 1357 1358
f 1227 1358 1356
f 1227 1354 1359
f 1227 1359 1360
f 1227 1360 1361
f 1227 1361 1357
f 1228 1356 1358
f 1228 1358 1362
f 1228 1362 1363
f 1228 1363 1364
f 1228 1364 1365
f 1228 1365 1229
f 1229 1364 1366
f 1229 1366 1230
f 1229 1365 1364
f 1230 1366 1367
f 1230 1367 1236
f 1231 1233 1232
f 1231 1238 1233
f 1233 1238 1368
f 1233 1368 1369
f 1233 1369 1364
f 1233 1364 1370
f 1233 1370 1234
f 1234 1370 1371
f 1234 1371 1372
f 1234 1372 1373
f 1234 1373 1374
f 1234 1374 1235
f 1235 1374 1245
f 1236 1367 1368
f 1236 1368 1237
f 1237 1368 1238
f 1239 1240 1241
f 1240 1248 1375
f 1240 1375 1376
f 1240 1376 1241
f 1241 1376 1242
f 1242 1376 1250
f 1243 1249 1244
f 1245 1374 1373
f 1245 1373 1377
f 1245 1377 1246
f 1246 1254 1247
f 1246 1377 1378
f 1246 1378 1379
f 1246 1379 1254
f 1248 1252 1375
f 1250 1376 1252
f 1252 1376 1375
f 1254 1379 1256
f 1254 1256 1255
f 1256 1379 1380
f 1256 1380 1257
f 1257 1381 1382
f 1257 1382 1383
f 1257 1383 1258
f 1257 1380 1381
f 1258 1383 1265
f 1258 1265 1259
f 1261 1384 1385
f 1261 1385 1262
f 1261 1267 1384
f 1262 1385 1386
f 1262 1386 1387
f 1262 1387 1388
f 1262 1388 1263
f 1263 1388 1389
f 1263 1389 1268
f 1263 1268 1264
f 1265 1390 1266
f 1265 1383 1390
f 1266 1390 1391
f 1266 1391 1392
f 1266 1392 1384
f 1266 1384 1267
f 1268 1389 1393
f 1268 1393 1394
f 1268 1394 1395
f 1268 1395 1269
f 1269 1395 1396
f 1269 1396 1271
f 1269 1271 1270
f 1271 1396 1397
f 1271 1397 1398
f 1271 1398 1399
f 1271 1399 1400
f 1271 1400 1401
f 1271 1401 1272
f 1272 1401 1402
f 1272 1402 1273
f 1273 1275 1274
f 1273 1402 1403
f 1273 1403 1275
f 1275 1403 1276
f 1276 1404 1405
f 1276 1405 1406
f 1276 1406 1277
f 1276 1403 1407
f 1276 1407 1408
f 1276 1408 1404
f 1277 1409 1279
f 1277 1279 1278
f 1277 1406 1405
f 1277 1405 1409
f 1279 1409 1405
f 1279 1405 1410
f 1279 1410 1282
f 1279 1282 1281
f 1282 1410 1405
f 1282 1405 1411
f 1282 1411 1412
f 1282 1412 1283
f 1283 1412 1413
f 1283 1413 1414
f 1283 1414 1415
f 1283 1415 1285
f 1283 1285 1284
f 1287 1344 1288
f 1288 1344 1416
f 1288 1416 1289
f 1289 1416 1290
f 1290 1417 1418
f 1290 1418 1419
f 1290 1419 1420
f 1290 1420 1422
f 1290 1422 1291
f 1290 1416 1421
f 1290 1421 1417
f 1291 1422 1292
f 1292 1422 1423
f 1292 1423 1424
f 1292 1424 1566
f 1292 1566 1425
f 1292 1425 1426
f 1292 1426 1293
f 1293 1426 1427
f 1293 1427 1428
f 1293 1428 1296
f 1293 1296 1294
f 1294 1296 1295
f 1296 1428 1427
f 1296 1427 1429
f 1296 1429 1297
f 1297 1429 1430
f 1297 1430 1298
f 1298 1430 1299
f 1299 1430 1431
f 1299 1431 1300
f 1300 1303 1302
f 1300 1302 1301
f 1300 1431 1432
f 1300 1432 1433
f 1300 1433 1434
f 1300 1434 1303
f 1303 1434 1308
f 1303 1308 1307
f 1305 1435 1314
f 1305 1314 1306
f 1305 1311 1310
f 1305 1310 1436
f 1305 1436 1437
f 1305 1437 1438
f 1305 1438 1435
f 1308 1434 1439
f 1308 1439 1583
f 1308 1583 1440
f 1308 1440 1441
f 1308 1441 1442
f 1308 1442 1309
f 1309 1442 1443
f 1309 1443 1310
f 1310 1443 1441
f 1310 1441 1444
f 1310 1444 1436
f 1313 1321 1328
f 1313 1328 1323
f 1314 1435 1445
f 1314 1445 1316
f 1314 1316 1315
f 1316 1445 1318
f 1316 1318 1317
f 1318 1445 1319
f 1319 1446 1321
f 1319 1321 1320
f 1319 1445 1446
f 1321 1446 1447
f 1321 1447 1448
f 1321 1448 1449
f 1321 1449 1450
f 1321 1450 1451
f 1321 1451 1452
f 1321 1452 1453
f 1321 1453 1327
f 1321 1327 1328
f 1325 1328 1326
f 1326 1328 1327
f 1327 1453 1330
f 1329 1454 1333
f 1329 1333 1332
f 1329 1331 1455
f 1329 1455 1454
f 1330 1452 1456
f 1330 1456 1457
f 1330 1457 1331
f 1330 1453 1452
f 1331 1457 1458
f 1331 1458 1459
f 1331 1459 1455
f 1333 1454 1460
f 1333 1460 1334
f 1334 1461 1335
f 1334 1460 1462
f 1334 1462 1461
f 1335 1461 1463
f 1337 1464 1465
f 1337 1465 1466
f 1337 1466 1338
f 1338 1466 1467
f 1338 1467 1339
f 1339 1467 1466
f 1339 1466 1468
f 1339 1468 1469
f 1339 1469 1341
f 1340 1341 1470
f 1340 1470 1471
f 1340 1471 1342
f 1341 1469 1470
f 1342 1471 1472
f 1342 1472 1473
f 1342 1473 1416
f 1342 1416 1344
f 1342 1344 1343
f 1345 1474 1346
f 1346 1475 1347
f 1346 1474 1475
f 1347 1475 1476
f 1347 1476 1477
f 1347 1477 1478
f 1347 1478 1479
f 1347 1479 1480
f 1347 1480 1481
f 1347 1481 1482
f 1347 1482 1348
f 1348 1482 1349
f 1349 1483 1484
f 1349 1484 1485
f 1349 1485 1486
f 1349 1486 1487
f 1349 1487 1351
f 1349 1351 1350
f 1349 1482 1488
f 1349 1488 1489
f 1349 1489 1490
f 1349 1490 1483
f 1351 1487 1486
f 1351 1486 1491
f 1351 1491 1492
f 1351 1492 1352
f 1352 1492 1493
f 1352 1493 1355
f 1353 1355 1494
f 1353 1494 1495
f 1353 1495 1496
f 1353 1496 1354
f 1354 1496 1359
f 1355 1493 1497
f 1355 1497 1498
f 1355 1498 1499
f 1355 1499 1500
f 1355 1500 1494
f 1357 1361 1501
f 1357 1501 1502
f 1357 1502 1358
f 1358 1502 1503
f 1358 1503 1362
f 1359 1496 1504
f 1359 1504 1360
f 1360 1505 1361
f 1360 1504 1506
f 1360 1506 1505
f 1361 1505 1507
f 1361 1507 1508
f 1361 1508 1501
f 1362 1371 1509
f 1362 1509 1363
f 1362 1503 1510
f 1362 1510 1371
f 1363 1509 1364
f 1364 1369 1366
f 1364 1509 1370
f 1366 1369 1367
f 1367 1369 1368
f 1370 1509 1371
f 1371 1511 1512
f 1371 1512 1372
f 1371 1510 1513
f 1371 1513 1514
f 1371 1514 1515
f 1371 1515 1511
f 1372 1512 1516
f 1372 1516 1378
f 1372 1378 1373
f 1373 1378 1377
f 1378 1516 1517
f 1378 1517 1382
f 1378 1382 1381
f 1378 1381 1380
f 1378 1380 1379
f 1382 1517 1518
f 1382 1518 1519
f 1382 1519 1520
f 1382 1520 1521
f 1382 1521 1522
f 1382 1522 1383
f 1383 1522 1390
f 1384 1392 1385
f 1385 1523 1524
f 1385 1524 1387
f 1385 1387 1386
f 1385 1392 1525
f 1385 1525 1526
f 1385 1526 1523
f 1387 1524 1527
f 1387 1527 1394
f 1387 1394 1389
f 1387 1389 1388
f 1389 1394 1393
f 1390 1522 1528
f 1390 1528 1525
f 1390 1525 1391
f 1391 1525 1392
f 1394 1527 1395
f 1395 1527 1529
f 1395 1529 1530
f 1395 1530 1531
f 1395 1531 1396
f 1396 1531 1532
f 1396 1532 1533
f 1396 1533 1397
f 1397 1533 1534
f 1397 1534 1535
f 1397 1535 1398
f 1398 1535 1399
f 1399 1535 1536
f 1399 1536 1400
f 1400 1536 1403
f 1400 1403 1401
f 1401 1403 1402
f 1403 1537 1538
f 1403 1538 1408
f 1403 1408 1407
f 1403 1536 1539
f 1403 1539 1540
f 1403 1540 1541
f 1403 1541 1542
f 1403 1542 1537
f 1404 1543 1405
f 1404 1408 1543
f 1405 1543 1544
f 1405 1544 1545
f 1405 1545 1546
f 1405 1546 1547
f 1405 1547 1411
f 1408 1538 1537
f 1408 1537 1548
f 1408 1548 1543
f 1411 1547 1549
f 1411 1549 1412
f 1412 1549 1550
f 1412 1550 1413
f 1413 1550 1551
f 1416 1473 1417
f 1416 1417 1421
f 1417 1552 1553
f 1417 1553 1418
f 1417 1473 1554
f 1417 1554 1552
f 1418 1555 1419
f 1418 1553 1469
f 1418 1469 1556
f 1418 1556 1557
f 1418 1557 1558
f 1418 1558 1559
f 1418 1559 1555
f 1419 1555 1422
f 1419 1422 1420
f 1422 1555 1559
f 1422 1559 1560
f 1422 1560 1561
f 1422 1561 1562
f 1422 1562 1563
f 1422 1563 1564
f 1422 1564 1565
f 1422 1565 1423
f 1423 1565 1424
f 1424 1565 1566
f 1425 1566 1426
f 1426 1566 1427
f 1427 1566 1567
f 1427 1567 1429
f 1429 1567 1430
f 1430 1567 1568
f 1430 1568 1569
f 1430 1569 1431
f 1431 1570 1571
f 1431 1571 1432
f 1431 1569 1570
f 1432 1572 1573
f 1432 1573 1574
f 1432 1574 1575
f 1432 1575 1576
f 1432 1576 1433
f 1432 1571 1570
f 1432 1570 1572
f 1433 1576 1577
f 1433 1577 1578
f 1433 1578 1434
f 1434 1578 1439
f 1435 1438 1445
f 1436 1444 1579
f 1436 1579 1438
f 1436 1438 1437
f 1438 1579 1580
f 1438 1580 1581
f 1438 1581 1445
f 1439 1578 1709
f 1439 1709 1582
f 1439 1582 1583
f 1440 1583 1584
f 1440 1584 1444
f 1440 1444 1441
f 1441 1443 1442
f 1444 1584 1585
f 1444 1585 1586
f 1444 1586 1579
f 1445 1581 1446
f 1446 1581 1447
f 1447 1581 1580
f 1447 1580 1587
f 1447 1587 1588
f 1447 1588 1589
f 1447 1589 1448
f 1448 1589 1590
f 1448 1590 1449
f 1449 1591 1592
f 1449 1592 1450
f 1449 1590 1589
f 1449 1589 1591
f 1450 1592 1593
f 1450 1593 1594
f 1450 1594 1451
f 1451 1594 1595
f 1451 1595 1452
f 1452 1595 1596
f 1452 1596 1456
f 1454 1455 1597
f 1454 1597 1460
f 1455 1459 1597
f 1456 1596 1598
f 1456 1598 1457
f 1457 1598 1599
f 1457 1599 1600
f 1457 1600 1601
f 1457 1601 1458
f 1458 1601 1459
f 1459 1601 1602
f 1459 1602 1603
f 1459 1603 1604
f 1459 1604 1597
f 1460 1597 1605
f 1460 1605 1462
f 1461 1462 1605
f 1461 1605 1606
f 1461 1606 1463
f 1464 1607 1465
f 1465 1607 1608
f 1465 1608 1609
f 1465 1609 1466
f 1466 1609 1610
f 1466 1610 1611
f 1466 1611 1469
f 1466 1469 1468
f 1469 1612 1556
f 1469 1553 1552
f 1469 1552 1554
f 1469 1554 1470
f 1469 1611 1612
f 1470 1554 1471
f 1471 1554 1472
f 1472 1554 1473
f 1474 1613 1475
f 1475 1614 1476
f 1475 1613 1614
f 1480 1482 1481
f 1480 1488 1482
f 1483 1490 1484
f 1484 1490 1615
f 1484 1615 1616
f 1484 1616 1617
f 1484 1617 1618
f 1484 1618 1485
f 1485 1618 1486
f 1486 1618 1619
f 1486 1619 1491
f 1489 1620 1615
f 1489 1615 1490
f 1491 1619 1621
f 1491 1621 1622
f 1491 1622 1753
f 1491 1753 1623
f 1491 1623 1624
f 1491 1624 1492
f 1492 1624 1625
f 1492 1625 1493
f 1493 1625 1626
f 1493 1626 1497
f 1494 1500 1495
f 1495 1627 1628
f 1495 1628 1496
f 1495 1500 1629
f 1495 1629 1627
f 1496 1628 1504
f 1497 1626 1630
f 1497 1630 1631
f 1497 1631 1632
f 1497 1632 1633
f 1497 1633 1498
f 1498 1633 1499
f 1499 1633 1629
f 1499 1629 1500
f 1501 1510 1503
f 1501 1503 1502
f 1501 1508 1510
f 1504 1628 1506
f 1505 1634 1508
f 1505 1508 1507
f 1505 1506 1635
f 1505 1635 1634
f 1506 1628 1635
f 1508 1634 1636
f 1508 1636 1637
f 1508 1637 1510
f 1510 1637 1638
f 1510 1638 1514
f 1510 1514 1513
f 1511 1517 1516
f 1511 1516 1512
f 1511 1515 1518
f 1511 1518 1517
f 1514 1638 1639
f 1514 1639 1640
f 1514 1640 1519
f 1514 1519 1515
f 1515 1519 1518
f 1519 1640 1520
f 1520 1639 1641
f 1520 1641 1521
f 1520 1640 1639
f 1521 1641 1642
f 1521 1642 1522
f 1522 1642 1528
f 1523 1526 1643
f 1523 1643 1524
f 1524 1529 1527
f 1524 1643 1644
f 1524 1644 1645
f 1524 1645 1529
f 1525 1528 1642
f 1525 1642 1641
f 1525 1641 1646
f 1525 1646 1647
f 1525 1647 1643
f 1525 1643 1526
f 1529 1648 1649
f 1529 1649 1650
f 1529 1650 1530
f 1529 1645 1651
f 1529 1651 1648
f 1530 1650 1652
f 1530 1652 1531
f 1531 1652 1532
f 1532 1653 1654
f 1532 1654 1655
f 1532 1655 1533
f 1532 1652 1653
f 1533 1654 1534
f 1533 1655 1654
f 1534 1656 1535
f 1534 1654 1656
f 1535 1656 1657
f 1535 1657 1536
f 1536 1658 1539
f 1536 1657 1658
f 1537 1659 1660
f 1537 1660 1548
f 1537 1542 1661
f 1537 1661 1659
f 1539 1658 1662
f 1539 1662 1540
f 1540 1662 1663
f 1540 1663 1541
f 1541 1664 1665
f 1541 1665 1666
f 1541 1666 1542
f 1541 1663 1667
f 1541 1667 1664
f 1542 1666 1665
f 1542 1665 1668
f 1542 1668 1669
f 1542 1669 1670
f 1542 1670 1661
f 1543 1545 1544
f 1543 1548 1660
f 1543 1660 1671
f 1543 1671 1672
f 1543 1672 1673
f 1543 1673 1545
f 1545 1674 1546
f 1545 1673 1672
f 1545 1672 1675
f 1545 1675 1674
f 1546 1674 1551
f 1546 1551 1676
f 1546 1676 1549
f 1546 1549 1547
f 1549 1676 1550
f 1550 1676 1551
f 1551 1674 1677
f 1551 1677 1678
f 1556 1612 1557
f 1557 1679 1558
f 1557 1612 1679
f 1558 1679 1680
f 1558 1680 1681
f 1558 1681 1682
f 1558 1682 1683
f 1558 1683 1684
f 1558 1684 1559
f 1559 1684 1683
f 1559 1683 1685
f 1559 1685 1560
f 1560 1685 1686
f 1560 1686 1687
f 1560 1687 1688
f 1560 1688 1689
f 1560 1689 1690
f 1560 1690 1562
f 1560 1562 1561
f 1562 1690 1691
f 1562 1691 1692
f 1562 1692 1693
f 1562 1693 1563
f 1563 1693 1694
f 1563 1694 1565
f 1563 1565 1564
f 1565 1694 1695
f 1565 1695 1566
f 1566 1568 1567
f 1566 1695 1568
f 1568 1695 1696
f 1568 1696 1570
f 1568 1570 1569
f 1570 1696 1697
f 1570 1697 1572
f 1572 1697 1698
f 1572 1698 1699
f 1572 1699 1573
f 1573 1699 1575
f 1573 1575 1574
f 1575 1700 1701
f 1575 1701 1702
f 1575 1702 1576
f 1575 1699 1703
f 1575 1703 1704
f 1575 1704 1705
f 1575 1705 1706
f 1575 1706 1700
f 1576 1702 1707
f 1576 1707 1577
f 1577 1707 1578
f 1578 1707 1708
f 1578 1708 1709
f 1579 1586 1710
f 1579 1710 1588
f 1579 1588 1580
f 1580 1588 1587
f 1582 1709 1583
f 1583 1709 1711
f 1583 1711 1584
f 1584 1711 1585
f 1585 1711 1712
f 1585 1712 1586
f 1586 1712 1710
f 1588 1713 1589
f 1588 1710 1844
f 1588 1844 1713
f 1589 1713 1714
f 1589 1714 1591
f 1591 1714 1715
f 1591 1715 1716
f 1591 1716 1717
f 1591 1717 1592
f 1592 1717 1718
f 1592 1718 1593
f 1593 1718 1719
f 1593 1719 1594
f 1594 1719 1720
f 1594 1720 1721
f 1594 1721 1722
f 1594 1722 1595
f 1595 1722 1723
f 1595 1723 1596
f 1596 1723 1724
f 1596 1724 1598
f 1597 1725 1605
f 1597 1604 1738
f 1597 1738 1725
f 1598 1726 1599
f 1598 1724 1727
f 1598 1727 1728
f 1598 1728 1729
f 1598 1729 1726
f 1599 1726 1730
f 1599 1730 1600
f 1600 1730 1731
f 1600 1731 1732
f 1600 1732 1733
f 1600 1733 1601
f 1601 1733 1602
f 1602 1734 1735
f 1602 1735 1603
f 1602 1733 1864
f 1602 1864 1736
f 1602 1736 1737
f 1602 1737 1734
f 1603 1735 1604
f 1604 1735 1738
f 1605 1725 1856
f 1605 1856 1739
f 1605 1739 1740
f 1605 1740 1606
f 1607 1741 1742
f 1607 1742 1608
f 1608 1742 1609
f 1609 1743 1610
f 1609 1742 1744
f 1609 1744 1745
f 1609 1745 1743
f 1610 1743 1612
f 1610 1612 1611
f 1612 1743 1745
f 1612 1745 1817
f 1612 1817 1680
f 1612 1680 1679
f 1615 1620 1616
f 1616 1620 1752
f 1616 1752 1746
f 1616 1746 1747
f 1616 1747 1617
f 1617 1747 1618
f 1618 1748 1749
f 1618 1749 1621
f 1618 1621 1619
f 1618 1747 1750
f 1618 1750 1751
f 1618 1751 1748
f 1621 1749 1622
f 1622 1749 1753
f 1623 1753 1625
f 1623 1625 1624
f 1625 1753 1754
f 1625 1754 1755
f 1625 1755 1626
f 1626 1755 1756
f 1626 1756 1630
f 1627 1629 1757
f 1627 1757 1628
f 1628 1758 1635
f 1628 1757 1759
f 1628 1759 1758
f 1629 1633 1760
f 1629 1760 1761
f 1629 1761 1757
f 1630 1756 1762
f 1630 1762 1631
f 1631 1763 1764
f 1631 1764 1765
f 1631 1765 1766
f 1631 1766 1767
f 1631 1767 1768
f 1631 1768 1769
f 1631 1769 1632
f 1631 1762 1763
f 1632 1769 1633
f 1633 1769 1770
f 1633 1770 1760
f 1634 1635 1771
f 1634 1771 1636
f 1635 1758 1772
f 1635 1772 1773
f 1635 1773 1774
f 1635 1774 1771
f 1636 1771 1775
f 1636 1775 1776
f 1636 1776 1639
f 1636 1639 1777
f 1636 1777 1637
f 1637 1777 1638
f 1638 1777 1639
f 1639 1776 1778
f 1639 1778 1779
f 1639 1779 1641
f 1641 1779 1780
f 1641 1780 1781
f 1641 1781 1646
f 1643 1647 1646
f 1643 1646 1782
f 1643 1782 1644
f 1644 1783 1784
f 1644 1784 1645
f 1644 1782 1783
f 1645 1784 1651
f 1646 1781 1785
f 1646 1785 1783
f 1646 1783 1782
f 1648 1786 1649
f 1648 1651 1784
f 1648 1784 1786
f 1649 1786 1787
f 1649 1787 1650
f 1650 1787 1788
f 1650 1788 1652
f 1652 1788 1653
f 1653 1789 1654
f 1653 1788 1789
f 1654 1790 1656
f 1654 1789 1791
f 1654 1791 1792
f 1654 1792 1790
f 1656 1790 1657
f 1657 1790 1792
f 1657 1792 1658
f 1658 1792 1793
f 1658 1793 1662
f 1659 1661 1794
f 1659 1794 1660
f 1660 1794 1795
f 1660 1795 1671
f 1661 1670 1796
f 1661 1796 1794
f 1662 1793 1792
f 1662 1792 1797
f 1662 1797 1798
f 1662 1798 1799
f 1662 1799 1667
f 1662 1667 1663
f 1664 1667 1800
f 1664 1800 1669
f 1664 1669 1668
f 1664 1668 1665
f 1667 1799 1801
f 1667 1801 1802
f 1667 1802 1803
f 1667 1803 1804
f 1667 1804 1805
f 1667 1805 1800
f 1669 1806 1807
f 1669 1807 1670
f 1669 1800 1808
f 1669 1808 1806
f 1670 1807 1809
f 1670 1809 1796
f 1671 1795 1810
f 1671 1810 1672
f 1672 1811 1812
f 1672 1812 1813
f 1672 1813 1675
f 1672 1810 1811
f 1674 1675 1814
f 1674 1814 1677
f 1675 1813 1815
f 1675 1815 1816
f 1675 1816 1814
f 1677 1814 1816
f 1677 1816 1678
f 1680 1817 1681
f 1681 1818 1683
f 1681 1683 1682
f 1681 1817 1819
f 1681 1819 1820
f 1681 1820 1821
f 1681 1821 1818
f 1683 1818 1687
f 1683 1687 1686
f 1683 1686 1685
f 1687 1822 1688
f 1687 1818 1822
f 1688 1822 1823
f 1688 1823 1804
f 1688 1804 1824
f 1688 1824 1825
f 1688 1825 1689
f 1689 1825 1826
f 1689 1826 1691
f 1689 1691 1690
f 1691 1827 1692
f 1691 1826 1828
f 1691 1828 1829
f 1691 1829 1830
f 1691 1830 1827
f 1692 1827 1693
f 1693 1827 1831
f 1693 1831 1694
f 1694 1831 1704
f 1694 1704 1832
f 1694 1832 1695
f 1695 1832 1833
f 1695 1833 1696
f 1696 1833 1697
f 1697 1833 1834
f 1697 1834 1698
f 1698 1834 1699
f 1699 1834 1704
f 1699 1704 1703
f 1700 1835 1701
f 1700 1706 1835
f 1701 1835 1702
f 1702 1836 1837
f 1702 1837 1838
f 1702 1838 1707
f 1702 1835 1839
f 1702 1839 1836
f 1704 1834 1832
f 1704 1831 1827
f 1704 1827 1830
f 1704 1830 1706
f 1704 1706 1705
f 1706 1830 1829
f 1706 1829 1835
f 1707 1838 1840
f 1707 1840 1841
f 1707 1841 1842
f 1707 1842 1708
f 1708 1842 1843
f 1708 1843 1709
f 1709 1843 1711
f 1710 1712 1844
f 1711 1843 1712
f 1712 1845 1844
f 1712 1843 1715
f 1712 1715 1845
f 1713 1844 1845
f 1713 1845 1715
f 1713 1715 1714
f 1715 1843 1846
f 1715 1846 1847
f 1715 1847 1716
f 1716 1847 1717
f 1717 1847 1841
f 1717 1841 1718
f 1718 1841 1848
f 1718 1848 1849
f 1718 1849 1850
f 1718 1850 1719
f 1719 1850 1851
f 1719 1851 1720
f 1720 1852 1723
f 1720 1723 1721
f 1720 1851 1853
f 1720 1853 1854
f 1720 1854 1852
f 1721 1723 1722
f 1723 1852 1855
f 1723 1855 1727
f 1723 1727 1724
f 1725 1738 1856
f 1726 1857 1731
f 1726 1731 1730
f 1726 1729 1857
f 1727 1855 1858
f 1727 1858 1859
f 1727 1859 1860
f 1727 1860 1728
f 1728 1860 1729
f 1729 1860 1861
f 1729 1861 1862
f 1729 1862 1863
f 1729 1863 1731
f 1729 1731 1857
f 1731 1863 1732
f 1732 1864 1733
f 1732 1863 1862
f 1732 1862 1865
f 1732 1865 1866
f 1732 1866 1864
f 1734 1737 1867
f 1734 1867 1868
f 1734 1868 1869
f 1734 1869 1735
f 1735 1870 1871
f 1735 1871 1738
f 1735 1869 1870
f 1736 1864 1866
f 1736 1866 1872
f 1736 1872 1962
f 1736 1962 1873
f 1736 1873 1737
f 1737 1873 1874
f 1737 1874 1867
f 1738 1875 1856
f 1738 1871 1875
f 1741 1876 1742
f 1742 1876 1877
f 1742 1877 1744
f 1744 1878 1819
f 1744 1819 1745
f 1744 1877 1879
f 1744 1879 1880
f 1744 1880 1878
f 1745 1819 1817
f 1746 1752 1881
f 1746 1881 1882
f 1746 1882 1883
f 1746 1883 1747
f 1747 1883 1884
f 1747 1884 1750
f 1748 1885 1753
f 1748 1753 1749
f 1748 1751 1885
f 1750 1884 1886
f 1750 1886 1751
f 1751 1886 1887
f 1751 1887 1888
f 1751 1888 1889
f 1751 1889 1885
f 1753 1885 1754
f 1754 1756 1755
f 1754 1885 1889
f 1754 1889 1888
f 1754 1888 1956
f 1754 1956 1890
f 1754 1890 1891
f 1754 1891 1756
f 1756 1891 1763
f 1756 1763 1762
f 1757 1761 1892
f 1757 1892 1759
f 1758 1759 1893
f 1758 1893 1772
f 1759 1892 1894
f 1759 1894 1893
f 1760 1770 1895
f 1760 1895 1896
f 1760 1896 1892
f 1760 1892 1761
f 1763 1897 1898
f 1763 1898 1765
f 1763 1765 1764
f 1763 1891 1899
f 1763 1899 1897
f 1765 1900 1901
f 1765 1901 1767
f 1765 1767 1766
f 1765 1898 1902
f 1765 1902 1903
f 1765 1903 1904
f 1765 1904 1905
f 1765 1905 1906
f 1765 1906 1907
f 1765 1907 1900
f 1767 1901 1770
f 1767 1770 1908
f 1767 1908 1768
f 1768 1908 1769
f 1769 1908 1770
f 1770 1901 1909
f 1770 1909 1910
f 1770 1910 1895
f 1771 1774 1775
f 1772 1893 1911
f 1772 1911 1912
f 1772 1912 1778
f 1772 1778 1913
f 1772 1913 1914
f 1772 1914 1775
f 1772 1775 1915
f 1772 1915 1773
f 1773 1915 1774
f 1774 1915 1775
f 1775 1914 1913
f 1775 1913 1776
f 1776 1913 1778
f 1778 1912 1916
f 1778 1916 1917
f 1778 1917 1780
f 1778 1780 1779
f 1780 1917 1781
f 1781 1917 1785
f 1783 1918 1919
f 1783 1919 1784
f 1783 1785 1918
f 1784 1919 1920
f 1784 1920 1786
f 1785 1917 1921
f 1785 1921 1922
f 1785 1922 1918
f 1786 1920 1923
f 1786 1923 1924
f 1786 1924 1925
f 1786 1925 1787
f 1787 1925 1788
f 1788 1925 1926
f 1788 1926 1789
f 1789 1926 1791
f 1791 1926 1838
f 1791 1838 1837
f 1791 1837 1792
f 1792 1836 1927
f 1792 1927 1797
f 1792 1837 1836
f 1794 1796 1810
f 1794 1810 1795
f 1796 1928 1929
f 1796 1929 1810
f 1796 1809 1820
f 1796 1820 1819
f 1796 1819 1930
f 1796 1930 1931
f 1796 1931 1932
f 1796 1932 1928
f 1797 1927 1933
f 1797 1933 1798
f 1798 1933 1799
f 1799 1933 1934
f 1799 1934 1801
f 1800 1805 1808
f 1801 1935 1936
f 1801 1936 1937
f 1801 1937 1802
f 1801 1934 1927
f 1801 1927 1938
f 1801 1938 1835
f 1801 1835 1935
f 1802 1937 1803
f 1803 1937 1939
f 1803 1939 1940
f 1803 1940 1804
f 1804 1940 1824
f 1804 1823 1822
f 1804 1822 1806
f 1804 1806 1805
f 1805 1806 1808
f 1806 1822 1807
f 1807 1822 1821
f 1807 1821 1809
f 1809 1821 1820
f 1810 1929 1928
f 1810 1928 1941
f 1810 1941 1942
f 1810 1942 1943
f 1810 1943 1811
f 1811 1943 1812
f 1812 1943 1813
f 1813 1943 1815
f 1815 1943 1942
f 1815 1942 1816
f 1818 1821 1822
f 1819 1878 1944
f 1819 1944 1930
f 1824 1940 1825
f 1825 1940 1826
f 1826 1940 1939
f 1826 1939 1828
f 1828 1939 1945
f 1828 1945 1936
f 1828 1936 1829
f 1829 1936 1835
f 1832 1834 1833
f 1835 1938 1839
f 1835 1936 1935
f 1836 1839 1938
f 1836 1938 1927
f 1838 1926 1925
f 1838 1925 1840
f 1840 1946 1841
f 1840 1925 1947
f 1840 1947 1946
f 1841 1946 1848
f 1841 1847 1843
f 1841 1843 1842
f 1843 1847 1846
f 1848 1946 1948
f 1848 1948 1849
f 1849 1948 1850
f 1850 1948 1853
f 1850 1853 1851
f 1852 1854 1855
f 1853 1948 1949
f 1853 1949 1950
f 1853 1950 1951
f 1853 1951 1854
f 1854 1951 1952
f 1854 1952 1858
f 1854 1858 1855
f 1858 1952 1859
f 1859 1952 1953
f 1859 1953 1860
f 1860 1954 1861
f 1860 1953 1955
f 1860 1955 1903
f 1860 1903 1897
f 1860 1897 1954
f 1861 1954 1862
f 1862 1954 1899
f 1862 1899 1956
f 1862 1956 1865
f 1865 1957 1958
f 1865 1958 1866
f 1865 1956 1959
f 1865 1959 1957
f 1866 1958 1960
f 1866 1960 1872
f 1872 1960 1961
f 1872 1961 1962
f 1873 1962 1874
f 1874 1962 1963
f 1878 1964 1965
f 1878 1965 1944
f 1878 1880 1966
f 1878 1966 1964
f 1882 1967 1883
f 1882 1968 1969
f 1882 1969 1967
f 1883 1967 1884
f 1884 1970 1886
f 1884 1967 1969
f 1884 1969 1970
f 1886 1970 1971
f 1886 1971 1887
f 1887 1971 1957
f 1887 1957 1959
f 1887 1959 1888
f 1888 1959 1956
f 1890 1956 1972
f 1890 1972 1891
f 1891 1972 1899
f 1892 1896 1973
f 1892 1973 1974
f 1892 1974 1975
f 1892 1975 1894
f 1893 1894 1911
f 1894 1975 1911
f 1895 1910 1976
f 1895 1976 1977
f 1895 1977 1896
f 1896 1977 1973
f 1897 1899 1954
f 1897 1903 1902
f 1897 1902 1898
f 1899 1972 1956
f 1900 1907 1978
f 1900 1978 1979
f 1900 1979 1901
f 1901 1979 1980
f 1901 1980 1909
f 1903 1955 1905
f 1903 1905 1904
f 1905 1955 1952
f 1905 1952 1906
f 1906 1952 1981
f 1906 1981 1950
f 1906 1950 1978
f 1906 1978 1907
f 1909 1980 1982
f 1909 1982 1983
f 1909 1983 1910
f 1910 1983 1976
f 1911 1975 1912
f 1912 1975 1974
f 1912 1974 1984
f 1912 1984 1916
f 1916 1984 1985
f 1916 1985 1922
f 1916 1922 1917
f 1917 1922 1921
f 1918 1922 1985
f 1918 1985 1986
f 1918 1986 1919
f 1919 1987 1920
f 1919 1986 1987
f 1920 1987 1923
f 1923 1987 1988
f 1923 1988 1989
f 1923 1989 1990
f 1923 1990 1924
f 1924 1990 1947
f 1924 1947 1925
f 1927 1934 1933
f 1928 1932 1991
f 1928 1991 1992
f 1928 1992 1993
f 1928 1993 1994
f 1928 1994 1941
f 1930 1944 1995
f 1930 1995 1931
f 1931 1996 1932
f 1931 1995 1997
f 1931 1997 1996
f 1932 1996 1998
f 1932 1998 1991
f 1936 1945 1939
f 1936 1939 1937
f 1941 1994 1942
f 1944 1965 1995
f 1946 1947 1999
f 1946 1999 2000
f 1946 2000 1948
f 1947 1990 2001
f 1947 2001 1999
f 1948 2000 2002
f 1948 2002 1979
f 1948 1979 1978
f 1948 1978 1949
f 1949 1978 1950
f 1950 1981 1952
f 1950 1952 1951
f 1952 1955 1953
f 1957 1971 2003
f 1957 2003 2004
f 1957 2004 2005
f 1957 2005 1960
f 1957 1960 1958
f 1960 2005 1961
f 1961 2005 2004
f 1961 2004 2006
f 1961 2006 2007
f 1961 2007 1962
f 1962 2007 1963
f 1964 1966 1965
f 1965 2008 1995
f 1968 2007 1969
f 1969 2007 2006
f 1969 2006 2004
f 1969 2004 2003
f 1969 2003 1970
f 1970 2003 1971
f 1973 1977 1988
f 1973 1988 1974
f 1974 1986 1985
f 1974 1985 1984
f 1974 1988 1986
f 1976 1983 1977
f 1977 1983 2009
f 1977 2009 1988
f 1979 2002 1980
f 1980 2002 1982
f 1982 2009 1983
f 1982 2002 2009
f 1986 1988 1987
f 1988 2009 2010
f 1988 2010 1989
f 1989 2010 1990
f 1990 2010 2001
f 1995 2008 1997
f 1999 2001 2011
f 1999 2011 2000
f 2000 2011 2002
f 2001 2010 2011
f 2002 2011 2009
f 2009 2011 2010

