# https://github.com/mikedh/trimesh
v 0.01285144 0.01600636 -0.00028491
v 0.01300157 0.01602224 -0.00028491
v 0.01300157 0.01602171 -0.00013470
v 0.01285144 0.01600689 -0.00013470
v 0.01270160 0.01601271 -0.00028491
v 0.01270160 0.01601536 -0.00043438
v 0.01285144 0.01601007 -0.00043438
v 0.01300157 0.01602754 -0.00043438
v 0.01311431 0.01606565 -0.00043438
v 0.01311895 0.01606247 -0.00028491
v 0.01312011 0.01606195 -0.00013470
v 0.01285144 0.01601907 -0.00073479
v 0.01285144 0.01603706 -0.00133415
v 0.01285144 0.01604659 -0.00163456
v 0.01285144 0.01605136 -0.00178403
v 0.01293984 0.01608047 -0.00223465
v 0.01285144 0.01600954 0.00001550
v 0.01311779 0.01606353 0.00001550
v 0.01311489 0.01606565 0.00016570
v 0.01300157 0.01602807 0.00016570
v 0.01270160 0.01601324 -0.00013470
v 0.01259552 0.01605295 -0.00028491
v 0.01259523 0.01605400 -0.00043438
v 0.01259610 0.01605665 -0.00058459
v 0.01259958 0.01606300 -0.00088500
v 0.01260219 0.01606618 -0.00103447
v 0.01260857 0.01607306 -0.00133415
v 0.01270160 0.01602013 -0.00058459
v 0.01277348 0.01608630 -0.00293900
v 0.01294853 0.01607677 -0.00208444
v 0.01295693 0.01607306 -0.00193424
v 0.01296505 0.01606936 -0.00178403
v 0.01318937 0.01610853 -0.00043438
v 0.01310793 0.01606989 -0.00058459
v 0.01352963 0.01638538 -0.00218288
v 0.01335863 0.01624722 -0.00133415
v 0.01336530 0.01624351 -0.00118395
v 0.01319401 0.01610641 -0.00028491
v 0.01319517 0.01610535 -0.00013470
v 0.01319285 0.01610641 0.00001550
v 0.01339573 0.01622604 0.00016570
v 0.01278159 0.01608630 -0.00293900
v 0.01292708 0.01608682 -0.00246214
v 0.01285144 0.01601271 0.00016570
v 0.01318995 0.01610800 0.00016570
v 0.01330183 0.01617523 0.00031591
v 0.01318561 0.01611012 0.00031591
v 0.01311054 0.01606830 0.00031591
v 0.01300157 0.01603336 0.00031591
v 0.01285144 0.01601695 0.00031591
v 0.01270160 0.01601642 0.00001550
v 0.01260132 0.01605930 0.00031591
v 0.01259958 0.01605718 0.00016570
v 0.01259813 0.01605506 0.00001550
v 0.01259668 0.01605347 -0.00013470
v 0.01254828 0.01616199 -0.00043438
v 0.01249119 0.01628110 -0.00313514
v 0.01245583 0.01636156 -0.00478374
v 0.01257089 0.01619958 -0.00343482
v 0.01261233 0.01607677 -0.00148435
v 0.01262190 0.01608365 -0.00178403
v 0.01262509 0.01608630 -0.00187882
v 0.01270160 0.01614294 -0.00373523
v 0.01270160 0.01615035 -0.00388470
v 0.01285144 0.01613658 -0.00373523
v 0.01337457 0.01623822 -0.00092583
v 0.01330183 0.01618158 -0.00058459
v 0.01330183 0.01617099 -0.00028491
v 0.01337109 0.01624034 -0.00103447
v 0.01309199 0.01607888 -0.00088500
v 0.01313778 0.01612017 -0.00117811
v 0.01326792 0.01621546 -0.00163456
v 0.01330849 0.01627263 -0.00223465
v 0.01322850 0.01623610 -0.00232433
v 0.01319923 0.01625145 -0.00283473
v 0.01319053 0.01625622 -0.00298494
v 0.01318155 0.01626151 -0.00313514
v 0.01343254 0.01635679 -0.00253433
v 0.01350760 0.01639808 -0.00253433
v 0.01360179 0.01645419 -0.00253433
v 0.01370787 0.01651824 -0.00253433
v 0.01372381 0.01650819 -0.00223465
v 0.01373048 0.01650395 -0.00208444
v 0.01360875 0.01642878 -0.00208444
v 0.01353948 0.01637956 -0.00193424
v 0.01354499 0.01637585 -0.00178403
v 0.01330183 0.01616887 -0.00013470
v 0.01339689 0.01622498 0.00001550
v 0.01367135 0.01639014 0.00046538
v 0.01346847 0.01627051 0.00031591
v 0.01285144 0.01612917 -0.00358503
v 0.01300157 0.01618475 -0.00343482
v 0.01300157 0.01617523 -0.00328462
v 0.01300157 0.01616623 -0.00313514
v 0.01315170 0.01619058 -0.00223465
v 0.01315170 0.01618158 -0.00208444
v 0.01270160 0.01602013 0.00016570
v 0.01359658 0.01634726 0.00046538
v 0.01366845 0.01639226 0.00061559
v 0.01346471 0.01627210 0.00046538
v 0.01366382 0.01639438 0.00076579
v 0.01338964 0.01622975 0.00046538
v 0.01330183 0.01618052 0.00046538
v 0.01310330 0.01607306 0.00046538
v 0.01300157 0.01604024 0.00046538
v 0.01338443 0.01623292 0.00061559
v 0.01337979 0.01623557 0.00071694
v 0.01330183 0.01618793 0.00061559
v 0.01285144 0.01603865 0.00091600
v 0.01285144 0.01602754 0.00061559
v 0.01295404 0.01607571 0.00151608
v 0.01294331 0.01607994 0.00166629
v 0.01293404 0.01608365 0.00178951
v 0.01285144 0.01605559 0.00136588
v 0.01285144 0.01604977 0.00121568
v 0.01270160 0.01602436 0.00031591
v 0.01277203 0.01608682 0.00220513
v 0.01261262 0.01607306 0.00106620
v 0.01260509 0.01606459 0.00061559
v 0.01260306 0.01606195 0.00046538
v 0.01255987 0.01616199 0.00031591
v 0.01255205 0.01616199 -0.00013470
v 0.01254973 0.01616199 -0.00028491
v 0.01249003 0.01629009 -0.00283473
v 0.01249003 0.01628480 -0.00298494
v 0.01246481 0.01635468 -0.00373523
v 0.01243554 0.01646213 -0.00478374
v 0.01255147 0.01631074 -0.00478374
v 0.01262509 0.01623663 -0.00456354
v 0.01261465 0.01623081 -0.00448552
v 0.01260219 0.01622287 -0.00433532
v 0.01259610 0.01621863 -0.00418511
v 0.01259031 0.01621440 -0.00403491
v 0.01258451 0.01621069 -0.00388470
v 0.01257929 0.01620699 -0.00373523
v 0.01257466 0.01620328 -0.00358503
v 0.01270160 0.01616411 -0.00403491
v 0.01285144 0.01614717 -0.00388470
v 0.01338906 0.01622922 -0.00043438
v 0.01355426 0.01637003 -0.00148435
v 0.01339312 0.01622710 -0.00028491
v 0.01347108 0.01627157 -0.00013470
v 0.01339602 0.01622551 -0.00013470
v 0.01309721 0.01622604 -0.00328462
v 0.01308736 0.01623134 -0.00343482
v 0.01349746 0.01640391 -0.00268453
v 0.01360179 0.01646584 -0.00268453
v 0.01378264 0.01656588 -0.00253433
v 0.01379105 0.01656059 -0.00238485
v 0.01379887 0.01655530 -0.00223465
v 0.01369802 0.01652460 -0.00268453
v 0.01377308 0.01657224 -0.00268453
v 0.01380554 0.01655159 -0.00208444
v 0.01373540 0.01650078 -0.00193424
v 0.01362005 0.01642243 -0.00178403
v 0.01367164 0.01639014 0.00016570
v 0.01367222 0.01639014 0.00031591
v 0.01375192 0.01643831 0.00046538
v 0.01375192 0.01643990 0.00061559
v 0.01298824 0.01620063 -0.00373523
v 0.01301403 0.01620275 -0.00358357
v 0.01262422 0.01608471 0.00166629
v 0.01261813 0.01607888 0.00136588
v 0.01375192 0.01644413 0.00076579
v 0.01375192 0.01644943 0.00091600
v 0.01365802 0.01639755 0.00091600
v 0.01331516 0.01620434 0.00076652
v 0.01316938 0.01611753 0.00061559
v 0.01309431 0.01607782 0.00061559
v 0.01375192 0.01645631 0.00106620
v 0.01365019 0.01640126 0.00106620
v 0.01337399 0.01623875 0.00081683
v 0.01308504 0.01608259 0.00076579
v 0.01307924 0.01608577 0.00085985
v 0.01301838 0.01611488 0.00166629
v 0.01300157 0.01617205 0.00256678
v 0.01292534 0.01608735 0.00188941
v 0.01285144 0.01606936 0.00166629
v 0.01278014 0.01608682 0.00220513
v 0.01270160 0.01603495 0.00061559
v 0.01262596 0.01608682 0.00175233
v 0.01285144 0.01612335 0.00266376
v 0.01270160 0.01612441 0.00266376
v 0.01275725 0.01608471 0.00211617
v 0.01260741 0.01606777 0.00076579
v 0.01261523 0.01607624 0.00121568
v 0.01259900 0.01619111 0.00266376
v 0.01256625 0.01616199 0.00061559
v 0.01257176 0.01626998 0.00266376
v 0.01255959 0.01631233 0.00266376
v 0.01246974 0.01635626 -0.00313514
v 0.01246858 0.01635415 -0.00328462
v 0.01246742 0.01635362 -0.00343482
v 0.01243815 0.01661247 -0.00478374
v 0.01247235 0.01636526 -0.00283473
v 0.01247351 0.01637108 -0.00268453
v 0.01247467 0.01637797 -0.00253433
v 0.01247583 0.01638326 -0.00241693
v 0.01255582 0.01640973 0.00266376
v 0.01255640 0.01646213 0.00266376
v 0.01270131 0.01630333 -0.00478374
v 0.01263001 0.01623663 -0.00456354
v 0.01285144 0.01616729 -0.00403491
v 0.01297403 0.01620804 -0.00388470
v 0.01295838 0.01621757 -0.00403491
v 0.01362933 0.01641661 -0.00148435
v 0.01375192 0.01646584 -0.00073479
v 0.01366353 0.01639543 -0.00028491
v 0.01346819 0.01627368 -0.00028491
v 0.01366700 0.01639332 -0.00013470
v 0.01375192 0.01644255 0.00001550
v 0.01375192 0.01643937 0.00016570
v 0.01359484 0.01634515 0.00001550
v 0.01308040 0.01623504 -0.00353253
v 0.01348673 0.01641079 -0.00283473
v 0.01340037 0.01637320 -0.00298494
v 0.01367947 0.01653571 -0.00292442
v 0.01368642 0.01653148 -0.00283473
v 0.01347543 0.01641767 -0.00298494
v 0.01388727 0.01664105 -0.00253433
v 0.01387858 0.01664740 -0.00268453
v 0.01389915 0.01663047 -0.00223465
v 0.01389365 0.01663576 -0.00238485
v 0.01376149 0.01658018 -0.00283473
v 0.01386785 0.01665535 -0.00283473
v 0.01390205 0.01661829 -0.00193424
v 0.01381047 0.01654842 -0.00193424
v 0.01381974 0.01654206 -0.00163456
v 0.01374004 0.01649760 -0.00178403
v 0.01375192 0.01643831 0.00031591
v 0.01386843 0.01651030 0.00061559
v 0.01386669 0.01651189 0.00076579
v 0.01307228 0.01623981 -0.00363315
v 0.01262103 0.01608206 0.00151608
v 0.01385858 0.01651718 0.00106620
v 0.01352644 0.01638749 0.00188722
v 0.01385249 0.01652089 0.00121568
v 0.01375192 0.01646478 0.00121568
v 0.01363252 0.01641079 0.00136588
v 0.01352151 0.01639014 0.00196597
v 0.01332038 0.01626574 0.00166629
v 0.01324531 0.01622763 0.00166629
v 0.01315170 0.01618052 0.00166629
v 0.01312677 0.01621175 0.00226638
v 0.01310417 0.01622287 0.00256678
v 0.01300157 0.01618105 0.00266376
v 0.01285144 0.01611753 0.00256678
v 0.01270160 0.01604606 0.00091600
v 0.01269406 0.01608047 0.00180774
v 0.01247670 0.01668181 -0.00261964
v 0.01244974 0.01676227 -0.00478374
v 0.01300302 0.02141420 0.00266376
v 0.01285144 0.01633774 -0.00478374
v 0.01279000 0.01623398 -0.00442281
v 0.01285144 0.01619693 -0.00418511
v 0.01292824 0.01623610 -0.00426459
v 0.01293926 0.01622975 -0.00418511
v 0.01304910 0.01625410 -0.00388470
v 0.01306301 0.01624563 -0.00373523
v 0.01303345 0.01626363 -0.00403491
v 0.01301432 0.01627474 -0.00418511
v 0.01374931 0.01649178 -0.00148435
v 0.01382670 0.01653730 -0.00140634
v 0.01375192 0.01648225 -0.00118395
v 0.01384061 0.01652777 -0.00088500
v 0.01385191 0.01651983 -0.00043438
v 0.01375192 0.01645578 -0.00043438
v 0.01383278 0.01653307 -0.00118395
v 0.01375192 0.01645102 -0.00028491
v 0.01375192 0.01644625 -0.00013470
v 0.01386177 0.01651295 0.00001550
v 0.01386467 0.01651136 0.00016570
v 0.01386669 0.01651030 0.00031591
v 0.01361339 0.01650078 -0.00297838
v 0.01358585 0.01650025 -0.00313514
v 0.01367106 0.01654101 -0.00302431
v 0.01338037 0.01638485 -0.00323139
v 0.01396176 0.01669875 -0.00253433
v 0.01395335 0.01670563 -0.00268453
v 0.01397393 0.01668975 -0.00223465
v 0.01397654 0.01668764 -0.00215809
v 0.01391654 0.01663735 -0.00209902
v 0.01396842 0.01669399 -0.00238485
v 0.01373830 0.01658177 -0.00297838
v 0.01385539 0.01666487 -0.00298494
v 0.01394263 0.01671463 -0.00283473
v 0.01399856 0.01666911 -0.00133415
v 0.01390205 0.01660559 -0.00163456
v 0.01382438 0.01653889 -0.00148435
v 0.01397944 0.01668499 -0.00205819
v 0.01386785 0.01651030 0.00046538
v 0.01394292 0.01656112 0.00061559
v 0.01394147 0.01656218 0.00076579
v 0.01337196 0.01639014 -0.00333128
v 0.01393306 0.01656800 0.00106620
v 0.01393741 0.01656483 0.00091600
v 0.01361455 0.01642031 0.00166629
v 0.01375192 0.01647431 0.00136588
v 0.01375192 0.01648437 0.00151608
v 0.01392727 0.01657224 0.00121568
v 0.01384467 0.01652618 0.00136588
v 0.01376525 0.01650236 0.00166848
v 0.01360179 0.01643408 0.00196597
v 0.01351108 0.01639543 0.00211617
v 0.01344645 0.01635150 0.00196597
v 0.01343601 0.01635679 0.00211617
v 0.01322096 0.01623981 0.00200170
v 0.01330183 0.01628904 0.00211617
v 0.01319082 0.01625516 0.00241658
v 0.01317894 0.01626310 0.00256678
v 0.01312011 0.01624192 0.00266376
v 0.01309373 0.01622816 0.00266376
v 0.01342268 0.01636261 0.00226638
v 0.01247583 0.01668975 -0.00271953
v 0.01309402 0.02141420 -0.00478374
v 0.01393538 0.02141420 0.00266376
v 0.01297085 0.01637108 -0.00478374
v 0.01284477 0.01626045 -0.00447750
v 0.01289028 0.01624616 -0.00436448
v 0.01284477 0.01622551 -0.00432292
v 0.01304504 0.01639808 -0.00478374
v 0.01306968 0.01639014 -0.00469187
v 0.01308417 0.01638220 -0.00459125
v 0.01315170 0.01631868 -0.00388470
v 0.01334820 0.01640496 -0.00358503
v 0.01336240 0.01639596 -0.00343482
v 0.01313344 0.01634991 -0.00418511
v 0.01316300 0.01634673 -0.00403418
v 0.01323198 0.01638379 -0.00398314
v 0.01324299 0.01637691 -0.00388470
v 0.01309721 0.01637373 -0.00448552
v 0.01388843 0.01658283 -0.00134727
v 0.01391538 0.01658494 -0.00088500
v 0.01392292 0.01657859 -0.00058459
v 0.01392640 0.01657541 -0.00043438
v 0.01393017 0.01657277 -0.00028491
v 0.01385539 0.01651718 -0.00028491
v 0.01385887 0.01651507 -0.00013470
v 0.01393944 0.01656536 0.00016570
v 0.01394147 0.01656324 0.00031591
v 0.01394234 0.01656218 0.00046538
v 0.01345167 0.01645208 -0.00343482
v 0.01366092 0.01654789 -0.00313514
v 0.01404638 0.01678080 -0.00268453
v 0.01412145 0.01684168 -0.00268453
v 0.01412580 0.01683797 -0.00259776
v 0.01411131 0.01684962 -0.00283473
v 0.01405160 0.01676333 -0.00238485
v 0.01413333 0.01683162 -0.00238485
v 0.01403827 0.01673634 -0.00209902
v 0.01413797 0.01682738 -0.00223465
v 0.01375192 0.01661194 -0.00313514
v 0.01384090 0.01667652 -0.00313514
v 0.01391596 0.01673475 -0.00313514
v 0.01401161 0.01680992 -0.00313514
v 0.01408667 0.01686920 -0.00313514
v 0.01393017 0.01672416 -0.00298494
v 0.01402465 0.01679933 -0.00298494
v 0.01409971 0.01685915 -0.00298494
v 0.01406957 0.01673528 -0.00148435
v 0.01407363 0.01673210 -0.00133415
v 0.01400639 0.01666276 -0.00103447
v 0.01390205 0.01659923 -0.00148435
v 0.01404204 0.01663629 0.00061559
v 0.01404146 0.01663735 0.00076579
v 0.01403827 0.01663999 0.00091600
v 0.01403450 0.01664264 0.00106620
v 0.01383626 0.01653148 0.00151608
v 0.01383018 0.01653518 0.00162035
v 0.01402871 0.01664688 0.00121568
v 0.01391944 0.01657806 0.00136588
v 0.01382409 0.01653889 0.00172024
v 0.01373048 0.01650607 0.00196597
v 0.01360179 0.01644625 0.00211617
v 0.01349775 0.01640338 0.00226638
v 0.01337921 0.01638591 0.00264845
v 0.01335979 0.01637744 0.00266376
v 0.01340616 0.01637056 0.00241658
v 0.01330183 0.01633086 0.00256678
v 0.01395509 0.02141420 -0.00478374
v 0.01403392 0.02124692 0.00266376
v 0.01415913 0.02141420 0.00121203
v 0.01315170 0.01645896 -0.00478374
v 0.01314126 0.01642773 -0.00463937
v 0.01317227 0.01642296 -0.00448552
v 0.01333371 0.01641502 -0.00373523
v 0.01325864 0.01636738 -0.00373523
v 0.01355513 0.01651824 -0.00343482
v 0.01320850 0.01639914 -0.00418511
v 0.01322067 0.01639120 -0.00408303
v 0.01328994 0.01642931 -0.00403418
v 0.01331806 0.01642561 -0.00388470
v 0.01391162 0.01658812 -0.00103447
v 0.01401016 0.01665958 -0.00088500
v 0.01401393 0.01665640 -0.00073479
v 0.01402146 0.01665058 -0.00043438
v 0.01402842 0.01664476 -0.00013470
v 0.01393654 0.01656747 0.00001550
v 0.01403508 0.01663999 0.00016570
v 0.01403769 0.01663841 0.00031591
v 0.01404001 0.01663682 0.00046538
v 0.01364585 0.01655848 -0.00328462
v 0.01426723 0.01699572 -0.00298494
v 0.01427361 0.01699042 -0.00287848
v 0.01427882 0.01698566 -0.00277859
v 0.01428317 0.01698142 -0.00268453
v 0.01418840 0.01688879 -0.00254235
v 0.01419217 0.01693378 -0.00298494
v 0.01428868 0.01697613 -0.00253433
v 0.01414203 0.01682368 -0.00208444
v 0.01405769 0.01674533 -0.00193424
v 0.01421303 0.01689408 -0.00223465
v 0.01376294 0.01664211 -0.00328097
v 0.01382003 0.01669240 -0.00332837
v 0.01391567 0.01678451 -0.00344357
v 0.01412899 0.01698566 -0.00366961
v 0.01413768 0.01697878 -0.00358503
v 0.01415304 0.01696660 -0.00343482
v 0.01418086 0.01694437 -0.00313514
v 0.01416724 0.01695549 -0.00328462
v 0.01425593 0.01700472 -0.00313514
v 0.01408145 0.01672575 -0.00103447
v 0.01415333 0.01681362 -0.00163456
v 0.01411710 0.01669558 0.00061559
v 0.01411652 0.01669558 0.00076579
v 0.01411305 0.01669875 0.00091600
v 0.01410928 0.01670193 0.00106620
v 0.01410377 0.01670616 0.00121568
v 0.01402030 0.01665323 0.00136588
v 0.01391133 0.01658494 0.00151608
v 0.01388901 0.01658283 0.00166848
v 0.01381713 0.01654312 0.00181649
v 0.01371859 0.01651295 0.00211617
v 0.01360179 0.01646266 0.00226638
v 0.01348123 0.01641290 0.00241658
v 0.01339544 0.01639861 0.00266376
v 0.01338906 0.01638008 0.00256678
v 0.01367889 0.01653624 0.00249679
v 0.01410087 0.02113893 -0.00478374
v 0.01400465 0.02141420 -0.00447386
v 0.01439881 0.02068687 -0.00448552
v 0.01443968 0.02061170 -0.00448552
v 0.01449272 0.02051324 -0.00448552
v 0.01443127 0.02059635 -0.00457958
v 0.01427796 0.02119081 0.00114714
v 0.01433360 0.02049683 0.00266376
v 0.01518598 0.01925921 0.00117193
v 0.01516627 0.01936191 0.00106620
v 0.01517467 0.01938202 0.00097724
v 0.01518337 0.01940214 0.00087735
v 0.01515844 0.01949689 0.00076579
v 0.01510338 0.01961282 0.00076579
v 0.01488804 0.02001036 0.00091600
v 0.01458343 0.02060165 0.00102683
v 0.01417768 0.02141367 0.00106620
v 0.01417623 0.02141420 0.00107495
v 0.01324734 0.01652301 -0.00478374
v 0.01326589 0.01651030 -0.00463500
v 0.01328473 0.01649813 -0.00448552
v 0.01330183 0.01646054 -0.00418511
v 0.01353919 0.01652883 -0.00358503
v 0.01341341 0.01651189 -0.00403491
v 0.01343051 0.01650078 -0.00388470
v 0.01352963 0.01653518 -0.00367252
v 0.01408522 0.01672257 -0.00088500
v 0.01409652 0.01671305 -0.00043438
v 0.01410000 0.01670987 -0.00028491
v 0.01410696 0.01670458 0.00001550
v 0.01411015 0.01670193 0.00016570
v 0.01411275 0.01669928 0.00031591
v 0.01411507 0.01669716 0.00046538
v 0.01362991 0.01657012 -0.00343482
v 0.01434404 0.01707036 -0.00298494
v 0.01433563 0.01707988 -0.00313514
v 0.01442866 0.01713547 -0.00277859
v 0.01442403 0.01714023 -0.00287848
v 0.01435824 0.01705659 -0.00268453
v 0.01436374 0.01705236 -0.00253433
v 0.01429245 0.01697243 -0.00238485
v 0.01421709 0.01689091 -0.00208444
v 0.01373337 0.01664529 -0.00343482
v 0.01371656 0.01665746 -0.00358503
v 0.01380844 0.01670140 -0.00343482
v 0.01377482 0.01672681 -0.00373523
v 0.01411768 0.01699413 -0.00377023
v 0.01421245 0.01708941 -0.00387960
v 0.01427969 0.01713494 -0.00382564
v 0.01418811 0.01704336 -0.00372575
v 0.01421274 0.01703965 -0.00358503
v 0.01422782 0.01702748 -0.00343482
v 0.01424231 0.01701583 -0.00328462
v 0.01429998 0.01711482 -0.00358503
v 0.01431244 0.01710265 -0.00343482
v 0.01432462 0.01709100 -0.00328462
v 0.01416058 0.01680727 -0.00133415
v 0.01419420 0.01677021 0.00061559
v 0.01419449 0.01677074 0.00076579
v 0.01419275 0.01677339 0.00091600
v 0.01418985 0.01677657 0.00106620
v 0.01418550 0.01678133 0.00121568
v 0.01417855 0.01678874 0.00136588
v 0.01409537 0.01671357 0.00136588
v 0.01401016 0.01666011 0.00151608
v 0.01390205 0.01660770 0.00181649
v 0.01380554 0.01655053 0.00196597
v 0.01379366 0.01655848 0.00211617
v 0.01370439 0.01652142 0.00226638
v 0.01368816 0.01653095 0.00241658
v 0.01357977 0.01650977 0.00266376
v 0.01373801 0.01659182 0.00255512
v 0.01366266 0.01654683 0.00259741
v 0.01360846 0.01652724 0.00266376
v 0.01377946 0.01656800 0.00226638
v 0.01376323 0.01658018 0.00241658
v 0.01419420 0.02096266 -0.00478374
v 0.01401277 0.02141420 -0.00442063
v 0.01460835 0.02034597 -0.00433532
v 0.01468835 0.02019987 -0.00432657
v 0.01472052 0.02012576 -0.00437032
v 0.01465096 0.02021310 -0.00448552
v 0.01445881 0.02051960 -0.00463208
v 0.01425506 0.02084620 -0.00478374
v 0.01504686 0.01972769 0.00076579
v 0.01463270 0.01974516 0.00266376
v 0.01517177 0.01921898 0.00127182
v 0.01520076 0.01916658 0.00121932
v 0.01523496 0.01916287 0.00106620
v 0.01519670 0.01928674 0.00106620
v 0.01481935 0.01916234 0.00266376
v 0.01520597 0.01932433 0.00092256
v 0.01523322 0.01931268 0.00076579
v 0.01519177 0.01942173 0.00076579
v 0.01520047 0.01943919 0.00061559
v 0.01516627 0.01951436 0.00061559
v 0.01495527 0.01991296 0.00076579
v 0.01489760 0.02002889 0.00076579
v 0.01485992 0.02010406 0.00076579
v 0.01418927 0.02141367 0.00091600
v 0.01417739 0.02141420 0.00106547
v 0.01332153 0.01657594 -0.00478374
v 0.01334095 0.01656271 -0.00463500
v 0.01335979 0.01654948 -0.00448552
v 0.01337167 0.01654101 -0.00438927
v 0.01338385 0.01653254 -0.00428938
v 0.01339602 0.01652354 -0.00418511
v 0.01351832 0.01654312 -0.00377242
v 0.01416695 0.01680039 -0.00103447
v 0.01416985 0.01679721 -0.00088500
v 0.01417565 0.01679086 -0.00058459
v 0.01418086 0.01678504 -0.00028491
v 0.01418579 0.01677921 0.00001550
v 0.01418811 0.01677657 0.00016570
v 0.01419246 0.01677233 0.00046538
v 0.01419043 0.01677445 0.00031591
v 0.01441910 0.01714552 -0.00298494
v 0.01441069 0.01715452 -0.00313514
v 0.01456401 0.01730115 -0.00298494
v 0.01457039 0.01729427 -0.00283473
v 0.01457473 0.01729004 -0.00272901
v 0.01451996 0.01722651 -0.00268088
v 0.01443214 0.01713176 -0.00268453
v 0.01443620 0.01712700 -0.00253433
v 0.01436751 0.01704971 -0.00238485
v 0.01429563 0.01696925 -0.00223465
v 0.01361600 0.01663470 -0.00389637
v 0.01367541 0.01668817 -0.00395324
v 0.01410493 0.01700419 -0.00388470
v 0.01418231 0.01709259 -0.00403491
v 0.01383974 0.01682738 -0.00403491
v 0.01426955 0.01714394 -0.00392554
v 0.01444576 0.01726727 -0.00358503
v 0.01437505 0.01719264 -0.00358503
v 0.01428723 0.01712700 -0.00373523
v 0.01442200 0.01744302 -0.00468239
v 0.01443069 0.01743349 -0.00458250
v 0.01439417 0.01732180 -0.00418511
v 0.01439968 0.01716617 -0.00328462
v 0.01426926 0.01684538 0.00061559
v 0.01426955 0.01684485 0.00076579
v 0.01426752 0.01684697 0.00046538
v 0.01426781 0.01684644 0.00091600
v 0.01426491 0.01684962 0.00106620
v 0.01426028 0.01685385 0.00121568
v 0.01425361 0.01686020 0.00136588
v 0.01424462 0.01686761 0.00151608
v 0.01416985 0.01679774 0.00151608
v 0.01407508 0.01673210 0.00166629
v 0.01398958 0.01667652 0.00181649
v 0.01400001 0.01666805 0.00166629
v 0.01391509 0.01663523 0.00197034
v 0.01389162 0.01663364 0.00211617
v 0.01387887 0.01664317 0.00226638
v 0.01386380 0.01665535 0.00241658
v 0.01384206 0.01667387 0.00256678
v 0.01375192 0.01663153 0.00266376
v 0.01372178 0.01660876 0.00266376
v 0.01365077 0.01655530 0.00266376
v 0.01402639 0.02141420 -0.00433094
v 0.01404783 0.02141420 -0.00418584
v 0.01457445 0.02043331 -0.00423615
v 0.01472863 0.02014111 -0.00427042
v 0.01475617 0.02007071 -0.00432657
v 0.01474660 0.02002677 -0.00448552
v 0.01470834 0.02010194 -0.00448552
v 0.01441968 0.02057412 -0.00467947
v 0.01459850 0.02017711 -0.00478374
v 0.01518598 0.01911894 0.00132286
v 0.01523177 0.01901254 0.00121568
v 0.01525901 0.01901254 0.00106620
v 0.01525582 0.01916287 0.00091600
v 0.01489122 0.01886167 0.00266376
v 0.01525003 0.01931268 0.00061559
v 0.01526249 0.01931268 0.00046538
v 0.01527350 0.01931268 0.00031591
v 0.01520655 0.01944872 0.00046538
v 0.01511729 0.01961282 0.00061559
v 0.01521119 0.01945613 0.00031591
v 0.01517003 0.01952336 0.00046538
v 0.01420028 0.02141420 0.00076506
v 0.01418898 0.02141420 0.00091527
v 0.01342442 0.01665164 -0.00478374
v 0.01345949 0.01664740 -0.00462114
v 0.01345167 0.01661670 -0.00448552
v 0.01357310 0.01665270 -0.00418511
v 0.01347108 0.01657806 -0.00418511
v 0.01348847 0.01656483 -0.00403491
v 0.01350557 0.01655212 -0.00388470
v 0.01429853 0.01696607 -0.00208444
v 0.01424202 0.01687185 -0.00103447
v 0.01424492 0.01686920 -0.00088500
v 0.01425071 0.01686391 -0.00058459
v 0.01426086 0.01685385 0.00001550
v 0.01426317 0.01685120 0.00016570
v 0.01426549 0.01684909 0.00031591
v 0.01462574 0.01738479 -0.00313514
v 0.01469066 0.01747637 -0.00328462
v 0.01463328 0.01737632 -0.00298494
v 0.01470081 0.01746578 -0.00313514
v 0.01470834 0.01745784 -0.00298494
v 0.01471414 0.01745149 -0.00283473
v 0.01457821 0.01728580 -0.00262911
v 0.01437360 0.01704442 -0.00208444
v 0.01437070 0.01704706 -0.00223465
v 0.01458024 0.01728368 -0.00253433
v 0.01445069 0.01711164 -0.00163456
v 0.01439562 0.01702113 -0.00073479
v 0.01438345 0.01703383 -0.00148435
v 0.01437621 0.01704177 -0.00193424
v 0.01359107 0.01663999 -0.00403491
v 0.01364817 0.01670881 -0.00418511
v 0.01375192 0.01676069 -0.00403491
v 0.01401248 0.01695972 -0.00403491
v 0.01408754 0.01701795 -0.00403491
v 0.01406986 0.01703171 -0.00418511
v 0.01414695 0.01712117 -0.00433532
v 0.01376149 0.01679350 -0.00417709
v 0.01382960 0.01683532 -0.00412168
v 0.01388872 0.01689038 -0.00417709
v 0.01413420 0.01713123 -0.00444177
v 0.01423970 0.01716987 -0.00418511
v 0.01428056 0.01728368 -0.00457812
v 0.01429042 0.01727468 -0.00448552
v 0.01430549 0.01725986 -0.00433532
v 0.01457358 0.01744090 -0.00379137
v 0.01452083 0.01734721 -0.00358503
v 0.01445823 0.01725404 -0.00343482
v 0.01446489 0.01739696 -0.00418511
v 0.01438751 0.01717940 -0.00343482
v 0.01433737 0.01738003 -0.00478374
v 0.01441185 0.01745360 -0.00478374
v 0.01472718 0.01758753 -0.00366159
v 0.01473356 0.01757906 -0.00358503
v 0.01466632 0.01750389 -0.00358503
v 0.01443910 0.01742449 -0.00448552
v 0.01467878 0.01748907 -0.00343482
v 0.01456575 0.01744990 -0.00388470
v 0.01453329 0.01733397 -0.00343482
v 0.01433969 0.01692002 0.00061559
v 0.01433969 0.01692002 0.00076579
v 0.01433824 0.01692161 0.00091600
v 0.01433447 0.01692637 0.00016570
v 0.01433650 0.01692425 0.00031591
v 0.01433650 0.01692425 0.00106620
v 0.01433360 0.01692902 0.00121568
v 0.01432810 0.01693484 0.00136588
v 0.01432143 0.01694278 0.00151608
v 0.01431389 0.01695178 0.00166629
v 0.01423477 0.01687661 0.00166629
v 0.01415971 0.01680727 0.00166629
v 0.01414898 0.01681680 0.00181649
v 0.01406464 0.01674216 0.00181649
v 0.01398175 0.01668287 0.00192295
v 0.01397364 0.01668975 0.00202284
v 0.01396610 0.01669663 0.00211617
v 0.01395364 0.01670775 0.00226638
v 0.01393857 0.01672257 0.00241658
v 0.01399827 0.01681733 0.00256678
v 0.01382844 0.01668605 0.00264553
v 0.01380554 0.01667334 0.00266376
v 0.01402001 0.01679721 0.00241658
v 0.01406667 0.02141420 -0.00403564
v 0.01473356 0.02015011 -0.00418511
v 0.01477993 0.02006277 -0.00418511
v 0.01484862 0.01992884 -0.00418511
v 0.01484021 0.01989920 -0.00432365
v 0.01480167 0.01991296 -0.00448552
v 0.01476283 0.01992249 -0.00463864
v 0.01475008 0.01988120 -0.00478374
v 0.01473414 0.02000242 -0.00459125
v 0.01472226 0.01997913 -0.00469114
v 0.01471124 0.01995743 -0.00478374
v 0.01517177 0.01906018 0.00142275
v 0.01519467 0.01901148 0.00137025
v 0.01524394 0.01886273 0.00121568
v 0.01518134 0.01896013 0.00145848
v 0.01517003 0.01886273 0.00156129
v 0.01518684 0.01886273 0.00148619
v 0.01521322 0.01886273 0.00136588
v 0.01526684 0.01886273 0.00106620
v 0.01527640 0.01901254 0.00091600
v 0.01527234 0.01916287 0.00076579
v 0.01491528 0.01871240 0.00266376
v 0.01502628 0.01878121 0.00218836
v 0.01528683 0.01916287 0.00061559
v 0.01529959 0.01916287 0.00046538
v 0.01532393 0.01921634 0.00001550
v 0.01532654 0.01923328 -0.00007127
v 0.01528307 0.01931268 0.00016570
v 0.01532944 0.01924333 -0.00017116
v 0.01529147 0.01931268 0.00001550
v 0.01520887 0.01947678 0.00017008
v 0.01512511 0.01961282 0.00046538
v 0.01522394 0.01946248 0.00001550
v 0.01420753 0.02141420 0.00061559
v 0.01518163 0.01954665 0.00001550
v 0.01352499 0.01672734 -0.00478374
v 0.01358701 0.01674322 -0.00462114
v 0.01351485 0.01669663 -0.00466197
v 0.01352731 0.01668711 -0.00456208
v 0.01353658 0.01667970 -0.00448552
v 0.01430607 0.01695760 -0.00163456
v 0.01431331 0.01694913 -0.00118395
v 0.01432780 0.01693378 -0.00028491
v 0.01433244 0.01692902 0.00001550
v 0.01475559 0.01755153 -0.00328462
v 0.01474544 0.01756424 -0.00343482
v 0.01476370 0.01754095 -0.00313514
v 0.01476979 0.01753301 -0.00298494
v 0.01471965 0.01744566 -0.00268453
v 0.01463183 0.01734879 -0.00268088
v 0.01472313 0.01744196 -0.00253433
v 0.01465154 0.01736256 -0.00253433
v 0.01472689 0.01743772 -0.00230319
v 0.01445997 0.01710106 -0.00103447
v 0.01440026 0.01701583 -0.00043438
v 0.01381771 0.01684432 -0.00422157
v 0.01361165 0.01673634 -0.00448552
v 0.01371106 0.01681150 -0.00448552
v 0.01398291 0.01698248 -0.00428646
v 0.01395915 0.01700101 -0.00448552
v 0.01406406 0.01708465 -0.00448917
v 0.01388437 0.01694331 -0.00448552
v 0.01403595 0.01709047 -0.00463500
v 0.01401769 0.01710476 -0.00478374
v 0.01412232 0.01714129 -0.00454239
v 0.01418202 0.01724028 -0.00478374
v 0.01425651 0.01730433 -0.00478374
v 0.01458227 0.01743190 -0.00369075
v 0.01459126 0.01742237 -0.00358503
v 0.01446924 0.01752930 -0.00478374
v 0.01458053 0.01758277 -0.00442865
v 0.01458952 0.01757165 -0.00433532
v 0.01471791 0.01760129 -0.00376148
v 0.01475269 0.01769393 -0.00388470
v 0.01475790 0.01765582 -0.00372065
v 0.01478428 0.01766270 -0.00358503
v 0.01480717 0.01766270 -0.00343482
v 0.01441475 0.01700154 0.00061559
v 0.01441127 0.01700472 0.00031591
v 0.01441301 0.01700313 0.00046538
v 0.01441475 0.01700154 0.00076579
v 0.01441330 0.01700313 0.00091600
v 0.01441156 0.01700472 0.00106620
v 0.01440519 0.01701107 -0.00013470
v 0.01440751 0.01700895 0.00001550
v 0.01440954 0.01700683 0.00016570
v 0.01440867 0.01700789 0.00121568
v 0.01440316 0.01701319 0.00136588
v 0.01439649 0.01702007 0.00151608
v 0.01438896 0.01702748 0.00166629
v 0.01437910 0.01703595 0.00181649
v 0.01430433 0.01696131 0.00181649
v 0.01422405 0.01688614 0.00181649
v 0.01428462 0.01697984 0.00208992
v 0.01413014 0.01683427 0.00206149
v 0.01406377 0.01678292 0.00211325
v 0.01412174 0.01684168 0.00216138
v 0.01403653 0.01678292 0.00226638
v 0.01411160 0.01685120 0.00226638
v 0.01415420 0.01696184 0.00256678
v 0.01396871 0.01682156 0.00266376
v 0.01409508 0.01686656 0.00241658
v 0.01417623 0.01694172 0.00241658
v 0.01385104 0.01671305 0.00266376
v 0.01427651 0.01698778 0.00218982
v 0.01408377 0.02141420 -0.00388616
v 0.01485673 0.01994949 -0.00403491
v 0.01486456 0.01996484 -0.00388470
v 0.01503585 0.01970440 -0.00358503
v 0.01490485 0.01988967 -0.00388470
v 0.01489615 0.01987432 -0.00403491
v 0.01488514 0.01985367 -0.00418511
v 0.01501875 0.01966999 -0.00388470
v 0.01495180 0.01976263 -0.00403491
v 0.01487789 0.01983991 -0.00426532
v 0.01490021 0.01976686 -0.00432365
v 0.01486862 0.01981927 -0.00436521
v 0.01485702 0.01979333 -0.00448552
v 0.01484485 0.01975310 -0.00463208
v 0.01480804 0.01976157 -0.00478374
v 0.01524336 0.01871240 0.00121568
v 0.01501672 0.01842761 0.00240856
v 0.01502918 0.01838685 0.00235314
v 0.01502918 0.01832915 0.00235314
v 0.01514424 0.01886273 0.00166629
v 0.01500020 0.01856312 0.00241658
v 0.01498339 0.01841279 0.00256678
v 0.01526626 0.01871240 0.00106620
v 0.01528336 0.01886273 0.00091600
v 0.01531466 0.01886273 0.00061559
v 0.01532480 0.01886273 0.00051351
v 0.01532886 0.01895378 0.00041216
v 0.01529089 0.01901254 0.00076579
v 0.01493760 0.01856312 0.00266376
v 0.01530480 0.01901254 0.00061559
v 0.01531871 0.01900724 0.00046320
v 0.01532335 0.01905383 0.00034070
v 0.01532712 0.01908771 0.00024081
v 0.01531466 0.01914752 0.00030060
v 0.01531958 0.01918246 0.00016570
v 0.01533495 0.01914117 0.00001550
v 0.01536277 0.01901254 -0.00013470
v 0.01533842 0.01917505 -0.00012668
v 0.01530364 0.01930103 -0.00012668
v 0.01534712 0.01916287 -0.00028491
v 0.01533147 0.01924969 -0.00028491
v 0.01530104 0.01932433 -0.00028491
v 0.01523090 0.01946248 -0.00013470
v 0.01421043 0.02141367 0.00046538
v 0.01421014 0.02141420 0.00046538
v 0.01514656 0.01962817 -0.00013470
v 0.01523640 0.01946248 -0.00028491
v 0.01514888 0.01963293 -0.00028491
v 0.01524075 0.01946248 -0.00043438
v 0.01518945 0.01956200 -0.00043438
v 0.01524423 0.01946248 -0.00058459
v 0.01519119 0.01956465 -0.00058459
v 0.01374004 0.01689038 -0.00478374
v 0.01368092 0.01683427 -0.00472614
v 0.01483877 0.01765317 -0.00313514
v 0.01483645 0.01767646 -0.00327514
v 0.01484485 0.01764311 -0.00298494
v 0.01484920 0.01763570 -0.00283473
v 0.01485355 0.01762882 -0.00268453
v 0.01477414 0.01752665 -0.00283473
v 0.01477848 0.01752083 -0.00268453
v 0.01478167 0.01751660 -0.00253433
v 0.01478399 0.01751395 -0.00238485
v 0.01477500 0.01749754 -0.00224558
v 0.01472834 0.01743614 -0.00220329
v 0.01453271 0.01718628 -0.00118395
v 0.01376728 0.01688244 -0.00463500
v 0.01394060 0.01701530 -0.00463500
v 0.01386582 0.01695760 -0.00463500
v 0.01392118 0.01702960 -0.00478374
v 0.01409218 0.01716458 -0.00478374
v 0.01411102 0.01715029 -0.00463500
v 0.01454372 0.01764205 -0.00478374
v 0.01455966 0.01761506 -0.00463500
v 0.01457039 0.01759706 -0.00452854
v 0.01464980 0.01766270 -0.00433532
v 0.01469240 0.01764099 -0.00403491
v 0.01470632 0.01761876 -0.00388470
v 0.01461589 0.01765370 -0.00448115
v 0.01473965 0.01771616 -0.00403491
v 0.01485239 0.01778339 -0.00358503
v 0.01486340 0.01776222 -0.00343482
v 0.01487152 0.01774792 -0.00331889
v 0.01487818 0.01773575 -0.00321899
v 0.01447851 0.01707618 0.00061559
v 0.01447764 0.01707830 0.00046538
v 0.01447591 0.01707988 0.00031591
v 0.01472979 0.01743455 -0.00208444
v 0.01473124 0.01743243 -0.00193424
v 0.01447793 0.01707618 0.00076579
v 0.01447678 0.01707830 0.00091600
v 0.01447504 0.01707988 0.00106620
v 0.01447272 0.01708306 0.00121568
v 0.01454459 0.01717570 0.00136588
v 0.01446953 0.01708835 0.00136588
v 0.01446489 0.01709471 0.00151608
v 0.01445852 0.01710212 0.00166629
v 0.01445156 0.01711059 0.00181649
v 0.01444286 0.01712064 0.00196597
v 0.01436867 0.01704548 0.00196597
v 0.01429390 0.01697137 0.00196597
v 0.01443446 0.01712964 0.00208992
v 0.01435563 0.01705871 0.00214023
v 0.01422926 0.01703277 0.00256678
v 0.01413652 0.01697825 0.00266376
v 0.01425129 0.01701160 0.00241658
v 0.01426810 0.01699572 0.00226638
v 0.01442664 0.01713758 0.00218982
v 0.01434374 0.01707036 0.00226638
v 0.01408522 0.02141420 -0.00387158
v 0.01516656 0.01951860 -0.00328462
v 0.01503034 0.01969381 -0.00368856
v 0.01502454 0.01968322 -0.00378846
v 0.01520684 0.01944343 -0.00328462
v 0.01518134 0.01939632 -0.00368711
v 0.01517351 0.01937991 -0.00378700
v 0.01518829 0.01940955 -0.00358503
v 0.01516511 0.01936085 -0.00388470
v 0.01502309 0.01952918 -0.00423980
v 0.01496716 0.01961282 -0.00433532
v 0.01503237 0.01954983 -0.00413991
v 0.01489064 0.01971816 -0.00448552
v 0.01488108 0.01969699 -0.00457958
v 0.01485992 0.01964829 -0.00478374
v 0.01523670 0.01856312 0.00121568
v 0.01497324 0.01826298 0.00256678
v 0.01500541 0.01827251 0.00240856
v 0.01499121 0.01811264 0.00226638
v 0.01501846 0.01822328 0.00226638
v 0.01503672 0.01829792 0.00226638
v 0.01518366 0.01845513 0.00147817
v 0.01495614 0.01841279 0.00266376
v 0.01495180 0.01831539 0.00266376
v 0.01525785 0.01856312 0.00106620
v 0.01528191 0.01871240 0.00091600
v 0.01533147 0.01874892 0.00043257
v 0.01533176 0.01886273 0.00043841
v 0.01534277 0.01886273 0.00031591
v 0.01535523 0.01886273 0.00016570
v 0.01536741 0.01886273 0.00001550
v 0.01534190 0.01901254 0.00016570
v 0.01533176 0.01900724 0.00030060
v 0.01535291 0.01901254 0.00001550
v 0.01533002 0.01910729 0.00016570
v 0.01537842 0.01886273 -0.00013470
v 0.01538595 0.01886273 -0.00028491
v 0.01536944 0.01901254 -0.00028491
v 0.01535118 0.01916287 -0.00043438
v 0.01535465 0.01916287 -0.00058459
v 0.01533350 0.01925498 -0.00043438
v 0.01530335 0.01933015 -0.00043438
v 0.01421245 0.02141367 0.00031591
v 0.01421217 0.02141420 0.00031518
v 0.01530538 0.01933491 -0.00058459
v 0.01530654 0.01933809 -0.00073479
v 0.01524626 0.01946248 -0.00073479
v 0.01515178 0.01963982 -0.00058459
v 0.01384699 0.01697190 -0.00478374
v 0.01488253 0.01772834 -0.00313514
v 0.01488833 0.01771828 -0.00298494
v 0.01489644 0.01770346 -0.00268453
v 0.01485673 0.01762247 -0.00253433
v 0.01485905 0.01761770 -0.00238485
v 0.01486108 0.01761400 -0.00223465
v 0.01479036 0.01751236 -0.00208444
v 0.01486398 0.01760765 -0.00193424
v 0.01458836 0.01771828 -0.00478374
v 0.01460691 0.01768969 -0.00463500
v 0.01472197 0.01774739 -0.00423251
v 0.01473095 0.01773098 -0.00413261
v 0.01468516 0.01767328 -0.00418365
v 0.01481732 0.01781250 -0.00388470
v 0.01484601 0.01782044 -0.00374106
v 0.01489238 0.01785856 -0.00358503
v 0.01490427 0.01783738 -0.00343482
v 0.01490803 0.01780350 -0.00327514
v 0.01499933 0.01793902 -0.00313514
v 0.01492977 0.01781250 -0.00313514
v 0.01455358 0.01716511 0.00061559
v 0.01468864 0.01733238 0.00016570
v 0.01475356 0.01740596 0.00031591
v 0.01454952 0.01716934 0.00016570
v 0.01473588 0.01742714 -0.00148435
v 0.01467646 0.01734668 -0.00103447
v 0.01461589 0.01724081 0.00076579
v 0.01461444 0.01724239 0.00091600
v 0.01455010 0.01716934 0.00106620
v 0.01454778 0.01717199 0.00121568
v 0.01460749 0.01725086 0.00136588
v 0.01460401 0.01725510 0.00151608
v 0.01453967 0.01717993 0.00151608
v 0.01459995 0.01726092 0.00166629
v 0.01453358 0.01718575 0.00166629
v 0.01459386 0.01726833 0.00181649
v 0.01452634 0.01719316 0.00181649
v 0.01458691 0.01727627 0.00196597
v 0.01458111 0.01728262 0.00207461
v 0.01457473 0.01729004 0.00217450
v 0.01430607 0.01710794 0.00256678
v 0.01428926 0.01712488 0.00266376
v 0.01421245 0.01705077 0.00266376
v 0.01432752 0.01708624 0.00241658
v 0.01456546 0.01729956 0.00226638
v 0.01449040 0.01722069 0.00226638
v 0.01441881 0.01714605 0.00226638
v 0.01410812 0.02141420 -0.00358503
v 0.01521409 0.01945507 -0.00313514
v 0.01511555 0.01961282 -0.00328462
v 0.01515902 0.01950272 -0.00343482
v 0.01519786 0.01942755 -0.00343482
v 0.01515033 0.01948472 -0.00358503
v 0.01525611 0.01931268 -0.00343482
v 0.01529524 0.01929945 -0.00313223
v 0.01527408 0.01931268 -0.00328462
v 0.01523612 0.01931268 -0.00358503
v 0.01520800 0.01932327 -0.00373669
v 0.01519902 0.01928568 -0.00388470
v 0.01518714 0.01925974 -0.00401012
v 0.01517699 0.01923751 -0.00411001
v 0.01493702 0.01961282 -0.00448552
v 0.01490427 0.01961917 -0.00463208
v 0.01489296 0.01957206 -0.00478374
v 0.01494803 0.01826298 0.00266376
v 0.01492513 0.01816505 0.00266376
v 0.01491151 0.01811159 0.00266376
v 0.01488688 0.01801577 0.00266376
v 0.01493441 0.01811264 0.00256678
v 0.01496368 0.01811264 0.00241658
v 0.01495296 0.01796284 0.00226638
v 0.01502570 0.01819311 0.00218252
v 0.01504831 0.01825133 0.00212565
v 0.01507439 0.01826298 0.00196597
v 0.01519177 0.01840855 0.00136369
v 0.01521380 0.01841279 0.00121568
v 0.01523119 0.01841279 0.00106620
v 0.01524568 0.01841279 0.00091600
v 0.01527205 0.01856312 0.00091600
v 0.01533639 0.01870499 0.00031955
v 0.01534944 0.01871240 0.00016570
v 0.01536074 0.01871240 0.00001550
v 0.01537059 0.01871240 -0.00013470
v 0.01537668 0.01871240 -0.00028491
v 0.01539001 0.01886273 -0.00043438
v 0.01537349 0.01901254 -0.00043438
v 0.01537726 0.01901254 -0.00058459
v 0.01535726 0.01916287 -0.00073479
v 0.01533524 0.01925974 -0.00058459
v 0.01421361 0.02141367 0.00016570
v 0.01421332 0.02141420 0.00016498
v 0.01533668 0.01926292 -0.00073479
v 0.01533726 0.01926451 -0.00088500
v 0.01530683 0.01933915 -0.00088500
v 0.01524684 0.01946248 -0.00088500
v 0.01494194 0.01781250 -0.00298494
v 0.01495035 0.01781250 -0.00283473
v 0.01495817 0.01781250 -0.00268453
v 0.01496513 0.01781250 -0.00253433
v 0.01489992 0.01769763 -0.00253433
v 0.01498600 0.01780933 -0.00193424
v 0.01503730 0.01787020 -0.00148435
v 0.01517177 0.01804753 -0.00058459
v 0.01517409 0.01804330 -0.00043438
v 0.01504483 0.01785962 -0.00103447
v 0.01479906 0.01751236 -0.00163456
v 0.01474341 0.01741814 -0.00073479
v 0.01486543 0.01760553 -0.00178403
v 0.01487354 0.01759282 -0.00088500
v 0.01504657 0.01785697 -0.00088500
v 0.01499701 0.01778445 -0.00103447
v 0.01500136 0.01777704 -0.00058459
v 0.01463879 0.01781145 -0.00478374
v 0.01468458 0.01782680 -0.00462260
v 0.01469820 0.01779503 -0.00448552
v 0.01471240 0.01776592 -0.00433532
v 0.01475964 0.01780350 -0.00418365
v 0.01479123 0.01781250 -0.00403491
v 0.01488311 0.01787602 -0.00369513
v 0.01502512 0.01804118 -0.00334732
v 0.01503266 0.01802742 -0.00324743
v 0.01503961 0.01801419 -0.00313514
v 0.01510627 0.01811264 -0.00298494
v 0.01504628 0.01800201 -0.00298494
v 0.01500570 0.01792737 -0.00298494
v 0.01461647 0.01724028 0.00061559
v 0.01475240 0.01740755 0.00016570
v 0.01482746 0.01750442 0.00016570
v 0.01482862 0.01750336 0.00031591
v 0.01475385 0.01740543 0.00046538
v 0.01475356 0.01740543 0.00076579
v 0.01468951 0.01733238 0.00091600
v 0.01461299 0.01724451 0.00106620
v 0.01461067 0.01724716 0.00121568
v 0.01468255 0.01734138 0.00136588
v 0.01474109 0.01742026 0.00151608
v 0.01467502 0.01734985 0.00166629
v 0.01473269 0.01743084 0.00181649
v 0.01472892 0.01743508 0.00191784
v 0.01472515 0.01743984 0.00201774
v 0.01471994 0.01744566 0.00211617
v 0.01463386 0.01734879 0.00212128
v 0.01470950 0.01745731 0.00226638
v 0.01463444 0.01737473 0.00226638
v 0.01438113 0.01718628 0.00256678
v 0.01440258 0.01716299 0.00241658
v 0.01445156 0.01726145 0.00256678
v 0.01443446 0.01727945 0.00265939
v 0.01442779 0.01727416 0.00266376
v 0.01469414 0.01747425 0.00241658
v 0.01461908 0.01739273 0.00241658
v 0.01454836 0.01731756 0.00241658
v 0.01411710 0.02141420 -0.00343482
v 0.01457676 0.02058841 -0.00336045
v 0.01512743 0.01961282 -0.00313514
v 0.01517583 0.01953553 -0.00303379
v 0.01521090 0.01947625 -0.00298421
v 0.01529350 0.01932009 -0.00298494
v 0.01532857 0.01924069 -0.00307973
v 0.01532480 0.01921687 -0.00317962
v 0.01526684 0.01916287 -0.00373523
v 0.01524307 0.01916287 -0.00388470
v 0.01520510 0.01917769 -0.00405022
v 0.01502947 0.01924545 -0.00471885
v 0.01504106 0.01927509 -0.00463500
v 0.01505787 0.01932274 -0.00449135
v 0.01502396 0.01937991 -0.00454604
v 0.01493789 0.01946196 -0.00478374
v 0.01488311 0.01800148 0.00266376
v 0.01487065 0.01791043 0.00261126
v 0.01489441 0.01796125 0.00256314
v 0.01492426 0.01796284 0.00241658
v 0.01488108 0.01787602 0.00251137
v 0.01489064 0.01784956 0.00241658
v 0.01490195 0.01780403 0.00226565
v 0.01497788 0.01796284 0.00211617
v 0.01503324 0.01816293 0.00208190
v 0.01509555 0.01826298 0.00181649
v 0.01517351 0.01835509 0.00141254
v 0.01502077 0.01806289 0.00199659
v 0.01517989 0.01832862 0.00131265
v 0.01519322 0.01828574 0.00106620
v 0.01521699 0.01826298 0.00076579
v 0.01518511 0.01831115 0.00121568
v 0.01523119 0.01826298 0.00061559
v 0.01525872 0.01841279 0.00076579
v 0.01527118 0.01841279 0.00061559
v 0.01529582 0.01856312 0.00061559
v 0.01532567 0.01864940 0.00037278
v 0.01530741 0.01856312 0.00046538
v 0.01531843 0.01856841 0.00031955
v 0.01532190 0.01852342 0.00016570
v 0.01532538 0.01849960 0.00001550
v 0.01534016 0.01854936 -0.00012741
v 0.01534741 0.01856312 -0.00028491
v 0.01538045 0.01871240 -0.00043438
v 0.01539378 0.01886273 -0.00058459
v 0.01537987 0.01901254 -0.00073479
v 0.01535842 0.01916287 -0.00088500
v 0.01421361 0.02141367 0.00001550
v 0.01519206 0.01956624 -0.00088500
v 0.01524713 0.01946248 -0.00103447
v 0.01421332 0.02141420 0.00001477
v 0.01535871 0.01916287 -0.00103447
v 0.01533755 0.01926504 -0.00118395
v 0.01530712 0.01933968 -0.00103447
v 0.01500976 0.01791890 -0.00283473
v 0.01501382 0.01791202 -0.00268453
v 0.01501730 0.01790567 -0.00253433
v 0.01502744 0.01788714 -0.00201663
v 0.01516598 0.01805812 -0.00088500
v 0.01520105 0.01814388 -0.00118395
v 0.01520337 0.01813805 -0.00103447
v 0.01520568 0.01813276 -0.00088500
v 0.01520771 0.01812747 -0.00073479
v 0.01520916 0.01812270 -0.00058459
v 0.01517583 0.01804012 -0.00028491
v 0.01480196 0.01751236 -0.00148435
v 0.01482601 0.01750601 0.00001550
v 0.01492629 0.01766376 -0.00058459
v 0.01488021 0.01758277 -0.00013470
v 0.01512685 0.01796284 -0.00028491
v 0.01504976 0.01785220 -0.00058459
v 0.01505150 0.01785009 -0.00043438
v 0.01505295 0.01784797 -0.00028491
v 0.01505439 0.01784585 -0.00013470
v 0.01500396 0.01777280 -0.00028491
v 0.01470255 0.01793796 -0.00478374
v 0.01471675 0.01790937 -0.00466416
v 0.01472776 0.01788608 -0.00456354
v 0.01473559 0.01786967 -0.00448552
v 0.01475037 0.01784056 -0.00433532
v 0.01485355 0.01793584 -0.00403491
v 0.01486659 0.01790832 -0.00388470
v 0.01487441 0.01789296 -0.00379502
v 0.01491267 0.01795066 -0.00374106
v 0.01501788 0.01805600 -0.00343482
v 0.01518395 0.01832438 -0.00324962
v 0.01506338 0.01809994 -0.00329264
v 0.01515467 0.01823228 -0.00313514
v 0.01509236 0.01811264 -0.00313514
v 0.01516192 0.01821693 -0.00298494
v 0.01516656 0.01820740 -0.00283473
v 0.01511555 0.01811264 -0.00283473
v 0.01505092 0.01799407 -0.00283473
v 0.01475414 0.01740490 0.00061559
v 0.01488282 0.01757906 0.00016570
v 0.01488340 0.01757800 0.00031591
v 0.01482891 0.01750283 0.00046538
v 0.01482862 0.01750601 0.00076579
v 0.01475182 0.01740755 0.00091600
v 0.01482920 0.01750389 0.00061559
v 0.01468777 0.01733503 0.00106620
v 0.01468574 0.01733821 0.00121568
v 0.01474689 0.01741284 0.00121568
v 0.01481326 0.01751236 0.00136588
v 0.01480717 0.01751236 0.00151608
v 0.01473733 0.01742502 0.00166629
v 0.01479036 0.01751236 0.00181649
v 0.01479935 0.01751236 0.00166629
v 0.01477066 0.01749913 0.00196743
v 0.01477442 0.01752083 0.00211617
v 0.01476689 0.01753248 0.00226638
v 0.01475501 0.01754942 0.00241658
v 0.01452634 0.01734350 0.00256678
v 0.01459473 0.01741867 0.00256678
v 0.01457850 0.01743561 0.00264480
v 0.01455097 0.01741337 0.00266376
v 0.01474052 0.01756900 0.00252449
v 0.01412812 0.02141420 -0.00321024
v 0.01501527 0.01981662 -0.00313514
v 0.01505671 0.01974145 -0.00313514
v 0.01413478 0.02141420 -0.00307316
v 0.01518424 0.01955089 -0.00268453
v 0.01523293 0.01946248 -0.00268453
v 0.01522568 0.01946248 -0.00283473
v 0.01529727 0.01932591 -0.00283473
v 0.01533031 0.01924545 -0.00298494
v 0.01535233 0.01916287 -0.00268453
v 0.01534799 0.01916287 -0.00283473
v 0.01534277 0.01916287 -0.00298494
v 0.01533408 0.01916499 -0.00313223
v 0.01533031 0.01911682 -0.00324670
v 0.01532596 0.01907394 -0.00334659
v 0.01532016 0.01916499 -0.00329191
v 0.01530538 0.01916287 -0.00343482
v 0.01528741 0.01916287 -0.00358503
v 0.01528538 0.01901254 -0.00373523
v 0.01526162 0.01901254 -0.00388470
v 0.01518829 0.01913746 -0.00414938
v 0.01503179 0.01916287 -0.00472687
v 0.01501527 0.01916287 -0.00478374
v 0.01499382 0.01930315 -0.00478374
v 0.01499614 0.01930262 -0.00477572
v 0.01509787 0.01916287 -0.00448552
v 0.01505729 0.01916287 -0.00463500
v 0.01501382 0.01935026 -0.00463500
v 0.01486369 0.01793584 0.00266376
v 0.01484746 0.01782044 0.00256314
v 0.01483413 0.01786173 0.00266376
v 0.01481500 0.01781568 0.00266376
v 0.01486340 0.01777439 0.00241658
v 0.01487296 0.01774845 0.00231523
v 0.01488079 0.01772992 0.00221534
v 0.01492687 0.01781250 0.00211617
v 0.01500281 0.01797607 0.00195430
v 0.01502773 0.01803536 0.00189670
v 0.01511642 0.01826298 0.00166629
v 0.01503266 0.01802054 0.00181649
v 0.01509294 0.01811264 0.00151608
v 0.01517003 0.01821057 0.00106620
v 0.01519815 0.01825186 0.00091818
v 0.01516250 0.01823651 0.00121568
v 0.01518511 0.01816399 0.00076579
v 0.01517496 0.01819469 0.00096995
v 0.01517989 0.01817881 0.00086933
v 0.01519235 0.01814388 0.00061559
v 0.01524423 0.01826298 0.00046538
v 0.01525640 0.01826298 0.00031591
v 0.01528249 0.01841279 0.00046538
v 0.01529321 0.01841279 0.00031591
v 0.01530191 0.01841279 0.00016570
v 0.01530770 0.01841279 0.00001550
v 0.01532683 0.01849007 -0.00007346
v 0.01532828 0.01848213 -0.00017335
v 0.01533002 0.01847525 -0.00028491
v 0.01538335 0.01871240 -0.00058459
v 0.01539610 0.01886273 -0.00073479
v 0.01538074 0.01901254 -0.00088500
v 0.01421303 0.02141367 -0.00013470
v 0.01524713 0.01946248 -0.00118395
v 0.01519206 0.01956624 -0.00118395
v 0.01519206 0.01956571 -0.00133415
v 0.01519177 0.01956518 -0.00163456
v 0.01519148 0.01956465 -0.00178403
v 0.01530712 0.01934021 -0.00118395
v 0.01421274 0.02141420 -0.00013470
v 0.01535871 0.01916287 -0.00118395
v 0.01533726 0.01926451 -0.00163456
v 0.01505526 0.01798666 -0.00268453
v 0.01505874 0.01798031 -0.00253433
v 0.01515149 0.01808459 -0.00163456
v 0.01518076 0.01818093 -0.00223465
v 0.01519235 0.01815976 -0.00163456
v 0.01521061 0.01824816 -0.00239214
v 0.01522423 0.01826298 -0.00223465
v 0.01522945 0.01826298 -0.00208444
v 0.01523438 0.01826298 -0.00193424
v 0.01523901 0.01826298 -0.00178403
v 0.01524336 0.01826298 -0.00163456
v 0.01525553 0.01826298 -0.00118395
v 0.01526249 0.01826298 -0.00088500
v 0.01526568 0.01826298 -0.00073479
v 0.01521032 0.01811847 -0.00043438
v 0.01521119 0.01811529 -0.00028491
v 0.01517670 0.01803854 -0.00013470
v 0.01512917 0.01796284 -0.00013470
v 0.01500513 0.01777068 -0.00013470
v 0.01505526 0.01784373 0.00001550
v 0.01500657 0.01776910 0.00001550
v 0.01473820 0.01801366 -0.00478374
v 0.01474979 0.01796072 -0.00462260
v 0.01477906 0.01796284 -0.00448552
v 0.01480920 0.01796284 -0.00433532
v 0.01484369 0.01797290 -0.00418220
v 0.01489006 0.01801101 -0.00403491
v 0.01502396 0.01819416 -0.00379283
v 0.01503295 0.01817564 -0.00369294
v 0.01490398 0.01798348 -0.00388470
v 0.01504251 0.01815658 -0.00358503
v 0.01505555 0.01813117 -0.00343482
v 0.01514917 0.01826986 -0.00329337
v 0.01517525 0.01834132 -0.00334951
v 0.01521322 0.01840008 -0.00329337
v 0.01524307 0.01841279 -0.00313514
v 0.01519264 0.01830691 -0.00313514
v 0.01520076 0.01829209 -0.00298494
v 0.01520626 0.01828256 -0.00283473
v 0.01521119 0.01827410 -0.00268453
v 0.01517120 0.01819893 -0.00268453
v 0.01512424 0.01811264 -0.00268453
v 0.01493818 0.01766270 0.00016570
v 0.01500744 0.01776751 0.00016570
v 0.01493933 0.01766270 0.00031591
v 0.01488340 0.01757800 0.00046538
v 0.01488108 0.01758118 0.00076579
v 0.01482659 0.01750919 0.00091600
v 0.01474950 0.01741020 0.00106620
v 0.01488282 0.01757853 0.00061559
v 0.01481877 0.01751236 0.00121568
v 0.01487383 0.01759282 0.00121568
v 0.01487123 0.01759759 0.00136588
v 0.01487760 0.01758647 0.00100787
v 0.01486804 0.01760394 0.00151608
v 0.01486398 0.01761188 0.00166629
v 0.01485992 0.01762141 0.00181649
v 0.01485529 0.01763147 0.00196597
v 0.01484949 0.01764417 0.00211617
v 0.01484659 0.01767275 0.00226565
v 0.01481645 0.01766270 0.00241658
v 0.01471907 0.01759970 0.00262512
v 0.01463299 0.01751448 0.00266376
v 0.01459010 0.01746101 0.00266376
v 0.01476950 0.01765476 0.00257116
v 0.01475356 0.01768811 0.00266376
v 0.01473008 0.01764576 0.00266376
v 0.01416666 0.02141420 -0.00238850
v 0.01417362 0.02141420 -0.00223538
v 0.01418028 0.02141420 -0.00208517
v 0.01530075 0.01933121 -0.00268453
v 0.01502947 0.01984203 -0.00253433
v 0.01518714 0.01955565 -0.00253433
v 0.01523814 0.01946248 -0.00253433
v 0.01533263 0.01925074 -0.00283473
v 0.01537204 0.01901254 -0.00268453
v 0.01533466 0.01925604 -0.00268453
v 0.01535465 0.01916287 -0.00253433
v 0.01535929 0.01901254 -0.00298494
v 0.01536654 0.01901254 -0.00283473
v 0.01534944 0.01901254 -0.00313514
v 0.01533552 0.01901942 -0.00329191
v 0.01533002 0.01897390 -0.00338305
v 0.01532103 0.01901942 -0.00343409
v 0.01530451 0.01901254 -0.00358503
v 0.01533002 0.01890349 -0.00338305
v 0.01531871 0.01885691 -0.00343409
v 0.01529553 0.01886273 -0.00358503
v 0.01523756 0.01886273 -0.00388470
v 0.01518684 0.01890296 -0.00414938
v 0.01522829 0.01901254 -0.00403491
v 0.01526887 0.01886273 -0.00373523
v 0.01503382 0.01901254 -0.00473343
v 0.01501643 0.01912370 -0.00478374
v 0.01514714 0.01901254 -0.00433532
v 0.01510453 0.01901254 -0.00448552
v 0.01519293 0.01901254 -0.00416907
v 0.01517264 0.01901254 -0.00424344
v 0.01488601 0.01771881 0.00211617
v 0.01494165 0.01781250 0.00196597
v 0.01501469 0.01792261 0.00166629
v 0.01500860 0.01794537 0.00181649
v 0.01504077 0.01799725 0.00166629
v 0.01510859 0.01811264 0.00136588
v 0.01515931 0.01808882 0.00076579
v 0.01513844 0.01811264 0.00106620
v 0.01512366 0.01811264 0.00121568
v 0.01516569 0.01806924 0.00061559
v 0.01519931 0.01812852 0.00046538
v 0.01520568 0.01811794 0.00031591
v 0.01526510 0.01826298 0.00016570
v 0.01531495 0.01842443 -0.00012741
v 0.01531321 0.01840061 -0.00028491
v 0.01533089 0.01847260 -0.00043438
v 0.01538393 0.01871240 -0.00073479
v 0.01539639 0.01886273 -0.00088500
v 0.01538074 0.01901254 -0.00103447
v 0.01421187 0.02141367 -0.00028491
v 0.01524510 0.01946248 -0.00193424
v 0.01515062 0.01963876 -0.00193424
v 0.01530683 0.01933968 -0.00148435
v 0.01530654 0.01933915 -0.00178403
v 0.01524626 0.01946248 -0.00163456
v 0.01421159 0.02141420 -0.00028491
v 0.01535842 0.01916287 -0.00148435
v 0.01533697 0.01926345 -0.00193424
v 0.01513149 0.01811264 -0.00253433
v 0.01517670 0.01818887 -0.00244683
v 0.01521496 0.01826669 -0.00253433
v 0.01528307 0.01841279 -0.00253433
v 0.01528683 0.01841279 -0.00238485
v 0.01529060 0.01841279 -0.00223465
v 0.01526829 0.01826298 -0.00058459
v 0.01529379 0.01841279 -0.00208444
v 0.01529669 0.01841279 -0.00193424
v 0.01527060 0.01826298 -0.00043438
v 0.01527234 0.01826298 -0.00028491
v 0.01521177 0.01811317 -0.00013470
v 0.01517670 0.01803854 0.00001550
v 0.01513033 0.01796284 0.00016570
v 0.01505584 0.01784268 0.00016570
v 0.01477848 0.01811159 -0.00478374
v 0.01481326 0.01811264 -0.00463500
v 0.01488340 0.01817352 -0.00443813
v 0.01489441 0.01814917 -0.00433532
v 0.01486050 0.01807400 -0.00433532
v 0.01487094 0.01805071 -0.00423032
v 0.01493846 0.01811264 -0.00403491
v 0.01488079 0.01802954 -0.00412970
v 0.01501527 0.01821375 -0.00388470
v 0.01520395 0.01843184 -0.00343482
v 0.01509497 0.01826298 -0.00358503
v 0.01516772 0.01835720 -0.00343482
v 0.01529756 0.01856312 -0.00313514
v 0.01525785 0.01841279 -0.00298494
v 0.01527727 0.01856312 -0.00328462
v 0.01526771 0.01841279 -0.00283473
v 0.01527669 0.01841279 -0.00268453
v 0.01517496 0.01819205 -0.00253433
v 0.01500802 0.01776804 0.00031591
v 0.01487905 0.01758435 0.00091600
v 0.01500657 0.01777121 0.00046538
v 0.01483442 0.01752718 0.00106110
v 0.01500194 0.01777968 0.00076579
v 0.01504947 0.01785009 0.00061559
v 0.01517467 0.01804277 0.00031591
v 0.01504628 0.01785485 0.00076579
v 0.01505208 0.01784585 0.00046538
v 0.01504222 0.01786067 0.00091600
v 0.01503730 0.01786861 0.00106620
v 0.01503179 0.01787867 0.00121568
v 0.01502831 0.01788502 0.00130755
v 0.01496629 0.01781250 0.00166629
v 0.01489209 0.01770663 0.00196597
v 0.01470979 0.01761347 0.00266376
v 0.01466690 0.01755683 0.00266376
v 0.01418550 0.02141420 -0.00193497
v 0.01530335 0.01933491 -0.00253433
v 0.01514772 0.01963399 -0.00238485
v 0.01518858 0.01955883 -0.00238485
v 0.01524075 0.01946248 -0.00238485
v 0.01418927 0.02141420 -0.00178476
v 0.01419304 0.02141367 -0.00163456
v 0.01538451 0.01886273 -0.00268453
v 0.01537436 0.01901254 -0.00253433
v 0.01538798 0.01886273 -0.00253433
v 0.01533582 0.01925974 -0.00253433
v 0.01535668 0.01916287 -0.00208444
v 0.01537755 0.01901254 -0.00193424
v 0.01537610 0.01901254 -0.00223465
v 0.01537523 0.01901254 -0.00238485
v 0.01537726 0.01886273 -0.00283473
v 0.01536857 0.01886273 -0.00298494
v 0.01535668 0.01886273 -0.00313514
v 0.01533784 0.01885691 -0.00329483
v 0.01532567 0.01880345 -0.00335170
v 0.01526394 0.01871240 -0.00358503
v 0.01523032 0.01871240 -0.00373523
v 0.01520047 0.01885691 -0.00403855
v 0.01503701 0.01875527 -0.00460218
v 0.01502512 0.01880133 -0.00470208
v 0.01501208 0.01885585 -0.00478083
v 0.01503208 0.01890137 -0.00472833
v 0.01529234 0.01871240 -0.00343482
v 0.01501817 0.01897866 -0.00478374
v 0.01501904 0.01901254 -0.00478374
v 0.01495441 0.01781250 0.00181649
v 0.01502049 0.01790461 0.00151608
v 0.01517090 0.01805336 0.00046538
v 0.01521003 0.01811423 0.00016570
v 0.01526887 0.01826298 0.00001550
v 0.01527176 0.01826298 -0.00013470
v 0.01531234 0.01839743 -0.00043438
v 0.01538335 0.01871240 -0.00088500
v 0.01532915 0.01848054 -0.00088500
v 0.01537204 0.01871240 -0.00253433
v 0.01537320 0.01871240 -0.00238485
v 0.01537552 0.01871240 -0.00208444
v 0.01537958 0.01871240 -0.00148435
v 0.01538161 0.01871240 -0.00118395
v 0.01539523 0.01886273 -0.00118395
v 0.01537871 0.01901254 -0.00163456
v 0.01538045 0.01901254 -0.00118395
v 0.01535813 0.01916287 -0.00163456
v 0.01420811 0.02141420 -0.00058532
v 0.01524249 0.01946248 -0.00223465
v 0.01530596 0.01933809 -0.00208444
v 0.01524394 0.01946248 -0.00208444
v 0.01533668 0.01926292 -0.00208444
v 0.01532016 0.01851495 -0.00253433
v 0.01531756 0.01852395 -0.00268453
v 0.01529930 0.01841279 -0.00178403
v 0.01530162 0.01841279 -0.00163456
v 0.01530364 0.01841279 -0.00148435
v 0.01521119 0.01811370 0.00001550
v 0.01517641 0.01803907 0.00016570
v 0.01512743 0.01796284 0.00031591
v 0.01505469 0.01784320 0.00031591
v 0.01478486 0.01812852 -0.00478374
v 0.01487181 0.01820263 -0.00453802
v 0.01502541 0.01834291 -0.00410272
v 0.01517873 0.01848372 -0.00366669
v 0.01518829 0.01846360 -0.00358503
v 0.01503672 0.01831591 -0.00400210
v 0.01504976 0.01828892 -0.00388470
v 0.01525263 0.01856312 -0.00343482
v 0.01532248 0.01865576 -0.00313514
v 0.01532712 0.01863829 -0.00305712
v 0.01531263 0.01857159 -0.00299806
v 0.01531350 0.01853930 -0.00283473
v 0.01531437 0.01871134 -0.00329483
v 0.01533408 0.01876057 -0.00325108
v 0.01502454 0.01789402 0.00140817
v 0.01530422 0.01933597 -0.00238485
v 0.01419564 0.02141420 -0.00148508
v 0.01419796 0.02141420 -0.00133488
v 0.01420608 0.02141420 -0.00073552
v 0.01419275 0.02141420 -0.00163456
v 0.01536770 0.01871240 -0.00268453
v 0.01538885 0.01886273 -0.00238485
v 0.01533610 0.01926080 -0.00238485
v 0.01535726 0.01916287 -0.00193424
v 0.01539146 0.01886273 -0.00193424
v 0.01535929 0.01871240 -0.00283473
v 0.01534190 0.01873040 -0.00313514
v 0.01522191 0.01856312 -0.00358503
v 0.01519583 0.01871240 -0.00388179
v 0.01517264 0.01880292 -0.00409105
v 0.01497991 0.01871134 -0.00478374
v 0.01518163 0.01862241 -0.00382929
v 0.01516685 0.01852289 -0.00376658
v 0.01498918 0.01875369 -0.00478374
v 0.01501121 0.01885585 -0.00478374
v 0.01532567 0.01849378 -0.00163456
v 0.01532654 0.01849060 -0.00148435
v 0.01532306 0.01850489 -0.00208444
v 0.01483934 0.01827568 -0.00478374
v 0.01484253 0.01827674 -0.00477208
v 0.01487760 0.01833603 -0.00471301
v 0.01486920 0.01836197 -0.00478374
v 0.01503034 0.01847790 -0.00427407
v 0.01534625 0.01869810 -0.00299806
v 0.01533350 0.01861447 -0.00283473
v 0.01519061 0.01856894 -0.00372429
v 0.01493325 0.01856153 -0.00478374
v 0.01484949 0.01830480 -0.00478374
v 0.01488775 0.01841861 -0.00478374
v 0.01489064 0.01841861 -0.00477208
f 1 2 3
f 1 3 4
f 1 4 21
f 1 21 5
f 1 5 6
f 1 6 7
f 1 7 2
f 2 8 9
f 2 9 10
f 2 10 11
f 2 11 3
f 2 7 12
f 2 12 13
f 2 13 14
f 2 14 15
f 2 15 16
f 2 16 8
f 3 17 4
f 3 11 18
f 3 18 19
f 3 19 20
f 3 20 44
f 3 44 17
f 4 17 21
f 5 21 22
f 5 22 23
f 5 23 6
f 6 23 24
f 6 24 25
f 6 25 26
f 6 26 27
f 6 27 28
f 6 28 29
f 6 29 7
f 7 29 12
f 8 16 30
f 8 30 31
f 8 31 32
f 8 32 9
f 9 33 10
f 9 32 34
f 9 34 35
f 9 35 36
f 9 36 37
f 9 37 33
f 10 38 39
f 10 39 11
f 10 33 38
f 11 40 18
f 11 39 41
f 11 41 90
f 11 90 40
f 12 29 13
f 13 29 42
f 13 42 14
f 14 42 15
f 15 42 43
f 15 43 16
f 16 43 34
f 16 34 30
f 17 44 51
f 17 51 21
f 18 40 45
f 18 45 19
f 19 45 46
f 19 46 47
f 19 47 48
f 19 48 20
f 20 48 49
f 20 49 50
f 20 50 44
f 21 51 52
f 21 52 53
f 21 53 54
f 21 54 55
f 21 55 22
f 22 55 56
f 22 56 57
f 22 57 23
f 23 57 58
f 23 58 24
f 24 58 25
f 25 58 26
f 26 58 27
f 27 58 59
f 27 59 136
f 27 136 60
f 27 60 28
f 28 60 61
f 28 61 29
f 29 61 62
f 29 62 63
f 29 63 64
f 29 64 65
f 29 65 42
f 30 34 31
f 31 34 32
f 33 66 67
f 33 67 68
f 33 68 38
f 33 37 69
f 33 69 66
f 34 43 70
f 34 70 35
f 35 71 72
f 35 72 73
f 35 73 74
f 35 74 75
f 35 75 76
f 35 76 77
f 35 77 78
f 35 78 79
f 35 79 80
f 35 80 81
f 35 81 82
f 35 82 83
f 35 83 84
f 35 84 85
f 35 85 37
f 35 37 36
f 35 70 71
f 37 85 86
f 37 86 69
f 38 68 87
f 38 87 39
f 39 87 88
f 39 88 89
f 39 89 41
f 40 90 45
f 41 89 90
f 42 65 91
f 42 91 43
f 43 91 65
f 43 65 92
f 43 92 93
f 43 93 94
f 43 94 75
f 43 75 74
f 43 74 95
f 43 95 96
f 43 96 71
f 43 71 70
f 44 50 116
f 44 116 97
f 44 97 51
f 45 90 46
f 46 90 98
f 46 98 99
f 46 99 100
f 46 100 101
f 46 101 102
f 46 102 103
f 46 103 47
f 47 103 48
f 48 104 105
f 48 105 49
f 48 103 106
f 48 106 107
f 48 107 108
f 48 108 104
f 49 109 110
f 49 110 50
f 49 105 111
f 49 111 112
f 49 112 113
f 49 113 114
f 49 114 115
f 49 115 109
f 50 110 117
f 50 117 116
f 51 97 118
f 51 118 119
f 51 119 120
f 51 120 52
f 52 120 121
f 52 121 122
f 52 122 53
f 53 122 123
f 53 123 54
f 54 123 55
f 55 123 56
f 56 123 124
f 56 124 125
f 56 125 57
f 57 125 58
f 58 125 126
f 58 126 127
f 58 127 194
f 58 194 251
f 58 251 315
f 58 315 380
f 58 380 439
f 58 439 515
f 58 515 522
f 58 522 606
f 58 606 711
f 58 711 708
f 58 708 820
f 58 820 929
f 58 929 1027
f 58 1027 1131
f 58 1131 1256
f 58 1256 1255
f 58 1255 1396
f 58 1396 1508
f 58 1508 1507
f 58 1507 1575
f 58 1575 1574
f 58 1574 1571
f 58 1571 1587
f 58 1587 1589
f 58 1589 1582
f 58 1582 1588
f 58 1588 1579
f 58 1579 1541
f 58 1541 1444
f 58 1444 1324
f 58 1324 1191
f 58 1191 1076
f 58 1076 972
f 58 972 878
f 58 878 770
f 58 770 670
f 58 670 669
f 58 669 767
f 58 767 766
f 58 766 876
f 58 876 764
f 58 764 875
f 58 875 963
f 58 963 858
f 58 858 736
f 58 736 621
f 58 621 540
f 58 540 457
f 58 457 383
f 58 383 321
f 58 321 317
f 58 317 253
f 58 253 201
f 58 201 128
f 58 128 129
f 58 129 130
f 58 130 131
f 58 131 132
f 58 132 133
f 58 133 134
f 58 134 135
f 58 135 136
f 58 136 59
f 60 136 61
f 61 136 135
f 61 135 134
f 61 134 133
f 61 133 62
f 62 133 132
f 62 132 131
f 62 131 64
f 62 64 63
f 64 131 130
f 64 130 137
f 64 137 138
f 64 138 65
f 65 138 92
f 66 139 67
f 66 69 86
f 66 86 140
f 66 140 139
f 67 139 68
f 68 141 142
f 68 142 143
f 68 143 87
f 68 139 141
f 71 96 72
f 72 96 74
f 72 74 73
f 74 96 95
f 75 94 93
f 75 93 76
f 76 93 92
f 76 92 144
f 76 144 77
f 77 144 145
f 77 145 79
f 77 79 78
f 79 146 147
f 79 147 80
f 79 145 146
f 80 147 81
f 81 148 149
f 81 149 150
f 81 150 82
f 81 147 151
f 81 151 152
f 81 152 148
f 82 150 83
f 83 150 153
f 83 153 227
f 83 227 154
f 83 154 155
f 83 155 86
f 83 86 84
f 84 86 85
f 86 155 206
f 86 206 140
f 87 143 88
f 88 143 156
f 88 156 157
f 88 157 89
f 89 157 158
f 89 158 159
f 89 159 98
f 89 98 90
f 92 138 160
f 92 160 161
f 92 161 145
f 92 145 144
f 97 116 162
f 97 162 163
f 97 163 118
f 98 159 99
f 99 159 164
f 99 164 100
f 100 164 101
f 101 164 165
f 101 165 103
f 101 103 102
f 103 165 166
f 103 166 106
f 104 108 107
f 104 107 167
f 104 167 168
f 104 168 169
f 104 169 111
f 104 111 105
f 106 166 170
f 106 170 107
f 107 170 171
f 107 171 172
f 107 172 167
f 109 115 117
f 109 117 110
f 111 169 112
f 112 169 173
f 112 173 174
f 112 174 113
f 113 175 176
f 113 176 177
f 113 177 178
f 113 178 114
f 113 174 175
f 114 178 179
f 114 179 115
f 115 179 117
f 116 117 180
f 116 180 181
f 116 181 162
f 117 179 182
f 117 182 183
f 117 183 181
f 117 181 184
f 117 184 180
f 118 185 119
f 118 163 186
f 118 186 187
f 118 187 185
f 119 188 121
f 119 121 120
f 119 185 187
f 119 187 188
f 121 188 187
f 121 187 189
f 121 189 190
f 121 190 122
f 122 190 123
f 123 190 191
f 123 191 192
f 123 192 124
f 124 192 125
f 125 192 193
f 125 193 126
f 126 193 127
f 127 193 192
f 127 192 191
f 127 191 195
f 127 195 196
f 127 196 197
f 127 197 198
f 127 198 199
f 127 199 200
f 127 200 194
f 128 201 129
f 129 202 137
f 129 137 130
f 129 201 202
f 137 203 138
f 137 202 203
f 138 204 160
f 138 203 205
f 138 205 204
f 139 140 206
f 139 206 207
f 139 207 208
f 139 208 209
f 139 209 141
f 141 209 142
f 142 210 211
f 142 211 212
f 142 212 213
f 142 213 143
f 142 209 210
f 143 213 156
f 145 161 214
f 145 214 146
f 146 215 147
f 146 214 216
f 146 216 215
f 147 217 218
f 147 218 151
f 147 215 219
f 147 219 217
f 148 220 149
f 148 152 221
f 148 221 220
f 149 220 150
f 150 222 153
f 150 220 223
f 150 223 222
f 151 218 152
f 152 218 217
f 152 217 224
f 152 224 225
f 152 225 221
f 153 222 226
f 153 226 227
f 154 227 228
f 154 228 289
f 154 289 229
f 154 229 155
f 155 229 262
f 155 262 206
f 156 212 230
f 156 230 157
f 156 213 212
f 157 230 158
f 158 230 231
f 158 231 159
f 159 231 232
f 159 232 164
f 160 233 214
f 160 214 161
f 160 204 233
f 162 181 187
f 162 187 234
f 162 234 163
f 163 234 187
f 163 187 186
f 164 232 235
f 164 235 165
f 165 170 166
f 165 235 170
f 167 172 236
f 167 236 168
f 168 236 169
f 169 236 173
f 170 235 237
f 170 237 238
f 170 238 171
f 171 238 239
f 171 239 172
f 172 239 236
f 173 236 174
f 174 236 240
f 174 240 241
f 174 241 242
f 174 242 243
f 174 243 244
f 174 244 176
f 174 176 175
f 176 244 245
f 176 245 246
f 176 246 182
f 176 182 177
f 177 182 247
f 177 247 179
f 177 179 178
f 179 247 182
f 180 248 181
f 180 184 248
f 181 249 184
f 181 183 187
f 181 248 249
f 182 246 312
f 182 312 311
f 182 311 377
f 182 377 436
f 182 436 509
f 182 509 512
f 182 512 597
f 182 597 596
f 182 596 595
f 182 595 699
f 182 699 804
f 182 804 801
f 182 801 910
f 182 910 1006
f 182 1006 1005
f 182 1005 1112
f 182 1112 1231
f 182 1231 1366
f 182 1366 1365
f 182 1365 1478
f 182 1478 1477
f 182 1477 1369
f 182 1369 1368
f 182 1368 1264
f 182 1264 1263
f 182 1263 1261
f 182 1261 1132
f 182 1132 1031
f 182 1031 1030
f 182 1030 1029
f 182 1029 1028
f 182 1028 938
f 182 938 937
f 182 937 834
f 182 834 722
f 182 722 611
f 182 611 529
f 182 529 524
f 182 524 446
f 182 446 381
f 182 381 316
f 182 316 252
f 182 252 200
f 182 200 199
f 182 199 190
f 182 190 189
f 182 189 187
f 182 187 183
f 184 249 248
f 190 199 198
f 190 198 197
f 190 197 196
f 190 196 195
f 190 195 191
f 194 250 251
f 194 200 250
f 200 252 250
f 201 253 254
f 201 254 202
f 202 254 203
f 203 254 255
f 203 255 256
f 203 256 257
f 203 257 205
f 204 205 260
f 204 260 258
f 204 258 259
f 204 259 233
f 205 257 261
f 205 261 260
f 206 262 263
f 206 263 264
f 206 264 207
f 207 265 266
f 207 266 267
f 207 267 208
f 207 264 263
f 207 263 268
f 207 268 265
f 208 269 270
f 208 270 210
f 208 210 209
f 208 267 269
f 210 270 211
f 211 270 271
f 211 271 272
f 211 272 212
f 212 272 273
f 212 273 230
f 214 233 219
f 214 219 216
f 215 216 219
f 217 219 274
f 217 274 275
f 217 275 276
f 217 276 224
f 219 233 277
f 219 277 274
f 220 278 223
f 220 221 278
f 221 279 278
f 221 225 279
f 222 280 281
f 222 281 282
f 222 282 226
f 222 223 283
f 222 283 280
f 223 278 283
f 224 276 284
f 224 284 285
f 224 285 225
f 225 286 279
f 225 285 357
f 225 357 286
f 226 287 288
f 226 288 263
f 226 263 289
f 226 289 228
f 226 228 227
f 226 282 290
f 226 290 287
f 229 289 263
f 229 263 262
f 230 273 291
f 230 291 231
f 231 292 293
f 231 293 232
f 231 291 292
f 232 293 296
f 232 296 235
f 233 259 294
f 233 294 277
f 235 295 237
f 235 296 295
f 236 239 297
f 236 297 298
f 236 298 299
f 236 299 240
f 237 300 301
f 237 301 298
f 237 298 238
f 237 295 300
f 238 298 239
f 239 298 297
f 240 299 302
f 240 302 303
f 240 303 304
f 240 304 306
f 240 306 305
f 240 305 241
f 241 305 306
f 241 306 242
f 242 306 307
f 242 307 243
f 243 307 244
f 244 307 308
f 244 308 309
f 244 309 245
f 245 310 311
f 245 311 312
f 245 312 246
f 245 309 304
f 245 304 313
f 245 313 310
f 250 314 251
f 250 252 314
f 251 314 252
f 251 252 315
f 252 316 382
f 252 382 456
f 252 456 539
f 252 539 620
f 252 620 619
f 252 619 734
f 252 734 850
f 252 850 958
f 252 958 1054
f 252 1054 1166
f 252 1166 1300
f 252 1300 1426
f 252 1426 1527
f 252 1527 1559
f 252 1559 1558
f 252 1558 1557
f 252 1557 1560
f 252 1560 1484
f 252 1484 1479
f 252 1479 1372
f 252 1372 1371
f 252 1371 1370
f 252 1370 1236
f 252 1236 1233
f 252 1233 1116
f 252 1116 1011
f 252 1011 915
f 252 915 806
f 252 806 701
f 252 701 599
f 252 599 598
f 252 598 516
f 252 516 440
f 252 440 380
f 252 380 315
f 253 317 318
f 253 318 254
f 254 319 320
f 254 320 255
f 254 318 319
f 255 320 319
f 255 319 256
f 256 319 317
f 256 317 321
f 256 321 322
f 256 322 323
f 256 323 257
f 257 323 261
f 258 324 325
f 258 325 326
f 258 326 259
f 258 260 324
f 259 326 294
f 260 261 327
f 260 327 328
f 260 328 329
f 260 329 330
f 260 330 324
f 261 323 331
f 261 331 327
f 263 288 332
f 263 332 333
f 263 333 334
f 263 334 268
f 265 335 336
f 265 336 266
f 265 268 335
f 266 336 337
f 266 337 267
f 267 337 269
f 268 334 335
f 269 337 270
f 270 338 271
f 270 337 338
f 271 338 398
f 271 398 339
f 271 339 272
f 272 339 340
f 272 340 273
f 273 340 341
f 273 341 292
f 273 292 291
f 274 277 275
f 275 277 294
f 275 294 326
f 275 326 325
f 275 325 342
f 275 342 343
f 275 343 276
f 276 343 284
f 278 279 344
f 278 344 345
f 278 345 346
f 278 346 283
f 279 286 347
f 279 347 344
f 280 283 348
f 280 348 349
f 280 349 281
f 281 350 290
f 281 290 282
f 281 349 351
f 281 351 350
f 283 346 348
f 284 343 285
f 285 343 352
f 285 352 353
f 285 353 354
f 285 354 355
f 285 355 356
f 285 356 357
f 286 357 358
f 286 358 359
f 286 359 347
f 287 360 361
f 287 361 422
f 287 422 362
f 287 362 363
f 287 363 288
f 287 290 360
f 288 363 332
f 290 350 360
f 292 364 365
f 292 365 293
f 292 341 364
f 293 365 366
f 293 366 367
f 293 367 296
f 295 296 367
f 295 367 370
f 295 370 300
f 298 301 368
f 298 368 299
f 299 368 369
f 299 369 302
f 300 370 371
f 300 371 368
f 300 368 301
f 302 369 372
f 302 372 303
f 303 373 304
f 303 372 373
f 304 374 375
f 304 375 313
f 304 309 306
f 304 373 374
f 306 308 307
f 306 309 308
f 310 313 375
f 310 375 311
f 311 376 377
f 311 375 378
f 311 378 379
f 311 379 376
f 316 381 382
f 317 319 318
f 321 383 322
f 322 383 323
f 323 383 384
f 323 384 385
f 323 385 331
f 324 330 386
f 324 386 387
f 324 387 325
f 325 388 342
f 325 387 386
f 325 386 388
f 327 389 390
f 327 390 328
f 327 331 385
f 327 385 389
f 328 390 329
f 329 390 391
f 329 391 392
f 329 392 330
f 330 392 386
f 332 393 333
f 332 363 393
f 333 394 395
f 333 395 334
f 333 393 362
f 333 362 394
f 334 395 335
f 335 396 397
f 335 397 336
f 335 395 396
f 336 397 398
f 336 398 337
f 337 398 338
f 339 399 340
f 339 398 399
f 340 399 400
f 340 400 401
f 340 401 364
f 340 364 341
f 342 388 343
f 343 402 352
f 343 388 402
f 344 347 345
f 345 347 403
f 345 403 404
f 345 404 405
f 345 405 346
f 346 405 406
f 346 406 407
f 346 407 349
f 346 349 348
f 347 359 408
f 347 408 403
f 349 407 409
f 349 409 351
f 350 351 410
f 350 410 411
f 350 411 360
f 351 412 410
f 351 409 412
f 352 402 413
f 352 413 353
f 353 413 414
f 353 414 415
f 353 415 416
f 353 416 417
f 353 417 418
f 353 418 354
f 354 418 355
f 355 418 356
f 356 419 359
f 356 359 358
f 356 358 357
f 356 418 420
f 356 420 419
f 359 419 421
f 359 421 408
f 360 411 410
f 360 410 361
f 361 410 423
f 361 423 422
f 362 422 465
f 362 465 394
f 362 393 363
f 364 424 425
f 364 425 365
f 364 401 424
f 365 425 366
f 366 425 367
f 367 425 426
f 367 426 427
f 367 427 428
f 367 428 370
f 368 371 369
f 369 371 372
f 370 428 429
f 370 429 371
f 371 429 430
f 371 430 372
f 372 430 431
f 372 431 432
f 372 432 373
f 373 432 433
f 373 433 374
f 374 433 434
f 374 434 375
f 375 434 435
f 375 435 378
f 376 436 377
f 376 379 437
f 376 437 438
f 376 438 436
f 378 435 379
f 379 435 437
f 380 440 441
f 380 441 442
f 380 442 443
f 380 443 444
f 380 444 439
f 381 445 382
f 381 446 447
f 381 447 448
f 381 448 449
f 381 449 450
f 381 450 451
f 381 451 452
f 381 452 453
f 381 453 454
f 381 454 445
f 382 445 455
f 382 455 456
f 383 457 458
f 383 458 384
f 384 458 385
f 385 458 459
f 385 459 460
f 385 460 389
f 386 392 388
f 388 392 461
f 388 461 402
f 389 460 390
f 390 460 391
f 391 460 462
f 391 462 392
f 392 462 463
f 392 463 464
f 392 464 461
f 394 465 466
f 394 466 395
f 395 466 467
f 395 467 396
f 396 467 397
f 397 467 468
f 397 468 469
f 397 469 399
f 397 399 398
f 399 469 470
f 399 470 471
f 399 471 400
f 400 471 401
f 401 471 424
f 402 461 464
f 402 464 472
f 402 472 413
f 403 473 404
f 403 408 421
f 403 421 474
f 403 474 473
f 404 473 405
f 405 475 406
f 405 473 476
f 405 476 475
f 406 477 409
f 406 409 407
f 406 475 477
f 409 477 478
f 409 478 479
f 409 479 412
f 410 412 480
f 410 480 423
f 412 479 480
f 413 472 464
f 413 464 481
f 413 481 414
f 414 481 482
f 414 482 483
f 414 483 415
f 415 483 484
f 415 484 485
f 415 485 416
f 416 485 486
f 416 486 487
f 416 487 488
f 416 488 489
f 416 489 417
f 417 489 418
f 418 489 490
f 418 490 491
f 418 491 420
f 419 420 491
f 419 491 421
f 421 491 492
f 421 492 493
f 421 493 494
f 421 494 474
f 422 423 465
f 423 495 466
f 423 466 465
f 423 480 495
f 424 496 497
f 424 497 425
f 424 471 496
f 425 497 498
f 425 498 499
f 425 499 426
f 426 499 427
f 427 499 500
f 427 500 428
f 428 500 501
f 428 501 502
f 428 502 429
f 429 502 503
f 429 503 430
f 430 503 431
f 431 504 432
f 431 503 504
f 432 504 505
f 432 505 433
f 433 506 507
f 433 507 434
f 433 505 506
f 434 507 508
f 434 508 435
f 435 508 437
f 436 438 509
f 437 508 438
f 438 510 511
f 438 511 512
f 438 512 509
f 438 508 513
f 438 513 514
f 438 514 510
f 439 444 515
f 440 516 517
f 440 517 441
f 441 517 442
f 442 517 443
f 443 517 518
f 443 518 519
f 443 519 444
f 444 520 521
f 444 521 522
f 444 522 515
f 444 519 520
f 445 454 523
f 445 523 455
f 446 524 447
f 447 525 526
f 447 526 527
f 447 527 528
f 447 528 448
f 447 524 529
f 447 529 525
f 448 528 449
f 449 530 450
f 449 528 530
f 450 530 531
f 450 531 532
f 450 532 451
f 451 532 533
f 451 533 534
f 451 534 452
f 452 534 523
f 452 523 454
f 452 454 453
f 455 523 535
f 455 535 536
f 455 536 537
f 455 537 538
f 455 538 620
f 455 620 539
f 455 539 456
f 457 540 541
f 457 541 542
f 457 542 543
f 457 543 458
f 458 543 544
f 458 544 459
f 459 544 545
f 459 545 460
f 460 545 462
f 462 545 464
f 462 464 463
f 464 545 546
f 464 546 481
f 466 495 467
f 467 495 547
f 467 547 548
f 467 548 468
f 468 548 549
f 468 549 469
f 469 549 550
f 469 550 551
f 469 551 470
f 470 551 552
f 470 552 471
f 471 553 496
f 471 552 554
f 471 554 553
f 473 555 476
f 473 474 556
f 473 556 555
f 474 494 556
f 475 476 557
f 475 557 558
f 475 558 559
f 475 559 560
f 475 560 561
f 475 561 477
f 476 555 557
f 477 561 478
f 478 562 563
f 478 563 479
f 478 561 562
f 479 563 564
f 479 564 547
f 479 547 495
f 479 495 480
f 481 546 482
f 482 546 565
f 482 565 566
f 482 566 483
f 483 566 484
f 484 566 485
f 485 567 568
f 485 568 486
f 485 566 569
f 485 569 567
f 486 568 570
f 486 570 487
f 487 571 572
f 487 572 573
f 487 573 491
f 487 491 490
f 487 490 489
f 487 489 488
f 487 570 574
f 487 574 575
f 487 575 576
f 487 576 571
f 491 573 492
f 492 573 577
f 492 577 493
f 493 577 494
f 494 577 556
f 496 578 579
f 496 579 497
f 496 553 580
f 496 580 578
f 497 579 581
f 497 581 498
f 498 581 582
f 498 582 499
f 499 582 583
f 499 583 500
f 500 583 584
f 500 584 501
f 501 584 585
f 501 585 586
f 501 586 502
f 502 586 587
f 502 587 588
f 502 588 589
f 502 589 503
f 503 589 504
f 504 589 588
f 504 588 590
f 504 590 591
f 504 591 505
f 505 591 506
f 506 591 592
f 506 592 513
f 506 513 507
f 507 513 508
f 510 514 593
f 510 593 594
f 510 594 595
f 510 595 596
f 510 596 597
f 510 597 511
f 511 597 512
f 513 592 593
f 513 593 514
f 516 598 517
f 517 598 599
f 517 599 600
f 517 600 601
f 517 601 518
f 518 601 519
f 519 601 602
f 519 602 603
f 519 603 604
f 519 604 520
f 520 604 521
f 521 604 605
f 521 605 522
f 522 605 606
f 523 534 535
f 525 529 526
f 526 529 607
f 526 607 608
f 526 608 527
f 527 609 610
f 527 610 531
f 527 531 528
f 527 608 609
f 528 531 530
f 529 611 607
f 531 610 612
f 531 612 532
f 532 612 533
f 533 612 613
f 533 613 614
f 533 614 615
f 533 615 534
f 534 616 535
f 534 615 617
f 534 617 618
f 534 618 616
f 535 616 536
f 536 616 537
f 537 616 619
f 537 619 538
f 538 619 620
f 540 621 541
f 541 621 622
f 541 622 623
f 541 623 542
f 542 623 543
f 543 624 625
f 543 625 544
f 543 623 624
f 544 625 626
f 544 626 545
f 545 626 627
f 545 627 546
f 546 627 565
f 547 564 548
f 548 564 628
f 548 628 549
f 549 628 629
f 549 629 630
f 549 630 631
f 549 631 550
f 550 631 551
f 551 631 632
f 551 632 633
f 551 633 552
f 552 633 634
f 552 634 554
f 553 554 634
f 553 634 580
f 555 556 635
f 555 635 557
f 556 577 636
f 556 636 635
f 557 637 558
f 557 635 638
f 557 638 637
f 558 637 639
f 558 639 559
f 559 639 640
f 559 640 641
f 559 641 560
f 560 641 561
f 561 641 562
f 562 642 643
f 562 643 628
f 562 628 563
f 562 641 644
f 562 644 645
f 562 645 646
f 562 646 647
f 562 647 648
f 562 648 642
f 563 628 564
f 565 626 649
f 565 649 566
f 565 627 626
f 566 649 624
f 566 624 650
f 566 650 651
f 566 651 569
f 567 569 652
f 567 652 653
f 567 653 568
f 568 653 654
f 568 654 655
f 568 655 570
f 569 651 650
f 569 650 656
f 569 656 657
f 569 657 658
f 569 658 652
f 570 655 659
f 570 659 660
f 570 660 661
f 570 661 662
f 570 662 663
f 570 663 574
f 571 664 665
f 571 665 677
f 571 677 666
f 571 666 668
f 571 668 572
f 571 576 667
f 571 667 664
f 572 668 573
f 573 668 577
f 574 663 662
f 574 662 669
f 574 669 670
f 574 670 671
f 574 671 672
f 574 672 673
f 574 673 575
f 575 674 576
f 575 673 675
f 575 675 676
f 575 676 664
f 575 664 674
f 576 674 667
f 577 668 666
f 577 666 677
f 577 677 675
f 577 675 636
f 578 678 579
f 578 580 678
f 579 679 680
f 579 680 581
f 579 678 679
f 580 634 681
f 580 681 682
f 580 682 678
f 581 680 683
f 581 683 582
f 582 683 684
f 582 684 583
f 583 684 685
f 583 685 584
f 584 685 686
f 584 686 585
f 585 686 687
f 585 687 688
f 585 688 586
f 586 688 689
f 586 689 587
f 587 689 690
f 587 690 691
f 587 691 692
f 587 692 588
f 588 692 591
f 588 591 590
f 591 692 592
f 592 692 693
f 592 693 694
f 592 694 695
f 592 695 593
f 593 696 594
f 593 695 696
f 594 697 698
f 594 698 699
f 594 699 595
f 594 696 700
f 594 700 697
f 599 701 600
f 600 701 702
f 600 702 601
f 601 702 703
f 601 703 704
f 601 704 602
f 602 705 603
f 602 704 705
f 603 706 707
f 603 707 708
f 603 708 709
f 603 709 604
f 603 705 706
f 604 709 710
f 604 710 605
f 605 710 606
f 606 710 711
f 607 712 713
f 607 713 608
f 607 611 712
f 608 714 609
f 608 713 715
f 608 715 716
f 608 716 717
f 608 717 718
f 608 718 714
f 609 719 720
f 609 720 610
f 609 714 719
f 610 720 721
f 610 721 612
f 611 722 723
f 611 723 715
f 611 715 713
f 611 713 712
f 612 721 724
f 612 724 725
f 612 725 726
f 612 726 613
f 613 726 727
f 613 727 614
f 614 728 615
f 614 727 729
f 614 729 728
f 615 728 730
f 615 730 617
f 616 618 731
f 616 731 732
f 616 732 619
f 617 730 733
f 617 733 731
f 617 731 618
f 619 732 735
f 619 735 734
f 621 736 737
f 621 737 738
f 621 738 739
f 621 739 622
f 622 739 740
f 622 740 623
f 623 740 624
f 624 649 626
f 624 626 625
f 624 740 650
f 628 643 642
f 628 642 741
f 628 741 631
f 628 631 630
f 628 630 629
f 631 741 742
f 631 742 632
f 632 742 743
f 632 743 633
f 633 681 634
f 633 743 744
f 633 744 681
f 635 636 638
f 636 745 638
f 636 675 746
f 636 746 745
f 637 638 639
f 638 747 639
f 638 745 747
f 639 748 640
f 639 747 748
f 640 749 750
f 640 750 641
f 640 748 749
f 641 750 749
f 641 749 751
f 641 751 752
f 641 752 644
f 642 648 741
f 644 752 753
f 644 753 754
f 644 754 645
f 645 754 646
f 646 755 743
f 646 743 742
f 646 742 647
f 646 754 755
f 647 742 648
f 648 742 741
f 650 756 656
f 650 740 757
f 650 757 758
f 650 758 756
f 652 658 759
f 652 759 653
f 653 759 654
f 654 759 760
f 654 760 761
f 654 761 655
f 655 761 659
f 656 756 657
f 657 756 658
f 658 756 762
f 658 762 759
f 659 761 763
f 659 763 764
f 659 764 765
f 659 765 766
f 659 766 660
f 660 766 661
f 661 766 767
f 661 767 669
f 661 669 662
f 664 676 675
f 664 675 768
f 664 768 665
f 664 667 674
f 665 769 675
f 665 675 677
f 665 768 769
f 670 770 771
f 670 771 772
f 670 772 671
f 671 773 774
f 671 774 775
f 671 775 776
f 671 776 777
f 671 777 672
f 671 772 771
f 671 771 773
f 672 777 746
f 672 746 675
f 672 675 673
f 675 769 768
f 678 778 781
f 678 781 679
f 678 682 779
f 678 779 780
f 678 780 778
f 679 781 782
f 679 782 680
f 680 782 783
f 680 783 683
f 681 744 784
f 681 784 785
f 681 785 786
f 681 786 682
f 682 786 779
f 683 783 787
f 683 787 684
f 684 787 788
f 684 788 685
f 685 788 789
f 685 789 686
f 686 789 790
f 686 790 687
f 687 790 791
f 687 791 792
f 687 792 688
f 688 792 793
f 688 793 690
f 688 690 689
f 690 692 691
f 690 793 794
f 690 794 795
f 690 795 692
f 692 795 693
f 693 795 694
f 694 795 796
f 694 796 695
f 695 796 797
f 695 797 798
f 695 798 696
f 696 798 799
f 696 799 700
f 697 800 801
f 697 801 698
f 697 700 802
f 697 802 803
f 697 803 800
f 698 801 804
f 698 804 699
f 700 799 805
f 700 805 802
f 701 806 702
f 702 807 703
f 702 806 808
f 702 808 809
f 702 809 810
f 702 810 807
f 703 807 811
f 703 811 704
f 704 812 705
f 704 811 813
f 704 813 814
f 704 814 812
f 705 812 815
f 705 815 816
f 705 816 817
f 705 817 818
f 705 818 706
f 706 818 819
f 706 819 820
f 706 820 707
f 707 820 708
f 708 711 710
f 708 710 709
f 714 821 828
f 714 828 719
f 714 718 822
f 714 822 823
f 714 823 824
f 714 824 821
f 715 825 716
f 715 723 825
f 716 825 826
f 716 826 827
f 716 827 717
f 717 827 718
f 718 827 822
f 719 828 829
f 719 829 720
f 720 829 830
f 720 830 831
f 720 831 832
f 720 832 833
f 720 833 724
f 720 724 721
f 722 834 723
f 723 834 826
f 723 826 825
f 724 833 835
f 724 835 836
f 724 836 725
f 725 836 837
f 725 837 838
f 725 838 839
f 725 839 840
f 725 840 726
f 726 840 841
f 726 841 842
f 726 842 843
f 726 843 727
f 727 843 729
f 728 729 730
f 729 844 730
f 729 843 845
f 729 845 846
f 729 846 847
f 729 847 844
f 730 844 847
f 730 847 733
f 731 733 735
f 731 735 732
f 733 847 848
f 733 848 735
f 734 849 850
f 734 735 848
f 734 848 851
f 734 851 852
f 734 852 853
f 734 853 854
f 734 854 855
f 734 855 856
f 734 856 857
f 734 857 849
f 736 858 859
f 736 859 737
f 737 758 757
f 737 757 740
f 737 740 739
f 737 739 738
f 737 859 758
f 743 755 784
f 743 784 744
f 745 860 747
f 745 746 860
f 746 777 861
f 746 861 860
f 747 860 862
f 747 862 748
f 748 862 863
f 748 863 864
f 748 864 865
f 748 865 749
f 749 866 867
f 749 867 751
f 749 865 866
f 751 867 753
f 751 753 752
f 753 867 868
f 753 868 869
f 753 869 870
f 753 870 784
f 753 784 871
f 753 871 754
f 754 871 784
f 754 784 755
f 756 758 762
f 758 859 872
f 758 872 762
f 759 762 760
f 760 762 874
f 760 874 873
f 760 873 764
f 760 764 763
f 760 763 761
f 762 872 874
f 764 876 877
f 764 877 765
f 764 873 875
f 765 877 766
f 766 877 876
f 770 878 879
f 770 879 880
f 770 880 771
f 771 881 882
f 771 882 883
f 771 883 773
f 771 880 884
f 771 884 881
f 773 883 885
f 773 885 774
f 774 886 776
f 774 776 775
f 774 885 886
f 776 886 887
f 776 887 777
f 777 887 888
f 777 888 889
f 777 889 861
f 778 890 781
f 778 780 891
f 778 891 890
f 779 892 891
f 779 891 780
f 779 786 870
f 779 870 893
f 779 893 894
f 779 894 892
f 781 895 782
f 781 890 895
f 782 895 896
f 782 896 897
f 782 897 783
f 783 897 898
f 783 898 787
f 784 870 785
f 785 870 786
f 787 898 899
f 787 899 900
f 787 900 788
f 788 900 901
f 788 901 789
f 789 901 902
f 789 902 790
f 790 902 903
f 790 903 791
f 791 903 904
f 791 904 905
f 791 905 792
f 792 905 906
f 792 906 793
f 793 906 794
f 794 907 908
f 794 908 805
f 794 805 797
f 794 797 795
f 794 906 905
f 794 905 907
f 795 797 796
f 797 805 799
f 797 799 798
f 800 909 910
f 800 910 801
f 800 803 911
f 800 911 909
f 802 805 912
f 802 912 803
f 803 912 911
f 805 908 913
f 805 913 914
f 805 914 912
f 806 915 916
f 806 916 809
f 806 809 808
f 807 810 917
f 807 917 918
f 807 918 811
f 809 916 919
f 809 919 917
f 809 917 810
f 811 918 813
f 812 814 920
f 812 920 921
f 812 921 815
f 813 918 922
f 813 922 920
f 813 920 814
f 815 921 923
f 815 923 816
f 816 924 925
f 816 925 818
f 816 818 817
f 816 923 926
f 816 926 924
f 818 927 928
f 818 928 819
f 818 925 927
f 819 928 929
f 819 929 820
f 821 930 828
f 821 824 930
f 822 827 823
f 823 827 824
f 824 827 931
f 824 931 932
f 824 932 933
f 824 933 934
f 824 934 935
f 824 935 936
f 824 936 930
f 826 834 827
f 827 834 937
f 827 937 938
f 827 938 931
f 828 939 940
f 828 940 830
f 828 830 829
f 828 930 939
f 830 940 941
f 830 941 831
f 831 941 942
f 831 942 832
f 832 836 835
f 832 835 833
f 832 942 943
f 832 943 944
f 832 944 945
f 832 945 946
f 832 946 947
f 832 947 837
f 832 837 836
f 837 947 946
f 837 946 838
f 838 946 948
f 838 948 949
f 838 949 839
f 839 949 840
f 840 949 842
f 840 842 841
f 842 950 951
f 842 951 952
f 842 952 843
f 842 949 948
f 842 948 950
f 843 952 845
f 845 952 1049
f 845 1049 953
f 845 953 846
f 846 953 954
f 846 954 955
f 846 955 956
f 846 956 847
f 847 852 848
f 847 956 852
f 848 852 851
f 849 957 850
f 849 857 957
f 850 957 958
f 852 956 854
f 852 854 853
f 854 956 959
f 854 959 856
f 854 856 855
f 856 959 960
f 856 960 961
f 856 961 857
f 857 961 962
f 857 962 957
f 858 963 872
f 858 872 859
f 860 861 889
f 860 889 964
f 860 964 862
f 862 965 863
f 862 964 965
f 863 966 864
f 863 965 966
f 864 866 865
f 864 966 967
f 864 967 866
f 866 967 867
f 867 967 968
f 867 968 969
f 867 969 868
f 868 970 869
f 868 969 971
f 868 971 970
f 869 970 870
f 870 970 893
f 872 963 874
f 873 874 963
f 873 963 875
f 878 972 973
f 878 973 879
f 879 973 880
f 880 973 884
f 881 974 975
f 881 975 976
f 881 976 882
f 881 884 974
f 882 976 883
f 883 976 975
f 883 975 885
f 884 973 974
f 885 975 977
f 885 977 978
f 885 978 886
f 886 978 979
f 886 979 980
f 886 980 887
f 887 980 981
f 887 981 888
f 888 981 889
f 889 982 983
f 889 983 964
f 889 981 982
f 890 984 895
f 890 891 985
f 890 985 986
f 890 986 984
f 891 892 987
f 891 987 985
f 892 894 987
f 893 970 894
f 894 970 988
f 894 988 989
f 894 989 987
f 895 990 991
f 895 991 896
f 895 984 990
f 896 991 992
f 896 992 897
f 897 992 993
f 897 993 898
f 898 993 899
f 899 994 995
f 899 995 996
f 899 996 900
f 899 993 1097
f 899 1097 994
f 900 996 901
f 901 996 997
f 901 997 998
f 901 998 902
f 902 998 999
f 902 999 1000
f 902 1000 903
f 903 1000 1001
f 903 1001 1002
f 903 1002 904
f 904 1002 1003
f 904 1003 907
f 904 907 905
f 907 1003 913
f 907 913 908
f 909 1004 1005
f 909 1005 1006
f 909 1006 910
f 909 911 1004
f 911 1007 1004
f 911 912 1007
f 912 914 1007
f 913 1003 1008
f 913 1008 1009
f 913 1009 1010
f 913 1010 914
f 914 1010 1007
f 915 1011 1012
f 915 1012 1013
f 915 1013 916
f 916 1013 1012
f 916 1012 919
f 917 919 1014
f 917 1014 918
f 918 1014 1015
f 918 1015 1016
f 918 1016 1017
f 918 1017 922
f 919 1012 1018
f 919 1018 1019
f 919 1019 1015
f 919 1015 1014
f 920 922 1017
f 920 1017 1020
f 920 1020 1021
f 920 1021 921
f 921 1021 923
f 923 1021 1022
f 923 1022 924
f 923 924 926
f 924 1022 1023
f 924 1023 1024
f 924 1024 1025
f 924 1025 925
f 925 1025 927
f 927 1025 928
f 928 1026 929
f 928 1025 1026
f 929 1026 1027
f 930 936 939
f 931 938 1028
f 931 1028 1029
f 931 1029 1030
f 931 1030 1031
f 931 1031 1032
f 931 1032 1033
f 931 1033 932
f 932 1033 933
f 933 1033 1034
f 933 1034 1035
f 933 1035 934
f 934 1035 935
f 935 1035 1036
f 935 1036 1037
f 935 1037 1038
f 935 1038 936
f 936 1038 1039
f 936 1039 939
f 939 1040 1041
f 939 1041 1042
f 939 1042 941
f 939 941 940
f 939 1039 1040
f 941 1043 1044
f 941 1044 1045
f 941 1045 945
f 941 945 944
f 941 944 943
f 941 943 942
f 941 1042 1043
f 945 1045 950
f 945 950 948
f 945 948 946
f 950 1046 951
f 950 1045 1046
f 951 1047 1048
f 951 1048 1049
f 951 1049 952
f 951 1046 1047
f 953 1049 1050
f 953 1050 954
f 954 1050 1161
f 954 1161 1051
f 954 1051 1052
f 954 1052 955
f 955 1052 959
f 955 959 956
f 957 1053 1054
f 957 1054 958
f 957 962 961
f 957 961 1053
f 959 1052 1055
f 959 1055 960
f 960 1055 1056
f 960 1056 1057
f 960 1057 961
f 961 1057 1058
f 961 1058 1053
f 964 983 1059
f 964 1059 965
f 965 1059 1060
f 965 1060 966
f 966 1060 1061
f 966 1061 1062
f 966 1062 1063
f 966 1063 967
f 967 1063 1064
f 967 1064 1065
f 967 1065 1066
f 967 1066 968
f 968 1066 1067
f 968 1067 969
f 969 1068 971
f 969 1067 1068
f 970 1069 1070
f 970 1070 988
f 970 971 1071
f 970 1071 1072
f 970 1072 1069
f 971 1068 1073
f 971 1073 1074
f 971 1074 1075
f 971 1075 1071
f 972 1076 1077
f 972 1077 973
f 973 1077 1078
f 973 1078 1079
f 973 1079 974
f 974 1079 1080
f 974 1080 1081
f 974 1081 975
f 975 1081 977
f 977 1082 978
f 977 1081 1082
f 978 1082 979
f 979 1082 1083
f 979 1083 980
f 980 1083 1084
f 980 1084 981
f 981 1084 982
f 982 1084 1085
f 982 1085 1086
f 982 1086 1087
f 982 1087 1088
f 982 1088 983
f 983 1088 1059
f 984 1089 990
f 984 986 1089
f 985 1090 986
f 985 987 989
f 985 989 988
f 985 988 1070
f 985 1070 1090
f 986 1090 1091
f 986 1091 1092
f 986 1092 1212
f 986 1212 1093
f 986 1093 1089
f 990 1094 991
f 990 1089 1209
f 990 1209 1094
f 991 1094 1095
f 991 1095 1096
f 991 1096 992
f 992 1096 1097
f 992 1097 993
f 994 1098 1099
f 994 1099 995
f 994 1097 1098
f 995 1099 1100
f 995 1100 997
f 995 997 996
f 997 1100 1101
f 997 1101 1102
f 997 1102 1103
f 997 1103 999
f 997 999 998
f 999 1001 1000
f 999 1103 1001
f 1001 1103 1002
f 1002 1103 1104
f 1002 1104 1105
f 1002 1105 1003
f 1003 1105 1106
f 1003 1106 1107
f 1003 1107 1008
f 1004 1108 1005
f 1004 1007 1109
f 1004 1109 1108
f 1005 1108 1110
f 1005 1110 1111
f 1005 1111 1112
f 1007 1010 1109
f 1008 1107 1113
f 1008 1113 1114
f 1008 1114 1115
f 1008 1115 1109
f 1008 1109 1009
f 1009 1109 1010
f 1011 1116 1117
f 1011 1117 1012
f 1012 1117 1118
f 1012 1118 1119
f 1012 1119 1120
f 1012 1120 1121
f 1012 1121 1018
f 1015 1017 1016
f 1015 1019 1017
f 1017 1019 1122
f 1017 1122 1123
f 1017 1123 1020
f 1018 1121 1122
f 1018 1122 1019
f 1020 1124 1022
f 1020 1022 1021
f 1020 1123 1124
f 1022 1125 1023
f 1022 1124 1125
f 1023 1125 1024
f 1024 1125 1126
f 1024 1126 1127
f 1024 1127 1128
f 1024 1128 1129
f 1024 1129 1130
f 1024 1130 1027
f 1024 1027 1026
f 1024 1026 1025
f 1027 1130 1131
f 1031 1132 1032
f 1032 1132 1133
f 1032 1133 1134
f 1032 1134 1135
f 1032 1135 1033
f 1033 1135 1034
f 1034 1135 1136
f 1034 1136 1137
f 1034 1137 1138
f 1034 1138 1139
f 1034 1139 1035
f 1035 1139 1140
f 1035 1140 1036
f 1036 1140 1037
f 1037 1141 1142
f 1037 1142 1038
f 1037 1140 1143
f 1037 1143 1141
f 1038 1142 1039
f 1039 1142 1144
f 1039 1144 1040
f 1040 1145 1146
f 1040 1146 1041
f 1040 1144 1147
f 1040 1147 1145
f 1041 1146 1148
f 1041 1148 1281
f 1041 1281 1149
f 1041 1149 1042
f 1042 1149 1150
f 1042 1150 1151
f 1042 1151 1152
f 1042 1152 1043
f 1043 1152 1044
f 1044 1152 1045
f 1045 1152 1153
f 1045 1153 1154
f 1045 1154 1155
f 1045 1155 1046
f 1046 1155 1156
f 1046 1156 1047
f 1047 1156 1157
f 1047 1157 1158
f 1047 1158 1159
f 1047 1159 1048
f 1048 1159 1160
f 1048 1160 1050
f 1048 1050 1049
f 1050 1160 1161
f 1051 1161 1162
f 1051 1162 1055
f 1051 1055 1052
f 1053 1163 1166
f 1053 1166 1054
f 1053 1058 1164
f 1053 1164 1165
f 1053 1165 1294
f 1053 1294 1163
f 1055 1162 1056
f 1056 1162 1167
f 1056 1167 1168
f 1056 1168 1169
f 1056 1169 1057
f 1057 1169 1058
f 1058 1169 1165
f 1058 1165 1164
f 1059 1088 1170
f 1059 1170 1060
f 1060 1170 1171
f 1060 1171 1061
f 1061 1171 1172
f 1061 1172 1062
f 1062 1172 1173
f 1062 1173 1063
f 1063 1173 1064
f 1064 1173 1066
f 1064 1066 1065
f 1066 1174 1307
f 1066 1307 1175
f 1066 1175 1176
f 1066 1176 1177
f 1066 1177 1178
f 1066 1178 1067
f 1066 1173 1174
f 1067 1178 1179
f 1067 1179 1180
f 1067 1180 1068
f 1068 1180 1073
f 1069 1181 1182
f 1069 1182 1070
f 1069 1072 1181
f 1070 1182 1090
f 1071 1075 1183
f 1071 1183 1072
f 1072 1183 1184
f 1072 1184 1182
f 1072 1182 1181
f 1073 1180 1185
f 1073 1185 1186
f 1073 1186 1074
f 1074 1186 1187
f 1074 1187 1075
f 1075 1187 1188
f 1075 1188 1189
f 1075 1189 1190
f 1075 1190 1183
f 1076 1191 1192
f 1076 1192 1077
f 1077 1193 1078
f 1077 1192 1193
f 1078 1193 1194
f 1078 1194 1195
f 1078 1195 1079
f 1079 1195 1080
f 1080 1196 1081
f 1080 1195 1196
f 1081 1196 1197
f 1081 1197 1198
f 1081 1198 1082
f 1082 1198 1199
f 1082 1199 1200
f 1082 1200 1083
f 1083 1200 1201
f 1083 1201 1202
f 1083 1202 1203
f 1083 1203 1084
f 1084 1203 1204
f 1084 1204 1085
f 1085 1204 1086
f 1086 1205 1206
f 1086 1206 1207
f 1086 1207 1087
f 1086 1204 1205
f 1087 1207 1088
f 1088 1207 1208
f 1088 1208 1170
f 1089 1093 1209
f 1090 1182 1091
f 1091 1210 1092
f 1091 1182 1210
f 1092 1210 1211
f 1092 1211 1212
f 1093 1212 1209
f 1094 1213 1214
f 1094 1214 1095
f 1094 1209 1215
f 1094 1215 1213
f 1095 1214 1096
f 1096 1214 1216
f 1096 1216 1097
f 1097 1217 1098
f 1097 1216 1217
f 1098 1217 1218
f 1098 1218 1099
f 1099 1219 1220
f 1099 1220 1221
f 1099 1221 1100
f 1099 1218 1219
f 1100 1221 1101
f 1101 1222 1102
f 1101 1221 1223
f 1101 1223 1222
f 1102 1222 1224
f 1102 1224 1103
f 1103 1224 1225
f 1103 1225 1104
f 1104 1225 1226
f 1104 1226 1106
f 1104 1106 1105
f 1106 1226 1227
f 1106 1227 1113
f 1106 1113 1107
f 1108 1109 1115
f 1108 1115 1114
f 1108 1114 1110
f 1110 1228 1111
f 1110 1114 1113
f 1110 1113 1228
f 1111 1228 1229
f 1111 1229 1230
f 1111 1230 1231
f 1111 1231 1112
f 1113 1227 1232
f 1113 1232 1229
f 1113 1229 1228
f 1116 1233 1119
f 1116 1119 1234
f 1116 1234 1117
f 1117 1234 1235
f 1117 1235 1118
f 1118 1235 1119
f 1119 1235 1234
f 1119 1233 1236
f 1119 1236 1237
f 1119 1237 1120
f 1120 1237 1238
f 1120 1238 1239
f 1120 1239 1121
f 1121 1239 1238
f 1121 1238 1240
f 1121 1240 1122
f 1122 1241 1242
f 1122 1242 1243
f 1122 1243 1244
f 1122 1244 1245
f 1122 1245 1123
f 1122 1240 1241
f 1123 1245 1246
f 1123 1246 1247
f 1123 1247 1248
f 1123 1248 1249
f 1123 1249 1250
f 1123 1250 1124
f 1124 1251 1252
f 1124 1252 1125
f 1124 1250 1251
f 1125 1252 1126
f 1126 1253 1127
f 1126 1252 1253
f 1127 1254 1255
f 1127 1255 1256
f 1127 1256 1257
f 1127 1257 1128
f 1127 1253 1258
f 1127 1258 1259
f 1127 1259 1254
f 1128 1257 1131
f 1128 1131 1260
f 1128 1260 1129
f 1129 1260 1131
f 1129 1131 1130
f 1131 1257 1256
f 1132 1261 1133
f 1133 1262 1136
f 1133 1136 1135
f 1133 1135 1134
f 1133 1261 1263
f 1133 1263 1264
f 1133 1264 1262
f 1136 1262 1265
f 1136 1265 1137
f 1137 1265 1266
f 1137 1266 1138
f 1138 1267 1268
f 1138 1268 1139
f 1138 1266 1267
f 1139 1268 1269
f 1139 1269 1270
f 1139 1270 1143
f 1139 1143 1140
f 1141 1271 1142
f 1141 1143 1271
f 1142 1271 1270
f 1142 1270 1144
f 1143 1270 1271
f 1144 1270 1272
f 1144 1272 1273
f 1144 1273 1147
f 1145 1274 1275
f 1145 1275 1146
f 1145 1147 1276
f 1145 1276 1274
f 1146 1277 1148
f 1146 1275 1278
f 1146 1278 1279
f 1146 1279 1277
f 1147 1273 1276
f 1148 1277 1280
f 1148 1280 1281
f 1149 1281 1150
f 1150 1281 1282
f 1150 1282 1283
f 1150 1283 1153
f 1150 1153 1151
f 1151 1153 1152
f 1153 1283 1284
f 1153 1284 1155
f 1153 1155 1154
f 1155 1284 1285
f 1155 1285 1156
f 1156 1285 1286
f 1156 1286 1287
f 1156 1287 1157
f 1157 1287 1288
f 1157 1288 1158
f 1158 1288 1289
f 1158 1289 1159
f 1159 1289 1290
f 1159 1290 1160
f 1160 1290 1291
f 1160 1291 1161
f 1161 1291 1292
f 1161 1292 1162
f 1162 1292 1167
f 1163 1293 1166
f 1163 1294 1295
f 1163 1295 1296
f 1163 1296 1297
f 1163 1297 1298
f 1163 1298 1293
f 1165 1169 1299
f 1165 1299 1294
f 1166 1293 1300
f 1167 1301 1168
f 1167 1292 1419
f 1167 1419 1301
f 1168 1301 1302
f 1168 1302 1299
f 1168 1299 1169
f 1170 1208 1344
f 1170 1344 1303
f 1170 1303 1171
f 1171 1303 1304
f 1171 1304 1172
f 1172 1304 1173
f 1173 1304 1305
f 1173 1305 1174
f 1174 1305 1306
f 1174 1306 1307
f 1175 1307 1308
f 1175 1308 1309
f 1175 1309 1176
f 1176 1309 1310
f 1176 1310 1311
f 1176 1311 1177
f 1177 1311 1312
f 1177 1312 1178
f 1178 1312 1313
f 1178 1313 1314
f 1178 1314 1179
f 1179 1314 1315
f 1179 1315 1316
f 1179 1316 1317
f 1179 1317 1180
f 1180 1317 1318
f 1180 1318 1319
f 1180 1319 1320
f 1180 1320 1185
f 1182 1184 1210
f 1183 1190 1184
f 1184 1190 1321
f 1184 1321 1210
f 1185 1320 1189
f 1185 1189 1188
f 1185 1188 1187
f 1185 1187 1186
f 1189 1320 1322
f 1189 1322 1323
f 1189 1323 1321
f 1189 1321 1190
f 1191 1324 1192
f 1192 1324 1325
f 1192 1325 1193
f 1193 1325 1326
f 1193 1326 1327
f 1193 1327 1194
f 1194 1327 1328
f 1194 1328 1195
f 1195 1328 1196
f 1196 1328 1329
f 1196 1329 1330
f 1196 1330 1331
f 1196 1331 1332
f 1196 1332 1197
f 1197 1332 1333
f 1197 1333 1199
f 1197 1199 1198
f 1199 1333 1334
f 1199 1334 1200
f 1200 1334 1335
f 1200 1335 1201
f 1201 1335 1334
f 1201 1334 1333
f 1201 1333 1336
f 1201 1336 1337
f 1201 1337 1338
f 1201 1338 1339
f 1201 1339 1202
f 1202 1339 1203
f 1203 1339 1340
f 1203 1340 1205
f 1203 1205 1204
f 1205 1340 1341
f 1205 1341 1206
f 1206 1341 1342
f 1206 1342 1343
f 1206 1343 1207
f 1207 1343 1344
f 1207 1344 1208
f 1209 1212 1215
f 1210 1345 1211
f 1210 1321 1323
f 1210 1323 1345
f 1211 1345 1346
f 1211 1346 1347
f 1211 1347 1348
f 1211 1348 1212
f 1212 1348 1215
f 1213 1349 1463
f 1213 1463 1350
f 1213 1350 1351
f 1213 1351 1214
f 1213 1215 1352
f 1213 1352 1349
f 1214 1351 1216
f 1215 1348 1352
f 1216 1351 1217
f 1217 1351 1218
f 1218 1353 1219
f 1218 1351 1350
f 1218 1350 1353
f 1219 1354 1355
f 1219 1355 1220
f 1219 1353 1356
f 1219 1356 1354
f 1220 1357 1223
f 1220 1223 1221
f 1220 1355 1357
f 1222 1223 1357
f 1222 1357 1358
f 1222 1358 1359
f 1222 1359 1225
f 1222 1225 1224
f 1225 1359 1360
f 1225 1360 1361
f 1225 1361 1226
f 1226 1361 1362
f 1226 1362 1227
f 1227 1363 1232
f 1227 1362 1363
f 1229 1232 1230
f 1230 1232 1364
f 1230 1364 1365
f 1230 1365 1366
f 1230 1366 1231
f 1232 1367 1368
f 1232 1368 1369
f 1232 1369 1364
f 1232 1363 1367
f 1236 1370 1237
f 1237 1370 1371
f 1237 1371 1372
f 1237 1372 1238
f 1238 1373 1240
f 1238 1372 1374
f 1238 1374 1375
f 1238 1375 1376
f 1238 1376 1373
f 1240 1373 1241
f 1241 1373 1377
f 1241 1377 1242
f 1242 1378 1243
f 1242 1377 1379
f 1242 1379 1380
f 1242 1380 1487
f 1242 1487 1378
f 1243 1378 1244
f 1244 1381 1245
f 1244 1378 1382
f 1244 1382 1381
f 1245 1381 1383
f 1245 1383 1246
f 1246 1383 1247
f 1247 1383 1384
f 1247 1384 1385
f 1247 1385 1386
f 1247 1386 1387
f 1247 1387 1249
f 1247 1249 1248
f 1249 1387 1250
f 1250 1387 1251
f 1251 1387 1388
f 1251 1388 1389
f 1251 1389 1390
f 1251 1390 1252
f 1252 1391 1392
f 1252 1392 1393
f 1252 1393 1253
f 1252 1390 1394
f 1252 1394 1391
f 1253 1393 1258
f 1254 1395 1396
f 1254 1396 1255
f 1254 1259 1400
f 1254 1400 1397
f 1254 1397 1398
f 1254 1398 1395
f 1258 1393 1399
f 1258 1399 1259
f 1259 1399 1400
f 1262 1264 1367
f 1262 1367 1363
f 1262 1363 1265
f 1264 1368 1367
f 1265 1363 1266
f 1266 1363 1362
f 1266 1362 1267
f 1267 1362 1361
f 1267 1361 1401
f 1267 1401 1268
f 1268 1401 1402
f 1268 1402 1403
f 1268 1403 1404
f 1268 1404 1269
f 1269 1404 1272
f 1269 1272 1270
f 1272 1404 1405
f 1272 1405 1406
f 1272 1406 1273
f 1273 1406 1276
f 1274 1276 1406
f 1274 1406 1278
f 1274 1278 1275
f 1277 1407 1280
f 1277 1279 1408
f 1277 1408 1404
f 1277 1404 1407
f 1278 1406 1409
f 1278 1409 1279
f 1279 1409 1408
f 1280 1407 1410
f 1280 1410 1411
f 1280 1411 1282
f 1280 1282 1281
f 1282 1412 1413
f 1282 1413 1285
f 1282 1285 1284
f 1282 1284 1283
f 1282 1411 1412
f 1285 1413 1286
f 1286 1414 1287
f 1286 1413 1414
f 1287 1414 1288
f 1288 1414 1289
f 1289 1414 1415
f 1289 1415 1416
f 1289 1416 1290
f 1290 1417 1291
f 1290 1416 1417
f 1291 1417 1418
f 1291 1418 1292
f 1292 1418 1419
f 1293 1420 1426
f 1293 1426 1300
f 1293 1298 1421
f 1293 1421 1422
f 1293 1422 1420
f 1294 1299 1423
f 1294 1423 1424
f 1294 1424 1425
f 1294 1425 1297
f 1294 1297 1296
f 1294 1296 1295
f 1297 1425 1298
f 1298 1425 1421
f 1299 1302 1423
f 1301 1419 1427
f 1301 1427 1302
f 1302 1428 1424
f 1302 1424 1423
f 1302 1427 1428
f 1303 1344 1461
f 1303 1461 1429
f 1303 1429 1304
f 1304 1429 1305
f 1305 1429 1306
f 1306 1429 1430
f 1306 1430 1308
f 1306 1308 1307
f 1308 1430 1431
f 1308 1431 1309
f 1309 1431 1432
f 1309 1432 1310
f 1310 1432 1311
f 1311 1432 1312
f 1312 1432 1313
f 1313 1432 1314
f 1314 1432 1433
f 1314 1433 1434
f 1314 1434 1315
f 1315 1434 1436
f 1315 1436 1316
f 1316 1435 1317
f 1316 1436 1437
f 1316 1437 1534
f 1316 1534 1435
f 1317 1438 1318
f 1317 1435 1438
f 1318 1438 1439
f 1318 1439 1440
f 1318 1440 1319
f 1319 1440 1441
f 1319 1441 1442
f 1319 1442 1443
f 1319 1443 1320
f 1320 1443 1322
f 1322 1443 1346
f 1322 1346 1323
f 1323 1346 1345
f 1324 1444 1445
f 1324 1445 1446
f 1324 1446 1325
f 1325 1446 1447
f 1325 1447 1448
f 1325 1448 1326
f 1326 1448 1449
f 1326 1449 1327
f 1327 1449 1450
f 1327 1450 1451
f 1327 1451 1328
f 1328 1451 1330
f 1328 1330 1329
f 1330 1452 1453
f 1330 1453 1454
f 1330 1454 1331
f 1330 1451 1450
f 1330 1450 1452
f 1331 1454 1336
f 1331 1336 1333
f 1331 1333 1332
f 1336 1455 1453
f 1336 1453 1337
f 1336 1454 1455
f 1337 1453 1338
f 1338 1456 1457
f 1338 1457 1340
f 1338 1340 1339
f 1338 1453 1458
f 1338 1458 1456
f 1340 1457 1341
f 1341 1459 1460
f 1341 1460 1342
f 1341 1457 1459
f 1342 1460 1431
f 1342 1431 1343
f 1343 1431 1461
f 1343 1461 1344
f 1346 1443 1462
f 1346 1462 1347
f 1347 1462 1348
f 1348 1462 1352
f 1349 1352 1462
f 1349 1462 1464
f 1349 1464 1463
f 1350 1463 1356
f 1350 1356 1465
f 1350 1465 1353
f 1353 1465 1356
f 1354 1356 1355
f 1355 1356 1466
f 1355 1466 1467
f 1355 1467 1468
f 1355 1468 1469
f 1355 1469 1357
f 1356 1463 1464
f 1356 1464 1470
f 1356 1470 1467
f 1356 1467 1466
f 1357 1469 1468
f 1357 1468 1471
f 1357 1471 1358
f 1358 1471 1359
f 1359 1471 1472
f 1359 1472 1360
f 1360 1472 1473
f 1360 1473 1474
f 1360 1474 1475
f 1360 1475 1476
f 1360 1476 1361
f 1361 1476 1401
f 1364 1369 1477
f 1364 1477 1478
f 1364 1478 1365
f 1372 1479 1375
f 1372 1375 1374
f 1373 1379 1377
f 1373 1376 1480
f 1373 1480 1379
f 1375 1479 1376
f 1376 1481 1482
f 1376 1482 1483
f 1376 1483 1480
f 1376 1479 1484
f 1376 1484 1485
f 1376 1485 1481
f 1378 1486 1382
f 1378 1487 1488
f 1378 1488 1486
f 1379 1480 1489
f 1379 1489 1380
f 1380 1489 1490
f 1380 1490 1491
f 1380 1491 1492
f 1380 1492 1493
f 1380 1493 1487
f 1381 1382 1486
f 1381 1486 1494
f 1381 1494 1495
f 1381 1495 1383
f 1383 1495 1496
f 1383 1496 1385
f 1383 1385 1384
f 1385 1388 1387
f 1385 1387 1386
f 1385 1496 1388
f 1388 1496 1497
f 1388 1497 1498
f 1388 1498 1389
f 1389 1498 1390
f 1390 1498 1394
f 1391 1394 1499
f 1391 1499 1500
f 1391 1500 1501
f 1391 1501 1392
f 1392 1399 1393
f 1392 1501 1502
f 1392 1502 1503
f 1392 1503 1504
f 1392 1504 1505
f 1392 1505 1399
f 1394 1498 1506
f 1394 1506 1499
f 1395 1505 1507
f 1395 1507 1508
f 1395 1508 1396
f 1395 1398 1505
f 1397 1400 1505
f 1397 1505 1398
f 1399 1505 1400
f 1401 1476 1509
f 1401 1509 1402
f 1402 1509 1510
f 1402 1510 1403
f 1403 1510 1410
f 1403 1410 1407
f 1403 1407 1404
f 1404 1408 1405
f 1405 1408 1409
f 1405 1409 1406
f 1410 1511 1411
f 1410 1510 1511
f 1411 1511 1412
f 1412 1468 1512
f 1412 1512 1413
f 1412 1511 1468
f 1413 1512 1513
f 1413 1513 1415
f 1413 1415 1414
f 1415 1513 1514
f 1415 1514 1439
f 1415 1439 1515
f 1415 1515 1416
f 1416 1516 1417
f 1416 1515 1517
f 1416 1517 1518
f 1416 1518 1519
f 1416 1519 1520
f 1416 1520 1521
f 1416 1521 1522
f 1416 1522 1516
f 1417 1516 1418
f 1418 1516 1523
f 1418 1523 1491
f 1418 1491 1524
f 1418 1524 1525
f 1418 1525 1419
f 1419 1525 1526
f 1419 1526 1427
f 1420 1527 1426
f 1420 1422 1528
f 1420 1528 1483
f 1420 1483 1527
f 1421 1425 1529
f 1421 1529 1530
f 1421 1530 1422
f 1422 1530 1528
f 1424 1428 1531
f 1424 1531 1529
f 1424 1529 1425
f 1427 1526 1428
f 1428 1526 1531
f 1429 1461 1430
f 1430 1461 1431
f 1431 1460 1432
f 1432 1532 1433
f 1432 1460 1533
f 1432 1533 1532
f 1433 1532 1434
f 1434 1532 1436
f 1435 1534 1535
f 1435 1535 1438
f 1436 1532 1437
f 1437 1532 1534
f 1438 1515 1439
f 1438 1535 1536
f 1438 1536 1515
f 1439 1514 1440
f 1440 1514 1537
f 1440 1537 1538
f 1440 1538 1441
f 1441 1538 1442
f 1442 1538 1539
f 1442 1539 1540
f 1442 1540 1443
f 1443 1540 1462
f 1444 1541 1542
f 1444 1542 1446
f 1444 1446 1445
f 1446 1543 1544
f 1446 1544 1545
f 1446 1545 1546
f 1446 1546 1547
f 1446 1547 1447
f 1446 1542 1543
f 1447 1547 1448
f 1448 1547 1452
f 1448 1452 1449
f 1449 1452 1450
f 1452 1547 1453
f 1453 1455 1454
f 1453 1547 1545
f 1453 1545 1548
f 1453 1548 1458
f 1456 1549 1550
f 1456 1550 1551
f 1456 1551 1457
f 1456 1458 1549
f 1457 1551 1552
f 1457 1552 1459
f 1458 1548 1506
f 1458 1506 1553
f 1458 1553 1554
f 1458 1554 1549
f 1459 1552 1533
f 1459 1533 1460
f 1462 1540 1464
f 1464 1540 1470
f 1467 1470 1539
f 1467 1539 1468
f 1468 1539 1538
f 1468 1538 1512
f 1468 1511 1472
f 1468 1472 1471
f 1470 1540 1539
f 1472 1511 1473
f 1473 1511 1474
f 1474 1555 1475
f 1474 1511 1555
f 1475 1509 1476
f 1475 1555 1509
f 1480 1483 1528
f 1480 1528 1530
f 1480 1530 1556
f 1480 1556 1489
f 1481 1485 1557
f 1481 1557 1482
f 1482 1557 1558
f 1482 1558 1559
f 1482 1559 1527
f 1482 1527 1483
f 1484 1560 1485
f 1485 1560 1557
f 1486 1561 1494
f 1486 1488 1518
f 1486 1518 1561
f 1487 1493 1562
f 1487 1562 1488
f 1488 1562 1516
f 1488 1516 1522
f 1488 1522 1521
f 1488 1521 1520
f 1488 1520 1519
f 1488 1519 1518
f 1489 1556 1529
f 1489 1529 1563
f 1489 1563 1564
f 1489 1564 1490
f 1490 1564 1525
f 1490 1525 1524
f 1490 1524 1491
f 1491 1523 1492
f 1492 1523 1565
f 1492 1565 1562
f 1492 1562 1493
f 1494 1561 1566
f 1494 1566 1495
f 1495 1567 1496
f 1495 1566 1567
f 1496 1567 1554
f 1496 1554 1497
f 1497 1554 1498
f 1498 1554 1506
f 1499 1568 1500
f 1499 1506 1548
f 1499 1548 1568
f 1500 1569 1570
f 1500 1570 1501
f 1500 1568 1569
f 1501 1570 1502
f 1502 1571 1503
f 1502 1570 1569
f 1502 1569 1572
f 1502 1572 1573
f 1502 1573 1571
f 1503 1571 1574
f 1503 1574 1575
f 1503 1575 1504
f 1504 1575 1505
f 1505 1575 1507
f 1506 1554 1553
f 1509 1555 1510
f 1510 1555 1511
f 1512 1538 1537
f 1512 1537 1514
f 1512 1514 1513
f 1515 1536 1576
f 1515 1576 1577
f 1515 1577 1517
f 1516 1562 1565
f 1516 1565 1523
f 1517 1577 1518
f 1518 1577 1576
f 1518 1576 1578
f 1518 1578 1532
f 1518 1532 1561
f 1525 1564 1526
f 1526 1564 1531
f 1529 1531 1563
f 1529 1556 1530
f 1531 1564 1563
f 1532 1578 1576
f 1532 1576 1536
f 1532 1536 1535
f 1532 1535 1534
f 1532 1533 1561
f 1533 1552 1561
f 1541 1579 1542
f 1542 1579 1580
f 1542 1580 1543
f 1543 1580 1581
f 1543 1581 1544
f 1544 1573 1568
f 1544 1568 1548
f 1544 1548 1545
f 1544 1581 1582
f 1544 1582 1583
f 1544 1583 1573
f 1545 1547 1546
f 1549 1567 1550
f 1549 1554 1567
f 1550 1584 1585
f 1550 1585 1552
f 1550 1552 1551
f 1550 1567 1584
f 1552 1585 1561
f 1561 1585 1566
f 1566 1585 1584
f 1566 1584 1567
f 1568 1573 1586
f 1568 1586 1572
f 1568 1572 1569
f 1571 1583 1587
f 1571 1573 1583
f 1572 1586 1573
f 1579 1588 1581
f 1579 1581 1580
f 1581 1588 1582
f 1582 1589 1590
f 1582 1590 1583
f 1583 1590 1587
f 1587 1590 1589

