# https://github.com/mikedh/trimesh
v -0.01747927 0.01938891 0.00060872
v -0.01747589 0.01938891 0.00074203
v -0.01746065 0.01959043 0.00060872
v -0.01747419 0.01925701 0.00060872
v -0.01746912 0.01919105 0.00074203
v -0.01746234 0.01938891 0.00094200
v -0.01743695 0.01971867 0.00087837
v -0.01745726 0.01959043 0.00074203
v -0.01746065 0.01919105 0.00094200
v -0.01744033 0.01976264 0.00074203
v -0.01744203 0.01977729 0.00060872
v -0.01747081 0.01919105 0.00060872
v -0.01745388 0.01909213 0.00060872
v -0.01744372 0.01904816 0.00074203
v -0.01744033 0.01906282 0.00094200
v -0.01743695 0.01907747 0.00108440
v -0.01743695 0.01924602 0.00126467
v -0.01743695 0.01933029 0.00126467
v -0.01744372 0.01939624 0.00114802
v -0.01743695 0.01953181 0.00108591
v -0.01744372 0.01959409 0.00094351
v -0.01713051 0.02279276 0.00074203
v -0.01723886 0.02174120 0.00074203
v -0.01743017 0.01966737 0.00101168
v -0.01738277 0.02019132 0.00094200
v -0.01725918 0.02138945 0.00094200
v -0.01705263 0.02338999 0.00094200
v -0.01643806 0.02953817 0.00069659
v -0.01743187 0.01911411 0.00121771
v -0.01744372 0.01918373 0.00114802
v -0.01733367 0.02085817 0.00060872
v -0.01736076 0.02059070 0.00060872
v -0.01703401 0.02380769 0.00060872
v -0.01709665 0.02319214 0.00060872
v -0.01713728 0.02279276 0.00060872
v -0.01744541 0.01904450 0.00060872
v -0.01737600 0.01894557 0.00060872
v -0.01737092 0.01894923 0.00074203
v -0.01735399 0.01896022 0.00094200
v -0.01730828 0.01901152 0.00154190
v -0.01742171 0.01918373 0.00133587
v -0.01738446 0.01919105 0.00154190
v -0.01737769 0.01938891 0.00154190
v -0.01741832 0.01939624 0.00133587
v -0.01739801 0.01959043 0.00134193
v -0.01737769 0.01978829 0.00134193
v -0.01743017 0.01946586 0.00121922
v -0.01742510 0.01959409 0.00114802
v -0.01663106 0.02773182 0.00060872
v -0.01683254 0.02577525 0.00060872
v -0.01723548 0.02151403 0.00106168
v -0.01686640 0.02519268 0.00094200
v -0.01628399 0.03099278 0.00074203
v -0.01563048 0.03742309 0.00060872
v -0.01583026 0.03548850 0.00060872
v -0.01727611 0.01887962 0.00060872
v -0.01727103 0.01887962 0.00074203
v -0.01725410 0.01888328 0.00094200
v -0.01724056 0.01888694 0.00107682
v -0.01673265 0.01898221 0.00334310
v -0.01685454 0.01905915 0.00334310
v -0.01683931 0.01908114 0.00345672
v -0.01689348 0.01919105 0.00334310
v -0.01691211 0.01938891 0.00334310
v -0.01691041 0.01959043 0.00334310
v -0.01689518 0.01978829 0.00334310
v -0.01683761 0.02012537 0.00345369
v -0.01735907 0.01959043 0.00154190
v -0.01722532 0.02078856 0.00159946
v -0.01721685 0.02099374 0.00153432
v -0.01723717 0.02092779 0.00146312
v -0.01725071 0.02099374 0.00135102
v -0.01723548 0.02130518 0.00125104
v -0.01736415 0.02019132 0.00114197
v -0.01703908 0.02338999 0.00108440
v -0.01683084 0.02547114 0.00101471
v -0.01620103 0.03179519 0.00074203
v -0.01563556 0.03732049 0.00066629
v -0.01504469 0.04306197 0.00060872
v -0.01712882 0.01887595 0.00060872
v -0.00573132 0.01752028 0.01474568
v -0.00613088 0.01754959 0.01454571
v -0.00723304 0.01768882 0.01384735
v -0.01303845 0.01848757 0.00946780
v -0.01653287 0.01896755 0.00374303
v -0.01667678 0.01904083 0.00374303
v -0.01673942 0.01902984 0.00353095
v -0.01301644 0.01849856 0.00960111
v -0.01663784 0.01927166 0.00405813
v -0.01681053 0.01919105 0.00358700
v -0.01684946 0.01919105 0.00348702
v -0.01664799 0.01907014 0.00387634
v -0.01661752 0.01913610 0.00400965
v -0.01628399 0.01937792 0.00495646
v -0.01686132 0.01938891 0.00351731
v -0.01686132 0.01959043 0.00352034
v -0.01685454 0.01978829 0.00350065
v -0.01684439 0.01998980 0.00347338
v -0.01643467 0.02450385 0.00324766
v -0.01703570 0.02251796 0.00164945
v -0.01723040 0.02066764 0.00163127
v -0.01680714 0.01998980 0.00357336
v -0.01672249 0.02019132 0.00374303
v -0.01645330 0.02219186 0.00389604
v -0.01643975 0.02315183 0.00365971
v -0.01502607 0.03519538 0.00402480
v -0.01541208 0.03239609 0.00378545
v -0.01550012 0.03239609 0.00354307
v -0.01543578 0.03331941 0.00344914
v -0.01366149 0.05039729 0.00332644
v -0.01403565 0.04712168 0.00325069
v -0.01464006 0.04139486 0.00326433
v -0.01462651 0.04164034 0.00322342
v -0.01526309 0.03581093 0.00316131
v -0.01702893 0.02265353 0.00161916
v -0.01702216 0.02279276 0.00157825
v -0.01690364 0.02399089 0.00154190
v -0.01623151 0.03027464 0.00163127
v -0.01712712 0.02219186 0.00134193
v -0.01662768 0.02719322 0.00119953
v -0.01623659 0.03112468 0.00106319
v -0.01690703 0.02459178 0.00114197
v -0.01570497 0.03579627 0.00134193
v -0.01503623 0.04232551 0.00126013
v -0.01483306 0.04429674 0.00124195
v -0.01683761 0.02533557 0.00107682
v -0.01630600 0.03059340 0.00094200
v -0.01623659 0.03132987 0.00087534
v -0.01502946 0.04320853 0.00060872
v -0.01702216 0.01888328 0.00060872
v -0.00018326 0.01746898 0.01500624
v -0.00018326 0.01744699 0.01514561
v -0.00392994 0.01748364 0.01483809
v -0.00467826 0.01748730 0.01484415
v -0.00513030 0.01750196 0.01494564
v -0.00593110 0.01754226 0.01474568
v -0.00467826 0.01748730 0.01485324
v -0.00633066 0.01759355 0.01454571
v -0.00653044 0.01760455 0.01434575
v -0.00673021 0.01765951 0.01433969
v -0.00704342 0.01768515 0.01405943
v -0.00863487 0.01788667 0.01284752
v -0.01147409 0.01827872 0.01074334
v -0.01287084 0.01847658 0.00974351
v -0.01648546 0.01903717 0.00414296
v -0.01645330 0.01906282 0.00428688
v -0.01283190 0.01848757 0.00984349
v -0.01307570 0.01863046 0.00969958
v -0.01343970 0.01868176 0.00925420
v -0.01625690 0.01905915 0.00469438
v -0.01629246 0.01903350 0.00454289
v -0.01638558 0.01939624 0.00473225
v -0.01643806 0.01946952 0.00465651
v -0.01642282 0.01911411 0.00442019
v -0.01622812 0.01930464 0.00503220
v -0.01624844 0.01944021 0.00507614
v -0.01643806 0.01959043 0.00465651
v -0.01643467 0.01970402 0.00464742
v -0.01676481 0.01978829 0.00374303
v -0.01601819 0.02859286 0.00319161
v -0.01583534 0.03071065 0.00304921
v -0.01403226 0.05049988 0.00204332
v -0.01523093 0.03947492 0.00183276
v -0.01683254 0.02449285 0.00164188
v -0.01663614 0.01991653 0.00405055
v -0.01583365 0.02609402 0.00444443
v -0.01504639 0.03339636 0.00447927
v -0.01485677 0.03579627 0.00430657
v -0.01541716 0.03159367 0.00400056
v -0.01363101 0.04688352 0.00443988
v -0.01482799 0.03704570 0.00402935
v -0.01360392 0.04739648 0.00436565
v -0.01326532 0.05060247 0.00435959
v -0.01345832 0.05099818 0.00371425
v -0.01364794 0.04999791 0.00348550
v -0.01363948 0.05015913 0.00346126
v -0.01366826 0.05021409 0.00336279
v -0.01360562 0.05079666 0.00336431
v -0.01359884 0.05098719 0.00332492
v -0.01363948 0.05079666 0.00326433
v -0.01383079 0.04908191 0.00323857
v -0.01360054 0.05158442 0.00312496
v -0.01363948 0.05139756 0.00306436
v -0.01443689 0.04333311 0.00325524
v -0.01382402 0.04979639 0.00301437
v -0.01442674 0.04463749 0.00282198
v -0.01462990 0.04526403 0.00182518
v -0.01604020 0.03235945 0.00147979
v -0.01442674 0.04723893 0.00180852
v -0.01571175 0.03539690 0.00154190
v -0.01598771 0.03339636 0.00114197
v -0.01424897 0.05000524 0.00115408
v -0.01603342 0.03309591 0.00104198
v -0.01463498 0.04671497 0.00085565
v -0.01423712 0.05073804 0.00067538
v -0.01503961 0.04298136 0.00072992
v -0.01424727 0.04939335 0.00154796
v -0.01411522 0.05099818 0.00134193
v -0.01583703 0.03433068 0.00146312
v -0.01423034 0.05007852 0.00122831
v -0.01462990 0.04626797 0.00122225
v -0.01489909 0.04446162 0.00060872
v -0.01696628 0.01890893 0.00060872
v -0.00018326 0.01749096 0.01497897
v -0.01692735 0.01892725 0.00060872
v -0.01672757 0.01902251 0.00060872
v -0.01661244 0.01908114 0.00060872
v -0.00018326 0.01745799 0.01534558
v -0.00112966 0.01745799 0.01514561
v -0.00433119 0.01750196 0.01514561
v -0.00453096 0.01750928 0.01514561
v -0.00473074 0.01752394 0.01514561
v -0.00533008 0.01752760 0.01494564
v -0.00493052 0.01749829 0.01494564
v -0.00553155 0.01756791 0.01494564
v -0.00593110 0.01762653 0.01488656
v -0.00612749 0.01761920 0.01475325
v -0.00633066 0.01765584 0.01468508
v -0.00644409 0.01768149 0.01465327
v -0.00387915 0.01748730 0.01505472
v -0.00233002 0.01747264 0.01514561
v -0.00651858 0.01765584 0.01453662
v -0.00666249 0.01767783 0.01446543
v -0.00685211 0.01768149 0.01427000
v -0.00793565 0.01785003 0.01354589
v -0.00781545 0.01789400 0.01382463
v -0.01118627 0.01830437 0.01119175
v -0.01151303 0.01834101 0.01092513
v -0.01622474 0.01910312 0.00482769
v -0.01133187 0.01840696 0.01134475
v -0.01034653 0.01843261 0.01255969
v -0.01023479 0.01848757 0.01284752
v -0.01162815 0.01849123 0.01124022
v -0.01244928 0.01866710 0.01046460
v -0.01264059 0.01867810 0.01025403
v -0.01302152 0.01870008 0.00983289
v -0.01314003 0.01877702 0.00975412
v -0.01320945 0.01872207 0.00961323
v -0.01339229 0.01874405 0.00938751
v -0.01325854 0.01865978 0.00947992
v -0.01385111 0.01887229 0.00886942
v -0.01585396 0.01906648 0.00548516
v -0.01605713 0.01906282 0.00509128
v -0.01602326 0.01910312 0.00522459
v -0.01631785 0.01959043 0.00494282
v -0.01639743 0.01959043 0.00475649
v -0.01603342 0.01928998 0.00544425
v -0.01619934 0.01937792 0.00514279
v -0.01610961 0.01938891 0.00534427
v -0.01599956 0.01938891 0.00557605
v -0.01601141 0.01959043 0.00559877
v -0.01605882 0.01959043 0.00549879
v -0.01613162 0.01959043 0.00534427
v -0.01620611 0.01959043 0.00518521
v -0.01639573 0.01977729 0.00472468
v -0.01634494 0.02019132 0.00474286
v -0.01627214 0.02080688 0.00476255
v -0.01602834 0.02284772 0.00483224
v -0.01606051 0.02299062 0.00471256
v -0.01584380 0.02519268 0.00467014
v -0.01503453 0.03290905 0.00464742
v -0.01462651 0.03683318 0.00462621
v -0.01381894 0.05099818 0.00259474
v -0.01365302 0.05158442 0.00295074
v -0.01383925 0.05115940 0.00246446
v -0.01379016 0.05139756 0.00254324
v -0.01383079 0.05129130 0.00244023
v -0.01376645 0.05159908 0.00254324
v -0.01403395 0.05091391 0.00184942
v -0.01404073 0.05079666 0.00187517
v -0.01443351 0.04710336 0.00184487
v -0.01463667 0.04513213 0.00185548
v -0.01483137 0.04329280 0.00184184
v -0.01342277 0.04819523 0.00461864
v -0.01320098 0.05060247 0.00453077
v -0.01323654 0.05054018 0.00445503
v -0.01322976 0.05067209 0.00443534
v -0.01323823 0.05119604 0.00425961
v -0.01341092 0.05119604 0.00378545
v -0.01349895 0.05119604 0.00354307
v -0.01356329 0.05059514 0.00354307
v -0.01357006 0.05119604 0.00334310
v -0.01362593 0.05104581 0.00322494
v -0.01354805 0.05139756 0.00334310
v -0.01357006 0.05179693 0.00314313
v -0.01361069 0.05200578 0.00293560
v -0.01361747 0.05179693 0.00299165
v -0.01362593 0.05163938 0.00302194
v -0.01383587 0.05012615 0.00285379
v -0.01402718 0.05104948 0.00181306
v -0.01421511 0.04939335 0.00173126
v -0.01403226 0.05129497 0.00164036
v -0.01416770 0.05079666 0.00114197
v -0.01415416 0.05119604 0.00094200
v -0.01421849 0.05059148 0.00093443
v -0.01465191 0.04641453 0.00096018
v -0.01423542 0.05052553 0.00086171
v -0.01443181 0.04868620 0.00083293
v -0.01413892 0.05159908 0.00074203
v -0.01423204 0.05086261 0.00060872
v -0.01441996 0.04905993 0.00060872
v -0.01407289 0.05139756 0.00134193
v -0.01406274 0.05179693 0.00114197
v -0.00018326 0.01755325 0.01490626
v -0.01655488 0.01911778 0.00060872
v -0.00018326 0.01747264 0.01544859
v -0.00052864 0.01747997 0.01549555
v -0.00092989 0.01748364 0.01548040
v -0.00145303 0.01748730 0.01544859
v -0.00192877 0.01747997 0.01531528
v -0.00286502 0.01748730 0.01525014
v -0.00333061 0.01750562 0.01534558
v -0.00412972 0.01749829 0.01514561
v -0.00373016 0.01752028 0.01534558
v -0.00392994 0.01753493 0.01534558
v -0.00412972 0.01755325 0.01534558
v -0.00453096 0.01760455 0.01533194
v -0.00473074 0.01761920 0.01530316
v -0.00493052 0.01756424 0.01514561
v -0.00533008 0.01762287 0.01510016
v -0.00571270 0.01761554 0.01495019
v -0.00553155 0.01766317 0.01506381
v -0.00563313 0.01768882 0.01504714
v -0.00605808 0.01766683 0.01485930
v -0.00762413 0.01789400 0.01403671
v -0.00664725 0.01787568 0.01465327
v -0.00703157 0.01788667 0.01444573
v -0.00823193 0.01808819 0.01384584
v -0.00333061 0.01749096 0.01520772
v -0.00864334 0.01808453 0.01345802
v -0.00913093 0.01816514 0.01314444
v -0.01037700 0.01830803 0.01214461
v -0.00992327 0.01833002 0.01273845
v -0.01012982 0.01841062 0.01274451
v -0.00941198 0.01830071 0.01322321
v -0.00988602 0.01845826 0.01307627
v -0.01002147 0.01859016 0.01303537
v -0.01012982 0.01859016 0.01295356
v -0.01025003 0.01859016 0.01286267
v -0.01045488 0.01863046 0.01266876
v -0.01085444 0.01865245 0.01226732
v -0.01105083 0.01866344 0.01206432
v -0.01124384 0.01867077 0.01185830
v -0.00933918 0.01824575 0.01315202
v -0.00845203 0.01808087 0.01365799
v -0.01263551 0.01888328 0.01044794
v -0.01295380 0.01876237 0.00996772
v -0.01307062 0.01883565 0.00989349
v -0.01325516 0.01885397 0.00967534
v -0.01332457 0.01879901 0.00953294
v -0.01343970 0.01887962 0.00945417
v -0.01347525 0.01880267 0.00932995
v -0.01362255 0.01891626 0.00923148
v -0.01387989 0.01898953 0.00890729
v -0.01405766 0.01904450 0.00867854
v -0.01423204 0.01909213 0.00844222
v -0.01583026 0.01929365 0.00583964
v -0.01561524 0.01911778 0.00600931
v -0.01565080 0.01907014 0.00587600
v -0.01579471 0.01918006 0.00576087
v -0.01586581 0.01924235 0.00570633
v -0.01619765 0.01978829 0.00516703
v -0.01630092 0.01978829 0.00494282
v -0.01589798 0.01937425 0.00576087
v -0.01585227 0.01942921 0.00587145
v -0.01593861 0.01959043 0.00574420
v -0.01592168 0.01978829 0.00574420
v -0.01600295 0.01978829 0.00558059
v -0.01605035 0.01978829 0.00548061
v -0.01611469 0.01978829 0.00534427
v -0.01624844 0.02059070 0.00487617
v -0.01623997 0.02075192 0.00485648
v -0.01621627 0.02119159 0.00480043
v -0.01523262 0.03029296 0.00484284
v -0.01562710 0.02663629 0.00482921
v -0.01384603 0.04399629 0.00467620
v -0.01444367 0.03839404 0.00467014
v -0.01368857 0.05179693 0.00274320
v -0.01365979 0.05200578 0.00275835
v -0.01363948 0.04599683 0.00466106
v -0.01324839 0.04959487 0.00468226
v -0.01321622 0.05019577 0.00460197
v -0.01315358 0.05099818 0.00454289
v -0.01322299 0.05079666 0.00441716
v -0.01320098 0.05119604 0.00435959
v -0.01325685 0.05137924 0.00415054
v -0.01340584 0.05141221 0.00373394
v -0.01346848 0.05141221 0.00356124
v -0.01352435 0.05159908 0.00334310
v -0.01354467 0.05199845 0.00314313
v -0.01358361 0.05219631 0.00294317
v -0.01362932 0.05207906 0.00283561
v -0.01363778 0.05194716 0.00286288
v -0.01364794 0.05219631 0.00270382
v -0.01402041 0.05121436 0.00174489
v -0.01402887 0.05167236 0.00142525
v -0.01404919 0.05160274 0.00135253
v -0.01411183 0.05159908 0.00094200
v -0.01406951 0.05199845 0.00094200
v -0.01411691 0.05179693 0.00074203
v -0.01414739 0.05166503 0.00060872
v -0.01403395 0.05190685 0.00124801
v -0.01402887 0.05226959 0.00101774
v -0.00018326 0.01765584 0.01482445
v -0.01651932 0.01914342 0.00060872
v -0.01647530 0.01918373 0.00060872
v -0.01640420 0.01924968 0.00060872
v -0.00018326 0.01747997 0.01548949
v -0.00032886 0.01747997 0.01549555
v -0.00052864 0.01749829 0.01559553
v -0.00072841 0.01749829 0.01559099
v -0.00092989 0.01749829 0.01558038
v -0.00112966 0.01749829 0.01556978
v -0.00132944 0.01749829 0.01555615
v -0.00192877 0.01749096 0.01541526
v -0.00312913 0.01750196 0.01534558
v -0.00213025 0.01751295 0.01554554
v -0.00233002 0.01752028 0.01554554
v -0.00272958 0.01754226 0.01554554
v -0.00312913 0.01757523 0.01554554
v -0.00373016 0.01761554 0.01552282
v -0.00392994 0.01762653 0.01550312
v -0.00412972 0.01764485 0.01548192
v -0.00429563 0.01766683 0.01546222
v -0.00442938 0.01768882 0.01544556
v -0.00493052 0.01765584 0.01526983
v -0.00504395 0.01768149 0.01525014
v -0.00529622 0.01785003 0.01527135
v -0.00542996 0.01789034 0.01524559
v -0.00612749 0.01779874 0.01487899
v -0.00619183 0.01774012 0.01482445
v -0.00669127 0.01798926 0.01467448
v -0.00723304 0.01808819 0.01444573
v -0.00762075 0.01810651 0.01423819
v -0.00882111 0.01830437 0.01363830
v -0.00963715 0.01848391 0.01324897
v -0.00991989 0.01859016 0.01309596
v -0.01001977 0.01878802 0.01303840
v -0.01012982 0.01878802 0.01296417
v -0.01025849 0.01878802 0.01287024
v -0.01046504 0.01878802 0.01267634
v -0.01056493 0.01878802 0.01258090
v -0.01066821 0.01878802 0.01248092
v -0.01076809 0.01878802 0.01238245
v -0.01086798 0.01878802 0.01228247
v -0.01106607 0.01878802 0.01207947
v -0.01205311 0.01885397 0.01106601
v -0.01224950 0.01886496 0.01086302
v -0.01244420 0.01887229 0.01065699
v -0.01288438 0.01882466 0.01010406
v -0.01304692 0.01905182 0.01006164
v -0.01301813 0.01891992 0.01002680
v -0.01310279 0.01898587 0.00995408
v -0.01328563 0.01898953 0.00971473
v -0.01338552 0.01898953 0.00958142
v -0.01364456 0.01904816 0.00926026
v -0.01380709 0.01898953 0.00900879
v -0.01407289 0.01919105 0.00869975
v -0.01418463 0.01917273 0.00853008
v -0.01424050 0.01922403 0.00845585
v -0.01441489 0.01938891 0.00821650
v -0.01598940 0.02017667 0.00552454
v -0.01622304 0.02019132 0.00502160
v -0.01622982 0.02005942 0.00503675
v -0.01464006 0.01943654 0.00785899
v -0.01585904 0.01959043 0.00588206
v -0.01585058 0.01978829 0.00587145
v -0.01583534 0.02011072 0.00584721
v -0.01590137 0.01998980 0.00574420
v -0.01586073 0.02059070 0.00570027
v -0.01585058 0.02078856 0.00567906
v -0.01619934 0.02080688 0.00493222
v -0.01463159 0.03508180 0.00504129
v -0.01484661 0.03379573 0.00487314
v -0.01323315 0.04910390 0.00484436
v -0.01481444 0.03439663 0.00480043
v -0.01346509 0.04739648 0.00472317
v -0.01362255 0.05219631 0.00280380
v -0.01306723 0.05099085 0.00475649
v -0.01312987 0.05119604 0.00454289
v -0.01319252 0.05137924 0.00432323
v -0.01330595 0.05159908 0.00394300
v -0.01342446 0.05159908 0.00362184
v -0.01343123 0.05148916 0.00364002
v -0.01344816 0.05179693 0.00348550
v -0.01346679 0.05200212 0.00335825
v -0.01351758 0.05219631 0.00314313
v -0.01355313 0.05239783 0.00294317
v -0.01363778 0.05233188 0.00266594
v -0.01368688 0.05219631 0.00254324
v -0.01399501 0.05139756 0.00174186
v -0.01401364 0.05160274 0.00153584
v -0.01402041 0.05179693 0.00138435
v -0.01404580 0.05219997 0.00094654
v -0.01413215 0.05179693 0.00060872
v -0.01409321 0.05199845 0.00074203
v -0.01398316 0.05239783 0.00114197
v -0.01394761 0.05259935 0.00114197
v -0.01401872 0.05239783 0.00094654
v -0.01403734 0.05233188 0.00088443
v -0.00018326 0.01778774 0.01474719
v -0.01633478 0.01935227 0.00060872
v -0.00018326 0.01807354 0.01458359
v -0.00018326 0.01792698 0.01466690
v -0.00018326 0.01782439 0.01472599
v -0.00018326 0.01751295 0.01558947
v -0.00032886 0.01750562 0.01559553
v -0.00112966 0.01758256 0.01574551
v -0.00132944 0.01757890 0.01574551
v -0.00152922 0.01757890 0.01574551
v -0.00172900 0.01758256 0.01574551
v -0.00192877 0.01758989 0.01574551
v -0.00233002 0.01761187 0.01573490
v -0.00272958 0.01763386 0.01570461
v -0.00344742 0.01768515 0.01564855
v -0.00358117 0.01769981 0.01563795
v -0.00373016 0.01772180 0.01562280
v -0.00323749 0.01788667 0.01584701
v -0.00453096 0.01771447 0.01543192
v -0.00403999 0.01788301 0.01564855
v -0.00453096 0.01781339 0.01548495
v -0.00469688 0.01785370 0.01546222
v -0.00475106 0.01778774 0.01541223
v -0.00493052 0.01778774 0.01535618
v -0.00511845 0.01778774 0.01529255
v -0.00483063 0.01789034 0.01544556
v -0.00493052 0.01793431 0.01543192
v -0.00535039 0.01797094 0.01530770
v -0.00547229 0.01802224 0.01527286
v -0.00638483 0.01798926 0.01482294
v -0.00682841 0.01809552 0.01464418
v -0.00726013 0.01819078 0.01445936
v -0.00736002 0.01819078 0.01440786
v -0.00766646 0.01823842 0.01426243
v -0.00805586 0.01826407 0.01405943
v -0.00844018 0.01828239 0.01384886
v -0.00925452 0.01846192 0.01345802
v -0.00927145 0.01859016 0.01346711
v -0.00937134 0.01859016 0.01341106
v -0.00953049 0.01859016 0.01332017
v -0.00974720 0.01859016 0.01319595
v -0.00964223 0.01878802 0.01325200
v -0.00971164 0.01897488 0.01319292
v -0.00998083 0.01919105 0.01301719
v -0.01003163 0.02049177 0.01284449
v -0.01004009 0.02038918 0.01285055
v -0.01021786 0.01938891 0.01283389
v -0.01023648 0.01912877 0.01284904
v -0.01024495 0.01898953 0.01285813
v -0.01008750 0.01978829 0.01288388
v -0.01031436 0.01919472 0.01277026
v -0.01055477 0.01898953 0.01257484
v -0.01066313 0.01898953 0.01247486
v -0.01076302 0.01898953 0.01238094
v -0.01086798 0.01898953 0.01228095
v -0.01107115 0.01898953 0.01208402
v -0.01117104 0.01898953 0.01198555
v -0.01127092 0.01898953 0.01188557
v -0.01167048 0.01898953 0.01148412
v -0.01197015 0.01898953 0.01118114
v -0.01226473 0.01898953 0.01087816
v -0.01245943 0.01898953 0.01067214
v -0.01285222 0.01903717 0.01026615
v -0.01266429 0.01919105 0.01047975
v -0.01276587 0.01919105 0.01037219
v -0.01285899 0.01919105 0.01027221
v -0.01295888 0.01919105 0.01016465
v -0.01304861 0.01919105 0.01006467
v -0.01314342 0.01919105 0.00994348
v -0.01322468 0.01919105 0.00983592
v -0.01357683 0.01919105 0.00936933
v -0.01374614 0.01919105 0.00914362
v -0.01390020 0.01919105 0.00893608
v -0.01400009 0.01919105 0.00879974
v -0.01424558 0.01938891 0.00846343
v -0.01432854 0.01938891 0.00834527
v -0.01441658 0.01959043 0.00822256
v -0.01448091 0.01959043 0.00812258
v -0.01458250 0.01959043 0.00796049
v -0.01582687 0.02123556 0.00563058
v -0.01563725 0.02292833 0.00565179
v -0.01560170 0.02359151 0.00557756
v -0.01544256 0.02559205 0.00546395
v -0.01511580 0.02919376 0.00534427
v -0.01521908 0.02879438 0.00521399
v -0.01447414 0.01978829 0.00810895
v -0.01582010 0.02038918 0.00581995
v -0.01444197 0.02038918 0.00805895
v -0.01443520 0.02051376 0.00804835
v -0.01563048 0.02206729 0.00583964
v -0.01562371 0.02219186 0.00582752
v -0.01304184 0.05079666 0.00486254
v -0.01303506 0.05092124 0.00484890
v -0.01543240 0.02488857 0.00564270
v -0.01482968 0.03146543 0.00543668
v -0.01360900 0.05239783 0.00273714
v -0.01302660 0.05105314 0.00483224
v -0.01306046 0.05119604 0.00470953
v -0.01310279 0.05139756 0.00454289
v -0.01315527 0.05159908 0.00434293
v -0.01321283 0.05159908 0.00419295
v -0.01323992 0.05175663 0.00406419
v -0.01335335 0.05179693 0.00374303
v -0.01343801 0.05193983 0.00345975
v -0.01340245 0.05200212 0.00353246
v -0.01345663 0.05219631 0.00330977
v -0.01348710 0.05239783 0.00314313
v -0.01345494 0.05258103 0.00314465
v -0.01351758 0.05259935 0.00294317
v -0.01357345 0.05259935 0.00274320
v -0.01362593 0.05246744 0.00262050
v -0.01364286 0.05255904 0.00248719
v -0.01365471 0.05239783 0.00254930
v -0.01395269 0.05199845 0.00154190
v -0.01396623 0.05159908 0.00174186
v -0.01400517 0.05198380 0.00132527
v -0.01410675 0.05199845 0.00060872
v -0.01366318 0.05261400 0.00235994
v -0.01381047 0.05259935 0.00173732
v -0.01385449 0.05259935 0.00154796
v -0.01390190 0.05259935 0.00134193
v -0.01398147 0.05259935 0.00094200
v -0.01382910 0.05288514 0.00142979
v -0.01384433 0.05295109 0.00129648
v -0.01390528 0.05279720 0.00114197
v -0.01402718 0.05246378 0.00078294
v -0.01404242 0.05239783 0.00072688
v -0.01409829 0.05206440 0.00060872
v -0.01630431 0.01939990 0.00060872
v -0.00018326 0.01830803 0.01445482
v -0.00018326 0.01761554 0.01569249
v -0.00032886 0.01760455 0.01570461
v -0.00052864 0.01760088 0.01572127
v -0.00072841 0.01759722 0.01573642
v -0.00112966 0.01767050 0.01585458
v -0.00132944 0.01766683 0.01585761
v -0.00172900 0.01766683 0.01586064
v -0.00214040 0.01761920 0.01576369
v -0.00192877 0.01767416 0.01585761
v -0.00207945 0.01768149 0.01585155
v -0.00233002 0.01769981 0.01583488
v -0.00272958 0.01772912 0.01580459
v -0.00292936 0.01785003 0.01587427
v -0.00312913 0.01787202 0.01585761
v -0.00272958 0.01798926 0.01595305
v -0.00292936 0.01798926 0.01592427
v -0.00312913 0.01798926 0.01589245
v -0.00331367 0.01799293 0.01586215
v -0.00346097 0.01806621 0.01585306
v -0.00352869 0.01799293 0.01581368
v -0.00432272 0.01799659 0.01561068
v -0.00424992 0.01806987 0.01565158
v -0.00503549 0.01808453 0.01544707
v -0.00511337 0.01800758 0.01540011
v -0.00713146 0.01819078 0.01451996
v -0.00533008 0.01819078 0.01535012
v -0.00549091 0.01819078 0.01528044
v -0.00729230 0.01838864 0.01447300
v -0.00739219 0.01838864 0.01442604
v -0.00753102 0.01838864 0.01435787
v -0.00769524 0.01838864 0.01427606
v -0.00779513 0.01838864 0.01422607
v -0.00793227 0.01838864 0.01415639
v -0.00809141 0.01838864 0.01407458
v -0.00819130 0.01838864 0.01402308
v -0.00847404 0.01838864 0.01386856
v -0.00886851 0.01843627 0.01366556
v -0.00913093 0.01859016 0.01354437
v -0.00926468 0.01878802 0.01346408
v -0.00936457 0.01878802 0.01340803
v -0.00934595 0.01898953 0.01339743
v -0.00922236 0.01924602 0.01343984
v -0.00882280 0.02504245 0.01303991
v -0.00983523 0.02151403 0.01284752
v -0.00988433 0.02099008 0.01287630
v -0.00961345 0.02279276 0.01283540
v -0.00962699 0.02447453 0.01264301
v -0.00947800 0.02679384 0.01247334
v -0.00982169 0.02344862 0.01263998
v -0.00942044 0.02919376 0.01223854
v -0.00864165 0.04214597 0.01125083
v -0.00943737 0.03073263 0.01204918
v -0.00982000 0.02519268 0.01243699
v -0.01003501 0.02212225 0.01264907
v -0.01020262 0.01959043 0.01282177
v -0.01022802 0.02086916 0.01264150
v -0.01026018 0.02038918 0.01267180
v -0.01004009 0.02695506 0.01205220
v -0.01004178 0.03179519 0.01145382
v -0.01003501 0.03512210 0.01104783
v -0.01054123 0.01919105 0.01256272
v -0.01053276 0.02100107 0.01234609
v -0.01069191 0.02019132 0.01230065
v -0.01085952 0.01919105 0.01227035
v -0.01106776 0.01919105 0.01207796
v -0.01116765 0.01919105 0.01198252
v -0.01127092 0.01919105 0.01188254
v -0.01137081 0.01919105 0.01178558
v -0.01147240 0.01919105 0.01168560
v -0.01167217 0.01919105 0.01148563
v -0.01207173 0.01919105 0.01108419
v -0.01246959 0.01919105 0.01068274
v -0.01256948 0.01919105 0.01057973
v -0.01246451 0.01938891 0.01067820
v -0.01265752 0.01938891 0.01047066
v -0.01275741 0.01938891 0.01036310
v -0.01284883 0.01938891 0.01026312
v -0.01294872 0.01938891 0.01015253
v -0.01303845 0.01938891 0.01005255
v -0.01303337 0.01949883 0.01004498
v -0.01312310 0.01938891 0.00994348
v -0.01347017 0.01938891 0.00949356
v -0.01373937 0.01938891 0.00914362
v -0.01382402 0.01938891 0.00903303
v -0.01389851 0.01938891 0.00893305
v -0.01407289 0.01938891 0.00869824
v -0.01417278 0.01938891 0.00856341
v -0.01432685 0.01959043 0.00834527
v -0.01440642 0.01978829 0.00820893
v -0.01567619 0.02219186 0.00572754
v -0.01423712 0.02233110 0.00805138
v -0.01443012 0.03206999 0.00603961
v -0.01303168 0.04389004 0.00624260
v -0.01543240 0.02388463 0.00584267
v -0.01423204 0.03389100 0.00604263
v -0.01525124 0.02639080 0.00567755
v -0.01359207 0.04440666 0.00513067
v -0.01304353 0.04979639 0.00506553
v -0.01298935 0.05079666 0.00496252
v -0.01463159 0.03328277 0.00544122
v -0.01282513 0.05099818 0.00523217
v -0.01274386 0.05119604 0.00534427
v -0.01272016 0.05139756 0.00534427
v -0.01503623 0.02852325 0.00564876
v -0.01462651 0.03239609 0.00563210
v -0.01473825 0.03179519 0.00554424
v -0.01301644 0.05119604 0.00480951
v -0.01280143 0.05139756 0.00518521
v -0.01278788 0.05159908 0.00515945
v -0.01283867 0.05159908 0.00505947
v -0.01283190 0.05170167 0.00504432
v -0.01306892 0.05159541 0.00455501
v -0.01312649 0.05179693 0.00434293
v -0.01317559 0.05199845 0.00414296
v -0.01322299 0.05199845 0.00401874
v -0.01326024 0.05199845 0.00391876
v -0.01337028 0.05219631 0.00354307
v -0.01333981 0.05239783 0.00354307
v -0.01344139 0.05239783 0.00326736
v -0.01325177 0.05259935 0.00369607
v -0.01343293 0.05250408 0.00324463
v -0.01321960 0.05299872 0.00360518
v -0.01325346 0.05299872 0.00350519
v -0.01323992 0.05313429 0.00346732
v -0.01330764 0.05299872 0.00334310
v -0.01344308 0.05274957 0.00307951
v -0.01346848 0.05280820 0.00295529
v -0.01348710 0.05299872 0.00274320
v -0.01353112 0.05279720 0.00274320
v -0.01354297 0.05299872 0.00254324
v -0.01358530 0.05279720 0.00254324
v -0.01363101 0.05269461 0.00243871
v -0.01368180 0.05279720 0.00214179
v -0.01401025 0.05258103 0.00072688
v -0.01385788 0.05300972 0.00114954
v -0.01383925 0.05313063 0.00108894
v -0.01389004 0.05299872 0.00094200
v -0.01397639 0.05279720 0.00060872
v -0.01369027 0.05299872 0.00194183
v -0.01369873 0.05319658 0.00174186
v -0.01365641 0.05340176 0.00174792
v -0.01364117 0.05354099 0.00168430
v -0.01370043 0.05339810 0.00154190
v -0.01373767 0.05339810 0.00134193
v -0.01382910 0.05308299 0.00122225
v -0.01402718 0.05255172 0.00060872
v -0.01403395 0.05251141 0.00060872
v -0.01404242 0.05246011 0.00060872
v -0.01406951 0.05226959 0.00060872
v -0.01618410 0.01959043 0.00060872
v -0.00018326 0.01846192 0.01437908
v -0.01578793 0.02022064 0.00060872
v -0.01568466 0.02038552 0.00060872
v -0.01562540 0.02048078 0.00060872
v -0.00018326 0.01779874 0.01579550
v -0.00032886 0.01776942 0.01580459
v -0.00072841 0.01771080 0.01583640
v -0.00084185 0.01769248 0.01584397
v -0.00097560 0.01768149 0.01585003
v -0.00112966 0.01778774 0.01589700
v -0.00132944 0.01778774 0.01590760
v -0.00152922 0.01778774 0.01591214
v -0.00172900 0.01778774 0.01591518
v -0.00192877 0.01778774 0.01591518
v -0.00214040 0.01776942 0.01589700
v -0.00233002 0.01780240 0.01590457
v -0.00252980 0.01781706 0.01589851
v -0.00272958 0.01783171 0.01588791
v -0.00221320 0.01769248 0.01584397
v -0.00252980 0.01798926 0.01597426
v -0.00244515 0.01827872 0.01604849
v -0.00272958 0.01819078 0.01599092
v -0.00292936 0.01819078 0.01595911
v -0.00312913 0.01819078 0.01592427
v -0.00333061 0.01819078 0.01588639
v -0.00347451 0.01819078 0.01585609
v -0.00357440 0.01819078 0.01583186
v -0.00373016 0.01819078 0.01579247
v -0.00503549 0.01811018 0.01544707
v -0.00673191 0.02019132 0.01456389
v -0.00724659 0.01915075 0.01445179
v -0.00673191 0.01878802 0.01470326
v -0.00728722 0.01878802 0.01446997
v -0.00511337 0.01818346 0.01541981
v -0.00409416 0.05139756 0.01246577
v -0.00421945 0.05125100 0.01244002
v -0.00479338 0.05139756 0.01223248
v -0.00493052 0.05159908 0.01216582
v -0.00513030 0.05159908 0.01209765
v -0.00525558 0.05159908 0.01205372
v -0.00535547 0.05159908 0.01201433
v -0.00553155 0.05159908 0.01194162
v -0.00729738 0.01859016 0.01447451
v -0.00739727 0.01859016 0.01443058
v -0.00713146 0.01838864 0.01454571
v -0.00753102 0.01859016 0.01436696
v -0.00811003 0.01859016 0.01408367
v -0.00833182 0.01859016 0.01397309
v -0.00850282 0.01859016 0.01388371
v -0.00873138 0.01859016 0.01376100
v -0.00888883 0.01859016 0.01367617
v -0.00913093 0.01878802 0.01353680
v -0.00913093 0.01898953 0.01351710
v -0.00924606 0.01898953 0.01345348
v -0.00879402 0.02159097 0.01342469
v -0.00863318 0.02409714 0.01324594
v -0.00862472 0.02605738 0.01304143
v -0.00871614 0.02599143 0.01299750
v -0.00846896 0.03219457 0.01246577
v -0.00871953 0.02961145 0.01260363
v -0.00883127 0.03049081 0.01244456
v -0.00880248 0.03079492 0.01242790
v -0.00923590 0.02832173 0.01244759
v -0.00861117 0.03539690 0.01203251
v -0.00880418 0.03439663 0.01202797
v -0.00871953 0.03779315 0.01169772
v -0.00831320 0.03917814 0.01178861
v -0.00842494 0.04345402 0.01124022
v -0.00843679 0.04332212 0.01124780
v -0.00804062 0.05074537 0.01064942
v -0.00842832 0.04687619 0.01084181
v -0.00943060 0.03249135 0.01184466
v -0.00860271 0.04599683 0.01082363
v -0.00941198 0.03439663 0.01163107
v -0.00983354 0.02670957 0.01224611
v -0.01000454 0.02579357 0.01222339
v -0.01002824 0.02547847 0.01224308
v -0.00983693 0.02993022 0.01184921
v -0.00998930 0.02599143 0.01221127
v -0.01022125 0.02419241 0.01223551
v -0.01034822 0.02379303 0.01216885
v -0.01041594 0.02279276 0.01223096
v -0.01022294 0.02739107 0.01183709
v -0.00997576 0.02779411 0.01200070
v -0.00986909 0.03439663 0.01127507
v -0.00982846 0.04467779 0.01004194
v -0.01003163 0.02869545 0.01184466
v -0.01002316 0.03204434 0.01143867
v -0.00982169 0.04963518 0.00943599
v -0.00983862 0.04939702 0.00945114
v -0.01015691 0.03319484 0.01117660
v -0.00983185 0.05110810 0.00924511
v -0.00986740 0.04899764 0.00947538
v -0.01004686 0.04139486 0.01025857
v -0.01101528 0.02159097 0.01182952
v -0.01036346 0.02679384 0.01178255
v -0.01043626 0.02732879 0.01164924
v -0.01103390 0.01970402 0.01204615
v -0.01122183 0.01998980 0.01183558
v -0.01145377 0.01959043 0.01166591
v -0.01136066 0.01938891 0.01177801
v -0.01146562 0.01938891 0.01167803
v -0.01196337 0.01959043 0.01117963
v -0.01166879 0.01938891 0.01148109
v -0.01206665 0.01959043 0.01107813
v -0.01197015 0.01938891 0.01118417
v -0.01207004 0.01938891 0.01108419
v -0.01216992 0.01938891 0.01098269
v -0.01226812 0.01938891 0.01088271
v -0.01216654 0.01959043 0.01097512
v -0.01226135 0.01959043 0.01087514
v -0.01236124 0.01959043 0.01076758
v -0.01264567 0.01959043 0.01045854
v -0.01283529 0.02111832 0.01004801
v -0.01286745 0.02059070 0.01008285
v -0.01328225 0.01959043 0.00970867
v -0.01243742 0.02734344 0.00965110
v -0.01224273 0.03039188 0.00945568
v -0.01083412 0.05092124 0.00824832
v -0.01102882 0.05067941 0.00804229
v -0.01128278 0.04799737 0.00811046
v -0.01139621 0.04639621 0.00819984
v -0.01139452 0.04779585 0.00799684
v -0.01363101 0.01967837 0.00924208
v -0.01360223 0.02019132 0.00920421
v -0.01379016 0.01998980 0.00898910
v -0.01398993 0.01959043 0.00878762
v -0.01406612 0.01959043 0.00868763
v -0.01427267 0.02038918 0.00829831
v -0.01404411 0.02399089 0.00806047
v -0.01283867 0.03734981 0.00765296
v -0.01363778 0.02894461 0.00785293
v -0.01207342 0.05119604 0.00650468
v -0.01219532 0.05079666 0.00638651
v -0.01283359 0.04570738 0.00624563
v -0.01428622 0.03381039 0.00596386
v -0.01412538 0.03539690 0.00594417
v -0.01352266 0.04199575 0.00574420
v -0.01403734 0.03773453 0.00565179
v -0.01423542 0.03592451 0.00564876
v -0.01422865 0.03605642 0.00563513
v -0.01299105 0.04979639 0.00516551
v -0.01283867 0.05076002 0.00525641
v -0.01287084 0.04997959 0.00535639
v -0.01294025 0.04939702 0.00534427
v -0.01276587 0.05099818 0.00534427
v -0.01266090 0.05119604 0.00549727
v -0.01264905 0.05139756 0.00547607
v -0.01267276 0.05099818 0.00551697
v -0.01263889 0.05155877 0.00545789
v -0.01263043 0.05169068 0.00544274
v -0.01441827 0.03439663 0.00561695
v -0.01300120 0.05139756 0.00477467
v -0.01282174 0.05183357 0.00502311
v -0.01280989 0.05199845 0.00499433
v -0.01279465 0.05219631 0.00496100
v -0.01261011 0.05199845 0.00540184
v -0.01264736 0.05219631 0.00527610
v -0.01263720 0.05233920 0.00525641
v -0.01262704 0.05247477 0.00523520
v -0.01283190 0.05229890 0.00484284
v -0.01299951 0.05199845 0.00456865
v -0.01305877 0.05179693 0.00450502
v -0.01309432 0.05199845 0.00434293
v -0.01303337 0.05210837 0.00444746
v -0.01307231 0.05260301 0.00415811
v -0.01315865 0.05259935 0.00394300
v -0.01320775 0.05219631 0.00397935
v -0.01321453 0.05259935 0.00379605
v -0.01323992 0.05274591 0.00366426
v -0.01326870 0.05280820 0.00355821
v -0.01316881 0.05299872 0.00374303
v -0.01313495 0.05319658 0.00374303
v -0.01309263 0.05339810 0.00374303
v -0.01315696 0.05339810 0.00354307
v -0.01326193 0.05320024 0.00334916
v -0.01350742 0.05339810 0.00234176
v -0.01324500 0.05335413 0.00328553
v -0.01322976 0.05348603 0.00323251
v -0.01321622 0.05359962 0.00318707
v -0.01333473 0.05339810 0.00294317
v -0.01341769 0.05323322 0.00279168
v -0.01342108 0.05344939 0.00260383
v -0.01356329 0.05339810 0.00214179
v -0.01360731 0.05319292 0.00213573
v -0.01363440 0.05291079 0.00225238
v -0.01400009 0.05268362 0.00060872
v -0.01401533 0.05261034 0.00060872
v -0.01369196 0.05359962 0.00134193
v -0.01372413 0.05359962 0.00114197
v -0.01379693 0.05339810 0.00094200
v -0.01383248 0.05329917 0.00084050
v -0.01396115 0.05286315 0.00060872
v -0.01365302 0.05319292 0.00194334
v -0.01362593 0.05347138 0.00181761
v -0.01361408 0.05360328 0.00174792
v -0.01362424 0.05325887 0.00201000
v -0.01362593 0.05367290 0.00161310
v -0.01365471 0.05360328 0.00154493
v -0.01363948 0.05372786 0.00147979
v -0.00018326 0.01861947 0.01430182
v -0.01559324 0.02053574 0.00060872
v -0.00018326 0.01784637 0.01582125
v -0.00022220 0.01788667 0.01584701
v -0.00032886 0.01787202 0.01585458
v -0.00052864 0.01784271 0.01586518
v -0.00072841 0.01780973 0.01587276
v -0.00091634 0.01776942 0.01587579
v -0.00112966 0.01798926 0.01595759
v -0.00132944 0.01798926 0.01597123
v -0.00152922 0.01798926 0.01598183
v -0.00172900 0.01798926 0.01598789
v -0.00192877 0.01798926 0.01599243
v -0.00213025 0.01798926 0.01599546
v -0.00233002 0.01798926 0.01598940
v -0.00233002 0.01815415 0.01603182
v -0.00233002 0.01825307 0.01605454
v -0.00213025 0.01838864 0.01607727
v -0.00244515 0.01832635 0.01604849
v -0.00272958 0.01838864 0.01599849
v -0.00292936 0.01838864 0.01595911
v -0.00312913 0.01838864 0.01591820
v -0.00345758 0.01833368 0.01585306
v -0.00473074 0.01819078 0.01552433
v -0.00424146 0.01830803 0.01564855
v -0.00502025 0.01824575 0.01544253
v -0.00715178 0.02120991 0.01428667
v -0.00738711 0.01878802 0.01442604
v -0.00703496 0.02610868 0.01384735
v -0.00721950 0.02138945 0.01423971
v -0.00392994 0.05139756 0.01251273
v -0.00406199 0.05156244 0.01245517
v -0.00463932 0.05171632 0.01224763
v -0.00466133 0.05159908 0.01225520
v -0.00419574 0.05139756 0.01243244
v -0.00493052 0.05179693 0.01214007
v -0.00513707 0.05178594 0.01207190
v -0.00523696 0.05171266 0.01204766
v -0.00553155 0.05179693 0.01191435
v -0.00566360 0.05179693 0.01185830
v -0.00576349 0.05179693 0.01181588
v -0.00579397 0.05159908 0.01182800
v -0.00584476 0.05115573 0.01185072
v -0.00661509 0.03399359 0.01323836
v -0.00753102 0.01878802 0.01435787
v -0.00793227 0.01878802 0.01416245
v -0.00820146 0.01878802 0.01403065
v -0.00833182 0.01878802 0.01396400
v -0.00849435 0.01878802 0.01387916
v -0.00873138 0.01878802 0.01375191
v -0.00857900 0.01898953 0.01381705
v -0.00856038 0.01919105 0.01380645
v -0.00880587 0.01959043 0.01363072
v -0.00875508 0.02199035 0.01340349
v -0.00864673 0.02019132 0.01365344
v -0.00835045 0.02320313 0.01349438
v -0.00825564 0.02779411 0.01305809
v -0.00777820 0.03439663 0.01261574
v -0.00823363 0.02990091 0.01284601
v -0.00843171 0.02888965 0.01284449
v -0.00755641 0.03939432 0.01220218
v -0.00662355 0.04945564 0.01164015
v -0.00844018 0.03433434 0.01224914
v -0.00794750 0.04018940 0.01189163
v -0.00847404 0.03579627 0.01206887
v -0.00876693 0.03299332 0.01220672
v -0.00743451 0.04330746 0.01184618
v -0.00742436 0.04705573 0.01144019
v -0.00768000 0.04539594 0.01147352
v -0.00793227 0.04879612 0.01093876
v -0.00722796 0.05167602 0.01104177
v -0.00802200 0.04919550 0.01083878
v -0.00802877 0.05087727 0.01064184
v -0.00817098 0.05039729 0.01060245
v -0.00820484 0.04999791 0.01062669
v -0.00824717 0.05119604 0.01045551
v -0.00843340 0.04850300 0.01064487
v -0.00849266 0.04779585 0.01068729
v -0.00851636 0.04919550 0.01050399
v -0.00852313 0.05079666 0.01030857
v -0.00963038 0.03129323 0.01184466
v -0.00871614 0.04899764 0.01038583
v -0.00883127 0.04949594 0.01024343
v -0.00985386 0.03459448 0.01126295
v -0.00958128 0.03519538 0.01140535
v -0.00945092 0.04699710 0.01006012
v -0.01007734 0.04739648 0.00948598
v -0.01023987 0.03519538 0.01085241
v -0.00963546 0.04752838 0.00984804
v -0.00974550 0.04958022 0.00950567
v -0.00973027 0.05099818 0.00934207
v -0.00961853 0.05099818 0.00943296
v -0.00960160 0.05119604 0.00942084
v -0.00982169 0.05124001 0.00923602
v -0.01002993 0.05129130 0.00904212
v -0.01004009 0.05115573 0.00905121
v -0.00994020 0.05099818 0.00916179
v -0.01000962 0.04999791 0.00922390
v -0.00996729 0.04899764 0.00938600
v -0.01105591 0.02259124 0.01166742
v -0.01065635 0.03199305 0.01086756
v -0.01086290 0.02719322 0.01127355
v -0.01030759 0.03419511 0.01091452
v -0.01051583 0.03259394 0.01092210
v -0.01143346 0.01990187 0.01164621
v -0.01186349 0.01959043 0.01127507
v -0.01155366 0.02279276 0.01117054
v -0.01192951 0.02017300 0.01114176
v -0.01185163 0.01978829 0.01126295
v -0.01195152 0.01978829 0.01116751
v -0.01204295 0.01998980 0.01105541
v -0.01205480 0.01978829 0.01106753
v -0.01215638 0.01978829 0.01096300
v -0.01224950 0.01978829 0.01086302
v -0.01223934 0.01995317 0.01085241
v -0.01203956 0.02159097 0.01085241
v -0.01249668 0.02038918 0.01051459
v -0.01235616 0.02419241 0.01016162
v -0.01263720 0.02273047 0.01004952
v -0.01219532 0.02819349 0.00980411
v -0.01228674 0.02819349 0.00970412
v -0.01202940 0.03227151 0.00944053
v -0.01317728 0.02279276 0.00937236
v -0.01182624 0.03545186 0.00923754
v -0.01163154 0.03848931 0.00904363
v -0.01122521 0.04484267 0.00863613
v -0.01083920 0.04939702 0.00845283
v -0.01064281 0.05099818 0.00845585
v -0.01070207 0.05119237 0.00836042
v -0.01070376 0.05139756 0.00832860
v -0.01081719 0.05119604 0.00822711
v -0.01089846 0.05119604 0.00812712
v -0.01101020 0.05099818 0.00801805
v -0.01108808 0.05099818 0.00791807
v -0.01109993 0.05079666 0.00793322
v -0.01123029 0.05028370 0.00784232
v -0.01183640 0.04353829 0.00805138
v -0.01253562 0.03539690 0.00834527
v -0.01362763 0.02244835 0.00883761
v -0.01394253 0.02299062 0.00834527
v -0.01407120 0.02219186 0.00829528
v -0.01389851 0.02459911 0.00816348
v -0.01388835 0.02499116 0.00811803
v -0.01326701 0.03199305 0.00789080
v -0.01323654 0.03253166 0.00784990
v -0.01223934 0.04395965 0.00745451
v -0.01162477 0.05084063 0.00723485
v -0.01183301 0.04890604 0.00724546
v -0.01188211 0.04898299 0.00715911
v -0.01168233 0.05078201 0.00715911
v -0.01168233 0.05099818 0.00712124
v -0.01167048 0.05119604 0.00710154
v -0.01205988 0.05139756 0.00648650
v -0.01215130 0.05139756 0.00634410
v -0.01218347 0.05120703 0.00633046
v -0.01224611 0.05099818 0.00626835
v -0.01242896 0.04947030 0.00623957
v -0.01287592 0.04578432 0.00615777
v -0.01275741 0.04799737 0.00594417
v -0.01276249 0.04899764 0.00574420
v -0.01304522 0.04679558 0.00566694
v -0.01299105 0.04779585 0.00556999
v -0.01277942 0.04997959 0.00552454
v -0.01284883 0.04959487 0.00547455
v -0.01282513 0.05003455 0.00543062
v -0.01281666 0.05019577 0.00541396
v -0.01260503 0.05119604 0.00559726
v -0.01259318 0.05139756 0.00557605
v -0.01261689 0.05099818 0.00561695
v -0.01270154 0.05059514 0.00554424
v -0.01255932 0.05179693 0.00554424
v -0.01253223 0.05199845 0.00554424
v -0.01266260 0.05259935 0.00511401
v -0.01259488 0.05219631 0.00537608
v -0.01258810 0.05240149 0.00533064
v -0.01254916 0.05259935 0.00534427
v -0.01261689 0.05259935 0.00521399
v -0.01273878 0.05259935 0.00494282
v -0.01306215 0.05218165 0.00434899
v -0.01290978 0.05259935 0.00454289
v -0.01299782 0.05260301 0.00433384
v -0.01302829 0.05267263 0.00423386
v -0.01303337 0.05310498 0.00404601
v -0.01312649 0.05279720 0.00394300
v -0.01319590 0.05239416 0.00392936
v -0.01309263 0.05299872 0.00394300
v -0.01305877 0.05318192 0.00394754
v -0.01304522 0.05339810 0.00387634
v -0.01303337 0.05350069 0.00384604
v -0.01310956 0.05359962 0.00354307
v -0.01317051 0.05359962 0.00334310
v -0.01343970 0.05353000 0.00247052
v -0.01351589 0.05359962 0.00214179
v -0.01334489 0.05359962 0.00274320
v -0.01312141 0.05379747 0.00334310
v -0.01356837 0.05359962 0.00194183
v -0.01361069 0.05340176 0.00194334
v -0.01363778 0.05312330 0.00206453
v -0.01364794 0.05379381 0.00132527
v -0.01363270 0.05390006 0.00124649
v -0.01363948 0.05392938 0.00114197
v -0.01364964 0.05399899 0.00092685
v -0.01367334 0.05399899 0.00074203
v -0.01377153 0.05359962 0.00074203
v -0.01384603 0.05335413 0.00060872
v -0.01388158 0.05320391 0.00060872
v -0.01357006 0.05379747 0.00174186
v -0.01361069 0.05379381 0.00154493
v -0.01362255 0.05385976 0.00137980
v -0.00018326 0.01978829 0.01373828
v -0.00018326 0.02044414 0.01342318
v -0.01546795 0.02075192 0.00060872
v -0.00018326 0.01789767 0.01584397
v -0.00018326 0.01793797 0.01585306
v -0.00018326 0.01799293 0.01586518
v -0.00032886 0.01798926 0.01588336
v -0.00052864 0.01798926 0.01590609
v -0.00072841 0.01798926 0.01592427
v -0.00092989 0.01798926 0.01594244
v -0.00131420 0.01819811 0.01602728
v -0.00152922 0.01825307 0.01605606
v -0.00152922 0.01815415 0.01602879
v -0.00172900 0.01823475 0.01606060
v -0.00172900 0.01813583 0.01603182
v -0.00192877 0.01812850 0.01603485
v -0.00213025 0.01823109 0.01606212
v -0.00192877 0.01838864 0.01608181
v -0.00192877 0.01859016 0.01607727
v -0.00213532 0.01859749 0.01606212
v -0.00228262 0.01853887 0.01605303
v -0.00234187 0.01839230 0.01605757
v -0.00241637 0.01845826 0.01604394
v -0.00251795 0.01839230 0.01603334
v -0.00272958 0.05199845 0.01270512
v -0.00309019 0.05179693 0.01265665
v -0.00322225 0.05167968 0.01264301
v -0.00353038 0.05159908 0.01258393
v -0.00373016 0.05139756 0.01255969
v -0.00392994 0.05119604 0.01253242
v -0.00745145 0.02019132 0.01425486
v -0.00753102 0.01919105 0.01431848
v -0.00724490 0.02315183 0.01405186
v -0.00683857 0.03092683 0.01344893
v -0.00682333 0.03305561 0.01324139
v -0.00373016 0.05159908 0.01253848
v -0.00395025 0.05161740 0.01247940
v -0.00402983 0.05169800 0.01244456
v -0.00433119 0.05179693 0.01233397
v -0.00457160 0.05199845 0.01222642
v -0.00493052 0.05199845 0.01211128
v -0.00507612 0.05199845 0.01206129
v -0.00504734 0.05213036 0.01205069
v -0.00517601 0.05199845 0.01202342
v -0.00564159 0.05192151 0.01184921
v -0.00604284 0.05212303 0.01164924
v -0.00606316 0.05199845 0.01165833
v -0.00593110 0.05179693 0.01174317
v -0.00593110 0.05159908 0.01176741
v -0.00623415 0.04750640 0.01204615
v -0.00818453 0.01898953 0.01402308
v -0.00833182 0.01898953 0.01394885
v -0.00844356 0.01935227 0.01385189
v -0.00826241 0.02019132 0.01386098
v -0.00823193 0.02049177 0.01384584
v -0.00822516 0.02245567 0.01364132
v -0.00761906 0.03122727 0.01303840
v -0.00642547 0.05046690 0.01164167
v -0.00741758 0.03979369 0.01223702
v -0.00681994 0.04659406 0.01183861
v -0.00647457 0.05179693 0.01146897
v -0.00665064 0.05099818 0.01145534
v -0.00675053 0.05099818 0.01139777
v -0.00798983 0.03879342 0.01202039
v -0.00709760 0.04839675 0.01148261
v -0.00729230 0.04739648 0.01147958
v -0.00711792 0.04999791 0.01129476
v -0.00698586 0.05139756 0.01121750
v -0.00731092 0.04899764 0.01129173
v -0.00721781 0.04999791 0.01123568
v -0.00709760 0.05199845 0.01108419
v -0.00773080 0.05139756 0.01076758
v -0.00719749 0.05199845 0.01102359
v -0.00749885 0.05159908 0.01088574
v -0.00788148 0.05139756 0.01067517
v -0.00813204 0.05119604 0.01053428
v -0.00796274 0.05159908 0.01059791
v -0.00814728 0.05139389 0.01049944
v -0.00821162 0.05159908 0.01042976
v -0.00831489 0.05139389 0.01038280
v -0.00860609 0.05099818 0.01022525
v -0.00842663 0.05026172 0.01044036
v -0.00862302 0.05079666 0.01023737
v -0.00878894 0.04999791 0.01021313
v -0.00883973 0.05099818 0.01005103
v -0.00890237 0.05019577 0.01010103
v -0.00913093 0.04999791 0.00994499
v -0.00937981 0.04139486 0.01080394
v -0.00951694 0.04881444 0.00978441
v -0.00961514 0.04779585 0.00983138
v -0.00916479 0.04939702 0.00999195
v -0.01005025 0.04939702 0.00926178
v -0.01021786 0.04679558 0.00943144
v -0.01043118 0.04029199 0.01004346
v -0.01054800 0.03398992 0.01071910
v -0.00961683 0.04939702 0.00963292
v -0.00962699 0.04926878 0.00964050
v -0.00966424 0.05039729 0.00947083
v -0.00964900 0.05059514 0.00945871
v -0.00963715 0.05074537 0.00944962
v -0.00954911 0.05080399 0.00951325
v -0.00951864 0.05099818 0.00951325
v -0.00950171 0.05119604 0.00950113
v -0.00934087 0.05159908 0.00957081
v -0.00958297 0.05139756 0.00940569
v -0.00970656 0.05139756 0.00930571
v -0.00954573 0.05179693 0.00937388
v -0.00966593 0.05179693 0.00927390
v -0.00978614 0.05159908 0.00920573
v -0.00990126 0.05159908 0.00910574
v -0.01011628 0.05121436 0.00896940
v -0.01000115 0.05159908 0.00901636
v -0.01010951 0.05159908 0.00891638
v -0.01020939 0.05159908 0.00882246
v -0.01022125 0.05143786 0.00883458
v -0.01015014 0.05099818 0.00896486
v -0.01005025 0.05099818 0.00906181
v -0.01091539 0.03279546 0.01052368
v -0.01094925 0.03539690 0.01016617
v -0.01128786 0.02219186 0.01149776
v -0.01178561 0.02238972 0.01100087
v -0.01203448 0.02011805 0.01104783
v -0.01141314 0.02979465 0.01042673
v -0.01160615 0.02679384 0.01061912
v -0.01183809 0.02474567 0.01065093
v -0.01163831 0.02939161 0.01025100
v -0.01150795 0.03439663 0.00972685
v -0.01157736 0.03339636 0.00978441
v -0.01083412 0.04651712 0.00884670
v -0.01120659 0.04219361 0.00901636
v -0.01087137 0.04739648 0.00868763
v -0.01060048 0.05019577 0.00861037
v -0.01053276 0.05121069 0.00854523
v -0.01062588 0.05125833 0.00843768
v -0.01069022 0.05159908 0.00831346
v -0.01079180 0.05159908 0.00819529
v -0.01088491 0.05139756 0.00811197
v -0.01099835 0.05119604 0.00800290
v -0.01107623 0.05119604 0.00790292
v -0.01118797 0.05099818 0.00778930
v -0.01121167 0.05059514 0.00781960
v -0.01128786 0.05059514 0.00771962
v -0.01143684 0.04974143 0.00765145
v -0.01140298 0.04899764 0.00780748
v -0.01202432 0.04199575 0.00803472
v -0.01327378 0.02919376 0.00829982
v -0.01292163 0.03199305 0.00834527
v -0.01389174 0.02359151 0.00832254
v -0.01288946 0.03379573 0.00811955
v -0.01328225 0.03039188 0.00811046
v -0.01320267 0.03179519 0.00800593
v -0.01363440 0.02770984 0.00804683
v -0.01308755 0.03339636 0.00791807
v -0.01220040 0.04199575 0.00780294
v -0.01179238 0.04699710 0.00759237
v -0.01181100 0.04799737 0.00741664
v -0.01203787 0.04575134 0.00745300
v -0.01149779 0.04999791 0.00753177
v -0.01136573 0.05099818 0.00755601
v -0.01152488 0.05099818 0.00734393
v -0.01161461 0.05099818 0.00722122
v -0.01160107 0.05119604 0.00720153
v -0.01165694 0.05139756 0.00708034
v -0.01175005 0.05139756 0.00694399
v -0.01187872 0.05159908 0.00671373
v -0.01204633 0.05159908 0.00646529
v -0.01212252 0.05159908 0.00634410
v -0.01220886 0.05159908 0.00620473
v -0.01222241 0.05139756 0.00622745
v -0.01222918 0.05128031 0.00624109
v -0.01223765 0.05114841 0.00625320
v -0.01228336 0.05120703 0.00616231
v -0.01231722 0.05099818 0.00614413
v -0.01236124 0.05059514 0.00614413
v -0.01239002 0.05019577 0.00616989
v -0.01258641 0.04860193 0.00612898
v -0.01247128 0.05079666 0.00591235
v -0.01257964 0.05078201 0.00572451
v -0.01252208 0.05119604 0.00574420
v -0.01243065 0.05148916 0.00584115
v -0.01235785 0.05159908 0.00594417
v -0.01226643 0.05159908 0.00610475
v -0.01225288 0.05179693 0.00608051
v -0.01244081 0.05216333 0.00566088
v -0.01248821 0.05221463 0.00556393
v -0.01264567 0.05279720 0.00507462
v -0.01247975 0.05239783 0.00552757
v -0.01246282 0.05259935 0.00549727
v -0.01251022 0.05279720 0.00534427
v -0.01259826 0.05279720 0.00517460
v -0.01270323 0.05279720 0.00494282
v -0.01279465 0.05279720 0.00473225
v -0.01296057 0.05279720 0.00434293
v -0.01285730 0.05299872 0.00450199
v -0.01287761 0.05321124 0.00435959
v -0.01301983 0.05323688 0.00401723
v -0.01300290 0.05339810 0.00397632
v -0.01284206 0.05353000 0.00426567
v -0.01297581 0.05358130 0.00392482
v -0.01303845 0.05372053 0.00365971
v -0.01306046 0.05379015 0.00354155
v -0.01305030 0.05358130 0.00373394
v -0.01281497 0.05339810 0.00440655
v -0.01329410 0.05379747 0.00274320
v -0.01323484 0.05390739 0.00285228
v -0.01340584 0.05380114 0.00234479
v -0.01346171 0.05380114 0.00214482
v -0.01351758 0.05379747 0.00194183
v -0.01304353 0.05393304 0.00347338
v -0.01306554 0.05399899 0.00334462
v -0.01312649 0.05399899 0.00314313
v -0.01359884 0.05398067 0.00132527
v -0.01361239 0.05402830 0.00114197
v -0.01362424 0.05406861 0.00098290
v -0.01363270 0.05410158 0.00084959
v -0.01364794 0.05415288 0.00060872
v -0.01367842 0.05403930 0.00060872
v -0.01368857 0.05399899 0.00060872
v -0.01372244 0.05386342 0.00060872
v -0.01378677 0.05359962 0.00060872
v -0.01351250 0.05399899 0.00174186
v -0.01355652 0.05399899 0.00154190
v -0.01544933 0.02078489 0.00060872
v -0.00018326 0.02078856 0.01326412
v -0.00018326 0.01819078 0.01589700
v -0.00032886 0.01819078 0.01591820
v -0.00052864 0.01819078 0.01594396
v -0.00072841 0.01819078 0.01596820
v -0.00123802 0.01830071 0.01604546
v -0.00137007 0.01827139 0.01605000
v -0.00152922 0.01838864 0.01607121
v -0.00172900 0.01838864 0.01608030
v -0.00192877 0.01823109 0.01606212
v -0.00172900 0.01859016 0.01608030
v -0.00172900 0.01878802 0.01606212
v -0.00018326 0.05144885 0.01304597
v -0.00032886 0.05134993 0.01305052
v -0.00052864 0.05159908 0.01301567
v -0.00072841 0.05159908 0.01300204
v -0.00092989 0.05139756 0.01300507
v -0.00112966 0.05159908 0.01296720
v -0.00132944 0.05159908 0.01294296
v -0.00183396 0.05190319 0.01284601
v -0.00233002 0.05219631 0.01274754
v -0.00252980 0.05199845 0.01273693
v -0.00252980 0.05219631 0.01271724
v -0.00272958 0.05219631 0.01268391
v -0.00293951 0.05200212 0.01266422
v -0.00305125 0.05193616 0.01264907
v -0.00301401 0.05206807 0.01264150
v -0.00333061 0.05179693 0.01260514
v -0.00803215 0.01949150 0.01404580
v -0.00806432 0.01919105 0.01406095
v -0.00649996 0.04399629 0.01227792
v -0.00704512 0.02995587 0.01345196
v -0.00707390 0.03359421 0.01306567
v -0.00623077 0.04949594 0.01184466
v -0.00353038 0.05179693 0.01255969
v -0.00373016 0.05179693 0.01251122
v -0.00390116 0.05179693 0.01246577
v -0.00381989 0.05207906 0.01244153
v -0.00433119 0.05199845 0.01230216
v -0.00447171 0.05199845 0.01225823
v -0.00473074 0.05219631 0.01214310
v -0.00494068 0.05219997 0.01207493
v -0.00501348 0.05226592 0.01203857
v -0.00512014 0.05219997 0.01200827
v -0.00547906 0.05219631 0.01186436
v -0.00533008 0.05199845 0.01196131
v -0.00554001 0.05199112 0.01187799
v -0.00561281 0.05205341 0.01183709
v -0.00593787 0.05219265 0.01167803
v -0.00600898 0.05225493 0.01163561
v -0.00613088 0.05239783 0.01155078
v -0.00611734 0.05219265 0.01160077
v -0.00634420 0.05219631 0.01148867
v -0.00616305 0.05199845 0.01161137
v -0.00608855 0.05179693 0.01167197
v -0.00611056 0.05159908 0.01168409
v -0.00816421 0.01919105 0.01401247
v -0.00814390 0.02057238 0.01388068
v -0.00801692 0.02159097 0.01383826
v -0.00801184 0.02359151 0.01363527
v -0.00803893 0.02332771 0.01364890
v -0.00686227 0.04239513 0.01226126
v -0.00673191 0.04399629 0.01216128
v -0.00640176 0.04879612 0.01182952
v -0.00638145 0.04899764 0.01181891
v -0.00627140 0.05099818 0.01166591
v -0.00621045 0.05159908 0.01163409
v -0.00633066 0.05159908 0.01157047
v -0.00633066 0.05199845 0.01152502
v -0.00644070 0.05213036 0.01144928
v -0.00655414 0.05199845 0.01140080
v -0.00657445 0.05179693 0.01141141
v -0.00673191 0.05179693 0.01132051
v -0.00684703 0.05179693 0.01125386
v -0.00696554 0.05159908 0.01120690
v -0.00693168 0.05219631 0.01115993
v -0.00704342 0.05255172 0.01105086
v -0.00756149 0.05199845 0.01080091
v -0.00715855 0.05239783 0.01099936
v -0.00784254 0.05179693 0.01065093
v -0.00811173 0.05159908 0.01049793
v -0.00794242 0.05179693 0.01058579
v -0.00809310 0.05179693 0.01048581
v -0.00817268 0.05199845 0.01040400
v -0.00841647 0.05199845 0.01023282
v -0.00845203 0.05159908 0.01025857
v -0.00857054 0.05139756 0.01019949
v -0.00874492 0.05117772 0.01009951
v -0.00873138 0.05079666 0.01015708
v -0.00882111 0.05123268 0.01003437
v -0.00906660 0.05099818 0.00987228
v -0.00930870 0.05079666 0.00970564
v -0.00933071 0.05039729 0.00973745
v -0.01023479 0.04812928 0.00924814
v -0.00937642 0.05119604 0.00960111
v -0.00913093 0.05159908 0.00973745
v -0.00899549 0.05179693 0.00981623
v -0.00859593 0.05259935 0.01001619
v -0.00882280 0.05259935 0.00983592
v -0.00946446 0.05159908 0.00947083
v -0.00943399 0.05191418 0.00944659
v -0.00926468 0.05259935 0.00947235
v -0.00963376 0.05211570 0.00924663
v -0.00976582 0.05179693 0.00918906
v -0.00986232 0.05199845 0.00907090
v -0.00998253 0.05179693 0.00899970
v -0.01023140 0.05130596 0.00884367
v -0.01025172 0.05099818 0.00886488
v -0.01009088 0.05179693 0.00889972
v -0.01040917 0.05159908 0.00861946
v -0.01019077 0.05179693 0.00880580
v -0.01027542 0.05199845 0.00868763
v -0.01029235 0.05179693 0.00870581
v -0.01017723 0.05059514 0.00899061
v -0.01142499 0.03119430 0.01023737
v -0.01162646 0.02805426 0.01043885
v -0.01044811 0.04639621 0.00926026
v -0.01123368 0.03571200 0.00984652
v -0.01100681 0.04079396 0.00941781
v -0.01063096 0.04969746 0.00864370
v -0.01051245 0.04999791 0.00872854
v -0.01047520 0.05059514 0.00868915
v -0.01043965 0.05115940 0.00865128
v -0.01042272 0.05139756 0.00863461
v -0.01050229 0.05159908 0.00851948
v -0.01060218 0.05159908 0.00841192
v -0.01067498 0.05179693 0.00829528
v -0.01077487 0.05179693 0.00817560
v -0.01085613 0.05179693 0.00807562
v -0.01102882 0.05188487 0.00784232
v -0.01103898 0.05174930 0.00785596
v -0.01087137 0.05159908 0.00809531
v -0.01106438 0.05139756 0.00788626
v -0.01117612 0.05119604 0.00777415
v -0.01183470 0.04491962 0.00784838
v -0.01125230 0.05119604 0.00767417
v -0.01143346 0.05111543 0.00744694
v -0.01148933 0.05118871 0.00735907
v -0.01141483 0.05139756 0.00742118
v -0.01148594 0.05139756 0.00732120
v -0.01164170 0.05159908 0.00705913
v -0.01172127 0.05159908 0.00694399
v -0.01181100 0.05159908 0.00681371
v -0.01186349 0.05179693 0.00669101
v -0.01203618 0.05172732 0.00645165
v -0.01219363 0.05179693 0.00618049
v -0.01224103 0.05195449 0.00605930
v -0.01228844 0.05201311 0.00596235
v -0.01243065 0.05229524 0.00564270
v -0.01263382 0.05291445 0.00505038
v -0.01266429 0.05298773 0.00495040
v -0.01242219 0.05239783 0.00562756
v -0.01240526 0.05259935 0.00559726
v -0.01244250 0.05279720 0.00546395
v -0.01243234 0.05289979 0.00544425
v -0.01246790 0.05298040 0.00534730
v -0.01258133 0.05298773 0.00512764
v -0.01279973 0.05321124 0.00453835
v -0.01282851 0.05328451 0.00443685
v -0.01261858 0.05344939 0.00481557
v -0.01264905 0.05355565 0.00468226
v -0.01278957 0.05359962 0.00433687
v -0.01282174 0.05366557 0.00422022
v -0.01287253 0.05359962 0.00414902
v -0.01285052 0.05375717 0.00408691
v -0.01281158 0.05399899 0.00399299
v -0.01298597 0.05379015 0.00373394
v -0.01275402 0.05339810 0.00454289
v -0.01263551 0.05331383 0.00485345
v -0.01319252 0.05398434 0.00292802
v -0.01324839 0.05398434 0.00272957
v -0.01324839 0.05418586 0.00252960
v -0.01319252 0.05438371 0.00252960
v -0.01323484 0.05430677 0.00245386
v -0.01346002 0.05399899 0.00194031
v -0.01291317 0.05399899 0.00374303
v -0.01281158 0.05423715 0.00378999
v -0.01265413 0.05456325 0.00389907
v -0.01263043 0.05469515 0.00383998
v -0.01299782 0.05420051 0.00334462
v -0.01304522 0.05413456 0.00327948
v -0.01306723 0.05420051 0.00314616
v -0.01312987 0.05419685 0.00294317
v -0.01356329 0.05419685 0.00114197
v -0.01360054 0.05417853 0.00092685
v -0.01361069 0.05422616 0.00074203
v -0.01361916 0.05425181 0.00060872
v -0.01312479 0.05459989 0.00254324
v -0.01318744 0.05457790 0.00232358
v -0.01341938 0.05425914 0.00178428
v -0.01349218 0.05419685 0.00154190
v -0.01352943 0.05419685 0.00134193
v -0.01533590 0.02099008 0.00060872
v -0.00018326 0.02099008 0.01317171
v -0.00018326 0.01838864 0.01591214
v -0.00032886 0.01838864 0.01593335
v -0.00052864 0.01838864 0.01596214
v -0.00072841 0.01838864 0.01598940
v -0.00113644 0.01837765 0.01603788
v -0.00120754 0.01843627 0.01604849
v -0.00131420 0.01837765 0.01605454
v -0.00132944 0.01859016 0.01606060
v -0.00152922 0.01859016 0.01607272
v -0.00132944 0.01875504 0.01605303
v -0.00151567 0.01880634 0.01605606
v -0.00018326 0.05155877 0.01303537
v -0.00018326 0.05099818 0.01308687
v -0.00032886 0.05159908 0.01302628
v -0.00052864 0.05179693 0.01299447
v -0.00072841 0.05179693 0.01297932
v -0.00092989 0.05159908 0.01298538
v -0.00092989 0.05179693 0.01296265
v -0.00112966 0.05179693 0.01294296
v -0.00132944 0.05179693 0.01292175
v -0.00177471 0.05203876 0.01283843
v -0.00213025 0.05219631 0.01277481
v -0.00233002 0.05239783 0.01272482
v -0.00252980 0.05239783 0.01269300
v -0.00272789 0.05238684 0.01265967
v -0.00283963 0.05231356 0.01264756
v -0.00287518 0.05219631 0.01265513
v -0.00312913 0.05219631 0.01259756
v -0.00659985 0.04399629 0.01222945
v -0.00725844 0.03279546 0.01305809
v -0.00702141 0.03604543 0.01283995
v -0.00663202 0.04369584 0.01224460
v -0.00353038 0.05199845 0.01253091
v -0.00333061 0.05219631 0.01255060
v -0.00353038 0.05219631 0.01250213
v -0.00368445 0.05219631 0.01246122
v -0.00372000 0.05239416 0.01241578
v -0.00426854 0.05236119 0.01225672
v -0.00440229 0.05225127 0.01223551
v -0.00444123 0.05211570 0.01224763
v -0.00451742 0.05218898 0.01221127
v -0.00473074 0.05239783 0.01210674
v -0.00487465 0.05239783 0.01205978
v -0.00544689 0.05232455 0.01185072
v -0.00484079 0.05251508 0.01204766
v -0.00491698 0.05258836 0.01200221
v -0.00513030 0.05239783 0.01196283
v -0.00597004 0.05239783 0.01161895
v -0.00629510 0.05239783 0.01147503
v -0.00591586 0.05258469 0.01159774
v -0.00614612 0.05261034 0.01149321
v -0.00622400 0.05268362 0.01144170
v -0.00626124 0.05255172 0.01145685
v -0.00632896 0.05261034 0.01141292
v -0.00663879 0.05271293 0.01124780
v -0.00639499 0.05239783 0.01142807
v -0.00642039 0.05226226 0.01143867
v -0.00618844 0.05179693 0.01162349
v -0.00665911 0.05259935 0.01125840
v -0.00675899 0.05259935 0.01120538
v -0.00668619 0.05239783 0.01127507
v -0.00678778 0.05239783 0.01121902
v -0.00670820 0.05219631 0.01128870
v -0.00693168 0.05239783 0.01113570
v -0.00694861 0.05261034 0.01109782
v -0.00702819 0.05268362 0.01104177
v -0.00729907 0.05259935 0.01088574
v -0.00732108 0.05239783 0.01089937
v -0.00744467 0.05216333 0.01085241
v -0.00742097 0.05239783 0.01083726
v -0.00791195 0.05198013 0.01058125
v -0.00770032 0.05219631 0.01068729
v -0.00780021 0.05219631 0.01062366
v -0.00807279 0.05199845 0.01047217
v -0.00827764 0.05239783 0.01027524
v -0.00837753 0.05239783 0.01020555
v -0.00839785 0.05219631 0.01021919
v -0.00870598 0.05139756 0.01009951
v -0.00851467 0.05239783 0.01010557
v -0.00880587 0.05139756 0.01002377
v -0.00875169 0.05199845 0.00997984
v -0.00863826 0.05213402 0.01004952
v -0.00849605 0.05259935 0.01009042
v -0.00845372 0.05299872 0.01006012
v -0.00857562 0.05279720 0.00999953
v -0.00868228 0.05299872 0.00988288
v -0.00878217 0.05299872 0.00980411
v -0.00936457 0.05259935 0.00938903
v -0.00900396 0.05299872 0.00962081
v -0.00960498 0.05239783 0.00922239
v -0.00971334 0.05218898 0.00916634
v -0.00996221 0.05199845 0.00898152
v -0.00970148 0.05259935 0.00910423
v -0.00981830 0.05243447 0.00903151
v -0.01003840 0.05233554 0.00885124
v -0.01007226 0.05199845 0.00888154
v -0.01035669 0.05121436 0.00872854
v -0.01035161 0.05099818 0.00876338
v -0.01041594 0.04999791 0.00882852
v -0.01042780 0.04826851 0.00904060
v -0.01039224 0.05179693 0.00860280
v -0.01017215 0.05199845 0.00878762
v -0.01022971 0.05248943 0.00864219
v -0.01037531 0.05199845 0.00858311
v -0.01045827 0.04779585 0.00907090
v -0.01060895 0.04699710 0.00902091
v -0.01048536 0.05179693 0.00850282
v -0.01058525 0.05179693 0.00839374
v -0.01084259 0.05195815 0.00805895
v -0.01046673 0.05199845 0.00848312
v -0.01044811 0.05219631 0.00846191
v -0.01064112 0.05214501 0.00825589
v -0.01076979 0.05201311 0.00813318
v -0.01109654 0.05199845 0.00772871
v -0.01119643 0.05199845 0.00759691
v -0.01110162 0.05180792 0.00776204
v -0.01106268 0.05239783 0.00768326
v -0.01117612 0.05241615 0.00753329
v -0.01116257 0.05158442 0.00772568
v -0.01105083 0.05159908 0.00786959
v -0.01116426 0.05139756 0.00775598
v -0.01124045 0.05139756 0.00765599
v -0.01122352 0.05164305 0.00763327
v -0.01121167 0.05179693 0.00761812
v -0.01128447 0.05179693 0.00751814
v -0.01139960 0.05159908 0.00739998
v -0.01147070 0.05159908 0.00729999
v -0.01136404 0.05218165 0.00732575
v -0.01161122 0.05199845 0.00701519
v -0.01168402 0.05178594 0.00695763
v -0.01179576 0.05179693 0.00679099
v -0.01178053 0.05199845 0.00676675
v -0.01201247 0.05199845 0.00641530
v -0.01207681 0.05199845 0.00631532
v -0.01183640 0.05212303 0.00665011
v -0.01218686 0.05201311 0.00613353
v -0.01222072 0.05219631 0.00602597
v -0.01235447 0.05239783 0.00574420
v -0.01262027 0.05304635 0.00502008
v -0.01264905 0.05319658 0.00488374
v -0.01224611 0.05259935 0.00586842
v -0.01223426 0.05271293 0.00585024
v -0.01227659 0.05278621 0.00575329
v -0.01238494 0.05279720 0.00556393
v -0.01226304 0.05299872 0.00569724
v -0.01224442 0.05314895 0.00566694
v -0.01222749 0.05328451 0.00563664
v -0.01239510 0.05319658 0.00537608
v -0.01243404 0.05331016 0.00524883
v -0.01244928 0.05319658 0.00527610
v -0.01252038 0.05319658 0.00514279
v -0.01260165 0.05319658 0.00498373
v -0.01245097 0.05355931 0.00507916
v -0.01249329 0.05361427 0.00496100
v -0.01262874 0.05368755 0.00463682
v -0.01257795 0.05338711 0.00492919
v -0.01265752 0.05379747 0.00449896
v -0.01272693 0.05379747 0.00434293
v -0.01263889 0.05391838 0.00445654
v -0.01274725 0.05399899 0.00414296
v -0.01264567 0.05413456 0.00427324
v -0.01267614 0.05420051 0.00414902
v -0.01265075 0.05435074 0.00408691
v -0.01262704 0.05448630 0.00403238
v -0.01277603 0.05418219 0.00392633
v -0.01312987 0.05439837 0.00274320
v -0.01268461 0.05440936 0.00395663
v -0.01261011 0.05461821 0.00395663
v -0.01251869 0.05487835 0.00394300
v -0.01261181 0.05479774 0.00379151
v -0.01263551 0.05487835 0.00365517
v -0.01264905 0.05487835 0.00362033
v -0.01265075 0.05479774 0.00369153
v -0.01268122 0.05487835 0.00353549
v -0.01299951 0.05440203 0.00314616
v -0.01302152 0.05427013 0.00321433
v -0.01304522 0.05433974 0.00308102
v -0.01349726 0.05439837 0.00114197
v -0.01352943 0.05439837 0.00094200
v -0.01355652 0.05439837 0.00074203
v -0.01360054 0.05431043 0.00060872
v -0.01306723 0.05459989 0.00274320
v -0.01306215 0.05479774 0.00253718
v -0.01311294 0.05479774 0.00234176
v -0.01315696 0.05479774 0.00214179
v -0.01326532 0.05460722 0.00194334
v -0.01331103 0.05459989 0.00174186
v -0.01343293 0.05430310 0.00164945
v -0.01322468 0.05487835 0.00169187
v -0.01323992 0.05487835 0.00161613
v -0.01340922 0.05443501 0.00154190
v -0.01344816 0.05454126 0.00114197
v -0.01523939 0.02116961 0.00060872
v -0.00018326 0.02104137 0.01314898
v -0.00018326 0.01859016 0.01591214
v -0.00052864 0.01859016 0.01596062
v -0.00072841 0.01859016 0.01598789
v -0.00092989 0.01859016 0.01601516
v -0.00110088 0.01859016 0.01603637
v -0.00092989 0.01838864 0.01601364
v -0.00120246 0.01859016 0.01604849
v -0.00121431 0.01871107 0.01604697
v -0.00018326 0.05174197 0.01301567
v -0.00032886 0.05179693 0.01300507
v -0.00018326 0.05074170 0.01310960
v -0.00032886 0.05199845 0.01298083
v -0.00052864 0.05199845 0.01296871
v -0.00072841 0.05199845 0.01295356
v -0.00092989 0.05199845 0.01293539
v -0.00120754 0.05248210 0.01284298
v -0.00129389 0.05235020 0.01285207
v -0.00134806 0.05240882 0.01283843
v -0.00152922 0.05239783 0.01282025
v -0.00152922 0.05199845 0.01287328
v -0.00213025 0.05239783 0.01275208
v -0.00233002 0.05259935 0.01269906
v -0.00253657 0.05260301 0.01266271
v -0.00266016 0.05253706 0.01265059
v -0.00272789 0.05260301 0.01262786
v -0.00279391 0.05244912 0.01263695
v -0.00292936 0.05259935 0.01258545
v -0.00312913 0.05259935 0.01254000
v -0.00333061 0.05239783 0.01252182
v -0.00353546 0.05239416 0.01246880
v -0.00360657 0.05246011 0.01243699
v -0.00392994 0.05259935 0.01231428
v -0.00409586 0.05259935 0.01226429
v -0.00419574 0.05259935 0.01223399
v -0.00453096 0.05239783 0.01216885
v -0.00453096 0.05259935 0.01212946
v -0.00473074 0.05258836 0.01206887
v -0.00533685 0.05239416 0.01187951
v -0.00461900 0.05288147 0.01204009
v -0.00479677 0.05264698 0.01203251
v -0.00513030 0.05259935 0.01191435
v -0.00473074 0.05280820 0.01201736
v -0.00493052 0.05279720 0.01194313
v -0.00593110 0.05279720 0.01153714
v -0.00609025 0.05279720 0.01147049
v -0.00646271 0.05299872 0.01125840
v -0.00656260 0.05299872 0.01121447
v -0.00660493 0.05284850 0.01123265
v -0.00673191 0.05299872 0.01113873
v -0.00687412 0.05299872 0.01106904
v -0.00690967 0.05279720 0.01108873
v -0.00739896 0.05259935 0.01082363
v -0.00701126 0.05279720 0.01103117
v -0.00713146 0.05279720 0.01095694
v -0.00793227 0.05219631 0.01053731
v -0.00767831 0.05239783 0.01067365
v -0.00777820 0.05239783 0.01060851
v -0.00805247 0.05219631 0.01045703
v -0.00813204 0.05259935 0.01034492
v -0.00825733 0.05259935 0.01026009
v -0.00835722 0.05259935 0.01019040
v -0.00833182 0.05299872 0.01014647
v -0.00843848 0.05312330 0.01004952
v -0.00855361 0.05299872 0.00998286
v -0.00842155 0.05325887 0.01003589
v -0.00865688 0.05319658 0.00986319
v -0.00875677 0.05319658 0.00978290
v -0.00958467 0.05259935 0.00920421
v -0.00887698 0.05319658 0.00968292
v -0.00897856 0.05319658 0.00959808
v -0.00921558 0.05303903 0.00943144
v -0.00944414 0.05295109 0.00925572
v -0.00923251 0.05290712 0.00944508
v -0.00934425 0.05279720 0.00937085
v -0.00980137 0.05259935 0.00901636
v -0.00946277 0.05279720 0.00927087
v -0.00956266 0.05279720 0.00918452
v -0.00967778 0.05279720 0.00908453
v -0.01002485 0.05247111 0.00883761
v -0.01021617 0.05259935 0.00862704
v -0.01028050 0.05279720 0.00849979
v -0.01030420 0.05259935 0.00852706
v -0.01049044 0.05259935 0.00831346
v -0.01061403 0.05239783 0.00822408
v -0.01056154 0.05220730 0.00833163
v -0.01001131 0.05259935 0.00882397
v -0.00998591 0.05279720 0.00880125
v -0.01009088 0.05279720 0.00870127
v -0.01070715 0.05220730 0.00816197
v -0.01081889 0.05219631 0.00803017
v -0.01088153 0.05239783 0.00790595
v -0.01104406 0.05259935 0.00766054
v -0.01069868 0.05239783 0.00812409
v -0.01079857 0.05239783 0.00800593
v -0.01123029 0.05249676 0.00744391
v -0.01125399 0.05219631 0.00747572
v -0.01126923 0.05199845 0.00749693
v -0.01122183 0.05259935 0.00743179
v -0.01140975 0.05239783 0.00721213
v -0.01147917 0.05239783 0.00711215
v -0.01166371 0.05219631 0.00689097
v -0.01172635 0.05239783 0.00674403
v -0.01198708 0.05241615 0.00633501
v -0.01208527 0.05259935 0.00612747
v -0.01218516 0.05259935 0.00596841
v -0.01220379 0.05239783 0.00599719
v -0.01217162 0.05278621 0.00592750
v -0.01222072 0.05284850 0.00582449
v -0.01220379 0.05299872 0.00579722
v -0.01218855 0.05320757 0.00573663
v -0.01205480 0.05339810 0.00587903
v -0.01213437 0.05339810 0.00574420
v -0.01221225 0.05339810 0.00560938
v -0.01226812 0.05339810 0.00550939
v -0.01224611 0.05354832 0.00547001
v -0.01241541 0.05344206 0.00521247
v -0.01246790 0.05338344 0.00514431
v -0.01228844 0.05360695 0.00535790
v -0.01222579 0.05368022 0.00543365
v -0.01226135 0.05379747 0.00529882
v -0.01224103 0.05392571 0.00526095
v -0.01242896 0.05369122 0.00503978
v -0.01241203 0.05379747 0.00500342
v -0.01246113 0.05379747 0.00490344
v -0.01247298 0.05399167 0.00474589
v -0.01241711 0.05405762 0.00481406
v -0.01257795 0.05398800 0.00453229
v -0.01261519 0.05405029 0.00440807
v -0.01259149 0.05420051 0.00434141
v -0.01240864 0.05487835 0.00419144
v -0.01245097 0.05487835 0.00409600
v -0.01306723 0.05440203 0.00294620
v -0.01259318 0.05487835 0.00376272
v -0.01272355 0.05487835 0.00342187
v -0.01292840 0.05459989 0.00314313
v -0.01302152 0.05447165 0.00301588
v -0.01304522 0.05453394 0.00288257
v -0.01345832 0.05460722 0.00092837
v -0.01348541 0.05459989 0.00074203
v -0.01357175 0.05439837 0.00060872
v -0.01304353 0.05472813 0.00267655
v -0.01301475 0.05487835 0.00259474
v -0.01304692 0.05487835 0.00249022
v -0.01306384 0.05487835 0.00242659
v -0.01310448 0.05487835 0.00224480
v -0.01323992 0.05472080 0.00187820
v -0.01317051 0.05487835 0.00194334
v -0.01320945 0.05487835 0.00176307
v -0.01325685 0.05487835 0.00152675
v -0.01335166 0.05459989 0.00154190
v -0.01327378 0.05487835 0.00143585
v -0.01329240 0.05487835 0.00133436
v -0.01331441 0.05487835 0.00121316
v -0.01332627 0.05487835 0.00114197
v -0.01342446 0.05467683 0.00098745
v -0.01520553 0.02123556 0.00060872
v -0.00018326 0.02119892 0.01308082
v -0.00092989 0.01878802 0.01600152
v -0.00113982 0.01878435 0.01603182
v -0.00018326 0.05039729 0.01313990
v -0.00018326 0.05179693 0.01300962
v -0.00018326 0.05199845 0.01298689
v -0.00032886 0.05219631 0.01295205
v -0.00052864 0.05239783 0.01291115
v -0.00072841 0.05272759 0.01284904
v -0.00091126 0.05277888 0.01282783
v -0.00096713 0.05266163 0.01283995
v -0.00107379 0.05252973 0.01284904
v -0.00092989 0.05219631 0.01290812
v -0.00112966 0.05279720 0.01280662
v -0.00132944 0.05299872 0.01275966
v -0.00152922 0.05259935 0.01279299
v -0.00152922 0.05299872 0.01273845
v -0.00172900 0.05279720 0.01274451
v -0.00192877 0.05239783 0.01277632
v -0.00171715 0.05218532 0.01282783
v -0.00213025 0.05259935 0.01272633
v -0.00213025 0.05279720 0.01269603
v -0.00233172 0.05280087 0.01266422
v -0.00247393 0.05273858 0.01265210
v -0.00260599 0.05267263 0.01263998
v -0.00272958 0.05279720 0.01259454
v -0.00292936 0.05279720 0.01255515
v -0.00312913 0.05279720 0.01250819
v -0.00334923 0.05261767 0.01248092
v -0.00347282 0.05256271 0.01245668
v -0.00342880 0.05269461 0.01244456
v -0.00353546 0.05261767 0.01242790
v -0.00353038 0.05279720 0.01239457
v -0.00386391 0.05299872 0.01225520
v -0.00391132 0.05317826 0.01220521
v -0.00433119 0.05279720 0.01215219
v -0.00412972 0.05319658 0.01213249
v -0.00454282 0.05280820 0.01208250
v -0.00447848 0.05299872 0.01206129
v -0.00407215 0.05359962 0.01205978
v -0.00417204 0.05359962 0.01202342
v -0.00505750 0.05294010 0.01185527
v -0.00453096 0.05339810 0.01194010
v -0.00473074 0.05319658 0.01191586
v -0.00494068 0.05300239 0.01188557
v -0.00500501 0.05385976 0.01163409
v -0.00512183 0.05379381 0.01160380
v -0.00583121 0.05329917 0.01144473
v -0.00605131 0.05292911 0.01145231
v -0.00625616 0.05333947 0.01125537
v -0.00638991 0.05323322 0.01122659
v -0.00651181 0.05317826 0.01118872
v -0.00673529 0.05319292 0.01108419
v -0.00684703 0.05312330 0.01105238
v -0.00697401 0.05299872 0.01100996
v -0.00737187 0.05279720 0.01080545
v -0.00763937 0.05272392 0.01064942
v -0.00765461 0.05259935 0.01065851
v -0.00722458 0.05307933 0.01084029
v -0.00724659 0.05294743 0.01085393
v -0.00791534 0.05318925 0.01038431
v -0.00759874 0.05299872 0.01062215
v -0.00800676 0.05259935 0.01042824
v -0.00775450 0.05259935 0.01059337
v -0.00814897 0.05280087 0.01030251
v -0.00822516 0.05287048 0.01024040
v -0.00820992 0.05299872 0.01022979
v -0.00818283 0.05319658 0.01021313
v -0.00871614 0.05339077 0.00976775
v -0.00829796 0.05339810 0.01009042
v -0.00839785 0.05339810 0.01001771
v -0.00861625 0.05344939 0.00983138
v -0.00884650 0.05339810 0.00965716
v -0.00942721 0.05308299 0.00924057
v -0.00883127 0.05350069 0.00964353
v -0.00977767 0.05279720 0.00899516
v -0.00965069 0.05299872 0.00906181
v -0.01019077 0.05279720 0.00859977
v -0.01025172 0.05299872 0.00846797
v -0.01044642 0.05295109 0.00826195
v -0.01046673 0.05279720 0.00828619
v -0.01059033 0.05259935 0.00819832
v -0.01067667 0.05259935 0.00809834
v -0.00988602 0.05279720 0.00889517
v -0.00985724 0.05299872 0.00886791
v -0.00995713 0.05299872 0.00877247
v -0.01006041 0.05299872 0.00867248
v -0.01096110 0.05259935 0.00776052
v -0.01103221 0.05270560 0.00764690
v -0.01086121 0.05259935 0.00788020
v -0.01129293 0.05259935 0.00733181
v -0.01119982 0.05279720 0.00740149
v -0.01127262 0.05279720 0.00730151
v -0.01139282 0.05259935 0.00718789
v -0.01157906 0.05239783 0.00696520
v -0.01163493 0.05251874 0.00685007
v -0.01162308 0.05265064 0.00683038
v -0.01179238 0.05259935 0.00658345
v -0.01194644 0.05259935 0.00634410
v -0.01167387 0.05279720 0.00670767
v -0.01184148 0.05274957 0.00646074
v -0.01206496 0.05279720 0.00609566
v -0.01209882 0.05301704 0.00596386
v -0.01208019 0.05319658 0.00592144
v -0.01199046 0.05339810 0.00598052
v -0.01203787 0.05351901 0.00585327
v -0.01203110 0.05309399 0.00604263
v -0.01201755 0.05319658 0.00602143
v -0.01207681 0.05358863 0.00574875
v -0.01219024 0.05360695 0.00553969
v -0.01212760 0.05379747 0.00554424
v -0.01206834 0.05398434 0.00554424
v -0.01227489 0.05399533 0.00514733
v -0.01204972 0.05415288 0.00547758
v -0.01202771 0.05428845 0.00543668
v -0.01209374 0.05421151 0.00535942
v -0.01225119 0.05415655 0.00508371
v -0.01222749 0.05428845 0.00503675
v -0.01244928 0.05414922 0.00468075
v -0.01248821 0.05420784 0.00455501
v -0.01245097 0.05439837 0.00448533
v -0.01243234 0.05450096 0.00444443
v -0.01230537 0.05487835 0.00441564
v -0.01279804 0.05487835 0.00321888
v -0.01282851 0.05487835 0.00313405
v -0.01284544 0.05487835 0.00308557
v -0.01301983 0.05466950 0.00280986
v -0.01334489 0.05487835 0.00102229
v -0.01335674 0.05487835 0.00093443
v -0.01343293 0.05470248 0.00085414
v -0.01350065 0.05459989 0.00060872
v -0.01338213 0.05487835 0.00074203
v -0.01299443 0.05479774 0.00274320
v -0.01296396 0.05487835 0.00274320
v -0.00018326 0.02125388 0.01305809
v -0.01516490 0.02134548 0.00060872
v -0.00018326 0.05219631 0.01295811
v -0.00032886 0.05259935 0.01289145
v -0.00052864 0.05259935 0.01288085
v -0.00072841 0.05299872 0.01280965
v -0.00092989 0.05299872 0.01279450
v -0.00112966 0.05299872 0.01277784
v -0.00112966 0.05319658 0.01274905
v -0.00132944 0.05319658 0.01272936
v -0.00172900 0.05299872 0.01271573
v -0.00192877 0.05279720 0.01272179
v -0.00192877 0.05259935 0.01274905
v -0.00192877 0.05299872 0.01268997
v -0.00212517 0.05299872 0.01266119
v -0.00239944 0.05287048 0.01263998
v -0.00218950 0.05306467 0.01263847
v -0.00252980 0.05299872 0.01259302
v -0.00253657 0.05280087 0.01262938
v -0.00272958 0.05299872 0.01255666
v -0.00292936 0.05299872 0.01251879
v -0.00313421 0.05299872 0.01247031
v -0.00329505 0.05279720 0.01246425
v -0.00332383 0.05299872 0.01241578
v -0.00372339 0.05317826 0.01226126
v -0.00372339 0.05339810 0.01221733
v -0.00392994 0.05339810 0.01215219
v -0.00392994 0.05359962 0.01210826
v -0.00403660 0.05370587 0.01204615
v -0.00411279 0.05378282 0.01199767
v -0.00433119 0.05379747 0.01191132
v -0.00493052 0.05359962 0.01173256
v -0.00438536 0.05403563 0.01182800
v -0.00482725 0.05409426 0.01164318
v -0.00472566 0.05338344 0.01186890
v -0.00514046 0.05420418 0.01148715
v -0.00591079 0.05337978 0.01139020
v -0.00564329 0.05431776 0.01124931
v -0.00607332 0.05359962 0.01126295
v -0.00633066 0.05359962 0.01115236
v -0.00653044 0.05339810 0.01111903
v -0.00645594 0.05373885 0.01105692
v -0.00698925 0.05359962 0.01082060
v -0.00702311 0.05348237 0.01083878
v -0.00705866 0.05335047 0.01085999
v -0.00709760 0.05319658 0.01088422
v -0.00680471 0.05325887 0.01103117
v -0.00685380 0.05433608 0.01065699
v -0.00754456 0.05279354 0.01069638
v -0.00788317 0.05279720 0.01047823
v -0.00751578 0.05338711 0.01057973
v -0.00768339 0.05339810 0.01047520
v -0.00778328 0.05339810 0.01041461
v -0.00781545 0.05324787 0.01043430
v -0.00805586 0.05335413 0.01025857
v -0.00812527 0.05341275 0.01019949
v -0.00873815 0.05357763 0.00969655
v -0.00826410 0.05356298 0.01006618
v -0.00848758 0.05359962 0.00988743
v -0.00858747 0.05359962 0.00981017
v -0.00940859 0.05319658 0.00922390
v -0.00963546 0.05310864 0.00904666
v -0.00906152 0.05339810 0.00947083
v -0.00916141 0.05339810 0.00938297
v -0.00880756 0.05363259 0.00962384
v -0.00903951 0.05352634 0.00945265
v -0.01016030 0.05299872 0.00856796
v -0.01023479 0.05310864 0.00844828
v -0.01040917 0.05319658 0.00821953
v -0.01036515 0.05300972 0.00833466
v -0.01053276 0.05300239 0.00814530
v -0.01069868 0.05299140 0.00795594
v -0.01065297 0.05279720 0.00806956
v -0.00983862 0.05311963 0.00885124
v -0.01004009 0.05312330 0.00865279
v -0.01082566 0.05288147 0.00783929
v -0.01089507 0.05299872 0.00772113
v -0.01101528 0.05283751 0.00762570
v -0.01107453 0.05299872 0.00749844
v -0.01108638 0.05278255 0.00755298
v -0.01144531 0.05275690 0.00706519
v -0.01117442 0.05299872 0.00736816
v -0.01124722 0.05299872 0.00726818
v -0.01146054 0.05259935 0.00708791
v -0.01157059 0.05258836 0.00692733
v -0.01160784 0.05279720 0.00680765
v -0.01165016 0.05299872 0.00667283
v -0.01182793 0.05288147 0.00643954
v -0.01187872 0.05299872 0.00631835
v -0.01204633 0.05296208 0.00606687
v -0.01198877 0.05301704 0.00613807
v -0.01179746 0.05359962 0.00619109
v -0.01185333 0.05319658 0.00627744
v -0.01178899 0.05319658 0.00637743
v -0.01188211 0.05339077 0.00615171
v -0.01186179 0.05359962 0.00609111
v -0.01164678 0.05394770 0.00626684
v -0.01182116 0.05386709 0.00602749
v -0.01180084 0.05399899 0.00599416
v -0.01186179 0.05399899 0.00589418
v -0.01199385 0.05379747 0.00577904
v -0.01203448 0.05390739 0.00564876
v -0.01188211 0.05419685 0.00575178
v -0.01199385 0.05421151 0.00554424
v -0.01220040 0.05421151 0.00514733
v -0.01185333 0.05439837 0.00568361
v -0.01183470 0.05450829 0.00565028
v -0.01186518 0.05458523 0.00553969
v -0.01205988 0.05439837 0.00529731
v -0.01239679 0.05420784 0.00474589
v -0.01213606 0.05439837 0.00514279
v -0.01225627 0.05439837 0.00489435
v -0.01242557 0.05428112 0.00463076
v -0.01232907 0.05439837 0.00474286
v -0.01224273 0.05472813 0.00466711
v -0.01224442 0.05487835 0.00454592
v -0.01339568 0.05487835 0.00060872
v -0.00018326 0.02132716 0.01303840
v -0.01515135 0.02138945 0.00060872
v -0.00018326 0.05239783 0.01292781
v -0.00018326 0.05259935 0.01289600
v -0.00052864 0.05319658 0.01278996
v -0.00052864 0.05287048 0.01283995
v -0.00072841 0.05339810 0.01274905
v -0.00092989 0.05339810 0.01273542
v -0.00092989 0.05319658 0.01276572
v -0.00112966 0.05339810 0.01271724
v -0.00152922 0.05319658 0.01270664
v -0.00132944 0.05339810 0.01269603
v -0.00172900 0.05319658 0.01268088
v -0.00191184 0.05318925 0.01265665
v -0.00205575 0.05311597 0.01264907
v -0.00233002 0.05319658 0.01258696
v -0.00252980 0.05319658 0.01255212
v -0.00307157 0.05313795 0.01245517
v -0.00272958 0.05319658 0.01251425
v -0.00325103 0.05292911 0.01245062
v -0.00320363 0.05306467 0.01243699
v -0.00360488 0.05346405 0.01223854
v -0.00373016 0.05359962 0.01217037
v -0.00392147 0.05378282 0.01206432
v -0.00398412 0.05383778 0.01202948
v -0.00412972 0.05399899 0.01193253
v -0.00425161 0.05412357 0.01185224
v -0.00453096 0.05419685 0.01172802
v -0.00472058 0.05439104 0.01160228
v -0.00479000 0.05419685 0.01162955
v -0.00493052 0.05439837 0.01151896
v -0.00507443 0.05439837 0.01146140
v -0.00533008 0.05439837 0.01135687
v -0.00546721 0.05455226 0.01125840
v -0.00571778 0.05439104 0.01119781
v -0.00592941 0.05400632 0.01121296
v -0.00593110 0.05419685 0.01115993
v -0.00613088 0.05399899 0.01112812
v -0.00641362 0.05387075 0.01103571
v -0.00663540 0.05410525 0.01084635
v -0.00676238 0.05339810 0.01100845
v -0.00627309 0.05399899 0.01106450
v -0.00623754 0.05410891 0.01104783
v -0.00706374 0.05395503 0.01066305
v -0.00723474 0.05370587 0.01064639
v -0.00702649 0.05409059 0.01064033
v -0.00733463 0.05338711 0.01068729
v -0.00726352 0.05359962 0.01066305
v -0.00676746 0.05399899 0.01081151
v -0.00674037 0.05440203 0.01069486
v -0.00681317 0.05446798 0.01063427
v -0.00692491 0.05440203 0.01059488
v -0.00699433 0.05419685 0.01062366
v -0.00740404 0.05344573 0.01062821
v -0.00754118 0.05359962 0.01049793
v -0.00772233 0.05359962 0.01038886
v -0.00802708 0.05348603 0.01024040
v -0.00794920 0.05341275 0.01030857
v -0.00815067 0.05361427 0.01012072
v -0.00806094 0.05395136 0.01006315
v -0.00823024 0.05369488 0.01004194
v -0.00842155 0.05387808 0.00983592
v -0.00833182 0.05361427 0.00999801
v -0.00852652 0.05380480 0.00978593
v -0.00864503 0.05392571 0.00965413
v -0.00867381 0.05379747 0.00967686
v -0.00953895 0.05318559 0.00911029
v -0.00927484 0.05339810 0.00928299
v -0.00961175 0.05324421 0.00902545
v -0.00898872 0.05379747 0.00940569
v -0.00901581 0.05365824 0.00942993
v -0.00877370 0.05379747 0.00959505
v -0.00882957 0.05409426 0.00944205
v -0.00924775 0.05354466 0.00925875
v -0.01012644 0.05318559 0.00853766
v -0.01021278 0.05324421 0.00842253
v -0.01025003 0.05355565 0.00826649
v -0.01029574 0.05318559 0.00835133
v -0.01059541 0.05319658 0.00800442
v -0.01061741 0.05305368 0.00803017
v -0.01046335 0.05339810 0.00808168
v -0.01063265 0.05350435 0.00784687
v -0.01068175 0.05319658 0.00790443
v -0.01086629 0.05319658 0.00768629
v -0.00968963 0.05339810 0.00889972
v -0.00978952 0.05339810 0.00880276
v -0.01001639 0.05325887 0.00862855
v -0.01099496 0.05299872 0.00759843
v -0.01105083 0.05316360 0.00746966
v -0.01141653 0.05299872 0.00702125
v -0.01150118 0.05281186 0.00696217
v -0.01123368 0.05310864 0.00724849
v -0.01181439 0.05299872 0.00641833
v -0.01163493 0.05311231 0.00665011
v -0.01176698 0.05339077 0.00632895
v -0.01164170 0.05353367 0.00645923
v -0.01166879 0.05379747 0.00630017
v -0.01162138 0.05366557 0.00643045
v -0.01127939 0.05318559 0.00714850
v -0.01118966 0.05339810 0.00718335
v -0.01121675 0.05365458 0.00702277
v -0.01146901 0.05399899 0.00649710
v -0.01162477 0.05407960 0.00623503
v -0.01166879 0.05419685 0.00610475
v -0.01177545 0.05419685 0.00593356
v -0.01184148 0.05412723 0.00585933
v -0.01181947 0.05426280 0.00582298
v -0.01179746 0.05439837 0.00578359
v -0.01166371 0.05459989 0.00589418
v -0.01176360 0.05458523 0.00572754
v -0.01181100 0.05464019 0.00560332
v -0.01197184 0.05458890 0.00533064
v -0.01203787 0.05451562 0.00525641
v -0.01184486 0.05473179 0.00547001
v -0.01221056 0.05464385 0.00480043
v -0.01221564 0.05487835 0.00460652
v -0.01202094 0.05487835 0.00060872
v -0.00018326 0.02138579 0.01302476
v -0.01511919 0.02152502 0.00060872
v -0.00018326 0.02159097 0.01298235
v -0.00018326 0.05290346 0.01284601
v -0.00032886 0.05339810 0.01276269
v -0.00032039 0.05298040 0.01283086
v -0.00052864 0.05339810 0.01275663
v -0.00072841 0.05359962 0.01271421
v -0.00092989 0.05359962 0.01270058
v -0.00153768 0.05340909 0.01266725
v -0.00112966 0.05359962 0.01267937
v -0.00131420 0.05359595 0.01265816
v -0.00147504 0.05353000 0.01265210
v -0.00172900 0.05333947 0.01265362
v -0.00213025 0.05339810 0.01257484
v -0.00233002 0.05339810 0.01254151
v -0.00252980 0.05339810 0.01250516
v -0.00293105 0.05320024 0.01247031
v -0.00278883 0.05346405 0.01243547
v -0.00293105 0.05339810 0.01242032
v -0.00333061 0.05339810 0.01232640
v -0.00265508 0.05351901 0.01245062
v -0.00272450 0.05339810 0.01246577
v -0.00347282 0.05354099 0.01225520
v -0.00353546 0.05360328 0.01222339
v -0.00373016 0.05379747 0.01211886
v -0.00385037 0.05391838 0.01205069
v -0.00392147 0.05399167 0.01200524
v -0.00419236 0.05425914 0.01183255
v -0.00459361 0.05445333 0.01163107
v -0.00473074 0.05459989 0.01153563
v -0.00492375 0.05458523 0.01146746
v -0.00503718 0.05450829 0.01144625
v -0.00511506 0.05458523 0.01139323
v -0.00542150 0.05468416 0.01124022
v -0.00553155 0.05479774 0.01116145
v -0.00553155 0.05461088 0.01121447
v -0.00594295 0.05440570 0.01109479
v -0.00612919 0.05418586 0.01107510
v -0.00634251 0.05440570 0.01089786
v -0.00673868 0.05379747 0.01089180
v -0.00606147 0.05434707 0.01105844
v -0.00619522 0.05424448 0.01102511
v -0.00713146 0.05401365 0.01060548
v -0.00744467 0.05392205 0.01045097
v -0.00747684 0.05379747 0.01047217
v -0.00736341 0.05359962 0.01060397
v -0.00740743 0.05405395 0.01042976
v -0.00648811 0.05487835 0.01066608
v -0.00667096 0.05459989 0.01066457
v -0.00677085 0.05459989 0.01061154
v -0.00694692 0.05461088 0.01051005
v -0.00713146 0.05438371 0.01048126
v -0.00723643 0.05430677 0.01044642
v -0.00702311 0.05468782 0.01044036
v -0.00713146 0.05461088 0.01040400
v -0.00761398 0.05366557 0.01043279
v -0.00785777 0.05374618 0.01025857
v -0.00799660 0.05359962 0.01022222
v -0.00768847 0.05399899 0.01027827
v -0.00794750 0.05400999 0.01011466
v -0.00772402 0.05420051 0.01019040
v -0.00789333 0.05419685 0.01008436
v -0.00785439 0.05433974 0.01005861
v -0.00802369 0.05408326 0.01003892
v -0.00814220 0.05420051 0.00991166
v -0.00825225 0.05413822 0.00985864
v -0.00844356 0.05432142 0.00965262
v -0.00861286 0.05406128 0.00962838
v -0.00875847 0.05439837 0.00938600
v -0.00873815 0.05400999 0.00954809
v -0.00937473 0.05339810 0.00919209
v -0.00945430 0.05355931 0.00906484
v -0.00958297 0.05339810 0.00899970
v -0.00909877 0.05379747 0.00930571
v -0.00942891 0.05369488 0.00904212
v -0.00915971 0.05399899 0.00917846
v -0.00881941 0.05467317 0.00923299
v -0.00887698 0.05439837 0.00928601
v -0.00893793 0.05418586 0.00931025
v -0.01008580 0.05339810 0.00850282
v -0.01016538 0.05361061 0.00833769
v -0.01022802 0.05368755 0.00824074
v -0.01033468 0.05361061 0.00814833
v -0.01061064 0.05363626 0.00781960
v -0.01066651 0.05379747 0.00768781
v -0.01082227 0.05347138 0.00763327
v -0.01084428 0.05333581 0.00766054
v -0.01026188 0.05399899 0.00808016
v -0.01037531 0.05401731 0.00794079
v -0.00965239 0.05359962 0.00886336
v -0.00989110 0.05339810 0.00870278
v -0.00975228 0.05359962 0.00876641
v -0.00985386 0.05359962 0.00866643
v -0.00999099 0.05339810 0.00860280
v -0.01005025 0.05359962 0.00846494
v -0.01103051 0.05329551 0.00744391
v -0.01121336 0.05324054 0.00721970
v -0.01161630 0.05324421 0.00662132
v -0.01108808 0.05339810 0.00732120
v -0.01105422 0.05359962 0.00727424
v -0.01116088 0.05359229 0.00713033
v -0.01119135 0.05379747 0.00698793
v -0.01121675 0.05405762 0.00682432
v -0.01144531 0.05413822 0.00646377
v -0.01149948 0.05420051 0.00635622
v -0.01160445 0.05419685 0.00620473
v -0.01162308 0.05447531 0.00603052
v -0.01169249 0.05440570 0.00595629
v -0.01164001 0.05472080 0.00585782
v -0.01167556 0.05479042 0.00574420
v -0.01201247 0.05464752 0.00520490
v -0.01201755 0.05487835 0.00501402
v -0.01208019 0.05479774 0.00494888
v -0.01218347 0.05479774 0.00473680
v -0.01181777 0.05486369 0.00541547
v -0.01186518 0.05487835 0.00531246
v -0.01166032 0.05487835 0.00570481
v -0.01220548 0.05487835 0.00462773
v -0.00018326 0.05487835 0.01111297
v -0.00018326 0.05485270 0.01111297
v -0.00018326 0.05405395 0.01115387
v -0.00018326 0.05239783 0.01123871
v -0.00018326 0.04905627 0.01140989
v -0.00018326 0.03628358 0.01206432
v -0.00018326 0.03084988 0.01234306
v -0.00018326 0.02984961 0.01239457
v -0.00018326 0.02964809 0.01240517
v -0.00018326 0.02921941 0.01242790
v -0.00018326 0.02899224 0.01244002
v -0.00018326 0.02865149 0.01246274
v -0.00018326 0.02804693 0.01250364
v -0.00018326 0.02784907 0.01251728
v -0.00018326 0.02744603 0.01254606
v -0.00018326 0.02439026 0.01276572
v -0.00018326 0.02238972 0.01290963
v -0.00018326 0.02199035 0.01293841
v -0.00018326 0.02184745 0.01294902
v -0.01450462 0.02752664 0.00060872
v -0.01510395 0.02159097 0.00060872
v -0.01508025 0.02172288 0.00060872
v -0.01506670 0.02179982 0.00060872
v -0.00018326 0.02178883 0.01295356
v -0.00018326 0.05319658 0.01279753
v -0.00018326 0.05339810 0.01276269
v -0.00032886 0.05359962 0.01272482
v -0.00052864 0.05359962 0.01272027
v -0.00052186 0.05381579 0.01266725
v -0.00072841 0.05378282 0.01266876
v -0.00092989 0.05375717 0.01266271
v -0.00112966 0.05372053 0.01265210
v -0.00123632 0.05370221 0.01264604
v -0.00172900 0.05359962 0.01259302
v -0.00160879 0.05348237 0.01264150
v -0.00137007 0.05366190 0.01263544
v -0.00192877 0.05359962 0.01255969
v -0.00213025 0.05359962 0.01252485
v -0.00234865 0.05361794 0.01248092
v -0.00252980 0.05356298 0.01246274
v -0.00292936 0.05359962 0.01236730
v -0.00319347 0.05386709 0.01223551
v -0.00326796 0.05373152 0.01225368
v -0.00252980 0.05379747 0.01239609
v -0.00272958 0.05399899 0.01229913
v -0.00291581 0.05399167 0.01226277
v -0.00297168 0.05405762 0.01223248
v -0.00305972 0.05392205 0.01225065
v -0.00353038 0.05379747 0.01217340
v -0.00353038 0.05399899 0.01211583
v -0.00372000 0.05399167 0.01206584
v -0.00364720 0.05411258 0.01204918
v -0.00378095 0.05405029 0.01202948
v -0.00392994 0.05419685 0.01193556
v -0.00405861 0.05432509 0.01185375
v -0.00439722 0.05466584 0.01163409
v -0.00452758 0.05459622 0.01160986
v -0.00472905 0.05479408 0.01147503
v -0.00485095 0.05472446 0.01145231
v -0.00525220 0.05487835 0.01125234
v -0.00528098 0.05479774 0.01126446
v -0.00535378 0.05487835 0.01121144
v -0.00553493 0.05487835 0.01113570
v -0.00612919 0.05440570 0.01100542
v -0.00613088 0.05459989 0.01094028
v -0.00632727 0.05487835 0.01074788
v -0.00601745 0.05447898 0.01103723
v -0.00747853 0.05439837 0.01027221
v -0.00657784 0.05487835 0.01061760
v -0.00659308 0.05483805 0.01062366
v -0.00671498 0.05478309 0.01057670
v -0.00682672 0.05487835 0.01048126
v -0.00686227 0.05487835 0.01046157
v -0.00733632 0.05459256 0.01029039
v -0.00740573 0.05465485 0.01022828
v -0.00712977 0.05487835 0.01031160
v -0.00726352 0.05487835 0.01023434
v -0.00778836 0.05399899 0.01021767
v -0.00757842 0.05439837 0.01021161
v -0.00751917 0.05459256 0.01018131
v -0.00768000 0.05459989 0.01007679
v -0.00777989 0.05459989 0.01000862
v -0.00808125 0.05439837 0.00987834
v -0.00818114 0.05439837 0.00980865
v -0.00840801 0.05445333 0.00962687
v -0.00863318 0.05450096 0.00944356
v -0.00865858 0.05439837 0.00946477
v -0.00940859 0.05379747 0.00902242
v -0.00960498 0.05383778 0.00881943
v -0.00963207 0.05370221 0.00884518
v -0.00926807 0.05399899 0.00907848
v -0.00924267 0.05412723 0.00905424
v -0.00900903 0.05424448 0.00922390
v -0.00908691 0.05439837 0.00909514
v -0.00868567 0.05479774 0.00928450
v -0.00870260 0.05487835 0.00923754
v -0.00878555 0.05479774 0.00920573
v -0.00887698 0.05487835 0.00908756
v -0.00889729 0.05479774 0.00910574
v -0.00902427 0.05468416 0.00903757
v -0.00905475 0.05455226 0.00906484
v -0.01007226 0.05399899 0.00828770
v -0.01017215 0.05399899 0.00818015
v -0.01058186 0.05379747 0.00778779
v -0.01064281 0.05392938 0.00765902
v -0.01101358 0.05339810 0.00742118
v -0.01053615 0.05401365 0.00775143
v -0.01023987 0.05412357 0.00805441
v -0.01030082 0.05419319 0.00795443
v -0.01042949 0.05409426 0.00784384
v -0.00972011 0.05377183 0.00873308
v -0.00983354 0.05370587 0.00864673
v -0.00995375 0.05359962 0.00856493
v -0.01003163 0.05370221 0.00844525
v -0.01097803 0.05359962 0.00737422
v -0.01069699 0.05399899 0.00755450
v -0.01097972 0.05399899 0.00717577
v -0.01108131 0.05378282 0.00714699
v -0.01119135 0.05419685 0.00678948
v -0.01142160 0.05427013 0.00643045
v -0.01146901 0.05439837 0.00629714
v -0.01157567 0.05440570 0.00613807
v -0.01144361 0.05453027 0.00626078
v -0.01149271 0.05459622 0.00615171
v -0.01159768 0.05459989 0.00599416
v -0.01145716 0.05479774 0.00608202
v -0.01144023 0.05487835 0.00605778
v -0.01161292 0.05485270 0.00581086
v -0.01160615 0.05487835 0.00580025
v -0.00018326 0.05487835 0.01229459
v -0.01491772 0.02299062 0.00060872
v -0.01489909 0.02319214 0.00060872
v -0.01486185 0.02359884 0.00060872
v -0.01483645 0.02387730 0.00060872
v -0.01481444 0.02411913 0.00060872
v -0.01504300 0.02196103 0.00060872
v -0.01501083 0.02219186 0.00060872
v -0.01499559 0.02230545 0.00060872
v -0.01496681 0.02252529 0.00060872
v -0.01495835 0.02259124 0.00060872
v -0.01494480 0.02272315 0.00060872
v -0.00018326 0.05359962 0.01272482
v -0.00032886 0.05379747 0.01267482
v -0.00032886 0.05390373 0.01264604
v -0.00052186 0.05398067 0.01262029
v -0.00058281 0.05389274 0.01264301
v -0.00072841 0.05399899 0.01260665
v -0.00112966 0.05382312 0.01262332
v -0.00092989 0.05399899 0.01259151
v -0.00112966 0.05399899 0.01257181
v -0.00132944 0.05399899 0.01254757
v -0.00131420 0.05377915 0.01261271
v -0.00152922 0.05379747 0.01257484
v -0.00172900 0.05379747 0.01254151
v -0.00192877 0.05379747 0.01250667
v -0.00212686 0.05380480 0.01246880
v -0.00242822 0.05369488 0.01244456
v -0.00312744 0.05399167 0.01221581
v -0.00333061 0.05399899 0.01216734
v -0.00252980 0.05399899 0.01233852
v -0.00272958 0.05439837 0.01218400
v -0.00291581 0.05418219 0.01220824
v -0.00312913 0.05419685 0.01215673
v -0.00333061 0.05419685 0.01210674
v -0.00343557 0.05430310 0.01204615
v -0.00385037 0.05451562 0.01185072
v -0.00398412 0.05445699 0.01183103
v -0.00412972 0.05459989 0.01173862
v -0.00426347 0.05472813 0.01165379
v -0.00432949 0.05487835 0.01158107
v -0.00453096 0.05479774 0.01154472
v -0.00468672 0.05487835 0.01146291
v -0.00479338 0.05485637 0.01143110
v -0.00492544 0.05487835 0.01137505
v -0.00564837 0.05487835 0.01108268
v -0.00597512 0.05459989 0.01101753
v -0.00617998 0.05487835 0.01082060
v -0.00734140 0.05487835 0.01018737
v -0.00743451 0.05487835 0.01012829
v -0.00750562 0.05487835 0.01008285
v -0.00758350 0.05487835 0.01003134
v -0.00800676 0.05465851 0.00982683
v -0.00826749 0.05459989 0.00966928
v -0.00804570 0.05452294 0.00985410
v -0.00836738 0.05459989 0.00959808
v -0.00859593 0.05463286 0.00941781
v -0.00921558 0.05425914 0.00902848
v -0.00944414 0.05413456 0.00885730
v -0.00953218 0.05420051 0.00874520
v -0.00918680 0.05439837 0.00900122
v -0.00846219 0.05475011 0.00946629
v -0.00843340 0.05487835 0.00943296
v -0.00866366 0.05487835 0.00926632
v -0.00876693 0.05487835 0.00918452
v -0.00892438 0.05487835 0.00904363
v -0.00899718 0.05479774 0.00901182
v -0.00922744 0.05469149 0.00883912
v -0.00914109 0.05462187 0.00895274
v -0.00925622 0.05455592 0.00886942
v -0.01004686 0.05413822 0.00826043
v -0.01021617 0.05425547 0.00802714
v -0.01027542 0.05439837 0.00789686
v -0.01037531 0.05439837 0.00777415
v -0.01061741 0.05406494 0.00762721
v -0.00964561 0.05413822 0.00865885
v -0.00980645 0.05384144 0.00861946
v -0.01066821 0.05419685 0.00749390
v -0.01085105 0.05415288 0.00727121
v -0.01093063 0.05419685 0.00714245
v -0.01105422 0.05399899 0.00707579
v -0.01108131 0.05418219 0.00694702
v -0.01103390 0.05450462 0.00684704
v -0.01115918 0.05439471 0.00673191
v -0.01124045 0.05432142 0.00665768
v -0.01139790 0.05439837 0.00639712
v -0.01118797 0.05459989 0.00658194
v -0.01125907 0.05459989 0.00648195
v -0.01123706 0.05470981 0.00645165
v -0.01128108 0.05478675 0.00634561
v -0.01132341 0.05487835 0.00623048
v -0.01138944 0.05479774 0.00618200
v -0.01158752 0.05487835 0.00583207
v -0.00032886 0.05487835 0.01229459
v -0.00018326 0.05479774 0.01232640
v -0.00018326 0.05379747 0.01267482
v -0.00018326 0.05390373 0.01264604
v -0.00018326 0.05397701 0.01262483
v -0.00032886 0.05400266 0.01261726
v -0.00032886 0.05419685 0.01255515
v -0.00052864 0.05419685 0.01255060
v -0.00072841 0.05419685 0.01254303
v -0.00092989 0.05419685 0.01252788
v -0.00112966 0.05419685 0.01250516
v -0.00133452 0.05421151 0.01247637
v -0.00152922 0.05399899 0.01251728
v -0.00152922 0.05426280 0.01243396
v -0.00152922 0.05416387 0.01246577
v -0.00174254 0.05419685 0.01242335
v -0.00174254 0.05401365 0.01247789
v -0.00181873 0.05409059 0.01244305
v -0.00192877 0.05395869 0.01246122
v -0.00219119 0.05387442 0.01243699
v -0.00234865 0.05380480 0.01242790
v -0.00247562 0.05432875 0.01225368
v -0.00272958 0.05459989 0.01212492
v -0.00292936 0.05439837 0.01214158
v -0.00293105 0.05460355 0.01207796
v -0.00308850 0.05454126 0.01205978
v -0.00333061 0.05434707 0.01205978
v -0.00322225 0.05448997 0.01204160
v -0.00333061 0.05444600 0.01202645
v -0.00353038 0.05459989 0.01191435
v -0.00392317 0.05458890 0.01180376
v -0.00414495 0.05487835 0.01163712
v -0.00452758 0.05487835 0.01151593
v -0.00568561 0.05487835 0.01106450
v -0.00759874 0.05487835 0.01002074
v -0.00780698 0.05487835 0.00987531
v -0.00809141 0.05487835 0.00967534
v -0.00842494 0.05487835 0.00943902
v -0.00929008 0.05439837 0.00890123
v -0.00938997 0.05439837 0.00880428
v -0.00949155 0.05439837 0.00870430
v -0.00969302 0.05439837 0.00850585
v -0.00913093 0.05487835 0.00884518
v -0.00920204 0.05479774 0.00881488
v -0.00930362 0.05479774 0.00871490
v -0.00942891 0.05469149 0.00864067
v -0.00945769 0.05455958 0.00866945
v -0.00977428 0.05399899 0.00858765
v -0.00984709 0.05413822 0.00845889
v -0.00989280 0.05439837 0.00830740
v -0.01001977 0.05427013 0.00823317
v -0.01008919 0.05439837 0.00810592
v -0.01018908 0.05439837 0.00799684
v -0.01024833 0.05454126 0.00786505
v -0.01040748 0.05463653 0.00761358
v -0.01045319 0.05439837 0.00767417
v -0.01056154 0.05439837 0.00753329
v -0.01061741 0.05446432 0.00742573
v -0.01080534 0.05439837 0.00720910
v -0.01097972 0.05439837 0.00697429
v -0.01059033 0.05459989 0.00739089
v -0.01092893 0.05459256 0.00694097
v -0.01100681 0.05463653 0.00681068
v -0.01107792 0.05458157 0.00674403
v -0.01121505 0.05445699 0.00662132
v -0.01105591 0.05475378 0.00667737
v -0.01120490 0.05487835 0.00640015
v -0.01126754 0.05487835 0.00631077
v -0.00052864 0.05487835 0.01229156
v -0.00052864 0.05449363 0.01244305
v -0.00032886 0.05459989 0.01240366
v -0.00018326 0.05449730 0.01244456
v -0.00018326 0.05457058 0.01241578
v -0.00018326 0.05400266 0.01261726
v -0.00018326 0.05414555 0.01257181
v -0.00018326 0.05419685 0.01255515
v -0.00018326 0.05439837 0.01248243
v -0.00032886 0.05439471 0.01248243
v -0.00052864 0.05439104 0.01248092
v -0.00072841 0.05438005 0.01247637
v -0.00092989 0.05436173 0.01246880
v -0.00133452 0.05438738 0.01241578
v -0.00140393 0.05428845 0.01244153
v -0.00168498 0.05412723 0.01245365
v -0.00172900 0.05459989 0.01229307
v -0.00213025 0.05487835 0.01214310
v -0.00191184 0.05460355 0.01226580
v -0.00192877 0.05439837 0.01232943
v -0.00231309 0.05458157 0.01220672
v -0.00236896 0.05446065 0.01223399
v -0.00252980 0.05459989 0.01216279
v -0.00266355 0.05487835 0.01205372
v -0.00272789 0.05487835 0.01203706
v -0.00314437 0.05460355 0.01202191
v -0.00333061 0.05459989 0.01197192
v -0.00392317 0.05487835 0.01170075
v -0.00965916 0.05455958 0.00847100
v -0.00933410 0.05487835 0.00864522
v -0.00940351 0.05479774 0.00861643
v -0.00962868 0.05469515 0.00844071
v -0.00985894 0.05455958 0.00827255
v -0.00999269 0.05439837 0.00820590
v -0.01005533 0.05455592 0.00807107
v -0.01013829 0.05461454 0.00795140
v -0.01021955 0.05467317 0.00783172
v -0.01027373 0.05479774 0.00769992
v -0.01041933 0.05487835 0.00746512
v -0.01064112 0.05472080 0.00725758
v -0.01082396 0.05468049 0.00703337
v -0.01061234 0.05485637 0.00721970
v -0.01102882 0.05487835 0.00664253
v -0.01108300 0.05487835 0.00656830
v -0.00072841 0.05487835 0.01228398
v -0.00072841 0.05448264 0.01243850
v -0.00072841 0.05459989 0.01239306
v -0.00092989 0.05487835 0.01227186
v -0.00119061 0.05487835 0.01225065
v -0.00122447 0.05487835 0.01224763
v -0.00133452 0.05487835 0.01223702
v -0.00132944 0.05459989 0.01234003
v -0.00172900 0.05487835 0.01219460
v -0.00152922 0.05459989 0.01231731
v -0.00192031 0.05487835 0.01217188
v -0.00225214 0.05487835 0.01212340
v -0.00233002 0.05479774 0.01213704
v -0.00213025 0.05462920 0.01222339
v -0.00252980 0.05479774 0.01210220
v -0.00232494 0.05487835 0.01211128
v -0.00353038 0.05487835 0.01181285
v -0.00334246 0.05481240 0.01189011
v -0.00353038 0.05484537 0.01182497
v -0.00372170 0.05487835 0.01175832
v -0.00974381 0.05462920 0.00835587
v -0.00953387 0.05487835 0.00844677
v -0.00970318 0.05479774 0.00831800
v -0.00982846 0.05469515 0.00824226
v -0.00994189 0.05462554 0.00815742
v -0.01002655 0.05468782 0.00803926
v -0.01019077 0.05479774 0.00779991
v -0.01025680 0.05487835 0.00767720
v -0.01030928 0.05487835 0.00760903
v -0.01059202 0.05487835 0.00723334
v -0.00149197 0.05487835 0.01222036
v -0.00968286 0.05487835 0.00829679
v -0.00980307 0.05479774 0.00821650
v -0.00989957 0.05479774 0.00811652
v -0.00999946 0.05479774 0.00801048
v -0.01007226 0.05487835 0.00788929
v -0.01011797 0.05487835 0.00783778
v -0.00973196 0.05487835 0.00824680
v -0.00987925 0.05487835 0.00809531
f 1 2 8
f 1 8 3
f 1 3 11
f 1 11 32
f 1 32 31
f 1 31 35
f 1 35 34
f 1 34 33
f 1 33 50
f 1 50 49
f 1 49 55
f 1 55 54
f 1 54 79
f 1 79 129
f 1 129 202
f 1 202 301
f 1 301 300
f 1 300 401
f 1 401 495
f 1 495 617
f 1 617 628
f 1 628 779
f 1 779 778
f 1 778 777
f 1 777 776
f 1 776 968
f 1 968 967
f 1 967 768
f 1 768 973
f 1 973 1186
f 1 1186 1185
f 1 1185 1409
f 1 1409 1408
f 1 1408 1407
f 1 1407 1406
f 1 1406 1405
f 1 1405 1599
f 1 1599 1787
f 1 1787 1940
f 1 1940 2087
f 1 2087 2207
f 1 2207 2324
f 1 2324 2463
f 1 2463 2578
f 1 2578 2577
f 1 2577 2576
f 1 2576 2575
f 1 2575 2574
f 1 2574 2584
f 1 2584 2583
f 1 2583 2582
f 1 2582 2581
f 1 2581 2580
f 1 2580 2579
f 1 2579 2466
f 1 2466 2465
f 1 2465 2464
f 1 2464 2326
f 1 2326 2209
f 1 2209 2092
f 1 2092 1956
f 1 1956 1799
f 1 1799 1605
f 1 1605 1412
f 1 1412 1192
f 1 1192 982
f 1 982 784
f 1 784 783
f 1 783 782
f 1 782 780
f 1 780 629
f 1 629 502
f 1 502 407
f 1 407 406
f 1 406 405
f 1 405 305
f 1 305 207
f 1 207 206
f 1 206 205
f 1 205 203
f 1 203 130
f 1 130 80
f 1 80 56
f 1 56 37
f 1 37 36
f 1 36 13
f 1 13 12
f 1 12 4
f 1 4 5
f 1 5 2
f 2 6 7
f 2 7 8
f 2 5 9
f 2 9 6
f 3 8 10
f 3 10 11
f 4 12 5
f 5 12 13
f 5 13 36
f 5 36 14
f 5 14 15
f 5 15 16
f 5 16 9
f 6 9 17
f 6 17 18
f 6 18 19
f 6 19 20
f 6 20 21
f 6 21 7
f 7 22 23
f 7 23 10
f 7 10 8
f 7 21 24
f 7 24 25
f 7 25 26
f 7 26 27
f 7 27 28
f 7 28 22
f 9 16 29
f 9 29 30
f 9 30 17
f 10 31 32
f 10 32 11
f 10 23 33
f 10 33 34
f 10 34 35
f 10 35 31
f 14 36 37
f 14 37 38
f 14 38 15
f 15 38 16
f 16 38 39
f 16 39 40
f 16 40 29
f 17 30 29
f 17 29 41
f 17 41 42
f 17 42 18
f 18 43 44
f 18 44 45
f 18 45 46
f 18 46 47
f 18 47 19
f 18 42 43
f 19 47 48
f 19 48 20
f 20 48 21
f 21 48 24
f 22 28 49
f 22 49 23
f 23 50 33
f 23 49 50
f 24 48 25
f 25 51 26
f 25 48 51
f 26 51 27
f 27 51 52
f 27 52 53
f 27 53 28
f 28 53 54
f 28 54 55
f 28 55 49
f 29 42 41
f 29 40 42
f 37 56 57
f 37 57 38
f 38 57 58
f 38 58 59
f 38 59 39
f 39 59 40
f 40 60 61
f 40 61 62
f 40 62 42
f 40 59 60
f 42 62 63
f 42 63 64
f 42 64 65
f 42 65 43
f 43 65 66
f 43 66 67
f 43 67 68
f 43 68 44
f 44 68 45
f 45 68 69
f 45 69 70
f 45 70 46
f 46 70 71
f 46 71 72
f 46 72 73
f 46 73 47
f 47 73 74
f 47 74 48
f 48 74 51
f 51 74 75
f 51 75 76
f 51 76 52
f 52 76 54
f 52 54 77
f 52 77 53
f 53 77 54
f 54 78 79
f 54 76 78
f 56 80 81
f 56 81 82
f 56 82 57
f 57 82 83
f 57 83 58
f 58 83 84
f 58 84 59
f 59 84 60
f 60 85 86
f 60 86 87
f 60 87 61
f 60 84 88
f 60 88 85
f 61 87 86
f 61 86 62
f 62 89 90
f 62 90 91
f 62 91 63
f 62 86 92
f 62 92 93
f 62 93 94
f 62 94 89
f 63 91 95
f 63 95 64
f 64 95 96
f 64 96 65
f 65 96 97
f 65 97 66
f 66 97 98
f 66 98 67
f 67 99 100
f 67 100 101
f 67 101 68
f 67 98 102
f 67 102 103
f 67 103 104
f 67 104 105
f 67 105 106
f 67 106 107
f 67 107 108
f 67 108 109
f 67 109 110
f 67 110 111
f 67 111 112
f 67 112 113
f 67 113 114
f 67 114 99
f 68 101 69
f 69 101 115
f 69 115 70
f 70 115 71
f 71 115 116
f 71 116 72
f 72 116 117
f 72 117 118
f 72 118 119
f 72 119 73
f 73 120 121
f 73 121 122
f 73 122 75
f 73 75 74
f 73 119 123
f 73 123 124
f 73 124 125
f 73 125 120
f 75 122 126
f 75 126 76
f 76 126 121
f 76 121 127
f 76 127 128
f 76 128 78
f 78 128 79
f 79 128 129
f 80 130 131
f 80 131 132
f 80 132 133
f 80 133 134
f 80 134 81
f 81 135 136
f 81 136 82
f 81 134 137
f 81 137 135
f 82 136 138
f 82 138 139
f 82 139 83
f 83 139 138
f 83 138 140
f 83 140 141
f 83 141 142
f 83 142 143
f 83 143 84
f 84 144 88
f 84 143 144
f 85 88 86
f 86 145 146
f 86 146 92
f 86 88 145
f 88 144 147
f 88 147 148
f 88 148 149
f 88 149 150
f 88 150 151
f 88 151 145
f 89 94 152
f 89 152 153
f 89 153 90
f 90 153 91
f 91 153 95
f 92 146 154
f 92 154 93
f 93 154 155
f 93 155 94
f 94 156 153
f 94 153 152
f 94 155 156
f 95 153 96
f 96 153 157
f 96 157 158
f 96 158 159
f 96 159 97
f 97 159 98
f 98 159 102
f 99 160 161
f 99 161 162
f 99 162 163
f 99 163 100
f 99 114 160
f 100 163 164
f 100 164 115
f 100 115 101
f 102 159 103
f 103 159 165
f 103 165 158
f 103 158 104
f 104 158 166
f 104 166 167
f 104 167 168
f 104 168 169
f 104 169 105
f 105 169 106
f 106 169 170
f 106 170 171
f 106 171 107
f 107 171 172
f 107 172 173
f 107 173 174
f 107 174 175
f 107 175 108
f 108 175 109
f 109 175 176
f 109 176 177
f 109 177 110
f 110 177 178
f 110 178 179
f 110 179 180
f 110 180 181
f 110 181 111
f 111 181 182
f 111 182 183
f 111 183 184
f 111 184 112
f 112 184 183
f 112 183 113
f 113 183 114
f 114 183 185
f 114 185 186
f 114 186 162
f 114 162 161
f 114 161 160
f 115 164 187
f 115 187 118
f 115 118 116
f 116 118 117
f 118 188 119
f 118 187 189
f 118 189 190
f 118 190 188
f 119 188 123
f 120 191 121
f 120 125 191
f 121 126 122
f 121 191 192
f 121 192 193
f 121 193 194
f 121 194 195
f 121 195 196
f 121 196 127
f 123 197 198
f 123 198 124
f 123 188 199
f 123 199 197
f 124 198 125
f 125 198 200
f 125 200 201
f 125 201 191
f 127 196 202
f 127 202 128
f 128 202 129
f 130 203 131
f 131 204 304
f 131 304 404
f 131 404 501
f 131 501 505
f 131 505 504
f 131 504 503
f 131 503 630
f 131 630 781
f 131 781 981
f 131 981 1190
f 131 1190 1191
f 131 1191 1413
f 131 1413 1606
f 131 1606 1800
f 131 1800 1957
f 131 1957 2091
f 131 2091 2208
f 131 2208 2325
f 131 2325 2327
f 131 2327 2467
f 131 2467 2462
f 131 2462 2461
f 131 2461 2460
f 131 2460 2459
f 131 2459 2458
f 131 2458 2457
f 131 2457 2456
f 131 2456 2455
f 131 2455 2454
f 131 2454 2453
f 131 2453 2452
f 131 2452 2451
f 131 2451 2450
f 131 2450 2449
f 131 2449 2448
f 131 2448 2447
f 131 2447 2446
f 131 2446 2445
f 131 2445 2444
f 131 2444 2573
f 131 2573 2667
f 131 2667 2738
f 131 2738 2737
f 131 2737 2742
f 131 2742 2741
f 131 2741 2740
f 131 2740 2739
f 131 2739 2670
f 131 2670 2669
f 131 2669 2668
f 131 2668 2585
f 131 2585 2469
f 131 2469 2468
f 131 2468 2328
f 131 2328 2211
f 131 2211 2210
f 131 2210 2093
f 131 2093 1962
f 131 1962 1961
f 131 1961 1809
f 131 1809 1618
f 131 1618 1425
f 131 1425 1619
f 131 1619 1811
f 131 1811 1960
f 131 1960 1801
f 131 1801 1607
f 131 1607 1414
f 131 1414 1195
f 131 1195 1194
f 131 1194 1193
f 131 1193 983
f 131 983 785
f 131 785 631
f 131 631 506
f 131 506 408
f 131 408 306
f 131 306 208
f 131 208 132
f 131 203 205
f 131 205 206
f 131 206 207
f 131 207 204
f 132 208 209
f 132 209 137
f 132 137 134
f 132 134 133
f 135 210 211
f 135 211 212
f 135 212 213
f 135 213 136
f 135 137 214
f 135 214 210
f 136 213 215
f 136 215 216
f 136 216 217
f 136 217 218
f 136 218 219
f 136 219 138
f 137 220 214
f 137 209 221
f 137 221 220
f 138 222 223
f 138 223 140
f 138 219 222
f 140 223 224
f 140 224 141
f 141 224 225
f 141 225 142
f 142 225 226
f 142 226 227
f 142 227 228
f 142 228 147
f 142 147 144
f 142 144 143
f 145 151 150
f 145 150 146
f 146 150 229
f 146 229 154
f 147 228 230
f 147 230 231
f 147 231 232
f 147 232 233
f 147 233 234
f 147 234 235
f 147 235 236
f 147 236 148
f 148 236 237
f 148 237 238
f 148 238 239
f 148 239 240
f 148 240 149
f 149 240 239
f 149 239 241
f 149 241 242
f 149 242 243
f 149 243 150
f 150 243 244
f 150 244 229
f 153 156 245
f 153 245 246
f 153 246 157
f 154 229 247
f 154 247 155
f 155 247 248
f 155 248 156
f 156 248 249
f 156 249 250
f 156 250 251
f 156 251 252
f 156 252 253
f 156 253 254
f 156 254 245
f 157 246 158
f 158 165 159
f 158 246 255
f 158 255 256
f 158 256 257
f 158 257 258
f 158 258 259
f 158 259 260
f 158 260 261
f 158 261 262
f 158 262 167
f 158 167 166
f 162 186 263
f 162 263 264
f 162 264 265
f 162 265 266
f 162 266 267
f 162 267 268
f 162 268 269
f 162 269 270
f 162 270 271
f 162 271 272
f 162 272 163
f 163 272 273
f 163 273 187
f 163 187 164
f 167 262 170
f 167 170 168
f 168 170 169
f 170 274 275
f 170 275 276
f 170 276 173
f 170 173 172
f 170 172 171
f 170 262 274
f 173 276 277
f 173 277 278
f 173 278 174
f 174 278 279
f 174 279 280
f 174 280 281
f 174 281 176
f 174 176 175
f 176 281 280
f 176 280 178
f 176 178 177
f 178 280 282
f 178 282 179
f 179 282 283
f 179 283 180
f 180 283 181
f 181 283 182
f 182 283 282
f 182 282 284
f 182 284 285
f 182 285 286
f 182 286 287
f 182 287 288
f 182 288 183
f 183 288 264
f 183 264 185
f 185 264 289
f 185 289 186
f 186 289 263
f 187 273 272
f 187 272 271
f 187 271 189
f 188 190 199
f 189 271 269
f 189 269 290
f 189 290 291
f 189 291 190
f 190 291 292
f 190 292 199
f 191 201 192
f 192 201 200
f 192 200 293
f 192 293 294
f 192 294 295
f 192 295 296
f 192 296 193
f 193 296 194
f 194 296 295
f 194 295 297
f 194 297 298
f 194 298 299
f 194 299 195
f 195 299 300
f 195 300 196
f 196 300 301
f 196 301 202
f 197 292 198
f 197 199 292
f 198 292 302
f 198 302 303
f 198 303 200
f 200 303 293
f 204 207 305
f 204 305 304
f 208 221 209
f 208 306 307
f 208 307 308
f 208 308 309
f 208 309 310
f 208 310 311
f 208 311 221
f 210 312 314
f 210 314 211
f 210 214 313
f 210 313 416
f 210 416 312
f 211 314 315
f 211 315 212
f 212 315 316
f 212 316 317
f 212 317 318
f 212 318 319
f 212 319 215
f 212 215 213
f 214 220 313
f 215 319 318
f 215 318 320
f 215 320 321
f 215 321 216
f 216 218 217
f 216 321 320
f 216 320 322
f 216 322 323
f 216 323 324
f 216 324 219
f 216 219 218
f 219 325 223
f 219 223 222
f 219 324 326
f 219 326 327
f 219 327 328
f 219 328 325
f 220 311 329
f 220 329 313
f 220 221 311
f 223 325 224
f 224 325 226
f 224 226 225
f 226 325 330
f 226 330 331
f 226 331 332
f 226 332 230
f 226 230 227
f 227 230 228
f 229 244 247
f 230 332 333
f 230 333 334
f 230 334 231
f 231 334 232
f 232 335 328
f 232 328 336
f 232 336 337
f 232 337 338
f 232 338 339
f 232 339 340
f 232 340 341
f 232 341 342
f 232 342 343
f 232 343 234
f 232 234 233
f 232 334 344
f 232 344 345
f 232 345 335
f 234 343 235
f 235 343 346
f 235 346 236
f 236 347 348
f 236 348 237
f 236 346 347
f 237 348 349
f 237 349 238
f 238 349 350
f 238 350 239
f 239 350 351
f 239 351 352
f 239 352 241
f 241 352 351
f 241 351 353
f 241 353 354
f 241 354 355
f 241 355 356
f 241 356 357
f 241 357 358
f 241 358 359
f 241 359 242
f 242 359 244
f 242 244 243
f 244 360 361
f 244 361 247
f 244 359 360
f 245 254 362
f 245 362 363
f 245 363 255
f 245 255 246
f 247 361 357
f 247 357 250
f 247 250 249
f 247 249 248
f 250 364 365
f 250 365 366
f 250 366 251
f 250 357 364
f 251 366 367
f 251 367 368
f 251 368 369
f 251 369 252
f 252 369 370
f 252 370 253
f 253 370 254
f 254 370 362
f 255 363 371
f 255 371 372
f 255 372 256
f 256 372 257
f 257 372 373
f 257 373 258
f 258 261 260
f 258 260 259
f 258 373 372
f 258 372 371
f 258 371 374
f 258 374 475
f 258 475 375
f 258 375 376
f 258 376 377
f 258 377 261
f 261 377 262
f 262 377 274
f 263 289 264
f 264 288 287
f 264 287 286
f 264 286 265
f 265 286 266
f 266 286 378
f 266 378 267
f 267 378 268
f 268 378 379
f 268 379 290
f 268 290 269
f 269 271 270
f 274 380 381
f 274 381 382
f 274 382 275
f 274 377 376
f 274 376 380
f 275 382 383
f 275 383 277
f 275 277 276
f 277 384 278
f 277 383 384
f 278 385 481
f 278 481 386
f 278 386 387
f 278 387 279
f 278 384 385
f 279 387 280
f 280 284 282
f 280 387 388
f 280 388 284
f 284 388 389
f 284 389 285
f 285 389 390
f 285 390 286
f 286 390 391
f 286 391 392
f 286 392 379
f 286 379 393
f 286 393 378
f 290 379 394
f 290 394 395
f 290 395 292
f 290 292 291
f 292 395 396
f 292 396 397
f 292 397 302
f 293 303 294
f 294 303 398
f 294 398 299
f 294 299 297
f 294 297 295
f 297 299 298
f 299 398 399
f 299 399 400
f 299 400 401
f 299 401 300
f 302 397 402
f 302 402 303
f 303 402 403
f 303 403 399
f 303 399 398
f 304 305 405
f 304 405 406
f 304 406 407
f 304 407 404
f 306 408 409
f 306 409 307
f 307 409 410
f 307 410 411
f 307 411 412
f 307 412 413
f 307 413 414
f 307 414 308
f 308 414 309
f 309 414 415
f 309 415 310
f 310 415 311
f 311 313 329
f 311 415 416
f 311 416 313
f 312 417 418
f 312 418 314
f 312 416 414
f 312 414 417
f 314 418 419
f 314 419 315
f 315 419 420
f 315 420 421
f 315 421 316
f 316 421 422
f 316 422 317
f 317 422 423
f 317 423 318
f 318 423 424
f 318 424 425
f 318 425 426
f 318 426 320
f 320 426 322
f 322 426 427
f 322 427 323
f 323 427 428
f 323 428 429
f 323 429 324
f 324 429 430
f 324 430 431
f 324 431 326
f 325 328 345
f 325 345 344
f 325 344 330
f 326 431 430
f 326 430 432
f 326 432 433
f 326 433 327
f 327 433 434
f 327 434 435
f 327 435 328
f 328 435 336
f 328 335 345
f 330 344 331
f 331 344 333
f 331 333 332
f 333 344 334
f 336 435 436
f 336 436 337
f 337 437 438
f 337 438 439
f 337 439 440
f 337 440 338
f 337 436 437
f 338 440 339
f 339 440 441
f 339 441 442
f 339 442 443
f 339 443 340
f 340 443 444
f 340 444 445
f 340 445 341
f 341 445 446
f 341 446 561
f 341 561 447
f 341 447 448
f 341 448 342
f 342 448 449
f 342 449 343
f 343 449 346
f 346 348 450
f 346 450 347
f 346 449 451
f 346 451 452
f 346 452 348
f 347 450 348
f 348 452 349
f 349 351 350
f 349 452 351
f 351 452 453
f 351 453 454
f 351 454 353
f 353 454 455
f 353 455 456
f 353 456 457
f 353 457 354
f 354 457 456
f 354 456 355
f 355 456 458
f 355 458 356
f 356 458 459
f 356 459 460
f 356 460 461
f 356 461 365
f 356 365 357
f 357 361 360
f 357 360 358
f 357 365 364
f 358 360 359
f 362 370 462
f 362 462 463
f 362 463 464
f 362 464 363
f 363 464 371
f 365 461 465
f 365 465 466
f 365 466 366
f 366 466 467
f 366 467 367
f 367 467 468
f 367 468 469
f 367 469 368
f 368 469 470
f 368 470 471
f 368 471 462
f 368 462 369
f 369 462 370
f 371 464 463
f 371 463 472
f 371 472 473
f 371 473 474
f 371 474 475
f 371 475 374
f 375 476 376
f 375 475 476
f 376 475 477
f 376 477 381
f 376 381 380
f 376 476 475
f 378 393 379
f 379 392 478
f 379 478 394
f 381 477 475
f 381 475 479
f 381 479 382
f 382 479 383
f 383 479 480
f 383 480 385
f 383 385 384
f 385 480 481
f 386 481 601
f 386 601 482
f 386 482 483
f 386 483 484
f 386 484 387
f 387 484 388
f 388 484 389
f 389 484 483
f 389 483 485
f 389 485 390
f 390 485 486
f 390 486 487
f 390 487 391
f 391 487 607
f 391 607 488
f 391 488 478
f 391 478 392
f 394 478 489
f 394 489 490
f 394 490 395
f 395 490 491
f 395 491 492
f 395 492 396
f 396 492 493
f 396 493 402
f 396 402 397
f 399 403 494
f 399 494 400
f 400 495 401
f 400 494 496
f 400 496 495
f 402 493 497
f 402 497 403
f 403 497 498
f 403 498 499
f 403 499 500
f 403 500 494
f 404 407 501
f 407 502 503
f 407 503 504
f 407 504 505
f 407 505 501
f 408 506 507
f 408 507 410
f 408 410 409
f 410 507 508
f 410 508 509
f 410 509 510
f 410 510 411
f 411 510 511
f 411 511 412
f 412 511 413
f 413 511 417
f 413 417 414
f 414 416 415
f 417 511 512
f 417 512 418
f 418 512 419
f 419 512 513
f 419 513 420
f 420 513 421
f 421 513 514
f 421 514 515
f 421 515 422
f 422 515 516
f 422 516 423
f 423 516 517
f 423 517 518
f 423 518 424
f 424 518 425
f 425 519 426
f 425 518 520
f 425 520 521
f 425 521 522
f 425 522 523
f 425 523 519
f 426 519 523
f 426 523 524
f 426 524 427
f 427 524 525
f 427 525 428
f 428 526 429
f 428 525 524
f 428 524 526
f 429 526 527
f 429 527 528
f 429 528 529
f 429 529 430
f 430 529 530
f 430 530 432
f 432 530 433
f 433 530 531
f 433 531 532
f 433 532 533
f 433 533 534
f 433 534 535
f 433 535 434
f 434 535 536
f 434 536 435
f 435 536 436
f 436 537 538
f 436 538 539
f 436 539 540
f 436 540 541
f 436 541 437
f 436 536 537
f 437 541 438
f 438 541 540
f 438 540 539
f 438 539 542
f 438 542 543
f 438 543 544
f 438 544 545
f 438 545 546
f 438 546 439
f 439 547 548
f 439 548 549
f 439 549 440
f 439 546 550
f 439 550 547
f 440 549 548
f 440 548 551
f 440 551 552
f 440 552 553
f 440 553 441
f 441 553 554
f 441 554 555
f 441 555 442
f 442 555 443
f 443 555 556
f 443 556 557
f 443 557 444
f 444 557 558
f 444 558 445
f 445 558 559
f 445 559 560
f 445 560 446
f 446 560 561
f 447 561 448
f 448 561 562
f 448 562 563
f 448 563 449
f 449 563 451
f 451 563 564
f 451 564 565
f 451 565 566
f 451 566 567
f 451 567 568
f 451 568 569
f 451 569 570
f 451 570 571
f 451 571 572
f 451 572 456
f 451 456 455
f 451 455 454
f 451 454 453
f 451 453 452
f 456 572 573
f 456 573 574
f 456 574 458
f 458 574 717
f 458 717 575
f 458 575 576
f 458 576 460
f 458 460 459
f 460 576 461
f 461 576 577
f 461 577 578
f 461 578 579
f 461 579 465
f 462 471 580
f 462 580 581
f 462 581 582
f 462 582 583
f 462 583 463
f 463 583 584
f 463 584 585
f 463 585 473
f 463 473 472
f 465 579 466
f 466 579 467
f 467 586 468
f 467 579 586
f 468 587 469
f 468 586 588
f 468 588 589
f 468 589 590
f 468 590 591
f 468 591 587
f 469 587 470
f 470 587 581
f 470 581 471
f 471 581 580
f 473 585 584
f 473 584 475
f 473 475 474
f 475 592 593
f 475 593 479
f 475 584 583
f 475 583 581
f 475 581 594
f 475 594 595
f 475 595 592
f 478 488 596
f 478 596 489
f 479 593 597
f 479 597 598
f 479 598 480
f 480 598 599
f 480 599 600
f 480 600 481
f 481 600 601
f 482 601 602
f 482 602 603
f 482 603 483
f 483 603 485
f 485 603 604
f 485 604 486
f 486 605 606
f 486 606 487
f 486 604 603
f 486 603 605
f 487 606 607
f 488 607 608
f 488 608 609
f 488 609 610
f 488 610 596
f 489 596 610
f 489 610 611
f 489 611 612
f 489 612 613
f 489 613 614
f 489 614 493
f 489 493 615
f 489 615 490
f 490 615 491
f 491 615 492
f 492 615 493
f 493 614 616
f 493 616 497
f 494 500 496
f 495 496 500
f 495 500 617
f 497 613 612
f 497 612 618
f 497 618 619
f 497 619 620
f 497 620 621
f 497 621 498
f 497 616 614
f 497 614 613
f 498 622 499
f 498 621 623
f 498 623 624
f 498 624 625
f 498 625 622
f 499 622 626
f 499 626 500
f 500 626 627
f 500 627 628
f 500 628 617
f 502 629 630
f 502 630 503
f 506 631 632
f 506 632 633
f 506 633 507
f 507 633 634
f 507 634 508
f 508 634 635
f 508 635 636
f 508 636 509
f 509 636 637
f 509 637 510
f 510 637 511
f 511 637 512
f 512 638 513
f 512 637 639
f 512 639 638
f 513 638 639
f 513 639 640
f 513 640 514
f 514 640 641
f 514 641 642
f 514 642 515
f 515 642 643
f 515 643 516
f 516 643 644
f 516 644 518
f 516 518 517
f 518 644 645
f 518 645 646
f 518 646 647
f 518 647 648
f 518 648 649
f 518 649 650
f 518 650 520
f 520 650 651
f 520 651 526
f 520 526 522
f 520 522 521
f 522 526 523
f 523 526 524
f 526 651 652
f 526 652 527
f 527 652 653
f 527 653 654
f 527 654 528
f 528 654 653
f 528 653 529
f 529 655 532
f 529 532 531
f 529 531 530
f 529 653 656
f 529 656 657
f 529 657 658
f 529 658 655
f 532 534 533
f 532 655 659
f 532 659 660
f 532 660 661
f 532 661 662
f 532 662 534
f 534 662 663
f 534 663 664
f 534 664 665
f 534 665 535
f 535 665 666
f 535 666 667
f 535 667 537
f 535 537 536
f 537 667 668
f 537 668 538
f 538 668 669
f 538 669 670
f 538 670 539
f 539 670 542
f 542 670 671
f 542 671 672
f 542 672 543
f 543 672 673
f 543 673 544
f 544 674 675
f 544 675 545
f 544 673 676
f 544 676 674
f 545 675 674
f 545 674 677
f 545 677 678
f 545 678 679
f 545 679 680
f 545 680 681
f 545 681 682
f 545 682 683
f 545 683 684
f 545 684 546
f 546 685 547
f 546 547 550
f 546 684 685
f 547 686 687
f 547 687 551
f 547 551 548
f 547 685 688
f 547 688 689
f 547 689 690
f 547 690 686
f 551 691 552
f 551 687 692
f 551 692 693
f 551 693 691
f 552 691 694
f 552 694 553
f 553 694 695
f 553 695 554
f 554 695 555
f 555 695 696
f 555 696 697
f 555 697 556
f 556 697 698
f 556 698 699
f 556 699 557
f 557 699 700
f 557 700 558
f 558 700 701
f 558 701 559
f 559 701 702
f 559 702 560
f 560 702 561
f 561 702 703
f 561 703 563
f 561 563 562
f 563 703 564
f 564 703 704
f 564 704 565
f 565 704 566
f 566 704 705
f 566 705 706
f 566 706 567
f 567 706 707
f 567 707 708
f 567 708 709
f 567 709 568
f 568 709 569
f 569 709 710
f 569 710 711
f 569 711 712
f 569 712 713
f 569 713 714
f 569 714 570
f 570 714 571
f 571 714 572
f 572 714 715
f 572 715 716
f 572 716 573
f 573 716 717
f 573 717 574
f 575 717 577
f 575 577 576
f 577 717 718
f 577 718 719
f 577 719 586
f 577 586 578
f 578 586 579
f 581 583 582
f 581 587 720
f 581 720 591
f 581 591 594
f 586 719 721
f 586 721 588
f 587 591 720
f 588 721 589
f 589 722 590
f 589 721 915
f 589 915 723
f 589 723 722
f 590 724 591
f 590 722 725
f 590 725 724
f 591 724 726
f 591 726 594
f 592 727 728
f 592 728 922
f 592 922 729
f 592 729 593
f 592 595 730
f 592 730 727
f 593 729 731
f 593 731 732
f 593 732 733
f 593 733 597
f 594 726 734
f 594 734 735
f 594 735 736
f 594 736 730
f 594 730 595
f 597 737 598
f 597 733 738
f 597 738 739
f 597 739 740
f 597 740 741
f 597 741 737
f 598 737 742
f 598 742 599
f 599 742 743
f 599 743 600
f 600 743 744
f 600 744 601
f 601 744 602
f 602 744 745
f 602 745 746
f 602 746 603
f 603 746 605
f 605 746 606
f 606 747 748
f 606 748 749
f 606 749 607
f 606 746 747
f 607 749 750
f 607 750 751
f 607 751 608
f 608 751 752
f 608 752 753
f 608 753 754
f 608 754 755
f 608 755 609
f 609 755 756
f 609 756 757
f 609 757 758
f 609 758 759
f 609 759 610
f 610 612 611
f 610 759 760
f 610 760 761
f 610 761 762
f 610 762 612
f 612 762 618
f 618 762 619
f 619 762 620
f 620 762 763
f 620 763 621
f 621 763 623
f 622 764 626
f 622 625 765
f 622 765 766
f 622 766 767
f 622 767 768
f 622 768 764
f 623 763 769
f 623 769 770
f 623 770 771
f 623 771 624
f 624 771 772
f 624 772 773
f 624 773 774
f 624 774 775
f 624 775 625
f 625 775 765
f 626 764 776
f 626 776 777
f 626 777 778
f 626 778 627
f 627 779 628
f 627 778 779
f 629 780 630
f 630 780 782
f 630 782 783
f 630 783 784
f 630 784 781
f 631 785 786
f 631 786 787
f 631 787 788
f 631 788 632
f 632 788 789
f 632 789 635
f 632 635 633
f 633 635 634
f 635 789 790
f 635 790 791
f 635 791 792
f 635 792 636
f 636 792 793
f 636 793 637
f 637 793 794
f 637 794 639
f 639 794 795
f 639 795 796
f 639 796 640
f 640 796 797
f 640 797 798
f 640 798 799
f 640 799 641
f 641 799 798
f 641 798 642
f 642 798 643
f 643 798 800
f 643 800 645
f 643 645 644
f 645 800 801
f 645 801 646
f 646 801 802
f 646 802 649
f 646 649 647
f 647 649 648
f 649 802 803
f 649 803 804
f 649 804 805
f 649 805 806
f 649 806 807
f 649 807 808
f 649 808 652
f 649 652 650
f 650 652 651
f 652 808 653
f 653 808 809
f 653 809 656
f 655 658 659
f 656 810 811
f 656 811 812
f 656 812 813
f 656 813 657
f 656 809 814
f 656 814 815
f 656 815 816
f 656 816 817
f 656 817 818
f 656 818 819
f 656 819 820
f 656 820 821
f 656 821 822
f 656 822 810
f 657 813 823
f 657 823 824
f 657 824 825
f 657 825 658
f 658 825 824
f 658 824 659
f 659 824 826
f 659 826 827
f 659 827 660
f 660 827 661
f 661 827 828
f 661 828 662
f 662 828 663
f 663 828 664
f 664 828 665
f 665 828 829
f 665 829 830
f 665 830 667
f 665 667 666
f 667 830 831
f 667 831 668
f 668 831 669
f 669 831 832
f 669 832 833
f 669 833 834
f 669 834 671
f 669 671 670
f 671 834 672
f 672 834 833
f 672 833 835
f 672 835 836
f 672 836 837
f 672 837 838
f 672 838 673
f 673 838 839
f 673 839 840
f 673 840 676
f 674 676 841
f 674 841 842
f 674 842 843
f 674 843 677
f 676 840 839
f 676 839 841
f 677 843 844
f 677 844 678
f 678 845 846
f 678 846 680
f 678 680 679
f 678 844 847
f 678 847 845
f 680 846 848
f 680 848 849
f 680 849 850
f 680 850 681
f 681 850 851
f 681 851 682
f 682 852 683
f 682 851 853
f 682 853 852
f 683 852 854
f 683 854 855
f 683 855 684
f 684 856 857
f 684 857 685
f 684 855 858
f 684 858 859
f 684 859 856
f 685 857 688
f 686 860 687
f 686 690 860
f 687 861 862
f 687 862 692
f 687 860 863
f 687 863 861
f 688 864 865
f 688 865 866
f 688 866 867
f 688 867 689
f 688 857 856
f 688 856 864
f 689 867 868
f 689 868 869
f 689 869 870
f 689 870 690
f 690 871 863
f 690 863 860
f 690 870 872
f 690 872 873
f 690 873 874
f 690 874 871
f 691 693 694
f 692 862 693
f 693 875 694
f 693 862 876
f 693 876 877
f 693 877 875
f 694 878 695
f 694 875 878
f 695 878 879
f 695 879 880
f 695 880 881
f 695 881 882
f 695 882 696
f 696 882 697
f 697 882 883
f 697 883 698
f 698 883 884
f 698 884 885
f 698 885 699
f 699 885 886
f 699 886 887
f 699 887 700
f 700 887 701
f 701 887 702
f 702 887 888
f 702 888 889
f 702 889 703
f 703 889 704
f 704 889 890
f 704 890 891
f 704 891 705
f 705 891 892
f 705 892 706
f 706 892 893
f 706 893 707
f 707 710 708
f 707 893 894
f 707 894 895
f 707 895 710
f 708 710 709
f 710 896 712
f 710 712 711
f 710 895 894
f 710 894 897
f 710 897 898
f 710 898 899
f 710 899 900
f 710 900 901
f 710 901 902
f 710 902 903
f 710 903 896
f 712 896 713
f 713 896 904
f 713 904 905
f 713 905 906
f 713 906 907
f 713 907 714
f 714 907 908
f 714 908 718
f 714 718 715
f 715 718 716
f 716 718 717
f 718 908 909
f 718 909 719
f 719 909 910
f 719 910 721
f 721 910 911
f 721 911 912
f 721 912 913
f 721 913 914
f 721 914 915
f 722 723 725
f 723 915 725
f 724 735 726
f 724 725 916
f 724 916 917
f 724 917 918
f 724 918 919
f 724 919 920
f 724 920 921
f 724 921 735
f 725 915 916
f 726 735 734
f 727 922 728
f 727 730 922
f 729 923 731
f 729 922 924
f 729 924 923
f 730 736 925
f 730 925 922
f 731 926 732
f 731 923 926
f 732 927 928
f 732 928 733
f 732 926 929
f 732 929 927
f 733 928 930
f 733 930 931
f 733 931 739
f 733 739 738
f 735 932 736
f 735 921 932
f 736 932 924
f 736 924 925
f 737 933 742
f 737 741 934
f 737 934 935
f 737 935 936
f 737 936 933
f 739 931 937
f 739 937 938
f 739 938 740
f 740 938 741
f 741 938 939
f 741 939 940
f 741 940 934
f 742 941 942
f 742 942 943
f 742 943 743
f 742 933 941
f 743 944 744
f 743 943 945
f 743 945 944
f 744 944 946
f 744 946 947
f 744 947 948
f 744 948 745
f 745 948 747
f 745 747 746
f 747 948 748
f 748 948 949
f 748 949 750
f 748 750 749
f 750 949 950
f 750 950 751
f 751 950 951
f 751 951 752
f 752 951 952
f 752 952 953
f 752 953 753
f 753 953 754
f 754 953 954
f 754 954 955
f 754 955 956
f 754 956 756
f 754 756 755
f 756 956 757
f 757 956 758
f 758 957 964
f 758 964 760
f 758 760 759
f 758 956 958
f 758 958 959
f 758 959 960
f 758 960 961
f 758 961 962
f 758 962 963
f 758 963 957
f 760 964 761
f 761 964 965
f 761 965 966
f 761 966 762
f 762 966 763
f 763 966 769
f 764 768 967
f 764 967 968
f 764 968 776
f 765 775 774
f 765 774 969
f 765 969 970
f 765 970 766
f 766 970 767
f 767 970 971
f 767 971 972
f 767 972 973
f 767 973 768
f 769 966 974
f 769 974 770
f 770 974 771
f 771 975 976
f 771 976 772
f 771 974 977
f 771 977 975
f 772 976 978
f 772 978 979
f 772 979 773
f 773 979 980
f 773 980 774
f 774 980 969
f 781 784 981
f 784 982 981
f 785 983 786
f 786 983 787
f 787 983 984
f 787 984 788
f 788 984 985
f 788 985 986
f 788 986 987
f 788 987 988
f 788 988 789
f 789 988 790
f 790 988 989
f 790 989 990
f 790 990 991
f 790 991 791
f 791 991 992
f 791 992 993
f 791 993 792
f 792 993 793
f 793 993 994
f 793 994 794
f 794 796 795
f 794 994 995
f 794 995 796
f 796 995 797
f 797 995 800
f 797 800 798
f 800 995 996
f 800 996 997
f 800 997 801
f 801 804 803
f 801 803 802
f 801 997 998
f 801 998 999
f 801 999 1000
f 801 1000 804
f 804 1000 805
f 805 1000 1001
f 805 1001 1002
f 805 1002 1003
f 805 1003 806
f 806 1003 807
f 807 1003 808
f 808 1004 809
f 808 1003 1005
f 808 1005 1004
f 809 1004 1006
f 809 1006 814
f 810 1007 811
f 810 822 1007
f 811 1008 813
f 811 813 812
f 811 1007 1009
f 811 1009 1010
f 811 1010 1008
f 813 1008 824
f 813 824 823
f 814 1006 815
f 815 1011 1012
f 815 1012 1013
f 815 1013 1014
f 815 1014 1015
f 815 1015 816
f 815 1006 1011
f 816 1015 818
f 816 818 817
f 818 1015 1014
f 818 1014 1013
f 818 1013 1016
f 818 1016 1017
f 818 1017 1018
f 818 1018 819
f 819 1018 820
f 820 1018 821
f 821 1018 822
f 822 1018 1019
f 822 1019 1020
f 822 1020 1021
f 822 1021 1022
f 822 1022 1023
f 822 1023 1024
f 822 1024 1009
f 822 1009 1007
f 824 1008 1025
f 824 1025 826
f 826 1025 1026
f 826 1026 827
f 827 1026 1027
f 827 1027 828
f 828 1027 1028
f 828 1028 1029
f 828 1029 829
f 829 1029 1030
f 829 1030 830
f 830 1030 832
f 830 832 831
f 832 1030 1031
f 832 1031 833
f 833 1031 1032
f 833 1032 1033
f 833 1033 835
f 835 1034 836
f 835 1033 1034
f 836 1034 1035
f 836 1035 1036
f 836 1036 1037
f 836 1037 1038
f 836 1038 1039
f 836 1039 837
f 837 1039 1040
f 837 1040 838
f 838 1040 1041
f 838 1041 839
f 839 842 841
f 839 1041 1042
f 839 1042 842
f 842 1043 1044
f 842 1044 1045
f 842 1045 1046
f 842 1046 843
f 842 1042 1047
f 842 1047 1043
f 843 1046 844
f 844 1045 1048
f 844 1048 1049
f 844 1049 847
f 844 1046 1045
f 845 847 846
f 846 847 1050
f 846 1050 848
f 847 1049 1051
f 847 1051 1050
f 848 1050 1052
f 848 1052 849
f 849 1052 850
f 850 1052 1053
f 850 1053 1054
f 850 1054 1055
f 850 1055 851
f 851 1055 1056
f 851 1056 1057
f 851 1057 1058
f 851 1058 853
f 852 853 854
f 853 1058 1059
f 853 1059 1060
f 853 1060 854
f 854 1061 855
f 854 1060 1062
f 854 1062 1063
f 854 1063 1061
f 855 1061 858
f 856 859 864
f 858 1064 859
f 858 1061 1065
f 858 1065 1066
f 858 1066 1064
f 859 1064 864
f 861 863 876
f 861 876 862
f 863 871 1067
f 863 1067 1068
f 863 1068 876
f 864 1064 865
f 865 1064 1069
f 865 1069 866
f 866 1069 1070
f 866 1070 869
f 866 869 868
f 866 868 867
f 869 1070 872
f 869 872 870
f 871 874 1067
f 872 1071 1072
f 872 1072 1073
f 872 1073 1074
f 872 1074 1075
f 872 1075 1076
f 872 1076 1077
f 872 1077 1078
f 872 1078 1079
f 872 1079 873
f 872 1070 1071
f 873 1079 874
f 874 1079 1078
f 874 1078 1067
f 875 1080 879
f 875 879 878
f 875 877 1081
f 875 1081 1082
f 875 1082 1080
f 876 1068 1083
f 876 1083 877
f 877 1083 1084
f 877 1084 1081
f 879 1085 880
f 879 1080 1085
f 880 1086 882
f 880 882 881
f 880 1085 1087
f 880 1087 1088
f 880 1088 1089
f 880 1089 1086
f 882 1086 883
f 883 885 884
f 883 1086 1089
f 883 1089 1090
f 883 1090 1091
f 883 1091 1092
f 883 1092 885
f 885 890 889
f 885 889 888
f 885 888 887
f 885 887 886
f 885 1092 1093
f 885 1093 890
f 890 1093 891
f 891 1093 1094
f 891 1094 892
f 892 1094 1095
f 892 1095 893
f 893 1095 1096
f 893 1096 1097
f 893 1097 1098
f 893 1098 894
f 894 1098 1099
f 894 1099 1100
f 894 1100 1101
f 894 1101 1102
f 894 1102 897
f 896 1103 905
f 896 905 904
f 896 903 1103
f 897 1102 1104
f 897 1104 1105
f 897 1105 898
f 898 1105 1106
f 898 1106 899
f 899 1106 1107
f 899 1107 1108
f 899 1108 1109
f 899 1109 1110
f 899 1110 1111
f 899 1111 1112
f 899 1112 1113
f 899 1113 900
f 900 1113 1114
f 900 1114 1115
f 900 1115 1116
f 900 1116 901
f 901 1116 903
f 901 903 902
f 903 1116 1117
f 903 1117 1118
f 903 1118 1103
f 905 1119 906
f 905 1103 1118
f 905 1118 1119
f 906 1119 907
f 907 909 908
f 907 1119 1120
f 907 1120 1121
f 907 1121 909
f 909 1121 1122
f 909 1122 1123
f 909 1123 910
f 910 1123 1124
f 910 1124 1125
f 910 1125 911
f 911 1126 1127
f 911 1127 912
f 911 1125 1124
f 911 1124 1126
f 912 1127 1128
f 912 1128 1129
f 912 1129 913
f 913 1129 1128
f 913 1128 1130
f 913 1130 1127
f 913 1127 1131
f 913 1131 1132
f 913 1132 1133
f 913 1133 1134
f 913 1134 1135
f 913 1135 914
f 914 1135 1136
f 914 1136 915
f 915 1136 1137
f 915 1137 1138
f 915 1138 916
f 916 1138 917
f 917 1138 1139
f 917 1139 918
f 918 1139 1140
f 918 1140 1141
f 918 1141 919
f 919 1141 1142
f 919 1142 1143
f 919 1143 920
f 920 1143 1144
f 920 1144 921
f 921 1144 1145
f 921 1145 932
f 922 925 924
f 923 924 1146
f 923 1146 926
f 924 932 1146
f 926 1146 929
f 927 1147 1148
f 927 1148 928
f 927 929 1149
f 927 1149 1147
f 928 1148 930
f 929 1146 1145
f 929 1145 1144
f 929 1144 1143
f 929 1143 1150
f 929 1150 1149
f 930 1148 931
f 931 1148 1151
f 931 1151 1152
f 931 1152 937
f 932 1145 1146
f 933 936 941
f 934 940 935
f 935 940 936
f 936 940 1153
f 936 1153 941
f 937 1152 1154
f 937 1154 939
f 937 939 938
f 939 1154 1155
f 939 1155 940
f 940 1155 1156
f 940 1156 1157
f 940 1157 1153
f 941 1153 1158
f 941 1158 945
f 941 945 942
f 942 945 943
f 944 945 1159
f 944 1159 946
f 945 1158 1160
f 945 1160 1161
f 945 1161 946
f 945 946 1159
f 946 1161 1162
f 946 1162 1163
f 946 1163 1164
f 946 1164 947
f 947 949 1165
f 947 1165 948
f 947 1164 949
f 948 1165 949
f 949 1164 952
f 949 952 950
f 950 952 951
f 952 1166 953
f 952 1164 1166
f 953 1167 1168
f 953 1168 954
f 953 1166 1167
f 954 1168 1169
f 954 1169 1170
f 954 1170 955
f 955 1170 1171
f 955 1171 956
f 956 1171 958
f 957 963 1172
f 957 1172 1173
f 957 1173 964
f 958 1171 959
f 959 1171 960
f 960 1174 963
f 960 963 961
f 960 1171 1175
f 960 1175 1174
f 961 963 962
f 963 1174 1172
f 964 977 965
f 964 1173 1176
f 964 1176 1177
f 964 1177 977
f 965 977 974
f 965 974 1178
f 965 1178 966
f 966 1178 974
f 969 980 970
f 970 980 1179
f 970 1179 1180
f 970 1180 1181
f 970 1181 1182
f 970 1182 1183
f 970 1183 1184
f 970 1184 971
f 971 1184 972
f 972 1184 1185
f 972 1185 1186
f 972 1186 973
f 975 977 1177
f 975 1177 1176
f 975 1176 976
f 976 1176 1187
f 976 1187 978
f 978 1187 1188
f 978 1188 980
f 978 980 979
f 980 1188 1189
f 980 1189 1179
f 981 982 1190
f 982 1191 1190
f 982 1192 1191
f 983 1193 984
f 984 1193 1194
f 984 1194 1195
f 984 1195 1196
f 984 1196 1197
f 984 1197 985
f 985 1197 986
f 986 1197 1198
f 986 1198 1199
f 986 1199 987
f 987 1199 988
f 988 1199 989
f 989 1199 1200
f 989 1200 990
f 990 1200 1201
f 990 1201 1202
f 990 1202 991
f 991 1202 1203
f 991 1203 1204
f 991 1204 992
f 992 1204 1205
f 992 1205 993
f 993 1205 994
f 994 1205 1206
f 994 1206 995
f 995 1206 996
f 996 1206 997
f 997 1206 998
f 998 1207 1208
f 998 1208 1209
f 998 1209 1210
f 998 1210 1211
f 998 1211 999
f 998 1206 1207
f 999 1211 1212
f 999 1212 1213
f 999 1213 1000
f 1000 1213 1212
f 1000 1212 1214
f 1000 1214 1215
f 1000 1215 1216
f 1000 1216 1001
f 1001 1216 1002
f 1002 1216 1003
f 1003 1216 1217
f 1003 1217 1218
f 1003 1218 1219
f 1003 1219 1005
f 1004 1005 1006
f 1005 1219 1006
f 1006 1219 1011
f 1008 1220 1221
f 1008 1221 1025
f 1008 1010 1222
f 1008 1222 1220
f 1009 1024 1023
f 1009 1023 1223
f 1009 1223 1224
f 1009 1224 1222
f 1009 1222 1010
f 1011 1219 1218
f 1011 1218 1225
f 1011 1225 1226
f 1011 1226 1012
f 1012 1226 1227
f 1012 1227 1228
f 1012 1228 1013
f 1013 1228 1229
f 1013 1229 1230
f 1013 1230 1016
f 1016 1230 1017
f 1017 1230 1231
f 1017 1231 1018
f 1018 1231 1232
f 1018 1232 1233
f 1018 1233 1234
f 1018 1234 1019
f 1019 1234 1235
f 1019 1235 1020
f 1020 1235 1021
f 1021 1236 1237
f 1021 1237 1022
f 1021 1235 1236
f 1022 1237 1238
f 1022 1238 1023
f 1023 1238 1239
f 1023 1239 1224
f 1023 1224 1223
f 1025 1221 1240
f 1025 1240 1026
f 1026 1240 1027
f 1027 1240 1241
f 1027 1241 1028
f 1028 1241 1029
f 1029 1241 1031
f 1029 1031 1030
f 1031 1241 1032
f 1032 1241 1242
f 1032 1242 1243
f 1032 1243 1244
f 1032 1244 1245
f 1032 1245 1036
f 1032 1036 1035
f 1032 1035 1033
f 1033 1035 1034
f 1036 1245 1246
f 1036 1246 1038
f 1036 1038 1037
f 1038 1246 1247
f 1038 1247 1039
f 1039 1247 1248
f 1039 1248 1040
f 1040 1248 1042
f 1040 1042 1041
f 1042 1248 1249
f 1042 1249 1247
f 1042 1247 1250
f 1042 1250 1251
f 1042 1251 1252
f 1042 1252 1047
f 1043 1047 1253
f 1043 1253 1044
f 1044 1253 1254
f 1044 1254 1255
f 1044 1255 1256
f 1044 1256 1045
f 1045 1256 1048
f 1047 1252 1254
f 1047 1254 1253
f 1048 1256 1049
f 1049 1256 1257
f 1049 1257 1258
f 1049 1258 1259
f 1049 1259 1260
f 1049 1260 1051
f 1050 1051 1261
f 1050 1261 1052
f 1051 1260 1262
f 1051 1262 1263
f 1051 1263 1261
f 1052 1261 1264
f 1052 1264 1053
f 1053 1265 1054
f 1053 1264 1266
f 1053 1266 1265
f 1054 1265 1056
f 1054 1056 1055
f 1056 1265 1267
f 1056 1267 1268
f 1056 1268 1269
f 1056 1269 1270
f 1056 1270 1060
f 1056 1060 1271
f 1056 1271 1057
f 1057 1271 1058
f 1058 1271 1059
f 1059 1271 1060
f 1060 1270 1272
f 1060 1272 1062
f 1061 1063 1065
f 1062 1272 1063
f 1063 1272 1270
f 1063 1270 1273
f 1063 1273 1274
f 1063 1274 1275
f 1063 1275 1276
f 1063 1276 1277
f 1063 1277 1065
f 1064 1066 1278
f 1064 1278 1279
f 1064 1279 1069
f 1065 1277 1066
f 1066 1277 1280
f 1066 1280 1276
f 1066 1276 1278
f 1067 1078 1281
f 1067 1281 1282
f 1067 1282 1283
f 1067 1283 1284
f 1067 1284 1084
f 1067 1084 1083
f 1067 1083 1068
f 1069 1279 1285
f 1069 1285 1286
f 1069 1286 1070
f 1070 1286 1285
f 1070 1285 1287
f 1070 1287 1071
f 1071 1287 1288
f 1071 1288 1289
f 1071 1289 1072
f 1072 1290 1291
f 1072 1291 1292
f 1072 1292 1073
f 1072 1289 1290
f 1073 1292 1293
f 1073 1293 1294
f 1073 1294 1295
f 1073 1295 1074
f 1074 1295 1296
f 1074 1296 1297
f 1074 1297 1298
f 1074 1298 1299
f 1074 1299 1075
f 1075 1300 1076
f 1075 1299 1301
f 1075 1301 1302
f 1075 1302 1303
f 1075 1303 1304
f 1075 1304 1300
f 1076 1300 1305
f 1076 1305 1306
f 1076 1306 1077
f 1077 1306 1078
f 1078 1306 1281
f 1080 1307 1308
f 1080 1308 1309
f 1080 1309 1085
f 1080 1082 1283
f 1080 1283 1307
f 1081 1084 1284
f 1081 1284 1283
f 1081 1283 1082
f 1085 1309 1087
f 1087 1310 1088
f 1087 1309 1308
f 1087 1308 1310
f 1088 1311 1091
f 1088 1091 1090
f 1088 1090 1089
f 1088 1310 1312
f 1088 1312 1313
f 1088 1313 1311
f 1091 1311 1093
f 1091 1093 1092
f 1093 1095 1094
f 1093 1311 1096
f 1093 1096 1095
f 1096 1098 1097
f 1096 1311 1314
f 1096 1314 1315
f 1096 1315 1316
f 1096 1316 1317
f 1096 1317 1098
f 1098 1317 1316
f 1098 1316 1100
f 1098 1100 1099
f 1100 1316 1318
f 1100 1318 1101
f 1101 1318 1319
f 1101 1319 1102
f 1102 1319 1320
f 1102 1320 1104
f 1104 1320 1108
f 1104 1108 1107
f 1104 1107 1105
f 1105 1107 1106
f 1108 1320 1321
f 1108 1321 1322
f 1108 1322 1323
f 1108 1323 1109
f 1109 1323 1110
f 1110 1323 1324
f 1110 1324 1325
f 1110 1325 1111
f 1111 1325 1112
f 1112 1325 1326
f 1112 1326 1327
f 1112 1327 1113
f 1113 1327 1328
f 1113 1328 1114
f 1114 1328 1546
f 1114 1546 1329
f 1114 1329 1330
f 1114 1330 1115
f 1115 1330 1116
f 1116 1330 1331
f 1116 1331 1332
f 1116 1332 1333
f 1116 1333 1334
f 1116 1334 1117
f 1117 1334 1118
f 1118 1334 1335
f 1118 1335 1336
f 1118 1336 1119
f 1119 1336 1120
f 1120 1337 1121
f 1120 1336 1335
f 1120 1335 1337
f 1121 1337 1338
f 1121 1338 1339
f 1121 1339 1340
f 1121 1340 1122
f 1122 1340 1341
f 1122 1341 1123
f 1123 1341 1124
f 1124 1341 1340
f 1124 1340 1342
f 1124 1342 1343
f 1124 1343 1344
f 1124 1344 1345
f 1124 1345 1346
f 1124 1346 1126
f 1126 1346 1345
f 1126 1345 1127
f 1127 1345 1347
f 1127 1347 1348
f 1127 1348 1349
f 1127 1349 1350
f 1127 1350 1131
f 1127 1130 1128
f 1131 1350 1132
f 1132 1351 1352
f 1132 1352 1555
f 1132 1555 1353
f 1132 1353 1133
f 1132 1350 1351
f 1133 1353 1354
f 1133 1354 1355
f 1133 1355 1134
f 1134 1355 1356
f 1134 1356 1357
f 1134 1357 1358
f 1134 1358 1359
f 1134 1359 1135
f 1135 1359 1360
f 1135 1360 1136
f 1136 1360 1361
f 1136 1361 1362
f 1136 1362 1363
f 1136 1363 1364
f 1136 1364 1137
f 1137 1364 1138
f 1138 1364 1365
f 1138 1365 1139
f 1139 1365 1364
f 1139 1364 1366
f 1139 1366 1140
f 1140 1366 1367
f 1140 1367 1149
f 1140 1149 1141
f 1141 1149 1150
f 1141 1150 1142
f 1142 1150 1143
f 1147 1368 1148
f 1147 1149 1368
f 1148 1358 1369
f 1148 1369 1370
f 1148 1370 1151
f 1148 1368 1361
f 1148 1361 1358
f 1149 1366 1362
f 1149 1362 1361
f 1149 1361 1368
f 1149 1367 1366
f 1151 1370 1371
f 1151 1371 1152
f 1152 1371 1372
f 1152 1372 1373
f 1152 1373 1374
f 1152 1374 1154
f 1153 1157 1375
f 1153 1375 1158
f 1154 1374 1155
f 1155 1374 1376
f 1155 1376 1156
f 1156 1376 1377
f 1156 1377 1378
f 1156 1378 1157
f 1157 1378 1379
f 1157 1379 1375
f 1158 1375 1380
f 1158 1380 1381
f 1158 1381 1160
f 1160 1381 1382
f 1160 1382 1162
f 1160 1162 1161
f 1162 1382 1163
f 1163 1382 1381
f 1163 1381 1383
f 1163 1383 1384
f 1163 1384 1385
f 1163 1385 1167
f 1163 1167 1166
f 1163 1166 1164
f 1167 1385 1168
f 1168 1385 1386
f 1168 1386 1169
f 1169 1387 1388
f 1169 1388 1389
f 1169 1389 1390
f 1169 1390 1391
f 1169 1391 1170
f 1169 1386 1392
f 1169 1392 1387
f 1170 1391 1390
f 1170 1390 1175
f 1170 1175 1171
f 1172 1174 1173
f 1173 1174 1393
f 1173 1393 1394
f 1173 1394 1395
f 1173 1395 1396
f 1173 1396 1397
f 1173 1397 1187
f 1173 1187 1176
f 1174 1175 1394
f 1174 1394 1393
f 1175 1390 1398
f 1175 1398 1399
f 1175 1399 1400
f 1175 1400 1394
f 1179 1189 1180
f 1180 1189 1401
f 1180 1401 1402
f 1180 1402 1403
f 1180 1403 1181
f 1181 1403 1182
f 1182 1403 1183
f 1183 1403 1404
f 1183 1404 1405
f 1183 1405 1406
f 1183 1406 1407
f 1183 1407 1408
f 1183 1408 1184
f 1184 1408 1409
f 1184 1409 1185
f 1187 1397 1410
f 1187 1410 1411
f 1187 1411 1188
f 1188 1411 1189
f 1189 1411 1401
f 1191 1192 1412
f 1191 1412 1413
f 1195 1414 1415
f 1195 1415 1196
f 1196 1415 1416
f 1196 1416 1417
f 1196 1417 1197
f 1197 1417 1418
f 1197 1418 1198
f 1198 1418 1199
f 1199 1418 1200
f 1200 1419 1201
f 1200 1418 1419
f 1201 1203 1202
f 1201 1419 1420
f 1201 1420 1421
f 1201 1421 1203
f 1203 1421 1422
f 1203 1422 1205
f 1203 1205 1204
f 1205 1422 1206
f 1206 1422 1207
f 1207 1421 1423
f 1207 1423 1208
f 1207 1422 1421
f 1208 1423 1424
f 1208 1424 1425
f 1208 1425 1426
f 1208 1426 1427
f 1208 1427 1428
f 1208 1428 1209
f 1209 1428 1429
f 1209 1429 1430
f 1209 1430 1210
f 1210 1212 1211
f 1210 1430 1431
f 1210 1431 1212
f 1212 1431 1432
f 1212 1432 1433
f 1212 1433 1434
f 1212 1434 1214
f 1214 1434 1435
f 1214 1435 1436
f 1214 1436 1437
f 1214 1437 1215
f 1215 1437 1438
f 1215 1438 1216
f 1216 1438 1439
f 1216 1439 1440
f 1216 1440 1217
f 1217 1440 1447
f 1217 1447 1225
f 1217 1225 1218
f 1220 1441 1442
f 1220 1442 1221
f 1220 1222 1441
f 1221 1442 1240
f 1222 1224 1443
f 1222 1443 1444
f 1222 1444 1445
f 1222 1445 1441
f 1224 1239 1446
f 1224 1446 1443
f 1225 1447 1448
f 1225 1448 1226
f 1226 1448 1449
f 1226 1449 1227
f 1227 1449 1450
f 1227 1450 1451
f 1227 1451 1452
f 1227 1452 1228
f 1228 1452 1229
f 1229 1452 1453
f 1229 1453 1230
f 1230 1453 1454
f 1230 1454 1232
f 1230 1232 1231
f 1232 1454 1455
f 1232 1455 1456
f 1232 1456 1457
f 1232 1457 1233
f 1233 1458 1459
f 1233 1459 1234
f 1233 1457 1460
f 1233 1460 1458
f 1234 1459 1460
f 1234 1460 1235
f 1235 1460 1457
f 1235 1457 1461
f 1235 1461 1462
f 1235 1462 1463
f 1235 1463 1464
f 1235 1464 1465
f 1235 1465 1466
f 1235 1466 1236
f 1236 1466 1467
f 1236 1467 1237
f 1237 1467 1238
f 1238 1467 1468
f 1238 1468 1446
f 1238 1446 1239
f 1240 1442 1469
f 1240 1469 1244
f 1240 1244 1241
f 1241 1244 1243
f 1241 1243 1242
f 1244 1469 1470
f 1244 1470 1471
f 1244 1471 1472
f 1244 1472 1473
f 1244 1473 1247
f 1244 1247 1246
f 1244 1246 1245
f 1247 1474 1475
f 1247 1475 1476
f 1247 1476 1477
f 1247 1477 1478
f 1247 1478 1479
f 1247 1479 1480
f 1247 1480 1250
f 1247 1249 1248
f 1247 1473 1474
f 1250 1480 1481
f 1250 1481 1482
f 1250 1482 1483
f 1250 1483 1484
f 1250 1484 1252
f 1250 1252 1251
f 1252 1484 1485
f 1252 1485 1486
f 1252 1486 1257
f 1252 1257 1254
f 1254 1257 1256
f 1254 1256 1255
f 1257 1486 1487
f 1257 1487 1488
f 1257 1488 1260
f 1257 1260 1259
f 1257 1259 1258
f 1260 1488 1489
f 1260 1489 1262
f 1261 1263 1262
f 1261 1262 1490
f 1261 1490 1264
f 1262 1489 1491
f 1262 1491 1490
f 1264 1490 1492
f 1264 1492 1266
f 1265 1266 1493
f 1265 1493 1267
f 1266 1492 1494
f 1266 1494 1495
f 1266 1495 1493
f 1267 1493 1495
f 1267 1495 1268
f 1268 1495 1496
f 1268 1496 1497
f 1268 1497 1269
f 1269 1497 1498
f 1269 1498 1270
f 1270 1498 1497
f 1270 1497 1499
f 1270 1499 1500
f 1270 1500 1501
f 1270 1501 1273
f 1273 1501 1274
f 1274 1501 1500
f 1274 1500 1502
f 1274 1502 1503
f 1274 1503 1275
f 1275 1503 1276
f 1276 1280 1277
f 1276 1503 1504
f 1276 1504 1505
f 1276 1505 1278
f 1278 1285 1279
f 1278 1505 1290
f 1278 1290 1285
f 1281 1306 1282
f 1282 1306 1506
f 1282 1506 1308
f 1282 1308 1307
f 1282 1307 1283
f 1285 1290 1288
f 1285 1288 1287
f 1288 1290 1289
f 1290 1505 1504
f 1290 1504 1291
f 1291 1504 1507
f 1291 1507 1292
f 1292 1507 1293
f 1293 1508 1509
f 1293 1509 1510
f 1293 1510 1511
f 1293 1511 1512
f 1293 1512 1295
f 1293 1295 1294
f 1293 1507 1508
f 1295 1512 1513
f 1295 1513 1296
f 1296 1513 1514
f 1296 1514 1297
f 1297 1514 1515
f 1297 1515 1298
f 1298 1515 1516
f 1298 1516 1517
f 1298 1517 1299
f 1299 1517 1518
f 1299 1518 1301
f 1300 1304 1519
f 1300 1519 1520
f 1300 1520 1305
f 1301 1518 1521
f 1301 1521 1302
f 1302 1521 1523
f 1302 1523 1303
f 1303 1522 1304
f 1303 1523 1524
f 1303 1524 1525
f 1303 1525 1522
f 1304 1522 1519
f 1305 1520 1526
f 1305 1526 1306
f 1306 1526 1506
f 1308 1506 1312
f 1308 1312 1310
f 1311 1313 1527
f 1311 1527 1528
f 1311 1528 1314
f 1312 1527 1313
f 1312 1506 1529
f 1312 1529 1527
f 1314 1528 1530
f 1314 1530 1315
f 1315 1530 1531
f 1315 1531 1321
f 1315 1321 1532
f 1315 1532 1318
f 1315 1318 1316
f 1318 1532 1320
f 1318 1320 1319
f 1320 1532 1321
f 1321 1531 1533
f 1321 1533 1534
f 1321 1534 1535
f 1321 1535 1322
f 1322 1535 1536
f 1322 1536 1522
f 1322 1522 1537
f 1322 1537 1538
f 1322 1538 1323
f 1323 1538 1324
f 1324 1538 1539
f 1324 1539 1325
f 1325 1539 1540
f 1325 1540 1541
f 1325 1541 1542
f 1325 1542 1543
f 1325 1543 1544
f 1325 1544 1326
f 1326 1545 1327
f 1326 1544 1726
f 1326 1726 1545
f 1327 1545 1328
f 1328 1545 1546
f 1329 1546 1548
f 1329 1548 1348
f 1329 1348 1331
f 1329 1331 1330
f 1331 1348 1332
f 1332 1348 1347
f 1332 1347 1344
f 1332 1344 1343
f 1332 1343 1547
f 1332 1547 1333
f 1333 1547 1334
f 1334 1547 1338
f 1334 1338 1337
f 1334 1337 1335
f 1338 1547 1339
f 1339 1547 1340
f 1340 1547 1343
f 1340 1343 1342
f 1344 1347 1345
f 1348 1548 1549
f 1348 1549 1349
f 1349 1549 1550
f 1349 1550 1350
f 1350 1550 1351
f 1351 1550 1551
f 1351 1551 1552
f 1351 1552 1352
f 1352 1552 1733
f 1352 1733 1553
f 1352 1553 1554
f 1352 1554 1555
f 1353 1555 1354
f 1354 1555 1737
f 1354 1737 1556
f 1354 1556 1557
f 1354 1557 1355
f 1355 1557 1356
f 1356 1557 1558
f 1356 1558 1357
f 1357 1558 1372
f 1357 1372 1371
f 1357 1371 1358
f 1358 1371 1369
f 1358 1361 1359
f 1359 1361 1360
f 1362 1366 1363
f 1363 1366 1364
f 1369 1371 1370
f 1372 1558 1559
f 1372 1559 1373
f 1373 1560 1561
f 1373 1561 1374
f 1373 1559 1560
f 1374 1561 1376
f 1375 1379 1562
f 1375 1562 1563
f 1375 1563 1380
f 1376 1561 1564
f 1376 1564 1565
f 1376 1565 1377
f 1377 1565 1750
f 1377 1750 1566
f 1377 1566 1378
f 1378 1566 1567
f 1378 1567 1568
f 1378 1568 1569
f 1378 1569 1379
f 1379 1569 1562
f 1380 1563 1383
f 1380 1383 1381
f 1383 1563 1384
f 1384 1570 1571
f 1384 1571 1386
f 1384 1386 1385
f 1384 1563 1570
f 1386 1571 1392
f 1387 1392 1572
f 1387 1572 1573
f 1387 1573 1574
f 1387 1574 1575
f 1387 1575 1576
f 1387 1576 1388
f 1388 1576 1575
f 1388 1575 1577
f 1388 1577 1578
f 1388 1578 1579
f 1388 1579 1389
f 1389 1579 1398
f 1389 1398 1390
f 1392 1580 1572
f 1392 1571 1581
f 1392 1581 1580
f 1394 1400 1582
f 1394 1582 1583
f 1394 1583 1395
f 1395 1583 1396
f 1396 1583 1584
f 1396 1584 1585
f 1396 1585 1586
f 1396 1586 1397
f 1397 1587 1410
f 1397 1586 1587
f 1398 1579 1588
f 1398 1588 1589
f 1398 1589 1590
f 1398 1590 1591
f 1398 1591 1592
f 1398 1592 1593
f 1398 1593 1399
f 1399 1593 1594
f 1399 1594 1595
f 1399 1595 1400
f 1400 1595 1582
f 1401 1411 1604
f 1401 1604 1596
f 1401 1596 1402
f 1402 1596 1597
f 1402 1597 1403
f 1403 1597 1404
f 1404 1597 1598
f 1404 1598 1405
f 1405 1598 1599
f 1410 1587 1585
f 1410 1585 1600
f 1410 1600 1601
f 1410 1601 1602
f 1410 1602 1411
f 1411 1602 1603
f 1411 1603 1604
f 1412 1605 1606
f 1412 1606 1413
f 1414 1607 1608
f 1414 1608 1415
f 1415 1608 1609
f 1415 1609 1610
f 1415 1610 1416
f 1416 1610 1418
f 1416 1418 1417
f 1418 1610 1611
f 1418 1611 1612
f 1418 1612 1613
f 1418 1613 1420
f 1418 1420 1419
f 1420 1613 1612
f 1420 1612 1614
f 1420 1614 1615
f 1420 1615 1421
f 1421 1615 1423
f 1423 1615 1616
f 1423 1616 1617
f 1423 1617 1425
f 1423 1425 1424
f 1425 1618 1426
f 1425 1617 1619
f 1426 1618 1620
f 1426 1620 1427
f 1427 1620 1810
f 1427 1810 1621
f 1427 1621 1428
f 1428 1621 1622
f 1428 1622 1624
f 1428 1624 1623
f 1428 1623 1429
f 1429 1623 1430
f 1430 1623 1624
f 1430 1624 1625
f 1430 1625 1626
f 1430 1626 1431
f 1431 1626 1432
f 1432 1626 1627
f 1432 1627 1628
f 1432 1628 1433
f 1433 1628 1821
f 1433 1821 1629
f 1433 1629 1435
f 1433 1435 1434
f 1435 1629 1630
f 1435 1630 1436
f 1436 1630 1631
f 1436 1631 1632
f 1436 1632 1633
f 1436 1633 1437
f 1437 1633 1438
f 1438 1633 1439
f 1439 1633 1632
f 1439 1632 1634
f 1439 1634 1447
f 1439 1447 1440
f 1441 1445 1471
f 1441 1471 1442
f 1442 1471 1469
f 1443 1446 1635
f 1443 1635 1636
f 1443 1636 1637
f 1443 1637 1445
f 1443 1445 1444
f 1445 1636 1471
f 1445 1637 1636
f 1446 1468 1479
f 1446 1479 1478
f 1446 1478 1477
f 1446 1477 1476
f 1446 1476 1638
f 1446 1638 1635
f 1447 1639 1448
f 1447 1634 1640
f 1447 1640 1829
f 1447 1829 1639
f 1448 1639 1829
f 1448 1829 1641
f 1448 1641 1642
f 1448 1642 1449
f 1449 1642 1450
f 1450 1642 1643
f 1450 1643 1451
f 1451 1643 1644
f 1451 1644 1645
f 1451 1645 1646
f 1451 1646 1647
f 1451 1647 1452
f 1452 1647 1453
f 1453 1647 1648
f 1453 1648 1454
f 1454 1648 1649
f 1454 1649 1455
f 1455 1650 1457
f 1455 1457 1456
f 1455 1649 1651
f 1455 1651 1652
f 1455 1652 1653
f 1455 1653 1650
f 1457 1650 1461
f 1458 1460 1459
f 1461 1650 1462
f 1462 1650 1654
f 1462 1654 1463
f 1463 1655 1464
f 1463 1654 1656
f 1463 1656 1657
f 1463 1657 1658
f 1463 1658 1659
f 1463 1659 1660
f 1463 1660 1661
f 1463 1661 1655
f 1464 1655 1662
f 1464 1662 1465
f 1465 1663 1482
f 1465 1482 1466
f 1465 1662 1663
f 1466 1482 1481
f 1466 1481 1664
f 1466 1664 1467
f 1467 1664 1468
f 1468 1664 1479
f 1469 1471 1470
f 1471 1636 1472
f 1472 1636 1638
f 1472 1638 1473
f 1473 1638 1475
f 1473 1475 1474
f 1475 1638 1476
f 1479 1664 1480
f 1480 1664 1481
f 1482 1663 1665
f 1482 1665 1666
f 1482 1666 1667
f 1482 1667 1668
f 1482 1668 1483
f 1483 1486 1485
f 1483 1485 1484
f 1483 1668 1669
f 1483 1669 1488
f 1483 1488 1486
f 1486 1488 1487
f 1488 1669 1668
f 1488 1668 1670
f 1488 1670 1489
f 1489 1670 1668
f 1489 1668 1671
f 1489 1671 1672
f 1489 1672 1673
f 1489 1673 1674
f 1489 1674 1491
f 1490 1491 1675
f 1490 1675 1674
f 1490 1674 1676
f 1490 1676 1492
f 1491 1674 1675
f 1492 1677 1494
f 1492 1676 1678
f 1492 1678 1679
f 1492 1679 1677
f 1494 1677 1680
f 1494 1680 1495
f 1495 1680 1496
f 1496 1680 1681
f 1496 1681 1682
f 1496 1682 1683
f 1496 1683 1497
f 1497 1684 1499
f 1497 1683 1685
f 1497 1685 1684
f 1499 1684 1500
f 1500 1684 1502
f 1502 1507 1503
f 1502 1684 1686
f 1502 1686 1507
f 1503 1507 1504
f 1506 1526 1529
f 1507 1686 1509
f 1507 1509 1508
f 1509 1686 1687
f 1509 1687 1510
f 1510 1687 1686
f 1510 1686 1688
f 1510 1688 1685
f 1510 1685 1689
f 1510 1689 1690
f 1510 1690 1691
f 1510 1691 1692
f 1510 1692 1693
f 1510 1693 1511
f 1511 1513 1512
f 1511 1693 1513
f 1513 1693 1514
f 1514 1694 1515
f 1514 1693 1695
f 1514 1695 1694
f 1515 1694 1696
f 1515 1696 1697
f 1515 1697 1516
f 1516 1697 1517
f 1517 1698 1518
f 1517 1697 1699
f 1517 1699 1700
f 1517 1700 1698
f 1518 1698 1701
f 1518 1701 1702
f 1518 1702 1521
f 1519 1536 1703
f 1519 1703 1704
f 1519 1704 1520
f 1519 1522 1536
f 1520 1704 1705
f 1520 1705 1706
f 1520 1706 1526
f 1521 1702 1708
f 1521 1708 1523
f 1522 1525 1707
f 1522 1707 1713
f 1522 1713 1537
f 1523 1708 1524
f 1524 1708 1709
f 1524 1709 1710
f 1524 1710 1707
f 1524 1707 1525
f 1526 1706 1529
f 1527 1529 1711
f 1527 1711 1712
f 1527 1712 1528
f 1528 1712 1530
f 1529 1706 1711
f 1530 1712 1531
f 1531 1712 1533
f 1533 1712 1534
f 1534 1704 1535
f 1534 1712 1705
f 1534 1705 1704
f 1535 1704 1703
f 1535 1703 1536
f 1537 1713 1538
f 1538 1713 1714
f 1538 1714 1539
f 1539 1715 1540
f 1539 1714 1716
f 1539 1716 1709
f 1539 1709 1717
f 1539 1717 1718
f 1539 1718 1719
f 1539 1719 1715
f 1540 1715 1541
f 1541 1715 1542
f 1542 1720 1721
f 1542 1721 1722
f 1542 1722 1543
f 1542 1715 1723
f 1542 1723 1724
f 1542 1724 1720
f 1543 1725 1726
f 1543 1726 1544
f 1543 1722 1725
f 1545 1726 1727
f 1545 1727 1546
f 1546 1727 1728
f 1546 1728 1548
f 1548 1728 1549
f 1549 1728 1550
f 1550 1728 1551
f 1551 1728 1729
f 1551 1729 1730
f 1551 1730 1731
f 1551 1731 1897
f 1551 1897 1732
f 1551 1732 1733
f 1551 1733 1552
f 1553 1733 1734
f 1553 1734 1735
f 1553 1735 1736
f 1553 1736 1554
f 1554 1736 1555
f 1555 1736 1737
f 1556 1737 1738
f 1556 1738 1557
f 1557 1739 1740
f 1557 1740 1558
f 1557 1738 1741
f 1557 1741 1739
f 1558 1740 1742
f 1558 1742 1559
f 1559 1742 1743
f 1559 1743 1744
f 1559 1744 1561
f 1559 1561 1560
f 1561 1744 1564
f 1562 1569 1745
f 1562 1745 1563
f 1563 1745 1746
f 1563 1746 1570
f 1564 1744 1565
f 1565 1747 1748
f 1565 1748 1749
f 1565 1749 1750
f 1565 1744 1747
f 1566 1750 1567
f 1567 1751 1752
f 1567 1752 1568
f 1567 1750 1751
f 1568 1752 1753
f 1568 1753 1754
f 1568 1754 1755
f 1568 1755 1756
f 1568 1756 1757
f 1568 1757 1569
f 1569 1757 1758
f 1569 1758 1745
f 1570 1746 1571
f 1571 1746 1581
f 1572 1759 1760
f 1572 1760 1761
f 1572 1761 1573
f 1572 1580 1581
f 1572 1581 1758
f 1572 1758 1762
f 1572 1762 1759
f 1573 1761 1763
f 1573 1763 1575
f 1573 1575 1574
f 1575 1763 1764
f 1575 1764 1577
f 1577 1764 1765
f 1577 1765 1766
f 1577 1766 1578
f 1578 1766 1767
f 1578 1767 1768
f 1578 1768 1769
f 1578 1769 1770
f 1578 1770 1771
f 1578 1771 1588
f 1578 1588 1579
f 1581 1746 1745
f 1581 1745 1758
f 1582 1595 1583
f 1583 1595 1772
f 1583 1772 1584
f 1584 1772 1585
f 1585 1772 1600
f 1585 1587 1586
f 1588 1771 1589
f 1589 1771 1590
f 1590 1771 1773
f 1590 1773 1770
f 1590 1770 1591
f 1591 1770 1774
f 1591 1774 1775
f 1591 1775 1776
f 1591 1776 1777
f 1591 1777 1778
f 1591 1778 1779
f 1591 1779 1592
f 1592 1779 1778
f 1592 1778 1780
f 1592 1780 1781
f 1592 1781 1782
f 1592 1782 1593
f 1593 1782 1783
f 1593 1783 1594
f 1594 1783 1595
f 1595 1783 1772
f 1596 1604 1784
f 1596 1784 1785
f 1596 1785 1597
f 1597 1785 1598
f 1598 1785 1786
f 1598 1786 1599
f 1599 1786 1787
f 1600 1772 1788
f 1600 1788 1789
f 1600 1789 1790
f 1600 1790 1601
f 1601 1790 1602
f 1602 1790 1791
f 1602 1791 1792
f 1602 1792 1793
f 1602 1793 1794
f 1602 1794 1603
f 1603 1794 1793
f 1603 1793 1795
f 1603 1795 1796
f 1603 1796 1797
f 1603 1797 1798
f 1603 1798 1604
f 1604 1798 1784
f 1605 1799 1606
f 1606 1799 1800
f 1607 1801 1608
f 1608 1801 1609
f 1609 1801 1802
f 1609 1802 1803
f 1609 1803 1610
f 1610 1803 1804
f 1610 1804 1805
f 1610 1805 1612
f 1610 1612 1806
f 1610 1806 1611
f 1611 1806 1612
f 1612 1805 1807
f 1612 1807 1614
f 1614 1807 1808
f 1614 1808 1616
f 1614 1616 1615
f 1616 1808 1619
f 1616 1619 1617
f 1618 1809 1810
f 1618 1810 1620
f 1619 1808 1811
f 1621 1810 1812
f 1621 1812 1813
f 1621 1813 1814
f 1621 1814 1622
f 1622 1814 1624
f 1624 1814 1815
f 1624 1815 1816
f 1624 1816 1625
f 1625 1816 1817
f 1625 1817 1626
f 1626 1817 1818
f 1626 1818 1819
f 1626 1819 1820
f 1626 1820 1627
f 1627 1820 1821
f 1627 1821 1628
f 1629 1821 1977
f 1629 1977 1822
f 1629 1822 1630
f 1630 1822 1823
f 1630 1823 1824
f 1630 1824 1631
f 1631 1824 1825
f 1631 1825 1632
f 1632 1825 1826
f 1632 1826 1827
f 1632 1827 1828
f 1632 1828 1634
f 1634 1828 1829
f 1634 1829 1640
f 1635 1638 1636
f 1641 1829 1830
f 1641 1830 1642
f 1642 1830 1831
f 1642 1831 1643
f 1643 1831 1832
f 1643 1832 1644
f 1644 1832 1833
f 1644 1833 1834
f 1644 1834 1835
f 1644 1835 1645
f 1645 1835 1647
f 1645 1647 1646
f 1647 1835 1648
f 1648 1835 1834
f 1648 1834 1836
f 1648 1836 1837
f 1648 1837 1651
f 1648 1651 1649
f 1650 1653 1838
f 1650 1838 1656
f 1650 1656 1654
f 1651 1837 1839
f 1651 1839 1840
f 1651 1840 1652
f 1652 1841 1653
f 1652 1840 1842
f 1652 1842 1843
f 1652 1843 1841
f 1653 1841 1656
f 1653 1656 1838
f 1655 1661 1662
f 1656 1841 1844
f 1656 1844 1845
f 1656 1845 1657
f 1657 1845 1658
f 1658 1660 1659
f 1658 1845 1846
f 1658 1846 1847
f 1658 1847 1848
f 1658 1848 1660
f 1660 1848 1661
f 1661 1665 1662
f 1661 1848 1849
f 1661 1849 1850
f 1661 1850 1851
f 1661 1851 1665
f 1662 1665 1663
f 1665 1851 1666
f 1666 1672 1671
f 1666 1671 1668
f 1666 1668 1667
f 1666 1851 1672
f 1672 1852 1673
f 1672 1851 1853
f 1672 1853 1854
f 1672 1854 1852
f 1673 1852 1676
f 1673 1676 1674
f 1676 1852 1856
f 1676 1856 1678
f 1677 1679 1855
f 1677 1855 1680
f 1678 1856 1679
f 1679 1856 1857
f 1679 1857 1855
f 1680 1855 1858
f 1680 1858 1859
f 1680 1859 1860
f 1680 1860 1681
f 1681 1860 1861
f 1681 1861 1682
f 1682 1685 1683
f 1682 1861 1689
f 1682 1689 1685
f 1684 1685 1688
f 1684 1688 1686
f 1689 1861 1690
f 1690 1862 1863
f 1690 1863 1864
f 1690 1864 1691
f 1690 1861 1862
f 1691 1864 1692
f 1692 1864 1863
f 1692 1863 1865
f 1692 1865 1866
f 1692 1866 1693
f 1693 1866 1867
f 1693 1867 1695
f 1694 1868 1696
f 1694 1695 1868
f 1695 1867 1869
f 1695 1869 1870
f 1695 1870 1871
f 1695 1871 1872
f 1695 1872 1873
f 1695 1873 1874
f 1695 1874 1868
f 1696 1868 1699
f 1696 1699 1697
f 1698 1700 1701
f 1699 1875 1700
f 1699 1868 1876
f 1699 1876 1877
f 1699 1877 1878
f 1699 1878 1875
f 1700 1875 1701
f 1701 1875 1879
f 1701 1879 1709
f 1701 1709 1708
f 1701 1708 1702
f 1705 1712 1711
f 1705 1711 1706
f 1707 1710 1713
f 1709 1880 1881
f 1709 1881 1882
f 1709 1882 1883
f 1709 1883 1884
f 1709 1884 1718
f 1709 1718 1885
f 1709 1885 1717
f 1709 1716 1710
f 1709 1879 1886
f 1709 1886 1887
f 1709 1887 1888
f 1709 1888 1880
f 1710 1716 1714
f 1710 1714 1713
f 1715 1719 1889
f 1715 1889 1890
f 1715 1890 1891
f 1715 1891 1892
f 1715 1892 1723
f 1717 1885 1718
f 1718 1884 1893
f 1718 1893 1894
f 1718 1894 1889
f 1718 1889 1719
f 1720 1724 1721
f 1721 1724 1895
f 1721 1895 1896
f 1721 1896 1897
f 1721 1897 1731
f 1721 1731 1730
f 1721 1730 1722
f 1722 1730 1729
f 1722 1729 1725
f 1723 1892 1724
f 1724 1892 1898
f 1724 1898 1895
f 1725 1729 1728
f 1725 1728 1727
f 1725 1727 1726
f 1732 1897 1734
f 1732 1734 1733
f 1734 1896 1895
f 1734 1895 1899
f 1734 1899 1735
f 1734 1897 1896
f 1735 1738 1736
f 1735 1899 1900
f 1735 1900 1901
f 1735 1901 1738
f 1736 1738 1737
f 1738 1901 1741
f 1739 1741 1902
f 1739 1902 1903
f 1739 1903 1740
f 1740 1903 1904
f 1740 1904 1905
f 1740 1905 1906
f 1740 1906 1742
f 1741 1901 1902
f 1742 1906 1743
f 1743 1906 1744
f 1744 1906 1747
f 1747 1905 1748
f 1747 1906 1905
f 1748 1905 1907
f 1748 1907 1908
f 1748 1908 1749
f 1749 1908 1751
f 1749 1751 1750
f 1751 1908 1909
f 1751 1909 1752
f 1752 1910 1753
f 1752 1909 1910
f 1753 1910 1911
f 1753 1911 1912
f 1753 1912 1913
f 1753 1913 1914
f 1753 1914 1754
f 1754 1914 1755
f 1755 1914 1915
f 1755 1915 1916
f 1755 1916 1917
f 1755 1917 1757
f 1755 1757 1756
f 1757 1917 1762
f 1757 1762 1758
f 1759 1762 1917
f 1759 1917 1916
f 1759 1916 1918
f 1759 1918 1919
f 1759 1919 1920
f 1759 1920 1921
f 1759 1921 1922
f 1759 1922 1760
f 1760 1922 1923
f 1760 1923 1761
f 1761 1923 1924
f 1761 1924 1925
f 1761 1925 1765
f 1761 1765 1763
f 1763 1765 1764
f 1765 1925 1926
f 1765 1926 1927
f 1765 1927 1928
f 1765 1928 1767
f 1765 1767 1766
f 1767 1928 1929
f 1767 1929 1770
f 1767 1770 1769
f 1767 1769 1768
f 1770 1773 1771
f 1770 1929 1930
f 1770 1930 1931
f 1770 1931 1775
f 1770 1775 1774
f 1772 1783 1932
f 1772 1932 1788
f 1775 1931 1930
f 1775 1930 2079
f 1775 2079 2206
f 1775 2206 2323
f 1775 2323 2443
f 1775 2443 2437
f 1775 2437 2441
f 1775 2441 2442
f 1775 2442 2572
f 1775 2572 2665
f 1775 2665 2570
f 1775 2570 2663
f 1775 2663 2733
f 1775 2733 2732
f 1775 2732 2777
f 1775 2777 2776
f 1775 2776 2807
f 1775 2807 2772
f 1775 2772 2806
f 1775 2806 2805
f 1775 2805 2814
f 1775 2814 2813
f 1775 2813 2816
f 1775 2816 2815
f 1775 2815 2809
f 1775 2809 2799
f 1775 2799 2763
f 1775 2763 2708
f 1775 2708 2638
f 1775 2638 2541
f 1775 2541 2637
f 1775 2637 2539
f 1775 2539 2636
f 1775 2636 2635
f 1775 2635 2703
f 1775 2703 2702
f 1775 2702 2701
f 1775 2701 2700
f 1775 2700 2624
f 1775 2624 2623
f 1775 2623 2622
f 1775 2622 2621
f 1775 2621 2520
f 1775 2520 2519
f 1775 2519 2516
f 1775 2516 2515
f 1775 2515 2512
f 1775 2512 2373
f 1775 2373 2509
f 1775 2509 2620
f 1775 2620 2699
f 1775 2699 2618
f 1775 2618 2506
f 1775 2506 2505
f 1775 2505 2503
f 1775 2503 2617
f 1775 2617 2615
f 1775 2615 2698
f 1775 2698 2613
f 1775 2613 2697
f 1775 2697 2761
f 1775 2761 2797
f 1775 2797 2794
f 1775 2794 2758
f 1775 2758 2757
f 1775 2757 2793
f 1775 2793 2789
f 1775 2789 2751
f 1775 2751 2788
f 1775 2788 2786
f 1775 2786 2808
f 1775 2808 2784
f 1775 2784 2783
f 1775 2783 2782
f 1775 2782 2781
f 1775 2781 2778
f 1775 2778 2734
f 1775 2734 2666
f 1775 2666 2573
f 1775 2573 2444
f 1775 2444 2324
f 1775 2324 2207
f 1775 2207 2088
f 1775 2088 2085
f 1775 2085 2084
f 1775 2084 1954
f 1775 1954 1953
f 1775 1953 1952
f 1775 1952 1951
f 1775 1951 1949
f 1775 1949 1796
f 1775 1796 1795
f 1775 1795 1948
f 1775 1948 1947
f 1775 1947 1945
f 1775 1945 1944
f 1775 1944 1943
f 1775 1943 1942
f 1775 1942 2090
f 1775 2090 2082
f 1775 2082 2081
f 1775 2081 2080
f 1775 2080 1934
f 1775 1934 1780
f 1775 1780 1778
f 1775 1778 1777
f 1775 1777 1933
f 1775 1933 1776
f 1776 1933 1777
f 1780 1934 1781
f 1781 1935 1936
f 1781 1936 1783
f 1781 1783 1782
f 1781 1934 1935
f 1783 1936 1937
f 1783 1937 1932
f 1784 1798 1785
f 1785 1798 1938
f 1785 1938 1786
f 1786 1938 1939
f 1786 1939 2087
f 1786 2087 1940
f 1786 1940 1787
f 1788 1932 1937
f 1788 1937 1941
f 1788 1941 1789
f 1789 1941 1942
f 1789 1942 1943
f 1789 1943 1944
f 1789 1944 1790
f 1790 1944 1945
f 1790 1945 1791
f 1791 1946 1793
f 1791 1793 1792
f 1791 1945 1947
f 1791 1947 1948
f 1791 1948 1795
f 1791 1795 1946
f 1793 1946 1795
f 1796 1949 1798
f 1796 1798 1950
f 1796 1950 1797
f 1797 1950 1798
f 1798 1949 1951
f 1798 1951 1952
f 1798 1952 1953
f 1798 1953 1954
f 1798 1954 1955
f 1798 1955 1938
f 1799 1956 1957
f 1799 1957 1800
f 1801 1958 1959
f 1801 1959 1802
f 1801 1960 1958
f 1802 1959 1808
f 1802 1808 1803
f 1803 1808 1804
f 1804 1808 1805
f 1805 1808 1807
f 1808 1959 1960
f 1808 1960 1811
f 1809 1961 1810
f 1810 1961 1962
f 1810 1962 1812
f 1812 1962 2093
f 1812 2093 1963
f 1812 1963 1964
f 1812 1964 1813
f 1813 1964 1965
f 1813 1965 1966
f 1813 1966 1814
f 1814 1967 1968
f 1814 1968 1969
f 1814 1969 1815
f 1814 1966 1967
f 1815 1969 1968
f 1815 1968 1816
f 1816 1818 1817
f 1816 1968 1970
f 1816 1970 1971
f 1816 1971 1818
f 1818 1972 1819
f 1818 1971 1973
f 1818 1973 1972
f 1819 1972 1974
f 1819 1974 1975
f 1819 1975 1976
f 1819 1976 1820
f 1820 1976 1821
f 1821 1976 1975
f 1821 1975 1977
f 1822 1977 1978
f 1822 1978 1979
f 1822 1979 1980
f 1822 1980 1981
f 1822 1981 1823
f 1823 1981 1824
f 1824 1981 1825
f 1825 1981 1982
f 1825 1982 1983
f 1825 1983 1827
f 1825 1827 1826
f 1827 1983 1828
f 1828 1983 1984
f 1828 1984 1829
f 1829 1984 1985
f 1829 1985 1830
f 1830 1985 1986
f 1830 1986 1831
f 1831 1986 2113
f 1831 2113 1987
f 1831 1987 1988
f 1831 1988 1832
f 1832 1988 1989
f 1832 1989 1990
f 1832 1990 1833
f 1833 1990 1991
f 1833 1991 1834
f 1834 1991 1992
f 1834 1992 1836
f 1836 1992 1837
f 1837 1992 1993
f 1837 1993 1994
f 1837 1994 1995
f 1837 1995 1839
f 1839 1995 1996
f 1839 1996 1997
f 1839 1997 1842
f 1839 1842 1840
f 1841 1843 1998
f 1841 1998 1844
f 1842 1997 1999
f 1842 1999 2000
f 1842 2000 1843
f 1843 2000 2001
f 1843 2001 1998
f 1844 1998 2002
f 1844 2002 2003
f 1844 2003 2004
f 1844 2004 2005
f 1844 2005 1845
f 1845 2005 1846
f 1846 2005 2006
f 1846 2006 2007
f 1846 2007 2008
f 1846 2008 1847
f 1847 2008 1849
f 1847 1849 1848
f 1849 2008 2009
f 1849 2009 2010
f 1849 2010 1850
f 1850 2010 2011
f 1850 2011 1853
f 1850 1853 1851
f 1852 1854 2012
f 1852 2012 2013
f 1852 2013 2014
f 1852 2014 1856
f 1853 2011 2015
f 1853 2015 1854
f 1854 2015 2016
f 1854 2016 2017
f 1854 2017 2018
f 1854 2018 2012
f 1855 1857 2019
f 1855 2019 1859
f 1855 1859 1858
f 1856 2014 2020
f 1856 2020 1857
f 1857 2020 2019
f 1859 2019 2021
f 1859 2021 2022
f 1859 2022 1860
f 1860 2022 1862
f 1860 1862 1861
f 1862 2022 2023
f 1862 2023 2024
f 1862 2024 1863
f 1863 2024 1865
f 1865 2025 1866
f 1865 2024 2026
f 1865 2026 2027
f 1865 2027 2028
f 1865 2028 2025
f 1866 2025 1867
f 1867 2025 1869
f 1868 1874 1873
f 1868 1873 1876
f 1869 2025 2029
f 1869 2029 1870
f 1870 2030 1871
f 1870 2029 2031
f 1870 2031 2030
f 1871 2030 1872
f 1872 1878 1877
f 1872 1877 1876
f 1872 1876 1873
f 1872 2030 1878
f 1875 1886 1879
f 1875 1878 2032
f 1875 2032 1886
f 1878 2030 2033
f 1878 2033 2032
f 1880 1888 2034
f 1880 2034 1881
f 1881 2034 2035
f 1881 2035 2036
f 1881 2036 2037
f 1881 2037 1883
f 1881 1883 1882
f 1883 2038 1884
f 1883 2037 2038
f 1884 2038 2039
f 1884 2039 1893
f 1886 2032 2040
f 1886 2040 1887
f 1887 2040 2041
f 1887 2041 1888
f 1888 2041 2042
f 1888 2042 2043
f 1888 2043 2034
f 1889 1894 1890
f 1890 1894 1891
f 1891 1894 2044
f 1891 2044 1892
f 1892 2044 2045
f 1892 2045 1898
f 1893 2039 2046
f 1893 2046 1894
f 1894 2046 2044
f 1895 1898 2047
f 1895 2047 1899
f 1898 2045 2048
f 1898 2048 2049
f 1898 2049 2047
f 1899 2047 1900
f 1900 2047 2050
f 1900 2050 2051
f 1900 2051 1901
f 1901 2051 2052
f 1901 2052 1902
f 1902 2052 2053
f 1902 2053 2054
f 1902 2054 1903
f 1903 2054 2055
f 1903 2055 1904
f 1904 2055 2056
f 1904 2056 2057
f 1904 2057 2178
f 1904 2178 2058
f 1904 2058 1905
f 1905 2058 1907
f 1907 2058 2059
f 1907 2059 1908
f 1908 2059 1909
f 1909 2059 2060
f 1909 2060 1910
f 1910 2060 1911
f 1911 2061 2062
f 1911 2062 1912
f 1911 2060 2063
f 1911 2063 2064
f 1911 2064 2061
f 1912 2062 1913
f 1913 2062 2065
f 1913 2065 2066
f 1913 2066 1914
f 1914 2066 1915
f 1915 2066 1919
f 1915 1919 1918
f 1915 1918 1916
f 1919 2067 2068
f 1919 2068 1921
f 1919 1921 1920
f 1919 2066 2067
f 1921 2069 1922
f 1921 2068 2070
f 1921 2070 2071
f 1921 2071 2072
f 1921 2072 2069
f 1922 2069 1923
f 1923 2069 1924
f 1924 2069 1925
f 1925 2069 1926
f 1926 2073 2074
f 1926 2074 2075
f 1926 2075 1927
f 1926 2069 2073
f 1927 2075 1928
f 1928 2075 2076
f 1928 2076 1929
f 1929 2076 2077
f 1929 2077 2078
f 1929 2078 2079
f 1929 2079 1930
f 1934 2080 1935
f 1935 2080 2081
f 1935 2081 1936
f 1936 2081 1937
f 1937 2081 2082
f 1937 2082 2083
f 1937 2083 1941
f 1938 1955 2084
f 1938 2084 2085
f 1938 2085 2086
f 1938 2086 1939
f 1939 2086 2088
f 1939 2088 2087
f 1941 2083 2089
f 1941 2089 1942
f 1942 2089 2090
f 1954 2084 1955
f 1956 2091 1957
f 1956 2092 2091
f 1958 1960 1959
f 1963 2093 2210
f 1963 2210 2094
f 1963 2094 2095
f 1963 2095 1964
f 1964 2095 2096
f 1964 2096 1965
f 1965 2096 2097
f 1965 2097 1966
f 1966 2097 2098
f 1966 2098 1967
f 1967 2098 1970
f 1967 1970 1968
f 1970 2098 1971
f 1971 2098 2099
f 1971 2099 2100
f 1971 2100 1973
f 1972 1973 1974
f 1973 2101 2102
f 1973 2102 1974
f 1973 2100 2218
f 1973 2218 2101
f 1974 2102 1977
f 1974 1977 2103
f 1974 2103 1975
f 1975 2103 1977
f 1977 2102 1978
f 1978 2102 2101
f 1978 2101 2104
f 1978 2104 2105
f 1978 2105 1979
f 1979 2106 1980
f 1979 2105 2107
f 1979 2107 2106
f 1980 2106 2108
f 1980 2108 2109
f 1980 2109 1981
f 1981 2109 1982
f 1982 2109 2110
f 1982 2110 2111
f 1982 2111 1983
f 1983 2111 1984
f 1984 2111 2112
f 1984 2112 2113
f 1984 2113 1985
f 1985 2113 1986
f 1987 2113 1989
f 1987 1989 1988
f 1989 2113 2114
f 1989 2114 2115
f 1989 2115 1990
f 1990 2115 1991
f 1991 2115 2116
f 1991 2116 1993
f 1991 1993 1992
f 1993 1995 1994
f 1993 2116 2117
f 1993 2117 2118
f 1993 2118 1995
f 1995 2118 1996
f 1996 2118 2119
f 1996 2119 1997
f 1997 2119 2120
f 1997 2120 2121
f 1997 2121 1999
f 1998 2001 2122
f 1998 2122 2002
f 1999 2121 2123
f 1999 2123 2124
f 1999 2124 2125
f 1999 2125 2000
f 2000 2125 2001
f 2001 2125 2124
f 2001 2124 2122
f 2002 2122 2124
f 2002 2124 2126
f 2002 2126 2003
f 2003 2126 2004
f 2004 2127 2005
f 2004 2126 2128
f 2004 2128 2127
f 2005 2127 2129
f 2005 2129 2006
f 2006 2129 2130
f 2006 2130 2007
f 2007 2130 2008
f 2008 2130 2131
f 2008 2131 2009
f 2009 2131 2132
f 2009 2132 2010
f 2010 2133 2134
f 2010 2134 2135
f 2010 2135 2136
f 2010 2136 2015
f 2010 2015 2011
f 2010 2132 2137
f 2010 2137 2138
f 2010 2138 2133
f 2012 2139 2013
f 2012 2018 2017
f 2012 2017 2024
f 2012 2024 2139
f 2013 2019 2020
f 2013 2020 2014
f 2013 2139 2024
f 2013 2024 2140
f 2013 2140 2019
f 2015 2136 2141
f 2015 2141 2142
f 2015 2142 2143
f 2015 2143 2144
f 2015 2144 2017
f 2015 2017 2016
f 2017 2144 2145
f 2017 2145 2024
f 2019 2140 2021
f 2021 2140 2023
f 2021 2023 2022
f 2023 2140 2024
f 2024 2145 2146
f 2024 2146 2026
f 2025 2028 2147
f 2025 2147 2031
f 2025 2031 2029
f 2026 2146 2148
f 2026 2148 2027
f 2027 2148 2149
f 2027 2149 2150
f 2027 2150 2028
f 2028 2150 2147
f 2030 2151 2152
f 2030 2152 2033
f 2030 2031 2153
f 2030 2153 2154
f 2030 2154 2151
f 2031 2147 2155
f 2031 2155 2156
f 2031 2156 2154
f 2031 2154 2153
f 2032 2033 2040
f 2033 2152 2040
f 2034 2043 2157
f 2034 2157 2035
f 2035 2157 2158
f 2035 2158 2159
f 2035 2159 2160
f 2035 2160 2036
f 2036 2160 2159
f 2036 2159 2161
f 2036 2161 2162
f 2036 2162 2163
f 2036 2163 2037
f 2037 2163 2039
f 2037 2039 2038
f 2039 2163 2046
f 2040 2152 2041
f 2041 2152 2164
f 2041 2164 2042
f 2042 2164 2043
f 2043 2164 2165
f 2043 2165 2157
f 2044 2046 2045
f 2045 2046 2163
f 2045 2163 2166
f 2045 2166 2167
f 2045 2167 2168
f 2045 2168 2169
f 2045 2169 2170
f 2045 2170 2048
f 2047 2049 2171
f 2047 2171 2050
f 2048 2170 2169
f 2048 2169 2172
f 2048 2172 2173
f 2048 2173 2049
f 2049 2173 2171
f 2050 2174 2051
f 2050 2171 2174
f 2051 2174 2175
f 2051 2175 2052
f 2052 2175 2053
f 2053 2175 2171
f 2053 2171 2176
f 2053 2176 2056
f 2053 2056 2054
f 2054 2056 2055
f 2056 2176 2177
f 2056 2177 2178
f 2056 2178 2057
f 2058 2178 2179
f 2058 2179 2180
f 2058 2180 2059
f 2059 2181 2063
f 2059 2063 2060
f 2059 2180 2181
f 2061 2182 2062
f 2061 2064 2063
f 2061 2063 2183
f 2061 2183 2184
f 2061 2184 2185
f 2061 2185 2182
f 2062 2182 2186
f 2062 2186 2187
f 2062 2187 2188
f 2062 2188 2189
f 2062 2189 2190
f 2062 2190 2191
f 2062 2191 2065
f 2063 2181 2179
f 2063 2179 2183
f 2065 2191 2192
f 2065 2192 2066
f 2066 2192 2067
f 2067 2192 2068
f 2068 2192 2193
f 2068 2193 2194
f 2068 2194 2070
f 2069 2072 2195
f 2069 2195 2073
f 2070 2194 2071
f 2071 2194 2196
f 2071 2196 2197
f 2071 2197 2198
f 2071 2198 2199
f 2071 2199 2072
f 2072 2199 2195
f 2073 2195 2074
f 2074 2200 2075
f 2074 2195 2201
f 2074 2201 2202
f 2074 2202 2200
f 2075 2200 2203
f 2075 2203 2076
f 2076 2203 2077
f 2077 2203 2078
f 2078 2203 2204
f 2078 2204 2205
f 2078 2205 2206
f 2078 2206 2079
f 2082 2090 2089
f 2082 2089 2083
f 2085 2088 2086
f 2087 2088 2207
f 2091 2092 2208
f 2092 2209 2208
f 2094 2210 2211
f 2094 2211 2212
f 2094 2212 2213
f 2094 2213 2095
f 2095 2213 2096
f 2096 2213 2214
f 2096 2214 2215
f 2096 2215 2216
f 2096 2216 2097
f 2097 2216 2099
f 2097 2099 2098
f 2099 2216 2215
f 2099 2215 2217
f 2099 2217 2100
f 2100 2217 2219
f 2100 2219 2218
f 2101 2218 2220
f 2101 2220 2104
f 2104 2220 2221
f 2104 2221 2105
f 2105 2221 2222
f 2105 2222 2107
f 2106 2107 2108
f 2107 2222 2221
f 2107 2221 2223
f 2107 2223 2108
f 2108 2223 2224
f 2108 2224 2110
f 2108 2110 2109
f 2110 2224 2226
f 2110 2226 2111
f 2111 2225 2112
f 2111 2226 2225
f 2112 2114 2227
f 2112 2227 2113
f 2112 2225 2228
f 2112 2228 2114
f 2113 2227 2114
f 2114 2228 2229
f 2114 2229 2116
f 2114 2116 2115
f 2116 2229 2230
f 2116 2230 2118
f 2116 2118 2117
f 2118 2230 2231
f 2118 2231 2119
f 2119 2231 2232
f 2119 2232 2120
f 2120 2232 2233
f 2120 2233 2123
f 2120 2123 2121
f 2123 2233 2234
f 2123 2234 2235
f 2123 2235 2236
f 2123 2236 2237
f 2123 2237 2124
f 2124 2237 2238
f 2124 2238 2239
f 2124 2239 2126
f 2126 2239 2240
f 2126 2240 2128
f 2127 2128 2129
f 2128 2240 2241
f 2128 2241 2242
f 2128 2242 2129
f 2129 2242 2243
f 2129 2243 2244
f 2129 2244 2130
f 2130 2132 2131
f 2130 2244 2245
f 2130 2245 2132
f 2132 2246 2247
f 2132 2247 2248
f 2132 2248 2137
f 2132 2245 2249
f 2132 2249 2250
f 2132 2250 2246
f 2133 2251 2252
f 2133 2252 2134
f 2133 2138 2253
f 2133 2253 2251
f 2134 2252 2135
f 2135 2254 2136
f 2135 2252 2255
f 2135 2255 2254
f 2136 2254 2141
f 2137 2248 2256
f 2137 2256 2138
f 2138 2256 2247
f 2138 2247 2257
f 2138 2257 2258
f 2138 2258 2259
f 2138 2259 2260
f 2138 2260 2253
f 2141 2254 2261
f 2141 2261 2262
f 2141 2262 2263
f 2141 2263 2142
f 2142 2263 2264
f 2142 2264 2143
f 2143 2264 2265
f 2143 2265 2145
f 2143 2145 2144
f 2145 2265 2264
f 2145 2264 2146
f 2146 2264 2148
f 2147 2150 2155
f 2148 2266 2267
f 2148 2267 2268
f 2148 2268 2269
f 2148 2269 2270
f 2148 2270 2149
f 2148 2264 2266
f 2149 2270 2271
f 2149 2271 2272
f 2149 2272 2273
f 2149 2273 2150
f 2150 2273 2155
f 2151 2274 2152
f 2151 2154 2275
f 2151 2275 2274
f 2152 2274 2276
f 2152 2276 2164
f 2154 2156 2275
f 2155 2277 2278
f 2155 2278 2156
f 2155 2273 2279
f 2155 2279 2280
f 2155 2280 2277
f 2156 2281 2275
f 2156 2278 2281
f 2157 2165 2282
f 2157 2282 2158
f 2158 2282 2283
f 2158 2283 2284
f 2158 2284 2285
f 2158 2285 2159
f 2159 2286 2287
f 2159 2287 2161
f 2159 2285 2284
f 2159 2284 2288
f 2159 2288 2289
f 2159 2289 2286
f 2161 2287 2162
f 2162 2167 2166
f 2162 2166 2163
f 2162 2287 2290
f 2162 2290 2291
f 2162 2291 2167
f 2164 2276 2292
f 2164 2292 2293
f 2164 2293 2165
f 2165 2294 2282
f 2165 2293 2294
f 2167 2291 2295
f 2167 2295 2168
f 2168 2295 2169
f 2169 2295 2296
f 2169 2296 2172
f 2171 2173 2297
f 2171 2297 2298
f 2171 2298 2176
f 2171 2175 2174
f 2172 2296 2299
f 2172 2299 2173
f 2173 2299 2297
f 2176 2298 2177
f 2177 2300 2178
f 2177 2298 2297
f 2177 2297 2301
f 2177 2301 2184
f 2177 2184 2300
f 2178 2300 2179
f 2179 2300 2184
f 2179 2184 2183
f 2179 2181 2180
f 2182 2185 2302
f 2182 2302 2303
f 2182 2303 2304
f 2182 2304 2187
f 2182 2187 2186
f 2184 2301 2302
f 2184 2302 2185
f 2187 2304 2303
f 2187 2303 2305
f 2187 2305 2306
f 2187 2306 2307
f 2187 2307 2308
f 2187 2308 2309
f 2187 2309 2310
f 2187 2310 2189
f 2187 2189 2188
f 2189 2310 2311
f 2189 2311 2312
f 2189 2312 2190
f 2190 2312 2313
f 2190 2313 2191
f 2191 2313 2314
f 2191 2314 2193
f 2191 2193 2192
f 2193 2314 2315
f 2193 2315 2194
f 2194 2315 2196
f 2195 2199 2201
f 2196 2315 2197
f 2197 2315 2316
f 2197 2316 2317
f 2197 2317 2318
f 2197 2318 2198
f 2198 2319 2320
f 2198 2320 2199
f 2198 2318 2321
f 2198 2321 2319
f 2199 2320 2201
f 2200 2202 2203
f 2201 2320 2202
f 2202 2204 2203
f 2202 2320 2322
f 2202 2322 2204
f 2204 2322 2205
f 2205 2322 2323
f 2205 2323 2206
f 2208 2209 2325
f 2209 2326 2327
f 2209 2327 2325
f 2211 2328 2329
f 2211 2329 2330
f 2211 2330 2212
f 2212 2330 2329
f 2212 2329 2331
f 2212 2331 2214
f 2212 2214 2213
f 2214 2331 2332
f 2214 2332 2333
f 2214 2333 2215
f 2215 2333 2217
f 2217 2333 2335
f 2217 2335 2219
f 2218 2219 2334
f 2218 2334 2220
f 2219 2335 2336
f 2219 2336 2337
f 2219 2337 2334
f 2220 2334 2221
f 2221 2334 2338
f 2221 2338 2223
f 2223 2338 2339
f 2223 2339 2340
f 2223 2340 2224
f 2224 2340 2341
f 2224 2341 2226
f 2225 2226 2342
f 2225 2342 2343
f 2225 2343 2344
f 2225 2344 2345
f 2225 2345 2229
f 2225 2229 2228
f 2226 2341 2346
f 2226 2346 2347
f 2226 2347 2342
f 2229 2345 2348
f 2229 2348 2349
f 2229 2349 2230
f 2230 2349 2350
f 2230 2350 2231
f 2231 2350 2351
f 2231 2351 2232
f 2232 2351 2352
f 2232 2352 2233
f 2233 2353 2234
f 2233 2352 2353
f 2234 2353 2354
f 2234 2354 2236
f 2234 2236 2235
f 2236 2354 2355
f 2236 2355 2356
f 2236 2356 2357
f 2236 2357 2238
f 2236 2238 2237
f 2238 2357 2239
f 2239 2357 2358
f 2239 2358 2241
f 2239 2241 2240
f 2241 2358 2359
f 2241 2359 2360
f 2241 2360 2361
f 2241 2361 2242
f 2242 2362 2244
f 2242 2244 2243
f 2242 2361 2360
f 2242 2360 2362
f 2244 2362 2245
f 2245 2362 2363
f 2245 2363 2249
f 2246 2250 2364
f 2246 2364 2247
f 2247 2364 2257
f 2247 2256 2365
f 2247 2365 2248
f 2248 2365 2256
f 2249 2363 2366
f 2249 2366 2250
f 2250 2366 2367
f 2250 2367 2364
f 2251 2253 2368
f 2251 2368 2252
f 2252 2369 2370
f 2252 2370 2262
f 2252 2262 2371
f 2252 2371 2255
f 2252 2368 2372
f 2252 2372 2369
f 2253 2260 2368
f 2254 2255 2261
f 2255 2371 2261
f 2257 2364 2373
f 2257 2373 2374
f 2257 2374 2258
f 2258 2374 2375
f 2258 2375 2376
f 2258 2376 2259
f 2259 2377 2378
f 2259 2378 2260
f 2259 2376 2379
f 2259 2379 2380
f 2259 2380 2377
f 2260 2378 2368
f 2261 2371 2262
f 2262 2370 2369
f 2262 2369 2381
f 2262 2381 2263
f 2263 2382 2383
f 2263 2383 2264
f 2263 2381 2384
f 2263 2384 2382
f 2264 2383 2266
f 2266 2383 2385
f 2266 2385 2267
f 2267 2385 2386
f 2267 2386 2387
f 2267 2387 2388
f 2267 2388 2389
f 2267 2389 2390
f 2267 2390 2391
f 2267 2391 2268
f 2268 2391 2392
f 2268 2392 2269
f 2269 2271 2270
f 2269 2392 2393
f 2269 2393 2271
f 2271 2393 2272
f 2272 2393 2394
f 2272 2394 2395
f 2272 2395 2273
f 2273 2395 2279
f 2274 2275 2276
f 2275 2281 2396
f 2275 2396 2276
f 2276 2396 2397
f 2276 2397 2398
f 2276 2398 2292
f 2277 2399 2400
f 2277 2400 2278
f 2277 2280 2401
f 2277 2401 2399
f 2278 2400 2281
f 2279 2395 2280
f 2280 2395 2394
f 2280 2394 2402
f 2280 2402 2403
f 2280 2403 2404
f 2280 2404 2401
f 2281 2397 2396
f 2281 2400 2397
f 2282 2294 2405
f 2282 2405 2283
f 2283 2405 2284
f 2284 2405 2406
f 2284 2406 2407
f 2284 2407 2408
f 2284 2408 2289
f 2284 2289 2288
f 2286 2290 2287
f 2286 2289 2290
f 2289 2409 2410
f 2289 2410 2411
f 2289 2411 2412
f 2289 2412 2290
f 2289 2408 2413
f 2289 2413 2414
f 2289 2414 2409
f 2290 2412 2291
f 2291 2412 2296
f 2291 2296 2295
f 2292 2415 2417
f 2292 2417 2293
f 2292 2398 2400
f 2292 2400 2415
f 2293 2416 2294
f 2293 2417 2418
f 2293 2418 2416
f 2294 2416 2418
f 2294 2418 2419
f 2294 2419 2420
f 2294 2420 2405
f 2296 2412 2421
f 2296 2421 2299
f 2297 2299 2301
f 2299 2421 2422
f 2299 2422 2306
f 2299 2306 2301
f 2301 2306 2423
f 2301 2423 2303
f 2301 2303 2302
f 2303 2423 2306
f 2303 2306 2305
f 2306 2422 2307
f 2307 2424 2425
f 2307 2425 2426
f 2307 2426 2308
f 2307 2422 2424
f 2308 2427 2428
f 2308 2428 2429
f 2308 2429 2309
f 2308 2426 2425
f 2308 2425 2427
f 2309 2429 2430
f 2309 2430 2310
f 2310 2430 2431
f 2310 2431 2432
f 2310 2432 2311
f 2311 2432 2433
f 2311 2433 2312
f 2312 2433 2314
f 2312 2314 2313
f 2314 2433 2315
f 2315 2433 2316
f 2316 2433 2432
f 2316 2432 2434
f 2316 2434 2317
f 2317 2434 2318
f 2318 2434 2435
f 2318 2435 2321
f 2319 2321 2436
f 2319 2436 2320
f 2320 2436 2437
f 2320 2437 2438
f 2320 2438 2439
f 2320 2439 2322
f 2321 2440 2441
f 2321 2441 2437
f 2321 2437 2436
f 2321 2435 2442
f 2321 2442 2440
f 2322 2439 2323
f 2323 2439 2443
f 2324 2444 2445
f 2324 2445 2446
f 2324 2446 2447
f 2324 2447 2448
f 2324 2448 2449
f 2324 2449 2450
f 2324 2450 2451
f 2324 2451 2452
f 2324 2452 2453
f 2324 2453 2454
f 2324 2454 2455
f 2324 2455 2456
f 2324 2456 2457
f 2324 2457 2458
f 2324 2458 2459
f 2324 2459 2460
f 2324 2460 2461
f 2324 2461 2462
f 2324 2462 2463
f 2326 2464 2327
f 2327 2464 2465
f 2327 2465 2466
f 2327 2466 2467
f 2328 2468 2329
f 2329 2468 2469
f 2329 2469 2585
f 2329 2585 2470
f 2329 2470 2471
f 2329 2471 2332
f 2329 2332 2331
f 2332 2471 2472
f 2332 2472 2473
f 2332 2473 2474
f 2332 2474 2333
f 2333 2474 2475
f 2333 2475 2476
f 2333 2476 2335
f 2334 2337 2338
f 2335 2476 2336
f 2336 2476 2337
f 2337 2477 2478
f 2337 2478 2338
f 2337 2476 2479
f 2337 2479 2477
f 2338 2478 2339
f 2339 2478 2340
f 2340 2478 2480
f 2340 2480 2481
f 2340 2481 2482
f 2340 2482 2483
f 2340 2483 2341
f 2341 2483 2346
f 2342 2347 2343
f 2343 2347 2346
f 2343 2346 2484
f 2343 2484 2344
f 2344 2484 2485
f 2344 2485 2486
f 2344 2486 2345
f 2345 2486 2348
f 2346 2483 2487
f 2346 2487 2488
f 2346 2488 2489
f 2346 2489 2490
f 2346 2490 2491
f 2346 2491 2484
f 2348 2486 2492
f 2348 2492 2349
f 2349 2492 2350
f 2350 2492 2493
f 2350 2493 2494
f 2350 2494 2351
f 2351 2494 2495
f 2351 2495 2496
f 2351 2496 2352
f 2352 2496 2497
f 2352 2497 2498
f 2352 2498 2353
f 2353 2498 2499
f 2353 2499 2354
f 2354 2500 2355
f 2354 2499 2500
f 2355 2500 2501
f 2355 2501 2502
f 2355 2502 2356
f 2356 2502 2503
f 2356 2503 2358
f 2356 2358 2357
f 2358 2503 2504
f 2358 2504 2359
f 2359 2504 2505
f 2359 2505 2360
f 2360 2505 2506
f 2360 2506 2362
f 2362 2366 2363
f 2362 2506 2366
f 2364 2367 2507
f 2364 2507 2508
f 2364 2508 2509
f 2364 2509 2373
f 2366 2506 2510
f 2366 2510 2507
f 2366 2507 2367
f 2368 2378 2372
f 2369 2372 2386
f 2369 2386 2384
f 2369 2384 2381
f 2372 2378 2511
f 2372 2511 2386
f 2373 2512 2513
f 2373 2513 2375
f 2373 2375 2374
f 2375 2513 2514
f 2375 2514 2515
f 2375 2515 2516
f 2375 2516 2376
f 2376 2516 2379
f 2377 2380 2378
f 2378 2517 2518
f 2378 2518 2511
f 2378 2380 2517
f 2379 2516 2519
f 2379 2519 2520
f 2379 2520 2380
f 2380 2520 2518
f 2380 2518 2517
f 2382 2384 2521
f 2382 2521 2383
f 2383 2521 2386
f 2383 2386 2385
f 2384 2386 2521
f 2386 2511 2522
f 2386 2522 2523
f 2386 2523 2388
f 2386 2388 2387
f 2388 2523 2524
f 2388 2524 2525
f 2388 2525 2526
f 2388 2526 2390
f 2388 2390 2389
f 2390 2526 2527
f 2390 2527 2391
f 2391 2527 2392
f 2392 2527 2528
f 2392 2528 2529
f 2392 2529 2530
f 2392 2530 2393
f 2393 2530 2394
f 2394 2530 2402
f 2397 2400 2398
f 2399 2401 2400
f 2400 2531 2532
f 2400 2532 2533
f 2400 2533 2415
f 2400 2401 2534
f 2400 2534 2535
f 2400 2535 2531
f 2401 2404 2536
f 2401 2536 2537
f 2401 2537 2535
f 2401 2535 2534
f 2402 2538 2539
f 2402 2539 2540
f 2402 2540 2541
f 2402 2541 2542
f 2402 2542 2543
f 2402 2543 2544
f 2402 2544 2537
f 2402 2537 2403
f 2402 2530 2529
f 2402 2529 2538
f 2403 2537 2536
f 2403 2536 2404
f 2405 2420 2406
f 2406 2420 2545
f 2406 2545 2407
f 2407 2545 2546
f 2407 2546 2413
f 2407 2413 2408
f 2409 2547 2410
f 2409 2414 2547
f 2410 2548 2549
f 2410 2549 2411
f 2410 2547 2414
f 2410 2414 2550
f 2410 2550 2548
f 2411 2549 2421
f 2411 2421 2412
f 2413 2546 2551
f 2413 2551 2414
f 2414 2551 2552
f 2414 2552 2553
f 2414 2553 2550
f 2415 2533 2417
f 2417 2533 2554
f 2417 2554 2555
f 2417 2555 2418
f 2418 2556 2419
f 2418 2555 2556
f 2419 2556 2420
f 2420 2556 2557
f 2420 2557 2545
f 2421 2549 2424
f 2421 2424 2422
f 2424 2549 2425
f 2425 2549 2558
f 2425 2558 2548
f 2425 2548 2559
f 2425 2559 2560
f 2425 2560 2561
f 2425 2561 2427
f 2427 2561 2428
f 2428 2562 2563
f 2428 2563 2429
f 2428 2561 2562
f 2429 2563 2430
f 2430 2563 2564
f 2430 2564 2565
f 2430 2565 2431
f 2431 2565 2432
f 2432 2565 2566
f 2432 2566 2567
f 2432 2567 2568
f 2432 2568 2434
f 2434 2569 2570
f 2434 2570 2571
f 2434 2571 2435
f 2434 2568 2569
f 2435 2571 2442
f 2437 2443 2439
f 2437 2439 2438
f 2440 2442 2441
f 2442 2571 2572
f 2462 2467 2574
f 2462 2574 2575
f 2462 2575 2576
f 2462 2576 2577
f 2462 2577 2578
f 2462 2578 2463
f 2466 2579 2467
f 2467 2579 2580
f 2467 2580 2581
f 2467 2581 2582
f 2467 2582 2583
f 2467 2583 2584
f 2467 2584 2574
f 2470 2585 2668
f 2470 2668 2586
f 2470 2586 2472
f 2470 2472 2471
f 2472 2586 2587
f 2472 2587 2588
f 2472 2588 2589
f 2472 2589 2473
f 2473 2589 2588
f 2473 2588 2590
f 2473 2590 2474
f 2474 2591 2475
f 2474 2590 2592
f 2474 2592 2593
f 2474 2593 2591
f 2475 2591 2476
f 2476 2591 2593
f 2476 2593 2594
f 2476 2594 2595
f 2476 2595 2596
f 2476 2596 2479
f 2477 2480 2478
f 2477 2479 2596
f 2477 2596 2597
f 2477 2597 2480
f 2480 2597 2481
f 2481 2597 2598
f 2481 2598 2482
f 2482 2598 2599
f 2482 2599 2600
f 2482 2600 2483
f 2483 2600 2487
f 2484 2491 2485
f 2485 2491 2601
f 2485 2601 2602
f 2485 2602 2492
f 2485 2492 2486
f 2487 2600 2603
f 2487 2603 2488
f 2488 2603 2604
f 2488 2604 2605
f 2488 2605 2490
f 2488 2490 2489
f 2490 2605 2606
f 2490 2606 2601
f 2490 2601 2491
f 2492 2602 2493
f 2493 2602 2607
f 2493 2607 2608
f 2493 2608 2495
f 2493 2495 2494
f 2495 2497 2496
f 2495 2608 2609
f 2495 2609 2610
f 2495 2610 2498
f 2495 2498 2497
f 2498 2610 2611
f 2498 2611 2499
f 2499 2611 2612
f 2499 2612 2613
f 2499 2613 2614
f 2499 2614 2500
f 2500 2614 2501
f 2501 2614 2615
f 2501 2615 2616
f 2501 2616 2502
f 2502 2616 2617
f 2502 2617 2503
f 2503 2505 2504
f 2506 2618 2510
f 2507 2510 2508
f 2508 2510 2619
f 2508 2619 2509
f 2509 2619 2620
f 2510 2618 2619
f 2511 2523 2522
f 2511 2518 2523
f 2512 2515 2514
f 2512 2514 2513
f 2518 2520 2621
f 2518 2621 2523
f 2523 2621 2524
f 2524 2621 2622
f 2524 2622 2623
f 2524 2623 2624
f 2524 2624 2525
f 2525 2624 2625
f 2525 2625 2626
f 2525 2626 2627
f 2525 2627 2526
f 2526 2627 2626
f 2526 2626 2527
f 2527 2626 2528
f 2528 2626 2628
f 2528 2628 2529
f 2529 2628 2629
f 2529 2629 2538
f 2531 2535 2532
f 2532 2554 2533
f 2532 2535 2630
f 2532 2630 2631
f 2532 2631 2632
f 2532 2632 2554
f 2535 2537 2630
f 2537 2544 2633
f 2537 2633 2630
f 2538 2629 2628
f 2538 2628 2634
f 2538 2634 2635
f 2538 2635 2636
f 2538 2636 2539
f 2539 2637 2540
f 2540 2637 2541
f 2541 2638 2542
f 2542 2639 2543
f 2542 2638 2639
f 2543 2639 2640
f 2543 2640 2641
f 2543 2641 2544
f 2544 2642 2633
f 2544 2641 2642
f 2545 2643 2546
f 2545 2557 2643
f 2546 2643 2644
f 2546 2644 2551
f 2548 2558 2549
f 2548 2550 2645
f 2548 2645 2646
f 2548 2646 2647
f 2548 2647 2559
f 2550 2553 2645
f 2551 2644 2552
f 2552 2644 2645
f 2552 2645 2553
f 2554 2632 2648
f 2554 2648 2649
f 2554 2649 2555
f 2555 2649 2643
f 2555 2643 2556
f 2556 2643 2557
f 2559 2647 2650
f 2559 2650 2651
f 2559 2651 2560
f 2560 2651 2652
f 2560 2652 2653
f 2560 2653 2561
f 2561 2653 2562
f 2562 2653 2654
f 2562 2654 2655
f 2562 2655 2656
f 2562 2656 2657
f 2562 2657 2563
f 2563 2657 2658
f 2563 2658 2564
f 2564 2658 2566
f 2564 2566 2565
f 2566 2659 2660
f 2566 2660 2661
f 2566 2661 2662
f 2566 2662 2567
f 2566 2658 2659
f 2567 2662 2663
f 2567 2663 2664
f 2567 2664 2569
f 2567 2569 2568
f 2569 2664 2663
f 2569 2663 2570
f 2570 2665 2571
f 2571 2665 2572
f 2573 2666 2667
f 2586 2668 2669
f 2586 2669 2587
f 2587 2669 2670
f 2587 2670 2671
f 2587 2671 2588
f 2588 2671 2672
f 2588 2672 2673
f 2588 2673 2590
f 2590 2673 2674
f 2590 2674 2675
f 2590 2675 2592
f 2592 2675 2593
f 2593 2675 2676
f 2593 2676 2677
f 2593 2677 2594
f 2594 2678 2595
f 2594 2677 2679
f 2594 2679 2680
f 2594 2680 2681
f 2594 2681 2678
f 2595 2678 2596
f 2596 2678 2682
f 2596 2682 2597
f 2597 2682 2683
f 2597 2683 2684
f 2597 2684 2598
f 2598 2684 2599
f 2599 2684 2685
f 2599 2685 2686
f 2599 2686 2600
f 2600 2686 2603
f 2601 2606 2602
f 2602 2606 2607
f 2603 2687 2604
f 2603 2686 2687
f 2604 2687 2688
f 2604 2688 2605
f 2605 2688 2689
f 2605 2689 2606
f 2606 2689 2690
f 2606 2690 2691
f 2606 2691 2607
f 2607 2691 2692
f 2607 2692 2608
f 2608 2692 2693
f 2608 2693 2694
f 2608 2694 2695
f 2608 2695 2609
f 2609 2696 2611
f 2609 2611 2610
f 2609 2695 2696
f 2611 2697 2612
f 2611 2696 2697
f 2612 2697 2613
f 2613 2698 2614
f 2614 2698 2615
f 2615 2617 2616
f 2618 2699 2619
f 2619 2699 2620
f 2624 2700 2625
f 2625 2700 2626
f 2626 2700 2701
f 2626 2701 2702
f 2626 2702 2703
f 2626 2703 2628
f 2628 2703 2635
f 2628 2635 2634
f 2630 2633 2631
f 2631 2633 2704
f 2631 2704 2705
f 2631 2705 2632
f 2632 2705 2706
f 2632 2706 2707
f 2632 2707 2648
f 2633 2642 2704
f 2638 2708 2639
f 2639 2709 2640
f 2639 2708 2709
f 2640 2709 2710
f 2640 2710 2711
f 2640 2711 2762
f 2640 2762 2712
f 2640 2712 2642
f 2640 2642 2641
f 2642 2712 2706
f 2642 2706 2705
f 2642 2705 2704
f 2643 2713 2714
f 2643 2714 2707
f 2643 2707 2715
f 2643 2715 2716
f 2643 2716 2717
f 2643 2717 2644
f 2643 2649 2713
f 2644 2717 2718
f 2644 2718 2645
f 2645 2718 2719
f 2645 2719 2646
f 2646 2719 2720
f 2646 2720 2721
f 2646 2721 2647
f 2647 2721 2722
f 2647 2722 2650
f 2648 2707 2714
f 2648 2714 2713
f 2648 2713 2649
f 2650 2722 2723
f 2650 2723 2724
f 2650 2724 2651
f 2651 2724 2652
f 2652 2654 2653
f 2652 2724 2654
f 2654 2724 2725
f 2654 2725 2655
f 2655 2726 2727
f 2655 2727 2728
f 2655 2728 2729
f 2655 2729 2659
f 2655 2659 2730
f 2655 2730 2656
f 2655 2725 2724
f 2655 2724 2726
f 2656 2730 2657
f 2657 2730 2658
f 2658 2730 2659
f 2659 2729 2731
f 2659 2731 2661
f 2659 2661 2660
f 2661 2731 2732
f 2661 2732 2662
f 2662 2732 2733
f 2662 2733 2663
f 2666 2734 2735
f 2666 2735 2736
f 2666 2736 2737
f 2666 2737 2738
f 2666 2738 2667
f 2670 2739 2671
f 2671 2739 2740
f 2671 2740 2672
f 2672 2740 2741
f 2672 2741 2742
f 2672 2742 2743
f 2672 2743 2744
f 2672 2744 2673
f 2673 2744 2674
f 2674 2744 2745
f 2674 2745 2746
f 2674 2746 2675
f 2675 2746 2747
f 2675 2747 2676
f 2676 2747 2677
f 2677 2747 2748
f 2677 2748 2679
f 2678 2681 2749
f 2678 2749 2683
f 2678 2683 2682
f 2679 2681 2680
f 2679 2748 2750
f 2679 2750 2751
f 2679 2751 2752
f 2679 2752 2681
f 2681 2753 2683
f 2681 2683 2749
f 2681 2752 2753
f 2683 2753 2754
f 2683 2754 2755
f 2683 2755 2687
f 2683 2687 2684
f 2684 2687 2685
f 2685 2687 2686
f 2687 2755 2756
f 2687 2756 2688
f 2688 2756 2757
f 2688 2757 2690
f 2688 2690 2689
f 2690 2757 2691
f 2691 2693 2692
f 2691 2757 2758
f 2691 2758 2693
f 2693 2758 2759
f 2693 2759 2760
f 2693 2760 2694
f 2694 2760 2695
f 2695 2760 2697
f 2695 2697 2696
f 2697 2760 2761
f 2706 2712 2762
f 2706 2762 2707
f 2707 2762 2766
f 2707 2766 2715
f 2708 2763 2710
f 2708 2710 2709
f 2710 2764 2711
f 2710 2763 2764
f 2711 2764 2765
f 2711 2765 2798
f 2711 2798 2762
f 2715 2766 2767
f 2715 2767 2716
f 2716 2767 2717
f 2717 2767 2768
f 2717 2768 2718
f 2718 2768 2719
f 2719 2768 2769
f 2719 2769 2770
f 2719 2770 2771
f 2719 2771 2720
f 2720 2771 2772
f 2720 2772 2773
f 2720 2773 2726
f 2720 2726 2723
f 2720 2723 2722
f 2720 2722 2721
f 2723 2726 2724
f 2726 2773 2727
f 2727 2773 2774
f 2727 2774 2728
f 2728 2774 2731
f 2728 2731 2729
f 2731 2774 2775
f 2731 2775 2776
f 2731 2776 2777
f 2731 2777 2732
f 2734 2778 2735
f 2735 2779 2745
f 2735 2745 2744
f 2735 2744 2743
f 2735 2743 2742
f 2735 2742 2737
f 2735 2737 2736
f 2735 2778 2780
f 2735 2780 2779
f 2745 2779 2746
f 2746 2779 2781
f 2746 2781 2782
f 2746 2782 2783
f 2746 2783 2784
f 2746 2784 2785
f 2746 2785 2747
f 2747 2785 2786
f 2747 2786 2787
f 2747 2787 2788
f 2747 2788 2750
f 2747 2750 2748
f 2750 2788 2751
f 2751 2789 2790
f 2751 2790 2791
f 2751 2791 2753
f 2751 2753 2752
f 2753 2791 2790
f 2753 2790 2754
f 2754 2790 2792
f 2754 2792 2755
f 2755 2792 2756
f 2756 2792 2757
f 2757 2792 2790
f 2757 2790 2793
f 2758 2794 2795
f 2758 2795 2760
f 2758 2760 2759
f 2760 2795 2794
f 2760 2794 2796
f 2760 2796 2797
f 2760 2797 2761
f 2762 2798 2766
f 2763 2799 2764
f 2764 2800 2801
f 2764 2801 2765
f 2764 2799 2800
f 2765 2801 2798
f 2766 2768 2767
f 2766 2798 2801
f 2766 2801 2802
f 2766 2802 2768
f 2768 2802 2803
f 2768 2803 2769
f 2769 2803 2770
f 2770 2803 2804
f 2770 2804 2771
f 2771 2804 2805
f 2771 2805 2806
f 2771 2806 2772
f 2772 2807 2775
f 2772 2775 2773
f 2773 2775 2774
f 2775 2807 2776
f 2778 2781 2780
f 2779 2780 2781
f 2784 2808 2785
f 2785 2808 2786
f 2786 2788 2787
f 2789 2793 2790
f 2794 2797 2796
f 2799 2809 2800
f 2800 2810 2801
f 2800 2809 2810
f 2801 2803 2802
f 2801 2810 2811
f 2801 2811 2803
f 2803 2811 2812
f 2803 2812 2813
f 2803 2813 2804
f 2804 2813 2814
f 2804 2814 2805
f 2809 2815 2810
f 2810 2815 2816
f 2810 2816 2811
f 2811 2816 2812
f 2812 2816 2813

