# https://github.com/mikedh/trimesh
v -0.00018326 0.05474130 -0.01455754
v -0.00018326 0.05520106 -0.01444693
v -0.00012706 0.05520106 -0.01444435
v -0.00015843 0.05474130 -0.01455625
v 0.01182572 0.05474038 -0.00426163
v -0.00018326 0.05474130 -0.01344113
v -0.00018326 0.05541148 -0.01439033
v -0.00013621 0.05541426 -0.01438648
v 0.00007289 0.05520106 -0.01443021
v 0.00027284 0.05480063 -0.01451638
v 0.00007289 0.05480063 -0.01452924
v 0.00007289 0.05474130 -0.01454339
v 0.00572648 0.05474130 -0.01312087
v 0.00588069 0.05474130 -0.01305013
v 0.00595519 0.05474130 -0.01301540
v 0.00602053 0.05474130 -0.01298453
v 0.00603883 0.05474130 -0.01297553
v 0.00611071 0.05474130 -0.01293952
v 0.00614207 0.05474130 -0.01292280
v 0.00633941 0.05474130 -0.01281476
v 0.00640214 0.05474130 -0.01277874
v 0.00652499 0.05474130 -0.01270800
v 0.00674455 0.05474130 -0.01258067
v 0.00677460 0.05474130 -0.01256267
v 0.00680989 0.05474130 -0.01254080
v 0.00687523 0.05474130 -0.01249836
v 0.00702945 0.05474130 -0.01239675
v 0.00707127 0.05474130 -0.01236845
v 0.00712616 0.05474130 -0.01233115
v 0.00737054 0.05474130 -0.01216009
v 0.00741106 0.05474130 -0.01213051
v 0.00760578 0.05474130 -0.01198646
v 0.00769465 0.05474130 -0.01191957
v 0.00784102 0.05474130 -0.01180896
v 0.00793773 0.05474130 -0.01173565
v 0.00813246 0.05474130 -0.01158645
v 0.00816905 0.05474130 -0.01155816
v 0.00821610 0.05474130 -0.01151957
v 0.00838992 0.05474130 -0.01137552
v 0.00861601 0.05474130 -0.01118130
v 0.00885909 0.05474130 -0.01097037
v 0.00924723 0.05474130 -0.01062953
v 0.00934917 0.05474130 -0.01053950
v 0.00951645 0.05474130 -0.01038773
v 0.00970595 0.05474130 -0.01021409
v 0.00976868 0.05474130 -0.01015622
v 0.00986931 0.05474130 -0.01005589
v 0.00996864 0.05474130 -0.00995557
v 0.00999869 0.05474130 -0.00991956
v 0.01015029 0.05474130 -0.00973177
v 0.01040514 0.05474130 -0.00940508
v 0.01058418 0.05474130 -0.00917357
v 0.01070964 0.05474130 -0.00901023
v 0.01076061 0.05474130 -0.00894334
v 0.01083902 0.05474130 -0.00883659
v 0.01087169 0.05474130 -0.00879157
v 0.01094227 0.05474130 -0.00869254
v 0.01099977 0.05474130 -0.00860636
v 0.01101676 0.05474130 -0.00857807
v 0.01111347 0.05474130 -0.00840572
v 0.01120887 0.05474130 -0.00822437
v 0.01132518 0.05474130 -0.00800314
v 0.01136047 0.05474130 -0.00793498
v 0.01153036 0.05474130 -0.00760314
v 0.01156304 0.05474130 -0.00753883
v 0.01173293 0.05474130 -0.00720314
v 0.01190152 0.05474130 -0.00686616
v 0.01196425 0.05474130 -0.00674011
v 0.01201130 0.05474130 -0.00663464
v 0.01208448 0.05474130 -0.00646101
v 0.01210801 0.05474130 -0.00640313
v 0.01219034 0.05474130 -0.00619991
v 0.01224262 0.05474130 -0.00606486
v 0.01231842 0.05474130 -0.00586808
v 0.01234325 0.05474130 -0.00580248
v 0.01236939 0.05474130 -0.00573174
v 0.01240336 0.05474130 -0.00563399
v 0.01245825 0.05474130 -0.00547322
v 0.01252491 0.05474130 -0.00526743
v 0.01254581 0.05474130 -0.00520184
v 0.01259940 0.05474130 -0.00503077
v 0.01266605 0.05474130 -0.00480183
v 0.01272486 0.05474130 -0.00459604
v 0.01276015 0.05474130 -0.00446099
v 0.01279282 0.05474130 -0.00433495
v 0.01281111 0.05474130 -0.00426163
v 0.01285816 0.05474130 -0.00407257
v 0.01290652 0.05474130 -0.00386420
v 0.01294180 0.05474130 -0.00366099
v 0.01295095 0.05474130 -0.00359668
v 0.01296271 0.05474130 -0.00351050
v 0.01296794 0.05474130 -0.00347192
v 0.01299538 0.05474130 -0.00326098
v 0.01302021 0.05474130 -0.00305262
v 0.01306465 0.05474130 -0.00266034
v 0.01308687 0.05474130 -0.00246098
v 0.01310778 0.05474130 -0.00226419
v 0.01312738 0.05474130 -0.00206097
v 0.01314306 0.05474130 -0.00186033
v 0.01315090 0.05474130 -0.00175358
v 0.01316005 0.05474130 -0.00159152
v 0.01316397 0.05474130 -0.00150791
v 0.01316789 0.05474130 -0.00141788
v 0.01182311 0.05474130 -0.00141788
v 0.00027284 0.05474130 -0.01453053
v 0.00047803 0.05474130 -0.01451381
v 0.00067275 0.05474130 -0.01449580
v 0.00073287 0.05474130 -0.01448937
v 0.00093282 0.05474130 -0.01446365
v 0.00113278 0.05474130 -0.01443149
v 0.00263831 0.05474130 -0.01416782
v 0.00293367 0.05474130 -0.01411509
v 0.00313362 0.05474130 -0.01407908
v 0.00327346 0.05474130 -0.01405335
v 0.00347472 0.05474130 -0.01401605
v 0.00364069 0.05474130 -0.01398004
v 0.00365768 0.05474130 -0.01397618
v 0.00374001 0.05474130 -0.01395560
v 0.00387724 0.05474130 -0.01390673
v 0.00407850 0.05474130 -0.01382570
v 0.00420135 0.05474130 -0.01377554
v 0.00476592 0.05474130 -0.01353631
v 0.00487439 0.05474130 -0.01349000
v 0.00493451 0.05474130 -0.01346428
v 0.00507173 0.05474130 -0.01340512
v 0.00527430 0.05474130 -0.01331766
v 0.00553829 0.05474130 -0.01320319
v -0.00018326 0.06250902 -0.00141788
v 0.01170549 0.05479414 -0.00141788
v 0.01154474 0.05486829 -0.00141788
v -0.00018326 0.05543836 -0.01438262
v -0.00018326 0.05553383 -0.01435432
v -0.00007609 0.05549027 -0.01435947
v 0.00007289 0.05536606 -0.01438390
v 0.00027284 0.05520106 -0.01441091
v 0.00027284 0.05500084 -0.01446622
v 0.00047280 0.05480063 -0.01449966
v 0.00567159 0.05480433 -0.01312602
v 0.00567943 0.05519921 -0.01300383
v 0.00579444 0.05513062 -0.01297296
v 0.00586632 0.05519921 -0.01290994
v 0.00621656 0.05500084 -0.01278646
v 0.00640214 0.05474223 -0.01277874
v 0.00647141 0.05480526 -0.01271444
v 0.00648709 0.05500919 -0.01262698
v 0.00656027 0.05508056 -0.01255495
v 0.00673801 0.05484883 -0.01254080
v 0.00685955 0.05478950 -0.01248807
v 0.00716536 0.05508705 -0.01215752
v 0.00728298 0.05520292 -0.01202761
v 0.00739538 0.05513710 -0.01197745
v 0.00727384 0.05478672 -0.01220897
v 0.00754305 0.05545133 -0.01174208
v 0.00758357 0.05531786 -0.01176909
v 0.00767766 0.05540592 -0.01166491
v 0.00761624 0.05520106 -0.01179353
v 0.00771556 0.05520106 -0.01172022
v 0.00767113 0.05481268 -0.01190928
v 0.00797694 0.05510559 -0.01156459
v 0.00782273 0.05480063 -0.01179996
v 0.00822525 0.05500084 -0.01140510
v 0.00810240 0.05500084 -0.01150542
v 0.00832457 0.05500084 -0.01132021
v 0.00856896 0.05488961 -0.01115815
v 0.00854151 0.05500084 -0.01113372
v 0.00912047 0.05480063 -0.01071442
v 0.00874539 0.05504256 -0.01093564
v 0.00860425 0.05520106 -0.01098838
v 0.00919627 0.05494059 -0.01058194
v 0.00933349 0.05480063 -0.01052535
v 0.00857680 0.05530488 -0.01096394
v 0.00954390 0.05480063 -0.01033371
v 0.00957265 0.05509632 -0.01016007
v 0.00980919 0.05496284 -0.00999673
v 0.00986016 0.05477282 -0.01004818
v 0.00996864 0.05508983 -0.00975621
v 0.01002745 0.05520106 -0.00962374
v 0.00977260 0.05509632 -0.00995943
v 0.00983925 0.05520106 -0.00982953
v 0.01007972 0.05501011 -0.00966747
v 0.01013722 0.05480063 -0.00971505
v 0.01018819 0.05493040 -0.00957872
v 0.01037377 0.05489703 -0.00936007
v 0.01048093 0.05481268 -0.00926875
v 0.01055935 0.05486273 -0.00914013
v 0.01074885 0.05480063 -0.00892662
v 0.01082334 0.05480063 -0.00882630
v 0.01093312 0.05481731 -0.00866296
v 0.01099846 0.05476262 -0.00859736
v 0.01120364 0.05476726 -0.00821536
v 0.01097363 0.05489517 -0.00855749
v 0.01139968 0.05480063 -0.00780893
v 0.01125069 0.05482102 -0.00808160
v 0.01147417 0.05480063 -0.00766231
v 0.01140098 0.05498231 -0.00764816
v 0.01193027 0.05560335 -0.00606101
v 0.01195902 0.05545968 -0.00612660
v 0.01198908 0.05553754 -0.00599284
v 0.01199823 0.05480063 -0.00661278
v 0.01206227 0.05480063 -0.00646230
v 0.01201522 0.05560335 -0.00586422
v 0.01239944 0.05476355 -0.00562628
v 0.01199039 0.05573961 -0.00579991
v 0.01242950 0.05481824 -0.00547965
v 0.01239814 0.05496191 -0.00542434
v 0.01250661 0.05480063 -0.00526100
v 0.01242558 0.05501753 -0.00527772
v 0.01249746 0.05500084 -0.00506164
v 0.01262031 0.05481268 -0.00487129
v 0.01253797 0.05519179 -0.00465778
v 0.01241905 0.05521126 -0.00506936
v 0.01248047 0.05520106 -0.00486100
v 0.01282810 0.05481824 -0.00407771
v 0.01259940 0.05516120 -0.00446099
v 0.01288691 0.05480063 -0.00386163
v 0.01292089 0.05480063 -0.00366099
v 0.01295095 0.05479321 -0.00347192
v 0.01297317 0.05509076 -0.00253686
v 0.01298101 0.05511764 -0.00240438
v 0.01299016 0.05514452 -0.00226033
v 0.01292089 0.05520106 -0.00266034
v 0.01300192 0.05517789 -0.00206097
v 0.01305289 0.05500084 -0.00206097
v 0.01307118 0.05500084 -0.00186033
v 0.01308556 0.05500084 -0.00165968
v 0.01309340 0.05500084 -0.00146033
v 0.01309471 0.05500084 -0.00141788
v 0.00067275 0.05480063 -0.01448037
v 0.00087271 0.05480063 -0.01445593
v 0.00107266 0.05480063 -0.01442249
v 0.00287355 0.05516491 -0.01398519
v 0.00301992 0.05512505 -0.01397232
v 0.00086225 0.05500548 -0.01439162
v 0.00247364 0.05520106 -0.01404435
v 0.00327346 0.05480063 -0.01403406
v 0.00347472 0.05480990 -0.01399419
v 0.00354137 0.05488220 -0.01395689
v 0.00363808 0.05474872 -0.01397875
v 0.00369166 0.05480990 -0.01394531
v 0.00387462 0.05480063 -0.01388872
v 0.00407980 0.05480341 -0.01380512
v 0.00415038 0.05487200 -0.01375367
v 0.00457773 0.05490537 -0.01356460
v 0.00471626 0.05480063 -0.01353888
v 0.00537624 0.05510373 -0.01316331
v 0.00551215 0.05500084 -0.01313630
v -0.00018326 0.06419974 -0.00141788
v -0.00018326 0.05613171 -0.01416782
v -0.00016888 0.05612151 -0.01417040
v 0.00007289 0.05560057 -0.01430930
v 0.00027284 0.05532805 -0.01437233
v 0.00045973 0.05520755 -0.01438648
v 0.00047280 0.05500084 -0.01444693
v 0.00574870 0.05526409 -0.01294981
v 0.00545596 0.05518252 -0.01310415
v 0.00561540 0.05534103 -0.01298196
v 0.00600093 0.05533640 -0.01277874
v 0.00607019 0.05518530 -0.01279932
v 0.00617997 0.05510837 -0.01276588
v 0.00613423 0.05524185 -0.01274016
v 0.00642044 0.05520106 -0.01258968
v 0.00638254 0.05531137 -0.01256781
v 0.00651976 0.05520106 -0.01252794
v 0.00667267 0.05500919 -0.01251379
v 0.00686739 0.05498138 -0.01239932
v 0.00721241 0.05540128 -0.01198903
v 0.00735486 0.05527058 -0.01194916
v 0.00740975 0.05555422 -0.01178710
v 0.00747510 0.05561262 -0.01171636
v 0.00759664 0.05573312 -0.01157874
v 0.00763846 0.05560057 -0.01160832
v 0.00777045 0.05549490 -0.01155944
v 0.00780704 0.05536142 -0.01158774
v 0.00802137 0.05540128 -0.01140124
v 0.00806712 0.05518623 -0.01145655
v 0.00819127 0.05513432 -0.01137680
v 0.00787370 0.05541704 -0.01151185
v 0.00815729 0.05526780 -0.01134722
v 0.00836770 0.05528727 -0.01115687
v 0.00891529 0.05520106 -0.01070799
v 0.00928121 0.05501289 -0.01046876
v 0.00940275 0.05495264 -0.01038773
v 0.00833764 0.05540128 -0.01112986
v 0.00819911 0.05554310 -0.01118388
v 0.00840560 0.05555701 -0.01099095
v 0.00857549 0.05570253 -0.01076330
v 0.00923416 0.05520106 -0.01041731
v 0.00964322 0.05520106 -0.01003146
v 0.00936616 0.05508612 -0.01035429
v 0.00919627 0.05533825 -0.01038130
v 0.00940145 0.05534752 -0.01018708
v 0.00936355 0.05548100 -0.01015107
v 0.00993858 0.05520106 -0.00972406
v 0.00999347 0.05533825 -0.00958386
v 0.01012677 0.05520106 -0.00949898
v 0.01015813 0.05506388 -0.00954013
v 0.00956350 0.05548100 -0.00995043
v 0.00979874 0.05534381 -0.00978708
v 0.00987846 0.05540777 -0.00966618
v 0.01024308 0.05499806 -0.00946939
v 0.01042735 0.05500084 -0.00923016
v 0.01052798 0.05500084 -0.00909897
v 0.01060378 0.05500084 -0.00899994
v 0.01079459 0.05493874 -0.00878643
v 0.01097755 0.05510651 -0.00836585
v 0.01107949 0.05500084 -0.00826167
v 0.01117489 0.05490074 -0.00816134
v 0.01076061 0.05507222 -0.00874013
v 0.01080504 0.05515842 -0.00860636
v 0.01076976 0.05529190 -0.00855363
v 0.01077760 0.05550602 -0.00836585
v 0.01058810 0.05632636 -0.00798385
v 0.01078675 0.05592685 -0.00798514
v 0.01134740 0.05503699 -0.00770604
v 0.01118012 0.05511022 -0.00797099
v 0.01130166 0.05498231 -0.00784366
v 0.01183487 0.05580728 -0.00607001
v 0.01196294 0.05567102 -0.00593367
v 0.01219426 0.05535215 -0.00561341
v 0.01208841 0.05560057 -0.00566229
v 0.01193681 0.05580450 -0.00586422
v 0.01196425 0.05587309 -0.00572788
v 0.01237331 0.05509539 -0.00535489
v 0.01230012 0.05520106 -0.00546164
v 0.01239422 0.05515101 -0.00522241
v 0.01250530 0.05540128 -0.00446099
v 0.01256019 0.05526131 -0.00446099
v 0.01240598 0.05540128 -0.00485071
v 0.01245433 0.05540128 -0.00466164
v 0.01235501 0.05521126 -0.00527772
v 0.01219034 0.05553939 -0.00541020
v 0.01228836 0.05540128 -0.00526100
v 0.01238899 0.05533547 -0.00500762
v 0.01268304 0.05520106 -0.00406099
v 0.01276668 0.05507685 -0.00391822
v 0.01280850 0.05500641 -0.00385520
v 0.01278106 0.05511393 -0.00378446
v 0.01284901 0.05500084 -0.00366099
v 0.01283725 0.05520106 -0.00326098
v 0.01286600 0.05520106 -0.00306034
v 0.01289345 0.05520106 -0.00286098
v 0.01295748 0.05524463 -0.00226033
v 0.01285032 0.05540128 -0.00266034
v 0.01287646 0.05540128 -0.00246098
v 0.01296794 0.05527800 -0.00206097
v 0.01297447 0.05529561 -0.00194136
v 0.01300715 0.05521775 -0.00186805
v 0.01302806 0.05520106 -0.00165968
v 0.01303590 0.05520106 -0.00146033
v 0.01303721 0.05520106 -0.00141788
v 0.00067275 0.05500084 -0.01442249
v 0.00262916 0.05532898 -0.01397361
v 0.00315322 0.05508983 -0.01395946
v 0.00327346 0.05495542 -0.01398261
v 0.00287355 0.05526502 -0.01395046
v 0.00067275 0.05524092 -0.01434403
v 0.00046496 0.05580728 -0.01418969
v 0.00067275 0.05600101 -0.01408937
v 0.00087271 0.05600101 -0.01405464
v 0.00229068 0.05541889 -0.01400319
v 0.00347472 0.05499157 -0.01392602
v 0.00367336 0.05500084 -0.01387200
v 0.00057081 0.05750079 -0.01356203
v 0.00387332 0.05500455 -0.01380641
v 0.00401707 0.05493967 -0.01378068
v 0.00451761 0.05503885 -0.01354145
v 0.00481820 0.05514174 -0.01338068
v 0.00495150 0.05507036 -0.01335367
v -0.00018326 0.06420067 -0.00146033
v -0.00012706 0.06420067 -0.00141788
v -0.00018326 0.05640144 -0.01408036
v -0.00012706 0.05640144 -0.01407522
v -0.00011269 0.05619381 -0.01414081
v -0.00003558 0.05609833 -0.01416268
v 0.00007289 0.05597783 -0.01418840
v 0.00027284 0.05542816 -0.01434017
v 0.00051854 0.05527800 -0.01435561
v 0.00027284 0.05593705 -0.01417554
v 0.00567943 0.05540499 -0.01292151
v 0.00587939 0.05540221 -0.01281862
v 0.00518543 0.05530951 -0.01316717
v 0.00547556 0.05540499 -0.01301026
v 0.00554221 0.05547451 -0.01294981
v 0.00594996 0.05546987 -0.01274916
v 0.00607019 0.05540221 -0.01271058
v 0.00627015 0.05538738 -0.01260125
v 0.00633418 0.05544485 -0.01253823
v 0.00647663 0.05540406 -0.01246492
v 0.00727122 0.05559594 -0.01186041
v 0.00717713 0.05550510 -0.01196459
v 0.00736401 0.05568678 -0.01175623
v 0.00768289 0.05581284 -0.01146941
v 0.00781358 0.05576000 -0.01139481
v 0.00773778 0.05560057 -0.01153500
v 0.00754567 0.05586660 -0.01154272
v 0.00787762 0.05559408 -0.01142697
v 0.00798740 0.05552271 -0.01137295
v 0.00823701 0.05540128 -0.01121732
v 0.00815990 0.05567658 -0.01115044
v 0.00828275 0.05561726 -0.01107069
v 0.00833633 0.05580079 -0.01092793
v 0.00848793 0.05602325 -0.01067455
v 0.00861078 0.05596300 -0.01059480
v 0.00878068 0.05571273 -0.01056908
v 0.00881335 0.05560057 -0.01059738
v 0.00942889 0.05560057 -0.01001731
v 0.00915837 0.05547173 -0.01034657
v 0.00898716 0.05572200 -0.01037358
v 0.00890744 0.05600101 -0.01029898
v 0.00915314 0.05586382 -0.01014078
v 0.00911393 0.05600101 -0.01010220
v 0.00901330 0.05600101 -0.01019866
v 0.00995818 0.05547080 -0.00954271
v 0.00997909 0.05570810 -0.00936650
v 0.01000653 0.05560057 -0.00940123
v 0.01007057 0.05539016 -0.00945396
v 0.01017904 0.05530859 -0.00936650
v 0.01020387 0.05520106 -0.00939994
v 0.00952952 0.05560057 -0.00991441
v 0.00976084 0.05547729 -0.00974721
v 0.00939099 0.05573034 -0.00998001
v 0.00958964 0.05572571 -0.00977679
v 0.00972555 0.05560057 -0.00970991
v 0.00978567 0.05571922 -0.00957357
v 0.01039468 0.05514174 -0.00918772
v 0.01057895 0.05510744 -0.00896650
v 0.01038030 0.05550973 -0.00896778
v 0.01016467 0.05568029 -0.00914785
v 0.01095011 0.05544855 -0.00811376
v 0.01098147 0.05531508 -0.00817421
v 0.01059333 0.05533454 -0.00878772
v 0.01063907 0.05540128 -0.00866553
v 0.01060901 0.05576649 -0.00841472
v 0.01054759 0.05600101 -0.00831826
v 0.01058157 0.05611409 -0.00817163
v 0.01050577 0.05639588 -0.00805330
v 0.01055281 0.05645984 -0.00792597
v 0.01055935 0.05667025 -0.00773433
v 0.01079067 0.05613263 -0.00779092
v 0.01098539 0.05552178 -0.00798128
v 0.01115267 0.05545226 -0.00771890
v 0.01179958 0.05595003 -0.00600827
v 0.01214721 0.05560428 -0.00547065
v 0.01216943 0.05548563 -0.00554267
v 0.01183618 0.05601028 -0.00587065
v 0.01179697 0.05614283 -0.00581020
v 0.01176299 0.05627631 -0.00572660
v 0.01192897 0.05599359 -0.00566100
v 0.01198516 0.05592222 -0.00559412
v 0.01207272 0.05580079 -0.00546164
v 0.01260462 0.05540221 -0.00404941
v 0.01259025 0.05533547 -0.00422048
v 0.01237984 0.05551066 -0.00477739
v 0.01241643 0.05561077 -0.00446357
v 0.01247132 0.05560057 -0.00426163
v 0.01245172 0.05600101 -0.00366099
v 0.01236285 0.05546895 -0.00491116
v 0.01216420 0.05567287 -0.00532274
v 0.01218381 0.05571922 -0.00518897
v 0.01264906 0.05540128 -0.00386163
v 0.01256803 0.05568029 -0.00372401
v 0.01258241 0.05571829 -0.00359153
v 0.01255627 0.05585177 -0.00346034
v 0.01256934 0.05588514 -0.00332915
v 0.01279282 0.05514545 -0.00366099
v 0.01258241 0.05591758 -0.00319539
v 0.01268957 0.05560057 -0.00326098
v 0.01281373 0.05541797 -0.00287384
v 0.01264645 0.05580079 -0.00306034
v 0.01277452 0.05549583 -0.00294844
v 0.01290129 0.05540128 -0.00226033
v 0.01275753 0.05565063 -0.00266034
v 0.01280850 0.05558296 -0.00246098
v 0.01292351 0.05540128 -0.00206097
v 0.01297970 0.05531322 -0.00180759
v 0.01294703 0.05538830 -0.00186805
v 0.01298493 0.05532713 -0.00165968
v 0.01298885 0.05533640 -0.00146033
v 0.01299930 0.05530859 -0.00141788
v 0.00078514 0.05630690 -0.01396589
v 0.00236778 0.05549768 -0.01396203
v 0.00067275 0.05660166 -0.01387972
v 0.00067667 0.05699375 -0.01373181
v 0.00047280 0.05560057 -0.01425657
v 0.00039177 0.05591109 -0.01416654
v 0.00027284 0.05653678 -0.01397618
v 0.00046496 0.05598710 -0.01412924
v 0.00047280 0.05620123 -0.01405593
v 0.00347341 0.05520106 -0.01383470
v 0.00347341 0.05533083 -0.01377682
v 0.00357404 0.05530117 -0.01376268
v 0.00365376 0.05519550 -0.01378840
v 0.00370734 0.05525853 -0.01374338
v 0.00380667 0.05512505 -0.01377425
v 0.00047280 0.05705771 -0.01374724
v 0.00043751 0.05753416 -0.01357489
v 0.00027284 0.05767320 -0.01355174
v 0.00049109 0.05760090 -0.01353759
v 0.00321595 0.05592593 -0.01357489
v 0.00393997 0.05507315 -0.01375110
v 0.00438431 0.05510930 -0.01356718
v -0.00018326 0.06420345 -0.00160566
v -0.00012706 0.06420160 -0.00146033
v 0.00027284 0.06420438 -0.00141788
v -0.00018326 0.05660166 -0.01401220
v -0.00012706 0.05660166 -0.01400962
v -0.00001859 0.05670548 -0.01396461
v 0.00007289 0.05620123 -0.01411638
v 0.00005852 0.05660537 -0.01398647
v 0.00575001 0.05567843 -0.01275174
v 0.00581666 0.05554496 -0.01278518
v 0.00526123 0.05538645 -0.01310286
v 0.00526515 0.05559779 -0.01299997
v 0.00540891 0.05552827 -0.01297682
v 0.00553698 0.05587124 -0.01274788
v 0.00561670 0.05573776 -0.01278132
v 0.00532657 0.05566175 -0.01294338
v 0.00601008 0.05573868 -0.01258325
v 0.00607542 0.05559964 -0.01261540
v 0.00620088 0.05553198 -0.01257810
v 0.00643089 0.05560057 -0.01239932
v 0.00657073 0.05549675 -0.01236074
v 0.00627015 0.05559964 -0.01250093
v 0.00731696 0.05580079 -0.01172665
v 0.00638646 0.05571458 -0.01236974
v 0.00776784 0.05589348 -0.01135751
v 0.00787762 0.05581655 -0.01131121
v 0.00812070 0.05580079 -0.01111828
v 0.00794688 0.05565619 -0.01133951
v 0.00717451 0.05590183 -0.01176266
v 0.00741236 0.05594261 -0.01158645
v 0.00735094 0.05607609 -0.01154658
v 0.00747640 0.05600564 -0.01150156
v 0.00762147 0.05600101 -0.01139867
v 0.00819650 0.05593241 -0.01098195
v 0.00823570 0.05580079 -0.01101796
v 0.00836247 0.05608350 -0.01075301
v 0.00857157 0.05609648 -0.01056008
v 0.00867612 0.05601862 -0.01050477
v 0.00874408 0.05584621 -0.01053307
v 0.00877675 0.05610482 -0.01036458
v 0.00898063 0.05611224 -0.01016779
v 0.00918058 0.05611224 -0.00996843
v 0.00921325 0.05600101 -0.01000187
v 0.00894012 0.05624572 -0.01012792
v 0.00993988 0.05584158 -0.00932148
v 0.00999608 0.05593705 -0.00918772
v 0.01002483 0.05578503 -0.00925717
v 0.01011370 0.05560891 -0.00925975
v 0.00974646 0.05585270 -0.00952984
v 0.00957265 0.05609833 -0.00956071
v 0.01014637 0.05544207 -0.00932534
v 0.01022348 0.05538552 -0.00925975
v 0.01036332 0.05527522 -0.00914528
v 0.00931389 0.05600101 -0.00989769
v 0.00955043 0.05585919 -0.00973563
v 0.00937792 0.05610575 -0.00976522
v 0.00961316 0.05596486 -0.00960316
v 0.01019734 0.05554681 -0.00919158
v 0.01041559 0.05558667 -0.00885460
v 0.01020257 0.05580079 -0.00900251
v 0.01034502 0.05564321 -0.00891505
v 0.01013330 0.05580079 -0.00910154
v 0.01055804 0.05546802 -0.00873498
v 0.01052798 0.05561077 -0.00866553
v 0.01039729 0.05594261 -0.00859479
v 0.01040514 0.05615673 -0.00840701
v 0.01047571 0.05620215 -0.00826167
v 0.01037638 0.05650248 -0.00816263
v 0.01051622 0.05660259 -0.00786038
v 0.01038161 0.05671197 -0.00797228
v 0.01041559 0.05678797 -0.00785137
v 0.01052276 0.05680466 -0.00766488
v 0.01055935 0.05687325 -0.00753240
v 0.01059463 0.05673977 -0.00760057
v 0.01073186 0.05660722 -0.00746680
v 0.01075799 0.05626611 -0.00773047
v 0.01098801 0.05572756 -0.00778706
v 0.01136570 0.05628094 -0.00654332
v 0.01156696 0.05628372 -0.00614332
v 0.01176691 0.05608350 -0.00594268
v 0.01123370 0.05620586 -0.00686873
v 0.01173685 0.05620679 -0.00587065
v 0.01159440 0.05653956 -0.00580634
v 0.01178651 0.05632265 -0.00559283
v 0.01182180 0.05620679 -0.00565972
v 0.01156042 0.05667304 -0.00572274
v 0.01158525 0.05672124 -0.00558898
v 0.01188976 0.05620123 -0.00546164
v 0.01195772 0.05606497 -0.00546164
v 0.01200476 0.05596486 -0.00546164
v 0.01220080 0.05575815 -0.00506164
v 0.01236808 0.05568400 -0.00453173
v 0.01237331 0.05589626 -0.00415231
v 0.01239030 0.05593519 -0.00401855
v 0.01239291 0.05614005 -0.00366099
v 0.01236677 0.05628002 -0.00352336
v 0.01241251 0.05620864 -0.00345777
v 0.01253797 0.05579152 -0.00365841
v 0.01249615 0.05600101 -0.00346034
v 0.01245695 0.05620123 -0.00326098
v 0.01254059 0.05599081 -0.00326098
v 0.01255235 0.05604365 -0.00306034
v 0.01259286 0.05594354 -0.00306034
v 0.01267389 0.05580079 -0.00286098
v 0.01276929 0.05568307 -0.00246098
v 0.01281503 0.05561911 -0.00227448
v 0.01284509 0.05560057 -0.00206097
v 0.01294834 0.05542723 -0.00165968
v 0.01286339 0.05560057 -0.00186033
v 0.01298885 0.05533732 -0.00141788
v 0.01295226 0.05543743 -0.00141788
v 0.00051985 0.05647467 -0.01395432
v 0.00067275 0.05643574 -0.01394017
v 0.00091845 0.05627353 -0.01395303
v 0.00046104 0.05658590 -0.01392474
v 0.00021534 0.05712260 -0.01377168
v 0.00011471 0.05667582 -0.01395432
v 0.00027284 0.05663688 -0.01394017
v 0.00347341 0.05574795 -0.01358518
v 0.00358972 0.05571180 -0.01356846
v 0.00372302 0.05566731 -0.01354660
v 0.00381712 0.05553383 -0.01357875
v 0.00387332 0.05519550 -0.01371766
v 0.00027807 0.05719397 -0.01373309
v 0.00027284 0.05740161 -0.01365592
v 0.00027284 0.05757309 -0.01359033
v 0.00011210 0.05769730 -0.01356203
v 0.00027284 0.05780204 -0.01349258
v 0.00007289 0.05700117 -0.01383856
v 0.00007289 0.05740161 -0.01368293
v 0.00048587 0.05781780 -0.01342955
v 0.00345381 0.05678149 -0.01310029
v 0.00337409 0.05670177 -0.01316331
v 0.00298463 0.05650711 -0.01336653
v 0.00306043 0.05640144 -0.01339611
v 0.00287355 0.05640144 -0.01344756
v 0.00307350 0.05620123 -0.01348615
v 0.00296895 0.05609833 -0.01356203
v 0.00307350 0.05606775 -0.01354788
v 0.00327868 0.05599637 -0.01352473
v 0.00387985 0.05540962 -0.01361476
v 0.00403537 0.05534937 -0.01358647
v 0.00409026 0.05521775 -0.01362763
v 0.00427453 0.05525390 -0.01354145
v 0.00507435 0.05535493 -0.01318904
v -0.00018326 0.06420438 -0.00165968
v 0.00027284 0.06420531 -0.00146033
v 0.00043098 0.06420531 -0.00141788
v -0.00018326 0.05671938 -0.01396975
v -0.00012706 0.05671567 -0.01396847
v 0.00005852 0.05678334 -0.01392345
v -0.00012706 0.05681578 -0.01392988
v 0.00574478 0.05607424 -0.01254852
v 0.00581404 0.05594168 -0.01258325
v 0.00587808 0.05580357 -0.01262054
v 0.00567943 0.05580264 -0.01271958
v 0.00561148 0.05613356 -0.01257939
v 0.00496979 0.05549768 -0.01316203
v 0.00487439 0.05580079 -0.01305399
v 0.00505605 0.05578967 -0.01298839
v 0.00519327 0.05571551 -0.01297039
v 0.00553176 0.05626704 -0.01254466
v 0.00497633 0.05590275 -0.01296396
v 0.00547164 0.05599545 -0.01271058
v 0.00594735 0.05587216 -0.01254723
v 0.00607542 0.05580357 -0.01251122
v 0.00614338 0.05566546 -0.01254466
v 0.00626753 0.05578874 -0.01240447
v 0.00647663 0.05580357 -0.01226427
v 0.00619565 0.05592407 -0.01237617
v 0.00772079 0.05600101 -0.01132278
v 0.00795864 0.05628372 -0.01095108
v 0.00801484 0.05615024 -0.01099481
v 0.00821871 0.05620123 -0.01079802
v 0.00814814 0.05606589 -0.01094079
v 0.00798347 0.05591388 -0.01116973
v 0.00656550 0.05589256 -0.01215752
v 0.00648970 0.05602047 -0.01213308
v 0.00632765 0.05620123 -0.01213308
v 0.00648055 0.05620493 -0.01203276
v 0.00616167 0.05668694 -0.01195430
v 0.00728037 0.05620957 -0.01150800
v 0.00757573 0.05610297 -0.01136394
v 0.00588984 0.05701878 -0.01192986
v 0.00639691 0.05672402 -0.01177681
v 0.00633418 0.05685749 -0.01173565
v 0.00715491 0.05628094 -0.01154915
v 0.00765675 0.05618176 -0.01124947
v 0.00831804 0.05620123 -0.01071699
v 0.00839253 0.05632451 -0.01057680
v 0.00855458 0.05647467 -0.01034528
v 0.00860163 0.05634119 -0.01038773
v 0.00853629 0.05620123 -0.01052921
v 0.00873624 0.05623830 -0.01032599
v 0.00914007 0.05624572 -0.00992470
v 0.00880681 0.05634861 -0.01019223
v 0.00876107 0.05648209 -0.01014979
v 0.00888392 0.05641442 -0.01007261
v 0.00900677 0.05634768 -0.00999416
v 0.00976476 0.05608536 -0.00935106
v 0.00995426 0.05607053 -0.00913627
v 0.01000523 0.05615024 -0.00900251
v 0.01006796 0.05598618 -0.00904881
v 0.00953998 0.05620123 -0.00952213
v 0.00933610 0.05623923 -0.00972020
v 0.00939753 0.05633192 -0.00958644
v 0.01030451 0.05579615 -0.00885460
v 0.01017512 0.05590275 -0.00896264
v 0.01036070 0.05607609 -0.00854077
v 0.01020780 0.05598154 -0.00884945
v 0.01036854 0.05629021 -0.00835170
v 0.01040383 0.05640144 -0.00820508
v 0.01013853 0.05603623 -0.00890733
v 0.01019081 0.05632729 -0.00858450
v 0.01038553 0.05691589 -0.00777678
v 0.01015029 0.05646077 -0.00852662
v 0.01019734 0.05653585 -0.00839286
v 0.01033848 0.05684545 -0.00791054
v 0.01041690 0.05699005 -0.00765073
v 0.01038423 0.05711426 -0.00757613
v 0.01051883 0.05700210 -0.00746423
v 0.01055543 0.05706884 -0.00732532
v 0.01059463 0.05693536 -0.00739992
v 0.01073186 0.05680651 -0.00726873
v 0.01063123 0.05680466 -0.00746423
v 0.01076322 0.05667767 -0.00733947
v 0.01079589 0.05654419 -0.00740250
v 0.01099585 0.05634397 -0.00720185
v 0.01139968 0.05634953 -0.00640956
v 0.01099846 0.05654790 -0.00700635
v 0.01123762 0.05640979 -0.00667066
v 0.01119972 0.05654790 -0.00661021
v 0.01136570 0.05648301 -0.00634268
v 0.01159963 0.05634768 -0.00601084
v 0.01156434 0.05648116 -0.00593882
v 0.01153298 0.05660444 -0.00586808
v 0.01180742 0.05636437 -0.00546164
v 0.01160616 0.05676202 -0.00546164
v 0.01142843 0.05680466 -0.00586165
v 0.01139053 0.05692702 -0.00579605
v 0.01152122 0.05679354 -0.00565843
v 0.01148070 0.05700117 -0.00546164
v 0.01155520 0.05686213 -0.00546164
v 0.01183618 0.05641905 -0.00527772
v 0.01177345 0.05649784 -0.00535489
v 0.01197340 0.05609741 -0.00535489
v 0.01199170 0.05613541 -0.00522241
v 0.01202960 0.05601862 -0.00527772
v 0.01217727 0.05610390 -0.00456646
v 0.01224915 0.05600101 -0.00446099
v 0.01234717 0.05600193 -0.00407642
v 0.01233802 0.05579430 -0.00446357
v 0.01236154 0.05606867 -0.00390665
v 0.01221779 0.05640886 -0.00385777
v 0.01216551 0.05648116 -0.00392208
v 0.01227137 0.05640144 -0.00366099
v 0.01238245 0.05631524 -0.00338960
v 0.01218119 0.05631246 -0.00418189
v 0.01239552 0.05634027 -0.00326098
v 0.01248831 0.05620123 -0.00306034
v 0.01260593 0.05597320 -0.00286098
v 0.01272094 0.05580079 -0.00246098
v 0.01277452 0.05569883 -0.00235036
v 0.01263730 0.05600101 -0.00246098
v 0.01278890 0.05573220 -0.00206097
v 0.01287384 0.05560057 -0.00165968
v 0.01265559 0.05600101 -0.00226033
v 0.01274577 0.05583230 -0.00206097
v 0.01279674 0.05574610 -0.00186033
v 0.01287907 0.05560057 -0.00141788
v 0.00336232 0.05629392 -0.01336010
v 0.00347341 0.05615951 -0.01339097
v 0.00347341 0.05640144 -0.01327650
v 0.00360148 0.05611966 -0.01337168
v 0.00367075 0.05600564 -0.01340383
v 0.00366291 0.05578781 -0.01350930
v 0.00382627 0.05594168 -0.01338197
v 0.00387985 0.05560057 -0.01352473
v 0.00373479 0.05607516 -0.01334981
v -0.00002121 0.05770193 -0.01356332
v 0.00005721 0.05778165 -0.01352345
v -0.00012706 0.05700117 -0.01385657
v -0.00012706 0.05716431 -0.01378969
v -0.00012706 0.05726442 -0.01374853
v 0.00027284 0.05796704 -0.01340383
v 0.00007289 0.05798836 -0.01341412
v 0.00042836 0.05792996 -0.01338197
v 0.00336886 0.05709850 -0.01296138
v 0.00329045 0.05701971 -0.01302569
v 0.00347341 0.05696780 -0.01299868
v 0.00361194 0.05692516 -0.01297682
v 0.00367598 0.05680929 -0.01301412
v 0.00367598 0.05659610 -0.01311958
v 0.00350739 0.05666006 -0.01314274
v 0.00322902 0.05633470 -0.01337939
v 0.00395957 0.05588978 -0.01335753
v 0.00431112 0.05565063 -0.01333952
v 0.00475416 0.05568492 -0.01315560
v 0.00489138 0.05541889 -0.01322891
v -0.00018326 0.06420438 -0.00186033
v 0.00047280 0.06420994 -0.00165968
v 0.00047280 0.06420531 -0.00141788
v 0.00047280 0.06420623 -0.00146033
v -0.00018326 0.05674626 -0.01395946
v -0.00018326 0.05681856 -0.01393117
v 0.00573302 0.05646262 -0.01234144
v 0.00580228 0.05632914 -0.01237874
v 0.00559971 0.05652287 -0.01237488
v 0.00587808 0.05600564 -0.01251379
v 0.00453722 0.05587124 -0.01314917
v 0.00447448 0.05620586 -0.01301154
v 0.00487439 0.05594354 -0.01298453
v 0.00526254 0.05618732 -0.01269772
v 0.00539845 0.05631895 -0.01257296
v 0.00546903 0.05639217 -0.01250350
v 0.00454114 0.05627538 -0.01294981
v 0.00468489 0.05620586 -0.01292666
v 0.00483649 0.05635046 -0.01278903
v 0.00607019 0.05599452 -0.01241090
v 0.00598525 0.05651268 -0.01216909
v 0.00798609 0.05651360 -0.01077101
v 0.00820434 0.05653585 -0.01058709
v 0.00817689 0.05630504 -0.01076458
v 0.00782534 0.05635695 -0.01100124
v 0.00607281 0.05659981 -0.01206234
v 0.00602837 0.05675831 -0.01199675
v 0.00583234 0.05696409 -0.01199932
v 0.00731696 0.05644130 -0.01132021
v 0.00745811 0.05618269 -0.01139610
v 0.00637078 0.05709664 -0.01155944
v 0.00576961 0.05709664 -0.01195945
v 0.00587416 0.05719953 -0.01182568
v 0.00623747 0.05716709 -0.01160446
v 0.00648186 0.05680837 -0.01166748
v 0.00643351 0.05696317 -0.01160189
v 0.00776392 0.05649043 -0.01095494
v 0.00833895 0.05645799 -0.01053307
v 0.00842128 0.05655717 -0.01040059
v 0.00858072 0.05671011 -0.01016779
v 0.00861993 0.05660166 -0.01020380
v 0.00920280 0.05634027 -0.00979094
v 0.00872056 0.05660166 -0.01010605
v 0.00881727 0.05660166 -0.01000702
v 0.00895972 0.05648116 -0.00994657
v 0.00908126 0.05641071 -0.00986940
v 0.00962754 0.05620123 -0.00942180
v 0.00972686 0.05620123 -0.00930476
v 0.00981181 0.05620123 -0.00920444
v 0.00996341 0.05628372 -0.00894592
v 0.00991767 0.05621049 -0.00906682
v 0.01014506 0.05624943 -0.00871698
v 0.00877937 0.05670826 -0.00996715
v 0.00909433 0.05662854 -0.00968419
v 0.00916621 0.05669065 -0.00955171
v 0.00928644 0.05661649 -0.00947582
v 0.00946810 0.05639217 -0.00945396
v 0.00958702 0.05631895 -0.00937679
v 0.01020518 0.05694555 -0.00800314
v 0.01015944 0.05707903 -0.00794012
v 0.01033848 0.05704937 -0.00770989
v 0.01015421 0.05666933 -0.00833112
v 0.01001176 0.05635695 -0.00881344
v 0.01020126 0.05674163 -0.00819864
v 0.01015683 0.05687511 -0.00813691
v 0.01037769 0.05730520 -0.00736648
v 0.01041036 0.05718934 -0.00744494
v 0.01020518 0.05714484 -0.00780636
v 0.01011762 0.05720788 -0.00786938
v 0.01027053 0.05719675 -0.00765716
v 0.01020257 0.05733765 -0.00760443
v 0.01033587 0.05724773 -0.00749896
v 0.01055020 0.05726071 -0.00711439
v 0.01059071 0.05712723 -0.00719156
v 0.01079589 0.05693721 -0.00700249
v 0.01083510 0.05680651 -0.00706680
v 0.01096448 0.05668138 -0.00694204
v 0.01103767 0.05660908 -0.00687002
v 0.01093573 0.05660908 -0.00706937
v 0.01116574 0.05648116 -0.00674268
v 0.01099846 0.05674441 -0.00680828
v 0.01116444 0.05668138 -0.00654075
v 0.01136439 0.05667952 -0.00613946
v 0.01153821 0.05640886 -0.00607130
v 0.01139706 0.05674070 -0.00600570
v 0.01136047 0.05687418 -0.00592982
v 0.01157218 0.05689643 -0.00535232
v 0.01138007 0.05710962 -0.00557226
v 0.01141274 0.05699746 -0.00564814
v 0.01118796 0.05712167 -0.00598769
v 0.01120887 0.05719397 -0.00584364
v 0.01154082 0.05700117 -0.00527643
v 0.01140098 0.05714484 -0.00546164
v 0.01143104 0.05721158 -0.00526486
v 0.01191851 0.05638476 -0.00504749
v 0.01196033 0.05626889 -0.00510408
v 0.01194465 0.05620123 -0.00527772
v 0.01163492 0.05681856 -0.00527643
v 0.01179305 0.05653585 -0.00522241
v 0.01205573 0.05620123 -0.00486100
v 0.01197863 0.05630597 -0.00497032
v 0.01201653 0.05660815 -0.00425649
v 0.01198124 0.05671382 -0.00418575
v 0.01218250 0.05651453 -0.00378832
v 0.01234325 0.05644037 -0.00326098
v 0.01219818 0.05654419 -0.00366099
v 0.01214591 0.05664430 -0.00366099
v 0.01206357 0.05680095 -0.00366099
v 0.01216420 0.05667860 -0.00350407
v 0.01196294 0.05647560 -0.00471309
v 0.01241121 0.05637178 -0.00306034
v 0.01236024 0.05647189 -0.00306034
v 0.01251184 0.05620123 -0.00286098
v 0.01257195 0.05609185 -0.00272464
v 0.01253928 0.05618547 -0.00265905
v 0.01258502 0.05612336 -0.00246098
v 0.01274969 0.05584621 -0.00186033
v 0.01260201 0.05615395 -0.00186033
v 0.01280066 0.05575259 -0.00165968
v 0.01280327 0.05575630 -0.00146033
v 0.01254059 0.05622347 -0.00246098
v 0.01259286 0.05613912 -0.00226033
v 0.01266736 0.05600101 -0.00206097
v 0.01280327 0.05575630 -0.00141788
v 0.00361063 0.05652658 -0.01317489
v 0.00367075 0.05619196 -0.01331508
v 0.00374393 0.05648023 -0.01315302
v 0.00383411 0.05634675 -0.01318518
v 0.00389031 0.05640886 -0.01313502
v 0.00389031 0.05621791 -0.01322634
v 0.00396741 0.05629577 -0.01316074
v 0.00367598 0.05640886 -0.01320962
v -0.00011922 0.05762129 -0.01359804
v -0.00004734 0.05770193 -0.01356332
v -0.00011922 0.05778165 -0.01352345
v -0.00018326 0.05700117 -0.01385785
v -0.00018326 0.05716524 -0.01378969
v -0.00018326 0.05740161 -0.01369065
v 0.00027284 0.05806622 -0.01333824
v 0.00007289 0.05808846 -0.01335496
v -0.00001075 0.05870858 -0.01296782
v -0.00012706 0.05798650 -0.01341412
v 0.00376485 0.05809773 -0.01216009
v 0.00337409 0.05770193 -0.01256267
v 0.00327346 0.05737843 -0.01281476
v 0.00307350 0.05727462 -0.01294724
v 0.00329045 0.05720046 -0.01292408
v 0.00347341 0.05732838 -0.01278132
v 0.00347341 0.05720139 -0.01286106
v 0.00347341 0.05706791 -0.01294338
v 0.00367598 0.05699561 -0.01291122
v 0.00374524 0.05688160 -0.01295238
v 0.00383934 0.05674812 -0.01298711
v -0.00018326 0.06419974 -0.00206097
v 0.00027284 0.06420623 -0.00186033
v 0.00067275 0.06420531 -0.00146033
v 0.00067275 0.06420809 -0.00165968
v 0.00047280 0.06420623 -0.00186033
v 0.00067275 0.06420438 -0.00141788
v 0.00571733 0.05684915 -0.01213308
v 0.00578791 0.05671567 -0.01217038
v 0.00558403 0.05690940 -0.01216781
v 0.00593558 0.05626148 -0.01234016
v 0.00587155 0.05619752 -0.01241218
v 0.00545988 0.05659425 -0.01239675
v 0.00407458 0.05640144 -0.01306942
v 0.00440783 0.05632822 -0.01297682
v 0.00407458 0.05655995 -0.01299225
v 0.00397264 0.05669992 -0.01296267
v 0.00507435 0.05654512 -0.01258710
v 0.00517890 0.05650433 -0.01256524
v 0.00432419 0.05646169 -0.01294209
v 0.00599962 0.05612800 -0.01237746
v 0.00801223 0.05674163 -0.01059095
v 0.00814553 0.05666933 -0.01053950
v 0.00792336 0.05664708 -0.01072471
v 0.00828536 0.05661371 -0.01047004
v 0.00746072 0.05638661 -0.01125205
v 0.00646879 0.05719397 -0.01141925
v 0.00617344 0.05730057 -0.01156202
v 0.00569250 0.05721622 -0.01192986
v 0.00580620 0.05733301 -0.01178324
v 0.00563631 0.05715968 -0.01199675
v 0.00556312 0.05729315 -0.01195687
v 0.00593950 0.05726535 -0.01173951
v 0.00786978 0.05679632 -0.01065911
v 0.00836509 0.05669065 -0.01035429
v 0.00846310 0.05678705 -0.01020766
v 0.00838861 0.05691682 -0.01017294
v 0.00852191 0.05684359 -0.01011634
v 0.00859379 0.05692423 -0.00998258
v 0.00865391 0.05677592 -0.01004175
v 0.00977652 0.05630411 -0.00916328
v 0.00978306 0.05651268 -0.00897164
v 0.00992812 0.05641535 -0.00887260
v 0.00996733 0.05649043 -0.00875170
v 0.00872709 0.05684174 -0.00991055
v 0.00878852 0.05691960 -0.00977808
v 0.00893489 0.05680095 -0.00971763
v 0.00897279 0.05669992 -0.00976007
v 0.00902506 0.05680095 -0.00961730
v 0.00922371 0.05676758 -0.00941923
v 0.00898194 0.05691218 -0.00957100
v 0.00935701 0.05667674 -0.00934078
v 0.00953867 0.05645242 -0.00932020
v 0.00997778 0.05710499 -0.00816520
v 0.00986408 0.05738677 -0.00804687
v 0.01008495 0.05661649 -0.00847517
v 0.00997125 0.05669621 -0.00855749
v 0.01001699 0.05656273 -0.00861794
v 0.00997517 0.05690106 -0.00836070
v 0.01036854 0.05749245 -0.00715169
v 0.01040775 0.05754621 -0.00701793
v 0.01040775 0.05734692 -0.00726230
v 0.01015291 0.05747113 -0.00752726
v 0.01019473 0.05752767 -0.00739349
v 0.01018558 0.05771584 -0.00717870
v 0.01000784 0.05738492 -0.00784366
v 0.01015813 0.05727832 -0.00773690
v 0.00956873 0.05769359 -0.00815363
v 0.01011239 0.05740346 -0.00766745
v 0.01054105 0.05744981 -0.00689703
v 0.01058418 0.05731633 -0.00698063
v 0.01079067 0.05712723 -0.00679284
v 0.01075669 0.05707069 -0.00692661
v 0.01082857 0.05700302 -0.00686101
v 0.01096187 0.05687789 -0.00673625
v 0.01103505 0.05680744 -0.00666680
v 0.01119449 0.05693443 -0.00619991
v 0.01115529 0.05706791 -0.00612146
v 0.01133956 0.05724495 -0.00546164
v 0.01136570 0.05728574 -0.00533431
v 0.01114745 0.05725515 -0.00589766
v 0.01117620 0.05730335 -0.00576390
v 0.01119841 0.05733672 -0.00566229
v 0.01101676 0.05719675 -0.00625136
v 0.01098278 0.05731355 -0.00617676
v 0.01101022 0.05735619 -0.00606229
v 0.01151337 0.05718285 -0.00504363
v 0.01155781 0.05706791 -0.00509894
v 0.01159179 0.05693443 -0.00521984
v 0.01138922 0.05732189 -0.00520055
v 0.01185970 0.05660166 -0.00486100
v 0.01194334 0.05643574 -0.00486100
v 0.01171725 0.05678427 -0.00504621
v 0.01160747 0.05700117 -0.00504363
v 0.01194595 0.05664245 -0.00446099
v 0.01196425 0.05667952 -0.00431951
v 0.01192504 0.05678890 -0.00425649
v 0.01199692 0.05674348 -0.00406099
v 0.01201522 0.05680744 -0.00385006
v 0.01211977 0.05678334 -0.00344748
v 0.01218904 0.05672494 -0.00326098
v 0.01197993 0.05690848 -0.00377674
v 0.01199300 0.05693258 -0.00366099
v 0.01177475 0.05729964 -0.00375616
v 0.01241513 0.05641442 -0.00285198
v 0.01236939 0.05648950 -0.00291243
v 0.01220603 0.05675646 -0.00306034
v 0.01216551 0.05688160 -0.00286098
v 0.01217335 0.05689643 -0.00273622
v 0.01244257 0.05640144 -0.00266034
v 0.01254581 0.05623923 -0.00226033
v 0.01259809 0.05614746 -0.00206097
v 0.01255496 0.05625870 -0.00165968
v 0.01268042 0.05600101 -0.00165968
v 0.01275230 0.05585270 -0.00165968
v 0.01254974 0.05624757 -0.00206097
v 0.01247524 0.05640144 -0.00206097
v 0.01248047 0.05640144 -0.00186033
v 0.01255627 0.05626055 -0.00146033
v 0.01245825 0.05640144 -0.00246098
v 0.01255627 0.05626055 -0.00141788
v 0.00389292 0.05662020 -0.01303084
v -0.00018326 0.05770101 -0.01356332
v -0.00018326 0.05778814 -0.01351830
v 0.00021273 0.05832112 -0.01317618
v 0.00027677 0.05821453 -0.01323148
v -0.00012706 0.05808661 -0.01335367
v -0.00012706 0.05835079 -0.01319290
v -0.00012706 0.05845090 -0.01313116
v -0.00012706 0.05860199 -0.01303727
v -0.00012706 0.05870951 -0.01296782
v -0.00012706 0.05880962 -0.01288550
v -0.00012706 0.05892919 -0.01278646
v -0.00012706 0.05902930 -0.01270029
v -0.00012706 0.05914424 -0.01259997
v 0.00001539 0.05891807 -0.01277617
v 0.00017483 0.05910253 -0.01256395
v 0.00407458 0.05873454 -0.01159031
v 0.00419481 0.05871137 -0.01156973
v 0.00387462 0.05854822 -0.01179739
v 0.00388246 0.05839528 -0.01190671
v 0.00382235 0.05832391 -0.01197874
v -0.00018326 0.05798279 -0.01341283
v 0.00368774 0.05819784 -0.01211379
v 0.00395565 0.05829239 -0.01195559
v 0.00407458 0.05825995 -0.01193372
v 0.00387462 0.05806807 -0.01213951
v 0.00402099 0.05792810 -0.01218067
v 0.00388769 0.05780019 -0.01231701
v 0.00383019 0.05773252 -0.01238389
v 0.00363808 0.05753508 -0.01258582
v 0.00350739 0.05766856 -0.01254080
v 0.00345381 0.05760182 -0.01260382
v 0.00347341 0.05742849 -0.01271444
v 0.00357404 0.05730150 -0.01276331
v 0.00370734 0.05726257 -0.01273887
v 0.00365376 0.05719768 -0.01279804
v 0.00387985 0.05719768 -0.01271444
v 0.00387985 0.05701229 -0.01282376
v 0.00407458 0.05704196 -0.01272987
v 0.00389292 0.05680929 -0.01293437
v -0.00012706 0.06419974 -0.00206097
v -0.00018326 0.06418862 -0.00226033
v 0.00087271 0.06420253 -0.00146033
v 0.00067275 0.06420438 -0.00186033
v 0.00087271 0.06420531 -0.00165968
v 0.00047280 0.06419789 -0.00206097
v 0.00027284 0.06419882 -0.00206097
v 0.00083088 0.06420160 -0.00141788
v 0.00547425 0.05705308 -0.01213565
v 0.00548732 0.05721622 -0.01203662
v 0.00528998 0.05701785 -0.01223469
v 0.00516321 0.05689272 -0.01235816
v 0.00407458 0.05680095 -0.01286492
v 0.00439999 0.05672031 -0.01277360
v 0.00482604 0.05674070 -0.01258453
v 0.00495934 0.05668972 -0.01255623
v 0.00794819 0.05687511 -0.01054336
v 0.00809064 0.05681856 -0.01047519
v 0.00823178 0.05676295 -0.01040702
v 0.00627015 0.05739512 -0.01142311
v 0.00633288 0.05745815 -0.01133179
v 0.00635901 0.05768525 -0.01115044
v 0.00642305 0.05755177 -0.01119802
v 0.00646095 0.05778628 -0.01100252
v 0.00588984 0.05741551 -0.01167263
v 0.00597218 0.05749893 -0.01156073
v 0.00589376 0.05761943 -0.01152986
v 0.00607019 0.05759719 -0.01142311
v 0.00613292 0.05766022 -0.01133307
v 0.00619957 0.05752674 -0.01138066
v 0.00573432 0.05746649 -0.01173822
v 0.00576961 0.05769730 -0.01155944
v 0.00560102 0.05752211 -0.01177681
v 0.00542982 0.05734135 -0.01198774
v 0.00533572 0.05747391 -0.01194401
v 0.00548732 0.05740531 -0.01191700
v 0.00545596 0.05759441 -0.01180125
v 0.00781489 0.05694463 -0.01059352
v 0.00688308 0.05781131 -0.01066940
v 0.00803575 0.05696595 -0.01040959
v 0.00797171 0.05709942 -0.01036072
v 0.00799393 0.05732282 -0.01017808
v 0.00832457 0.05705030 -0.01012020
v 0.00840037 0.05712909 -0.00998644
v 0.00860686 0.05733765 -0.00959544
v 0.00867743 0.05740439 -0.00946425
v 0.00880420 0.05733672 -0.00939351
v 0.00866436 0.05698912 -0.00985010
v 0.00853367 0.05705771 -0.00992213
v 0.00959487 0.05652936 -0.00918643
v 0.00955827 0.05707903 -0.00874141
v 0.00956350 0.05728574 -0.00854591
v 0.00961055 0.05715226 -0.00860765
v 0.00979090 0.05692423 -0.00858321
v 0.00966544 0.05658776 -0.00904881
v 0.00937139 0.05709664 -0.00895749
v 0.00937662 0.05730428 -0.00876456
v 0.00993596 0.05661835 -0.00867582
v 0.00879636 0.05712816 -0.00958644
v 0.00885909 0.05698263 -0.00964560
v 0.00917405 0.05690013 -0.00936135
v 0.00918842 0.05732004 -0.00897807
v 0.00899762 0.05733116 -0.00918772
v 0.00906035 0.05718285 -0.00924560
v 0.00947594 0.05660352 -0.00926360
v 0.00986278 0.05718378 -0.00824495
v 0.00979743 0.05733301 -0.00819093
v 0.00994250 0.05682134 -0.00847903
v 0.01039860 0.05773345 -0.00680185
v 0.01032803 0.05760831 -0.00707580
v 0.01043258 0.05780111 -0.00665651
v 0.00997517 0.05750264 -0.00776391
v 0.00996864 0.05769359 -0.00755298
v 0.01007319 0.05779833 -0.00725844
v 0.01006404 0.05798650 -0.00704365
v 0.01020649 0.05794386 -0.00686230
v 0.00974777 0.05766486 -0.00792083
v 0.00986147 0.05758421 -0.00784237
v 0.00956611 0.05748966 -0.00835041
v 0.00953214 0.05761665 -0.00827453
v 0.00941974 0.05758699 -0.00844945
v 0.00938446 0.05771491 -0.00837356
v 0.00942366 0.05778999 -0.00825009
v 0.00938446 0.05791513 -0.00817549
v 0.01052798 0.05780575 -0.00647258
v 0.01056719 0.05768896 -0.00654590
v 0.01057634 0.05750264 -0.00676326
v 0.01070180 0.05739048 -0.00665265
v 0.01078413 0.05731540 -0.00657934
v 0.01091482 0.05719675 -0.00645972
v 0.01095664 0.05706976 -0.00652532
v 0.01092528 0.05700210 -0.00666680
v 0.01098931 0.05712631 -0.00639156
v 0.01116182 0.05748040 -0.00552595
v 0.01118665 0.05751840 -0.00539219
v 0.01131734 0.05739419 -0.00526486
v 0.01097102 0.05749523 -0.00595297
v 0.01099977 0.05753972 -0.00581920
v 0.01113307 0.05743683 -0.00566229
v 0.01095011 0.05725978 -0.00631053
v 0.01067174 0.05759534 -0.00645458
v 0.01059986 0.05774179 -0.00641342
v 0.01055804 0.05787527 -0.00632596
v 0.01058941 0.05792347 -0.00619220
v 0.01084425 0.05761202 -0.00606872
v 0.01151337 0.05738307 -0.00464492
v 0.01153821 0.05723012 -0.00486100
v 0.01159048 0.05713001 -0.00486100
v 0.01157611 0.05710313 -0.00496518
v 0.01141013 0.05735711 -0.00506164
v 0.01143365 0.05741366 -0.00486614
v 0.01141013 0.05755640 -0.00466164
v 0.01114222 0.05765280 -0.00526100
v 0.01134479 0.05745722 -0.00506164
v 0.01134479 0.05765651 -0.00466164
v 0.01136570 0.05768803 -0.00453431
v 0.01138791 0.05772047 -0.00440054
v 0.01177998 0.05690940 -0.00457675
v 0.01174339 0.05703825 -0.00446099
v 0.01181396 0.05700673 -0.00424877
v 0.01179305 0.05713372 -0.00406099
v 0.01215113 0.05685657 -0.00306034
v 0.01195902 0.05707069 -0.00346034
v 0.01197079 0.05709294 -0.00333430
v 0.01157480 0.05750079 -0.00415874
v 0.01181657 0.05717729 -0.00386163
v 0.01176299 0.05727740 -0.00386163
v 0.01159048 0.05752860 -0.00402626
v 0.01154082 0.05759812 -0.00408028
v 0.01155258 0.05766022 -0.00386163
v 0.01178782 0.05732282 -0.00362240
v 0.01237723 0.05650526 -0.00277866
v 0.01232626 0.05658405 -0.00285198
v 0.01210017 0.05700117 -0.00286098
v 0.01197601 0.05730150 -0.00256001
v 0.01222301 0.05681856 -0.00266548
v 0.01238376 0.05651731 -0.00266034
v 0.01239160 0.05653307 -0.00246098
v 0.01246740 0.05640144 -0.00226033
v 0.01248439 0.05640144 -0.00165968
v 0.01239683 0.05654326 -0.00226033
v 0.01240075 0.05654975 -0.00206097
v 0.01240336 0.05655531 -0.00186033
v 0.01248570 0.05640144 -0.00146033
v 0.01248570 0.05640144 -0.00141788
v -0.00018326 0.05811813 -0.01333052
v -0.00018326 0.05837489 -0.01317360
v -0.00018326 0.05865297 -0.01300125
v -0.00018326 0.05870766 -0.01296653
v -0.00018326 0.05895608 -0.01276331
v -0.00018326 0.05906175 -0.01267328
v -0.00018326 0.05914517 -0.01260125
v -0.00012706 0.05924435 -0.01250479
v 0.00007289 0.05922118 -0.01248550
v 0.00007289 0.05912107 -0.01257939
v -0.00018326 0.05917298 -0.01257681
v 0.00018790 0.05930738 -0.01236845
v 0.00379621 0.05951038 -0.01097037
v 0.00391514 0.05928143 -0.01114272
v 0.00407458 0.05894403 -0.01140124
v 0.00407458 0.05883465 -0.01150156
v 0.00420527 0.05891714 -0.01137680
v 0.00426669 0.05879757 -0.01145912
v 0.00432811 0.05867707 -0.01154144
v 0.00426669 0.05860662 -0.01161861
v 0.00414254 0.05848612 -0.01175108
v 0.00400923 0.05851856 -0.01177424
v 0.00407458 0.05859179 -0.01169835
v 0.00427453 0.05844997 -0.01172665
v 0.00427584 0.05819414 -0.01190157
v 0.00434380 0.05808476 -0.01195044
v 0.00408242 0.05799763 -0.01210993
v 0.00396349 0.05769637 -0.01235945
v 0.00427453 0.05775662 -0.01219996
v 0.00387462 0.05747205 -0.01254337
v 0.00387462 0.05737194 -0.01260897
v 0.00402099 0.05733023 -0.01258067
v 0.00415430 0.05728852 -0.01255495
v 0.00408242 0.05721344 -0.01262698
v 0.00407458 0.05694185 -0.01278646
v 0.00427453 0.05714577 -0.01258839
v 0.00438170 0.05710777 -0.01256652
v -0.00012706 0.06418862 -0.00226033
v -0.00018326 0.06417657 -0.00240567
v 0.00087271 0.06420067 -0.00141788
v 0.00103084 0.06419696 -0.00141788
v 0.00107266 0.06419696 -0.00146033
v 0.00067275 0.06419604 -0.00206097
v 0.00087271 0.06420067 -0.00186033
v 0.00107266 0.06419882 -0.00165968
v 0.00007289 0.06418769 -0.00226033
v 0.00528998 0.05720788 -0.01212794
v 0.00514492 0.05727925 -0.01214980
v 0.00502991 0.05694370 -0.01238646
v 0.00417782 0.05690477 -0.01276460
v 0.00473848 0.05687418 -0.01254723
v 0.00728298 0.05761295 -0.01051120
v 0.00745811 0.05758421 -0.01039930
v 0.00638385 0.05791049 -0.01096908
v 0.00622571 0.05775199 -0.01119931
v 0.00654067 0.05806900 -0.01073886
v 0.00668574 0.05801431 -0.01067069
v 0.00599962 0.05772511 -0.01137938
v 0.00615645 0.05788454 -0.01115044
v 0.00569120 0.05780853 -0.01151700
v 0.00579183 0.05791513 -0.01137295
v 0.00592513 0.05785858 -0.01133050
v 0.00618128 0.05810700 -0.01096651
v 0.00563631 0.05774735 -0.01159674
v 0.00550954 0.05765559 -0.01173050
v 0.00527169 0.05740531 -0.01201861
v 0.00520242 0.05752118 -0.01197488
v 0.00527169 0.05759348 -0.01189256
v 0.00537624 0.05770286 -0.01176395
v 0.00682819 0.05795869 -0.01060381
v 0.00696149 0.05788917 -0.01055365
v 0.00745811 0.05778536 -0.01025011
v 0.00720457 0.05813388 -0.01018580
v 0.00733787 0.05806436 -0.01013178
v 0.00806712 0.05739419 -0.01005718
v 0.00826446 0.05719119 -0.01005461
v 0.00846964 0.05719675 -0.00985782
v 0.00800569 0.05753416 -0.00999158
v 0.00754697 0.05807363 -0.00993628
v 0.00833633 0.05726257 -0.00992599
v 0.00848270 0.05761017 -0.00946939
v 0.00861993 0.05775106 -0.00920701
v 0.00875323 0.05767691 -0.00914013
v 0.00874670 0.05747020 -0.00933306
v 0.00881727 0.05775106 -0.00900637
v 0.00895710 0.05788083 -0.00874270
v 0.00895057 0.05767320 -0.00893563
v 0.00894404 0.05746464 -0.00912855
v 0.00854021 0.05726442 -0.00972792
v 0.00932826 0.05743776 -0.00870411
v 0.00938184 0.05751098 -0.00857035
v 0.00952691 0.05741458 -0.00847260
v 0.00919496 0.05752952 -0.00878643
v 0.00901199 0.05774735 -0.00880315
v 0.00914530 0.05766300 -0.00872598
v 0.01038815 0.05792069 -0.00658577
v 0.01041428 0.05799299 -0.00644429
v 0.00995034 0.05806993 -0.00712339
v 0.00967720 0.05780482 -0.00786552
v 0.00951776 0.05800689 -0.00787195
v 0.00978306 0.05791327 -0.00757613
v 0.00981965 0.05795962 -0.00746295
v 0.00999216 0.05812369 -0.00698963
v 0.01013069 0.05804397 -0.00686230
v 0.01016598 0.05808939 -0.00674654
v 0.00933349 0.05804861 -0.00809961
v 0.00956219 0.05788639 -0.00794398
v 0.00926684 0.05779185 -0.00845202
v 0.00920149 0.05793737 -0.00839672
v 0.00915052 0.05807085 -0.00832983
v 0.00920019 0.05813388 -0.00819607
v 0.01095664 0.05767320 -0.00571374
v 0.01067566 0.05800226 -0.00586293
v 0.01098278 0.05771306 -0.00558126
v 0.01100500 0.05774550 -0.00546164
v 0.01061816 0.05796611 -0.00606229
v 0.01075146 0.05786507 -0.00590281
v 0.01037769 0.05810515 -0.00636583
v 0.01050838 0.05799484 -0.00626036
v 0.01055151 0.05806622 -0.00606229
v 0.01149508 0.05760182 -0.00426163
v 0.01153690 0.05743034 -0.00446099
v 0.01157741 0.05730428 -0.00456775
v 0.01161008 0.05720324 -0.00464492
v 0.01143235 0.05761295 -0.00446485
v 0.01116444 0.05768617 -0.00512981
v 0.01096056 0.05788176 -0.00532145
v 0.01098409 0.05791513 -0.00518897
v 0.01118665 0.05771954 -0.00499733
v 0.01121018 0.05775291 -0.00486100
v 0.01123762 0.05781224 -0.00466035
v 0.01118665 0.05791698 -0.00459347
v 0.01131603 0.05779277 -0.00446485
v 0.01113699 0.05804768 -0.00446099
v 0.01133956 0.05785024 -0.00426163
v 0.01140752 0.05775013 -0.00426163
v 0.01171986 0.05718563 -0.00424877
v 0.01156304 0.05747669 -0.00426163
v 0.01207011 0.05700117 -0.00306034
v 0.01200999 0.05716338 -0.00286098
v 0.01198255 0.05711426 -0.00320053
v 0.01192897 0.05718934 -0.00326484
v 0.01142189 0.05780946 -0.00404427
v 0.01146502 0.05780204 -0.00386163
v 0.01151599 0.05778443 -0.00364941
v 0.01156565 0.05768525 -0.00370858
v 0.01195380 0.05726349 -0.00286098
v 0.01187408 0.05740161 -0.00286098
v 0.01190283 0.05740161 -0.00266034
v 0.01181004 0.05755919 -0.00266034
v 0.01182180 0.05757865 -0.00246098
v 0.01193289 0.05738863 -0.00248027
v 0.01193289 0.05742756 -0.00226033
v 0.01199039 0.05732745 -0.00226033
v 0.01213415 0.05702434 -0.00246098
v 0.01218773 0.05692423 -0.00246098
v 0.01226483 0.05680095 -0.00226033
v 0.01234586 0.05664337 -0.00226033
v 0.01219426 0.05693814 -0.00226033
v 0.01240467 0.05655810 -0.00165968
v 0.01240598 0.05655902 -0.00146033
v 0.01234978 0.05664986 -0.00206097
v 0.01235240 0.05665542 -0.00186033
v 0.01235370 0.05665913 -0.00141788
v -0.00012706 0.05934075 -0.01240447
v 0.00007289 0.05932129 -0.01238517
v -0.00018326 0.05924528 -0.01250736
v -0.00018326 0.05927401 -0.01247906
v -0.00018326 0.05934353 -0.01240704
v 0.00198617 0.06010547 -0.01096651
v 0.00247364 0.06023246 -0.01068484
v 0.00267098 0.06020095 -0.01066169
v 0.00287355 0.06017036 -0.01063596
v 0.00323817 0.06012030 -0.01058194
v 0.00337147 0.06010084 -0.01056136
v 0.00347341 0.05998312 -0.01063725
v 0.00367336 0.05983944 -0.01070413
v 0.00380536 0.05971523 -0.01077487
v 0.00407458 0.05904413 -0.01130735
v 0.00421311 0.05932221 -0.01098195
v 0.00433857 0.05888377 -0.01134465
v 0.00407458 0.05914981 -0.01120703
v 0.00407458 0.05924991 -0.01111185
v 0.00407458 0.05945384 -0.01091506
v 0.00447448 0.05874566 -0.01140381
v 0.00449278 0.05860662 -0.01151443
v 0.00457250 0.05850095 -0.01156202
v 0.00443920 0.05854359 -0.01159288
v 0.00439607 0.05831556 -0.01177166
v 0.00427584 0.05801153 -0.01202633
v 0.00447448 0.05804675 -0.01192472
v 0.00447448 0.05794664 -0.01199289
v 0.00447187 0.05779277 -0.01209835
v 0.00407458 0.05756475 -0.01240575
v 0.00440391 0.05771954 -0.01217424
v 0.00421311 0.05752489 -0.01237874
v 0.00408242 0.05739883 -0.01251250
v 0.00427453 0.05724588 -0.01253051
v 0.00427845 0.05741180 -0.01242633
v 0.00447448 0.05734414 -0.01239032
v 0.00458426 0.05730891 -0.01236717
v 0.00480774 0.05712723 -0.01237746
v -0.00018326 0.06417194 -0.00246098
v 0.00107266 0.06419511 -0.00141788
v 0.00127261 0.06418399 -0.00141788
v 0.00127261 0.06418491 -0.00146033
v 0.00067275 0.06418028 -0.00226033
v 0.00047280 0.06418399 -0.00226033
v 0.00087271 0.06419048 -0.00206097
v 0.00107266 0.06419233 -0.00186033
v 0.00127261 0.06418491 -0.00165968
v 0.00501161 0.05732652 -0.01217810
v 0.00507696 0.05739697 -0.01210736
v 0.00688700 0.05801616 -0.01051763
v 0.00686217 0.05818950 -0.01040959
v 0.00711832 0.05804490 -0.01031956
v 0.00640868 0.05813296 -0.01078645
v 0.00648709 0.05821267 -0.01067069
v 0.00668835 0.05821638 -0.01052021
v 0.00676415 0.05809217 -0.01055493
v 0.00554352 0.05787990 -0.01154529
v 0.00567421 0.05795499 -0.01140767
v 0.00567421 0.05805509 -0.01132278
v 0.00581012 0.05812647 -0.01118259
v 0.00596041 0.05829146 -0.01095365
v 0.00594342 0.05807920 -0.01114401
v 0.00620088 0.05832298 -0.01078002
v 0.00635248 0.05848519 -0.01054850
v 0.00643089 0.05835171 -0.01060252
v 0.00545988 0.05779185 -0.01165591
v 0.00541021 0.05792532 -0.01158131
v 0.00507435 0.05756382 -0.01200318
v 0.00496979 0.05769822 -0.01196073
v 0.00507435 0.05766393 -0.01193629
v 0.00507565 0.05780946 -0.01183211
v 0.00527430 0.05783727 -0.01171507
v 0.00706212 0.05819043 -0.01025397
v 0.00686347 0.05839157 -0.01025525
v 0.00680597 0.05853617 -0.01018837
v 0.00713923 0.05826644 -0.01013306
v 0.00741367 0.05814223 -0.00999801
v 0.00761101 0.05794015 -0.00999544
v 0.00748294 0.05821082 -0.00987068
v 0.00815729 0.05808383 -0.00934592
v 0.00794819 0.05787434 -0.00973692
v 0.00714968 0.05847778 -0.00993885
v 0.00828536 0.05781316 -0.00947197
v 0.00856373 0.05809032 -0.00895106
v 0.00862516 0.05795684 -0.00901280
v 0.00875846 0.05788454 -0.00894592
v 0.00896233 0.05808846 -0.00854849
v 0.00926422 0.05758699 -0.00864752
v 0.00919888 0.05773530 -0.00859222
v 0.00901591 0.05795499 -0.00860894
v 0.00914922 0.05786785 -0.00852919
v 0.01033848 0.05805417 -0.00649959
v 0.00974124 0.05805973 -0.00746295
v 0.00977391 0.05810051 -0.00736134
v 0.00955435 0.05807641 -0.00773176
v 0.00966936 0.05799484 -0.00765330
v 0.00937792 0.05810608 -0.00796713
v 0.00981704 0.05815242 -0.00722758
v 0.00993596 0.05825717 -0.00690217
v 0.00997909 0.05830629 -0.00676841
v 0.01002222 0.05819506 -0.00684558
v 0.01020518 0.05814037 -0.00661407
v 0.00908257 0.05801246 -0.00847260
v 0.00901722 0.05815057 -0.00841472
v 0.00908126 0.05820897 -0.00826810
v 0.00914399 0.05826644 -0.00811504
v 0.01057242 0.05809866 -0.00595682
v 0.01059855 0.05813574 -0.00582306
v 0.01079851 0.05793552 -0.00566229
v 0.01072924 0.05803563 -0.00566229
v 0.01093573 0.05784468 -0.00546164
v 0.01040514 0.05814037 -0.00626165
v 0.01015160 0.05827385 -0.00652275
v 0.01019081 0.05831927 -0.00638898
v 0.01032542 0.05824048 -0.00626165
v 0.01044565 0.05821082 -0.00606101
v 0.01159048 0.05733023 -0.00446099
v 0.01114091 0.05785302 -0.00486100
v 0.01082726 0.05800597 -0.00545007
v 0.01075669 0.05807549 -0.00550923
v 0.01078021 0.05810793 -0.00537547
v 0.01093442 0.05804583 -0.00506164
v 0.01100630 0.05794572 -0.00506164
v 0.01103244 0.05800875 -0.00485457
v 0.01100369 0.05814037 -0.00466164
v 0.01116052 0.05808105 -0.00430922
v 0.01102591 0.05820711 -0.00444684
v 0.01136047 0.05788083 -0.00410086
v 0.01122847 0.05800967 -0.00425006
v 0.01117881 0.05810700 -0.00417546
v 0.01193811 0.05723568 -0.00306034
v 0.01176299 0.05747947 -0.00326098
v 0.01182049 0.05737936 -0.00326098
v 0.01137615 0.05790400 -0.00396710
v 0.01138791 0.05791976 -0.00386163
v 0.01140752 0.05794942 -0.00366099
v 0.01152514 0.05782151 -0.00346034
v 0.01158787 0.05772140 -0.00346034
v 0.01157741 0.05770564 -0.00357481
v 0.01169111 0.05760182 -0.00326098
v 0.01179566 0.05753416 -0.00286098
v 0.01174861 0.05765929 -0.00266034
v 0.01176168 0.05767876 -0.00246098
v 0.01182180 0.05761573 -0.00224490
v 0.01177606 0.05770286 -0.00216901
v 0.01193811 0.05743776 -0.00206097
v 0.01199562 0.05733765 -0.00206097
v 0.01205704 0.05720139 -0.00226033
v 0.01206750 0.05720139 -0.00206097
v 0.01227268 0.05680095 -0.00206097
v 0.01235370 0.05665820 -0.00165968
v 0.01220210 0.05695204 -0.00165968
v 0.01228052 0.05680095 -0.00146033
v 0.01220210 0.05695204 -0.00141788
v 0.01220080 0.05694926 -0.00186033
v -0.00018326 0.05937134 -0.01237746
v -0.00012706 0.05944086 -0.01229257
v 0.00002062 0.05951224 -0.01217552
v 0.00008204 0.05943530 -0.01225012
v 0.00227369 0.06034370 -0.01061281
v 0.00247364 0.06032145 -0.01058580
v 0.00259387 0.06030662 -0.01056779
v 0.00287355 0.06026954 -0.01052535
v 0.00307350 0.06024266 -0.01049320
v 0.00333619 0.06029179 -0.01035043
v 0.00347341 0.06027140 -0.01032599
v 0.00347341 0.06017129 -0.01044303
v 0.00367336 0.06013977 -0.01040574
v 0.00347341 0.06008323 -0.01054336
v 0.00367336 0.05994604 -0.01060381
v 0.00381189 0.05991823 -0.01057808
v 0.00421833 0.05972450 -0.01058452
v 0.00428106 0.05940564 -0.01086619
v 0.00434641 0.05928792 -0.01094851
v 0.00394520 0.05988950 -0.01054979
v 0.00407458 0.05965684 -0.01071828
v 0.00407458 0.05975973 -0.01061796
v 0.00407458 0.05985984 -0.01052021
v 0.00447448 0.05904877 -0.01111056
v 0.00387593 0.05980237 -0.01066297
v 0.00472802 0.05887451 -0.01113629
v 0.00458949 0.05871137 -0.01137166
v 0.00477245 0.05810051 -0.01176137
v 0.00482604 0.05853617 -0.01139224
v 0.00488354 0.05840826 -0.01146812
v 0.00530958 0.05805880 -0.01152600
v 0.00517498 0.05810237 -0.01156330
v 0.00507435 0.05813574 -0.01158902
v 0.00507565 0.05799484 -0.01169449
v 0.00514230 0.05788083 -0.01174723
v 0.00500900 0.05792440 -0.01177938
v 0.00463915 0.05814223 -0.01179096
v 0.00446795 0.05820618 -0.01181797
v 0.00459210 0.05791235 -0.01196974
v 0.00453722 0.05767969 -0.01214852
v 0.00434641 0.05748503 -0.01235173
v 0.00467444 0.05753694 -0.01218581
v 0.00477899 0.05750450 -0.01216395
v 0.00491229 0.05746000 -0.01213694
v -0.00018326 0.06415062 -0.00266034
v 0.00007289 0.06416915 -0.00246098
v 0.00147257 0.06416730 -0.00141788
v 0.00067275 0.06415711 -0.00246098
v 0.00047280 0.06416267 -0.00246098
v 0.00087271 0.06417379 -0.00226033
v 0.00107266 0.06418121 -0.00206097
v 0.00127261 0.06417657 -0.00186033
v 0.00147257 0.06416730 -0.00146033
v 0.00147257 0.06416452 -0.00165968
v 0.00678767 0.05831556 -0.01037229
v 0.00692098 0.05824697 -0.01032085
v 0.00658511 0.05851207 -0.01036972
v 0.00666091 0.05839065 -0.01040959
v 0.00556051 0.05809310 -0.01135494
v 0.00571080 0.05825995 -0.01112600
v 0.00557750 0.05830444 -0.01116458
v 0.00597610 0.05850280 -0.01076330
v 0.00610940 0.05845646 -0.01072342
v 0.00636686 0.05869653 -0.01035686
v 0.00647533 0.05865575 -0.01032342
v 0.00660340 0.05872341 -0.01018323
v 0.00647533 0.05855564 -0.01040831
v 0.00621918 0.05853339 -0.01058966
v 0.00487439 0.05760182 -0.01206234
v 0.00483649 0.05773901 -0.01198774
v 0.00472541 0.05787249 -0.01194273
v 0.00487439 0.05796796 -0.01181025
v 0.00671841 0.05844904 -0.01032213
v 0.00666091 0.05859086 -0.01025268
v 0.00673670 0.05866965 -0.01013306
v 0.00693927 0.05846758 -0.01013306
v 0.00707780 0.05840548 -0.01006618
v 0.00721503 0.05834430 -0.00999930
v 0.00728429 0.05841289 -0.00987197
v 0.00816252 0.05828961 -0.00915042
v 0.00843043 0.05815891 -0.00901537
v 0.00701638 0.05854359 -0.00999930
v 0.00694711 0.05867707 -0.00993756
v 0.00708434 0.05861218 -0.00987197
v 0.00722025 0.05854822 -0.00980637
v 0.00856765 0.05829517 -0.00875556
v 0.00876369 0.05809032 -0.00875042
v 0.00882380 0.05795684 -0.00881215
v 0.00895841 0.05828405 -0.00834141
v 0.00882903 0.05815891 -0.00861794
v 0.00876499 0.05829239 -0.00855106
v 0.00959748 0.05813018 -0.00759800
v 0.00918842 0.05831649 -0.00798385
v 0.00941190 0.05814686 -0.00786295
v 0.00963407 0.05819877 -0.00745137
v 0.00954128 0.05826366 -0.00751054
v 0.00999869 0.05852876 -0.00640184
v 0.01007580 0.05840177 -0.00646230
v 0.01011762 0.05820526 -0.00667323
v 0.00958441 0.05831186 -0.00737677
v 0.00973993 0.05846480 -0.00690731
v 0.00995818 0.05848427 -0.00653561
v 0.00901069 0.05833966 -0.00820765
v 0.00894665 0.05847314 -0.00812019
v 0.01052798 0.05820248 -0.00587837
v 0.01062861 0.05817745 -0.00566229
v 0.01055673 0.05827756 -0.00566229
v 0.01035939 0.05828405 -0.00612789
v 0.00997648 0.05870395 -0.00616519
v 0.01022479 0.05836006 -0.00626165
v 0.01038945 0.05831927 -0.00599541
v 0.01057503 0.05830166 -0.00556068
v 0.01079981 0.05813574 -0.00526100
v 0.01095664 0.05827663 -0.00450344
v 0.01075407 0.05827385 -0.00510151
v 0.01077760 0.05830444 -0.00496775
v 0.01097755 0.05830537 -0.00436967
v 0.01099454 0.05832669 -0.00426163
v 0.01110171 0.05818487 -0.00425006
v 0.01130166 0.05798279 -0.00404427
v 0.01112131 0.05822750 -0.00406099
v 0.01116313 0.05828497 -0.00370600
v 0.01131734 0.05801987 -0.00386163
v 0.01117750 0.05830537 -0.00357224
v 0.01133825 0.05804953 -0.00366099
v 0.01142451 0.05797538 -0.00346034
v 0.01135786 0.05807549 -0.00346034
v 0.01154082 0.05784746 -0.00326098
v 0.01160355 0.05774735 -0.00326098
v 0.01173424 0.05763427 -0.00286098
v 0.01161923 0.05777238 -0.00306034
v 0.01162446 0.05781502 -0.00285069
v 0.01165975 0.05780204 -0.00266034
v 0.01168458 0.05780204 -0.00246098
v 0.01171856 0.05778258 -0.00224490
v 0.01177867 0.05770657 -0.00206097
v 0.01184140 0.05760182 -0.00206097
v 0.01154605 0.05805509 -0.00226033
v 0.01155389 0.05806715 -0.00206097
v 0.01161662 0.05796704 -0.00206097
v 0.01194073 0.05744054 -0.00186033
v 0.01199692 0.05734043 -0.00186033
v 0.01207272 0.05720139 -0.00165968
v 0.01208841 0.05716987 -0.00141788
v -0.00018326 0.05944364 -0.01229643
v -0.00012706 0.05952614 -0.01219225
v -0.00018326 0.05946867 -0.01226813
v -0.00018326 0.05955766 -0.01216395
v -0.00003035 0.05970133 -0.01196202
v 0.00008204 0.05957898 -0.01208035
v 0.00207373 0.06028159 -0.01073757
v 0.00193912 0.06029550 -0.01075429
v 0.00255205 0.06049757 -0.01035686
v 0.00266575 0.06036872 -0.01047390
v 0.00287355 0.06035482 -0.01042503
v 0.00347341 0.06045586 -0.01010734
v 0.00362501 0.06051796 -0.00998129
v 0.00316368 0.06049942 -0.01015879
v 0.00367336 0.06023988 -0.01028998
v 0.00392167 0.06028437 -0.01014207
v 0.00381059 0.06011567 -0.01037744
v 0.00367336 0.06004615 -0.01050606
v 0.00387854 0.06000351 -0.01046361
v 0.00421703 0.05992379 -0.01038516
v 0.00435164 0.05968928 -0.01054979
v 0.00447448 0.05945384 -0.01071442
v 0.00447448 0.05925177 -0.01091249
v 0.00447448 0.05915166 -0.01101024
v 0.00394389 0.06008879 -0.01034914
v 0.00407458 0.05995902 -0.01041988
v 0.00459995 0.05931758 -0.01077744
v 0.00487439 0.05903486 -0.01089706
v 0.00511094 0.05886524 -0.01092664
v 0.00489399 0.05880591 -0.01110799
v 0.00472279 0.05866965 -0.01133307
v 0.00522464 0.05873176 -0.01099095
v 0.00497371 0.05870210 -0.01116201
v 0.00507435 0.05866965 -0.01113372
v 0.00528345 0.05860847 -0.01106812
v 0.00521026 0.05852505 -0.01118259
v 0.00466529 0.05780390 -0.01201347
v -0.00018326 0.06413393 -0.00280567
v 0.00027284 0.06414320 -0.00266034
v 0.00163201 0.06415062 -0.00141788
v 0.00067275 0.06413300 -0.00266034
v 0.00053945 0.06410242 -0.00295358
v 0.00047280 0.06413949 -0.00266034
v 0.00087271 0.06414969 -0.00246098
v 0.00107266 0.06416359 -0.00226033
v 0.00127261 0.06416452 -0.00206097
v 0.00147257 0.06415525 -0.00186033
v 0.00167383 0.06414598 -0.00146033
v 0.00167383 0.06414042 -0.00165968
v 0.00565199 0.05838694 -0.01105011
v 0.00573955 0.05867985 -0.01074272
v 0.00598917 0.05871044 -0.01057037
v 0.00612247 0.05866687 -0.01053050
v 0.00535794 0.05869190 -0.01095236
v 0.00623355 0.05873825 -0.01039802
v 0.00647533 0.05876605 -0.01022438
v 0.00647533 0.05886616 -0.01012406
v 0.00659948 0.05891992 -0.00998129
v 0.00666875 0.05879757 -0.01005718
v 0.00673278 0.05887172 -0.00992985
v 0.00681381 0.05873825 -0.00999930
v 0.00735356 0.05848148 -0.00974206
v 0.00715229 0.05868170 -0.00974206
v 0.00769335 0.05862052 -0.00928032
v 0.00803052 0.05855657 -0.00901666
v 0.00809717 0.05862423 -0.00888418
v 0.00836639 0.05849353 -0.00875299
v 0.00836378 0.05869190 -0.00855106
v 0.00856504 0.05849261 -0.00855234
v 0.00863169 0.05836006 -0.00862180
v 0.00875976 0.05848705 -0.00834398
v 0.00862646 0.05855379 -0.00841858
v 0.00899108 0.05851949 -0.00798771
v 0.00913223 0.05845738 -0.00786295
v 0.00916751 0.05849539 -0.00775234
v 0.00922763 0.05835728 -0.00786295
v 0.00940798 0.05833688 -0.00761343
v 0.00936485 0.05829054 -0.00774719
v 0.00993596 0.05866131 -0.00629895
v 0.00960663 0.05853432 -0.00701150
v 0.00980266 0.05872990 -0.00640570
v 0.00881335 0.05854081 -0.00821022
v 0.00886954 0.05859735 -0.00805459
v 0.00854805 0.05887543 -0.00812276
v 0.00867090 0.05879850 -0.00805588
v 0.01041820 0.05835357 -0.00586165
v 0.01044826 0.05841289 -0.00566229
v 0.01038815 0.05851949 -0.00559669
v 0.01041428 0.05855101 -0.00546164
v 0.01016859 0.05849446 -0.00614847
v 0.01019995 0.05853247 -0.00601599
v 0.01023524 0.05857325 -0.00586165
v 0.01000261 0.05873268 -0.00606229
v 0.01011370 0.05860013 -0.00607387
v 0.00985755 0.05878367 -0.00623335
v 0.00977783 0.05890509 -0.00616776
v 0.00955305 0.05927958 -0.00592210
v 0.00958964 0.05931758 -0.00578962
v 0.00975169 0.05907750 -0.00591695
v 0.00978567 0.05911458 -0.00578448
v 0.01037900 0.05890695 -0.00477225
v 0.01056980 0.05849446 -0.00514524
v 0.01071879 0.05842865 -0.00486100
v 0.01079589 0.05832854 -0.00486100
v 0.01044042 0.05861033 -0.00525714
v 0.01035547 0.05887729 -0.00490601
v 0.01082987 0.05837303 -0.00466164
v 0.01075277 0.05847314 -0.00466164
v 0.01058679 0.05871693 -0.00459476
v 0.01087431 0.05840177 -0.00445971
v 0.01053060 0.05884392 -0.00446099
v 0.01081680 0.05855471 -0.00426163
v 0.01094488 0.05846295 -0.00406099
v 0.01102068 0.05836284 -0.00406099
v 0.01114483 0.05825995 -0.00386163
v 0.01098147 0.05850929 -0.00378317
v 0.01103505 0.05841289 -0.00385520
v 0.01110432 0.05838416 -0.00364812
v 0.01101806 0.05856120 -0.00346034
v 0.01096318 0.05868541 -0.00329571
v 0.01102460 0.05861218 -0.00324169
v 0.01118796 0.05832020 -0.00346034
v 0.01143104 0.05801616 -0.00325712
v 0.01138007 0.05810793 -0.00318767
v 0.01155650 0.05787249 -0.00306034
v 0.01156826 0.05789010 -0.00291114
v 0.01158656 0.05791884 -0.00266034
v 0.01153559 0.05803841 -0.00246098
v 0.01155781 0.05807363 -0.00186033
v 0.01161923 0.05797352 -0.00186033
v 0.01171986 0.05780946 -0.00186033
v 0.01184532 0.05760182 -0.00186033
v 0.01143627 0.05822102 -0.00227705
v 0.01138138 0.05831093 -0.00222175
v 0.01138791 0.05831927 -0.00206097
v 0.01139314 0.05832761 -0.00186033
v 0.01147548 0.05820155 -0.00186033
v 0.01194073 0.05744146 -0.00165968
v 0.01199823 0.05734135 -0.00165968
v 0.01201261 0.05731077 -0.00141788
v -0.00010877 0.05964108 -0.01205077
v -0.00018326 0.05971338 -0.01197745
v -0.00016366 0.05971153 -0.01197617
v 0.00227369 0.06167941 -0.00893177
v 0.00247364 0.06166273 -0.00891119
v 0.00241614 0.06131049 -0.00937293
v 0.00214561 0.06089708 -0.00995686
v 0.00227369 0.06088595 -0.00994142
v 0.00228153 0.06077472 -0.01007904
v 0.00227369 0.06052538 -0.01039159
v 0.00267359 0.06074413 -0.01001474
v 0.00287093 0.06083034 -0.00984753
v 0.00287355 0.06071910 -0.00998387
v 0.00298594 0.06070520 -0.00996586
v 0.00267359 0.06048181 -0.01033757
v 0.00235341 0.06069779 -0.01015750
v 0.00247364 0.06068574 -0.01014207
v 0.00247364 0.06104631 -0.00969190
v 0.00287355 0.06045493 -0.01030541
v 0.00347341 0.06053928 -0.01000702
v 0.00347341 0.06063939 -0.00988612
v 0.00358711 0.06070613 -0.00976650
v 0.00367206 0.06060138 -0.00986168
v 0.00387462 0.06056060 -0.00983338
v 0.00387462 0.06047810 -0.00993371
v 0.00386286 0.06036594 -0.01007004
v 0.00303037 0.06051703 -0.01018065
v 0.00327346 0.06066720 -0.00991956
v 0.00327346 0.06056709 -0.01004046
v 0.00407458 0.06052630 -0.00979223
v 0.00407458 0.06044102 -0.00989126
v 0.00407458 0.06034092 -0.01000702
v 0.00407458 0.06025286 -0.01010734
v 0.00407458 0.06015367 -0.01021795
v 0.00421441 0.06012123 -0.01018323
v 0.00434772 0.06008786 -0.01014721
v 0.00435033 0.05988857 -0.01034914
v 0.00407458 0.06005913 -0.01031828
v 0.00447448 0.05965498 -0.01051506
v 0.00460256 0.05951780 -0.01057808
v 0.00498286 0.05930738 -0.01056779
v 0.00523117 0.05913497 -0.01059480
v 0.00498156 0.05910624 -0.01076587
v 0.00522856 0.05893383 -0.01079288
v 0.00561017 0.05892363 -0.01058323
v 0.00567551 0.05880220 -0.01066297
v 0.00587416 0.05874473 -0.01060381
v -0.00012706 0.06412652 -0.00286098
v -0.00018326 0.06412744 -0.00286098
v 0.00040615 0.06410427 -0.00296902
v 0.00007289 0.06405236 -0.00346034
v -0.00018326 0.06409778 -0.00311307
v 0.00167383 0.06414598 -0.00141788
v 0.00027284 0.06399767 -0.00386163
v 0.00027284 0.06402270 -0.00366099
v 0.00067275 0.06409964 -0.00293172
v 0.00087271 0.06412466 -0.00266034
v 0.00106612 0.06411354 -0.00266677
v 0.00127261 0.06414598 -0.00226033
v 0.00122818 0.06410891 -0.00260374
v 0.00147257 0.06414227 -0.00206097
v 0.00167383 0.06412930 -0.00186033
v 0.00188685 0.06411817 -0.00141788
v 0.00189077 0.06411632 -0.00147062
v 0.00199532 0.06410334 -0.00141788
v 0.00196918 0.06410242 -0.00154521
v 0.00185026 0.06411447 -0.00165968
v 0.00574347 0.05888377 -0.01054464
v 0.00587416 0.05884484 -0.01050606
v 0.00612378 0.05887172 -0.01033242
v 0.00630151 0.05881889 -0.01027840
v 0.00636947 0.05889861 -0.01015879
v 0.00647533 0.05896071 -0.01002374
v 0.00636424 0.05909604 -0.00995557
v 0.00647533 0.05906082 -0.00991570
v 0.00647533 0.05915166 -0.00981666
v 0.00659033 0.05911365 -0.00977422
v 0.00672364 0.05906638 -0.00972149
v 0.00680466 0.05912570 -0.00958772
v 0.00681120 0.05893290 -0.00979608
v 0.00694450 0.05887543 -0.00973435
v 0.00722025 0.05894403 -0.00940637
v 0.00708434 0.05881147 -0.00967132
v 0.00722156 0.05874752 -0.00960830
v 0.00755743 0.05868634 -0.00934592
v 0.00776000 0.05868819 -0.00914785
v 0.00796126 0.05869004 -0.00894978
v 0.00816382 0.05869190 -0.00875042
v 0.00835855 0.05888655 -0.00834398
v 0.00823048 0.05875586 -0.00861794
v 0.00816121 0.05888934 -0.00854849
v 0.00822525 0.05895237 -0.00841472
v 0.00821479 0.05914239 -0.00820893
v 0.00841475 0.05894217 -0.00821022
v 0.00893489 0.05866131 -0.00786295
v 0.00897017 0.05869746 -0.00775491
v 0.00914660 0.05867336 -0.00751825
v 0.00958441 0.05871137 -0.00677612
v 0.00936485 0.05869283 -0.00714783
v 0.00906296 0.05919059 -0.00684301
v 0.00973601 0.05886338 -0.00630024
v 0.00898978 0.05891714 -0.00738578
v 0.00858987 0.05931758 -0.00738578
v 0.00834810 0.05907565 -0.00812276
v 0.00839384 0.05912200 -0.00799028
v 0.00859379 0.05892178 -0.00798900
v 0.01036201 0.05848705 -0.00573046
v 0.01017251 0.05889953 -0.00535489
v 0.01033326 0.05865111 -0.00546164
v 0.01014768 0.05906823 -0.00506164
v 0.01016859 0.05909512 -0.00494588
v 0.01019342 0.05912478 -0.00481212
v 0.01015029 0.05867336 -0.00586165
v 0.01017251 0.05870024 -0.00575747
v 0.01020126 0.05873268 -0.00562370
v 0.00994772 0.05887451 -0.00590924
v 0.00998170 0.05890973 -0.00577676
v 0.00937792 0.05930553 -0.00616647
v 0.00941059 0.05933797 -0.00606229
v 0.00915314 0.05968001 -0.00592596
v 0.00935309 0.05947979 -0.00592467
v 0.00927337 0.05959937 -0.00585908
v 0.00939230 0.05951872 -0.00579219
v 0.00936355 0.05969021 -0.00554010
v 0.00952691 0.05945291 -0.00566229
v 0.00962231 0.05935280 -0.00566229
v 0.00972294 0.05924713 -0.00566229
v 0.00981704 0.05914702 -0.00566229
v 0.01050707 0.05879108 -0.00466164
v 0.01032019 0.05903116 -0.00466164
v 0.01021956 0.05915907 -0.00466164
v 0.01016336 0.05928884 -0.00452530
v 0.01042997 0.05897276 -0.00446099
v 0.01018427 0.05931387 -0.00439282
v 0.01038945 0.05912014 -0.00421019
v 0.01057503 0.05890139 -0.00416003
v 0.01052276 0.05899501 -0.00408028
v 0.01083118 0.05881055 -0.00344491
v 0.01094357 0.05866131 -0.00346034
v 0.01099585 0.05852876 -0.00366099
v 0.01061424 0.05895144 -0.00386163
v 0.01076061 0.05888285 -0.00350150
v 0.01080896 0.05894588 -0.00306034
v 0.01090959 0.05881425 -0.00306034
v 0.01097494 0.05870210 -0.00316195
v 0.01078936 0.05891992 -0.00326098
v 0.01098409 0.05871415 -0.00306034
v 0.01147155 0.05800133 -0.00306034
v 0.01106119 0.05860199 -0.00306034
v 0.01116574 0.05848797 -0.00289957
v 0.01126245 0.05840177 -0.00266034
v 0.01135263 0.05826922 -0.00266034
v 0.01142059 0.05816911 -0.00266034
v 0.01152122 0.05801894 -0.00266034
v 0.01143496 0.05819135 -0.00246098
v 0.01156042 0.05807641 -0.00165968
v 0.01139706 0.05833410 -0.00165968
v 0.01148201 0.05820155 -0.00165968
v 0.01184532 0.05760182 -0.00165968
v 0.01162054 0.05797630 -0.00165968
v 0.01137484 0.05830073 -0.00235551
v 0.01113830 0.05864926 -0.00226033
v 0.01114614 0.05866131 -0.00206097
v 0.01131734 0.05841938 -0.00206097
v 0.01132388 0.05842772 -0.00186033
v 0.01132910 0.05843421 -0.00165968
v 0.01193942 0.05743961 -0.00146033
v 0.01198516 0.05735989 -0.00141788
v -0.00018326 0.06116496 -0.01007261
v -0.00014536 0.06115847 -0.01007519
v 0.00007289 0.06151163 -0.00957486
v 0.00018920 0.06150422 -0.00956457
v 0.00059826 0.06190558 -0.00896650
v 0.00066752 0.06183606 -0.00904495
v 0.00087271 0.06196305 -0.00884045
v 0.00087271 0.06188612 -0.00894077
v 0.00127261 0.06193339 -0.00880186
v 0.00174309 0.06189724 -0.00875556
v 0.00207373 0.06177210 -0.00885203
v 0.00247364 0.06173873 -0.00881087
v 0.00267359 0.06171927 -0.00878514
v 0.00267359 0.06164326 -0.00888418
v 0.00267359 0.06154315 -0.00901280
v 0.00247364 0.06148383 -0.00913884
v 0.00254944 0.06129751 -0.00935621
v 0.00228153 0.06063846 -0.01024882
v 0.00267359 0.06092396 -0.00978965
v 0.00274547 0.06109544 -0.00955428
v 0.00287355 0.06108061 -0.00953499
v 0.00307350 0.06113623 -0.00940380
v 0.00307350 0.06105558 -0.00950412
v 0.00306174 0.06076174 -0.00987197
v 0.00347341 0.06072189 -0.00978580
v 0.00340676 0.06091098 -0.00957357
v 0.00354006 0.06089244 -0.00954914
v 0.00367336 0.06087205 -0.00952341
v 0.00387462 0.06074043 -0.00961087
v 0.00372041 0.06068481 -0.00974078
v 0.00387462 0.06066071 -0.00970991
v 0.00401838 0.06071725 -0.00958129
v 0.00327346 0.06074877 -0.00981924
v 0.00415168 0.06069408 -0.00955171
v 0.00418305 0.06050591 -0.00976650
v 0.00420004 0.06031403 -0.00997615
v 0.00427322 0.06020187 -0.01006104
v 0.00433334 0.06028159 -0.00993885
v 0.00447448 0.06024359 -0.00989641
v 0.00447448 0.06014348 -0.01000830
v 0.00459080 0.06011104 -0.00997229
v 0.00447448 0.06005171 -0.01010863
v 0.00459864 0.05991545 -0.01017679
v 0.00447448 0.05995160 -0.01021281
v 0.00447448 0.05985335 -0.01031313
v 0.00487439 0.05963830 -0.01029770
v 0.00487439 0.05953819 -0.01039930
v 0.00487439 0.05943901 -0.01049963
v 0.00523117 0.05933519 -0.01039545
v 0.00536447 0.05909604 -0.01055622
v 0.00567813 0.05900428 -0.01046361
v 0.00007289 0.06402826 -0.00366099
v -0.00012706 0.06407924 -0.00326098
v -0.00018326 0.06403197 -0.00366099
v 0.00027284 0.06396523 -0.00406099
v 0.00007289 0.06397172 -0.00406099
v 0.00007289 0.06400324 -0.00386163
v 0.00067275 0.06408295 -0.00306034
v 0.00047280 0.06401436 -0.00366099
v 0.00047280 0.06398748 -0.00386163
v 0.00099425 0.06410427 -0.00277095
v 0.00106612 0.06408944 -0.00284683
v 0.00112755 0.06409964 -0.00273751
v 0.00148956 0.06412003 -0.00227705
v 0.00148956 0.06409685 -0.00247512
v 0.00128568 0.06411910 -0.00247512
v 0.00147257 0.06405144 -0.00286098
v 0.00147257 0.06402548 -0.00306034
v 0.00127261 0.06407090 -0.00286098
v 0.00167775 0.06411447 -0.00205068
v 0.00161502 0.06410983 -0.00222046
v 0.00194958 0.06409964 -0.00165968
v 0.00180974 0.06410891 -0.00186033
v 0.00178230 0.06410427 -0.00197866
v 0.00197572 0.06410612 -0.00141788
v 0.00206197 0.06409129 -0.00147062
v 0.00243182 0.06403568 -0.00141788
v 0.00227369 0.06405885 -0.00146033
v 0.00587416 0.05904599 -0.01030670
v 0.00623617 0.05893846 -0.01019866
v 0.00599047 0.05911180 -0.01017165
v 0.00612508 0.05907194 -0.01013049
v 0.00623094 0.05913590 -0.00999801
v 0.00611855 0.05926938 -0.00992599
v 0.00604798 0.05938617 -0.00984496
v 0.00611071 0.05946404 -0.00972020
v 0.00620219 0.05971894 -0.00938065
v 0.00635509 0.05928977 -0.00974850
v 0.00647533 0.05934168 -0.00960573
v 0.00657988 0.05930738 -0.00956714
v 0.00619173 0.05991267 -0.00917357
v 0.00665829 0.05935280 -0.00945267
v 0.00671318 0.05925918 -0.00951312
v 0.00679421 0.05931758 -0.00937936
v 0.00686609 0.05919615 -0.00945525
v 0.00693797 0.05907194 -0.00952984
v 0.00701246 0.05913312 -0.00939608
v 0.00721764 0.05914054 -0.00920315
v 0.00735094 0.05908121 -0.00913884
v 0.00735356 0.05888285 -0.00934206
v 0.00769204 0.05881982 -0.00907968
v 0.00762669 0.05875215 -0.00921216
v 0.00789461 0.05882074 -0.00888161
v 0.00795995 0.05888841 -0.00874784
v 0.00802791 0.05895329 -0.00861408
v 0.00815598 0.05908492 -0.00834270
v 0.00795734 0.05908677 -0.00854463
v 0.00802268 0.05914888 -0.00841215
v 0.00808541 0.05921191 -0.00827453
v 0.00801353 0.05933983 -0.00820508
v 0.00814684 0.05927587 -0.00812276
v 0.00873624 0.05886246 -0.00786295
v 0.00881335 0.05894124 -0.00762243
v 0.00853629 0.05906360 -0.00786295
v 0.00922894 0.05875586 -0.00726230
v 0.00894142 0.05926938 -0.00690989
v 0.00886824 0.05899593 -0.00745266
v 0.00841344 0.05934168 -0.00762372
v 0.00834679 0.05947516 -0.00751954
v 0.00827099 0.05919893 -0.00805588
v 0.00819388 0.05932129 -0.00798900
v 0.00813507 0.05946404 -0.00786295
v 0.00833633 0.05926382 -0.00786295
v 0.01015029 0.05887358 -0.00546164
v 0.01012023 0.05899964 -0.00527772
v 0.01003659 0.05920727 -0.00505007
v 0.01002745 0.05940471 -0.00464234
v 0.01011370 0.05919615 -0.00487129
v 0.01013984 0.05925918 -0.00466164
v 0.01000784 0.05894032 -0.00566229
v 0.00998301 0.05911180 -0.00538061
v 0.01004051 0.05900798 -0.00545264
v 0.00991636 0.05904043 -0.00566229
v 0.00995295 0.05907843 -0.00551438
v 0.00877675 0.05990340 -0.00616519
v 0.00911001 0.05963737 -0.00606229
v 0.00880943 0.05993585 -0.00606229
v 0.00887216 0.05999980 -0.00585908
v 0.00899370 0.05992009 -0.00579219
v 0.00913223 0.05985798 -0.00566229
v 0.00923024 0.05975787 -0.00566229
v 0.00916490 0.05989135 -0.00554396
v 0.00908387 0.06001093 -0.00547836
v 0.00920019 0.05992843 -0.00541020
v 0.00939622 0.05972450 -0.00540634
v 0.00956089 0.05948628 -0.00553238
v 0.00975692 0.05928328 -0.00552338
v 0.00997517 0.05950204 -0.00456260
v 0.00999216 0.05952243 -0.00446099
v 0.01012415 0.05943808 -0.00426163
v 0.01015160 0.05947238 -0.00406099
v 0.01033064 0.05924528 -0.00406099
v 0.01035678 0.05927865 -0.00386163
v 0.01077629 0.05890417 -0.00336774
v 0.01059071 0.05912200 -0.00342433
v 0.01082726 0.05896998 -0.00286098
v 0.01073055 0.05904599 -0.00306034
v 0.01075015 0.05907009 -0.00286098
v 0.01061032 0.05914610 -0.00326098
v 0.01063123 0.05917205 -0.00306034
v 0.01099977 0.05873639 -0.00286098
v 0.01092658 0.05883650 -0.00286098
v 0.01094357 0.05885782 -0.00266034
v 0.01117620 0.05850280 -0.00276580
v 0.01111477 0.05861496 -0.00266034
v 0.01136831 0.05829054 -0.00246098
v 0.01139706 0.05833503 -0.00141788
v 0.01148070 0.05820155 -0.00146033
v 0.01155912 0.05807363 -0.00146033
v 0.01184271 0.05760182 -0.00146033
v 0.01121802 0.05860569 -0.00141788
v 0.01133172 0.05843514 -0.00146033
v 0.01138399 0.05835542 -0.00141788
v 0.01139706 0.05833503 -0.00146033
v 0.01119841 0.05853432 -0.00246098
v 0.01102721 0.05877440 -0.00246098
v 0.01095533 0.05887451 -0.00246098
v 0.01096579 0.05888934 -0.00226033
v 0.01097232 0.05889861 -0.00212014
v 0.01103375 0.05881982 -0.00205583
v 0.01115267 0.05867058 -0.00186033
v 0.01115921 0.05867892 -0.00165968
v 0.01116313 0.05868448 -0.00146033
v 0.01186231 0.05756753 -0.00141788
v -0.00018326 0.06129566 -0.00989898
v -0.00012706 0.06134757 -0.00982309
v -0.00012706 0.06127248 -0.00992213
v -0.00012706 0.06144768 -0.00968804
v 0.00027284 0.06174986 -0.00922630
v 0.00047280 0.06191300 -0.00897678
v 0.00067275 0.06207614 -0.00872469
v 0.00107266 0.06204833 -0.00868868
v 0.00128699 0.06204648 -0.00864881
v 0.00187378 0.06188797 -0.00874141
v 0.00207373 0.06187221 -0.00871955
v 0.00227369 0.06185553 -0.00869640
v 0.00248802 0.06185089 -0.00865009
v 0.00256512 0.06190095 -0.00855878
v 0.00279252 0.06170629 -0.00876714
v 0.00286440 0.06163028 -0.00884431
v 0.00287355 0.06151998 -0.00898450
v 0.00267359 0.06146343 -0.00911312
v 0.00287355 0.06126044 -0.00930991
v 0.00307350 0.06123633 -0.00927904
v 0.00322510 0.06111583 -0.00937936
v 0.00327346 0.06092952 -0.00959544
v 0.00327346 0.06084888 -0.00969576
v 0.00335840 0.06109730 -0.00935621
v 0.00367336 0.06112881 -0.00919544
v 0.00330874 0.06128361 -0.00913756
v 0.00347341 0.06108061 -0.00933434
v 0.00379752 0.06110934 -0.00917100
v 0.00387462 0.06084053 -0.00948354
v 0.00397525 0.06090264 -0.00936264
v 0.00410856 0.06087946 -0.00933306
v 0.00427453 0.06092488 -0.00919158
v 0.00427453 0.06084702 -0.00929190
v 0.00427453 0.06074691 -0.00942052
v 0.00427453 0.06066812 -0.00951955
v 0.00426016 0.06055689 -0.00966232
v 0.00431635 0.06047347 -0.00972920
v 0.00425885 0.06039375 -0.00985268
v 0.00448755 0.06044288 -0.00966232
v 0.00456335 0.06049571 -0.00955557
v 0.00465614 0.06035389 -0.00965846
v 0.00481820 0.06032608 -0.00958901
v 0.00495150 0.06028901 -0.00954785
v 0.00489138 0.06021114 -0.00967261
v 0.00482996 0.06013328 -0.00979737
v 0.00507435 0.06006376 -0.00972020
v 0.00490184 0.06001742 -0.00987969
v 0.00484041 0.05993955 -0.01000316
v 0.00547425 0.05946311 -0.01012020
v 0.00574478 0.05928421 -0.01014335
v 0.00567813 0.05920449 -0.01026426
v 0.00561148 0.05912385 -0.01038387
v -0.00018326 0.06401343 -0.00380633
v -0.00012706 0.06400602 -0.00386163
v 0.00047280 0.06395318 -0.00406099
v 0.00047280 0.06391796 -0.00423077
v 0.00026762 0.06392074 -0.00427578
v 0.00019835 0.06390405 -0.00436710
v 0.00007289 0.06393001 -0.00426163
v -0.00012706 0.06397357 -0.00406099
v 0.00067275 0.06403012 -0.00346034
v 0.00067275 0.06400324 -0.00366099
v 0.00067275 0.06397450 -0.00386163
v 0.00087271 0.06398933 -0.00366099
v 0.00127261 0.06401528 -0.00326098
v 0.00107266 0.06403104 -0.00326098
v 0.00156666 0.06410242 -0.00235422
v 0.00167383 0.06402919 -0.00286098
v 0.00147257 0.06407646 -0.00266034
v 0.00167383 0.06400416 -0.00306034
v 0.00167383 0.06397728 -0.00326098
v 0.00147257 0.06399767 -0.00326098
v 0.00174832 0.06409871 -0.00211113
v 0.00167775 0.06409407 -0.00227705
v 0.00187378 0.06402363 -0.00266034
v 0.00167383 0.06407554 -0.00246098
v 0.00247364 0.06402733 -0.00146033
v 0.00267359 0.06399489 -0.00146033
v 0.00247364 0.06401436 -0.00165968
v 0.00207373 0.06406534 -0.00186033
v 0.00185810 0.06408573 -0.00205068
v 0.00247364 0.06402919 -0.00141788
v 0.00587416 0.05914610 -0.01020638
v 0.00587416 0.05924621 -0.01010348
v 0.00598525 0.05930831 -0.00996843
v 0.00587416 0.05944086 -0.00989512
v 0.00582450 0.05993028 -0.00939351
v 0.00595780 0.05989135 -0.00935106
v 0.00594865 0.06008601 -0.00914399
v 0.00618128 0.06010547 -0.00896650
v 0.00632504 0.05986911 -0.00912598
v 0.00656942 0.05949926 -0.00935878
v 0.00641390 0.05992843 -0.00899222
v 0.00607411 0.06013792 -0.00900251
v 0.00667397 0.05946218 -0.00931505
v 0.00678245 0.05950853 -0.00916971
v 0.00685563 0.05938803 -0.00924560
v 0.00699416 0.05951594 -0.00897936
v 0.00706604 0.05939637 -0.00905396
v 0.00713792 0.05927309 -0.00912984
v 0.00721241 0.05933334 -0.00899608
v 0.00734571 0.05927772 -0.00893563
v 0.00742021 0.05914424 -0.00900637
v 0.00755351 0.05908307 -0.00894206
v 0.00742282 0.05894773 -0.00920830
v 0.00769073 0.05901725 -0.00887775
v 0.00789199 0.05901911 -0.00867968
v 0.00795342 0.05928236 -0.00833884
v 0.00775608 0.05908492 -0.00874399
v 0.00775216 0.05928236 -0.00854077
v 0.00782011 0.05934446 -0.00840701
v 0.00788154 0.05940842 -0.00826938
v 0.00780966 0.05953356 -0.00819993
v 0.00794296 0.05947238 -0.00812019
v 0.00799262 0.05951872 -0.00798771
v 0.00829190 0.05942047 -0.00769060
v 0.00821349 0.05954097 -0.00762372
v 0.00826838 0.05959473 -0.00745266
v 0.00836509 0.05969206 -0.00714655
v 0.00803575 0.05955951 -0.00786295
v 0.00814553 0.05967352 -0.00751825
v 0.01000784 0.05914054 -0.00526100
v 0.00998040 0.05930831 -0.00497547
v 0.01000261 0.05933426 -0.00486100
v 0.00981834 0.05934910 -0.00526100
v 0.00991767 0.05924064 -0.00526100
v 0.00995165 0.05927679 -0.00510794
v 0.00978828 0.05931665 -0.00539090
v 0.00865521 0.05998219 -0.00623078
v 0.00857549 0.06010269 -0.00616390
v 0.00870749 0.06003595 -0.00606229
v 0.00875062 0.06007859 -0.00592467
v 0.00879244 0.06011845 -0.00579091
v 0.00893097 0.06005913 -0.00566229
v 0.00903160 0.05995902 -0.00566229
v 0.00896495 0.06009250 -0.00554525
v 0.00900154 0.06012772 -0.00541148
v 0.00913876 0.06006469 -0.00526100
v 0.00933610 0.05986076 -0.00526100
v 0.00953083 0.05965498 -0.00526100
v 0.00967459 0.05940193 -0.00546164
v 0.00994772 0.05947238 -0.00469508
v 0.00981312 0.05954283 -0.00486100
v 0.00971902 0.05964293 -0.00486100
v 0.00975169 0.05967723 -0.00470280
v 0.00977783 0.05970504 -0.00457032
v 0.00989937 0.05962254 -0.00446099
v 0.00993466 0.05965869 -0.00426163
v 0.01002483 0.05955858 -0.00426163
v 0.01005097 0.05958825 -0.00406099
v 0.01016728 0.05949184 -0.00392723
v 0.01038684 0.05931758 -0.00361211
v 0.01037116 0.05929719 -0.00374459
v 0.01052929 0.05924621 -0.00326098
v 0.01084294 0.05899130 -0.00266034
v 0.01076714 0.05909141 -0.00266034
v 0.01056458 0.05929070 -0.00290728
v 0.01063645 0.05921469 -0.00284812
v 0.01057764 0.05930460 -0.00277352
v 0.01055020 0.05927216 -0.00306034
v 0.01077498 0.05910160 -0.00255487
v 0.01149639 0.05817467 -0.00141788
v 0.01160616 0.05799392 -0.00141788
v 0.01176952 0.05772233 -0.00141788
v 0.01133172 0.05843514 -0.00141788
v 0.01116313 0.05868541 -0.00141788
v 0.01088084 0.05900242 -0.00226033
v 0.01091221 0.05898388 -0.00205583
v 0.01097755 0.05890417 -0.00198637
v 0.01098147 0.05891066 -0.00186033
v 0.01108080 0.05880220 -0.00146033
v 0.01098670 0.05891900 -0.00165968
v 0.01108210 0.05880220 -0.00141788
v -0.00018326 0.06146992 -0.00966361
v -0.00012706 0.06152090 -0.00958772
v 0.00007289 0.06168590 -0.00933949
v 0.00027284 0.06184997 -0.00908997
v 0.00027284 0.06192227 -0.00898965
v 0.00047280 0.06208541 -0.00873627
v 0.00067275 0.06214473 -0.00862437
v 0.00094458 0.06229953 -0.00835684
v 0.00087271 0.06213453 -0.00860765
v 0.00107266 0.06212156 -0.00858836
v 0.00122949 0.06211043 -0.00857292
v 0.00136409 0.06210117 -0.00855878
v 0.00207373 0.06194359 -0.00861923
v 0.00167383 0.06207614 -0.00852533
v 0.00227369 0.06192690 -0.00859607
v 0.00243182 0.06191300 -0.00857678
v 0.00267359 0.06194822 -0.00843659
v 0.00267359 0.06188797 -0.00853691
v 0.00292582 0.06169146 -0.00874527
v 0.00217959 0.06210302 -0.00836328
v 0.00231289 0.06208912 -0.00833884
v 0.00247364 0.06207243 -0.00830797
v 0.00298986 0.06150607 -0.00896650
v 0.00307350 0.06131605 -0.00917872
v 0.00317544 0.06130215 -0.00916200
v 0.00326692 0.06119926 -0.00925975
v 0.00327346 0.06146621 -0.00891505
v 0.00312316 0.06148846 -0.00894334
v 0.00393082 0.06108710 -0.00914270
v 0.00361063 0.06131420 -0.00897807
v 0.00407458 0.06106300 -0.00910926
v 0.00433726 0.06108710 -0.00894206
v 0.00437777 0.06090357 -0.00916328
v 0.00427192 0.06103148 -0.00905138
v 0.00440914 0.06071818 -0.00938322
v 0.00443005 0.06053094 -0.00959544
v 0.00448625 0.06060880 -0.00946939
v 0.00467444 0.06055226 -0.00942052
v 0.00541675 0.06052538 -0.00898836
v 0.00517759 0.06050313 -0.00916328
v 0.00531089 0.06046605 -0.00912212
v 0.00549124 0.06041044 -0.00907196
v 0.00556443 0.06029550 -0.00915556
v 0.00507435 0.06025471 -0.00950926
v 0.00567421 0.06026491 -0.00912084
v 0.00557619 0.06010177 -0.00936264
v 0.00564676 0.05998590 -0.00944496
v 0.00507435 0.05987189 -0.00992985
v 0.00535533 0.05969021 -0.00995043
v 0.00567421 0.05940193 -0.01006232
v -0.00018326 0.06400602 -0.00386163
v -0.00018326 0.06398284 -0.00400568
v 0.00067275 0.06393928 -0.00406099
v 0.00067275 0.06391054 -0.00419861
v 0.00087271 0.06379931 -0.00466164
v 0.00067275 0.06381321 -0.00466164
v 0.00047280 0.06389664 -0.00433109
v 0.00026762 0.06388366 -0.00444427
v 0.00047280 0.06386883 -0.00446099
v 0.00047280 0.06382526 -0.00466164
v 0.00047280 0.06378170 -0.00486100
v 0.00007289 0.06384102 -0.00466164
v 0.00027284 0.06383546 -0.00466164
v 0.00027284 0.06379097 -0.00486100
v -0.00012706 0.06393186 -0.00426163
v -0.00018326 0.06397357 -0.00406099
v 0.00087271 0.06395874 -0.00386163
v 0.00107266 0.06397265 -0.00366099
v 0.00127261 0.06398562 -0.00346034
v 0.00187378 0.06400231 -0.00286098
v 0.00187378 0.06397821 -0.00306034
v 0.00187378 0.06395225 -0.00326098
v 0.00167383 0.06394669 -0.00346034
v 0.00147257 0.06396801 -0.00346034
v 0.00195089 0.06390035 -0.00354266
v 0.00187378 0.06406349 -0.00226033
v 0.00187378 0.06404402 -0.00246098
v 0.00207373 0.06399026 -0.00266034
v 0.00267359 0.06398099 -0.00165968
v 0.00267359 0.06399675 -0.00141788
v 0.00283173 0.06396894 -0.00141788
v 0.00287355 0.06396152 -0.00141788
v 0.00287355 0.06395874 -0.00146033
v 0.00227369 0.06403197 -0.00186033
v 0.00247364 0.06399767 -0.00186033
v 0.00227369 0.06401343 -0.00206097
v 0.00227369 0.06399489 -0.00226033
v 0.00587416 0.05934075 -0.01000316
v 0.00566636 0.05959659 -0.00985653
v 0.00572779 0.05967445 -0.00973306
v 0.00570949 0.06006376 -0.00932020
v 0.00593689 0.06027974 -0.00893691
v 0.00616690 0.06029735 -0.00875556
v 0.00631458 0.06006191 -0.00891633
v 0.00603360 0.06033814 -0.00880315
v 0.00647402 0.06000073 -0.00886103
v 0.00655766 0.05969021 -0.00914913
v 0.00640084 0.06012030 -0.00878257
v 0.00677068 0.05969948 -0.00895878
v 0.00687393 0.05974675 -0.00881473
v 0.00711440 0.05965776 -0.00871054
v 0.00720326 0.05952429 -0.00878772
v 0.00712746 0.05946682 -0.00892019
v 0.00733657 0.05947238 -0.00872855
v 0.00754305 0.05947516 -0.00853305
v 0.00761885 0.05934261 -0.00860508
v 0.00754959 0.05928050 -0.00873756
v 0.00762277 0.05914702 -0.00880829
v 0.00774693 0.05947701 -0.00833369
v 0.00768289 0.05941027 -0.00847003
v 0.00767374 0.05960122 -0.00826167
v 0.00760186 0.05972265 -0.00818964
v 0.00773517 0.05966703 -0.00810990
v 0.00778483 0.05971060 -0.00797742
v 0.00792597 0.05965962 -0.00786295
v 0.00818866 0.05971523 -0.00738578
v 0.00796649 0.05969392 -0.00775105
v 0.00806450 0.05979217 -0.00744751
v 0.00986931 0.05939544 -0.00504749
v 0.00991375 0.05943437 -0.00486100
v 0.00956089 0.05968650 -0.00513109
v 0.00975692 0.05948257 -0.00512081
v 0.00835463 0.06008323 -0.00653175
v 0.00846833 0.06015182 -0.00624364
v 0.00860817 0.06013328 -0.00606229
v 0.00820565 0.05993028 -0.00700892
v 0.00883034 0.06015367 -0.00566229
v 0.00854413 0.06027603 -0.00591438
v 0.00858595 0.06031125 -0.00578062
v 0.00872056 0.06025378 -0.00566229
v 0.00888000 0.06020744 -0.00547193
v 0.00879505 0.06031960 -0.00539862
v 0.00892835 0.06026120 -0.00526100
v 0.00903813 0.06016109 -0.00526100
v 0.00916490 0.06009250 -0.00513753
v 0.00936485 0.05989043 -0.00513624
v 0.00978567 0.05951409 -0.00498704
v 0.00959095 0.05971802 -0.00499733
v 0.00961970 0.05974675 -0.00486100
v 0.00955174 0.05987838 -0.00470151
v 0.00957657 0.05990340 -0.00456775
v 0.00979874 0.05972450 -0.00446099
v 0.00939230 0.05991916 -0.00500376
v 0.00996210 0.05968835 -0.00406099
v 0.00983403 0.05975880 -0.00426163
v 0.01018296 0.05951038 -0.00379475
v 0.01042866 0.05936393 -0.00326098
v 0.01044957 0.05938710 -0.00306034
v 0.01037246 0.05949833 -0.00294330
v 0.01038423 0.05951038 -0.00280953
v 0.01049531 0.05941491 -0.00266034
v 0.01058549 0.05931480 -0.00266034
v 0.01034110 0.05946404 -0.00326098
v 0.01059855 0.05932870 -0.00246098
v 0.01071356 0.05918688 -0.00247770
v 0.01078936 0.05912014 -0.00226033
v 0.01079851 0.05913034 -0.00206097
v 0.01091090 0.05901911 -0.00165968
v 0.01099193 0.05892549 -0.00146033
v 0.01099323 0.05892641 -0.00141788
v 0.01097755 0.05894773 -0.00141788
v -0.00018326 0.06161545 -0.00946168
v -0.00012706 0.06161267 -0.00946168
v 0.00007289 0.06175820 -0.00923917
v 0.00007289 0.06185831 -0.00909897
v 0.00007289 0.06192783 -0.00899865
v 0.00027284 0.06201125 -0.00886103
v 0.00027284 0.06209097 -0.00874527
v 0.00047280 0.06225133 -0.00848418
v 0.00067275 0.06224484 -0.00847517
v 0.00080997 0.06230602 -0.00836713
v 0.00107266 0.06235978 -0.00824623
v 0.00107266 0.06229119 -0.00834527
v 0.00107266 0.06221054 -0.00846103
v 0.00128699 0.06216698 -0.00848032
v 0.00127261 0.06227728 -0.00832469
v 0.00147257 0.06216234 -0.00844688
v 0.00167383 0.06214658 -0.00842501
v 0.00187378 0.06206038 -0.00850090
v 0.00207373 0.06204369 -0.00847646
v 0.00267752 0.06205575 -0.00825138
v 0.00287355 0.06192134 -0.00839286
v 0.00287355 0.06186202 -0.00849318
v 0.00307350 0.06167199 -0.00871440
v 0.00327346 0.06154222 -0.00881473
v 0.00306305 0.06156076 -0.00887132
v 0.00225670 0.06214195 -0.00826810
v 0.00187378 0.06212990 -0.00840057
v 0.00147257 0.06232919 -0.00820122
v 0.00167383 0.06231158 -0.00817549
v 0.00177315 0.06230231 -0.00816134
v 0.00190645 0.06228933 -0.00813691
v 0.00247364 0.06212805 -0.00820765
v 0.00261348 0.06211229 -0.00817935
v 0.00374393 0.06129288 -0.00894849
v 0.00386809 0.06116125 -0.00907068
v 0.00342375 0.06151812 -0.00878386
v 0.00407458 0.06113623 -0.00900894
v 0.00420396 0.06111305 -0.00897678
v 0.00427192 0.06116218 -0.00887003
v 0.00447448 0.06113159 -0.00880444
v 0.00459080 0.06110842 -0.00877100
v 0.00447448 0.06105836 -0.00890347
v 0.00445619 0.06094806 -0.00905910
v 0.00467313 0.06100182 -0.00886103
v 0.00462216 0.06092488 -0.00899093
v 0.00468359 0.06084239 -0.00905910
v 0.00478552 0.06070706 -0.00916843
v 0.00454244 0.06068574 -0.00934206
v 0.00467444 0.06065237 -0.00930219
v 0.00491883 0.06067276 -0.00912727
v 0.00527430 0.06066349 -0.00891505
v 0.00578921 0.06051054 -0.00877100
v 0.00567421 0.06035389 -0.00902052
v 0.00586370 0.06039468 -0.00885460
v 0.00580359 0.06031774 -0.00897936
v 0.00087140 0.06391981 -0.00406999
v 0.00080344 0.06390591 -0.00417546
v 0.00107266 0.06374277 -0.00486100
v 0.00067275 0.06377057 -0.00486100
v 0.00066360 0.06372237 -0.00507450
v 0.00047280 0.06373535 -0.00506164
v 0.00007289 0.06379560 -0.00486100
v -0.00012706 0.06388366 -0.00447514
v 0.00027284 0.06374369 -0.00506164
v -0.00018326 0.06393001 -0.00426678
v -0.00018326 0.06394298 -0.00420633
v 0.00166206 0.06388366 -0.00384620
v 0.00187378 0.06379004 -0.00426163
v 0.00187378 0.06375389 -0.00446099
v 0.00207373 0.06396894 -0.00286098
v 0.00207373 0.06394669 -0.00306034
v 0.00208158 0.06391981 -0.00326484
v 0.00215345 0.06389942 -0.00333430
v 0.00208158 0.06389200 -0.00346934
v 0.00227369 0.06380765 -0.00386163
v 0.00166206 0.06391518 -0.00366099
v 0.00188031 0.06389015 -0.00366099
v 0.00247495 0.06371867 -0.00426549
v 0.00227369 0.06377706 -0.00406099
v 0.00240960 0.06370754 -0.00439025
v 0.00207373 0.06380209 -0.00406099
v 0.00207373 0.06400972 -0.00246098
v 0.00227369 0.06397450 -0.00246098
v 0.00227369 0.06395411 -0.00266034
v 0.00267359 0.06396152 -0.00186033
v 0.00287355 0.06394298 -0.00165968
v 0.00306305 0.06392167 -0.00141788
v 0.00305521 0.06392074 -0.00146033
v 0.00301992 0.06391332 -0.00165968
v 0.00247364 0.06397821 -0.00206097
v 0.00592251 0.06047161 -0.00872598
v 0.00614991 0.06048552 -0.00853820
v 0.00627537 0.06026213 -0.00871183
v 0.00601661 0.06052630 -0.00859222
v 0.00653283 0.06007210 -0.00872598
v 0.00675761 0.05988950 -0.00874784
v 0.00627537 0.06034277 -0.00861151
v 0.00638123 0.06030569 -0.00856778
v 0.00645834 0.06018983 -0.00864624
v 0.00660994 0.06012679 -0.00859350
v 0.00719150 0.05971431 -0.00857678
v 0.00732480 0.05966425 -0.00851762
v 0.00740975 0.05953077 -0.00859479
v 0.00761363 0.05953634 -0.00839929
v 0.00753260 0.05966889 -0.00832340
v 0.00757050 0.05989877 -0.00795813
v 0.00766982 0.05975880 -0.00805073
v 0.00745549 0.05978846 -0.00824495
v 0.00737839 0.05990433 -0.00816520
v 0.00752476 0.05986540 -0.00806102
v 0.00768289 0.05985613 -0.00787967
v 0.00759141 0.06011567 -0.00758513
v 0.00782665 0.05974675 -0.00786295
v 0.00816121 0.05988950 -0.00714269
v 0.00798347 0.05990896 -0.00737549
v 0.00780312 0.05992658 -0.00760314
v 0.00817689 0.06010362 -0.00676583
v 0.00836639 0.06029550 -0.00615104
v 0.00841083 0.06033350 -0.00601728
v 0.00833372 0.06046698 -0.00589637
v 0.00837554 0.06050220 -0.00576261
v 0.00850623 0.06044288 -0.00566229
v 0.00861993 0.06034277 -0.00566229
v 0.00875715 0.06028715 -0.00553238
v 0.00854936 0.06047903 -0.00551566
v 0.00858595 0.06051147 -0.00538190
v 0.00895841 0.06028808 -0.00512081
v 0.00871402 0.06044844 -0.00526100
v 0.00919104 0.06011752 -0.00500505
v 0.00948117 0.05996829 -0.00464492
v 0.00931911 0.06004615 -0.00486100
v 0.00959617 0.05992194 -0.00446099
v 0.00997386 0.05970040 -0.00395809
v 0.01007841 0.05960586 -0.00387578
v 0.00986147 0.05978754 -0.00406099
v 0.00957265 0.06009991 -0.00395552
v 0.00977391 0.05990062 -0.00395809
v 0.00988238 0.05980793 -0.00389121
v 0.00972947 0.05985891 -0.00426163
v 0.00955697 0.06008415 -0.00406099
v 0.00975953 0.05988764 -0.00406099
v 0.01021956 0.05955024 -0.00346034
v 0.01036070 0.05948628 -0.00306034
v 0.01024047 0.05957249 -0.00326098
v 0.01024439 0.05961420 -0.00304233
v 0.01016336 0.05968928 -0.00309635
v 0.01017512 0.05970226 -0.00296259
v 0.01030058 0.05958732 -0.00286998
v 0.01018296 0.05971060 -0.00286098
v 0.01039468 0.05952336 -0.00266034
v 0.01050707 0.05942881 -0.00246098
v 0.01012677 0.05965035 -0.00346034
v 0.01060770 0.05933890 -0.00226033
v 0.01070703 0.05922025 -0.00226033
v 0.01051753 0.05943901 -0.00226033
v 0.01071487 0.05923045 -0.00206097
v 0.01081158 0.05914517 -0.00165968
v 0.01091613 0.05902560 -0.00146033
v 0.01091744 0.05902652 -0.00141788
v -0.00018326 0.06169424 -0.00935106
v -0.00012706 0.06169331 -0.00934978
v -0.00012706 0.06176283 -0.00924946
v -0.00012706 0.06186294 -0.00910412
v -0.00012706 0.06193061 -0.00900380
v 0.00007289 0.06202052 -0.00886103
v 0.00007289 0.06209468 -0.00875042
v 0.00027284 0.06215585 -0.00864495
v 0.00047280 0.06231621 -0.00838385
v 0.00067275 0.06238481 -0.00826167
v 0.00067275 0.06231065 -0.00837485
v 0.00087271 0.06246916 -0.00810861
v 0.00087532 0.06235793 -0.00827839
v 0.00107266 0.06245989 -0.00809318
v 0.00127261 0.06234588 -0.00822565
v 0.00147257 0.06226245 -0.00830154
v 0.00274678 0.06209560 -0.00814848
v 0.00287355 0.06199735 -0.00826167
v 0.00298463 0.06190558 -0.00836713
v 0.00307350 0.06173410 -0.00861408
v 0.00321203 0.06171371 -0.00858064
v 0.00327738 0.06164882 -0.00865267
v 0.00348386 0.06156910 -0.00867710
v 0.00207373 0.06227172 -0.00810604
v 0.00207373 0.06232734 -0.00800572
v 0.00128437 0.06245618 -0.00805073
v 0.00135756 0.06249975 -0.00795813
v 0.00147257 0.06248955 -0.00793883
v 0.00167383 0.06247008 -0.00790282
v 0.00221226 0.06231158 -0.00797871
v 0.00234557 0.06229582 -0.00794912
v 0.00355705 0.06149680 -0.00875299
v 0.00407719 0.06124375 -0.00885331
v 0.00414646 0.06129195 -0.00874656
v 0.00427453 0.06126970 -0.00870926
v 0.00446664 0.06123541 -0.00864881
v 0.00452937 0.06128454 -0.00853305
v 0.00466398 0.06114920 -0.00866167
v 0.00472410 0.06107875 -0.00872984
v 0.00487439 0.06094342 -0.00881344
v 0.00539845 0.06071354 -0.00877614
v 0.00586370 0.06055689 -0.00866038
v 0.00553176 0.06067925 -0.00873241
v 0.00207373 0.06371032 -0.00459476
v 0.00185548 0.06371589 -0.00466421
v 0.00177707 0.06370291 -0.00476325
v 0.00167383 0.06370754 -0.00478383
v 0.00134972 0.06370105 -0.00495103
v 0.00121642 0.06370662 -0.00497675
v 0.00107266 0.06371218 -0.00499990
v 0.00087271 0.06371959 -0.00502949
v 0.00059042 0.06370383 -0.00516582
v 0.00072372 0.06370013 -0.00514910
v 0.00047280 0.06370662 -0.00517611
v 0.00027284 0.06371125 -0.00519155
v 0.00007289 0.06374740 -0.00506164
v -0.00012706 0.06379375 -0.00486100
v -0.00018326 0.06385214 -0.00460762
v -0.00018326 0.06390591 -0.00437353
v 0.00207373 0.06376872 -0.00426163
v 0.00207373 0.06373442 -0.00446099
v 0.00224232 0.06391610 -0.00306034
v 0.00219920 0.06390776 -0.00320182
v 0.00247364 0.06377799 -0.00386163
v 0.00227369 0.06383639 -0.00366099
v 0.00267359 0.06374369 -0.00386163
v 0.00260825 0.06370940 -0.00420118
v 0.00254291 0.06369827 -0.00433366
v 0.00231943 0.06369642 -0.00452273
v 0.00247495 0.06368715 -0.00445842
v 0.00226062 0.06371403 -0.00445842
v 0.00247364 0.06393742 -0.00246098
v 0.00247625 0.06391703 -0.00264876
v 0.00267359 0.06381321 -0.00326098
v 0.00267359 0.06394113 -0.00206097
v 0.00299117 0.06390683 -0.00179473
v 0.00316106 0.06390035 -0.00141788
v 0.00327346 0.06385863 -0.00165968
v 0.00380274 0.06370940 -0.00206097
v 0.00367336 0.06373720 -0.00206097
v 0.00607934 0.06057265 -0.00846746
v 0.00622048 0.06053094 -0.00840572
v 0.00635379 0.06048737 -0.00834012
v 0.00658511 0.06030940 -0.00837228
v 0.00568466 0.06064866 -0.00866424
v 0.00575785 0.06069315 -0.00854849
v 0.00589246 0.06067090 -0.00847389
v 0.00668312 0.06000907 -0.00867067
v 0.00651323 0.06026027 -0.00850604
v 0.00666352 0.06019539 -0.00845202
v 0.00681250 0.06012957 -0.00839929
v 0.00727384 0.05986540 -0.00831440
v 0.00739930 0.05971987 -0.00838385
v 0.00734441 0.06008045 -0.00792983
v 0.00748686 0.06001093 -0.00787710
v 0.00753652 0.06007396 -0.00771890
v 0.00701769 0.06013050 -0.00820250
v 0.00715099 0.06008508 -0.00813691
v 0.00747118 0.06015924 -0.00765587
v 0.00736662 0.06029642 -0.00755298
v 0.00748294 0.06025842 -0.00747709
v 0.00755482 0.06028808 -0.00733819
v 0.00757050 0.06049942 -0.00695748
v 0.00760578 0.06032701 -0.00720571
v 0.00763584 0.06015182 -0.00746295
v 0.00773647 0.06006932 -0.00746295
v 0.00767374 0.05999980 -0.00766102
v 0.00775477 0.05988579 -0.00773562
v 0.00795342 0.06008323 -0.00713111
v 0.00788154 0.06005449 -0.00728159
v 0.00807626 0.06024359 -0.00667452
v 0.00814422 0.06027603 -0.00651760
v 0.00815598 0.06048552 -0.00613432
v 0.00820042 0.06052352 -0.00600056
v 0.00840560 0.06052723 -0.00566229
v 0.00826968 0.06054855 -0.00584235
v 0.00812200 0.06065978 -0.00586165
v 0.00815990 0.06069130 -0.00573689
v 0.00847878 0.06056523 -0.00545393
v 0.00836901 0.06069779 -0.00534975
v 0.00846964 0.06064588 -0.00527386
v 0.00861339 0.06053465 -0.00526100
v 0.00875454 0.06048459 -0.00506164
v 0.00888523 0.06037336 -0.00505650
v 0.00898455 0.06031033 -0.00498704
v 0.00910870 0.06024266 -0.00486100
v 0.00921848 0.06014255 -0.00486100
v 0.00935571 0.06008323 -0.00466164
v 0.00963015 0.05995346 -0.00426163
v 0.00937400 0.06010084 -0.00456003
v 0.00998824 0.05971523 -0.00382562
v 0.00936616 0.06029457 -0.00393494
v 0.00938707 0.06031311 -0.00380247
v 0.00940537 0.06033072 -0.00366099
v 0.00950600 0.06023432 -0.00366099
v 0.00958964 0.06011567 -0.00382176
v 0.00978959 0.05991638 -0.00382433
v 0.00980789 0.05993399 -0.00366099
v 0.00952429 0.06005357 -0.00426163
v 0.00942366 0.06014626 -0.00426163
v 0.00934656 0.06027603 -0.00406099
v 0.01014637 0.05967260 -0.00326098
v 0.01004705 0.05977549 -0.00326098
v 0.00996471 0.05989135 -0.00310150
v 0.00997648 0.05990248 -0.00296773
v 0.01008495 0.05980978 -0.00286098
v 0.01019865 0.05972543 -0.00266034
v 0.01040775 0.05953541 -0.00246098
v 0.01061424 0.05934724 -0.00206097
v 0.01052537 0.05944735 -0.00206097
v 0.01041690 0.05954561 -0.00226033
v 0.01081680 0.05915073 -0.00146033
v 0.01072532 0.05924528 -0.00165968
v 0.01079981 0.05917298 -0.00141788
v 0.01081811 0.05915166 -0.00141788
v -0.00018326 0.06176376 -0.00925074
v -0.00018326 0.06186387 -0.00910412
v -0.00018326 0.06193061 -0.00900380
v -0.00012706 0.06209560 -0.00875042
v -0.00012706 0.06225874 -0.00849189
v 0.00007289 0.06215771 -0.00865009
v 0.00027284 0.06239871 -0.00826167
v 0.00027284 0.06225596 -0.00848803
v 0.00047280 0.06239408 -0.00826167
v 0.00067275 0.06247657 -0.00811890
v 0.00067275 0.06253775 -0.00801986
v 0.00087271 0.06253034 -0.00800829
v 0.00107266 0.06252107 -0.00799285
v 0.00122426 0.06251087 -0.00797742
v 0.00267752 0.06226060 -0.00785523
v 0.00287355 0.06207892 -0.00811504
v 0.00247364 0.06233105 -0.00781922
v 0.00306043 0.06194173 -0.00826295
v 0.00311924 0.06188519 -0.00833112
v 0.00327738 0.06175634 -0.00847260
v 0.00334533 0.06169331 -0.00854591
v 0.00347341 0.06167292 -0.00850990
v 0.00367336 0.06153944 -0.00862180
v 0.00187378 0.06245525 -0.00785137
v 0.00147257 0.06254424 -0.00783851
v 0.00128437 0.06255444 -0.00787967
v 0.00167383 0.06252477 -0.00780250
v 0.00180844 0.06250994 -0.00777678
v 0.00194174 0.06249511 -0.00774848
v 0.00207373 0.06253126 -0.00761857
v 0.00367336 0.06147641 -0.00872212
v 0.00401315 0.06131605 -0.00878129
v 0.00427453 0.06133274 -0.00861022
v 0.00381189 0.06151534 -0.00858321
v 0.00439607 0.06131049 -0.00857421
v 0.00456727 0.06149958 -0.00815620
v 0.00468881 0.06126322 -0.00846488
v 0.00446664 0.06135035 -0.00846488
v 0.00482212 0.06112418 -0.00859607
v 0.00488354 0.06104909 -0.00866167
v 0.00506781 0.06095825 -0.00866296
v 0.00513054 0.06087946 -0.00873112
v 0.00499593 0.06091283 -0.00877485
v 0.00546903 0.06075896 -0.00866424
v 0.00562454 0.06072652 -0.00859865
v 0.00218613 0.06370383 -0.00456775
v 0.00207373 0.06364822 -0.00486100
v 0.00185548 0.06367695 -0.00484299
v 0.00191037 0.06369642 -0.00473238
v 0.00167383 0.06368622 -0.00488415
v 0.00147257 0.06366305 -0.00506164
v 0.00127915 0.06368252 -0.00505007
v 0.00107266 0.06368715 -0.00510023
v 0.00087271 0.06369457 -0.00512981
v 0.00066360 0.06367881 -0.00524428
v 0.00047280 0.06368066 -0.00527643
v 0.00087271 0.06366027 -0.00526100
v 0.00027284 0.06368437 -0.00529187
v 0.00007289 0.06371218 -0.00519540
v -0.00012706 0.06374462 -0.00506164
v -0.00018326 0.06375667 -0.00500633
v -0.00018326 0.06379189 -0.00486100
v 0.00267359 0.06379097 -0.00346034
v 0.00267359 0.06376779 -0.00366099
v 0.00267490 0.06371774 -0.00405713
v 0.00293628 0.06369642 -0.00386163
v 0.00279383 0.06370662 -0.00398639
v 0.00274155 0.06369735 -0.00412015
v 0.00267490 0.06368715 -0.00426549
v 0.00267359 0.06365285 -0.00446099
v 0.00247364 0.06364358 -0.00466164
v 0.00226062 0.06367695 -0.00464492
v 0.00287355 0.06381785 -0.00286098
v 0.00287355 0.06377521 -0.00326098
v 0.00297026 0.06370198 -0.00375488
v 0.00282127 0.06391240 -0.00206097
v 0.00278729 0.06390591 -0.00218573
v 0.00307350 0.06382063 -0.00246098
v 0.00292060 0.06389293 -0.00206097
v 0.00367728 0.06371774 -0.00224747
v 0.00358188 0.06370476 -0.00257673
v 0.00347864 0.06371867 -0.00265005
v 0.00338323 0.06370476 -0.00297802
v 0.00342636 0.06384009 -0.00141788
v 0.00387462 0.06373628 -0.00146033
v 0.00327346 0.06387254 -0.00146033
v 0.00396349 0.06370105 -0.00172399
v 0.00367336 0.06375482 -0.00186033
v 0.00385763 0.06367974 -0.00224747
v 0.00390338 0.06368715 -0.00206097
v 0.00607411 0.06067276 -0.00831440
v 0.00618128 0.06070520 -0.00816778
v 0.00597218 0.06070057 -0.00835942
v 0.00626753 0.06059768 -0.00825395
v 0.00642044 0.06053186 -0.00820636
v 0.00666091 0.06034277 -0.00824881
v 0.00583887 0.06073486 -0.00841472
v 0.00535794 0.06089337 -0.00854849
v 0.00547425 0.06086463 -0.00850218
v 0.00557488 0.06090171 -0.00836199
v 0.00721110 0.06012772 -0.00800314
v 0.00725946 0.06019168 -0.00784623
v 0.00740322 0.06012216 -0.00779607
v 0.00678506 0.06030940 -0.00817292
v 0.00706604 0.06019631 -0.00805330
v 0.00721895 0.06033257 -0.00766231
v 0.00719412 0.06051611 -0.00738578
v 0.00715491 0.06068944 -0.00714140
v 0.00732742 0.06046976 -0.00730732
v 0.00742151 0.06033628 -0.00742050
v 0.00746987 0.06039839 -0.00725587
v 0.00758357 0.06070891 -0.00657419
v 0.00761885 0.06053835 -0.00682500
v 0.00748555 0.06060973 -0.00687516
v 0.00736140 0.06089244 -0.00654590
v 0.00753260 0.06067090 -0.00670796
v 0.00767374 0.06036131 -0.00705265
v 0.00773909 0.06027325 -0.00711310
v 0.00777307 0.06009991 -0.00736005
v 0.00782011 0.06013977 -0.00722629
v 0.00786978 0.06019817 -0.00705651
v 0.00792728 0.06026213 -0.00686230
v 0.00801092 0.06033257 -0.00661664
v 0.00811286 0.06044937 -0.00626165
v 0.00797694 0.06050406 -0.00636712
v 0.00801223 0.06053372 -0.00626165
v 0.00807104 0.06059953 -0.00605586
v 0.00798609 0.06071076 -0.00597869
v 0.00802268 0.06073857 -0.00586165
v 0.00776653 0.06089615 -0.00594911
v 0.00767636 0.06100367 -0.00586422
v 0.00758487 0.06111027 -0.00578062
v 0.00793904 0.06087576 -0.00569959
v 0.00819780 0.06072003 -0.00560441
v 0.00833764 0.06067369 -0.00546164
v 0.00817559 0.06090264 -0.00516454
v 0.00839906 0.06072003 -0.00521598
v 0.00797694 0.06090357 -0.00556711
v 0.00761624 0.06113252 -0.00566229
v 0.00775346 0.06108617 -0.00551824
v 0.00756135 0.06129288 -0.00533431
v 0.00736924 0.06149866 -0.00515167
v 0.00853106 0.06066905 -0.00506164
v 0.00865521 0.06056894 -0.00506164
v 0.00877414 0.06050128 -0.00496003
v 0.00886954 0.06044473 -0.00488029
v 0.00900807 0.06033072 -0.00486100
v 0.00914530 0.06027603 -0.00466164
v 0.00925508 0.06017592 -0.00466164
v 0.00916751 0.06029550 -0.00454074
v 0.00994903 0.05987559 -0.00326098
v 0.00990721 0.05983296 -0.00366099
v 0.00918058 0.06050684 -0.00377932
v 0.00919757 0.06052352 -0.00366099
v 0.00929820 0.06043083 -0.00366099
v 0.00914399 0.06067369 -0.00326098
v 0.00932434 0.06045493 -0.00346034
v 0.00942889 0.06035482 -0.00346034
v 0.00960793 0.06013514 -0.00366099
v 0.00975039 0.06007674 -0.00326098
v 0.00982880 0.05995531 -0.00346034
v 0.00931389 0.06024637 -0.00426163
v 0.00913484 0.06046605 -0.00406099
v 0.00915837 0.06048830 -0.00391308
v 0.00956481 0.06029272 -0.00310407
v 0.00977652 0.06010362 -0.00297031
v 0.01009932 0.05982554 -0.00266034
v 0.01021041 0.05973655 -0.00246098
v 0.01030973 0.05963552 -0.00246098
v 0.01032019 0.05964571 -0.00226033
v 0.01062077 0.05935280 -0.00186033
v 0.01042474 0.05955395 -0.00206097
v 0.01043519 0.05956507 -0.00165968
v 0.01053452 0.05945847 -0.00165968
v 0.01062600 0.05935836 -0.00165968
v 0.01073055 0.05925084 -0.00146033
v 0.01073055 0.05925177 -0.00141788
v -0.00018326 0.06202330 -0.00886103
v -0.00018326 0.06209468 -0.00875042
v -0.00018326 0.06215863 -0.00865009
v -0.00018326 0.06234402 -0.00835556
v -0.00012706 0.06248399 -0.00813176
v 0.00007289 0.06232085 -0.00839029
v 0.00047280 0.06248028 -0.00812533
v 0.00007289 0.06254517 -0.00803015
v 0.00047280 0.06254146 -0.00802501
v 0.00047280 0.06263322 -0.00786295
v 0.00067275 0.06262581 -0.00786295
v 0.00087271 0.06261283 -0.00786295
v 0.00107266 0.06259337 -0.00786295
v 0.00274678 0.06229489 -0.00774719
v 0.00287355 0.06220405 -0.00786295
v 0.00287355 0.06212897 -0.00801472
v 0.00261217 0.06231343 -0.00778321
v 0.00300424 0.06211043 -0.00797999
v 0.00313754 0.06209190 -0.00794141
v 0.00307220 0.06205296 -0.00805202
v 0.00221749 0.06251365 -0.00758385
v 0.00235079 0.06249697 -0.00755041
v 0.00368251 0.06196027 -0.00787581
v 0.00347341 0.06194081 -0.00803015
v 0.00375439 0.06189631 -0.00795170
v 0.00323817 0.06192227 -0.00819736
v 0.00359756 0.06171000 -0.00837485
v 0.00366814 0.06164419 -0.00844945
v 0.00387724 0.06156076 -0.00847132
v 0.00127261 0.06266103 -0.00768160
v 0.00137847 0.06270367 -0.00756455
v 0.00145688 0.06264898 -0.00764301
v 0.00151177 0.06269162 -0.00754269
v 0.00167383 0.06259893 -0.00766231
v 0.00187378 0.06254887 -0.00767388
v 0.00181497 0.06271201 -0.00738192
v 0.00188031 0.06286218 -0.00705523
v 0.00207373 0.06261005 -0.00746295
v 0.00432681 0.06148475 -0.00833241
v 0.00394520 0.06149217 -0.00854463
v 0.00407458 0.06146900 -0.00850733
v 0.00419350 0.06150885 -0.00837228
v 0.00447448 0.06167477 -0.00791568
v 0.00466660 0.06163955 -0.00785137
v 0.00467444 0.06147734 -0.00812019
v 0.00476592 0.06129844 -0.00835556
v 0.00443397 0.06152461 -0.00819864
v 0.00488354 0.06117238 -0.00847260
v 0.00495542 0.06109266 -0.00854720
v 0.00522464 0.06092674 -0.00859736
v 0.00227369 0.06362134 -0.00486100
v 0.00207373 0.06359538 -0.00506164
v 0.00187378 0.06362041 -0.00506164
v 0.00167383 0.06364358 -0.00506164
v 0.00127261 0.06362690 -0.00526100
v 0.00107266 0.06364451 -0.00526100
v 0.00067275 0.06361948 -0.00546164
v 0.00047280 0.06362875 -0.00546164
v 0.00087271 0.06360465 -0.00546164
v 0.00027284 0.06363617 -0.00546164
v 0.00007289 0.06368530 -0.00529573
v -0.00018326 0.06371032 -0.00518769
v -0.00018326 0.06374277 -0.00506164
v 0.00307481 0.06368993 -0.00367771
v 0.00307350 0.06366861 -0.00386163
v 0.00286571 0.06368344 -0.00405713
v 0.00287355 0.06364822 -0.00426163
v 0.00267359 0.06360558 -0.00466164
v 0.00287355 0.06360836 -0.00446099
v 0.00247364 0.06358797 -0.00486100
v 0.00307350 0.06373628 -0.00326098
v 0.00307481 0.06371589 -0.00344619
v 0.00314146 0.06369642 -0.00350279
v 0.00374655 0.06369735 -0.00230535
v 0.00365899 0.06368066 -0.00265005
v 0.00367336 0.06365563 -0.00286098
v 0.00351262 0.06368993 -0.00286098
v 0.00345903 0.06368066 -0.00305134
v 0.00347341 0.06365471 -0.00326098
v 0.00334795 0.06369735 -0.00311179
v 0.00317805 0.06370383 -0.00337031
v 0.00387462 0.06373813 -0.00141788
v 0.00396872 0.06371589 -0.00141788
v 0.00398179 0.06370476 -0.00159023
v 0.00405889 0.06368066 -0.00165840
v 0.00407458 0.06366212 -0.00186033
v 0.00407458 0.06364637 -0.00206097
v 0.00394127 0.06369549 -0.00186033
v 0.00407458 0.06362875 -0.00226033
v 0.00407458 0.06360836 -0.00246098
v 0.00387462 0.06365378 -0.00246098
v 0.00606627 0.06094250 -0.00785395
v 0.00612639 0.06087576 -0.00791440
v 0.00626623 0.06083126 -0.00785395
v 0.00637862 0.06070427 -0.00796713
v 0.00631458 0.06066534 -0.00809961
v 0.00587939 0.06080438 -0.00826552
v 0.00591990 0.06087298 -0.00811247
v 0.00586109 0.06093879 -0.00805202
v 0.00566898 0.06115013 -0.00786038
v 0.00580489 0.06111861 -0.00779221
v 0.00661516 0.06052908 -0.00800572
v 0.00655243 0.06048737 -0.00813948
v 0.00528475 0.06097679 -0.00847389
v 0.00517498 0.06110193 -0.00836070
v 0.00527430 0.06107690 -0.00832083
v 0.00538931 0.06110934 -0.00817421
v 0.00698109 0.06030662 -0.00797099
v 0.00711440 0.06026120 -0.00789639
v 0.00717451 0.06030199 -0.00776263
v 0.00694319 0.06048088 -0.00772790
v 0.00676807 0.06069871 -0.00755684
v 0.00706735 0.06079789 -0.00705523
v 0.00717320 0.06090078 -0.00676069
v 0.00722809 0.06094064 -0.00662693
v 0.00738361 0.06050869 -0.00717355
v 0.00739930 0.06072003 -0.00679413
v 0.00762277 0.06073950 -0.00646230
v 0.00776261 0.06069222 -0.00634525
v 0.00772210 0.06065978 -0.00646230
v 0.00775216 0.06048366 -0.00673111
v 0.00747640 0.06084702 -0.00647258
v 0.00754436 0.06087854 -0.00631953
v 0.00778613 0.06031218 -0.00698063
v 0.00718889 0.06111213 -0.00637998
v 0.00741106 0.06092952 -0.00641213
v 0.00779790 0.06052167 -0.00659734
v 0.00787370 0.06064217 -0.00627194
v 0.00759010 0.06091469 -0.00618577
v 0.00763062 0.06094620 -0.00606229
v 0.00754436 0.06108061 -0.00591438
v 0.00747640 0.06115384 -0.00585393
v 0.00739407 0.06131605 -0.00559541
v 0.00819780 0.06091932 -0.00506164
v 0.00739930 0.06152090 -0.00501791
v 0.00843174 0.06074506 -0.00506164
v 0.00742935 0.06134108 -0.00546164
v 0.00752868 0.06126970 -0.00546164
v 0.00724116 0.06154871 -0.00526100
v 0.00717190 0.06170073 -0.00495746
v 0.00848532 0.06076452 -0.00485714
v 0.00855850 0.06068944 -0.00492016
v 0.00879897 0.06052259 -0.00482756
v 0.00892966 0.06046327 -0.00466164
v 0.00910086 0.06043639 -0.00426163
v 0.00918973 0.06031496 -0.00440697
v 0.00895710 0.06048644 -0.00451115
v 0.00898063 0.06050684 -0.00437739
v 0.00908518 0.06056894 -0.00385263
v 0.00899239 0.06071632 -0.00361468
v 0.00911524 0.06064866 -0.00346034
v 0.00916621 0.06069408 -0.00306034
v 0.00924854 0.06057358 -0.00326098
v 0.00904336 0.06076174 -0.00326098
v 0.00895318 0.06088317 -0.00306034
v 0.00934917 0.06047717 -0.00326098
v 0.00952952 0.06025656 -0.00346034
v 0.00964975 0.06017778 -0.00326098
v 0.00903421 0.06055318 -0.00406099
v 0.00957657 0.06030291 -0.00297159
v 0.00955043 0.06027696 -0.00326098
v 0.00936485 0.06049201 -0.00310150
v 0.00968504 0.06021114 -0.00286098
v 0.01001046 0.05993677 -0.00246098
v 0.00979874 0.06012494 -0.00266034
v 0.01011893 0.05984593 -0.00226033
v 0.01032803 0.05965406 -0.00206097
v 0.01033979 0.05966518 -0.00165968
v 0.01043911 0.05956878 -0.00146033
v 0.01053974 0.05946404 -0.00141788
v 0.01034502 0.05966982 -0.00141788
v 0.01063123 0.05936393 -0.00141788
v 0.01065214 0.05934075 -0.00141788
v -0.00018326 0.06248399 -0.00813176
v -0.00018326 0.06250160 -0.00810347
v -0.00012706 0.06254609 -0.00803144
v -0.00018326 0.06257390 -0.00798514
v -0.00012706 0.06264435 -0.00786295
v 0.00027284 0.06263786 -0.00786295
v 0.00027284 0.06269718 -0.00775105
v 0.00047280 0.06269440 -0.00774591
v 0.00067275 0.06269070 -0.00773819
v 0.00087271 0.06268421 -0.00772533
v 0.00107266 0.06267494 -0.00770732
v 0.00221357 0.06271387 -0.00718384
v 0.00247364 0.06260542 -0.00726230
v 0.00287355 0.06239871 -0.00746295
v 0.00313101 0.06229119 -0.00753883
v 0.00338323 0.06230509 -0.00736777
v 0.00327346 0.06219108 -0.00766231
v 0.00327346 0.06207150 -0.00790282
v 0.00352046 0.06208726 -0.00773176
v 0.00346165 0.06204369 -0.00784752
v 0.00195089 0.06289740 -0.00695105
v 0.00387462 0.06201589 -0.00766231
v 0.00387462 0.06193246 -0.00781665
v 0.00387462 0.06187685 -0.00791697
v 0.00398048 0.06170444 -0.00816520
v 0.00387462 0.06172112 -0.00819607
v 0.00373087 0.06168868 -0.00833627
v 0.00387462 0.06166458 -0.00829639
v 0.00407458 0.06153017 -0.00840701
v 0.00127261 0.06271201 -0.00758128
v 0.00145950 0.06285291 -0.00724429
v 0.00151569 0.06289369 -0.00714526
v 0.00145688 0.06273797 -0.00747066
v 0.00167383 0.06280471 -0.00726230
v 0.00167383 0.06267679 -0.00751182
v 0.00181758 0.06291316 -0.00698320
v 0.00167383 0.06292984 -0.00701535
v 0.00426538 0.06154778 -0.00826424
v 0.00447448 0.06173225 -0.00781536
v 0.00459472 0.06171000 -0.00777678
v 0.00435817 0.06169609 -0.00795298
v 0.00472802 0.06168497 -0.00773176
v 0.00479598 0.06151163 -0.00797871
v 0.00487439 0.06133366 -0.00821408
v 0.00498548 0.06130771 -0.00817035
v 0.00508088 0.06120482 -0.00826552
v 0.00227369 0.06356387 -0.00506164
v 0.00207112 0.06353050 -0.00527129
v 0.00187378 0.06356201 -0.00526100
v 0.00167383 0.06358611 -0.00526100
v 0.00147257 0.06360743 -0.00526100
v 0.00107266 0.06358797 -0.00546164
v 0.00087271 0.06354533 -0.00566229
v 0.00067275 0.06355738 -0.00566229
v 0.00047280 0.06356572 -0.00566229
v 0.00106351 0.06352679 -0.00567129
v 0.00027284 0.06357036 -0.00566229
v 0.00007289 0.06363802 -0.00546164
v -0.00012706 0.06368344 -0.00529058
v -0.00018326 0.06368252 -0.00528672
v 0.00327346 0.06365007 -0.00366099
v 0.00307350 0.06363988 -0.00406099
v 0.00327346 0.06362412 -0.00386163
v 0.00307350 0.06360187 -0.00426163
v 0.00287355 0.06356016 -0.00466164
v 0.00287355 0.06351845 -0.00481212
v 0.00268797 0.06354069 -0.00487772
v 0.00307350 0.06355738 -0.00446099
v 0.00246580 0.06352772 -0.00506421
v 0.00263047 0.06351567 -0.00499862
v 0.00325647 0.06367881 -0.00344619
v 0.00387462 0.06363246 -0.00266034
v 0.00387462 0.06361022 -0.00286098
v 0.00367336 0.06363339 -0.00306034
v 0.00367336 0.06361022 -0.00326098
v 0.00347341 0.06363061 -0.00346034
v 0.00401838 0.06370383 -0.00141788
v 0.00409418 0.06368252 -0.00146033
v 0.00427453 0.06363617 -0.00146033
v 0.00427453 0.06362319 -0.00165968
v 0.00427453 0.06360929 -0.00186033
v 0.00427453 0.06359353 -0.00206097
v 0.00427453 0.06355831 -0.00246098
v 0.00407458 0.06358704 -0.00266034
v 0.00429283 0.06353143 -0.00267706
v 0.00607281 0.06104446 -0.00766102
v 0.00613815 0.06108246 -0.00752597
v 0.00640476 0.06111861 -0.00719156
v 0.00593820 0.06108246 -0.00772661
v 0.00653675 0.06108154 -0.00712468
v 0.00632634 0.06087483 -0.00771375
v 0.00639169 0.06091191 -0.00757999
v 0.00658903 0.06091098 -0.00737806
v 0.00678506 0.06090913 -0.00717484
v 0.00669096 0.06067461 -0.00768288
v 0.00652630 0.06067276 -0.00786295
v 0.00578660 0.06090727 -0.00817163
v 0.00546380 0.06114179 -0.00805459
v 0.00533442 0.06128175 -0.00792726
v 0.00554352 0.06128639 -0.00773562
v 0.00567943 0.06136518 -0.00746680
v 0.00575001 0.06128824 -0.00753755
v 0.00542720 0.06153110 -0.00741150
v 0.00667920 0.06057265 -0.00786552
v 0.00674847 0.06048552 -0.00793498
v 0.00512009 0.06127619 -0.00811633
v 0.00527430 0.06113808 -0.00822051
v 0.00519981 0.06131512 -0.00798514
v 0.00680858 0.06052538 -0.00780250
v 0.00697979 0.06090542 -0.00696905
v 0.00702683 0.06093694 -0.00686230
v 0.00747640 0.06096382 -0.00625651
v 0.00723071 0.06113901 -0.00626165
v 0.00736793 0.06109730 -0.00615232
v 0.00733003 0.06106949 -0.00626165
v 0.00693274 0.06107783 -0.00671825
v 0.00679944 0.06111676 -0.00678899
v 0.00654459 0.06128639 -0.00672982
v 0.00627929 0.06145973 -0.00666937
v 0.00634856 0.06148846 -0.00653304
v 0.00647533 0.06145324 -0.00646487
v 0.00706343 0.06123819 -0.00625393
v 0.00712354 0.06127434 -0.00609830
v 0.00717582 0.06130307 -0.00596454
v 0.00747640 0.06105466 -0.00607644
v 0.00741106 0.06112696 -0.00601856
v 0.00728168 0.06136332 -0.00566229
v 0.00720196 0.06152090 -0.00540762
v 0.00743328 0.06154593 -0.00486100
v 0.00753391 0.06147178 -0.00486100
v 0.00756135 0.06149217 -0.00473109
v 0.00758880 0.06151349 -0.00459733
v 0.00726991 0.06165624 -0.00487900
v 0.00814422 0.06107968 -0.00466164
v 0.00828798 0.06097030 -0.00466421
v 0.00714315 0.06168312 -0.00506164
v 0.00704252 0.06174337 -0.00506164
v 0.00683080 0.06193617 -0.00486100
v 0.00693012 0.06187685 -0.00486100
v 0.00696280 0.06189539 -0.00474009
v 0.00699547 0.06191670 -0.00460762
v 0.00720065 0.06172019 -0.00482498
v 0.00733657 0.06167570 -0.00466164
v 0.00857288 0.06090078 -0.00415617
v 0.00860686 0.06072745 -0.00466164
v 0.00858334 0.06070891 -0.00478768
v 0.00826576 0.06104353 -0.00447000
v 0.00874278 0.06067647 -0.00446099
v 0.00888392 0.06056431 -0.00445070
v 0.00876499 0.06069501 -0.00433623
v 0.00895057 0.06068203 -0.00386163
v 0.00897017 0.06069779 -0.00374716
v 0.00877806 0.06090449 -0.00356967
v 0.00889568 0.06083683 -0.00346034
v 0.00882772 0.06094528 -0.00326098
v 0.00892705 0.06086185 -0.00326098
v 0.00901461 0.06073672 -0.00346034
v 0.00917405 0.06070149 -0.00296002
v 0.00928905 0.06057636 -0.00304490
v 0.00896625 0.06089522 -0.00291500
v 0.00897802 0.06090542 -0.00278252
v 0.00885255 0.06096660 -0.00306034
v 0.00937531 0.06050313 -0.00296773
v 0.00948378 0.06041136 -0.00286098
v 0.00969811 0.06022505 -0.00266034
v 0.00949685 0.06042434 -0.00266034
v 0.00960793 0.06033443 -0.00246098
v 0.00991767 0.06004522 -0.00226033
v 0.01012677 0.05985335 -0.00206097
v 0.00993858 0.06006562 -0.00165968
v 0.01004705 0.05997292 -0.00141788
v 0.01022479 0.05979402 -0.00141788
v -0.00018326 0.06254609 -0.00803144
v -0.00018326 0.06264435 -0.00786295
v -0.00018326 0.06266011 -0.00783465
v -0.00018326 0.06270089 -0.00775877
v 0.00007289 0.06269904 -0.00775491
v -0.00012706 0.06284457 -0.00746295
v 0.00047280 0.06293633 -0.00723401
v 0.00067275 0.06288628 -0.00732790
v 0.00067275 0.06282232 -0.00746295
v 0.00067275 0.06273890 -0.00763787
v 0.00087271 0.06288257 -0.00732018
v 0.00087271 0.06281305 -0.00746295
v 0.00107266 0.06287515 -0.00730603
v 0.00107266 0.06279729 -0.00746295
v 0.00107266 0.06272499 -0.00760829
v 0.00227369 0.06285847 -0.00685330
v 0.00234034 0.06289369 -0.00674397
v 0.00207373 0.06292984 -0.00681728
v 0.00247364 0.06292428 -0.00660635
v 0.00287355 0.06286959 -0.00649445
v 0.00337017 0.06270182 -0.00656005
v 0.00345511 0.06244320 -0.00704365
v 0.00376223 0.06249882 -0.00675555
v 0.00376615 0.06230046 -0.00715812
v 0.00369166 0.06216234 -0.00748095
v 0.00401838 0.06211507 -0.00738835
v 0.00415168 0.06209560 -0.00734976
v 0.00408111 0.06206038 -0.00745780
v 0.00188031 0.06295116 -0.00687516
v 0.00207373 0.06300400 -0.00666165
v 0.00407066 0.06195007 -0.00766874
v 0.00427453 0.06199642 -0.00746295
v 0.00413600 0.06188982 -0.00773948
v 0.00428499 0.06176376 -0.00787710
v 0.00411378 0.06168219 -0.00812533
v 0.00405759 0.06163214 -0.00824366
v 0.00127261 0.06277134 -0.00746295
v 0.00145950 0.06294004 -0.00707195
v 0.00167383 0.06300585 -0.00686230
v 0.00428499 0.06165994 -0.00805974
v 0.00451369 0.06188148 -0.00752597
v 0.00461824 0.06191949 -0.00739221
v 0.00468097 0.06185738 -0.00746037
v 0.00445880 0.06193710 -0.00746037
v 0.00475285 0.06189353 -0.00734590
v 0.00481950 0.06172298 -0.00759928
v 0.00486786 0.06154871 -0.00786166
v 0.00492928 0.06148105 -0.00792726
v 0.00239392 0.06350732 -0.00517482
v 0.00227369 0.06351752 -0.00520698
v 0.00213646 0.06349713 -0.00534331
v 0.00200316 0.06350732 -0.00537547
v 0.00187378 0.06351659 -0.00540248
v 0.00165553 0.06352494 -0.00546550
v 0.00147257 0.06354718 -0.00546164
v 0.00127261 0.06356850 -0.00546164
v 0.00099032 0.06350454 -0.00576647
v 0.00067275 0.06351289 -0.00578962
v 0.00087271 0.06350825 -0.00577676
v 0.00047280 0.06351659 -0.00579734
v 0.00127261 0.06352123 -0.00561727
v 0.00112363 0.06349713 -0.00574460
v 0.00027284 0.06347952 -0.00590152
v 0.00007289 0.06348044 -0.00590152
v 0.00007289 0.06357036 -0.00566229
v 0.00047280 0.06347859 -0.00589766
v -0.00018326 0.06356572 -0.00566229
v -0.00012706 0.06363339 -0.00546164
v -0.00018326 0.06364637 -0.00541148
v 0.00327346 0.06358982 -0.00406099
v 0.00347341 0.06360465 -0.00366099
v 0.00388900 0.06353050 -0.00347192
v 0.00367336 0.06355553 -0.00366099
v 0.00396480 0.06350084 -0.00354652
v 0.00347341 0.06357406 -0.00386163
v 0.00329175 0.06353977 -0.00427835
v 0.00337017 0.06350176 -0.00435553
v 0.00317936 0.06350454 -0.00456775
v 0.00305782 0.06351659 -0.00464492
v 0.00298071 0.06350454 -0.00476839
v 0.00287355 0.06348786 -0.00491244
v 0.00276508 0.06350084 -0.00495489
v 0.00252722 0.06349249 -0.00513238
v 0.00387462 0.06358797 -0.00306034
v 0.00407458 0.06356480 -0.00286098
v 0.00387462 0.06356387 -0.00326098
v 0.00409810 0.06368344 -0.00141788
v 0.00427453 0.06363802 -0.00141788
v 0.00447448 0.06358333 -0.00141788
v 0.00447448 0.06356850 -0.00165968
v 0.00447448 0.06355460 -0.00186033
v 0.00449278 0.06353143 -0.00207512
v 0.00441959 0.06351752 -0.00246098
v 0.00439346 0.06350918 -0.00262175
v 0.00437255 0.06350176 -0.00275551
v 0.00424839 0.06352216 -0.00286098
v 0.00607934 0.06125580 -0.00726745
v 0.00627929 0.06125487 -0.00706680
v 0.00660210 0.06111769 -0.00699092
v 0.00673540 0.06107968 -0.00692275
v 0.00535533 0.06149217 -0.00754526
v 0.00501161 0.06152090 -0.00779478
v 0.00527038 0.06135220 -0.00786166
v 0.00556051 0.06149402 -0.00734848
v 0.00528345 0.06157003 -0.00747195
v 0.00516321 0.06169702 -0.00735233
v 0.00528998 0.06167385 -0.00727645
v 0.00548601 0.06157374 -0.00727388
v 0.00634856 0.06128732 -0.00693432
v 0.00641260 0.06132254 -0.00680056
v 0.00602184 0.06152739 -0.00681214
v 0.00608326 0.06156447 -0.00666937
v 0.00627929 0.06155705 -0.00646487
v 0.00640737 0.06151998 -0.00639927
v 0.00686870 0.06134201 -0.00625393
v 0.00699024 0.06131142 -0.00618062
v 0.00697456 0.06150329 -0.00576390
v 0.00711440 0.06146807 -0.00566229
v 0.00715883 0.06149310 -0.00554139
v 0.00720980 0.06132532 -0.00586165
v 0.00730912 0.06126044 -0.00586165
v 0.00708564 0.06156447 -0.00546936
v 0.00700070 0.06171834 -0.00520184
v 0.00748686 0.06156818 -0.00466292
v 0.00761624 0.06153295 -0.00446099
v 0.00771556 0.06145880 -0.00446099
v 0.00799654 0.06131883 -0.00421790
v 0.00775477 0.06148753 -0.00426163
v 0.00679421 0.06191392 -0.00499090
v 0.00688700 0.06196212 -0.00466935
v 0.00665568 0.06203721 -0.00484556
v 0.00670534 0.06206687 -0.00466164
v 0.00674585 0.06208819 -0.00450086
v 0.00685563 0.06203999 -0.00444427
v 0.00702553 0.06193524 -0.00446099
v 0.00712616 0.06187036 -0.00446099
v 0.00736270 0.06169517 -0.00453302
v 0.00723594 0.06174337 -0.00466164
v 0.00837685 0.06110378 -0.00396710
v 0.00856112 0.06109173 -0.00352208
v 0.00862646 0.06094250 -0.00386163
v 0.00866828 0.06084702 -0.00407771
v 0.00864345 0.06075618 -0.00446099
v 0.00878982 0.06071354 -0.00420247
v 0.00868266 0.06095918 -0.00364684
v 0.00866044 0.06102963 -0.00345777
v 0.00870357 0.06104539 -0.00326098
v 0.00872971 0.06106671 -0.00306034
v 0.00918320 0.06071076 -0.00282625
v 0.00926030 0.06062827 -0.00288027
v 0.00875062 0.06108246 -0.00286098
v 0.00876499 0.06109451 -0.00269506
v 0.00885517 0.06102499 -0.00264104
v 0.00898586 0.06091191 -0.00266034
v 0.00919365 0.06072003 -0.00266034
v 0.00938315 0.06051054 -0.00286098
v 0.00939622 0.06052352 -0.00266034
v 0.00950600 0.06043454 -0.00246098
v 0.00961578 0.06034184 -0.00226033
v 0.00982488 0.06015089 -0.00206097
v 0.00963015 0.06035575 -0.00186033
v 0.00963669 0.06036223 -0.00165968
v 0.00984448 0.06017036 -0.00146033
v 0.00986670 0.06015089 -0.00141788
v -0.00018326 0.06275002 -0.00765845
v -0.00018326 0.06284457 -0.00746295
v -0.00018326 0.06285940 -0.00743208
v -0.00012706 0.06289740 -0.00735105
v 0.00047280 0.06301698 -0.00706166
v 0.00087271 0.06300585 -0.00706166
v 0.00067275 0.06293355 -0.00722758
v 0.00087271 0.06293077 -0.00721986
v 0.00107266 0.06299473 -0.00706166
v 0.00107266 0.06292428 -0.00720571
v 0.00127261 0.06297156 -0.00706166
v 0.00127261 0.06291223 -0.00718127
v 0.00127261 0.06286218 -0.00728159
v 0.00266445 0.06294004 -0.00646615
v 0.00297810 0.06290389 -0.00636455
v 0.00361978 0.06271572 -0.00638898
v 0.00387462 0.06261005 -0.00646230
v 0.00387462 0.06253219 -0.00662307
v 0.00368643 0.06255722 -0.00667837
v 0.00387462 0.06248306 -0.00672339
v 0.00401446 0.06231436 -0.00698577
v 0.00414776 0.06229489 -0.00694719
v 0.00427453 0.06212712 -0.00721343
v 0.00439738 0.06210951 -0.00717613
v 0.00427453 0.06207706 -0.00731246
v 0.00186594 0.06305962 -0.00664879
v 0.00207373 0.06307630 -0.00649574
v 0.00267359 0.06303088 -0.00626165
v 0.00247364 0.06299195 -0.00646230
v 0.00427453 0.06192227 -0.00759800
v 0.00446795 0.06204740 -0.00725073
v 0.00427453 0.06186665 -0.00769832
v 0.00147257 0.06304015 -0.00686230
v 0.00147257 0.06309484 -0.00674140
v 0.00167383 0.06307815 -0.00670153
v 0.00453068 0.06208819 -0.00713368
v 0.00468097 0.06196027 -0.00727259
v 0.00476069 0.06209653 -0.00695105
v 0.00483126 0.06192968 -0.00721343
v 0.00488223 0.06176561 -0.00747195
v 0.00468620 0.06206687 -0.00706552
v 0.00495280 0.06169239 -0.00754398
v 0.00488223 0.06165716 -0.00766359
v 0.00246580 0.06346469 -0.00524942
v 0.00227369 0.06342761 -0.00546164
v 0.00227369 0.06348415 -0.00530730
v 0.00179406 0.06310689 -0.00657162
v 0.00167383 0.06311801 -0.00660120
v 0.00167383 0.06316899 -0.00646230
v 0.00207112 0.06346932 -0.00545007
v 0.00187378 0.06342483 -0.00566229
v 0.00165553 0.06346376 -0.00564300
v 0.00157581 0.06350362 -0.00556325
v 0.00087271 0.06340258 -0.00606229
v 0.00087271 0.06347117 -0.00587708
v 0.00106351 0.06346839 -0.00584493
v 0.00107266 0.06338775 -0.00606229
v 0.00107266 0.06323944 -0.00646230
v 0.00067275 0.06347581 -0.00588994
v 0.00067275 0.06341092 -0.00606229
v 0.00127261 0.06348786 -0.00571759
v 0.00127261 0.06343688 -0.00586165
v 0.00127261 0.06336550 -0.00606229
v 0.00027284 0.06341834 -0.00606229
v 0.00007289 0.06341927 -0.00606229
v -0.00012706 0.06330433 -0.00636583
v -0.00012706 0.06341834 -0.00606229
v -0.00012706 0.06347952 -0.00589895
v -0.00012706 0.06351659 -0.00579862
v 0.00047280 0.06341556 -0.00606229
v -0.00018326 0.06341741 -0.00606229
v -0.00018326 0.06363153 -0.00546164
v 0.00367336 0.06352308 -0.00385263
v 0.00360671 0.06351196 -0.00400311
v 0.00407327 0.06351845 -0.00324426
v 0.00413861 0.06349342 -0.00330085
v 0.00407327 0.06348230 -0.00347192
v 0.00392690 0.06348879 -0.00366099
v 0.00374001 0.06349342 -0.00391436
v 0.00378706 0.06350640 -0.00378060
v 0.00348256 0.06348601 -0.00427835
v 0.00367336 0.06338126 -0.00446099
v 0.00347341 0.06344337 -0.00446099
v 0.00311402 0.06348601 -0.00470022
v 0.00367598 0.06327745 -0.00486614
v 0.00398179 0.06310504 -0.00516968
v 0.00347864 0.06333492 -0.00486614
v 0.00327346 0.06339517 -0.00486100
v 0.00341591 0.06331452 -0.00499990
v 0.00305782 0.06346005 -0.00484556
v 0.00334141 0.06329413 -0.00513367
v 0.00307350 0.06338775 -0.00506164
v 0.00268797 0.06347952 -0.00506421
v 0.00320811 0.06331174 -0.00518640
v 0.00287355 0.06343688 -0.00506164
v 0.00407458 0.06354162 -0.00306034
v 0.00417651 0.06350362 -0.00316709
v 0.00466137 0.06352772 -0.00141788
v 0.00465483 0.06352772 -0.00146033
v 0.00463392 0.06352123 -0.00165968
v 0.00461040 0.06351474 -0.00186033
v 0.00459080 0.06350825 -0.00201853
v 0.00457119 0.06350176 -0.00215229
v 0.00434772 0.06349527 -0.00286098
v 0.00420265 0.06351011 -0.00306034
v 0.00455290 0.06349620 -0.00226033
v 0.00467444 0.06342761 -0.00246098
v 0.00447448 0.06345171 -0.00286098
v 0.00568597 0.06146621 -0.00727388
v 0.00576046 0.06149402 -0.00714655
v 0.00582580 0.06152925 -0.00701407
v 0.00595911 0.06149310 -0.00694590
v 0.00528345 0.06145787 -0.00766745
v 0.00514492 0.06148753 -0.00773690
v 0.00507696 0.06156169 -0.00766745
v 0.00562585 0.06153017 -0.00721471
v 0.00508741 0.06166736 -0.00747195
v 0.00496457 0.06189724 -0.00715298
v 0.00503383 0.06193246 -0.00702050
v 0.00523379 0.06173225 -0.00721857
v 0.00502991 0.06172854 -0.00741150
v 0.00536709 0.06169795 -0.00715426
v 0.00548993 0.06167385 -0.00707709
v 0.00568597 0.06157281 -0.00707323
v 0.00588461 0.06157003 -0.00687259
v 0.00576177 0.06169609 -0.00674783
v 0.00607803 0.06166087 -0.00646873
v 0.00647533 0.06154871 -0.00625779
v 0.00678767 0.06150978 -0.00597869
v 0.00687393 0.06159877 -0.00566229
v 0.00701376 0.06152461 -0.00566229
v 0.00665829 0.06163306 -0.00584750
v 0.00672494 0.06167663 -0.00566229
v 0.00695365 0.06169146 -0.00533560
v 0.00765414 0.06155983 -0.00426163
v 0.00777307 0.06150144 -0.00415874
v 0.00817951 0.06130586 -0.00377417
v 0.00653283 0.06208170 -0.00490087
v 0.00674455 0.06188704 -0.00512338
v 0.00667659 0.06194822 -0.00505907
v 0.00640084 0.06211507 -0.00499476
v 0.00657726 0.06210395 -0.00476839
v 0.00660602 0.06211785 -0.00466164
v 0.00677591 0.06210395 -0.00436710
v 0.00645572 0.06224484 -0.00444170
v 0.00640084 0.06231529 -0.00426163
v 0.00689745 0.06205945 -0.00426163
v 0.00707388 0.06200106 -0.00406099
v 0.00717974 0.06190651 -0.00417675
v 0.00715491 0.06188982 -0.00431051
v 0.00738753 0.06171185 -0.00439926
v 0.00751300 0.06165994 -0.00426163
v 0.00858334 0.06110934 -0.00338832
v 0.00860294 0.06112418 -0.00326098
v 0.00862908 0.06114364 -0.00306034
v 0.00864999 0.06116033 -0.00286098
v 0.00929428 0.06062270 -0.00266034
v 0.00877414 0.06110193 -0.00256259
v 0.00853629 0.06127341 -0.00266034
v 0.00855066 0.06128454 -0.00246098
v 0.00888000 0.06102036 -0.00246098
v 0.00899500 0.06092118 -0.00246098
v 0.00909563 0.06082848 -0.00246098
v 0.00920280 0.06072837 -0.00246098
v 0.00930343 0.06063197 -0.00246098
v 0.00940537 0.06053279 -0.00246098
v 0.00951384 0.06044195 -0.00226033
v 0.00972294 0.06025100 -0.00206097
v 0.00942105 0.06054577 -0.00206097
v 0.00953998 0.06046791 -0.00146033
v 0.00962231 0.06039004 -0.00141788
v 0.00966413 0.06034926 -0.00141788
v 0.00974385 0.06027140 -0.00141788
v 0.00943412 0.06055874 -0.00165968
v 0.00944065 0.06056431 -0.00146033
v -0.00018326 0.06291038 -0.00732404
v -0.00018326 0.06294375 -0.00725201
v -0.00012706 0.06294375 -0.00725073
v 0.00047280 0.06308372 -0.00691503
v 0.00067275 0.06308094 -0.00690989
v 0.00007289 0.06302624 -0.00706166
v 0.00087271 0.06307815 -0.00690346
v 0.00107266 0.06307259 -0.00689188
v 0.00128437 0.06306981 -0.00685072
v 0.00287355 0.06297990 -0.00626165
v 0.00305651 0.06293170 -0.00626036
v 0.00387462 0.06268050 -0.00631310
v 0.00322510 0.06291687 -0.00619220
v 0.00407588 0.06254887 -0.00647130
v 0.00407588 0.06245896 -0.00665522
v 0.00427453 0.06232548 -0.00680956
v 0.00446795 0.06214195 -0.00706552
v 0.00427453 0.06247472 -0.00650474
v 0.00192736 0.06309299 -0.00653689
v 0.00217959 0.06310411 -0.00636583
v 0.00231289 0.06308928 -0.00632725
v 0.00248671 0.06307537 -0.00626165
v 0.00256251 0.06310040 -0.00615618
v 0.00267359 0.06308742 -0.00612274
v 0.00287355 0.06306703 -0.00605457
v 0.00307350 0.06301512 -0.00606229
v 0.00136017 0.06310133 -0.00675812
v 0.00147257 0.06313284 -0.00664107
v 0.00462608 0.06212156 -0.00700121
v 0.00483126 0.06212805 -0.00681728
v 0.00488877 0.06207428 -0.00687516
v 0.00488877 0.06197325 -0.00707709
v 0.00468620 0.06215956 -0.00687516
v 0.00438300 0.06250623 -0.00636969
v 0.00461040 0.06231714 -0.00659349
v 0.00459472 0.06251087 -0.00617933
v 0.00247364 0.06338404 -0.00546164
v 0.00267359 0.06341185 -0.00526100
v 0.00297679 0.06330340 -0.00536389
v 0.00267229 0.06333584 -0.00546808
v 0.00235733 0.06329969 -0.00575361
v 0.00228414 0.06334418 -0.00567644
v 0.00147257 0.06319773 -0.00646230
v 0.00167383 0.06332565 -0.00602499
v 0.00147518 0.06333492 -0.00607515
v 0.00087271 0.06325149 -0.00646230
v 0.00107266 0.06316436 -0.00666165
v 0.00127261 0.06321997 -0.00646230
v 0.00122687 0.06310874 -0.00677612
v 0.00067275 0.06325705 -0.00646230
v 0.00027023 0.06327188 -0.00644300
v 0.00020097 0.06330340 -0.00636326
v -0.00012706 0.06312821 -0.00682757
v 0.00007289 0.06334326 -0.00626165
v -0.00018326 0.06312821 -0.00682757
v -0.00018326 0.06319124 -0.00666165
v -0.00018326 0.06326818 -0.00645844
v -0.00018326 0.06334048 -0.00626680
v 0.00047280 0.06330154 -0.00635811
v 0.00425623 0.06346654 -0.00324426
v 0.00427453 0.06341927 -0.00346034
v 0.00407458 0.06344151 -0.00366099
v 0.00386155 0.06346839 -0.00385263
v 0.00387462 0.06341649 -0.00406099
v 0.00367336 0.06343039 -0.00426163
v 0.00374393 0.06329320 -0.00472466
v 0.00387462 0.06336736 -0.00426163
v 0.00393082 0.06328950 -0.00450601
v 0.00412816 0.06308928 -0.00506164
v 0.00402753 0.06311987 -0.00506164
v 0.00405889 0.06305962 -0.00524685
v 0.00390991 0.06308557 -0.00530344
v 0.00377661 0.06310318 -0.00536261
v 0.00311009 0.06328764 -0.00532016
v 0.00367336 0.06311709 -0.00540248
v 0.00348256 0.06314211 -0.00547322
v 0.00342113 0.06311430 -0.00559283
v 0.00430198 0.06348137 -0.00306034
v 0.00475808 0.06349806 -0.00141788
v 0.00473325 0.06348971 -0.00165968
v 0.00471103 0.06348137 -0.00186033
v 0.00466398 0.06347674 -0.00207512
v 0.00447448 0.06342297 -0.00306034
v 0.00487439 0.06340165 -0.00206097
v 0.00467444 0.06345171 -0.00226033
v 0.00482473 0.06332194 -0.00286098
v 0.00487439 0.06337755 -0.00226033
v 0.00495803 0.06329691 -0.00266034
v 0.00479729 0.06331081 -0.00301918
v 0.00469273 0.06334140 -0.00307577
v 0.00556573 0.06169795 -0.00695233
v 0.00516713 0.06189909 -0.00695490
v 0.00528998 0.06177581 -0.00707709
v 0.00543243 0.06173132 -0.00702179
v 0.00568727 0.06167199 -0.00687645
v 0.00588200 0.06176005 -0.00646873
v 0.00548993 0.06177303 -0.00687645
v 0.00522986 0.06193061 -0.00682114
v 0.00496457 0.06209746 -0.00675040
v 0.00528737 0.06196861 -0.00667452
v 0.00607803 0.06175171 -0.00626165
v 0.00614599 0.06168775 -0.00632853
v 0.00633680 0.06168312 -0.00611631
v 0.00627145 0.06165253 -0.00626165
v 0.00574739 0.06188890 -0.00633110
v 0.00646618 0.06164326 -0.00605457
v 0.00639299 0.06171185 -0.00598383
v 0.00682035 0.06172668 -0.00542049
v 0.00688177 0.06167107 -0.00547708
v 0.00676807 0.06169888 -0.00555425
v 0.00646618 0.06173225 -0.00584750
v 0.00658119 0.06170536 -0.00577033
v 0.00647533 0.06180547 -0.00566229
v 0.00688177 0.06175727 -0.00526614
v 0.00769335 0.06157745 -0.00408028
v 0.00779659 0.06151812 -0.00402498
v 0.00807365 0.06140689 -0.00366099
v 0.00833111 0.06127156 -0.00346034
v 0.00848663 0.06116218 -0.00345777
v 0.00782403 0.06153666 -0.00386163
v 0.00647010 0.06213083 -0.00484556
v 0.00667659 0.06186294 -0.00527000
v 0.00648578 0.06196120 -0.00527000
v 0.00647010 0.06205296 -0.00506164
v 0.00581404 0.06232178 -0.00521212
v 0.00536055 0.06249604 -0.00534074
v 0.00594735 0.06228933 -0.00512209
v 0.00627929 0.06206594 -0.00527129
v 0.00608718 0.06216234 -0.00527129
v 0.00498940 0.06250994 -0.00577933
v 0.00531481 0.06247287 -0.00546164
v 0.00599309 0.06231065 -0.00498833
v 0.00627537 0.06221703 -0.00486100
v 0.00603360 0.06232919 -0.00486100
v 0.00616690 0.06229860 -0.00474910
v 0.00620611 0.06231714 -0.00461533
v 0.00647533 0.06217995 -0.00466164
v 0.00667397 0.06217903 -0.00426163
v 0.00667397 0.06222259 -0.00406099
v 0.00683734 0.06213732 -0.00406099
v 0.00696410 0.06209653 -0.00393366
v 0.00693797 0.06208263 -0.00406099
v 0.00627537 0.06237554 -0.00426163
v 0.00614338 0.06248770 -0.00406099
v 0.00617082 0.06250067 -0.00395166
v 0.00627537 0.06242374 -0.00406099
v 0.00644658 0.06233846 -0.00406099
v 0.00706212 0.06205296 -0.00386420
v 0.00711440 0.06206687 -0.00366099
v 0.00723594 0.06194451 -0.00386163
v 0.00720065 0.06192041 -0.00406099
v 0.00730128 0.06185275 -0.00406099
v 0.00741236 0.06172854 -0.00426163
v 0.00754828 0.06168404 -0.00406099
v 0.00845657 0.06123170 -0.00324684
v 0.00849316 0.06124375 -0.00306034
v 0.00851668 0.06125951 -0.00286098
v 0.00878852 0.06111398 -0.00226033
v 0.00867482 0.06118906 -0.00246098
v 0.00857157 0.06129937 -0.00212914
v 0.00857811 0.06130493 -0.00199538
v 0.00858464 0.06131049 -0.00186033
v 0.00829843 0.06144675 -0.00266034
v 0.00831412 0.06145880 -0.00246098
v 0.00845134 0.06135869 -0.00246098
v 0.00856373 0.06129381 -0.00226033
v 0.00879636 0.06112047 -0.00206097
v 0.00900285 0.06092767 -0.00226033
v 0.00910870 0.06084146 -0.00206097
v 0.00921587 0.06074135 -0.00206097
v 0.00931650 0.06064588 -0.00206097
v 0.00930996 0.06063939 -0.00226033
v 0.00954128 0.06046883 -0.00141788
v 0.00932303 0.06065237 -0.00186033
v 0.00933480 0.06066442 -0.00146033
v 0.00933610 0.06066534 -0.00141788
v 0.00941974 0.06058563 -0.00141788
v -0.00018326 0.06296785 -0.00719928
v 0.00027284 0.06308557 -0.00692018
v 0.00067275 0.06312172 -0.00680956
v -0.00018326 0.06302995 -0.00706166
v 0.00007289 0.06308742 -0.00692404
v 0.00087271 0.06311894 -0.00680313
v 0.00107266 0.06311430 -0.00679156
v 0.00335840 0.06289833 -0.00615232
v 0.00387462 0.06272592 -0.00621278
v 0.00406674 0.06265454 -0.00625007
v 0.00427453 0.06252292 -0.00640442
v 0.00328391 0.06295209 -0.00607644
v 0.00439084 0.06230787 -0.00677355
v 0.00260433 0.06330989 -0.00557997
v 0.00280690 0.06311060 -0.00598255
v 0.00247364 0.06328671 -0.00571888
v 0.00325908 0.06305591 -0.00584493
v 0.00318197 0.06310504 -0.00576647
v 0.00331528 0.06308928 -0.00572531
v 0.00347341 0.06299288 -0.00586165
v 0.00347341 0.06292706 -0.00601599
v 0.00128437 0.06313840 -0.00667966
v 0.00466660 0.06253682 -0.00605586
v 0.00479859 0.06251365 -0.00598641
v 0.00427453 0.06258780 -0.00626165
v 0.00428368 0.06267216 -0.00606358
v 0.00435817 0.06269718 -0.00594911
v 0.00447448 0.06260913 -0.00606229
v 0.00446011 0.06252941 -0.00625265
v 0.00247364 0.06332472 -0.00561856
v 0.00307350 0.06316992 -0.00566229
v 0.00287355 0.06327837 -0.00549637
v 0.00087271 0.06317456 -0.00666165
v 0.00047280 0.06318382 -0.00666165
v 0.00027284 0.06312543 -0.00681985
v -0.00012706 0.06308835 -0.00692661
v -0.00018326 0.06309947 -0.00689960
v 0.00447448 0.06338868 -0.00326098
v 0.00448886 0.06334233 -0.00347063
v 0.00427453 0.06337477 -0.00366099
v 0.00407458 0.06339609 -0.00386163
v 0.00402361 0.06331916 -0.00426163
v 0.00398310 0.06330525 -0.00437353
v 0.00408765 0.06334233 -0.00407257
v 0.00416345 0.06329969 -0.00414588
v 0.00407458 0.06320514 -0.00466164
v 0.00417129 0.06310133 -0.00495746
v 0.00427453 0.06304015 -0.00506164
v 0.00427453 0.06298453 -0.00526100
v 0.00425885 0.06292521 -0.00545135
v 0.00407458 0.06298083 -0.00546164
v 0.00385502 0.06305220 -0.00544235
v 0.00367336 0.06308094 -0.00550280
v 0.00355444 0.06309762 -0.00554782
v 0.00348256 0.06307259 -0.00565972
v 0.00325908 0.06312728 -0.00565972
v 0.00484303 0.06346561 -0.00141788
v 0.00487439 0.06345078 -0.00146033
v 0.00487439 0.06343688 -0.00165968
v 0.00487439 0.06342112 -0.00186033
v 0.00477115 0.06330154 -0.00315294
v 0.00512139 0.06328301 -0.00226033
v 0.00527430 0.06320051 -0.00246098
v 0.00527430 0.06324500 -0.00206097
v 0.00527430 0.06322368 -0.00226033
v 0.00486786 0.06327652 -0.00307577
v 0.00492536 0.06328393 -0.00286098
v 0.00507435 0.06325242 -0.00266034
v 0.00507435 0.06322739 -0.00286098
v 0.00493189 0.06248121 -0.00591309
v 0.00515668 0.06209375 -0.00654075
v 0.00620350 0.06171649 -0.00619606
v 0.00587285 0.06194451 -0.00605586
v 0.00526907 0.06224855 -0.00605843
v 0.00519850 0.06231436 -0.00598898
v 0.00533180 0.06228099 -0.00591052
v 0.00546249 0.06224020 -0.00585136
v 0.00583234 0.06213175 -0.00566229
v 0.00637208 0.06190095 -0.00555811
v 0.00756788 0.06169795 -0.00394266
v 0.00766329 0.06164789 -0.00386935
v 0.00785671 0.06155983 -0.00366099
v 0.00797302 0.06150144 -0.00355809
v 0.00587808 0.06234309 -0.00505778
v 0.00517498 0.06250253 -0.00556197
v 0.00506258 0.06252663 -0.00564171
v 0.00521418 0.06252107 -0.00546164
v 0.00507435 0.06258502 -0.00546164
v 0.00528606 0.06255258 -0.00526872
v 0.00540629 0.06251736 -0.00520698
v 0.00616167 0.06209560 -0.00534460
v 0.00552130 0.06227543 -0.00569573
v 0.00486916 0.06253590 -0.00585264
v 0.00487439 0.06260634 -0.00566229
v 0.00553960 0.06248584 -0.00510666
v 0.00565852 0.06244784 -0.00504878
v 0.00547425 0.06253312 -0.00504878
v 0.00558142 0.06250531 -0.00497289
v 0.00587416 0.06240242 -0.00486100
v 0.00586632 0.06246082 -0.00466164
v 0.00579444 0.06251180 -0.00459476
v 0.00583365 0.06252941 -0.00446099
v 0.00559318 0.06271109 -0.00419347
v 0.00588984 0.06255351 -0.00427192
v 0.00573040 0.06268235 -0.00406099
v 0.00568858 0.06275095 -0.00386935
v 0.00649232 0.06235514 -0.00387449
v 0.00647533 0.06240891 -0.00366099
v 0.00666744 0.06226523 -0.00387449
v 0.00672756 0.06227821 -0.00366099
v 0.00698893 0.06211043 -0.00379989
v 0.00675631 0.06229304 -0.00351565
v 0.00680466 0.06231899 -0.00326098
v 0.00579836 0.06271387 -0.00380761
v 0.00619957 0.06251550 -0.00381919
v 0.00555920 0.06289462 -0.00352594
v 0.00566375 0.06285847 -0.00346034
v 0.00623355 0.06253219 -0.00366099
v 0.00714968 0.06208819 -0.00346034
v 0.00728560 0.06195656 -0.00365456
v 0.00736009 0.06189261 -0.00371629
v 0.00837685 0.06130400 -0.00317095
v 0.00828406 0.06135313 -0.00324684
v 0.00816905 0.06149866 -0.00293944
v 0.00826053 0.06144489 -0.00286741
v 0.00841605 0.06133274 -0.00286098
v 0.00859248 0.06131790 -0.00165968
v 0.00860294 0.06132532 -0.00141788
v 0.00834156 0.06147826 -0.00206097
v 0.00837162 0.06150051 -0.00153878
v 0.00836116 0.06151812 -0.00141788
v 0.00845657 0.06143933 -0.00146804
v 0.00846441 0.06143655 -0.00141788
v 0.00819780 0.06151905 -0.00266034
v 0.00821479 0.06153110 -0.00246098
v 0.00832849 0.06146900 -0.00226033
v 0.00846310 0.06136889 -0.00226033
v 0.00869311 0.06123355 -0.00165968
v 0.00881073 0.06113345 -0.00165968
v 0.00900938 0.06093323 -0.00206097
v 0.00911524 0.06084702 -0.00186033
v 0.00922894 0.06075247 -0.00165968
v 0.00923416 0.06075804 -0.00146033
v 0.00923547 0.06075896 -0.00141788
v -0.00018326 0.06308835 -0.00692661
v 0.00387462 0.06279266 -0.00606229
v 0.00399486 0.06270831 -0.00617548
v 0.00412816 0.06268977 -0.00613046
v 0.00367336 0.06301976 -0.00566229
v 0.00366814 0.06293726 -0.00586422
v 0.00359756 0.06290945 -0.00597612
v 0.00467444 0.06261654 -0.00586165
v 0.00422487 0.06271758 -0.00599798
v 0.00407458 0.06281954 -0.00586165
v 0.00407458 0.06288164 -0.00570988
v 0.00407458 0.06292243 -0.00560955
v 0.00418305 0.06290574 -0.00556840
v 0.00425885 0.06285013 -0.00564557
v 0.00443397 0.06272407 -0.00581663
v 0.00449017 0.06268143 -0.00587451
v 0.00474370 0.06329135 -0.00326098
v 0.00460256 0.06331360 -0.00341147
v 0.00487439 0.06316251 -0.00366099
v 0.00467444 0.06323388 -0.00366099
v 0.00442744 0.06332101 -0.00366099
v 0.00427453 0.06323481 -0.00426163
v 0.00467444 0.06318846 -0.00386163
v 0.00461563 0.06311709 -0.00426163
v 0.00447448 0.06316621 -0.00426163
v 0.00427453 0.06318753 -0.00446099
v 0.00421964 0.06311801 -0.00482370
v 0.00435294 0.06309577 -0.00473238
v 0.00428106 0.06308372 -0.00487900
v 0.00447056 0.06307074 -0.00466421
v 0.00447448 0.06301790 -0.00486100
v 0.00442744 0.06292521 -0.00526100
v 0.00438692 0.06290852 -0.00537676
v 0.00431635 0.06288350 -0.00551052
v 0.00388639 0.06295209 -0.00567644
v 0.00507435 0.06337385 -0.00141788
v 0.00507435 0.06335809 -0.00165968
v 0.00518151 0.06330525 -0.00179216
v 0.00509003 0.06333584 -0.00186033
v 0.00516713 0.06329969 -0.00192592
v 0.00507435 0.06320051 -0.00306034
v 0.00507435 0.06316714 -0.00326098
v 0.00487439 0.06324315 -0.00326098
v 0.00544419 0.06313192 -0.00246098
v 0.00541544 0.06311987 -0.00266034
v 0.00529129 0.06314211 -0.00287384
v 0.00527430 0.06317548 -0.00266034
v 0.00547425 0.06316343 -0.00206097
v 0.00525862 0.06326910 -0.00186033
v 0.00548732 0.06313748 -0.00225261
v 0.00597348 0.06210209 -0.00556068
v 0.00759010 0.06171278 -0.00380890
v 0.00761363 0.06172946 -0.00366099
v 0.00789330 0.06157467 -0.00347963
v 0.00812070 0.06146436 -0.00326098
v 0.00476069 0.06269718 -0.00554396
v 0.00487570 0.06267030 -0.00547065
v 0.00527430 0.06261932 -0.00506164
v 0.00494366 0.06268884 -0.00531631
v 0.00506258 0.06265547 -0.00525457
v 0.00468620 0.06268050 -0.00567772
v 0.00561540 0.06252107 -0.00486100
v 0.00516713 0.06269904 -0.00494974
v 0.00527430 0.06267216 -0.00487386
v 0.00534226 0.06268792 -0.00470665
v 0.00555397 0.06269348 -0.00432594
v 0.00500769 0.06291779 -0.00441726
v 0.00531220 0.06287423 -0.00406099
v 0.00539061 0.06291038 -0.00378832
v 0.00542459 0.06292614 -0.00366099
v 0.00552522 0.06287886 -0.00366099
v 0.00646226 0.06245711 -0.00346034
v 0.00668312 0.06234402 -0.00345391
v 0.00627537 0.06259429 -0.00326098
v 0.00690399 0.06226431 -0.00326098
v 0.00701376 0.06212434 -0.00366099
v 0.00659948 0.06251550 -0.00282497
v 0.00673017 0.06247935 -0.00266034
v 0.00607411 0.06261191 -0.00366099
v 0.00548471 0.06294560 -0.00346034
v 0.00588723 0.06274724 -0.00346163
v 0.00596172 0.06269626 -0.00352851
v 0.00547425 0.06299380 -0.00326098
v 0.00561670 0.06292336 -0.00326098
v 0.00606366 0.06265918 -0.00346163
v 0.00704905 0.06214473 -0.00346034
v 0.00694058 0.06228377 -0.00306034
v 0.00696280 0.06229675 -0.00292915
v 0.00716928 0.06209931 -0.00334587
v 0.00726338 0.06205111 -0.00327256
v 0.00742935 0.06194081 -0.00326098
v 0.00738100 0.06190651 -0.00358253
v 0.00749993 0.06185089 -0.00346034
v 0.00776522 0.06169609 -0.00333044
v 0.00818343 0.06150885 -0.00280567
v 0.00805143 0.06155520 -0.00306034
v 0.00757442 0.06190280 -0.00296130
v 0.00734310 0.06208170 -0.00286098
v 0.00736270 0.06209560 -0.00271821
v 0.00737969 0.06210580 -0.00258445
v 0.00857680 0.06134664 -0.00141788
v 0.00870226 0.06124004 -0.00141788
v 0.00870096 0.06123911 -0.00146033
v 0.00824224 0.06155149 -0.00206097
v 0.00825400 0.06156076 -0.00186033
v 0.00826576 0.06156910 -0.00165968
v 0.00829321 0.06156447 -0.00146804
v 0.00825923 0.06159320 -0.00141788
v 0.00739146 0.06211507 -0.00246098
v 0.00740975 0.06212805 -0.00226033
v 0.00800438 0.06172390 -0.00206097
v 0.00822917 0.06154130 -0.00226033
v 0.00752606 0.06206872 -0.00206097
v 0.00879374 0.06116125 -0.00141788
v 0.00891659 0.06104909 -0.00146033
v 0.00891006 0.06104446 -0.00165968
v 0.00902114 0.06094435 -0.00165968
v 0.00912700 0.06085722 -0.00146033
v 0.00902768 0.06095084 -0.00141788
v 0.00373087 0.06288999 -0.00593239
v 0.00388639 0.06287423 -0.00586422
v 0.00382758 0.06291872 -0.00579991
v 0.00456727 0.06269996 -0.00575489
v 0.00449017 0.06275743 -0.00567772
v 0.00487439 0.06320422 -0.00346034
v 0.00497633 0.06310318 -0.00376388
v 0.00486916 0.06312357 -0.00384234
v 0.00447056 0.06312450 -0.00444556
v 0.00475677 0.06309669 -0.00413430
v 0.00453460 0.06308835 -0.00450215
v 0.00465745 0.06305683 -0.00444556
v 0.00467444 0.06299288 -0.00466164
v 0.00448886 0.06295302 -0.00507450
v 0.00461171 0.06291872 -0.00501662
v 0.00456597 0.06289926 -0.00515039
v 0.00467444 0.06282047 -0.00526100
v 0.00481035 0.06271758 -0.00541020
v 0.00468620 0.06275187 -0.00547065
v 0.00462739 0.06272499 -0.00562242
v 0.00523248 0.06330989 -0.00141788
v 0.00520895 0.06331730 -0.00146033
v 0.00529390 0.06327003 -0.00165968
v 0.00536970 0.06310133 -0.00294844
v 0.00524947 0.06313192 -0.00306034
v 0.00520503 0.06311523 -0.00326098
v 0.00507696 0.06313006 -0.00344619
v 0.00554352 0.06308928 -0.00246098
v 0.00539192 0.06310967 -0.00281468
v 0.00551477 0.06307630 -0.00266034
v 0.00547425 0.06318104 -0.00186033
v 0.00561670 0.06312079 -0.00186033
v 0.00559449 0.06311152 -0.00206097
v 0.00558011 0.06310504 -0.00218187
v 0.00547425 0.06319680 -0.00165968
v 0.00556312 0.06309762 -0.00231435
v 0.00512923 0.06268328 -0.00506164
v 0.00487570 0.06273612 -0.00525457
v 0.00493189 0.06288443 -0.00466164
v 0.00520895 0.06271758 -0.00481598
v 0.00496718 0.06289926 -0.00455103
v 0.00489007 0.06295394 -0.00447514
v 0.00487439 0.06301698 -0.00426163
v 0.00507435 0.06298175 -0.00406099
v 0.00528083 0.06294189 -0.00385777
v 0.00527430 0.06299566 -0.00366099
v 0.00645442 0.06254331 -0.00306034
v 0.00601661 0.06272407 -0.00326098
v 0.00625577 0.06264806 -0.00304233
v 0.00649362 0.06255907 -0.00287899
v 0.00647533 0.06261098 -0.00266034
v 0.00662954 0.06253219 -0.00266034
v 0.00675631 0.06249326 -0.00250085
v 0.00687393 0.06239778 -0.00266034
v 0.00688700 0.06235236 -0.00286227
v 0.00525731 0.06305405 -0.00344619
v 0.00530566 0.06307259 -0.00326098
v 0.00571733 0.06287330 -0.00326098
v 0.00534879 0.06309206 -0.00306034
v 0.00547425 0.06303273 -0.00306034
v 0.00567943 0.06293541 -0.00304362
v 0.00575001 0.06288999 -0.00309892
v 0.00700723 0.06232178 -0.00266034
v 0.00706081 0.06225318 -0.00286227
v 0.00724247 0.06214566 -0.00286098
v 0.00755482 0.06188890 -0.00309507
v 0.00728690 0.06215400 -0.00265519
v 0.00727384 0.06219200 -0.00246098
v 0.00801745 0.06173317 -0.00186033
v 0.00811678 0.06166087 -0.00186033
v 0.00814030 0.06167756 -0.00146033
v 0.00814161 0.06167941 -0.00141788
v 0.00727384 0.06221796 -0.00226033
v 0.00742543 0.06213732 -0.00206097
v 0.00753652 0.06207706 -0.00186033
v 0.00778091 0.06190744 -0.00181788
v 0.00891790 0.06105002 -0.00141788
v 0.00902637 0.06094991 -0.00146033
v 0.00500377 0.06311430 -0.00366099
v 0.00514622 0.06309113 -0.00350407
v 0.00510440 0.06307166 -0.00366099
v 0.00505474 0.06304757 -0.00384234
v 0.00471495 0.06308094 -0.00426163
v 0.00483126 0.06292706 -0.00466164
v 0.00479075 0.06290945 -0.00478511
v 0.00467705 0.06293726 -0.00485585
v 0.00486394 0.06285754 -0.00485585
v 0.00544289 0.06322461 -0.00141788
v 0.00530958 0.06327652 -0.00146033
v 0.00546510 0.06306796 -0.00287384
v 0.00567421 0.06297063 -0.00286098
v 0.00567421 0.06302810 -0.00246098
v 0.00567421 0.06300122 -0.00266034
v 0.00563631 0.06312914 -0.00165968
v 0.00573563 0.06308557 -0.00165968
v 0.00571603 0.06307630 -0.00186033
v 0.00569381 0.06306518 -0.00206097
v 0.00565722 0.06306054 -0.00225261
v 0.00565330 0.06313562 -0.00146033
v 0.00585586 0.06284827 -0.00304362
v 0.00629628 0.06266289 -0.00286098
v 0.00645572 0.06265454 -0.00244168
v 0.00668312 0.06253961 -0.00244426
v 0.00577614 0.06290296 -0.00296516
v 0.00623355 0.06273055 -0.00266034
v 0.00635901 0.06269440 -0.00249699
v 0.00677591 0.06250345 -0.00236709
v 0.00685432 0.06244598 -0.00244426
v 0.00713531 0.06228006 -0.00246098
v 0.00710655 0.06226338 -0.00266034
v 0.00715752 0.06229304 -0.00226033
v 0.00802922 0.06174151 -0.00165968
v 0.00806319 0.06173595 -0.00141788
v 0.00717059 0.06229953 -0.00210085
v 0.00743589 0.06214195 -0.00186033
v 0.00754175 0.06208170 -0.00165968
v 0.00779790 0.06191856 -0.00146033
v 0.00778875 0.06191300 -0.00165968
v 0.00567682 0.06312821 -0.00141788
v 0.00582711 0.06292799 -0.00266034
v 0.00592644 0.06287979 -0.00266034
v 0.00579444 0.06291223 -0.00286098
v 0.00585586 0.06294189 -0.00246098
v 0.00575523 0.06309484 -0.00141788
v 0.00575262 0.06309299 -0.00146033
v 0.00587416 0.06302068 -0.00165968
v 0.00587416 0.06300122 -0.00186033
v 0.00587416 0.06297897 -0.00206097
v 0.00598655 0.06290852 -0.00221017
v 0.00589246 0.06294653 -0.00227062
v 0.00648709 0.06266011 -0.00226033
v 0.00667397 0.06256741 -0.00226033
v 0.00637600 0.06270275 -0.00236323
v 0.00678767 0.06250994 -0.00226033
v 0.00688700 0.06245340 -0.00226033
v 0.00705820 0.06235329 -0.00226033
v 0.00789853 0.06184997 -0.00141788
v 0.00690268 0.06246267 -0.00206097
v 0.00709218 0.06235051 -0.00204554
v 0.00717451 0.06230231 -0.00196837
v 0.00727776 0.06224206 -0.00186033
v 0.00744242 0.06214473 -0.00165968
v 0.00754697 0.06208541 -0.00146033
v 0.00777176 0.06193710 -0.00141788
v 0.00606235 0.06286496 -0.00227062
v 0.00585194 0.06304849 -0.00141788
v 0.00587416 0.06303551 -0.00146033
v 0.00604275 0.06293726 -0.00165968
v 0.00612639 0.06287886 -0.00186033
v 0.00602576 0.06292799 -0.00186033
v 0.00610417 0.06286867 -0.00206097
v 0.00627537 0.06278524 -0.00206097
v 0.00640998 0.06271943 -0.00206097
v 0.00650800 0.06267030 -0.00206097
v 0.00667397 0.06258595 -0.00206097
v 0.00680336 0.06251829 -0.00206097
v 0.00691183 0.06246638 -0.00186033
v 0.00681120 0.06252385 -0.00186033
v 0.00707388 0.06236905 -0.00186033
v 0.00728298 0.06224484 -0.00165968
v 0.00718235 0.06230787 -0.00165968
v 0.00746856 0.06213546 -0.00141788
v 0.00754697 0.06208541 -0.00141788
v 0.00767374 0.06200198 -0.00141788
v 0.00601792 0.06296600 -0.00141788
v 0.00605582 0.06294467 -0.00146033
v 0.00614338 0.06288628 -0.00165968
v 0.00642567 0.06272870 -0.00186033
v 0.00627537 0.06280471 -0.00186033
v 0.00667397 0.06259800 -0.00186033
v 0.00643612 0.06273519 -0.00165968
v 0.00691706 0.06246916 -0.00165968
v 0.00681773 0.06252756 -0.00165968
v 0.00667397 0.06260727 -0.00165968
v 0.00707388 0.06237461 -0.00165968
v 0.00707388 0.06237925 -0.00146033
v 0.00707388 0.06238017 -0.00141788
v 0.00718627 0.06230972 -0.00146033
v 0.00720718 0.06229768 -0.00141788
v 0.00615775 0.06289369 -0.00141788
v 0.00627537 0.06283066 -0.00141788
v 0.00692098 0.06247194 -0.00146033
v 0.00667397 0.06261283 -0.00146033
v 0.00682165 0.06253034 -0.00141788
v 0.00684256 0.06251829 -0.00141788
v 0.00644396 0.06273982 -0.00141788
v 0.00692228 0.06247194 -0.00141788
v 0.00667397 0.06261283 -0.00141788
v 0.00679029 0.06254795 -0.00141788
f 1 2 3
f 1 3 4
f 1 4 5
f 1 5 6
f 1 6 128
f 1 128 247
f 1 247 369
f 1 369 502
f 1 502 647
f 1 647 801
f 1 801 954
f 1 954 1115
f 1 1115 1297
f 1 1297 1461
f 1 1461 1622
f 1 1622 1759
f 1 1759 1910
f 1 1910 1913
f 1 1913 2083
f 1 2083 2266
f 1 2266 2437
f 1 2437 2438
f 1 2438 2452
f 1 2452 2613
f 1 2613 2612
f 1 2612 2765
f 1 2765 2764
f 1 2764 2923
f 1 2923 2922
f 1 2922 3101
f 1 3101 3100
f 1 3100 3271
f 1 3271 3452
f 1 3452 3619
f 1 3619 3450
f 1 3450 3618
f 1 3618 3780
f 1 3780 3779
f 1 3779 3778
f 1 3778 3777
f 1 3777 3936
f 1 3936 4044
f 1 4044 3903
f 1 3903 3900
f 1 3900 3724
f 1 3724 3723
f 1 3723 3550
f 1 3550 3549
f 1 3549 3548
f 1 3548 3387
f 1 3387 3386
f 1 3386 3385
f 1 3385 3215
f 1 3215 3384
f 1 3384 3213
f 1 3213 3212
f 1 3212 3042
f 1 3042 3041
f 1 3041 3040
f 1 3040 3039
f 1 3039 2864
f 1 2864 2863
f 1 2863 2862
f 1 2862 2707
f 1 2707 2548
f 1 2548 2387
f 1 2387 2214
f 1 2214 2030
f 1 2030 1863
f 1 1863 1725
f 1 1725 1724
f 1 1724 1722
f 1 1722 1578
f 1 1578 1427
f 1 1427 1426
f 1 1426 1425
f 1 1425 1269
f 1 1269 1265
f 1 1265 1264
f 1 1264 1263
f 1 1263 1262
f 1 1262 1261
f 1 1261 1260
f 1 1260 1259
f 1 1259 1095
f 1 1095 1076
f 1 1076 1075
f 1 1075 938
f 1 938 937
f 1 937 936
f 1 936 806
f 1 806 805
f 1 805 650
f 1 650 505
f 1 505 371
f 1 371 248
f 1 248 132
f 1 132 131
f 1 131 7
f 1 7 2
f 2 7 3
f 3 7 8
f 3 8 9
f 3 9 136
f 3 136 10
f 3 10 11
f 3 11 4
f 4 11 12
f 4 12 5
f 5 13 14
f 5 14 15
f 5 15 16
f 5 16 17
f 5 17 18
f 5 18 19
f 5 19 20
f 5 20 21
f 5 21 22
f 5 22 23
f 5 23 24
f 5 24 25
f 5 25 26
f 5 26 27
f 5 27 28
f 5 28 29
f 5 29 30
f 5 30 31
f 5 31 32
f 5 32 33
f 5 33 34
f 5 34 35
f 5 35 36
f 5 36 37
f 5 37 38
f 5 38 39
f 5 39 40
f 5 40 41
f 5 41 42
f 5 42 43
f 5 43 44
f 5 44 45
f 5 45 46
f 5 46 47
f 5 47 48
f 5 48 49
f 5 49 50
f 5 50 51
f 5 51 52
f 5 52 53
f 5 53 54
f 5 54 55
f 5 55 56
f 5 56 57
f 5 57 58
f 5 58 59
f 5 59 60
f 5 60 61
f 5 61 62
f 5 62 63
f 5 63 64
f 5 64 65
f 5 65 66
f 5 66 67
f 5 67 68
f 5 68 69
f 5 69 70
f 5 70 71
f 5 71 72
f 5 72 73
f 5 73 74
f 5 74 75
f 5 75 76
f 5 76 77
f 5 77 78
f 5 78 79
f 5 79 80
f 5 80 81
f 5 81 82
f 5 82 83
f 5 83 84
f 5 84 85
f 5 85 86
f 5 86 87
f 5 87 88
f 5 88 89
f 5 89 90
f 5 90 91
f 5 91 92
f 5 92 93
f 5 93 94
f 5 94 95
f 5 95 96
f 5 96 97
f 5 97 98
f 5 98 99
f 5 99 100
f 5 100 101
f 5 101 102
f 5 102 103
f 5 103 104
f 5 104 6
f 5 12 105
f 5 105 106
f 5 106 107
f 5 107 108
f 5 108 109
f 5 109 110
f 5 110 111
f 5 111 112
f 5 112 113
f 5 113 114
f 5 114 115
f 5 115 116
f 5 116 117
f 5 117 118
f 5 118 119
f 5 119 120
f 5 120 121
f 5 121 122
f 5 122 123
f 5 123 124
f 5 124 125
f 5 125 126
f 5 126 127
f 5 127 13
f 6 104 129
f 6 129 130
f 6 130 128
f 7 131 8
f 8 131 132
f 8 132 133
f 8 133 134
f 8 134 9
f 9 134 135
f 9 135 253
f 9 253 136
f 10 136 137
f 10 137 106
f 10 106 105
f 10 105 12
f 10 12 11
f 13 138 139
f 13 139 140
f 13 140 14
f 13 127 138
f 14 140 15
f 15 140 16
f 16 140 17
f 17 140 18
f 18 140 19
f 19 140 141
f 19 141 20
f 20 142 143
f 20 143 21
f 20 141 142
f 21 143 22
f 22 144 145
f 22 145 23
f 22 143 144
f 23 145 146
f 23 146 24
f 24 146 25
f 25 146 147
f 25 147 148
f 25 148 26
f 26 148 27
f 27 149 28
f 27 148 149
f 28 149 29
f 29 149 150
f 29 150 151
f 29 151 152
f 29 152 30
f 30 152 151
f 30 151 153
f 30 153 154
f 30 154 155
f 30 155 156
f 30 156 31
f 31 156 157
f 31 157 32
f 32 157 158
f 32 158 159
f 32 159 33
f 33 159 160
f 33 160 34
f 34 160 35
f 35 159 36
f 35 160 159
f 36 159 37
f 37 161 38
f 37 159 162
f 37 162 161
f 38 161 39
f 39 163 164
f 39 164 40
f 39 161 163
f 40 164 41
f 41 164 165
f 41 165 42
f 42 166 167
f 42 167 168
f 42 168 43
f 42 165 166
f 43 169 170
f 43 170 44
f 43 168 171
f 43 171 169
f 44 172 45
f 44 170 169
f 44 169 172
f 45 172 173
f 45 173 46
f 46 174 175
f 46 175 47
f 46 173 174
f 47 175 48
f 48 176 177
f 48 177 49
f 48 175 174
f 48 174 178
f 48 178 179
f 48 179 176
f 49 177 180
f 49 180 181
f 49 181 50
f 50 181 182
f 50 182 183
f 50 183 51
f 51 183 184
f 51 184 52
f 52 184 185
f 52 185 53
f 53 186 54
f 53 185 186
f 54 186 187
f 54 187 55
f 55 187 56
f 56 187 188
f 56 188 57
f 57 188 189
f 57 189 58
f 58 189 59
f 59 189 60
f 60 190 61
f 60 189 191
f 60 191 190
f 61 190 62
f 62 190 191
f 62 191 63
f 63 192 64
f 63 191 193
f 63 193 192
f 64 192 194
f 64 194 65
f 65 194 195
f 65 195 196
f 65 196 66
f 66 196 67
f 67 196 68
f 68 196 197
f 68 197 198
f 68 198 199
f 68 199 69
f 69 200 70
f 69 199 198
f 69 198 200
f 70 200 198
f 70 198 71
f 71 198 72
f 72 198 73
f 73 198 74
f 74 198 201
f 74 201 75
f 75 201 76
f 76 202 77
f 76 201 203
f 76 203 202
f 77 202 78
f 78 202 204
f 78 204 205
f 78 205 206
f 78 206 79
f 79 206 80
f 80 206 81
f 81 206 207
f 81 207 208
f 81 208 209
f 81 209 82
f 82 209 83
f 83 210 84
f 83 209 211
f 83 211 212
f 83 212 210
f 84 210 85
f 85 213 86
f 85 210 214
f 85 214 213
f 86 213 87
f 87 213 215
f 87 215 88
f 88 215 89
f 89 215 216
f 89 216 217
f 89 217 90
f 90 217 91
f 91 217 92
f 92 217 93
f 93 218 219
f 93 219 220
f 93 220 94
f 93 217 221
f 93 221 218
f 94 220 95
f 95 220 96
f 96 220 222
f 96 222 97
f 97 222 223
f 97 223 98
f 98 223 224
f 98 224 99
f 99 224 100
f 100 224 225
f 100 225 101
f 101 225 102
f 102 225 103
f 103 225 226
f 103 226 227
f 103 227 350
f 103 350 479
f 103 479 611
f 103 611 612
f 103 612 771
f 103 771 924
f 103 924 1073
f 103 1073 1258
f 103 1258 1422
f 103 1422 1576
f 103 1576 1721
f 103 1721 1861
f 103 1861 2029
f 103 2029 2213
f 103 2213 2377
f 103 2377 2376
f 103 2376 2375
f 103 2375 2196
f 103 2196 2202
f 103 2202 2378
f 103 2378 2200
f 103 2200 2379
f 103 2379 2386
f 103 2386 2546
f 103 2546 2547
f 103 2547 2706
f 103 2706 2861
f 103 2861 2860
f 103 2860 3038
f 103 3038 3211
f 103 3211 3210
f 103 3210 3208
f 103 3208 3209
f 103 3209 3383
f 103 3383 3382
f 103 3382 3547
f 103 3547 3720
f 103 3720 3719
f 103 3719 3718
f 103 3718 3895
f 103 3895 3899
f 103 3899 3898
f 103 3898 4043
f 103 4043 4162
f 103 4162 4239
f 103 4239 4157
f 103 4157 4145
f 103 4145 4027
f 103 4027 4144
f 103 4144 4032
f 103 4032 4030
f 103 4030 4151
f 103 4151 4234
f 103 4234 4275
f 103 4275 4299
f 103 4299 4306
f 103 4306 4326
f 103 4326 4325
f 103 4325 4324
f 103 4324 4341
f 103 4341 4339
f 103 4339 4349
f 103 4349 4347
f 103 4347 4346
f 103 4346 4351
f 103 4351 4350
f 103 4350 4348
f 103 4348 4343
f 103 4343 4342
f 103 4342 4327
f 103 4327 4308
f 103 4308 4286
f 103 4286 4281
f 103 4281 4250
f 103 4250 4183
f 103 4183 4079
f 103 4079 3956
f 103 3956 3801
f 103 3801 3645
f 103 3645 3472
f 103 3472 3471
f 103 3471 3470
f 103 3470 3288
f 103 3288 3121
f 103 3121 3120
f 103 3120 2945
f 103 2945 2783
f 103 2783 2634
f 103 2634 2468
f 103 2468 2467
f 103 2467 2466
f 103 2466 2295
f 103 2295 2106
f 103 2106 1926
f 103 1926 2104
f 103 2104 1924
f 103 1924 1914
f 103 1914 1761
f 103 1761 1624
f 103 1624 1463
f 103 1463 1462
f 103 1462 1299
f 103 1299 1298
f 103 1298 1121
f 103 1121 959
f 103 959 803
f 103 803 649
f 103 649 504
f 103 504 370
f 103 370 247
f 103 247 128
f 103 128 130
f 103 130 129
f 103 129 104
f 106 137 107
f 107 137 228
f 107 228 108
f 108 229 109
f 108 228 229
f 109 229 110
f 110 229 230
f 110 230 111
f 111 231 232
f 111 232 112
f 111 230 233
f 111 233 234
f 111 234 231
f 112 232 113
f 113 235 236
f 113 236 114
f 113 232 235
f 114 236 115
f 115 236 237
f 115 237 238
f 115 238 116
f 116 238 117
f 117 238 118
f 118 239 240
f 118 240 119
f 118 238 239
f 119 240 120
f 120 241 121
f 120 240 241
f 121 241 242
f 121 242 243
f 121 243 244
f 121 244 122
f 122 244 245
f 122 245 123
f 123 245 124
f 124 245 139
f 124 139 246
f 124 246 125
f 125 246 126
f 126 246 127
f 127 246 139
f 127 139 138
f 132 248 249
f 132 249 133
f 133 249 134
f 134 250 251
f 134 251 135
f 134 249 250
f 135 251 252
f 135 252 253
f 136 253 228
f 136 228 137
f 139 254 140
f 139 245 255
f 139 255 256
f 139 256 254
f 140 254 141
f 141 254 257
f 141 257 258
f 141 258 142
f 142 258 259
f 142 259 145
f 142 145 143
f 143 145 144
f 145 259 258
f 145 258 260
f 145 260 261
f 145 261 146
f 146 261 262
f 146 262 263
f 146 263 264
f 146 264 147
f 147 264 148
f 148 265 149
f 148 264 265
f 149 265 266
f 149 266 150
f 150 266 267
f 150 267 151
f 151 267 153
f 153 267 266
f 153 266 268
f 153 268 269
f 153 269 270
f 153 270 271
f 153 271 272
f 153 272 155
f 153 155 154
f 155 272 273
f 155 273 156
f 156 273 157
f 157 273 159
f 157 159 158
f 159 274 275
f 159 275 276
f 159 276 161
f 159 161 162
f 159 273 272
f 159 272 277
f 159 277 274
f 161 276 163
f 163 165 164
f 163 276 165
f 165 276 278
f 165 278 279
f 165 279 168
f 165 168 167
f 165 167 166
f 168 279 171
f 169 280 281
f 169 281 282
f 169 282 172
f 169 171 280
f 171 279 283
f 171 283 284
f 171 284 285
f 171 285 286
f 171 286 287
f 171 287 280
f 172 282 173
f 173 288 174
f 173 282 289
f 173 289 287
f 173 287 290
f 173 290 291
f 173 291 292
f 173 292 288
f 174 288 178
f 176 179 293
f 176 293 294
f 176 294 177
f 177 295 296
f 177 296 182
f 177 182 180
f 177 294 295
f 178 288 297
f 178 297 179
f 179 297 298
f 179 298 299
f 179 299 293
f 180 182 181
f 182 296 300
f 182 300 183
f 183 301 185
f 183 185 184
f 183 300 301
f 185 301 302
f 185 302 303
f 185 303 304
f 185 304 186
f 186 304 187
f 187 304 188
f 188 304 191
f 188 191 189
f 191 305 306
f 191 306 307
f 191 307 193
f 191 304 308
f 191 308 309
f 191 309 310
f 191 310 311
f 191 311 312
f 191 312 313
f 191 313 305
f 192 314 194
f 192 193 307
f 192 307 306
f 192 306 315
f 192 315 316
f 192 316 314
f 194 314 195
f 195 314 196
f 196 317 318
f 196 318 197
f 196 314 317
f 197 318 198
f 198 318 203
f 198 203 201
f 202 205 204
f 202 203 319
f 202 319 205
f 203 320 319
f 203 318 321
f 203 321 322
f 203 322 320
f 205 323 207
f 205 207 206
f 205 319 324
f 205 324 323
f 207 323 325
f 207 325 208
f 208 325 211
f 208 211 209
f 210 326 327
f 210 327 214
f 210 212 328
f 210 328 329
f 210 329 326
f 211 325 330
f 211 330 331
f 211 331 332
f 211 332 333
f 211 333 212
f 212 333 328
f 213 214 334
f 213 334 335
f 213 335 215
f 214 327 334
f 215 336 337
f 215 337 338
f 215 338 216
f 215 335 336
f 216 338 339
f 216 339 217
f 217 339 340
f 217 340 341
f 217 341 221
f 218 221 342
f 218 342 219
f 219 342 220
f 220 342 222
f 221 341 343
f 221 343 344
f 221 344 342
f 222 342 345
f 222 345 346
f 222 346 347
f 222 347 224
f 222 224 223
f 224 347 348
f 224 348 225
f 225 348 349
f 225 349 226
f 226 349 350
f 226 350 227
f 228 253 351
f 228 351 229
f 229 351 233
f 229 233 230
f 231 352 232
f 231 234 352
f 232 353 354
f 232 354 235
f 232 352 355
f 232 355 353
f 233 351 356
f 233 356 357
f 233 357 358
f 233 358 359
f 233 359 360
f 233 360 234
f 234 360 352
f 235 354 236
f 236 354 237
f 237 361 362
f 237 362 239
f 237 239 238
f 237 354 353
f 237 353 363
f 237 363 361
f 239 364 240
f 239 362 364
f 240 364 365
f 240 365 242
f 240 242 241
f 242 366 367
f 242 367 256
f 242 256 368
f 242 368 243
f 242 365 366
f 243 368 245
f 243 245 244
f 245 368 255
f 247 370 503
f 247 503 369
f 248 371 249
f 249 371 372
f 249 372 373
f 249 373 374
f 249 374 250
f 250 374 375
f 250 375 251
f 251 376 252
f 251 375 376
f 252 377 351
f 252 351 253
f 252 376 378
f 252 378 377
f 254 256 379
f 254 379 380
f 254 380 257
f 255 368 256
f 256 367 381
f 256 381 382
f 256 382 383
f 256 383 379
f 257 380 384
f 257 384 385
f 257 385 386
f 257 386 262
f 257 262 260
f 257 260 258
f 260 262 261
f 262 386 387
f 262 387 388
f 262 388 266
f 262 266 263
f 263 266 264
f 264 266 265
f 266 389 268
f 266 388 390
f 266 390 389
f 268 389 269
f 269 389 391
f 269 391 270
f 270 392 393
f 270 393 394
f 270 394 272
f 270 272 271
f 270 391 395
f 270 395 392
f 272 396 397
f 272 397 274
f 272 274 277
f 272 394 396
f 274 397 284
f 274 284 278
f 274 278 275
f 275 278 276
f 278 284 398
f 278 398 279
f 279 398 283
f 280 287 281
f 281 287 289
f 281 289 282
f 283 398 284
f 284 399 400
f 284 400 285
f 284 397 399
f 285 400 286
f 286 400 401
f 286 401 402
f 286 402 403
f 286 403 404
f 286 404 405
f 286 405 290
f 286 290 287
f 288 292 406
f 288 406 297
f 290 405 404
f 290 404 407
f 290 407 291
f 291 407 540
f 291 540 408
f 291 408 409
f 291 409 292
f 292 410 411
f 292 411 406
f 292 409 412
f 292 412 410
f 293 299 294
f 294 299 413
f 294 413 414
f 294 414 415
f 294 415 416
f 294 416 417
f 294 417 295
f 295 417 418
f 295 418 296
f 296 418 301
f 296 301 300
f 297 419 420
f 297 420 299
f 297 299 298
f 297 406 421
f 297 421 419
f 299 420 422
f 299 422 423
f 299 423 424
f 299 424 413
f 301 418 425
f 301 425 302
f 302 425 303
f 303 425 426
f 303 426 304
f 304 427 308
f 304 426 428
f 304 428 427
f 305 429 430
f 305 430 315
f 305 315 306
f 305 313 429
f 308 431 309
f 308 427 431
f 309 431 432
f 309 432 310
f 310 432 433
f 310 433 434
f 310 434 311
f 311 434 435
f 311 435 312
f 312 435 436
f 312 436 437
f 312 437 438
f 312 438 313
f 313 438 439
f 313 439 440
f 313 440 429
f 314 316 315
f 314 315 317
f 315 430 441
f 315 441 317
f 317 442 321
f 317 321 318
f 317 441 440
f 317 440 442
f 319 320 324
f 320 443 444
f 320 444 324
f 320 322 443
f 321 442 445
f 321 445 322
f 322 445 446
f 322 446 447
f 322 447 448
f 322 448 449
f 322 449 450
f 322 450 443
f 323 324 444
f 323 444 330
f 323 330 325
f 326 451 452
f 326 452 334
f 326 334 327
f 326 329 453
f 326 453 454
f 326 454 455
f 326 455 456
f 326 456 451
f 328 333 457
f 328 457 329
f 329 457 453
f 330 444 443
f 330 443 331
f 331 443 332
f 332 443 333
f 333 443 458
f 333 458 459
f 333 459 457
f 334 452 451
f 334 451 335
f 335 451 460
f 335 460 461
f 335 461 462
f 335 462 336
f 336 462 337
f 337 462 463
f 337 463 464
f 337 464 465
f 337 465 338
f 338 465 464
f 338 464 466
f 338 466 467
f 338 467 339
f 339 468 340
f 339 467 469
f 339 469 470
f 339 470 468
f 340 468 343
f 340 343 341
f 342 344 471
f 342 471 345
f 343 468 470
f 343 470 469
f 343 469 472
f 343 472 344
f 344 472 473
f 344 473 471
f 345 471 474
f 345 474 346
f 346 475 347
f 346 474 476
f 346 476 475
f 347 475 348
f 348 475 477
f 348 477 349
f 349 477 478
f 349 478 350
f 350 478 479
f 351 377 356
f 352 360 480
f 352 480 481
f 352 481 355
f 353 355 363
f 355 481 482
f 355 482 483
f 355 483 363
f 356 377 484
f 356 484 357
f 357 484 485
f 357 485 486
f 357 486 487
f 357 487 358
f 358 487 488
f 358 488 480
f 358 480 359
f 359 480 360
f 361 363 362
f 362 363 489
f 362 489 490
f 362 490 491
f 362 491 492
f 362 492 493
f 362 493 494
f 362 494 364
f 363 483 482
f 363 482 495
f 363 495 496
f 363 496 497
f 363 497 498
f 363 498 499
f 363 499 490
f 363 490 489
f 364 494 500
f 364 500 365
f 365 500 501
f 365 501 366
f 366 501 367
f 367 501 381
f 369 503 502
f 370 504 648
f 370 648 503
f 371 505 506
f 371 506 372
f 372 506 507
f 372 507 373
f 373 507 374
f 374 507 508
f 374 508 375
f 375 508 376
f 376 508 378
f 377 378 484
f 378 508 507
f 378 507 509
f 378 509 485
f 378 485 484
f 379 510 511
f 379 511 380
f 379 383 510
f 380 511 384
f 381 512 382
f 381 501 512
f 382 513 514
f 382 514 383
f 382 512 513
f 383 515 516
f 383 516 510
f 383 514 662
f 383 662 517
f 383 517 515
f 384 518 519
f 384 519 520
f 384 520 385
f 384 511 518
f 385 520 386
f 386 520 387
f 387 521 522
f 387 522 390
f 387 390 388
f 387 520 523
f 387 523 521
f 389 390 522
f 389 522 391
f 391 524 395
f 391 522 521
f 391 521 525
f 391 525 524
f 392 526 393
f 392 395 526
f 393 526 527
f 393 527 528
f 393 528 529
f 393 529 396
f 393 396 394
f 395 524 530
f 395 530 531
f 395 531 532
f 395 532 533
f 395 533 534
f 395 534 526
f 396 529 397
f 397 529 399
f 399 528 535
f 399 535 536
f 399 536 401
f 399 401 400
f 399 529 528
f 401 536 402
f 402 537 538
f 402 538 403
f 402 536 535
f 402 535 537
f 403 538 539
f 403 539 408
f 403 408 540
f 403 540 404
f 404 540 407
f 406 411 421
f 408 539 409
f 409 541 542
f 409 542 412
f 409 539 538
f 409 538 541
f 410 412 411
f 411 543 544
f 411 544 421
f 411 412 542
f 411 542 545
f 411 545 543
f 413 424 414
f 414 546 547
f 414 547 548
f 414 548 428
f 414 428 549
f 414 549 415
f 414 424 550
f 414 550 551
f 414 551 546
f 415 549 552
f 415 552 416
f 416 552 417
f 417 552 553
f 417 553 554
f 417 554 425
f 417 425 418
f 419 422 420
f 419 421 544
f 419 544 555
f 419 555 422
f 422 555 556
f 422 556 424
f 422 424 423
f 424 556 557
f 424 557 558
f 424 558 550
f 425 554 426
f 426 554 559
f 426 559 428
f 427 560 431
f 427 428 561
f 427 561 562
f 427 562 560
f 428 559 552
f 428 552 549
f 428 548 547
f 428 547 563
f 428 563 561
f 429 440 430
f 430 440 441
f 431 560 564
f 431 564 432
f 432 564 565
f 432 565 434
f 432 434 433
f 434 565 566
f 434 566 567
f 434 567 568
f 434 568 435
f 435 568 436
f 436 568 569
f 436 569 437
f 437 569 570
f 437 570 438
f 438 570 571
f 438 571 572
f 438 572 573
f 438 573 574
f 438 574 575
f 438 575 576
f 438 576 577
f 438 577 439
f 439 577 576
f 439 576 440
f 440 576 578
f 440 578 442
f 442 579 580
f 442 580 581
f 442 581 445
f 442 578 582
f 442 582 579
f 443 450 458
f 445 581 446
f 446 581 583
f 446 583 584
f 446 584 587
f 446 587 447
f 447 585 586
f 447 586 448
f 447 587 588
f 447 588 585
f 448 589 590
f 448 590 449
f 448 586 585
f 448 585 589
f 449 590 591
f 449 591 459
f 449 459 450
f 450 459 458
f 451 461 460
f 451 456 461
f 453 457 592
f 453 592 593
f 453 593 454
f 454 593 594
f 454 594 595
f 454 595 455
f 455 595 596
f 455 596 456
f 456 596 597
f 456 597 598
f 456 598 599
f 456 599 461
f 457 459 592
f 459 591 592
f 461 599 462
f 462 599 598
f 462 598 600
f 462 600 463
f 463 600 601
f 463 601 464
f 464 601 602
f 464 602 466
f 466 602 601
f 466 601 603
f 466 603 604
f 466 604 469
f 466 469 467
f 469 604 605
f 469 605 472
f 471 473 474
f 472 605 606
f 472 606 473
f 473 607 474
f 473 606 607
f 474 607 608
f 474 608 476
f 475 476 609
f 475 609 477
f 476 608 610
f 476 610 609
f 477 609 478
f 478 611 479
f 478 609 612
f 478 612 611
f 480 488 486
f 480 486 613
f 480 613 614
f 480 614 615
f 480 615 481
f 481 615 482
f 482 615 614
f 482 614 616
f 482 616 617
f 482 617 495
f 485 509 618
f 485 618 486
f 486 618 619
f 486 619 613
f 486 488 487
f 490 499 491
f 491 620 621
f 491 621 492
f 491 499 620
f 492 621 493
f 493 621 494
f 494 621 622
f 494 622 623
f 494 623 624
f 494 624 500
f 495 625 496
f 495 617 625
f 496 625 626
f 496 626 627
f 496 627 497
f 497 628 629
f 497 629 498
f 497 627 630
f 497 630 631
f 497 631 628
f 498 629 632
f 498 632 633
f 498 633 634
f 498 634 635
f 498 635 636
f 498 636 637
f 498 637 638
f 498 638 639
f 498 639 499
f 499 639 640
f 499 640 638
f 499 638 641
f 499 641 620
f 500 642 643
f 500 643 644
f 500 644 501
f 500 624 642
f 501 644 645
f 501 645 646
f 501 646 512
f 502 503 647
f 503 648 647
f 504 649 648
f 505 650 506
f 506 651 507
f 506 650 651
f 507 631 630
f 507 630 617
f 507 617 652
f 507 652 618
f 507 618 509
f 507 651 653
f 507 653 631
f 510 654 655
f 510 655 656
f 510 656 511
f 510 516 657
f 510 657 658
f 510 658 654
f 511 656 518
f 512 646 659
f 512 659 660
f 512 660 513
f 513 661 662
f 513 662 514
f 513 660 661
f 515 663 658
f 515 658 516
f 515 517 664
f 515 664 665
f 515 665 663
f 516 658 657
f 517 662 664
f 518 656 655
f 518 655 666
f 518 666 667
f 518 667 668
f 518 668 519
f 519 668 520
f 520 668 523
f 521 523 525
f 523 669 525
f 523 668 669
f 524 525 670
f 524 670 530
f 525 669 671
f 525 671 670
f 526 534 672
f 526 672 673
f 526 673 674
f 526 674 675
f 526 675 676
f 526 676 677
f 526 677 527
f 527 677 528
f 528 677 535
f 530 670 678
f 530 678 671
f 530 671 679
f 530 679 680
f 530 680 531
f 531 680 681
f 531 681 682
f 531 682 532
f 532 683 684
f 532 684 534
f 532 534 533
f 532 682 685
f 532 685 686
f 532 686 687
f 532 687 688
f 532 688 683
f 534 684 689
f 534 689 673
f 534 673 672
f 535 677 537
f 537 690 691
f 537 691 692
f 537 692 693
f 537 693 694
f 537 694 538
f 537 677 676
f 537 676 690
f 538 694 693
f 538 693 695
f 538 695 541
f 541 695 542
f 542 695 545
f 543 545 696
f 543 696 557
f 543 557 555
f 543 555 544
f 545 695 697
f 545 697 698
f 545 698 699
f 545 699 700
f 545 700 696
f 546 551 701
f 546 701 547
f 547 701 702
f 547 702 703
f 547 703 704
f 547 704 563
f 550 558 551
f 551 705 701
f 551 558 557
f 551 557 706
f 551 706 707
f 551 707 705
f 552 559 553
f 553 559 554
f 555 557 556
f 557 696 706
f 560 562 708
f 560 708 564
f 561 563 709
f 561 709 708
f 561 708 562
f 563 704 709
f 564 708 565
f 565 708 566
f 566 710 567
f 566 708 711
f 566 711 710
f 567 710 712
f 567 712 568
f 568 712 713
f 568 713 569
f 569 713 712
f 569 712 714
f 569 714 715
f 569 715 571
f 569 571 570
f 571 716 572
f 571 715 717
f 571 717 718
f 571 718 862
f 571 862 719
f 571 719 716
f 572 716 573
f 573 716 720
f 573 720 574
f 574 720 721
f 574 721 722
f 574 722 723
f 574 723 724
f 574 724 725
f 574 725 726
f 574 726 575
f 575 726 727
f 575 727 576
f 576 727 728
f 576 728 578
f 578 728 729
f 578 729 582
f 579 730 580
f 579 582 729
f 579 729 731
f 579 731 732
f 579 732 730
f 580 730 733
f 580 733 734
f 580 734 735
f 580 735 581
f 581 735 736
f 581 736 583
f 583 736 737
f 583 737 584
f 584 737 587
f 585 738 589
f 585 588 739
f 585 739 738
f 587 737 740
f 587 740 741
f 587 741 742
f 587 742 588
f 588 742 743
f 588 743 744
f 588 744 739
f 589 745 590
f 589 738 746
f 589 746 745
f 590 747 591
f 590 745 747
f 591 748 749
f 591 749 592
f 591 747 748
f 592 749 750
f 592 750 751
f 592 751 752
f 592 752 753
f 592 753 593
f 593 753 594
f 594 596 595
f 594 753 752
f 594 752 754
f 594 754 596
f 596 754 597
f 597 755 756
f 597 756 757
f 597 757 758
f 597 758 598
f 597 754 750
f 597 750 759
f 597 759 755
f 598 601 600
f 598 758 601
f 601 758 760
f 601 760 761
f 601 761 603
f 603 762 604
f 603 761 762
f 604 762 605
f 605 762 606
f 606 762 763
f 606 763 764
f 606 764 607
f 607 764 608
f 608 764 763
f 608 763 765
f 608 765 766
f 608 766 610
f 609 610 767
f 609 767 612
f 610 766 768
f 610 768 769
f 610 769 770
f 610 770 767
f 612 767 771
f 613 616 614
f 613 619 616
f 616 619 617
f 617 619 618
f 617 618 652
f 617 630 627
f 617 627 626
f 617 626 625
f 620 641 621
f 621 641 772
f 621 772 773
f 621 773 774
f 621 774 775
f 621 775 776
f 621 776 777
f 621 777 622
f 622 777 776
f 622 776 623
f 623 778 779
f 623 779 642
f 623 642 624
f 623 776 780
f 623 780 778
f 628 781 782
f 628 782 629
f 628 631 783
f 628 783 784
f 628 784 785
f 628 785 781
f 629 786 632
f 629 782 787
f 629 787 786
f 631 653 783
f 632 786 788
f 632 788 789
f 632 789 790
f 632 790 633
f 633 790 791
f 633 791 792
f 633 792 793
f 633 793 794
f 633 794 795
f 633 795 634
f 634 795 774
f 634 774 772
f 634 772 796
f 634 796 636
f 634 636 635
f 636 796 641
f 636 641 638
f 636 638 637
f 638 640 639
f 641 796 772
f 642 779 643
f 643 779 797
f 643 797 798
f 643 798 645
f 643 645 644
f 645 798 799
f 645 799 659
f 645 659 800
f 645 800 646
f 646 800 659
f 647 648 802
f 647 802 801
f 648 649 802
f 649 803 804
f 649 804 802
f 650 805 651
f 651 805 653
f 653 805 806
f 653 806 783
f 654 807 808
f 654 808 655
f 654 658 809
f 654 809 807
f 655 808 810
f 655 810 666
f 658 663 809
f 659 799 660
f 660 799 811
f 660 811 812
f 660 812 813
f 660 813 661
f 661 813 662
f 662 813 664
f 663 665 814
f 663 814 815
f 663 815 816
f 663 816 809
f 664 814 665
f 664 813 817
f 664 817 818
f 664 818 819
f 664 819 814
f 666 810 820
f 666 820 667
f 667 820 671
f 667 671 668
f 668 671 669
f 670 671 678
f 671 820 821
f 671 821 680
f 671 680 679
f 673 822 823
f 673 823 824
f 673 824 674
f 673 689 825
f 673 825 822
f 674 824 675
f 675 824 691
f 675 691 690
f 675 690 676
f 680 821 826
f 680 826 682
f 680 682 681
f 682 826 827
f 682 827 828
f 682 828 685
f 683 829 830
f 683 830 684
f 683 688 831
f 683 831 829
f 684 830 689
f 685 828 832
f 685 832 833
f 685 833 834
f 685 834 687
f 685 687 686
f 687 834 836
f 687 836 835
f 687 835 688
f 688 835 836
f 688 836 834
f 688 834 831
f 689 830 837
f 689 837 825
f 691 824 838
f 691 838 839
f 691 839 692
f 692 840 841
f 692 841 693
f 692 839 840
f 693 841 698
f 693 698 697
f 693 697 695
f 696 842 706
f 696 700 842
f 698 843 699
f 698 841 840
f 698 840 843
f 699 843 844
f 699 844 700
f 700 844 845
f 700 845 846
f 700 846 842
f 701 705 847
f 701 847 848
f 701 848 849
f 701 849 702
f 702 850 703
f 702 849 851
f 702 851 850
f 703 850 717
f 703 717 715
f 703 715 852
f 703 852 714
f 703 714 704
f 704 714 709
f 705 707 847
f 706 842 707
f 707 842 846
f 707 846 853
f 707 853 854
f 707 854 855
f 707 855 856
f 707 856 857
f 707 857 858
f 707 858 847
f 708 709 711
f 709 714 711
f 710 711 712
f 711 714 712
f 714 852 715
f 716 719 859
f 716 859 860
f 716 860 861
f 716 861 721
f 716 721 720
f 717 862 718
f 717 850 863
f 717 863 862
f 719 862 864
f 719 864 865
f 719 865 859
f 721 866 867
f 721 867 723
f 721 723 722
f 721 861 868
f 721 868 869
f 721 869 870
f 721 870 871
f 721 871 872
f 721 872 866
f 723 867 873
f 723 873 874
f 723 874 724
f 724 874 875
f 724 875 876
f 724 876 725
f 725 727 726
f 725 876 877
f 725 877 727
f 727 877 878
f 727 878 879
f 727 879 731
f 727 731 728
f 728 731 729
f 730 732 733
f 731 879 878
f 731 878 880
f 731 880 732
f 732 880 733
f 733 880 878
f 733 878 877
f 733 877 881
f 733 881 882
f 733 882 883
f 733 883 734
f 734 883 884
f 734 884 735
f 735 884 883
f 735 883 885
f 735 885 736
f 736 885 737
f 737 885 886
f 737 886 740
f 738 739 746
f 739 744 887
f 739 887 746
f 740 886 741
f 741 888 889
f 741 889 742
f 741 886 890
f 741 890 891
f 741 891 888
f 742 889 888
f 742 888 743
f 743 892 744
f 743 888 893
f 743 893 894
f 743 894 892
f 744 892 887
f 745 895 896
f 745 896 897
f 745 897 747
f 745 746 898
f 745 898 899
f 745 899 895
f 746 887 898
f 747 897 896
f 747 896 748
f 748 900 750
f 748 750 749
f 748 896 901
f 748 901 900
f 750 900 759
f 750 754 751
f 751 754 752
f 755 759 902
f 755 902 756
f 756 902 903
f 756 903 904
f 756 904 757
f 757 904 758
f 758 905 760
f 758 904 906
f 758 906 907
f 758 907 908
f 758 908 909
f 758 909 905
f 759 900 901
f 759 901 910
f 759 910 902
f 760 911 761
f 760 905 912
f 760 912 911
f 761 911 913
f 761 913 762
f 762 913 914
f 762 914 763
f 763 914 765
f 765 914 915
f 765 915 916
f 765 916 766
f 766 916 768
f 767 770 917
f 767 917 918
f 767 918 919
f 767 919 920
f 767 920 771
f 768 916 921
f 768 921 922
f 768 922 769
f 769 922 770
f 770 922 923
f 770 923 917
f 771 920 924
f 772 774 773
f 774 795 925
f 774 925 775
f 775 925 926
f 775 926 776
f 776 926 780
f 778 780 927
f 778 927 928
f 778 928 929
f 778 929 930
f 778 930 931
f 778 931 797
f 778 797 779
f 780 932 927
f 780 926 925
f 780 925 932
f 781 933 934
f 781 934 935
f 781 935 782
f 781 785 933
f 782 935 787
f 783 806 936
f 783 936 784
f 784 936 785
f 785 936 937
f 785 937 938
f 785 938 933
f 786 939 788
f 786 787 940
f 786 940 941
f 786 941 939
f 787 935 942
f 787 942 940
f 788 939 943
f 788 943 944
f 788 944 945
f 788 945 946
f 788 946 947
f 788 947 789
f 789 947 948
f 789 948 949
f 789 949 950
f 789 950 792
f 789 792 791
f 789 791 790
f 792 950 951
f 792 951 952
f 792 952 793
f 793 952 953
f 793 953 794
f 794 953 927
f 794 927 925
f 794 925 795
f 797 931 798
f 798 811 799
f 798 931 811
f 801 802 955
f 801 955 954
f 802 804 956
f 802 956 957
f 802 957 1117
f 802 1117 958
f 802 958 955
f 803 959 956
f 803 956 804
f 807 960 961
f 807 961 808
f 807 809 962
f 807 962 960
f 808 961 963
f 808 963 964
f 808 964 810
f 809 816 965
f 809 965 962
f 810 964 820
f 811 931 966
f 811 966 812
f 812 967 813
f 812 966 968
f 812 968 969
f 812 969 967
f 813 967 817
f 814 819 815
f 815 970 971
f 815 971 816
f 815 819 969
f 815 969 970
f 816 971 965
f 817 819 818
f 817 967 969
f 817 969 972
f 817 972 819
f 819 972 969
f 820 964 973
f 820 973 963
f 820 963 821
f 821 963 961
f 821 961 828
f 821 828 826
f 822 974 975
f 822 975 823
f 822 825 837
f 822 837 976
f 822 976 974
f 823 975 977
f 823 977 839
f 823 839 838
f 823 838 824
f 826 828 827
f 828 961 832
f 829 837 978
f 829 978 830
f 829 831 979
f 829 979 837
f 830 978 837
f 831 834 980
f 831 980 979
f 832 981 982
f 832 982 833
f 832 961 960
f 832 960 983
f 832 983 984
f 832 984 981
f 833 982 985
f 833 985 980
f 833 980 834
f 837 986 976
f 837 979 986
f 839 977 987
f 839 987 840
f 840 987 988
f 840 988 989
f 840 989 990
f 840 990 991
f 840 991 992
f 840 992 853
f 840 853 843
f 843 853 844
f 844 853 845
f 845 853 846
f 847 858 848
f 848 858 849
f 849 858 993
f 849 993 851
f 850 851 993
f 850 993 994
f 850 994 995
f 850 995 996
f 850 996 863
f 853 992 991
f 853 991 997
f 853 997 998
f 853 998 999
f 853 999 1000
f 853 1000 854
f 854 1000 1001
f 854 1001 855
f 855 1002 856
f 855 1001 1003
f 855 1003 1002
f 856 1002 1004
f 856 1004 1005
f 856 1005 857
f 857 1005 858
f 858 1005 993
f 859 865 860
f 860 865 1006
f 860 1006 1007
f 860 1007 869
f 860 869 868
f 860 868 861
f 862 863 1008
f 862 1008 1009
f 862 1009 865
f 862 865 864
f 863 996 1010
f 863 1010 1008
f 865 1009 1011
f 865 1011 1006
f 866 1012 1013
f 866 1013 1014
f 866 1014 873
f 866 873 867
f 866 872 871
f 866 871 1015
f 866 1015 1016
f 866 1016 1017
f 866 1017 1012
f 869 1018 1019
f 869 1019 870
f 869 1007 1020
f 869 1020 1018
f 870 1019 871
f 871 1019 1021
f 871 1021 1015
f 873 1014 1013
f 873 1013 1022
f 873 1022 1023
f 873 1023 1024
f 873 1024 874
f 874 1024 1025
f 874 1025 875
f 875 1025 1026
f 875 1026 1027
f 875 1027 876
f 876 1027 1028
f 876 1028 881
f 876 881 877
f 881 1028 883
f 881 883 882
f 883 1028 885
f 885 1028 1029
f 885 1029 886
f 886 1029 1030
f 886 1030 890
f 887 892 898
f 888 1031 1032
f 888 1032 893
f 888 891 1033
f 888 1033 1034
f 888 1034 1035
f 888 1035 1031
f 890 1030 1036
f 890 1036 1037
f 890 1037 1038
f 890 1038 1033
f 890 1033 891
f 892 894 1039
f 892 1039 1040
f 892 1040 1041
f 892 1041 898
f 893 1032 894
f 894 1032 1042
f 894 1042 1039
f 895 1043 1044
f 895 1044 901
f 895 901 896
f 895 899 1045
f 895 1045 1043
f 898 1045 899
f 898 1041 1046
f 898 1046 1045
f 901 1044 910
f 902 910 1047
f 902 1047 1048
f 902 1048 903
f 903 1048 1049
f 903 1049 904
f 904 1050 1051
f 904 1051 906
f 904 1049 1050
f 905 909 1052
f 905 1052 1053
f 905 1053 1059
f 905 1059 912
f 906 1051 907
f 907 1051 1054
f 907 1054 908
f 908 1055 909
f 908 1054 1055
f 909 1055 1056
f 909 1056 1052
f 910 1044 1043
f 910 1043 1047
f 911 912 1057
f 911 1057 913
f 912 1058 1057
f 912 1059 1060
f 912 1060 1061
f 912 1061 1058
f 913 915 914
f 913 1057 1062
f 913 1062 915
f 915 1062 921
f 915 921 916
f 917 923 1063
f 917 1063 1064
f 917 1064 918
f 918 1065 1066
f 918 1066 1067
f 918 1067 919
f 918 1064 1068
f 918 1068 1069
f 918 1069 1070
f 918 1070 1065
f 919 1067 920
f 920 1067 1066
f 920 1066 1065
f 920 1065 1071
f 920 1071 1073
f 920 1073 924
f 921 1062 1072
f 921 1072 922
f 922 1072 1063
f 922 1063 923
f 925 927 932
f 927 953 1074
f 927 1074 929
f 927 929 928
f 929 1074 969
f 929 969 966
f 929 966 931
f 929 931 930
f 933 938 1075
f 933 1075 934
f 934 1075 935
f 935 1075 1076
f 935 1076 942
f 939 941 1077
f 939 1077 1078
f 939 1078 943
f 940 942 1079
f 940 1079 1080
f 940 1080 1081
f 940 1081 1082
f 940 1082 941
f 941 1082 1083
f 941 1083 1084
f 941 1084 1085
f 941 1085 1086
f 941 1086 1087
f 941 1087 1088
f 941 1088 1089
f 941 1089 1090
f 941 1090 1091
f 941 1091 1092
f 941 1092 1093
f 941 1093 1094
f 941 1094 1077
f 942 1076 1095
f 942 1095 1079
f 943 1096 1094
f 943 1094 1097
f 943 1097 1098
f 943 1098 1099
f 943 1099 1100
f 943 1100 1101
f 943 1101 1102
f 943 1102 1103
f 943 1103 1104
f 943 1104 944
f 943 1078 1096
f 944 1104 1105
f 944 1105 945
f 945 1105 1106
f 945 1106 948
f 945 948 947
f 945 947 946
f 948 1106 1103
f 948 1103 1107
f 948 1107 949
f 949 1107 950
f 950 1107 1108
f 950 1108 1109
f 950 1109 1110
f 950 1110 951
f 951 1110 952
f 952 1110 1111
f 952 1111 1112
f 952 1112 1113
f 952 1113 969
f 952 969 953
f 953 969 1074
f 954 1114 1296
f 954 1296 1115
f 954 955 958
f 954 958 1114
f 956 959 1116
f 956 1116 1118
f 956 1118 957
f 957 1118 1117
f 958 1119 1120
f 958 1120 1114
f 958 1117 1301
f 958 1301 1119
f 959 1121 1116
f 960 962 983
f 962 1122 1123
f 962 1123 984
f 962 984 983
f 962 965 1122
f 963 973 964
f 965 1124 1122
f 965 971 970
f 965 970 1125
f 965 1125 1124
f 966 969 968
f 969 1113 1126
f 969 1126 1127
f 969 1127 970
f 970 1127 1128
f 970 1128 1129
f 970 1129 1125
f 974 976 986
f 974 986 1130
f 974 1130 1131
f 974 1131 1132
f 974 1132 975
f 975 1132 977
f 977 1132 987
f 979 980 1133
f 979 1133 1134
f 979 1134 1135
f 979 1135 1136
f 979 1136 1137
f 979 1137 986
f 980 985 982
f 980 982 1138
f 980 1138 1139
f 980 1139 1140
f 980 1140 1141
f 980 1141 1142
f 980 1142 1143
f 980 1143 1135
f 980 1135 1133
f 981 1144 982
f 981 984 1144
f 982 1144 1145
f 982 1145 1138
f 984 1146 1145
f 984 1145 1144
f 984 1123 1147
f 984 1147 1148
f 984 1148 1149
f 984 1149 1150
f 984 1150 1146
f 986 1151 1130
f 986 1137 1152
f 986 1152 1151
f 987 989 988
f 987 1132 989
f 989 1132 1153
f 989 1153 1154
f 989 1154 1155
f 989 1155 1156
f 989 1156 990
f 990 1156 1157
f 990 1157 991
f 991 1158 1159
f 991 1159 1160
f 991 1160 1161
f 991 1161 998
f 991 998 997
f 991 1157 1162
f 991 1162 1158
f 993 1005 1163
f 993 1163 994
f 994 1164 1165
f 994 1165 1166
f 994 1166 1167
f 994 1167 995
f 994 1163 1168
f 994 1168 1169
f 994 1169 1170
f 994 1170 1164
f 995 1171 996
f 995 1167 1171
f 996 1171 1009
f 996 1009 1010
f 998 1172 1173
f 998 1173 1003
f 998 1003 999
f 998 1161 1172
f 999 1003 1001
f 999 1001 1000
f 1002 1003 1174
f 1002 1174 1175
f 1002 1175 1169
f 1002 1169 1004
f 1003 1176 1177
f 1003 1177 1174
f 1003 1173 1176
f 1004 1169 1178
f 1004 1178 1005
f 1005 1178 1163
f 1006 1011 1179
f 1006 1179 1180
f 1006 1180 1007
f 1007 1180 1020
f 1008 1010 1009
f 1009 1171 1167
f 1009 1167 1181
f 1009 1181 1011
f 1011 1181 1179
f 1012 1182 1013
f 1012 1017 1183
f 1012 1183 1182
f 1013 1184 1022
f 1013 1182 1184
f 1015 1021 1185
f 1015 1185 1186
f 1015 1186 1016
f 1016 1186 1187
f 1016 1187 1188
f 1016 1188 1017
f 1017 1188 1189
f 1017 1189 1183
f 1018 1185 1019
f 1018 1020 1185
f 1019 1185 1021
f 1020 1190 1191
f 1020 1191 1185
f 1020 1180 1192
f 1020 1192 1193
f 1020 1193 1194
f 1020 1194 1195
f 1020 1195 1196
f 1020 1196 1197
f 1020 1197 1190
f 1022 1198 1199
f 1022 1199 1200
f 1022 1200 1023
f 1022 1184 1198
f 1023 1201 1202
f 1023 1202 1203
f 1023 1203 1024
f 1023 1200 1201
f 1024 1203 1204
f 1024 1204 1026
f 1024 1026 1025
f 1026 1204 1205
f 1026 1205 1027
f 1027 1205 1204
f 1027 1204 1029
f 1027 1029 1028
f 1029 1204 1206
f 1029 1206 1030
f 1030 1206 1036
f 1031 1035 1032
f 1032 1035 1207
f 1032 1207 1208
f 1032 1208 1209
f 1032 1209 1042
f 1033 1038 1210
f 1033 1210 1034
f 1034 1210 1035
f 1035 1210 1211
f 1035 1211 1212
f 1035 1212 1207
f 1036 1206 1203
f 1036 1203 1213
f 1036 1213 1037
f 1037 1213 1202
f 1037 1202 1201
f 1037 1201 1214
f 1037 1214 1215
f 1037 1215 1216
f 1037 1216 1038
f 1038 1216 1217
f 1038 1217 1218
f 1038 1218 1210
f 1039 1219 1220
f 1039 1220 1221
f 1039 1221 1222
f 1039 1222 1040
f 1039 1042 1223
f 1039 1223 1224
f 1039 1224 1219
f 1040 1222 1046
f 1040 1046 1041
f 1042 1225 1223
f 1042 1209 1226
f 1042 1226 1227
f 1042 1227 1228
f 1042 1228 1229
f 1042 1229 1230
f 1042 1230 1225
f 1043 1045 1231
f 1043 1231 1047
f 1045 1046 1231
f 1046 1222 1221
f 1046 1221 1231
f 1047 1231 1048
f 1048 1231 1049
f 1049 1231 1232
f 1049 1232 1233
f 1049 1233 1050
f 1050 1233 1051
f 1051 1233 1234
f 1051 1234 1054
f 1052 1056 1053
f 1053 1235 1059
f 1053 1056 1236
f 1053 1236 1237
f 1053 1237 1235
f 1054 1234 1238
f 1054 1238 1239
f 1054 1239 1240
f 1054 1240 1056
f 1054 1056 1055
f 1056 1240 1241
f 1056 1241 1242
f 1056 1242 1243
f 1056 1243 1244
f 1056 1244 1236
f 1057 1058 1245
f 1057 1245 1062
f 1058 1061 1246
f 1058 1246 1245
f 1059 1235 1247
f 1059 1247 1060
f 1060 1247 1248
f 1060 1248 1061
f 1061 1249 1245
f 1061 1245 1246
f 1061 1248 1249
f 1062 1245 1250
f 1062 1250 1251
f 1062 1251 1072
f 1063 1068 1064
f 1063 1072 1252
f 1063 1252 1068
f 1065 1070 1253
f 1065 1253 1071
f 1068 1252 1069
f 1069 1252 1254
f 1069 1254 1255
f 1069 1255 1256
f 1069 1256 1070
f 1070 1256 1253
f 1071 1253 1257
f 1071 1257 1258
f 1071 1258 1073
f 1072 1251 1254
f 1072 1254 1252
f 1077 1094 1078
f 1078 1094 1096
f 1079 1095 1259
f 1079 1259 1080
f 1080 1259 1260
f 1080 1260 1081
f 1081 1260 1261
f 1081 1261 1082
f 1082 1261 1262
f 1082 1262 1083
f 1083 1262 1263
f 1083 1263 1084
f 1084 1263 1085
f 1085 1263 1264
f 1085 1264 1086
f 1086 1264 1265
f 1086 1265 1087
f 1087 1266 1267
f 1087 1267 1268
f 1087 1268 1088
f 1087 1265 1269
f 1087 1269 1266
f 1088 1268 1089
f 1089 1268 1270
f 1089 1270 1271
f 1089 1271 1272
f 1089 1272 1273
f 1089 1273 1274
f 1089 1274 1090
f 1090 1274 1091
f 1091 1274 1273
f 1091 1273 1275
f 1091 1275 1276
f 1091 1276 1277
f 1091 1277 1278
f 1091 1278 1279
f 1091 1279 1280
f 1091 1280 1281
f 1091 1281 1092
f 1092 1281 1280
f 1092 1280 1093
f 1093 1280 1097
f 1093 1097 1094
f 1097 1280 1279
f 1097 1279 1098
f 1098 1100 1099
f 1098 1279 1282
f 1098 1282 1283
f 1098 1283 1284
f 1098 1284 1285
f 1098 1285 1100
f 1100 1286 1101
f 1100 1285 1287
f 1100 1287 1286
f 1101 1286 1102
f 1102 1286 1288
f 1102 1288 1103
f 1103 1106 1104
f 1103 1288 1107
f 1104 1106 1105
f 1107 1288 1289
f 1107 1289 1108
f 1108 1289 1290
f 1108 1290 1110
f 1108 1110 1109
f 1110 1290 1291
f 1110 1291 1292
f 1110 1292 1111
f 1111 1292 1112
f 1112 1293 1113
f 1112 1292 1291
f 1112 1291 1294
f 1112 1294 1295
f 1112 1295 1293
f 1113 1293 1126
f 1114 1120 1296
f 1115 1296 1297
f 1116 1121 1298
f 1116 1298 1299
f 1116 1299 1300
f 1116 1300 1118
f 1117 1118 1302
f 1117 1302 1301
f 1118 1300 1303
f 1118 1303 1302
f 1119 1301 1466
f 1119 1466 1304
f 1119 1304 1296
f 1119 1296 1120
f 1122 1124 1305
f 1122 1305 1123
f 1123 1305 1306
f 1123 1306 1147
f 1124 1125 1307
f 1124 1307 1306
f 1124 1306 1305
f 1125 1129 1128
f 1125 1128 1307
f 1126 1293 1308
f 1126 1308 1127
f 1127 1308 1128
f 1128 1308 1309
f 1128 1309 1307
f 1130 1153 1131
f 1130 1151 1152
f 1130 1152 1310
f 1130 1310 1311
f 1130 1311 1153
f 1131 1153 1132
f 1133 1135 1134
f 1135 1312 1137
f 1135 1137 1136
f 1135 1143 1142
f 1135 1142 1313
f 1135 1313 1312
f 1137 1314 1315
f 1137 1315 1152
f 1137 1312 1314
f 1138 1145 1139
f 1139 1145 1140
f 1140 1316 1141
f 1140 1145 1316
f 1141 1316 1142
f 1142 1317 1313
f 1142 1316 1317
f 1145 1318 1319
f 1145 1319 1320
f 1145 1320 1321
f 1145 1321 1316
f 1145 1146 1322
f 1145 1322 1318
f 1146 1150 1323
f 1146 1323 1322
f 1147 1324 1325
f 1147 1325 1148
f 1147 1306 1324
f 1148 1326 1150
f 1148 1150 1149
f 1148 1325 1326
f 1150 1326 1327
f 1150 1327 1323
f 1152 1315 1328
f 1152 1328 1329
f 1152 1329 1310
f 1153 1311 1154
f 1154 1311 1155
f 1155 1311 1330
f 1155 1330 1331
f 1155 1331 1332
f 1155 1332 1156
f 1156 1332 1333
f 1156 1333 1334
f 1156 1334 1157
f 1157 1335 1162
f 1157 1334 1333
f 1157 1333 1336
f 1157 1336 1337
f 1157 1337 1338
f 1157 1338 1339
f 1157 1339 1335
f 1158 1340 1159
f 1158 1162 1347
f 1158 1347 1340
f 1159 1340 1341
f 1159 1341 1342
f 1159 1342 1160
f 1160 1342 1341
f 1160 1341 1343
f 1160 1343 1344
f 1160 1344 1345
f 1160 1345 1346
f 1160 1346 1172
f 1160 1172 1161
f 1162 1335 1339
f 1162 1339 1347
f 1163 1178 1169
f 1163 1169 1168
f 1164 1170 1348
f 1164 1348 1349
f 1164 1349 1165
f 1165 1350 1192
f 1165 1192 1179
f 1165 1179 1181
f 1165 1181 1167
f 1165 1167 1166
f 1165 1349 1350
f 1169 1175 1351
f 1169 1351 1170
f 1170 1351 1348
f 1172 1346 1176
f 1172 1176 1173
f 1174 1177 1175
f 1175 1177 1176
f 1175 1176 1351
f 1176 1346 1352
f 1176 1352 1353
f 1176 1353 1351
f 1179 1192 1180
f 1182 1183 1189
f 1182 1189 1354
f 1182 1354 1184
f 1184 1354 1355
f 1184 1355 1198
f 1185 1191 1186
f 1186 1356 1188
f 1186 1188 1187
f 1186 1191 1357
f 1186 1357 1358
f 1186 1358 1359
f 1186 1359 1360
f 1186 1360 1356
f 1188 1356 1361
f 1188 1361 1362
f 1188 1362 1189
f 1189 1362 1363
f 1189 1363 1354
f 1190 1197 1364
f 1190 1364 1365
f 1190 1365 1358
f 1190 1358 1357
f 1190 1357 1191
f 1192 1350 1194
f 1192 1194 1193
f 1194 1349 1195
f 1194 1350 1349
f 1195 1349 1366
f 1195 1366 1367
f 1195 1367 1196
f 1196 1367 1368
f 1196 1368 1197
f 1197 1368 1369
f 1197 1369 1364
f 1198 1216 1199
f 1198 1355 1216
f 1199 1216 1215
f 1199 1215 1214
f 1199 1214 1200
f 1200 1214 1201
f 1202 1213 1203
f 1203 1206 1204
f 1207 1212 1211
f 1207 1211 1370
f 1207 1370 1371
f 1207 1371 1372
f 1207 1372 1208
f 1208 1226 1209
f 1208 1372 1373
f 1208 1373 1226
f 1210 1218 1217
f 1210 1217 1374
f 1210 1374 1211
f 1211 1374 1375
f 1211 1375 1370
f 1216 1355 1376
f 1216 1376 1377
f 1216 1377 1217
f 1217 1377 1378
f 1217 1378 1374
f 1219 1224 1225
f 1219 1225 1379
f 1219 1379 1380
f 1219 1380 1381
f 1219 1381 1220
f 1220 1381 1382
f 1220 1382 1221
f 1221 1382 1231
f 1223 1225 1224
f 1225 1383 1379
f 1225 1230 1383
f 1226 1384 1227
f 1226 1373 1385
f 1226 1385 1386
f 1226 1386 1384
f 1227 1384 1228
f 1228 1384 1387
f 1228 1387 1388
f 1228 1388 1389
f 1228 1389 1229
f 1229 1389 1230
f 1230 1389 1390
f 1230 1390 1391
f 1230 1391 1392
f 1230 1392 1393
f 1230 1393 1394
f 1230 1394 1379
f 1230 1379 1383
f 1231 1382 1232
f 1232 1382 1381
f 1232 1381 1233
f 1233 1381 1395
f 1233 1395 1234
f 1234 1395 1396
f 1234 1396 1238
f 1235 1397 1398
f 1235 1398 1247
f 1235 1237 1399
f 1235 1399 1397
f 1236 1244 1237
f 1237 1244 1400
f 1237 1400 1399
f 1238 1396 1379
f 1238 1379 1242
f 1238 1242 1240
f 1238 1240 1239
f 1240 1242 1241
f 1242 1379 1394
f 1242 1394 1401
f 1242 1401 1243
f 1243 1401 1402
f 1243 1402 1403
f 1243 1403 1404
f 1243 1404 1400
f 1243 1400 1244
f 1245 1249 1250
f 1247 1398 1248
f 1248 1405 1406
f 1248 1406 1407
f 1248 1407 1408
f 1248 1408 1409
f 1248 1409 1410
f 1248 1410 1411
f 1248 1411 1412
f 1248 1412 1413
f 1248 1413 1414
f 1248 1414 1249
f 1248 1398 1405
f 1249 1414 1250
f 1250 1414 1251
f 1251 1415 1416
f 1251 1416 1254
f 1251 1414 1417
f 1251 1417 1415
f 1253 1256 1418
f 1253 1418 1419
f 1253 1419 1257
f 1254 1416 1420
f 1254 1420 1255
f 1255 1420 1421
f 1255 1421 1256
f 1256 1421 1573
f 1256 1573 1418
f 1257 1419 1258
f 1258 1419 1422
f 1266 1423 1424
f 1266 1424 1267
f 1266 1269 1425
f 1266 1425 1426
f 1266 1426 1427
f 1266 1427 1423
f 1267 1424 1270
f 1267 1270 1268
f 1270 1424 1428
f 1270 1428 1429
f 1270 1429 1430
f 1270 1430 1431
f 1270 1431 1432
f 1270 1432 1433
f 1270 1433 1434
f 1270 1434 1271
f 1271 1434 1435
f 1271 1435 1436
f 1271 1436 1272
f 1272 1436 1437
f 1272 1437 1273
f 1273 1437 1275
f 1275 1438 1439
f 1275 1439 1276
f 1275 1437 1440
f 1275 1440 1441
f 1275 1441 1442
f 1275 1442 1438
f 1276 1439 1277
f 1277 1439 1443
f 1277 1443 1444
f 1277 1444 1445
f 1277 1445 1446
f 1277 1446 1278
f 1278 1282 1279
f 1278 1446 1282
f 1282 1446 1447
f 1282 1447 1284
f 1282 1284 1283
f 1284 1448 1285
f 1284 1447 1449
f 1284 1449 1450
f 1284 1450 1451
f 1284 1451 1287
f 1284 1287 1448
f 1285 1448 1287
f 1286 1287 1452
f 1286 1452 1288
f 1287 1451 1453
f 1287 1453 1454
f 1287 1454 1452
f 1288 1452 1455
f 1288 1455 1289
f 1289 1455 1290
f 1290 1455 1291
f 1291 1456 1294
f 1291 1455 1457
f 1291 1457 1458
f 1291 1458 1459
f 1291 1459 1456
f 1293 1295 1308
f 1294 1456 1295
f 1295 1456 1459
f 1295 1459 1460
f 1295 1460 1309
f 1295 1309 1308
f 1296 1304 1461
f 1296 1461 1297
f 1299 1462 1300
f 1300 1462 1463
f 1300 1463 1464
f 1300 1464 1303
f 1301 1465 1466
f 1301 1302 1467
f 1301 1467 1465
f 1302 1303 1468
f 1302 1468 1467
f 1303 1464 1469
f 1303 1469 1468
f 1304 1466 1461
f 1306 1470 1471
f 1306 1471 1324
f 1306 1307 1460
f 1306 1460 1459
f 1306 1459 1470
f 1307 1309 1460
f 1310 1329 1472
f 1310 1472 1311
f 1311 1472 1473
f 1311 1473 1474
f 1311 1474 1330
f 1312 1313 1317
f 1312 1317 1475
f 1312 1475 1314
f 1314 1476 1477
f 1314 1477 1478
f 1314 1478 1315
f 1314 1475 1476
f 1315 1478 1328
f 1316 1321 1317
f 1317 1321 1475
f 1318 1322 1479
f 1318 1479 1319
f 1319 1479 1480
f 1319 1480 1481
f 1319 1481 1482
f 1319 1482 1483
f 1319 1483 1484
f 1319 1484 1321
f 1319 1321 1320
f 1321 1485 1486
f 1321 1486 1487
f 1321 1487 1476
f 1321 1476 1475
f 1321 1484 1485
f 1322 1323 1488
f 1322 1488 1489
f 1322 1489 1479
f 1323 1327 1488
f 1324 1471 1490
f 1324 1490 1325
f 1325 1490 1491
f 1325 1491 1492
f 1325 1492 1326
f 1326 1492 1493
f 1326 1493 1327
f 1327 1494 1488
f 1327 1493 1494
f 1328 1472 1329
f 1328 1478 1472
f 1330 1474 1331
f 1331 1474 1495
f 1331 1495 1496
f 1331 1496 1497
f 1331 1497 1498
f 1331 1498 1332
f 1332 1499 1333
f 1332 1498 1655
f 1332 1655 1499
f 1333 1499 1500
f 1333 1500 1336
f 1336 1500 1337
f 1337 1501 1502
f 1337 1502 1503
f 1337 1503 1338
f 1337 1500 1499
f 1337 1499 1655
f 1337 1655 1504
f 1337 1504 1656
f 1337 1656 1501
f 1338 1503 1505
f 1338 1505 1339
f 1339 1506 1340
f 1339 1340 1347
f 1339 1505 1506
f 1340 1507 1508
f 1340 1508 1341
f 1340 1506 1507
f 1341 1508 1343
f 1343 1508 1509
f 1343 1509 1344
f 1344 1509 1352
f 1344 1352 1345
f 1345 1352 1346
f 1348 1351 1510
f 1348 1510 1349
f 1349 1510 1511
f 1349 1511 1366
f 1351 1353 1510
f 1352 1509 1512
f 1352 1512 1353
f 1353 1513 1511
f 1353 1511 1510
f 1353 1512 1513
f 1354 1376 1355
f 1354 1363 1514
f 1354 1514 1376
f 1356 1360 1515
f 1356 1515 1516
f 1356 1516 1361
f 1358 1517 1518
f 1358 1518 1359
f 1358 1365 1519
f 1358 1519 1517
f 1359 1518 1515
f 1359 1515 1360
f 1361 1516 1520
f 1361 1520 1521
f 1361 1521 1522
f 1361 1522 1523
f 1361 1523 1363
f 1361 1363 1362
f 1363 1524 1514
f 1363 1523 1524
f 1364 1369 1519
f 1364 1519 1365
f 1366 1511 1367
f 1367 1511 1513
f 1367 1513 1525
f 1367 1525 1368
f 1368 1525 1509
f 1368 1509 1526
f 1368 1526 1527
f 1368 1527 1369
f 1369 1527 1528
f 1369 1528 1519
f 1370 1375 1371
f 1371 1375 1378
f 1371 1378 1529
f 1371 1529 1530
f 1371 1530 1531
f 1371 1531 1372
f 1372 1531 1532
f 1372 1532 1373
f 1373 1532 1533
f 1373 1533 1385
f 1374 1378 1375
f 1376 1534 1377
f 1376 1514 1524
f 1376 1524 1535
f 1376 1535 1536
f 1376 1536 1537
f 1376 1537 1534
f 1377 1534 1378
f 1378 1534 1538
f 1378 1538 1529
f 1379 1396 1380
f 1380 1396 1381
f 1381 1396 1539
f 1381 1539 1395
f 1384 1386 1540
f 1384 1540 1387
f 1385 1533 1541
f 1385 1541 1386
f 1386 1541 1542
f 1386 1542 1543
f 1386 1543 1544
f 1386 1544 1545
f 1386 1545 1540
f 1387 1540 1388
f 1388 1540 1389
f 1389 1540 1390
f 1390 1392 1391
f 1390 1540 1546
f 1390 1546 1547
f 1390 1547 1392
f 1392 1548 1393
f 1392 1547 1549
f 1392 1549 1548
f 1393 1550 1394
f 1393 1548 1551
f 1393 1551 1552
f 1393 1552 1550
f 1394 1550 1401
f 1395 1539 1396
f 1397 1399 1553
f 1397 1553 1405
f 1397 1405 1398
f 1399 1400 1553
f 1400 1554 1555
f 1400 1555 1553
f 1400 1404 1554
f 1401 1550 1556
f 1401 1556 1402
f 1402 1556 1557
f 1402 1557 1558
f 1402 1558 1403
f 1403 1559 1560
f 1403 1560 1561
f 1403 1561 1404
f 1403 1558 1559
f 1404 1561 1554
f 1405 1553 1406
f 1406 1408 1407
f 1406 1553 1554
f 1406 1554 1562
f 1406 1562 1563
f 1406 1563 1408
f 1408 1563 1707
f 1408 1707 1564
f 1408 1564 1565
f 1408 1565 1409
f 1409 1565 1566
f 1409 1566 1411
f 1409 1411 1410
f 1411 1566 1567
f 1411 1567 1568
f 1411 1568 1569
f 1411 1569 1412
f 1412 1569 1570
f 1412 1570 1414
f 1412 1414 1413
f 1414 1570 1417
f 1415 1417 1571
f 1415 1571 1416
f 1416 1571 1572
f 1416 1572 1420
f 1417 1570 1571
f 1418 1573 1419
f 1419 1573 1574
f 1419 1574 1575
f 1419 1575 1576
f 1419 1576 1422
f 1420 1572 1421
f 1421 1572 1571
f 1421 1571 1577
f 1421 1577 1574
f 1421 1574 1573
f 1423 1427 1578
f 1423 1578 1579
f 1423 1579 1424
f 1424 1579 1580
f 1424 1580 1581
f 1424 1581 1428
f 1428 1582 1583
f 1428 1583 1584
f 1428 1584 1429
f 1428 1581 1582
f 1429 1584 1430
f 1430 1584 1431
f 1431 1584 1585
f 1431 1585 1432
f 1432 1585 1586
f 1432 1586 1433
f 1433 1586 1587
f 1433 1587 1588
f 1433 1588 1589
f 1433 1589 1590
f 1433 1590 1591
f 1433 1591 1434
f 1434 1591 1435
f 1435 1591 1592
f 1435 1592 1436
f 1436 1593 1441
f 1436 1441 1440
f 1436 1440 1437
f 1436 1592 1593
f 1438 1594 1595
f 1438 1595 1596
f 1438 1596 1439
f 1438 1442 1597
f 1438 1597 1598
f 1438 1598 1599
f 1438 1599 1600
f 1438 1600 1594
f 1439 1596 1601
f 1439 1601 1443
f 1441 1602 1597
f 1441 1597 1442
f 1441 1593 1602
f 1443 1601 1603
f 1443 1603 1604
f 1443 1604 1444
f 1444 1604 1445
f 1445 1605 1446
f 1445 1604 1606
f 1445 1606 1607
f 1445 1607 1608
f 1445 1608 1609
f 1445 1609 1489
f 1445 1489 1610
f 1445 1610 1494
f 1445 1494 1611
f 1445 1611 1612
f 1445 1612 1613
f 1445 1613 1605
f 1446 1605 1614
f 1446 1614 1447
f 1447 1614 1615
f 1447 1615 1449
f 1449 1615 1616
f 1449 1616 1450
f 1450 1616 1451
f 1451 1616 1617
f 1451 1617 1453
f 1452 1454 1455
f 1453 1617 1454
f 1454 1617 1618
f 1454 1618 1457
f 1454 1457 1455
f 1457 1618 1619
f 1457 1619 1458
f 1458 1619 1620
f 1458 1620 1621
f 1458 1621 1459
f 1459 1621 1471
f 1459 1471 1470
f 1461 1466 1623
f 1461 1623 1622
f 1463 1624 1464
f 1464 1624 1630
f 1464 1630 1469
f 1465 1625 1626
f 1465 1626 1466
f 1465 1467 1627
f 1465 1627 1625
f 1466 1626 1623
f 1467 1468 1628
f 1467 1628 1627
f 1468 1469 1629
f 1468 1629 1628
f 1469 1630 1631
f 1469 1631 1629
f 1471 1621 1490
f 1472 1478 1473
f 1473 1478 1477
f 1473 1477 1632
f 1473 1632 1633
f 1473 1633 1495
f 1473 1495 1474
f 1476 1634 1635
f 1476 1635 1477
f 1476 1487 1634
f 1477 1635 1632
f 1479 1489 1608
f 1479 1608 1636
f 1479 1636 1480
f 1480 1636 1481
f 1481 1637 1482
f 1481 1636 1638
f 1481 1638 1637
f 1482 1637 1483
f 1483 1637 1639
f 1483 1639 1640
f 1483 1640 1484
f 1484 1640 1485
f 1485 1640 1486
f 1486 1641 1642
f 1486 1642 1643
f 1486 1643 1644
f 1486 1644 1634
f 1486 1634 1487
f 1486 1640 1645
f 1486 1645 1641
f 1488 1494 1489
f 1489 1494 1610
f 1489 1609 1608
f 1490 1621 1646
f 1490 1646 1491
f 1491 1493 1492
f 1491 1646 1617
f 1491 1617 1647
f 1491 1647 1648
f 1491 1648 1614
f 1491 1614 1605
f 1491 1605 1649
f 1491 1649 1493
f 1493 1649 1605
f 1493 1605 1613
f 1493 1613 1612
f 1493 1612 1494
f 1494 1612 1611
f 1495 1633 1496
f 1496 1633 1632
f 1496 1632 1497
f 1497 1632 1650
f 1497 1650 1651
f 1497 1651 1652
f 1497 1652 1653
f 1497 1653 1498
f 1498 1653 1654
f 1498 1654 1655
f 1501 1656 1657
f 1501 1657 1502
f 1502 1657 1658
f 1502 1658 1506
f 1502 1506 1505
f 1502 1505 1503
f 1504 1659 1660
f 1504 1660 1661
f 1504 1661 1662
f 1504 1662 1656
f 1504 1655 1659
f 1506 1658 1663
f 1506 1663 1664
f 1506 1664 1508
f 1506 1508 1507
f 1508 1664 1665
f 1508 1665 1509
f 1509 1666 1526
f 1509 1525 1513
f 1509 1513 1512
f 1509 1665 1664
f 1509 1664 1667
f 1509 1667 1668
f 1509 1668 1666
f 1515 1518 1517
f 1515 1517 1669
f 1515 1669 1516
f 1516 1669 1520
f 1517 1519 1669
f 1519 1528 1670
f 1519 1670 1671
f 1519 1671 1669
f 1520 1669 1672
f 1520 1672 1673
f 1520 1673 1521
f 1521 1673 1522
f 1522 1674 1675
f 1522 1675 1536
f 1522 1536 1535
f 1522 1535 1676
f 1522 1676 1523
f 1522 1673 1677
f 1522 1677 1678
f 1522 1678 1679
f 1522 1679 1674
f 1523 1676 1524
f 1524 1676 1535
f 1526 1666 1527
f 1527 1666 1680
f 1527 1680 1528
f 1528 1680 1681
f 1528 1681 1670
f 1529 1538 1682
f 1529 1682 1530
f 1530 1683 1532
f 1530 1532 1531
f 1530 1682 1684
f 1530 1684 1683
f 1532 1542 1541
f 1532 1541 1533
f 1532 1683 1542
f 1534 1537 1685
f 1534 1685 1538
f 1536 1675 1674
f 1536 1674 1686
f 1536 1686 1687
f 1536 1687 1537
f 1537 1687 1685
f 1538 1685 1688
f 1538 1688 1682
f 1540 1545 1546
f 1542 1683 1684
f 1542 1684 1689
f 1542 1689 1543
f 1543 1689 1690
f 1543 1690 1544
f 1544 1547 1546
f 1544 1546 1545
f 1544 1690 1689
f 1544 1689 1547
f 1547 1691 1549
f 1547 1689 1692
f 1547 1692 1693
f 1547 1693 1691
f 1548 1549 1694
f 1548 1694 1695
f 1548 1695 1696
f 1548 1696 1552
f 1548 1552 1551
f 1549 1691 1694
f 1550 1552 1697
f 1550 1697 1556
f 1552 1696 1698
f 1552 1698 1697
f 1553 1555 1554
f 1554 1561 1560
f 1554 1560 1562
f 1556 1697 1699
f 1556 1699 1700
f 1556 1700 1557
f 1557 1700 1701
f 1557 1701 1702
f 1557 1702 1558
f 1558 1703 1559
f 1558 1702 1704
f 1558 1704 1703
f 1559 1705 1706
f 1559 1706 1560
f 1559 1703 1705
f 1560 1706 1563
f 1560 1563 1562
f 1563 1706 1708
f 1563 1708 1707
f 1564 1707 1709
f 1564 1709 1710
f 1564 1710 1565
f 1565 1710 1711
f 1565 1711 1712
f 1565 1712 1567
f 1565 1567 1566
f 1567 1713 1714
f 1567 1714 1568
f 1567 1712 1715
f 1567 1715 1716
f 1567 1716 1717
f 1567 1717 1713
f 1568 1714 1718
f 1568 1718 1569
f 1569 1718 1719
f 1569 1719 1571
f 1569 1571 1570
f 1571 1719 1720
f 1571 1720 1574
f 1571 1574 1577
f 1574 1720 1575
f 1575 1720 1576
f 1576 1720 1721
f 1578 1722 1579
f 1579 1723 1580
f 1579 1722 1724
f 1579 1724 1725
f 1579 1725 1723
f 1580 1723 1726
f 1580 1726 1727
f 1580 1727 1728
f 1580 1728 1582
f 1580 1582 1581
f 1582 1728 1726
f 1582 1726 1729
f 1582 1729 1730
f 1582 1730 1583
f 1583 1730 1584
f 1584 1730 1731
f 1584 1731 1585
f 1585 1732 1586
f 1585 1731 1732
f 1586 1732 1587
f 1587 1733 1734
f 1587 1734 1588
f 1587 1732 1735
f 1587 1735 1733
f 1588 1734 1736
f 1588 1736 1589
f 1589 1736 1590
f 1590 1736 1737
f 1590 1737 1738
f 1590 1738 1739
f 1590 1739 1591
f 1591 1739 1592
f 1592 1739 1593
f 1593 1740 1597
f 1593 1597 1602
f 1593 1739 1740
f 1594 1741 1742
f 1594 1742 1596
f 1594 1596 1595
f 1594 1600 1741
f 1596 1742 1743
f 1596 1743 1744
f 1596 1744 1745
f 1596 1745 1601
f 1597 1740 1746
f 1597 1746 1600
f 1597 1600 1599
f 1597 1599 1598
f 1600 1747 1741
f 1600 1746 1747
f 1601 1745 1748
f 1601 1748 1749
f 1601 1749 1603
f 1603 1749 1750
f 1603 1750 1751
f 1603 1751 1604
f 1604 1752 1606
f 1604 1751 1753
f 1604 1753 1754
f 1604 1754 1752
f 1606 1752 1755
f 1606 1755 1756
f 1606 1756 1757
f 1606 1757 1638
f 1606 1638 1636
f 1606 1636 1608
f 1606 1608 1607
f 1614 1648 1615
f 1615 1648 1616
f 1616 1648 1758
f 1616 1758 1617
f 1617 1758 1647
f 1617 1646 1619
f 1617 1619 1618
f 1619 1646 1620
f 1620 1646 1621
f 1622 1623 1626
f 1622 1626 1760
f 1622 1760 1759
f 1624 1761 1630
f 1625 1762 1763
f 1625 1763 1764
f 1625 1764 1626
f 1625 1627 1765
f 1625 1765 1762
f 1626 1764 1760
f 1627 1628 1766
f 1627 1766 1765
f 1628 1629 1767
f 1628 1767 1766
f 1629 1631 1768
f 1629 1768 1767
f 1630 1761 1769
f 1630 1769 1631
f 1631 1769 1770
f 1631 1770 1768
f 1632 1635 1650
f 1634 1644 1643
f 1634 1643 1651
f 1634 1651 1650
f 1634 1650 1635
f 1637 1638 1639
f 1638 1757 1756
f 1638 1756 1771
f 1638 1771 1639
f 1639 1772 1773
f 1639 1773 1774
f 1639 1774 1645
f 1639 1645 1640
f 1639 1771 1756
f 1639 1756 1775
f 1639 1775 1772
f 1641 1645 1774
f 1641 1774 1773
f 1641 1773 1776
f 1641 1776 1777
f 1641 1777 1643
f 1641 1643 1642
f 1643 1777 1778
f 1643 1778 1779
f 1643 1779 1780
f 1643 1780 1652
f 1643 1652 1651
f 1647 1758 1648
f 1652 1781 1782
f 1652 1782 1660
f 1652 1660 1659
f 1652 1659 1653
f 1652 1780 1781
f 1653 1659 1654
f 1654 1659 1655
f 1656 1662 1783
f 1656 1783 1657
f 1657 1663 1658
f 1657 1783 1662
f 1657 1662 1663
f 1660 1784 1661
f 1660 1782 1784
f 1661 1784 1662
f 1662 1784 1663
f 1663 1784 1785
f 1663 1785 1786
f 1663 1786 1787
f 1663 1787 1788
f 1663 1788 1789
f 1663 1789 1790
f 1663 1790 1791
f 1663 1791 1668
f 1663 1668 1667
f 1663 1667 1664
f 1666 1668 1792
f 1666 1792 1680
f 1668 1791 1790
f 1668 1790 1793
f 1668 1793 1792
f 1669 1671 1673
f 1669 1673 1672
f 1670 1681 1794
f 1670 1794 1795
f 1670 1795 1796
f 1670 1796 1797
f 1670 1797 1798
f 1670 1798 1677
f 1670 1677 1799
f 1670 1799 1671
f 1671 1799 1673
f 1673 1799 1677
f 1674 1679 1800
f 1674 1800 1686
f 1677 1801 1678
f 1677 1798 1796
f 1677 1796 1801
f 1678 1801 1679
f 1679 1801 1802
f 1679 1802 1800
f 1680 1792 1803
f 1680 1803 1681
f 1681 1804 1794
f 1681 1803 1805
f 1681 1805 1806
f 1681 1806 1804
f 1682 1688 1807
f 1682 1807 1684
f 1684 1807 1808
f 1684 1808 1809
f 1684 1809 1810
f 1684 1810 1689
f 1685 1687 1811
f 1685 1811 1812
f 1685 1812 1813
f 1685 1813 1688
f 1686 1814 1815
f 1686 1815 1811
f 1686 1811 1687
f 1686 1800 1816
f 1686 1816 1817
f 1686 1817 1818
f 1686 1818 1819
f 1686 1819 1820
f 1686 1820 1821
f 1686 1821 1814
f 1688 1813 1807
f 1689 1822 1823
f 1689 1823 1824
f 1689 1824 1825
f 1689 1825 1693
f 1689 1693 1692
f 1689 1810 1826
f 1689 1826 1827
f 1689 1827 1822
f 1691 1828 1829
f 1691 1829 1830
f 1691 1830 1831
f 1691 1831 1694
f 1691 1693 1825
f 1691 1825 1828
f 1694 1831 1832
f 1694 1832 1695
f 1695 1832 1833
f 1695 1833 1834
f 1695 1834 1835
f 1695 1835 1698
f 1695 1698 1696
f 1697 1698 1836
f 1697 1836 1699
f 1698 1835 1837
f 1698 1837 1838
f 1698 1838 1836
f 1699 1836 1838
f 1699 1838 1839
f 1699 1839 1840
f 1699 1840 1701
f 1699 1701 1700
f 1701 1840 1841
f 1701 1841 1842
f 1701 1842 1843
f 1701 1843 1704
f 1701 1704 1702
f 1703 1704 1844
f 1703 1844 1705
f 1704 1845 1844
f 1704 1843 1842
f 1704 1842 1845
f 1705 1846 1708
f 1705 1708 1706
f 1705 1844 1846
f 1707 1708 1709
f 1708 1846 1847
f 1708 1847 1709
f 1709 1847 1848
f 1709 1848 1710
f 1710 1848 1711
f 1711 1848 1849
f 1711 1849 1715
f 1711 1715 1712
f 1713 1717 1850
f 1713 1850 1851
f 1713 1851 2017
f 1713 2017 1852
f 1713 1852 1853
f 1713 1853 1714
f 1714 1853 1718
f 1715 1849 1854
f 1715 1854 1716
f 1716 1854 1855
f 1716 1855 1856
f 1716 1856 1857
f 1716 1857 1858
f 1716 1858 1850
f 1716 1850 1717
f 1718 1853 1859
f 1718 1859 1860
f 1718 1860 1719
f 1719 1860 1720
f 1720 1860 1721
f 1721 1860 1861
f 1723 1862 1726
f 1723 1725 1863
f 1723 1863 1864
f 1723 1864 1862
f 1726 1862 1864
f 1726 1864 1865
f 1726 1865 1866
f 1726 1866 1867
f 1726 1867 1868
f 1726 1868 1869
f 1726 1869 1870
f 1726 1870 1871
f 1726 1871 1729
f 1726 1728 1727
f 1729 1871 1730
f 1730 1872 1873
f 1730 1873 1874
f 1730 1874 1875
f 1730 1875 1876
f 1730 1876 1731
f 1730 1871 1877
f 1730 1877 1878
f 1730 1878 1879
f 1730 1879 1872
f 1731 1876 1732
f 1732 1876 1880
f 1732 1880 1735
f 1733 1735 1881
f 1733 1881 1734
f 1734 1881 1882
f 1734 1882 1883
f 1734 1883 1884
f 1734 1884 1885
f 1734 1885 1886
f 1734 1886 1887
f 1734 1887 1736
f 1735 1880 1888
f 1735 1888 1889
f 1735 1889 1890
f 1735 1890 1881
f 1736 1887 1737
f 1737 1887 1886
f 1737 1886 1891
f 1737 1891 1892
f 1737 1892 1893
f 1737 1893 1894
f 1737 1894 1895
f 1737 1895 1746
f 1737 1746 1738
f 1738 1746 1739
f 1739 1746 1740
f 1741 1896 1897
f 1741 1897 1898
f 1741 1898 1742
f 1741 1747 1899
f 1741 1899 1896
f 1742 1898 1900
f 1742 1900 1743
f 1743 1900 1901
f 1743 1901 1748
f 1743 1748 1744
f 1744 1748 1745
f 1746 1895 1899
f 1746 1899 1747
f 1748 1901 1902
f 1748 1902 1903
f 1748 1903 1904
f 1748 1904 1749
f 1749 1904 1903
f 1749 1903 1905
f 1749 1905 1750
f 1750 1905 1753
f 1750 1753 1751
f 1752 1754 1755
f 1753 1905 1906
f 1753 1906 1907
f 1753 1907 1908
f 1753 1908 1775
f 1753 1775 1754
f 1754 1775 1755
f 1755 1775 1756
f 1759 1909 1910
f 1759 1760 1909
f 1760 1764 1911
f 1760 1911 1912
f 1760 1912 1913
f 1760 1913 1909
f 1761 1914 1769
f 1762 1765 1763
f 1763 1915 1916
f 1763 1916 1911
f 1763 1911 1764
f 1763 1765 1917
f 1763 1917 1915
f 1765 1918 1917
f 1765 1766 1919
f 1765 1919 1918
f 1766 1767 1920
f 1766 1920 1921
f 1766 1921 1919
f 1767 1768 1922
f 1767 1922 1920
f 1768 1770 1923
f 1768 1923 1922
f 1769 1914 1924
f 1769 1924 1925
f 1769 1925 1770
f 1770 1925 1926
f 1770 1926 1927
f 1770 1927 1928
f 1770 1928 1923
f 1772 1775 1773
f 1773 1775 1908
f 1773 1908 1929
f 1773 1929 1930
f 1773 1930 1931
f 1773 1931 1776
f 1776 1931 1932
f 1776 1932 1777
f 1777 1932 1933
f 1777 1933 1778
f 1778 1934 1779
f 1778 1933 1935
f 1778 1935 1934
f 1779 1934 1935
f 1779 1935 1936
f 1779 1936 1937
f 1779 1937 1938
f 1779 1938 1781
f 1779 1781 1780
f 1781 1939 1940
f 1781 1940 1941
f 1781 1941 1782
f 1781 1938 1939
f 1782 1941 1942
f 1782 1942 1943
f 1782 1943 1944
f 1782 1944 1784
f 1784 1944 1943
f 1784 1943 1945
f 1784 1945 2131
f 1784 2131 1946
f 1784 1946 1785
f 1785 1946 1947
f 1785 1947 1787
f 1785 1787 1786
f 1787 1947 1948
f 1787 1948 1949
f 1787 1949 1788
f 1788 1949 1789
f 1789 1950 1790
f 1789 1949 1951
f 1789 1951 1952
f 1789 1952 1953
f 1789 1953 1950
f 1790 1950 1793
f 1792 1793 1950
f 1792 1950 1954
f 1792 1954 1955
f 1792 1955 1803
f 1794 1804 1806
f 1794 1806 1956
f 1794 1956 1957
f 1794 1957 1796
f 1794 1796 1795
f 1796 1798 1797
f 1796 1957 1958
f 1796 1958 1801
f 1800 1802 1816
f 1801 1959 1802
f 1801 1958 1960
f 1801 1960 1959
f 1802 1961 1962
f 1802 1962 1817
f 1802 1817 1816
f 1802 1959 1963
f 1802 1963 1964
f 1802 1964 1961
f 1803 1955 1805
f 1805 1955 1965
f 1805 1965 1966
f 1805 1966 1806
f 1806 1966 1967
f 1806 1967 1956
f 1807 1813 1968
f 1807 1968 1809
f 1807 1809 1808
f 1809 1968 1969
f 1809 1969 1970
f 1809 1970 1810
f 1810 1970 1971
f 1810 1971 1972
f 1810 1972 1973
f 1810 1973 1827
f 1810 1827 1826
f 1811 1815 1812
f 1812 1815 1974
f 1812 1974 1813
f 1813 1974 1975
f 1813 1975 1976
f 1813 1976 1968
f 1814 1821 1977
f 1814 1977 1978
f 1814 1978 1974
f 1814 1974 1815
f 1817 1962 1979
f 1817 1979 1980
f 1817 1980 1981
f 1817 1981 1982
f 1817 1982 1818
f 1818 1982 1983
f 1818 1983 1984
f 1818 1984 1819
f 1819 1984 1985
f 1819 1985 1986
f 1819 1986 1987
f 1819 1987 1821
f 1819 1821 1820
f 1821 1987 1988
f 1821 1988 1989
f 1821 1989 1978
f 1821 1978 1977
f 1822 1990 1823
f 1822 1827 1991
f 1822 1991 1990
f 1823 1990 1824
f 1824 1829 1828
f 1824 1828 1825
f 1824 1990 1829
f 1827 1973 1992
f 1827 1992 1991
f 1829 1990 1830
f 1830 1832 1831
f 1830 1990 1991
f 1830 1991 1993
f 1830 1993 1832
f 1832 1993 1994
f 1832 1994 1995
f 1832 1995 1833
f 1833 1996 1997
f 1833 1997 1834
f 1833 1995 1996
f 1834 1837 1835
f 1834 1997 1998
f 1834 1998 1837
f 1837 1999 2000
f 1837 2000 2001
f 1837 2001 1838
f 1837 1998 2002
f 1837 2002 2003
f 1837 2003 1999
f 1838 2001 1839
f 1839 2001 1840
f 1840 2001 2000
f 1840 2000 1841
f 1841 2004 2005
f 1841 2005 2006
f 1841 2006 1842
f 1841 2000 2007
f 1841 2007 2004
f 1842 2006 2008
f 1842 2008 1845
f 1844 2009 1847
f 1844 1847 1846
f 1844 1845 2009
f 1845 2008 2010
f 1845 2010 2011
f 1845 2011 2012
f 1845 2012 2013
f 1845 2013 2014
f 1845 2014 2009
f 1847 2009 2015
f 1847 2015 1848
f 1848 2015 1849
f 1849 2015 2016
f 1849 2016 1854
f 1850 2017 1851
f 1850 1858 2018
f 1850 2018 2019
f 1850 2019 2017
f 1852 2017 1853
f 1853 2020 1859
f 1853 2017 2021
f 1853 2021 2020
f 1854 2016 2022
f 1854 2022 1855
f 1855 2022 2023
f 1855 2023 2024
f 1855 2024 2025
f 1855 2025 1856
f 1856 2025 2210
f 1856 2210 2211
f 1856 2211 2026
f 1856 2026 1857
f 1857 2018 1858
f 1857 2026 2027
f 1857 2027 2018
f 1859 2028 2029
f 1859 2029 1860
f 1859 2020 2028
f 1860 2029 1861
f 1863 2030 2031
f 1863 2031 2032
f 1863 2032 2033
f 1863 2033 2034
f 1863 2034 2035
f 1863 2035 2036
f 1863 2036 1864
f 1864 2036 2037
f 1864 2037 2038
f 1864 2038 2039
f 1864 2039 2040
f 1864 2040 1865
f 1865 2040 2041
f 1865 2041 1866
f 1866 2041 2042
f 1866 2042 2043
f 1866 2043 2044
f 1866 2044 2045
f 1866 2045 1867
f 1867 2045 2046
f 1867 2046 1879
f 1867 1879 1869
f 1867 1869 1868
f 1869 1879 1870
f 1870 1879 1877
f 1870 1877 2047
f 1870 2047 1871
f 1871 2047 1877
f 1872 1879 2048
f 1872 2048 2049
f 1872 2049 2050
f 1872 2050 1873
f 1873 2050 2051
f 1873 2051 2052
f 1873 2052 2053
f 1873 2053 1875
f 1873 1875 1874
f 1875 2053 1889
f 1875 1889 1888
f 1875 1888 1876
f 1876 1888 1880
f 1877 1879 1878
f 1879 2046 2048
f 1881 1890 1889
f 1881 1889 1882
f 1882 2054 1883
f 1882 1889 2054
f 1883 2054 2055
f 1883 2055 2056
f 1883 2056 2057
f 1883 2057 2058
f 1883 2058 2059
f 1883 2059 1885
f 1883 1885 1884
f 1885 2059 2060
f 1885 2060 2061
f 1885 2061 1891
f 1885 1891 1886
f 1889 2062 2054
f 1889 2053 2062
f 1891 2061 2063
f 1891 2063 2064
f 1891 2064 1892
f 1892 2064 1893
f 1893 2064 1894
f 1894 2064 2065
f 1894 2065 1895
f 1895 2065 1896
f 1895 1896 1899
f 1896 2065 2066
f 1896 2066 1897
f 1897 2066 2067
f 1897 2067 2068
f 1897 2068 2069
f 1897 2069 2070
f 1897 2070 2071
f 1897 2071 2072
f 1897 2072 2073
f 1897 2073 2074
f 1897 2074 1898
f 1898 2074 1900
f 1900 2074 2075
f 1900 2075 2076
f 1900 2076 2077
f 1900 2077 1901
f 1901 2077 1902
f 1902 2077 2078
f 1902 2078 2079
f 1902 2079 1903
f 1903 2079 1905
f 1905 2079 1906
f 1906 2079 2080
f 1906 2080 1929
f 1906 1929 1908
f 1906 1908 1907
f 1909 1913 1910
f 1911 1916 2081
f 1911 2081 1912
f 1912 2081 2082
f 1912 2082 1913
f 1913 2082 2083
f 1915 2084 2085
f 1915 2085 2086
f 1915 2086 2081
f 1915 2081 1916
f 1915 1917 2087
f 1915 2087 2088
f 1915 2088 2089
f 1915 2089 2084
f 1917 1918 2090
f 1917 2090 2087
f 1918 1919 2090
f 1919 2091 2090
f 1919 1921 2092
f 1919 2092 2091
f 1920 1922 2093
f 1920 2093 2094
f 1920 2094 2095
f 1920 2095 1921
f 1921 2095 2096
f 1921 2096 2097
f 1921 2097 2098
f 1921 2098 2092
f 1922 1923 2099
f 1922 2099 2100
f 1922 2100 2093
f 1923 1928 2101
f 1923 2101 2102
f 1923 2102 2103
f 1923 2103 2099
f 1924 2104 1925
f 1925 2104 1926
f 1926 2105 1927
f 1926 2106 2107
f 1926 2107 2105
f 1927 2105 2107
f 1927 2107 2101
f 1927 2101 1928
f 1929 2080 2108
f 1929 2108 1931
f 1929 1931 1930
f 1931 2109 1933
f 1931 1933 1932
f 1931 2108 2110
f 1931 2110 2109
f 1933 2109 2110
f 1933 2110 2111
f 1933 2111 2112
f 1933 2112 1935
f 1935 2112 2113
f 1935 2113 2114
f 1935 2114 2115
f 1935 2115 2116
f 1935 2116 2117
f 1935 2117 1937
f 1935 1937 1936
f 1937 2118 2119
f 1937 2119 1938
f 1937 2117 2120
f 1937 2120 2118
f 1938 2119 1939
f 1939 2121 2122
f 1939 2122 1940
f 1939 2119 2121
f 1940 2122 2123
f 1940 2123 2124
f 1940 2124 2125
f 1940 2125 1941
f 1941 2125 2126
f 1941 2126 2127
f 1941 2127 1942
f 1942 2127 1943
f 1943 2127 2128
f 1943 2128 2129
f 1943 2129 1945
f 1945 2129 2130
f 1945 2130 2131
f 1946 2131 1947
f 1947 2131 2130
f 1947 2130 2132
f 1947 2132 1948
f 1948 2132 1949
f 1949 2133 2320
f 1949 2320 2134
f 1949 2134 1952
f 1949 1952 1951
f 1949 2132 2133
f 1950 1953 2135
f 1950 2135 1954
f 1952 2134 2136
f 1952 2136 2137
f 1952 2137 1953
f 1953 2137 2135
f 1954 2135 2138
f 1954 2138 2139
f 1954 2139 2140
f 1954 2140 1965
f 1954 1965 1955
f 1956 2141 1957
f 1956 1967 2141
f 1957 2142 1963
f 1957 1963 1958
f 1957 2141 2143
f 1957 2143 2142
f 1958 1963 2144
f 1958 2144 1960
f 1959 1960 1963
f 1960 2144 1963
f 1961 2145 1979
f 1961 1979 1962
f 1961 1964 2148
f 1961 2148 2145
f 1963 2142 2146
f 1963 2146 2329
f 1963 2329 2147
f 1963 2147 1964
f 1964 2147 2329
f 1964 2329 2148
f 1965 2140 2149
f 1965 2149 1966
f 1966 2149 2150
f 1966 2150 2151
f 1966 2151 2152
f 1966 2152 2143
f 1966 2143 1967
f 1967 2143 2141
f 1968 1976 1969
f 1969 1976 2153
f 1969 2153 2154
f 1969 2154 1971
f 1969 1971 1970
f 1971 2154 2155
f 1971 2155 2156
f 1971 2156 2157
f 1971 2157 1972
f 1972 2157 2158
f 1972 2158 1973
f 1973 2158 1992
f 1974 1978 2159
f 1974 2159 1975
f 1975 2159 2160
f 1975 2160 2161
f 1975 2161 2153
f 1975 2153 1976
f 1978 1989 2162
f 1978 2162 2163
f 1978 2163 2159
f 1979 2145 2148
f 1979 2148 2164
f 1979 2164 2165
f 1979 2165 1981
f 1979 1981 1980
f 1981 1983 1982
f 1981 2165 2166
f 1981 2166 2167
f 1981 2167 2168
f 1981 2168 1983
f 1983 2168 2169
f 1983 2169 1984
f 1984 2169 2170
f 1984 2170 1985
f 1985 2170 2171
f 1985 2171 2172
f 1985 2172 2173
f 1985 2173 2174
f 1985 2174 2175
f 1985 2175 1988
f 1985 1988 1987
f 1985 1987 1986
f 1988 2176 1989
f 1988 2175 2176
f 1989 2176 2163
f 1989 2163 2162
f 1991 1992 1993
f 1992 2158 1993
f 1993 2158 2156
f 1993 2156 2177
f 1993 2177 2178
f 1993 2178 2179
f 1993 2179 1995
f 1993 1995 1994
f 1995 2179 1996
f 1996 1998 1997
f 1996 2179 2180
f 1996 2180 2181
f 1996 2181 1998
f 1998 2181 2182
f 1998 2182 2002
f 1999 2003 2183
f 1999 2183 2007
f 1999 2007 2000
f 2002 2182 2003
f 2003 2182 2184
f 2003 2184 2183
f 2004 2185 2005
f 2004 2007 2186
f 2004 2186 2187
f 2004 2187 2185
f 2005 2185 2191
f 2005 2191 2008
f 2005 2008 2006
f 2007 2183 2184
f 2007 2184 2188
f 2007 2188 2189
f 2007 2189 2186
f 2008 2190 2011
f 2008 2011 2010
f 2008 2191 2192
f 2008 2192 2190
f 2009 2014 2015
f 2011 2190 2193
f 2011 2193 2012
f 2012 2193 2190
f 2012 2190 2194
f 2012 2194 2195
f 2012 2195 2013
f 2013 2195 2014
f 2014 2016 2015
f 2014 2195 2016
f 2016 2195 2022
f 2017 2019 2196
f 2017 2196 2197
f 2017 2197 2198
f 2017 2198 2199
f 2017 2199 2021
f 2018 2027 2200
f 2018 2200 2201
f 2018 2201 2202
f 2018 2202 2203
f 2018 2203 2019
f 2019 2203 2196
f 2020 2199 2028
f 2020 2021 2199
f 2022 2195 2204
f 2022 2204 2023
f 2023 2204 2205
f 2023 2205 2206
f 2023 2206 2207
f 2023 2207 2208
f 2023 2208 2209
f 2023 2209 2024
f 2024 2210 2025
f 2024 2209 2210
f 2026 2211 2027
f 2027 2211 2212
f 2027 2212 2200
f 2028 2199 2213
f 2028 2213 2029
f 2030 2214 2215
f 2030 2215 2216
f 2030 2216 2031
f 2031 2216 2032
f 2032 2216 2215
f 2032 2215 2217
f 2032 2217 2389
f 2032 2389 2218
f 2032 2218 2034
f 2032 2034 2033
f 2034 2218 2219
f 2034 2219 2220
f 2034 2220 2036
f 2034 2036 2035
f 2036 2220 2221
f 2036 2221 2038
f 2036 2038 2037
f 2038 2221 2222
f 2038 2222 2039
f 2039 2223 2040
f 2039 2222 2223
f 2040 2223 2041
f 2041 2223 2224
f 2041 2224 2225
f 2041 2225 2226
f 2041 2226 2042
f 2042 2226 2227
f 2042 2227 2228
f 2042 2228 2043
f 2043 2228 2229
f 2043 2229 2230
f 2043 2230 2044
f 2044 2230 2231
f 2044 2231 2046
f 2044 2046 2045
f 2046 2231 2048
f 2048 2231 2049
f 2049 2230 2232
f 2049 2232 2050
f 2049 2231 2230
f 2050 2232 2233
f 2050 2233 2051
f 2051 2233 2234
f 2051 2234 2235
f 2051 2235 2236
f 2051 2236 2052
f 2052 2236 2053
f 2053 2236 2062
f 2054 2062 2236
f 2054 2236 2055
f 2055 2237 2056
f 2055 2236 2235
f 2055 2235 2234
f 2055 2234 2237
f 2056 2238 2057
f 2056 2237 2239
f 2056 2239 2240
f 2056 2240 2238
f 2057 2238 2241
f 2057 2241 2242
f 2057 2242 2058
f 2058 2242 2061
f 2058 2061 2060
f 2058 2060 2059
f 2061 2242 2243
f 2061 2243 2244
f 2061 2244 2063
f 2063 2244 2245
f 2063 2245 2246
f 2063 2246 2247
f 2063 2247 2248
f 2063 2248 2064
f 2064 2248 2249
f 2064 2249 2250
f 2064 2250 2251
f 2064 2251 2065
f 2065 2251 2067
f 2065 2067 2066
f 2067 2251 2250
f 2067 2250 2252
f 2067 2252 2068
f 2068 2070 2069
f 2068 2252 2253
f 2068 2253 2254
f 2068 2254 2255
f 2068 2255 2256
f 2068 2256 2257
f 2068 2257 2070
f 2070 2258 2259
f 2070 2259 2260
f 2070 2260 2261
f 2070 2261 2071
f 2070 2257 2258
f 2071 2261 2262
f 2071 2262 2072
f 2072 2075 2074
f 2072 2074 2073
f 2072 2262 2263
f 2072 2263 2075
f 2075 2078 2076
f 2075 2263 2264
f 2075 2264 2078
f 2076 2078 2077
f 2078 2265 2079
f 2078 2264 2265
f 2079 2265 2080
f 2080 2265 2108
f 2081 2086 2083
f 2081 2083 2082
f 2083 2086 2267
f 2083 2267 2266
f 2084 2089 2268
f 2084 2268 2269
f 2084 2269 2270
f 2084 2270 2271
f 2084 2271 2085
f 2085 2271 2272
f 2085 2272 2451
f 2085 2451 2273
f 2085 2273 2267
f 2085 2267 2086
f 2087 2090 2088
f 2088 2090 2274
f 2088 2274 2275
f 2088 2275 2089
f 2089 2275 2276
f 2089 2276 2268
f 2090 2091 2275
f 2090 2275 2274
f 2091 2277 2275
f 2091 2092 2098
f 2091 2098 2278
f 2091 2278 2279
f 2091 2279 2277
f 2093 2100 2280
f 2093 2280 2094
f 2094 2280 2281
f 2094 2281 2282
f 2094 2282 2095
f 2095 2282 2096
f 2096 2282 2281
f 2096 2281 2283
f 2096 2283 2097
f 2097 2283 2284
f 2097 2284 2285
f 2097 2285 2098
f 2098 2285 2278
f 2099 2103 2286
f 2099 2286 2100
f 2100 2286 2287
f 2100 2287 2288
f 2100 2288 2289
f 2100 2289 2280
f 2101 2107 2290
f 2101 2290 2291
f 2101 2291 2292
f 2101 2292 2102
f 2102 2293 2103
f 2102 2292 2293
f 2103 2293 2294
f 2103 2294 2286
f 2106 2295 2107
f 2107 2295 2290
f 2108 2265 2264
f 2108 2264 2296
f 2108 2296 2110
f 2110 2296 2263
f 2110 2263 2297
f 2110 2297 2111
f 2111 2297 2112
f 2112 2297 2298
f 2112 2298 2113
f 2113 2298 2114
f 2114 2298 2299
f 2114 2299 2300
f 2114 2300 2115
f 2115 2300 2301
f 2115 2301 2302
f 2115 2302 2116
f 2116 2120 2117
f 2116 2302 2120
f 2118 2120 2303
f 2118 2303 2304
f 2118 2304 2119
f 2119 2305 2121
f 2119 2304 2306
f 2119 2306 2305
f 2120 2302 2307
f 2120 2307 2303
f 2121 2308 2123
f 2121 2123 2122
f 2121 2305 2308
f 2123 2308 2309
f 2123 2309 2310
f 2123 2310 2311
f 2123 2311 2312
f 2123 2312 2124
f 2124 2312 2313
f 2124 2313 2125
f 2125 2313 2126
f 2126 2313 2127
f 2127 2314 2315
f 2127 2315 2316
f 2127 2316 2128
f 2127 2313 2314
f 2128 2316 2317
f 2128 2317 2318
f 2128 2318 2129
f 2129 2318 2319
f 2129 2319 2130
f 2130 2319 2132
f 2132 2319 2320
f 2132 2320 2133
f 2134 2320 2136
f 2135 2137 2321
f 2135 2321 2138
f 2136 2320 2322
f 2136 2322 2323
f 2136 2323 2324
f 2136 2324 2137
f 2137 2324 2321
f 2138 2321 2139
f 2139 2321 2325
f 2139 2325 2326
f 2139 2326 2327
f 2139 2327 2140
f 2140 2150 2149
f 2140 2327 2328
f 2140 2328 2150
f 2142 2143 2329
f 2142 2329 2146
f 2143 2152 2329
f 2148 2329 2330
f 2148 2330 2331
f 2148 2331 2332
f 2148 2332 2164
f 2150 2328 2151
f 2151 2328 2333
f 2151 2333 2334
f 2151 2334 2330
f 2151 2330 2329
f 2151 2329 2152
f 2153 2161 2160
f 2153 2160 2154
f 2154 2160 2335
f 2154 2335 2155
f 2155 2335 2336
f 2155 2336 2337
f 2155 2337 2156
f 2156 2337 2336
f 2156 2336 2177
f 2156 2158 2157
f 2159 2163 2160
f 2160 2163 2338
f 2160 2338 2339
f 2160 2339 2340
f 2160 2340 2336
f 2160 2336 2335
f 2163 2176 2341
f 2163 2341 2338
f 2164 2166 2165
f 2164 2332 2342
f 2164 2342 2166
f 2166 2342 2343
f 2166 2343 2344
f 2166 2344 2167
f 2167 2344 2345
f 2167 2345 2346
f 2167 2346 2347
f 2167 2347 2168
f 2168 2347 2348
f 2168 2348 2169
f 2169 2172 2171
f 2169 2171 2170
f 2169 2348 2349
f 2169 2349 2172
f 2172 2349 2350
f 2172 2350 2173
f 2173 2350 2351
f 2173 2351 2352
f 2173 2352 2174
f 2174 2352 2353
f 2174 2353 2354
f 2174 2354 2175
f 2175 2354 2176
f 2176 2354 2341
f 2177 2336 2355
f 2177 2355 2356
f 2177 2356 2357
f 2177 2357 2358
f 2177 2358 2359
f 2177 2359 2360
f 2177 2360 2178
f 2178 2360 2361
f 2178 2361 2362
f 2178 2362 2179
f 2179 2362 2180
f 2180 2362 2363
f 2180 2363 2364
f 2180 2364 2365
f 2180 2365 2366
f 2180 2366 2182
f 2180 2182 2181
f 2182 2366 2184
f 2184 2366 2365
f 2184 2365 2367
f 2184 2367 2188
f 2185 2368 2192
f 2185 2192 2191
f 2185 2187 2369
f 2185 2369 2368
f 2186 2189 2187
f 2187 2189 2370
f 2187 2370 2371
f 2187 2371 2372
f 2187 2372 2369
f 2188 2367 2373
f 2188 2373 2189
f 2189 2373 2370
f 2190 2192 2194
f 2192 2206 2205
f 2192 2205 2204
f 2192 2204 2194
f 2192 2368 2374
f 2192 2374 2206
f 2194 2204 2195
f 2196 2203 2202
f 2196 2375 2197
f 2197 2375 2198
f 2198 2376 2377
f 2198 2377 2199
f 2198 2375 2376
f 2199 2377 2213
f 2200 2378 2201
f 2200 2212 2379
f 2201 2378 2202
f 2206 2374 2207
f 2207 2380 2208
f 2207 2374 2380
f 2208 2380 2381
f 2208 2381 2382
f 2208 2382 2209
f 2209 2382 2383
f 2209 2383 2210
f 2210 2383 2211
f 2211 2384 2212
f 2211 2383 2385
f 2211 2385 2384
f 2212 2384 2386
f 2212 2386 2379
f 2214 2387 2217
f 2214 2217 2215
f 2217 2387 2388
f 2217 2388 2389
f 2218 2390 2219
f 2218 2389 2390
f 2219 2390 2391
f 2219 2391 2220
f 2220 2391 2392
f 2220 2392 2393
f 2220 2393 2394
f 2220 2394 2395
f 2220 2395 2221
f 2221 2396 2397
f 2221 2397 2222
f 2221 2395 2396
f 2222 2397 2398
f 2222 2398 2223
f 2223 2398 2224
f 2224 2399 2401
f 2224 2401 2225
f 2224 2398 2400
f 2224 2400 2399
f 2225 2401 2402
f 2225 2402 2226
f 2226 2402 2227
f 2227 2403 2404
f 2227 2404 2405
f 2227 2405 2228
f 2227 2402 2406
f 2227 2406 2407
f 2227 2407 2408
f 2227 2408 2403
f 2228 2405 2229
f 2229 2405 2409
f 2229 2409 2230
f 2230 2409 2232
f 2232 2409 2233
f 2233 2409 2410
f 2233 2410 2411
f 2233 2411 2234
f 2234 2411 2412
f 2234 2412 2237
f 2237 2412 2239
f 2238 2240 2239
f 2238 2239 2413
f 2238 2413 2241
f 2239 2412 2411
f 2239 2411 2414
f 2239 2414 2413
f 2241 2415 2243
f 2241 2243 2242
f 2241 2413 2416
f 2241 2416 2415
f 2243 2415 2244
f 2244 2417 2245
f 2244 2415 2417
f 2245 2418 2419
f 2245 2419 2246
f 2245 2417 2420
f 2245 2420 2418
f 2246 2419 2247
f 2247 2419 2421
f 2247 2421 2248
f 2248 2421 2249
f 2249 2421 2422
f 2249 2422 2250
f 2250 2422 2252
f 2252 2422 2253
f 2253 2255 2254
f 2253 2422 2423
f 2253 2423 2424
f 2253 2424 2425
f 2253 2425 2426
f 2253 2426 2427
f 2253 2427 2256
f 2253 2256 2255
f 2256 2427 2428
f 2256 2428 2429
f 2256 2429 2430
f 2256 2430 2257
f 2257 2430 2431
f 2257 2431 2258
f 2258 2431 2432
f 2258 2432 2259
f 2259 2432 2260
f 2260 2432 2433
f 2260 2433 2434
f 2260 2434 2261
f 2261 2434 2435
f 2261 2435 2436
f 2261 2436 2262
f 2262 2436 2263
f 2263 2436 2297
f 2263 2296 2264
f 2266 2267 2437
f 2267 2273 2438
f 2267 2438 2437
f 2268 2276 2439
f 2268 2439 2269
f 2269 2439 2440
f 2269 2440 2441
f 2269 2441 2442
f 2269 2442 2443
f 2269 2443 2270
f 2270 2444 2271
f 2270 2443 2445
f 2270 2445 2446
f 2270 2446 2447
f 2270 2447 2444
f 2271 2448 2272
f 2271 2444 2449
f 2271 2449 2450
f 2271 2450 2448
f 2272 2448 2451
f 2273 2451 2452
f 2273 2452 2438
f 2275 2277 2276
f 2276 2277 2453
f 2276 2453 2439
f 2277 2279 2278
f 2277 2278 2454
f 2277 2454 2453
f 2278 2285 2460
f 2278 2460 2455
f 2278 2455 2454
f 2280 2289 2456
f 2280 2456 2281
f 2281 2456 2457
f 2281 2457 2283
f 2283 2457 2458
f 2283 2458 2284
f 2284 2459 2460
f 2284 2460 2285
f 2284 2458 2461
f 2284 2461 2459
f 2286 2294 2462
f 2286 2462 2463
f 2286 2463 2287
f 2287 2463 2288
f 2288 2463 2464
f 2288 2464 2617
f 2288 2617 2456
f 2288 2456 2289
f 2290 2295 2466
f 2290 2466 2291
f 2291 2465 2292
f 2291 2466 2467
f 2291 2467 2468
f 2291 2468 2469
f 2291 2469 2465
f 2292 2465 2470
f 2292 2470 2293
f 2293 2470 2294
f 2294 2470 2471
f 2294 2471 2472
f 2294 2472 2473
f 2294 2473 2462
f 2297 2474 2298
f 2297 2436 2474
f 2298 2474 2299
f 2299 2475 2476
f 2299 2476 2300
f 2299 2474 2436
f 2299 2436 2435
f 2299 2435 2434
f 2299 2434 2475
f 2300 2477 2302
f 2300 2302 2301
f 2300 2476 2433
f 2300 2433 2477
f 2302 2477 2431
f 2302 2431 2478
f 2302 2478 2307
f 2303 2479 2480
f 2303 2480 2304
f 2303 2307 2478
f 2303 2478 2481
f 2303 2481 2479
f 2304 2480 2306
f 2305 2482 2483
f 2305 2483 2308
f 2305 2306 2482
f 2306 2480 2484
f 2306 2484 2482
f 2308 2485 2309
f 2308 2483 2482
f 2308 2482 2485
f 2309 2485 2311
f 2309 2311 2310
f 2311 2486 2487
f 2311 2487 2488
f 2311 2488 2489
f 2311 2489 2312
f 2311 2485 2486
f 2312 2489 2314
f 2312 2314 2313
f 2314 2490 2315
f 2314 2489 2490
f 2315 2490 2491
f 2315 2491 2492
f 2315 2492 2493
f 2315 2493 2316
f 2316 2493 2323
f 2316 2323 2494
f 2316 2494 2317
f 2317 2494 2322
f 2317 2322 2319
f 2317 2319 2318
f 2319 2322 2320
f 2321 2324 2495
f 2321 2495 2325
f 2322 2494 2323
f 2323 2493 2492
f 2323 2492 2496
f 2323 2496 2324
f 2324 2496 2495
f 2325 2495 2326
f 2326 2495 2497
f 2326 2497 2498
f 2326 2498 2499
f 2326 2499 2327
f 2327 2499 2328
f 2328 2499 2500
f 2328 2500 2501
f 2328 2501 2333
f 2330 2334 2502
f 2330 2502 2331
f 2331 2502 2332
f 2332 2343 2342
f 2332 2502 2343
f 2333 2501 2503
f 2333 2503 2334
f 2334 2503 2504
f 2334 2504 2502
f 2336 2340 2505
f 2336 2505 2506
f 2336 2506 2355
f 2338 2341 2353
f 2338 2353 2507
f 2338 2507 2508
f 2338 2508 2505
f 2338 2505 2340
f 2338 2340 2339
f 2341 2354 2353
f 2343 2509 2510
f 2343 2510 2511
f 2343 2511 2345
f 2343 2345 2344
f 2343 2502 2512
f 2343 2512 2509
f 2345 2511 2346
f 2346 2513 2349
f 2346 2349 2347
f 2346 2511 2514
f 2346 2514 2515
f 2346 2515 2516
f 2346 2516 2513
f 2347 2349 2348
f 2349 2513 2516
f 2349 2516 2517
f 2349 2517 2350
f 2350 2517 2518
f 2350 2518 2519
f 2350 2519 2520
f 2350 2520 2351
f 2351 2521 2522
f 2351 2522 2352
f 2351 2520 2521
f 2352 2522 2507
f 2352 2507 2353
f 2355 2506 2356
f 2356 2506 2523
f 2356 2523 2524
f 2356 2524 2357
f 2357 2524 2358
f 2358 2524 2525
f 2358 2525 2359
f 2359 2526 2527
f 2359 2527 2528
f 2359 2528 2360
f 2359 2525 2529
f 2359 2529 2526
f 2360 2528 2361
f 2361 2530 2362
f 2361 2528 2531
f 2361 2531 2530
f 2362 2530 2363
f 2363 2530 2532
f 2363 2532 2364
f 2364 2532 2367
f 2364 2367 2365
f 2367 2533 2373
f 2367 2532 2533
f 2368 2369 2374
f 2369 2372 2374
f 2370 2373 2534
f 2370 2534 2372
f 2370 2372 2371
f 2372 2534 2535
f 2372 2535 2536
f 2372 2536 2537
f 2372 2537 2538
f 2372 2538 2374
f 2373 2533 2539
f 2373 2539 2534
f 2374 2538 2540
f 2374 2540 2541
f 2374 2541 2542
f 2374 2542 2380
f 2380 2542 2543
f 2380 2543 2381
f 2381 2544 2383
f 2381 2383 2382
f 2381 2543 2544
f 2383 2544 2385
f 2384 2385 2545
f 2384 2545 2546
f 2384 2546 2386
f 2385 2544 2547
f 2385 2547 2545
f 2387 2548 2708
f 2387 2708 2549
f 2387 2549 2388
f 2388 2549 2389
f 2389 2549 2708
f 2389 2708 2550
f 2389 2550 2391
f 2389 2391 2390
f 2391 2550 2551
f 2391 2551 2552
f 2391 2552 2553
f 2391 2553 2392
f 2392 2553 2554
f 2392 2554 2555
f 2392 2555 2556
f 2392 2556 2393
f 2393 2556 2557
f 2393 2557 2394
f 2394 2557 2558
f 2394 2558 2559
f 2394 2559 2395
f 2395 2559 2560
f 2395 2560 2396
f 2396 2560 2397
f 2397 2561 2398
f 2397 2560 2561
f 2398 2561 2562
f 2398 2562 2563
f 2398 2563 2564
f 2398 2564 2400
f 2399 2400 2565
f 2399 2565 2401
f 2400 2564 2565
f 2401 2565 2566
f 2401 2566 2402
f 2402 2566 2406
f 2403 2567 2568
f 2403 2568 2569
f 2403 2569 2404
f 2403 2408 2567
f 2404 2569 2570
f 2404 2570 2405
f 2405 2570 2571
f 2405 2571 2572
f 2405 2572 2409
f 2406 2573 2407
f 2406 2566 2574
f 2406 2574 2575
f 2406 2575 2576
f 2406 2576 2577
f 2406 2577 2578
f 2406 2578 2573
f 2407 2573 2408
f 2408 2573 2579
f 2408 2579 2580
f 2408 2580 2567
f 2409 2572 2414
f 2409 2414 2411
f 2409 2411 2410
f 2413 2414 2572
f 2413 2572 2571
f 2413 2571 2416
f 2415 2416 2581
f 2415 2581 2582
f 2415 2582 2417
f 2416 2583 2581
f 2416 2571 2583
f 2417 2584 2585
f 2417 2585 2420
f 2417 2582 2581
f 2417 2581 2584
f 2418 2420 2585
f 2418 2585 2586
f 2418 2586 2587
f 2418 2587 2588
f 2418 2588 2589
f 2418 2589 2419
f 2419 2590 2591
f 2419 2591 2592
f 2419 2592 2421
f 2419 2589 2588
f 2419 2588 2590
f 2421 2592 2593
f 2421 2593 2594
f 2421 2594 2595
f 2421 2595 2423
f 2421 2423 2422
f 2423 2595 2594
f 2423 2594 2596
f 2423 2596 2424
f 2424 2596 2597
f 2424 2597 2425
f 2425 2428 2427
f 2425 2427 2426
f 2425 2597 2598
f 2425 2598 2599
f 2425 2599 2428
f 2428 2599 2600
f 2428 2600 2429
f 2429 2600 2431
f 2429 2431 2430
f 2431 2600 2601
f 2431 2601 2602
f 2431 2602 2478
f 2431 2477 2432
f 2432 2477 2433
f 2433 2476 2434
f 2434 2476 2475
f 2439 2453 2603
f 2439 2603 2604
f 2439 2604 2440
f 2440 2604 2441
f 2441 2604 2605
f 2441 2605 2606
f 2441 2606 2442
f 2442 2606 2443
f 2443 2606 2445
f 2444 2447 2449
f 2445 2606 2446
f 2446 2606 2447
f 2447 2606 2607
f 2447 2607 2608
f 2447 2608 2450
f 2447 2450 2449
f 2448 2609 2610
f 2448 2610 2451
f 2448 2450 2609
f 2450 2611 2609
f 2450 2608 2611
f 2451 2610 2765
f 2451 2765 2612
f 2451 2612 2613
f 2451 2613 2452
f 2453 2454 2460
f 2453 2460 2614
f 2453 2614 2615
f 2453 2615 2616
f 2453 2616 2603
f 2454 2455 2460
f 2456 2617 2618
f 2456 2618 2457
f 2457 2618 2619
f 2457 2619 2458
f 2458 2619 2620
f 2458 2620 2621
f 2458 2621 2622
f 2458 2622 2461
f 2459 2623 2460
f 2459 2461 2624
f 2459 2624 2623
f 2460 2623 2614
f 2461 2622 2625
f 2461 2625 2626
f 2461 2626 2627
f 2461 2627 2628
f 2461 2628 2624
f 2462 2473 2629
f 2462 2629 2463
f 2463 2629 2464
f 2464 2629 2473
f 2464 2473 2630
f 2464 2630 2631
f 2464 2631 2617
f 2465 2632 2637
f 2465 2637 2471
f 2465 2471 2470
f 2465 2469 2633
f 2465 2633 2632
f 2468 2634 2635
f 2468 2635 2469
f 2469 2635 2636
f 2469 2636 2633
f 2471 2637 2473
f 2471 2473 2472
f 2473 2637 2630
f 2478 2601 2638
f 2478 2638 2481
f 2478 2602 2601
f 2479 2639 2640
f 2479 2640 2484
f 2479 2484 2480
f 2479 2481 2638
f 2479 2638 2641
f 2479 2641 2639
f 2482 2642 2643
f 2482 2643 2485
f 2482 2484 2642
f 2484 2640 2644
f 2484 2644 2645
f 2484 2645 2646
f 2484 2646 2647
f 2484 2647 2642
f 2485 2643 2486
f 2486 2643 2487
f 2487 2643 2648
f 2487 2648 2488
f 2488 2648 2649
f 2488 2649 2490
f 2488 2490 2489
f 2490 2649 2650
f 2490 2650 2651
f 2490 2651 2491
f 2491 2651 2492
f 2492 2651 2496
f 2495 2496 2651
f 2495 2651 2497
f 2497 2651 2652
f 2497 2652 2498
f 2498 2653 2654
f 2498 2654 2499
f 2498 2652 2655
f 2498 2655 2656
f 2498 2656 2657
f 2498 2657 2653
f 2499 2654 2500
f 2500 2654 2658
f 2500 2658 2659
f 2500 2659 2660
f 2500 2660 2501
f 2501 2660 2503
f 2502 2504 2661
f 2502 2661 2512
f 2503 2662 2504
f 2503 2660 2663
f 2503 2663 2662
f 2504 2662 2664
f 2504 2664 2661
f 2505 2508 2523
f 2505 2523 2506
f 2507 2524 2508
f 2507 2522 2524
f 2508 2524 2523
f 2509 2512 2664
f 2509 2664 2510
f 2510 2665 2514
f 2510 2514 2511
f 2510 2664 2665
f 2512 2661 2664
f 2514 2665 2666
f 2514 2666 2667
f 2514 2667 2668
f 2514 2668 2515
f 2515 2668 2669
f 2515 2669 2670
f 2515 2670 2516
f 2516 2671 2517
f 2516 2670 2671
f 2517 2671 2518
f 2518 2671 2672
f 2518 2672 2673
f 2518 2673 2519
f 2519 2674 2520
f 2519 2673 2675
f 2519 2675 2674
f 2520 2674 2521
f 2521 2529 2522
f 2521 2674 2676
f 2521 2676 2526
f 2521 2526 2529
f 2522 2529 2524
f 2524 2529 2525
f 2526 2677 2527
f 2526 2676 2678
f 2526 2678 2677
f 2527 2677 2679
f 2527 2679 2528
f 2528 2679 2531
f 2530 2680 2681
f 2530 2681 2532
f 2530 2531 2682
f 2530 2682 2683
f 2530 2683 2684
f 2530 2684 2685
f 2530 2685 2680
f 2531 2679 2686
f 2531 2686 2687
f 2531 2687 2683
f 2531 2683 2688
f 2531 2688 2682
f 2532 2681 2689
f 2532 2689 2539
f 2532 2539 2533
f 2534 2690 2535
f 2534 2539 2690
f 2535 2690 2691
f 2535 2691 2692
f 2535 2692 2693
f 2535 2693 2694
f 2535 2694 2695
f 2535 2695 2536
f 2536 2695 2696
f 2536 2696 2697
f 2536 2697 2537
f 2537 2698 2540
f 2537 2540 2538
f 2537 2697 2698
f 2539 2689 2699
f 2539 2699 2691
f 2539 2691 2690
f 2540 2700 2701
f 2540 2701 2542
f 2540 2542 2541
f 2540 2698 2702
f 2540 2702 2700
f 2542 2701 2543
f 2543 2701 2703
f 2543 2703 2704
f 2543 2704 2544
f 2544 2704 2705
f 2544 2705 2547
f 2545 2547 2546
f 2547 2705 2706
f 2548 2707 2708
f 2550 2708 2551
f 2551 2708 2709
f 2551 2709 2552
f 2552 2709 2710
f 2552 2710 2711
f 2552 2711 2712
f 2552 2712 2554
f 2552 2554 2553
f 2554 2712 2713
f 2554 2713 2714
f 2554 2714 2715
f 2554 2715 2555
f 2555 2715 2716
f 2555 2716 2717
f 2555 2717 2556
f 2556 2717 2557
f 2557 2717 2716
f 2557 2716 2718
f 2557 2718 2719
f 2557 2719 2558
f 2558 2719 2720
f 2558 2720 2721
f 2558 2721 2562
f 2558 2562 2559
f 2559 2562 2561
f 2559 2561 2560
f 2562 2721 2563
f 2563 2721 2564
f 2564 2721 2722
f 2564 2722 2574
f 2564 2574 2566
f 2564 2566 2565
f 2567 2580 2723
f 2567 2723 2724
f 2567 2724 2568
f 2568 2724 2725
f 2568 2725 2569
f 2569 2725 2726
f 2569 2726 2570
f 2570 2726 2727
f 2570 2727 2728
f 2570 2728 2729
f 2570 2729 2583
f 2570 2583 2571
f 2573 2578 2730
f 2573 2730 2731
f 2573 2731 2579
f 2574 2722 2575
f 2575 2722 2721
f 2575 2721 2732
f 2575 2732 2576
f 2576 2732 2733
f 2576 2733 2577
f 2577 2733 2734
f 2577 2734 2735
f 2577 2735 2578
f 2578 2735 2730
f 2579 2731 2736
f 2579 2736 2580
f 2580 2736 2737
f 2580 2737 2723
f 2581 2583 2738
f 2581 2738 2584
f 2583 2729 2738
f 2584 2739 2585
f 2584 2738 2739
f 2585 2739 2586
f 2586 2739 2740
f 2586 2740 2587
f 2587 2740 2741
f 2587 2741 2742
f 2587 2742 2588
f 2588 2742 2743
f 2588 2743 2744
f 2588 2744 2745
f 2588 2745 2591
f 2588 2591 2590
f 2591 2745 2746
f 2591 2746 2592
f 2592 2746 2593
f 2593 2746 2594
f 2594 2746 2747
f 2594 2747 2597
f 2594 2597 2596
f 2597 2747 2598
f 2598 2747 2599
f 2599 2748 2641
f 2599 2641 2638
f 2599 2638 2601
f 2599 2601 2600
f 2599 2747 2749
f 2599 2749 2748
f 2603 2616 2750
f 2603 2750 2604
f 2604 2750 2751
f 2604 2751 2752
f 2604 2752 2753
f 2604 2753 2754
f 2604 2754 2605
f 2605 2754 2755
f 2605 2755 2756
f 2605 2756 2757
f 2605 2757 2606
f 2606 2757 2607
f 2607 2758 2608
f 2607 2757 2759
f 2607 2759 2758
f 2608 2760 2761
f 2608 2761 2611
f 2608 2758 2760
f 2609 2762 2763
f 2609 2763 2610
f 2609 2611 2762
f 2610 2763 2764
f 2610 2764 2765
f 2611 2761 2762
f 2614 2623 2766
f 2614 2766 2615
f 2615 2766 2767
f 2615 2767 2750
f 2615 2750 2616
f 2617 2631 2768
f 2617 2768 2618
f 2618 2768 2769
f 2618 2769 2620
f 2618 2620 2619
f 2620 2770 2771
f 2620 2771 2621
f 2620 2769 2772
f 2620 2772 2770
f 2621 2771 2622
f 2622 2771 2773
f 2622 2773 2625
f 2623 2624 2628
f 2623 2628 2766
f 2625 2773 2774
f 2625 2774 2627
f 2625 2627 2626
f 2627 2775 2628
f 2627 2774 2776
f 2627 2776 2775
f 2628 2775 2777
f 2628 2777 2766
f 2630 2637 2781
f 2630 2781 2778
f 2630 2778 2631
f 2631 2778 2779
f 2631 2779 2780
f 2631 2780 2768
f 2632 2781 2637
f 2632 2633 2782
f 2632 2782 2781
f 2633 2636 2782
f 2634 2783 2635
f 2635 2783 2784
f 2635 2784 2636
f 2636 2784 2785
f 2636 2785 2786
f 2636 2786 2782
f 2639 2645 2644
f 2639 2644 2640
f 2639 2641 2787
f 2639 2787 2788
f 2639 2788 2789
f 2639 2789 2790
f 2639 2790 2645
f 2641 2748 2749
f 2641 2749 2791
f 2641 2791 2792
f 2641 2792 2793
f 2641 2793 2787
f 2642 2647 2794
f 2642 2794 2643
f 2643 2794 2648
f 2645 2790 2795
f 2645 2795 2647
f 2645 2647 2646
f 2647 2795 2796
f 2647 2796 2797
f 2647 2797 2656
f 2647 2656 2798
f 2647 2798 2655
f 2647 2655 2799
f 2647 2799 2648
f 2647 2648 2794
f 2648 2799 2649
f 2649 2799 2652
f 2649 2652 2650
f 2650 2652 2651
f 2652 2799 2655
f 2653 2659 2658
f 2653 2658 2654
f 2653 2657 2656
f 2653 2656 2800
f 2653 2800 2801
f 2653 2801 2802
f 2653 2802 2659
f 2655 2798 2656
f 2656 2797 2803
f 2656 2803 2804
f 2656 2804 2800
f 2659 2802 2805
f 2659 2805 2806
f 2659 2806 2807
f 2659 2807 2808
f 2659 2808 2809
f 2659 2809 2810
f 2659 2810 2811
f 2659 2811 2812
f 2659 2812 2813
f 2659 2813 2660
f 2660 2813 2814
f 2660 2814 2812
f 2660 2812 2663
f 2662 2815 2664
f 2662 2663 2816
f 2662 2816 2815
f 2663 2812 2816
f 2664 2815 2817
f 2664 2817 2818
f 2664 2818 2665
f 2665 2818 2819
f 2665 2819 2820
f 2665 2820 2666
f 2666 2820 2667
f 2667 2820 2668
f 2668 2821 2669
f 2668 2820 2822
f 2668 2822 2823
f 2668 2823 2824
f 2668 2824 2821
f 2669 2672 2670
f 2669 2821 2672
f 2670 2672 2671
f 2672 2821 2825
f 2672 2825 2673
f 2673 2825 2826
f 2673 2826 2827
f 2673 2827 2828
f 2673 2828 2675
f 2674 2675 2829
f 2674 2829 2830
f 2674 2830 2831
f 2674 2831 2832
f 2674 2832 2676
f 2675 2828 2829
f 2676 2832 2833
f 2676 2833 2834
f 2676 2834 2677
f 2676 2677 2678
f 2677 2834 2679
f 2679 2835 2686
f 2679 2834 2836
f 2679 2836 2835
f 2680 2837 2699
f 2680 2699 2689
f 2680 2689 2681
f 2680 2685 2837
f 2682 2688 2683
f 2683 2687 2838
f 2683 2838 2839
f 2683 2839 2840
f 2683 2840 2841
f 2683 2841 2842
f 2683 2842 2684
f 2684 2842 2843
f 2684 2843 2685
f 2685 2843 2844
f 2685 2844 2837
f 2686 2835 2687
f 2687 2835 2845
f 2687 2845 2846
f 2687 2846 3023
f 2687 3023 2847
f 2687 2847 2838
f 2691 2848 2693
f 2691 2693 2692
f 2691 2699 2848
f 2693 2848 2849
f 2693 2849 2850
f 2693 2850 2694
f 2694 2850 2851
f 2694 2851 2696
f 2694 2696 2695
f 2696 2851 2852
f 2696 2852 2853
f 2696 2853 2697
f 2697 2854 2698
f 2697 2853 2854
f 2698 2854 2702
f 2699 2837 2849
f 2699 2849 2848
f 2700 2855 2703
f 2700 2703 2701
f 2700 2702 2856
f 2700 2856 2855
f 2702 2854 2857
f 2702 2857 3033
f 2702 3033 2856
f 2703 2855 2859
f 2703 2859 2704
f 2704 2858 2705
f 2704 2859 2860
f 2704 2860 2858
f 2705 2858 2861
f 2705 2861 2706
f 2707 2862 2709
f 2707 2709 2708
f 2709 2862 2710
f 2710 2862 2863
f 2710 2863 2711
f 2711 2863 2864
f 2711 2864 2865
f 2711 2865 2713
f 2711 2713 2712
f 2713 2865 2866
f 2713 2866 2867
f 2713 2867 2868
f 2713 2868 2869
f 2713 2869 2714
f 2714 2869 2715
f 2715 2869 2870
f 2715 2870 2871
f 2715 2871 2716
f 2716 2871 2718
f 2718 2871 2872
f 2718 2872 2873
f 2718 2873 2874
f 2718 2874 2720
f 2718 2720 2719
f 2720 2874 2875
f 2720 2875 2732
f 2720 2732 2721
f 2723 2876 2877
f 2723 2877 2724
f 2723 2737 2878
f 2723 2878 2876
f 2724 2877 2879
f 2724 2879 2725
f 2725 2879 2880
f 2725 2880 2881
f 2725 2881 2727
f 2725 2727 2726
f 2727 2881 2882
f 2727 2882 2729
f 2727 2729 2728
f 2729 2883 2884
f 2729 2884 2738
f 2729 2882 2883
f 2730 2735 2731
f 2731 2735 2885
f 2731 2885 2736
f 2732 2875 2733
f 2733 2886 2734
f 2733 2875 2887
f 2733 2887 2886
f 2734 2886 2888
f 2734 2888 2735
f 2735 2888 2889
f 2735 2889 2885
f 2736 2885 2889
f 2736 2889 2890
f 2736 2890 2737
f 2737 2890 2891
f 2737 2891 2878
f 2738 2884 2892
f 2738 2892 2893
f 2738 2893 2739
f 2739 2893 2740
f 2740 2894 2741
f 2740 2893 2892
f 2740 2892 2895
f 2740 2895 2894
f 2741 2894 2896
f 2741 2896 2742
f 2742 2896 2743
f 2743 2897 2898
f 2743 2898 2744
f 2743 2896 2899
f 2743 2899 2897
f 2744 2898 2900
f 2744 2900 2745
f 2745 2900 2901
f 2745 2901 2902
f 2745 2902 2903
f 2745 2903 2904
f 2745 2904 2746
f 2746 2904 2747
f 2747 2904 2903
f 2747 2903 2749
f 2749 2903 2905
f 2749 2905 2906
f 2749 2906 2791
f 2750 2767 2907
f 2750 2907 2908
f 2750 2908 2909
f 2750 2909 2910
f 2750 2910 2752
f 2750 2752 2751
f 2752 2910 2911
f 2752 2911 2754
f 2752 2754 2753
f 2754 2911 2912
f 2754 2912 2755
f 2755 2913 2914
f 2755 2914 2756
f 2755 2912 2913
f 2756 2914 2915
f 2756 2915 2757
f 2757 2915 2759
f 2758 2759 2916
f 2758 2916 2917
f 2758 2917 2760
f 2759 2915 2918
f 2759 2918 2916
f 2760 2917 2761
f 2761 2919 3099
f 2761 3099 2920
f 2761 2920 2762
f 2761 2917 2919
f 2762 2920 2921
f 2762 2921 2763
f 2763 2921 2922
f 2763 2922 2923
f 2763 2923 2764
f 2766 2777 2775
f 2766 2775 2907
f 2766 2907 2767
f 2768 2780 2924
f 2768 2924 2769
f 2769 2924 2925
f 2769 2925 2772
f 2770 2772 2926
f 2770 2926 2773
f 2770 2773 2771
f 2772 2925 2927
f 2772 2927 2928
f 2772 2928 2926
f 2773 2926 2929
f 2773 2929 2930
f 2773 2930 2774
f 2774 2930 2931
f 2774 2931 2776
f 2775 2776 2932
f 2775 2932 2933
f 2775 2933 2907
f 2776 2931 2932
f 2778 2781 2934
f 2778 2934 2779
f 2779 2934 2935
f 2779 2935 2780
f 2780 2935 2936
f 2780 2936 2924
f 2781 2782 2937
f 2781 2937 2938
f 2781 2938 2934
f 2782 2939 2940
f 2782 2940 2937
f 2782 2786 2941
f 2782 2941 2942
f 2782 2942 2943
f 2782 2943 2944
f 2782 2944 2939
f 2783 2945 2946
f 2783 2946 2947
f 2783 2947 2784
f 2784 2947 2948
f 2784 2948 2949
f 2784 2949 2785
f 2785 2950 2786
f 2785 2949 2951
f 2785 2951 2950
f 2786 2950 2941
f 2787 2952 2953
f 2787 2953 2788
f 2787 2793 2954
f 2787 2954 2952
f 2788 2953 2955
f 2788 2955 2956
f 2788 2956 2789
f 2789 2956 2957
f 2789 2957 2790
f 2790 2957 2804
f 2790 2804 2803
f 2790 2803 2797
f 2790 2797 2796
f 2790 2796 2795
f 2791 2906 2792
f 2792 2958 2793
f 2792 2906 2959
f 2792 2959 2960
f 2792 2960 2961
f 2792 2961 2958
f 2793 2958 2954
f 2800 2804 2962
f 2800 2962 2963
f 2800 2963 2964
f 2800 2964 2801
f 2801 2964 2802
f 2802 2964 2805
f 2804 2957 2965
f 2804 2965 2966
f 2804 2966 2962
f 2805 2964 2806
f 2806 2967 2968
f 2806 2968 2969
f 2806 2969 2970
f 2806 2970 2971
f 2806 2971 2807
f 2806 2964 2967
f 2807 2971 2972
f 2807 2972 2808
f 2808 2972 2975
f 2808 2975 2809
f 2809 2973 2974
f 2809 2974 2810
f 2809 2975 2976
f 2809 2976 2977
f 2809 2977 2973
f 2810 2974 2978
f 2810 2978 2979
f 2810 2979 2811
f 2811 2979 2812
f 2812 2979 2980
f 2812 2980 2816
f 2812 2814 2813
f 2815 2816 2980
f 2815 2980 2981
f 2815 2981 2982
f 2815 2982 2983
f 2815 2983 2817
f 2817 2983 2984
f 2817 2984 2818
f 2818 2984 2985
f 2818 2985 2819
f 2819 2985 2986
f 2819 2986 2820
f 2820 2986 2987
f 2820 2987 2988
f 2820 2988 2989
f 2820 2989 2823
f 2820 2823 2822
f 2821 2824 2825
f 2823 2989 2824
f 2824 2989 2990
f 2824 2990 2991
f 2824 2991 2992
f 2824 2992 2993
f 2824 2993 2994
f 2824 2994 2995
f 2824 2995 2996
f 2824 2996 2825
f 2825 2996 2826
f 2826 2997 2998
f 2826 2998 2827
f 2826 2996 2995
f 2826 2995 2999
f 2826 2999 3000
f 2826 3000 3001
f 2826 3001 3002
f 2826 3002 3003
f 2826 3003 2997
f 2827 2998 3004
f 2827 3004 2828
f 2828 3004 3005
f 2828 3005 2829
f 2829 3006 2830
f 2829 3005 3006
f 2830 3006 2831
f 2831 3006 3007
f 2831 3007 3008
f 2831 3008 3009
f 2831 3009 2832
f 2832 3009 3010
f 2832 3010 2833
f 2833 3010 2836
f 2833 2836 2834
f 2835 2836 2845
f 2836 3010 3011
f 2836 3011 2846
f 2836 2846 2845
f 2837 3012 2849
f 2837 2844 3013
f 2837 3013 3012
f 2838 2847 3014
f 2838 3014 2839
f 2839 3014 3015
f 2839 3015 3016
f 2839 3016 3017
f 2839 3017 2840
f 2840 3017 3018
f 2840 3018 3019
f 2840 3019 2841
f 2841 3020 2842
f 2841 3019 3020
f 2842 3020 2843
f 2843 3020 2844
f 2844 3021 3022
f 2844 3022 3012
f 2844 3012 3013
f 2844 3020 3021
f 2846 3011 3023
f 2847 3023 3024
f 2847 3024 3025
f 2847 3025 3014
f 2849 3012 2850
f 2850 3012 3021
f 2850 3021 3026
f 2850 3026 3027
f 2850 3027 2851
f 2851 3027 2852
f 2852 3028 2853
f 2852 3027 3028
f 2853 3028 3029
f 2853 3029 3030
f 2853 3030 2854
f 2854 3030 3031
f 2854 3031 2857
f 2855 3032 2859
f 2855 2856 3032
f 2856 3033 3034
f 2856 3034 3035
f 2856 3035 3036
f 2856 3036 3032
f 2857 3031 3205
f 2857 3205 3033
f 2858 2860 2861
f 2859 3032 3037
f 2859 3037 2860
f 2860 3037 3038
f 2864 3039 2865
f 2865 3039 3040
f 2865 3040 3041
f 2865 3041 2866
f 2866 3041 3042
f 2866 3042 3043
f 2866 3043 3044
f 2866 3044 2867
f 2867 3044 2868
f 2868 3045 2869
f 2868 3044 3046
f 2868 3046 3045
f 2869 3045 2870
f 2870 3045 2871
f 2871 3045 2872
f 2872 3045 3047
f 2872 3047 3048
f 2872 3048 3049
f 2872 3049 3050
f 2872 3050 2873
f 2873 3050 2874
f 2874 3050 3051
f 2874 3051 2875
f 2875 3051 2887
f 2876 3052 3053
f 2876 3053 3054
f 2876 3054 2877
f 2876 2878 3055
f 2876 3055 3052
f 2877 3054 3056
f 2877 3056 3057
f 2877 3057 3058
f 2877 3058 2879
f 2878 2891 3059
f 2878 3059 3060
f 2878 3060 3055
f 2879 3058 3061
f 2879 3061 3062
f 2879 3062 3063
f 2879 3063 3064
f 2879 3064 2880
f 2880 3064 3065
f 2880 3065 2881
f 2881 3065 2882
f 2882 3065 2883
f 2883 3065 3066
f 2883 3066 2884
f 2884 3066 3067
f 2884 3067 2895
f 2884 2895 2892
f 2886 2887 3068
f 2886 3068 3069
f 2886 3069 3070
f 2886 3070 3071
f 2886 3071 3072
f 2886 3072 2888
f 2887 3051 3068
f 2888 3072 2889
f 2889 3073 2890
f 2889 3072 3073
f 2890 3073 3074
f 2890 3074 2891
f 2891 3074 3075
f 2891 3075 3076
f 2891 3076 3059
f 2894 3077 2896
f 2894 2895 3078
f 2894 3078 3079
f 2894 3079 3080
f 2894 3080 3077
f 2895 3067 3078
f 2896 3077 2899
f 2897 3081 3082
f 2897 3082 3083
f 2897 3083 3084
f 2897 3084 2898
f 2897 2899 3077
f 2897 3077 3085
f 2897 3085 3081
f 2898 3084 2900
f 2900 3084 3086
f 2900 3086 3087
f 2900 3087 3088
f 2900 3088 2902
f 2900 2902 2901
f 2902 3088 2903
f 2903 3088 2905
f 2905 3088 2906
f 2906 3088 2959
f 2907 2933 2908
f 2908 2933 3089
f 2908 3089 3090
f 2908 3090 3091
f 2908 3091 3092
f 2908 3092 2909
f 2909 3092 2911
f 2909 2911 2910
f 2911 3092 2912
f 2912 3092 3093
f 2912 3093 3094
f 2912 3094 2914
f 2912 2914 2913
f 2914 3094 2918
f 2914 2918 2915
f 2916 2918 3095
f 2916 3095 2917
f 2917 3096 2919
f 2917 3095 3096
f 2918 3097 3095
f 2918 3094 3097
f 2919 3098 3099
f 2919 3096 3098
f 2920 3099 3100
f 2920 3100 2921
f 2921 3100 3101
f 2921 3101 2922
f 2924 2936 2927
f 2924 2927 2925
f 2926 2928 2929
f 2927 2936 3102
f 2927 3102 3103
f 2927 3103 3104
f 2927 3104 2928
f 2928 3104 2929
f 2929 3104 2930
f 2930 3104 3105
f 2930 3105 2931
f 2931 3106 2932
f 2931 3105 3107
f 2931 3107 3106
f 2932 3108 3089
f 2932 3089 2933
f 2932 3106 3108
f 2934 2940 2939
f 2934 2939 3109
f 2934 3109 2935
f 2934 2938 2937
f 2934 2937 2940
f 2935 3109 3110
f 2935 3110 2936
f 2936 3110 3111
f 2936 3111 3102
f 2939 2944 3109
f 2941 2950 3112
f 2941 3112 2942
f 2942 3112 2950
f 2942 2950 3113
f 2942 3113 3114
f 2942 3114 3115
f 2942 3115 2943
f 2943 3115 2944
f 2944 3115 3116
f 2944 3116 3117
f 2944 3117 3118
f 2944 3118 3119
f 2944 3119 3109
f 2945 3120 2946
f 2946 3120 3121
f 2946 3121 3122
f 2946 3122 2947
f 2947 3122 2948
f 2948 3122 3123
f 2948 3123 3124
f 2948 3124 3125
f 2948 3125 3126
f 2948 3126 2949
f 2949 3126 2951
f 2950 3114 3113
f 2950 2951 3127
f 2950 3127 3128
f 2950 3128 3129
f 2950 3129 3114
f 2951 3126 3125
f 2951 3125 3127
f 2952 2954 2953
f 2953 3130 3131
f 2953 3131 3132
f 2953 3132 3133
f 2953 3133 3134
f 2953 3134 2955
f 2953 2954 3135
f 2953 3135 3136
f 2953 3136 3137
f 2953 3137 3138
f 2953 3138 3139
f 2953 3139 3130
f 2954 2958 2961
f 2954 2961 3145
f 2954 3145 3135
f 2955 3134 2956
f 2956 3134 3140
f 2956 3140 3141
f 2956 3141 2957
f 2957 3141 2965
f 2959 3142 2960
f 2959 3088 3087
f 2959 3087 3142
f 2960 3142 2961
f 2961 3142 3143
f 2961 3143 3144
f 2961 3144 3145
f 2962 2966 3146
f 2962 3146 3147
f 2962 3147 2963
f 2963 3147 3148
f 2963 3148 2967
f 2963 2967 2964
f 2965 3141 3146
f 2965 3146 2966
f 2967 3148 3149
f 2967 3149 2968
f 2968 3149 2969
f 2969 3149 3150
f 2969 3150 3151
f 2969 3151 3152
f 2969 3152 2970
f 2970 3153 3154
f 2970 3154 2971
f 2970 3152 3153
f 2971 3154 2972
f 2972 3154 3155
f 2972 3155 2975
f 2973 3156 3157
f 2973 3157 3158
f 2973 3158 3159
f 2973 3159 2974
f 2973 2977 2976
f 2973 2976 3160
f 2973 3160 3161
f 2973 3161 3156
f 2974 2979 2978
f 2974 3159 3162
f 2974 3162 2979
f 2975 3155 2976
f 2976 3153 3163
f 2976 3163 3164
f 2976 3164 3160
f 2976 3155 3153
f 2979 3162 2981
f 2979 2981 2980
f 2981 3162 2982
f 2982 3162 2983
f 2983 3162 3159
f 2983 3159 2986
f 2983 2986 2984
f 2984 2986 2985
f 2986 3159 3165
f 2986 3165 3158
f 2986 3158 3157
f 2986 3157 3166
f 2986 3166 2987
f 2987 3166 2988
f 2988 3166 2989
f 2989 3166 3157
f 2989 3157 3167
f 2989 3167 3168
f 2989 3168 2991
f 2989 2991 2990
f 2991 3168 3169
f 2991 3169 2992
f 2992 3169 2993
f 2993 3169 3170
f 2993 3170 3171
f 2993 3171 3000
f 2993 3000 2999
f 2993 2999 2995
f 2993 2995 2994
f 2997 3172 2998
f 2997 3003 3173
f 2997 3173 3172
f 2998 3174 3004
f 2998 3172 3174
f 3000 3171 3175
f 3000 3175 3176
f 3000 3176 3001
f 3001 3176 3002
f 3002 3176 3003
f 3003 3176 3175
f 3003 3175 3177
f 3003 3177 3178
f 3003 3178 3173
f 3004 3179 3180
f 3004 3180 3005
f 3004 3174 3179
f 3005 3180 3181
f 3005 3181 3006
f 3006 3181 3007
f 3007 3181 3182
f 3007 3182 3008
f 3008 3182 3009
f 3009 3011 3010
f 3009 3182 3011
f 3011 3183 3024
f 3011 3024 3184
f 3011 3184 3023
f 3011 3182 3185
f 3011 3185 3186
f 3011 3186 3183
f 3012 3022 3021
f 3014 3025 3187
f 3014 3187 3188
f 3014 3188 3015
f 3015 3188 3189
f 3015 3189 3017
f 3015 3017 3016
f 3017 3190 3191
f 3017 3191 3019
f 3017 3019 3018
f 3017 3189 3368
f 3017 3368 3192
f 3017 3192 3193
f 3017 3193 3190
f 3019 3191 3194
f 3019 3194 3195
f 3019 3195 3020
f 3020 3195 3021
f 3021 3195 3196
f 3021 3196 3026
f 3023 3184 3024
f 3024 3183 3186
f 3024 3186 3197
f 3024 3197 3025
f 3025 3197 3187
f 3026 3198 3027
f 3026 3196 3199
f 3026 3199 3194
f 3026 3194 3200
f 3026 3200 3198
f 3027 3198 3201
f 3027 3201 3028
f 3028 3202 3029
f 3028 3201 3203
f 3028 3203 3202
f 3029 3031 3030
f 3029 3202 3031
f 3031 3202 3204
f 3031 3204 3205
f 3032 3036 3037
f 3033 3205 3206
f 3033 3206 3034
f 3034 3207 3208
f 3034 3208 3035
f 3034 3206 3209
f 3034 3209 3207
f 3035 3208 3210
f 3035 3210 3036
f 3036 3210 3211
f 3036 3211 3037
f 3037 3211 3038
f 3042 3212 3043
f 3043 3212 3213
f 3043 3213 3214
f 3043 3214 3046
f 3043 3046 3044
f 3045 3046 3047
f 3046 3214 3215
f 3046 3215 3216
f 3046 3216 3217
f 3046 3217 3047
f 3047 3217 3048
f 3048 3217 3218
f 3048 3218 3219
f 3048 3219 3049
f 3049 3219 3220
f 3049 3220 3050
f 3050 3220 3221
f 3050 3221 3222
f 3050 3222 3051
f 3051 3222 3068
f 3052 3055 3223
f 3052 3223 3224
f 3052 3224 3053
f 3053 3225 3226
f 3053 3226 3227
f 3053 3227 3056
f 3053 3056 3054
f 3053 3224 3225
f 3055 3060 3223
f 3056 3228 3057
f 3056 3227 3228
f 3057 3229 3058
f 3057 3228 3230
f 3057 3230 3229
f 3058 3229 3231
f 3058 3231 3061
f 3059 3076 3232
f 3059 3232 3060
f 3060 3232 3223
f 3061 3231 3233
f 3061 3233 3234
f 3061 3234 3063
f 3061 3063 3062
f 3063 3234 3235
f 3063 3235 3236
f 3063 3236 3237
f 3063 3237 3065
f 3063 3065 3064
f 3065 3237 3236
f 3065 3236 3238
f 3065 3238 3066
f 3066 3238 3239
f 3066 3239 3067
f 3067 3239 3240
f 3067 3240 3078
f 3068 3241 3069
f 3068 3222 3241
f 3069 3242 3243
f 3069 3243 3244
f 3069 3244 3071
f 3069 3071 3070
f 3069 3241 3242
f 3071 3243 3245
f 3071 3245 3246
f 3071 3246 3072
f 3071 3244 3243
f 3072 3246 3073
f 3073 3246 3074
f 3074 3247 3075
f 3074 3246 3245
f 3074 3245 3248
f 3074 3248 3247
f 3075 3247 3232
f 3075 3232 3076
f 3077 3080 3249
f 3077 3249 3085
f 3078 3240 3079
f 3079 3240 3080
f 3080 3240 3249
f 3081 3250 3251
f 3081 3251 3082
f 3081 3085 3252
f 3081 3252 3250
f 3082 3251 3253
f 3082 3253 3254
f 3082 3254 3083
f 3083 3254 3084
f 3084 3254 3255
f 3084 3255 3086
f 3085 3249 3252
f 3086 3255 3256
f 3086 3256 3257
f 3086 3257 3087
f 3087 3257 3143
f 3087 3143 3142
f 3089 3108 3258
f 3089 3258 3090
f 3090 3259 3260
f 3090 3260 3091
f 3090 3258 3259
f 3091 3260 3261
f 3091 3261 3092
f 3092 3261 3262
f 3092 3262 3093
f 3093 3263 3094
f 3093 3262 3439
f 3093 3439 3263
f 3094 3263 3097
f 3095 3097 3264
f 3095 3264 3265
f 3095 3265 3096
f 3096 3266 3098
f 3096 3265 3266
f 3097 3263 3267
f 3097 3267 3264
f 3098 3268 3269
f 3098 3269 3099
f 3098 3266 3268
f 3099 3269 3270
f 3099 3270 3100
f 3100 3270 3271
f 3102 3111 3272
f 3102 3272 3103
f 3103 3273 3104
f 3103 3272 3274
f 3103 3274 3273
f 3104 3273 3105
f 3105 3273 3275
f 3105 3275 3107
f 3106 3107 3276
f 3106 3276 3277
f 3106 3277 3278
f 3106 3278 3108
f 3107 3275 3279
f 3107 3279 3276
f 3108 3280 3258
f 3108 3278 3281
f 3108 3281 3280
f 3109 3119 3110
f 3110 3119 3111
f 3111 3119 3117
f 3111 3117 3282
f 3111 3282 3272
f 3114 3129 3283
f 3114 3283 3284
f 3114 3284 3467
f 3114 3467 3285
f 3114 3285 3117
f 3114 3117 3116
f 3114 3116 3115
f 3117 3285 3286
f 3117 3286 3287
f 3117 3287 3272
f 3117 3272 3282
f 3117 3119 3118
f 3121 3288 3122
f 3122 3288 3289
f 3122 3289 3290
f 3122 3290 3123
f 3123 3290 3291
f 3123 3291 3292
f 3123 3292 3124
f 3124 3292 3293
f 3124 3293 3125
f 3125 3293 3294
f 3125 3294 3127
f 3127 3294 3128
f 3128 3295 3283
f 3128 3283 3129
f 3128 3294 3296
f 3128 3296 3295
f 3130 3297 3298
f 3130 3298 3299
f 3130 3299 3132
f 3130 3132 3131
f 3130 3139 3300
f 3130 3300 3297
f 3132 3299 3301
f 3132 3301 3302
f 3132 3302 3303
f 3132 3303 3133
f 3133 3303 3304
f 3133 3304 3305
f 3133 3305 3306
f 3133 3306 3307
f 3133 3307 3134
f 3134 3307 3140
f 3135 3308 3137
f 3135 3137 3136
f 3135 3145 3309
f 3135 3309 3308
f 3137 3308 3138
f 3138 3308 3309
f 3138 3309 3310
f 3138 3310 3311
f 3138 3311 3139
f 3139 3312 3313
f 3139 3313 3300
f 3139 3311 3314
f 3139 3314 3312
f 3140 3307 3315
f 3140 3315 3316
f 3140 3316 3141
f 3141 3316 3146
f 3143 3257 3317
f 3143 3317 3318
f 3143 3318 3145
f 3143 3145 3144
f 3145 3318 3317
f 3145 3317 3319
f 3145 3319 3310
f 3145 3310 3309
f 3146 3149 3148
f 3146 3148 3147
f 3146 3316 3149
f 3149 3316 3320
f 3149 3320 3306
f 3149 3306 3150
f 3150 3306 3321
f 3150 3321 3151
f 3151 3321 3152
f 3152 3321 3322
f 3152 3322 3163
f 3152 3163 3153
f 3153 3155 3154
f 3156 3161 3167
f 3156 3167 3157
f 3158 3165 3159
f 3160 3164 3161
f 3161 3164 3323
f 3161 3323 3167
f 3163 3324 3325
f 3163 3325 3326
f 3163 3326 3323
f 3163 3323 3164
f 3163 3322 3321
f 3163 3321 3305
f 3163 3305 3327
f 3163 3327 3328
f 3163 3328 3329
f 3163 3329 3330
f 3163 3330 3331
f 3163 3331 3332
f 3163 3332 3333
f 3163 3333 3334
f 3163 3334 3335
f 3163 3335 3324
f 3167 3323 3325
f 3167 3325 3336
f 3167 3336 3168
f 3168 3336 3169
f 3169 3336 3325
f 3169 3325 3337
f 3169 3337 3170
f 3170 3337 3338
f 3170 3338 3171
f 3171 3338 3339
f 3171 3339 3177
f 3171 3177 3175
f 3172 3173 3340
f 3172 3340 3341
f 3172 3341 3342
f 3172 3342 3343
f 3172 3343 3174
f 3173 3344 3340
f 3173 3178 3344
f 3174 3345 3346
f 3174 3346 3179
f 3174 3343 3345
f 3177 3339 3347
f 3177 3347 3178
f 3178 3347 3348
f 3178 3348 3349
f 3178 3349 3350
f 3178 3350 3351
f 3178 3351 3352
f 3178 3352 3353
f 3178 3353 3354
f 3178 3354 3344
f 3179 3355 3356
f 3179 3356 3357
f 3179 3357 3180
f 3179 3346 3358
f 3179 3358 3355
f 3180 3357 3181
f 3181 3359 3360
f 3181 3360 3186
f 3181 3186 3185
f 3181 3185 3182
f 3181 3357 3356
f 3181 3356 3359
f 3186 3360 3361
f 3186 3361 3362
f 3186 3362 3197
f 3187 3197 3362
f 3187 3362 3363
f 3187 3363 3188
f 3188 3363 3364
f 3188 3364 3365
f 3188 3365 3366
f 3188 3366 3367
f 3188 3367 3368
f 3188 3368 3189
f 3190 3369 3370
f 3190 3370 3200
f 3190 3200 3194
f 3190 3194 3191
f 3190 3193 3371
f 3190 3371 3372
f 3190 3372 3369
f 3192 3368 3367
f 3192 3367 3193
f 3193 3367 3366
f 3193 3366 3373
f 3193 3373 3371
f 3194 3199 3195
f 3195 3199 3196
f 3198 3200 3370
f 3198 3370 3374
f 3198 3374 3375
f 3198 3375 3201
f 3201 3375 3376
f 3201 3376 3203
f 3202 3203 3376
f 3202 3376 3377
f 3202 3377 3378
f 3202 3378 3379
f 3202 3379 3204
f 3204 3379 3380
f 3204 3380 3205
f 3205 3380 3381
f 3205 3381 3382
f 3205 3382 3206
f 3206 3382 3383
f 3206 3383 3209
f 3207 3209 3208
f 3213 3384 3214
f 3214 3384 3215
f 3215 3385 3216
f 3216 3385 3386
f 3216 3386 3387
f 3216 3387 3388
f 3216 3388 3217
f 3217 3388 3218
f 3218 3388 3389
f 3218 3389 3219
f 3219 3390 3391
f 3219 3391 3392
f 3219 3392 3393
f 3219 3393 3220
f 3219 3389 3390
f 3220 3393 3555
f 3220 3555 3394
f 3220 3394 3395
f 3220 3395 3221
f 3221 3395 3396
f 3221 3396 3397
f 3221 3397 3398
f 3221 3398 3222
f 3222 3398 3241
f 3223 3399 3400
f 3223 3400 3224
f 3223 3232 3401
f 3223 3401 3399
f 3224 3400 3402
f 3224 3402 3403
f 3224 3403 3225
f 3225 3403 3404
f 3225 3404 3226
f 3226 3404 3405
f 3226 3405 3227
f 3227 3405 3406
f 3227 3406 3407
f 3227 3407 3228
f 3228 3407 3230
f 3229 3230 3231
f 3230 3233 3231
f 3230 3407 3408
f 3230 3408 3409
f 3230 3409 3410
f 3230 3410 3411
f 3230 3411 3233
f 3232 3247 3412
f 3232 3412 3413
f 3232 3413 3401
f 3233 3414 3234
f 3233 3411 3415
f 3233 3415 3414
f 3234 3414 3416
f 3234 3416 3235
f 3235 3416 3236
f 3236 3239 3238
f 3236 3416 3417
f 3236 3417 3418
f 3236 3418 3239
f 3239 3418 3419
f 3239 3419 3240
f 3240 3418 3249
f 3240 3419 3418
f 3241 3398 3420
f 3241 3420 3421
f 3241 3421 3242
f 3242 3421 3243
f 3243 3422 3248
f 3243 3248 3245
f 3243 3421 3422
f 3247 3248 3422
f 3247 3422 3412
f 3249 3418 3423
f 3249 3423 3252
f 3250 3424 3425
f 3250 3425 3251
f 3250 3252 3424
f 3251 3425 3426
f 3251 3426 3253
f 3252 3423 3418
f 3252 3418 3417
f 3252 3417 3427
f 3252 3427 3424
f 3253 3426 3428
f 3253 3428 3429
f 3253 3429 3254
f 3254 3429 3430
f 3254 3430 3431
f 3254 3431 3255
f 3255 3431 3256
f 3256 3431 3317
f 3256 3317 3257
f 3258 3280 3432
f 3258 3432 3433
f 3258 3433 3434
f 3258 3434 3259
f 3259 3435 3260
f 3259 3434 3435
f 3260 3435 3436
f 3260 3436 3437
f 3260 3437 3261
f 3261 3437 3438
f 3261 3438 3439
f 3261 3439 3262
f 3263 3439 3267
f 3264 3267 3440
f 3264 3440 3265
f 3265 3441 3266
f 3265 3440 3442
f 3265 3442 3441
f 3266 3443 3268
f 3266 3441 3443
f 3267 3439 3444
f 3267 3444 3445
f 3267 3445 3440
f 3268 3446 3447
f 3268 3447 3448
f 3268 3448 3269
f 3268 3443 3449
f 3268 3449 3446
f 3269 3448 3450
f 3269 3450 3451
f 3269 3451 3270
f 3270 3451 3452
f 3270 3452 3271
f 3272 3287 3454
f 3272 3454 3274
f 3273 3274 3458
f 3273 3458 3453
f 3273 3453 3275
f 3274 3454 3455
f 3274 3455 3456
f 3274 3456 3457
f 3274 3457 3458
f 3275 3453 3459
f 3275 3459 3460
f 3275 3460 3279
f 3276 3279 3461
f 3276 3461 3462
f 3276 3462 3463
f 3276 3463 3277
f 3277 3464 3465
f 3277 3465 3278
f 3277 3463 3464
f 3278 3465 3281
f 3279 3460 3461
f 3280 3281 3432
f 3281 3465 3466
f 3281 3466 3432
f 3283 3295 3468
f 3283 3468 3284
f 3284 3468 3467
f 3285 3467 3286
f 3286 3467 3469
f 3286 3469 3287
f 3287 3469 3454
f 3288 3470 3289
f 3289 3470 3290
f 3290 3470 3471
f 3290 3471 3472
f 3290 3472 3473
f 3290 3473 3291
f 3291 3473 3474
f 3291 3474 3292
f 3292 3474 3293
f 3293 3474 3475
f 3293 3475 3294
f 3294 3475 3476
f 3294 3476 3477
f 3294 3477 3478
f 3294 3478 3296
f 3295 3296 3479
f 3295 3479 3468
f 3296 3478 3479
f 3297 3300 3298
f 3298 3300 3480
f 3298 3480 3299
f 3299 3480 3481
f 3299 3481 3482
f 3299 3482 3301
f 3300 3313 3480
f 3301 3482 3328
f 3301 3328 3483
f 3301 3483 3304
f 3301 3304 3303
f 3301 3303 3302
f 3304 3483 3327
f 3304 3327 3305
f 3305 3321 3306
f 3306 3320 3316
f 3306 3316 3315
f 3306 3315 3307
f 3310 3484 3311
f 3310 3319 3485
f 3310 3485 3486
f 3310 3486 3484
f 3311 3484 3314
f 3312 3480 3313
f 3312 3314 3487
f 3312 3487 3480
f 3314 3484 3488
f 3314 3488 3489
f 3314 3489 3490
f 3314 3490 3491
f 3314 3491 3487
f 3317 3431 3485
f 3317 3485 3319
f 3323 3326 3325
f 3324 3335 3325
f 3325 3335 3337
f 3327 3483 3328
f 3328 3482 3481
f 3328 3481 3492
f 3328 3492 3493
f 3328 3493 3329
f 3329 3493 3330
f 3330 3493 3494
f 3330 3494 3495
f 3330 3495 3331
f 3331 3495 3496
f 3331 3496 3497
f 3331 3497 3332
f 3332 3497 3498
f 3332 3498 3333
f 3333 3498 3499
f 3333 3499 3334
f 3334 3499 3500
f 3334 3500 3335
f 3335 3500 3501
f 3335 3501 3502
f 3335 3502 3503
f 3335 3503 3337
f 3337 3503 3504
f 3337 3504 3338
f 3338 3504 3503
f 3338 3503 3502
f 3338 3502 3339
f 3339 3502 3505
f 3339 3505 3506
f 3339 3506 3347
f 3340 3507 3342
f 3340 3342 3341
f 3340 3344 3354
f 3340 3354 3507
f 3342 3507 3343
f 3343 3507 3508
f 3343 3508 3509
f 3343 3509 3345
f 3345 3510 3358
f 3345 3358 3346
f 3345 3509 3511
f 3345 3511 3510
f 3347 3506 3348
f 3348 3506 3512
f 3348 3512 3349
f 3349 3513 3351
f 3349 3351 3350
f 3349 3512 3514
f 3349 3514 3515
f 3349 3515 3513
f 3351 3513 3352
f 3352 3513 3516
f 3352 3516 3517
f 3352 3517 3518
f 3352 3518 3519
f 3352 3519 3520
f 3352 3520 3521
f 3352 3521 3353
f 3353 3521 3520
f 3353 3520 3354
f 3354 3520 3507
f 3355 3522 3523
f 3355 3523 3524
f 3355 3524 3525
f 3355 3525 3361
f 3355 3361 3526
f 3355 3526 3356
f 3355 3358 3522
f 3356 3526 3361
f 3356 3361 3359
f 3358 3510 3522
f 3359 3361 3360
f 3361 3527 3362
f 3361 3525 3527
f 3362 3527 3528
f 3362 3528 3364
f 3362 3364 3363
f 3364 3366 3365
f 3364 3528 3523
f 3364 3523 3529
f 3364 3529 3366
f 3366 3529 3530
f 3366 3530 3531
f 3366 3531 3373
f 3369 3532 3533
f 3369 3533 3374
f 3369 3374 3370
f 3369 3372 3532
f 3371 3373 3534
f 3371 3534 3372
f 3372 3534 3535
f 3372 3535 3536
f 3372 3536 3537
f 3372 3537 3538
f 3372 3538 3532
f 3373 3531 3534
f 3374 3533 3539
f 3374 3539 3375
f 3375 3377 3376
f 3375 3539 3540
f 3375 3540 3377
f 3377 3540 3378
f 3378 3540 3541
f 3378 3541 3714
f 3378 3714 3542
f 3378 3542 3379
f 3379 3542 3543
f 3379 3543 3380
f 3380 3543 3381
f 3381 3543 3544
f 3381 3544 3545
f 3381 3545 3546
f 3381 3546 3382
f 3382 3546 3547
f 3387 3548 3388
f 3388 3548 3389
f 3389 3548 3549
f 3389 3549 3550
f 3389 3550 3551
f 3389 3551 3390
f 3390 3552 3553
f 3390 3553 3554
f 3390 3554 3391
f 3390 3551 3552
f 3391 3554 3553
f 3391 3553 3392
f 3392 3553 3555
f 3392 3555 3393
f 3394 3555 3556
f 3394 3556 3395
f 3395 3556 3557
f 3395 3557 3396
f 3396 3557 3558
f 3396 3558 3559
f 3396 3559 3397
f 3397 3559 3398
f 3398 3559 3560
f 3398 3560 3420
f 3399 3401 3400
f 3400 3401 3402
f 3401 3413 3402
f 3402 3413 3561
f 3402 3561 3562
f 3402 3562 3403
f 3403 3562 3404
f 3404 3563 3564
f 3404 3564 3565
f 3404 3565 3566
f 3404 3566 3406
f 3404 3406 3405
f 3404 3562 3563
f 3406 3566 3565
f 3406 3565 3567
f 3406 3567 3407
f 3407 3567 3568
f 3407 3568 3409
f 3407 3409 3408
f 3409 3568 3569
f 3409 3569 3410
f 3410 3569 3570
f 3410 3570 3571
f 3410 3571 3572
f 3410 3572 3411
f 3411 3572 3415
f 3412 3422 3573
f 3412 3573 3413
f 3413 3574 3575
f 3413 3575 3576
f 3413 3576 3561
f 3413 3573 3574
f 3414 3415 3577
f 3414 3577 3416
f 3415 3572 3578
f 3415 3578 3427
f 3415 3427 3577
f 3416 3577 3579
f 3416 3579 3417
f 3417 3579 3427
f 3420 3560 3421
f 3421 3580 3422
f 3421 3560 3559
f 3421 3559 3558
f 3421 3558 3580
f 3422 3580 3581
f 3422 3581 3582
f 3422 3582 3573
f 3424 3427 3425
f 3425 3427 3578
f 3425 3578 3583
f 3425 3583 3584
f 3425 3584 3428
f 3425 3428 3426
f 3427 3579 3577
f 3428 3585 3586
f 3428 3586 3587
f 3428 3587 3429
f 3428 3584 3588
f 3428 3588 3585
f 3429 3587 3589
f 3429 3589 3590
f 3429 3590 3430
f 3430 3590 3485
f 3430 3485 3431
f 3432 3466 3591
f 3432 3591 3592
f 3432 3592 3593
f 3432 3593 3434
f 3432 3434 3433
f 3434 3593 3592
f 3434 3592 3594
f 3434 3594 3595
f 3434 3595 3596
f 3434 3596 3597
f 3434 3597 3435
f 3435 3597 3596
f 3435 3596 3598
f 3435 3598 3599
f 3435 3599 3600
f 3435 3600 3436
f 3436 3600 3437
f 3437 3600 3438
f 3438 3600 3444
f 3438 3444 3439
f 3440 3601 3602
f 3440 3602 3442
f 3440 3445 3603
f 3440 3603 3604
f 3440 3604 3605
f 3440 3605 3601
f 3441 3606 3443
f 3441 3442 3602
f 3441 3602 3606
f 3443 3606 3607
f 3443 3607 3449
f 3444 3600 3445
f 3445 3600 3608
f 3445 3608 3609
f 3445 3609 3610
f 3445 3610 3603
f 3446 3611 3612
f 3446 3612 3447
f 3446 3449 3611
f 3447 3612 3613
f 3447 3613 3448
f 3448 3613 3614
f 3448 3614 3615
f 3448 3615 3616
f 3448 3616 3450
f 3449 3617 3611
f 3449 3607 3617
f 3450 3619 3451
f 3450 3616 3615
f 3450 3615 3618
f 3451 3619 3452
f 3453 3458 3620
f 3453 3620 3626
f 3453 3626 3621
f 3453 3621 3459
f 3454 3469 3622
f 3454 3622 3455
f 3455 3622 3457
f 3455 3457 3456
f 3457 3622 3623
f 3457 3623 3624
f 3457 3624 3625
f 3457 3625 3626
f 3457 3626 3627
f 3457 3627 3458
f 3458 3627 3620
f 3459 3621 3460
f 3460 3621 3626
f 3460 3626 3628
f 3460 3628 3629
f 3460 3629 3630
f 3460 3630 3461
f 3461 3631 3463
f 3461 3463 3462
f 3461 3630 3632
f 3461 3632 3633
f 3461 3633 3634
f 3461 3634 3635
f 3461 3635 3631
f 3463 3631 3635
f 3463 3635 3636
f 3463 3636 3637
f 3463 3637 3464
f 3464 3637 3638
f 3464 3638 3639
f 3464 3639 3465
f 3465 3640 3466
f 3465 3639 3641
f 3465 3641 3642
f 3465 3642 3640
f 3466 3640 3591
f 3467 3468 3643
f 3467 3643 3469
f 3468 3479 3643
f 3469 3643 3644
f 3469 3644 3622
f 3472 3645 3646
f 3472 3646 3473
f 3473 3646 3647
f 3473 3647 3648
f 3473 3648 3474
f 3474 3648 3649
f 3474 3649 3475
f 3475 3649 3476
f 3476 3649 3650
f 3476 3650 3477
f 3477 3650 3478
f 3478 3651 3652
f 3478 3652 3479
f 3478 3650 3653
f 3478 3653 3654
f 3478 3654 3655
f 3478 3655 3651
f 3479 3652 3643
f 3480 3487 3656
f 3480 3656 3481
f 3481 3656 3657
f 3481 3657 3658
f 3481 3658 3659
f 3481 3659 3492
f 3484 3486 3660
f 3484 3660 3661
f 3484 3661 3662
f 3484 3662 3488
f 3485 3590 3589
f 3485 3589 3662
f 3485 3662 3661
f 3485 3661 3486
f 3486 3661 3660
f 3487 3491 3663
f 3487 3663 3657
f 3487 3657 3656
f 3488 3662 3664
f 3488 3664 3489
f 3489 3665 3666
f 3489 3666 3667
f 3489 3667 3490
f 3489 3664 3589
f 3489 3589 3668
f 3489 3668 3586
f 3489 3586 3665
f 3490 3669 3491
f 3490 3667 3669
f 3491 3670 3671
f 3491 3671 3658
f 3491 3658 3663
f 3491 3669 3670
f 3492 3659 3493
f 3493 3659 3494
f 3494 3659 3672
f 3494 3672 3673
f 3494 3673 3495
f 3495 3674 3496
f 3495 3673 3674
f 3496 3674 3497
f 3497 3674 3675
f 3497 3675 3499
f 3497 3499 3498
f 3499 3675 3676
f 3499 3676 3500
f 3500 3677 3678
f 3500 3678 3501
f 3500 3676 3679
f 3500 3679 3680
f 3500 3680 3677
f 3501 3505 3502
f 3501 3678 3505
f 3505 3678 3681
f 3505 3681 3506
f 3506 3681 3512
f 3507 3520 3508
f 3508 3682 3511
f 3508 3511 3509
f 3508 3520 3682
f 3510 3523 3522
f 3510 3511 3523
f 3511 3682 3683
f 3511 3683 3684
f 3511 3684 3523
f 3512 3685 3514
f 3512 3681 3686
f 3512 3686 3687
f 3512 3687 3688
f 3512 3688 3685
f 3513 3515 3516
f 3514 3685 3689
f 3514 3689 3515
f 3515 3689 3690
f 3515 3690 3516
f 3516 3691 3517
f 3516 3690 3692
f 3516 3692 3693
f 3516 3693 3691
f 3517 3694 3518
f 3517 3691 3694
f 3518 3695 3696
f 3518 3696 3697
f 3518 3697 3519
f 3518 3694 3695
f 3519 3697 3520
f 3520 3698 3699
f 3520 3699 3682
f 3520 3697 3696
f 3520 3696 3698
f 3523 3684 3700
f 3523 3700 3529
f 3523 3528 3524
f 3524 3528 3525
f 3525 3528 3527
f 3529 3700 3530
f 3530 3700 3701
f 3530 3701 3531
f 3531 3701 3702
f 3531 3702 3703
f 3531 3703 3534
f 3532 3538 3704
f 3532 3704 3540
f 3532 3540 3539
f 3532 3539 3533
f 3534 3703 3535
f 3535 3705 3536
f 3535 3703 3706
f 3535 3706 3707
f 3535 3707 3705
f 3536 3705 3537
f 3537 3705 3708
f 3537 3708 3709
f 3537 3709 3710
f 3537 3710 3538
f 3538 3710 3711
f 3538 3711 3712
f 3538 3712 3704
f 3540 3704 3712
f 3540 3712 3713
f 3540 3713 3541
f 3541 3713 3714
f 3542 3714 3715
f 3542 3715 3543
f 3543 3715 3544
f 3544 3715 3714
f 3544 3714 3716
f 3544 3716 3721
f 3544 3721 3545
f 3545 3717 3718
f 3545 3718 3719
f 3545 3719 3720
f 3545 3720 3546
f 3545 3721 3722
f 3545 3722 3717
f 3546 3720 3547
f 3550 3723 3551
f 3551 3723 3724
f 3551 3724 3725
f 3551 3725 3552
f 3552 3726 3727
f 3552 3727 3553
f 3552 3725 3728
f 3552 3728 3726
f 3553 3727 3729
f 3553 3729 3730
f 3553 3730 3556
f 3553 3556 3555
f 3556 3730 3731
f 3556 3731 3558
f 3556 3558 3557
f 3558 3731 3580
f 3561 3732 3733
f 3561 3733 3562
f 3561 3576 3732
f 3562 3733 3563
f 3563 3734 3564
f 3563 3733 3735
f 3563 3735 3734
f 3564 3734 3736
f 3564 3736 3565
f 3565 3736 3737
f 3565 3737 3567
f 3567 3737 3568
f 3568 3737 3569
f 3569 3737 3738
f 3569 3738 3570
f 3570 3738 3571
f 3571 3739 3583
f 3571 3583 3578
f 3571 3578 3572
f 3571 3738 3740
f 3571 3740 3739
f 3573 3594 3741
f 3573 3741 3574
f 3573 3582 3594
f 3574 3741 3742
f 3574 3742 3743
f 3574 3743 3744
f 3574 3744 3575
f 3575 3744 3745
f 3575 3745 3746
f 3575 3746 3747
f 3575 3747 3748
f 3575 3748 3732
f 3575 3732 3576
f 3580 3731 3581
f 3581 3731 3749
f 3581 3749 3750
f 3581 3750 3595
f 3581 3595 3582
f 3582 3595 3594
f 3583 3751 3588
f 3583 3588 3584
f 3583 3739 3751
f 3585 3752 3753
f 3585 3753 3754
f 3585 3754 3586
f 3585 3588 3751
f 3585 3751 3755
f 3585 3755 3756
f 3585 3756 3757
f 3585 3757 3758
f 3585 3758 3752
f 3586 3754 3665
f 3586 3668 3587
f 3587 3668 3589
f 3589 3664 3662
f 3591 3759 3592
f 3591 3640 3760
f 3591 3760 3761
f 3591 3761 3762
f 3591 3762 3759
f 3592 3759 3763
f 3592 3763 3764
f 3592 3764 3741
f 3592 3741 3594
f 3595 3750 3596
f 3596 3750 3765
f 3596 3765 3766
f 3596 3766 3598
f 3598 3766 3599
f 3599 3766 3600
f 3600 3766 3765
f 3600 3765 3767
f 3600 3767 3609
f 3600 3609 3608
f 3601 3768 3607
f 3601 3607 3606
f 3601 3606 3602
f 3601 3605 3769
f 3601 3769 3768
f 3603 3610 3765
f 3603 3765 3750
f 3603 3750 3770
f 3603 3770 3604
f 3604 3770 3771
f 3604 3771 3605
f 3605 3771 3769
f 3607 3772 3617
f 3607 3768 3772
f 3609 3767 3765
f 3609 3765 3610
f 3611 3617 3773
f 3611 3773 3774
f 3611 3774 3775
f 3611 3775 3776
f 3611 3776 3612
f 3612 3776 3613
f 3613 3775 3777
f 3613 3777 3778
f 3613 3778 3779
f 3613 3779 3780
f 3613 3780 3618
f 3613 3618 3614
f 3613 3776 3775
f 3614 3618 3615
f 3617 3781 3773
f 3617 3772 3781
f 3620 3627 3626
f 3622 3644 3623
f 3623 3644 3782
f 3623 3782 3624
f 3624 3782 3783
f 3624 3783 3784
f 3624 3784 3625
f 3625 3784 3785
f 3625 3785 3626
f 3626 3785 3786
f 3626 3786 3628
f 3628 3786 3787
f 3628 3787 3629
f 3629 3788 3630
f 3629 3787 3789
f 3629 3789 3790
f 3629 3790 3791
f 3629 3791 3788
f 3630 3788 3632
f 3632 3788 3791
f 3632 3791 3792
f 3632 3792 3633
f 3633 3792 3791
f 3633 3791 3793
f 3633 3793 3794
f 3633 3794 3636
f 3633 3636 3635
f 3633 3635 3634
f 3636 3638 3637
f 3636 3794 3638
f 3638 3794 3795
f 3638 3795 3641
f 3638 3641 3639
f 3640 3642 3760
f 3641 3796 3642
f 3641 3795 3797
f 3641 3797 3798
f 3641 3798 3799
f 3641 3799 3796
f 3642 3796 3761
f 3642 3761 3760
f 3643 3652 3644
f 3644 3652 3651
f 3644 3651 3800
f 3644 3800 3782
f 3645 3801 3646
f 3646 3801 3647
f 3647 3801 3802
f 3647 3802 3648
f 3648 3802 3803
f 3648 3803 3649
f 3649 3803 3804
f 3649 3804 3650
f 3650 3804 3653
f 3651 3655 3805
f 3651 3805 3800
f 3653 3804 3806
f 3653 3806 3807
f 3653 3807 3654
f 3654 3808 3655
f 3654 3807 3806
f 3654 3806 3809
f 3654 3809 3810
f 3654 3810 3808
f 3655 3808 3811
f 3655 3811 3812
f 3655 3812 3805
f 3657 3663 3658
f 3658 3672 3659
f 3658 3671 3813
f 3658 3813 3672
f 3665 3754 3666
f 3666 3754 3753
f 3666 3753 3814
f 3666 3814 3667
f 3667 3814 3815
f 3667 3815 3669
f 3669 3815 3816
f 3669 3816 3670
f 3670 3816 3813
f 3670 3813 3671
f 3672 3813 3817
f 3672 3817 3673
f 3673 3818 3674
f 3673 3817 3813
f 3673 3813 3819
f 3673 3819 3820
f 3673 3820 3821
f 3673 3821 3822
f 3673 3822 3818
f 3674 3823 3824
f 3674 3824 3825
f 3674 3825 3826
f 3674 3826 3675
f 3674 3818 3827
f 3674 3827 3823
f 3675 3828 3676
f 3675 3826 3825
f 3675 3825 3828
f 3676 3828 3829
f 3676 3829 3679
f 3677 3830 3831
f 3677 3831 3681
f 3677 3681 3678
f 3677 3680 3832
f 3677 3832 3830
f 3679 3833 3834
f 3679 3834 3680
f 3679 3829 3833
f 3680 3834 3835
f 3680 3835 3832
f 3681 3831 3830
f 3681 3830 3836
f 3681 3836 3686
f 3682 3699 3683
f 3683 3699 3837
f 3683 3837 3838
f 3683 3838 3684
f 3684 3839 3840
f 3684 3840 3841
f 3684 3841 3700
f 3684 3838 3842
f 3684 3842 3839
f 3685 3843 3689
f 3685 3688 3843
f 3686 3844 3687
f 3686 3836 3830
f 3686 3830 3844
f 3687 3844 3845
f 3687 3845 3846
f 3687 3846 3688
f 3688 3847 3848
f 3688 3848 3849
f 3688 3849 3843
f 3688 3846 3850
f 3688 3850 3851
f 3688 3851 3852
f 3688 3852 3853
f 3688 3853 3847
f 3689 3843 3854
f 3689 3854 3855
f 3689 3855 3856
f 3689 3856 3857
f 3689 3857 3858
f 3689 3858 3859
f 3689 3859 3690
f 3690 3859 3692
f 3691 3693 3860
f 3691 3860 3861
f 3691 3861 3862
f 3691 3862 3863
f 3691 3863 3864
f 3691 3864 3694
f 3692 3859 3865
f 3692 3865 3693
f 3693 3865 3866
f 3693 3866 3867
f 3693 3867 3868
f 3693 3868 3869
f 3693 3869 3860
f 3694 3864 3695
f 3695 3864 3863
f 3695 3863 3870
f 3695 3870 3871
f 3695 3871 3872
f 3695 3872 3873
f 3695 3873 3696
f 3696 3873 3874
f 3696 3874 3698
f 3698 3874 3875
f 3698 3875 3699
f 3699 3875 3874
f 3699 3874 3876
f 3699 3876 3837
f 3700 3841 3877
f 3700 3877 3701
f 3701 3877 3878
f 3701 3878 3702
f 3702 3878 3879
f 3702 3879 3703
f 3703 3879 3706
f 3705 3880 3708
f 3705 3707 3881
f 3705 3881 3882
f 3705 3882 3883
f 3705 3883 3884
f 3705 3884 3880
f 3706 3879 3885
f 3706 3885 3886
f 3706 3886 3887
f 3706 3887 3707
f 3707 3888 3881
f 3707 3887 3888
f 3708 3880 3709
f 3709 3880 3889
f 3709 3889 3890
f 3709 3890 3710
f 3710 3891 3892
f 3710 3892 3711
f 3710 3890 3891
f 3711 3892 3893
f 3711 3893 3894
f 3711 3894 3712
f 3712 3894 3716
f 3712 3716 3714
f 3712 3714 3713
f 3716 3894 3893
f 3716 3893 3896
f 3716 3896 3721
f 3717 3895 3718
f 3717 3722 3895
f 3721 3896 3722
f 3722 3896 3897
f 3722 3897 3898
f 3722 3898 3899
f 3722 3899 3895
f 3724 3900 3725
f 3725 3900 3728
f 3726 3901 3934
f 3726 3934 3902
f 3726 3902 3727
f 3726 3728 3901
f 3727 3902 3905
f 3727 3905 3729
f 3728 3900 3903
f 3728 3903 3904
f 3728 3904 3901
f 3729 3905 3906
f 3729 3906 3730
f 3730 3906 3771
f 3730 3771 3731
f 3731 3771 3749
f 3732 3748 3733
f 3733 3748 3735
f 3734 3907 3908
f 3734 3908 3909
f 3734 3909 3910
f 3734 3910 3736
f 3734 3735 3907
f 3735 3748 3911
f 3735 3911 3907
f 3736 3910 3740
f 3736 3740 3737
f 3737 3740 3738
f 3739 3740 3912
f 3739 3912 3756
f 3739 3756 3751
f 3740 3910 3756
f 3740 3756 3912
f 3741 3764 3763
f 3741 3763 3742
f 3742 3763 3745
f 3742 3745 3743
f 3743 3745 3744
f 3745 3913 3914
f 3745 3914 3746
f 3745 3763 3915
f 3745 3915 3913
f 3746 3914 3747
f 3747 3916 3748
f 3747 3914 3917
f 3747 3917 3918
f 3747 3918 3916
f 3748 3916 3919
f 3748 3919 3920
f 3748 3920 3911
f 3749 3771 3750
f 3750 3771 3921
f 3750 3921 3770
f 3751 3756 3755
f 3752 3758 3922
f 3752 3922 3923
f 3752 3923 3821
f 3752 3821 3753
f 3753 3821 3814
f 3756 3910 3924
f 3756 3924 3925
f 3756 3925 3926
f 3756 3926 3927
f 3756 3927 3928
f 3756 3928 3758
f 3756 3758 3757
f 3758 3928 3927
f 3758 3927 3922
f 3759 3929 3763
f 3759 3762 3913
f 3759 3913 3929
f 3761 3930 3931
f 3761 3931 3762
f 3761 3796 3799
f 3761 3799 3930
f 3762 3931 3930
f 3762 3930 3913
f 3763 3929 3915
f 3768 3932 3772
f 3768 3769 3906
f 3768 3906 3932
f 3769 3771 3906
f 3770 3921 3771
f 3772 3902 3933
f 3772 3933 3781
f 3772 3932 3902
f 3773 3775 3774
f 3773 3781 3933
f 3773 3933 3934
f 3773 3934 3775
f 3775 3935 3936
f 3775 3936 3777
f 3775 3934 3904
f 3775 3904 3935
f 3782 3800 3805
f 3782 3805 3937
f 3782 3937 3783
f 3783 3937 3938
f 3783 3938 3939
f 3783 3939 3784
f 3784 3939 3940
f 3784 3940 3785
f 3785 3940 3786
f 3786 3941 3942
f 3786 3942 3789
f 3786 3789 3787
f 3786 3940 3943
f 3786 3943 3944
f 3786 3944 3941
f 3789 3942 3790
f 3790 3942 3945
f 3790 3945 3946
f 3790 3946 3791
f 3791 3946 3947
f 3791 3947 3948
f 3791 3948 3793
f 3793 3948 3949
f 3793 3949 3950
f 3793 3950 3794
f 3794 3950 3951
f 3794 3951 3795
f 3795 3951 3952
f 3795 3952 3953
f 3795 3953 3797
f 3797 3953 3798
f 3798 3953 3799
f 3799 3953 3954
f 3799 3954 3918
f 3799 3918 3955
f 3799 3955 3930
f 3801 3956 3957
f 3801 3957 3958
f 3801 3958 3802
f 3802 3958 3959
f 3802 3959 3803
f 3803 3959 3806
f 3803 3806 3804
f 3805 3812 3960
f 3805 3960 3937
f 3806 3961 3962
f 3806 3962 3809
f 3806 3959 3963
f 3806 3963 3964
f 3806 3964 3961
f 3808 3965 3811
f 3808 3810 3966
f 3808 3966 3965
f 3809 3962 3810
f 3810 3962 3967
f 3810 3967 3968
f 3810 3968 3966
f 3811 3965 3960
f 3811 3960 3812
f 3813 3816 3814
f 3813 3814 3819
f 3814 3820 3819
f 3814 3816 3815
f 3814 3821 3820
f 3818 3822 3827
f 3821 3923 3969
f 3821 3969 3970
f 3821 3970 3822
f 3822 3970 3827
f 3823 3971 3824
f 3823 3827 3972
f 3823 3972 3971
f 3824 3971 3825
f 3825 3971 3829
f 3825 3829 3828
f 3827 3970 3973
f 3827 3973 3974
f 3827 3974 3975
f 3827 3975 3972
f 3829 3971 3972
f 3829 3972 3976
f 3829 3976 3833
f 3830 3832 3844
f 3832 3835 3844
f 3833 3835 3834
f 3833 3976 3835
f 3835 3977 3978
f 3835 3978 3845
f 3835 3845 3844
f 3835 3976 3977
f 3837 3876 3838
f 3838 3876 3979
f 3838 3979 3980
f 3838 3980 3842
f 3839 3842 3981
f 3839 3981 3840
f 3840 3877 3841
f 3840 3981 3982
f 3840 3982 3877
f 3842 3980 3981
f 3843 3849 3983
f 3843 3983 3854
f 3845 3978 3850
f 3845 3850 3846
f 3847 3853 3848
f 3848 3853 3984
f 3848 3984 3985
f 3848 3985 3986
f 3848 3986 3987
f 3848 3987 3988
f 3848 3988 3989
f 3848 3989 3983
f 3848 3983 3849
f 3850 3978 3990
f 3850 3990 3852
f 3850 3852 3851
f 3852 3991 3976
f 3852 3976 3975
f 3852 3975 3974
f 3852 3974 3969
f 3852 3969 3923
f 3852 3923 3992
f 3852 3992 3993
f 3852 3993 3985
f 3852 3985 3984
f 3852 3984 3853
f 3852 3990 3991
f 3854 3983 3994
f 3854 3994 3995
f 3854 3995 3856
f 3854 3856 3855
f 3856 3995 3996
f 3856 3996 3997
f 3856 3997 3998
f 3856 3998 3999
f 3856 3999 3857
f 3857 3999 3858
f 3858 3999 4000
f 3858 4000 4001
f 3858 4001 4002
f 3858 4002 4003
f 3858 4003 3859
f 3859 4003 4004
f 3859 4004 4005
f 3859 4005 3865
f 3860 3869 3861
f 3861 3869 4006
f 3861 4006 4007
f 3861 4007 4008
f 3861 4008 3862
f 3862 4008 4009
f 3862 4009 3863
f 3863 4010 3871
f 3863 3871 3870
f 3863 4009 4011
f 3863 4011 4012
f 3863 4012 4010
f 3865 4005 3866
f 3866 4005 4013
f 3866 4013 3867
f 3867 4014 3869
f 3867 3869 3868
f 3867 4013 4015
f 3867 4015 4016
f 3867 4016 4014
f 3869 4014 4017
f 3869 4017 4006
f 3871 4010 4018
f 3871 4018 3872
f 3872 4019 4020
f 3872 4020 3979
f 3872 3979 3876
f 3872 3876 3874
f 3872 3874 3873
f 3872 4018 4019
f 3877 4021 3878
f 3877 3982 4022
f 3877 4022 4021
f 3878 4021 4023
f 3878 4023 4024
f 3878 4024 3879
f 3879 4024 4025
f 3879 4025 3885
f 3880 3884 4026
f 3880 4026 4027
f 3880 4027 3889
f 3881 3888 3882
f 3882 3888 4028
f 3882 4028 4029
f 3882 4029 3883
f 3883 4029 4030
f 3883 4030 3884
f 3884 4030 4031
f 3884 4031 4032
f 3884 4032 4026
f 3885 4025 4024
f 3885 4024 4033
f 3885 4033 4034
f 3885 4034 3886
f 3886 4035 3887
f 3886 4034 4155
f 3886 4155 4035
f 3887 4035 4028
f 3887 4028 4036
f 3887 4036 3888
f 3888 4036 4028
f 3889 4027 4037
f 3889 4037 4038
f 3889 4038 3890
f 3890 4038 4039
f 3890 4039 3891
f 3891 4040 4041
f 3891 4041 3892
f 3891 4039 4040
f 3892 4041 3896
f 3892 3896 3893
f 3896 4041 3897
f 3897 4041 4042
f 3897 4042 4043
f 3897 4043 3898
f 3901 3904 3934
f 3902 3934 3933
f 3902 3932 3905
f 3903 4044 3935
f 3903 3935 3904
f 3905 3932 3906
f 3907 3911 3920
f 3907 3920 3908
f 3908 4045 4046
f 3908 4046 3909
f 3908 3920 4045
f 3909 4046 4047
f 3909 4047 3924
f 3909 3924 3910
f 3913 3930 3914
f 3913 3915 3929
f 3914 3930 3917
f 3916 3918 3954
f 3916 3954 3919
f 3917 3930 3918
f 3918 3930 3955
f 3919 3954 4048
f 3919 4048 4049
f 3919 4049 4050
f 3919 4050 3920
f 3920 4050 4045
f 3922 3927 4051
f 3922 4051 3923
f 3923 4051 3992
f 3924 4047 3925
f 3925 4047 4052
f 3925 4052 3926
f 3926 4052 4053
f 3926 4053 4054
f 3926 4054 4055
f 3926 4055 4056
f 3926 4056 4057
f 3926 4057 4058
f 3926 4058 4059
f 3926 4059 3927
f 3927 4059 4051
f 3935 4044 3936
f 3937 3960 4060
f 3937 4060 4061
f 3937 4061 3938
f 3938 4061 4062
f 3938 4062 4063
f 3938 4063 4064
f 3938 4064 3939
f 3939 4065 3944
f 3939 3944 3940
f 3939 4064 4066
f 3939 4066 4067
f 3939 4067 4068
f 3939 4068 4065
f 3940 3944 3943
f 3941 3944 4069
f 3941 4069 4070
f 3941 4070 3945
f 3941 3945 3942
f 3944 4065 4069
f 3945 4070 3946
f 3946 4070 4071
f 3946 4071 4072
f 3946 4072 3947
f 3947 4072 4071
f 3947 4071 4073
f 3947 4073 4074
f 3947 4074 4075
f 3947 4075 3948
f 3948 4075 4076
f 3948 4076 3949
f 3949 4056 3950
f 3949 4076 4077
f 3949 4077 4056
f 3950 4056 4055
f 3950 4055 4078
f 3950 4078 4048
f 3950 4048 3951
f 3951 4048 3952
f 3952 4048 3953
f 3953 4048 3954
f 3956 4079 3957
f 3957 4079 4080
f 3957 4080 3958
f 3958 4080 3959
f 3959 4080 4081
f 3959 4081 4082
f 3959 4082 4083
f 3959 4083 3963
f 3960 3965 4084
f 3960 4084 4085
f 3960 4085 4086
f 3960 4086 4060
f 3961 3964 3962
f 3962 3964 4087
f 3962 4087 4088
f 3962 4088 4089
f 3962 4089 4090
f 3962 4090 3968
f 3962 3968 3967
f 3963 4091 3964
f 3963 4083 4092
f 3963 4092 4091
f 3964 4091 4093
f 3964 4093 4087
f 3965 3966 4084
f 3966 3968 4084
f 3968 4090 4089
f 3968 4089 4084
f 3969 3974 3970
f 3970 3974 3973
f 3972 3975 3976
f 3976 3991 3977
f 3977 4094 3978
f 3977 3991 4094
f 3978 4094 3990
f 3979 4095 3980
f 3979 4020 4095
f 3980 4095 3981
f 3981 4095 4096
f 3981 4096 4097
f 3981 4097 3982
f 3982 4098 4022
f 3982 4097 4098
f 3983 3989 3994
f 3985 3993 3986
f 3986 3993 3987
f 3987 3993 4099
f 3987 4099 4100
f 3987 4100 3988
f 3988 4101 3989
f 3988 4100 4102
f 3988 4102 4103
f 3988 4103 4101
f 3989 4101 3996
f 3989 3996 3994
f 3990 4094 3991
f 3992 4051 3993
f 3993 4051 4104
f 3993 4104 4099
f 3994 3996 3995
f 3996 4105 3997
f 3996 4101 4106
f 3996 4106 4107
f 3996 4107 4108
f 3996 4108 4105
f 3997 4105 3998
f 3998 4105 3999
f 3999 4105 4108
f 3999 4108 4000
f 4000 4108 4109
f 4000 4109 4002
f 4000 4002 4001
f 4002 4109 4110
f 4002 4110 4111
f 4002 4111 4112
f 4002 4112 4004
f 4002 4004 4003
f 4004 4112 4005
f 4005 4112 4113
f 4005 4113 4114
f 4005 4114 4013
f 4006 4017 4007
f 4007 4115 4116
f 4007 4116 4009
f 4007 4009 4008
f 4007 4017 4117
f 4007 4117 4115
f 4009 4116 4011
f 4010 4118 4119
f 4010 4119 4018
f 4010 4012 4118
f 4011 4116 4120
f 4011 4120 4012
f 4012 4120 4121
f 4012 4121 4118
f 4013 4114 4015
f 4014 4016 4122
f 4014 4122 4017
f 4015 4114 4123
f 4015 4123 4016
f 4016 4124 4125
f 4016 4125 4122
f 4016 4123 4126
f 4016 4126 4127
f 4016 4127 4124
f 4017 4122 4125
f 4017 4125 4128
f 4017 4128 4117
f 4018 4119 4129
f 4018 4129 4130
f 4018 4130 4131
f 4018 4131 4132
f 4018 4132 4019
f 4019 4133 4134
f 4019 4134 4135
f 4019 4135 4020
f 4019 4132 4133
f 4020 4135 4136
f 4020 4136 4137
f 4020 4137 4096
f 4020 4096 4095
f 4021 4022 4023
f 4022 4098 4023
f 4023 4138 4024
f 4023 4098 4139
f 4023 4139 4140
f 4023 4140 4141
f 4023 4141 4142
f 4023 4142 4143
f 4023 4143 4138
f 4024 4138 4033
f 4026 4032 4144
f 4026 4144 4027
f 4027 4145 4146
f 4027 4146 4038
f 4027 4038 4037
f 4028 4035 4147
f 4028 4147 4148
f 4028 4148 4029
f 4029 4148 4149
f 4029 4149 4150
f 4029 4150 4030
f 4030 4032 4031
f 4030 4150 4151
f 4033 4138 4152
f 4033 4152 4153
f 4033 4153 4034
f 4034 4154 4155
f 4034 4153 4156
f 4034 4156 4154
f 4035 4155 4147
f 4038 4146 4157
f 4038 4157 4158
f 4038 4158 4159
f 4038 4159 4039
f 4039 4159 4160
f 4039 4160 4040
f 4040 4161 4041
f 4040 4160 4161
f 4041 4161 4042
f 4042 4161 4043
f 4043 4161 4162
f 4045 4050 4163
f 4045 4163 4164
f 4045 4164 4047
f 4045 4047 4046
f 4047 4164 4052
f 4048 4078 4165
f 4048 4165 4049
f 4049 4165 4163
f 4049 4163 4050
f 4051 4059 4166
f 4051 4166 4104
f 4052 4164 4053
f 4053 4164 4165
f 4053 4165 4078
f 4053 4078 4054
f 4054 4078 4055
f 4056 4077 4057
f 4057 4077 4058
f 4058 4077 4167
f 4058 4167 4166
f 4058 4166 4059
f 4060 4086 4168
f 4060 4168 4061
f 4061 4168 4062
f 4062 4168 4169
f 4062 4169 4063
f 4063 4170 4066
f 4063 4066 4064
f 4063 4169 4170
f 4065 4068 4171
f 4065 4171 4069
f 4066 4170 4172
f 4066 4172 4067
f 4067 4172 4173
f 4067 4173 4171
f 4067 4171 4068
f 4069 4171 4071
f 4069 4071 4070
f 4071 4171 4173
f 4071 4173 4073
f 4073 4173 4174
f 4073 4174 4074
f 4074 4174 4175
f 4074 4175 4176
f 4074 4176 4075
f 4075 4176 4177
f 4075 4177 4178
f 4075 4178 4076
f 4076 4178 4179
f 4076 4179 4102
f 4076 4102 4180
f 4076 4180 4181
f 4076 4181 4099
f 4076 4099 4182
f 4076 4182 4166
f 4076 4166 4167
f 4076 4167 4077
f 4079 4183 4184
f 4079 4184 4080
f 4080 4184 4185
f 4080 4185 4081
f 4081 4092 4082
f 4081 4185 4092
f 4082 4092 4083
f 4084 4089 4186
f 4084 4186 4187
f 4084 4187 4085
f 4085 4187 4188
f 4085 4188 4189
f 4085 4189 4086
f 4086 4189 4168
f 4087 4093 4190
f 4087 4190 4088
f 4088 4191 4089
f 4088 4190 4192
f 4088 4192 4191
f 4089 4191 4186
f 4091 4193 4194
f 4091 4194 4195
f 4091 4195 4196
f 4091 4196 4093
f 4091 4092 4193
f 4092 4185 4197
f 4092 4197 4193
f 4093 4196 4198
f 4093 4198 4190
f 4096 4137 4098
f 4096 4098 4097
f 4098 4137 4139
f 4099 4104 4182
f 4099 4181 4180
f 4099 4180 4100
f 4100 4180 4102
f 4101 4103 4199
f 4101 4199 4106
f 4102 4179 4200
f 4102 4200 4199
f 4102 4199 4103
f 4104 4166 4182
f 4106 4199 4201
f 4106 4201 4202
f 4106 4202 4107
f 4107 4202 4108
f 4108 4202 4203
f 4108 4203 4110
f 4108 4110 4109
f 4110 4203 4204
f 4110 4204 4205
f 4110 4205 4169
f 4110 4169 4206
f 4110 4206 4111
f 4111 4207 4112
f 4111 4206 4207
f 4112 4207 4208
f 4112 4208 4113
f 4113 4208 4123
f 4113 4123 4114
f 4115 4209 4116
f 4115 4117 4209
f 4116 4209 4120
f 4117 4128 4210
f 4117 4210 4211
f 4117 4211 4209
f 4118 4129 4119
f 4118 4121 4129
f 4120 4209 4212
f 4120 4212 4213
f 4120 4213 4214
f 4120 4214 4121
f 4121 4215 4216
f 4121 4216 4217
f 4121 4217 4130
f 4121 4130 4129
f 4121 4214 4215
f 4123 4208 4218
f 4123 4218 4219
f 4123 4219 4126
f 4124 4210 4128
f 4124 4128 4125
f 4124 4127 4220
f 4124 4220 4210
f 4126 4219 4221
f 4126 4221 4222
f 4126 4222 4223
f 4126 4223 4224
f 4126 4224 4127
f 4127 4224 4220
f 4130 4217 4131
f 4131 4217 4216
f 4131 4216 4225
f 4131 4225 4226
f 4131 4226 4132
f 4132 4226 4227
f 4132 4227 4141
f 4132 4141 4133
f 4133 4141 4134
f 4134 4228 4137
f 4134 4137 4136
f 4134 4136 4135
f 4134 4141 4228
f 4137 4228 4139
f 4138 4143 4152
f 4139 4228 4140
f 4140 4228 4141
f 4141 4227 4142
f 4142 4227 4229
f 4142 4229 4143
f 4143 4229 4230
f 4143 4230 4152
f 4145 4157 4146
f 4147 4155 4154
f 4147 4154 4231
f 4147 4231 4232
f 4147 4232 4148
f 4148 4232 4233
f 4148 4233 4149
f 4149 4233 4150
f 4150 4233 4151
f 4151 4233 4234
f 4152 4230 4235
f 4152 4235 4153
f 4153 4235 4236
f 4153 4236 4156
f 4154 4156 4231
f 4156 4236 4237
f 4156 4237 4238
f 4156 4238 4231
f 4157 4239 4158
f 4158 4239 4162
f 4158 4162 4240
f 4158 4240 4160
f 4158 4160 4159
f 4160 4240 4161
f 4161 4240 4162
f 4163 4165 4164
f 4168 4189 4241
f 4168 4241 4169
f 4169 4241 4242
f 4169 4242 4243
f 4169 4243 4208
f 4169 4208 4207
f 4169 4207 4244
f 4169 4244 4206
f 4169 4205 4172
f 4169 4172 4170
f 4172 4245 4173
f 4172 4205 4245
f 4173 4245 4174
f 4174 4245 4205
f 4174 4205 4175
f 4175 4246 4247
f 4175 4247 4248
f 4175 4248 4176
f 4175 4205 4204
f 4175 4204 4246
f 4176 4248 4177
f 4177 4248 4247
f 4177 4247 4249
f 4177 4249 4200
f 4177 4200 4178
f 4178 4200 4179
f 4183 4250 4251
f 4183 4251 4184
f 4184 4251 4185
f 4185 4251 4197
f 4186 4191 4192
f 4186 4192 4252
f 4186 4252 4253
f 4186 4253 4222
f 4186 4222 4221
f 4186 4221 4187
f 4187 4221 4188
f 4188 4242 4189
f 4188 4221 4219
f 4188 4219 4242
f 4189 4242 4241
f 4190 4198 4254
f 4190 4254 4192
f 4192 4254 4255
f 4192 4255 4252
f 4193 4197 4256
f 4193 4256 4194
f 4194 4256 4257
f 4194 4257 4258
f 4194 4258 4195
f 4195 4258 4259
f 4195 4259 4196
f 4196 4259 4260
f 4196 4260 4198
f 4197 4261 4256
f 4197 4251 4250
f 4197 4250 4261
f 4198 4260 4254
f 4199 4200 4249
f 4199 4249 4201
f 4201 4204 4203
f 4201 4203 4202
f 4201 4249 4247
f 4201 4247 4246
f 4201 4246 4204
f 4206 4244 4207
f 4208 4243 4242
f 4208 4242 4218
f 4209 4211 4212
f 4210 4220 4224
f 4210 4224 4262
f 4210 4262 4211
f 4211 4262 4263
f 4211 4263 4212
f 4212 4263 4213
f 4213 4264 4265
f 4213 4265 4215
f 4213 4215 4214
f 4213 4263 4266
f 4213 4266 4267
f 4213 4267 4268
f 4213 4268 4264
f 4215 4265 4269
f 4215 4269 4270
f 4215 4270 4225
f 4215 4225 4216
f 4218 4242 4219
f 4222 4253 4266
f 4222 4266 4223
f 4223 4266 4224
f 4224 4266 4262
f 4225 4271 4272
f 4225 4272 4226
f 4225 4270 4271
f 4226 4272 4227
f 4227 4272 4229
f 4229 4272 4271
f 4229 4271 4230
f 4230 4271 4273
f 4230 4273 4235
f 4231 4274 4233
f 4231 4233 4232
f 4231 4238 4274
f 4233 4274 4238
f 4233 4238 4275
f 4233 4275 4234
f 4235 4273 4276
f 4235 4276 4236
f 4236 4276 4237
f 4237 4276 4277
f 4237 4277 4278
f 4237 4278 4279
f 4237 4279 4275
f 4237 4275 4280
f 4237 4280 4238
f 4238 4280 4275
f 4250 4281 4261
f 4252 4255 4253
f 4253 4255 4282
f 4253 4282 4283
f 4253 4283 4284
f 4253 4284 4266
f 4254 4260 4285
f 4254 4285 4255
f 4255 4285 4282
f 4256 4261 4286
f 4256 4286 4287
f 4256 4287 4257
f 4257 4287 4288
f 4257 4288 4258
f 4258 4288 4289
f 4258 4289 4259
f 4259 4289 4290
f 4259 4290 4291
f 4259 4291 4292
f 4259 4292 4260
f 4260 4292 4285
f 4261 4281 4286
f 4262 4266 4263
f 4264 4293 4294
f 4264 4294 4269
f 4264 4269 4265
f 4264 4268 4285
f 4264 4285 4295
f 4264 4295 4293
f 4266 4284 4267
f 4267 4284 4283
f 4267 4283 4268
f 4268 4283 4282
f 4268 4282 4285
f 4269 4294 4296
f 4269 4296 4297
f 4269 4297 4298
f 4269 4298 4271
f 4269 4271 4270
f 4271 4298 4273
f 4273 4298 4276
f 4275 4279 4299
f 4276 4298 4300
f 4276 4300 4301
f 4276 4301 4302
f 4276 4302 4303
f 4276 4303 4277
f 4277 4303 4304
f 4277 4304 4305
f 4277 4305 4278
f 4278 4305 4279
f 4279 4305 4306
f 4279 4306 4299
f 4285 4292 4291
f 4285 4291 4307
f 4285 4307 4295
f 4286 4308 4309
f 4286 4309 4287
f 4287 4309 4288
f 4288 4309 4310
f 4288 4310 4311
f 4288 4311 4312
f 4288 4312 4289
f 4289 4312 4313
f 4289 4313 4290
f 4290 4313 4291
f 4291 4313 4295
f 4291 4295 4307
f 4293 4295 4313
f 4293 4313 4314
f 4293 4314 4315
f 4293 4315 4294
f 4294 4315 4316
f 4294 4316 4296
f 4296 4316 4317
f 4296 4317 4318
f 4296 4318 4300
f 4296 4300 4297
f 4297 4300 4298
f 4300 4319 4301
f 4300 4318 4320
f 4300 4320 4319
f 4301 4321 4302
f 4301 4319 4321
f 4302 4321 4303
f 4303 4322 4305
f 4303 4305 4304
f 4303 4321 4323
f 4303 4323 4322
f 4305 4322 4323
f 4305 4323 4324
f 4305 4324 4325
f 4305 4325 4326
f 4305 4326 4306
f 4308 4327 4309
f 4309 4327 4328
f 4309 4328 4310
f 4310 4328 4329
f 4310 4329 4330
f 4310 4330 4331
f 4310 4331 4311
f 4311 4331 4315
f 4311 4315 4314
f 4311 4314 4312
f 4312 4314 4313
f 4315 4331 4316
f 4316 4331 4330
f 4316 4330 4317
f 4317 4330 4318
f 4318 4332 4320
f 4318 4330 4333
f 4318 4333 4332
f 4319 4334 4321
f 4319 4320 4335
f 4319 4335 4334
f 4320 4332 4336
f 4320 4336 4335
f 4321 4337 4323
f 4321 4334 4337
f 4323 4337 4338
f 4323 4338 4339
f 4323 4339 4340
f 4323 4340 4341
f 4323 4341 4324
f 4327 4342 4328
f 4328 4342 4333
f 4328 4333 4330
f 4328 4330 4329
f 4332 4333 4336
f 4333 4342 4343
f 4333 4343 4336
f 4334 4344 4337
f 4334 4335 4344
f 4335 4336 4345
f 4335 4345 4346
f 4335 4346 4347
f 4335 4347 4344
f 4336 4348 4345
f 4336 4343 4348
f 4337 4344 4338
f 4338 4344 4339
f 4339 4344 4349
f 4339 4341 4340
f 4344 4347 4349
f 4345 4350 4351
f 4345 4351 4346
f 4345 4348 4350

