# https://github.com/mikedh/trimesh
v -0.01205561 0.05464884 0.00060721
v -0.00018326 0.03659044 -0.01457870
v -0.00018326 0.03779064 -0.01450218
v -0.00018326 0.03879143 -0.01443842
v -0.00018326 0.03939337 -0.01440017
v -0.00018326 0.03993993 -0.01436555
v -0.00018326 0.04173838 -0.01425261
v -0.00018326 0.04310845 -0.01416699
v -0.00018326 0.04893958 -0.01380264
v -0.00018326 0.05454175 -0.01345287
v -0.00018326 0.05464884 -0.01344740
v -0.01348293 0.05464884 0.00060721
v -0.01205899 0.05460453 0.00060721
v -0.00018326 0.01718782 -0.01582293
v -0.00018326 0.01739093 -0.01580654
v -0.00018326 0.01803719 -0.01576464
v -0.00018326 0.01837694 -0.01574278
v -0.00018326 0.02393479 -0.01538754
v -0.00018326 0.05464884 -0.01457687
v -0.01350325 0.05464884 0.00040500
v -0.01352865 0.05459714 0.00033942
v -0.01360484 0.05438664 0.00034306
v -0.01350156 0.05459714 0.00060721
v -0.01207762 0.05439772 0.00060721
v -0.01439046 0.02878730 0.00060721
v -0.01446157 0.02800070 0.00060721
v -0.01463088 0.02613578 0.00060721
v -0.01479004 0.02438533 0.00060721
v -0.01488655 0.02332546 0.00060721
v -0.01492380 0.02292663 0.00060721
v -0.01493734 0.02278999 0.00060721
v -0.01494412 0.02272351 0.00060721
v -0.01495935 0.02259057 0.00060721
v -0.01498475 0.02238377 0.00060721
v -0.01499491 0.02230621 0.00060721
v -0.01504232 0.02195908 0.00060721
v -0.01506602 0.02180028 0.00060721
v -0.01510327 0.02158979 0.00060721
v -0.01511851 0.02152331 0.00060721
v -0.01515068 0.02139037 0.00060721
v -0.01516592 0.02134605 0.00060721
v -0.01520486 0.02123527 0.00060721
v -0.00018326 0.01702164 -0.01589762
v -0.01287848 0.04552732 0.00060721
v -0.01340505 0.03969619 0.00060721
v -0.00018326 0.05445312 -0.01461695
v -0.00032887 0.05459714 -0.01459327
v -0.00032887 0.05464884 -0.01458234
v -0.01352018 0.05464884 0.00019732
v -0.01360822 0.05442726 0.00014085
v -0.01363531 0.05430909 0.00027930
v -0.01362854 0.05429063 0.00041228
v -0.01357944 0.05439772 0.00053981
v -0.01354896 0.05446419 0.00060721
v -0.01525735 0.02113556 0.00060721
v -0.01640361 0.01924847 0.00060721
v -0.01647642 0.01918200 0.00060721
v -0.01651874 0.01914507 0.00060721
v -0.01655430 0.01911922 0.00060721
v -0.01661356 0.01907860 0.00060721
v -0.01668637 0.01904167 0.00060721
v -0.01692679 0.01892719 0.00060721
v -0.01696573 0.01890872 0.00060721
v -0.00018326 0.01699579 -0.01594499
v -0.01541143 0.02085489 0.00060721
v -0.01559259 0.02053361 0.00060721
v -0.01565524 0.02043021 0.00060721
v -0.01630371 0.01939988 0.00060721
v -0.00018326 0.05439772 -0.01462788
v -0.00032887 0.05439772 -0.01463335
v -0.00052866 0.05459714 -0.01459509
v -0.00052866 0.05464884 -0.01458416
v -0.01352357 0.05464884 0.00014085
v -0.01354388 0.05459714 0.00014085
v -0.01361330 0.05444573 -0.00005954
v -0.01364717 0.05434602 -0.00005954
v -0.01369627 0.05419830 -0.00005954
v -0.01368272 0.05419830 0.00014085
v -0.01365902 0.05421308 0.00034306
v -0.01365225 0.05416507 0.00053981
v -0.01362854 0.05422046 0.00060721
v -0.01361838 0.05425370 0.00060721
v -0.01357097 0.05439772 0.00060721
v -0.01702161 0.01888657 0.00060721
v -0.00018326 0.01693670 -0.01606340
v -0.00018326 0.05419830 -0.01466614
v -0.00052866 0.05439772 -0.01463517
v -0.00032887 0.05419830 -0.01467160
v -0.00080972 0.05464884 -0.01458416
v -0.01353542 0.05464884 -0.00005954
v -0.01355574 0.05459714 -0.00005954
v -0.01361838 0.05446050 -0.00025993
v -0.01365225 0.05436079 -0.00025993
v -0.01370643 0.05419830 -0.00025993
v -0.01375383 0.05399889 -0.00005954
v -0.01373860 0.05399889 0.00014085
v -0.01371997 0.05399889 0.00033942
v -0.01368949 0.05399889 0.00060721
v -0.01708595 0.01887918 0.00060721
v -0.00032887 0.01693301 -0.01606340
v -0.00018326 0.01693301 -0.01611805
v -0.01712828 0.01887549 0.00060721
v -0.00018326 0.05319752 -0.01485195
v -0.00052866 0.05419830 -0.01467342
v -0.00181884 0.05464884 -0.01457870
v -0.00152931 0.05464884 -0.01458052
v -0.00121100 0.05464884 -0.01458234
v -0.00032718 0.05361482 -0.01477908
v -0.00039321 0.05370345 -0.01476451
v -0.00052866 0.05359636 -0.01478637
v -0.01354388 0.05464884 -0.00021439
v -0.01355404 0.05464884 -0.00041114
v -0.01357605 0.05459714 -0.00046032
v -0.01356590 0.05464884 -0.00066071
v -0.01362346 0.05447158 -0.00046032
v -0.01365733 0.05437187 -0.00046032
v -0.01366071 0.05438295 -0.00066071
v -0.01371997 0.05419830 -0.00066071
v -0.01376399 0.05399889 -0.00025993
v -0.01381140 0.05381424 -0.00025993
v -0.01383341 0.05370345 -0.00014334
v -0.01395363 0.05319752 -0.00005954
v -0.01384696 0.05355943 0.00014085
v -0.01376907 0.05379947 0.00033942
v -0.01373860 0.05379947 0.00060721
v -0.00052866 0.01693301 -0.01606340
v -0.00032887 0.01692193 -0.01626379
v -0.00018326 0.01692562 -0.01626379
v -0.01727558 0.01887918 0.00060721
v -0.00092994 0.01693670 -0.01606340
v -0.00018326 0.05305350 -0.01487746
v -0.00032887 0.05299810 -0.01489203
v -0.00032887 0.05339694 -0.01481916
v -0.00132952 0.05399889 -0.01470622
v -0.00072845 0.05339694 -0.01482463
v -0.00112973 0.05369976 -0.01476451
v -0.00249271 0.05464884 -0.01457323
v -0.00152931 0.05379947 -0.01474265
v -0.00052866 0.05299810 -0.01489568
v -0.01357436 0.05464884 -0.00087203
v -0.01359806 0.05460453 -0.00105967
v -0.01363023 0.05449004 -0.00081920
v -0.01363362 0.05450482 -0.00105967
v -0.01372674 0.05419830 -0.00105967
v -0.01377584 0.05399889 -0.00066071
v -0.01377077 0.05399889 -0.00046032
v -0.01381479 0.05382901 -0.00046032
v -0.01396548 0.05319752 -0.00025993
v -0.01400103 0.05299810 -0.00005954
v -0.01393500 0.05319752 0.00014085
v -0.01381648 0.05359636 0.00035581
v -0.01383172 0.05341540 0.00060721
v -0.00018326 0.01699210 -0.01646418
v -0.00072845 0.01692932 -0.01626379
v -0.00032887 0.01699210 -0.01646418
v -0.01730944 0.01890134 0.00060721
v -0.01727897 0.01887918 0.00053981
v -0.01728066 0.01887549 0.00033942
v -0.01523364 0.01828831 -0.00896049
v -0.00932964 0.01750911 -0.01406315
v -0.00907228 0.01748695 -0.01413966
v -0.00292954 0.01702533 -0.01586301
v -0.00272975 0.01701425 -0.01586301
v -0.00233017 0.01699948 -0.01586301
v -0.00152931 0.01695517 -0.01606340
v -0.00018326 0.05279869 -0.01491936
v -0.00032887 0.05279869 -0.01492300
v -0.00072845 0.05299810 -0.01489750
v -0.00092994 0.05339694 -0.01482281
v -0.00152931 0.05369237 -0.01476269
v -0.00272975 0.05464884 -0.01456959
v -0.00052866 0.05279869 -0.01492664
v -0.01358113 0.05464884 -0.00105967
v -0.01358791 0.05464884 -0.00126006
v -0.01359298 0.05464884 -0.00146045
v -0.01363531 0.05450851 -0.00126006
v -0.01366918 0.05439772 -0.00126006
v -0.01372674 0.05419830 -0.00146045
v -0.01378092 0.05399889 -0.00105967
v -0.01377923 0.05399889 -0.00086110
v -0.01384357 0.05374407 -0.00086110
v -0.01384188 0.05373669 -0.00066071
v -0.01397225 0.05319752 -0.00046032
v -0.01401458 0.05301288 -0.00046032
v -0.01401458 0.05297964 -0.00025993
v -0.01403151 0.05289101 -0.00019253
v -0.01402813 0.05286885 -0.00005954
v -0.01401966 0.05282454 0.00014085
v -0.01398241 0.05299810 0.00014085
v -0.01396040 0.05299810 0.00033942
v -0.01392992 0.05299810 0.00060721
v -0.00018326 0.01707334 -0.01658077
v -0.00092994 0.01693670 -0.01626379
v -0.00052866 0.01699579 -0.01646418
v -0.00032887 0.01707334 -0.01658077
v -0.01737548 0.01894565 0.00060721
v -0.01737886 0.01894565 0.00053981
v -0.01728066 0.01887180 -0.00005954
v -0.01553333 0.01836217 -0.00866355
v -0.01523364 0.01828831 -0.00896232
v -0.01065876 0.01768267 -0.01306302
v -0.00920265 0.01749064 -0.01426354
v -0.00910276 0.01748326 -0.01426354
v -0.00893006 0.01747218 -0.01426354
v -0.00272975 0.01700318 -0.01606340
v -0.00233017 0.01698471 -0.01606340
v -0.00213038 0.01697733 -0.01606340
v -0.00018326 0.05240724 -0.01497765
v -0.00020358 0.05250325 -0.01496490
v -0.00072845 0.05279869 -0.01492847
v -0.00092994 0.05299810 -0.01489385
v -0.00092994 0.05319752 -0.01485924
v -0.00112973 0.05339694 -0.01482098
v -0.00172910 0.05379947 -0.01473901
v -0.00112973 0.05319752 -0.01485560
v -0.00233017 0.05419830 -0.01465521
v -0.00272975 0.05458975 -0.01457870
v -0.00291431 0.05464884 -0.01456048
v -0.00172910 0.05357420 -0.01477544
v -0.00072845 0.05263250 -0.01495397
v -0.00052866 0.05239616 -0.01498676
v -0.01359468 0.05464884 -0.00162258
v -0.01360484 0.05461191 -0.00146045
v -0.01360653 0.05461191 -0.00166084
v -0.01366918 0.05439772 -0.00146045
v -0.01372336 0.05419830 -0.00166084
v -0.01377923 0.05399889 -0.00146045
v -0.01378092 0.05399889 -0.00126006
v -0.01363531 0.05451220 -0.00166084
v -0.01360653 0.05460453 -0.00186123
v -0.01384357 0.05374407 -0.00105967
v -0.01397733 0.05319752 -0.00086110
v -0.01397564 0.05319752 -0.00066071
v -0.01392654 0.05339694 -0.00066071
v -0.01401627 0.05302026 -0.00066071
v -0.01403659 0.05292055 -0.00066071
v -0.01403490 0.05290947 -0.00046032
v -0.01403320 0.05290209 -0.00032734
v -0.01404506 0.05281346 -0.00025993
v -0.01407723 0.05259927 -0.00025993
v -0.01410770 0.05239616 -0.00025993
v -0.01416696 0.05199732 -0.00025993
v -0.01415850 0.05199732 -0.00005954
v -0.01406876 0.05259927 -0.00005954
v -0.01404336 0.05276914 -0.00005954
v -0.01403659 0.05272483 0.00014085
v -0.01403320 0.05269898 0.00024651
v -0.01398410 0.05279869 0.00053981
v -0.01402813 0.05255126 0.00060721
v -0.01401966 0.05262881 0.00053981
v -0.01397564 0.05279869 0.00060721
v -0.00018326 0.01716197 -0.01668097
v -0.00112973 0.01694409 -0.01626379
v -0.00072845 0.01700318 -0.01646418
v -0.00094687 0.01702533 -0.01648422
v -0.00072845 0.01708073 -0.01657349
v -0.00052866 0.01716567 -0.01667732
v -0.00018326 0.01726168 -0.01679209
v -0.01744490 0.01904536 0.00060721
v -0.01738056 0.01894935 0.00033942
v -0.01727727 0.01886810 -0.00046032
v -0.01744490 0.01904536 0.00053981
v -0.01586180 0.01846557 -0.00826277
v -0.01584826 0.01847665 -0.00839758
v -0.01568741 0.01843603 -0.00866355
v -0.01531322 0.01832155 -0.00904247
v -0.01727389 0.01886810 -0.00066071
v -0.01521333 0.01829570 -0.00909530
v -0.01363193 0.01808890 -0.01056179
v -0.01365563 0.01808520 -0.01046160
v -0.01063844 0.01768637 -0.01317232
v -0.00953113 0.01754234 -0.01406315
v -0.00932964 0.01752388 -0.01426354
v -0.00908413 0.01748326 -0.01438559
v -0.00292954 0.01701795 -0.01606340
v -0.00252996 0.01702164 -0.01626379
v -0.00192889 0.01698471 -0.01626379
v -0.00172910 0.01697363 -0.01626379
v -0.00018326 0.05219674 -0.01500862
v -0.00032887 0.05219674 -0.01501227
v -0.00032887 0.05239616 -0.01498312
v -0.00092994 0.05279869 -0.01492482
v -0.00092994 0.05262143 -0.01495215
v -0.00233017 0.05399889 -0.01468435
v -0.00312087 0.05464884 -0.01454226
v -0.00272975 0.05439772 -0.01460602
v -0.00104168 0.05250325 -0.01496490
v -0.00072845 0.05239616 -0.01498858
v -0.00052866 0.05219674 -0.01501591
v -0.01359468 0.05464884 -0.00166084
v -0.01359298 0.05464884 -0.00186123
v -0.01371659 0.05419830 -0.00186123
v -0.01377584 0.05399889 -0.00166084
v -0.01363362 0.05450482 -0.00186123
v -0.01381648 0.05382901 -0.00166084
v -0.01384188 0.05373669 -0.00146045
v -0.01392823 0.05339694 -0.00105967
v -0.01360484 0.05457868 -0.00204158
v -0.01363193 0.05449743 -0.00196142
v -0.01397564 0.05319752 -0.00105967
v -0.01401627 0.05302026 -0.00086110
v -0.01403659 0.05292055 -0.00086110
v -0.01405521 0.05279869 -0.00066071
v -0.01408231 0.05259927 -0.00046032
v -0.01414157 0.05219674 -0.00046032
v -0.01419575 0.05179790 -0.00025993
v -0.01418728 0.05179790 -0.00005954
v -0.01414664 0.05199732 0.00014085
v -0.01410262 0.05219674 0.00033942
v -0.01403490 0.05251064 0.00060721
v -0.01401627 0.05261035 0.00060721
v -0.00112973 0.01701795 -0.01645872
v -0.00102645 0.01708811 -0.01656438
v -0.00089269 0.01708442 -0.01656802
v -0.00072845 0.01716936 -0.01667368
v -0.00072845 0.01726907 -0.01678298
v -0.00032887 0.01735770 -0.01689046
v -0.00018326 0.01738355 -0.01692143
v -0.01747199 0.01918939 0.00060721
v -0.01738225 0.01895673 0.00014085
v -0.01747199 0.01918939 0.00053981
v -0.01747029 0.01918939 0.00033942
v -0.01744320 0.01904906 0.00033942
v -0.01726373 0.01887180 -0.00105967
v -0.01724341 0.01888287 -0.00166084
v -0.01723664 0.01888657 -0.00181569
v -0.01723156 0.01889026 -0.00195049
v -0.01706732 0.01886072 -0.00306175
v -0.01705716 0.01886810 -0.00326031
v -0.01686415 0.01886072 -0.00466122
v -0.01684891 0.01887549 -0.00486161
v -0.01683875 0.01888657 -0.00499095
v -0.01565524 0.01846188 -0.00881111
v -0.01682351 0.01890134 -0.00512394
v -0.01680658 0.01892350 -0.00526239
v -0.01684552 0.01906383 -0.00546278
v -0.01683367 0.01908598 -0.00556662
v -0.01593799 0.01859113 -0.00826277
v -0.01587704 0.01858744 -0.00846316
v -0.01581778 0.01851727 -0.00853057
v -0.01549608 0.01842495 -0.00906069
v -0.01554688 0.01840649 -0.00887123
v -0.01517269 0.01831047 -0.00926108
v -0.01503724 0.01828831 -0.00936856
v -0.01507110 0.01828093 -0.00926108
v -0.01492719 0.01826985 -0.00944689
v -0.01485777 0.01828093 -0.00959628
v -0.01345076 0.01808151 -0.01078951
v -0.01045558 0.01767898 -0.01339457
v -0.00973092 0.01760143 -0.01406315
v -0.01326959 0.01807412 -0.01101358
v -0.00984436 0.01768267 -0.01417245
v -0.00914339 0.01752757 -0.01445664
v -0.00898932 0.01750172 -0.01451858
v -0.00885556 0.01748326 -0.01457505
v -0.00312934 0.01706965 -0.01622007
v -0.00291939 0.01705857 -0.01627654
v -0.00863376 0.01748695 -0.01476451
v -0.00272975 0.01708073 -0.01637492
v -0.00252996 0.01706965 -0.01638767
v -0.00213038 0.01705488 -0.01640953
v -0.00192889 0.01704749 -0.01642046
v -0.00152931 0.01703272 -0.01644050
v -0.00018326 0.05199732 -0.01503595
v -0.00032887 0.05199732 -0.01503959
v -0.00092994 0.05252172 -0.01496672
v -0.00205419 0.05351511 -0.01476633
v -0.00317844 0.05464884 -0.01453680
v -0.00252996 0.05399889 -0.01466978
v -0.00311748 0.05458606 -0.01454955
v -0.00092994 0.05239616 -0.01498494
v -0.00092994 0.05199732 -0.01503595
v -0.00072845 0.05219674 -0.01501773
v -0.01358283 0.05464884 -0.00204705
v -0.01370643 0.05419830 -0.00206162
v -0.01376907 0.05399889 -0.00186123
v -0.01383511 0.05370715 -0.00201608
v -0.01395701 0.05319752 -0.00206162
v -0.01362854 0.05448266 -0.00209441
v -0.01357944 0.05459714 -0.00226019
v -0.01399765 0.05299810 -0.00226019
v -0.01402982 0.05287993 -0.00186123
v -0.01403320 0.05289839 -0.00139669
v -0.01404506 0.05281715 -0.00146227
v -0.01405521 0.05279869 -0.00086110
v -0.01411447 0.05239616 -0.00066071
v -0.01419913 0.05179790 -0.00046032
v -0.01422284 0.05161326 -0.00046032
v -0.01422284 0.05158371 -0.00025811
v -0.01421268 0.05159849 -0.00005954
v -0.01417543 0.05179790 0.00014085
v -0.01413141 0.05199732 0.00033942
v -0.01407045 0.05227060 0.00060721
v -0.00132952 0.01709919 -0.01654980
v -0.00152931 0.01729492 -0.01675748
v -0.00112973 0.01718413 -0.01666457
v -0.00112973 0.01728015 -0.01677205
v -0.00112973 0.01747218 -0.01698155
v -0.00092994 0.01746848 -0.01698702
v -0.00072845 0.01746479 -0.01699066
v -0.00032887 0.01745741 -0.01699613
v -0.00018326 0.01748326 -0.01702709
v -0.01747876 0.01938881 0.00060721
v -0.01748045 0.01938881 0.00053981
v -0.01738225 0.01896781 -0.00005954
v -0.01744151 0.01905644 0.00014085
v -0.01746521 0.01918939 0.00014085
v -0.01747707 0.01938881 0.00033942
v -0.01738056 0.01897889 -0.00025993
v -0.01736870 0.01898997 -0.00066071
v -0.01735854 0.01898997 -0.00086110
v -0.01734839 0.01898997 -0.00105967
v -0.01702838 0.01889765 -0.00373214
v -0.01703685 0.01888657 -0.00359915
v -0.01704531 0.01887918 -0.00346070
v -0.01733653 0.01898997 -0.00126006
v -0.01730944 0.01898997 -0.00166084
v -0.01728405 0.01897150 -0.00187398
v -0.01728405 0.01899736 -0.00206162
v -0.01687261 0.01897520 -0.00506018
v -0.01686415 0.01902320 -0.00526239
v -0.01562476 0.01851358 -0.00894410
v -0.01545883 0.01846188 -0.00920096
v -0.01703854 0.01907491 -0.00419668
v -0.01690478 0.01918939 -0.00526239
v -0.01686922 0.01918939 -0.00546278
v -0.01684044 0.01918939 -0.00559394
v -0.01681843 0.01918939 -0.00569414
v -0.01663388 0.01928540 -0.00656857
v -0.01654075 0.01918939 -0.00686187
v -0.01663557 0.01908598 -0.00637182
v -0.01664912 0.01905644 -0.00626252
v -0.01643409 0.01908598 -0.00716792
v -0.01600741 0.01878317 -0.00826459
v -0.01584995 0.01865022 -0.00859979
v -0.01534031 0.01841018 -0.00926472
v -0.01492719 0.01833263 -0.00966186
v -0.01498983 0.01830678 -0.00950337
v -0.01462750 0.01829201 -0.00995698
v -0.01467660 0.01827354 -0.00982217
v -0.01027103 0.01767160 -0.01361318
v -0.01058934 0.01770483 -0.01330713
v -0.00991886 0.01766790 -0.01404311
v -0.01322049 0.01809259 -0.01114656
v -0.01033029 0.01778238 -0.01386276
v -0.01045220 0.01787840 -0.01397753
v -0.00962256 0.01769375 -0.01435645
v -0.00948880 0.01765682 -0.01440199
v -0.00932456 0.01761989 -0.01446575
v -0.00298034 0.01709550 -0.01635123
v -0.00813089 0.01747218 -0.01499951
v -0.00743332 0.01748695 -0.01536386
v -0.00284658 0.01708811 -0.01636581
v -0.00832052 0.01759404 -0.01505599
v -0.00824941 0.01748326 -0.01497401
v -0.00912985 0.01763836 -0.01461513
v -0.00887926 0.01766052 -0.01479366
v -0.00853217 0.01765313 -0.01499769
v -0.00272975 0.01716936 -0.01647511
v -0.00192889 0.01712504 -0.01652066
v -0.00252996 0.01715828 -0.01648786
v -0.00213038 0.01723583 -0.01662449
v -0.00192889 0.01722475 -0.01663542
v -0.00018326 0.05185330 -0.01505417
v -0.00052866 0.05179790 -0.01506692
v -0.00127534 0.05233338 -0.01496854
v -0.00333082 0.05464884 -0.01452040
v -0.00252996 0.05379947 -0.01469164
v -0.00233017 0.05339694 -0.01475358
v -0.00192889 0.05299810 -0.01483556
v -0.00072845 0.05199732 -0.01504324
v -0.00072845 0.05179790 -0.01506692
v -0.00092994 0.05159849 -0.01507967
v -0.01356759 0.05464884 -0.00221282
v -0.01369288 0.05419830 -0.00226019
v -0.01375891 0.05399889 -0.00206162
v -0.01381309 0.05378470 -0.00207437
v -0.01383172 0.05369607 -0.00215088
v -0.01395024 0.05319752 -0.00226019
v -0.01362008 0.05445681 -0.00226019
v -0.01364886 0.05435710 -0.00226019
v -0.01360992 0.05441988 -0.00246058
v -0.01356251 0.05464884 -0.00226019
v -0.01353542 0.05464884 -0.00246422
v -0.01398410 0.05299810 -0.00246058
v -0.01402643 0.05285777 -0.00226019
v -0.01402813 0.05286885 -0.00206162
v -0.01404506 0.05278022 -0.00186123
v -0.01407215 0.05259927 -0.00186123
v -0.01408231 0.05259927 -0.00105967
v -0.01408400 0.05259927 -0.00086110
v -0.01420082 0.05179790 -0.00066071
v -0.01422284 0.05161695 -0.00066071
v -0.01423469 0.05151355 -0.00046032
v -0.01423299 0.05150616 -0.00032369
v -0.01424146 0.05141384 -0.00025811
v -0.01423130 0.05148770 -0.00019071
v -0.01419913 0.05159849 0.00014085
v -0.01422792 0.05145815 -0.00005954
v -0.01422284 0.05139168 0.00014267
v -0.01418389 0.05159849 0.00033942
v -0.01415850 0.05179790 0.00033942
v -0.01411447 0.05199732 0.00053981
v -0.01409924 0.05206379 0.00060721
v -0.00140910 0.01729122 -0.01676294
v -0.00163598 0.01748695 -0.01696516
v -0.00152931 0.01748326 -0.01696880
v -0.00152931 0.01757558 -0.01706899
v -0.00132952 0.01757189 -0.01707628
v -0.00132952 0.01767160 -0.01718194
v -0.00092994 0.01766421 -0.01718923
v -0.00052866 0.01765682 -0.01719652
v -0.00032887 0.01755342 -0.01709632
v -0.00018326 0.01757927 -0.01712729
v -0.01745505 0.01964731 0.00060721
v -0.01746183 0.01958822 0.00053981
v -0.01743474 0.01907860 -0.00025993
v -0.01745675 0.01918939 -0.00005954
v -0.01743304 0.01908968 -0.00036741
v -0.01747029 0.01938881 0.00014085
v -0.01745844 0.01958822 0.00033942
v -0.01745336 0.01958822 0.00014085
v -0.01700468 0.01894935 -0.00406187
v -0.01690817 0.01898997 -0.00486161
v -0.01727050 0.01901582 -0.00226019
v -0.01725696 0.01903798 -0.00246058
v -0.01724341 0.01906383 -0.00266097
v -0.01706055 0.01901582 -0.00386148
v -0.01704701 0.01904906 -0.00406187
v -0.01736193 0.01918939 -0.00166084
v -0.01734669 0.01918939 -0.00186123
v -0.01564677 0.01864653 -0.00898782
v -0.01558921 0.01858375 -0.00905704
v -0.01504740 0.01846927 -0.00978209
v -0.01527936 0.01844711 -0.00942503
v -0.01547746 0.01860221 -0.00926472
v -0.01541312 0.01854682 -0.00933395
v -0.01523026 0.01849512 -0.00955802
v -0.01723495 0.01908229 -0.00277756
v -0.01702838 0.01913030 -0.00432967
v -0.01696235 0.01918939 -0.00486161
v -0.01693695 0.01898997 -0.00466122
v -0.01694880 0.01938881 -0.00506200
v -0.01691663 0.01938881 -0.00526239
v -0.01687938 0.01938881 -0.00546278
v -0.01684552 0.01938881 -0.00561763
v -0.01682351 0.01938881 -0.00571782
v -0.01670330 0.01938881 -0.00626252
v -0.01663388 0.01934080 -0.00656857
v -0.01656446 0.01938881 -0.00686187
v -0.01651366 0.01938881 -0.00706226
v -0.01648996 0.01918939 -0.00706226
v -0.01644763 0.01918939 -0.00721164
v -0.01641715 0.01918939 -0.00731183
v -0.01604466 0.01884594 -0.00819901
v -0.01594138 0.01879055 -0.00846316
v -0.01586858 0.01879055 -0.00863623
v -0.01581778 0.01879055 -0.00873460
v -0.01509142 0.01843603 -0.00966186
v -0.01451914 0.01835479 -0.01025028
v -0.01473925 0.01831786 -0.00987864
v -0.01493057 0.01842495 -0.00985496
v -0.01474094 0.01840649 -0.01006810
v -0.01444464 0.01828462 -0.01017741
v -0.01458856 0.01831047 -0.01006082
v -0.01162724 0.01788948 -0.01255658
v -0.01158491 0.01790794 -0.01266224
v -0.01087887 0.01786732 -0.01342372
v -0.01063844 0.01788578 -0.01377349
v -0.01022701 0.01788948 -0.01416152
v -0.01166957 0.01807043 -0.01300655
v -0.01147824 0.01806674 -0.01321422
v -0.01128523 0.01805935 -0.01341461
v -0.01141729 0.01809997 -0.01334721
v -0.01088226 0.01805197 -0.01381357
v -0.01067739 0.01805197 -0.01399574
v -0.00938721 0.01771591 -0.01453497
v -0.00925345 0.01767529 -0.01457687
v -0.00986129 0.01787101 -0.01438377
v -0.00383876 0.01728753 -0.01636581
v -0.00333082 0.01723214 -0.01642410
v -0.00312934 0.01720998 -0.01644596
v -0.00292446 0.01718782 -0.01646236
v -0.00641912 0.01749064 -0.01575735
v -0.00584345 0.01748695 -0.01596685
v -0.00784644 0.01748695 -0.01517076
v -0.00798020 0.01750541 -0.01513432
v -0.00756707 0.01750911 -0.01533107
v -0.00750781 0.01759404 -0.01545495
v -0.00673066 0.01763467 -0.01581747
v -0.00673066 0.01753496 -0.01569359
v -0.00653087 0.01750541 -0.01573367
v -0.00597721 0.01750172 -0.01594135
v -0.00825619 0.01767529 -0.01517804
v -0.00813089 0.01764205 -0.01521083
v -0.00786507 0.01767160 -0.01538026
v -0.00901302 0.01770114 -0.01475176
v -0.00894360 0.01777869 -0.01487199
v -0.00877090 0.01772699 -0.01492664
v -0.00853217 0.01775653 -0.01509789
v -0.00272975 0.01726907 -0.01658442
v -0.00233017 0.01743525 -0.01682306
v -0.00213038 0.01751280 -0.01693601
v -0.00213038 0.01732446 -0.01672469
v -0.00192889 0.01741309 -0.01684856
v -0.00018326 0.05165388 -0.01507603
v -0.00032887 0.05179790 -0.01506327
v -0.00032887 0.05159849 -0.01508514
v -0.00072845 0.05159849 -0.01508878
v -0.00132952 0.05199732 -0.01499951
v -0.00172910 0.05259927 -0.01489750
v -0.00337823 0.05464884 -0.01451494
v -0.00153947 0.05200840 -0.01497765
v -0.00252996 0.05339694 -0.01473172
v -0.00152592 0.03919026 -0.01615449
v -0.00118730 0.04825270 -0.01536022
v -0.00132275 0.04818992 -0.01535293
v -0.00118560 0.05044999 -0.01515983
v -0.00132952 0.05159849 -0.01503959
v -0.00085205 0.05071957 -0.01516529
v -0.00105523 0.04392090 -0.01576646
v -0.00166646 0.02352857 -0.01756815
v -0.00152931 0.03099566 -0.01690140
v -0.00179683 0.02786037 -0.01716190
v -0.01367256 0.05419830 -0.00246058
v -0.01372674 0.05399889 -0.00246058
v -0.01379786 0.05379947 -0.00226019
v -0.01385373 0.05358159 -0.00226019
v -0.01393500 0.05319752 -0.00246058
v -0.01363870 0.05432017 -0.00246058
v -0.01356251 0.05439772 -0.00286136
v -0.01359806 0.05437926 -0.00264275
v -0.01362346 0.05427216 -0.00269922
v -0.01363193 0.05430171 -0.00256442
v -0.01351341 0.05464884 -0.00262089
v -0.01352526 0.05459714 -0.00266097
v -0.01395701 0.05299810 -0.00266097
v -0.01400611 0.05277653 -0.00264093
v -0.01401966 0.05282454 -0.00246058
v -0.01390960 0.05319752 -0.00266097
v -0.01403659 0.05272483 -0.00246058
v -0.01404167 0.05275806 -0.00226019
v -0.01404336 0.05276914 -0.00206162
v -0.01406876 0.05259927 -0.00206162
v -0.01419405 0.05179790 -0.00146045
v -0.01416527 0.05199732 -0.00146045
v -0.01419913 0.05179790 -0.00086110
v -0.01422284 0.05161695 -0.00086110
v -0.01423469 0.05151724 -0.00066071
v -0.01429395 0.05099654 -0.00066071
v -0.01429225 0.05099654 -0.00046032
v -0.01426517 0.05119596 -0.00025993
v -0.01430749 0.05079712 -0.00025993
v -0.01427702 0.05099654 -0.00005954
v -0.01423469 0.05131782 0.00007891
v -0.01426517 0.05099654 0.00014085
v -0.01422961 0.05128089 0.00021190
v -0.01423807 0.05114795 0.00028841
v -0.01420590 0.05139537 0.00033942
v -0.01416188 0.05159849 0.00053981
v -0.01412463 0.05186438 0.00060721
v -0.00192889 0.01750172 -0.01694876
v -0.00172910 0.01768267 -0.01716919
v -0.00132952 0.01777130 -0.01728214
v -0.00112973 0.01776761 -0.01728578
v -0.00018326 0.01767898 -0.01722931
v -0.01744320 0.01978395 0.00053981
v -0.01740087 0.02019017 0.00060721
v -0.01744151 0.01976918 0.00033942
v -0.01743474 0.01926694 -0.00057691
v -0.01743812 0.01919677 -0.00044393
v -0.01743135 0.01913399 -0.00050040
v -0.01746013 0.01938881 -0.00005954
v -0.01743474 0.01930387 -0.00057691
v -0.01732638 0.02079212 -0.00005954
v -0.01743135 0.01966577 -0.00011966
v -0.01744151 0.01959561 -0.00005590
v -0.01731622 0.02099153 0.00014085
v -0.01707410 0.02339193 -0.00005954
v -0.01719092 0.02219173 -0.00005954
v -0.01732807 0.01918939 -0.00206162
v -0.01738902 0.01918939 -0.00126006
v -0.01736193 0.01938881 -0.00146045
v -0.01734669 0.01938881 -0.00166084
v -0.01731283 0.01938881 -0.00206162
v -0.01727727 0.01938881 -0.00246058
v -0.01575005 0.01879055 -0.00886212
v -0.01566540 0.01879055 -0.00902061
v -0.01561122 0.01879055 -0.00912081
v -0.01463258 0.01848773 -0.01036322
v -0.01486454 0.01845819 -0.01000434
v -0.01552825 0.01879055 -0.00926108
v -0.01543513 0.01867976 -0.00936674
v -0.01518454 0.01857267 -0.00966004
v -0.01728405 0.01918939 -0.00246058
v -0.01724002 0.01918939 -0.00281217
v -0.01707240 0.01918939 -0.00406187
v -0.01704531 0.01919308 -0.00426226
v -0.01703515 0.01926325 -0.00438250
v -0.01700637 0.01938881 -0.00466122
v -0.01698605 0.01958822 -0.00486161
v -0.01695558 0.01958822 -0.00506200
v -0.01703346 0.01967316 -0.00456649
v -0.01692002 0.01958822 -0.00526239
v -0.01687769 0.01958822 -0.00546278
v -0.01682182 0.01958822 -0.00571418
v -0.01663218 0.01947743 -0.00656128
v -0.01661525 0.01939988 -0.00664508
v -0.01655261 0.01958822 -0.00686187
v -0.01650351 0.01958822 -0.00706226
v -0.01645610 0.01958822 -0.00724443
v -0.01645948 0.01938881 -0.00725354
v -0.01643070 0.01938881 -0.00735191
v -0.01639345 0.01938881 -0.00746303
v -0.01636636 0.01918939 -0.00746303
v -0.01605990 0.01898997 -0.00823727
v -0.01602434 0.01898997 -0.00833746
v -0.01597524 0.01898997 -0.00846316
v -0.01587535 0.01898258 -0.00867995
v -0.01582963 0.01891242 -0.00875646
v -0.01432612 0.01834001 -0.01045977
v -0.01452083 0.01845080 -0.01044338
v -0.01466983 0.01845819 -0.01026121
v -0.01439046 0.01831047 -0.01031039
v -0.01425670 0.01827723 -0.01039237
v -0.01317647 0.01811105 -0.01126133
v -0.01279551 0.01810367 -0.01171676
v -0.01242133 0.01809259 -0.01215034
v -0.01204714 0.01808151 -0.01258026
v -0.01173391 0.01804458 -0.01286263
v -0.00962594 0.01789317 -0.01456048
v -0.01044881 0.01807412 -0.01417609
v -0.01008478 0.01804827 -0.01440017
v -0.00992224 0.01799288 -0.01445846
v -0.00973092 0.01793010 -0.01452587
v -0.01378262 0.01831416 -0.01106277
v -0.01339319 0.01831047 -0.01151637
v -0.01306980 0.01826985 -0.01180603
v -0.01320356 0.01830678 -0.01172952
v -0.01180333 0.01810736 -0.01292821
v -0.01161200 0.01810367 -0.01313953
v -0.01262620 0.01829570 -0.01235619
v -0.01242641 0.01829570 -0.01255658
v -0.01101602 0.01810367 -0.01374799
v -0.01081114 0.01811105 -0.01394656
v -0.00949218 0.01784886 -0.01460238
v -0.00526439 0.01748326 -0.01617271
v -0.00467179 0.01747956 -0.01637310
v -0.00398607 0.01749803 -0.01655345
v -0.00333082 0.01732815 -0.01652430
v -0.00312934 0.01730600 -0.01654616
v -0.00287028 0.01728015 -0.01657166
v -0.00773131 0.01764205 -0.01541122
v -0.00758401 0.01770852 -0.01554421
v -0.00733173 0.01765682 -0.01559522
v -0.00713194 0.01771591 -0.01573549
v -0.00688135 0.01786732 -0.01598325
v -0.00644452 0.01788209 -0.01616906
v -0.00633108 0.01765682 -0.01599418
v -0.00613129 0.01762359 -0.01603061
v -0.00539815 0.01749803 -0.01614720
v -0.00799883 0.01770852 -0.01534746
v -0.00853217 0.01785624 -0.01519444
v -0.00825111 0.01787840 -0.01537297
v -0.00792771 0.01778977 -0.01546041
v -0.00785491 0.01787471 -0.01557518
v -0.00773131 0.01774545 -0.01551142
v -0.00925176 0.01787471 -0.01477544
v -0.00887588 0.01785993 -0.01499041
v -0.00252996 0.01754234 -0.01690686
v -0.00233017 0.01752757 -0.01692326
v -0.00213038 0.01761251 -0.01704531
v -0.00018326 0.05145077 -0.01509607
v -0.00052866 0.05073065 -0.01516711
v -0.00052866 0.05083036 -0.01515800
v -0.00018326 0.05045368 -0.01518715
v -0.00032887 0.04919809 -0.01530374
v -0.00072845 0.05039829 -0.01519808
v -0.00353061 0.05464884 -0.01449672
v -0.00323431 0.05430540 -0.01456412
v -0.00331220 0.05438295 -0.01454773
v -0.00152931 0.05099654 -0.01507238
v -0.00166646 0.05194562 -0.01496854
v -0.00252150 0.05319383 -0.01475176
v -0.00179344 0.03225864 -0.01676112
v -0.00144804 0.04571935 -0.01556607
v -0.00132952 0.04939750 -0.01524180
v -0.00131936 0.05018410 -0.01517076
v -0.00144296 0.04791295 -0.01536568
v -0.00151407 0.05018410 -0.01514890
v -0.00084697 0.04851120 -0.01536568
v -0.00138031 0.03046019 -0.01696151
v -0.00152931 0.02319252 -0.01760823
v -0.00172910 0.01999075 -0.01788331
v -0.00186794 0.02112817 -0.01776854
v -0.00172910 0.02439272 -0.01748435
v -0.00206435 0.02092875 -0.01776854
v -0.01365055 0.05420200 -0.00264275
v -0.01370304 0.05399889 -0.00266097
v -0.01377923 0.05379947 -0.00246058
v -0.01384526 0.05354466 -0.00246058
v -0.01383680 0.05351511 -0.00259721
v -0.01380971 0.05358897 -0.00266279
v -0.01353373 0.05439772 -0.00306175
v -0.01360145 0.05418353 -0.00304899
v -0.01361330 0.05423154 -0.00286136
v -0.01364209 0.05413183 -0.00286136
v -0.01345076 0.05464884 -0.00302531
v -0.01346092 0.05460822 -0.00305446
v -0.01349478 0.05459714 -0.00286136
v -0.01392484 0.05299810 -0.00286136
v -0.01396717 0.05279869 -0.00286136
v -0.01388082 0.05319752 -0.00286136
v -0.01397564 0.05259927 -0.00306175
v -0.01401119 0.05258450 -0.00285225
v -0.01402304 0.05264358 -0.00269558
v -0.01403151 0.05269898 -0.00256259
v -0.01382833 0.05348188 -0.00273019
v -0.01381987 0.05344495 -0.00286136
v -0.01364886 0.05379947 -0.00344613
v -0.01405352 0.05259927 -0.00246058
v -0.01411955 0.05219674 -0.00226019
v -0.01415511 0.05199732 -0.00206162
v -0.01418728 0.05179790 -0.00186123
v -0.01421776 0.05159849 -0.00166084
v -0.01422284 0.05157633 -0.00144588
v -0.01423469 0.05151724 -0.00086110
v -0.01433966 0.05059770 -0.00086110
v -0.01442601 0.04983696 -0.00105967
v -0.01435660 0.05039829 -0.00046032
v -0.01443617 0.04972617 -0.00086110
v -0.01447173 0.04939750 -0.00086110
v -0.01443448 0.04971140 -0.00066071
v -0.01439892 0.04999576 -0.00046032
v -0.01437014 0.05019517 -0.00025993
v -0.01443448 0.04951198 -0.00013423
v -0.01438876 0.04979634 0.00014085
v -0.01582963 0.03565983 0.00037949
v -0.01583641 0.03552688 0.00048151
v -0.01443279 0.04930149 0.00024469
v -0.01428040 0.05039829 0.00060721
v -0.01424146 0.05077127 0.00060721
v -0.01418389 0.05139537 0.00053981
v -0.01483237 0.04528728 0.00043050
v -0.01483914 0.04515433 0.00049608
v -0.01473925 0.04599632 0.00060721
v -0.01442601 0.04903190 0.00057988
v -0.01414664 0.05166496 0.00060721
v -0.00191196 0.01761989 -0.01707992
v -0.00183408 0.01769006 -0.01716555
v -0.00183916 0.01788948 -0.01736594
v -0.00172910 0.01788209 -0.01736958
v -0.00132952 0.01787101 -0.01737869
v -0.00112973 0.01786732 -0.01738233
v -0.00032887 0.01775653 -0.01729853
v -0.00018326 0.01778238 -0.01732586
v -0.01722140 0.02199232 0.00033942
v -0.01730098 0.02119095 0.00033942
v -0.01743135 0.01987258 0.00033942
v -0.01740257 0.02019017 0.00053981
v -0.01706224 0.02359135 0.00033942
v -0.01620043 0.03219586 -0.00025993
v -0.01733992 0.02079212 0.00060721
v -0.01728235 0.02139037 0.00053981
v -0.01717907 0.02239115 0.00014085
v -0.01742627 0.01919677 -0.00064978
v -0.01742796 0.01959561 -0.00027815
v -0.01744490 0.01940727 -0.00027815
v -0.01742966 0.01944789 -0.00046032
v -0.01740595 0.01938881 -0.00086110
v -0.01731452 0.02079212 -0.00025993
v -0.01602434 0.03378751 -0.00085928
v -0.01616996 0.03239528 -0.00066071
v -0.01595493 0.03459626 -0.00066071
v -0.01583641 0.03572630 -0.00086110
v -0.01716553 0.01958822 -0.00346070
v -0.01722987 0.01938881 -0.00292147
v -0.01733823 0.01979133 -0.00126006
v -0.01724510 0.02060378 -0.00147138
v -0.01732807 0.01958822 -0.00166084
v -0.01729251 0.01979133 -0.00186123
v -0.01729420 0.01958822 -0.00206162
v -0.01724172 0.01958822 -0.00265550
v -0.01709611 0.01999075 -0.00386148
v -0.01715029 0.01979133 -0.00346070
v -0.01711304 0.01979133 -0.00386148
v -0.01718584 0.01958822 -0.00326031
v -0.01562646 0.01898997 -0.00914995
v -0.01556212 0.01898997 -0.00926108
v -0.01444802 0.01847665 -0.01058183
v -0.01483914 0.01866868 -0.01017194
v -0.01465120 0.01859113 -0.01038508
v -0.01447173 0.01859113 -0.01061280
v -0.01439215 0.01859113 -0.01071299
v -0.01429225 0.01859113 -0.01083505
v -0.01545037 0.01879055 -0.00938678
v -0.01546899 0.01898997 -0.00941593
v -0.01509819 0.01878686 -0.00987318
v -0.01502200 0.01872039 -0.00994787
v -0.01525396 0.01862806 -0.00959081
v -0.01537925 0.01879055 -0.00948697
v -0.01527936 0.01879055 -0.00962542
v -0.01520656 0.01879055 -0.00972562
v -0.01719092 0.01938881 -0.00326031
v -0.01714013 0.01938881 -0.00366109
v -0.01708764 0.01938881 -0.00406187
v -0.01706055 0.01938881 -0.00426226
v -0.01702669 0.01938881 -0.00451184
v -0.01704362 0.01959930 -0.00446994
v -0.01703346 0.01972117 -0.00456649
v -0.01698605 0.01979133 -0.00486161
v -0.01695219 0.01979133 -0.00506200
v -0.01707071 0.01958822 -0.00426226
v -0.01709611 0.01958822 -0.00406187
v -0.01691325 0.01979133 -0.00526239
v -0.01687092 0.01979133 -0.00546278
v -0.01669652 0.01958822 -0.00626252
v -0.01662880 0.01958822 -0.00654489
v -0.01672869 0.01979133 -0.00606213
v -0.01653568 0.01979133 -0.00686187
v -0.01648657 0.01979133 -0.00706226
v -0.01644763 0.01979133 -0.00721710
v -0.01642054 0.01979133 -0.00731730
v -0.01642731 0.01958822 -0.00734462
v -0.01632234 0.01938881 -0.00766343
v -0.01625292 0.01923370 -0.00781281
v -0.01603112 0.01910814 -0.00835932
v -0.01615641 0.01918939 -0.00806238
v -0.01599725 0.01918200 -0.00844677
v -0.01589736 0.01918939 -0.00866355
v -0.01583810 0.01904906 -0.00876921
v -0.01568064 0.01898997 -0.00904976
v -0.01413479 0.01832894 -0.01066927
v -0.01420252 0.01830309 -0.01052536
v -0.01413479 0.01842126 -0.01086238
v -0.01425839 0.01846557 -0.01079497
v -0.01388082 0.01826616 -0.01082230
v -0.01382664 0.01829201 -0.01095528
v -0.00984944 0.01807412 -0.01457505
v -0.00973092 0.01802981 -0.01461149
v -0.00938551 0.01792271 -0.01473536
v -0.01058257 0.01814060 -0.01412873
v -0.01021854 0.01809997 -0.01435462
v -0.01394177 0.01841018 -0.01107005
v -0.01358113 0.01831416 -0.01130141
v -0.01301224 0.01830309 -0.01193902
v -0.01268715 0.01825877 -0.01222320
v -0.01368780 0.01844711 -0.01142711
v -0.01281922 0.01829939 -0.01214851
v -0.01363023 0.01849142 -0.01156010
v -0.01222323 0.01829570 -0.01275515
v -0.01343044 0.01849142 -0.01176049
v -0.01094490 0.01817383 -0.01387915
v -0.01108036 0.01823661 -0.01380993
v -0.01100755 0.01831416 -0.01394291
v -0.01087379 0.01824400 -0.01399392
v -0.00480386 0.01749433 -0.01634941
v -0.00493084 0.01761251 -0.01643686
v -0.00473613 0.01758666 -0.01646418
v -0.00466841 0.01767898 -0.01657531
v -0.00452957 0.01756081 -0.01649151
v -0.00385570 0.01768267 -0.01677023
v -0.00373040 0.01756819 -0.01668279
v -0.00353061 0.01754604 -0.01670465
v -0.00312934 0.01740570 -0.01664818
v -0.00272975 0.01756081 -0.01688864
v -0.00252996 0.01764205 -0.01701070
v -0.00773131 0.01795226 -0.01570452
v -0.00757554 0.01791533 -0.01574096
v -0.00733173 0.01785993 -0.01579196
v -0.00657828 0.01791164 -0.01614356
v -0.00713194 0.01792271 -0.01593224
v -0.00613129 0.01793379 -0.01632755
v -0.00599753 0.01790425 -0.01635123
v -0.00633108 0.01785993 -0.01619092
v -0.00633108 0.01776023 -0.01609437
v -0.00586885 0.01767529 -0.01617817
v -0.00573001 0.01764944 -0.01620185
v -0.00613129 0.01772330 -0.01613081
v -0.00553022 0.01761620 -0.01623829
v -0.00513064 0.01754234 -0.01629476
v -0.00838317 0.01791902 -0.01533653
v -0.00900964 0.01790425 -0.01495033
v -0.00876582 0.01793379 -0.01512339
v -0.00862021 0.01809997 -0.01535657
v -0.00848645 0.01805197 -0.01539301
v -0.00813089 0.01805566 -0.01559158
v -0.00784306 0.01808151 -0.01576828
v -0.00791586 0.01799657 -0.01565534
v -0.00233017 0.01772330 -0.01712911
v -0.00233017 0.01762728 -0.01702892
v -0.00213038 0.01770852 -0.01714551
v -0.00196784 0.01769745 -0.01715644
v -0.00032887 0.04579690 -0.01561344
v -0.00052866 0.04579690 -0.01561526
v -0.00018326 0.04925348 -0.01529646
v -0.00052866 0.04179377 -0.01597778
v -0.00052866 0.03899454 -0.01623100
v -0.00065565 0.03970358 -0.01616542
v -0.00339008 0.04543869 -0.01535839
v -0.00339347 0.04324140 -0.01555878
v -0.00363728 0.05371822 -0.01456594
v -0.00373040 0.05464884 -0.01445846
v -0.00333082 0.05259927 -0.01470986
v -0.00333082 0.05059770 -0.01489385
v -0.00333082 0.04459301 -0.01544402
v -0.00172910 0.05079712 -0.01506692
v -0.00185101 0.05172774 -0.01496672
v -0.00233017 0.05199732 -0.01488475
v -0.00205588 0.02532703 -0.01736776
v -0.00179006 0.03445593 -0.01656073
v -0.00152931 0.04659457 -0.01547681
v -0.00205249 0.02752062 -0.01716737
v -0.00213038 0.02879468 -0.01704167
v -0.00112973 0.03679355 -0.01640589
v -0.00132952 0.02999488 -0.01700706
v -0.00072845 0.03799375 -0.01631662
v -0.00092994 0.03439685 -0.01663178
v -0.00102983 0.03509481 -0.01656438
v -0.00121608 0.02388309 -0.01756450
v -0.00132952 0.02419330 -0.01752989
v -0.00152931 0.02119095 -0.01778858
v -0.00152931 0.01999075 -0.01789606
v -0.00152931 0.01979133 -0.01791245
v -0.00172910 0.01979133 -0.01789788
v -0.00192889 0.01979133 -0.01788148
v -0.00213038 0.01979133 -0.01786327
v -0.00213038 0.01999075 -0.01784687
v -0.00219810 0.02085859 -0.01776125
v -0.00213038 0.02199232 -0.01766470
v -0.01367764 0.05399889 -0.00286136
v -0.01375553 0.05379947 -0.00266097
v -0.01341351 0.05464884 -0.00326031
v -0.01343722 0.05451590 -0.00339512
v -0.01346261 0.05440880 -0.00346070
v -0.01353373 0.05419830 -0.00346070
v -0.01356590 0.05419830 -0.00326031
v -0.01360145 0.05398042 -0.00344613
v -0.01362516 0.05406905 -0.00310911
v -0.01363362 0.05410598 -0.00297430
v -0.01374029 0.05339694 -0.00346070
v -0.01382833 0.05307935 -0.00333683
v -0.01383511 0.05331200 -0.00298341
v -0.01364039 0.05373300 -0.00361191
v -0.01377246 0.05339694 -0.00326031
v -0.01379108 0.05259927 -0.00406187
v -0.01384357 0.05255495 -0.00381958
v -0.01401289 0.05239246 -0.00305264
v -0.01402643 0.05245524 -0.00291236
v -0.01389944 0.05279869 -0.00326031
v -0.01383003 0.05288732 -0.00354815
v -0.01371659 0.05279869 -0.00426226
v -0.01403490 0.05251064 -0.00277938
v -0.01408908 0.05219674 -0.00266097
v -0.01408061 0.05239616 -0.00246058
v -0.01363362 0.05390287 -0.00336962
v -0.01375383 0.05359636 -0.00306175
v -0.01362346 0.05386594 -0.00350260
v -0.01361500 0.05379947 -0.00367202
v -0.01417204 0.05179790 -0.00226019
v -0.01418220 0.05179790 -0.00206162
v -0.01420760 0.05159849 -0.00206162
v -0.01422622 0.05144338 -0.00206162
v -0.01423807 0.05134367 -0.00206162
v -0.01423130 0.05148401 -0.00166084
v -0.01426686 0.05119596 -0.00146045
v -0.01427024 0.05119596 -0.00105967
v -0.01438369 0.05019517 -0.00126006
v -0.01445141 0.04959692 -0.00126006
v -0.01449543 0.04919809 -0.00126006
v -0.01449543 0.04919809 -0.00105967
v -0.01443279 0.04970032 -0.00055141
v -0.01462919 0.04785755 -0.00086110
v -0.01448866 0.04919809 -0.00066071
v -0.01448189 0.04919809 -0.00046032
v -0.01449374 0.04899497 -0.00025993
v -0.01490348 0.04479612 0.00014085
v -0.01465797 0.04739594 -0.00025993
v -0.01503047 0.04366978 -0.00005954
v -0.01643578 0.02971422 0.00047240
v -0.01594138 0.03459626 0.00033942
v -0.01583979 0.03559335 0.00032302
v -0.01557735 0.03799375 0.00053981
v -0.01644086 0.02957389 0.00060721
v -0.01443448 0.04892112 0.00060721
v -0.01416866 0.05146185 0.00060721
v -0.01544021 0.03926043 0.00060721
v -0.01523195 0.04126199 0.00060721
v -0.00213038 0.01780823 -0.01724570
v -0.00197122 0.01790056 -0.01735683
v -0.00191535 0.01797442 -0.01740784
v -0.00152931 0.01812952 -0.01754082
v -0.00132952 0.01811475 -0.01754993
v -0.00112973 0.01809997 -0.01755540
v -0.00096719 0.01809259 -0.01756086
v -0.00083343 0.01808890 -0.01756450
v -0.00072845 0.01808520 -0.01756633
v -0.00052866 0.01785993 -0.01738962
v -0.00032887 0.01807782 -0.01757361
v -0.00018326 0.01807412 -0.01757543
v -0.00018326 0.01797442 -0.01749346
v -0.00018326 0.01785624 -0.01739326
v -0.01696066 0.02459213 0.00014085
v -0.01694203 0.02479155 0.00033942
v -0.01598032 0.03439685 -0.00025993
v -0.01612085 0.03299354 -0.00025993
v -0.01603112 0.03387245 -0.00046032
v -0.01641885 0.02999488 -0.00025993
v -0.01483068 0.04587076 -0.00105967
v -0.01459702 0.04819730 -0.00126006
v -0.01705547 0.02359504 0.00060721
v -0.01722140 0.02199232 0.00053981
v -0.01684213 0.02578126 0.00033942
v -0.01585672 0.03559705 -0.00066071
v -0.01730098 0.02079212 -0.00046032
v -0.01738225 0.01979133 -0.00066071
v -0.01718584 0.02199232 -0.00046032
v -0.01643070 0.02966621 -0.00071354
v -0.01556719 0.03839259 -0.00105967
v -0.01456485 0.04839672 -0.00166084
v -0.01483237 0.04569350 -0.00155700
v -0.01523195 0.04168668 -0.00134750
v -0.01457332 0.04839672 -0.00146045
v -0.01471046 0.04699710 -0.00146045
v -0.01514899 0.04259514 -0.00126006
v -0.01709272 0.01979133 -0.00406187
v -0.01714352 0.01958822 -0.00366109
v -0.01722817 0.02063332 -0.00166084
v -0.01711304 0.02199232 -0.00146045
v -0.01722140 0.02017909 -0.00224926
v -0.01723833 0.02037482 -0.00184119
v -0.01673716 0.02559292 -0.00186123
v -0.01685399 0.02419330 -0.00206162
v -0.01722309 0.01978395 -0.00265550
v -0.01707748 0.01999075 -0.00406187
v -0.01702161 0.02078104 -0.00385237
v -0.01568064 0.01917831 -0.00908073
v -0.01563154 0.01910445 -0.00915906
v -0.01558921 0.01917831 -0.00924650
v -0.01547915 0.01918939 -0.00943596
v -0.01401289 0.01853205 -0.01114110
v -0.01382156 0.01850989 -0.01135060
v -0.01496782 0.01878686 -0.01004989
v -0.01478158 0.01879055 -0.01029582
v -0.01468168 0.01879055 -0.01042334
v -0.01441755 0.01875362 -0.01074396
v -0.01422961 0.01869823 -0.01096075
v -0.01409924 0.01859483 -0.01107005
v -0.01420929 0.01859113 -0.01093524
v -0.01522518 0.01893827 -0.00975112
v -0.01540127 0.01898997 -0.00951612
v -0.01541481 0.01918939 -0.00953616
v -0.01504232 0.01885333 -0.00997519
v -0.01707071 0.01979133 -0.00426226
v -0.01704362 0.01978764 -0.00447723
v -0.01703177 0.01985411 -0.00455374
v -0.01701992 0.01978764 -0.00464483
v -0.01697251 0.01999075 -0.00486161
v -0.01693864 0.01999075 -0.00506200
v -0.01689801 0.01999075 -0.00526239
v -0.01685229 0.01998337 -0.00547007
v -0.01683536 0.01991320 -0.00557208
v -0.01684044 0.01979133 -0.00559394
v -0.01675748 0.01999075 -0.00586174
v -0.01662711 0.02062593 -0.00613500
v -0.01661864 0.02079212 -0.00610038
v -0.01644594 0.02079212 -0.00681268
v -0.01642901 0.02064440 -0.00694384
v -0.01638499 0.02079212 -0.00706226
v -0.01642731 0.02019017 -0.00713877
v -0.01643239 0.02008677 -0.00716063
v -0.01623091 0.02207356 -0.00715516
v -0.01636636 0.01979133 -0.00746303
v -0.01638499 0.01958822 -0.00746303
v -0.01623768 0.02194061 -0.00717702
v -0.01621906 0.01938881 -0.00792758
v -0.01606837 0.01918200 -0.00828099
v -0.01603620 0.01924478 -0.00837025
v -0.01589736 0.01938881 -0.00866355
v -0.01584148 0.01918939 -0.00877832
v -0.01578900 0.01918939 -0.00887852
v -0.01407045 0.01845819 -0.01100811
v -0.00960901 0.01810736 -0.01474994
v -0.00923482 0.01808520 -0.01496672
v -0.00998150 0.01813690 -0.01453315
v -0.00992224 0.01819599 -0.01461149
v -0.00968182 0.01824031 -0.01479548
v -0.00944308 0.01827723 -0.01497219
v -0.00886064 0.01806674 -0.01518351
v -0.01064522 0.01827354 -0.01417245
v -0.01041495 0.01830678 -0.01435280
v -0.01018299 0.01834001 -0.01453133
v -0.01004923 0.01826985 -0.01457687
v -0.01385204 0.01864283 -0.01138521
v -0.01366071 0.01862806 -0.01159471
v -0.01340505 0.01874624 -0.01193355
v -0.01320695 0.01873516 -0.01213758
v -0.01300716 0.01873146 -0.01233797
v -0.01195233 0.01836587 -0.01308306
v -0.01302578 0.01849512 -0.01215762
v -0.01244842 0.01886441 -0.01297922
v -0.01287340 0.01863175 -0.01240356
v -0.01121242 0.01830678 -0.01374617
v -0.01114131 0.01837694 -0.01387369
v -0.01106850 0.01844711 -0.01399028
v -0.00513064 0.01764205 -0.01640589
v -0.00480217 0.01769745 -0.01655527
v -0.00432978 0.01774176 -0.01671558
v -0.00452957 0.01766052 -0.01659170
v -0.00464301 0.01788578 -0.01676659
v -0.00432978 0.01784147 -0.01680484
v -0.00398945 0.01769745 -0.01675384
v -0.00369485 0.01787101 -0.01697973
v -0.00312934 0.01791164 -0.01714369
v -0.00300235 0.01789686 -0.01715826
v -0.00272975 0.01786363 -0.01718741
v -0.00333082 0.01772699 -0.01692690
v -0.00373040 0.01766790 -0.01678298
v -0.00288383 0.01767898 -0.01697609
v -0.00272975 0.01766052 -0.01699066
v -0.00252996 0.01774176 -0.01711089
v -0.00773131 0.01805197 -0.01579196
v -0.00685257 0.01807782 -0.01617271
v -0.00673066 0.01804827 -0.01619639
v -0.00651902 0.01798180 -0.01622189
v -0.00734358 0.01799288 -0.01590309
v -0.00741808 0.01809628 -0.01595774
v -0.00728432 0.01806304 -0.01598507
v -0.00627520 0.01806674 -0.01637856
v -0.00613129 0.01803350 -0.01640406
v -0.00539477 0.01790425 -0.01655163
v -0.00586377 0.01787840 -0.01637492
v -0.00593149 0.01797811 -0.01642957
v -0.00553022 0.01803350 -0.01660628
v -0.00508323 0.01806674 -0.01678116
v -0.00553022 0.01793379 -0.01652976
v -0.00613129 0.01782300 -0.01622736
v -0.00541508 0.01769375 -0.01635852
v -0.00823248 0.01808890 -0.01556425
v -0.00891313 0.01820338 -0.01525273
v -0.00883186 0.01828831 -0.01536386
v -0.00873196 0.01824769 -0.01539483
v -0.00845428 0.01826985 -0.01557700
v -0.00836624 0.01813690 -0.01552782
v -0.00813428 0.01819230 -0.01569724
v -0.00820200 0.01831047 -0.01574824
v -0.00806825 0.01826246 -0.01578286
v -0.00791756 0.01819230 -0.01580654
v -0.00772454 0.01819968 -0.01589580
v -0.00233017 0.01782300 -0.01722931
v -0.00018326 0.04408708 -0.01576646
v -0.00018326 0.03309694 -0.01676477
v -0.00032887 0.03559705 -0.01653887
v -0.00018326 0.03084795 -0.01696880
v -0.00032887 0.03159392 -0.01690140
v -0.00032887 0.02879468 -0.01715462
v -0.00043892 0.03309694 -0.01676477
v -0.00032887 0.02599175 -0.01740784
v -0.00032887 0.02379077 -0.01760640
v -0.00032887 0.01985042 -0.01796164
v -0.00052866 0.02659370 -0.01734954
v -0.00323092 0.03029401 -0.01676477
v -0.00345442 0.04079299 -0.01577010
v -0.00333082 0.02879468 -0.01687771
v -0.00513064 0.01979133 -0.01728942
v -0.00533043 0.01979133 -0.01724388
v -0.00377104 0.05464884 -0.01444571
v -0.00543371 0.02030465 -0.01716555
v -0.00240636 0.05106670 -0.01496126
v -0.00299050 0.03944138 -0.01595956
v -0.00292954 0.03459626 -0.01641135
v -0.00252996 0.03459626 -0.01646054
v -0.00234541 0.02700731 -0.01718012
v -0.00252996 0.03039372 -0.01684674
v -0.00252996 0.02759448 -0.01710361
v -0.00268742 0.03099566 -0.01677205
v -0.00322246 0.03688218 -0.01616360
v -0.00322415 0.03468859 -0.01636399
v -0.00213038 0.02259057 -0.01761005
v -0.00213038 0.02639059 -0.01726210
v -0.00233017 0.02119095 -0.01771571
v -0.00233017 0.02399019 -0.01745884
v -0.00116359 0.03505419 -0.01656073
v -0.00072845 0.03339606 -0.01673015
v -0.00092994 0.03119508 -0.01691961
v -0.00112973 0.02278999 -0.01766652
v -0.00112973 0.01999075 -0.01791792
v -0.00132952 0.02038959 -0.01787237
v -0.00132952 0.02219173 -0.01771024
v -0.00132952 0.01979133 -0.01792520
v -0.00132952 0.01958822 -0.01793978
v -0.00172910 0.01958822 -0.01791063
v -0.00192889 0.01958822 -0.01789241
v -0.00213038 0.01958822 -0.01787237
v -0.00233017 0.01979133 -0.01784141
v -0.00233017 0.01999075 -0.01782501
v -0.00233017 0.02099153 -0.01773393
v -0.01337965 0.05464884 -0.00346070
v -0.01341521 0.05444573 -0.00366109
v -0.01331870 0.05464884 -0.00381230
v -0.01344907 0.05434602 -0.00366109
v -0.01342536 0.05427955 -0.00392524
v -0.01352865 0.05399889 -0.00386148
v -0.01356251 0.05399889 -0.00366109
v -0.01365733 0.05361113 -0.00367202
v -0.01364378 0.05355204 -0.00382323
v -0.01366240 0.05341540 -0.00387788
v -0.01362854 0.05368499 -0.00374489
v -0.01375383 0.05259927 -0.00426226
v -0.01382156 0.05241093 -0.00407280
v -0.01393331 0.05219674 -0.00366109
v -0.01396548 0.05199732 -0.00366109
v -0.01400781 0.05197886 -0.00344431
v -0.01402474 0.05224475 -0.00311458
v -0.01403490 0.05211180 -0.00317287
v -0.01403490 0.05231861 -0.00297977
v -0.01406537 0.05199732 -0.00306175
v -0.01406707 0.05219674 -0.00286136
v -0.01370981 0.05319752 -0.00386148
v -0.01375045 0.05299810 -0.00386148
v -0.01367595 0.05299810 -0.00426226
v -0.01367764 0.05279869 -0.00446083
v -0.01371659 0.05259927 -0.00446083
v -0.01413987 0.05179790 -0.00266097
v -0.01418220 0.05159849 -0.00246058
v -0.01358113 0.05379947 -0.00386148
v -0.01419744 0.05159849 -0.00226019
v -0.01423469 0.05132152 -0.00219825
v -0.01425501 0.05119596 -0.00206162
v -0.01426009 0.05119596 -0.00186123
v -0.01428718 0.05099654 -0.00166084
v -0.01435829 0.05039829 -0.00146045
v -0.01440400 0.04999576 -0.00146045
v -0.01449205 0.04919809 -0.00146045
v -0.01451744 0.04899497 -0.00126006
v -0.01459702 0.04819730 -0.00105967
v -0.01465797 0.04759536 -0.00105967
v -0.01489840 0.04519496 -0.00086110
v -0.01547915 0.03939337 -0.00046032
v -0.01604128 0.03377274 -0.00005954
v -0.01493565 0.04479612 -0.00066071
v -0.01523703 0.04173469 -0.00025993
v -0.01470708 0.04699710 -0.00046032
v -0.01463258 0.04769137 -0.00037106
v -0.01597186 0.03439685 0.00014085
v -0.01641377 0.02999488 0.00033942
v -0.01675240 0.02659370 0.00053981
v -0.01584148 0.03537916 0.00060721
v -0.01562815 0.03744351 0.00060721
v -0.01603112 0.03354378 0.00060721
v -0.01683705 0.02572586 0.00060721
v -0.00213038 0.01791533 -0.01734590
v -0.00213038 0.01801504 -0.01740419
v -0.00172910 0.01815537 -0.01753171
v -0.00152931 0.01823292 -0.01759547
v -0.00132952 0.01821445 -0.01760640
v -0.00112973 0.01820338 -0.01761733
v -0.00052866 0.01834001 -0.01773757
v -0.00072845 0.01818861 -0.01763373
v -0.00018326 0.01832155 -0.01774668
v -0.00052866 0.01818861 -0.01764466
v -0.00018326 0.01818861 -0.01765741
v -0.01620043 0.03219586 -0.00005954
v -0.01539957 0.04019474 -0.00066071
v -0.01467660 0.04739594 -0.00126006
v -0.01481544 0.04599632 -0.00126006
v -0.01477819 0.04639516 -0.00105967
v -0.01451406 0.04899497 -0.00146045
v -0.01702330 0.02390894 0.00060721
v -0.01691663 0.02499097 0.00053981
v -0.01699791 0.02419330 0.00053981
v -0.01664065 0.02776805 0.00033942
v -0.01551640 0.03899454 -0.00086110
v -0.01691663 0.02419330 -0.00126006
v -0.01658139 0.02799332 -0.00086110
v -0.01590921 0.03439685 -0.00166084
v -0.01625461 0.03139450 -0.00086110
v -0.01602773 0.03360287 -0.00107606
v -0.01646626 0.02919352 -0.00086110
v -0.01483576 0.04573043 -0.00142401
v -0.01452591 0.04879556 -0.00166084
v -0.01453268 0.04859614 -0.00186123
v -0.01482898 0.04565657 -0.00166084
v -0.01589397 0.03439685 -0.00186123
v -0.01697589 0.02199232 -0.00306175
v -0.01523703 0.04113274 -0.00200515
v -0.01583471 0.03491386 -0.00197964
v -0.01580085 0.03519452 -0.00206162
v -0.01629863 0.02999488 -0.00206162
v -0.01570942 0.03559705 -0.00266097
v -0.01598032 0.03239528 -0.00306175
v -0.01703515 0.02030465 -0.00417482
v -0.01705547 0.01999075 -0.00426226
v -0.01690478 0.02199232 -0.00386148
v -0.01683198 0.02267181 -0.00394346
v -0.01684552 0.02239484 -0.00406734
v -0.01650012 0.02659370 -0.00346070
v -0.01563661 0.01923739 -0.00916999
v -0.01547915 0.01938881 -0.00943779
v -0.01541651 0.01938881 -0.00953798
v -0.01498137 0.01898997 -0.01009361
v -0.01488147 0.01898997 -0.01022295
v -0.01448866 0.01880532 -0.01067109
v -0.01460210 0.01879055 -0.01052353
v -0.01443279 0.01888657 -0.01076400
v -0.01433120 0.01879055 -0.01086238
v -0.01424654 0.01883117 -0.01097897
v -0.01417204 0.01877209 -0.01105183
v -0.01405860 0.01879055 -0.01119393
v -0.01343552 0.01888287 -0.01196634
v -0.01404167 0.01866499 -0.01117207
v -0.01523534 0.01907121 -0.00976570
v -0.01516761 0.01899736 -0.00984403
v -0.01505586 0.01898997 -0.00999341
v -0.01524380 0.01918939 -0.00977663
v -0.01533015 0.01938881 -0.00966186
v -0.01703854 0.01999075 -0.00440800
v -0.01702669 0.01999075 -0.00450820
v -0.01700468 0.01999075 -0.00466122
v -0.01695388 0.02019017 -0.00486161
v -0.01683198 0.02127958 -0.00495452
v -0.01683875 0.02114664 -0.00498913
v -0.01683198 0.02087705 -0.00515491
v -0.01684552 0.02019017 -0.00541359
v -0.01679811 0.02099153 -0.00526239
v -0.01682520 0.02058901 -0.00532433
v -0.01682182 0.02019017 -0.00551197
v -0.01677272 0.02079212 -0.00546278
v -0.01638837 0.02219173 -0.00646291
v -0.01663726 0.02232837 -0.00537716
v -0.01624445 0.02659370 -0.00520774
v -0.01573482 0.03099566 -0.00546278
v -0.01588720 0.02759448 -0.00626252
v -0.01605313 0.02498728 -0.00667241
v -0.01623429 0.02250194 -0.00696753
v -0.01625800 0.02199970 -0.00707865
v -0.01603281 0.02448873 -0.00696024
v -0.01503555 0.03611775 -0.00616961
v -0.01523364 0.03369888 -0.00636453
v -0.01563661 0.02872452 -0.00677260
v -0.01585164 0.02599175 -0.00701125
v -0.01634435 0.01999075 -0.00746303
v -0.01605821 0.01979133 -0.00822452
v -0.01624953 0.01958822 -0.00780370
v -0.01603112 0.02387571 -0.00715699
v -0.01622752 0.02144207 -0.00734827
v -0.01616318 0.01938881 -0.00806238
v -0.01603620 0.01934818 -0.00837025
v -0.01620890 0.01958822 -0.00790389
v -0.01603281 0.01948482 -0.00836297
v -0.01584148 0.01938881 -0.00877832
v -0.01598032 0.01958822 -0.00846316
v -0.01583810 0.01953652 -0.00877103
v -0.00964457 0.01847296 -0.01497219
v -0.00957684 0.01834001 -0.01492847
v -0.00903503 0.01848404 -0.01536750
v -0.00920435 0.01831416 -0.01514707
v -0.01071971 0.01840279 -0.01420342
v -0.01047590 0.01843972 -0.01439470
v -0.01024563 0.01847296 -0.01457323
v -0.01012203 0.01839910 -0.01460967
v -0.01001367 0.01850989 -0.01475176
v -0.01324081 0.01887180 -0.01217220
v -0.01304441 0.01886441 -0.01237623
v -0.01284800 0.01886441 -0.01257844
v -0.01264821 0.01886441 -0.01278065
v -0.01167973 0.01843603 -0.01340915
v -0.01206407 0.01864283 -0.01319601
v -0.01201497 0.01850989 -0.01314682
v -0.01204545 0.01887180 -0.01337636
v -0.01232312 0.01879794 -0.01305573
v -0.01227741 0.01898997 -0.01320876
v -0.01217582 0.01898997 -0.01330895
v -0.01212164 0.01880163 -0.01325430
v -0.01147655 0.01843972 -0.01360771
v -0.01127507 0.01844342 -0.01380446
v -0.01120057 0.01853205 -0.01393745
v -0.01083993 0.01848035 -0.01416881
v -0.01113284 0.01859483 -0.01402125
v -0.01066384 0.01865022 -0.01438741
v -0.00513064 0.01775284 -0.01650608
v -0.00493084 0.01771960 -0.01653705
v -0.00493084 0.01781931 -0.01662632
v -0.00477677 0.01790794 -0.01674837
v -0.00412999 0.01771591 -0.01673926
v -0.00452280 0.01800396 -0.01689046
v -0.00432978 0.01806304 -0.01698519
v -0.00432978 0.01796334 -0.01690504
v -0.00412999 0.01793379 -0.01692872
v -0.00412999 0.01781562 -0.01682853
v -0.00364236 0.01808520 -0.01716737
v -0.00333082 0.01804089 -0.01720380
v -0.00312934 0.01801134 -0.01722566
v -0.00252996 0.01784147 -0.01720927
v -0.00294309 0.01778608 -0.01706717
v -0.00233017 0.01794118 -0.01732950
v -0.00312934 0.01770483 -0.01694876
v -0.00640896 0.01810367 -0.01635670
v -0.00698632 0.01811844 -0.01614538
v -0.00665108 0.01827723 -0.01637127
v -0.00721998 0.01829570 -0.01615995
v -0.00593149 0.01812952 -0.01653887
v -0.00581467 0.01809997 -0.01655891
v -0.00568091 0.01806674 -0.01658077
v -0.00526101 0.01787840 -0.01657349
v -0.00493084 0.01793379 -0.01672651
v -0.00573001 0.01785255 -0.01639678
v -0.00521529 0.01809628 -0.01675930
v -0.00493592 0.01819599 -0.01691233
v -0.00493084 0.01803350 -0.01680484
v -0.00858804 0.01832894 -0.01553875
v -0.00873027 0.01839171 -0.01549502
v -0.00852540 0.01839171 -0.01561890
v -0.00828666 0.01844342 -0.01579379
v -0.00793957 0.01838802 -0.01591766
v -0.00778549 0.01832155 -0.01594499
v -0.00018326 0.02784929 -0.01724024
v -0.00018326 0.02539350 -0.01746249
v -0.00018326 0.02464753 -0.01752989
v -0.00018326 0.01978764 -0.01796893
v -0.00032887 0.01938881 -0.01800172
v -0.00052866 0.01971747 -0.01796710
v -0.00052866 0.02038959 -0.01790699
v -0.00092994 0.02199232 -0.01774668
v -0.00292954 0.02019017 -0.01772846
v -0.00297865 0.01979133 -0.01775761
v -0.00312934 0.01979133 -0.01773028
v -0.00322246 0.02587727 -0.01716372
v -0.00324447 0.02132759 -0.01756815
v -0.00328172 0.02559292 -0.01717648
v -0.00513064 0.01958822 -0.01730764
v -0.00533043 0.01958822 -0.01725845
v -0.00549636 0.01979133 -0.01719105
v -0.00393189 0.05464884 -0.01439288
v -0.00559794 0.01979133 -0.01715097
v -0.00278732 0.03099566 -0.01675930
v -0.00246731 0.02259057 -0.01756997
v -0.00252996 0.01999075 -0.01779951
v -0.00312934 0.03219586 -0.01660446
v -0.00063364 0.01969162 -0.01796528
v -0.00071152 0.01959192 -0.01797075
v -0.00103153 0.01949221 -0.01796528
v -0.00132952 0.01938881 -0.01794889
v -0.00172910 0.01938881 -0.01791610
v -0.00192889 0.01938881 -0.01789788
v -0.00233017 0.01958822 -0.01785051
v -0.00213038 0.01938881 -0.01787602
v -0.00252996 0.01958822 -0.01782683
v -0.00301928 0.01964362 -0.01776307
v -0.00272975 0.01979133 -0.01779040
v -0.01327467 0.05464884 -0.00406187
v -0.01344399 0.05413552 -0.00406187
v -0.01324589 0.05464884 -0.00421308
v -0.01335933 0.05439772 -0.00406187
v -0.01324420 0.05453436 -0.00441347
v -0.01348632 0.05399889 -0.00406187
v -0.01354050 0.05379947 -0.00406187
v -0.01362008 0.05361113 -0.00387788
v -0.01358791 0.05359636 -0.00406187
v -0.01364209 0.05334524 -0.00406187
v -0.01385542 0.05220782 -0.00407280
v -0.01396040 0.05179790 -0.00386148
v -0.01402304 0.05161326 -0.00367385
v -0.01403151 0.05169450 -0.00355726
v -0.01405521 0.05161326 -0.00347892
v -0.01406368 0.05179790 -0.00326031
v -0.01411617 0.05159849 -0.00306175
v -0.01414157 0.05139537 -0.00306175
v -0.01414157 0.05159849 -0.00286136
v -0.01364209 0.05317906 -0.00424222
v -0.01363362 0.05310151 -0.00436610
v -0.01363362 0.05290209 -0.00456649
v -0.01364378 0.05279869 -0.00461386
v -0.01366579 0.05261404 -0.00467944
v -0.01370812 0.05239616 -0.00466122
v -0.01374198 0.05219674 -0.00466122
v -0.01375045 0.05239616 -0.00446083
v -0.01416358 0.05159849 -0.00266097
v -0.01421098 0.05119596 -0.00266097
v -0.01420590 0.05139537 -0.00246058
v -0.01422961 0.05127720 -0.00233123
v -0.01424315 0.05120334 -0.00226383
v -0.01429733 0.05079712 -0.00206162
v -0.01432781 0.05059770 -0.00186123
v -0.01443109 0.04968924 -0.00173006
v -0.01435490 0.05039829 -0.00166084
v -0.01446496 0.04939750 -0.00166084
v -0.01584148 0.03577800 -0.00025993
v -0.01522687 0.04183439 -0.00025993
v -0.00252996 0.01806674 -0.01737687
v -0.00233017 0.01804089 -0.01739144
v -0.00193905 0.01819968 -0.01752625
v -0.00187810 0.01827354 -0.01757179
v -0.00152931 0.01838802 -0.01767016
v -0.00132952 0.01838802 -0.01769385
v -0.00092994 0.01837325 -0.01772482
v -0.00018326 0.01834740 -0.01776125
v -0.00032887 0.01832894 -0.01774303
v -0.00052866 0.01843972 -0.01778676
v -0.00032887 0.01842864 -0.01779404
v -0.01448527 0.04919809 -0.00166084
v -0.01524211 0.04119921 -0.00185941
v -0.01447342 0.04919809 -0.00186123
v -0.01449374 0.04899497 -0.00186123
v -0.01447850 0.04899497 -0.00206162
v -0.01453607 0.04839672 -0.00206162
v -0.01462750 0.04744395 -0.00206162
v -0.01488147 0.04479612 -0.00206162
v -0.01503385 0.04310476 -0.00217092
v -0.01494073 0.04399476 -0.00226019
v -0.01483068 0.04507309 -0.00233670
v -0.01583133 0.03387614 -0.00314008
v -0.01482560 0.04500292 -0.00246786
v -0.01699791 0.02058901 -0.00426226
v -0.01684552 0.02260165 -0.00387059
v -0.01646287 0.02679312 -0.00366109
v -0.01643070 0.02706270 -0.00373032
v -0.01623260 0.02909012 -0.00375765
v -0.01609546 0.03039372 -0.00386148
v -0.01563323 0.03529423 -0.00375947
v -0.01686245 0.02199232 -0.00426226
v -0.01561799 0.03558228 -0.00364652
v -0.01563661 0.01934449 -0.00916999
v -0.01558921 0.01940358 -0.00924650
v -0.01546899 0.01958822 -0.00941957
v -0.01540635 0.01958822 -0.00951976
v -0.01529629 0.01960299 -0.00968008
v -0.01523872 0.01954760 -0.00977116
v -0.01499491 0.01918939 -0.01011182
v -0.01480189 0.01898997 -0.01032314
v -0.01462073 0.01898997 -0.01054722
v -0.01452760 0.01898997 -0.01066199
v -0.01435829 0.01898997 -0.01086966
v -0.01417543 0.01898997 -0.01109373
v -0.01362685 0.01898997 -0.01175502
v -0.01353711 0.01898997 -0.01186250
v -0.01344230 0.01898997 -0.01197545
v -0.01335594 0.01898997 -0.01207564
v -0.01325605 0.01898997 -0.01219041
v -0.01316631 0.01898997 -0.01229061
v -0.01306642 0.01898997 -0.01240173
v -0.01506941 0.01918939 -0.01001163
v -0.01524550 0.01938881 -0.00978027
v -0.01517269 0.01938881 -0.00988046
v -0.01507280 0.01938881 -0.01001709
v -0.01506602 0.01958822 -0.01000799
v -0.01683367 0.02189261 -0.00456285
v -0.01672700 0.02339193 -0.00426226
v -0.01651366 0.02559292 -0.00426226
v -0.01623091 0.02866543 -0.00413839
v -0.01643239 0.02629088 -0.00436064
v -0.01696573 0.02038959 -0.00466122
v -0.01682690 0.02139037 -0.00491991
v -0.01676933 0.02239115 -0.00466122
v -0.01603789 0.02993949 -0.00458653
v -0.01561799 0.03440054 -0.00445537
v -0.01562476 0.03459626 -0.00430963
v -0.01443617 0.04752888 -0.00377768
v -0.01661864 0.02320359 -0.00505836
v -0.01563154 0.03407926 -0.00455374
v -0.01563831 0.03394631 -0.00458653
v -0.01604636 0.02939294 -0.00482335
v -0.01651874 0.02419330 -0.00506200
v -0.01642562 0.02499097 -0.00512394
v -0.01463088 0.04447484 -0.00435153
v -0.01463766 0.04434189 -0.00438068
v -0.01443617 0.04633238 -0.00437703
v -0.01531492 0.03559705 -0.00526239
v -0.01523026 0.03526468 -0.00575061
v -0.01565016 0.02999488 -0.00623155
v -0.01549947 0.03139450 -0.00626252
v -0.01442771 0.04359592 -0.00554111
v -0.01383172 0.05029858 -0.00516220
v -0.01376569 0.05059770 -0.00526239
v -0.01378431 0.04979634 -0.00546278
v -0.01443279 0.04229232 -0.00596193
v -0.01502708 0.03564505 -0.00634632
v -0.01463766 0.03973681 -0.00617508
v -0.01503216 0.03488801 -0.00655946
v -0.01580254 0.02619117 -0.00708229
v -0.01625292 0.02099153 -0.00741203
v -0.01563831 0.02733967 -0.00717520
v -0.01619535 0.02138298 -0.00744664
v -0.01605821 0.02339193 -0.00722621
v -0.01606329 0.02318144 -0.00727358
v -0.01601757 0.01979133 -0.00832471
v -0.01523703 0.03093288 -0.00717338
v -0.01582455 0.02579233 -0.00714059
v -0.01607006 0.01940727 -0.00828281
v -0.01602773 0.01958822 -0.00835022
v -0.01596001 0.01979133 -0.00846316
v -0.01578900 0.01938881 -0.00887852
v -0.01587704 0.01959930 -0.00867995
v -0.01587535 0.01979133 -0.00864716
v -0.01583133 0.01966947 -0.00875828
v -0.01563154 0.01947743 -0.00915906
v -0.01568064 0.01940358 -0.00908073
v -0.00951758 0.01839910 -0.01500498
v -0.00992563 0.01859483 -0.01486106
v -0.00953282 0.01858375 -0.01510882
v -0.00940753 0.01851358 -0.01514890
v -0.00866254 0.01846188 -0.01558247
v -0.00946679 0.01864653 -0.01518715
v -0.00879461 0.01853205 -0.01554057
v -0.00842042 0.01850620 -0.01575553
v -0.01060966 0.01851358 -0.01434734
v -0.01020669 0.01872039 -0.01474629
v -0.01007293 0.01864283 -0.01479184
v -0.01297329 0.01898997 -0.01250193
v -0.01287340 0.01898997 -0.01260577
v -0.01267530 0.01898997 -0.01280798
v -0.01257710 0.01898997 -0.01290817
v -0.01140883 0.01852097 -0.01374070
v -0.01166110 0.01865022 -0.01359132
v -0.01184227 0.01887549 -0.01357128
v -0.01207593 0.01898997 -0.01340550
v -0.01229942 0.01918939 -0.01323244
v -0.01219953 0.01918939 -0.01333081
v -0.01145623 0.01865391 -0.01378442
v -0.01124459 0.01866499 -0.01397388
v -0.01043527 0.01868346 -0.01456594
v -0.01102279 0.01870561 -0.01415605
v -0.01079760 0.01874254 -0.01433823
v -0.01057410 0.01879055 -0.01452404
v -0.01032690 0.01878686 -0.01469893
v -0.00445168 0.01808151 -0.01696880
v -0.00412999 0.01826246 -0.01718376
v -0.00412999 0.01816275 -0.01710907
v -0.00353061 0.01818861 -0.01726574
v -0.00312934 0.01815537 -0.01732586
v -0.00278563 0.01810367 -0.01735683
v -0.00252996 0.01796703 -0.01730946
v -0.00620070 0.01830678 -0.01655345
v -0.00593149 0.01822923 -0.01660081
v -0.00678484 0.01832155 -0.01634577
v -0.00643775 0.01848404 -0.01656620
v -0.00585869 0.01847296 -0.01677387
v -0.00733173 0.01843603 -0.01619457
v -0.00694061 0.01838802 -0.01632209
v -0.00574017 0.01817383 -0.01663178
v -0.00533043 0.01812583 -0.01673926
v -0.00547434 0.01826616 -0.01677934
v -0.00514249 0.01817383 -0.01683217
v -0.00487328 0.01826616 -0.01697791
v -0.00452957 0.01843972 -0.01719834
v -0.00438226 0.01830678 -0.01715279
v -0.00458544 0.01810736 -0.01695240
v -0.00787692 0.01845449 -0.01598142
v -0.00801068 0.01851727 -0.01595410
v -0.00744686 0.01847665 -0.01617088
v -0.00018326 0.01944420 -0.01799807
v -0.00052866 0.01938881 -0.01799443
v -0.00052866 0.01958822 -0.01797803
v -0.00018326 0.01938881 -0.01800172
v -0.00018326 0.01924478 -0.01799990
v -0.00018326 0.01918939 -0.01799807
v -0.00032887 0.01918939 -0.01799443
v -0.00333082 0.01958822 -0.01770113
v -0.00333082 0.01979133 -0.01768656
v -0.00452957 0.01938881 -0.01744609
v -0.00473105 0.01938881 -0.01740055
v -0.00495624 0.01938881 -0.01734590
v -0.00551329 0.01958822 -0.01719834
v -0.00513064 0.01938881 -0.01730218
v -0.00533043 0.01938881 -0.01724206
v -0.00401824 0.05464884 -0.01435827
v -0.00614652 0.01979133 -0.01693054
v -0.00092994 0.01938881 -0.01797621
v -0.00106878 0.01938881 -0.01796710
v -0.00107893 0.01927063 -0.01796710
v -0.00152931 0.01918939 -0.01791427
v -0.00192889 0.01918939 -0.01787420
v -0.00233017 0.01938881 -0.01785416
v -0.00213038 0.01918939 -0.01785234
v -0.00303283 0.01951067 -0.01776489
v -0.00311240 0.01958084 -0.01774668
v -0.01343214 0.05410229 -0.00416571
v -0.01323065 0.05464884 -0.00428959
v -0.01319340 0.05464884 -0.00446994
v -0.01320864 0.05460083 -0.00447358
v -0.01322896 0.05448635 -0.00454645
v -0.01349309 0.05379947 -0.00426226
v -0.01354558 0.05359636 -0.00426226
v -0.01359976 0.05337848 -0.00424222
v -0.01363193 0.05330092 -0.00416207
v -0.01382833 0.05206749 -0.00433878
v -0.01392315 0.05179790 -0.00406187
v -0.01399087 0.05159849 -0.00386148
v -0.01402982 0.05148031 -0.00374671
v -0.01405183 0.05140645 -0.00367385
v -0.01411278 0.05119596 -0.00346070
v -0.01408908 0.05159849 -0.00326031
v -0.01413987 0.05119596 -0.00326031
v -0.01418897 0.05099654 -0.00306175
v -0.01418897 0.05119596 -0.00286136
v -0.01359976 0.05317906 -0.00444444
v -0.01359806 0.05297964 -0.00464483
v -0.01362008 0.05279869 -0.00471405
v -0.01363023 0.05269528 -0.00475777
v -0.01361838 0.05261404 -0.00487072
v -0.01365902 0.05240354 -0.00487072
v -0.01369627 0.05219674 -0.00486161
v -0.01372505 0.05199732 -0.00486161
v -0.01383849 0.05193454 -0.00438796
v -0.01422622 0.05120334 -0.00247697
v -0.01421098 0.05079712 -0.00306175
v -0.01422792 0.05101500 -0.00267918
v -0.01423130 0.05109256 -0.00255531
v -0.01439215 0.04999576 -0.00186123
v -0.01426855 0.05079712 -0.00246058
v -0.01432442 0.05039829 -0.00226019
v -0.01443787 0.04954891 -0.00186123
v -0.01442771 0.04964862 -0.00186123
v -0.00233017 0.01818861 -0.01746613
v -0.00265187 0.01808520 -0.01736776
v -0.00327664 0.01827723 -0.01737140
v -0.00312934 0.01825508 -0.01738233
v -0.00233017 0.01834371 -0.01753900
v -0.00233017 0.01844342 -0.01758454
v -0.00172910 0.01838802 -0.01764466
v -0.00152931 0.01856159 -0.01774121
v -0.00132952 0.01852835 -0.01775214
v -0.00111788 0.01840649 -0.01772300
v -0.00117714 0.01850250 -0.01775943
v -0.00092994 0.01847296 -0.01777036
v -0.00072845 0.01845819 -0.01777947
v -0.00018326 0.01842126 -0.01779769
v -0.00032887 0.01859113 -0.01785962
v -0.00018326 0.01859113 -0.01786691
v -0.00018326 0.01846557 -0.01781590
v -0.01442093 0.04958584 -0.00205069
v -0.01430749 0.05039829 -0.00246058
v -0.01442263 0.04939381 -0.00226019
v -0.01442940 0.04926456 -0.00232577
v -0.01443617 0.04913161 -0.00239499
v -0.01463258 0.04729992 -0.00216364
v -0.01577037 0.03439685 -0.00326031
v -0.01565524 0.03559705 -0.00326031
v -0.01457840 0.04719652 -0.00286136
v -0.01436675 0.04939750 -0.00286136
v -0.01462750 0.04643947 -0.00310547
v -0.01432781 0.04959692 -0.00306175
v -0.01483068 0.04407600 -0.00334229
v -0.01463258 0.04609603 -0.00336233
v -0.01503385 0.04170514 -0.00357001
v -0.01553841 0.01979133 -0.00926108
v -0.01545714 0.01979133 -0.00940135
v -0.01523703 0.02072934 -0.00956895
v -0.01521333 0.02219173 -0.00933030
v -0.01504063 0.02339193 -0.00937403
v -0.01522518 0.01979133 -0.00975112
v -0.01523195 0.01968055 -0.00976023
v -0.01505417 0.01979133 -0.00999341
v -0.01489502 0.01918939 -0.01023752
v -0.01499830 0.01938881 -0.01011547
v -0.01489840 0.01938881 -0.01024299
v -0.01481374 0.01918939 -0.01033772
v -0.01469861 0.01919308 -0.01047981
v -0.01363193 0.01909706 -0.01176231
v -0.01444972 0.01918939 -0.01078222
v -0.01426686 0.01918939 -0.01100447
v -0.01326621 0.01918939 -0.01220317
v -0.01307996 0.01918939 -0.01241813
v -0.01299192 0.01918939 -0.01251832
v -0.01499153 0.01958822 -0.01010636
v -0.01498137 0.01979133 -0.01009361
v -0.01586858 0.03219586 -0.00426226
v -0.01563154 0.03507634 -0.00394528
v -0.01576021 0.03359548 -0.00406187
v -0.01583302 0.03270180 -0.00416571
v -0.01622414 0.02819274 -0.00450273
v -0.01563492 0.03471444 -0.00417300
v -0.01503555 0.04112166 -0.00397625
v -0.01442940 0.04766183 -0.00373761
v -0.01423977 0.04979634 -0.00360280
v -0.01417035 0.05039829 -0.00366109
v -0.01422961 0.04966339 -0.00374125
v -0.01419405 0.04979634 -0.00386148
v -0.01429395 0.04879556 -0.00386148
v -0.01447342 0.04699710 -0.00386148
v -0.01483068 0.04287211 -0.00414932
v -0.01419575 0.04939750 -0.00406187
v -0.01422453 0.04899497 -0.00412017
v -0.01563154 0.03367673 -0.00475231
v -0.01607853 0.02899410 -0.00486161
v -0.01424485 0.04859614 -0.00421308
v -0.01404336 0.05059770 -0.00420579
v -0.01422114 0.04859614 -0.00431327
v -0.01443956 0.04579690 -0.00458835
v -0.01405014 0.05038351 -0.00426773
v -0.01401458 0.05019517 -0.00448998
v -0.01477650 0.04039416 -0.00546278
v -0.01425670 0.04640254 -0.00507657
v -0.01427194 0.04579690 -0.00526239
v -0.01391130 0.04979634 -0.00506200
v -0.01384357 0.05059770 -0.00500188
v -0.01374198 0.05139537 -0.00506200
v -0.01371997 0.05159849 -0.00506200
v -0.01365563 0.05158002 -0.00526968
v -0.01362516 0.05163172 -0.00534072
v -0.01359468 0.05158002 -0.00544274
v -0.01383003 0.04907991 -0.00555569
v -0.01385712 0.04859614 -0.00562856
v -0.01363023 0.05088206 -0.00555751
v -0.01405352 0.04619574 -0.00581802
v -0.01365733 0.05039829 -0.00562856
v -0.01501015 0.03459626 -0.00670338
v -0.01360822 0.05059770 -0.00569960
v -0.01485438 0.03559705 -0.00681997
v -0.01482560 0.03543087 -0.00694384
v -0.01583133 0.02567416 -0.00715699
v -0.01542328 0.02939294 -0.00713877
v -0.01564677 0.02719195 -0.00719524
v -0.01583302 0.02129066 -0.00836297
v -0.01464951 0.03679355 -0.00700396
v -0.01423130 0.04068590 -0.00696024
v -0.01321711 0.05059770 -0.00672341
v -0.01323912 0.05019517 -0.00677989
v -0.01319171 0.05038351 -0.00684365
v -0.01584995 0.02099153 -0.00840305
v -0.01304102 0.05119596 -0.00698210
v -0.01309689 0.05039829 -0.00706226
v -0.01589228 0.02038959 -0.00846316
v -0.01583471 0.02050407 -0.00856700
v -0.01584148 0.02038959 -0.00857975
v -0.01563323 0.02229144 -0.00856336
v -0.01576021 0.01979133 -0.00886212
v -0.01568064 0.01958822 -0.00904794
v -0.01565016 0.02199232 -0.00859615
v -0.01558413 0.02219173 -0.00867448
v -0.01559090 0.02019017 -0.00908437
v -0.00983758 0.01868346 -0.01496854
v -0.00998320 0.01879055 -0.01493211
v -0.01002552 0.01889765 -0.01496126
v -0.00965303 0.01886072 -0.01517804
v -0.00933980 0.01877209 -0.01532925
v -0.00922636 0.01869454 -0.01536022
v -0.00885048 0.01866499 -0.01557518
v -0.00846444 0.01863914 -0.01578103
v -0.00834423 0.01858005 -0.01582111
v -0.01025749 0.01885333 -0.01478273
v -0.01013558 0.01878686 -0.01483009
v -0.01269562 0.01918939 -0.01282984
v -0.01249921 0.01918939 -0.01303023
v -0.01163063 0.01889395 -0.01376256
v -0.01196756 0.01898997 -0.01350570
v -0.01186767 0.01898997 -0.01359314
v -0.01209963 0.01918939 -0.01342737
v -0.01240101 0.01938881 -0.01313225
v -0.01220122 0.01938881 -0.01333264
v -0.01127676 0.01879055 -0.01399939
v -0.01083993 0.01887549 -0.01436920
v -0.00432131 0.01838064 -0.01721838
v -0.00412999 0.01838802 -0.01726574
v -0.00353061 0.01831786 -0.01734954
v -0.00341040 0.01829570 -0.01736047
v -0.00573001 0.01833632 -0.01673562
v -0.00688135 0.01845449 -0.01638220
v -0.00701511 0.01850620 -0.01635670
v -0.00694061 0.01858005 -0.01641135
v -0.00599075 0.01852835 -0.01675019
v -0.00547434 0.01865022 -0.01697973
v -0.00488513 0.01864653 -0.01718376
v -0.00539646 0.01851727 -0.01695240
v -0.00479709 0.01851358 -0.01715279
v -0.00526270 0.01847296 -0.01697426
v -0.00573001 0.01843603 -0.01679574
v -0.00533043 0.01839910 -0.01690868
v -0.00466333 0.01847296 -0.01717465
v -0.00452957 0.01859113 -0.01727485
v -0.00433316 0.01859483 -0.01733132
v -0.00812581 0.01858744 -0.01592495
v -0.00805639 0.01865022 -0.01597414
v -0.00793957 0.01858744 -0.01600511
v -0.00763311 0.01868715 -0.01616360
v -0.00720643 0.01873146 -0.01635488
v -0.00733173 0.01859113 -0.01625833
v -0.00758062 0.01855420 -0.01614356
v -0.00713701 0.01858005 -0.01633484
v -0.00052866 0.01918939 -0.01798714
v -0.00092994 0.01924109 -0.01797257
v -0.00018326 0.01904906 -0.01798168
v -0.00484280 0.01927063 -0.01736776
v -0.00303283 0.01948482 -0.01776489
v -0.00373040 0.01938881 -0.01761551
v -0.00452957 0.01918939 -0.01743334
v -0.00548620 0.01938881 -0.01718559
v -0.00558779 0.01938881 -0.01714733
v -0.00605340 0.01944420 -0.01697244
v -0.00705066 0.01945158 -0.01657166
v -0.00633108 0.01958822 -0.01686860
v -0.00704728 0.01975440 -0.01656984
v -0.00491899 0.01919677 -0.01733314
v -0.00544725 0.01926694 -0.01717101
v -0.00513064 0.01918939 -0.01726574
v -0.00593149 0.04579690 -0.01444207
v -0.00583837 0.04893219 -0.01416699
v -0.00570292 0.05119596 -0.01399574
v -0.00567922 0.05139537 -0.01398481
v -0.00563858 0.05172774 -0.01396660
v -0.00562165 0.05186068 -0.01395931
v -0.00541678 0.05265097 -0.01395749
v -0.00553022 0.05279869 -0.01388462
v -0.00567752 0.05299810 -0.01378624
v -0.00593149 0.05299810 -0.01366237
v -0.00605171 0.05319752 -0.01357310
v -0.00411644 0.05464884 -0.01430908
v -0.00733173 0.01999075 -0.01643321
v -0.00752136 0.02020863 -0.01633484
v -0.00753152 0.02099153 -0.01625286
v -0.00762972 0.02147900 -0.01616360
v -0.00759078 0.01979133 -0.01634759
v -0.00695077 0.01980980 -0.01660446
v -0.00092994 0.01914138 -0.01795435
v -0.00132952 0.01918939 -0.01793249
v -0.00112973 0.01898997 -0.01790517
v -0.00152931 0.01898997 -0.01786509
v -0.00214562 0.01897150 -0.01779404
v -0.00286182 0.01926325 -0.01777036
v -0.00272975 0.01938881 -0.01780133
v -0.00233017 0.01918939 -0.01783048
v -0.01315785 0.05464884 -0.00461203
v -0.01316293 0.05459714 -0.00466122
v -0.01316970 0.05439772 -0.00486161
v -0.01321541 0.05441249 -0.00467762
v -0.01324758 0.05435341 -0.00462114
v -0.01344907 0.05378470 -0.00444808
v -0.01349648 0.05359636 -0.00446083
v -0.01354558 0.05339694 -0.00446083
v -0.01395193 0.05159849 -0.00406187
v -0.01402643 0.05125504 -0.00393253
v -0.01403828 0.05134737 -0.00379772
v -0.01410601 0.05099654 -0.00366109
v -0.01416019 0.05079712 -0.00346070
v -0.01418728 0.05079712 -0.00326031
v -0.01358283 0.05279869 -0.00486161
v -0.01354388 0.05319752 -0.00466122
v -0.01353880 0.05299810 -0.00486161
v -0.01356928 0.05259927 -0.00506200
v -0.01360992 0.05240354 -0.00506018
v -0.01364039 0.05234076 -0.00499278
v -0.01365225 0.05219674 -0.00503467
v -0.01398072 0.05139537 -0.00406187
v -0.01366410 0.05201579 -0.00508022
v -0.01369627 0.05179790 -0.00506200
v -0.01377415 0.05159849 -0.00486161
v -0.01384019 0.05155786 -0.00459564
v -0.01400950 0.05119226 -0.00404912
v -0.01422792 0.05081559 -0.00287957
v -0.01420760 0.05059770 -0.00326031
v -0.01423130 0.05048692 -0.00315283
v -0.01427024 0.05059770 -0.00266097
v -0.01423807 0.05095961 -0.00262635
v -0.00312934 0.01838802 -0.01744245
v -0.00353061 0.01841757 -0.01739508
v -0.00386585 0.01847665 -0.01736958
v -0.00261970 0.01849512 -0.01756268
v -0.00192889 0.01859113 -0.01769931
v -0.00172402 0.01860590 -0.01773210
v -0.00178667 0.01870561 -0.01775943
v -0.00165291 0.01867976 -0.01776672
v -0.00132952 0.01862806 -0.01778493
v -0.00092994 0.01859113 -0.01781044
v -0.00072845 0.01859113 -0.01782865
v -0.00052866 0.01859113 -0.01784505
v -0.00052866 0.01879055 -0.01790881
v -0.00018326 0.01880163 -0.01793431
v -0.00018326 0.01864653 -0.01788513
v -0.01438538 0.04959692 -0.00246058
v -0.01436675 0.04959692 -0.00266097
v -0.01490517 0.04379534 -0.00286136
v -0.01430919 0.04999576 -0.00286136
v -0.01427024 0.05039829 -0.00286136
v -0.01443617 0.04833025 -0.00318927
v -0.01432442 0.04939750 -0.00326031
v -0.01522518 0.02302633 -0.00914813
v -0.01405691 0.03559705 -0.00860344
v -0.01396886 0.03178226 -0.00944325
v -0.01483576 0.02512022 -0.00936674
v -0.01462919 0.02686697 -0.00935763
v -0.01382495 0.03459626 -0.00914995
v -0.01443109 0.02848078 -0.00935945
v -0.01307657 0.04139494 -0.00902790
v -0.01302917 0.04106627 -0.00915724
v -0.01484761 0.02599175 -0.00918457
v -0.01501692 0.02379077 -0.00933577
v -0.01384019 0.03755430 -0.00857429
v -0.01404336 0.03479568 -0.00877832
v -0.01466305 0.02739137 -0.00920825
v -0.01441078 0.02539350 -0.00993147
v -0.01464612 0.02319252 -0.00998066
v -0.01499322 0.02079212 -0.00990597
v -0.01349648 0.03541240 -0.00948151
v -0.01463427 0.01926325 -0.01056543
v -0.01489163 0.01958822 -0.01023570
v -0.01481205 0.01958822 -0.01033590
v -0.01462919 0.01963623 -0.01055815
v -0.01481713 0.01938881 -0.01034318
v -0.01418389 0.01918939 -0.01110466
v -0.01381817 0.01918939 -0.01154552
v -0.01363531 0.01923001 -0.01176595
v -0.01363531 0.01935557 -0.01176595
v -0.01326282 0.01938881 -0.01219770
v -0.01307488 0.01938881 -0.01241266
v -0.01279382 0.01938881 -0.01272236
v -0.01269392 0.01938881 -0.01282802
v -0.01259911 0.01938881 -0.01292821
v -0.01298684 0.01938881 -0.01251104
v -0.01279043 0.01958822 -0.01271689
v -0.01488147 0.01979133 -0.01022477
v -0.01482052 0.02079212 -0.01014462
v -0.01485777 0.02019017 -0.01019380
v -0.01444802 0.02479155 -0.00998248
v -0.01453268 0.04699710 -0.00346070
v -0.01423638 0.05013240 -0.00338966
v -0.01422114 0.05019887 -0.00345706
v -0.01456485 0.04639516 -0.00366109
v -0.01420082 0.05039829 -0.00346070
v -0.01412971 0.05079712 -0.00366109
v -0.01413310 0.05039829 -0.00386148
v -0.01409416 0.05039829 -0.00406187
v -0.01403659 0.05073065 -0.00417664
v -0.01386728 0.05119596 -0.00466122
v -0.01392992 0.05059770 -0.00466122
v -0.01402643 0.05044260 -0.00433878
v -0.01385542 0.05080081 -0.00487436
v -0.01380294 0.05137691 -0.00484157
v -0.01363193 0.05209334 -0.00516037
v -0.01364039 0.05196039 -0.00518406
v -0.01361500 0.05179790 -0.00531340
v -0.01356251 0.05179790 -0.00546278
v -0.01348801 0.05179790 -0.00566135
v -0.01345245 0.05159849 -0.00581620
v -0.01346769 0.04920547 -0.00647930
v -0.01343722 0.04914269 -0.00657585
v -0.01326113 0.05038351 -0.00667241
v -0.01343383 0.04851120 -0.00676531
v -0.01320018 0.05100392 -0.00665055
v -0.01312906 0.05159849 -0.00666148
v -0.01304948 0.05179790 -0.00680175
v -0.01301732 0.05159849 -0.00692927
v -0.01285308 0.05119596 -0.00741021
v -0.01303594 0.05052754 -0.00716974
v -0.01304271 0.05039829 -0.00718795
v -0.01503893 0.02734336 -0.00857429
v -0.01302917 0.04987020 -0.00735555
v -0.01285477 0.05039829 -0.00761424
v -0.01279890 0.05059770 -0.00768893
v -0.01283615 0.04993298 -0.00777091
v -0.01302917 0.04746980 -0.00795672
v -0.01559936 0.02099153 -0.00890038
v -0.00941260 0.01893458 -0.01535293
v -0.01029473 0.01898997 -0.01481005
v -0.01012711 0.01897520 -0.01491936
v -0.01005939 0.01903059 -0.01498130
v -0.00927885 0.01882748 -0.01539119
v -0.00888942 0.01879055 -0.01559522
v -0.00902149 0.01890872 -0.01555878
v -0.00873196 0.01879055 -0.01568084
v -0.00850338 0.01879055 -0.01580107
v -0.00833238 0.01879055 -0.01588669
v -0.01061643 0.01892719 -0.01455319
v -0.01249921 0.01938881 -0.01303205
v -0.01172375 0.01897150 -0.01370609
v -0.01165095 0.01902690 -0.01377896
v -0.01141221 0.01895304 -0.01394838
v -0.01096014 0.01898997 -0.01430908
v -0.01106004 0.01883856 -0.01418520
v -0.01199127 0.01918939 -0.01352756
v -0.01189137 0.01918939 -0.01361318
v -0.01177116 0.01918939 -0.01371338
v -0.01210132 0.01938881 -0.01342919
v -0.01239762 0.01958822 -0.01312860
v -0.01219445 0.01979133 -0.01332535
v -0.01086025 0.01898997 -0.01438559
v -0.01064183 0.01906013 -0.01457141
v -0.01054193 0.01898997 -0.01462788
v -0.00412999 0.01853205 -0.01734772
v -0.00373040 0.01835479 -0.01732950
v -0.00399792 0.01850250 -0.01735865
v -0.00707268 0.01863914 -0.01638038
v -0.00663246 0.01868715 -0.01656438
v -0.00612451 0.01859483 -0.01672287
v -0.00605340 0.01866130 -0.01677205
v -0.00560810 0.01871669 -0.01695605
v -0.00501719 0.01870192 -0.01716008
v -0.00508492 0.01883487 -0.01718376
v -0.00494270 0.01877578 -0.01721291
v -0.00473105 0.01879055 -0.01728760
v -0.00472936 0.01858375 -0.01720745
v -0.00453803 0.01878317 -0.01734225
v -0.00440089 0.01871300 -0.01735683
v -0.00426713 0.01866499 -0.01737322
v -0.00819693 0.01879055 -0.01594863
v -0.00753152 0.01879055 -0.01623282
v -0.00676791 0.01879055 -0.01654069
v -0.00731987 0.01879424 -0.01632209
v -0.00724538 0.01886441 -0.01636945
v -0.00681362 0.01892350 -0.01655709
v -0.00018326 0.01899736 -0.01797439
v -0.00052866 0.01906752 -0.01796893
v -0.00071491 0.01918200 -0.01797621
v -0.00063872 0.01908598 -0.01796528
v -0.00473105 0.01919677 -0.01738415
v -0.00292785 0.01940727 -0.01777400
v -0.00299388 0.01935188 -0.01775761
v -0.00311240 0.01940727 -0.01774121
v -0.00333082 0.01938881 -0.01769749
v -0.00353061 0.01938881 -0.01765741
v -0.00432978 0.01918939 -0.01747524
v -0.00432978 0.01898997 -0.01743881
v -0.00453803 0.01898258 -0.01739144
v -0.00466333 0.01904536 -0.01737322
v -0.00588239 0.01918939 -0.01698519
v -0.00613129 0.01918939 -0.01688864
v -0.00594504 0.01938142 -0.01700523
v -0.00773131 0.01958822 -0.01630023
v -0.00760432 0.01958822 -0.01635306
v -0.00733173 0.01958822 -0.01646418
v -0.00705744 0.01958822 -0.01657531
v -0.00712347 0.01938511 -0.01652976
v -0.00733173 0.01938881 -0.01644596
v -0.00758231 0.01938881 -0.01634395
v -0.00479709 0.01913769 -0.01735501
v -0.00473105 0.01898258 -0.01734043
v -0.00493084 0.01898997 -0.01728214
v -0.00526778 0.01903798 -0.01717830
v -0.00591964 0.01899736 -0.01692143
v -0.00613129 0.01898997 -0.01683946
v -0.00573001 0.01918939 -0.01704349
v -0.00514249 0.01897889 -0.01720745
v -0.00603647 0.04611819 -0.01436555
v -0.00585361 0.04879556 -0.01417427
v -0.00668494 0.03519452 -0.01518715
v -0.00584853 0.05079712 -0.01397206
v -0.00582144 0.05105193 -0.01395749
v -0.00575541 0.05159849 -0.01392834
v -0.00604832 0.05176467 -0.01377167
v -0.00591795 0.05199732 -0.01380446
v -0.00557593 0.05219674 -0.01393927
v -0.00580620 0.05279869 -0.01375163
v -0.00601784 0.05199732 -0.01375710
v -0.00586208 0.05239616 -0.01377896
v -0.00624642 0.05255126 -0.01357128
v -0.00618208 0.05299810 -0.01353849
v -0.00615160 0.05319752 -0.01352210
v -0.00538122 0.05419830 -0.01373706
v -0.00509847 0.05464884 -0.01379900
v -0.00603308 0.05330462 -0.01356399
v -0.00588070 0.05359636 -0.01358950
v -0.00773131 0.01979133 -0.01628747
v -0.00766189 0.02119095 -0.01617817
v -0.00799544 0.01999075 -0.01614720
v -0.00780581 0.02079212 -0.01615267
v -0.00763649 0.02531226 -0.01576646
v -0.00724368 0.02899410 -0.01556972
v -0.00601784 0.04823793 -0.01415788
v -0.00052866 0.01896781 -0.01795071
v -0.00092994 0.01898997 -0.01792338
v -0.00092994 0.01879055 -0.01787237
v -0.00132952 0.01879055 -0.01783230
v -0.00172402 0.01877947 -0.01778676
v -0.00233017 0.01891611 -0.01775761
v -0.00233017 0.01901582 -0.01778493
v -0.00271451 0.01919308 -0.01777765
v -0.00277039 0.01913030 -0.01775396
v -0.00292785 0.01919308 -0.01774303
v -0.00360850 0.01890503 -0.01756086
v -0.00368469 0.01903798 -0.01757543
v -0.00333082 0.01918939 -0.01767016
v -0.00387432 0.01923739 -0.01757361
v -0.00252996 0.01918939 -0.01780315
v -0.00252996 0.01906013 -0.01777218
v -0.00263663 0.01908598 -0.01776489
v -0.01314430 0.05464884 -0.00466486
v -0.01308674 0.05464884 -0.00486161
v -0.01310875 0.05439772 -0.00506200
v -0.01316970 0.05419830 -0.00506200
v -0.01323065 0.05409490 -0.00495816
v -0.01327298 0.05401735 -0.00487983
v -0.01343552 0.05371084 -0.00457560
v -0.01344907 0.05358528 -0.00465029
v -0.01349478 0.05339694 -0.00466122
v -0.01403490 0.05112210 -0.00397443
v -0.01404675 0.05119226 -0.00386331
v -0.01407045 0.05099654 -0.00386148
v -0.01347108 0.05300918 -0.00507475
v -0.01352526 0.05279869 -0.00506200
v -0.01348970 0.05319752 -0.00486161
v -0.01351002 0.05259927 -0.00526239
v -0.01355066 0.05239616 -0.00526239
v -0.01362346 0.05219674 -0.00513487
v -0.01383172 0.05129567 -0.00476142
v -0.01382495 0.05143230 -0.00472863
v -0.01389098 0.05139537 -0.00446083
v -0.01402813 0.05086359 -0.00414385
v -0.01422961 0.05026903 -0.00333865
v -0.01423807 0.05035397 -0.00320566
v -0.01430919 0.05019517 -0.00266097
v -0.00393189 0.01857636 -0.01739691
v -0.00373040 0.01859113 -0.01743334
v -0.00333082 0.01859113 -0.01749346
v -0.00305145 0.01867976 -0.01756815
v -0.00233017 0.01859113 -0.01764102
v -0.00213038 0.01859113 -0.01767016
v -0.00233017 0.01879055 -0.01771389
v -0.00192889 0.01873516 -0.01775032
v -0.00032887 0.01893458 -0.01795800
v -0.00018326 0.01891242 -0.01796164
v -0.01462580 0.03099566 -0.00855061
v -0.01456316 0.03099566 -0.00866355
v -0.01423299 0.03429714 -0.00856336
v -0.01402813 0.03606605 -0.00855789
v -0.01363531 0.04032399 -0.00836843
v -0.01283953 0.04899497 -0.00797494
v -0.01203868 0.05019517 -0.00897142
v -0.01217921 0.04839672 -0.00908619
v -0.01348293 0.03579277 -0.00943414
v -0.01443448 0.02950742 -0.00916453
v -0.01289033 0.04480351 -0.00868177
v -0.01273287 0.04619574 -0.00866355
v -0.01253815 0.04779477 -0.00866355
v -0.01218090 0.05059770 -0.00868724
v -0.01263636 0.04532790 -0.00896778
v -0.01342367 0.04219261 -0.00834839
v -0.01265498 0.05039829 -0.00799862
v -0.01332547 0.04239572 -0.00846316
v -0.01363870 0.03259470 -0.00977116
v -0.01184396 0.05059770 -0.00917910
v -0.01202852 0.04807174 -0.00935763
v -0.01455300 0.01938881 -0.01066563
v -0.01427024 0.01938881 -0.01100811
v -0.01418728 0.01938881 -0.01110831
v -0.01444294 0.01979133 -0.01077493
v -0.01444972 0.01958822 -0.01078222
v -0.01408738 0.01938881 -0.01122854
v -0.01344907 0.01938881 -0.01198091
v -0.01408400 0.01958822 -0.01122308
v -0.01389944 0.01958822 -0.01144168
v -0.01381479 0.01958822 -0.01154188
v -0.01363193 0.01948851 -0.01176231
v -0.01354050 0.01958822 -0.01186250
v -0.01335594 0.01958822 -0.01207564
v -0.01298007 0.01958822 -0.01250375
v -0.01259572 0.01958822 -0.01292457
v -0.01278366 0.01979133 -0.01270778
v -0.01268377 0.01979133 -0.01281891
v -0.01259064 0.01979133 -0.01291910
v -0.01442771 0.02004984 -0.01075672
v -0.01443617 0.01991689 -0.01076582
v -0.01403998 0.02815211 -0.00997155
v -0.01428379 0.02459213 -0.01022659
v -0.01410432 0.02440749 -0.01048163
v -0.01456147 0.02079212 -0.01047253
v -0.01459872 0.02019017 -0.01051989
v -0.01406199 0.02779390 -0.01000070
v -0.01323912 0.03459626 -0.00997155
v -0.01184227 0.04579690 -0.00997519
v -0.01299869 0.03559705 -0.01011911
v -0.01341521 0.03459626 -0.00973837
v -0.01409246 0.05079712 -0.00386148
v -0.01407384 0.05059770 -0.00406187
v -0.01358283 0.05219674 -0.00526239
v -0.01351172 0.05219674 -0.00546278
v -0.01345415 0.05219674 -0.00561945
v -0.01341690 0.05219674 -0.00571964
v -0.01339658 0.05198624 -0.00584534
v -0.01325436 0.05199732 -0.00622062
v -0.01325943 0.05177944 -0.00627163
v -0.01328314 0.05159849 -0.00626252
v -0.01322557 0.05183483 -0.00634450
v -0.01334071 0.05039829 -0.00646291
v -0.01320018 0.05159849 -0.00647930
v -0.01316123 0.05199732 -0.00646291
v -0.01307319 0.05200840 -0.00667969
v -0.01303933 0.05195301 -0.00677989
v -0.01300546 0.05179790 -0.00690194
v -0.01283446 0.05151355 -0.00736831
v -0.01280906 0.05119596 -0.00751040
v -0.01289880 0.05059770 -0.00746303
v -0.01299869 0.05039829 -0.00728815
v -0.01283615 0.05073065 -0.00757052
v -0.01274133 0.05119596 -0.00766343
v -0.01265160 0.05139537 -0.00779823
v -0.01281583 0.04939750 -0.00793304
v -0.01283276 0.04910576 -0.00796401
v -0.00981727 0.01913399 -0.01515436
v -0.00955991 0.01918939 -0.01532196
v -0.00946001 0.01918939 -0.01538208
v -0.00933980 0.01899736 -0.01540758
v -0.01039463 0.01898997 -0.01473718
v -0.01042172 0.01912661 -0.01475540
v -0.01018807 0.01918939 -0.01493575
v -0.01008817 0.01918939 -0.01499951
v -0.00862868 0.01889765 -0.01576282
v -0.00912138 0.01898258 -0.01552235
v -0.00905027 0.01904167 -0.01557336
v -0.00855079 0.01897520 -0.01581929
v -0.00832730 0.01897520 -0.01593042
v -0.00822571 0.01890134 -0.01596139
v -0.01249583 0.01958822 -0.01302841
v -0.01167126 0.01918939 -0.01379535
v -0.01154766 0.01918939 -0.01389555
v -0.01144777 0.01918939 -0.01397570
v -0.01123443 0.01928171 -0.01416516
v -0.01143253 0.01908598 -0.01396477
v -0.01121411 0.01914876 -0.01415059
v -0.01089242 0.01918939 -0.01441110
v -0.01199296 0.01938881 -0.01352938
v -0.01189307 0.01938881 -0.01361682
v -0.01167804 0.01938881 -0.01380446
v -0.01156121 0.01938881 -0.01390466
v -0.01146131 0.01938881 -0.01398846
v -0.01209455 0.01979133 -0.01342190
v -0.01249075 0.01979133 -0.01302476
v -0.01238577 0.01999075 -0.01311767
v -0.01218767 0.01999075 -0.01331806
v -0.01208778 0.01999075 -0.01341644
v -0.01076204 0.01918939 -0.01451129
v -0.00412999 0.01863175 -0.01738597
v -0.00653087 0.01879055 -0.01663178
v -0.00521868 0.01890503 -0.01716008
v -0.00460915 0.01891242 -0.01735865
v -0.00447708 0.01884594 -0.01737504
v -0.00433316 0.01878317 -0.01739144
v -0.00412999 0.01879055 -0.01743516
v -0.00393019 0.01879055 -0.01747160
v -0.00780411 0.01894196 -0.01615267
v -0.00753152 0.01898997 -0.01627837
v -0.00727924 0.01898997 -0.01638403
v -0.00627690 0.01898997 -0.01678298
v -0.00641743 0.01911553 -0.01675930
v -0.00381845 0.01910445 -0.01756268
v -0.00393019 0.01898997 -0.01752078
v -0.00412999 0.01898997 -0.01748070
v -0.00713194 0.01918939 -0.01648604
v -0.00803269 0.01948482 -0.01616360
v -0.00794973 0.01958453 -0.01620185
v -0.00744855 0.01925586 -0.01637127
v -0.00773131 0.01938881 -0.01628019
v -0.00773131 0.01918939 -0.01623829
v -0.00593149 0.04959692 -0.01405768
v -0.00595012 0.05001053 -0.01400667
v -0.00599414 0.05039829 -0.01394656
v -0.00593149 0.05119596 -0.01389191
v -0.00633108 0.05139537 -0.01368241
v -0.00611943 0.05119596 -0.01380446
v -0.00664092 0.05113318 -0.01356764
v -0.00641743 0.05204902 -0.01355671
v -0.00657828 0.05159849 -0.01353849
v -0.00643605 0.05191238 -0.01356582
v -0.00632092 0.05261035 -0.01352574
v -0.00633108 0.05279869 -0.01349295
v -0.00633108 0.05299810 -0.01346198
v -0.00634970 0.05321229 -0.01341644
v -0.00657658 0.05299810 -0.01333446
v -0.00570800 0.05399889 -0.01360407
v -0.00561826 0.05446789 -0.01355671
v -0.00519836 0.05464884 -0.01374434
v -0.00631922 0.05380316 -0.01331988
v -0.00663923 0.05371822 -0.01316686
v -0.00619732 0.05399889 -0.01334539
v -0.00564535 0.05433494 -0.01357128
v -0.00791586 0.01979133 -0.01620368
v -0.00787184 0.02019017 -0.01618364
v -0.00813089 0.01979133 -0.01610348
v -0.00843735 0.01971747 -0.01596685
v -0.00838656 0.02019017 -0.01594317
v -0.00833238 0.02079212 -0.01590673
v -0.00830190 0.02199232 -0.01579743
v -0.00785999 0.02419330 -0.01577739
v -0.00745702 0.03379490 -0.01497583
v -0.00713194 0.03459626 -0.01504506
v -0.00734527 0.03018322 -0.01540029
v -0.00665278 0.03939337 -0.01477362
v -0.00252996 0.01896043 -0.01774303
v -0.00292954 0.01879055 -0.01762644
v -0.00347474 0.01886810 -0.01757179
v -0.00353061 0.01918939 -0.01763191
v -0.00271451 0.01900843 -0.01773028
v -0.01305118 0.05464884 -0.00497456
v -0.01305118 0.05458606 -0.00504378
v -0.01303594 0.05450851 -0.00517495
v -0.01305118 0.05438295 -0.00524964
v -0.01303425 0.05430909 -0.00536987
v -0.01310367 0.05419830 -0.00526239
v -0.01315954 0.05399889 -0.00526239
v -0.01324928 0.05396196 -0.00501464
v -0.01333563 0.05379947 -0.00486161
v -0.01343552 0.05351142 -0.00477235
v -0.01344737 0.05338217 -0.00484886
v -0.01344568 0.05319752 -0.00500553
v -0.01338811 0.05338217 -0.00504378
v -0.01342875 0.05308304 -0.00514944
v -0.01343891 0.05272852 -0.00538445
v -0.01341690 0.05343756 -0.00490533
v -0.01333055 0.05279869 -0.00566135
v -0.01337457 0.05259927 -0.00566135
v -0.01343044 0.05249587 -0.00556115
v -0.01347277 0.05241462 -0.00548100
v -0.00353738 0.01879794 -0.01753718
v -0.00312256 0.01877947 -0.01759365
v -0.01263466 0.05072326 -0.00796765
v -0.01213688 0.04999576 -0.00886212
v -0.01206915 0.05079712 -0.00881658
v -0.01200143 0.05079712 -0.00891677
v -0.01262451 0.04983327 -0.00815165
v -0.01245688 0.04879556 -0.00860161
v -0.01224693 0.05059770 -0.00858704
v -0.01222323 0.05099654 -0.00854878
v -0.01214704 0.05099654 -0.00866355
v -0.01253985 0.05099654 -0.00806238
v -0.01245350 0.05099654 -0.00819537
v -0.01203698 0.04793880 -0.00936856
v -0.01182195 0.04979634 -0.00934852
v -0.01188968 0.05079712 -0.00907708
v -0.01182703 0.05085990 -0.00915542
v -0.01177116 0.05079712 -0.00924468
v -0.01178470 0.05039829 -0.00929569
v -0.01426686 0.01958822 -0.01100447
v -0.01418389 0.01958822 -0.01110466
v -0.01424993 0.01999075 -0.01098443
v -0.01426009 0.01979133 -0.01099718
v -0.01399426 0.01979133 -0.01131599
v -0.01380801 0.01979133 -0.01153459
v -0.01370812 0.01979133 -0.01165118
v -0.01362177 0.01979133 -0.01175138
v -0.01343722 0.01974333 -0.01196816
v -0.01305964 0.01979133 -0.01239445
v -0.01297160 0.01979133 -0.01249464
v -0.01277520 0.01999075 -0.01269685
v -0.01267361 0.01999075 -0.01281162
v -0.01258387 0.01999075 -0.01291182
v -0.01441924 0.02019017 -0.01074578
v -0.01182873 0.04847058 -0.00955802
v -0.01142068 0.05059770 -0.00974748
v -0.01307319 0.03439685 -0.01021384
v -0.01376907 0.02859896 -0.01024663
v -0.01305626 0.03339606 -0.01039237
v -0.01438199 0.02079212 -0.01069842
v -0.01145793 0.04999576 -0.00979667
v -0.01136819 0.05019517 -0.00988046
v -0.01124290 0.05059770 -0.00997702
v -0.01198788 0.04379534 -0.01010636
v -0.01344230 0.05235923 -0.00558848
v -0.01333563 0.05239616 -0.00586174
v -0.01323404 0.05231122 -0.00616779
v -0.01320356 0.05219674 -0.00628802
v -0.01313584 0.05219674 -0.00646291
v -0.01306472 0.05219674 -0.00663779
v -0.01302917 0.05208595 -0.00675803
v -0.01299869 0.05200840 -0.00685276
v -0.01281583 0.05179790 -0.00732641
v -0.01293435 0.05179790 -0.00706226
v -0.01282599 0.05164649 -0.00734827
v -0.01269054 0.05159849 -0.00766343
v -0.01263128 0.05170189 -0.00776362
v -0.01263805 0.05159849 -0.00777637
v -0.01260588 0.05119596 -0.00792029
v -0.01266345 0.05119596 -0.00782009
v -0.01267869 0.05079343 -0.00787839
v -0.00974277 0.01919677 -0.01521266
v -0.00983758 0.01926694 -0.01516711
v -0.00948202 0.01938881 -0.01539483
v -0.00932964 0.01938881 -0.01548227
v -0.00920604 0.01938881 -0.01555150
v -0.00932964 0.01918939 -0.01545495
v -0.00917895 0.01918939 -0.01553692
v -0.01043865 0.01925955 -0.01476998
v -0.01034553 0.01919308 -0.01482463
v -0.01020838 0.01938881 -0.01494851
v -0.00865746 0.01903059 -0.01577739
v -0.00907906 0.01918939 -0.01558975
v -0.00893006 0.01918939 -0.01566809
v -0.00853217 0.01918939 -0.01587394
v -0.00838994 0.01918939 -0.01594499
v -0.00825619 0.01903428 -0.01597596
v -0.00796666 0.01918939 -0.01613627
v -0.00786676 0.01918939 -0.01617999
v -0.01133941 0.01938881 -0.01408865
v -0.01123951 0.01938881 -0.01416881
v -0.01101263 0.01938881 -0.01434916
v -0.01091273 0.01938881 -0.01442749
v -0.01078405 0.01938881 -0.01452769
v -0.01198957 0.01958822 -0.01352574
v -0.01188968 0.01958822 -0.01361318
v -0.01167465 0.01958822 -0.01380082
v -0.01155952 0.01958822 -0.01390101
v -0.01124120 0.01958822 -0.01417245
v -0.01113115 0.01958822 -0.01426354
v -0.01198450 0.01979133 -0.01352210
v -0.01248397 0.01999075 -0.01301748
v -0.01237561 0.02019017 -0.01310674
v -0.01217582 0.02019017 -0.01330713
v -0.01207593 0.02019017 -0.01340550
v -0.01196418 0.02019017 -0.01350570
v -0.01197603 0.01999075 -0.01351481
v -0.00373040 0.01879055 -0.01750439
v -0.00741469 0.01912291 -0.01635670
v -0.00793618 0.01940727 -0.01619457
v -0.00834423 0.01939250 -0.01600328
v -0.00844074 0.01946266 -0.01596867
v -0.00833238 0.01958822 -0.01602150
v -0.00803269 0.01951067 -0.01616360
v -0.00811227 0.01958453 -0.01612534
v -0.00802930 0.01964362 -0.01616178
v -0.00613129 0.05039829 -0.01388280
v -0.00626504 0.05079712 -0.01377896
v -0.00667817 0.05079712 -0.01358585
v -0.00680008 0.05059770 -0.01354942
v -0.00675606 0.05099654 -0.01352756
v -0.00671711 0.05119965 -0.01352210
v -0.00673066 0.05159849 -0.01346198
v -0.00653087 0.05219674 -0.01347837
v -0.00673066 0.05139537 -0.01348930
v -0.00653087 0.05239616 -0.01344923
v -0.00650547 0.05279869 -0.01340186
v -0.00684579 0.05313474 -0.01317050
v -0.00674590 0.05320122 -0.01321058
v -0.00642759 0.05328615 -0.01336178
v -0.00671881 0.05260296 -0.01331988
v -0.00713194 0.05279869 -0.01307213
v -0.00713194 0.05299810 -0.01304116
v -0.00547773 0.05464884 -0.01358950
v -0.00661214 0.05385117 -0.01315228
v -0.00648007 0.05399889 -0.01319054
v -0.00682040 0.05327138 -0.01315775
v -0.00679839 0.05339694 -0.01314500
v -0.00693045 0.05339694 -0.01307395
v -0.00694738 0.05361113 -0.01302112
v -0.00883693 0.01972486 -0.01576828
v -0.00851524 0.01978764 -0.01592313
v -0.00854233 0.01958822 -0.01592131
v -0.00873196 0.01958822 -0.01582840
v -0.00853217 0.02019017 -0.01587394
v -0.00840180 0.02199232 -0.01575006
v -0.00833238 0.02319252 -0.01565898
v -0.00825111 0.02439272 -0.01557336
v -0.00766020 0.03479568 -0.01477726
v -0.00796835 0.02799332 -0.01533471
v -0.00791248 0.02759448 -0.01540212
v -0.00778041 0.02879468 -0.01534018
v -0.00757893 0.03359548 -0.01493940
v -0.00700326 0.04579690 -0.01395020
v -0.00634970 0.04820838 -0.01400667
v -0.01301224 0.05464884 -0.00509115
v -0.01285647 0.05456390 -0.00562856
v -0.01301224 0.05444204 -0.00530793
v -0.01298176 0.05458606 -0.00524964
v -0.01286832 0.05464884 -0.00551015
v -0.01282768 0.05428324 -0.00595100
v -0.01305118 0.05419830 -0.00541359
v -0.01283107 0.05449743 -0.00576154
v -0.01264990 0.05455282 -0.00620969
v -0.01262451 0.05447527 -0.00634450
v -0.01307996 0.05401366 -0.00547918
v -0.01314430 0.05379947 -0.00546278
v -0.01320864 0.05380685 -0.00526603
v -0.01322727 0.05388071 -0.00514944
v -0.01339489 0.05358528 -0.00484886
v -0.01324928 0.05319752 -0.00561398
v -0.01329838 0.05319752 -0.00546278
v -0.01334748 0.05299810 -0.00546278
v -0.01322896 0.05309043 -0.00575608
v -0.01314938 0.05299810 -0.00606213
v -0.01322388 0.05285777 -0.00593643
v -0.01323742 0.05272483 -0.00597833
v -0.01340843 0.05241462 -0.00565771
v -0.01324928 0.05259927 -0.00600930
v -0.01248228 0.05138430 -0.00807696
v -0.01212164 0.05119596 -0.00866355
v -0.01204376 0.05119596 -0.00877832
v -0.01198788 0.05099654 -0.00889856
v -0.01188799 0.05099654 -0.00904247
v -0.01242471 0.05039829 -0.00835204
v -0.01237561 0.05119596 -0.00827735
v -0.01227572 0.05119596 -0.00843037
v -0.01219783 0.05139537 -0.00851053
v -0.01165941 0.05079712 -0.00939771
v -0.01147147 0.05099654 -0.00961449
v -0.01177116 0.04939750 -0.00948151
v -0.01164587 0.05099654 -0.00938131
v -0.01187444 0.05119596 -0.00902243
v -0.01169327 0.05119965 -0.00927747
v -0.01417035 0.02020863 -0.01104819
v -0.01416696 0.01999075 -0.01108463
v -0.01420082 0.02079212 -0.01092249
v -0.01401289 0.02219173 -0.01093889
v -0.01406707 0.01999075 -0.01120486
v -0.01379786 0.01999075 -0.01152184
v -0.01369796 0.01999075 -0.01163843
v -0.01361161 0.01999075 -0.01173863
v -0.01343044 0.01987627 -0.01196088
v -0.01304948 0.01999075 -0.01238352
v -0.01266345 0.02019017 -0.01279887
v -0.01257371 0.02019017 -0.01289906
v -0.01247382 0.02019017 -0.01300655
v -0.01403659 0.02312235 -0.01076765
v -0.01139528 0.05099654 -0.00971469
v -0.01118025 0.05159849 -0.00989504
v -0.01120565 0.05119596 -0.00992783
v -0.01325097 0.03059314 -0.01058547
v -0.01383680 0.02472508 -0.01076765
v -0.01182534 0.04479612 -0.01015372
v -0.01241963 0.03879143 -0.01034683
v -0.01108036 0.05159849 -0.01002256
v -0.01121242 0.04979634 -0.01013915
v -0.01126829 0.05019517 -0.01000799
v -0.01315615 0.05259927 -0.00626252
v -0.01310705 0.05239616 -0.00646291
v -0.01302070 0.05219674 -0.00673799
v -0.01304948 0.05239616 -0.00659954
v -0.01284631 0.05199732 -0.00719342
v -0.01246366 0.05179790 -0.00801502
v -0.01257879 0.05159849 -0.00787657
v -0.01283615 0.05211919 -0.00717156
v -0.01264144 0.05214504 -0.00758145
v -0.01261943 0.05183483 -0.00773994
v -0.01224185 0.05254757 -0.00817897
v -0.01225540 0.05239616 -0.00820083
v -0.01227233 0.05219674 -0.00822634
v -0.01247889 0.05159849 -0.00803688
v -0.01010849 0.01938881 -0.01501044
v -0.00984605 0.01938881 -0.01517258
v -0.00973092 0.01938881 -0.01524363
v -0.00958192 0.01938881 -0.01533471
v -0.00985621 0.01958822 -0.01517804
v -0.00973092 0.01958822 -0.01525273
v -0.00958700 0.01958822 -0.01533836
v -0.00932964 0.01958822 -0.01548956
v -0.00911630 0.01958822 -0.01561344
v -0.00883693 0.01946636 -0.01576828
v -0.00874381 0.01939619 -0.01580654
v -0.00881831 0.01933341 -0.01575553
v -0.01044881 0.01938881 -0.01477726
v -0.01033029 0.01938881 -0.01486288
v -0.01022024 0.01958822 -0.01495761
v -0.00868963 0.01918939 -0.01579379
v -0.00841873 0.01932972 -0.01595774
v -0.00800560 0.01935188 -0.01615267
v -0.01101940 0.01958822 -0.01435462
v -0.01079252 0.01958822 -0.01453315
v -0.01069262 0.01958822 -0.01461149
v -0.01056056 0.01958822 -0.01471168
v -0.01046066 0.01958822 -0.01478637
v -0.01188460 0.01979133 -0.01360954
v -0.01176947 0.01979133 -0.01370973
v -0.01145285 0.01979133 -0.01398299
v -0.01123612 0.01979133 -0.01416881
v -0.01113115 0.01979133 -0.01425807
v -0.01101771 0.01979133 -0.01435280
v -0.01079591 0.01979133 -0.01453497
v -0.01241963 0.02099153 -0.01295190
v -0.01220291 0.02419330 -0.01273329
v -0.01212841 0.02236530 -0.01305938
v -0.01220799 0.02119095 -0.01313953
v -0.01226217 0.02038959 -0.01319418
v -0.01216228 0.02038959 -0.01329438
v -0.01204884 0.02058901 -0.01338000
v -0.01186428 0.02019017 -0.01359132
v -0.01154258 0.01999075 -0.01388826
v -0.01175931 0.01999075 -0.01370245
v -0.01187613 0.01999075 -0.01360225
v -0.01202852 0.02087705 -0.01336178
v -0.01190661 0.02119095 -0.01342737
v -0.00851693 0.01939250 -0.01591949
v -0.00695077 0.04741071 -0.01380811
v -0.00693045 0.05059770 -0.01348202
v -0.00693045 0.05079712 -0.01346016
v -0.00701849 0.04759536 -0.01375710
v -0.00703035 0.04748826 -0.01376256
v -0.00704389 0.04735532 -0.01376985
v -0.00700664 0.04959692 -0.01355124
v -0.00698632 0.04979634 -0.01354031
v -0.00693045 0.05099654 -0.01343647
v -0.00694400 0.05118857 -0.01340550
v -0.00690167 0.05139537 -0.01340186
v -0.00687627 0.05159849 -0.01338729
v -0.00684749 0.05179790 -0.01337271
v -0.00713871 0.05318275 -0.01300290
v -0.00692029 0.05320122 -0.01311767
v -0.00701680 0.05264728 -0.01315593
v -0.00728093 0.05279869 -0.01299197
v -0.00725215 0.05299810 -0.01297376
v -0.00723522 0.05310520 -0.01296465
v -0.00657997 0.05399889 -0.01313407
v -0.00557424 0.05464884 -0.01353485
v -0.00702696 0.05368499 -0.01295918
v -0.00689997 0.05379947 -0.01300290
v -0.00708114 0.05339694 -0.01299197
v -0.00705236 0.05355204 -0.01297558
v -0.00932964 0.01979133 -0.01548592
v -0.00921112 0.01979133 -0.01555332
v -0.00932964 0.01999075 -0.01546952
v -0.00919419 0.01999075 -0.01554421
v -0.00882508 0.01985781 -0.01576099
v -0.00874889 0.01979133 -0.01580654
v -0.00884032 0.01958822 -0.01577010
v -0.00894022 0.01958822 -0.01571363
v -0.00865238 0.02058901 -0.01577375
v -0.00861005 0.02099153 -0.01575371
v -0.00844243 0.02354334 -0.01556972
v -0.00842889 0.02367629 -0.01556243
v -0.00762464 0.03705575 -0.01456048
v -0.00739268 0.04019474 -0.01434551
v -0.01268038 0.05464884 -0.00603845
v -0.01282260 0.05406536 -0.00613500
v -0.01304948 0.05395826 -0.00560852
v -0.01261604 0.05464884 -0.00621151
v -0.01259403 0.05464884 -0.00626980
v -0.01251276 0.05464884 -0.00646109
v -0.01242133 0.05464884 -0.00665783
v -0.01259403 0.05440511 -0.00645926
v -0.01265160 0.05399889 -0.00660865
v -0.01271424 0.05399889 -0.00646291
v -0.01283446 0.05371084 -0.00637000
v -0.01281583 0.05384378 -0.00632081
v -0.01279551 0.05399889 -0.00625705
v -0.01284123 0.05393241 -0.00618783
v -0.01306134 0.05359266 -0.00586174
v -0.01309859 0.05319752 -0.00606213
v -0.01319002 0.05338586 -0.00564677
v -0.01316631 0.05319752 -0.00586174
v -0.01302578 0.05307196 -0.00634632
v -0.01306980 0.05300180 -0.00627163
v -0.01311890 0.05279869 -0.00626252
v -0.01319679 0.05279499 -0.00605120
v -0.01241455 0.05159849 -0.00813707
v -0.01223000 0.05188653 -0.00836115
v -0.01208608 0.05139168 -0.00867813
v -0.01203529 0.05132152 -0.00876557
v -0.01197434 0.05119596 -0.00887852
v -0.01157137 0.05099654 -0.00948151
v -0.01145793 0.05119596 -0.00959810
v -0.01138343 0.05119596 -0.00969647
v -0.01162724 0.05126982 -0.00935581
v -0.01144438 0.05139537 -0.00957988
v -0.01202513 0.05145446 -0.00875282
v -0.01185920 0.05139537 -0.00900239
v -0.01168989 0.05139537 -0.00924286
v -0.01402643 0.02064440 -0.01115567
v -0.01393500 0.02199232 -0.01106277
v -0.01270070 0.03459626 -0.01064559
v -0.01303086 0.02988040 -0.01096075
v -0.01359129 0.02439272 -0.01111377
v -0.01340335 0.02579233 -0.01112835
v -0.01395871 0.02038959 -0.01127409
v -0.01387066 0.02019017 -0.01140707
v -0.01370812 0.02119095 -0.01145079
v -0.01362854 0.02245762 -0.01135788
v -0.01364717 0.02079212 -0.01158014
v -0.01356082 0.02079212 -0.01168033
v -0.01299192 0.02779390 -0.01131599
v -0.01242471 0.03339606 -0.01115385
v -0.01123274 0.04550516 -0.01076400
v -0.01249921 0.03058206 -0.01147812
v -0.01240270 0.03099566 -0.01152913
v -0.01296991 0.02539350 -0.01169126
v -0.01267191 0.02419330 -0.01220863
v -0.01283107 0.02188153 -0.01236166
v -0.01243995 0.02215111 -0.01277154
v -0.01125644 0.05159849 -0.00979484
v -0.01124290 0.05176097 -0.00977845
v -0.01117686 0.05181637 -0.00985132
v -0.01106342 0.05179790 -0.01000070
v -0.01163740 0.04619574 -0.01017012
v -0.01099908 0.05159849 -0.01012275
v -0.01103972 0.05095961 -0.01017194
v -0.01305626 0.05279869 -0.00641736
v -0.01306980 0.05259557 -0.00647384
v -0.01303763 0.05252910 -0.00657585
v -0.01240101 0.05179790 -0.00811521
v -0.01278874 0.05218935 -0.00724807
v -0.01260419 0.05199732 -0.00770897
v -0.01274303 0.05239616 -0.00726265
v -0.01262789 0.05227798 -0.00755412
v -0.01222831 0.05268051 -0.00815711
v -0.01214027 0.05279869 -0.00826277
v -0.01218429 0.05260665 -0.00825366
v -0.01219106 0.05239616 -0.00830103
v -0.01220799 0.05219674 -0.00832653
v -0.01228757 0.05199732 -0.00824820
v -0.00995610 0.01958822 -0.01511793
v -0.01012373 0.01979133 -0.01501955
v -0.00995610 0.01979133 -0.01511975
v -0.00948541 0.01979133 -0.01539665
v -0.01033029 0.01958822 -0.01487928
v -0.01033029 0.01979133 -0.01488475
v -0.01022362 0.01979133 -0.01495944
v -0.01056564 0.01979133 -0.01471350
v -0.01046574 0.01979133 -0.01478819
v -0.01123274 0.01989843 -0.01416334
v -0.01100755 0.01999075 -0.01434369
v -0.01078405 0.01999075 -0.01452587
v -0.01068416 0.01999075 -0.01460602
v -0.01055548 0.01999075 -0.01470622
v -0.01183211 0.03109537 -0.01216309
v -0.01205391 0.02199232 -0.01318508
v -0.01173391 0.02961082 -0.01246549
v -0.01182365 0.02683374 -0.01275515
v -0.01111083 0.02019017 -0.01423075
v -0.01122258 0.02003137 -0.01415605
v -0.01131232 0.01997598 -0.01408683
v -0.01144269 0.01999075 -0.01397388
v -0.01091273 0.03358071 -0.01268774
v -0.01151380 0.02219173 -0.01363322
v -0.01138343 0.02079212 -0.01392287
v -0.01183889 0.02514238 -0.01297011
v -0.01164248 0.02799332 -0.01277337
v -0.01162893 0.02667494 -0.01296100
v -0.01114977 0.03240267 -0.01263674
v -0.01120734 0.03119508 -0.01274240
v -0.00706929 0.05079712 -0.01338547
v -0.00722675 0.04467056 -0.01396113
v -0.00703543 0.04931995 -0.01356582
v -0.00704897 0.05099654 -0.01337271
v -0.00703543 0.05111471 -0.01336543
v -0.00700156 0.05139537 -0.01334721
v -0.00697617 0.05159849 -0.01333264
v -0.00730464 0.05259927 -0.01300655
v -0.00742146 0.05245524 -0.01295736
v -0.00738083 0.05279869 -0.01293186
v -0.00735204 0.05299810 -0.01291546
v -0.00720474 0.05199732 -0.01314864
v -0.00771607 0.05339694 -0.01261488
v -0.00733173 0.05339694 -0.01284441
v -0.00718104 0.05339694 -0.01293368
v -0.00686273 0.05396196 -0.01298104
v -0.00683056 0.05409859 -0.01296283
v -0.00634293 0.05419830 -0.01321604
v -0.00700156 0.05379947 -0.01294461
v -0.00619224 0.05464884 -0.01317779
v -0.00611266 0.05438295 -0.01329802
v -0.00743162 0.05350034 -0.01276244
v -0.00740453 0.05363329 -0.01274604
v -0.00726908 0.05379947 -0.01278612
v -0.00713194 0.05379947 -0.01286810
v -0.00917556 0.02019017 -0.01553328
v -0.00947186 0.01999075 -0.01538754
v -0.00943969 0.02033789 -0.01536932
v -0.00942784 0.02047083 -0.01536204
v -0.00924329 0.02135713 -0.01537115
v -0.00866593 0.02419330 -0.01538208
v -0.00867947 0.02219173 -0.01558975
v -0.00843566 0.02550798 -0.01536568
v -0.00804454 0.03115446 -0.01497037
v -0.01299023 0.05359266 -0.00605302
v -0.01300038 0.05380316 -0.00586174
v -0.01232312 0.05464884 -0.00686369
v -0.01248905 0.05441249 -0.00667787
v -0.01257540 0.05418723 -0.00664690
v -0.01260588 0.05399889 -0.00670884
v -0.01262451 0.05387333 -0.00674710
v -0.01282599 0.05347449 -0.00654853
v -0.01303255 0.05330092 -0.00616414
v -0.01282938 0.05308673 -0.00675621
v -0.01279890 0.05301288 -0.00686004
v -0.01304102 0.05293902 -0.00638275
v -0.01284292 0.05334155 -0.00658679
v -0.01218090 0.05180898 -0.00845041
v -0.01206915 0.05179790 -0.00861619
v -0.01136988 0.05139537 -0.00968008
v -0.01143592 0.05152463 -0.00956713
v -0.01136819 0.05159479 -0.00964546
v -0.01192693 0.05159849 -0.00886212
v -0.01177455 0.05159849 -0.00907891
v -0.01163401 0.05211180 -0.00916453
v -0.01158661 0.05179790 -0.00929933
v -0.01160184 0.05159849 -0.00932120
v -0.01150534 0.04520973 -0.01048163
v -0.01089242 0.05039829 -0.01043609
v -0.01082977 0.05008069 -0.01055997
v -0.01162555 0.04244373 -0.01075489
v -0.01281414 0.03039372 -0.01114110
v -0.01382833 0.02086228 -0.01135788
v -0.01283276 0.03009828 -0.01116296
v -0.01087210 0.04939750 -0.01061098
v -0.01085009 0.04839672 -0.01078222
v -0.01103295 0.04570458 -0.01096439
v -0.01126660 0.04359592 -0.01100265
v -0.01207931 0.03019430 -0.01201735
v -0.01244842 0.02339193 -0.01258208
v -0.01163063 0.03548995 -0.01176231
v -0.01130554 0.05181637 -0.00968190
v -0.01123104 0.05189392 -0.00976023
v -0.01102956 0.05209334 -0.00996062
v -0.01098215 0.05179790 -0.01010089
v -0.01097369 0.05201579 -0.01005171
v -0.01086025 0.05199732 -0.01019745
v -0.01088226 0.05179790 -0.01022295
v -0.01062659 0.05167234 -0.01055815
v -0.01070278 0.05160218 -0.01047981
v -0.01082469 0.05145446 -0.01035594
v -0.01089749 0.05139168 -0.01027760
v -0.01301054 0.05279869 -0.00651756
v -0.01302409 0.05266205 -0.00654853
v -0.01299023 0.05259557 -0.00665055
v -0.01284292 0.05255126 -0.00698574
v -0.01270239 0.05259927 -0.00726265
v -0.01263297 0.05270267 -0.00736466
v -0.01221646 0.05279869 -0.00813161
v -0.01208608 0.05299810 -0.00827552
v -0.01203868 0.05292794 -0.00837390
v -0.01205391 0.05279869 -0.00839576
v -0.01207423 0.05259927 -0.00842491
v -0.01209116 0.05239616 -0.00844859
v -0.01202174 0.05239616 -0.00854878
v -0.01203021 0.05228906 -0.00856154
v -0.01205391 0.05199732 -0.00859433
v -0.01021177 0.01999075 -0.01495215
v -0.00984266 0.01999075 -0.01517076
v -0.00973092 0.01999075 -0.01523634
v -0.00957176 0.01999075 -0.01532925
v -0.01045558 0.01999075 -0.01478091
v -0.01033029 0.01999075 -0.01487017
v -0.01084670 0.02079212 -0.01437648
v -0.01100247 0.02319252 -0.01393927
v -0.01049622 0.03219586 -0.01321787
v -0.01062151 0.02239115 -0.01435645
v -0.01065368 0.02038959 -0.01458052
v -0.01043865 0.02019017 -0.01476998
v -0.01064014 0.02054838 -0.01457141
v -0.01052162 0.02079212 -0.01463335
v -0.01042172 0.02203294 -0.01455684
v -0.01122597 0.04145033 -0.01135606
v -0.01103125 0.04429758 -0.01116296
v -0.01103803 0.04274285 -0.01136882
v -0.00976817 0.05039829 -0.01150909
v -0.01047590 0.03559705 -0.01280069
v -0.01131570 0.03240267 -0.01248918
v -0.01059781 0.05059770 -0.01073121
v -0.01042680 0.04406492 -0.01175866
v -0.00979526 0.05159849 -0.01133238
v -0.00710823 0.05039829 -0.01340733
v -0.00723522 0.05011393 -0.01336543
v -0.00720813 0.05039829 -0.01334903
v -0.00716918 0.05079712 -0.01332535
v -0.00729278 0.05119596 -0.01320147
v -0.00725215 0.05159849 -0.01317597
v -0.00714887 0.04919809 -0.01351663
v -0.00746887 0.04139494 -0.01418338
v -0.00742654 0.04367347 -0.01396113
v -0.00713194 0.05139537 -0.01327252
v -0.00723860 0.05172774 -0.01316686
v -0.00733173 0.05219674 -0.01304662
v -0.00743670 0.05232230 -0.01296647
v -0.00753152 0.05259927 -0.01286627
v -0.00755014 0.05280976 -0.01282255
v -0.00751459 0.05299810 -0.01281527
v -0.00775163 0.05321599 -0.01262763
v -0.00781597 0.05339694 -0.01255294
v -0.00767713 0.05359636 -0.01259119
v -0.00693045 0.05401735 -0.01292639
v -0.00717596 0.05419830 -0.01272964
v -0.00680685 0.05419830 -0.01294825
v -0.00651055 0.05464884 -0.01299379
v -0.00764835 0.05373300 -0.01257298
v -0.00748750 0.05399889 -0.01259848
v -0.00731649 0.05399150 -0.01270414
v -0.00953113 0.02099153 -0.01524363
v -0.00860497 0.03219586 -0.01454773
v -0.00882847 0.02726950 -0.01496126
v -0.00879122 0.02579233 -0.01514161
v -0.00869132 0.02579233 -0.01519626
v -0.00822571 0.03406079 -0.01456048
v -0.00865746 0.02799332 -0.01497765
v -0.00862191 0.02463645 -0.01535839
v -0.00835439 0.02819274 -0.01512157
v -0.01225371 0.05464884 -0.00700578
v -0.01245011 0.05435341 -0.00679993
v -0.01247043 0.05419092 -0.00686369
v -0.01253138 0.05399889 -0.00686187
v -0.01259064 0.05380316 -0.00685640
v -0.01264313 0.05374038 -0.00678535
v -0.01262958 0.05348926 -0.00695660
v -0.01263297 0.05310151 -0.00716427
v -0.01264482 0.05299810 -0.00719160
v -0.01264652 0.05335632 -0.00699485
v -0.01142576 0.05165757 -0.00955255
v -0.01141391 0.05179790 -0.00953798
v -0.01194047 0.05239616 -0.00866355
v -0.01177962 0.05239616 -0.00888945
v -0.01167973 0.05239616 -0.00902972
v -0.01162216 0.05224475 -0.00914813
v -0.01148671 0.05179790 -0.00943779
v -0.01080945 0.05039829 -0.01053629
v -0.01063675 0.05153940 -0.01056726
v -0.01156290 0.05218566 -0.00924286
v -0.01160692 0.05239616 -0.00912991
v -0.01121919 0.05199732 -0.00974566
v -0.01137496 0.05219674 -0.00948879
v -0.01136142 0.05239616 -0.00944689
v -0.01104480 0.05259927 -0.00977845
v -0.01101602 0.05219674 -0.00994423
v -0.01090596 0.05220412 -0.01007721
v -0.01084162 0.05214135 -0.01017558
v -0.01077728 0.05199732 -0.01029764
v -0.01079929 0.05179790 -0.01032314
v -0.01069940 0.05179790 -0.01044338
v -0.01061474 0.05179790 -0.01054357
v -0.01049283 0.05199732 -0.01062555
v -0.01039294 0.05199732 -0.01072575
v -0.01029304 0.05199732 -0.01082230
v -0.01007124 0.05219674 -0.01100083
v -0.01018807 0.05199732 -0.01092249
v -0.01282938 0.05268421 -0.00695660
v -0.01251106 0.05299810 -0.00746303
v -0.01219445 0.05299810 -0.00808789
v -0.01202174 0.05306088 -0.00835022
v -0.01206746 0.05319752 -0.00821905
v -0.01200481 0.05319752 -0.00831925
v -0.01178301 0.05299810 -0.00869817
v -0.01165941 0.05259927 -0.00899875
v -0.01182365 0.05326399 -0.00855243
v -0.01176947 0.05259927 -0.00884755
v -0.01183889 0.05253280 -0.00877103
v -0.00994933 0.02080319 -0.01501773
v -0.01030489 0.02058901 -0.01481734
v -0.01023039 0.02148638 -0.01476269
v -0.01002722 0.02267181 -0.01476087
v -0.00881662 0.03459626 -0.01415423
v -0.00978679 0.02419330 -0.01473718
v -0.00973092 0.02359135 -0.01483738
v -0.00974446 0.02197754 -0.01500862
v -0.01064014 0.02375015 -0.01417063
v -0.01025749 0.03559705 -0.01298469
v -0.01043188 0.02989887 -0.01356399
v -0.01024055 0.03895391 -0.01257115
v -0.00983758 0.04633976 -0.01196816
v -0.01052162 0.02239115 -0.01443478
v -0.01058934 0.02119095 -0.01453133
v -0.01057410 0.02459213 -0.01411780
v -0.01044204 0.02659370 -0.01397206
v -0.01026256 0.02759448 -0.01398846
v -0.01042003 0.02042282 -0.01475540
v -0.01024563 0.02459213 -0.01437466
v -0.00983081 0.03369888 -0.01356399
v -0.00975293 0.05059770 -0.01149634
v -0.00965303 0.05059770 -0.01158014
v -0.01043696 0.04993667 -0.01096804
v -0.01011695 0.05121442 -0.01109373
v -0.01002383 0.05139537 -0.01115567
v -0.01055379 0.05119596 -0.01069113
v -0.01045389 0.05119596 -0.01078404
v -0.01021685 0.05159849 -0.01094982
v -0.01002552 0.04985912 -0.01135788
v -0.00987991 0.05199732 -0.01120668
v -0.00976478 0.05199732 -0.01130688
v -0.00770083 0.04719652 -0.01340733
v -0.00753152 0.04919809 -0.01328345
v -0.00743670 0.05072696 -0.01316686
v -0.00731141 0.05099654 -0.01321422
v -0.00724538 0.04819730 -0.01357128
v -0.00762803 0.04447114 -0.01376074
v -0.00783628 0.04331895 -0.01376621
v -0.00867947 0.03499510 -0.01419249
v -0.00737236 0.05139537 -0.01312678
v -0.00735204 0.05159849 -0.01311403
v -0.00745025 0.05219674 -0.01297558
v -0.00783459 0.03970727 -0.01416516
v -0.00842381 0.03305262 -0.01455866
v -0.00825449 0.03559705 -0.01437648
v -0.00751459 0.04179008 -0.01411598
v -0.00766020 0.05259927 -0.01278247
v -0.00764327 0.05275437 -0.01277154
v -0.00751459 0.05239246 -0.01290635
v -0.00762803 0.05288732 -0.01276061
v -0.00784983 0.05316429 -0.01257480
v -0.00783121 0.05329723 -0.01256204
v -0.00808179 0.05319752 -0.01239991
v -0.00805301 0.05339694 -0.01237805
v -0.00803608 0.05350773 -0.01236530
v -0.00793787 0.05358528 -0.01241631
v -0.00777872 0.05359636 -0.01252743
v -0.00745363 0.05413922 -0.01257662
v -0.00734358 0.05420569 -0.01262398
v -0.00688643 0.05464884 -0.01276790
v -0.00686273 0.05464884 -0.01278247
v -0.00659690 0.05464884 -0.01294279
v -0.00761787 0.05386594 -0.01255294
v -0.00875058 0.03260578 -0.01441656
v -0.00835439 0.03559705 -0.01431819
v -0.01220291 0.05464884 -0.00710416
v -0.01223677 0.05411337 -0.00737195
v -0.01237731 0.05419092 -0.00704950
v -0.01243826 0.05411706 -0.00697481
v -0.01245688 0.05399889 -0.00701125
v -0.01242471 0.05387333 -0.00714970
v -0.01248228 0.05380316 -0.00707501
v -0.01259911 0.05341171 -0.00706226
v -0.01246366 0.05317906 -0.00746303
v -0.01243318 0.05310151 -0.00756505
v -0.01149687 0.05239616 -0.00927383
v -0.01158322 0.05259927 -0.00909894
v -0.01143761 0.05232599 -0.00937038
v -0.01148332 0.05259927 -0.00922647
v -0.01140375 0.05259927 -0.00932666
v -0.01121750 0.05264728 -0.00954527
v -0.01117178 0.05299810 -0.00948697
v -0.01108543 0.05337848 -0.00946876
v -0.01103125 0.05269898 -0.00976205
v -0.01096353 0.05259927 -0.00987864
v -0.01099062 0.05239616 -0.00991143
v -0.01082469 0.05227429 -0.01015372
v -0.01086363 0.05259927 -0.01000070
v -0.01076374 0.05220412 -0.01025028
v -0.01067739 0.05199732 -0.01041787
v -0.01059273 0.05199732 -0.01051807
v -0.01024902 0.05239616 -0.01078040
v -0.01003738 0.05252541 -0.01096804
v -0.01027272 0.05219674 -0.01080408
v -0.01017113 0.05219674 -0.01090427
v -0.00983589 0.05252541 -0.01116660
v -0.00984774 0.05239616 -0.01117753
v -0.00996457 0.05219674 -0.01110102
v -0.01008817 0.05199732 -0.01101540
v -0.01223169 0.05310151 -0.00796401
v -0.01216905 0.05317906 -0.00804417
v -0.01180671 0.05339694 -0.00852692
v -0.01208608 0.05340063 -0.00807331
v -0.01204376 0.05333416 -0.00818444
v -0.01198111 0.05340063 -0.00825549
v -0.01163232 0.05390287 -0.00856518
v -0.01164925 0.05379947 -0.00858886
v -0.01160862 0.05299810 -0.00893135
v -0.01176777 0.05319752 -0.00865080
v -0.01167973 0.05359636 -0.00862894
v -0.01169666 0.05340063 -0.00867630
v -0.00997134 0.02499097 -0.01452222
v -0.01020838 0.02339193 -0.01454773
v -0.00963779 0.03153483 -0.01396842
v -0.01010849 0.02339193 -0.01461877
v -0.00985960 0.02679312 -0.01438377
v -0.00969028 0.02759448 -0.01440381
v -0.00882000 0.03799375 -0.01375528
v -0.00946679 0.02899410 -0.01438741
v -0.00864222 0.03714808 -0.01397024
v -0.01029304 0.03039372 -0.01361318
v -0.00962256 0.05099654 -0.01155463
v -0.00959208 0.04979634 -0.01173134
v -0.00947525 0.05159849 -0.01159835
v -0.00994933 0.03560443 -0.01323244
v -0.00931610 0.04599632 -0.01243088
v -0.00923990 0.04695648 -0.01237076
v -0.00900964 0.05019517 -0.01214669
v -0.00922975 0.04549039 -0.01256204
v -0.01025918 0.02278999 -0.01458416
v -0.00986806 0.02999488 -0.01399028
v -0.00902149 0.04844104 -0.01235619
v -0.00999505 0.05179790 -0.01112835
v -0.00997981 0.05199732 -0.01111560
v -0.00986468 0.05219674 -0.01119211
v -0.00974954 0.05219674 -0.01129230
v -0.00964795 0.05219674 -0.01137792
v -0.00966488 0.05199732 -0.01139068
v -0.00782951 0.04688262 -0.01336178
v -0.00764327 0.04955999 -0.01317050
v -0.00756707 0.05039829 -0.01312131
v -0.00751459 0.05079343 -0.01310856
v -0.00754676 0.05138799 -0.01301566
v -0.00741130 0.05099654 -0.01315046
v -0.00750951 0.05159849 -0.01301383
v -0.00747056 0.05199732 -0.01298833
v -0.00755014 0.05219674 -0.01291000
v -0.00788877 0.05279869 -0.01260212
v -0.00786845 0.05299810 -0.01258755
v -0.00771946 0.05280976 -0.01271325
v -0.00770083 0.05219674 -0.01280980
v -0.00796835 0.05299810 -0.01251650
v -0.00818169 0.05319752 -0.01232522
v -0.00820539 0.05299810 -0.01234344
v -0.00852032 0.05301288 -0.01210661
v -0.00842889 0.05308673 -0.01216127
v -0.00863037 0.05329723 -0.01196270
v -0.00825619 0.05356312 -0.01218130
v -0.00821047 0.05379947 -0.01214669
v -0.00811057 0.05379947 -0.01222138
v -0.00797512 0.05379947 -0.01232158
v -0.00787523 0.05379947 -0.01239445
v -0.00758739 0.05399889 -0.01253108
v -0.00741808 0.05427586 -0.01255476
v -0.00712855 0.05464884 -0.01261670
v -0.01214534 0.05464884 -0.00721164
v -0.01220291 0.05399889 -0.00750676
v -0.01222323 0.05386963 -0.00754683
v -0.01240609 0.05399889 -0.00711144
v -0.01239085 0.05380316 -0.00725718
v -0.01234683 0.05359636 -0.00746303
v -0.01241455 0.05359636 -0.00732823
v -0.01224355 0.05373669 -0.00758691
v -0.01244842 0.05335632 -0.00739563
v -0.01221476 0.05323445 -0.00792758
v -0.01137835 0.05339694 -0.00909348
v -0.01142237 0.05306088 -0.00914995
v -0.01136142 0.05299810 -0.00924833
v -0.01115485 0.05378839 -0.00924468
v -0.01108543 0.05397673 -0.00926837
v -0.01103125 0.05389918 -0.00936127
v -0.01063675 0.05231491 -0.01036869
v -0.01084331 0.05274329 -0.00997702
v -0.01078067 0.05259927 -0.01010089
v -0.01065199 0.05219674 -0.01038690
v -0.01044543 0.05234815 -0.01057819
v -0.01023378 0.05250695 -0.01076582
v -0.01002045 0.05265835 -0.01095164
v -0.01005092 0.05239616 -0.01098261
v -0.00982235 0.05265835 -0.01115385
v -0.00962425 0.05246632 -0.01135788
v -0.00974615 0.05259188 -0.01123219
v -0.00961070 0.05259927 -0.01134695
v -0.00963779 0.05233338 -0.01136699
v -0.01221307 0.05359636 -0.00772719
v -0.01202174 0.05347080 -0.00814618
v -0.01218598 0.05380316 -0.00765614
v -0.01205391 0.05396196 -0.00780005
v -0.01180841 0.05379947 -0.00832289
v -0.01182026 0.05406536 -0.00814254
v -0.01164756 0.05414660 -0.00839212
v -0.01160862 0.05403581 -0.00852510
v -0.01145115 0.05434971 -0.00859615
v -0.01125306 0.05455652 -0.00879289
v -0.01143253 0.05410229 -0.00876375
v -0.01157983 0.05379947 -0.00868906
v -0.01162386 0.05346710 -0.00875100
v -0.01156629 0.05340063 -0.00884937
v -0.00882847 0.04627329 -0.01276061
v -0.00879461 0.04499554 -0.01293732
v -0.00962256 0.03004289 -0.01415788
v -0.00877090 0.04359592 -0.01312131
v -0.00881662 0.04139494 -0.01335267
v -0.00811735 0.04740702 -0.01311038
v -0.00802930 0.04747718 -0.01316139
v -0.00786507 0.04819730 -0.01318508
v -0.00931610 0.05020995 -0.01190076
v -0.00957515 0.05159849 -0.01151637
v -0.00954298 0.05199732 -0.01149087
v -0.00945832 0.05179790 -0.01158560
v -0.00934996 0.05159849 -0.01169855
v -0.00923990 0.04855182 -0.01217037
v -0.00914170 0.04979634 -0.01209204
v -0.00911969 0.05039829 -0.01203374
v -0.00907228 0.05099654 -0.01199549
v -0.00899270 0.05039829 -0.01213394
v -0.00889281 0.05039829 -0.01220863
v -0.00863206 0.05070111 -0.01236348
v -0.00877429 0.05019517 -0.01232158
v -0.00771946 0.05039829 -0.01302112
v -0.00762295 0.05145077 -0.01295736
v -0.00760940 0.05159849 -0.01294825
v -0.00766528 0.05099654 -0.01298469
v -0.00759078 0.05179790 -0.01293550
v -0.00800899 0.05259927 -0.01254565
v -0.00780073 0.05219674 -0.01274240
v -0.00803608 0.05231861 -0.01256569
v -0.00814613 0.05278761 -0.01241995
v -0.00877429 0.05299810 -0.01191898
v -0.00831375 0.05319752 -0.01222503
v -0.00846275 0.05279869 -0.01218495
v -0.00879799 0.05279869 -0.01193719
v -0.00874889 0.05341171 -0.01184064
v -0.00855079 0.05321599 -0.01204103
v -0.00872349 0.05321599 -0.01190987
v -0.00922467 0.05307935 -0.01155827
v -0.00847968 0.05359636 -0.01199913
v -0.00832560 0.05361851 -0.01211208
v -0.00834762 0.05380685 -0.01203921
v -0.00842550 0.05388071 -0.01195723
v -0.00854402 0.05399889 -0.01182971
v -0.00840010 0.05399889 -0.01193902
v -0.00830021 0.05399889 -0.01201371
v -0.00816476 0.05399889 -0.01211390
v -0.00806486 0.05399889 -0.01218677
v -0.00784475 0.05392503 -0.01237259
v -0.00773978 0.05399519 -0.01242359
v -0.00752475 0.05420569 -0.01250375
v -0.00756538 0.05464884 -0.01230883
v -0.00737067 0.05464884 -0.01244910
v -0.00725046 0.05464884 -0.01253472
v -0.00719120 0.05464884 -0.01257480
v -0.01204714 0.05464884 -0.00738834
v -0.01208608 0.05440142 -0.00747214
v -0.01210132 0.05401735 -0.00768164
v -0.01226386 0.05359636 -0.00762699
v -0.01222831 0.05348926 -0.00775815
v -0.01127676 0.05399889 -0.00901879
v -0.01119888 0.05399889 -0.00911898
v -0.01107189 0.05419830 -0.00921007
v -0.01098723 0.05419830 -0.00931026
v -0.01092628 0.05398411 -0.00945600
v -0.01065199 0.05279869 -0.01018651
v -0.01080776 0.05299810 -0.00993330
v -0.01042680 0.05248109 -0.01055633
v -0.01059611 0.05259927 -0.01031950
v -0.01021516 0.05264358 -0.01074396
v -0.01000182 0.05279869 -0.01092978
v -0.00990192 0.05279869 -0.01103544
v -0.00980203 0.05279869 -0.01113563
v -0.00970213 0.05279869 -0.01122490
v -0.00958700 0.05279869 -0.01132509
v -0.00940583 0.05239616 -0.01154370
v -0.00954636 0.05239985 -0.01143075
v -0.00951081 0.05259927 -0.01142711
v -0.00938551 0.05259927 -0.01152730
v -0.00948710 0.05279869 -0.01140889
v -0.00936350 0.05279869 -0.01150909
v -0.00942107 0.05224475 -0.01155463
v -0.00951250 0.05218566 -0.01148905
v -0.01204545 0.05433494 -0.00758509
v -0.01203021 0.05409490 -0.00775998
v -0.01162386 0.05427955 -0.00835022
v -0.01166110 0.05439772 -0.00821359
v -0.01150026 0.05440880 -0.00847774
v -0.01131570 0.05464884 -0.00863623
v -0.01126829 0.05464884 -0.00871274
v -0.01120395 0.05464884 -0.00881293
v -0.01118872 0.05464884 -0.00883479
v -0.01121242 0.05439772 -0.00893499
v -0.01123104 0.05429801 -0.00896049
v -0.01144946 0.05399889 -0.00878561
v -0.01147824 0.05379947 -0.00882386
v -0.01125136 0.05416507 -0.00898964
v -0.01137666 0.05399889 -0.00888580
v -0.00865408 0.04879556 -0.01257844
v -0.00866593 0.04699710 -0.01278612
v -0.00862529 0.04745872 -0.01275879
v -0.00841534 0.05039829 -0.01255111
v -0.00835608 0.04939750 -0.01271143
v -0.00840180 0.04719652 -0.01294279
v -0.00815121 0.04961169 -0.01282437
v -0.00793110 0.05059770 -0.01285534
v -0.00782951 0.05028381 -0.01296100
v -0.00943292 0.05211180 -0.01156374
v -0.00944308 0.05199732 -0.01157103
v -0.00931440 0.05180160 -0.01169855
v -0.00894191 0.05099654 -0.01209568
v -0.00923652 0.05173512 -0.01176777
v -0.00904181 0.05135475 -0.01196998
v -0.00875736 0.05039829 -0.01230883
v -0.00885895 0.05079712 -0.01218313
v -0.00883186 0.05110363 -0.01216309
v -0.00862021 0.05083405 -0.01235437
v -0.00850508 0.05099654 -0.01241449
v -0.00780073 0.05059770 -0.01294279
v -0.00778380 0.05079712 -0.01293003
v -0.00822063 0.05143600 -0.01255476
v -0.00802592 0.05086359 -0.01275879
v -0.00833238 0.05159849 -0.01245456
v -0.00846614 0.05139537 -0.01238716
v -0.00843397 0.05171297 -0.01236530
v -0.00808518 0.05179790 -0.01260030
v -0.00820539 0.05159849 -0.01254383
v -0.00858296 0.05259927 -0.01212665
v -0.00882000 0.05123658 -0.01215398
v -0.00862021 0.05223736 -0.01215398
v -0.00871334 0.05218197 -0.01209386
v -0.00926361 0.05279869 -0.01158742
v -0.00924329 0.05294640 -0.01157285
v -0.00905196 0.05259927 -0.01177870
v -0.00915186 0.05259927 -0.01170401
v -0.00928562 0.05259927 -0.01160382
v -0.00883016 0.05248848 -0.01196088
v -0.00917218 0.05239616 -0.01172041
v -0.00910445 0.05319752 -0.01162021
v -0.00906890 0.05339694 -0.01159289
v -0.00882678 0.05348557 -0.01175866
v -0.00943800 0.05311997 -0.01136882
v -0.00934149 0.05319014 -0.01142893
v -0.00921112 0.05384378 -0.01134513
v -0.00908244 0.05399889 -0.01140525
v -0.00899609 0.05379947 -0.01153459
v -0.00845090 0.05374777 -0.01197727
v -0.00877090 0.05379947 -0.01171312
v -0.00872011 0.05399889 -0.01169308
v -0.00883693 0.05411337 -0.01156738
v -0.00861852 0.05406536 -0.01175138
v -0.00858804 0.05419830 -0.01172952
v -0.00848815 0.05419830 -0.01180421
v -0.00845428 0.05434233 -0.01177870
v -0.00803777 0.05410967 -0.01216673
v -0.00781258 0.05405797 -0.01234890
v -0.00777702 0.05419830 -0.01232340
v -0.00810211 0.05439772 -0.01201371
v -0.00764496 0.05432386 -0.01237259
v -0.00806147 0.05455282 -0.01198456
v -0.00773300 0.05464884 -0.01218677
v -0.00771946 0.05439403 -0.01229243
v -0.01161031 0.05464884 -0.00814072
v -0.01163909 0.05451959 -0.00817533
v -0.01104818 0.05434602 -0.00918274
v -0.01068754 0.05417984 -0.00966732
v -0.01063167 0.05409859 -0.00976205
v -0.01077559 0.05379947 -0.00969647
v -0.01052839 0.05358897 -0.01005899
v -0.01021516 0.05324184 -0.01054357
v -0.01046574 0.05279869 -0.01040330
v -0.01037939 0.05279869 -0.01050350
v -0.01016267 0.05299810 -0.01068385
v -0.00997134 0.05299810 -0.01089699
v -0.00987145 0.05299810 -0.01100629
v -0.00977325 0.05299810 -0.01110649
v -0.00964795 0.05314951 -0.01117753
v -0.00930594 0.05239616 -0.01162021
v -0.00921281 0.05199732 -0.01174956
v -0.00922467 0.05186807 -0.01175866
v -0.01160184 0.05439772 -0.00831378
v -0.01146809 0.05464884 -0.00838118
v -0.01108205 0.05464884 -0.00898418
v -0.01107528 0.05459714 -0.00902061
v -0.01110745 0.05440511 -0.00907526
v -0.00827989 0.05079712 -0.01259484
v -0.00829682 0.05059770 -0.01260759
v -0.00814952 0.05059770 -0.01270778
v -0.00901810 0.05159849 -0.01195359
v -0.00860497 0.05099654 -0.01234344
v -0.00911292 0.05199732 -0.01182425
v -0.00889619 0.05379947 -0.01161475
v -0.00962594 0.05328615 -0.01115749
v -0.00942276 0.05387702 -0.01115567
v -0.00918234 0.05399889 -0.01132145
v -0.00895884 0.05399889 -0.01150544
v -0.00905366 0.05415030 -0.01138157
v -0.00880984 0.05424631 -0.01154552
v -0.00867439 0.05439772 -0.01159471
v -0.00864392 0.05451959 -0.01157103
v -0.00841873 0.05447527 -0.01175320
v -0.00808010 0.05464884 -0.01193355
v -0.01154258 0.05464884 -0.00825549
v -0.01085347 0.05439772 -0.00938860
v -0.01060966 0.05423154 -0.00973837
v -0.01102279 0.05447897 -0.00915177
v -0.01083316 0.05450482 -0.00936492
v -0.01040310 0.05379947 -0.01013004
v -0.01025241 0.05356312 -0.01038690
v -0.01000013 0.05339694 -0.01072757
v -0.01002045 0.05326769 -0.01075125
v -0.00984774 0.05315321 -0.01098079
v -0.00973769 0.05321968 -0.01107005
v -0.01101602 0.05464884 -0.00906980
v -0.00970891 0.05339694 -0.01104090
v -0.00940075 0.05399889 -0.01113381
v -0.00926191 0.05419830 -0.01119029
v -0.00964795 0.05374777 -0.01098079
v -0.00912477 0.05420938 -0.01130141
v -0.00902487 0.05428693 -0.01135788
v -0.00877429 0.05439772 -0.01151637
v -0.00885895 0.05455282 -0.01138521
v -0.00878275 0.05464884 -0.01140525
v -0.00862021 0.05464884 -0.01153459
v -0.00854402 0.05464884 -0.01159107
v -0.00827312 0.05464884 -0.01179146
v -0.01076712 0.05439772 -0.00948879
v -0.01066723 0.05439772 -0.00960356
v -0.01057918 0.05439772 -0.00970376
v -0.01041495 0.05425370 -0.00994423
v -0.01033029 0.05419461 -0.01006082
v -0.01036923 0.05399889 -0.01009361
v -0.01098893 0.05464884 -0.00910441
v -0.01087718 0.05464884 -0.00924104
v -0.01072479 0.05458237 -0.00945418
v -0.01064352 0.05452697 -0.00957441
v -0.01023039 0.05369607 -0.01036140
v -0.01017113 0.05361851 -0.01045613
v -0.00980880 0.05339694 -0.01093707
v -0.00982743 0.05328615 -0.01095710
v -0.01010002 0.05378839 -0.01047070
v -0.00984266 0.05372930 -0.01077493
v -0.00950234 0.05399889 -0.01103362
v -0.00936181 0.05419830 -0.01109556
v -0.00923821 0.05431648 -0.01116843
v -0.00981896 0.05386594 -0.01074943
v -0.00962425 0.05388071 -0.01095528
v -0.00920773 0.05444942 -0.01114292
v -0.00913662 0.05439034 -0.01122490
v -0.00899778 0.05439772 -0.01133602
v -0.00892836 0.05461191 -0.01130323
v -0.00896900 0.05464884 -0.01125222
v -0.01044881 0.05453805 -0.00978209
v -0.01000351 0.05439772 -0.01033225
v -0.01002552 0.05428693 -0.01035594
v -0.01005092 0.05415399 -0.01038326
v -0.01007801 0.05399889 -0.01041423
v -0.01073834 0.05464884 -0.00940499
v -0.01063167 0.05464884 -0.00952705
v -0.01059611 0.05464884 -0.00956713
v -0.00960224 0.05399889 -0.01093160
v -0.00946340 0.05419830 -0.01099536
v -0.00943969 0.05432017 -0.01097168
v -0.00932456 0.05438295 -0.01105730
v -0.00998658 0.05399889 -0.01051443
v -0.00979526 0.05399889 -0.01072392
v -0.00941091 0.05445312 -0.01094253
v -0.00927546 0.05459714 -0.01100811
v -0.00926361 0.05464884 -0.01099536
v -0.00919758 0.05464884 -0.01105548
v -0.00915525 0.05464884 -0.01109373
v -0.00905366 0.05464884 -0.01118118
v -0.00980372 0.05443465 -0.01053264
v -0.01034722 0.05464884 -0.00983857
v -0.01033706 0.05461191 -0.00986771
v -0.00988838 0.05437926 -0.01046524
v -0.00963610 0.05431278 -0.01076765
v -0.00975801 0.05419830 -0.01068385
v -0.00965811 0.05419830 -0.01079133
v -0.00956330 0.05419830 -0.01089152
v -0.00952435 0.05438295 -0.01085509
v -0.00960732 0.05444573 -0.01073850
v -0.00960054 0.05464884 -0.01064559
v -0.00946001 0.05464884 -0.01079315
v -0.00940245 0.05464884 -0.01085327
v -0.00936350 0.05464884 -0.01089334
v -0.00997304 0.05461560 -0.01026121
v -0.00999505 0.05464884 -0.01022113
f 1 2 3
f 1 3 4
f 1 4 5
f 1 5 6
f 1 6 7
f 1 7 8
f 1 8 9
f 1 9 10
f 1 10 11
f 1 11 19
f 1 19 48
f 1 48 72
f 1 72 89
f 1 89 107
f 1 107 106
f 1 106 105
f 1 105 137
f 1 137 171
f 1 171 218
f 1 218 285
f 1 285 368
f 1 368 467
f 1 467 612
f 1 612 779
f 1 779 1003
f 1 1003 1267
f 1 1267 1534
f 1 1534 1766
f 1 1766 2007
f 1 2007 2248
f 1 2248 2459
f 1 2459 2624
f 1 2624 2787
f 1 2787 2932
f 1 2932 3056
f 1 3056 3179
f 1 3179 3178
f 1 3178 3177
f 1 3177 3282
f 1 3282 3379
f 1 3379 3378
f 1 3378 3377
f 1 3377 3376
f 1 3376 3485
f 1 3485 3526
f 1 3526 3550
f 1 3550 3549
f 1 3549 3548
f 1 3548 3547
f 1 3547 3576
f 1 3576 3596
f 1 3596 3595
f 1 3595 3594
f 1 3594 3593
f 1 3593 3610
f 1 3610 3609
f 1 3609 3608
f 1 3608 3607
f 1 3607 3612
f 1 3612 3598
f 1 3598 3584
f 1 3584 3583
f 1 3583 3582
f 1 3582 3558
f 1 3558 3557
f 1 3557 3538
f 1 3538 3507
f 1 3507 3416
f 1 3416 3415
f 1 3415 3414
f 1 3414 3413
f 1 3413 3506
f 1 3506 3527
f 1 3527 3487
f 1 3487 3380
f 1 3380 3283
f 1 3283 3183
f 1 3183 3069
f 1 3069 2949
f 1 2949 2812
f 1 2812 2811
f 1 2811 2810
f 1 2810 2809
f 1 2809 2806
f 1 2806 2650
f 1 2650 2646
f 1 2646 2481
f 1 2481 2276
f 1 2276 2275
f 1 2275 2022
f 1 2022 1779
f 1 1779 1778
f 1 1778 1553
f 1 1553 1551
f 1 1551 1300
f 1 1300 1298
f 1 1298 1033
f 1 1033 808
f 1 808 635
f 1 635 484
f 1 484 483
f 1 483 474
f 1 474 374
f 1 374 291
f 1 291 290
f 1 290 222
f 1 222 175
f 1 175 174
f 1 174 173
f 1 173 140
f 1 140 114
f 1 114 112
f 1 112 111
f 1 111 90
f 1 90 73
f 1 73 49
f 1 49 20
f 1 20 12
f 1 12 23
f 1 23 54
f 1 54 83
f 1 83 82
f 1 82 81
f 1 81 98
f 1 98 125
f 1 125 152
f 1 152 191
f 1 191 251
f 1 251 311
f 1 311 249
f 1 249 310
f 1 310 393
f 1 393 504
f 1 504 661
f 1 661 848
f 1 848 1086
f 1 1086 842
f 1 842 841
f 1 841 1085
f 1 1085 846
f 1 846 1088
f 1 1088 1087
f 1 1087 1349
f 1 1349 1348
f 1 1348 1350
f 1 1350 1084
f 1 1084 1351
f 1 1351 1369
f 1 1369 1111
f 1 1111 863
f 1 863 668
f 1 668 515
f 1 515 403
f 1 403 319
f 1 319 259
f 1 259 196
f 1 196 156
f 1 156 129
f 1 129 102
f 1 102 99
f 1 99 84
f 1 84 63
f 1 63 62
f 1 62 61
f 1 61 60
f 1 60 59
f 1 59 58
f 1 58 57
f 1 57 56
f 1 56 68
f 1 68 67
f 1 67 66
f 1 66 65
f 1 65 55
f 1 55 42
f 1 42 41
f 1 41 40
f 1 40 39
f 1 39 38
f 1 38 37
f 1 37 36
f 1 36 35
f 1 35 34
f 1 34 33
f 1 33 32
f 1 32 31
f 1 31 30
f 1 30 29
f 1 29 28
f 1 28 27
f 1 27 26
f 1 26 25
f 1 25 45
f 1 45 44
f 1 44 24
f 1 24 13
f 1 13 14
f 1 14 15
f 1 15 16
f 1 16 17
f 1 17 18
f 1 18 2
f 2 18 17
f 2 17 16
f 2 16 15
f 2 15 14
f 2 14 43
f 2 43 64
f 2 64 85
f 2 85 101
f 2 101 128
f 2 128 153
f 2 153 192
f 2 192 252
f 2 252 258
f 2 258 318
f 2 318 402
f 2 402 514
f 2 514 666
f 2 666 856
f 2 856 1102
f 2 1102 1101
f 2 1101 1100
f 2 1100 1362
f 2 1362 1360
f 2 1360 1597
f 2 1597 1827
f 2 1827 1830
f 2 1830 1829
f 2 1829 2068
f 2 2068 2067
f 2 2067 2309
f 2 2309 2200
f 2 2200 1982
f 2 1982 1756
f 2 1756 1755
f 2 1755 1754
f 2 1754 1751
f 2 1751 1520
f 2 1520 1519
f 2 1519 1518
f 2 1518 1517
f 2 1517 1254
f 2 1254 1252
f 2 1252 1251
f 2 1251 996
f 2 996 776
f 2 776 773
f 2 773 606
f 2 606 464
f 2 464 364
f 2 364 279
f 2 279 208
f 2 208 166
f 2 166 131
f 2 131 103
f 2 103 86
f 2 86 69
f 2 69 46
f 2 46 19
f 2 19 11
f 2 11 10
f 2 10 9
f 2 9 8
f 2 8 7
f 2 7 6
f 2 6 5
f 2 5 4
f 2 4 3
f 12 20 21
f 12 21 22
f 12 22 23
f 13 24 14
f 14 25 26
f 14 26 27
f 14 27 28
f 14 28 29
f 14 29 30
f 14 30 31
f 14 31 32
f 14 32 33
f 14 33 34
f 14 34 35
f 14 35 36
f 14 36 37
f 14 37 38
f 14 38 39
f 14 39 40
f 14 40 41
f 14 41 42
f 14 42 43
f 14 24 44
f 14 44 45
f 14 45 25
f 19 46 47
f 19 47 48
f 20 49 21
f 21 49 50
f 21 50 22
f 22 51 52
f 22 52 53
f 22 53 54
f 22 54 23
f 22 50 51
f 42 55 43
f 43 56 57
f 43 57 58
f 43 58 59
f 43 59 60
f 43 60 61
f 43 61 62
f 43 62 63
f 43 63 64
f 43 55 65
f 43 65 66
f 43 66 67
f 43 67 68
f 43 68 56
f 46 69 70
f 46 70 47
f 47 70 87
f 47 87 71
f 47 71 72
f 47 72 48
f 49 73 74
f 49 74 50
f 50 74 75
f 50 75 76
f 50 76 77
f 50 77 78
f 50 78 51
f 51 78 52
f 52 78 79
f 52 79 80
f 52 80 81
f 52 81 82
f 52 82 53
f 53 83 54
f 53 82 83
f 63 84 64
f 64 84 85
f 69 86 88
f 69 88 70
f 70 88 104
f 70 104 87
f 71 89 72
f 71 87 89
f 73 90 91
f 73 91 74
f 74 91 75
f 75 91 92
f 75 92 93
f 75 93 76
f 76 93 94
f 76 94 77
f 77 94 119
f 77 119 95
f 77 95 78
f 78 95 96
f 78 96 97
f 78 97 79
f 79 97 80
f 80 97 98
f 80 98 81
f 84 99 85
f 85 100 101
f 85 99 102
f 85 102 100
f 86 103 88
f 87 104 105
f 87 105 106
f 87 106 107
f 87 107 89
f 88 103 108
f 88 108 109
f 88 109 110
f 88 110 104
f 90 111 91
f 91 111 112
f 91 112 92
f 92 112 113
f 92 113 114
f 92 114 115
f 92 115 116
f 92 116 93
f 93 116 94
f 94 116 117
f 94 117 118
f 94 118 146
f 94 146 119
f 95 119 120
f 95 120 121
f 95 121 122
f 95 122 96
f 96 122 123
f 96 123 97
f 97 123 124
f 97 124 125
f 97 125 98
f 100 126 127
f 100 127 101
f 100 102 126
f 101 127 128
f 102 129 130
f 102 130 126
f 103 131 132
f 103 132 133
f 103 133 108
f 104 134 105
f 104 110 135
f 104 135 136
f 104 136 134
f 105 134 138
f 105 138 137
f 108 133 109
f 109 133 132
f 109 132 139
f 109 139 110
f 110 139 168
f 110 168 135
f 112 114 113
f 114 140 115
f 115 140 141
f 115 141 142
f 115 142 116
f 116 142 117
f 117 142 143
f 117 143 118
f 118 143 144
f 118 144 145
f 118 145 146
f 119 146 147
f 119 147 120
f 120 147 148
f 120 148 121
f 121 148 122
f 122 148 149
f 122 149 189
f 122 189 150
f 122 150 123
f 123 150 124
f 124 150 151
f 124 151 125
f 125 151 152
f 126 130 127
f 127 153 128
f 127 130 154
f 127 154 194
f 127 194 155
f 127 155 153
f 129 156 157
f 129 157 158
f 129 158 159
f 129 159 160
f 129 160 161
f 129 161 162
f 129 162 163
f 129 163 164
f 129 164 165
f 129 165 130
f 130 165 154
f 131 166 132
f 132 166 167
f 132 167 172
f 132 172 139
f 134 136 138
f 135 168 212
f 135 212 169
f 135 169 170
f 135 170 138
f 135 138 136
f 137 138 170
f 137 170 171
f 139 172 210
f 139 210 168
f 140 173 141
f 141 143 142
f 141 173 174
f 141 174 143
f 143 174 175
f 143 175 176
f 143 176 177
f 143 177 144
f 144 178 228
f 144 228 179
f 144 179 180
f 144 180 145
f 144 177 225
f 144 225 178
f 145 147 146
f 145 180 181
f 145 181 182
f 145 182 147
f 147 182 183
f 147 183 148
f 148 183 184
f 148 184 185
f 148 185 186
f 148 186 149
f 149 186 187
f 149 187 188
f 149 188 189
f 150 189 151
f 151 189 152
f 152 189 190
f 152 190 191
f 153 155 195
f 153 195 192
f 154 165 193
f 154 193 194
f 155 194 195
f 156 196 197
f 156 197 157
f 157 197 158
f 158 197 198
f 158 198 199
f 158 199 159
f 159 199 200
f 159 200 201
f 159 201 202
f 159 202 160
f 160 202 203
f 160 203 161
f 161 203 204
f 161 204 205
f 161 205 162
f 162 205 163
f 163 205 206
f 163 206 207
f 163 207 164
f 164 207 165
f 165 207 193
f 166 208 209
f 166 209 167
f 167 209 172
f 168 210 282
f 168 282 211
f 168 211 170
f 168 170 212
f 169 213 170
f 169 212 213
f 170 214 171
f 170 213 212
f 170 211 215
f 170 215 214
f 171 216 217
f 171 217 218
f 171 214 215
f 171 215 219
f 171 219 216
f 172 220 210
f 172 209 221
f 172 221 220
f 175 222 223
f 175 223 176
f 176 223 224
f 176 224 177
f 177 224 225
f 178 226 293
f 178 293 227
f 178 227 228
f 178 225 224
f 178 224 229
f 178 229 230
f 178 230 226
f 179 228 231
f 179 231 181
f 179 181 180
f 181 231 232
f 181 232 233
f 181 233 234
f 181 234 182
f 182 234 183
f 183 234 233
f 183 233 235
f 183 235 184
f 184 235 236
f 184 236 237
f 184 237 238
f 184 238 186
f 184 186 185
f 186 238 239
f 186 239 240
f 186 240 241
f 186 241 242
f 186 242 243
f 186 243 244
f 186 244 245
f 186 245 187
f 187 245 246
f 187 246 247
f 187 247 188
f 188 248 189
f 188 247 249
f 188 249 250
f 188 250 248
f 189 248 190
f 190 248 191
f 191 248 251
f 192 195 252
f 193 207 206
f 193 206 253
f 193 253 254
f 193 254 194
f 194 254 255
f 194 255 256
f 194 256 195
f 195 256 315
f 195 315 257
f 195 257 258
f 195 258 252
f 196 259 197
f 197 260 261
f 197 261 198
f 197 259 262
f 197 262 260
f 198 261 199
f 199 263 264
f 199 264 265
f 199 265 266
f 199 266 200
f 199 261 267
f 199 267 263
f 200 266 268
f 200 268 269
f 200 269 270
f 200 270 201
f 201 271 202
f 201 270 271
f 202 271 272
f 202 272 273
f 202 273 274
f 202 274 275
f 202 275 205
f 202 205 203
f 203 205 204
f 205 275 276
f 205 276 277
f 205 277 278
f 205 278 253
f 205 253 206
f 208 279 209
f 209 279 280
f 209 280 281
f 209 281 221
f 210 220 283
f 210 283 282
f 211 282 219
f 211 219 215
f 216 284 217
f 216 219 284
f 217 284 218
f 218 284 286
f 218 286 285
f 219 282 283
f 219 283 287
f 219 287 284
f 220 221 288
f 220 288 283
f 221 281 280
f 221 280 289
f 221 289 373
f 221 373 288
f 222 290 224
f 222 224 223
f 224 230 229
f 224 290 291
f 224 291 230
f 226 292 376
f 226 376 293
f 226 230 294
f 226 294 292
f 227 293 295
f 227 295 296
f 227 296 297
f 227 297 228
f 228 297 231
f 230 291 298
f 230 298 299
f 230 299 294
f 231 297 232
f 232 297 300
f 232 300 301
f 232 301 235
f 232 235 233
f 235 301 302
f 235 302 236
f 236 302 385
f 236 385 303
f 236 303 304
f 236 304 237
f 237 304 238
f 238 304 239
f 239 304 240
f 240 304 241
f 241 304 242
f 242 304 305
f 242 305 387
f 242 387 306
f 242 306 307
f 242 307 243
f 243 307 391
f 243 391 308
f 243 308 244
f 244 308 245
f 245 308 246
f 246 308 247
f 247 308 309
f 247 309 310
f 247 310 249
f 248 250 311
f 248 311 251
f 249 311 250
f 253 278 312
f 253 312 254
f 254 312 255
f 255 312 313
f 255 313 314
f 255 314 256
f 256 314 313
f 256 313 315
f 257 315 316
f 257 316 258
f 258 316 317
f 258 317 318
f 259 319 321
f 259 321 262
f 260 262 320
f 260 320 267
f 260 267 261
f 262 321 322
f 262 322 323
f 262 323 320
f 263 267 324
f 263 324 325
f 263 325 326
f 263 326 327
f 263 327 328
f 263 328 329
f 263 329 330
f 263 330 331
f 263 331 332
f 263 332 264
f 264 333 265
f 264 332 334
f 264 334 335
f 264 335 336
f 264 336 337
f 264 337 338
f 264 338 339
f 264 339 340
f 264 340 333
f 265 333 341
f 265 341 342
f 265 342 266
f 266 343 268
f 266 342 341
f 266 341 343
f 267 320 324
f 268 343 344
f 268 344 345
f 268 345 269
f 269 345 346
f 269 346 344
f 269 344 347
f 269 347 348
f 269 348 271
f 269 271 270
f 271 349 350
f 271 350 273
f 271 273 272
f 271 348 351
f 271 351 349
f 273 350 352
f 273 352 353
f 273 353 274
f 274 353 354
f 274 354 355
f 274 355 275
f 275 356 357
f 275 357 276
f 275 355 358
f 275 358 356
f 276 357 359
f 276 359 360
f 276 360 277
f 277 360 361
f 277 361 362
f 277 362 363
f 277 363 278
f 278 363 312
f 279 364 365
f 279 365 280
f 280 365 289
f 283 288 373
f 283 373 366
f 283 366 287
f 284 367 286
f 284 287 367
f 285 286 369
f 285 369 370
f 285 370 368
f 286 367 369
f 287 366 371
f 287 371 372
f 287 372 367
f 289 365 465
f 289 465 471
f 289 471 373
f 291 374 298
f 292 375 476
f 292 476 376
f 292 294 299
f 292 299 375
f 293 376 377
f 293 377 378
f 293 378 295
f 295 378 296
f 296 378 300
f 296 300 297
f 298 379 299
f 298 374 380
f 298 380 379
f 299 379 375
f 300 378 381
f 300 381 382
f 300 382 301
f 301 382 383
f 301 383 302
f 302 383 384
f 302 384 385
f 303 385 386
f 303 386 305
f 303 305 304
f 305 386 492
f 305 492 387
f 306 387 388
f 306 388 389
f 306 389 390
f 306 390 307
f 307 390 391
f 308 391 392
f 308 392 309
f 309 392 393
f 309 393 310
f 312 363 313
f 313 394 395
f 313 395 396
f 313 396 397
f 313 397 315
f 313 363 394
f 315 397 316
f 316 397 398
f 316 398 399
f 316 399 400
f 316 400 317
f 317 400 401
f 317 401 402
f 317 402 318
f 319 403 404
f 319 404 321
f 320 405 324
f 320 323 406
f 320 406 405
f 321 404 322
f 322 407 406
f 322 406 323
f 322 404 408
f 322 408 407
f 324 405 325
f 325 405 409
f 325 409 410
f 325 410 411
f 325 411 412
f 325 412 327
f 325 327 326
f 327 413 414
f 327 414 415
f 327 415 329
f 327 329 328
f 327 412 416
f 327 416 417
f 327 417 418
f 327 418 419
f 327 419 413
f 329 415 414
f 329 414 330
f 330 414 413
f 330 413 331
f 331 413 332
f 332 413 420
f 332 420 421
f 332 421 334
f 333 340 422
f 333 422 423
f 333 423 341
f 334 421 336
f 334 336 335
f 336 421 424
f 336 424 425
f 336 425 337
f 337 425 426
f 337 426 427
f 337 427 428
f 337 428 429
f 337 429 430
f 337 430 431
f 337 431 432
f 337 432 338
f 338 432 431
f 338 431 433
f 338 433 434
f 338 434 339
f 339 434 435
f 339 435 340
f 340 435 422
f 341 423 436
f 341 436 343
f 343 436 437
f 343 437 438
f 343 438 347
f 343 347 344
f 344 346 345
f 347 438 439
f 347 439 440
f 347 440 348
f 348 440 351
f 349 441 350
f 349 351 442
f 349 442 441
f 350 441 443
f 350 443 352
f 351 440 439
f 351 439 444
f 351 444 442
f 352 443 445
f 352 445 446
f 352 446 447
f 352 447 448
f 352 448 353
f 353 358 354
f 353 448 449
f 353 449 358
f 354 358 355
f 356 450 357
f 356 358 451
f 356 451 452
f 356 452 450
f 357 450 453
f 357 453 359
f 358 454 455
f 358 455 451
f 358 449 448
f 358 448 456
f 358 456 457
f 358 457 458
f 358 458 454
f 359 453 459
f 359 459 461
f 359 461 360
f 360 460 394
f 360 394 361
f 360 461 604
f 360 604 462
f 360 462 463
f 360 463 460
f 361 394 362
f 362 394 363
f 364 464 365
f 365 464 465
f 366 373 371
f 367 372 466
f 367 466 369
f 368 370 468
f 368 468 469
f 368 469 467
f 369 466 470
f 369 470 468
f 369 468 370
f 371 373 471
f 371 471 372
f 372 471 472
f 372 472 609
f 372 609 473
f 372 473 466
f 374 474 380
f 375 475 627
f 375 627 476
f 375 379 475
f 376 476 477
f 376 477 377
f 377 477 478
f 377 478 479
f 377 479 378
f 378 479 381
f 379 380 480
f 379 480 481
f 379 481 475
f 380 482 480
f 380 474 483
f 380 483 484
f 380 484 482
f 381 485 486
f 381 486 487
f 381 487 382
f 381 479 485
f 382 487 643
f 382 643 488
f 382 488 384
f 382 384 383
f 384 488 489
f 384 489 490
f 384 490 385
f 385 490 491
f 385 491 492
f 385 492 386
f 387 492 388
f 388 492 493
f 388 493 649
f 388 649 494
f 388 494 389
f 389 494 495
f 389 495 496
f 389 496 497
f 389 497 390
f 390 498 391
f 390 497 499
f 390 499 500
f 390 500 498
f 391 498 501
f 391 501 502
f 391 502 503
f 391 503 392
f 392 503 393
f 393 503 504
f 394 460 395
f 395 505 396
f 395 460 463
f 395 463 506
f 395 506 505
f 396 505 506
f 396 506 397
f 397 506 507
f 397 507 398
f 398 507 508
f 398 508 509
f 398 509 510
f 398 510 399
f 399 510 511
f 399 511 512
f 399 512 400
f 400 512 513
f 400 513 401
f 401 513 514
f 401 514 402
f 403 515 404
f 404 515 516
f 404 516 521
f 404 521 408
f 405 406 409
f 406 517 410
f 406 410 409
f 406 407 517
f 407 518 519
f 407 519 517
f 407 408 520
f 407 520 518
f 408 521 522
f 408 522 520
f 410 517 411
f 411 517 412
f 412 517 416
f 413 523 524
f 413 524 420
f 413 419 525
f 413 525 526
f 413 526 527
f 413 527 528
f 413 528 529
f 413 529 523
f 416 517 519
f 416 519 417
f 417 519 419
f 417 419 418
f 419 519 530
f 419 530 531
f 419 531 525
f 420 524 421
f 421 524 424
f 422 435 532
f 422 532 533
f 422 533 423
f 423 534 535
f 423 535 436
f 423 533 536
f 423 536 537
f 423 537 538
f 423 538 534
f 424 539 540
f 424 540 541
f 424 541 425
f 424 524 542
f 424 542 529
f 424 529 539
f 425 541 700
f 425 700 543
f 425 543 544
f 425 544 426
f 426 429 427
f 426 544 545
f 426 545 429
f 427 429 428
f 429 545 546
f 429 546 547
f 429 547 548
f 429 548 549
f 429 549 550
f 429 550 551
f 429 551 552
f 429 552 430
f 430 552 433
f 430 433 431
f 433 552 553
f 433 553 554
f 433 554 434
f 434 555 556
f 434 556 435
f 434 554 555
f 435 556 557
f 435 557 558
f 435 558 532
f 436 535 559
f 436 559 437
f 437 560 561
f 437 561 438
f 437 559 562
f 437 562 563
f 437 563 560
f 438 561 439
f 439 564 444
f 439 561 565
f 439 565 564
f 441 442 444
f 441 444 566
f 441 566 443
f 443 566 445
f 444 564 566
f 445 566 567
f 445 567 568
f 445 568 569
f 445 569 446
f 446 570 447
f 446 569 571
f 446 571 572
f 446 572 573
f 446 573 574
f 446 574 575
f 446 575 576
f 446 576 570
f 447 577 578
f 447 578 448
f 447 570 579
f 447 579 577
f 448 578 456
f 450 580 581
f 450 581 582
f 450 582 583
f 450 583 459
f 450 459 453
f 450 452 584
f 450 584 585
f 450 585 580
f 451 455 452
f 452 455 586
f 452 586 587
f 452 587 588
f 452 588 589
f 452 589 590
f 452 590 591
f 452 591 592
f 452 592 593
f 452 593 584
f 454 458 594
f 454 594 595
f 454 595 455
f 455 587 586
f 455 595 596
f 455 596 587
f 456 578 457
f 457 578 577
f 457 577 597
f 457 597 598
f 457 598 599
f 457 599 458
f 458 599 600
f 458 600 594
f 459 583 601
f 459 601 602
f 459 602 603
f 459 603 604
f 459 604 461
f 462 604 662
f 462 662 605
f 462 605 463
f 463 605 506
f 464 606 608
f 464 608 607
f 464 607 465
f 465 472 471
f 465 607 608
f 465 608 609
f 465 609 472
f 466 473 610
f 466 610 611
f 466 611 470
f 467 469 613
f 467 613 614
f 467 614 612
f 468 470 611
f 468 611 469
f 469 611 613
f 473 615 616
f 473 616 617
f 473 617 618
f 473 618 619
f 473 619 613
f 473 613 610
f 473 609 620
f 473 620 621
f 473 621 622
f 473 622 623
f 473 623 624
f 473 624 615
f 475 481 625
f 475 625 626
f 475 626 800
f 475 800 627
f 476 627 478
f 476 478 477
f 478 628 479
f 478 627 628
f 479 629 485
f 479 628 629
f 480 482 630
f 480 630 481
f 481 630 625
f 482 484 631
f 482 631 632
f 482 632 633
f 482 633 634
f 482 634 630
f 484 635 636
f 484 636 631
f 485 637 638
f 485 638 639
f 485 639 486
f 485 629 640
f 485 640 637
f 486 639 641
f 486 641 642
f 486 642 643
f 486 643 487
f 488 643 489
f 489 643 642
f 489 642 644
f 489 644 824
f 489 824 645
f 489 645 646
f 489 646 490
f 490 646 645
f 490 645 491
f 491 645 647
f 491 647 492
f 492 647 648
f 492 648 493
f 493 648 827
f 493 827 649
f 494 649 650
f 494 650 651
f 494 651 495
f 495 651 496
f 496 651 652
f 496 652 497
f 497 652 653
f 497 653 654
f 497 654 499
f 498 500 501
f 499 655 500
f 499 654 655
f 500 655 656
f 500 656 657
f 500 657 501
f 501 657 658
f 501 658 659
f 501 659 843
f 501 843 660
f 501 660 661
f 501 661 503
f 501 503 502
f 503 661 504
f 506 508 507
f 506 605 662
f 506 662 663
f 506 663 508
f 508 663 510
f 508 510 509
f 510 663 852
f 510 852 664
f 510 664 665
f 510 665 511
f 511 665 512
f 512 665 666
f 512 666 514
f 512 514 513
f 515 667 516
f 515 668 667
f 516 667 669
f 516 669 521
f 518 670 671
f 518 671 672
f 518 672 519
f 518 520 670
f 519 672 530
f 520 673 674
f 520 674 670
f 520 522 673
f 521 669 522
f 522 675 676
f 522 676 677
f 522 677 673
f 522 669 678
f 522 678 679
f 522 679 680
f 522 680 675
f 523 529 542
f 523 542 524
f 525 531 526
f 526 531 681
f 526 681 527
f 527 681 539
f 527 539 529
f 527 529 528
f 530 672 682
f 530 682 674
f 530 674 683
f 530 683 684
f 530 684 531
f 531 684 685
f 531 685 686
f 531 686 681
f 532 536 533
f 532 558 687
f 532 687 688
f 532 688 689
f 532 689 536
f 534 690 691
f 534 691 562
f 534 562 559
f 534 559 535
f 534 538 690
f 536 689 692
f 536 692 693
f 536 693 537
f 537 693 694
f 537 694 538
f 538 694 690
f 539 681 695
f 539 695 696
f 539 696 697
f 539 697 540
f 540 697 698
f 540 698 541
f 541 698 699
f 541 699 700
f 543 701 702
f 543 702 544
f 543 700 703
f 543 703 701
f 544 702 704
f 544 704 545
f 545 704 705
f 545 705 546
f 546 705 547
f 547 705 548
f 548 705 706
f 548 706 707
f 548 707 708
f 548 708 549
f 549 708 550
f 550 708 707
f 550 707 709
f 550 709 710
f 550 710 551
f 551 710 711
f 551 711 712
f 551 712 552
f 552 712 553
f 553 712 713
f 553 713 554
f 554 713 714
f 554 714 715
f 554 715 555
f 555 715 716
f 555 716 556
f 556 716 717
f 556 717 718
f 556 718 557
f 557 718 719
f 557 719 720
f 557 720 558
f 558 720 687
f 560 721 565
f 560 565 561
f 560 563 722
f 560 722 935
f 560 935 721
f 562 691 723
f 562 723 722
f 562 722 563
f 564 565 724
f 564 724 934
f 564 934 725
f 564 725 726
f 564 726 566
f 565 721 724
f 566 726 725
f 566 725 727
f 566 727 567
f 567 727 728
f 567 728 568
f 568 728 569
f 569 728 729
f 569 729 730
f 569 730 571
f 570 731 579
f 570 576 732
f 570 732 733
f 570 733 734
f 570 734 735
f 570 735 731
f 571 730 729
f 571 729 736
f 571 736 737
f 571 737 738
f 571 738 739
f 571 739 740
f 571 740 741
f 571 741 572
f 572 741 573
f 573 741 574
f 574 741 742
f 574 742 743
f 574 743 744
f 574 744 575
f 575 744 745
f 575 745 576
f 576 745 732
f 577 598 597
f 577 579 731
f 577 731 746
f 577 746 598
f 580 585 747
f 580 747 748
f 580 748 749
f 580 749 581
f 581 749 750
f 581 750 751
f 581 751 582
f 582 751 752
f 582 752 583
f 583 752 601
f 584 593 585
f 585 593 761
f 585 761 747
f 587 596 753
f 587 753 588
f 588 753 589
f 589 753 754
f 589 754 755
f 589 755 590
f 590 755 756
f 590 756 757
f 590 757 758
f 590 758 759
f 590 759 760
f 590 760 593
f 590 593 592
f 590 592 591
f 593 760 761
f 594 762 595
f 594 600 763
f 594 763 764
f 594 764 762
f 595 762 596
f 596 762 765
f 596 765 766
f 596 766 767
f 596 767 754
f 596 754 753
f 598 746 768
f 598 768 769
f 598 769 763
f 598 763 599
f 599 763 600
f 601 752 770
f 601 770 771
f 601 771 772
f 601 772 602
f 602 772 603
f 603 662 604
f 603 772 662
f 606 773 608
f 608 774 775
f 608 775 609
f 608 773 776
f 608 776 996
f 608 996 777
f 608 777 774
f 609 775 774
f 609 774 778
f 609 778 620
f 610 613 611
f 612 614 780
f 612 780 781
f 612 781 779
f 613 619 782
f 613 782 783
f 613 783 784
f 613 784 614
f 614 784 780
f 615 617 616
f 615 624 797
f 615 797 785
f 615 785 617
f 617 786 787
f 617 787 618
f 617 785 786
f 618 788 619
f 618 787 788
f 619 788 789
f 619 789 790
f 619 790 782
f 620 778 791
f 620 791 621
f 621 791 792
f 621 792 622
f 622 792 793
f 622 793 794
f 622 794 795
f 622 795 796
f 622 796 623
f 623 796 797
f 623 797 624
f 625 630 634
f 625 634 798
f 625 798 626
f 626 799 1032
f 626 1032 800
f 626 798 799
f 627 800 801
f 627 801 629
f 627 629 628
f 629 801 802
f 629 802 803
f 629 803 640
f 631 636 804
f 631 804 805
f 631 805 806
f 631 806 633
f 631 633 632
f 633 806 807
f 633 807 798
f 633 798 634
f 635 808 809
f 635 809 810
f 635 810 804
f 635 804 636
f 637 811 812
f 637 812 638
f 637 640 813
f 637 813 811
f 638 814 815
f 638 815 816
f 638 816 817
f 638 817 639
f 638 812 814
f 639 817 641
f 640 803 818
f 640 818 819
f 640 819 820
f 640 820 813
f 641 817 821
f 641 821 822
f 641 822 642
f 642 822 823
f 642 823 644
f 644 823 824
f 645 648 647
f 645 824 825
f 645 825 826
f 645 826 648
f 648 826 827
f 649 827 828
f 649 828 650
f 650 828 829
f 650 829 651
f 651 830 652
f 651 829 831
f 651 831 832
f 651 832 833
f 651 833 830
f 652 830 653
f 653 830 834
f 653 834 835
f 653 835 654
f 654 656 655
f 654 835 836
f 654 836 656
f 656 658 657
f 656 836 837
f 656 837 838
f 656 838 839
f 656 839 840
f 656 840 658
f 658 841 842
f 658 842 843
f 658 843 659
f 658 840 844
f 658 844 845
f 658 845 846
f 658 846 847
f 658 847 841
f 660 848 661
f 660 843 1086
f 660 1086 848
f 662 772 849
f 662 849 850
f 662 850 663
f 663 850 851
f 663 851 852
f 664 852 853
f 664 853 854
f 664 854 665
f 665 854 666
f 666 854 855
f 666 855 856
f 667 857 858
f 667 858 859
f 667 859 669
f 667 668 860
f 667 860 861
f 667 861 862
f 667 862 857
f 668 863 1112
f 668 1112 864
f 668 864 860
f 669 859 865
f 669 865 678
f 670 866 672
f 670 672 671
f 670 674 682
f 670 682 866
f 672 866 682
f 673 677 676
f 673 676 867
f 673 867 868
f 673 868 674
f 674 868 869
f 674 869 870
f 674 870 683
f 675 871 676
f 675 680 872
f 675 872 871
f 676 871 867
f 678 865 679
f 679 873 680
f 679 865 874
f 679 874 875
f 679 875 873
f 680 873 872
f 681 686 887
f 681 887 876
f 681 876 877
f 681 877 695
f 683 870 1116
f 683 1116 878
f 683 878 879
f 683 879 880
f 683 880 684
f 684 880 881
f 684 881 685
f 685 881 882
f 685 882 883
f 685 883 686
f 686 883 884
f 686 884 885
f 686 885 886
f 686 886 887
f 687 720 688
f 688 720 689
f 689 720 888
f 689 888 889
f 689 889 692
f 690 890 722
f 690 722 723
f 690 723 691
f 690 694 891
f 690 891 892
f 690 892 893
f 690 893 894
f 690 894 895
f 690 895 890
f 692 896 693
f 692 889 897
f 692 897 896
f 693 898 899
f 693 899 900
f 693 900 694
f 693 896 901
f 693 901 902
f 693 902 903
f 693 903 898
f 694 900 899
f 694 899 891
f 695 877 904
f 695 904 696
f 696 904 905
f 696 905 906
f 696 906 699
f 696 699 697
f 697 699 698
f 699 906 907
f 699 907 908
f 699 908 700
f 700 908 909
f 700 909 703
f 701 703 702
f 702 703 910
f 702 910 911
f 702 911 912
f 702 912 704
f 703 909 913
f 703 913 914
f 703 914 910
f 704 912 915
f 704 915 916
f 704 916 705
f 705 916 706
f 706 916 917
f 706 917 707
f 707 917 918
f 707 918 709
f 709 918 919
f 709 919 920
f 709 920 921
f 709 921 710
f 710 921 922
f 710 922 711
f 711 922 923
f 711 923 924
f 711 924 712
f 712 924 713
f 713 924 714
f 714 924 925
f 714 925 926
f 714 926 715
f 715 926 716
f 716 926 717
f 717 927 718
f 717 926 928
f 717 928 927
f 718 927 929
f 718 929 719
f 719 929 930
f 719 930 931
f 719 931 720
f 720 931 932
f 720 932 888
f 721 933 934
f 721 934 724
f 721 935 933
f 722 890 936
f 722 936 935
f 725 934 938
f 725 938 937
f 725 937 729
f 725 729 728
f 725 728 727
f 729 937 938
f 729 938 736
f 731 768 746
f 731 735 939
f 731 939 940
f 731 940 941
f 731 941 768
f 732 745 942
f 732 942 943
f 732 943 733
f 733 943 939
f 733 939 734
f 734 939 735
f 736 938 934
f 736 934 933
f 736 933 935
f 736 935 944
f 736 944 945
f 736 945 737
f 737 739 738
f 737 945 944
f 737 944 739
f 739 946 947
f 739 947 740
f 739 944 948
f 739 948 946
f 740 947 741
f 741 947 742
f 742 947 949
f 742 949 948
f 742 948 950
f 742 950 952
f 742 952 743
f 743 951 744
f 743 952 951
f 744 953 745
f 744 951 954
f 744 954 953
f 745 953 955
f 745 955 956
f 745 956 942
f 747 761 957
f 747 957 748
f 748 957 958
f 748 958 959
f 748 959 960
f 748 960 961
f 748 961 749
f 749 961 962
f 749 962 963
f 749 963 964
f 749 964 750
f 750 964 751
f 751 964 965
f 751 965 1220
f 751 1220 966
f 751 966 752
f 752 966 967
f 752 967 770
f 754 756 755
f 754 767 968
f 754 968 969
f 754 969 970
f 754 970 757
f 754 757 756
f 757 971 758
f 757 970 972
f 757 972 971
f 758 971 973
f 758 973 974
f 758 974 975
f 758 975 976
f 758 976 759
f 759 977 978
f 759 978 980
f 759 980 760
f 759 976 979
f 759 979 977
f 760 980 761
f 761 981 957
f 761 980 981
f 762 764 765
f 763 982 764
f 763 769 983
f 763 983 984
f 763 984 985
f 763 985 986
f 763 986 982
f 764 982 987
f 764 987 988
f 764 988 989
f 764 989 765
f 765 989 766
f 766 989 988
f 766 988 968
f 766 968 767
f 768 941 983
f 768 983 769
f 770 967 990
f 770 990 991
f 770 991 772
f 770 772 771
f 772 991 990
f 772 990 992
f 772 992 993
f 772 993 850
f 772 850 849
f 774 777 994
f 774 994 995
f 774 995 778
f 777 996 994
f 778 995 997
f 778 997 998
f 778 998 999
f 778 999 791
f 779 1000 1001
f 779 1001 1002
f 779 1002 1003
f 779 781 1004
f 779 1004 1005
f 779 1005 1006
f 779 1006 1000
f 780 784 781
f 781 784 1004
f 782 790 1007
f 782 1007 1008
f 782 1008 783
f 783 1008 784
f 784 1008 1009
f 784 1009 1004
f 785 797 1010
f 785 1010 1011
f 785 1011 786
f 786 789 787
f 786 1011 789
f 787 789 788
f 789 1012 790
f 789 1011 1013
f 789 1013 1014
f 789 1014 1012
f 790 1012 1014
f 790 1014 1007
f 791 1015 1016
f 791 1016 792
f 791 999 1017
f 791 1017 1018
f 791 1018 1019
f 791 1019 1020
f 791 1020 1015
f 792 1016 793
f 793 1021 1289
f 793 1289 1022
f 793 1022 794
f 793 1016 1021
f 794 1022 1023
f 794 1023 1290
f 794 1290 1024
f 794 1024 1025
f 794 1025 1026
f 794 1026 1027
f 794 1027 1028
f 794 1028 795
f 795 1028 797
f 795 797 796
f 797 1028 1029
f 797 1029 1030
f 797 1030 1010
f 798 807 799
f 799 1031 1032
f 799 807 1031
f 800 1032 802
f 800 802 801
f 802 1032 803
f 803 1032 1031
f 803 1031 818
f 804 810 809
f 804 809 1033
f 804 1033 1034
f 804 1034 1035
f 804 1035 1036
f 804 1036 1037
f 804 1037 805
f 805 1037 1038
f 805 1038 1039
f 805 1039 1040
f 805 1040 807
f 805 807 806
f 807 1040 1039
f 807 1039 1031
f 808 1033 809
f 811 813 1041
f 811 1041 812
f 812 1041 1042
f 812 1042 814
f 813 820 1043
f 813 1043 1044
f 813 1044 1045
f 813 1045 1041
f 814 1046 1047
f 814 1047 1048
f 814 1048 1049
f 814 1049 815
f 814 1042 1050
f 814 1050 1051
f 814 1051 1052
f 814 1052 1046
f 815 1049 816
f 816 1049 1053
f 816 1053 817
f 817 1053 1054
f 817 1054 1055
f 817 1055 821
f 818 1031 1056
f 818 1056 819
f 819 1056 1057
f 819 1057 820
f 820 1056 1058
f 820 1058 1059
f 820 1059 1044
f 820 1044 1043
f 820 1057 1056
f 821 1055 822
f 822 1055 1060
f 822 1060 1061
f 822 1061 823
f 823 1061 824
f 824 1061 1062
f 824 1062 825
f 825 1062 1063
f 825 1063 1064
f 825 1064 1065
f 825 1065 826
f 826 1065 1066
f 826 1066 827
f 827 1066 1067
f 827 1067 1068
f 827 1068 829
f 827 829 828
f 829 1069 1070
f 829 1070 1071
f 829 1071 831
f 829 1068 1069
f 830 833 1072
f 830 1072 834
f 831 1071 832
f 832 1071 1073
f 832 1073 1074
f 832 1074 833
f 833 1074 1072
f 834 1072 1075
f 834 1075 835
f 835 1075 1076
f 835 1076 836
f 836 1077 837
f 836 1076 1078
f 836 1078 1079
f 836 1079 1080
f 836 1080 1081
f 836 1081 1082
f 836 1082 838
f 836 838 1077
f 837 1077 838
f 838 1082 1080
f 838 1080 839
f 839 1083 840
f 839 1080 1084
f 839 1084 1083
f 840 1083 844
f 841 847 1085
f 842 1086 843
f 844 1083 1087
f 844 1087 845
f 845 1087 1088
f 845 1088 846
f 846 1085 847
f 850 993 851
f 851 993 1089
f 851 1089 1090
f 851 1090 1091
f 851 1091 1092
f 851 1092 1093
f 851 1093 852
f 852 1093 1094
f 852 1094 1095
f 852 1095 1096
f 852 1096 1097
f 852 1097 853
f 853 1097 1099
f 853 1099 854
f 854 1098 855
f 854 1099 1100
f 854 1100 1101
f 854 1101 1098
f 855 1098 856
f 856 1098 1102
f 857 862 858
f 858 862 1103
f 858 1103 865
f 858 865 859
f 860 864 1104
f 860 1104 861
f 861 1104 1105
f 861 1105 1106
f 861 1106 862
f 862 1107 1108
f 862 1108 865
f 862 865 1103
f 862 1106 1109
f 862 1109 1110
f 862 1110 1107
f 863 1111 1112
f 864 1112 1113
f 864 1113 1104
f 865 1108 1114
f 865 1114 874
f 867 869 868
f 867 871 1115
f 867 1115 869
f 869 1116 870
f 869 1115 1116
f 871 1117 1115
f 871 872 1118
f 871 1118 1117
f 872 873 875
f 872 875 1119
f 872 1119 1120
f 872 1120 1121
f 872 1121 1122
f 872 1122 1118
f 874 1114 1123
f 874 1123 1124
f 874 1124 1125
f 874 1125 875
f 875 1125 1119
f 876 887 886
f 876 886 1126
f 876 1126 1154
f 876 1154 1127
f 876 1127 877
f 877 1127 904
f 878 1116 879
f 879 1128 880
f 879 1116 1129
f 879 1129 1128
f 880 1128 881
f 881 1130 882
f 881 1128 1131
f 881 1131 1132
f 881 1132 1389
f 881 1389 1133
f 881 1133 1130
f 882 1130 883
f 883 1130 1134
f 883 1134 884
f 884 1135 886
f 884 886 885
f 884 1134 1136
f 884 1136 1135
f 886 1135 1126
f 888 932 931
f 888 931 1137
f 888 1137 1138
f 888 1138 1139
f 888 1139 889
f 889 1139 1140
f 889 1140 897
f 890 895 1141
f 890 1141 1142
f 890 1142 950
f 890 950 936
f 891 899 1143
f 891 1143 1144
f 891 1144 892
f 892 1144 1145
f 892 1145 893
f 893 1145 1146
f 893 1146 1147
f 893 1147 894
f 894 1147 895
f 895 1147 1148
f 895 1148 1149
f 895 1149 1141
f 896 1150 901
f 896 897 1151
f 896 1151 1150
f 897 1140 1152
f 897 1152 1151
f 898 1143 899
f 898 903 1153
f 898 1153 1143
f 901 1150 902
f 902 1150 1153
f 902 1153 903
f 904 1127 914
f 904 914 913
f 904 913 905
f 905 913 906
f 906 913 909
f 906 909 907
f 907 909 908
f 910 914 1154
f 910 1154 1155
f 910 1155 1156
f 910 1156 1157
f 910 1157 911
f 911 1157 1156
f 911 1156 1158
f 911 1158 1159
f 911 1159 912
f 912 1159 915
f 914 1127 1154
f 915 1159 1160
f 915 1160 916
f 916 1160 1161
f 916 1161 1162
f 916 1162 1163
f 916 1163 917
f 917 1163 919
f 917 919 918
f 919 1163 1162
f 919 1162 920
f 920 1162 1164
f 920 1164 1165
f 920 1165 1166
f 920 1166 1167
f 920 1167 1168
f 920 1168 921
f 921 1168 1169
f 921 1169 1170
f 921 1170 1171
f 921 1171 922
f 922 1171 1172
f 922 1172 923
f 923 1173 1174
f 923 1174 924
f 923 1172 1175
f 923 1175 1173
f 924 1174 925
f 925 1174 1176
f 925 1176 928
f 925 928 926
f 927 1177 1178
f 927 1178 929
f 927 928 1177
f 928 1176 1178
f 928 1178 1177
f 929 1178 930
f 930 1178 1448
f 930 1448 1179
f 930 1179 1451
f 930 1451 1180
f 930 1180 931
f 931 1180 1181
f 931 1181 1137
f 935 936 1182
f 935 1182 944
f 936 950 1182
f 939 1183 1184
f 939 1184 940
f 939 943 1185
f 939 1185 1186
f 939 1186 1187
f 939 1187 1188
f 939 1188 1183
f 940 1184 941
f 941 1184 1189
f 941 1189 983
f 942 956 1190
f 942 1190 943
f 943 1186 1185
f 943 1190 1191
f 943 1191 1192
f 943 1192 1193
f 943 1193 1186
f 944 1182 948
f 946 949 947
f 946 948 949
f 948 1182 950
f 950 1142 1194
f 950 1194 1195
f 950 1195 1196
f 950 1196 1197
f 950 1197 1198
f 950 1198 952
f 951 1199 954
f 951 952 1200
f 951 1200 1199
f 952 1198 1201
f 952 1201 1202
f 952 1202 1200
f 953 954 955
f 954 1199 1203
f 954 1203 1204
f 954 1204 955
f 955 1204 1205
f 955 1205 956
f 956 1205 1190
f 957 981 1206
f 957 1206 958
f 958 1206 1207
f 958 1207 960
f 958 960 959
f 960 1208 1209
f 960 1209 961
f 960 1207 1210
f 960 1210 1211
f 960 1211 1208
f 961 1209 962
f 962 1209 1212
f 962 1212 1213
f 962 1213 1214
f 962 1214 1215
f 962 1215 1216
f 962 1216 1217
f 962 1217 1218
f 962 1218 964
f 962 964 963
f 964 1218 1219
f 964 1219 1220
f 964 1220 965
f 966 1220 967
f 967 1220 1221
f 967 1221 1250
f 967 1250 990
f 968 988 1222
f 968 1222 969
f 969 1222 972
f 969 972 970
f 971 972 1223
f 971 1223 1224
f 971 1224 1225
f 971 1225 973
f 972 1222 1226
f 972 1226 1227
f 972 1227 1228
f 972 1228 1223
f 973 1225 1224
f 973 1224 1229
f 973 1229 1230
f 973 1230 974
f 974 1231 1232
f 974 1232 975
f 974 1230 1233
f 974 1233 1234
f 974 1234 1235
f 974 1235 1236
f 974 1236 1231
f 975 1232 1237
f 975 1237 979
f 975 979 976
f 977 979 1238
f 977 1238 978
f 978 1238 980
f 979 1237 1238
f 980 1238 1206
f 980 1206 981
f 982 986 1239
f 982 1239 987
f 983 1189 984
f 984 1189 985
f 985 1189 1184
f 985 1184 1240
f 985 1240 1241
f 985 1241 1242
f 985 1242 1243
f 985 1243 1244
f 985 1244 1239
f 985 1239 986
f 987 1239 988
f 988 1239 1245
f 988 1245 1246
f 988 1246 1247
f 988 1247 1248
f 988 1248 1249
f 988 1249 1227
f 988 1227 1222
f 990 1250 1089
f 990 1089 992
f 992 1089 993
f 994 996 1251
f 994 1251 1252
f 994 1252 995
f 995 1253 1255
f 995 1255 997
f 995 1252 1254
f 995 1254 1253
f 997 1255 1256
f 997 1256 998
f 998 1256 1257
f 998 1257 999
f 999 1257 1258
f 999 1258 1259
f 999 1259 1260
f 999 1260 1261
f 999 1261 1017
f 1000 1006 1001
f 1001 1006 1262
f 1001 1262 1002
f 1002 1263 1264
f 1002 1264 1265
f 1002 1265 1266
f 1002 1266 1003
f 1002 1262 1263
f 1003 1266 1268
f 1003 1268 1267
f 1004 1009 1269
f 1004 1269 1014
f 1004 1014 1005
f 1005 1270 1271
f 1005 1271 1006
f 1005 1014 1272
f 1005 1272 1273
f 1005 1273 1274
f 1005 1274 1275
f 1005 1275 1276
f 1005 1276 1270
f 1006 1277 1278
f 1006 1278 1262
f 1006 1271 1277
f 1007 1269 1009
f 1007 1009 1008
f 1007 1014 1269
f 1010 1030 1279
f 1010 1279 1029
f 1010 1029 1013
f 1010 1013 1011
f 1013 1029 1280
f 1013 1280 1014
f 1014 1280 1281
f 1014 1281 1282
f 1014 1282 1273
f 1014 1273 1272
f 1015 1020 1283
f 1015 1283 1016
f 1016 1283 1020
f 1016 1020 1021
f 1017 1261 1284
f 1017 1284 1018
f 1018 1284 1285
f 1018 1285 1020
f 1018 1020 1019
f 1020 1286 1287
f 1020 1287 1288
f 1020 1288 1289
f 1020 1289 1021
f 1020 1285 1286
f 1022 1288 1023
f 1022 1289 1288
f 1023 1288 1290
f 1024 1290 1291
f 1024 1291 1292
f 1024 1292 1025
f 1025 1292 1026
f 1026 1292 1027
f 1027 1292 1293
f 1027 1293 1294
f 1027 1294 1546
f 1027 1546 1295
f 1027 1295 1296
f 1027 1296 1028
f 1028 1296 1029
f 1029 1279 1030
f 1029 1296 1297
f 1029 1297 1281
f 1029 1281 1280
f 1031 1039 1056
f 1033 1298 1034
f 1034 1299 1035
f 1034 1298 1300
f 1034 1300 1299
f 1035 1299 1301
f 1035 1301 1036
f 1036 1301 1302
f 1036 1302 1303
f 1036 1303 1304
f 1036 1304 1037
f 1037 1304 1038
f 1038 1059 1058
f 1038 1058 1056
f 1038 1056 1039
f 1038 1304 1059
f 1041 1045 1044
f 1041 1044 1305
f 1041 1305 1306
f 1041 1306 1042
f 1042 1051 1050
f 1042 1306 1307
f 1042 1307 1051
f 1044 1308 1305
f 1044 1059 1308
f 1046 1309 1310
f 1046 1310 1047
f 1046 1052 1309
f 1047 1310 1048
f 1048 1310 1311
f 1048 1311 1312
f 1048 1312 1313
f 1048 1313 1314
f 1048 1314 1049
f 1049 1314 1315
f 1049 1315 1316
f 1049 1316 1317
f 1049 1317 1318
f 1049 1318 1053
f 1051 1307 1319
f 1051 1319 1320
f 1051 1320 1052
f 1052 1320 1307
f 1052 1307 1321
f 1052 1321 1322
f 1052 1322 1323
f 1052 1323 1309
f 1053 1318 1054
f 1054 1318 1324
f 1054 1324 1325
f 1054 1325 1055
f 1055 1325 1327
f 1055 1327 1060
f 1059 1326 1308
f 1059 1304 1303
f 1059 1303 1326
f 1060 1327 1062
f 1060 1062 1061
f 1062 1327 1328
f 1062 1328 1063
f 1063 1328 1064
f 1064 1328 1329
f 1064 1329 1330
f 1064 1330 1065
f 1065 1330 1331
f 1065 1331 1332
f 1065 1332 1066
f 1066 1332 1068
f 1066 1068 1067
f 1068 1332 1333
f 1068 1333 1069
f 1069 1333 1334
f 1069 1334 1070
f 1070 1334 1368
f 1070 1368 1335
f 1070 1335 1071
f 1071 1335 1336
f 1071 1336 1073
f 1072 1074 1075
f 1073 1336 1337
f 1073 1337 1338
f 1073 1338 1339
f 1073 1339 1340
f 1073 1340 1341
f 1073 1341 1074
f 1074 1341 1340
f 1074 1340 1342
f 1074 1342 1343
f 1074 1343 1075
f 1075 1343 1344
f 1075 1344 1078
f 1075 1078 1076
f 1078 1344 1345
f 1078 1345 1346
f 1078 1346 1079
f 1079 1346 1080
f 1080 1346 1347
f 1080 1347 1084
f 1080 1082 1081
f 1083 1348 1349
f 1083 1349 1087
f 1083 1084 1350
f 1083 1350 1348
f 1084 1347 1351
f 1089 1250 1090
f 1090 1352 1091
f 1090 1250 1352
f 1091 1353 1354
f 1091 1354 1092
f 1091 1352 1353
f 1092 1354 1355
f 1092 1355 1356
f 1092 1356 1093
f 1093 1356 1357
f 1093 1357 1094
f 1094 1357 1358
f 1094 1358 1359
f 1094 1359 1095
f 1095 1359 1360
f 1095 1360 1361
f 1095 1361 1096
f 1096 1361 1097
f 1097 1361 1362
f 1097 1362 1099
f 1098 1101 1102
f 1099 1362 1100
f 1104 1113 1340
f 1104 1340 1363
f 1104 1363 1105
f 1105 1363 1338
f 1105 1338 1364
f 1105 1364 1106
f 1106 1364 1109
f 1107 1110 1365
f 1107 1365 1366
f 1107 1366 1114
f 1107 1114 1108
f 1109 1364 1367
f 1109 1367 1335
f 1109 1335 1110
f 1110 1335 1368
f 1110 1368 1365
f 1111 1369 1347
f 1111 1347 1370
f 1111 1370 1371
f 1111 1371 1112
f 1112 1371 1372
f 1112 1372 1113
f 1113 1372 1340
f 1114 1366 1373
f 1114 1373 1123
f 1115 1374 1129
f 1115 1129 1116
f 1115 1117 1379
f 1115 1379 1375
f 1115 1375 1376
f 1115 1376 1374
f 1117 1118 1377
f 1117 1377 1378
f 1117 1378 1379
f 1118 1122 1377
f 1119 1125 1120
f 1120 1125 1380
f 1120 1380 1124
f 1120 1124 1381
f 1120 1381 1604
f 1120 1604 1382
f 1120 1382 1121
f 1121 1382 1383
f 1121 1383 1122
f 1122 1383 1378
f 1122 1378 1377
f 1123 1366 1368
f 1123 1368 1381
f 1123 1381 1124
f 1123 1373 1366
f 1124 1380 1125
f 1126 1135 1393
f 1126 1393 1154
f 1128 1132 1131
f 1128 1129 1376
f 1128 1376 1384
f 1128 1384 1132
f 1129 1374 1376
f 1130 1136 1134
f 1130 1133 1385
f 1130 1385 1136
f 1132 1384 1386
f 1132 1386 1387
f 1132 1387 1388
f 1132 1388 1389
f 1133 1389 1390
f 1133 1390 1391
f 1133 1391 1385
f 1135 1392 1393
f 1135 1136 1394
f 1135 1394 1395
f 1135 1395 1396
f 1135 1396 1392
f 1136 1385 1397
f 1136 1397 1394
f 1137 1181 1398
f 1137 1398 1138
f 1138 1398 1139
f 1139 1398 1140
f 1140 1398 1399
f 1140 1399 1400
f 1140 1400 1152
f 1141 1149 1148
f 1141 1148 1194
f 1141 1194 1142
f 1143 1153 1144
f 1144 1153 1401
f 1144 1401 1402
f 1144 1402 1145
f 1145 1403 1404
f 1145 1404 1146
f 1145 1402 1405
f 1145 1405 1403
f 1146 1404 1403
f 1146 1403 1406
f 1146 1406 1147
f 1147 1406 1407
f 1147 1407 1408
f 1147 1408 1409
f 1147 1409 1410
f 1147 1410 1411
f 1147 1411 1148
f 1148 1411 1194
f 1150 1151 1412
f 1150 1412 1413
f 1150 1413 1414
f 1150 1414 1153
f 1151 1152 1412
f 1152 1415 1412
f 1152 1400 1416
f 1152 1416 1415
f 1153 1414 1401
f 1154 1393 1417
f 1154 1417 1156
f 1154 1156 1155
f 1156 1417 1418
f 1156 1418 1419
f 1156 1419 1158
f 1158 1419 1420
f 1158 1420 1159
f 1159 1420 1421
f 1159 1421 1422
f 1159 1422 1423
f 1159 1423 1160
f 1160 1424 1161
f 1160 1423 1425
f 1160 1425 1426
f 1160 1426 1424
f 1161 1424 1162
f 1162 1424 1427
f 1162 1427 1428
f 1162 1428 1166
f 1162 1166 1165
f 1162 1165 1164
f 1166 1429 1167
f 1166 1428 1430
f 1166 1430 1431
f 1166 1431 1432
f 1166 1432 1433
f 1166 1433 1429
f 1167 1429 1434
f 1167 1434 1435
f 1167 1435 1168
f 1168 1435 1169
f 1169 1435 1436
f 1169 1436 1170
f 1170 1436 1171
f 1171 1436 1172
f 1172 1436 1437
f 1172 1437 1438
f 1172 1438 1439
f 1172 1439 1440
f 1172 1440 1441
f 1172 1441 1175
f 1173 1442 1443
f 1173 1443 1444
f 1173 1444 1176
f 1173 1176 1174
f 1173 1175 1442
f 1175 1445 1446
f 1175 1446 1442
f 1175 1441 1445
f 1176 1447 1448
f 1176 1448 1178
f 1176 1444 1449
f 1176 1449 1450
f 1176 1450 1447
f 1179 1448 1450
f 1179 1450 1452
f 1179 1452 1453
f 1179 1453 1451
f 1180 1398 1181
f 1180 1451 1623
f 1180 1623 1398
f 1183 1188 1241
f 1183 1241 1240
f 1183 1240 1184
f 1186 1193 1454
f 1186 1454 1187
f 1187 1454 1455
f 1187 1455 1188
f 1188 1455 1456
f 1188 1456 1457
f 1188 1457 1241
f 1190 1205 1458
f 1190 1458 1191
f 1191 1458 1459
f 1191 1459 1460
f 1191 1460 1192
f 1192 1460 1461
f 1192 1461 1193
f 1193 1461 1462
f 1193 1462 1454
f 1194 1411 1410
f 1194 1410 1195
f 1195 1410 1196
f 1196 1410 1463
f 1196 1463 1197
f 1197 1463 1464
f 1197 1464 1465
f 1197 1465 1198
f 1198 1465 1466
f 1198 1466 1201
f 1199 1467 1203
f 1199 1200 1467
f 1200 1202 1468
f 1200 1468 1469
f 1200 1469 1467
f 1201 1470 1474
f 1201 1474 1471
f 1201 1471 1202
f 1201 1466 1472
f 1201 1472 1473
f 1201 1473 1470
f 1202 1471 1474
f 1202 1474 1468
f 1203 1467 1475
f 1203 1475 1476
f 1203 1476 1204
f 1204 1476 1477
f 1204 1477 1205
f 1205 1478 1458
f 1205 1477 1479
f 1205 1479 1480
f 1205 1480 1721
f 1205 1721 1478
f 1206 1238 1481
f 1206 1481 1482
f 1206 1482 1207
f 1207 1482 1483
f 1207 1483 1484
f 1207 1484 1210
f 1208 1485 1209
f 1208 1211 1490
f 1208 1490 1485
f 1209 1485 1212
f 1210 1484 1486
f 1210 1486 1487
f 1210 1487 1488
f 1210 1488 1489
f 1210 1489 1211
f 1211 1213 1490
f 1211 1489 1213
f 1212 1485 1213
f 1213 1485 1490
f 1213 1489 1491
f 1213 1491 1492
f 1213 1492 1214
f 1214 1492 1493
f 1214 1493 1215
f 1215 1493 1216
f 1216 1494 1495
f 1216 1495 1217
f 1216 1493 1496
f 1216 1496 1494
f 1217 1497 1218
f 1217 1495 1497
f 1218 1497 1219
f 1219 1497 1494
f 1219 1494 1220
f 1220 1494 1221
f 1221 1494 1250
f 1222 1227 1226
f 1223 1498 1224
f 1223 1228 1227
f 1223 1227 1499
f 1223 1499 1500
f 1223 1500 1498
f 1224 1498 1229
f 1227 1249 1501
f 1227 1501 1499
f 1229 1498 1502
f 1229 1502 1503
f 1229 1503 1230
f 1230 1503 1504
f 1230 1504 1233
f 1231 1505 1507
f 1231 1507 1232
f 1231 1236 1235
f 1231 1235 1506
f 1231 1506 1505
f 1232 1507 1238
f 1232 1238 1237
f 1233 1504 1234
f 1234 1504 1508
f 1234 1508 1235
f 1235 1508 1509
f 1235 1509 1510
f 1235 1510 1506
f 1238 1507 1481
f 1239 1244 1245
f 1241 1511 1243
f 1241 1243 1242
f 1241 1457 1456
f 1241 1456 1512
f 1241 1512 1511
f 1243 1511 1513
f 1243 1513 1514
f 1243 1514 1246
f 1243 1246 1244
f 1244 1246 1245
f 1246 1514 1247
f 1247 1514 1515
f 1247 1515 1248
f 1248 1515 1516
f 1248 1516 1249
f 1249 1516 1501
f 1250 1494 1352
f 1253 1254 1255
f 1254 1517 1255
f 1255 1517 1518
f 1255 1518 1256
f 1256 1258 1257
f 1256 1518 1519
f 1256 1519 1258
f 1258 1519 1520
f 1258 1520 1259
f 1259 1520 1260
f 1260 1520 1521
f 1260 1521 1522
f 1260 1522 1523
f 1260 1523 1261
f 1261 1523 1524
f 1261 1524 1284
f 1262 1278 1525
f 1262 1525 1526
f 1262 1526 1527
f 1262 1527 1528
f 1262 1528 1529
f 1262 1529 1530
f 1262 1530 1264
f 1262 1264 1263
f 1264 1530 1265
f 1265 1530 1529
f 1265 1529 1531
f 1265 1531 1266
f 1266 1531 1532
f 1266 1532 1533
f 1266 1533 1268
f 1267 1268 1534
f 1268 1533 1535
f 1268 1535 1534
f 1270 1276 1271
f 1271 1276 1536
f 1271 1536 1537
f 1271 1537 1538
f 1271 1538 1539
f 1271 1539 1278
f 1271 1278 1277
f 1273 1275 1274
f 1273 1282 1281
f 1273 1281 1275
f 1275 1281 1276
f 1276 1281 1536
f 1278 1539 1525
f 1281 1297 1538
f 1281 1538 1537
f 1281 1537 1536
f 1284 1524 1285
f 1285 1524 1286
f 1286 1524 1287
f 1287 1540 1541
f 1287 1541 1542
f 1287 1542 1290
f 1287 1290 1288
f 1287 1524 1540
f 1290 1542 1291
f 1291 1542 1543
f 1291 1543 1292
f 1292 1543 1544
f 1292 1544 1545
f 1292 1545 1293
f 1293 1545 1294
f 1294 1545 1547
f 1294 1547 1773
f 1294 1773 1546
f 1295 1546 1548
f 1295 1548 1549
f 1295 1549 1550
f 1295 1550 1538
f 1295 1538 1296
f 1296 1538 1297
f 1299 1300 1551
f 1299 1551 1302
f 1299 1302 1301
f 1302 1552 1303
f 1302 1551 1553
f 1302 1553 1554
f 1302 1554 1555
f 1302 1555 1552
f 1303 1556 1557
f 1303 1557 1326
f 1303 1552 1556
f 1305 1308 1306
f 1306 1308 1326
f 1306 1326 1558
f 1306 1558 1559
f 1306 1559 1560
f 1306 1560 1307
f 1307 1560 1321
f 1307 1320 1319
f 1309 1323 1310
f 1310 1561 1311
f 1310 1323 1577
f 1310 1577 1561
f 1311 1561 1312
f 1312 1561 1562
f 1312 1562 1313
f 1313 1315 1314
f 1313 1562 1563
f 1313 1563 1564
f 1313 1564 1315
f 1315 1564 1565
f 1315 1565 1566
f 1315 1566 1316
f 1316 1566 1317
f 1317 1566 1792
f 1317 1792 1567
f 1317 1567 1318
f 1318 1567 1568
f 1318 1568 1569
f 1318 1569 1324
f 1321 1570 1571
f 1321 1571 1322
f 1321 1560 1570
f 1322 1572 1573
f 1322 1573 1574
f 1322 1574 1323
f 1322 1571 1572
f 1323 1574 1575
f 1323 1575 1576
f 1323 1576 1577
f 1324 1569 1578
f 1324 1578 1325
f 1325 1578 1579
f 1325 1579 1580
f 1325 1580 1328
f 1325 1328 1327
f 1326 1557 1559
f 1326 1559 1558
f 1328 1580 1581
f 1328 1581 1582
f 1328 1582 1583
f 1328 1583 1329
f 1329 1584 1330
f 1329 1583 1585
f 1329 1585 1584
f 1330 1584 1586
f 1330 1586 1331
f 1331 1586 1333
f 1331 1333 1332
f 1333 1586 1334
f 1334 1585 1587
f 1334 1587 1368
f 1334 1586 1585
f 1335 1367 1337
f 1335 1337 1336
f 1337 1367 1364
f 1337 1364 1338
f 1338 1363 1588
f 1338 1588 1339
f 1339 1588 1340
f 1340 1372 1342
f 1340 1588 1363
f 1342 1589 1343
f 1342 1372 1345
f 1342 1345 1589
f 1343 1589 1345
f 1343 1345 1344
f 1345 1372 1346
f 1346 1372 1371
f 1346 1371 1370
f 1346 1370 1347
f 1347 1369 1351
f 1352 1494 1496
f 1352 1496 1590
f 1352 1590 1591
f 1352 1591 1353
f 1353 1591 1354
f 1354 1591 1592
f 1354 1592 1593
f 1354 1593 1355
f 1355 1593 1594
f 1355 1594 1595
f 1355 1595 1356
f 1356 1595 1596
f 1356 1596 1357
f 1357 1596 1358
f 1358 1597 1598
f 1358 1598 1359
f 1358 1596 1599
f 1358 1599 1600
f 1358 1600 1597
f 1359 1598 1360
f 1360 1598 1597
f 1360 1362 1361
f 1365 1368 1366
f 1368 1587 1601
f 1368 1601 1381
f 1375 1379 1382
f 1375 1382 1376
f 1376 1382 1602
f 1376 1602 1384
f 1378 1383 1382
f 1378 1382 1379
f 1381 1601 1603
f 1381 1603 1604
f 1382 1604 1605
f 1382 1605 1606
f 1382 1606 1607
f 1382 1607 1608
f 1382 1608 1602
f 1384 1602 1608
f 1384 1608 1386
f 1385 1391 1397
f 1386 1608 1387
f 1387 1608 1388
f 1388 1608 1609
f 1388 1609 1390
f 1388 1390 1389
f 1390 1609 1610
f 1390 1610 1611
f 1390 1611 1391
f 1391 1612 1394
f 1391 1394 1397
f 1391 1611 1613
f 1391 1613 1612
f 1392 1614 1393
f 1392 1396 1614
f 1393 1614 1417
f 1394 1615 1395
f 1394 1612 1616
f 1394 1616 1617
f 1394 1617 1615
f 1395 1615 1617
f 1395 1617 1618
f 1395 1618 1396
f 1396 1619 1620
f 1396 1620 1621
f 1396 1621 1614
f 1396 1618 1622
f 1396 1622 1619
f 1398 1623 1399
f 1399 1623 1624
f 1399 1624 1625
f 1399 1625 1626
f 1399 1626 1400
f 1400 1626 1627
f 1400 1627 1628
f 1400 1628 1416
f 1401 1414 1642
f 1401 1642 1629
f 1401 1629 1402
f 1402 1630 1405
f 1402 1629 1630
f 1403 1405 1406
f 1405 1407 1406
f 1405 1630 1631
f 1405 1631 1632
f 1405 1632 1633
f 1405 1633 1634
f 1405 1634 1407
f 1407 1409 1408
f 1407 1634 1410
f 1407 1410 1409
f 1410 1634 1635
f 1410 1635 1636
f 1410 1636 1637
f 1410 1637 1638
f 1410 1638 1639
f 1410 1639 1640
f 1410 1640 1641
f 1410 1641 1463
f 1412 1415 1413
f 1413 1415 1414
f 1414 1415 1642
f 1415 1416 1643
f 1415 1643 1644
f 1415 1644 1645
f 1415 1645 1642
f 1416 1628 1646
f 1416 1646 1643
f 1417 1614 1621
f 1417 1621 1418
f 1418 1647 1419
f 1418 1621 1648
f 1418 1648 1649
f 1418 1649 1650
f 1418 1650 1651
f 1418 1651 1647
f 1419 1647 1652
f 1419 1652 1420
f 1420 1653 1421
f 1420 1652 1654
f 1420 1654 1653
f 1421 1655 1656
f 1421 1656 1422
f 1421 1653 1657
f 1421 1657 1658
f 1421 1658 1655
f 1422 1659 1423
f 1422 1656 1660
f 1422 1660 1661
f 1422 1661 1662
f 1422 1662 1659
f 1423 1659 1663
f 1423 1663 1425
f 1424 1431 1430
f 1424 1430 1428
f 1424 1428 1427
f 1424 1426 1664
f 1424 1664 1665
f 1424 1665 1666
f 1424 1666 1431
f 1425 1663 1664
f 1425 1664 1426
f 1429 1433 1434
f 1431 1666 1667
f 1431 1667 1668
f 1431 1668 1432
f 1432 1668 1433
f 1433 1668 1669
f 1433 1669 1434
f 1434 1669 1670
f 1434 1670 1435
f 1435 1670 1671
f 1435 1671 1437
f 1435 1437 1436
f 1437 1671 1672
f 1437 1672 1673
f 1437 1673 1438
f 1438 1673 1439
f 1439 1673 1674
f 1439 1674 1675
f 1439 1675 1676
f 1439 1676 1677
f 1439 1677 1440
f 1440 1677 1676
f 1440 1676 1678
f 1440 1678 1441
f 1441 1679 1680
f 1441 1680 1445
f 1441 1678 1679
f 1442 1681 1682
f 1442 1682 1683
f 1442 1683 1443
f 1442 1446 1684
f 1442 1684 1685
f 1442 1685 1681
f 1443 1686 1449
f 1443 1449 1444
f 1443 1683 1687
f 1443 1687 1686
f 1445 1688 1684
f 1445 1684 1446
f 1445 1680 1688
f 1447 1450 1689
f 1447 1689 1448
f 1448 1689 1450
f 1449 1690 1450
f 1449 1686 1690
f 1450 1690 1691
f 1450 1691 1452
f 1451 1453 1692
f 1451 1692 1623
f 1452 1693 1453
f 1452 1691 1694
f 1452 1694 1693
f 1453 1693 1694
f 1453 1694 1695
f 1453 1695 1696
f 1453 1696 1697
f 1453 1697 1623
f 1453 1623 1692
f 1454 1456 1698
f 1454 1698 1455
f 1454 1462 1699
f 1454 1699 1700
f 1454 1700 1701
f 1454 1701 1456
f 1455 1698 1456
f 1456 1702 1512
f 1456 1701 1703
f 1456 1703 1937
f 1456 1937 1704
f 1456 1704 1705
f 1456 1705 1702
f 1458 1478 1459
f 1459 1478 1706
f 1459 1706 1460
f 1460 1706 1707
f 1460 1707 1708
f 1460 1708 1462
f 1460 1462 1461
f 1462 1708 1699
f 1463 1641 1709
f 1463 1709 1464
f 1464 1709 1710
f 1464 1710 1465
f 1465 1710 1711
f 1465 1711 1712
f 1465 1712 1466
f 1466 1712 1472
f 1467 1469 1713
f 1467 1713 1475
f 1468 1714 1469
f 1468 1474 1714
f 1469 1714 1713
f 1470 1715 1714
f 1470 1714 1474
f 1470 1473 1716
f 1470 1716 1715
f 1472 1712 1717
f 1472 1717 1473
f 1473 1717 1718
f 1473 1718 1948
f 1473 1948 1716
f 1475 1713 1476
f 1476 1713 1477
f 1477 1713 1719
f 1477 1719 1720
f 1477 1720 1479
f 1478 1721 1707
f 1478 1707 1706
f 1479 1720 1722
f 1479 1722 1723
f 1479 1723 1724
f 1479 1724 1480
f 1480 1724 1725
f 1480 1725 1721
f 1481 1507 1505
f 1481 1505 1506
f 1481 1506 1483
f 1481 1483 1482
f 1483 1506 1484
f 1484 1506 1510
f 1484 1510 1486
f 1486 1510 1726
f 1486 1726 1487
f 1487 1726 1727
f 1487 1727 1728
f 1487 1728 1491
f 1487 1491 1488
f 1488 1491 1489
f 1491 1729 1492
f 1491 1728 1727
f 1491 1727 1729
f 1492 1729 1493
f 1493 1729 1730
f 1493 1730 1731
f 1493 1731 1732
f 1493 1732 1496
f 1494 1497 1495
f 1496 1732 1731
f 1496 1731 1590
f 1498 1500 1733
f 1498 1733 1734
f 1498 1734 1502
f 1499 1501 1735
f 1499 1735 1500
f 1500 1735 1736
f 1500 1736 1737
f 1500 1737 1733
f 1501 1516 1738
f 1501 1738 1739
f 1501 1739 1735
f 1502 1740 1508
f 1502 1508 1503
f 1502 1734 1740
f 1503 1508 1504
f 1508 1740 1741
f 1508 1741 1742
f 1508 1742 1743
f 1508 1743 1744
f 1508 1744 1509
f 1509 1744 1745
f 1509 1745 1510
f 1510 1745 1746
f 1510 1746 1747
f 1510 1747 1726
f 1511 1512 1513
f 1512 1702 1513
f 1513 1702 1705
f 1513 1705 1514
f 1514 1748 1515
f 1514 1705 1749
f 1514 1749 1748
f 1515 1748 1516
f 1516 1748 1750
f 1516 1750 1738
f 1520 1751 1521
f 1521 1752 1753
f 1521 1753 1522
f 1521 1751 1754
f 1521 1754 1755
f 1521 1755 1756
f 1521 1756 1757
f 1521 1757 1980
f 1521 1980 1752
f 1522 1753 1541
f 1522 1541 1540
f 1522 1540 1523
f 1523 1540 1524
f 1525 1538 1526
f 1525 1539 1538
f 1526 1538 1550
f 1526 1550 1549
f 1526 1549 1527
f 1527 1549 1758
f 1527 1758 1759
f 1527 1759 1529
f 1527 1529 1528
f 1529 1759 1531
f 1531 1759 1758
f 1531 1758 1760
f 1531 1760 1761
f 1531 1761 1762
f 1531 1762 1532
f 1532 1763 1533
f 1532 1762 1764
f 1532 1764 1765
f 1532 1765 1763
f 1533 1763 1535
f 1534 1535 1766
f 1535 1763 1767
f 1535 1767 1766
f 1541 1753 1752
f 1541 1752 1542
f 1542 1752 1768
f 1542 1768 1769
f 1542 1769 1543
f 1543 1769 1770
f 1543 1770 1544
f 1544 1770 1545
f 1545 1770 1771
f 1545 1771 1772
f 1545 1772 1774
f 1545 1774 1547
f 1546 1773 1548
f 1547 1774 2021
f 1547 2021 1773
f 1548 1775 1549
f 1548 1773 1775
f 1549 1775 1776
f 1549 1776 1758
f 1552 1777 1556
f 1552 1555 1777
f 1553 1778 1555
f 1553 1555 1554
f 1555 1778 1779
f 1555 1779 1780
f 1555 1780 1781
f 1555 1781 1777
f 1556 1782 1557
f 1556 1777 1782
f 1557 1782 1783
f 1557 1783 1559
f 1559 1783 1784
f 1559 1784 1560
f 1560 1784 1785
f 1560 1785 1570
f 1561 1577 1786
f 1561 1786 1787
f 1561 1787 1562
f 1562 1787 1788
f 1562 1788 1563
f 1563 1788 1789
f 1563 1789 1564
f 1564 1789 1790
f 1564 1790 1565
f 1565 1790 1791
f 1565 1791 1566
f 1566 1791 1792
f 1567 1792 1791
f 1567 1791 1793
f 1567 1793 1568
f 1568 1793 2035
f 1568 2035 1794
f 1568 1794 1569
f 1569 1795 1579
f 1569 1579 1578
f 1569 1794 1795
f 1570 1785 1784
f 1570 1784 1571
f 1571 1784 1796
f 1571 1796 1572
f 1572 1797 1798
f 1572 1798 1573
f 1572 1796 1797
f 1573 1798 1574
f 1574 1798 1799
f 1574 1799 1800
f 1574 1800 1801
f 1574 1801 1575
f 1575 1801 1802
f 1575 1802 1576
f 1576 1802 1803
f 1576 1803 1804
f 1576 1804 1786
f 1576 1786 1577
f 1579 1805 1580
f 1579 1795 1794
f 1579 1794 1806
f 1579 1806 2049
f 1579 2049 1807
f 1579 1807 1808
f 1579 1808 1805
f 1580 1805 1581
f 1581 1805 1582
f 1582 1809 1583
f 1582 1805 1808
f 1582 1808 1810
f 1582 1810 1811
f 1582 1811 1603
f 1582 1603 1812
f 1582 1812 1813
f 1582 1813 1809
f 1583 1809 1585
f 1584 1585 1586
f 1585 1813 1587
f 1585 1809 1813
f 1587 1813 1812
f 1587 1812 1601
f 1590 1814 1592
f 1590 1592 1591
f 1590 1731 1815
f 1590 1815 1816
f 1590 1816 1817
f 1590 1817 1814
f 1592 1814 1593
f 1593 1817 1816
f 1593 1816 1818
f 1593 1818 1819
f 1593 1819 1820
f 1593 1820 1594
f 1593 1814 1817
f 1594 1820 1821
f 1594 1821 1822
f 1594 1822 1595
f 1595 1823 1596
f 1595 1822 1824
f 1595 1824 1823
f 1596 1823 1825
f 1596 1825 1826
f 1596 1826 1599
f 1597 1600 1827
f 1599 1826 1828
f 1599 1828 1600
f 1600 1828 1829
f 1600 1829 1830
f 1600 1830 1827
f 1601 1812 1603
f 1603 1831 1604
f 1603 1811 1831
f 1604 1831 1605
f 1605 1831 1811
f 1605 1811 1810
f 1605 1810 1832
f 1605 1832 1833
f 1605 1833 1834
f 1605 1834 1835
f 1605 1835 1606
f 1606 1835 1836
f 1606 1836 1607
f 1607 1836 1608
f 1608 1610 1609
f 1608 1836 1611
f 1608 1611 1610
f 1611 1836 1835
f 1611 1835 1613
f 1612 1837 1617
f 1612 1617 1616
f 1612 1613 1837
f 1613 1835 1838
f 1613 1838 1837
f 1617 1837 1838
f 1617 1838 1839
f 1617 1839 1840
f 1617 1840 1841
f 1617 1841 1842
f 1617 1842 1618
f 1618 1842 1622
f 1619 1622 1620
f 1620 1622 1843
f 1620 1843 1844
f 1620 1844 1845
f 1620 1845 1650
f 1620 1650 1648
f 1620 1648 1621
f 1622 1842 1843
f 1623 1697 1696
f 1623 1696 1624
f 1624 1696 1846
f 1624 1846 1625
f 1625 1846 1847
f 1625 1847 1626
f 1626 1848 1627
f 1626 1847 1849
f 1626 1849 1850
f 1626 1850 1848
f 1627 1851 1852
f 1627 1852 1628
f 1627 1848 1851
f 1628 1852 1853
f 1628 1853 1646
f 1629 1854 1630
f 1629 1642 1645
f 1629 1645 1855
f 1629 1855 1856
f 1629 1856 1854
f 1630 1854 1631
f 1631 1854 1857
f 1631 1857 1632
f 1632 1857 1858
f 1632 1858 1633
f 1633 1858 1634
f 1634 1859 1635
f 1634 1858 1860
f 1634 1860 1861
f 1634 1861 1859
f 1635 1859 1636
f 1636 1859 1637
f 1637 1859 1862
f 1637 1862 1638
f 1638 1862 1863
f 1638 1863 1639
f 1639 1863 1864
f 1639 1864 1640
f 1640 1864 1641
f 1641 1864 1709
f 1643 1646 1644
f 1644 1646 1645
f 1645 1646 1865
f 1645 1865 1855
f 1646 1853 1866
f 1646 1866 1865
f 1647 1654 1652
f 1647 1651 1867
f 1647 1867 1654
f 1648 1650 1649
f 1650 1868 1869
f 1650 1869 1651
f 1650 1845 1868
f 1651 1869 1870
f 1651 1870 1867
f 1653 1654 1871
f 1653 1871 1657
f 1654 1867 1871
f 1655 1658 1656
f 1656 1658 1660
f 1657 1871 1867
f 1657 1867 1872
f 1657 1872 1873
f 1657 1873 1658
f 1658 1873 1874
f 1658 1874 1875
f 1658 1875 1876
f 1658 1876 1877
f 1658 1877 1878
f 1658 1878 1879
f 1658 1879 1880
f 1658 1880 1881
f 1658 1881 1660
f 1659 1662 1663
f 1660 1881 1882
f 1660 1882 1883
f 1660 1883 1661
f 1661 1884 1662
f 1661 1883 1665
f 1661 1665 1884
f 1662 1884 1885
f 1662 1885 1663
f 1663 1885 1884
f 1663 1884 1664
f 1664 1884 1665
f 1665 1883 1886
f 1665 1886 1666
f 1666 1886 1887
f 1666 1887 1667
f 1667 1887 1888
f 1667 1888 1668
f 1668 1888 1889
f 1668 1889 1669
f 1669 1889 1890
f 1669 1890 1891
f 1669 1891 1671
f 1669 1671 1670
f 1671 1891 1892
f 1671 1892 1893
f 1671 1893 1672
f 1672 1893 1894
f 1672 1894 1895
f 1672 1895 1673
f 1673 1895 1896
f 1673 1896 1897
f 1673 1897 1898
f 1673 1898 1899
f 1673 1899 1674
f 1674 1899 1675
f 1675 1899 1900
f 1675 1900 1901
f 1675 1901 1902
f 1675 1902 1676
f 1676 1902 1903
f 1676 1903 1904
f 1676 1904 1678
f 1678 1904 1905
f 1678 1905 1906
f 1678 1906 1679
f 1679 1907 1680
f 1679 1906 1908
f 1679 1908 1907
f 1680 1907 1909
f 1680 1909 1910
f 1680 1910 1688
f 1681 1685 1911
f 1681 1911 1682
f 1682 1912 1913
f 1682 1913 1683
f 1682 1911 1688
f 1682 1688 1910
f 1682 1910 1912
f 1683 1913 1687
f 1684 1688 1685
f 1685 1688 1911
f 1686 1914 1691
f 1686 1691 1690
f 1686 1687 1915
f 1686 1915 1916
f 1686 1916 1917
f 1686 1917 1918
f 1686 1918 1919
f 1686 1919 1914
f 1687 1913 1912
f 1687 1912 1915
f 1691 1914 1919
f 1691 1919 1920
f 1691 1920 1921
f 1691 1921 1922
f 1691 1922 1923
f 1691 1923 1924
f 1691 1924 1925
f 1691 1925 1694
f 1694 1925 1926
f 1694 1926 1695
f 1695 1927 1928
f 1695 1928 1696
f 1695 1926 1929
f 1695 1929 1930
f 1695 1930 1927
f 1696 1928 1931
f 1696 1931 1846
f 1699 1708 1932
f 1699 1932 1700
f 1700 1932 1703
f 1700 1703 1701
f 1703 1932 1933
f 1703 1933 1934
f 1703 1934 1935
f 1703 1935 1936
f 1703 1936 1937
f 1704 1937 1938
f 1704 1938 1705
f 1705 1938 1939
f 1705 1939 1940
f 1705 1940 1749
f 1707 1721 1725
f 1707 1725 1941
f 1707 1941 1942
f 1707 1942 1708
f 1708 1942 1933
f 1708 1933 1932
f 1709 1864 1943
f 1709 1943 1710
f 1710 1943 1711
f 1711 1943 1944
f 1711 1944 1712
f 1712 1944 1717
f 1713 1714 1719
f 1714 1715 1719
f 1715 1945 1720
f 1715 1720 1719
f 1715 1716 1946
f 1715 1946 1947
f 1715 1947 1945
f 1716 1948 2169
f 1716 2169 1946
f 1717 1944 1949
f 1717 1949 1950
f 1717 1950 1718
f 1718 1950 2172
f 1718 2172 1948
f 1720 1945 1951
f 1720 1951 1952
f 1720 1952 1722
f 1722 1952 1723
f 1723 1952 1724
f 1724 1952 1941
f 1724 1941 1725
f 1726 1747 1746
f 1726 1746 1727
f 1727 1746 1953
f 1727 1953 1954
f 1727 1954 1729
f 1729 1954 1955
f 1729 1955 1956
f 1729 1956 1730
f 1730 1956 1731
f 1731 1956 1816
f 1731 1816 1815
f 1733 1737 1734
f 1734 1737 1957
f 1734 1957 1740
f 1735 1739 1958
f 1735 1958 1736
f 1736 1958 1959
f 1736 1959 1960
f 1736 1960 1961
f 1736 1961 1737
f 1737 1961 1962
f 1737 1962 1963
f 1737 1963 1964
f 1737 1964 1965
f 1737 1965 1966
f 1737 1966 1968
f 1737 1968 1967
f 1737 1967 1957
f 1738 1750 1958
f 1738 1958 1739
f 1740 1957 1742
f 1740 1742 1741
f 1742 1957 1968
f 1742 1968 1969
f 1742 1969 1743
f 1743 1969 1745
f 1743 1745 1744
f 1745 1953 1746
f 1745 1969 1970
f 1745 1970 1971
f 1745 1971 1953
f 1748 1749 1750
f 1749 1940 1972
f 1749 1972 1973
f 1749 1973 1974
f 1749 1974 1975
f 1749 1975 1976
f 1749 1976 1977
f 1749 1977 1978
f 1749 1978 1979
f 1749 1979 1750
f 1750 1979 1959
f 1750 1959 1958
f 1752 1980 1981
f 1752 1981 1770
f 1752 1770 1768
f 1756 1982 1757
f 1757 1982 1980
f 1758 1776 1775
f 1758 1775 1760
f 1760 1983 1761
f 1760 1775 1984
f 1760 1984 1985
f 1760 1985 1986
f 1760 1986 1983
f 1761 1983 1762
f 1762 1983 1764
f 1763 1765 1987
f 1763 1987 1988
f 1763 1988 1989
f 1763 1989 1990
f 1763 1990 1991
f 1763 1991 1992
f 1763 1992 1767
f 1764 1983 1993
f 1764 1993 1765
f 1765 1994 1987
f 1765 1993 1995
f 1765 1995 1994
f 1766 1996 1997
f 1766 1997 1998
f 1766 1998 1999
f 1766 1999 2000
f 1766 2000 2001
f 1766 2001 2002
f 1766 2002 2003
f 1766 2003 2004
f 1766 2004 2005
f 1766 2005 2006
f 1766 2006 2007
f 1766 1767 2008
f 1766 2008 2009
f 1766 2009 2010
f 1766 2010 2011
f 1766 2011 1996
f 1767 1992 2012
f 1767 2012 2013
f 1767 2013 2008
f 1768 1770 1769
f 1770 1981 2014
f 1770 2014 2015
f 1770 2015 1771
f 1771 2015 2259
f 1771 2259 2016
f 1771 2016 2017
f 1771 2017 1772
f 1772 2017 2018
f 1772 2018 1774
f 1773 2019 2020
f 1773 2020 1984
f 1773 1984 1775
f 1773 2021 2019
f 1774 2018 2021
f 1777 1781 1782
f 1779 2022 1781
f 1779 1781 1780
f 1781 2022 2023
f 1781 2023 2024
f 1781 2024 2025
f 1781 2025 2026
f 1781 2026 1782
f 1782 2026 2027
f 1782 2027 2028
f 1782 2028 1783
f 1783 2028 2029
f 1783 2029 1796
f 1783 1796 1784
f 1786 1804 1787
f 1787 2030 1788
f 1787 1804 2030
f 1788 2030 2031
f 1788 2031 1789
f 1789 2031 2032
f 1789 2032 1790
f 1790 2032 2033
f 1790 2033 1791
f 1791 2033 2119
f 1791 2119 2034
f 1791 2034 2035
f 1791 2035 1793
f 1794 2035 1806
f 1796 2029 2037
f 1796 2037 1797
f 1797 2036 1798
f 1797 2037 2038
f 1797 2038 2036
f 1798 2036 1800
f 1798 1800 1799
f 1800 2036 2039
f 1800 2039 2040
f 1800 2040 2041
f 1800 2041 1801
f 1801 2041 1802
f 1802 2042 1803
f 1802 2041 2042
f 1803 2043 1804
f 1803 2042 2044
f 1803 2044 2045
f 1803 2045 2046
f 1803 2046 2047
f 1803 2047 2048
f 1803 2048 2043
f 1804 2043 2030
f 1806 2035 2050
f 1806 2050 2051
f 1806 2051 1842
f 1806 1842 2049
f 1807 2049 2073
f 1807 2073 2052
f 1807 2052 2053
f 1807 2053 1808
f 1808 2053 1810
f 1810 2053 1832
f 1816 1956 1818
f 1818 1956 1819
f 1819 1956 2054
f 1819 2054 2055
f 1819 2055 2056
f 1819 2056 2057
f 1819 2057 2058
f 1819 2058 1820
f 1820 2058 1821
f 1821 2058 2059
f 1821 2059 2060
f 1821 2060 2061
f 1821 2061 1822
f 1822 2061 2062
f 1822 2062 1824
f 1823 1824 1825
f 1824 2062 2063
f 1824 2063 2064
f 1824 2064 1825
f 1825 2064 2065
f 1825 2065 1826
f 1826 2065 1828
f 1828 2065 2066
f 1828 2066 2067
f 1828 2067 2068
f 1828 2068 1829
f 1832 2053 2052
f 1832 2052 2069
f 1832 2069 1833
f 1833 2069 1834
f 1834 2069 1835
f 1835 2069 2070
f 1835 2070 2071
f 1835 2071 1838
f 1838 2071 2070
f 1838 2070 1839
f 1839 2070 1840
f 1840 2070 2299
f 1840 2299 2072
f 1840 2072 1841
f 1841 2072 1842
f 1842 2072 2073
f 1842 2073 2049
f 1842 2051 2074
f 1842 2074 1843
f 1843 2074 1844
f 1844 2074 2075
f 1844 2075 1845
f 1845 2075 1868
f 1846 1931 2076
f 1846 2076 1847
f 1847 2076 2077
f 1847 2077 1849
f 1848 2078 1851
f 1848 1850 2079
f 1848 2079 2080
f 1848 2080 2081
f 1848 2081 2082
f 1848 2082 2083
f 1848 2083 2084
f 1848 2084 2078
f 1849 2085 2086
f 1849 2086 1850
f 1849 2077 2087
f 1849 2087 2085
f 1850 2086 2088
f 1850 2088 2089
f 1850 2089 2079
f 1851 2090 2091
f 1851 2091 2092
f 1851 2092 1853
f 1851 1853 1852
f 1851 2078 2093
f 1851 2093 2090
f 1853 2092 2091
f 1853 2091 1866
f 1854 1856 2094
f 1854 2094 1857
f 1855 1865 2095
f 1855 2095 1856
f 1856 2095 2096
f 1856 2096 2097
f 1856 2097 2098
f 1856 2098 2094
f 1857 2094 1858
f 1858 2094 1860
f 1859 1861 2099
f 1859 2099 2100
f 1859 2100 2101
f 1859 2101 1862
f 1860 2094 1861
f 1861 2094 2099
f 1862 2101 2102
f 1862 2102 2103
f 1862 2103 1863
f 1863 2103 2104
f 1863 2104 1864
f 1864 2105 2106
f 1864 2106 2107
f 1864 2107 1943
f 1864 2104 2108
f 1864 2108 2109
f 1864 2109 2105
f 1865 1866 2110
f 1865 2110 2095
f 1866 2111 2112
f 1866 2112 2110
f 1866 2091 2113
f 1866 2113 2111
f 1867 1870 1872
f 1868 2075 2114
f 1868 2114 2115
f 1868 2115 2116
f 1868 2116 2117
f 1868 2117 1869
f 1869 2117 1870
f 1870 2117 1872
f 1872 2117 1874
f 1872 1874 1873
f 1874 2117 1875
f 1875 2117 2116
f 1875 2116 2118
f 1875 2118 1876
f 1876 2118 2034
f 1876 2034 2119
f 1876 2119 2361
f 1876 2361 2120
f 1876 2120 1878
f 1876 1878 1877
f 1878 1882 1881
f 1878 1881 1879
f 1878 2120 1882
f 1879 1881 1880
f 1882 2120 2121
f 1882 2121 1883
f 1883 2121 2122
f 1883 2122 1886
f 1886 2122 1887
f 1887 2122 2123
f 1887 2123 2124
f 1887 2124 2125
f 1887 2125 1891
f 1887 1891 1890
f 1887 1890 1889
f 1887 1889 1888
f 1891 2125 2124
f 1891 2124 2126
f 1891 2126 1893
f 1891 1893 1892
f 1893 2126 1895
f 1893 1895 1894
f 1895 2126 1896
f 1896 2126 2127
f 1896 2127 2046
f 1896 2046 1897
f 1897 2046 1898
f 1898 2046 2045
f 1898 2045 2128
f 1898 2128 2129
f 1898 2129 1899
f 1899 2129 1900
f 1900 2129 2130
f 1900 2130 2131
f 1900 2131 1901
f 1901 2131 2132
f 1901 2132 2133
f 1901 2133 1904
f 1901 1904 1903
f 1901 1903 1902
f 1904 2133 1908
f 1904 1908 1906
f 1904 1906 1905
f 1907 1908 2134
f 1907 2134 1909
f 1908 2133 2134
f 1909 2134 1910
f 1910 2134 2135
f 1910 2135 2136
f 1910 2136 1917
f 1910 1917 2137
f 1910 2137 1915
f 1910 1915 1912
f 1915 2137 1916
f 1916 2137 1917
f 1917 2136 2138
f 1917 2138 2139
f 1917 2139 2140
f 1917 2140 1919
f 1917 1919 1918
f 1919 2140 1921
f 1919 1921 1920
f 1921 2140 2141
f 1921 2141 2142
f 1921 2142 2143
f 1921 2143 1922
f 1922 2143 1924
f 1922 1924 1923
f 1924 1926 1925
f 1924 2143 2144
f 1924 2144 1926
f 1926 2145 1929
f 1926 2144 2146
f 1926 2146 2147
f 1926 2147 2148
f 1926 2148 2149
f 1926 2149 2150
f 1926 2150 2145
f 1927 1931 1928
f 1927 1930 2151
f 1927 2151 1931
f 1929 2145 1930
f 1930 2145 2151
f 1931 2151 2076
f 1933 1942 1934
f 1934 2152 1935
f 1934 1942 1941
f 1934 1941 2153
f 1934 2153 2154
f 1934 2154 2155
f 1934 2155 2152
f 1935 2152 2156
f 1935 2156 1936
f 1936 1938 1937
f 1936 2156 1938
f 1938 2156 2152
f 1938 2152 1939
f 1939 2152 2157
f 1939 2157 2158
f 1939 2158 2159
f 1939 2159 2160
f 1939 2160 2161
f 1939 2161 1940
f 1940 2161 1972
f 1941 1952 2162
f 1941 2162 2153
f 1943 2107 2163
f 1943 2163 1949
f 1943 1949 1944
f 1945 1947 2164
f 1945 2164 2165
f 1945 2165 2406
f 1945 2406 2166
f 1945 2166 2167
f 1945 2167 1952
f 1945 1952 2168
f 1945 2168 1951
f 1946 2169 1947
f 1947 2169 2170
f 1947 2170 2171
f 1947 2171 2165
f 1947 2165 2164
f 1948 2172 2409
f 1948 2409 2169
f 1949 2163 2401
f 1949 2401 2173
f 1949 2173 2174
f 1949 2174 1950
f 1950 2174 2414
f 1950 2414 2172
f 1951 2168 1952
f 1952 2167 2175
f 1952 2175 2176
f 1952 2176 2177
f 1952 2177 2162
f 1953 1971 2178
f 1953 2178 1954
f 1954 2179 1955
f 1954 2178 2180
f 1954 2180 2179
f 1955 2179 2180
f 1955 2180 1956
f 1956 2180 2056
f 1956 2056 2055
f 1956 2055 2054
f 1957 1967 1968
f 1959 1979 1960
f 1960 1979 2181
f 1960 2181 2182
f 1960 2182 1961
f 1961 2182 2183
f 1961 2183 2184
f 1961 2184 2185
f 1961 2185 1962
f 1962 2186 1963
f 1962 2185 2187
f 1962 2187 2186
f 1963 2186 2188
f 1963 2188 2189
f 1963 2189 1970
f 1963 1970 2190
f 1963 2190 1965
f 1963 1965 1964
f 1965 2190 1970
f 1965 1970 1969
f 1965 1969 1966
f 1966 1969 1968
f 1970 2189 2191
f 1970 2191 2192
f 1970 2192 1971
f 1971 2192 2193
f 1971 2193 2178
f 1972 2161 1973
f 1973 2161 2194
f 1973 2194 2195
f 1973 2195 1975
f 1973 1975 1974
f 1975 2195 1976
f 1976 2196 2182
f 1976 2182 2181
f 1976 2181 1977
f 1976 2195 2197
f 1976 2197 2198
f 1976 2198 2199
f 1976 2199 2196
f 1977 1979 1978
f 1977 2181 1979
f 1980 1982 2200
f 1980 2200 2201
f 1980 2201 2202
f 1980 2202 1981
f 1981 2202 2203
f 1981 2203 2014
f 1983 2204 1993
f 1983 1986 2204
f 1984 2205 2019
f 1984 2019 2206
f 1984 2206 2207
f 1984 2207 2208
f 1984 2208 2209
f 1984 2209 1985
f 1984 2020 2205
f 1985 2209 2210
f 1985 2210 1986
f 1986 2210 2435
f 1986 2435 2211
f 1986 2211 2212
f 1986 2212 2213
f 1986 2213 2204
f 1987 1994 1988
f 1988 1994 2214
f 1988 2214 2215
f 1988 2215 2216
f 1988 2216 1989
f 1989 2216 1990
f 1990 2217 2218
f 1990 2218 2219
f 1990 2219 2220
f 1990 2220 1991
f 1990 2216 2221
f 1990 2221 2222
f 1990 2222 2223
f 1990 2223 2217
f 1991 2220 1992
f 1992 2220 2012
f 1993 2204 2224
f 1993 2224 2213
f 1993 2213 2225
f 1993 2225 2226
f 1993 2226 1995
f 1994 1995 2227
f 1994 2227 2228
f 1994 2228 2229
f 1994 2229 2230
f 1994 2230 2214
f 1995 2226 2231
f 1995 2231 2227
f 1996 2232 2233
f 1996 2233 1997
f 1996 2011 2234
f 1996 2234 2232
f 1997 2233 1998
f 1998 2235 2236
f 1998 2236 2237
f 1998 2237 1999
f 1998 2233 2235
f 1999 2237 2000
f 2000 2237 2001
f 2001 2237 2238
f 2001 2238 2239
f 2001 2239 2240
f 2001 2240 2002
f 2002 2240 2239
f 2002 2239 2003
f 2003 2241 2004
f 2003 2239 2242
f 2003 2242 2243
f 2003 2243 2241
f 2004 2241 2005
f 2005 2241 2244
f 2005 2244 2245
f 2005 2245 2006
f 2006 2245 2246
f 2006 2246 2007
f 2007 2247 2248
f 2007 2246 2249
f 2007 2249 2250
f 2007 2250 2247
f 2008 2013 2012
f 2008 2012 2009
f 2009 2012 2010
f 2010 2012 2011
f 2011 2012 2251
f 2011 2251 2252
f 2011 2252 2253
f 2011 2253 2254
f 2011 2254 2255
f 2011 2255 2256
f 2011 2256 2257
f 2011 2257 2232
f 2011 2232 2234
f 2012 2220 2219
f 2012 2219 2218
f 2012 2218 2217
f 2012 2217 2251
f 2014 2203 2258
f 2014 2258 2015
f 2015 2258 2259
f 2016 2259 2260
f 2016 2260 2261
f 2016 2261 2017
f 2017 2261 2018
f 2018 2261 2262
f 2018 2262 2060
f 2018 2060 2263
f 2018 2263 2264
f 2018 2264 2021
f 2019 2265 2266
f 2019 2266 2267
f 2019 2267 2268
f 2019 2268 2269
f 2019 2269 2270
f 2019 2270 2271
f 2019 2271 2206
f 2019 2205 2020
f 2019 2021 2272
f 2019 2272 2265
f 2021 2264 2273
f 2021 2273 2274
f 2021 2274 2272
f 2022 2275 2023
f 2023 2275 2276
f 2023 2276 2024
f 2024 2276 2277
f 2024 2277 2278
f 2024 2278 2279
f 2024 2279 2025
f 2025 2279 2026
f 2026 2279 2280
f 2026 2280 2027
f 2027 2281 2028
f 2027 2280 2281
f 2028 2281 2282
f 2028 2282 2283
f 2028 2283 2037
f 2028 2037 2029
f 2030 2043 2031
f 2031 2043 2284
f 2031 2284 2285
f 2031 2285 2032
f 2032 2285 2033
f 2033 2285 2286
f 2033 2286 2119
f 2034 2118 2050
f 2034 2050 2035
f 2036 2038 2288
f 2036 2288 2039
f 2037 2283 2289
f 2037 2289 2038
f 2038 2287 2288
f 2038 2289 2287
f 2039 2288 2290
f 2039 2290 2040
f 2040 2291 2292
f 2040 2292 2041
f 2040 2290 2291
f 2041 2292 2042
f 2042 2292 2128
f 2042 2128 2044
f 2043 2048 2284
f 2044 2128 2045
f 2046 2127 2293
f 2046 2293 2123
f 2046 2123 2294
f 2046 2294 2295
f 2046 2295 2047
f 2047 2295 2048
f 2048 2296 2284
f 2048 2295 2296
f 2050 2118 2116
f 2050 2116 2115
f 2050 2115 2297
f 2050 2297 2114
f 2050 2114 2075
f 2050 2075 2298
f 2050 2298 2051
f 2051 2298 2074
f 2052 2073 2072
f 2052 2072 2299
f 2052 2299 2069
f 2056 2180 2300
f 2056 2300 2301
f 2056 2301 2302
f 2056 2302 2057
f 2057 2302 2303
f 2057 2303 2304
f 2057 2304 2305
f 2057 2305 2058
f 2058 2305 2306
f 2058 2306 2307
f 2058 2307 2060
f 2058 2060 2059
f 2060 2307 2263
f 2060 2262 2061
f 2061 2262 2261
f 2061 2261 2062
f 2062 2261 2260
f 2062 2260 2063
f 2063 2260 2066
f 2063 2066 2064
f 2064 2066 2065
f 2066 2260 2259
f 2066 2259 2258
f 2066 2258 2308
f 2066 2308 2067
f 2067 2308 2309
f 2069 2299 2070
f 2074 2298 2075
f 2076 2151 2145
f 2076 2145 2310
f 2076 2310 2311
f 2076 2311 2312
f 2076 2312 2313
f 2076 2313 2077
f 2077 2313 2314
f 2077 2314 2315
f 2077 2315 2087
f 2078 2084 2316
f 2078 2316 2317
f 2078 2317 2318
f 2078 2318 2093
f 2079 2089 2319
f 2079 2319 2320
f 2079 2320 2080
f 2080 2320 2321
f 2080 2321 2081
f 2081 2321 2322
f 2081 2322 2323
f 2081 2323 2083
f 2081 2083 2082
f 2083 2323 2324
f 2083 2324 2084
f 2084 2324 2316
f 2085 2088 2086
f 2085 2087 2088
f 2087 2315 2325
f 2087 2325 2326
f 2087 2326 2088
f 2088 2326 2327
f 2088 2327 2089
f 2089 2327 2319
f 2090 2328 2113
f 2090 2113 2091
f 2090 2093 2329
f 2090 2329 2330
f 2090 2330 2328
f 2093 2318 2317
f 2093 2317 2329
f 2094 2100 2099
f 2094 2098 2331
f 2094 2331 2332
f 2094 2332 2333
f 2094 2333 2100
f 2095 2110 2096
f 2096 2110 2334
f 2096 2334 2097
f 2097 2335 2098
f 2097 2334 2335
f 2098 2335 2331
f 2100 2333 2336
f 2100 2336 2101
f 2101 2336 2102
f 2102 2337 2103
f 2102 2336 2338
f 2102 2338 2339
f 2102 2339 2340
f 2102 2340 2341
f 2102 2341 2337
f 2103 2337 2341
f 2103 2341 2342
f 2103 2342 2343
f 2103 2343 2104
f 2104 2343 2344
f 2104 2344 2109
f 2104 2109 2108
f 2105 2109 2345
f 2105 2345 2106
f 2106 2345 2107
f 2107 2345 2401
f 2107 2401 2163
f 2109 2344 2346
f 2109 2346 2347
f 2109 2347 2348
f 2109 2348 2345
f 2110 2112 2349
f 2110 2349 2350
f 2110 2350 2334
f 2111 2113 2351
f 2111 2351 2112
f 2112 2352 2353
f 2112 2353 2354
f 2112 2354 2355
f 2112 2355 2349
f 2112 2351 2356
f 2112 2356 2357
f 2112 2357 2358
f 2112 2358 2359
f 2112 2359 2352
f 2113 2328 2360
f 2113 2360 2351
f 2114 2297 2115
f 2119 2286 2361
f 2120 2361 2362
f 2120 2362 2121
f 2121 2362 2122
f 2122 2362 2361
f 2122 2361 2284
f 2122 2284 2296
f 2122 2296 2294
f 2122 2294 2123
f 2123 2293 2126
f 2123 2126 2124
f 2126 2293 2127
f 2128 2292 2363
f 2128 2363 2129
f 2129 2363 2131
f 2129 2131 2130
f 2131 2363 2364
f 2131 2364 2365
f 2131 2365 2366
f 2131 2366 2367
f 2131 2367 2132
f 2132 2367 2368
f 2132 2368 2133
f 2133 2368 2369
f 2133 2369 2370
f 2133 2370 2134
f 2134 2370 2371
f 2134 2371 2372
f 2134 2372 2136
f 2134 2136 2135
f 2136 2372 2373
f 2136 2373 2138
f 2138 2373 2139
f 2139 2373 2374
f 2139 2374 2140
f 2140 2374 2375
f 2140 2375 2376
f 2140 2376 2377
f 2140 2377 2141
f 2141 2377 2378
f 2141 2378 2142
f 2142 2379 2143
f 2142 2378 2379
f 2143 2380 2381
f 2143 2381 2144
f 2143 2379 2380
f 2144 2381 2146
f 2145 2150 2310
f 2146 2381 2380
f 2146 2380 2147
f 2147 2380 2382
f 2147 2382 2148
f 2148 2382 2383
f 2148 2383 2384
f 2148 2384 2149
f 2149 2384 2150
f 2150 2384 2385
f 2150 2385 2386
f 2150 2386 2314
f 2150 2314 2312
f 2150 2312 2310
f 2152 2158 2157
f 2152 2155 2387
f 2152 2387 2388
f 2152 2388 2389
f 2152 2389 2390
f 2152 2390 2158
f 2153 2391 2392
f 2153 2392 2393
f 2153 2393 2155
f 2153 2155 2154
f 2153 2162 2391
f 2155 2393 2394
f 2155 2394 2387
f 2158 2395 2159
f 2158 2390 2396
f 2158 2396 2397
f 2158 2397 2572
f 2158 2572 2395
f 2159 2395 2160
f 2160 2395 2161
f 2161 2395 2398
f 2161 2398 2399
f 2161 2399 2400
f 2161 2400 2194
f 2162 2177 2391
f 2165 2171 2402
f 2165 2402 2403
f 2165 2403 2404
f 2165 2404 2405
f 2165 2405 2406
f 2166 2406 2407
f 2166 2407 2408
f 2166 2408 2167
f 2167 2408 2176
f 2167 2176 2175
f 2169 2409 2410
f 2169 2410 2411
f 2169 2411 2412
f 2169 2412 2170
f 2170 2412 2413
f 2170 2413 2171
f 2171 2413 2405
f 2171 2405 2402
f 2172 2414 2409
f 2173 2401 2415
f 2173 2415 2174
f 2174 2415 2416
f 2174 2416 2417
f 2174 2417 2418
f 2174 2418 2414
f 2176 2408 2419
f 2176 2419 2392
f 2176 2392 2177
f 2177 2392 2391
f 2178 2193 2420
f 2178 2420 2180
f 2180 2420 2300
f 2182 2185 2184
f 2182 2184 2183
f 2182 2196 2421
f 2182 2421 2229
f 2182 2229 2422
f 2182 2422 2185
f 2185 2422 2187
f 2186 2187 2188
f 2187 2422 2226
f 2187 2226 2189
f 2187 2189 2188
f 2189 2226 2423
f 2189 2423 2191
f 2191 2423 2424
f 2191 2424 2192
f 2192 2424 2425
f 2192 2425 2193
f 2193 2425 2426
f 2193 2426 2427
f 2193 2427 2420
f 2194 2400 2428
f 2194 2428 2195
f 2195 2428 2429
f 2195 2429 2430
f 2195 2430 2198
f 2195 2198 2197
f 2196 2199 2431
f 2196 2431 2229
f 2196 2229 2421
f 2198 2430 2199
f 2199 2430 2432
f 2199 2432 2431
f 2200 2309 2201
f 2201 2203 2202
f 2201 2309 2308
f 2201 2308 2203
f 2203 2308 2258
f 2204 2213 2224
f 2206 2271 2208
f 2206 2208 2207
f 2208 2271 2209
f 2209 2271 2210
f 2210 2271 2433
f 2210 2433 2434
f 2210 2434 2435
f 2211 2435 2425
f 2211 2425 2424
f 2211 2424 2212
f 2212 2424 2423
f 2212 2423 2213
f 2213 2423 2225
f 2214 2230 2229
f 2214 2229 2431
f 2214 2431 2215
f 2215 2431 2432
f 2215 2432 2216
f 2216 2432 2436
f 2216 2436 2221
f 2217 2223 2437
f 2217 2437 2438
f 2217 2438 2251
f 2221 2436 2439
f 2221 2439 2222
f 2222 2439 2223
f 2223 2440 2437
f 2223 2439 2599
f 2223 2599 2441
f 2223 2441 2440
f 2225 2423 2226
f 2226 2422 2231
f 2227 2231 2422
f 2227 2422 2228
f 2228 2422 2229
f 2232 2257 2233
f 2233 2257 2442
f 2233 2442 2235
f 2235 2443 2444
f 2235 2444 2445
f 2235 2445 2236
f 2235 2442 2443
f 2236 2445 2237
f 2237 2446 2238
f 2237 2445 2447
f 2237 2447 2446
f 2238 2242 2239
f 2238 2446 2448
f 2238 2448 2242
f 2241 2243 2449
f 2241 2449 2244
f 2242 2450 2451
f 2242 2451 2449
f 2242 2449 2243
f 2242 2448 2450
f 2244 2452 2245
f 2244 2449 2452
f 2245 2452 2453
f 2245 2453 2454
f 2245 2454 2246
f 2246 2455 2249
f 2246 2454 2456
f 2246 2456 2455
f 2247 2457 2248
f 2247 2250 2457
f 2248 2458 2459
f 2248 2457 2460
f 2248 2460 2461
f 2248 2461 2462
f 2248 2462 2463
f 2248 2463 2458
f 2249 2455 2250
f 2250 2455 2457
f 2251 2438 2464
f 2251 2464 2465
f 2251 2465 2252
f 2252 2465 2253
f 2253 2465 2464
f 2253 2464 2466
f 2253 2466 2467
f 2253 2467 2468
f 2253 2468 2469
f 2253 2469 2470
f 2253 2470 2471
f 2253 2471 2255
f 2253 2255 2254
f 2255 2471 2472
f 2255 2472 2473
f 2255 2473 2474
f 2255 2474 2256
f 2256 2474 2475
f 2256 2475 2257
f 2257 2475 2474
f 2257 2474 2444
f 2257 2444 2443
f 2257 2443 2442
f 2263 2476 2273
f 2263 2273 2264
f 2263 2307 2306
f 2263 2306 2477
f 2263 2477 2476
f 2265 2272 2274
f 2265 2274 2266
f 2266 2274 2268
f 2266 2268 2267
f 2268 2478 2427
f 2268 2427 2426
f 2268 2426 2434
f 2268 2434 2269
f 2268 2274 2478
f 2269 2434 2270
f 2270 2434 2433
f 2270 2433 2479
f 2270 2479 2271
f 2271 2479 2433
f 2273 2476 2274
f 2274 2476 2480
f 2274 2480 2478
f 2276 2481 2482
f 2276 2482 2277
f 2277 2482 2483
f 2277 2483 2484
f 2277 2484 2485
f 2277 2485 2486
f 2277 2486 2278
f 2278 2486 2487
f 2278 2487 2488
f 2278 2488 2279
f 2279 2488 2489
f 2279 2489 2280
f 2280 2489 2282
f 2280 2282 2281
f 2282 2490 2283
f 2282 2489 2490
f 2283 2491 2289
f 2283 2490 2491
f 2284 2286 2285
f 2284 2361 2286
f 2287 2289 2492
f 2287 2492 2493
f 2287 2493 2494
f 2287 2494 2495
f 2287 2495 2290
f 2287 2290 2288
f 2289 2491 2496
f 2289 2496 2492
f 2290 2495 2497
f 2290 2497 2498
f 2290 2498 2499
f 2290 2499 2291
f 2291 2499 2500
f 2291 2500 2363
f 2291 2363 2292
f 2294 2296 2295
f 2300 2420 2501
f 2300 2501 2301
f 2301 2501 2502
f 2301 2502 2303
f 2301 2303 2302
f 2303 2502 2477
f 2303 2477 2304
f 2304 2477 2306
f 2304 2306 2305
f 2310 2312 2311
f 2312 2314 2313
f 2314 2386 2315
f 2315 2386 2503
f 2315 2503 2326
f 2315 2326 2325
f 2316 2324 2504
f 2316 2504 2323
f 2316 2323 2505
f 2316 2505 2506
f 2316 2506 2329
f 2316 2329 2317
f 2319 2327 2320
f 2320 2327 2507
f 2320 2507 2321
f 2321 2507 2508
f 2321 2508 2322
f 2322 2508 2509
f 2322 2509 2323
f 2323 2509 2510
f 2323 2510 2511
f 2323 2511 2505
f 2323 2504 2324
f 2326 2503 2512
f 2326 2512 2513
f 2326 2513 2507
f 2326 2507 2327
f 2328 2330 2514
f 2328 2514 2515
f 2328 2515 2360
f 2329 2506 2516
f 2329 2516 2517
f 2329 2517 2518
f 2329 2518 2519
f 2329 2519 2515
f 2329 2515 2330
f 2330 2515 2514
f 2331 2335 2520
f 2331 2520 2332
f 2332 2520 2521
f 2332 2521 2333
f 2333 2521 2336
f 2334 2350 2522
f 2334 2522 2523
f 2334 2523 2520
f 2334 2520 2335
f 2336 2521 2338
f 2338 2521 2524
f 2338 2524 2339
f 2339 2524 2340
f 2340 2524 2525
f 2340 2525 2342
f 2340 2342 2341
f 2342 2525 2526
f 2342 2526 2527
f 2342 2527 2343
f 2343 2527 2528
f 2343 2528 2529
f 2343 2529 2344
f 2344 2529 2530
f 2344 2530 2346
f 2345 2348 2415
f 2345 2415 2401
f 2346 2530 2531
f 2346 2531 2532
f 2346 2532 2533
f 2346 2533 2347
f 2347 2533 2348
f 2348 2533 2592
f 2348 2592 2415
f 2349 2355 2534
f 2349 2534 2522
f 2349 2522 2350
f 2351 2357 2356
f 2351 2360 2515
f 2351 2515 2535
f 2351 2535 2536
f 2351 2536 2357
f 2352 2359 2537
f 2352 2537 2538
f 2352 2538 2539
f 2352 2539 2353
f 2353 2540 2354
f 2353 2539 2540
f 2354 2540 2534
f 2354 2534 2355
f 2357 2536 2541
f 2357 2541 2358
f 2358 2541 2542
f 2358 2542 2543
f 2358 2543 2544
f 2358 2544 2359
f 2359 2544 2537
f 2363 2500 2364
f 2364 2500 2545
f 2364 2545 2365
f 2365 2545 2546
f 2365 2546 2547
f 2365 2547 2366
f 2366 2548 2368
f 2366 2368 2367
f 2366 2547 2548
f 2368 2548 2374
f 2368 2374 2371
f 2368 2371 2369
f 2369 2371 2370
f 2371 2374 2373
f 2371 2373 2372
f 2374 2548 2549
f 2374 2549 2375
f 2375 2549 2550
f 2375 2550 2376
f 2376 2550 2551
f 2376 2551 2552
f 2376 2552 2553
f 2376 2553 2554
f 2376 2554 2377
f 2377 2554 2378
f 2378 2383 2379
f 2378 2554 2555
f 2378 2555 2556
f 2378 2556 2383
f 2379 2383 2382
f 2379 2382 2380
f 2383 2556 2557
f 2383 2557 2558
f 2383 2558 2384
f 2384 2558 2559
f 2384 2559 2560
f 2384 2560 2385
f 2385 2560 2561
f 2385 2561 2559
f 2385 2559 2386
f 2386 2559 2503
f 2387 2394 2562
f 2387 2562 2388
f 2388 2562 2563
f 2388 2563 2389
f 2389 2563 2564
f 2389 2564 2565
f 2389 2565 2566
f 2389 2566 2567
f 2389 2567 2390
f 2390 2567 2568
f 2390 2568 2396
f 2392 2419 2569
f 2392 2569 2570
f 2392 2570 2393
f 2393 2570 2569
f 2393 2569 2571
f 2393 2571 2394
f 2394 2571 2563
f 2394 2563 2562
f 2395 2572 2398
f 2396 2568 2397
f 2397 2568 2573
f 2397 2573 2574
f 2397 2574 2572
f 2398 2572 2575
f 2398 2575 2576
f 2398 2576 2399
f 2399 2576 2577
f 2399 2577 2400
f 2400 2577 2578
f 2400 2578 2579
f 2400 2579 2428
f 2402 2405 2403
f 2403 2405 2404
f 2405 2413 2580
f 2405 2580 2581
f 2405 2581 2582
f 2405 2582 2583
f 2405 2583 2584
f 2405 2584 2419
f 2405 2419 2408
f 2405 2408 2407
f 2405 2407 2406
f 2409 2414 2585
f 2409 2585 2586
f 2409 2586 2410
f 2410 2586 2587
f 2410 2587 2411
f 2411 2587 2588
f 2411 2588 2412
f 2412 2588 2589
f 2412 2589 2413
f 2413 2589 2590
f 2413 2590 2580
f 2414 2418 2591
f 2414 2591 2585
f 2415 2592 2416
f 2416 2592 2697
f 2416 2697 2593
f 2416 2593 2417
f 2417 2593 2594
f 2417 2594 2595
f 2417 2595 2418
f 2418 2595 2596
f 2418 2596 2597
f 2418 2597 2591
f 2419 2584 2569
f 2420 2427 2598
f 2420 2598 2478
f 2420 2478 2501
f 2425 2435 2426
f 2426 2435 2434
f 2427 2478 2598
f 2428 2579 2441
f 2428 2441 2429
f 2429 2441 2599
f 2429 2599 2430
f 2430 2599 2439
f 2430 2439 2436
f 2430 2436 2432
f 2437 2600 2601
f 2437 2601 2602
f 2437 2602 2603
f 2437 2603 2604
f 2437 2604 2438
f 2437 2440 2600
f 2438 2604 2605
f 2438 2605 2467
f 2438 2467 2606
f 2438 2606 2464
f 2440 2441 2579
f 2440 2579 2600
f 2444 2607 2608
f 2444 2608 2445
f 2444 2474 2473
f 2444 2473 2607
f 2445 2608 2447
f 2446 2447 2448
f 2447 2608 2448
f 2448 2608 2609
f 2448 2609 2610
f 2448 2610 2611
f 2448 2611 2612
f 2448 2612 2450
f 2449 2451 2450
f 2449 2450 2613
f 2449 2613 2614
f 2449 2614 2452
f 2450 2612 2615
f 2450 2615 2613
f 2452 2614 2616
f 2452 2616 2453
f 2453 2617 2456
f 2453 2456 2454
f 2453 2616 2617
f 2455 2456 2618
f 2455 2618 2619
f 2455 2619 2620
f 2455 2620 2457
f 2456 2617 2621
f 2456 2621 2622
f 2456 2622 2623
f 2456 2623 2618
f 2457 2620 2619
f 2457 2619 2460
f 2458 2624 2459
f 2458 2463 2462
f 2458 2462 2625
f 2458 2625 2626
f 2458 2626 2624
f 2460 2619 2627
f 2460 2627 2461
f 2461 2627 2628
f 2461 2628 2629
f 2461 2629 2630
f 2461 2630 2625
f 2461 2625 2462
f 2464 2606 2467
f 2464 2467 2466
f 2467 2631 2632
f 2467 2632 2468
f 2467 2605 2603
f 2467 2603 2633
f 2467 2633 2634
f 2467 2634 2631
f 2468 2632 2635
f 2468 2635 2636
f 2468 2636 2470
f 2468 2470 2469
f 2470 2636 2637
f 2470 2637 2638
f 2470 2638 2639
f 2470 2639 2640
f 2470 2640 2643
f 2470 2643 2641
f 2470 2641 2471
f 2471 2641 2642
f 2471 2642 2643
f 2471 2643 2472
f 2472 2643 2644
f 2472 2644 2473
f 2473 2644 2645
f 2473 2645 2607
f 2476 2477 2478
f 2476 2478 2480
f 2477 2502 2478
f 2478 2502 2501
f 2481 2646 2483
f 2481 2483 2482
f 2483 2647 2648
f 2483 2648 2485
f 2483 2485 2484
f 2483 2646 2649
f 2483 2649 2650
f 2483 2650 2647
f 2485 2651 2652
f 2485 2652 2486
f 2485 2648 2653
f 2485 2653 2654
f 2485 2654 2655
f 2485 2655 2651
f 2486 2652 2487
f 2487 2656 2657
f 2487 2657 2658
f 2487 2658 2659
f 2487 2659 2488
f 2487 2652 2656
f 2488 2659 2493
f 2488 2493 2496
f 2488 2496 2660
f 2488 2660 2489
f 2489 2660 2490
f 2490 2660 2491
f 2491 2660 2496
f 2492 2496 2493
f 2493 2661 2662
f 2493 2662 2494
f 2493 2659 2658
f 2493 2658 2661
f 2494 2663 2495
f 2494 2662 2661
f 2494 2661 2663
f 2495 2663 2664
f 2495 2664 2497
f 2497 2664 2665
f 2497 2665 2666
f 2497 2666 2498
f 2498 2666 2667
f 2498 2667 2499
f 2499 2668 2500
f 2499 2667 2669
f 2499 2669 2668
f 2500 2668 2545
f 2503 2559 2670
f 2503 2670 2512
f 2505 2511 2671
f 2505 2671 2506
f 2506 2671 2672
f 2506 2672 2673
f 2506 2673 2674
f 2506 2674 2517
f 2506 2517 2516
f 2507 2513 2510
f 2507 2510 2675
f 2507 2675 2509
f 2507 2509 2508
f 2509 2675 2510
f 2510 2513 2676
f 2510 2676 2677
f 2510 2677 2678
f 2510 2678 2671
f 2510 2671 2511
f 2512 2676 2513
f 2512 2670 2676
f 2515 2519 2679
f 2515 2679 2680
f 2515 2680 2536
f 2515 2536 2681
f 2515 2681 2535
f 2517 2682 2518
f 2517 2674 2683
f 2517 2683 2684
f 2517 2684 2682
f 2518 2682 2679
f 2518 2679 2519
f 2520 2523 2521
f 2521 2523 2524
f 2522 2685 2686
f 2522 2686 2523
f 2522 2534 2687
f 2522 2687 2688
f 2522 2688 2685
f 2523 2686 2689
f 2523 2689 2524
f 2524 2689 2690
f 2524 2690 2525
f 2525 2690 2691
f 2525 2691 2526
f 2526 2691 2692
f 2526 2692 2527
f 2527 2692 2693
f 2527 2693 2528
f 2528 2693 2694
f 2528 2694 2529
f 2529 2694 2531
f 2529 2531 2530
f 2531 2694 2695
f 2531 2695 2532
f 2532 2695 2696
f 2532 2696 2533
f 2533 2696 2697
f 2533 2697 2592
f 2534 2540 2539
f 2534 2539 2698
f 2534 2698 2687
f 2535 2681 2536
f 2536 2680 2699
f 2536 2699 2700
f 2536 2700 2701
f 2536 2701 2543
f 2536 2543 2542
f 2536 2542 2541
f 2537 2539 2538
f 2537 2544 2539
f 2539 2702 2703
f 2539 2703 2698
f 2539 2544 2704
f 2539 2704 2705
f 2539 2705 2702
f 2543 2701 2706
f 2543 2706 2707
f 2543 2707 2708
f 2543 2708 2704
f 2543 2704 2544
f 2545 2668 2546
f 2546 2668 2709
f 2546 2709 2547
f 2547 2549 2548
f 2547 2709 2549
f 2549 2709 2710
f 2549 2710 2550
f 2550 2711 2551
f 2550 2710 2712
f 2550 2712 2711
f 2551 2711 2552
f 2552 2711 2713
f 2552 2713 2553
f 2553 2557 2556
f 2553 2556 2555
f 2553 2555 2554
f 2553 2713 2557
f 2557 2714 2715
f 2557 2715 2558
f 2557 2713 2716
f 2557 2716 2717
f 2557 2717 2718
f 2557 2718 2719
f 2557 2719 2720
f 2557 2720 2721
f 2557 2721 2714
f 2558 2715 2559
f 2559 2561 2560
f 2559 2715 2722
f 2559 2722 2670
f 2563 2571 2723
f 2563 2723 2724
f 2563 2724 2725
f 2563 2725 2726
f 2563 2726 2564
f 2564 2726 2883
f 2564 2883 2727
f 2564 2727 2728
f 2564 2728 2729
f 2564 2729 2730
f 2564 2730 2731
f 2564 2731 2565
f 2565 2731 2732
f 2565 2732 2566
f 2566 2732 2567
f 2567 2732 2568
f 2568 2732 2733
f 2568 2733 2734
f 2568 2734 2573
f 2569 2584 2735
f 2569 2735 2736
f 2569 2736 2571
f 2571 2736 2737
f 2571 2737 2723
f 2572 2574 2738
f 2572 2738 2575
f 2573 2734 2574
f 2574 2734 2738
f 2575 2739 2576
f 2575 2738 2733
f 2575 2733 2739
f 2576 2739 2740
f 2576 2740 2577
f 2577 2740 2578
f 2578 2740 2600
f 2578 2600 2579
f 2580 2590 2741
f 2580 2741 2581
f 2581 2741 2582
f 2582 2741 2742
f 2582 2742 2743
f 2582 2743 2583
f 2583 2743 2584
f 2584 2743 2744
f 2584 2744 2745
f 2584 2745 2735
f 2585 2591 2746
f 2585 2746 2586
f 2586 2746 2587
f 2587 2746 2747
f 2587 2747 2588
f 2588 2747 2748
f 2588 2748 2749
f 2588 2749 2589
f 2589 2749 2750
f 2589 2750 2751
f 2589 2751 2590
f 2590 2751 2752
f 2590 2752 2741
f 2591 2597 2763
f 2591 2763 2746
f 2593 2697 2753
f 2593 2753 2754
f 2593 2754 2755
f 2593 2755 2756
f 2593 2756 2757
f 2593 2757 2758
f 2593 2758 2594
f 2594 2758 2759
f 2594 2759 2595
f 2595 2759 2596
f 2596 2760 2904
f 2596 2904 2761
f 2596 2761 2762
f 2596 2762 2763
f 2596 2763 2597
f 2596 2759 2764
f 2596 2764 2765
f 2596 2765 2760
f 2600 2740 2739
f 2600 2739 2601
f 2601 2739 2602
f 2602 2732 2634
f 2602 2634 2633
f 2602 2633 2603
f 2602 2739 2766
f 2602 2766 2733
f 2602 2733 2732
f 2603 2605 2604
f 2607 2645 2644
f 2607 2644 2767
f 2607 2767 2609
f 2607 2609 2608
f 2609 2767 2610
f 2610 2768 2769
f 2610 2769 2611
f 2610 2767 2770
f 2610 2770 2771
f 2610 2771 2772
f 2610 2772 2773
f 2610 2773 2774
f 2610 2774 2768
f 2611 2769 2775
f 2611 2775 2776
f 2611 2776 2777
f 2611 2777 2612
f 2612 2777 2615
f 2613 2615 2777
f 2613 2777 2778
f 2613 2778 2614
f 2614 2778 2616
f 2616 2778 2779
f 2616 2779 2621
f 2616 2621 2617
f 2618 2623 2780
f 2618 2780 2781
f 2618 2781 2627
f 2618 2627 2619
f 2621 2782 2622
f 2621 2779 2782
f 2622 2783 2623
f 2622 2782 2778
f 2622 2778 2783
f 2623 2784 2785
f 2623 2785 2780
f 2623 2783 2784
f 2624 2626 2786
f 2624 2786 2787
f 2625 2630 2788
f 2625 2788 2789
f 2625 2789 2626
f 2626 2789 2786
f 2627 2781 2629
f 2627 2629 2628
f 2629 2781 2780
f 2629 2780 2790
f 2629 2790 2630
f 2630 2790 2791
f 2630 2791 2788
f 2631 2792 2793
f 2631 2793 2794
f 2631 2794 2795
f 2631 2795 2796
f 2631 2796 2797
f 2631 2797 2632
f 2631 2634 2798
f 2631 2798 2799
f 2631 2799 2731
f 2631 2731 2792
f 2632 2797 2635
f 2634 2732 2798
f 2635 2797 2800
f 2635 2800 2801
f 2635 2801 2636
f 2636 2802 2637
f 2636 2801 2802
f 2637 2802 2803
f 2637 2803 2804
f 2637 2804 2638
f 2638 2804 2639
f 2639 2643 2640
f 2639 2804 2805
f 2639 2805 2644
f 2639 2644 2643
f 2641 2643 2642
f 2644 2805 2770
f 2644 2770 2767
f 2646 2650 2649
f 2647 2653 2648
f 2647 2650 2806
f 2647 2806 2653
f 2651 2807 2808
f 2651 2808 2652
f 2651 2655 2807
f 2652 2808 2656
f 2653 2806 2654
f 2654 2806 2809
f 2654 2809 2810
f 2654 2810 2655
f 2655 2810 2811
f 2655 2811 2812
f 2655 2812 2813
f 2655 2813 2814
f 2655 2814 2815
f 2655 2815 2816
f 2655 2816 2817
f 2655 2817 2818
f 2655 2818 2819
f 2655 2819 2807
f 2656 2808 2820
f 2656 2820 2657
f 2657 2820 2821
f 2657 2821 2822
f 2657 2822 2658
f 2658 2822 2661
f 2661 2822 2823
f 2661 2823 2664
f 2661 2664 2663
f 2664 2823 2665
f 2665 2823 2821
f 2665 2821 2824
f 2665 2824 2825
f 2665 2825 2826
f 2665 2826 2827
f 2665 2827 2666
f 2666 2827 2667
f 2667 2827 2826
f 2667 2826 2709
f 2667 2709 2669
f 2668 2669 2709
f 2670 2722 2828
f 2670 2828 2829
f 2670 2829 2678
f 2670 2678 2676
f 2671 2678 2830
f 2671 2830 2672
f 2672 2830 2831
f 2672 2831 2832
f 2672 2832 2673
f 2673 2832 2683
f 2673 2683 2674
f 2676 2678 2677
f 2678 2829 2830
f 2679 2682 2833
f 2679 2833 2680
f 2680 2833 2834
f 2680 2834 2962
f 2680 2962 2835
f 2680 2835 2699
f 2682 2834 2833
f 2682 2684 2836
f 2682 2836 2837
f 2682 2837 2834
f 2683 2832 2831
f 2683 2831 2838
f 2683 2838 2839
f 2683 2839 2840
f 2683 2840 2684
f 2684 2840 2836
f 2685 2841 2689
f 2685 2689 2686
f 2685 2688 2842
f 2685 2842 2841
f 2687 2698 2703
f 2687 2703 2688
f 2688 2703 2843
f 2688 2843 2844
f 2688 2844 2842
f 2689 2841 2845
f 2689 2845 2846
f 2689 2846 2847
f 2689 2847 2848
f 2689 2848 2690
f 2690 2848 2849
f 2690 2849 2691
f 2691 2849 2850
f 2691 2850 2851
f 2691 2851 2852
f 2691 2852 2692
f 2692 2695 2694
f 2692 2694 2693
f 2692 2852 2853
f 2692 2853 2854
f 2692 2854 2855
f 2692 2855 2856
f 2692 2856 2857
f 2692 2857 2858
f 2692 2858 2859
f 2692 2859 2860
f 2692 2860 2695
f 2695 2860 2861
f 2695 2861 2696
f 2696 2861 2697
f 2697 2861 2753
f 2699 2835 2700
f 2700 2862 2863
f 2700 2863 2864
f 2700 2864 2865
f 2700 2865 2706
f 2700 2706 2701
f 2700 2835 2862
f 2702 2705 2866
f 2702 2866 2703
f 2703 2866 2707
f 2703 2707 2843
f 2704 2708 2866
f 2704 2866 2705
f 2706 2865 2987
f 2706 2987 2867
f 2706 2867 2868
f 2706 2868 2707
f 2707 2866 2708
f 2707 2868 2843
f 2709 2826 2869
f 2709 2869 2870
f 2709 2870 2710
f 2710 2870 2712
f 2711 2712 2871
f 2711 2871 2716
f 2711 2716 2713
f 2712 2870 2871
f 2714 2872 2722
f 2714 2722 2715
f 2714 2721 2872
f 2716 2873 2717
f 2716 2871 2873
f 2717 2874 2718
f 2717 2873 2875
f 2717 2875 2876
f 2717 2876 2877
f 2717 2877 2874
f 2718 2874 2877
f 2718 2877 2719
f 2719 2877 2878
f 2719 2878 2879
f 2719 2879 2720
f 2720 2880 2881
f 2720 2881 2721
f 2720 2879 2880
f 2721 2881 2882
f 2721 2882 2872
f 2722 2872 2828
f 2723 2737 2724
f 2724 2737 2725
f 2725 2737 2726
f 2726 2737 2883
f 2727 2883 2889
f 2727 2889 2884
f 2727 2884 2885
f 2727 2885 2728
f 2728 2885 2729
f 2729 2885 2886
f 2729 2886 2730
f 2730 2886 2731
f 2731 2799 2732
f 2731 2886 2792
f 2732 2799 2798
f 2733 2766 2739
f 2733 2738 2734
f 2735 2745 2736
f 2736 2745 2887
f 2736 2887 2737
f 2737 2887 2888
f 2737 2888 2889
f 2737 2889 2883
f 2741 2752 2742
f 2742 2752 2743
f 2743 2752 2890
f 2743 2890 2744
f 2744 2890 2891
f 2744 2891 2745
f 2745 2891 2888
f 2745 2888 2887
f 2746 2763 2747
f 2747 2763 2748
f 2748 2763 2892
f 2748 2892 2749
f 2749 2892 2750
f 2750 2892 2893
f 2750 2893 2751
f 2751 2893 2752
f 2752 2893 2894
f 2752 2894 2895
f 2752 2895 2896
f 2752 2896 2890
f 2753 2861 2754
f 2754 2861 2897
f 2754 2897 2755
f 2755 2898 2756
f 2755 2897 2899
f 2755 2899 2900
f 2755 2900 2898
f 2756 2898 2758
f 2756 2758 2757
f 2758 2764 2759
f 2758 2898 2764
f 2760 2901 2902
f 2760 2902 2903
f 2760 2903 2904
f 2760 2765 2905
f 2760 2905 2906
f 2760 2906 2907
f 2760 2907 2901
f 2761 2904 2892
f 2761 2892 2762
f 2762 2892 2763
f 2764 2898 2908
f 2764 2908 2909
f 2764 2909 2910
f 2764 2910 2765
f 2765 2910 2911
f 2765 2911 2912
f 2765 2912 2905
f 2768 2774 2769
f 2769 2913 2916
f 2769 2916 2775
f 2769 2774 2913
f 2770 2805 2914
f 2770 2914 2771
f 2771 2914 2772
f 2772 2914 2773
f 2773 2914 2915
f 2773 2915 2913
f 2773 2913 2774
f 2775 2916 2917
f 2775 2917 2776
f 2776 2917 2777
f 2777 2918 2919
f 2777 2919 2778
f 2777 2917 2918
f 2778 2919 2783
f 2778 2782 2779
f 2780 2785 2790
f 2783 2920 2921
f 2783 2921 2922
f 2783 2922 2923
f 2783 2923 2784
f 2783 2919 2924
f 2783 2924 2920
f 2784 2923 2785
f 2785 2923 2925
f 2785 2925 2926
f 2785 2926 2927
f 2785 2927 2791
f 2785 2791 2790
f 2786 2928 2929
f 2786 2929 2930
f 2786 2930 2787
f 2786 2789 2931
f 2786 2931 2928
f 2787 2930 2933
f 2787 2933 2929
f 2787 2929 2932
f 2788 2791 2934
f 2788 2934 2935
f 2788 2935 2936
f 2788 2936 2937
f 2788 2937 2931
f 2788 2931 2789
f 2791 2927 2934
f 2792 2886 2794
f 2792 2794 2793
f 2794 2938 2795
f 2794 2886 2939
f 2794 2939 2940
f 2794 2940 2941
f 2794 2941 2942
f 2794 2942 2938
f 2795 2938 2796
f 2796 2801 2800
f 2796 2800 2797
f 2796 2938 2942
f 2796 2942 2943
f 2796 2943 2944
f 2796 2944 2801
f 2801 2944 2945
f 2801 2945 2946
f 2801 2946 2914
f 2801 2914 2802
f 2802 2914 2804
f 2802 2804 2803
f 2804 2914 2805
f 2807 2819 2947
f 2807 2947 2948
f 2807 2948 2808
f 2808 2948 2820
f 2812 2949 2950
f 2812 2950 2813
f 2813 2950 2951
f 2813 2951 2952
f 2813 2952 2814
f 2814 2952 2953
f 2814 2953 2954
f 2814 2954 2815
f 2815 2954 2824
f 2815 2824 2816
f 2816 2824 2955
f 2816 2955 2817
f 2817 2955 2818
f 2818 2955 2819
f 2819 2955 2947
f 2820 2947 2955
f 2820 2955 2821
f 2820 2948 2947
f 2821 2955 2824
f 2821 2823 2822
f 2824 2956 2957
f 2824 2957 2958
f 2824 2958 2826
f 2824 2826 2825
f 2824 2954 2959
f 2824 2959 2956
f 2826 2958 2869
f 2828 2872 2882
f 2828 2882 2829
f 2829 2882 2881
f 2829 2881 2960
f 2829 2960 2830
f 2830 2961 2838
f 2830 2838 2831
f 2830 2960 2961
f 2834 2837 2962
f 2835 2962 2862
f 2836 2840 2963
f 2836 2963 2837
f 2837 2963 2964
f 2837 2964 2962
f 2838 2961 2965
f 2838 2965 2839
f 2839 2965 2966
f 2839 2966 2840
f 2840 2966 2967
f 2840 2967 2968
f 2840 2968 2969
f 2840 2969 2963
f 2841 2842 2844
f 2841 2844 2845
f 2843 2868 2970
f 2843 2970 2971
f 2843 2971 2972
f 2843 2972 2844
f 2844 2846 2845
f 2844 2972 2973
f 2844 2973 2846
f 2846 2974 2850
f 2846 2850 2847
f 2846 2973 2974
f 2847 2975 2848
f 2847 2850 2975
f 2848 2975 2850
f 2848 2850 2849
f 2850 2974 2976
f 2850 2976 2853
f 2850 2853 2851
f 2851 2853 2852
f 2853 2976 2855
f 2853 2855 2854
f 2855 2973 2972
f 2855 2972 2977
f 2855 2977 2978
f 2855 2978 2979
f 2855 2979 2980
f 2855 2980 2981
f 2855 2981 2857
f 2855 2857 2856
f 2855 2976 2974
f 2855 2974 2973
f 2857 2981 2982
f 2857 2982 2859
f 2857 2859 2858
f 2859 2982 2860
f 2860 2982 2861
f 2861 2982 2979
f 2861 2979 2983
f 2861 2983 2897
f 2862 2962 2964
f 2862 2964 2863
f 2863 2964 2984
f 2863 2984 2864
f 2864 2984 2985
f 2864 2985 2986
f 2864 2986 2865
f 2865 2986 2988
f 2865 2988 2989
f 2865 2989 2987
f 2867 2987 2990
f 2867 2990 2991
f 2867 2991 2992
f 2867 2992 2993
f 2867 2993 2994
f 2867 2994 2868
f 2868 2994 2971
f 2868 2971 2970
f 2869 2995 2996
f 2869 2996 2871
f 2869 2871 2870
f 2869 2958 2995
f 2871 2996 2997
f 2871 2997 2998
f 2871 2998 2873
f 2873 2998 2875
f 2875 2998 2999
f 2875 2999 2876
f 2876 2999 3000
f 2876 3000 3001
f 2876 3001 2877
f 2877 3001 2878
f 2878 3001 3002
f 2878 3002 3003
f 2878 3003 3004
f 2878 3004 2879
f 2879 3005 2880
f 2879 3004 3005
f 2880 3005 2881
f 2881 3005 3006
f 2881 3006 3007
f 2881 3007 3008
f 2881 3008 3009
f 2881 3009 2961
f 2881 2961 2960
f 2884 2889 3010
f 2884 3010 2885
f 2885 3010 3011
f 2885 3011 2886
f 2886 3011 3012
f 2886 3012 3013
f 2886 3013 2939
f 2888 2891 3014
f 2888 3014 3015
f 2888 3015 2889
f 2889 3015 3010
f 2890 2896 3014
f 2890 3014 2891
f 2892 2904 2903
f 2892 2903 2893
f 2893 3016 2894
f 2893 2903 2902
f 2893 2902 2901
f 2893 2901 3017
f 2893 3017 3018
f 2893 3018 3016
f 2894 3016 2895
f 2895 3016 3019
f 2895 3019 3020
f 2895 3020 2896
f 2896 3021 3014
f 2896 3020 3022
f 2896 3022 3023
f 2896 3023 3024
f 2896 3024 3021
f 2897 2983 3025
f 2897 3025 3026
f 2897 3026 2899
f 2898 2900 2908
f 2899 3026 2900
f 2900 3026 3027
f 2900 3027 2908
f 2901 2907 3017
f 2905 2907 2906
f 2905 2912 3028
f 2905 3028 3029
f 2905 3029 2907
f 2907 3029 3017
f 2908 3027 2909
f 2909 3030 2910
f 2909 3027 3031
f 2909 3031 3030
f 2910 3030 3032
f 2910 3032 2911
f 2911 3032 3033
f 2911 3033 2912
f 2912 3033 3028
f 2913 3034 3035
f 2913 3035 3036
f 2913 3036 3037
f 2913 3037 3038
f 2913 3038 3039
f 2913 3039 2916
f 2913 2915 3040
f 2913 3040 3034
f 2914 2946 3041
f 2914 3041 2915
f 2915 3041 3042
f 2915 3042 3040
f 2916 3039 2917
f 2917 3039 3043
f 2917 3043 2918
f 2918 3043 3044
f 2918 3044 2924
f 2918 2924 2919
f 2920 2924 3044
f 2920 3044 3045
f 2920 3045 2921
f 2921 3045 3044
f 2921 3044 3046
f 2921 3046 3047
f 2921 3047 2922
f 2922 3047 3048
f 2922 3048 3049
f 2922 3049 2923
f 2923 3049 3050
f 2923 3050 2925
f 2925 3050 3051
f 2925 3051 3052
f 2925 3052 2934
f 2925 2934 2926
f 2926 2934 2927
f 2928 2931 2929
f 2929 2931 2937
f 2929 2937 3053
f 2929 3053 3054
f 2929 3054 3055
f 2929 3055 3056
f 2929 3056 2932
f 2929 2933 2930
f 2934 3052 2935
f 2935 3052 2936
f 2936 3052 3057
f 2936 3057 3058
f 2936 3058 3059
f 2936 3059 2937
f 2937 3059 3054
f 2937 3054 3053
f 2939 3013 2940
f 2940 3013 3012
f 2940 3012 2941
f 2941 3012 3011
f 2941 3011 3060
f 2941 3060 3061
f 2941 3061 3062
f 2941 3062 2942
f 2942 3063 3064
f 2942 3064 2943
f 2942 3062 3065
f 2942 3065 3066
f 2942 3066 3063
f 2943 3064 3067
f 2943 3067 2944
f 2944 3067 3068
f 2944 3068 2945
f 2945 3068 3041
f 2945 3041 2946
f 2949 3069 3070
f 2949 3070 2950
f 2950 3070 2951
f 2951 3070 2952
f 2952 3070 3071
f 2952 3071 3072
f 2952 3072 2953
f 2953 3072 3073
f 2953 3073 3074
f 2953 3074 2954
f 2954 3074 3075
f 2954 3075 3078
f 2954 3078 2959
f 2956 3076 2957
f 2956 2959 3078
f 2956 3078 3076
f 2957 2995 2958
f 2957 3076 3077
f 2957 3077 3000
f 2957 3000 2995
f 2961 3009 2965
f 2963 2969 2968
f 2963 2968 3079
f 2963 3079 2964
f 2964 3079 3080
f 2964 3080 2984
f 2965 3009 2966
f 2966 3009 2967
f 2967 3009 3008
f 2967 3008 3007
f 2967 3007 3081
f 2967 3081 3082
f 2967 3082 3083
f 2967 3083 3084
f 2967 3084 2984
f 2967 2984 3080
f 2967 3080 3085
f 2967 3085 2968
f 2968 3085 3079
f 2971 2994 2993
f 2971 2993 3086
f 2971 3086 2972
f 2972 3086 3087
f 2972 3087 2978
f 2972 2978 2977
f 2978 3087 3026
f 2978 3026 3025
f 2978 3025 2983
f 2978 2983 2979
f 2979 2982 2981
f 2979 2981 2980
f 2984 3084 3088
f 2984 3088 3089
f 2984 3089 2985
f 2985 3090 2986
f 2985 3089 3091
f 2985 3091 3090
f 2986 3090 3091
f 2986 3091 3092
f 2986 3092 3093
f 2986 3093 3094
f 2986 3094 3095
f 2986 3095 3096
f 2986 3096 2989
f 2986 2989 2988
f 2987 2989 2990
f 2989 3096 3097
f 2989 3097 3098
f 2989 3098 2990
f 2990 3098 2991
f 2991 3087 2992
f 2991 3098 3099
f 2991 3099 3100
f 2991 3100 3101
f 2991 3101 3102
f 2991 3102 3103
f 2991 3103 3104
f 2991 3104 3105
f 2991 3105 3087
f 2992 3087 3086
f 2992 3086 2993
f 2995 3000 3106
f 2995 3106 2997
f 2995 2997 2996
f 2997 3106 2998
f 2998 3106 2999
f 2999 3106 3000
f 3000 3077 3076
f 3000 3076 3107
f 3000 3107 3108
f 3000 3108 3001
f 3001 3108 3002
f 3002 3109 3003
f 3002 3108 3110
f 3002 3110 3111
f 3002 3111 3109
f 3003 3112 3113
f 3003 3113 3004
f 3003 3109 3114
f 3003 3114 3112
f 3004 3113 3115
f 3004 3115 3116
f 3004 3116 3005
f 3005 3116 3083
f 3005 3083 3082
f 3005 3082 3081
f 3005 3081 3007
f 3005 3007 3006
f 3010 3117 3011
f 3010 3015 3118
f 3010 3118 3119
f 3010 3119 3120
f 3010 3120 3121
f 3010 3121 3122
f 3010 3122 3123
f 3010 3123 3117
f 3011 3117 3124
f 3011 3124 3060
f 3014 3021 3015
f 3015 3021 3118
f 3016 3125 3019
f 3016 3018 3126
f 3016 3126 3127
f 3016 3127 3125
f 3017 3029 3128
f 3017 3128 3018
f 3018 3128 3129
f 3018 3129 3126
f 3019 3130 3131
f 3019 3131 3022
f 3019 3022 3020
f 3019 3125 3132
f 3019 3132 3133
f 3019 3133 3134
f 3019 3134 3130
f 3021 3135 3118
f 3021 3024 3135
f 3022 3131 3023
f 3023 3131 3024
f 3024 3136 3135
f 3024 3131 3130
f 3024 3130 3134
f 3024 3134 3137
f 3024 3137 3136
f 3026 3087 3027
f 3027 3087 3031
f 3028 3033 3148
f 3028 3148 3138
f 3028 3138 3239
f 3028 3239 3139
f 3028 3139 3129
f 3028 3129 3128
f 3028 3128 3029
f 3030 3031 3140
f 3030 3140 3141
f 3030 3141 3142
f 3030 3142 3032
f 3031 3087 3143
f 3031 3143 3144
f 3031 3144 3145
f 3031 3145 3141
f 3031 3141 3140
f 3032 3142 3146
f 3032 3146 3033
f 3033 3146 3147
f 3033 3147 3148
f 3034 3040 3035
f 3035 3149 3150
f 3035 3150 3151
f 3035 3151 3152
f 3035 3152 3036
f 3035 3040 3153
f 3035 3153 3154
f 3035 3154 3155
f 3035 3155 3156
f 3035 3156 3121
f 3035 3121 3149
f 3036 3152 3037
f 3037 3152 3038
f 3038 3152 3157
f 3038 3157 3158
f 3038 3158 3039
f 3039 3158 3159
f 3039 3159 3044
f 3039 3044 3043
f 3040 3042 3065
f 3040 3065 3160
f 3040 3160 3161
f 3040 3161 3162
f 3040 3162 3153
f 3041 3163 3042
f 3041 3068 3065
f 3041 3065 3163
f 3042 3163 3065
f 3044 3159 3046
f 3046 3159 3047
f 3047 3164 3165
f 3047 3165 3048
f 3047 3159 3166
f 3047 3166 3164
f 3048 3167 3049
f 3048 3165 3167
f 3049 3167 3168
f 3049 3168 3050
f 3050 3169 3051
f 3050 3168 3169
f 3051 3169 3170
f 3051 3170 3171
f 3051 3171 3172
f 3051 3172 3173
f 3051 3173 3174
f 3051 3174 3052
f 3052 3174 3057
f 3054 3059 3058
f 3054 3058 3175
f 3054 3175 3176
f 3054 3176 3177
f 3054 3177 3178
f 3054 3178 3179
f 3054 3179 3055
f 3055 3179 3056
f 3057 3174 3180
f 3057 3180 3058
f 3058 3180 3175
f 3060 3124 3181
f 3060 3181 3061
f 3061 3181 3182
f 3061 3182 3162
f 3061 3162 3062
f 3062 3162 3161
f 3062 3161 3160
f 3062 3160 3065
f 3063 3066 3065
f 3063 3065 3064
f 3064 3065 3068
f 3064 3068 3067
f 3069 3183 3184
f 3069 3184 3185
f 3069 3185 3186
f 3069 3186 3071
f 3069 3071 3070
f 3071 3186 3072
f 3072 3187 3188
f 3072 3188 3189
f 3072 3189 3073
f 3072 3186 3187
f 3073 3189 3190
f 3073 3190 3075
f 3073 3075 3074
f 3075 3190 3076
f 3075 3076 3078
f 3076 3191 3192
f 3076 3192 3107
f 3076 3190 3191
f 3079 3085 3080
f 3083 3089 3084
f 3083 3116 3115
f 3083 3115 3089
f 3084 3089 3088
f 3087 3105 3143
f 3089 3193 3091
f 3089 3115 3113
f 3089 3113 3194
f 3089 3194 3193
f 3091 3193 3195
f 3091 3195 3092
f 3092 3195 3193
f 3092 3193 3194
f 3092 3194 3196
f 3092 3196 3197
f 3092 3197 3198
f 3092 3198 3093
f 3093 3198 3199
f 3093 3199 3200
f 3093 3200 3201
f 3093 3201 3202
f 3093 3202 3203
f 3093 3203 3094
f 3094 3203 3095
f 3095 3204 3096
f 3095 3203 3202
f 3095 3202 3205
f 3095 3205 3204
f 3096 3204 3206
f 3096 3206 3097
f 3097 3206 3207
f 3097 3207 3099
f 3097 3099 3098
f 3099 3207 3208
f 3099 3208 3100
f 3100 3208 3101
f 3101 3208 3209
f 3101 3209 3210
f 3101 3210 3211
f 3101 3211 3102
f 3102 3211 3306
f 3102 3306 3212
f 3102 3212 3104
f 3102 3104 3103
f 3104 3212 3213
f 3104 3213 3214
f 3104 3214 3215
f 3104 3215 3105
f 3105 3215 3216
f 3105 3216 3144
f 3105 3144 3143
f 3107 3192 3217
f 3107 3217 3108
f 3108 3217 3218
f 3108 3218 3110
f 3109 3111 3219
f 3109 3219 3114
f 3110 3218 3220
f 3110 3220 3221
f 3110 3221 3222
f 3110 3222 3223
f 3110 3223 3111
f 3111 3223 3224
f 3111 3224 3219
f 3112 3225 3113
f 3112 3114 3226
f 3112 3226 3225
f 3113 3225 3194
f 3114 3219 3227
f 3114 3227 3228
f 3114 3228 3226
f 3117 3123 3124
f 3118 3135 3119
f 3119 3229 3120
f 3119 3135 3230
f 3119 3230 3231
f 3119 3231 3232
f 3119 3232 3233
f 3119 3233 3229
f 3120 3229 3233
f 3120 3233 3234
f 3120 3234 3235
f 3120 3235 3236
f 3120 3236 3121
f 3121 3156 3122
f 3121 3236 3237
f 3121 3237 3149
f 3122 3156 3181
f 3122 3181 3123
f 3123 3181 3124
f 3125 3127 3132
f 3126 3129 3127
f 3127 3238 3133
f 3127 3133 3132
f 3127 3129 3139
f 3127 3139 3239
f 3127 3239 3240
f 3127 3240 3241
f 3127 3241 3238
f 3133 3238 3242
f 3133 3242 3243
f 3133 3243 3134
f 3134 3243 3244
f 3134 3244 3245
f 3134 3245 3246
f 3134 3246 3137
f 3135 3136 3247
f 3135 3247 3230
f 3136 3248 3230
f 3136 3230 3247
f 3136 3137 3249
f 3136 3249 3248
f 3137 3246 3249
f 3138 3148 3239
f 3141 3145 3142
f 3142 3145 3250
f 3142 3250 3147
f 3142 3147 3146
f 3144 3216 3145
f 3145 3216 3250
f 3147 3250 3251
f 3147 3251 3215
f 3147 3215 3252
f 3147 3252 3253
f 3147 3253 3148
f 3148 3253 3254
f 3148 3254 3255
f 3148 3255 3239
f 3149 3256 3257
f 3149 3257 3150
f 3149 3237 3256
f 3150 3257 3151
f 3151 3258 3259
f 3151 3259 3260
f 3151 3260 3261
f 3151 3261 3152
f 3151 3257 3258
f 3152 3261 3157
f 3153 3162 3154
f 3154 3162 3182
f 3154 3182 3155
f 3155 3182 3181
f 3155 3181 3156
f 3157 3260 3262
f 3157 3262 3263
f 3157 3263 3158
f 3157 3261 3260
f 3158 3263 3159
f 3159 3263 3351
f 3159 3351 3264
f 3159 3264 3164
f 3159 3164 3166
f 3164 3265 3266
f 3164 3266 3267
f 3164 3267 3165
f 3164 3264 3268
f 3164 3268 3265
f 3165 3267 3266
f 3165 3266 3168
f 3165 3168 3167
f 3168 3266 3269
f 3168 3269 3170
f 3168 3170 3169
f 3170 3270 3171
f 3170 3269 3271
f 3170 3271 3272
f 3170 3272 3273
f 3170 3273 3270
f 3171 3270 3274
f 3171 3274 3172
f 3172 3275 3276
f 3172 3276 3173
f 3172 3274 3275
f 3173 3276 3277
f 3173 3277 3278
f 3173 3278 3279
f 3173 3279 3174
f 3174 3279 3180
f 3175 3180 3280
f 3175 3280 3281
f 3175 3281 3282
f 3175 3282 3177
f 3175 3177 3176
f 3180 3279 3280
f 3183 3283 3284
f 3183 3284 3184
f 3184 3284 3285
f 3184 3285 3286
f 3184 3286 3185
f 3185 3286 3187
f 3185 3187 3186
f 3187 3286 3188
f 3188 3287 3288
f 3188 3288 3289
f 3188 3289 3189
f 3188 3286 3290
f 3188 3290 3287
f 3189 3289 3190
f 3190 3289 3291
f 3190 3291 3191
f 3191 3291 3292
f 3191 3292 3192
f 3192 3292 3217
f 3194 3225 3293
f 3194 3293 3294
f 3194 3294 3196
f 3196 3294 3295
f 3196 3295 3197
f 3197 3295 3198
f 3198 3295 3199
f 3199 3295 3296
f 3199 3296 3200
f 3200 3202 3201
f 3200 3296 3297
f 3200 3297 3298
f 3200 3298 3202
f 3202 3298 3205
f 3204 3299 3206
f 3204 3205 3299
f 3205 3298 3300
f 3205 3300 3301
f 3205 3301 3299
f 3206 3299 3302
f 3206 3302 3207
f 3207 3302 3208
f 3208 3302 3299
f 3208 3299 3303
f 3208 3303 3304
f 3208 3304 3209
f 3209 3304 3305
f 3209 3305 3210
f 3210 3306 3211
f 3210 3305 3307
f 3210 3307 3306
f 3212 3306 3213
f 3213 3308 3214
f 3213 3306 3307
f 3213 3307 3309
f 3213 3309 3310
f 3213 3310 3308
f 3214 3308 3311
f 3214 3311 3253
f 3214 3253 3252
f 3214 3252 3215
f 3215 3251 3216
f 3216 3251 3250
f 3217 3292 3218
f 3218 3292 3312
f 3218 3312 3220
f 3219 3224 3227
f 3220 3313 3221
f 3220 3312 3314
f 3220 3314 3315
f 3220 3315 3313
f 3221 3313 3222
f 3222 3313 3223
f 3223 3316 3317
f 3223 3317 3318
f 3223 3318 3319
f 3223 3319 3320
f 3223 3320 3321
f 3223 3321 3322
f 3223 3322 3224
f 3223 3313 3316
f 3224 3322 3323
f 3224 3323 3227
f 3225 3226 3324
f 3225 3324 3325
f 3225 3325 3293
f 3226 3228 3324
f 3227 3324 3228
f 3227 3323 3324
f 3230 3248 3326
f 3230 3326 3231
f 3231 3233 3232
f 3231 3326 3233
f 3233 3326 3327
f 3233 3327 3328
f 3233 3328 3234
f 3234 3328 3329
f 3234 3329 3330
f 3234 3330 3235
f 3235 3330 3331
f 3235 3331 3332
f 3235 3332 3236
f 3236 3332 3333
f 3236 3333 3257
f 3236 3257 3237
f 3237 3257 3256
f 3238 3241 3334
f 3238 3334 3242
f 3239 3255 3335
f 3239 3335 3241
f 3239 3241 3240
f 3241 3335 3336
f 3241 3336 3337
f 3241 3337 3338
f 3241 3338 3334
f 3242 3334 3339
f 3242 3339 3243
f 3243 3339 3340
f 3243 3340 3244
f 3244 3340 3245
f 3245 3340 3341
f 3245 3341 3342
f 3245 3342 3343
f 3245 3343 3344
f 3245 3344 3249
f 3245 3249 3246
f 3248 3249 3345
f 3248 3345 3326
f 3249 3344 3346
f 3249 3346 3345
f 3253 3311 3254
f 3254 3336 3255
f 3254 3311 3336
f 3255 3336 3335
f 3257 3333 3347
f 3257 3347 3258
f 3258 3347 3259
f 3259 3347 3260
f 3260 3348 3349
f 3260 3349 3262
f 3260 3347 3350
f 3260 3350 3348
f 3262 3349 3351
f 3262 3351 3263
f 3264 3351 3268
f 3265 3352 3269
f 3265 3269 3266
f 3265 3268 3353
f 3265 3353 3354
f 3265 3354 3352
f 3268 3351 3353
f 3269 3352 3355
f 3269 3355 3271
f 3270 3273 3356
f 3270 3356 3357
f 3270 3357 3274
f 3271 3355 3358
f 3271 3358 3359
f 3271 3359 3272
f 3272 3356 3273
f 3272 3359 3356
f 3274 3360 3275
f 3274 3357 3361
f 3274 3361 3362
f 3274 3362 3363
f 3274 3363 3360
f 3275 3360 3364
f 3275 3364 3365
f 3275 3365 3276
f 3276 3365 3366
f 3276 3366 3367
f 3276 3367 3368
f 3276 3368 3369
f 3276 3369 3370
f 3276 3370 3277
f 3277 3370 3371
f 3277 3371 3278
f 3278 3371 3372
f 3278 3372 3279
f 3279 3372 3373
f 3279 3373 3374
f 3279 3374 3280
f 3280 3374 3375
f 3280 3375 3281
f 3281 3375 3376
f 3281 3376 3377
f 3281 3377 3378
f 3281 3378 3379
f 3281 3379 3282
f 3283 3380 3381
f 3283 3381 3382
f 3283 3382 3284
f 3284 3382 3314
f 3284 3314 3285
f 3285 3314 3312
f 3285 3312 3290
f 3285 3290 3286
f 3287 3290 3288
f 3288 3290 3383
f 3288 3383 3384
f 3288 3384 3292
f 3288 3292 3291
f 3288 3291 3289
f 3290 3312 3383
f 3292 3384 3312
f 3293 3295 3294
f 3293 3325 3385
f 3293 3385 3386
f 3293 3386 3295
f 3295 3386 3296
f 3296 3386 3297
f 3297 3386 3387
f 3297 3387 3298
f 3298 3387 3388
f 3298 3388 3389
f 3298 3389 3390
f 3298 3390 3391
f 3298 3391 3301
f 3298 3301 3300
f 3299 3392 3303
f 3299 3301 3390
f 3299 3390 3393
f 3299 3393 3392
f 3301 3391 3390
f 3303 3392 3394
f 3303 3394 3304
f 3304 3394 3395
f 3304 3395 3305
f 3305 3395 3396
f 3305 3396 3307
f 3307 3396 3397
f 3307 3397 3398
f 3307 3398 3399
f 3307 3399 3310
f 3307 3310 3309
f 3308 3400 3401
f 3308 3401 3311
f 3308 3310 3402
f 3308 3402 3403
f 3308 3403 3400
f 3310 3399 3404
f 3310 3404 3405
f 3310 3405 3402
f 3311 3401 3406
f 3311 3406 3407
f 3311 3407 3336
f 3312 3384 3383
f 3313 3315 3316
f 3314 3382 3315
f 3315 3382 3381
f 3315 3381 3408
f 3315 3408 3409
f 3315 3409 3317
f 3315 3317 3316
f 3317 3409 3318
f 3318 3410 3320
f 3318 3320 3319
f 3318 3409 3411
f 3318 3411 3410
f 3320 3410 3412
f 3320 3412 3413
f 3320 3413 3321
f 3321 3413 3414
f 3321 3414 3415
f 3321 3415 3416
f 3321 3416 3417
f 3321 3417 3418
f 3321 3418 3322
f 3322 3418 3419
f 3322 3419 3323
f 3323 3420 3324
f 3323 3419 3421
f 3323 3421 3422
f 3323 3422 3385
f 3323 3385 3420
f 3324 3420 3385
f 3324 3385 3325
f 3326 3345 3423
f 3326 3423 3424
f 3326 3424 3327
f 3327 3424 3425
f 3327 3425 3329
f 3327 3329 3328
f 3329 3425 3426
f 3329 3426 3427
f 3329 3427 3428
f 3329 3428 3330
f 3330 3428 3331
f 3331 3428 3427
f 3331 3427 3429
f 3331 3429 3430
f 3331 3430 3332
f 3332 3430 3431
f 3332 3431 3347
f 3332 3347 3333
f 3334 3338 3341
f 3334 3341 3340
f 3334 3340 3339
f 3336 3407 3432
f 3336 3432 3433
f 3336 3433 3337
f 3337 3433 3338
f 3338 3433 3432
f 3338 3432 3434
f 3338 3434 3342
f 3338 3342 3341
f 3342 3435 3343
f 3342 3434 3436
f 3342 3436 3437
f 3342 3437 3435
f 3343 3435 3439
f 3343 3439 3344
f 3344 3438 3346
f 3344 3439 3345
f 3344 3345 3438
f 3345 3346 3438
f 3345 3439 3440
f 3345 3440 3453
f 3345 3453 3441
f 3345 3441 3442
f 3345 3442 3426
f 3345 3426 3423
f 3347 3431 3443
f 3347 3443 3444
f 3347 3444 3350
f 3348 3350 3444
f 3348 3444 3349
f 3349 3445 3351
f 3349 3444 3446
f 3349 3446 3445
f 3351 3445 3353
f 3352 3354 3447
f 3352 3447 3448
f 3352 3448 3449
f 3352 3449 3355
f 3353 3445 3450
f 3353 3450 3354
f 3354 3450 3445
f 3354 3445 3451
f 3354 3451 3442
f 3354 3442 3447
f 3355 3452 3358
f 3355 3449 3453
f 3355 3453 3454
f 3355 3454 3455
f 3355 3455 3452
f 3356 3359 3456
f 3356 3456 3457
f 3356 3457 3363
f 3356 3363 3362
f 3356 3362 3361
f 3356 3361 3357
f 3358 3452 3359
f 3359 3458 3459
f 3359 3459 3460
f 3359 3460 3456
f 3359 3452 3461
f 3359 3461 3462
f 3359 3462 3458
f 3360 3463 3464
f 3360 3464 3465
f 3360 3465 3364
f 3360 3363 3463
f 3363 3464 3463
f 3363 3457 3405
f 3363 3405 3404
f 3363 3404 3399
f 3363 3399 3466
f 3363 3466 3467
f 3363 3467 3468
f 3363 3468 3469
f 3363 3469 3470
f 3363 3470 3464
f 3364 3471 3365
f 3364 3465 3472
f 3364 3472 3471
f 3365 3471 3366
f 3366 3471 3367
f 3367 3471 3473
f 3367 3473 3368
f 3368 3473 3474
f 3368 3474 3475
f 3368 3475 3369
f 3369 3475 3476
f 3369 3476 3477
f 3369 3477 3370
f 3370 3477 3478
f 3370 3478 3371
f 3371 3478 3479
f 3371 3479 3372
f 3372 3479 3480
f 3372 3480 3373
f 3373 3480 3374
f 3374 3480 3375
f 3375 3479 3481
f 3375 3481 3478
f 3375 3478 3482
f 3375 3482 3483
f 3375 3483 3376
f 3375 3480 3479
f 3376 3484 3485
f 3376 3483 3486
f 3376 3486 3482
f 3376 3482 3478
f 3376 3478 3484
f 3380 3487 3488
f 3380 3488 3411
f 3380 3411 3409
f 3380 3409 3408
f 3380 3408 3381
f 3385 3422 3421
f 3385 3421 3387
f 3385 3387 3386
f 3387 3421 3489
f 3387 3489 3388
f 3388 3489 3490
f 3388 3490 3491
f 3388 3491 3389
f 3389 3491 3492
f 3389 3492 3390
f 3390 3492 3493
f 3390 3493 3494
f 3390 3494 3495
f 3390 3495 3393
f 3392 3393 3495
f 3392 3495 3496
f 3392 3496 3494
f 3392 3494 3394
f 3394 3494 3497
f 3394 3497 3395
f 3395 3497 3498
f 3395 3498 3536
f 3395 3536 3499
f 3395 3499 3396
f 3396 3499 3500
f 3396 3500 3397
f 3397 3500 3501
f 3397 3501 3398
f 3398 3501 3466
f 3398 3466 3399
f 3400 3502 3406
f 3400 3406 3401
f 3400 3403 3460
f 3400 3460 3502
f 3402 3405 3403
f 3403 3405 3456
f 3403 3456 3460
f 3405 3457 3456
f 3406 3502 3503
f 3406 3503 3504
f 3406 3504 3434
f 3406 3434 3432
f 3406 3432 3407
f 3410 3505 3412
f 3410 3411 3488
f 3410 3488 3505
f 3412 3488 3506
f 3412 3506 3413
f 3412 3505 3488
f 3416 3507 3417
f 3417 3507 3508
f 3417 3508 3509
f 3417 3509 3418
f 3418 3509 3489
f 3418 3489 3421
f 3418 3421 3419
f 3423 3426 3424
f 3424 3426 3425
f 3426 3442 3510
f 3426 3510 3511
f 3426 3511 3512
f 3426 3512 3427
f 3427 3512 3429
f 3429 3512 3430
f 3430 3512 3446
f 3430 3446 3444
f 3430 3444 3443
f 3430 3443 3431
f 3434 3504 3436
f 3435 3440 3439
f 3435 3437 3453
f 3435 3453 3440
f 3436 3504 3437
f 3437 3504 3503
f 3437 3503 3513
f 3437 3513 3453
f 3441 3514 3442
f 3441 3453 3514
f 3442 3514 3447
f 3442 3451 3445
f 3442 3445 3510
f 3445 3446 3510
f 3446 3512 3510
f 3447 3514 3448
f 3448 3514 3453
f 3448 3453 3449
f 3452 3455 3461
f 3453 3513 3455
f 3453 3455 3454
f 3455 3515 3462
f 3455 3462 3461
f 3455 3513 3515
f 3458 3462 3459
f 3459 3462 3502
f 3459 3502 3460
f 3462 3515 3503
f 3462 3503 3502
f 3464 3470 3516
f 3464 3516 3465
f 3465 3516 3472
f 3466 3501 3517
f 3466 3517 3518
f 3466 3518 3468
f 3466 3468 3467
f 3468 3518 3519
f 3468 3519 3469
f 3469 3520 3470
f 3469 3519 3521
f 3469 3521 3520
f 3470 3520 3516
f 3471 3472 3473
f 3472 3516 3474
f 3472 3474 3473
f 3474 3521 3522
f 3474 3522 3475
f 3474 3516 3520
f 3474 3520 3521
f 3475 3522 3476
f 3476 3522 3523
f 3476 3523 3477
f 3477 3523 3478
f 3478 3481 3479
f 3478 3523 3524
f 3478 3524 3525
f 3478 3525 3484
f 3482 3486 3483
f 3484 3525 3526
f 3484 3526 3485
f 3487 3527 3488
f 3488 3527 3506
f 3489 3528 3529
f 3489 3529 3490
f 3489 3509 3530
f 3489 3530 3531
f 3489 3531 3528
f 3490 3529 3491
f 3491 3529 3532
f 3491 3532 3533
f 3491 3533 3494
f 3491 3494 3493
f 3491 3493 3492
f 3494 3496 3495
f 3494 3533 3534
f 3494 3534 3535
f 3494 3535 3498
f 3494 3498 3497
f 3498 3535 3536
f 3499 3536 3500
f 3500 3536 3537
f 3500 3537 3517
f 3500 3517 3501
f 3503 3515 3513
f 3507 3538 3508
f 3508 3538 3530
f 3508 3530 3509
f 3510 3512 3511
f 3517 3537 3539
f 3517 3539 3518
f 3518 3540 3541
f 3518 3541 3519
f 3518 3539 3542
f 3518 3542 3540
f 3519 3541 3521
f 3521 3541 3543
f 3521 3543 3544
f 3521 3544 3522
f 3522 3544 3545
f 3522 3545 3523
f 3523 3545 3524
f 3524 3546 3547
f 3524 3547 3548
f 3524 3548 3549
f 3524 3549 3550
f 3524 3550 3526
f 3524 3526 3525
f 3524 3545 3546
f 3528 3551 3529
f 3528 3531 3551
f 3529 3551 3552
f 3529 3552 3553
f 3529 3553 3554
f 3529 3554 3555
f 3529 3555 3556
f 3529 3556 3533
f 3529 3533 3532
f 3530 3538 3557
f 3530 3557 3558
f 3530 3558 3531
f 3531 3558 3559
f 3531 3559 3560
f 3531 3560 3551
f 3533 3561 3562
f 3533 3562 3534
f 3533 3556 3561
f 3534 3563 3564
f 3534 3564 3535
f 3534 3562 3565
f 3534 3565 3566
f 3534 3566 3563
f 3535 3564 3536
f 3536 3564 3539
f 3536 3539 3537
f 3539 3564 3542
f 3540 3542 3567
f 3540 3567 3586
f 3540 3586 3568
f 3540 3568 3569
f 3540 3569 3541
f 3541 3569 3544
f 3541 3544 3543
f 3542 3564 3563
f 3542 3563 3570
f 3542 3570 3590
f 3542 3590 3571
f 3542 3571 3567
f 3544 3569 3572
f 3544 3572 3573
f 3544 3573 3574
f 3544 3574 3545
f 3545 3574 3546
f 3546 3574 3572
f 3546 3572 3575
f 3546 3575 3547
f 3547 3575 3576
f 3551 3560 3552
f 3552 3560 3553
f 3553 3560 3577
f 3553 3577 3578
f 3553 3578 3579
f 3553 3579 3554
f 3554 3579 3580
f 3554 3580 3555
f 3555 3580 3581
f 3555 3581 3556
f 3556 3581 3565
f 3556 3565 3561
f 3558 3582 3559
f 3559 3582 3583
f 3559 3583 3560
f 3560 3583 3584
f 3560 3584 3577
f 3561 3565 3562
f 3563 3566 3570
f 3565 3581 3570
f 3565 3570 3566
f 3567 3571 3585
f 3567 3585 3586
f 3568 3586 3587
f 3568 3587 3569
f 3569 3587 3588
f 3569 3588 3572
f 3570 3581 3589
f 3570 3589 3590
f 3571 3590 3585
f 3572 3591 3592
f 3572 3592 3593
f 3572 3593 3594
f 3572 3594 3595
f 3572 3595 3596
f 3572 3596 3575
f 3572 3574 3573
f 3572 3588 3591
f 3575 3596 3576
f 3577 3597 3578
f 3577 3584 3598
f 3577 3598 3599
f 3577 3599 3597
f 3578 3600 3579
f 3578 3597 3600
f 3579 3600 3601
f 3579 3601 3602
f 3579 3602 3580
f 3580 3602 3590
f 3580 3590 3589
f 3580 3589 3581
f 3585 3590 3602
f 3585 3602 3603
f 3585 3603 3604
f 3585 3604 3587
f 3585 3587 3586
f 3587 3601 3605
f 3587 3605 3591
f 3587 3591 3588
f 3587 3604 3601
f 3591 3606 3607
f 3591 3607 3608
f 3591 3608 3609
f 3591 3609 3610
f 3591 3610 3593
f 3591 3593 3592
f 3591 3605 3606
f 3597 3599 3611
f 3597 3611 3612
f 3597 3612 3607
f 3597 3607 3606
f 3597 3606 3601
f 3597 3601 3600
f 3598 3612 3599
f 3599 3612 3611
f 3601 3606 3605
f 3601 3604 3603
f 3601 3603 3602

