# https://github.com/mikedh/trimesh
v 0.00031683 0.02019938 0.01361870
v -0.00101338 0.02019938 0.01361291
v 0.00224880 0.02019938 0.01353471
v 0.00125546 0.04311502 0.01213305
v 0.00027076 0.04262049 0.01216781
v -0.00121492 0.02019938 0.01361001
v -0.00022159 0.04262049 0.01216201
v 0.00274402 0.02019938 0.01349996
v 0.00175357 0.04311502 0.01210120
v 0.00125546 0.04361326 0.01204907
v 0.00027076 0.04311502 0.01211278
v -0.00150285 0.02019938 0.01360132
v -0.00022159 0.04311502 0.01209830
v -0.00071682 0.04262049 0.01214464
v 0.00323925 0.02019938 0.01344494
v 0.00274402 0.04262049 0.01197088
v 0.00224880 0.04311502 0.01201432
v 0.00175357 0.04361326 0.01201722
v 0.00373448 0.02019938 0.01337254
v 0.00422971 0.02019938 0.01329145
v 0.00125546 0.04410779 0.01193323
v 0.00076311 0.04460232 0.01180870
v 0.00076311 0.04361326 0.01202880
v -0.00187427 0.02019938 0.01357815
v -0.00071682 0.04311502 0.01207513
v 0.00027076 0.04410779 0.01189848
v 0.00027076 0.04460232 0.01178843
v -0.00121205 0.04757321 0.01105864
v -0.00121205 0.04311502 0.01202590
v -0.00121205 0.04262049 0.01207513
v -0.00230903 0.02019938 0.01352603
v 0.00412030 0.04252753 0.01173051
v 0.00274402 0.04311502 0.01191586
v 0.00224880 0.04361326 0.01192454
v 0.00228910 0.04414869 0.01178843
v 0.00175357 0.04410779 0.01189558
v 0.00158945 0.04489978 0.01171893
v 0.00473645 0.02019938 0.01317851
v 0.00442838 0.04212596 0.01169576
v 0.00125546 0.04494068 0.01173051
v 0.00076311 0.04608591 0.01145539
v 0.00027076 0.04721254 0.01118317
v -0.00071682 0.04897499 0.01075456
v -0.00171015 0.05123198 0.01020722
v -0.00171015 0.05054410 0.01036940
v -0.00121205 0.04361326 0.01193323
v -0.00147118 0.04682956 0.01121213
v -0.00171015 0.04311502 0.01192744
v -0.00195777 0.04435320 0.01170734
v -0.00171015 0.04361326 0.01186662
v -0.00447134 0.02019938 0.01318140
v -0.00418630 0.02019938 0.01323643
v -0.00409416 0.02019938 0.01325091
v -0.00280714 0.02019938 0.01345073
v 0.00426426 0.04266510 0.01167549
v 0.00397346 0.04285474 0.01170445
v 0.00364234 0.04302578 0.01174210
v 0.00278721 0.04414869 0.01167838
v 0.00248201 0.04434204 0.01170155
v 0.00215090 0.04447218 0.01173341
v 0.00224880 0.04509685 0.01155965
v 0.00192056 0.04480311 0.01169286
v 0.00175357 0.04507826 0.01164942
v 0.00183994 0.04873331 0.01069375
v 0.00155490 0.04685559 0.01121792
v 0.00125546 0.04806774 0.01093991
v 0.00076311 0.05091964 0.01025356
v 0.00520577 0.02019938 0.01304529
v 0.00472494 0.04212596 0.01161178
v 0.00076311 0.04757321 0.01109339
v 0.00027076 0.05203140 0.01000161
v -0.00121205 0.05098285 0.01026804
v -0.00171015 0.05153316 0.01013482
v -0.00220538 0.05153316 0.01010586
v -0.00220538 0.05115389 0.01019274
v -0.00201247 0.04884857 0.01072560
v -0.00171015 0.04465809 0.01166390
v -0.00166409 0.04659531 0.01124688
v -0.00171015 0.04559138 0.01146119
v -0.00216795 0.04361326 0.01176526
v -0.00247603 0.05081925 0.01022460
v -0.00242420 0.04631272 0.01120634
v -0.00220538 0.04509685 0.01150463
v -0.00215356 0.04455398 0.01162626
v -0.00204414 0.04410779 0.01173051
v -0.00463258 0.02019938 0.01313507
v -0.00241557 0.04361326 0.01169576
v -0.00435617 0.04311502 0.01118896
v 0.00422971 0.04311502 0.01157123
v 0.00373448 0.04361326 0.01157702
v 0.00472494 0.04262049 0.01154517
v 0.00377767 0.04315963 0.01167838
v 0.00347535 0.04335299 0.01170445
v 0.00323925 0.04410779 0.01157992
v 0.00274402 0.04460232 0.01157702
v 0.00274402 0.04509685 0.01145250
v 0.00224880 0.04559138 0.01143512
v 0.00213650 0.04643542 0.01123819
v 0.00188601 0.04676635 0.01119475
v 0.00175357 0.04955132 0.01048234
v 0.00109134 0.05084528 0.01023618
v 0.00125546 0.05004957 0.01042442
v 0.00170750 0.04856598 0.01075456
v 0.00209044 0.04840238 0.01073719
v 0.00125546 0.04912001 0.01066768
v 0.00076311 0.05116876 0.01018985
v 0.00667994 0.02019938 0.01253560
v 0.00597165 0.04189171 0.01121213
v 0.00522017 0.04212596 0.01144381
v -0.00022159 0.05122082 0.01020433
v -0.00121205 0.05123198 0.01020722
v -0.00022159 0.05203140 0.01000450
v 0.00076311 0.05153316 0.01008849
v 0.00027076 0.05252593 0.00986260
v -0.00022159 0.05252593 0.00987418
v -0.00121205 0.05203140 0.01001029
v -0.00171015 0.05203140 0.01001029
v -0.00220538 0.05203140 0.00998423
v -0.00270061 0.05203140 0.00990314
v -0.00229176 0.04410779 0.01166970
v -0.00270061 0.04410779 0.01156544
v -0.00270061 0.05153316 0.01001609
v -0.00252786 0.04840238 0.01073429
v -0.00270061 0.04658043 0.01108181
v -0.00255953 0.04598551 0.01124109
v -0.00270061 0.04460232 0.01148146
v -0.00481397 0.02019938 0.01307715
v -0.00468152 0.04311502 0.01109050
v -0.00270061 0.04361326 0.01161467
v -0.00319584 0.04361326 0.01147277
v -0.00401066 0.04361326 0.01123240
v 0.00422971 0.04361326 0.01143222
v 0.00345519 0.04531251 0.01120055
v 0.00373448 0.04410779 0.01144670
v 0.00323925 0.04460232 0.01145250
v 0.00589103 0.04221891 0.01118027
v 0.00556279 0.04249778 0.01124978
v 0.00525184 0.04264651 0.01133087
v 0.00472494 0.04311502 0.01140037
v 0.00452915 0.04392931 0.01123240
v 0.00277857 0.04612309 0.01117159
v 0.00263461 0.04598179 0.01124688
v 0.00246474 0.04631272 0.01120344
v 0.00224880 0.04905680 0.01050840
v 0.00163264 0.05041396 0.01025645
v 0.00141958 0.05074488 0.01020143
v 0.00076311 0.05203140 0.00994369
v 0.00274402 0.04658043 0.01105864
v 0.00242155 0.04824249 0.01069375
v 0.00225167 0.04856598 0.01064741
v 0.00815411 0.02019938 0.01201432
v 0.00670585 0.04163143 0.01088488
v 0.00616455 0.04208134 0.01109629
v 0.00869252 0.02019938 0.01177106
v 0.00055580 0.05278621 0.00973517
v 0.00027076 0.05281967 0.00975255
v -0.00022159 0.05284198 0.00976413
v -0.00121205 0.05286801 0.00975834
v -0.00071682 0.05252593 0.00987418
v -0.00121205 0.05252593 0.00987129
v -0.00171015 0.05252593 0.00986549
v -0.00208733 0.05283455 0.00974386
v -0.00223129 0.05256683 0.00981626
v -0.00270061 0.05244041 0.00978441
v -0.00304036 0.05234002 0.00974676
v -0.00337147 0.05219500 0.00970622
v -0.00320160 0.05203140 0.00978441
v -0.00319584 0.04410779 0.01141195
v -0.00425828 0.04361326 0.01115711
v -0.00368531 0.05203140 0.00966567
v -0.00384655 0.05167445 0.00970332
v -0.00342330 0.04977814 0.01021591
v -0.00289064 0.04575498 0.01119475
v -0.00270061 0.04509685 0.01138299
v -0.00398187 0.05134724 0.00973807
v -0.00352407 0.04449449 0.01123819
v -0.00334268 0.04509685 0.01118027
v -0.00492050 0.02019938 0.01303950
v -0.00517675 0.04311502 0.01092253
v -0.00468152 0.04361326 0.01101810
v 0.00406559 0.04446102 0.01124109
v 0.00257127 0.04791529 0.01074298
v 0.00296572 0.04581447 0.01120344
v 0.00621062 0.04262049 0.01092832
v 0.00572115 0.04264651 0.01113683
v 0.00592270 0.04380289 0.01069664
v 0.00574131 0.04362814 0.01082696
v 0.00519713 0.04508569 0.01060687
v 0.00498695 0.04338273 0.01121792
v 0.00508484 0.04311502 0.01125847
v 0.00495528 0.04829083 0.00971780
v 0.00446293 0.04730549 0.01021591
v 0.00304058 0.04738358 0.01073429
v 0.00274402 0.04856227 0.01048234
v 0.00275842 0.04906795 0.01032017
v 0.00260582 0.04942862 0.01026224
v 0.00227471 0.04957735 0.01033465
v 0.00212787 0.04993058 0.01026804
v 0.00125546 0.05203140 0.00980758
v 0.00108558 0.05234745 0.00974965
v 0.00073720 0.05251849 0.00978730
v 0.00196087 0.05026151 0.01020722
v 0.00696210 0.04190286 0.01072271
v 0.00672313 0.04208878 0.01082117
v 0.00654749 0.04262049 0.01076615
v 0.00916472 0.02019938 0.01148725
v 0.00088404 0.05267838 0.00968884
v 0.00274402 0.05337369 0.00879977
v 0.00224880 0.05346293 0.00887507
v 0.00142245 0.05324355 0.00921390
v 0.00109134 0.05328817 0.00924575
v -0.00022159 0.05368603 0.00916756
v -0.00022159 0.05343690 0.00935580
v -0.00071682 0.05348152 0.00938766
v -0.00120341 0.05355961 0.00938476
v -0.00121205 0.05311714 0.00965988
v -0.00171015 0.05311714 0.00966857
v -0.00171015 0.05287173 0.00975545
v -0.00223129 0.05300930 0.00965409
v -0.00241557 0.05275646 0.00972069
v -0.00270061 0.05268581 0.00969174
v -0.00448574 0.05281595 0.00925444
v -0.00418630 0.05252593 0.00942241
v -0.00414023 0.04406317 0.01111656
v -0.00418630 0.05203140 0.00953535
v -0.00368819 0.04856227 0.01038967
v -0.00343769 0.04731665 0.01071402
v -0.00433314 0.05103863 0.00969463
v -0.00408552 0.05103863 0.00976993
v -0.00439936 0.04578101 0.01070533
v -0.00418630 0.04460232 0.01100072
v -0.00418630 0.04955132 0.01003636
v -0.00590520 0.02019938 0.01253560
v -0.00550211 0.04311502 0.01077194
v -0.00521130 0.04363557 0.01081828
v -0.00545892 0.04348312 0.01074008
v -0.00468152 0.04410779 0.01092543
v -0.00499248 0.04449077 0.01074298
v 0.00603211 0.04347197 0.01074877
v 0.00539004 0.04769591 0.00968305
v 0.00526911 0.04861060 0.00942241
v 0.00513379 0.04905680 0.00932974
v 0.00484587 0.04856227 0.00967146
v 0.00449460 0.04882998 0.00972938
v 0.00459825 0.04856227 0.00977282
v 0.00399937 0.04784092 0.01022749
v 0.00340337 0.04870728 0.01018695
v 0.00323925 0.04906795 0.01013772
v 0.00401952 0.04934682 0.00974097
v 0.00275842 0.04957735 0.01015220
v 0.00245898 0.04975955 0.01020433
v 0.00258854 0.05089361 0.00976124
v 0.00243307 0.05122454 0.00970332
v 0.00175357 0.05103863 0.00999871
v 0.00192344 0.05171163 0.00970042
v 0.00206165 0.05282711 0.00925154
v 0.00125546 0.05251849 0.00963092
v 0.00761569 0.04163143 0.01032885
v 0.00786330 0.04163143 0.01016089
v 0.00778556 0.04212596 0.01010876
v 0.00799287 0.04302206 0.00976124
v 0.00793816 0.04334927 0.00972069
v 0.00689876 0.04223379 0.01068216
v 0.00679511 0.04262049 0.01062424
v 0.00708303 0.04311502 0.01029410
v 0.00666266 0.04307412 0.01054605
v 0.00918199 0.02019938 0.01147567
v 0.00223728 0.05300559 0.00912412
v 0.00302331 0.05329933 0.00874764
v 0.00274402 0.05362281 0.00863760
v 0.00224880 0.05370834 0.00868972
v 0.00160385 0.05378642 0.00875343
v -0.00009778 0.05423261 0.00870999
v -0.00042889 0.05426979 0.00873895
v -0.00071682 0.05429954 0.00876502
v -0.00071682 0.05372693 0.00920231
v -0.00136177 0.05377898 0.00923996
v -0.00175334 0.05356704 0.00939055
v -0.00220538 0.05348524 0.00939055
v -0.00418630 0.05287916 0.00929498
v -0.00270061 0.05341088 0.00932974
v -0.00270061 0.05302046 0.00954694
v -0.00344345 0.05326958 0.00923127
v -0.00418630 0.05312457 0.00911833
v -0.00418630 0.05344062 0.00887217
v -0.00458363 0.05335139 0.00879977
v -0.00491474 0.05325843 0.00872737
v -0.00517675 0.05289776 0.00881425
v -0.00543012 0.05277877 0.00873895
v -0.00481973 0.05252593 0.00917046
v -0.00457211 0.05252593 0.00929788
v -0.00442239 0.05077091 0.00972069
v -0.00466713 0.04560625 0.01064452
v -0.00471895 0.04463578 0.01081248
v -0.00684959 0.02019938 0.01200563
v -0.00601173 0.04361326 0.01029410
v -0.00574972 0.04311502 0.01058080
v -0.00833815 0.02019938 0.01096597
v -0.00822874 0.02019938 0.01104995
v -0.00736785 0.02019938 0.01164942
v -0.00540133 0.04381033 0.01070533
v -0.00643498 0.05036934 0.00874764
v -0.00598870 0.04658043 0.00977572
v -0.00641482 0.04781490 0.00922838
v -0.00592247 0.04437923 0.01022460
v -0.00583610 0.04757321 0.00967726
v -0.00638315 0.05070026 0.00871579
v -0.00472759 0.04712330 0.01032596
v -0.00492338 0.04731293 0.01021591
v 0.00568084 0.04754718 0.00956431
v 0.00697938 0.04489235 0.00974097
v 0.00786042 0.04361326 0.00967726
v 0.00818866 0.04407061 0.00932684
v 0.00802166 0.04448705 0.00927761
v 0.00546490 0.04880395 0.00922838
v 0.00670009 0.04653953 0.00932105
v 0.00556567 0.04847674 0.00929209
v 0.00595725 0.04929848 0.00873027
v 0.00587087 0.04955132 0.00867814
v 0.00502438 0.04938028 0.00926023
v 0.00457810 0.04993802 0.00928340
v 0.00399937 0.05081553 0.00923706
v 0.00420380 0.04952901 0.00960486
v 0.00435064 0.04915719 0.00967436
v 0.00337746 0.05165957 0.00918783
v 0.00274978 0.05104978 0.00964540
v 0.00289662 0.05217641 0.00919362
v 0.00274402 0.05302046 0.00895036
v 0.00239276 0.05267838 0.00919362
v 0.00815987 0.04163143 0.00991473
v 0.00848234 0.04361326 0.00926892
v 0.00845067 0.04388097 0.00923706
v 0.00965707 0.02019938 0.01109050
v 0.00732777 0.04311502 0.01015220
v 0.00322486 0.05202025 0.00912123
v 0.00348687 0.05277134 0.00873316
v 0.00338609 0.05302046 0.00868103
v 0.00363371 0.05342203 0.00833062
v 0.00324789 0.05352614 0.00848990
v 0.00314136 0.05384219 0.00831904
v 0.00274402 0.05391656 0.00838564
v 0.00224880 0.05397977 0.00844356
v 0.00076311 0.05412850 0.00862312
v -0.00071682 0.05454495 0.00853913
v 0.00027076 0.05445571 0.00842619
v -0.00037419 0.05477548 0.00825822
v -0.00121205 0.05432185 0.00878529
v -0.00161514 0.05377898 0.00923996
v -0.00194625 0.05376411 0.00922838
v -0.00220538 0.05373436 0.00920231
v -0.00270061 0.05365628 0.00914439
v -0.00319584 0.05331420 0.00926602
v -0.00319584 0.05356333 0.00907489
v -0.00357014 0.05381245 0.00877081
v -0.00389837 0.05374924 0.00872158
v -0.00400778 0.05429211 0.00826401
v -0.00433889 0.05421402 0.00820030
v -0.00468152 0.05412106 0.00812790
v -0.00553666 0.05336254 0.00830456
v -0.00517675 0.05314316 0.00865497
v -0.00517963 0.05401323 0.00799179
v -0.00537830 0.05423633 0.00771957
v -0.00530920 0.05369346 0.00818872
v -0.00567198 0.05389425 0.00784699
v -0.00596278 0.05379758 0.00776880
v -0.00586777 0.05322124 0.00820899
v -0.00681216 0.05317291 0.00768481
v -0.00697052 0.05284198 0.00777749
v -0.00636588 0.05269325 0.00820899
v -0.00575836 0.05252593 0.00863760
v -0.00551074 0.05252593 0.00877950
v -0.00586201 0.05212807 0.00870131
v -0.00489747 0.05219872 0.00921100
v -0.00471320 0.05203140 0.00933553
v -0.00491186 0.04976698 0.00971780
v -0.00657606 0.04361326 0.00985101
v -0.00606356 0.04311502 0.01033465
v -0.00612114 0.04456514 0.01003925
v -0.00798688 0.04608591 0.00830745
v -0.00809918 0.04509685 0.00839433
v -0.00885929 0.02019938 0.01052868
v -0.00631117 0.04311502 0.01013772
v -0.00662213 0.04311502 0.00988866
v -0.00742831 0.04302950 0.00924865
v -0.00761834 0.04316335 0.00908068
v -0.00797537 0.04311502 0.00879687
v -0.00538982 0.04624579 0.01020143
v -0.00661925 0.05153316 0.00838275
v -0.00686686 0.05153316 0.00820609
v -0.00711448 0.04853252 0.00855361
v -0.00736785 0.05211692 0.00771377
v -0.00587929 0.04969633 0.00920810
v -0.00631981 0.05103863 0.00868103
v -0.00654151 0.05203140 0.00832193
v 0.00792377 0.04481798 0.00921390
v 0.00783739 0.04509685 0.00916177
v 0.00618183 0.04805286 0.00906910
v 0.00671161 0.04903820 0.00835958
v 0.00655325 0.04945465 0.00829587
v 0.00644672 0.04978185 0.00822926
v 0.00635458 0.05004957 0.00817424
v 0.00610697 0.05004957 0.00832483
v 0.00405120 0.05187895 0.00877660
v 0.00445717 0.05026895 0.00921679
v 0.00841036 0.04163143 0.00969753
v 0.00858887 0.04262049 0.00936159
v 0.00853704 0.04311502 0.00931526
v 0.00943537 0.04189171 0.00873895
v 0.00902364 0.04311502 0.00882873
v 0.00897181 0.04347197 0.00877660
v 0.00991332 0.04331952 0.00772825
v 0.00891710 0.04380289 0.00870999
v 0.00885664 0.04410779 0.00863760
v 0.00898908 0.04745422 0.00681602
v 0.00892286 0.04877793 0.00623682
v 0.00878178 0.04859201 0.00649456
v 0.00844779 0.04585537 0.00824953
v 0.00837581 0.04519724 0.00866076
v 0.00748612 0.04888947 0.00778328
v 0.00741126 0.04922040 0.00769929
v 0.00748612 0.04790041 0.00827270
v 0.00697938 0.04885973 0.00825822
v 0.01016669 0.02019938 0.01062714
v 0.00895165 0.04146783 0.00924286
v 0.00408287 0.05291263 0.00830166
v 0.00377191 0.05305392 0.00842908
v 0.00543611 0.05123941 0.00821768
v 0.00498407 0.05180087 0.00824664
v 0.00396194 0.05323984 0.00822636
v 0.00546778 0.05326958 0.00724752
v 0.00347247 0.05375296 0.00822926
v 0.00274402 0.05416196 0.00813948
v 0.00350702 0.05426979 0.00775432
v 0.00323925 0.05431813 0.00780645
v 0.00233229 0.05471599 0.00770219
v 0.00224880 0.05422517 0.00820609
v 0.00125546 0.05434044 0.00831904
v -0.00121205 0.05457097 0.00854492
v -0.00071682 0.05479779 0.00828718
v 0.00027076 0.05470483 0.00818872
v -0.00004308 0.05473829 0.00822347
v 0.00201558 0.05525513 0.00725042
v 0.00175357 0.05528116 0.00727938
v 0.00125546 0.05532206 0.00732861
v 0.00027076 0.05518449 0.00767033
v 0.00027076 0.05540014 0.00742128
v -0.00022159 0.05522167 0.00771088
v -0.00171015 0.05429211 0.00876502
v -0.00231191 0.05423261 0.00870710
v -0.00270061 0.05419171 0.00866945
v -0.00319584 0.05439621 0.00837116
v -0.00368819 0.05434044 0.00831035
v -0.00368819 0.05458585 0.00806998
v -0.00401354 0.05478291 0.00777749
v -0.00417478 0.05450404 0.00798889
v -0.00468152 0.05439621 0.00787885
v -0.00505007 0.05431441 0.00779486
v -0.00614418 0.05350383 0.00786147
v -0.00434465 0.05471970 0.00769640
v -0.00567198 0.05438134 0.00739521
v -0.00599158 0.05430326 0.00730254
v -0.00567198 0.05414337 0.00764137
v -0.00614130 0.05399464 0.00748499
v -0.00653863 0.05386451 0.00734019
v -0.00629389 0.05365628 0.00767033
v -0.00648105 0.05332536 0.00778038
v -0.00740816 0.05326958 0.00725042
v -0.00714327 0.05301302 0.00757477
v -0.00749742 0.05302046 0.00732571
v -0.00729875 0.05252593 0.00767323
v -0.00705113 0.05252593 0.00784120
v -0.00664516 0.05252593 0.00810184
v -0.00646953 0.05236605 0.00826980
v -0.00612114 0.05199050 0.00858257
v -0.00622479 0.05153316 0.00862891
v -0.00592535 0.05179715 0.00873895
v -0.00496081 0.05186780 0.00924865
v -0.00791491 0.04392559 0.00874475
v -0.00731027 0.04707496 0.00866076
v -0.00788611 0.04974095 0.00773115
v -0.00838134 0.04478451 0.00822347
v -0.00754636 0.05054410 0.00785568
v -0.00983823 0.02019938 0.00967726
v -0.00794082 0.04361326 0.00876502
v -0.00843605 0.04410779 0.00828139
v -0.01036801 0.02019938 0.00921390
v -0.00678912 0.05203140 0.00815976
v -0.00760683 0.05252593 0.00742418
v 0.00688148 0.04919065 0.00818872
v 0.00671161 0.04959222 0.00813369
v 0.00672888 0.05005701 0.00791939
v 0.00647263 0.05081553 0.00775432
v 0.00618183 0.05052551 0.00806998
v 0.00914456 0.04163143 0.00904303
v 0.00946128 0.04163143 0.00875923
v 0.00995075 0.04148642 0.00826691
v 0.00991044 0.04181734 0.00822057
v 0.01008895 0.04212596 0.00792808
v 0.00955629 0.04262049 0.00837985
v 0.01043446 0.04291051 0.00726490
v 0.01033657 0.04212596 0.00764427
v 0.01080012 0.04212596 0.00711141
v 0.01057842 0.04309271 0.00702163
v 0.01038263 0.04323772 0.00719829
v 0.01006304 0.04361326 0.00741259
v 0.00898621 0.04447590 0.00829876
v 0.01031065 0.04361326 0.00711141
v 0.00998530 0.04499274 0.00682471
v 0.01044886 0.04392931 0.00678706
v 0.01038263 0.04426024 0.00669728
v 0.00944688 0.04736871 0.00628026
v 0.00953614 0.04754718 0.00600804
v 0.00926261 0.04903077 0.00547807
v 0.00895453 0.04935054 0.00579373
v 0.00888831 0.04968146 0.00567789
v 0.00853992 0.05000123 0.00599935
v 0.00844203 0.04980417 0.00625999
v 0.00844491 0.04882254 0.00675810
v 0.00850249 0.04856227 0.00682471
v 0.00828079 0.04856227 0.00707086
v 0.00827791 0.04955132 0.00657275
v 0.00796408 0.04983763 0.00677258
v 0.00733352 0.04955132 0.00761531
v 0.00700529 0.04989340 0.00779197
v 0.01067344 0.02019938 0.01016089
v 0.00619911 0.05100516 0.00784120
v 0.00545338 0.05225822 0.00773405
v 0.00510788 0.05252593 0.00782961
v 0.00602059 0.05238092 0.00729675
v 0.00591694 0.05270812 0.00720698
v 0.00580753 0.05302046 0.00710272
v 0.00597165 0.05327702 0.00676099
v 0.00563765 0.05344062 0.00692896
v 0.00547642 0.05377155 0.00676099
v 0.00522017 0.05363397 0.00712589
v 0.00496391 0.05375667 0.00723883
v 0.00405408 0.05382732 0.00779197
v 0.00383813 0.05415825 0.00766744
v 0.00274402 0.05465277 0.00763848
v 0.00410590 0.05434416 0.00733730
v 0.00369705 0.05441480 0.00749947
v 0.00347535 0.05475317 0.00724173
v 0.00274402 0.05488702 0.00738942
v 0.00125546 0.05484241 0.00782961
v -0.00121205 0.05480523 0.00829876
v -0.00171015 0.05477548 0.00826401
v -0.00022159 0.05542245 0.00746182
v -0.00071682 0.05503576 0.00799179
v 0.00234381 0.05520308 0.00718381
v 0.00153187 0.05575338 0.00676099
v 0.00125546 0.05577941 0.00679285
v 0.00125546 0.05557119 0.00704190
v 0.00076311 0.05535925 0.00737784
v 0.00076311 0.05582031 0.00683919
v 0.00027076 0.05564555 0.00712589
v 0.00027076 0.05584634 0.00687973
v -0.00196353 0.05475689 0.00824084
v -0.00270061 0.05444455 0.00842040
v -0.00319584 0.05464162 0.00811921
v -0.00368819 0.05482381 0.00782093
v -0.00270061 0.05582775 0.00685077
v -0.00355286 0.05528116 0.00728517
v -0.00340314 0.05573479 0.00673783
v -0.00388398 0.05523282 0.00722725
v -0.00400778 0.05626278 0.00579084
v -0.00417766 0.05606943 0.00597908
v -0.00418054 0.05491677 0.00751974
v -0.00530920 0.05470483 0.00718381
v -0.00445118 0.05575338 0.00626868
v -0.00468152 0.05483869 0.00735757
v -0.00632269 0.05419171 0.00716354
v -0.00556545 0.05482753 0.00685077
v -0.00589656 0.05474201 0.00673493
v -0.00642346 0.05476061 0.00626578
v -0.00686974 0.05373065 0.00720987
v -0.00790051 0.05326958 0.00675231
v -0.00774503 0.05302046 0.00707955
v -0.00718934 0.05363026 0.00702742
v -0.00737361 0.05373808 0.00672335
v -0.00787747 0.05374180 0.00623682
v -0.00785444 0.05252593 0.00718670
v -0.00841301 0.04445359 0.00825532
v -0.00788611 0.05220616 0.00723014
v -0.00856273 0.04461348 0.00803233
v -0.00840150 0.04685559 0.00774853
v -0.00889960 0.04390328 0.00775432
v -0.01083157 0.02019938 0.00870999
v -0.01061563 0.02019938 0.00895615
v 0.01118306 0.02019938 0.00969174
v 0.01168693 0.02019938 0.00921390
v 0.01084331 0.04163143 0.00716064
v 0.01178482 0.02019938 0.00910964
v 0.01075406 0.04264651 0.00697819
v 0.01099591 0.04212596 0.00686525
v 0.01094696 0.04249778 0.00679575
v 0.01090378 0.04282871 0.00672624
v 0.01051220 0.04361326 0.00686525
v 0.01048053 0.04460232 0.00634976
v 0.01042870 0.04486632 0.00626868
v 0.01046037 0.04543893 0.00582848
v 0.00993059 0.04980788 0.00378681
v 0.00947568 0.04941375 0.00484674
v 0.00904379 0.04953273 0.00551282
v 0.00898333 0.04990827 0.00534775
v 0.00881633 0.05006444 0.00551282
v 0.00848234 0.05037306 0.00582559
v 0.00835853 0.05013509 0.00615573
v 0.00803030 0.05044370 0.00634976
v 0.00816274 0.04998636 0.00646850
v 0.00787770 0.05016855 0.00667991
v 0.00748324 0.04986738 0.00728517
v 0.00720108 0.05004585 0.00749368
v 0.00690740 0.05022433 0.00769640
v 0.00621350 0.05253337 0.00700715
v 0.00605226 0.05302046 0.00685366
v 0.00637186 0.05203140 0.00715485
v 0.00640641 0.05268581 0.00668280
v 0.00631428 0.05304277 0.00651483
v 0.00701393 0.05336254 0.00534196
v 0.00690164 0.05369346 0.00520585
v 0.00643232 0.05373436 0.00573002
v 0.00595725 0.05375667 0.00625130
v 0.00544763 0.05424005 0.00623682
v 0.00511651 0.05437390 0.00639320
v 0.00494088 0.05423261 0.00672335
v 0.00460977 0.05436647 0.00687683
v 0.00443413 0.05422146 0.00720698
v 0.00424410 0.05402439 0.00750816
v 0.00437079 0.05469739 0.00667411
v 0.00373448 0.05469367 0.00715195
v 0.00404256 0.05477920 0.00679575
v 0.00373448 0.05484613 0.00690579
v 0.00298012 0.05524770 0.00674651
v 0.00264901 0.05531091 0.00685077
v -0.00071682 0.05524026 0.00773115
v -0.00121205 0.05524398 0.00773694
v -0.00171015 0.05567901 0.00716064
v -0.00220538 0.05586492 0.00689710
v -0.00171015 0.05523282 0.00772246
v -0.00220538 0.05541502 0.00743866
v -0.00022159 0.05566786 0.00714616
v 0.00220561 0.05536668 0.00701005
v 0.00186298 0.05570504 0.00667991
v 0.00179388 0.05818512 0.00251547
v 0.00094450 0.05622560 0.00623103
v 0.00061627 0.05626278 0.00628895
v 0.00027076 0.05609174 0.00655538
v -0.00022159 0.05585749 0.00690000
v -0.00270061 0.05468996 0.00816844
v -0.00270061 0.05515846 0.00763848
v -0.00319584 0.05486843 0.00787305
v -0.00270061 0.05537412 0.00738942
v -0.00270061 0.05561952 0.00709982
v -0.00307203 0.05577941 0.00679864
v -0.00220538 0.05566042 0.00714616
v -0.00257680 0.05626650 0.00629764
v -0.00272364 0.05610290 0.00647719
v -0.00322175 0.05592814 0.00654379
v -0.00368819 0.05587980 0.00643664
v -0.00433889 0.05620701 0.00570685
v -0.00290791 0.05623303 0.00624261
v -0.00194625 0.05818512 0.00341033
v -0.00368819 0.05669410 0.00518557
v -0.00417766 0.05635946 0.00553020
v -0.00478230 0.05568273 0.00616442
v -0.00649544 0.05431441 0.00683339
v -0.00682655 0.05419915 0.00667122
v -0.00668259 0.05403183 0.00702163
v -0.00501839 0.05579428 0.00583138
v -0.00616433 0.05540014 0.00552151
v -0.00632557 0.05519936 0.00569237
v -0.00742256 0.05476804 0.00528404
v -0.00662501 0.05448174 0.00646850
v -0.00651848 0.05531091 0.00535933
v -0.00684671 0.05521051 0.00520585
v -0.00704538 0.05386822 0.00687973
v -0.00835255 0.05370090 0.00570685
v -0.00863183 0.05349640 0.00549545
v -0.00890248 0.05328817 0.00528404
v -0.00795233 0.05302046 0.00683339
v -0.00754636 0.05387194 0.00639320
v -0.00768745 0.05403926 0.00604279
v -0.00782565 0.05420658 0.00568079
v -0.00802144 0.05387566 0.00590668
v -0.00802719 0.05252593 0.00694055
v -0.00839286 0.05127288 0.00674941
v -0.00941211 0.04746166 0.00629184
v -0.01036801 0.04430114 0.00575029
v -0.00887369 0.04869612 0.00672624
v -0.00832088 0.05004957 0.00714616
v -0.00980080 0.04361326 0.00664515
v -0.01046879 0.04311502 0.00587772
v -0.01002826 0.04311502 0.00643664
v -0.01131528 0.02019938 0.00800917
v -0.01074519 0.04262049 0.00558812
v -0.01092083 0.04262049 0.00533906
v 0.01103334 0.04163143 0.00691158
v 0.01192878 0.02019938 0.00891561
v 0.01116291 0.04212596 0.00650325
v 0.01124928 0.04163143 0.00650325
v 0.01096712 0.04311502 0.00638451
v 0.01092969 0.04341247 0.00628895
v 0.01085483 0.04311502 0.00663357
v 0.01077421 0.04359095 0.00647429
v 0.01050644 0.04505967 0.00599935
v 0.01045174 0.04691879 0.00482937
v 0.01036248 0.04667339 0.00515951
v 0.01014942 0.04955132 0.00353196
v 0.00998530 0.05000123 0.00348852
v 0.00993347 0.05030613 0.00329739
v 0.00984710 0.05013881 0.00362753
v 0.00951886 0.05045114 0.00393451
v 0.00942385 0.05028382 0.00426465
v 0.00890847 0.05023920 0.00521743
v 0.01041719 0.04780374 0.00426175
v 0.00857735 0.05054038 0.00551282
v 0.00839020 0.05070398 0.00567500
v 0.00796120 0.05131006 0.00578215
v 0.00804182 0.05103863 0.00589220
v 0.00821169 0.05057384 0.00603410
v 0.00793528 0.05077463 0.00624261
v 0.00650718 0.05235489 0.00680443
v 0.00659932 0.05203140 0.00690869
v 0.00704848 0.05054410 0.00735178
v 0.00785467 0.05103863 0.00614125
v 0.00696786 0.05229912 0.00627447
v 0.00686421 0.05263004 0.00614125
v 0.00710894 0.05300930 0.00551282
v 0.00718668 0.05348896 0.00499444
v 0.00744869 0.05277134 0.00526087
v 0.00703120 0.05384591 0.00487570
v 0.00657053 0.05387566 0.00539988
v 0.00625093 0.05405042 0.00555916
v 0.00559447 0.05437390 0.00590668
v 0.00541307 0.05470483 0.00569527
v 0.00526335 0.05454123 0.00605148
v 0.00490345 0.05470483 0.00619917
v 0.00508196 0.05483125 0.00586903
v 0.00457234 0.05480523 0.00634397
v 0.00421531 0.05487587 0.00650904
v 0.00388132 0.05521051 0.00618469
v 0.00338609 0.05570504 0.00569237
v 0.00228910 0.05565670 0.00651194
v 0.00248201 0.05573851 0.00624551
v -0.00071682 0.05567529 0.00715195
v -0.00171015 0.05586492 0.00691158
v -0.00220538 0.05611033 0.00656696
v 0.00215090 0.05580172 0.00634976
v 0.00186874 0.05818512 0.00244597
v 0.00073720 0.05818512 0.00292381
v 0.00373448 0.05616982 0.00464982
v 0.00400801 0.05625906 0.00430519
v -0.00120341 0.05818512 0.00343929
v 0.00027076 0.05627394 0.00630632
v -0.00022159 0.05610290 0.00655827
v -0.00171015 0.05611405 0.00656986
v -0.00220538 0.05628137 0.00632080
v -0.00171015 0.05818512 0.00345956
v -0.00471032 0.05614008 0.00553020
v -0.00418917 0.05662717 0.00501471
v -0.00456347 0.05629625 0.00537671
v -0.00261135 0.05818512 0.00306571
v -0.00270349 0.05818512 0.00301648
v -0.00402506 0.05677218 0.00484674
v -0.00732466 0.05420287 0.00617890
v -0.00555393 0.05581287 0.00537092
v -0.00588504 0.05572735 0.00523770
v -0.00621040 0.05567158 0.00504946
v -0.00796385 0.05431069 0.00535065
v -0.00699355 0.05531835 0.00487570
v -0.00640619 0.05574223 0.00476276
v -0.00667395 0.05542617 0.00503209
v -0.00847060 0.05384219 0.00537671
v -0.00945817 0.05335510 0.00438339
v -0.00934876 0.05310970 0.00471353
v -0.00840725 0.05280108 0.00627157
v -0.00815964 0.05402439 0.00552730
v -0.00827481 0.05252593 0.00656407
v -0.00843605 0.05252593 0.00631791
v -0.00890824 0.05186780 0.00578794
v -0.00926239 0.04905680 0.00606596
v -0.00954455 0.04760296 0.00605437
v -0.00938044 0.04779259 0.00624840
v -0.01086900 0.04333811 0.00525797
v -0.01089491 0.04301090 0.00530431
v -0.01074519 0.04315220 0.00548676
v -0.01039680 0.04397021 0.00578794
v -0.01045727 0.04509685 0.00538829
v -0.01225391 0.02019938 0.00648877
v -0.01107631 0.04262049 0.00502050
v -0.01329619 0.02019938 0.00454556
v -0.01278081 0.02019938 0.00552151
v 0.01217352 0.02019938 0.00858257
v 0.01221383 0.02019938 0.00852176
v 0.01269178 0.02019938 0.00766454
v 0.01141052 0.04132281 0.00624551
v 0.01138461 0.04163143 0.00617311
v 0.01133854 0.04213340 0.00599935
v 0.01122337 0.04262049 0.00600804
v 0.01088074 0.04374340 0.00616152
v 0.01110244 0.04311502 0.00600804
v 0.01097864 0.04359095 0.00600224
v 0.01038263 0.04866638 0.00366228
v 0.01032217 0.04904192 0.00350880
v 0.01043734 0.04886716 0.00333214
v 0.01030202 0.04955132 0.00303675
v 0.01010911 0.05004957 0.00303675
v 0.00995651 0.05035819 0.00303675
v 0.00896893 0.05232886 0.00238805
v 0.00851977 0.05239951 0.00353196
v 0.00802454 0.05289776 0.00402718
v 0.00796696 0.05281224 0.00431967
v 0.00942385 0.05078207 0.00376654
v 0.00911289 0.05106094 0.00405035
v 0.00890847 0.05074488 0.00472511
v 0.01096136 0.04500761 0.00490177
v 0.00804757 0.05200909 0.00499734
v 0.00745733 0.05328074 0.00478303
v 0.00752931 0.05190870 0.00586324
v 0.00735656 0.05257427 0.00554468
v 0.00736520 0.05362281 0.00452239
v 0.00742566 0.05373065 0.00421542
v 0.00711758 0.05393143 0.00452239
v 0.00685557 0.05418055 0.00452239
v 0.00651582 0.05430326 0.00484964
v 0.00640065 0.05420287 0.00517978
v 0.00606954 0.05435160 0.00538540
v 0.00554840 0.05481638 0.00536802
v 0.00520001 0.05498742 0.00549255
v 0.00498983 0.05525885 0.00528404
v 0.00472494 0.05517333 0.00563156
v 0.00422971 0.05567529 0.00514503
v 0.00376615 0.05592070 0.00505526
v 0.00223152 0.05818512 0.00208976
v 0.00422971 0.05582031 0.00489598
v 0.00449748 0.05576082 0.00479462
v 0.00458673 0.05581659 0.00452239
v 0.00410014 0.05631484 0.00402718
v -0.00156043 0.05818512 0.00346246
v -0.00022159 0.05627765 0.00631212
v -0.00071682 0.05628137 0.00631501
v -0.00171015 0.05628137 0.00632080
v -0.00489171 0.05622188 0.00522901
v -0.00349240 0.05818512 0.00248362
v -0.00806174 0.05439621 0.00502050
v -0.00830936 0.05418427 0.00502050
v -0.00732466 0.05518449 0.00462954
v -0.00667971 0.05566786 0.00456873
v -0.00715767 0.05537783 0.00449054
v -0.00407688 0.05818512 0.00193338
v -0.00863759 0.05390168 0.00496838
v -0.00889385 0.05376411 0.00477145
v -0.00955031 0.05345549 0.00402718
v -0.00986415 0.05318034 0.00372600
v -0.00978065 0.05302046 0.00400111
v -0.00949561 0.05297584 0.00453977
v -0.00938907 0.05277877 0.00477434
v -0.00884490 0.05252593 0.00568948
v -0.00930270 0.05203140 0.00513634
v -0.00987854 0.05027638 0.00476566
v -0.01098993 0.04315220 0.00506105
v -0.01036513 0.04774425 0.00474538
v -0.01038529 0.04885601 0.00429361
v -0.01137574 0.04291795 0.00429361
v -0.01371656 0.02019938 0.00355513
v -0.01183354 0.04311502 0.00321341
v -0.01194008 0.04311502 0.00296435
v 0.01318125 0.02019938 0.00666253
v 0.01191151 0.04042299 0.00527825
v 0.01366784 0.02019938 0.00565473
v 0.01416307 0.02019938 0.00455425
v 0.01240962 0.04141949 0.00330897
v 0.01230884 0.04160168 0.00349721
v 0.01143355 0.04197351 0.00582559
v 0.01222535 0.04014412 0.00452239
v 0.01241537 0.04045274 0.00381288
v 0.01243841 0.04113318 0.00338427
v 0.01167541 0.04212596 0.00502050
v 0.01189423 0.04231931 0.00423569
v 0.01126656 0.04311502 0.00551282
v 0.01058706 0.04806774 0.00353196
v 0.01238658 0.04231187 0.00274136
v 0.01141628 0.04585166 0.00280218
v 0.01042006 0.04929848 0.00276163
v 0.01036248 0.04952901 0.00257629
v 0.01016093 0.05004957 0.00254443
v 0.00998530 0.05041768 0.00254443
v 0.00986149 0.05066308 0.00254443
v 0.00966282 0.05103863 0.00254443
v 0.00947855 0.05137327 0.00254443
v 0.00851977 0.05340716 0.00155111
v 0.00848234 0.05334023 0.00192759
v 0.00842763 0.05324727 0.00225773
v 0.00879905 0.05250734 0.00254733
v 0.00792377 0.05323240 0.00371441
v 0.00793241 0.05374552 0.00275294
v 0.00748612 0.05380873 0.00388238
v 0.00721260 0.05402439 0.00405614
v 0.00693043 0.05424005 0.00422700
v 0.00661084 0.05437390 0.00452239
v 0.00571539 0.05486843 0.00497417
v 0.00587951 0.05468252 0.00510738
v 0.00531806 0.05514358 0.00502050
v 0.00472494 0.05531835 0.00538540
v 0.00507045 0.05531463 0.00502050
v 0.00497543 0.05624419 0.00279638
v 0.00504453 0.05628509 0.00254443
v 0.00228910 0.05818512 0.00197392
v 0.00493224 0.05571991 0.00421252
v 0.00471630 0.05611777 0.00354644
v 0.00487466 0.05618098 0.00312653
v -0.00785732 0.05471970 0.00469615
v -0.00795233 0.05479779 0.00436601
v -0.00838422 0.05424749 0.00474828
v -0.00742256 0.05526257 0.00429940
v -0.00685535 0.05571248 0.00417777
v -0.00750029 0.05532206 0.00402718
v -0.00713175 0.05558606 0.00401849
v -0.00766729 0.05540758 0.00352617
v -0.00460954 0.05818512 0.00103562
v -0.00907812 0.05393887 0.00402718
v -0.00938619 0.05376411 0.00377812
v -0.00932573 0.05370090 0.00402718
v -0.00965396 0.05354102 0.00358699
v -0.00991885 0.05331420 0.00339585
v -0.01036513 0.05323240 0.00225483
v -0.01041408 0.05290519 0.00238805
v -0.01035362 0.05263004 0.00272109
v -0.00989870 0.05285314 0.00381867
v -0.00982096 0.05252593 0.00413723
v -0.00985839 0.05215039 0.00422121
v -0.00988718 0.05181946 0.00428782
v -0.00959926 0.05252593 0.00452239
v -0.01145636 0.04309642 0.00405324
v -0.01032770 0.04955132 0.00416039
v -0.01136135 0.04578844 0.00326553
v -0.01380006 0.02019938 0.00331187
v -0.01189977 0.04361326 0.00287457
v -0.01208404 0.04311502 0.00254443
v 0.01240962 0.03944881 0.00429361
v 0.01238658 0.03977974 0.00422411
v 0.01418034 0.02019938 0.00451370
v 0.01262268 0.04163143 0.00254443
v 0.01255358 0.04113318 0.00303675
v 0.01237507 0.04175041 0.00320472
v 0.01270906 0.04113318 0.00254443
v 0.01243841 0.04014412 0.00389107
v 0.01242977 0.04198095 0.00287457
v 0.01249023 0.04213711 0.00256181
v 0.01243841 0.04249778 0.00240832
v 0.01239234 0.04283243 0.00217085
v 0.01081452 0.04856227 0.00105589
v 0.01061585 0.04905680 0.00155111
v 0.01185968 0.04468412 0.00204632
v 0.01045461 0.04940259 0.00204632
v 0.01048341 0.04945093 0.00155111
v 0.01036536 0.04964800 0.00204632
v 0.01050356 0.04948068 0.00105589
v 0.01018685 0.05004957 0.00204632
v 0.00942385 0.05177112 0.00066204
v 0.00896317 0.05282711 -0.00042975
v 0.00939794 0.05171535 0.00155111
v 0.01023579 0.05004957 0.00105589
v 0.00889695 0.05269697 0.00155111
v 0.00872707 0.05302046 0.00155111
v 0.00853992 0.05344434 0.00105589
v 0.00839308 0.05369346 0.00105589
v 0.00836717 0.05365628 0.00155111
v 0.00831822 0.05351127 0.00207239
v 0.00798711 0.05381245 0.00242280
v 0.00754659 0.05387566 0.00353196
v 0.00731625 0.05412478 0.00353196
v 0.00699953 0.05430326 0.00389686
v 0.00695059 0.05475317 0.00277901
v 0.00653022 0.05481266 0.00353196
v 0.00646687 0.05476432 0.00380129
v 0.00600620 0.05528488 0.00336979
v 0.00592270 0.05521795 0.00370283
v 0.00545914 0.05573851 0.00326843
v 0.00541595 0.05521051 0.00467588
v 0.00513379 0.05585377 0.00353196
v 0.00503302 0.05578313 0.00388238
v 0.00521729 0.05599135 0.00303385
v 0.00529215 0.05612520 0.00254443
v 0.00274402 0.05818512 0.00089951
v 0.00446869 0.05673128 0.00224904
v -0.00784580 0.05520308 0.00368545
v -0.00793794 0.05528116 0.00335241
v -0.00836982 0.05473086 0.00372889
v -0.00881323 0.05418427 0.00402718
v -0.00826905 0.05513987 0.00303675
v -0.00728435 0.05567158 0.00353196
v -0.00802144 0.05535181 0.00303675
v -0.00763850 0.05561580 0.00305123
v -0.00512205 0.05818512 0.00005967
v -0.00780837 0.05569017 0.00254443
v -0.00845332 0.05480523 0.00339875
v -0.00934300 0.05421402 0.00266317
v -0.00944378 0.05382360 0.00344798
v -0.00976049 0.05363397 0.00303675
v -0.00835543 0.05521051 0.00268344
v -0.00841589 0.05527001 0.00235330
v -0.01041696 0.05331420 0.00192759
v -0.00997932 0.05338485 0.00303675
v -0.01048030 0.05305021 0.00207239
v -0.01062138 0.05252593 0.00204632
v -0.01080278 0.05155546 0.00203184
v -0.01061563 0.05153316 0.00254443
v -0.01136999 0.04782605 0.00229827
v -0.01136711 0.04682212 0.00278480
v -0.01027012 0.05148482 0.00348563
v -0.01187385 0.04391816 0.00281376
v -0.01037377 0.05028010 0.00377233
v -0.01004842 0.05153316 0.00402718
v -0.01040256 0.04994546 0.00383894
v -0.01387780 0.02019938 0.00304544
v -0.01200342 0.04361326 0.00254443
v -0.01188825 0.04460232 0.00237936
v -0.01186522 0.04486632 0.00230406
v -0.01220209 0.04311502 0.00204632
v -0.01225679 0.04262049 0.00204632
v 0.01275800 0.04063866 0.00254443
v 0.01420050 0.02019938 0.00445579
v 0.01433870 0.02019938 0.00403587
v 0.01272633 0.04163143 0.00204632
v 0.01280695 0.04113318 0.00204632
v 0.01260252 0.04212596 0.00204632
v 0.01245856 0.04264651 0.00202315
v 0.01240674 0.04288448 0.00184071
v 0.01142492 0.04637221 0.00141500
v 0.01066192 0.04905680 0.00105589
v 0.01091529 0.04830942 0.00075471
v 0.01069359 0.04905680 0.00056068
v 0.01051508 0.04950670 0.00056068
v 0.01039991 0.04975211 0.00056068
v 0.00943249 0.05178600 0.00033190
v 0.00911001 0.05252593 -0.00042975
v 0.00896893 0.05283455 -0.00092207
v 0.00883073 0.05307252 -0.00042975
v 0.00881921 0.05304277 0.00006546
v 0.00882497 0.05297584 0.00052882
v 0.00894878 0.05279365 0.00006546
v 0.00891422 0.05273043 0.00105589
v 0.01025883 0.05004957 0.00056068
v 0.00876450 0.05302046 0.00105589
v 0.00839596 0.05370090 0.00056068
v 0.00795256 0.05426979 0.00006546
v 0.00794968 0.05426236 0.00036086
v 0.00814547 0.05397977 0.00105589
v 0.00811956 0.05394630 0.00155111
v 0.00857160 0.05345921 0.00006546
v 0.00858311 0.05346293 -0.00042975
v 0.00805045 0.05388309 0.00204632
v 0.00740551 0.05421402 0.00303675
v 0.00701681 0.05481266 0.00245176
v 0.00648703 0.05527373 0.00235909
v 0.00588815 0.05568273 0.00254443
v 0.00664539 0.05490190 0.00303675
v 0.00564053 0.05587608 0.00254443
v 0.00554264 0.05580172 0.00293829
v 0.00595149 0.05573479 0.00222587
v 0.00537852 0.05618098 0.00204632
v 0.00280737 0.05818512 0.00055778
v -0.00817404 0.05541502 0.00252706
v -0.00563167 0.05818512 -0.00091917
v -0.00788611 0.05573479 0.00224325
v -0.00929694 0.05466393 0.00155111
v -0.00961653 0.05399092 0.00248362
v -0.00982960 0.05370834 0.00263131
v -0.00846772 0.05530719 0.00204632
v -0.00941211 0.05477920 0.00088793
v -0.00935452 0.05472342 0.00121517
v -0.01045727 0.05336998 0.00155111
v -0.01061851 0.05302046 0.00155111
v -0.00978065 0.05415081 0.00155111
v -0.01000523 0.05390168 0.00155111
v -0.01025284 0.05361910 0.00155111
v -0.01074807 0.05252593 0.00155111
v -0.01086612 0.05173394 0.00174803
v -0.01089203 0.05140301 0.00185519
v -0.01184506 0.04425280 0.00272688
v -0.01390371 0.02019938 0.00294697
v -0.01183930 0.04519724 0.00217664
v -0.01196311 0.04460232 0.00204632
v -0.01230862 0.04311502 0.00153952
v -0.01248425 0.04262049 0.00105589
v -0.01239499 0.04262049 0.00144975
v -0.01252744 0.04212596 0.00105589
v 0.01469861 0.02019938 0.00264579
v 0.01482817 0.02019938 0.00205791
v 0.01275800 0.04163143 0.00155111
v 0.01285878 0.04108856 0.00151056
v 0.01288757 0.04073161 0.00164957
v 0.01289909 0.04089521 0.00131943
v 0.01489727 0.02019938 0.00155111
v 0.01262844 0.04212596 0.00155111
v 0.01234339 0.04315220 0.00155111
v 0.01085771 0.04859573 0.00006546
v 0.01071087 0.04905680 0.00006546
v 0.01052372 0.04952158 0.00006546
v 0.00992771 0.05079322 -0.00015753
v 0.00933459 0.05207602 -0.00092207
v 0.00895453 0.05281224 -0.00128696
v 0.00882497 0.05307995 -0.00092207
v 0.00993347 0.05080809 -0.00126959
v 0.00932308 0.05205371 -0.00141439
v 0.00839596 0.05370834 0.00006546
v 0.00795544 0.05427351 -0.00042975
v 0.00750628 0.05481266 -0.00092207
v 0.00791225 0.05422889 0.00105589
v 0.00748900 0.05479035 -0.00042975
v 0.00788346 0.05419543 0.00155111
v 0.00782011 0.05412850 0.00204632
v 0.00858023 0.05344806 -0.00092207
v 0.00839596 0.05370834 -0.00042975
v 0.00744869 0.05425864 0.00278480
v 0.00708303 0.05486843 0.00204632
v 0.00678647 0.05511755 0.00204632
v 0.00750340 0.05431813 0.00245466
v 0.00733065 0.05463418 0.00204632
v 0.00598028 0.05576082 0.00189573
v 0.00575858 0.05590211 0.00205501
v 0.00653886 0.05531091 0.00204632
v 0.00683830 0.05516217 0.00155111
v 0.00659068 0.05535181 0.00155111
v 0.00601196 0.05577941 0.00155111
v 0.00571539 0.05599507 0.00155111
v 0.00284480 0.05818512 0.00006546
v 0.00581617 0.05614008 -0.00042975
v -0.00580155 0.05818512 -0.00141149
v -0.00853394 0.05535925 0.00155111
v -0.00953303 0.05441480 0.00155111
v -0.00884490 0.05521051 0.00105589
v -0.00891976 0.05527373 0.00043326
v -0.00943514 0.05480523 0.00056068
v -0.00988142 0.05425864 0.00069679
v -0.00984975 0.05422517 0.00105589
v -0.01047742 0.05341088 0.00105589
v -0.01004842 0.05397977 0.00105589
v -0.01029603 0.05365628 0.00105589
v -0.01065306 0.05302046 0.00105589
v -0.01078262 0.05252593 0.00105589
v -0.01088915 0.05187152 0.00141789
v -0.01083733 0.05203512 0.00156848
v -0.01092370 0.05155546 0.00156848
v -0.01136135 0.04927617 0.00124124
v -0.01139014 0.04894524 0.00140920
v -0.01133544 0.04908654 0.00156559
v -0.01399297 0.02019938 0.00254443
v -0.01232301 0.04363557 0.00106458
v -0.01240651 0.04311502 0.00106458
v -0.01257639 0.04262049 0.00056068
v -0.01263109 0.04212596 0.00056068
v 0.01285878 0.04116293 0.00105589
v 0.01286453 0.04118896 0.00056068
v 0.01277816 0.04163143 0.00056068
v 0.01268314 0.04212596 -0.00042975
v 0.01265723 0.04212596 0.00056068
v 0.01296819 0.04063866 0.00006546
v 0.01290197 0.04091380 0.00105589
v 0.01492319 0.02019938 0.00115725
v 0.01301713 0.04014412 0.00056068
v 0.01304593 0.04014412 0.00006546
v 0.01235203 0.04317822 0.00105589
v 0.01094121 0.04840610 -0.00092207
v 0.01087210 0.04865150 -0.00092207
v 0.01073390 0.04905680 -0.00092207
v 0.01052948 0.04954017 -0.00092207
v 0.01041431 0.04978929 -0.00092207
v 0.00945264 0.05182690 -0.00092207
v 0.00892862 0.05276018 -0.00161711
v 0.00880769 0.05299071 -0.00143755
v 0.00853704 0.05339972 -0.00141439
v 0.00941809 0.05175625 -0.00200517
v 0.00939794 0.05171907 -0.00240771
v 0.00949871 0.05140673 -0.00290292
v 0.00983270 0.05099773 -0.00142597
v 0.01052948 0.04953645 -0.00141439
v 0.01051508 0.04950298 -0.00190960
v 0.01025307 0.05004957 -0.00190960
v 0.01021276 0.05004957 -0.00240771
v 0.00987013 0.05067424 -0.00290292
v 0.00816274 0.05400952 -0.00042975
v 0.00795256 0.05426979 -0.00092207
v 0.00775677 0.05451520 -0.00092207
v 0.00748612 0.05479035 -0.00141439
v 0.00696498 0.05525885 -0.00120877
v 0.00721260 0.05505807 -0.00092207
v 0.00695922 0.05525513 -0.00062957
v 0.00715501 0.05507666 -0.00045002
v 0.00743430 0.05474201 0.00056068
v 0.00738247 0.05468996 0.00155111
v 0.00763584 0.05444083 0.00155111
v 0.00687285 0.05518449 0.00105589
v 0.00713486 0.05491305 0.00155111
v 0.00757538 0.05438506 0.00204632
v 0.00794680 0.05426236 -0.00117981
v 0.00625957 0.05559721 0.00155111
v 0.00662523 0.05537783 0.00105589
v 0.00629700 0.05562696 0.00105589
v 0.00608682 0.05583518 0.00056068
v 0.00291966 0.05818512 -0.00092207
v 0.00611849 0.05586492 0.00006546
v 0.00614728 0.05589095 -0.00042975
v 0.00615880 0.05589467 -0.00092207
v 0.00582481 0.05614379 -0.00092207
v -0.00606931 0.05818512 -0.00292899
v -0.00614418 0.05818512 -0.00339524
v -0.00618448 0.05818512 -0.00366167
v -0.00943802 0.05480894 0.00006546
v -0.00972306 0.05445942 0.00054330
v -0.00620752 0.05818512 -0.00389625
v -0.00623631 0.05818512 -0.00438278
v -0.00988430 0.05426236 0.00036954
v -0.01047742 0.05341831 0.00006546
v -0.01030467 0.05366372 0.00056068
v -0.01031043 0.05366743 -0.00042975
v -0.01047742 0.05342203 -0.00092207
v -0.01065306 0.05302046 0.00056068
v -0.01065018 0.05302046 -0.00042975
v -0.01064730 0.05302046 -0.00092207
v -0.01076535 0.05252593 -0.00092207
v -0.01125482 0.05004957 -0.00092207
v -0.01203797 0.04608591 -0.00092207
v -0.01116844 0.05054410 0.00056068
v -0.01089779 0.05191985 0.00105589
v -0.01106479 0.05103863 0.00105589
v -0.01115692 0.05054410 0.00105589
v -0.01206964 0.04559138 0.00056068
v -0.01223952 0.04460232 0.00056068
v -0.01188249 0.04644658 0.00091978
v -0.01235181 0.04381777 0.00074602
v -0.01237772 0.04348684 0.00090530
v -0.01407071 0.02019938 0.00204922
v -0.01262821 0.04262049 0.00006546
v -0.01268292 0.04212596 0.00006546
v -0.01418300 0.02019938 0.00107037
v -0.01413117 0.02019938 0.00155111
v -0.01407935 0.02019938 0.00198840
v 0.01280407 0.04163143 -0.00092207
v 0.01290772 0.04093983 0.00056068
v 0.01269178 0.04212596 -0.00092207
v 0.01255934 0.04262049 -0.00092207
v 0.01244705 0.04302578 -0.00092207
v 0.01297395 0.04063866 -0.00042975
v 0.01305456 0.04014412 -0.00042975
v 0.01492895 0.02019938 0.00105589
v 0.01494334 0.02019938 0.00064756
v 0.01496062 0.02019938 0.00014076
v 0.01497501 0.02019938 -0.00042975
v 0.01498365 0.02019938 -0.00086994
v 0.01501244 0.02019938 -0.00237296
v 0.01146811 0.04653210 -0.00092207
v 0.01103622 0.04806774 -0.00141439
v 0.01087210 0.04864778 -0.00141439
v 0.01073390 0.04905680 -0.00141439
v 0.00889119 0.05270812 -0.00190960
v 0.00867813 0.05302046 -0.00190960
v 0.00946416 0.05134353 -0.00329678
v 0.00942673 0.05128031 -0.00362982
v 0.00844203 0.05326958 -0.00216445
v 0.00790937 0.05371577 -0.00301008
v 0.00746021 0.05427351 -0.00319542
v 0.00835277 0.05364884 -0.00141439
v 0.00984710 0.05062962 -0.00339524
v 0.00994787 0.05033959 -0.00379199
v 0.00982694 0.05052179 -0.00393100
v 0.01068783 0.04905680 -0.00190960
v 0.01047765 0.04944349 -0.00240771
v 0.00996802 0.05038050 -0.00339524
v 0.00700241 0.05480151 -0.00339524
v 0.00715789 0.05506550 -0.00139122
v 0.00745445 0.05476061 -0.00168371
v 0.00640641 0.05570504 -0.00092207
v 0.00696498 0.05525885 -0.00092207
v 0.00681526 0.05514730 -0.00240771
v 0.00225743 0.05818512 -0.00511546
v 0.00612137 0.05586492 -0.00141439
v 0.00639777 0.05569389 -0.00042975
v 0.00674904 0.05541130 -0.00045002
v 0.00636610 0.05567529 0.00006546
v 0.00292254 0.05818512 -0.00106976
v 0.00283904 0.05818512 -0.00240771
v 0.00287359 0.05818512 -0.00209205
v 0.00289086 0.05818512 -0.00190960
v 0.00292542 0.05818512 -0.00141439
v -0.00983248 0.05419915 -0.00240771
v -0.00984687 0.05421402 -0.00190960
v -0.00988430 0.05426236 -0.00020965
v -0.00968563 0.05450776 0.00006546
v -0.00619312 0.05818512 -0.00488378
v -0.01030755 0.05367115 -0.00092207
v -0.01047742 0.05341831 -0.00141439
v -0.01064154 0.05302046 -0.00141439
v -0.01075095 0.05252593 -0.00141439
v -0.01083733 0.05209461 -0.00141439
v -0.01094962 0.05153316 -0.00141439
v -0.01236620 0.04438666 -0.00131303
v -0.01236620 0.04438666 -0.00102053
v -0.01187385 0.04687418 -0.00003010
v -0.01153986 0.04856227 0.00056068
v -0.01250440 0.04361326 -0.00092207
v -0.01259078 0.04311502 -0.00092207
v -0.01265125 0.04262049 -0.00042975
v -0.01266276 0.04262049 -0.00092207
v -0.01269443 0.04212596 -0.00042975
v -0.01440182 0.02019938 -0.00190960
v -0.01437303 0.02019938 -0.00141439
v -0.01435000 0.02019938 -0.00105239
v -0.01428089 0.02019938 -0.00007354
v -0.01424634 0.02019938 0.00035217
v 0.01278680 0.04163143 -0.00141439
v 0.01269178 0.04212596 -0.00141439
v 0.01291060 0.04096586 -0.00092207
v 0.01256222 0.04262049 -0.00141439
v 0.01302001 0.04014412 -0.00092207
v 0.01290484 0.04092868 -0.00120587
v 0.01501244 0.02019938 -0.00240481
v 0.01498941 0.02019938 -0.00285080
v 0.01498653 0.02019938 -0.00290003
v 0.01092969 0.04836148 -0.00173005
v 0.01191439 0.04488119 -0.00170399
v 0.00851977 0.05288660 -0.00290292
v 0.00855432 0.05303533 -0.00236137
v 0.00955341 0.05097542 -0.00389046
v 0.00938642 0.05122454 -0.00389046
v 0.00842763 0.05275646 -0.00359796
v 0.00830959 0.05299815 -0.00341841
v 0.00839884 0.05321009 -0.00249459
v 0.00803606 0.05339600 -0.00339524
v 0.00758690 0.05403554 -0.00337497
v 0.00741990 0.05421402 -0.00352267
v 0.00696786 0.05476804 -0.00367905
v 0.00749476 0.05432185 -0.00290292
v 0.00755522 0.05439993 -0.00240771
v 0.00992484 0.05028754 -0.00412214
v 0.01060434 0.04905680 -0.00240771
v 0.00177948 0.05818512 -0.00656056
v 0.00273251 0.05818512 -0.00292899
v -0.00980080 0.05415081 -0.00290292
v -0.01001675 0.05395002 -0.00240771
v -0.01004266 0.05396862 -0.00190960
v -0.01029891 0.05366372 -0.00141439
v -0.00604916 0.05818512 -0.00539348
v -0.00935164 0.05421774 -0.00450441
v -0.00953303 0.05403554 -0.00435671
v -0.00949848 0.05439621 -0.00339524
v -0.01044863 0.05338485 -0.00190960
v -0.01029027 0.05363026 -0.00190960
v -0.01057820 0.05302046 -0.00190960
v -0.01087764 0.05180831 -0.00169240
v -0.01186522 0.04683699 -0.00166923
v -0.01235756 0.04435320 -0.00164317
v -0.01232301 0.04457257 -0.00145493
v -0.01251016 0.04361326 -0.00141439
v -0.01260230 0.04311502 -0.00141439
v -0.01240363 0.04415613 -0.00088152
v -0.01266852 0.04262049 -0.00141439
v -0.01438742 0.02019938 -0.00240481
v 0.01271194 0.04163143 -0.00190960
v 0.01262268 0.04212596 -0.00190960
v 0.01285590 0.04111087 -0.00138832
v 0.01277816 0.04113318 -0.00190960
v 0.01243265 0.04297372 -0.00178797
v 0.01492607 0.02019938 -0.00329388
v 0.01097864 0.04807889 -0.00190091
v 0.01196045 0.04460232 -0.00188643
v 0.00949295 0.05087874 -0.00427852
v 0.00798423 0.05332536 -0.00374276
v 0.00753219 0.05387566 -0.00389046
v 0.00708303 0.05450776 -0.00386439
v 0.00701969 0.05434416 -0.00425825
v 0.00687861 0.05467508 -0.00400630
v 0.00986437 0.05009419 -0.00440015
v 0.00944400 0.05032472 -0.00516180
v 0.00950735 0.05042883 -0.00488378
v 0.00961964 0.05058500 -0.00442042
v 0.01065040 0.04856227 -0.00290292
v 0.01095848 0.04746910 -0.00290292
v 0.01042582 0.04882626 -0.00366457
v 0.01038551 0.04866266 -0.00399471
v 0.01056690 0.04757321 -0.00438857
v 0.01147386 0.04311130 -0.00537320
v 0.01138749 0.04327118 -0.00553248
v 0.01092969 0.04538687 -0.00516180
v 0.01042582 0.04783721 -0.00464631
v 0.01090953 0.04482542 -0.00560488
v 0.00654749 0.05483869 -0.00427852
v 0.00644384 0.05473829 -0.00461156
v 0.00596301 0.05425864 -0.00612037
v 0.00163840 0.05818512 -0.00675459
v -0.00974610 0.05407273 -0.00339524
v -0.00989006 0.05377527 -0.00367905
v -0.00997068 0.05390168 -0.00290292
v -0.00576412 0.05818512 -0.00586552
v -0.00942075 0.05380873 -0.00518207
v -0.00948409 0.05389053 -0.00488378
v -0.01040832 0.05332907 -0.00227739
v -0.01068473 0.05252593 -0.00190960
v -0.01036513 0.05321753 -0.00260753
v -0.01044863 0.05303905 -0.00242798
v -0.01067609 0.05203140 -0.00240771
v -0.01088052 0.05132865 -0.00219341
v -0.01084597 0.05165957 -0.00201965
v -0.01090355 0.05151085 -0.00187774
v -0.01109070 0.05054410 -0.00190960
v -0.01238636 0.04398881 -0.00190960
v -0.01255623 0.04311502 -0.00190960
v -0.01261670 0.04262049 -0.00190960
v -0.01432408 0.02019938 -0.00290582
v 0.01259389 0.04163143 -0.00240771
v 0.01274649 0.04063866 -0.00240771
v 0.01271481 0.04014412 -0.00290292
v 0.01267739 0.04113318 -0.00240771
v 0.01242977 0.04200326 -0.00276102
v 0.01239522 0.04233418 -0.00261622
v 0.01243841 0.04250150 -0.00228608
v 0.01239522 0.04283243 -0.00211811
v 0.01248448 0.04265023 -0.00193566
v 0.01280695 0.04014412 -0.00240771
v 0.01490591 0.02019938 -0.00339524
v 0.00942097 0.05077463 -0.00460866
v 0.00931444 0.05104234 -0.00442042
v 0.00802454 0.05288289 -0.00438857
v 0.00791801 0.05322868 -0.00407290
v 0.00892862 0.05177112 -0.00412214
v 0.00747173 0.05379014 -0.00418295
v 0.00649567 0.05430326 -0.00519365
v 0.00739111 0.05368603 -0.00451599
v 0.00742854 0.05324355 -0.00508940
v 0.00683542 0.05411735 -0.00488378
v 0.01007456 0.04861060 -0.00493012
v 0.00949007 0.05004957 -0.00526026
v 0.00888831 0.05014252 -0.00651712
v 0.00896605 0.05035075 -0.00618698
v 0.00886528 0.05068167 -0.00596399
v 0.01083755 0.04705637 -0.00387019
v 0.01193454 0.04247547 -0.00423798
v 0.01159767 0.04262049 -0.00537900
v 0.01143068 0.04294026 -0.00567439
v 0.01130687 0.04311130 -0.00585104
v 0.01115139 0.04361326 -0.00587131
v 0.01095848 0.04449449 -0.00571783
v 0.00639489 0.05418427 -0.00552380
v 0.00643232 0.05373436 -0.00607983
v 0.00739111 0.05221731 -0.00653739
v 0.00753507 0.05188639 -0.00671405
v 0.00801878 0.05087131 -0.00717741
v 0.00125546 0.05818512 -0.00693414
v 0.00750628 0.05085271 -0.00765814
v 0.00645248 0.05028754 -0.00908876
v 0.00593997 0.05026523 -0.00956949
v 0.00545338 0.05077463 -0.00957529
v 0.00493512 0.05125800 -0.00956949
v 0.00439383 0.05173022 -0.00955212
v 0.00343216 0.05323240 -0.00906849
v 0.00265765 0.05439993 -0.00868911
v -0.00985263 0.05368975 -0.00400919
v -0.00551650 0.05818512 -0.00620435
v -0.00842453 0.05379758 -0.00664454
v -0.00898022 0.05387566 -0.00575258
v -0.00886505 0.05370834 -0.00608272
v -0.00948409 0.05351499 -0.00528053
v -0.00967124 0.05351499 -0.00488378
v -0.00981808 0.05352242 -0.00441174
v -0.00991309 0.05335882 -0.00426114
v -0.00986990 0.05322124 -0.00459418
v -0.01033058 0.05303905 -0.00291161
v -0.01054077 0.05153316 -0.00339524
v -0.01119147 0.04856227 -0.00339524
v -0.01087764 0.05081181 -0.00267125
v -0.01079702 0.05151085 -0.00237585
v -0.01184506 0.04426768 -0.00454495
v -0.01191416 0.04410407 -0.00438278
v -0.01184794 0.04476592 -0.00404684
v -0.01134695 0.04821275 -0.00303614
v -0.01119723 0.04955132 -0.00240771
v -0.01207828 0.04509685 -0.00240771
v -0.01246985 0.04311502 -0.00240771
v -0.01236620 0.04291051 -0.00319542
v -0.01253032 0.04262049 -0.00240771
v -0.01423770 0.02019938 -0.00339524
v 0.01207274 0.04163143 -0.00438857
v 0.01238658 0.04178760 -0.00308827
v 0.01263708 0.04063866 -0.00290292
v 0.01255070 0.04113318 -0.00290292
v 0.01258813 0.04014412 -0.00339524
v 0.01483393 0.02019938 -0.00372539
v 0.01476195 0.02019938 -0.00402657
v 0.01192590 0.04196607 -0.00470713
v 0.01210730 0.04212596 -0.00389046
v 0.01189135 0.04229328 -0.00457102
v 0.00894014 0.05079694 -0.00563384
v 0.00899772 0.05087874 -0.00537900
v 0.00758114 0.05352242 -0.00436250
v 0.00852553 0.05091220 -0.00636653
v 0.00653310 0.05385335 -0.00574968
v 0.00845931 0.05081925 -0.00665323
v 0.00796408 0.05180831 -0.00615512
v 0.00786618 0.05168932 -0.00648526
v 0.00750052 0.05234002 -0.00620725
v 0.00689876 0.05320265 -0.00603059
v 0.00986437 0.04861060 -0.00539348
v 0.00942097 0.04827596 -0.00659242
v 0.00894014 0.04981532 -0.00662427
v 0.00847658 0.05035447 -0.00715134
v 0.00878466 0.05000867 -0.00681830
v 0.00854280 0.05052922 -0.00683568
v 0.00877890 0.05052551 -0.00635784
v 0.01171572 0.04212596 -0.00537900
v 0.01147386 0.04262049 -0.00577575
v 0.01140764 0.04235277 -0.00610879
v 0.01137021 0.04262049 -0.00602480
v 0.01093257 0.04391444 -0.00615223
v 0.01088362 0.04424165 -0.00604797
v 0.00992484 0.04732037 -0.00611747
v 0.00800439 0.05135840 -0.00669378
v 0.00834701 0.05068539 -0.00698337
v 0.00816562 0.05051435 -0.00733089
v 0.00783739 0.05067424 -0.00750755
v 0.00080342 0.05818512 -0.00713107
v 0.00696498 0.05030985 -0.00860513
v 0.00604939 0.04993430 -0.00966796
v 0.00572979 0.05007188 -0.00985040
v 0.00560886 0.05044742 -0.00970560
v 0.00512227 0.05093080 -0.00967665
v 0.00533821 0.05020574 -0.01003285
v 0.00406271 0.05183433 -0.00961583
v 0.00310393 0.05335510 -0.00913799
v 0.00500710 0.05031729 -0.01009367
v 0.00285631 0.05368603 -0.00904532
v -0.00791491 0.05377527 -0.00712238
v -0.00456923 0.05818512 -0.00673722
v -0.00647241 0.05333279 -0.00863988
v -0.00699067 0.05336998 -0.00817652
v -0.00824602 0.05351499 -0.00697758
v -0.00849075 0.05351499 -0.00672853
v -0.00875564 0.05353358 -0.00636074
v -0.00931997 0.05351499 -0.00552669
v -0.00893703 0.05337741 -0.00618987
v -0.00937468 0.05322124 -0.00560778
v -0.00954167 0.05304277 -0.00541664
v -0.00984975 0.05263004 -0.00504306
v -0.00981520 0.05303905 -0.00488089
v -0.00990734 0.05289032 -0.00471002
v -0.01038241 0.05081553 -0.00465210
v -0.01085748 0.04874074 -0.00457391
v -0.01139878 0.04653210 -0.00435092
v -0.00995628 0.05303905 -0.00441174
v -0.01187961 0.04393675 -0.00468396
v -0.01201206 0.04361326 -0.00438857
v -0.01220209 0.04311502 -0.00389046
v -0.01229998 0.04309271 -0.00337497
v -0.01210995 0.04311502 -0.00438857
v -0.01217041 0.04262049 -0.00438857
v -0.01386628 0.02019938 -0.00537610
v 0.01188272 0.04172810 -0.00503727
v 0.01248735 0.04068327 -0.00344158
v 0.01242977 0.04054942 -0.00374276
v 0.01246144 0.04014412 -0.00381806
v 0.01190863 0.04139718 -0.00513863
v 0.01426672 0.02019938 -0.00589448
v 0.00946992 0.04794503 -0.00669088
v 0.00890847 0.04920924 -0.00705577
v 0.00885664 0.04955132 -0.00695441
v 0.00853416 0.05004957 -0.00722953
v 0.00846794 0.04937285 -0.00763787
v 0.00839308 0.04970377 -0.00755678
v 0.00830670 0.05004957 -0.00747859
v 0.00798135 0.05033959 -0.00764366
v 0.01181361 0.04159053 -0.00533266
v 0.01152569 0.04216314 -0.00591475
v 0.01144219 0.04202556 -0.00618987
v 0.01090090 0.04130422 -0.00758284
v 0.01099015 0.04163143 -0.00725560
v 0.01044022 0.04095471 -0.00863119
v 0.01067056 0.04163143 -0.00785507
v 0.01080300 0.04213711 -0.00734248
v 0.01119170 0.04262049 -0.00636653
v 0.01097864 0.04361326 -0.00623331
v 0.00994499 0.04639824 -0.00665034
v 0.00747461 0.05032472 -0.00812729
v 0.00065946 0.05818512 -0.00717741
v 0.00226895 0.05454123 -0.00875282
v 0.00638050 0.04964056 -0.00951157
v 0.00621350 0.04950670 -0.00973167
v 0.00595437 0.04928733 -0.01007629
v 0.00587087 0.04955132 -0.01001548
v 0.00552249 0.04987481 -0.01011684
v 0.00519137 0.05004213 -0.01015448
v 0.00346959 0.05226565 -0.00958397
v 0.00271235 0.05351871 -0.00917853
v 0.00342928 0.05025407 -0.01056282
v 0.00325365 0.05054038 -0.01049331
v 0.00327956 0.05108325 -0.01023557
v 0.00423547 0.05102375 -0.00997493
v 0.00252808 0.05378270 -0.00910034
v -0.00750893 0.05340716 -0.00770158
v -0.00799840 0.05351499 -0.00720057
v -0.00357590 0.05818512 -0.00723243
v -0.00613554 0.05350383 -0.00870070
v -0.00494641 0.05377898 -0.00910034
v -0.00578427 0.05313201 -0.00904242
v -0.00613266 0.05299071 -0.00895265
v -0.00629389 0.05252593 -0.00903953
v -0.00655591 0.05302046 -0.00870649
v -0.00680352 0.05302046 -0.00850667
v -0.00340026 0.05818512 -0.00731931
v -0.00834967 0.05314316 -0.00707025
v -0.00855122 0.05299443 -0.00688781
v -0.00882762 0.05302046 -0.00652002
v -0.00926239 0.05304277 -0.00585104
v -0.00941786 0.05289032 -0.00567439
v -0.00899174 0.05302046 -0.00627386
v -0.00987566 0.05125800 -0.00561357
v -0.00988718 0.05230283 -0.00514152
v -0.01032770 0.05054410 -0.00498804
v -0.01084597 0.04806774 -0.00505175
v -0.01182491 0.04361326 -0.00502569
v -0.01196023 0.04314476 -0.00492143
v -0.01204661 0.04262049 -0.00488378
v -0.01376263 0.02019938 -0.00585683
v 0.01161495 0.04163143 -0.00587131
v 0.01408821 0.02019938 -0.00636653
v 0.00895453 0.04888203 -0.00714845
v 0.00890847 0.04822390 -0.00756257
v 0.00889983 0.04721254 -0.00805199
v 0.00845643 0.04835404 -0.00811860
v 0.00800439 0.04497043 -0.01013711
v 0.00801590 0.04598179 -0.00965637
v 0.00818002 0.04952901 -0.00784348
v 0.00779996 0.05004957 -0.00796512
v 0.01393561 0.02019938 -0.00676618
v 0.01381180 0.02019938 -0.00705288
v 0.01092969 0.04097330 -0.00764366
v 0.01047765 0.04063866 -0.00870359
v 0.01033081 0.04063866 -0.00895265
v 0.01027898 0.04112575 -0.00881654
v 0.00996515 0.04250150 -0.00866015
v 0.00943825 0.04536456 -0.00811281
v 0.01039127 0.04128563 -0.00854721
v 0.00942961 0.04732037 -0.00711080
v 0.01050644 0.04406317 -0.00686464
v 0.00046943 0.05818512 -0.00723243
v 0.00224880 0.05409504 -0.00901057
v 0.00785179 0.04559138 -0.00999520
v 0.00693907 0.04729806 -0.01007050
v 0.00562614 0.04955132 -0.01017476
v 0.00701969 0.04696341 -0.01014000
v 0.00778269 0.04460232 -0.01045856
v 0.00738247 0.04521211 -0.01053096
v 0.00688436 0.04619745 -0.01053096
v 0.00667706 0.04558022 -0.01090454
v 0.00599468 0.04639824 -0.01109568
v 0.00587375 0.04817185 -0.01052807
v 0.00589103 0.04672545 -0.01103776
v 0.00591118 0.04527532 -0.01154456
v 0.00554264 0.04842841 -0.01061784
v 0.00541595 0.04875933 -0.01055992
v 0.00522017 0.04955132 -0.01033693
v 0.00373448 0.05014252 -0.01052227
v 0.00418364 0.05000123 -0.01045277
v 0.00313848 0.05236605 -0.00963321
v 0.00309817 0.05036562 -0.01060626
v 0.00350702 0.04882626 -0.01108120
v 0.00323925 0.04916462 -0.01102328
v 0.00283040 0.05069655 -0.01053965
v 0.00269508 0.05099029 -0.01043539
v 0.00270947 0.05154059 -0.01016607
v 0.00314136 0.05137699 -0.01012842
v 0.00224880 0.05384963 -0.00913799
v 0.00271235 0.05252965 -0.00967375
v 0.00270947 0.05199050 -0.00994308
v 0.00224880 0.05310970 -0.00951157
v -0.00708281 0.05302046 -0.00825761
v -0.00468152 0.05386822 -0.00914958
v -0.00468152 0.05351499 -0.00929437
v -0.00513932 0.05348152 -0.00914668
v -0.00564031 0.05299071 -0.00914958
v -0.00594551 0.05280108 -0.00910324
v -0.00592247 0.05128775 -0.00958977
v -0.00639179 0.05223591 -0.00908007
v -0.00669123 0.05251849 -0.00876730
v -0.00687550 0.05267838 -0.00856748
v -0.00319584 0.05818512 -0.00738592
v -0.00760683 0.05302046 -0.00778846
v -0.00813373 0.05257055 -0.00745542
v -0.00840725 0.05131378 -0.00761760
v -0.00840725 0.05281224 -0.00712528
v -0.00888809 0.05127288 -0.00710790
v -0.00891400 0.05236233 -0.00665034
v -0.00991597 0.04844328 -0.00666771
v -0.00989294 0.04736499 -0.00712817
v -0.01037089 0.04432717 -0.00759443
v -0.01039105 0.04539431 -0.00713107
v -0.01077974 0.04314104 -0.00734248
v -0.01123178 0.04456142 -0.00582787
v -0.01189401 0.04299975 -0.00518497
v -0.01087188 0.04781490 -0.00512705
v -0.01185370 0.04333067 -0.00510967
v -0.01191704 0.04262049 -0.00524578
v -0.01289886 0.02019938 -0.00835318
v -0.01325301 0.02019938 -0.00735696
v 0.00895741 0.04789670 -0.00764366
v 0.00888831 0.04509685 -0.00902794
v 0.00844203 0.04733152 -0.00860223
v 0.00942385 0.04334555 -0.00908297
v 0.00941809 0.04232303 -0.00956949
v 0.00898908 0.04450564 -0.00916116
v 0.00833262 0.04460232 -0.00996045
v 0.00840172 0.04425280 -0.01003864
v 0.00808501 0.04460232 -0.01020951
v 0.00788058 0.04420818 -0.01053096
v 0.01333385 0.02019938 -0.00786665
v 0.01064752 0.04063866 -0.00835028
v 0.01008319 0.04063866 -0.00923935
v 0.01001697 0.04113318 -0.00919591
v 0.00995939 0.04149014 -0.00913799
v 0.01228869 0.02019938 -0.00947682
v 0.01183665 0.02019938 -0.01001837
v 0.00991044 0.04182106 -0.00906559
v 0.00008649 0.05818512 -0.00733089
v 0.00183994 0.05419171 -0.00905980
v 0.00753507 0.04460232 -0.01064101
v 0.00720972 0.04506710 -0.01070762
v 0.00619335 0.04510800 -0.01142003
v 0.00601483 0.04494812 -0.01160248
v 0.00533534 0.04608591 -0.01151560
v 0.00543611 0.04728690 -0.01106093
v 0.00545626 0.04433461 -0.01206004
v 0.00523744 0.04906423 -0.01050779
v 0.00498119 0.04634247 -0.01157352
v 0.00494088 0.04779259 -0.01106382
v 0.00475661 0.04760667 -0.01118835
v 0.00475661 0.04808261 -0.01101459
v 0.00472494 0.04856227 -0.01084663
v 0.00487466 0.04923527 -0.01055413
v 0.00471630 0.04953273 -0.01048463
v 0.00373448 0.04989712 -0.01061495
v 0.00293405 0.04926873 -0.01106093
v 0.00275842 0.04954389 -0.01100011
v 0.00274402 0.05004957 -0.01081187
v 0.00220561 0.05000123 -0.01095957
v 0.00141958 0.05024292 -0.01105514
v 0.00269508 0.05054038 -0.01063522
v 0.00391587 0.04727575 -0.01155325
v 0.00334866 0.04772566 -0.01153587
v 0.00249929 0.05079322 -0.01058019
v 0.00224880 0.05211320 -0.01000389
v 0.00285056 0.05170791 -0.01004444
v 0.00186586 0.05320637 -0.00955501
v 0.00153474 0.05328074 -0.00959556
v 0.00153187 0.05229168 -0.01009077
v 0.00172190 0.05303161 -0.00967665
v -0.00434753 0.05422146 -0.00907138
v -0.00418342 0.05403926 -0.00920460
v -0.00415174 0.05347780 -0.00946813
v -0.00429283 0.05316547 -0.00954922
v -0.00450013 0.05283455 -0.00961004
v -0.00467289 0.05300930 -0.00948841
v -0.00517675 0.05302046 -0.00930596
v -0.00483124 0.05267466 -0.00955212
v -0.00467289 0.05251478 -0.00966506
v -0.00498672 0.05234374 -0.00961004
v -0.00531783 0.05215039 -0.00954922
v -0.00540709 0.04878908 -0.01057440
v -0.00537830 0.04725716 -0.01105514
v -0.00588504 0.04974839 -0.01006760
v -0.00496657 0.04443128 -0.01208900
v -0.00596854 0.04941746 -0.01011394
v -0.00634572 0.05064077 -0.00954922
v -0.00647817 0.05004957 -0.00963031
v -0.00689853 0.04927989 -0.00958108
v -0.00646377 0.05190498 -0.00912641
v -0.00693021 0.05085271 -0.00911193
v -0.00723541 0.05054410 -0.00893817
v -0.00296838 0.05818512 -0.00745253
v -0.00800704 0.04608591 -0.00968823
v -0.00838710 0.04531623 -0.00958108
v -0.00866351 0.04703406 -0.00876441
v -0.00902053 0.04460232 -0.00921618
v -0.00889960 0.04834289 -0.00811281
v -0.00889672 0.04981904 -0.00761180
v -0.00938619 0.04385867 -0.00909455
v -0.00942362 0.04498158 -0.00864567
v -0.00987854 0.04483285 -0.00809543
v -0.01038529 0.04289935 -0.00811281
v -0.00986703 0.04628297 -0.00758574
v -0.00934876 0.04965543 -0.00705288
v -0.01041120 0.04399624 -0.00765814
v -0.01061275 0.04262049 -0.00785507
v -0.01081429 0.04262049 -0.00749307
v -0.01094098 0.04262049 -0.00724691
v -0.01113101 0.04262049 -0.00686464
v -0.01085172 0.04223379 -0.00756547
v -0.01096114 0.04209249 -0.00738592
v -0.01179899 0.04262049 -0.00549773
v -0.01168094 0.04212596 -0.00587131
v -0.01268004 0.02019938 -0.00890052
v -0.01271747 0.02019938 -0.00881364
v 0.00897469 0.04347940 -0.00964189
v 0.00847658 0.04495183 -0.00963321
v 0.00843051 0.04630528 -0.00908007
v 0.00846218 0.04392559 -0.01010815
v 0.00946128 0.04199582 -0.00962162
v 0.00817714 0.04406689 -0.01031956
v 0.00795256 0.04388097 -0.01058599
v 0.00672601 0.04459116 -0.01122310
v 0.00770783 0.04407061 -0.01069893
v 0.00953614 0.04113318 -0.00968244
v 0.00949871 0.04163143 -0.00965058
v 0.01042006 0.02019938 -0.01157641
v 0.00994787 0.02019938 -0.01208611
v -0.00020719 0.05818512 -0.00738013
v 0.00125546 0.05456354 -0.00899319
v 0.00076311 0.05466393 -0.00904822
v 0.00044064 0.05472714 -0.00908007
v 0.00011528 0.05478291 -0.00910903
v 0.00076311 0.05441852 -0.00917564
v 0.00690452 0.04474733 -0.01104066
v 0.00634307 0.04460232 -0.01148954
v 0.00649567 0.04394047 -0.01159669
v 0.00657053 0.04361326 -0.01164592
v 0.00646687 0.04238996 -0.01206873
v 0.00638050 0.04272088 -0.01202529
v 0.00571251 0.04414497 -0.01198475
v 0.00517986 0.04506338 -0.01192973
v 0.00453491 0.04392931 -0.01258422
v 0.00463856 0.04361326 -0.01263635
v 0.00496679 0.04334927 -0.01255815
v 0.00435927 0.04426024 -0.01252630
v 0.00420955 0.04457629 -0.01245680
v 0.00378055 0.04611193 -0.01201950
v 0.00301755 0.04783721 -0.01157641
v 0.00274402 0.04817185 -0.01151849
v 0.00175357 0.04905680 -0.01142003
v 0.00125546 0.05006444 -0.01115939
v 0.00109134 0.05034331 -0.01109278
v 0.00224880 0.05054410 -0.01073947
v 0.00364522 0.04596320 -0.01211217
v 0.00342928 0.04629413 -0.01204846
v 0.00325365 0.04657300 -0.01199054
v 0.00320470 0.04756577 -0.01163144
v 0.00125546 0.05052179 -0.01098274
v 0.00130441 0.05108696 -0.01071920
v 0.00125546 0.05334023 -0.00962452
v 0.00117196 0.05136212 -0.01061495
v 0.00076311 0.05144763 -0.01065549
v 0.00125546 0.05234374 -0.01011973
v 0.00125546 0.05302046 -0.00978380
v -0.00368819 0.05400952 -0.00932333
v -0.00368819 0.05359679 -0.00951737
v -0.00396459 0.05328446 -0.00959556
v -0.00418630 0.05252593 -0.00981565
v -0.00418054 0.05202025 -0.00999520
v -0.00434177 0.05168932 -0.01005312
v -0.00468152 0.05203140 -0.00982434
v -0.00513356 0.04951042 -0.01044987
v -0.00488595 0.04628669 -0.01155614
v -0.00485716 0.04476220 -0.01203977
v -0.00468152 0.04410779 -0.01228883
v -0.00504143 0.04410779 -0.01212665
v -0.00536966 0.04372481 -0.01203108
v -0.00528616 0.04410779 -0.01198185
v -0.00566334 0.04514147 -0.01147216
v -0.00592247 0.04782233 -0.01058019
v -0.00642346 0.04487003 -0.01108120
v -0.00735345 0.04473246 -0.01054834
v -0.00739952 0.04632759 -0.01008208
v -0.00768745 0.04511172 -0.01023557
v -0.00793794 0.04495555 -0.01011394
v -0.00270061 0.05818512 -0.00749307
v -0.00220538 0.05415825 -0.00953764
v -0.00294534 0.05376411 -0.00958977
v -0.00833239 0.04410779 -0.01002416
v -0.00859440 0.04410779 -0.00977801
v -0.00894279 0.04351659 -0.00963900
v -0.00925951 0.04311502 -0.00945945
v -0.00948697 0.04311502 -0.00921329
v -0.00980080 0.04262049 -0.00898450
v -0.01023557 0.04262049 -0.00840820
v -0.01041984 0.04262049 -0.00816204
v -0.01049182 0.04308155 -0.00787534
v -0.01045727 0.04361326 -0.00773054
v -0.01073655 0.04209249 -0.00780873
v -0.01087476 0.04190658 -0.00761470
v -0.01120875 0.04212596 -0.00686464
v -0.01146500 0.04212596 -0.00632598
v -0.01265700 0.02019938 -0.00894975
v 0.00859751 0.04409664 -0.00985909
v 0.00850825 0.04361326 -0.01015159
v 0.00891998 0.04229328 -0.01007050
v 0.00888543 0.04262049 -0.01003575
v 0.00702833 0.04262049 -0.01162854
v 0.00697362 0.04291051 -0.01158221
v 0.00739111 0.04372481 -0.01103197
v 0.00823473 0.04361326 -0.01039775
v 0.00798711 0.04361326 -0.01061784
v 0.00710319 0.04212596 -0.01169515
v 0.00698514 0.04442012 -0.01109568
v 0.00922230 0.04163143 -0.00989964
v 0.00894878 0.04196235 -0.01009946
v 0.00943537 0.02019938 -0.01255236
v -0.00071682 0.05818512 -0.00741777
v -0.00022159 0.05482381 -0.00912930
v -0.00121205 0.05420658 -0.00956081
v 0.00076311 0.05367859 -0.00954633
v 0.00042624 0.05274903 -0.01007050
v -0.00022159 0.05408760 -0.00950289
v -0.00071682 0.05390168 -0.00965927
v 0.00010377 0.05279736 -0.01009656
v -0.00022159 0.05284570 -0.01011973
v 0.00672313 0.04309271 -0.01169805
v 0.00666266 0.04258330 -0.01188918
v 0.00504741 0.04301834 -0.01259291
v 0.00576722 0.04316707 -0.01221353
v 0.00596301 0.04336414 -0.01206584
v 0.00676631 0.04212596 -0.01194421
v 0.00651870 0.04212596 -0.01209769
v 0.00422971 0.04361326 -0.01277535
v 0.00420955 0.04410036 -0.01262476
v 0.00476813 0.04315591 -0.01268558
v 0.00422971 0.04311502 -0.01289119
v 0.00402816 0.04439409 -0.01257553
v 0.00309817 0.04640567 -0.01208900
v 0.00209620 0.04837635 -0.01159379
v 0.00149731 0.04880767 -0.01156773
v 0.00175357 0.04848046 -0.01163144
v 0.00130153 0.04906051 -0.01151560
v 0.00076311 0.05042139 -0.01112464
v 0.00076311 0.05066680 -0.01102328
v 0.00325365 0.04611193 -0.01215851
v 0.00076311 0.05103863 -0.01085242
v 0.00076311 0.05203140 -0.01036879
v 0.00041760 0.05175253 -0.01056571
v -0.00201535 0.05180831 -0.01059178
v -0.00347512 0.05229912 -0.01009367
v -0.00186275 0.05075976 -0.01106093
v -0.00220538 0.05103863 -0.01087558
v -0.00171015 0.05004957 -0.01137949
v -0.00316705 0.05149969 -0.01047015
v -0.00401066 0.05184921 -0.01010525
v -0.00449149 0.05135840 -0.01010525
v -0.00418054 0.05152572 -0.01015738
v -0.00427843 0.04864778 -0.01102618
v -0.00446558 0.04983763 -0.01059178
v -0.00452892 0.04495183 -0.01209769
v -0.00468728 0.04459860 -0.01214692
v -0.00417190 0.04409292 -0.01247128
v -0.00399339 0.04391816 -0.01257843
v -0.00408264 0.04361326 -0.01261897
v -0.00433026 0.04361326 -0.01252630
v -0.00468152 0.04361326 -0.01238729
v -0.00519115 0.04357980 -0.01215561
v -0.00543588 0.04339388 -0.01207163
v -0.00689853 0.04383264 -0.01106672
v -0.00596854 0.04397393 -0.01159958
v -0.00649832 0.04262049 -0.01161985
v -0.00704538 0.04311502 -0.01115939
v -0.00773927 0.04410779 -0.01047883
v -0.00761546 0.04458373 -0.01042671
v -0.00808478 0.04410779 -0.01023268
v -0.00838422 0.04381033 -0.01007050
v -0.00251058 0.05818512 -0.00750176
v -0.00171015 0.05421774 -0.00956949
v -0.00220538 0.05390912 -0.00965637
v -0.00220538 0.05351499 -0.00983303
v -0.00220538 0.05284942 -0.01011684
v -0.00901189 0.04311502 -0.00969113
v -0.00932861 0.04262049 -0.00953185
v -0.00955319 0.04262049 -0.00928569
v -0.01111949 0.02019938 -0.01131578
v -0.01047166 0.04212596 -0.00821996
v -0.01168958 0.02019938 -0.01055703
v 0.00857735 0.04311502 -0.01020661
v 0.00863782 0.04262049 -0.01025874
v 0.00843627 0.04183222 -0.01057440
v 0.00734792 0.04212596 -0.01148085
v 0.00829807 0.04311502 -0.01045567
v 0.00805045 0.04311502 -0.01067287
v 0.00757538 0.04262049 -0.01118546
v 0.00792089 0.04163143 -0.01105224
v 0.00886816 0.02019938 -0.01297807
v -0.00121205 0.05818512 -0.00744673
v -0.00071682 0.05415081 -0.00953185
v -0.00121205 0.05395746 -0.00968823
v -0.00220538 0.05818512 -0.00750176
v -0.00171015 0.05818512 -0.00747569
v -0.00071682 0.05351499 -0.00985330
v 0.00009225 0.05180087 -0.01058888
v -0.00071682 0.05315803 -0.01002996
v 0.00537564 0.04262049 -0.01252051
v 0.00512803 0.04262049 -0.01262476
v 0.00738247 0.02019938 -0.01396850
v 0.00649855 0.02019938 -0.01453612
v 0.00621062 0.04212596 -0.01223670
v 0.00617031 0.02019938 -0.01469829
v 0.00583056 0.02019938 -0.01485757
v 0.00373448 0.04361326 -0.01289119
v 0.00373448 0.04410779 -0.01273481
v 0.00472494 0.04262049 -0.01278983
v 0.00418940 0.04259074 -0.01297807
v 0.00399937 0.04240483 -0.01305916
v 0.00372008 0.04311502 -0.01300993
v 0.00373448 0.04449449 -0.01260739
v 0.00323925 0.04559138 -0.01234385
v 0.00269508 0.04657300 -0.01211507
v 0.00249929 0.04682956 -0.01206584
v 0.00283040 0.04673660 -0.01202819
v 0.00175357 0.04806774 -0.01177913
v 0.00154050 0.04734268 -0.01207163
v 0.00116908 0.04889691 -0.01159669
v 0.00076311 0.05004957 -0.01125786
v 0.00027076 0.05048832 -0.01115070
v 0.00027076 0.05073745 -0.01105224
v 0.00027076 0.05004957 -0.01131288
v 0.00027076 0.05103863 -0.01091613
v -0.00153164 0.05081553 -0.01108410
v -0.00171015 0.05318034 -0.01004444
v -0.00220538 0.05041396 -0.01112174
v -0.00298277 0.05131006 -0.01058888
v -0.00170152 0.05057384 -0.01116229
v -0.00121205 0.05004957 -0.01142003
v -0.00121205 0.04973352 -0.01154745
v -0.00162378 0.04943977 -0.01161406
v -0.00175910 0.04958479 -0.01153297
v -0.00220538 0.05004957 -0.01125206
v -0.00247603 0.05031729 -0.01108410
v -0.00195489 0.04930220 -0.01157062
v -0.00388110 0.04578101 -0.01204846
v -0.00418630 0.04460232 -0.01231200
v -0.00367667 0.04459116 -0.01247417
v -0.00319584 0.04410779 -0.01276667
v -0.00314977 0.04356492 -0.01294043
v -0.00295110 0.04336786 -0.01305627
v -0.00368819 0.04361326 -0.01275508
v -0.00328222 0.04311502 -0.01300703
v -0.00368819 0.04311502 -0.01285934
v -0.00421797 0.04310014 -0.01264504
v -0.00464121 0.04310014 -0.01246548
v -0.00517675 0.04262049 -0.01229462
v -0.00591959 0.04187312 -0.01206584
v -0.00556257 0.04262049 -0.01212665
v -0.00548483 0.04311502 -0.01209480
v -0.00581018 0.04262049 -0.01201081
v -0.00616721 0.04212596 -0.01190945
v -0.00659334 0.04212596 -0.01167777
v -0.00674306 0.04262049 -0.01146926
v -0.00684095 0.04212596 -0.01152718
v -0.00729299 0.04311502 -0.01100590
v -0.00783141 0.04361326 -0.01053386
v -0.00818843 0.04363185 -0.01026164
v -0.00842741 0.04347940 -0.01010815
v -0.00908387 0.04262049 -0.00974615
v -0.00121205 0.05351499 -0.00990253
v -0.00171015 0.05396862 -0.00968823
v -0.00171015 0.05351499 -0.00989964
v -0.00883050 0.04212596 -0.01003575
v -0.01060123 0.02019938 -0.01175597
v -0.00022159 0.05183062 -0.01060047
v -0.00071682 0.05291263 -0.01014580
v 0.00543611 0.04224122 -0.01254657
v 0.00579025 0.02019938 -0.01487495
v 0.00341776 0.04327490 -0.01304179
v 0.00308665 0.04343107 -0.01307364
v 0.00283904 0.04375827 -0.01302731
v 0.00323925 0.04410779 -0.01283617
v 0.00345232 0.04482913 -0.01255526
v 0.00549369 0.02019938 -0.01498789
v 0.00429305 0.04212596 -0.01299835
v 0.00372008 0.04259074 -0.01308812
v 0.00393027 0.02019938 -0.01543677
v 0.00232653 0.02019938 -0.01586827
v 0.00197239 0.02019938 -0.01593488
v 0.00324501 0.04311502 -0.01309971
v 0.00326804 0.04509685 -0.01250313
v 0.00284192 0.04526045 -0.01253209
v 0.00274402 0.04608591 -0.01227145
v 0.00224880 0.04690020 -0.01208900
v 0.00251081 0.04535341 -0.01256395
v 0.00125546 0.04806774 -0.01186891
v 0.00155202 0.04586281 -0.01256974
v 0.00076311 0.04955132 -0.01142872
v -0.00071682 0.04967774 -0.01153008
v -0.00022159 0.05103863 -0.01094799
v -0.00071682 0.05210949 -0.01050779
v 0.00076311 0.04897499 -0.01162565
v 0.00040608 0.04927617 -0.01155904
v -0.00071682 0.04943234 -0.01161406
v -0.00121205 0.05294981 -0.01016028
v -0.00121205 0.05106837 -0.01097984
v -0.00121205 0.04948811 -0.01162854
v -0.00121205 0.04905680 -0.01175886
v -0.00121205 0.04856227 -0.01189787
v -0.00149133 0.04783349 -0.01206873
v -0.00181956 0.04776656 -0.01204846
v -0.00206718 0.04743563 -0.01209480
v -0.00220538 0.04806774 -0.01187181
v -0.00270061 0.04341619 -0.01306785
v -0.00270061 0.04311502 -0.01313156
v -0.00303460 0.04311502 -0.01308523
v -0.00171015 0.04707496 -0.01223960
v -0.00169000 0.04561740 -0.01261028
v -0.00313825 0.04262049 -0.01311708
v -0.00338587 0.04262049 -0.01303599
v -0.00467577 0.02019938 -0.01502843
v -0.00817979 0.02019938 -0.01340378
v -0.00613266 0.04167977 -0.01198765
v -0.00588216 0.04212596 -0.01204846
v -0.00670275 0.04161656 -0.01169225
v -0.00689278 0.04176901 -0.01155904
v -0.00736209 0.04271716 -0.01104645
v -0.00788035 0.04328606 -0.01056571
v -0.00847060 0.04311502 -0.01014290
v -0.00877580 0.04262049 -0.00999231
v -0.00121205 0.05319893 -0.01005023
v -0.00858289 0.04212596 -0.01023268
v -0.00832376 0.04163143 -0.01052227
v -0.00965972 0.02019938 -0.01243073
v -0.00807614 0.04163143 -0.01071051
v -0.00774215 0.04163143 -0.01095667
v -0.00749454 0.04163143 -0.01113912
v -0.00071682 0.05252593 -0.01032245
v 0.00274402 0.04311502 -0.01319238
v 0.00224880 0.04311502 -0.01328215
v 0.00224880 0.04361326 -0.01318369
v 0.00270371 0.04360211 -0.01309971
v 0.00250793 0.04386611 -0.01305916
v 0.00224880 0.04394419 -0.01308523
v 0.00323925 0.04262049 -0.01316921
v 0.00175357 0.02019938 -0.01595515
v 0.00175357 0.04311502 -0.01335455
v 0.00188889 0.04429742 -0.01303599
v 0.00125546 0.04740588 -0.01209190
v 0.00125546 0.04617142 -0.01250603
v 0.00155778 0.04438294 -0.01306495
v 0.00076311 0.04625323 -0.01253499
v 0.00025636 0.04803056 -0.01199054
v -0.00022159 0.04788183 -0.01208611
v -0.00071682 0.04856227 -0.01189497
v 0.00027076 0.04629413 -0.01254947
v -0.00071682 0.04790785 -0.01208900
v -0.00071682 0.04757321 -0.01218457
v -0.00121205 0.04757321 -0.01215561
v -0.00121205 0.04616027 -0.01251761
v -0.00171015 0.04460232 -0.01285934
v -0.00220538 0.04349428 -0.01308812
v 0.00076311 0.04361326 -0.01326478
v 0.00027076 0.04311502 -0.01332270
v -0.00220538 0.04262049 -0.01324450
v -0.00270061 0.04262049 -0.01320686
v -0.00171303 0.02019938 -0.01583352
v -0.00318432 0.02019938 -0.01549759
v -0.00371122 0.02019938 -0.01535279
v -0.00418630 0.02019938 -0.01520219
v -0.00864335 0.02019938 -0.01311419
v -0.00743983 0.04212596 -0.01109858
v -0.00740816 0.04238623 -0.01107541
v -0.00760683 0.04257959 -0.01089586
v 0.00175357 0.04361326 -0.01326767
v 0.00173341 0.04412266 -0.01311998
v 0.00155490 0.02019938 -0.01596094
v 0.00125546 0.04311502 -0.01337482
v 0.00125546 0.04361326 -0.01329084
v 0.00125546 0.04410779 -0.01316342
v 0.00125546 0.04441640 -0.01307364
v 0.00125546 0.04466553 -0.01299835
v 0.00076311 0.04600410 -0.01261608
v 0.00027076 0.04658043 -0.01246259
v 0.00076311 0.04559138 -0.01274060
v 0.00076311 0.04509685 -0.01288830
v -0.00022159 0.04602641 -0.01261028
v -0.00071682 0.04597807 -0.01259870
v 0.00076311 0.04466553 -0.01300703
v -0.00071682 0.04559138 -0.01269427
v -0.00071682 0.04509685 -0.01281590
v -0.00121205 0.04509685 -0.01277825
v -0.00071682 0.04361326 -0.01316342
v 0.00026500 0.04414125 -0.01310839
v 0.00076311 0.04410779 -0.01314894
v 0.00076311 0.04311502 -0.01335166
v 0.00027076 0.04262049 -0.01338930
v -0.00071682 0.04163143 -0.01346170
v -0.00091836 0.04085431 -0.01354858
v -0.00171015 0.04163143 -0.01339799
v -0.00121492 0.02019938 -0.01591750
v 0.00125834 0.02019938 -0.01596674
v 0.00076311 0.02019938 -0.01596094
v -0.00022447 0.02019938 -0.01594936
v -0.00044617 0.02019938 -0.01594646
v -0.00071970 0.02019938 -0.01594067
v -0.00058725 0.04093611 -0.01355727
v 0.00076311 0.04441640 -0.01307075
v 0.00042624 0.04437923 -0.01306206
f 1 2 6
f 1 6 12
f 1 12 24
f 1 24 31
f 1 31 54
f 1 54 53
f 1 53 52
f 1 52 51
f 1 51 86
f 1 86 127
f 1 127 178
f 1 178 233
f 1 233 295
f 1 295 300
f 1 300 299
f 1 299 298
f 1 298 381
f 1 381 483
f 1 483 486
f 1 486 588
f 1 588 587
f 1 587 694
f 1 694 789
f 1 789 792
f 1 792 791
f 1 791 865
f 1 865 937
f 1 937 1016
f 1 1016 1082
f 1 1082 1149
f 1 1149 1234
f 1 1234 1239
f 1 1239 1238
f 1 1238 1237
f 1 1237 1311
f 1 1311 1310
f 1 1310 1309
f 1 1309 1308
f 1 1308 1307
f 1 1307 1359
f 1 1359 1410
f 1 1410 1482
f 1 1482 1556
f 1 1556 1622
f 1 1622 1703
f 1 1703 1702
f 1 1702 1800
f 1 1800 1799
f 1 1799 1889
f 1 1889 1974
f 1 1974 1972
f 1 1972 2059
f 1 2059 2119
f 1 2119 2156
f 1 2156 2107
f 1 2107 2106
f 1 2106 2155
f 1 2155 2154
f 1 2154 2153
f 1 2153 2152
f 1 2152 2186
f 1 2186 2191
f 1 2191 2190
f 1 2190 2189
f 1 2189 2188
f 1 2188 2187
f 1 2187 2162
f 1 2162 2131
f 1 2131 2074
f 1 2074 2073
f 1 2073 2072
f 1 2072 2069
f 1 2069 2063
f 1 2063 1998
f 1 1998 1997
f 1 1997 1995
f 1 1995 1994
f 1 1994 1983
f 1 1983 1903
f 1 1903 1813
f 1 1813 1812
f 1 1812 1720
f 1 1720 1719
f 1 1719 1714
f 1 1714 1634
f 1 1634 1633
f 1 1633 1624
f 1 1624 1562
f 1 1562 1489
f 1 1489 1488
f 1 1488 1421
f 1 1421 1365
f 1 1365 1320
f 1 1320 1319
f 1 1319 1318
f 1 1318 1252
f 1 1252 1251
f 1 1251 1250
f 1 1250 1249
f 1 1249 1248
f 1 1248 1247
f 1 1247 1161
f 1 1161 1095
f 1 1095 1090
f 1 1090 1089
f 1 1089 1024
f 1 1024 1023
f 1 1023 942
f 1 942 871
f 1 871 870
f 1 870 868
f 1 868 795
f 1 795 794
f 1 794 793
f 1 793 698
f 1 698 592
f 1 592 590
f 1 590 589
f 1 589 525
f 1 525 423
f 1 423 333
f 1 333 267
f 1 267 206
f 1 206 154
f 1 154 151
f 1 151 107
f 1 107 68
f 1 68 38
f 1 38 20
f 1 20 19
f 1 19 15
f 1 15 8
f 1 8 3
f 1 3 4
f 1 4 5
f 1 5 2
f 2 5 7
f 2 7 6
f 3 8 9
f 3 9 4
f 4 9 18
f 4 18 10
f 4 10 11
f 4 11 7
f 4 7 5
f 6 7 12
f 7 11 13
f 7 13 14
f 7 14 12
f 8 15 9
f 9 16 17
f 9 17 18
f 9 15 19
f 9 19 20
f 9 20 16
f 10 18 21
f 10 21 22
f 10 22 27
f 10 27 26
f 10 26 23
f 10 23 13
f 10 13 11
f 12 14 24
f 13 25 14
f 13 23 26
f 13 26 27
f 13 27 28
f 13 28 25
f 14 25 29
f 14 29 30
f 14 30 31
f 14 31 24
f 16 32 17
f 16 20 32
f 17 32 33
f 17 33 34
f 17 34 18
f 18 34 35
f 18 35 36
f 18 36 37
f 18 37 21
f 20 38 39
f 20 39 32
f 21 37 40
f 21 40 70
f 21 70 41
f 21 41 42
f 21 42 43
f 21 43 44
f 21 44 45
f 21 45 22
f 22 45 28
f 22 28 27
f 25 46 29
f 25 28 47
f 25 47 46
f 28 45 47
f 29 48 30
f 29 46 49
f 29 49 50
f 29 50 48
f 30 48 51
f 30 51 52
f 30 52 53
f 30 53 54
f 30 54 31
f 32 55 56
f 32 56 33
f 32 39 55
f 33 56 57
f 33 57 34
f 34 58 59
f 34 59 35
f 34 57 58
f 35 60 36
f 35 59 61
f 35 61 60
f 36 60 62
f 36 62 63
f 36 63 37
f 37 63 64
f 37 64 65
f 37 65 66
f 37 66 67
f 37 67 40
f 38 68 69
f 38 69 39
f 39 69 55
f 40 67 71
f 40 71 70
f 41 70 42
f 42 70 72
f 42 72 73
f 42 73 44
f 42 44 43
f 44 73 74
f 44 74 45
f 45 74 75
f 45 75 76
f 45 76 47
f 46 77 49
f 46 47 78
f 46 78 79
f 46 79 77
f 47 76 78
f 48 50 80
f 48 80 51
f 49 77 79
f 49 79 76
f 49 76 81
f 49 81 82
f 49 82 83
f 49 83 84
f 49 84 85
f 49 85 50
f 50 85 80
f 51 80 87
f 51 87 88
f 51 88 86
f 55 89 90
f 55 90 56
f 55 69 91
f 55 91 89
f 56 92 93
f 56 93 57
f 56 90 94
f 56 94 92
f 57 93 58
f 58 94 95
f 58 95 59
f 58 93 94
f 59 95 96
f 59 96 97
f 59 97 61
f 60 61 62
f 61 97 62
f 62 97 98
f 62 98 99
f 62 99 63
f 63 99 64
f 64 100 101
f 64 101 102
f 64 102 103
f 64 103 65
f 64 99 98
f 64 98 104
f 64 104 100
f 65 103 105
f 65 105 66
f 66 105 106
f 66 106 67
f 67 106 71
f 68 107 108
f 68 108 69
f 69 108 109
f 69 109 91
f 70 71 110
f 70 110 111
f 70 111 72
f 71 112 110
f 71 106 113
f 71 113 114
f 71 114 115
f 71 115 112
f 72 111 73
f 73 116 117
f 73 117 118
f 73 118 74
f 73 111 116
f 74 118 119
f 74 119 81
f 74 81 75
f 75 81 76
f 76 79 78
f 80 85 120
f 80 120 121
f 80 121 87
f 81 119 122
f 81 122 123
f 81 123 82
f 82 123 124
f 82 124 125
f 82 125 83
f 83 125 84
f 84 126 120
f 84 120 85
f 84 125 126
f 86 88 128
f 86 128 127
f 87 121 129
f 87 129 88
f 88 129 130
f 88 130 121
f 88 121 131
f 88 131 128
f 89 91 132
f 89 132 133
f 89 133 134
f 89 134 90
f 90 134 135
f 90 135 94
f 91 136 137
f 91 137 138
f 91 138 139
f 91 139 140
f 91 140 132
f 91 109 108
f 91 108 136
f 92 94 93
f 94 135 96
f 94 96 95
f 96 141 142
f 96 142 143
f 96 143 97
f 96 135 141
f 97 143 104
f 97 104 98
f 100 104 144
f 100 144 145
f 100 145 101
f 101 145 146
f 101 146 147
f 101 147 113
f 101 113 106
f 101 106 105
f 101 105 102
f 102 105 103
f 104 143 148
f 104 148 149
f 104 149 150
f 104 150 144
f 107 151 108
f 108 152 153
f 108 153 136
f 108 151 154
f 108 154 152
f 110 112 116
f 110 116 111
f 112 115 116
f 113 147 114
f 114 155 156
f 114 156 157
f 114 157 115
f 114 147 155
f 115 157 158
f 115 158 159
f 115 159 117
f 115 117 116
f 117 159 160
f 117 160 161
f 117 161 118
f 118 161 162
f 118 162 163
f 118 163 164
f 118 164 119
f 119 164 165
f 119 165 166
f 119 166 167
f 119 167 122
f 120 126 121
f 121 168 169
f 121 169 131
f 121 130 129
f 121 126 168
f 122 167 170
f 122 170 171
f 122 171 123
f 123 172 124
f 123 171 172
f 124 173 174
f 124 174 125
f 124 172 175
f 124 175 173
f 125 174 126
f 126 176 168
f 126 174 173
f 126 173 177
f 126 177 176
f 127 128 179
f 127 179 178
f 128 131 169
f 128 169 180
f 128 180 179
f 132 140 181
f 132 181 182
f 132 182 133
f 133 182 148
f 133 148 183
f 133 183 134
f 134 183 135
f 135 183 141
f 136 184 137
f 136 153 184
f 137 184 185
f 137 185 186
f 137 186 187
f 137 187 188
f 137 188 189
f 137 189 190
f 137 190 138
f 138 190 139
f 139 190 189
f 139 189 140
f 140 189 191
f 140 191 192
f 140 192 193
f 140 193 181
f 141 143 142
f 141 183 148
f 141 148 143
f 144 150 149
f 144 149 182
f 144 182 194
f 144 194 195
f 144 195 196
f 144 196 197
f 144 197 198
f 144 198 145
f 145 199 200
f 145 200 201
f 145 201 147
f 145 147 146
f 145 198 202
f 145 202 199
f 147 201 155
f 148 182 149
f 152 203 204
f 152 204 153
f 152 154 203
f 153 204 205
f 153 205 184
f 154 206 203
f 155 201 207
f 155 207 208
f 155 208 209
f 155 209 210
f 155 210 211
f 155 211 212
f 155 212 156
f 156 212 213
f 156 213 214
f 156 214 215
f 156 215 216
f 156 216 157
f 157 216 217
f 157 217 158
f 158 218 159
f 158 217 218
f 159 218 160
f 160 218 161
f 161 218 162
f 162 218 217
f 162 217 219
f 162 219 220
f 162 220 163
f 163 220 164
f 164 220 221
f 164 221 222
f 164 222 165
f 165 222 223
f 165 223 166
f 166 170 167
f 166 223 170
f 168 176 224
f 168 224 169
f 169 224 180
f 170 223 225
f 170 225 171
f 171 225 175
f 171 175 172
f 173 175 226
f 173 226 227
f 173 227 177
f 175 225 228
f 175 228 229
f 175 229 226
f 176 177 230
f 176 230 231
f 176 231 224
f 177 227 226
f 177 226 232
f 177 232 230
f 178 179 234
f 178 234 233
f 179 180 235
f 179 235 236
f 179 236 234
f 180 224 231
f 180 231 237
f 180 237 238
f 180 238 235
f 181 193 182
f 182 193 194
f 184 205 239
f 184 239 185
f 185 239 186
f 186 239 205
f 186 205 191
f 186 191 188
f 186 188 187
f 188 191 189
f 191 240 241
f 191 241 242
f 191 242 243
f 191 243 244
f 191 244 245
f 191 245 192
f 191 205 240
f 192 245 244
f 192 244 246
f 192 246 193
f 193 246 247
f 193 247 194
f 194 247 248
f 194 248 195
f 195 248 196
f 196 248 249
f 196 249 250
f 196 250 251
f 196 251 197
f 197 251 198
f 198 251 252
f 198 252 253
f 198 253 202
f 199 254 255
f 199 255 256
f 199 256 200
f 199 202 254
f 200 256 257
f 200 257 207
f 200 207 201
f 202 253 254
f 203 206 258
f 203 258 259
f 203 259 260
f 203 260 261
f 203 261 262
f 203 262 263
f 203 263 204
f 204 263 205
f 205 263 264
f 205 264 265
f 205 265 266
f 205 266 240
f 206 267 258
f 207 257 256
f 207 256 268
f 207 268 208
f 208 268 269
f 208 269 270
f 208 270 209
f 209 270 271
f 209 271 210
f 210 271 211
f 211 271 272
f 211 272 273
f 211 273 212
f 212 273 274
f 212 274 275
f 212 275 276
f 212 276 213
f 213 276 214
f 214 276 277
f 214 277 215
f 215 277 278
f 215 278 216
f 216 278 217
f 217 279 219
f 217 278 279
f 219 280 221
f 219 221 220
f 219 279 281
f 219 281 282
f 219 282 280
f 221 280 222
f 222 280 283
f 222 283 284
f 222 284 285
f 222 285 286
f 222 286 287
f 222 287 288
f 222 288 289
f 222 289 290
f 222 290 291
f 222 291 223
f 223 291 225
f 225 292 228
f 225 291 292
f 226 229 228
f 226 228 292
f 226 292 232
f 230 293 294
f 230 294 237
f 230 237 231
f 230 232 292
f 230 292 293
f 233 234 295
f 234 236 296
f 234 296 297
f 234 297 298
f 234 298 299
f 234 299 300
f 234 300 295
f 235 301 236
f 235 238 301
f 236 302 303
f 236 303 304
f 236 304 305
f 236 305 296
f 236 301 306
f 236 306 307
f 236 307 302
f 237 294 238
f 238 294 293
f 238 293 308
f 238 308 309
f 238 309 301
f 240 310 241
f 240 266 265
f 240 265 311
f 240 311 312
f 240 312 313
f 240 313 314
f 240 314 310
f 241 315 242
f 241 310 316
f 241 316 317
f 241 317 315
f 242 318 319
f 242 319 320
f 242 320 321
f 242 321 243
f 242 315 318
f 243 321 322
f 243 322 244
f 244 247 246
f 244 322 323
f 244 323 324
f 244 324 249
f 244 249 248
f 244 248 247
f 249 323 322
f 249 322 325
f 249 325 326
f 249 326 250
f 249 324 323
f 250 326 251
f 251 326 252
f 252 326 327
f 252 327 253
f 253 327 328
f 253 328 329
f 253 329 255
f 253 255 254
f 255 329 256
f 256 329 328
f 256 328 268
f 258 267 259
f 259 330 331
f 259 331 332
f 259 332 261
f 259 261 260
f 259 267 333
f 259 333 330
f 261 332 262
f 262 332 312
f 262 312 265
f 262 265 334
f 262 334 264
f 262 264 263
f 264 334 265
f 265 312 311
f 268 328 269
f 269 328 327
f 269 327 335
f 269 335 322
f 269 322 336
f 269 336 337
f 269 337 338
f 269 338 339
f 269 339 340
f 269 340 270
f 270 340 341
f 270 341 271
f 271 341 342
f 271 342 343
f 271 343 273
f 271 273 272
f 273 344 274
f 273 343 345
f 273 345 346
f 273 346 344
f 274 344 275
f 275 344 347
f 275 347 277
f 275 277 276
f 277 348 278
f 277 347 348
f 278 348 349
f 278 349 279
f 279 349 350
f 279 350 351
f 279 351 281
f 280 282 281
f 280 281 352
f 280 352 283
f 281 351 352
f 283 352 351
f 283 351 353
f 283 353 354
f 283 354 355
f 283 355 284
f 284 355 285
f 285 355 356
f 285 356 286
f 286 356 357
f 286 357 358
f 286 358 287
f 287 359 360
f 287 360 288
f 287 358 361
f 287 361 362
f 287 362 363
f 287 363 364
f 287 364 365
f 287 365 359
f 288 360 366
f 288 366 367
f 288 367 289
f 289 368 369
f 289 369 370
f 289 370 371
f 289 371 290
f 289 367 368
f 290 371 372
f 290 372 373
f 290 373 291
f 291 373 374
f 291 374 375
f 291 375 309
f 291 309 292
f 292 309 308
f 292 308 293
f 296 376 377
f 296 377 297
f 296 305 378
f 296 378 379
f 296 379 380
f 296 380 376
f 297 377 298
f 298 377 382
f 298 382 383
f 298 383 384
f 298 384 385
f 298 385 386
f 298 386 381
f 301 309 375
f 301 375 387
f 301 387 306
f 302 304 303
f 302 307 388
f 302 388 389
f 302 389 304
f 304 390 378
f 304 378 305
f 304 389 391
f 304 391 390
f 306 387 392
f 306 392 393
f 306 393 307
f 307 393 394
f 307 394 388
f 310 314 316
f 312 332 313
f 313 332 314
f 314 332 395
f 314 395 316
f 315 317 318
f 316 395 317
f 317 395 396
f 317 396 397
f 317 397 398
f 317 398 318
f 318 398 399
f 318 399 400
f 318 400 319
f 319 400 401
f 319 401 402
f 319 402 320
f 320 402 403
f 320 403 336
f 320 336 404
f 320 404 321
f 321 404 322
f 322 335 325
f 322 404 336
f 325 335 326
f 326 335 327
f 330 333 405
f 330 405 406
f 330 406 407
f 330 407 331
f 331 407 408
f 331 408 332
f 332 409 410
f 332 410 411
f 332 411 412
f 332 412 413
f 332 413 414
f 332 414 415
f 332 415 416
f 332 416 417
f 332 417 418
f 332 418 419
f 332 419 420
f 332 420 421
f 332 421 422
f 332 422 396
f 332 396 395
f 332 408 409
f 333 423 424
f 333 424 405
f 336 425 426
f 336 426 337
f 336 403 402
f 336 402 427
f 336 427 428
f 336 428 425
f 337 426 429
f 337 429 338
f 338 429 430
f 338 430 431
f 338 431 339
f 339 431 340
f 340 432 341
f 340 431 433
f 340 433 434
f 340 434 432
f 341 432 435
f 341 435 436
f 341 436 342
f 342 436 437
f 342 437 345
f 342 345 343
f 344 438 347
f 344 346 439
f 344 439 438
f 345 437 440
f 345 440 441
f 345 441 346
f 346 442 443
f 346 443 444
f 346 444 445
f 346 445 446
f 346 446 447
f 346 447 439
f 346 441 442
f 347 438 448
f 347 448 349
f 347 349 348
f 349 448 449
f 349 449 450
f 349 450 350
f 350 450 451
f 350 451 452
f 350 452 351
f 351 452 356
f 351 356 354
f 351 354 353
f 354 356 355
f 356 452 453
f 356 453 454
f 356 454 455
f 356 455 357
f 357 455 456
f 357 456 457
f 357 457 362
f 357 362 358
f 358 362 361
f 359 458 366
f 359 366 360
f 359 365 458
f 362 457 459
f 362 459 460
f 362 460 461
f 362 461 462
f 362 462 364
f 362 364 363
f 364 462 365
f 365 462 463
f 365 463 464
f 365 464 465
f 365 465 458
f 366 458 466
f 366 466 367
f 367 467 468
f 367 468 368
f 367 466 465
f 367 465 467
f 368 468 469
f 368 469 470
f 368 470 471
f 368 471 472
f 368 472 369
f 369 472 473
f 369 473 370
f 370 473 372
f 370 372 371
f 372 473 394
f 372 394 474
f 372 474 475
f 372 475 476
f 372 476 477
f 372 477 373
f 373 477 375
f 373 375 374
f 375 477 387
f 376 380 478
f 376 478 377
f 377 478 382
f 378 390 479
f 378 479 379
f 379 480 481
f 379 481 380
f 379 479 482
f 379 482 480
f 380 481 478
f 381 386 483
f 382 478 383
f 383 478 484
f 383 484 385
f 383 385 384
f 385 484 386
f 386 484 485
f 386 485 486
f 386 486 483
f 387 477 392
f 388 394 487
f 388 487 389
f 389 487 391
f 390 391 482
f 390 482 479
f 391 487 470
f 391 470 488
f 391 488 480
f 391 480 482
f 392 477 476
f 392 476 393
f 393 476 475
f 393 475 394
f 394 475 474
f 394 473 487
f 396 422 398
f 396 398 397
f 398 422 399
f 399 422 489
f 399 489 490
f 399 490 400
f 400 490 491
f 400 491 401
f 401 491 492
f 401 492 493
f 401 493 427
f 401 427 402
f 405 424 494
f 405 494 408
f 405 408 406
f 406 408 407
f 408 494 495
f 408 495 496
f 408 496 497
f 408 497 498
f 408 498 499
f 408 499 409
f 409 499 410
f 410 500 411
f 410 499 498
f 410 498 501
f 410 501 502
f 410 502 500
f 411 500 503
f 411 503 504
f 411 504 505
f 411 505 412
f 412 505 413
f 413 506 414
f 413 505 507
f 413 507 506
f 414 506 508
f 414 508 415
f 415 508 509
f 415 509 510
f 415 510 511
f 415 511 512
f 415 512 513
f 415 513 514
f 415 514 515
f 415 515 516
f 415 516 517
f 415 517 416
f 416 517 518
f 416 518 519
f 416 519 417
f 417 519 518
f 417 518 418
f 418 518 520
f 418 520 420
f 418 420 419
f 420 520 518
f 420 518 521
f 420 521 522
f 420 522 523
f 420 523 524
f 420 524 421
f 421 524 422
f 422 524 489
f 423 525 495
f 423 495 424
f 424 495 494
f 425 429 426
f 425 428 429
f 427 493 492
f 427 492 526
f 427 526 428
f 428 526 527
f 428 527 528
f 428 528 429
f 429 528 430
f 430 528 527
f 430 527 492
f 430 492 529
f 430 529 530
f 430 530 531
f 430 531 532
f 430 532 533
f 430 533 534
f 430 534 535
f 430 535 536
f 430 536 537
f 430 537 431
f 431 537 538
f 431 538 433
f 432 434 539
f 432 539 435
f 433 538 540
f 433 540 541
f 433 541 542
f 433 542 543
f 433 543 434
f 434 543 539
f 435 539 442
f 435 442 436
f 436 440 437
f 436 442 544
f 436 544 440
f 438 439 545
f 438 545 546
f 438 546 448
f 439 447 547
f 439 547 548
f 439 548 545
f 440 544 442
f 440 442 441
f 442 539 543
f 442 543 549
f 442 549 550
f 442 550 443
f 443 550 551
f 443 551 552
f 443 552 444
f 444 553 445
f 444 552 553
f 445 553 446
f 446 553 552
f 446 552 554
f 446 554 555
f 446 555 447
f 447 555 556
f 447 556 547
f 448 557 558
f 448 558 449
f 448 546 557
f 449 558 451
f 449 451 450
f 451 558 649
f 451 649 559
f 451 559 453
f 451 453 452
f 453 559 560
f 453 560 454
f 454 560 561
f 454 561 562
f 454 562 563
f 454 563 564
f 454 564 565
f 454 565 566
f 454 566 567
f 454 567 459
f 454 459 456
f 454 456 455
f 456 459 457
f 458 465 466
f 459 568 460
f 459 567 569
f 459 569 570
f 459 570 568
f 460 568 461
f 461 571 464
f 461 464 463
f 461 463 462
f 461 568 572
f 461 572 573
f 461 573 574
f 461 574 571
f 464 575 467
f 464 467 465
f 464 571 575
f 467 576 577
f 467 577 469
f 467 469 468
f 467 575 578
f 467 578 579
f 467 579 580
f 467 580 576
f 469 577 581
f 469 581 488
f 469 488 470
f 470 487 471
f 471 487 473
f 471 473 472
f 478 481 582
f 478 582 484
f 480 488 583
f 480 583 481
f 481 584 582
f 481 583 585
f 481 585 584
f 484 582 485
f 485 582 586
f 485 586 587
f 485 587 588
f 485 588 486
f 488 581 583
f 489 524 491
f 489 491 490
f 491 524 492
f 492 527 526
f 492 524 529
f 495 525 589
f 495 589 590
f 495 590 496
f 496 591 502
f 496 502 497
f 496 590 592
f 496 592 591
f 497 502 501
f 497 501 498
f 500 593 503
f 500 502 593
f 502 591 594
f 502 594 595
f 502 595 593
f 503 593 596
f 503 596 597
f 503 597 504
f 504 597 507
f 504 507 505
f 506 507 509
f 506 509 508
f 507 597 509
f 509 598 510
f 509 597 596
f 509 596 598
f 510 598 511
f 511 598 599
f 511 599 512
f 512 599 600
f 512 600 513
f 513 601 602
f 513 602 514
f 513 600 601
f 514 602 601
f 514 601 603
f 514 603 515
f 515 601 604
f 515 604 605
f 515 605 606
f 515 606 516
f 515 603 601
f 516 606 607
f 516 607 517
f 517 607 608
f 517 608 609
f 517 609 522
f 517 522 521
f 517 521 518
f 522 609 610
f 522 610 611
f 522 611 523
f 523 611 524
f 524 611 612
f 524 612 613
f 524 613 529
f 529 613 530
f 530 614 615
f 530 615 532
f 530 532 531
f 530 613 616
f 530 616 614
f 532 615 617
f 532 617 618
f 532 618 619
f 532 619 620
f 532 620 621
f 532 621 622
f 532 622 534
f 532 534 533
f 534 536 535
f 534 622 623
f 534 623 624
f 534 624 625
f 534 625 626
f 534 626 627
f 534 627 536
f 536 627 540
f 536 540 628
f 536 628 537
f 537 628 538
f 538 628 540
f 540 627 629
f 540 629 630
f 540 630 542
f 540 542 541
f 542 630 631
f 542 631 632
f 542 632 633
f 542 633 634
f 542 634 549
f 542 549 543
f 545 548 635
f 545 635 636
f 545 636 637
f 545 637 638
f 545 638 639
f 545 639 640
f 545 640 546
f 546 640 557
f 547 641 635
f 547 635 548
f 547 556 641
f 549 634 642
f 549 642 643
f 549 643 550
f 550 643 644
f 550 644 645
f 550 645 646
f 550 646 551
f 551 646 554
f 551 554 552
f 554 556 555
f 554 646 556
f 556 646 647
f 556 647 648
f 556 648 641
f 557 649 558
f 557 640 650
f 557 650 651
f 557 651 649
f 559 649 560
f 560 651 652
f 560 652 653
f 560 653 561
f 560 649 651
f 561 654 562
f 561 653 655
f 561 655 638
f 561 638 656
f 561 656 657
f 561 657 654
f 562 654 563
f 563 654 658
f 563 658 659
f 563 659 564
f 564 659 565
f 565 660 566
f 565 659 661
f 565 661 662
f 565 662 663
f 565 663 664
f 565 664 660
f 566 660 569
f 566 569 567
f 568 570 569
f 568 569 665
f 568 665 572
f 569 660 665
f 571 574 666
f 571 666 667
f 571 667 668
f 571 668 575
f 572 665 669
f 572 669 573
f 573 669 670
f 573 670 671
f 573 671 574
f 574 672 673
f 574 673 666
f 574 671 674
f 574 674 675
f 574 675 672
f 575 668 676
f 575 676 578
f 576 580 677
f 576 677 678
f 576 678 679
f 576 679 680
f 576 680 577
f 577 680 581
f 578 676 579
f 579 676 580
f 580 676 681
f 580 681 682
f 580 682 683
f 580 683 684
f 580 684 677
f 581 680 685
f 581 685 583
f 582 584 586
f 583 685 686
f 583 686 687
f 583 687 688
f 583 688 689
f 583 689 690
f 583 690 585
f 584 585 586
f 585 690 586
f 586 690 689
f 586 689 691
f 586 691 692
f 586 692 693
f 586 693 587
f 587 693 692
f 587 692 695
f 587 695 696
f 587 696 694
f 591 697 594
f 591 592 697
f 592 698 697
f 593 595 596
f 594 699 595
f 594 697 700
f 594 700 699
f 595 699 596
f 596 701 702
f 596 702 703
f 596 703 598
f 596 699 701
f 598 704 705
f 598 705 599
f 598 703 704
f 599 705 600
f 600 706 707
f 600 707 601
f 600 705 706
f 601 708 709
f 601 709 710
f 601 710 711
f 601 711 712
f 601 712 713
f 601 713 714
f 601 714 604
f 601 707 706
f 601 706 715
f 601 715 708
f 604 714 605
f 605 714 606
f 606 714 716
f 606 716 717
f 606 717 718
f 606 718 719
f 606 719 720
f 606 720 607
f 607 720 721
f 607 721 608
f 608 721 722
f 608 722 723
f 608 723 724
f 608 724 612
f 608 612 610
f 608 610 609
f 610 612 611
f 612 724 613
f 613 724 616
f 614 616 722
f 614 722 615
f 615 722 617
f 616 724 723
f 616 723 722
f 617 722 721
f 617 721 725
f 617 725 726
f 617 726 618
f 618 726 727
f 618 727 728
f 618 728 619
f 619 729 620
f 619 728 730
f 619 730 729
f 620 731 621
f 620 729 731
f 621 731 732
f 621 732 733
f 621 733 622
f 622 733 623
f 623 734 735
f 623 735 736
f 623 736 624
f 623 733 734
f 624 736 737
f 624 737 626
f 624 626 625
f 626 737 629
f 626 629 627
f 629 737 738
f 629 738 739
f 629 739 740
f 629 740 631
f 629 631 630
f 631 740 632
f 632 740 741
f 632 741 742
f 632 742 633
f 633 743 634
f 633 742 744
f 633 744 743
f 634 743 643
f 634 643 642
f 635 641 648
f 635 648 636
f 636 648 745
f 636 745 746
f 636 746 637
f 637 746 638
f 638 746 747
f 638 747 656
f 638 655 639
f 639 655 640
f 640 655 653
f 640 653 652
f 640 652 650
f 643 748 644
f 643 743 748
f 644 749 834
f 644 834 908
f 644 908 985
f 644 985 1063
f 644 1063 1128
f 644 1128 1202
f 644 1202 1282
f 644 1282 1286
f 644 1286 1285
f 644 1285 1284
f 644 1284 1283
f 644 1283 1339
f 644 1339 1277
f 644 1277 1338
f 644 1338 1391
f 644 1391 1449
f 644 1449 1521
f 644 1521 1583
f 644 1583 1644
f 644 1644 1722
f 644 1722 1814
f 644 1814 1904
f 644 1904 1984
f 644 1984 1988
f 644 1988 1987
f 644 1987 1964
f 644 1964 1872
f 644 1872 1777
f 644 1777 1685
f 644 1685 1608
f 644 1608 1600
f 644 1600 1533
f 644 1533 1459
f 644 1459 1395
f 644 1395 1344
f 644 1344 1291
f 644 1291 1213
f 644 1213 1212
f 644 1212 1209
f 644 1209 1208
f 644 1208 1207
f 644 1207 1130
f 644 1130 1065
f 644 1065 995
f 644 995 920
f 644 920 850
f 644 850 844
f 644 844 763
f 644 763 762
f 644 762 662
f 644 662 758
f 644 758 839
f 644 839 753
f 644 753 750
f 644 750 645
f 644 748 743
f 644 743 744
f 644 744 742
f 644 742 751
f 644 751 752
f 644 752 749
f 645 750 646
f 646 750 753
f 646 753 754
f 646 754 647
f 647 754 648
f 648 754 755
f 648 755 756
f 648 756 746
f 648 746 745
f 650 652 651
f 654 657 661
f 654 661 658
f 656 661 657
f 656 747 757
f 656 757 758
f 656 758 662
f 656 662 661
f 658 661 659
f 660 759 669
f 660 669 665
f 660 664 760
f 660 760 761
f 660 761 759
f 662 762 663
f 663 762 664
f 664 762 763
f 664 763 764
f 664 764 760
f 666 765 667
f 666 673 672
f 666 672 765
f 667 765 682
f 667 682 681
f 667 681 668
f 668 681 676
f 669 759 766
f 669 766 767
f 669 767 670
f 670 767 768
f 670 768 674
f 670 674 671
f 672 769 683
f 672 683 765
f 672 675 770
f 672 770 769
f 674 768 771
f 674 771 772
f 674 772 675
f 675 772 770
f 677 684 773
f 677 773 774
f 677 774 678
f 678 774 679
f 679 775 776
f 679 776 680
f 679 774 775
f 680 776 685
f 682 765 683
f 683 769 777
f 683 777 684
f 684 777 773
f 685 776 778
f 685 778 686
f 686 778 779
f 686 779 780
f 686 780 781
f 686 781 782
f 686 782 783
f 686 783 687
f 687 783 688
f 688 784 785
f 688 785 786
f 688 786 787
f 688 787 689
f 688 783 782
f 688 782 788
f 688 788 784
f 689 787 691
f 691 787 692
f 692 787 786
f 692 786 695
f 694 696 789
f 695 786 785
f 695 785 696
f 696 785 790
f 696 790 791
f 696 791 792
f 696 792 789
f 697 698 793
f 697 793 794
f 697 794 795
f 697 795 700
f 699 700 796
f 699 796 797
f 699 797 798
f 699 798 799
f 699 799 701
f 700 795 796
f 701 799 702
f 702 800 704
f 702 704 703
f 702 799 801
f 702 801 802
f 702 802 715
f 702 715 800
f 704 800 705
f 705 800 706
f 706 800 715
f 708 803 804
f 708 804 805
f 708 805 806
f 708 806 710
f 708 710 709
f 708 715 803
f 710 806 807
f 710 807 808
f 710 808 809
f 710 809 810
f 710 810 811
f 710 811 812
f 710 812 813
f 710 813 712
f 710 712 711
f 712 813 814
f 712 814 815
f 712 815 716
f 712 716 713
f 713 716 714
f 715 802 816
f 715 816 803
f 716 815 817
f 716 817 818
f 716 818 717
f 717 818 730
f 717 730 718
f 718 819 725
f 718 725 719
f 718 730 819
f 719 725 720
f 720 725 721
f 725 819 726
f 726 819 727
f 727 819 728
f 728 819 820
f 728 820 730
f 729 730 818
f 729 818 731
f 730 820 819
f 731 818 821
f 731 821 822
f 731 822 823
f 731 823 824
f 731 824 825
f 731 825 826
f 731 826 732
f 732 826 733
f 733 826 827
f 733 827 735
f 733 735 734
f 735 827 828
f 735 828 829
f 735 829 738
f 735 738 736
f 736 738 737
f 738 829 830
f 738 830 739
f 739 830 831
f 739 831 740
f 740 831 832
f 740 832 741
f 741 832 833
f 741 833 742
f 742 833 752
f 742 752 751
f 746 756 747
f 747 756 757
f 749 752 834
f 752 833 832
f 752 832 835
f 752 835 836
f 752 836 837
f 752 837 838
f 752 838 834
f 753 839 754
f 754 839 840
f 754 840 755
f 755 840 756
f 756 840 841
f 756 841 842
f 756 842 757
f 757 842 839
f 757 839 758
f 759 761 843
f 759 843 771
f 759 771 767
f 759 767 766
f 760 764 844
f 760 844 761
f 761 844 843
f 763 844 764
f 767 771 768
f 769 845 846
f 769 846 773
f 769 773 777
f 769 770 847
f 769 847 845
f 770 772 771
f 770 771 848
f 770 848 849
f 770 849 847
f 771 843 850
f 771 850 848
f 773 846 851
f 773 851 852
f 773 852 774
f 774 852 853
f 774 853 854
f 774 854 855
f 774 855 856
f 774 856 775
f 775 856 776
f 776 856 857
f 776 857 779
f 776 779 778
f 779 857 858
f 779 858 859
f 779 859 780
f 780 859 781
f 781 860 788
f 781 788 782
f 781 859 860
f 784 861 785
f 784 788 860
f 784 860 862
f 784 862 863
f 784 863 861
f 785 861 790
f 790 861 864
f 790 864 791
f 791 864 866
f 791 866 867
f 791 867 865
f 795 868 796
f 796 869 797
f 796 868 870
f 796 870 871
f 796 871 869
f 797 872 873
f 797 873 874
f 797 874 798
f 797 869 875
f 797 875 876
f 797 876 877
f 797 877 872
f 798 874 878
f 798 878 799
f 799 878 879
f 799 879 801
f 801 879 880
f 801 880 802
f 802 880 816
f 803 805 804
f 803 816 805
f 805 816 881
f 805 881 882
f 805 882 883
f 805 883 806
f 806 883 884
f 806 884 885
f 806 885 807
f 807 886 887
f 807 887 808
f 807 885 886
f 808 887 888
f 808 888 889
f 808 889 890
f 808 890 809
f 809 890 891
f 809 891 892
f 809 892 893
f 809 893 894
f 809 894 810
f 810 894 895
f 810 895 811
f 811 895 822
f 811 822 812
f 812 822 821
f 812 821 818
f 812 818 813
f 813 818 814
f 814 817 815
f 814 818 817
f 816 880 882
f 816 882 881
f 822 895 896
f 822 896 897
f 822 897 823
f 823 898 899
f 823 899 824
f 823 897 898
f 824 899 900
f 824 900 825
f 825 900 901
f 825 901 902
f 825 902 828
f 825 828 826
f 826 828 827
f 828 901 903
f 828 903 830
f 828 830 829
f 828 902 901
f 830 904 831
f 830 903 905
f 830 905 837
f 830 837 836
f 830 836 904
f 831 904 832
f 832 904 835
f 834 838 906
f 834 906 907
f 834 907 908
f 835 904 836
f 837 905 909
f 837 909 910
f 837 910 838
f 838 910 911
f 838 911 906
f 839 842 841
f 839 841 840
f 843 844 850
f 845 847 912
f 845 912 913
f 845 913 846
f 846 913 914
f 846 914 852
f 846 852 851
f 847 849 915
f 847 915 912
f 848 850 916
f 848 916 849
f 849 917 915
f 849 916 918
f 849 918 919
f 849 919 917
f 850 920 916
f 852 914 921
f 852 921 922
f 852 922 923
f 852 923 853
f 853 924 925
f 853 925 854
f 853 923 922
f 853 922 924
f 854 925 926
f 854 926 927
f 854 927 928
f 854 928 929
f 854 929 855
f 855 929 930
f 855 930 856
f 856 930 931
f 856 931 932
f 856 932 933
f 856 933 857
f 857 933 932
f 857 932 859
f 857 859 858
f 859 932 860
f 860 932 862
f 861 863 934
f 861 934 864
f 862 932 863
f 863 932 935
f 863 935 936
f 863 936 866
f 863 866 934
f 864 934 866
f 865 867 937
f 866 936 938
f 866 938 867
f 867 938 939
f 867 939 937
f 869 940 941
f 869 941 875
f 869 871 942
f 869 942 940
f 872 943 873
f 872 877 944
f 872 944 943
f 873 943 945
f 873 945 878
f 873 878 874
f 875 941 876
f 876 946 944
f 876 944 877
f 876 941 947
f 876 947 946
f 878 945 879
f 879 945 948
f 879 948 880
f 880 948 882
f 882 949 883
f 882 948 949
f 883 949 950
f 883 950 951
f 883 951 884
f 884 952 953
f 884 953 885
f 884 951 954
f 884 954 952
f 885 953 955
f 885 955 956
f 885 956 957
f 885 957 886
f 886 957 956
f 886 956 958
f 886 958 959
f 886 959 887
f 887 960 961
f 887 961 962
f 887 962 888
f 887 959 963
f 887 963 960
f 888 962 964
f 888 964 965
f 888 965 889
f 889 965 891
f 889 891 890
f 891 965 966
f 891 966 967
f 891 967 968
f 891 968 892
f 892 968 969
f 892 969 896
f 892 896 893
f 893 895 894
f 893 896 895
f 896 970 897
f 896 969 970
f 897 970 971
f 897 971 972
f 897 972 898
f 898 972 973
f 898 973 899
f 899 973 974
f 899 974 975
f 899 975 976
f 899 976 900
f 900 976 977
f 900 977 978
f 900 978 901
f 901 978 979
f 901 979 980
f 901 980 903
f 903 980 979
f 903 979 905
f 905 979 981
f 905 981 982
f 905 982 909
f 906 911 909
f 906 909 982
f 906 982 981
f 906 981 983
f 906 983 984
f 906 984 907
f 907 985 986
f 907 986 908
f 907 984 985
f 908 986 985
f 909 911 910
f 912 915 913
f 913 915 987
f 913 987 988
f 913 988 914
f 914 989 990
f 914 990 921
f 914 988 991
f 914 991 989
f 915 917 988
f 915 988 987
f 916 920 992
f 916 992 918
f 917 919 993
f 917 993 988
f 918 992 994
f 918 994 919
f 919 994 993
f 920 995 996
f 920 996 992
f 921 990 997
f 921 997 922
f 922 998 999
f 922 999 1000
f 922 1000 924
f 922 997 991
f 922 991 1001
f 922 1001 1002
f 922 1002 998
f 924 1000 925
f 925 1003 926
f 925 1000 1004
f 925 1004 1003
f 926 1003 1005
f 926 1005 927
f 927 1006 928
f 927 1005 1006
f 928 1006 1007
f 928 1007 1008
f 928 1008 1009
f 928 1009 1010
f 928 1010 1011
f 928 1011 929
f 929 1011 1012
f 929 1012 1013
f 929 1013 1014
f 929 1014 931
f 929 931 930
f 931 1014 932
f 932 1014 1013
f 932 1013 1015
f 932 1015 936
f 932 936 935
f 936 1015 1013
f 936 1013 1012
f 936 1012 938
f 937 939 1016
f 938 1012 939
f 939 1012 1017
f 939 1017 1018
f 939 1018 1019
f 939 1019 1020
f 939 1020 1021
f 939 1021 1016
f 940 1022 946
f 940 946 947
f 940 947 941
f 940 942 1023
f 940 1023 1024
f 940 1024 1022
f 943 948 945
f 943 944 946
f 943 946 1025
f 943 1025 950
f 943 950 949
f 943 949 948
f 946 1026 1025
f 946 1022 1026
f 950 1025 1027
f 950 1027 951
f 951 1027 1028
f 951 1028 1029
f 951 1029 1030
f 951 1030 954
f 952 1031 953
f 952 954 1030
f 952 1030 1032
f 952 1032 1031
f 953 1031 955
f 955 1031 956
f 956 1031 1033
f 956 1033 958
f 958 1033 1034
f 958 1034 1035
f 958 1035 963
f 958 963 959
f 960 1036 1037
f 960 1037 961
f 960 963 1036
f 961 1037 1038
f 961 1038 1039
f 961 1039 1040
f 961 1040 1041
f 961 1041 1042
f 961 1042 962
f 962 1042 1041
f 962 1041 1043
f 962 1043 964
f 963 1035 1044
f 963 1044 1036
f 964 1043 1041
f 964 1041 1045
f 964 1045 965
f 965 1045 966
f 966 1045 1041
f 966 1041 1040
f 966 1040 1039
f 966 1039 967
f 967 1046 1047
f 967 1047 1048
f 967 1048 1049
f 967 1049 1050
f 967 1050 968
f 967 1039 1051
f 967 1051 1052
f 967 1052 1046
f 968 1050 1053
f 968 1053 969
f 969 1053 970
f 970 1053 1054
f 970 1054 971
f 971 1054 972
f 972 1054 1055
f 972 1055 973
f 973 1055 974
f 974 1055 1056
f 974 1056 1057
f 974 1057 1058
f 974 1058 975
f 975 1058 1057
f 975 1057 976
f 976 1057 977
f 977 1057 1059
f 977 1059 1060
f 977 1060 979
f 977 979 978
f 979 1060 984
f 979 984 983
f 979 983 981
f 984 1060 1059
f 984 1059 1061
f 984 1061 1062
f 984 1062 985
f 985 1062 1063
f 988 993 991
f 989 991 997
f 989 997 990
f 991 993 1001
f 992 996 994
f 993 994 996
f 993 996 1064
f 993 1064 1001
f 995 1065 996
f 996 1065 1066
f 996 1066 1064
f 998 1067 1068
f 998 1068 999
f 998 1002 1067
f 999 1068 1069
f 999 1069 1000
f 1000 1069 1003
f 1000 1003 1004
f 1001 1064 1002
f 1002 1064 1066
f 1002 1066 1070
f 1002 1070 1071
f 1002 1071 1072
f 1002 1072 1067
f 1003 1073 1074
f 1003 1074 1005
f 1003 1069 1075
f 1003 1075 1076
f 1003 1076 1077
f 1003 1077 1073
f 1005 1074 1078
f 1005 1078 1006
f 1006 1078 1079
f 1006 1079 1080
f 1006 1080 1007
f 1007 1080 1009
f 1007 1009 1008
f 1009 1019 1018
f 1009 1018 1081
f 1009 1081 1012
f 1009 1012 1010
f 1009 1080 1079
f 1009 1079 1019
f 1010 1012 1011
f 1012 1081 1017
f 1016 1021 1082
f 1017 1081 1018
f 1019 1083 1084
f 1019 1084 1020
f 1019 1079 1083
f 1020 1085 1086
f 1020 1086 1087
f 1020 1087 1021
f 1020 1084 1085
f 1021 1087 1088
f 1021 1088 1082
f 1022 1024 1089
f 1022 1089 1090
f 1022 1090 1026
f 1025 1091 1027
f 1025 1026 1092
f 1025 1092 1091
f 1026 1093 1094
f 1026 1094 1092
f 1026 1090 1095
f 1026 1095 1093
f 1027 1091 1096
f 1027 1096 1029
f 1027 1029 1028
f 1029 1097 1032
f 1029 1032 1030
f 1029 1096 1097
f 1031 1032 1033
f 1032 1098 1033
f 1032 1097 1098
f 1033 1098 1099
f 1033 1099 1034
f 1034 1099 1100
f 1034 1100 1035
f 1035 1100 1101
f 1035 1101 1044
f 1036 1044 1037
f 1037 1101 1102
f 1037 1102 1038
f 1037 1044 1101
f 1038 1103 1104
f 1038 1104 1039
f 1038 1102 1105
f 1038 1105 1106
f 1038 1106 1103
f 1039 1104 1052
f 1039 1052 1051
f 1046 1107 1047
f 1046 1052 1107
f 1047 1107 1108
f 1047 1108 1109
f 1047 1109 1048
f 1048 1110 1049
f 1048 1109 1111
f 1048 1111 1110
f 1049 1110 1050
f 1050 1110 1112
f 1050 1112 1113
f 1050 1113 1053
f 1052 1104 1114
f 1052 1114 1115
f 1052 1115 1107
f 1053 1113 1116
f 1053 1116 1054
f 1054 1116 1055
f 1055 1117 1118
f 1055 1118 1056
f 1055 1116 1119
f 1055 1119 1120
f 1055 1120 1117
f 1056 1118 1061
f 1056 1061 1057
f 1057 1061 1059
f 1061 1121 1122
f 1061 1122 1062
f 1061 1118 1123
f 1061 1123 1124
f 1061 1124 1125
f 1061 1125 1121
f 1062 1122 1121
f 1062 1121 1126
f 1062 1126 1127
f 1062 1127 1063
f 1063 1127 1129
f 1063 1129 1128
f 1065 1130 1066
f 1066 1130 1131
f 1066 1131 1070
f 1067 1072 1132
f 1067 1132 1068
f 1068 1075 1069
f 1068 1132 1075
f 1070 1131 1133
f 1070 1133 1071
f 1071 1133 1134
f 1071 1134 1135
f 1071 1135 1136
f 1071 1136 1137
f 1071 1137 1077
f 1071 1077 1076
f 1071 1076 1075
f 1071 1075 1132
f 1071 1132 1072
f 1073 1138 1074
f 1073 1077 1137
f 1073 1137 1139
f 1073 1139 1136
f 1073 1136 1140
f 1073 1140 1138
f 1074 1141 1142
f 1074 1142 1078
f 1074 1138 1141
f 1078 1142 1143
f 1078 1143 1144
f 1078 1144 1079
f 1079 1144 1143
f 1079 1143 1145
f 1079 1145 1146
f 1079 1146 1147
f 1079 1147 1148
f 1079 1148 1083
f 1082 1088 1149
f 1083 1148 1084
f 1084 1150 1085
f 1084 1148 1150
f 1085 1151 1086
f 1085 1150 1151
f 1086 1151 1152
f 1086 1152 1153
f 1086 1153 1088
f 1086 1088 1087
f 1088 1153 1149
f 1091 1092 1154
f 1091 1154 1155
f 1091 1155 1156
f 1091 1156 1157
f 1091 1157 1158
f 1091 1158 1096
f 1092 1094 1154
f 1093 1095 1094
f 1094 1159 1160
f 1094 1160 1154
f 1094 1095 1161
f 1094 1161 1162
f 1094 1162 1163
f 1094 1163 1159
f 1096 1158 1164
f 1096 1164 1097
f 1097 1164 1098
f 1098 1165 1166
f 1098 1166 1099
f 1098 1164 1165
f 1099 1166 1167
f 1099 1167 1100
f 1100 1167 1168
f 1100 1168 1169
f 1100 1169 1101
f 1101 1170 1102
f 1101 1169 1170
f 1102 1170 1105
f 1103 1171 1172
f 1103 1172 1173
f 1103 1173 1114
f 1103 1114 1104
f 1103 1106 1174
f 1103 1174 1175
f 1103 1175 1176
f 1103 1176 1171
f 1105 1177 1106
f 1105 1170 1169
f 1105 1169 1178
f 1105 1178 1179
f 1105 1179 1177
f 1106 1177 1180
f 1106 1180 1181
f 1106 1181 1182
f 1106 1182 1174
f 1107 1115 1183
f 1107 1183 1108
f 1108 1184 1185
f 1108 1185 1109
f 1108 1183 1184
f 1109 1185 1186
f 1109 1186 1187
f 1109 1187 1188
f 1109 1188 1189
f 1109 1189 1190
f 1109 1190 1111
f 1110 1111 1191
f 1110 1191 1192
f 1110 1192 1193
f 1110 1193 1112
f 1111 1190 1194
f 1111 1194 1195
f 1111 1195 1191
f 1112 1193 1120
f 1112 1120 1196
f 1112 1196 1113
f 1113 1196 1119
f 1113 1119 1116
f 1114 1173 1197
f 1114 1197 1184
f 1114 1184 1115
f 1115 1184 1183
f 1117 1195 1124
f 1117 1124 1118
f 1117 1120 1192
f 1117 1192 1195
f 1118 1124 1123
f 1119 1196 1120
f 1120 1193 1192
f 1121 1125 1198
f 1121 1198 1126
f 1124 1195 1194
f 1124 1194 1199
f 1124 1199 1125
f 1125 1199 1200
f 1125 1200 1198
f 1126 1201 1127
f 1126 1198 1200
f 1126 1200 1201
f 1127 1201 1129
f 1128 1129 1202
f 1129 1201 1203
f 1129 1203 1204
f 1129 1204 1205
f 1129 1205 1206
f 1129 1206 1202
f 1130 1207 1134
f 1130 1134 1133
f 1130 1133 1131
f 1134 1207 1208
f 1134 1208 1209
f 1134 1209 1135
f 1135 1210 1211
f 1135 1211 1136
f 1135 1209 1212
f 1135 1212 1213
f 1135 1213 1210
f 1136 1139 1137
f 1136 1211 1214
f 1136 1214 1138
f 1136 1138 1140
f 1138 1215 1141
f 1138 1214 1216
f 1138 1216 1217
f 1138 1217 1215
f 1141 1215 1218
f 1141 1218 1219
f 1141 1219 1142
f 1142 1219 1220
f 1142 1220 1221
f 1142 1221 1222
f 1142 1222 1223
f 1142 1223 1224
f 1142 1224 1225
f 1142 1225 1226
f 1142 1226 1143
f 1143 1226 1227
f 1143 1227 1228
f 1143 1228 1146
f 1143 1146 1145
f 1146 1229 1230
f 1146 1230 1231
f 1146 1231 1232
f 1146 1232 1147
f 1146 1228 1229
f 1147 1232 1233
f 1147 1233 1150
f 1147 1150 1148
f 1149 1153 1234
f 1150 1233 1151
f 1151 1233 1152
f 1152 1233 1232
f 1152 1232 1230
f 1152 1230 1235
f 1152 1235 1236
f 1152 1236 1153
f 1153 1236 1237
f 1153 1237 1238
f 1153 1238 1239
f 1153 1239 1234
f 1154 1160 1241
f 1154 1241 1155
f 1155 1240 1156
f 1155 1241 1159
f 1155 1159 1240
f 1156 1240 1242
f 1156 1242 1157
f 1157 1242 1243
f 1157 1243 1158
f 1158 1243 1244
f 1158 1244 1164
f 1159 1245 1240
f 1159 1241 1160
f 1159 1163 1246
f 1159 1246 1245
f 1161 1247 1163
f 1161 1163 1162
f 1163 1247 1248
f 1163 1248 1249
f 1163 1249 1250
f 1163 1250 1251
f 1163 1251 1252
f 1163 1252 1246
f 1164 1244 1253
f 1164 1253 1165
f 1165 1253 1254
f 1165 1254 1166
f 1166 1255 1256
f 1166 1256 1167
f 1166 1254 1255
f 1167 1256 1168
f 1168 1256 1178
f 1168 1178 1169
f 1171 1257 1258
f 1171 1258 1173
f 1171 1173 1172
f 1171 1176 1259
f 1171 1259 1260
f 1171 1260 1257
f 1173 1258 1261
f 1173 1261 1262
f 1173 1262 1263
f 1173 1263 1264
f 1173 1264 1197
f 1174 1182 1265
f 1174 1265 1175
f 1175 1265 1176
f 1176 1265 1266
f 1176 1266 1267
f 1176 1267 1259
f 1177 1179 1180
f 1178 1256 1179
f 1179 1256 1268
f 1179 1268 1269
f 1179 1269 1266
f 1179 1266 1270
f 1179 1270 1181
f 1179 1181 1180
f 1181 1270 1182
f 1182 1270 1265
f 1184 1197 1185
f 1185 1197 1186
f 1186 1271 1272
f 1186 1272 1187
f 1186 1197 1273
f 1186 1273 1271
f 1187 1274 1275
f 1187 1275 1188
f 1187 1272 1276
f 1187 1276 1277
f 1187 1277 1278
f 1187 1278 1205
f 1187 1205 1274
f 1188 1275 1189
f 1189 1275 1274
f 1189 1274 1279
f 1189 1279 1280
f 1189 1280 1194
f 1189 1194 1190
f 1191 1195 1192
f 1194 1280 1279
f 1194 1279 1281
f 1194 1281 1199
f 1197 1264 1273
f 1199 1281 1203
f 1199 1203 1200
f 1200 1203 1201
f 1202 1206 1282
f 1203 1281 1204
f 1204 1281 1279
f 1204 1279 1274
f 1204 1274 1205
f 1205 1278 1206
f 1206 1278 1283
f 1206 1283 1284
f 1206 1284 1285
f 1206 1285 1286
f 1206 1286 1282
f 1210 1213 1287
f 1210 1287 1288
f 1210 1288 1289
f 1210 1289 1290
f 1210 1290 1211
f 1211 1290 1214
f 1213 1291 1287
f 1214 1289 1217
f 1214 1217 1216
f 1214 1290 1289
f 1215 1217 1218
f 1217 1289 1292
f 1217 1292 1218
f 1218 1293 1220
f 1218 1220 1219
f 1218 1292 1293
f 1220 1293 1221
f 1221 1293 1294
f 1221 1294 1222
f 1222 1294 1295
f 1222 1295 1296
f 1222 1296 1297
f 1222 1297 1298
f 1222 1298 1223
f 1223 1298 1224
f 1224 1298 1299
f 1224 1299 1225
f 1225 1227 1226
f 1225 1299 1227
f 1227 1299 1300
f 1227 1300 1228
f 1228 1300 1301
f 1228 1301 1229
f 1229 1301 1235
f 1229 1235 1230
f 1230 1232 1231
f 1235 1301 1300
f 1235 1300 1302
f 1235 1302 1303
f 1235 1303 1304
f 1235 1304 1236
f 1236 1304 1305
f 1236 1305 1306
f 1236 1306 1307
f 1236 1307 1308
f 1236 1308 1309
f 1236 1309 1310
f 1236 1310 1311
f 1236 1311 1237
f 1240 1312 1313
f 1240 1313 1242
f 1240 1245 1246
f 1240 1246 1314
f 1240 1314 1312
f 1242 1313 1315
f 1242 1315 1243
f 1243 1315 1244
f 1244 1315 1253
f 1246 1316 1317
f 1246 1317 1314
f 1246 1252 1318
f 1246 1318 1319
f 1246 1319 1320
f 1246 1320 1316
f 1253 1315 1254
f 1254 1321 1255
f 1254 1315 1322
f 1254 1322 1321
f 1255 1268 1256
f 1255 1321 1268
f 1257 1323 1258
f 1257 1260 1323
f 1258 1323 1324
f 1258 1324 1261
f 1259 1267 1260
f 1260 1267 1325
f 1260 1325 1326
f 1260 1326 1327
f 1260 1327 1328
f 1260 1328 1323
f 1261 1324 1323
f 1261 1323 1329
f 1261 1329 1330
f 1261 1330 1262
f 1262 1331 1263
f 1262 1330 1331
f 1263 1331 1332
f 1263 1332 1333
f 1263 1333 1334
f 1263 1334 1264
f 1264 1334 1335
f 1264 1335 1273
f 1265 1270 1266
f 1266 1269 1336
f 1266 1336 1267
f 1267 1336 1325
f 1268 1337 1336
f 1268 1336 1269
f 1268 1321 1337
f 1271 1277 1276
f 1271 1276 1272
f 1271 1273 1333
f 1271 1333 1277
f 1273 1335 1333
f 1277 1339 1278
f 1277 1333 1338
f 1278 1339 1283
f 1287 1340 1341
f 1287 1341 1342
f 1287 1342 1288
f 1287 1291 1340
f 1288 1342 1289
f 1289 1342 1343
f 1289 1343 1292
f 1291 1344 1345
f 1291 1345 1346
f 1291 1346 1347
f 1291 1347 1340
f 1292 1343 1293
f 1293 1348 1294
f 1293 1343 1349
f 1293 1349 1348
f 1294 1348 1350
f 1294 1350 1351
f 1294 1351 1295
f 1295 1351 1296
f 1296 1351 1297
f 1297 1351 1352
f 1297 1352 1353
f 1297 1353 1354
f 1297 1354 1298
f 1298 1354 1353
f 1298 1353 1355
f 1298 1355 1299
f 1299 1355 1356
f 1299 1356 1302
f 1299 1302 1357
f 1299 1357 1300
f 1300 1357 1302
f 1302 1356 1303
f 1303 1356 1305
f 1303 1305 1304
f 1305 1356 1358
f 1305 1358 1307
f 1305 1307 1306
f 1307 1358 1359
f 1312 1360 1361
f 1312 1361 1313
f 1312 1314 1317
f 1312 1317 1362
f 1312 1362 1363
f 1312 1363 1360
f 1313 1361 1364
f 1313 1364 1315
f 1315 1364 1322
f 1316 1320 1317
f 1317 1363 1362
f 1317 1320 1363
f 1320 1365 1363
f 1321 1366 1337
f 1321 1322 1367
f 1321 1367 1366
f 1322 1364 1367
f 1323 1328 1329
f 1325 1368 1326
f 1325 1336 1368
f 1326 1368 1327
f 1327 1369 1330
f 1327 1330 1328
f 1327 1368 1369
f 1328 1330 1329
f 1330 1369 1332
f 1330 1332 1331
f 1332 1369 1333
f 1333 1335 1334
f 1333 1369 1370
f 1333 1370 1371
f 1333 1371 1372
f 1333 1372 1373
f 1333 1373 1338
f 1336 1374 1375
f 1336 1375 1376
f 1336 1376 1377
f 1336 1377 1368
f 1336 1337 1378
f 1336 1378 1379
f 1336 1379 1380
f 1336 1380 1381
f 1336 1381 1382
f 1336 1382 1383
f 1336 1383 1384
f 1336 1384 1385
f 1336 1385 1386
f 1336 1386 1387
f 1336 1387 1374
f 1337 1366 1378
f 1338 1388 1389
f 1338 1389 1390
f 1338 1390 1391
f 1338 1373 1388
f 1340 1392 1393
f 1340 1393 1394
f 1340 1394 1341
f 1340 1347 1392
f 1341 1394 1348
f 1341 1348 1349
f 1341 1349 1342
f 1342 1349 1343
f 1344 1395 1396
f 1344 1396 1397
f 1344 1397 1345
f 1345 1397 1346
f 1346 1397 1393
f 1346 1393 1392
f 1346 1392 1347
f 1348 1398 1350
f 1348 1394 1398
f 1350 1399 1351
f 1350 1398 1400
f 1350 1400 1401
f 1350 1401 1402
f 1350 1402 1403
f 1350 1403 1399
f 1351 1404 1405
f 1351 1405 1406
f 1351 1406 1352
f 1351 1399 1404
f 1352 1407 1353
f 1352 1406 1407
f 1353 1407 1408
f 1353 1408 1356
f 1353 1356 1355
f 1356 1408 1358
f 1358 1408 1409
f 1358 1409 1359
f 1359 1409 1410
f 1360 1411 1361
f 1360 1363 1412
f 1360 1412 1413
f 1360 1413 1414
f 1360 1414 1411
f 1361 1411 1415
f 1361 1415 1416
f 1361 1416 1417
f 1361 1417 1418
f 1361 1418 1419
f 1361 1419 1364
f 1363 1420 1412
f 1363 1365 1420
f 1364 1419 1418
f 1364 1418 1380
f 1364 1380 1379
f 1364 1379 1367
f 1365 1421 1413
f 1365 1413 1420
f 1366 1379 1378
f 1366 1367 1379
f 1368 1377 1422
f 1368 1422 1423
f 1368 1423 1424
f 1368 1424 1425
f 1368 1425 1426
f 1368 1426 1369
f 1369 1426 1425
f 1369 1425 1370
f 1370 1427 1371
f 1370 1425 1427
f 1371 1427 1372
f 1372 1428 1373
f 1372 1427 1429
f 1372 1429 1430
f 1372 1430 1431
f 1372 1431 1428
f 1373 1389 1388
f 1373 1428 1389
f 1374 1432 1433
f 1374 1433 1375
f 1374 1387 1432
f 1375 1433 1434
f 1375 1434 1435
f 1375 1435 1376
f 1376 1436 1422
f 1376 1422 1377
f 1376 1435 1436
f 1380 1418 1381
f 1381 1418 1417
f 1381 1417 1437
f 1381 1437 1382
f 1382 1437 1383
f 1383 1417 1416
f 1383 1416 1438
f 1383 1438 1439
f 1383 1439 1384
f 1383 1437 1417
f 1384 1439 1440
f 1384 1440 1385
f 1385 1440 1387
f 1385 1387 1386
f 1387 1440 1441
f 1387 1441 1442
f 1387 1442 1443
f 1387 1443 1432
f 1389 1428 1390
f 1390 1428 1444
f 1390 1444 1445
f 1390 1445 1446
f 1390 1446 1447
f 1390 1447 1448
f 1390 1448 1391
f 1391 1448 1450
f 1391 1450 1451
f 1391 1451 1452
f 1391 1452 1453
f 1391 1453 1454
f 1391 1454 1455
f 1391 1455 1456
f 1391 1456 1457
f 1391 1457 1449
f 1393 1397 1458
f 1393 1458 1398
f 1393 1398 1394
f 1395 1459 1460
f 1395 1460 1461
f 1395 1461 1396
f 1396 1461 1460
f 1396 1460 1462
f 1396 1462 1463
f 1396 1463 1464
f 1396 1464 1397
f 1397 1464 1465
f 1397 1465 1458
f 1398 1458 1465
f 1398 1465 1466
f 1398 1466 1400
f 1399 1403 1404
f 1400 1467 1468
f 1400 1468 1401
f 1400 1466 1467
f 1401 1468 1402
f 1402 1469 1470
f 1402 1470 1471
f 1402 1471 1472
f 1402 1472 1403
f 1402 1468 1469
f 1403 1405 1404
f 1403 1472 1471
f 1403 1471 1470
f 1403 1470 1473
f 1403 1473 1474
f 1403 1474 1475
f 1403 1475 1476
f 1403 1476 1477
f 1403 1477 1405
f 1405 1477 1406
f 1406 1477 1478
f 1406 1478 1407
f 1407 1478 1479
f 1407 1479 1408
f 1408 1479 1480
f 1408 1480 1409
f 1409 1480 1481
f 1409 1481 1410
f 1410 1481 1482
f 1411 1483 1484
f 1411 1484 1415
f 1411 1414 1485
f 1411 1485 1486
f 1411 1486 1483
f 1412 1420 1413
f 1413 1487 1485
f 1413 1485 1414
f 1413 1421 1488
f 1413 1488 1489
f 1413 1489 1487
f 1415 1484 1490
f 1415 1490 1491
f 1415 1491 1416
f 1416 1492 1438
f 1416 1491 1492
f 1422 1436 1493
f 1422 1493 1494
f 1422 1494 1424
f 1422 1424 1423
f 1424 1495 1427
f 1424 1427 1425
f 1424 1494 1493
f 1424 1493 1496
f 1424 1496 1495
f 1427 1495 1429
f 1428 1431 1497
f 1428 1497 1445
f 1428 1445 1444
f 1429 1495 1498
f 1429 1498 1430
f 1430 1498 1499
f 1430 1499 1500
f 1430 1500 1501
f 1430 1501 1431
f 1431 1501 1502
f 1431 1502 1497
f 1432 1503 1433
f 1432 1443 1503
f 1433 1503 1504
f 1433 1504 1505
f 1433 1505 1434
f 1434 1506 1435
f 1434 1505 1507
f 1434 1507 1506
f 1435 1506 1508
f 1435 1508 1509
f 1435 1509 1436
f 1436 1509 1498
f 1436 1498 1493
f 1438 1492 1439
f 1439 1492 1510
f 1439 1510 1440
f 1440 1510 1511
f 1440 1511 1512
f 1440 1512 1513
f 1440 1513 1441
f 1441 1513 1442
f 1442 1514 1515
f 1442 1515 1443
f 1442 1513 1514
f 1443 1515 1504
f 1443 1504 1516
f 1443 1516 1503
f 1445 1497 1502
f 1445 1502 1501
f 1445 1501 1500
f 1445 1500 1517
f 1445 1517 1446
f 1446 1517 1447
f 1447 1517 1518
f 1447 1518 1448
f 1448 1518 1506
f 1448 1506 1519
f 1448 1519 1520
f 1448 1520 1450
f 1449 1457 1521
f 1450 1520 1522
f 1450 1522 1451
f 1451 1522 1523
f 1451 1523 1452
f 1452 1523 1524
f 1452 1524 1525
f 1452 1525 1453
f 1453 1525 1454
f 1454 1525 1526
f 1454 1526 1527
f 1454 1527 1455
f 1455 1528 1529
f 1455 1529 1456
f 1455 1527 1530
f 1455 1530 1528
f 1456 1529 1531
f 1456 1531 1457
f 1457 1531 1521
f 1459 1532 1460
f 1459 1533 1534
f 1459 1534 1535
f 1459 1535 1532
f 1460 1532 1536
f 1460 1536 1537
f 1460 1537 1538
f 1460 1538 1462
f 1462 1538 1539
f 1462 1539 1463
f 1463 1539 1540
f 1463 1540 1541
f 1463 1541 1542
f 1463 1542 1543
f 1463 1543 1544
f 1463 1544 1464
f 1464 1544 1467
f 1464 1467 1465
f 1465 1467 1466
f 1467 1544 1545
f 1467 1545 1546
f 1467 1546 1547
f 1467 1547 1548
f 1467 1548 1549
f 1467 1549 1468
f 1468 1549 1469
f 1469 1549 1548
f 1469 1548 1470
f 1470 1548 1473
f 1473 1550 1551
f 1473 1551 1474
f 1473 1548 1547
f 1473 1547 1546
f 1473 1546 1550
f 1474 1551 1475
f 1475 1551 1552
f 1475 1552 1553
f 1475 1553 1478
f 1475 1478 1477
f 1475 1477 1476
f 1478 1553 1479
f 1479 1553 1480
f 1480 1553 1552
f 1480 1552 1554
f 1480 1554 1555
f 1480 1555 1482
f 1480 1482 1481
f 1482 1555 1556
f 1483 1557 1490
f 1483 1490 1484
f 1483 1486 1485
f 1483 1485 1558
f 1483 1558 1559
f 1483 1559 1557
f 1485 1559 1558
f 1485 1487 1559
f 1487 1560 1561
f 1487 1561 1559
f 1487 1489 1562
f 1487 1562 1560
f 1490 1557 1510
f 1490 1510 1491
f 1491 1510 1492
f 1493 1498 1496
f 1495 1496 1498
f 1498 1509 1508
f 1498 1508 1506
f 1498 1506 1518
f 1498 1518 1517
f 1498 1517 1500
f 1498 1500 1499
f 1503 1516 1504
f 1504 1563 1564
f 1504 1564 1565
f 1504 1565 1505
f 1504 1515 1514
f 1504 1514 1563
f 1505 1565 1507
f 1506 1507 1566
f 1506 1566 1567
f 1506 1567 1568
f 1506 1568 1569
f 1506 1569 1570
f 1506 1570 1519
f 1507 1565 1566
f 1510 1557 1561
f 1510 1561 1571
f 1510 1571 1572
f 1510 1572 1511
f 1511 1572 1512
f 1512 1572 1573
f 1512 1573 1574
f 1512 1574 1575
f 1512 1575 1576
f 1512 1576 1577
f 1512 1577 1578
f 1512 1578 1579
f 1512 1579 1580
f 1512 1580 1514
f 1512 1514 1513
f 1514 1580 1581
f 1514 1581 1563
f 1519 1570 1520
f 1520 1570 1582
f 1520 1582 1522
f 1521 1531 1584
f 1521 1584 1583
f 1522 1582 1523
f 1523 1585 1586
f 1523 1586 1587
f 1523 1587 1588
f 1523 1588 1524
f 1523 1582 1585
f 1524 1588 1589
f 1524 1589 1525
f 1525 1589 1527
f 1525 1527 1526
f 1527 1589 1590
f 1527 1590 1530
f 1528 1591 1529
f 1528 1530 1591
f 1529 1591 1592
f 1529 1592 1531
f 1530 1590 1593
f 1530 1593 1594
f 1530 1594 1595
f 1530 1595 1596
f 1530 1596 1591
f 1531 1597 1584
f 1531 1592 1597
f 1532 1535 1598
f 1532 1598 1599
f 1532 1599 1536
f 1533 1600 1534
f 1534 1601 1602
f 1534 1602 1603
f 1534 1603 1604
f 1534 1604 1605
f 1534 1605 1606
f 1534 1606 1607
f 1534 1607 1535
f 1534 1600 1608
f 1534 1608 1601
f 1535 1607 1598
f 1536 1599 1598
f 1536 1598 1609
f 1536 1609 1537
f 1537 1609 1610
f 1537 1610 1611
f 1537 1611 1538
f 1538 1611 1540
f 1538 1540 1539
f 1540 1611 1541
f 1541 1612 1613
f 1541 1613 1542
f 1541 1611 1614
f 1541 1614 1612
f 1542 1613 1615
f 1542 1615 1616
f 1542 1616 1543
f 1543 1545 1544
f 1543 1616 1617
f 1543 1617 1545
f 1545 1617 1546
f 1546 1617 1550
f 1550 1618 1619
f 1550 1619 1620
f 1550 1620 1554
f 1550 1554 1551
f 1550 1617 1618
f 1551 1554 1552
f 1554 1620 1621
f 1554 1621 1555
f 1555 1621 1622
f 1555 1622 1556
f 1557 1559 1561
f 1560 1562 1561
f 1561 1623 1571
f 1561 1562 1623
f 1562 1624 1623
f 1563 1581 1564
f 1564 1625 1626
f 1564 1626 1566
f 1564 1566 1565
f 1564 1581 1625
f 1566 1626 1627
f 1566 1627 1567
f 1567 1627 1628
f 1567 1628 1629
f 1567 1629 1630
f 1567 1630 1568
f 1568 1630 1631
f 1568 1631 1569
f 1569 1632 1570
f 1569 1631 1632
f 1570 1632 1585
f 1570 1585 1582
f 1571 1623 1572
f 1572 1623 1573
f 1573 1623 1633
f 1573 1633 1634
f 1573 1634 1635
f 1573 1635 1574
f 1574 1635 1636
f 1574 1636 1576
f 1574 1576 1575
f 1576 1636 1637
f 1576 1637 1638
f 1576 1638 1639
f 1576 1639 1640
f 1576 1640 1641
f 1576 1641 1577
f 1577 1641 1642
f 1577 1642 1643
f 1577 1643 1578
f 1578 1643 1580
f 1578 1580 1579
f 1580 1643 1642
f 1580 1642 1581
f 1581 1642 1625
f 1583 1584 1645
f 1583 1645 1644
f 1584 1597 1645
f 1585 1632 1630
f 1585 1630 1646
f 1585 1646 1647
f 1585 1647 1586
f 1586 1647 1587
f 1587 1648 1589
f 1587 1589 1588
f 1587 1647 1629
f 1587 1629 1649
f 1587 1649 1650
f 1587 1650 1651
f 1587 1651 1652
f 1587 1652 1653
f 1587 1653 1654
f 1587 1654 1655
f 1587 1655 1648
f 1589 1648 1656
f 1589 1656 1657
f 1589 1657 1658
f 1589 1658 1659
f 1589 1659 1660
f 1589 1660 1590
f 1590 1661 1593
f 1590 1660 1662
f 1590 1662 1661
f 1591 1596 1595
f 1591 1595 1663
f 1591 1663 1592
f 1592 1663 1597
f 1593 1664 1594
f 1593 1661 1665
f 1593 1665 1666
f 1593 1666 1664
f 1594 1667 1595
f 1594 1664 1667
f 1595 1667 1668
f 1595 1668 1669
f 1595 1669 1670
f 1595 1670 1597
f 1595 1597 1663
f 1597 1671 1645
f 1597 1670 1672
f 1597 1672 1673
f 1597 1673 1674
f 1597 1674 1671
f 1598 1607 1675
f 1598 1675 1609
f 1601 1608 1602
f 1602 1608 1676
f 1602 1676 1677
f 1602 1677 1678
f 1602 1678 1603
f 1603 1678 1679
f 1603 1679 1680
f 1603 1680 1604
f 1604 1680 1605
f 1605 1680 1681
f 1605 1681 1682
f 1605 1682 1606
f 1606 1682 1683
f 1606 1683 1684
f 1606 1684 1607
f 1607 1684 1675
f 1608 1685 1676
f 1609 1675 1686
f 1609 1686 1687
f 1609 1687 1688
f 1609 1688 1689
f 1609 1689 1610
f 1610 1689 1690
f 1610 1690 1611
f 1611 1690 1691
f 1611 1691 1614
f 1612 1614 1613
f 1613 1614 1692
f 1613 1692 1615
f 1614 1691 1693
f 1614 1693 1692
f 1615 1692 1694
f 1615 1694 1695
f 1615 1695 1696
f 1615 1696 1616
f 1616 1696 1697
f 1616 1697 1698
f 1616 1698 1699
f 1616 1699 1618
f 1616 1618 1617
f 1618 1699 1619
f 1619 1700 1620
f 1619 1699 1700
f 1620 1700 1698
f 1620 1698 1621
f 1621 1698 1701
f 1621 1701 1702
f 1621 1702 1703
f 1621 1703 1622
f 1623 1624 1633
f 1625 1640 1626
f 1625 1642 1641
f 1625 1641 1640
f 1626 1640 1704
f 1626 1704 1627
f 1627 1705 1706
f 1627 1706 1628
f 1627 1704 1640
f 1627 1640 1707
f 1627 1707 1708
f 1627 1708 1709
f 1627 1709 1705
f 1628 1706 1629
f 1629 1710 1711
f 1629 1711 1712
f 1629 1712 1713
f 1629 1713 1650
f 1629 1650 1649
f 1629 1647 1646
f 1629 1646 1630
f 1629 1706 1710
f 1630 1632 1631
f 1634 1714 1636
f 1634 1636 1715
f 1634 1715 1635
f 1635 1715 1636
f 1636 1714 1637
f 1637 1716 1717
f 1637 1717 1708
f 1637 1708 1718
f 1637 1718 1638
f 1637 1714 1719
f 1637 1719 1720
f 1637 1720 1716
f 1638 1718 1721
f 1638 1721 1639
f 1639 1721 1640
f 1640 1721 1707
f 1644 1645 1722
f 1645 1671 1723
f 1645 1723 1722
f 1648 1655 1656
f 1650 1713 1651
f 1651 1653 1652
f 1651 1713 1724
f 1651 1724 1725
f 1651 1725 1653
f 1653 1726 1654
f 1653 1725 1726
f 1654 1656 1655
f 1654 1726 1727
f 1654 1727 1657
f 1654 1657 1656
f 1657 1728 1729
f 1657 1729 1658
f 1657 1727 1730
f 1657 1730 1728
f 1658 1729 1659
f 1659 1731 1660
f 1659 1729 1732
f 1659 1732 1733
f 1659 1733 1731
f 1660 1731 1733
f 1660 1733 1734
f 1660 1734 1735
f 1660 1735 1736
f 1660 1736 1737
f 1660 1737 1738
f 1660 1738 1662
f 1661 1662 1738
f 1661 1738 1737
f 1661 1737 1739
f 1661 1739 1665
f 1664 1666 1740
f 1664 1740 1741
f 1664 1741 1742
f 1664 1742 1743
f 1664 1743 1744
f 1664 1744 1745
f 1664 1745 1667
f 1665 1739 1737
f 1665 1737 1746
f 1665 1746 1747
f 1665 1747 1666
f 1666 1747 1740
f 1667 1745 1748
f 1667 1748 1668
f 1668 1748 1669
f 1669 1749 1674
f 1669 1674 1673
f 1669 1673 1750
f 1669 1750 1670
f 1669 1748 1749
f 1670 1750 1673
f 1670 1673 1672
f 1671 1674 1751
f 1671 1751 1752
f 1671 1752 1723
f 1674 1749 1753
f 1674 1753 1754
f 1674 1754 1751
f 1675 1684 1686
f 1676 1685 1755
f 1676 1755 1756
f 1676 1756 1757
f 1676 1757 1677
f 1677 1757 1758
f 1677 1758 1759
f 1677 1759 1760
f 1677 1760 1678
f 1678 1760 1761
f 1678 1761 1679
f 1679 1761 1762
f 1679 1762 1763
f 1679 1763 1764
f 1679 1764 1680
f 1680 1764 1765
f 1680 1765 1681
f 1681 1765 1766
f 1681 1766 1767
f 1681 1767 1768
f 1681 1768 1682
f 1682 1768 1769
f 1682 1769 1770
f 1682 1770 1771
f 1682 1771 1772
f 1682 1772 1773
f 1682 1773 1774
f 1682 1774 1775
f 1682 1775 1683
f 1683 1775 1684
f 1684 1687 1686
f 1684 1775 1776
f 1684 1776 1688
f 1684 1688 1687
f 1685 1777 1755
f 1688 1776 1778
f 1688 1778 1779
f 1688 1779 1780
f 1688 1780 1781
f 1688 1781 1782
f 1688 1782 1689
f 1689 1782 1783
f 1689 1783 1690
f 1690 1783 1784
f 1690 1784 1785
f 1690 1785 1786
f 1690 1786 1787
f 1690 1787 1788
f 1690 1788 1789
f 1690 1789 1691
f 1691 1789 1693
f 1692 1693 1694
f 1693 1789 1694
f 1694 1787 1790
f 1694 1790 1695
f 1694 1789 1788
f 1694 1788 1787
f 1695 1790 1791
f 1695 1791 1792
f 1695 1792 1696
f 1696 1792 1793
f 1696 1793 1697
f 1697 1793 1698
f 1698 1793 1794
f 1698 1794 1795
f 1698 1795 1796
f 1698 1796 1797
f 1698 1797 1701
f 1698 1700 1699
f 1701 1797 1798
f 1701 1798 1799
f 1701 1799 1800
f 1701 1800 1702
f 1705 1709 1801
f 1705 1801 1802
f 1705 1802 1706
f 1706 1802 1803
f 1706 1803 1710
f 1707 1721 1708
f 1708 1804 1801
f 1708 1801 1709
f 1708 1721 1718
f 1708 1717 1805
f 1708 1805 1804
f 1710 1803 1711
f 1711 1803 1802
f 1711 1802 1804
f 1711 1804 1712
f 1712 1804 1806
f 1712 1806 1807
f 1712 1807 1713
f 1713 1808 1724
f 1713 1807 1809
f 1713 1809 1808
f 1716 1810 1811
f 1716 1811 1805
f 1716 1805 1717
f 1716 1720 1812
f 1716 1812 1813
f 1716 1813 1810
f 1722 1723 1815
f 1722 1815 1816
f 1722 1816 1817
f 1722 1817 1818
f 1722 1818 1814
f 1723 1819 1816
f 1723 1816 1815
f 1723 1752 1819
f 1724 1808 1820
f 1724 1820 1725
f 1725 1820 1726
f 1726 1820 1808
f 1726 1808 1727
f 1727 1808 1821
f 1727 1821 1822
f 1727 1822 1823
f 1727 1823 1824
f 1727 1824 1825
f 1727 1825 1826
f 1727 1826 1730
f 1728 1732 1729
f 1728 1730 1827
f 1728 1827 1828
f 1728 1828 1732
f 1730 1829 1828
f 1730 1828 1827
f 1730 1826 1830
f 1730 1830 1829
f 1732 1828 1831
f 1732 1831 1733
f 1733 1831 1734
f 1734 1831 1832
f 1734 1832 1735
f 1735 1832 1833
f 1735 1833 1746
f 1735 1746 1736
f 1736 1746 1737
f 1740 1747 1834
f 1740 1834 1835
f 1740 1835 1741
f 1741 1743 1742
f 1741 1835 1743
f 1743 1835 1744
f 1744 1836 1837
f 1744 1837 1838
f 1744 1838 1839
f 1744 1839 1745
f 1744 1835 1836
f 1745 1839 1748
f 1746 1833 1840
f 1746 1840 1841
f 1746 1841 1747
f 1747 1841 1842
f 1747 1842 1843
f 1747 1843 1834
f 1748 1839 1844
f 1748 1844 1845
f 1748 1845 1753
f 1748 1753 1749
f 1751 1754 1752
f 1752 1754 1753
f 1752 1753 1846
f 1752 1846 1819
f 1753 1845 1847
f 1753 1847 1848
f 1753 1848 1849
f 1753 1849 1850
f 1753 1850 1846
f 1755 1777 1756
f 1756 1851 1852
f 1756 1852 1757
f 1756 1777 1851
f 1757 1853 1758
f 1757 1852 1853
f 1758 1853 1854
f 1758 1854 1759
f 1759 1854 1855
f 1759 1855 1763
f 1759 1763 1760
f 1760 1763 1762
f 1760 1762 1761
f 1763 1855 1856
f 1763 1856 1857
f 1763 1857 1764
f 1764 1857 1765
f 1765 1857 1858
f 1765 1858 1766
f 1766 1858 1859
f 1766 1859 1860
f 1766 1860 1767
f 1767 1860 1769
f 1767 1769 1768
f 1769 1860 1861
f 1769 1861 1862
f 1769 1862 1863
f 1769 1863 1864
f 1769 1864 1865
f 1769 1865 1866
f 1769 1866 1770
f 1770 1866 1771
f 1771 1866 1772
f 1772 1866 1867
f 1772 1867 1868
f 1772 1868 1869
f 1772 1869 1773
f 1773 1869 1870
f 1773 1870 1871
f 1773 1871 1774
f 1774 1871 1775
f 1775 1871 1778
f 1775 1778 1776
f 1777 1872 1873
f 1777 1873 1874
f 1777 1874 1851
f 1778 1871 1875
f 1778 1875 1779
f 1779 1875 1876
f 1779 1876 1780
f 1780 1876 1781
f 1781 1876 1877
f 1781 1877 1878
f 1781 1878 1784
f 1781 1784 1782
f 1782 1784 1783
f 1784 1878 1879
f 1784 1879 1880
f 1784 1880 1787
f 1784 1787 1785
f 1785 1787 1786
f 1787 1880 1881
f 1787 1881 1882
f 1787 1882 1883
f 1787 1883 1884
f 1787 1884 1790
f 1790 1884 1791
f 1791 1883 1882
f 1791 1882 1885
f 1791 1885 1795
f 1791 1795 1792
f 1791 1884 1883
f 1792 1795 1793
f 1793 1795 1794
f 1795 1885 1886
f 1795 1886 1796
f 1796 1886 1887
f 1796 1887 1797
f 1797 1887 1888
f 1797 1888 1798
f 1798 1888 1889
f 1798 1889 1799
f 1801 1804 1890
f 1801 1890 1802
f 1802 1890 1804
f 1804 1807 1806
f 1804 1805 1891
f 1804 1891 1807
f 1805 1811 1892
f 1805 1892 1893
f 1805 1893 1891
f 1807 1894 1895
f 1807 1895 1896
f 1807 1896 1822
f 1807 1822 1809
f 1807 1891 1897
f 1807 1897 1898
f 1807 1898 1899
f 1807 1899 1894
f 1808 1809 1900
f 1808 1900 1822
f 1808 1822 1821
f 1809 1822 1900
f 1810 1813 1811
f 1811 1901 1902
f 1811 1902 1892
f 1811 1813 1903
f 1811 1903 1901
f 1814 1818 1905
f 1814 1905 1906
f 1814 1906 1904
f 1816 1819 1817
f 1817 1819 1907
f 1817 1907 1908
f 1817 1908 1818
f 1818 1909 1910
f 1818 1910 1905
f 1818 1908 1911
f 1818 1911 1912
f 1818 1912 1909
f 1819 1846 1907
f 1822 1896 1895
f 1822 1895 1823
f 1823 1895 1913
f 1823 1913 1914
f 1823 1914 1824
f 1824 1915 1830
f 1824 1830 1916
f 1824 1916 1917
f 1824 1917 1825
f 1824 1914 1918
f 1824 1918 1919
f 1824 1919 1915
f 1825 1917 1826
f 1826 1917 1916
f 1826 1916 1830
f 1828 1829 1920
f 1828 1920 1921
f 1828 1921 1831
f 1829 1830 1922
f 1829 1922 1923
f 1829 1923 1920
f 1830 1915 1922
f 1831 1921 1924
f 1831 1924 1832
f 1832 1924 1833
f 1833 1924 1840
f 1834 1843 1842
f 1834 1842 1835
f 1835 1842 1925
f 1835 1925 1926
f 1835 1926 1836
f 1836 1927 1837
f 1836 1926 1928
f 1836 1928 1927
f 1837 1927 1838
f 1838 1927 1929
f 1838 1929 1930
f 1838 1930 1931
f 1838 1931 1844
f 1838 1844 1839
f 1840 1932 1841
f 1840 1924 1932
f 1841 1932 1842
f 1842 1932 1925
f 1844 1931 1845
f 1845 1933 1847
f 1845 1931 1933
f 1846 1850 1934
f 1846 1934 1907
f 1847 1933 1848
f 1848 1935 1934
f 1848 1934 1849
f 1848 1933 1935
f 1849 1934 1850
f 1851 1874 1852
f 1852 1874 1936
f 1852 1936 1853
f 1853 1937 1854
f 1853 1936 1938
f 1853 1938 1939
f 1853 1939 1940
f 1853 1940 1937
f 1854 1937 1941
f 1854 1941 1942
f 1854 1942 1855
f 1855 1942 1856
f 1856 1943 1857
f 1856 1942 1944
f 1856 1944 1945
f 1856 1945 1946
f 1856 1946 1943
f 1857 1943 1859
f 1857 1859 1858
f 1859 1946 1947
f 1859 1947 1860
f 1859 1943 1946
f 1860 1947 1948
f 1860 1948 1861
f 1861 1949 1950
f 1861 1950 1951
f 1861 1951 1952
f 1861 1952 1953
f 1861 1953 1862
f 1861 1948 1949
f 1862 1953 1954
f 1862 1954 1955
f 1862 1955 1863
f 1863 1956 1957
f 1863 1957 1864
f 1863 1955 1958
f 1863 1958 1959
f 1863 1959 1956
f 1864 1957 1868
f 1864 1868 1867
f 1864 1867 1865
f 1865 1867 1866
f 1868 1957 1960
f 1868 1960 1961
f 1868 1961 1869
f 1869 1961 1870
f 1870 1961 1960
f 1870 1960 1871
f 1871 1960 1962
f 1871 1962 1963
f 1871 1963 1875
f 1872 1964 1965
f 1872 1965 1873
f 1873 1965 2056
f 1873 2056 1966
f 1873 1966 1874
f 1874 1966 1967
f 1874 1967 1968
f 1874 1968 1936
f 1875 1963 1876
f 1876 1963 1877
f 1877 1963 1969
f 1877 1969 1878
f 1878 1969 1970
f 1878 1970 1879
f 1879 1970 1971
f 1879 1971 1880
f 1880 1971 1972
f 1880 1972 1973
f 1880 1973 1881
f 1881 1973 1882
f 1882 1973 1885
f 1885 1973 1974
f 1885 1974 1889
f 1885 1889 1886
f 1886 1889 1887
f 1887 1889 1888
f 1891 1893 1975
f 1891 1975 1897
f 1892 1976 1893
f 1892 1902 1977
f 1892 1977 1978
f 1892 1978 1976
f 1893 1976 1975
f 1894 1914 1895
f 1894 1899 1918
f 1894 1918 1914
f 1895 1914 1913
f 1897 1975 1979
f 1897 1979 1898
f 1898 1979 1980
f 1898 1980 1981
f 1898 1981 1899
f 1899 1981 1976
f 1899 1976 1978
f 1899 1978 1977
f 1899 1977 1982
f 1899 1982 1903
f 1899 1903 1983
f 1899 1983 1918
f 1901 1977 1902
f 1901 1903 1977
f 1903 1982 1977
f 1904 1906 1984
f 1905 1910 1985
f 1905 1985 1906
f 1906 1985 1910
f 1906 1910 1986
f 1906 1986 1965
f 1906 1965 1987
f 1906 1987 1988
f 1906 1988 1984
f 1907 1934 1908
f 1908 1934 1935
f 1908 1935 1911
f 1909 1912 1989
f 1909 1989 1910
f 1910 1989 1986
f 1911 1935 1990
f 1911 1990 1912
f 1912 1990 1991
f 1912 1991 1989
f 1915 1919 1992
f 1915 1992 1993
f 1915 1993 1922
f 1918 1983 1994
f 1918 1994 1995
f 1918 1995 1919
f 1919 1996 1992
f 1919 1995 1997
f 1919 1997 1998
f 1919 1998 1996
f 1920 1999 2000
f 1920 2000 1924
f 1920 1924 1921
f 1920 1923 1999
f 1922 1993 2001
f 1922 2001 1923
f 1923 2001 2002
f 1923 2002 2003
f 1923 2003 2004
f 1923 2004 1999
f 1924 2000 2005
f 1924 2005 2006
f 1924 2006 1932
f 1925 2007 2008
f 1925 2008 2009
f 1925 2009 1926
f 1925 1932 2006
f 1925 2006 2007
f 1926 2009 1928
f 1927 1928 2010
f 1927 2010 1929
f 1928 2009 2008
f 1928 2008 2010
f 1929 2010 2011
f 1929 2011 2012
f 1929 2012 2013
f 1929 2013 1930
f 1930 2014 2015
f 1930 2015 1931
f 1930 2013 2016
f 1930 2016 2014
f 1931 2015 2017
f 1931 2017 1933
f 1933 2017 1990
f 1933 1990 1935
f 1936 2018 1938
f 1936 1968 1967
f 1936 1967 2019
f 1936 2019 2018
f 1937 2020 2021
f 1937 2021 1941
f 1937 1940 2020
f 1938 2018 2022
f 1938 2022 1940
f 1938 1940 1939
f 1940 2023 2024
f 1940 2024 2025
f 1940 2025 2026
f 1940 2026 2027
f 1940 2027 2020
f 1940 2022 2018
f 1940 2018 2023
f 1941 2021 2028
f 1941 2028 1942
f 1942 2028 1944
f 1944 2028 2029
f 1944 2029 1945
f 1945 2029 2030
f 1945 2030 1947
f 1945 1947 1946
f 1947 2031 1949
f 1947 1949 1948
f 1947 2030 2031
f 1949 2031 2032
f 1949 2032 2033
f 1949 2033 1950
f 1950 2033 2034
f 1950 2034 2035
f 1950 2035 2036
f 1950 2036 1951
f 1951 2036 2037
f 1951 2037 2038
f 1951 2038 1952
f 1952 2038 1953
f 1953 2038 2039
f 1953 2039 2040
f 1953 2040 2041
f 1953 2041 2042
f 1953 2042 2043
f 1953 2043 2044
f 1953 2044 1954
f 1954 2044 1955
f 1955 2044 2045
f 1955 2045 2046
f 1955 2046 2047
f 1955 2047 1958
f 1956 1960 1957
f 1956 1959 1960
f 1958 2048 1959
f 1958 2047 2049
f 1958 2049 2048
f 1959 2048 2050
f 1959 2050 1960
f 1960 2050 2051
f 1960 2051 1962
f 1962 2051 2052
f 1962 2052 1963
f 1963 2052 2053
f 1963 2053 2054
f 1963 2054 1969
f 1964 1987 1965
f 1965 1986 2055
f 1965 2055 2056
f 1966 2056 2057
f 1966 2057 1967
f 1967 2057 2019
f 1969 2054 1970
f 1970 2054 1972
f 1970 1972 1971
f 1972 2058 2059
f 1972 1974 1973
f 1972 2054 2058
f 1975 1976 1979
f 1976 1981 1980
f 1976 1980 1979
f 1986 1989 1991
f 1986 1991 2055
f 1990 2017 2015
f 1990 2015 2060
f 1990 2060 2061
f 1990 2061 1991
f 1991 2061 2055
f 1992 1996 1993
f 1993 1996 2062
f 1993 2062 2001
f 1996 1998 2063
f 1996 2063 2062
f 1999 2004 2064
f 1999 2064 2065
f 1999 2065 2066
f 1999 2066 2067
f 1999 2067 2000
f 2000 2067 2068
f 2000 2068 2005
f 2001 2062 2063
f 2001 2063 2069
f 2001 2069 2070
f 2001 2070 2002
f 2002 2070 2003
f 2003 2071 2004
f 2003 2070 2069
f 2003 2069 2072
f 2003 2072 2073
f 2003 2073 2074
f 2003 2074 2071
f 2004 2075 2064
f 2004 2071 2075
f 2005 2068 2006
f 2006 2076 2077
f 2006 2077 2078
f 2006 2078 2008
f 2006 2008 2007
f 2006 2068 2076
f 2008 2079 2011
f 2008 2011 2010
f 2008 2078 2080
f 2008 2080 2079
f 2011 2081 2012
f 2011 2079 2080
f 2011 2080 2082
f 2011 2082 2081
f 2012 2083 2013
f 2012 2081 2083
f 2013 2083 2016
f 2014 2016 2084
f 2014 2084 2024
f 2014 2024 2015
f 2015 2085 2086
f 2015 2086 2060
f 2015 2024 2023
f 2015 2023 2085
f 2016 2083 2087
f 2016 2087 2088
f 2016 2088 2089
f 2016 2089 2084
f 2018 2019 2057
f 2018 2057 2090
f 2018 2090 2091
f 2018 2091 2023
f 2020 2027 2028
f 2020 2028 2021
f 2023 2091 2086
f 2023 2086 2085
f 2024 2084 2089
f 2024 2089 2092
f 2024 2092 2025
f 2025 2092 2093
f 2025 2093 2094
f 2025 2094 2095
f 2025 2095 2096
f 2025 2096 2097
f 2025 2097 2029
f 2025 2029 2026
f 2026 2029 2027
f 2027 2029 2028
f 2029 2097 2098
f 2029 2098 2030
f 2030 2098 2032
f 2030 2032 2031
f 2032 2098 2033
f 2033 2035 2034
f 2033 2098 2035
f 2035 2099 2100
f 2035 2100 2101
f 2035 2101 2037
f 2035 2037 2036
f 2035 2098 2097
f 2035 2097 2096
f 2035 2096 2095
f 2035 2095 2102
f 2035 2102 2103
f 2035 2103 2099
f 2037 2101 2104
f 2037 2104 2105
f 2037 2105 2038
f 2038 2105 2106
f 2038 2106 2039
f 2039 2041 2040
f 2039 2106 2042
f 2039 2042 2041
f 2042 2106 2107
f 2042 2107 2108
f 2042 2108 2046
f 2042 2046 2109
f 2042 2109 2044
f 2042 2044 2043
f 2044 2109 2045
f 2045 2109 2046
f 2046 2108 2110
f 2046 2110 2047
f 2047 2111 2049
f 2047 2110 2111
f 2048 2049 2050
f 2049 2111 2112
f 2049 2112 2050
f 2050 2112 2051
f 2051 2112 2113
f 2051 2113 2052
f 2052 2113 2053
f 2053 2113 2114
f 2053 2114 2054
f 2054 2114 2115
f 2054 2115 2058
f 2055 2061 2116
f 2055 2116 2056
f 2056 2116 2057
f 2057 2116 2090
f 2058 2117 2118
f 2058 2118 2059
f 2058 2115 2117
f 2059 2118 2120
f 2059 2120 2121
f 2059 2121 2122
f 2059 2122 2111
f 2059 2111 2119
f 2060 2086 2123
f 2060 2123 2061
f 2061 2123 2116
f 2064 2075 2124
f 2064 2124 2125
f 2064 2125 2065
f 2065 2126 2127
f 2065 2127 2066
f 2065 2125 2126
f 2066 2128 2067
f 2066 2127 2128
f 2067 2128 2129
f 2067 2129 2076
f 2067 2076 2068
f 2071 2074 2130
f 2071 2130 2125
f 2071 2125 2124
f 2071 2124 2075
f 2074 2131 2132
f 2074 2132 2125
f 2074 2125 2130
f 2076 2129 2077
f 2077 2080 2078
f 2077 2129 2133
f 2077 2133 2080
f 2080 2133 2082
f 2081 2082 2134
f 2081 2134 2087
f 2081 2087 2083
f 2082 2135 2134
f 2082 2133 2136
f 2082 2136 2135
f 2086 2091 2090
f 2086 2090 2116
f 2086 2116 2123
f 2087 2134 2135
f 2087 2135 2137
f 2087 2137 2138
f 2087 2138 2088
f 2088 2138 2139
f 2088 2139 2089
f 2089 2139 2092
f 2092 2140 2093
f 2092 2139 2140
f 2093 2140 2141
f 2093 2141 2142
f 2093 2142 2143
f 2093 2143 2094
f 2094 2143 2144
f 2094 2144 2095
f 2095 2144 2145
f 2095 2145 2103
f 2095 2103 2102
f 2099 2146 2147
f 2099 2147 2100
f 2099 2103 2145
f 2099 2145 2146
f 2100 2147 2148
f 2100 2148 2149
f 2100 2149 2150
f 2100 2150 2151
f 2100 2151 2101
f 2101 2151 2152
f 2101 2152 2104
f 2104 2152 2153
f 2104 2153 2154
f 2104 2154 2155
f 2104 2155 2105
f 2105 2155 2106
f 2107 2156 2111
f 2107 2111 2110
f 2107 2110 2108
f 2111 2122 2157
f 2111 2157 2158
f 2111 2158 2112
f 2111 2156 2119
f 2112 2158 2159
f 2112 2159 2113
f 2113 2159 2120
f 2113 2120 2118
f 2113 2118 2114
f 2114 2118 2117
f 2114 2117 2115
f 2120 2157 2121
f 2120 2159 2157
f 2121 2157 2122
f 2125 2132 2160
f 2125 2160 2126
f 2126 2160 2161
f 2126 2161 2129
f 2126 2129 2128
f 2126 2128 2127
f 2129 2161 2133
f 2131 2162 2163
f 2131 2163 2132
f 2132 2163 2164
f 2132 2164 2160
f 2133 2161 2136
f 2135 2136 2137
f 2136 2161 2160
f 2136 2160 2165
f 2136 2165 2166
f 2136 2166 2167
f 2136 2167 2168
f 2136 2168 2137
f 2137 2168 2139
f 2137 2139 2138
f 2139 2168 2169
f 2139 2169 2141
f 2139 2141 2140
f 2141 2143 2142
f 2141 2169 2168
f 2141 2168 2170
f 2141 2170 2166
f 2141 2166 2171
f 2141 2171 2143
f 2143 2172 2173
f 2143 2173 2144
f 2143 2171 2174
f 2143 2174 2172
f 2144 2173 2145
f 2145 2173 2175
f 2145 2175 2176
f 2145 2176 2177
f 2145 2177 2146
f 2146 2177 2176
f 2146 2176 2147
f 2147 2178 2148
f 2147 2176 2179
f 2147 2179 2178
f 2148 2178 2179
f 2148 2179 2180
f 2148 2180 2164
f 2148 2164 2181
f 2148 2181 2149
f 2149 2181 2150
f 2150 2181 2182
f 2150 2182 2183
f 2150 2183 2184
f 2150 2184 2185
f 2150 2185 2151
f 2151 2185 2186
f 2151 2186 2152
f 2157 2159 2158
f 2160 2164 2165
f 2162 2187 2163
f 2163 2181 2164
f 2163 2187 2188
f 2163 2188 2189
f 2163 2189 2190
f 2163 2190 2191
f 2163 2191 2192
f 2163 2192 2181
f 2164 2180 2193
f 2164 2193 2174
f 2164 2174 2165
f 2165 2174 2171
f 2165 2171 2166
f 2166 2170 2168
f 2166 2168 2167
f 2172 2174 2173
f 2173 2174 2193
f 2173 2193 2180
f 2173 2180 2194
f 2173 2194 2175
f 2175 2194 2176
f 2176 2194 2180
f 2176 2180 2179
f 2181 2192 2182
f 2182 2192 2183
f 2183 2192 2184
f 2184 2192 2186
f 2184 2186 2185
f 2186 2192 2191

