# https://github.com/mikedh/trimesh
v -0.01263775 0.04095101 -0.00110784
v -0.01263523 0.04132181 -0.00073607
v -0.01263272 0.04169534 -0.00036682
v -0.01263021 0.04206613 -0.00036682
v -0.01262769 0.04206613 -0.00110784
v -0.01262769 0.04132181 -0.00147960
v -0.01263523 0.04020942 -0.00147960
v -0.01263523 0.04058021 -0.00110784
v -0.01263272 0.04095101 -0.00073607
v -0.01262267 0.04167080 0.00003006
v -0.01262769 0.04206613 0.00000494
v -0.01262267 0.04243693 -0.00110784
v -0.01261513 0.04244511 -0.00150974
v -0.01262016 0.04206613 -0.00147960
v -0.01260759 0.04257325 -0.00165292
v -0.01261262 0.04169534 -0.00168809
v -0.01262016 0.04020942 -0.00173330
v -0.01261513 0.03983589 -0.00170819
v -0.01261010 0.03964231 -0.00167302
v -0.01261010 0.03964231 -0.00161273
v -0.01261764 0.03981408 -0.00148462
v -0.01261513 0.03992041 -0.00121083
v -0.01262267 0.04020396 -0.00109528
v -0.01262016 0.04059384 -0.00073859
v -0.01261513 0.04177986 0.00026618
v -0.01261764 0.04206613 0.00027623
v -0.01261262 0.04227334 0.00022850
v -0.01261513 0.04230333 0.00000494
v -0.01261262 0.04265505 -0.00110784
v -0.01261262 0.04265777 -0.00140424
v -0.01258749 0.04279137 -0.00150974
v -0.01248696 0.04318125 -0.00185136
v -0.01254727 0.04280773 -0.00185136
v -0.01241408 0.04280773 -0.00259238
v -0.01224570 0.04270958 -0.00357705
v -0.01209994 0.04243693 -0.00445120
v -0.01225324 0.04243693 -0.00361222
v -0.01250707 0.04243693 -0.00222062
v -0.01257743 0.04206613 -0.00186141
v -0.01261010 0.04206613 -0.00167553
v -0.01257995 0.04169534 -0.00187397
v -0.01258749 0.04020942 -0.00191919
v -0.01246937 0.03983589 -0.00259238
v -0.01258497 0.03983589 -0.00189407
v -0.01238392 0.03797917 -0.00110784
v -0.01229596 0.03723758 -0.00073607
v -0.01235125 0.03760837 -0.00073607
v -0.01239900 0.03797917 -0.00073607
v -0.01223816 0.03963141 -0.00390611
v -0.01237638 0.03946509 -0.00296414
v -0.01224319 0.03923880 -0.00356952
v -0.01220047 0.03910793 -0.00369762
v -0.01225324 0.03807733 -0.00214023
v -0.01107962 0.03168924 -0.00220052
v -0.01148675 0.03374499 -0.00198701
v -0.01186622 0.03556353 -0.00166548
v -0.01240152 0.03834997 -0.00147960
v -0.01223816 0.03704127 -0.00093200
v -0.01260508 0.03967230 -0.00136405
v -0.01253471 0.03909429 -0.00110784
v -0.01256738 0.03946509 -0.00110784
v -0.01243921 0.03834997 -0.00073607
v -0.01259502 0.03981408 -0.00109528
v -0.01258749 0.04059384 -0.00038441
v -0.01259754 0.04132181 0.00008784
v -0.01259502 0.04167080 0.00038424
v -0.01259754 0.04206613 0.00046211
v -0.01250958 0.04243693 0.00074847
v -0.01257492 0.04241239 0.00036163
v -0.01244172 0.04318125 0.00037671
v -0.01231104 0.04392285 0.00037671
v -0.01246434 0.04318125 0.00000494
v -0.01261010 0.04263051 -0.00089432
v -0.01258246 0.04284045 -0.00110784
v -0.01252466 0.04318125 -0.00147960
v -0.01221303 0.04319761 -0.00335851
v -0.01235377 0.04318125 -0.00259238
v -0.01225324 0.04308310 -0.00324799
v -0.01223062 0.04295496 -0.00349667
v -0.01238392 0.04392285 -0.00147960
v -0.01224570 0.04452267 -0.00171321
v -0.01241408 0.04355205 -0.00185136
v -0.01227335 0.04282409 -0.00335851
v -0.01221052 0.04282409 -0.00370265
v -0.01207481 0.04280773 -0.00445120
v -0.01201450 0.04243693 -0.00482296
v -0.01211000 0.04169534 -0.00445120
v -0.01223816 0.04006764 -0.00389606
v -0.01218539 0.04132181 -0.00407943
v -0.01222560 0.04169534 -0.00382824
v -0.01238895 0.04132181 -0.00296414
v -0.01239398 0.04095101 -0.00296414
v -0.01246434 0.04058021 -0.00259238
v -0.01233617 0.04020942 -0.00333591
v -0.01227335 0.03983589 -0.00370767
v -0.01225073 0.03698129 -0.00073607
v -0.01225576 0.03696493 -0.00045223
v -0.01233617 0.03760837 -0.00036682
v -0.01223816 0.03983589 -0.00390611
v -0.01220298 0.03983589 -0.00409199
v -0.01219293 0.03948963 -0.00404929
v -0.01222560 0.03938330 -0.00381568
v -0.01213010 0.03909429 -0.00407943
v -0.01199691 0.03834997 -0.00407943
v -0.01186371 0.03743115 -0.00388351
v -0.01191397 0.03757566 -0.00373781
v -0.01186120 0.03707399 -0.00349416
v -0.01149429 0.03445114 -0.00277826
v -0.01110727 0.03193189 -0.00230853
v -0.01086852 0.03055231 -0.00222062
v -0.01150434 0.03364683 -0.00174084
v -0.01179083 0.03500734 -0.00147960
v -0.01213010 0.03686405 -0.00147960
v -0.01151942 0.03352142 -0.00145699
v -0.01187628 0.03514366 -0.00100485
v -0.01236884 0.03797917 -0.00036682
v -0.01236131 0.03834997 0.00000494
v -0.01243167 0.03872350 -0.00036682
v -0.01258246 0.04098373 -0.00002771
v -0.01253722 0.04095101 0.00037671
v -0.01249701 0.04095101 0.00074847
v -0.01231858 0.03983589 0.00149200
v -0.01251963 0.04132181 0.00074847
v -0.01253722 0.04169534 0.00074847
v -0.01253974 0.04206613 0.00074847
v -0.01233869 0.04243693 0.00149200
v -0.01225324 0.04273684 0.00175072
v -0.01228843 0.04284045 0.00152214
v -0.01237638 0.04280773 0.00112023
v -0.01245178 0.04280773 0.00074847
v -0.01239146 0.04318125 0.00074847
v -0.01224570 0.04416823 0.00062287
v -0.01150183 0.04823883 0.00098961
v -0.01114748 0.05019915 0.00112023
v -0.01111481 0.05038455 0.00112023
v -0.01162748 0.04763628 0.00074847
v -0.01129575 0.04949300 0.00074847
v -0.01235125 0.04392285 -0.00036682
v -0.01230350 0.04429637 -0.00073607
v -0.01252214 0.04318125 -0.00110784
v -0.01238644 0.04392285 -0.00110784
v -0.01231607 0.04429637 -0.00110784
v -0.01201952 0.04318125 -0.00445120
v -0.01225073 0.04380561 -0.00248186
v -0.01217534 0.04503524 -0.00110784
v -0.01091627 0.05134972 -0.00147960
v -0.01187628 0.04638757 -0.00172326
v -0.01094643 0.05097892 -0.00185136
v -0.01198937 0.04280773 -0.00482296
v -0.01191397 0.04243693 -0.00513193
v -0.01191146 0.04206613 -0.00514449
v -0.01201450 0.04206613 -0.00482296
v -0.01220801 0.04019851 -0.00404427
v -0.01215523 0.03649325 -0.00073607
v -0.01221052 0.03685042 -0.00034421
v -0.01223062 0.03707399 -0.00020606
v -0.01225576 0.03732210 -0.00008549
v -0.01228089 0.03721304 -0.00034421
v -0.01192905 0.03537813 -0.00073607
v -0.01187879 0.03513548 -0.00073607
v -0.01187125 0.03516274 -0.00051754
v -0.01227837 0.03758929 0.00002504
v -0.01226832 0.03834725 0.00075349
v -0.01225827 0.03910793 0.00148195
v -0.01232864 0.03797917 0.00000494
v -0.01211000 0.04020942 -0.00445120
v -0.01210497 0.03983589 -0.00445120
v -0.01207230 0.03946509 -0.00445120
v -0.01201450 0.03909429 -0.00445120
v -0.01188633 0.03805552 -0.00432058
v -0.01186120 0.03780741 -0.00425276
v -0.01191649 0.03794918 -0.00410958
v -0.01172046 0.03686405 -0.00407943
v -0.01075041 0.03110578 -0.00352179
v -0.01073533 0.03055231 -0.00301438
v -0.01076297 0.03055231 -0.00285111
v -0.01178832 0.03686405 -0.00370767
v -0.01090119 0.03055231 -0.00185136
v -0.01104947 0.03129117 -0.00185136
v -0.01110476 0.03157200 -0.00185136
v -0.01119271 0.03203550 -0.00185136
v -0.01149680 0.03332238 -0.00131633
v -0.01231104 0.03872350 0.00074847
v -0.01236382 0.03983589 0.00112023
v -0.01241408 0.03946509 0.00037671
v -0.01248445 0.03983589 0.00000494
v -0.01229094 0.03946509 0.00149200
v -0.01225324 0.03946509 0.00175575
v -0.01233869 0.04020942 0.00149200
v -0.01243921 0.04095101 0.00112023
v -0.01235125 0.04058021 0.00149200
v -0.01244675 0.04132181 0.00112023
v -0.01244675 0.04206613 0.00112023
v -0.01226581 0.04243693 0.00179091
v -0.01213261 0.04280773 0.00223301
v -0.01208738 0.04318125 0.00223301
v -0.01231607 0.04318125 0.00112023
v -0.01183355 0.04615855 0.00111772
v -0.01109219 0.05024823 0.00149451
v -0.01113491 0.05013099 0.00137142
v -0.01187628 0.04604131 0.00099464
v -0.01075543 0.05230125 0.00134882
v -0.01100926 0.05097892 0.00112023
v -0.01222057 0.04475714 -0.00073607
v -0.01185617 0.04665476 -0.00036682
v -0.01174057 0.04726549 -0.00036682
v -0.01186622 0.04411643 -0.00427034
v -0.01186622 0.04374563 -0.00464210
v -0.01188633 0.04355205 -0.00470741
v -0.01192151 0.04318398 -0.00483803
v -0.01111732 0.04928579 -0.00275565
v -0.01072025 0.05249483 0.00112023
v -0.01173806 0.04726549 -0.00073607
v -0.01085345 0.05172324 -0.00110784
v -0.01077805 0.05204769 -0.00147960
v -0.01076549 0.05198498 -0.00174586
v -0.01187879 0.04306129 -0.00503647
v -0.01190141 0.04280773 -0.00508420
v -0.01183858 0.04243693 -0.00531781
v -0.01145910 0.04095101 -0.00641049
v -0.01184863 0.04206613 -0.00533037
v -0.01176319 0.04132181 -0.00556398
v -0.01190895 0.04169534 -0.00514198
v -0.01200947 0.04132181 -0.00482296
v -0.01187376 0.03551991 -0.00013573
v -0.01205973 0.03649325 0.00000494
v -0.01154957 0.03386495 -0.00033919
v -0.01221052 0.03721304 0.00002504
v -0.01223062 0.03745297 0.00016319
v -0.01214015 0.03686405 0.00000494
v -0.01185115 0.03749659 0.00197931
v -0.01225324 0.03770108 0.00027372
v -0.01149680 0.03332238 -0.00118822
v -0.01089114 0.03055231 -0.00110784
v -0.01152947 0.03354595 -0.00073607
v -0.01087104 0.03055231 -0.00073607
v -0.01112989 0.03181738 -0.00051502
v -0.01107460 0.03168106 -0.00038189
v -0.01225073 0.03808551 0.00063543
v -0.01224822 0.03846994 0.00099464
v -0.01224570 0.03885709 0.00135133
v -0.01224319 0.03924425 0.00170551
v -0.01199188 0.04020942 -0.00482296
v -0.01189638 0.04020942 -0.00510178
v -0.01183104 0.04020942 -0.00528767
v -0.01197177 0.03983589 -0.00482296
v -0.01188382 0.03983589 -0.00506159
v -0.01186874 0.03962050 -0.00502140
v -0.01185869 0.03857354 -0.00462201
v -0.01184109 0.03834997 -0.00457428
v -0.01193910 0.03870714 -0.00447883
v -0.01178832 0.03948418 -0.00516458
v -0.01175565 0.03760837 -0.00445120
v -0.01150183 0.03663776 -0.00465466
v -0.01161743 0.03686405 -0.00445120
v -0.01151690 0.03612246 -0.00433314
v -0.01149680 0.03591797 -0.00427536
v -0.01111229 0.03338509 -0.00384583
v -0.01059962 0.03055231 -0.00370767
v -0.01067753 0.03055231 -0.00333591
v -0.01090119 0.03055231 -0.00147960
v -0.01115250 0.03171105 -0.00147960
v -0.01221052 0.03946509 0.00194163
v -0.01226581 0.03983589 0.00179845
v -0.01227083 0.04020942 0.00180850
v -0.01227083 0.04095101 0.00180347
v -0.01234874 0.04206613 0.00149200
v -0.01221806 0.04243693 0.00197680
v -0.01222309 0.04020942 0.00199438
v -0.01215020 0.04243693 0.00223301
v -0.01203209 0.04280773 0.00260478
v -0.01199439 0.04318125 0.00260478
v -0.01222057 0.04363657 0.00122573
v -0.01187628 0.04417641 0.00245406
v -0.01185617 0.04442452 0.00237619
v -0.01151690 0.04726549 0.00178589
v -0.01152193 0.04761720 0.00148446
v -0.01150434 0.04788712 0.00135635
v -0.01132088 0.04837788 0.00186125
v -0.01076297 0.05198226 0.00171305
v -0.01074287 0.05223037 0.00159750
v -0.01064235 0.05283564 0.00149200
v -0.01065240 0.05283564 0.00112023
v -0.01079816 0.05209404 0.00112023
v -0.01182602 0.04355205 -0.00489330
v -0.01074287 0.05186775 -0.00199203
v -0.01076800 0.05162236 -0.00211009
v -0.01114245 0.04865598 -0.00323041
v -0.01132842 0.04726549 -0.00370767
v -0.01146162 0.04579865 -0.00446376
v -0.01148423 0.04554509 -0.00459438
v -0.01036088 0.05070900 -0.00456172
v -0.01000402 0.05226308 -0.00462201
v -0.01112737 0.04710190 -0.00465215
v -0.01003166 0.05201497 -0.00471495
v -0.00973763 0.05320916 -0.00482296
v -0.00999397 0.05184321 -0.00496363
v -0.01185115 0.04330940 -0.00497117
v -0.01064988 0.05283564 0.00074847
v -0.01086350 0.05172324 0.00000494
v -0.01071020 0.05246484 -0.00073607
v -0.01063229 0.05283564 -0.00110784
v -0.01069512 0.05246484 -0.00147960
v -0.01061973 0.05283564 -0.00147960
v -0.01056695 0.05283564 -0.00185136
v -0.01064486 0.05246484 -0.00185136
v -0.01178329 0.04318398 -0.00517463
v -0.01144151 0.04280773 -0.00601863
v -0.01153450 0.04280773 -0.00583275
v -0.01181094 0.04280773 -0.00527008
v -0.01149680 0.04486348 -0.00501387
v -0.01151942 0.04466445 -0.00505908
v -0.01155963 0.04429637 -0.00513946
v -0.01112235 0.04225971 -0.00686766
v -0.01172298 0.04243693 -0.00556398
v -0.01142141 0.04206886 -0.00627987
v -0.01151188 0.04169534 -0.00616181
v -0.01144151 0.04132181 -0.00638286
v -0.01152696 0.04132181 -0.00619698
v -0.01153198 0.04095101 -0.00622461
v -0.01130078 0.04132181 -0.00667927
v -0.01116758 0.04132181 -0.00695307
v -0.01132339 0.04095101 -0.00667927
v -0.01145408 0.04058021 -0.00639793
v -0.01163251 0.04095101 -0.00593574
v -0.01175062 0.04058021 -0.00556398
v -0.01190392 0.04095101 -0.00512439
v -0.01155460 0.03423575 0.00003509
v -0.01113240 0.03217182 -0.00013070
v -0.01132088 0.03315062 0.00000494
v -0.01184863 0.03564260 0.00011295
v -0.01197931 0.03649325 0.00037671
v -0.01219544 0.03872895 0.00148195
v -0.01222560 0.03822183 0.00088160
v -0.01182099 0.03761656 0.00222296
v -0.01211251 0.03872350 0.00186125
v -0.01182099 0.03686950 0.00148697
v -0.01173806 0.03686405 0.00186125
v -0.01173806 0.03723758 0.00223301
v -0.01081575 0.03055231 -0.00034170
v -0.01222057 0.03899614 0.00160001
v -0.01218790 0.03910793 0.00184367
v -0.01162245 0.04058021 -0.00593574
v -0.01152444 0.04058021 -0.00621205
v -0.01151188 0.04028848 -0.00616433
v -0.01180591 0.03870714 -0.00480538
v -0.01164759 0.03872350 -0.00519473
v -0.01173806 0.03834997 -0.00482296
v -0.01167272 0.03797917 -0.00482296
v -0.01155711 0.03723758 -0.00478026
v -0.01158476 0.03757293 -0.00485813
v -0.01154455 0.03797917 -0.00512439
v -0.01124046 0.03649325 -0.00519473
v -0.01008444 0.03202732 -0.00596086
v -0.01002915 0.03136206 -0.00580261
v -0.01000653 0.03111395 -0.00574735
v -0.01097910 0.03426574 -0.00482296
v -0.01113491 0.03475923 -0.00466722
v -0.01147669 0.03638965 -0.00459438
v -0.01145156 0.03612246 -0.00451902
v -0.01108716 0.03426574 -0.00453409
v -0.01074287 0.03263259 -0.00461447
v -0.01069009 0.03204095 -0.00443110
v -0.01076046 0.03216909 -0.00429546
v -0.01110476 0.03379679 -0.00419749
v -0.01079313 0.03204095 -0.00408446
v -0.01074538 0.03150929 -0.00386843
v -0.01115753 0.03390857 -0.00407692
v -0.01113491 0.03363048 -0.00394881
v -0.01050412 0.03055231 -0.00407943
v -0.01211753 0.03946509 0.00223301
v -0.01222057 0.03983589 0.00198433
v -0.01207481 0.03909429 0.00223301
v -0.01215272 0.04206613 0.00223301
v -0.01213513 0.03983589 0.00223301
v -0.01202706 0.04132181 0.00260478
v -0.01203712 0.04206613 0.00260478
v -0.01203963 0.04243693 0.00260478
v -0.01191900 0.04280773 0.00291877
v -0.01190141 0.04318125 0.00287355
v -0.01187879 0.04345117 0.00282331
v -0.01185869 0.04369928 0.00277056
v -0.01150183 0.04638484 0.00244401
v -0.01112235 0.04931851 0.00205215
v -0.01056444 0.05283564 0.00186125
v -0.01045386 0.05314100 0.00186125
v -0.01047648 0.05323643 0.00148446
v -0.01051166 0.05320916 0.00112023
v -0.01051166 0.05320916 -0.00110784
v -0.01111481 0.04667112 -0.00498624
v -0.01063983 0.05209404 -0.00222062
v -0.01071522 0.05173687 -0.00222815
v -0.01070266 0.05097347 -0.00295661
v -0.01075543 0.05007101 -0.00353937
v -0.00998140 0.05289835 -0.00415730
v -0.00993868 0.05280019 -0.00441352
v -0.00983815 0.05320916 -0.00445120
v -0.00963710 0.05339729 -0.00501136
v -0.01037596 0.05003557 -0.00499880
v -0.01063983 0.05283564 -0.00036682
v -0.01050412 0.05320916 -0.00147960
v -0.01044632 0.05323643 -0.00186392
v -0.01040611 0.05311373 -0.00222062
v -0.01038098 0.05303467 -0.00242157
v -0.01047648 0.05283564 -0.00222062
v -0.01146664 0.04429637 -0.00532535
v -0.01106957 0.04280773 -0.00675965
v -0.01075543 0.04227334 -0.00761621
v -0.01040360 0.04978746 -0.00505657
v -0.01087606 0.04206613 -0.00742280
v -0.01104444 0.04206613 -0.00707364
v -0.01106203 0.04169534 -0.00711132
v -0.01142392 0.04169534 -0.00634770
v -0.01090622 0.04169534 -0.00742280
v -0.01078057 0.04169534 -0.00766143
v -0.01106957 0.04132181 -0.00713895
v -0.01117261 0.04095101 -0.00695307
v -0.01130580 0.04058021 -0.00667927
v -0.01122538 0.04018760 -0.00671192
v -0.01120277 0.03983589 -0.00663657
v -0.01116758 0.03946509 -0.00657628
v -0.01143397 0.04018215 -0.00629746
v -0.01165261 0.03537813 0.00074847
v -0.01124046 0.03315062 0.00037671
v -0.01099167 0.03166470 0.00000494
v -0.01116004 0.03278255 0.00037168
v -0.01184863 0.03789738 0.00233851
v -0.01165512 0.03612246 0.00149200
v -0.01165512 0.03686405 0.00223301
v -0.01151942 0.03544630 0.00142669
v -0.01148926 0.03632694 0.00240382
v -0.01151942 0.03657232 0.00248420
v -0.01171041 0.03760837 0.00260478
v -0.01079816 0.03055231 -0.00025881
v -0.01186874 0.03814276 0.00242894
v -0.01147167 0.03983589 -0.00607138
v -0.01114999 0.03834997 -0.00618442
v -0.01072528 0.03575166 -0.00606385
v -0.00999899 0.03189645 -0.00610153
v -0.01038350 0.03405580 -0.00613167
v -0.00997637 0.03166470 -0.00605380
v -0.00995376 0.03126118 -0.00593072
v -0.00981554 0.03055231 -0.00593574
v -0.00997135 0.03055231 -0.00555895
v -0.01010203 0.03055231 -0.00522738
v -0.01054685 0.03203550 -0.00482296
v -0.01079313 0.03315062 -0.00474509
v -0.01039857 0.03100490 -0.00468732
v -0.01037344 0.03075679 -0.00462452
v -0.01035334 0.03055231 -0.00456675
v -0.01041868 0.03055231 -0.00437584
v -0.01187628 0.03919517 0.00282582
v -0.01149429 0.03927151 0.00390846
v -0.01157470 0.03946509 0.00372007
v -0.01188382 0.03834997 0.00247164
v -0.01191146 0.03872350 0.00254449
v -0.01199942 0.03983589 0.00260478
v -0.01184361 0.04132181 0.00310214
v -0.01184612 0.04169534 0.00311218
v -0.01191900 0.04206613 0.00292881
v -0.01192151 0.04243693 0.00292881
v -0.01184361 0.04243693 0.00311470
v -0.01174560 0.04243693 0.00334830
v -0.01149680 0.04266050 0.00391600
v -0.01183858 0.04280773 0.00310465
v -0.01124046 0.04280773 0.00446359
v -0.01113994 0.04280773 0.00468967
v -0.01181848 0.04318125 0.00305943
v -0.01151439 0.04459901 0.00320764
v -0.01041114 0.04912220 0.00397628
v -0.01000402 0.05076898 0.00426766
v -0.01077303 0.04800708 0.00358191
v -0.01006684 0.05097892 0.00404159
v -0.01034831 0.04986380 0.00383059
v -0.01001407 0.05157601 0.00392102
v -0.01113994 0.04680472 0.00320261
v -0.01111732 0.04705009 0.00314986
v -0.01145408 0.04615037 0.00268516
v -0.01107209 0.04912220 0.00228576
v -0.01113994 0.04912220 0.00209988
v -0.01076549 0.05124884 0.00208732
v -0.01036088 0.05291743 0.00236866
v -0.01040611 0.05307284 0.00212249
v -0.01055941 0.05209404 0.00223301
v -0.00962454 0.05337548 0.00387581
v -0.01032821 0.05332640 0.00186125
v -0.01036590 0.05337820 0.00160503
v -0.01038852 0.05340547 0.00135635
v -0.01039355 0.05341364 0.00112023
v -0.01039606 0.05341637 0.00074847
v -0.01040109 0.05342455 -0.00036682
v -0.01040360 0.05342728 -0.00110784
v -0.01040109 0.05342455 -0.00147960
v -0.01044884 0.05250028 -0.00263006
v -0.01037596 0.05226035 -0.00313495
v -0.00998391 0.05328823 -0.00380061
v -0.01001407 0.05341092 -0.00355193
v -0.00966475 0.05347363 -0.00482296
v -0.01038098 0.04485530 -0.00723943
v -0.00998140 0.05023732 -0.00569962
v -0.00992360 0.05172052 -0.00517212
v -0.00958936 0.05365903 -0.00482296
v -0.00933553 0.05385806 -0.00511434
v -0.00944611 0.05356905 -0.00518468
v -0.00930789 0.05349271 -0.00544843
v -0.00889825 0.05340819 -0.00613167
v -0.00880527 0.05320916 -0.00636026
v -0.00923501 0.05320916 -0.00570464
v -0.00939333 0.05286290 -0.00559914
v -0.00953155 0.05246756 -0.00554388
v -0.00956423 0.05209404 -0.00564185
v -0.00965218 0.05234488 -0.00540573
v -0.01036590 0.04405644 -0.00758607
v -0.01039104 0.05341092 -0.00174838
v -0.01037344 0.05337820 -0.00199706
v -0.01035082 0.05329913 -0.00222062
v -0.01030810 0.05317917 -0.00256475
v -0.01118769 0.04429637 -0.00588048
v -0.01036842 0.04925580 -0.00535800
v -0.01079062 0.04280773 -0.00731478
v -0.01064486 0.04241239 -0.00776190
v -0.01066748 0.04206613 -0.00782973
v -0.01076800 0.04206613 -0.00764384
v -0.01066999 0.04169534 -0.00784731
v -0.01105952 0.04095101 -0.00713895
v -0.01116004 0.04058021 -0.00692544
v -0.01113994 0.04029666 -0.00689529
v -0.01111732 0.04004855 -0.00685761
v -0.01104444 0.03906703 -0.00666420
v -0.01111732 0.03892798 -0.00648585
v -0.01136612 0.03983589 -0.00630750
v -0.01109973 0.03872350 -0.00644566
v -0.01147418 0.03460382 0.00078112
v -0.01110727 0.03266258 0.00049225
v -0.01077554 0.03062592 -0.00008298
v -0.01149177 0.03594251 0.00203959
v -0.01155711 0.03646599 0.00226064
v -0.01149177 0.03556899 0.00167285
v -0.01130832 0.03537813 0.00223301
v -0.01036590 0.03116303 0.00199438
v -0.01112235 0.03481648 0.00242392
v -0.01146915 0.03677681 0.00273288
v -0.01154455 0.03688587 0.00260729
v -0.01162748 0.03723758 0.00260478
v -0.01155963 0.03762473 0.00298659
v -0.01163753 0.03797917 0.00297654
v -0.01179335 0.03800371 0.00257463
v -0.01152696 0.03723758 0.00285848
v -0.01072528 0.03055231 0.00004513
v -0.01170036 0.03834997 0.00297654
v -0.01129826 0.03946509 -0.00630750
v -0.01002161 0.03214456 -0.00614925
v -0.00968737 0.03055231 -0.00621205
v -0.01025784 0.03055231 -0.00482296
v -0.01032821 0.03089584 -0.00481543
v -0.01167272 0.03909429 0.00334830
v -0.01141638 0.03946509 0.00410690
v -0.01149931 0.03946509 0.00392102
v -0.01153952 0.03912701 0.00372760
v -0.01152193 0.03872350 0.00360452
v -0.01147418 0.03902341 0.00385571
v -0.01139879 0.03912701 0.00405666
v -0.01158476 0.03983589 0.00372007
v -0.01182853 0.03983589 0.00306446
v -0.01173806 0.04058021 0.00334830
v -0.01183607 0.04058021 0.00308455
v -0.01150434 0.03983589 0.00393358
v -0.01184612 0.04206613 0.00311470
v -0.01150685 0.04020942 0.00393609
v -0.01126811 0.04243693 0.00446359
v -0.01174811 0.04206613 0.00334830
v -0.01107460 0.04243693 0.00491072
v -0.01105701 0.04280773 0.00487555
v -0.01112486 0.04300949 0.00465450
v -0.01135104 0.04318125 0.00409183
v -0.01099669 0.04429637 0.00446359
v -0.01000150 0.04964296 0.00463692
v -0.00966475 0.05246484 0.00432042
v -0.00964213 0.05268568 0.00428776
v -0.00961951 0.05293379 0.00424506
v -0.00970496 0.05282200 0.00410941
v -0.00984569 0.05209404 0.00409183
v -0.00992862 0.05170961 0.00406420
v -0.01073784 0.04440543 0.00499110
v -0.01075795 0.04415733 0.00503631
v -0.01075795 0.04303675 0.00540305
v -0.00996883 0.05209404 0.00380296
v -0.01039857 0.05015553 0.00358191
v -0.01037596 0.05040364 0.00352665
v -0.01114245 0.04755994 0.00284341
v -0.01112235 0.04856328 0.00241889
v -0.01069512 0.05136335 0.00222045
v -0.01030308 0.05281110 0.00257463
v -0.01014726 0.05283564 0.00297654
v -0.00986580 0.05283564 0.00372007
v -0.01001910 0.05305103 0.00319508
v -0.00932045 0.05344909 0.00436061
v -0.00939082 0.05351725 0.00409183
v -0.00946370 0.05359086 0.00375021
v -0.00966726 0.05342728 0.00362713
v -0.00999397 0.05337820 0.00275549
v -0.00967731 0.05312737 0.00399638
v -0.00957679 0.05323370 0.00410941
v -0.01003669 0.05342455 0.00250681
v -0.01014224 0.05354179 0.00186125
v -0.01004423 0.05380626 0.00141915
v -0.00991857 0.05403255 0.00112023
v -0.00961449 0.05448515 0.00074847
v -0.00976025 0.05429974 0.00074847
v -0.00994622 0.05405164 0.00074847
v -0.00994873 0.05405436 0.00037671
v -0.00994873 0.05405709 0.00000494
v -0.00962957 0.05449877 0.00037671
v -0.01007941 0.05385806 -0.00110784
v -0.01025784 0.05360995 -0.00147960
v -0.01006433 0.05383898 -0.00185136
v -0.01005428 0.05382807 -0.00222062
v -0.00962454 0.05449332 0.00000494
v -0.01004171 0.05346272 -0.00333591
v -0.00962454 0.05374355 -0.00459940
v -0.00971250 0.05360450 -0.00446627
v -0.01039606 0.04380834 -0.00763631
v -0.00925260 0.05374082 -0.00536051
v -0.00938328 0.05396984 -0.00480789
v -0.00924003 0.05410344 -0.00492344
v -0.00587248 0.05840306 -0.00561924
v -0.00572672 0.05840306 -0.00590811
v -0.00857155 0.05348726 -0.00656372
v -0.00861930 0.05320916 -0.00663657
v -0.00889825 0.05155420 -0.00687269
v -0.00930538 0.05172324 -0.00618442
v -0.01037847 0.04299040 -0.00797793
v -0.01002161 0.04527517 -0.00762877
v -0.01002915 0.05379535 -0.00259238
v -0.01000904 0.05376808 -0.00278329
v -0.01006936 0.05358814 -0.00293149
v -0.01044884 0.04243693 -0.00807589
v -0.01048151 0.04206613 -0.00811608
v -0.01065240 0.04132181 -0.00782721
v -0.01077303 0.04132181 -0.00764133
v -0.01048402 0.04169534 -0.00811608
v -0.01046643 0.04132181 -0.00810353
v -0.01031062 0.04058021 -0.00824922
v -0.01060716 0.04058021 -0.00779456
v -0.01104193 0.04058021 -0.00711132
v -0.01057198 0.04020942 -0.00779456
v -0.01072025 0.04020942 -0.00755844
v -0.01039606 0.03983589 -0.00800556
v -0.01052674 0.03983589 -0.00779456
v -0.01038098 0.03963413 -0.00798547
v -0.01069512 0.03983589 -0.00751322
v -0.01001658 0.03886255 -0.00836476
v -0.01004171 0.03797917 -0.00803822
v -0.01075292 0.03815367 -0.00687017
v -0.00965972 0.03246900 -0.00690534
v -0.00968988 0.03166470 -0.00658884
v -0.00963710 0.03110305 -0.00649590
v -0.01075292 0.03703309 -0.00650092
v -0.01113491 0.03290796 0.00061283
v -0.01131586 0.03500734 0.00186125
v -0.01054433 0.03055231 0.00074847
v -0.01043878 0.03055231 0.00115791
v -0.01034580 0.03055231 0.00151460
v -0.01042873 0.03128845 0.00186878
v -0.01025281 0.03055231 0.00186125
v -0.01013470 0.03055231 0.00223301
v -0.01039355 0.03141114 0.00209486
v -0.01149931 0.03702491 0.00280322
v -0.01075292 0.03332238 0.00242643
v -0.01150183 0.03776106 0.00318000
v -0.01150183 0.03849720 0.00355428
v -0.00994622 0.03055231 0.00266506
v -0.00967229 0.03055231 0.00323778
v -0.01082329 0.03538904 0.00336086
v -0.00919229 0.03239539 0.00519456
v -0.00998140 0.03277982 -0.00644566
v -0.00994622 0.03240630 -0.00638035
v -0.00958433 0.03055231 -0.00640045
v -0.01123041 0.03946509 0.00442843
v -0.01122036 0.03983862 0.00449374
v -0.01115502 0.04058021 0.00469971
v -0.01142643 0.03983589 0.00411946
v -0.01120528 0.03909429 0.00438824
v -0.01144151 0.03872350 0.00379040
v -0.01129575 0.03872350 0.00409183
v -0.01113491 0.03848357 0.00429781
v -0.01116256 0.03872350 0.00433800
v -0.01142643 0.04020942 0.00412197
v -0.01142643 0.04058021 0.00411946
v -0.01115753 0.04169534 0.00472986
v -0.01150183 0.04206613 0.00392353
v -0.01092884 0.04243693 0.00520461
v -0.01089868 0.04280773 0.00520461
v -0.01107460 0.04169534 0.00491574
v -0.01103439 0.04315126 0.00480019
v -0.01002412 0.04939757 0.00467460
v -0.00965972 0.05128428 0.00468464
v -0.00958182 0.05209404 0.00456407
v -0.00899878 0.05284109 0.00523224
v -0.00888066 0.05296651 0.00537542
v -0.00929030 0.05308920 0.00468967
v -0.00937574 0.05321189 0.00447615
v -0.01077805 0.04280773 0.00542817
v -0.01037596 0.04372109 0.00575974
v -0.00890077 0.04897498 0.00651583
v -0.00813678 0.05183503 0.00685494
v -0.01045386 0.04429637 0.00550353
v -0.01041868 0.04466445 0.00545078
v -0.01003920 0.05209404 0.00361708
v -0.01035836 0.05060812 0.00347641
v -0.01045638 0.05026186 0.00338096
v -0.01032821 0.05172324 0.00302678
v -0.00924003 0.05333731 0.00460677
v -0.00849616 0.05372719 0.00534779
v -0.00856904 0.05380898 0.00509911
v -0.00887815 0.05375173 0.00462185
v -0.00919731 0.05370265 0.00409183
v -0.00925009 0.05375173 0.00387329
v -0.00930035 0.05380353 0.00362713
v -0.00935312 0.05385533 0.00334830
v -0.00963459 0.05376536 0.00278815
v -0.00938831 0.05396439 0.00294640
v -0.00989093 0.05393985 0.00152214
v -0.00956925 0.05443607 0.00112023
v -0.00973260 0.05425067 0.00112023
v -0.00924003 0.05485867 0.00083639
v -0.00939836 0.05471962 0.00072586
v -0.00927019 0.05488593 0.00058771
v -0.00976276 0.05431338 0.00037671
v -0.00945365 0.05469508 0.00037671
v -0.00608358 0.05840306 -0.00482296
v -0.00961700 0.05448515 -0.00036682
v -0.00991857 0.05402437 -0.00185136
v -0.00990852 0.05401347 -0.00222062
v -0.00971250 0.05422340 -0.00259238
v -0.00989847 0.05398075 -0.00259238
v -0.00995124 0.05365085 -0.00333591
v -0.00965470 0.05379262 -0.00435072
v -0.00601573 0.05840306 -0.00519221
v -0.00593279 0.05840306 -0.00545094
v -0.00850118 0.05373537 -0.00646576
v -0.00554326 0.05840306 -0.00613669
v -0.00848359 0.05320916 -0.00682245
v -0.00836548 0.05361813 -0.00670941
v -0.00822726 0.05350362 -0.00693548
v -0.00851877 0.05301286 -0.00686264
v -0.00925511 0.04926943 -0.00722184
v -0.01006684 0.04392285 -0.00805831
v -0.01028548 0.04284317 -0.00815376
v -0.01031062 0.04243693 -0.00826178
v -0.00928778 0.04902405 -0.00726706
v -0.00918475 0.04875140 -0.00750318
v -0.00929532 0.04793347 -0.00764887
v -0.00916716 0.04803707 -0.00778200
v -0.00968485 0.05419341 -0.00296414
v -0.00988339 0.05391531 -0.00293149
v -0.00998140 0.05371901 -0.00303197
v -0.01012716 0.04243693 -0.00850543
v -0.01033826 0.04206613 -0.00830197
v -0.01043376 0.04058021 -0.00806333
v -0.01033826 0.04169534 -0.00830197
v -0.01033072 0.04132181 -0.00828941
v -0.01032067 0.04095101 -0.00827182
v -0.01009449 0.03983589 -0.00847027
v -0.01029554 0.04020942 -0.00822410
v -0.01041617 0.04020942 -0.00803822
v -0.01027795 0.03983589 -0.00819144
v -0.01006936 0.03946509 -0.00844515
v -0.01026789 0.03949236 -0.00813116
v -0.01003669 0.03909429 -0.00839993
v -0.00990852 0.03909429 -0.00858581
v -0.00970496 0.03760837 -0.00844515
v -0.00999145 0.03861444 -0.00832709
v -0.00996632 0.03834997 -0.00828438
v -0.00963459 0.03334692 -0.00723440
v -0.00958182 0.03166470 -0.00677472
v -0.00951899 0.03095582 -0.00664410
v -0.01003417 0.03055231 0.00247918
v -0.01038098 0.03183919 0.00242643
v -0.01110476 0.03823546 0.00424255
v -0.01120025 0.03835542 0.00410690
v -0.01143900 0.03797917 0.00342115
v -0.01005679 0.03500734 0.00474995
v -0.00930789 0.03055231 0.00399638
v -0.01069763 0.03500734 0.00342366
v -0.00908925 0.03129117 0.00483536
v -0.00851626 0.03075952 0.00574970
v -0.00941093 0.03055231 -0.00668680
v -0.01111481 0.03971593 0.00463943
v -0.01113994 0.04020942 0.00467460
v -0.01078057 0.04206613 0.00543068
v -0.01079313 0.04243693 0.00544575
v -0.01092130 0.04206613 0.00520461
v -0.01116004 0.04095101 0.00471479
v -0.01127565 0.04095101 0.00446359
v -0.01073030 0.03752386 0.00461431
v -0.01075292 0.03777196 0.00465450
v -0.01077303 0.03797917 0.00467962
v -0.01106203 0.03909429 0.00457412
v -0.01077303 0.03952780 0.00504887
v -0.01047145 0.03983589 0.00551106
v -0.01109470 0.03946509 0.00461431
v -0.00999397 0.03524726 0.00499612
v -0.00991355 0.04950936 0.00481275
v -0.00849867 0.05253027 0.00609885
v -0.00917972 0.04952572 0.00593307
v -0.00920988 0.05023732 0.00567936
v -0.00858914 0.05283564 0.00586524
v -0.00814432 0.05299377 0.00649825
v -0.01063481 0.04280773 0.00561405
v -0.01042119 0.04318125 0.00582003
v -0.01027292 0.04357932 0.00592553
v -0.00932799 0.04615037 0.00658868
v -0.00968737 0.04577957 0.00620184
v -0.00892087 0.04875140 0.00654095
v -0.00777741 0.05227944 0.00724931
v -0.00775479 0.05252755 0.00721917
v -0.00818202 0.05134972 0.00692025
v -0.00815940 0.05158692 0.00689011
v -0.00786788 0.05242940 0.00708352
v -0.00807647 0.05246484 0.00676451
v -0.00922998 0.04875140 0.00608127
v -0.00890579 0.05341364 0.00503882
v -0.00842076 0.05359359 0.00558642
v -0.00816443 0.05378172 0.00578235
v -0.00823479 0.05385260 0.00557637
v -0.00834286 0.05396167 0.00521968
v -0.00863940 0.05387442 0.00483536
v -0.00849867 0.05411434 0.00460175
v -0.00881029 0.05406254 0.00409183
v -0.00893092 0.05417160 0.00361205
v -0.00815940 0.05525946 0.00280824
v -0.00898370 0.05422886 0.00334830
v -0.00885553 0.05447151 0.00305692
v -0.00930286 0.05417705 0.00260478
v -0.00931794 0.05456421 0.00149200
v -0.00938328 0.05462965 0.00112023
v -0.00919983 0.05481505 0.00112023
v -0.00849616 0.05522674 0.00194665
v -0.00583478 0.05840306 -0.00185136
v -0.00583981 0.05840306 -0.00189909
v -0.00586997 0.05840306 -0.00222062
v -0.00607855 0.05840306 -0.00445120
v -0.00927522 0.05489139 0.00037671
v -0.00972255 0.05423704 -0.00222062
v -0.00968485 0.05383625 -0.00407943
v -0.00965470 0.05416070 -0.00322036
v -0.00534222 0.05840306 -0.00629746
v -0.00666159 0.05338911 -0.00834969
v -0.00705866 0.05341910 -0.00799802
v -0.00745322 0.05344636 -0.00764887
v -0.00784275 0.05347635 -0.00729469
v -0.00813678 0.05375173 -0.00685510
v -0.00829762 0.05320916 -0.00700331
v -0.00790809 0.05320916 -0.00735749
v -0.00809406 0.05320916 -0.00718919
v -0.00822977 0.05246484 -0.00730976
v -0.00851626 0.05188956 -0.00723189
v -0.00888317 0.04853602 -0.00797039
v -0.00928778 0.04381379 -0.00911834
v -0.00928024 0.04491255 -0.00874406
v -0.00930538 0.04577957 -0.00840496
v -0.00962957 0.04371019 -0.00871392
v -0.00969993 0.04318125 -0.00880937
v -0.01007690 0.04280773 -0.00844263
v -0.00963459 0.04261960 -0.00909322
v -0.00998391 0.04243693 -0.00869131
v -0.01015480 0.04206613 -0.00853055
v -0.01000150 0.04206613 -0.00871643
v -0.01015229 0.04169534 -0.00852050
v -0.01014475 0.04132181 -0.00851046
v -0.00996130 0.04020942 -0.00866871
v -0.00995124 0.03983589 -0.00865615
v -0.01010957 0.04020942 -0.00848282
v -0.00993868 0.03946509 -0.00863103
v -0.00972255 0.03909429 -0.00881189
v -0.00965470 0.03844540 -0.00874406
v -0.00962957 0.03819729 -0.00871392
v -0.00928778 0.03545720 -0.00838235
v -0.00964213 0.03702491 -0.00835974
v -0.00971250 0.03649325 -0.00809348
v -0.00962957 0.03448113 -0.00759863
v -0.00932045 0.03092038 -0.00694553
v -0.00935312 0.03055231 -0.00677975
v -0.00996632 0.03500734 0.00493583
v -0.00857909 0.03055231 0.00551106
v -0.00848862 0.03055231 0.00569695
v -0.00835542 0.03055231 0.00594814
v -0.00854642 0.03100762 0.00580496
v -0.00885553 0.03203550 0.00568941
v -0.00925511 0.03300066 0.00537291
v -0.01065742 0.03983589 0.00526741
v -0.01035836 0.04020942 0.00573714
v -0.01037344 0.04043844 0.00575723
v -0.01049407 0.04056931 0.00561154
v -0.01070266 0.04058021 0.00532769
v -0.01083837 0.04058021 0.00514181
v -0.01085847 0.04095101 0.00516693
v -0.01075041 0.04150175 0.00539300
v -0.01062727 0.04135453 0.00554121
v -0.01042119 0.04132181 0.00581752
v -0.01043627 0.04169534 0.00583510
v -0.01063481 0.04206613 0.00561656
v -0.01044884 0.04206613 0.00584766
v -0.01064235 0.04243693 0.00563164
v -0.01030056 0.04280773 0.00603605
v -0.01044884 0.04280773 0.00585017
v -0.01002161 0.03549537 0.00504134
v -0.00888066 0.03228360 0.00574216
v -0.00890328 0.03253171 0.00577733
v -0.00892841 0.03277982 0.00580747
v -0.01062978 0.03797917 0.00486550
v -0.00963459 0.03483012 0.00539049
v -0.01048905 0.03874531 0.00522973
v -0.01040360 0.03909429 0.00542315
v -0.00998894 0.03975137 0.00611141
v -0.01003166 0.04020942 0.00616416
v -0.00816945 0.05274839 0.00653593
v -0.00888820 0.05039273 0.00612648
v -0.00785029 0.05283564 0.00698556
v -0.00781008 0.05306739 0.00692527
v -0.00820966 0.05320916 0.00622696
v -0.01009449 0.04318125 0.00624203
v -0.00959187 0.04355205 0.00681977
v -0.00851626 0.04630032 0.00761354
v -0.00887312 0.04763628 0.00685243
v -0.00881029 0.04837788 0.00676953
v -0.00761406 0.05242940 0.00736486
v -0.00810663 0.05060812 0.00719154
v -0.00813176 0.05031367 0.00722419
v -0.00826495 0.04875140 0.00739751
v -0.00827500 0.04838606 0.00746534
v -0.00854391 0.04429637 0.00802047
v -0.00816945 0.04643937 0.00801042
v -0.00814432 0.04668748 0.00798781
v -0.00777490 0.05040364 0.00761605
v -0.00751856 0.05283564 0.00733974
v -0.00770453 0.05283564 0.00716893
v -0.00848862 0.05333458 0.00571453
v -0.00857406 0.05347908 0.00546585
v -0.00821469 0.05354724 0.00592302
v -0.00815438 0.05340002 0.00614155
v -0.00781259 0.05343001 0.00654849
v -0.00779752 0.05377899 0.00615160
v -0.00793825 0.05384988 0.00592302
v -0.00775731 0.05412252 0.00574216
v -0.00798348 0.05404891 0.00560149
v -0.00811919 0.05411162 0.00534025
v -0.00818705 0.05417160 0.00509157
v -0.00825239 0.05423158 0.00483536
v -0.00842579 0.05441971 0.00409183
v -0.00841071 0.05477688 0.00334830
v -0.00816945 0.05489684 0.00357186
v -0.00809155 0.05520220 0.00305692
v -0.00784526 0.05530308 0.00327797
v -0.00796589 0.05534943 0.00295142
v -0.00794076 0.05549666 0.00259724
v -0.00819961 0.05529763 0.00260478
v -0.00853134 0.05488866 0.00281578
v -0.00856904 0.05492956 0.00260478
v -0.00918726 0.05443061 0.00223301
v -0.00913700 0.05474961 0.00149200
v -0.00891082 0.05489684 0.00172561
v -0.00845092 0.05518039 0.00223301
v -0.00826495 0.05534943 0.00223301
v -0.00573175 0.05840306 -0.00148714
v -0.00507583 0.05840306 -0.00644064
v -0.00622683 0.05334003 -0.00868880
v -0.00634746 0.05309192 -0.00875914
v -0.00650327 0.05324188 -0.00855567
v -0.00673950 0.05314100 -0.00842003
v -0.00751605 0.05320916 -0.00770664
v -0.00769950 0.05320916 -0.00754337
v -0.00813678 0.05298559 -0.00722435
v -0.00680987 0.05283564 -0.00848282
v -0.00699584 0.05283564 -0.00831453
v -0.00758390 0.05281110 -0.00778702
v -0.00816694 0.04712644 -0.00911080
v -0.00847605 0.05097892 -0.00756598
v -0.00838809 0.04577957 -0.00933939
v -0.00882789 0.04429637 -0.00940470
v -0.00883794 0.04652116 -0.00867122
v -0.00924506 0.04293587 -0.00944740
v -0.00928527 0.04268777 -0.00948508
v -0.00940590 0.04281046 -0.00930673
v -0.00960946 0.04280773 -0.00906057
v -0.00955920 0.04318125 -0.00899526
v -0.00953155 0.04357386 -0.00889227
v -0.00975019 0.04280773 -0.00887468
v -0.00951899 0.04247237 -0.00925398
v -0.00965218 0.04237150 -0.00911332
v -0.00977533 0.04247237 -0.00894502
v -0.00965721 0.04206613 -0.00911834
v -0.00982056 0.04169534 -0.00890985
v -0.00964213 0.04138452 -0.00910076
v -0.00962957 0.04095101 -0.00908820
v -0.00977533 0.04020942 -0.00887720
v -0.00976527 0.03983589 -0.00886212
v -0.00975271 0.03946509 -0.00884203
v -0.00954161 0.03909429 -0.00899777
v -0.00816443 0.03809641 -0.01022107
v -0.00873993 0.03834997 -0.00967850
v -0.00932045 0.03872350 -0.00915351
v -0.00950642 0.03872350 -0.00896009
v -0.00929030 0.03841813 -0.00912085
v -0.00891333 0.03658595 -0.00911583
v -0.00741552 0.03106760 -0.00947252
v -0.00850872 0.03450839 -0.00908066
v -0.00817699 0.03315062 -0.00912588
v -0.00815438 0.03294341 -0.00910076
v -0.00886558 0.03463654 -0.00868880
v -0.00819710 0.03055231 -0.00840244
v -0.00890579 0.03364683 -0.00836728
v -0.00887815 0.03339873 -0.00833211
v -0.00926014 0.03521182 -0.00834718
v -0.00851877 0.03055231 -0.00797542
v -0.00901888 0.03238721 -0.00782721
v -0.00958433 0.03649325 -0.00827936
v -0.00967480 0.03612246 -0.00803570
v -0.00934056 0.03352142 -0.00771669
v -0.00896862 0.03055231 -0.00733739
v -0.00917469 0.03055231 -0.00704350
v -0.00928024 0.03055231 -0.00689027
v -0.00820212 0.03055231 0.00619682
v -0.00858160 0.03129117 0.00585771
v -0.01005931 0.04058021 0.00619933
v -0.01026789 0.04056931 0.00591799
v -0.01040109 0.04095101 0.00579240
v -0.01073784 0.04125365 0.00537542
v -0.01007690 0.04095101 0.00621942
v -0.01029554 0.04206613 0.00603354
v -0.01045889 0.04243693 0.00585771
v -0.01011459 0.04280773 0.00626464
v -0.00926517 0.04338028 0.00725182
v -0.00890831 0.04383833 0.00764117
v -0.00849364 0.03166470 0.00609634
v -0.00851375 0.03188827 0.00612648
v -0.00890077 0.03403944 0.00614407
v -0.00954161 0.03537813 0.00564168
v -0.00960443 0.03760837 0.00609383
v -0.00964967 0.03809368 0.00615160
v -0.00987082 0.04020942 0.00635004
v -0.00990098 0.04058021 0.00638521
v -0.00974266 0.03909429 0.00625961
v -0.00745825 0.05306739 0.00728448
v -0.00757636 0.05319008 0.00704333
v -0.00738537 0.05218401 0.00760349
v -0.00734516 0.05246484 0.00757837
v -0.00836548 0.04429637 0.00820635
v -0.00856652 0.04392285 0.00804810
v -0.00839815 0.04392285 0.00823398
v -0.00817951 0.04429637 0.00838721
v -0.00815689 0.04450631 0.00836963
v -0.00785280 0.04763628 0.00805061
v -0.00743814 0.05172324 0.00764619
v -0.00715919 0.05246484 0.00770899
v -0.00709887 0.05274294 0.00766126
v -0.00722202 0.05285472 0.00753567
v -0.00731500 0.05331550 0.00716139
v -0.00744568 0.05342455 0.00691271
v -0.00741804 0.05377627 0.00651834
v -0.00625698 0.05411162 0.00721666
v -0.00700840 0.05411707 0.00648066
v -0.00761657 0.05405164 0.00597326
v -0.00787040 0.05420977 0.00549599
v -0.00675960 0.05420432 0.00660124
v -0.00745573 0.05454240 0.00544073
v -0.00770453 0.05445788 0.00529002
v -0.00739039 0.05486957 0.00499612
v -0.00779249 0.05452059 0.00504134
v -0.00785280 0.05456966 0.00483536
v -0.00803877 0.05441698 0.00483536
v -0.00811165 0.05447696 0.00457914
v -0.00797343 0.05500044 0.00370500
v -0.00777238 0.05524855 0.00352665
v -0.00745573 0.05528945 0.00398884
v -0.00753113 0.05534943 0.00372007
v -0.00684505 0.05552938 0.00448369
v -0.00698076 0.05558936 0.00409183
v -0.00766432 0.05555119 0.00297654
v -0.00773720 0.05560026 0.00271781
v -0.00780254 0.05563843 0.00246913
v -0.00572923 0.05840306 -0.00147960
v -0.00838307 0.05511495 0.00260478
v -0.00461844 0.05840306 -0.00667676
v -0.00598054 0.05343546 -0.00874909
v -0.00610369 0.05321461 -0.00880937
v -0.00313069 0.05840306 -0.00742028
v -0.00610620 0.05283564 -0.00895758
v -0.00625950 0.05223037 -0.00908066
v -0.00641280 0.05283564 -0.00880435
v -0.00659877 0.05283564 -0.00866871
v -0.00664652 0.05260389 -0.00870639
v -0.00686013 0.05249756 -0.00854813
v -0.00702851 0.05151603 -0.00871643
v -0.00768694 0.04763628 -0.00938209
v -0.00800108 0.04577957 -0.00970110
v -0.00819710 0.04466445 -0.00988196
v -0.00820212 0.04577957 -0.00951522
v -0.00844590 0.04429637 -0.00976641
v -0.00875752 0.04355205 -0.00971115
v -0.00857155 0.04355205 -0.00988196
v -0.00811668 0.04392285 -0.01018088
v -0.00814684 0.04372109 -0.01020600
v -0.00885804 0.04280773 -0.00980912
v -0.00891082 0.04233333 -0.00985182
v -0.00930286 0.04243693 -0.00950518
v -0.00949134 0.04206613 -0.00930422
v -0.00930538 0.04206613 -0.00950769
v -0.00929281 0.04169534 -0.00949764
v -0.00911941 0.04169534 -0.00968352
v -0.00960695 0.04020942 -0.00906308
v -0.00958936 0.03983589 -0.00904801
v -0.00940590 0.03983589 -0.00923640
v -0.00956925 0.03946509 -0.00902791
v -0.00935564 0.03909429 -0.00918616
v -0.00833532 0.03798463 -0.01002263
v -0.00877009 0.03872350 -0.00971366
v -0.00858412 0.03872350 -0.00989955
v -0.00818202 0.03834997 -0.01024117
v -0.00793322 0.03835270 -0.01045217
v -0.00776736 0.03823001 -0.01057274
v -0.00799354 0.03797645 -0.01034164
v -0.00788045 0.03723758 -0.01029392
v -0.00777490 0.03632694 -0.01020600
v -0.00777741 0.03445932 -0.00983675
v -0.00913700 0.03831725 -0.00925901
v -0.00840066 0.03686405 -0.00971115
v -0.00850118 0.03612246 -0.00944489
v -0.00785783 0.03352142 -0.00954788
v -0.00773971 0.03240630 -0.00942731
v -0.00735018 0.03240630 -0.00979153
v -0.00738537 0.03081950 -0.00944740
v -0.00752107 0.03055231 -0.00922635
v -0.00779752 0.03139205 -0.00911834
v -0.00776987 0.03114395 -0.00908568
v -0.00786034 0.03055231 -0.00881691
v -0.00839815 0.03055231 -0.00813869
v -0.00842076 0.03092038 -0.00821656
v -0.00846097 0.03129117 -0.00827182
v -0.00852129 0.03184737 -0.00835220
v -0.00853637 0.03213638 0.00615411
v -0.00801867 0.03055231 0.00638270
v -0.00805888 0.03092038 0.00642038
v -0.00809909 0.03129117 0.00645806
v -0.00815438 0.03182556 0.00651081
v -0.00823731 0.03092038 0.00623450
v -0.00918475 0.03686405 0.00642038
v -0.00895605 0.03463654 0.00620938
v -0.00973512 0.04095101 0.00662384
v -0.00992108 0.04095101 0.00640531
v -0.00974768 0.04132181 0.00663891
v -0.01010957 0.04206613 0.00625710
v -0.01030308 0.04243693 0.00604359
v -0.00893092 0.04206613 0.00766629
v -0.00911941 0.04280773 0.00745026
v -0.00927019 0.04318125 0.00725685
v -0.00878014 0.04243693 0.00785971
v -0.00857909 0.04355205 0.00806317
v -0.00892087 0.04355205 0.00765373
v -0.00913197 0.04352206 0.00740003
v -0.00940590 0.03608974 0.00598582
v -0.00935564 0.03537813 0.00588032
v -0.00965721 0.03991223 0.00652839
v -0.00968485 0.04020942 0.00655853
v -0.00957930 0.03909429 0.00644550
v -0.00971501 0.04058021 0.00659370
v -0.00957428 0.04095101 0.00680972
v -0.00687018 0.05322279 0.00753567
v -0.00720191 0.05319826 0.00734979
v -0.00706620 0.05341910 0.00727192
v -0.00700840 0.05299105 0.00760600
v -0.00722202 0.05172324 0.00781449
v -0.00701343 0.05172324 0.00797525
v -0.00682746 0.05172324 0.00811843
v -0.00696317 0.05209404 0.00794009
v -0.00677720 0.05209404 0.00807573
v -0.00821218 0.04392285 0.00841735
v -0.00841825 0.04355205 0.00824654
v -0.00823228 0.04355205 0.00844247
v -0.00798348 0.04392285 0.00860323
v -0.00779752 0.04392285 0.00875144
v -0.00740045 0.04370200 0.00910311
v -0.00792820 0.04425820 0.00859319
v -0.00761406 0.04425820 0.00883935
v -0.00691290 0.04429637 0.00938193
v -0.00672693 0.04429637 0.00952762
v -0.00705866 0.04717824 0.00875395
v -0.00631479 0.04420367 0.00986673
v -0.00632986 0.04615037 0.00950752
v -0.00594787 0.04577957 0.00987175
v -0.00672191 0.05238032 0.00803052
v -0.00664903 0.05262843 0.00798279
v -0.00594787 0.05268568 0.00837967
v -0.00666411 0.05376536 0.00724931
v -0.00600819 0.05419341 0.00731462
v -0.00610117 0.05432155 0.00705589
v -0.00633238 0.05453422 0.00654597
v -0.00638515 0.05420159 0.00696798
v -0.00641531 0.05386351 0.00733723
v -0.00714411 0.05496227 0.00513679
v -0.00697322 0.05521038 0.00494086
v -0.00648316 0.05432701 0.00669669
v -0.00657866 0.05445243 0.00642540
v -0.00688275 0.05481777 0.00560903
v -0.00687772 0.05508496 0.00523224
v -0.00706369 0.05527582 0.00469469
v -0.00731751 0.05518039 0.00446359
v -0.00713154 0.05532762 0.00446359
v -0.00664400 0.05561390 0.00461933
v -0.00453048 0.05840306 0.00074093
v -0.00549803 0.05840306 -0.00104755
v -0.00479939 0.05375990 -0.00909071
v -0.00536232 0.05330186 -0.00906057
v -0.00569908 0.05317372 -0.00898270
v -0.00282158 0.05840306 -0.00751574
v -0.00455310 0.05384715 -0.00913592
v -0.00555332 0.05302649 -0.00909573
v -0.00508337 0.05254936 -0.00943233
v -0.00591520 0.05264479 -0.00909322
v -0.00589761 0.05150785 -0.00945745
v -0.00612379 0.05249756 -0.00905554
v -0.00632484 0.05198226 -0.00911583
v -0.00587751 0.05036001 -0.00981916
v -0.00519646 0.04637121 -0.01133385
v -0.00557342 0.04824156 -0.01059535
v -0.00662892 0.05145605 -0.00907061
v -0.00669175 0.05235578 -0.00874658
v -0.00702348 0.05039273 -0.00908568
v -0.00740296 0.04818158 -0.00946247
v -0.00781511 0.04577957 -0.00986940
v -0.00825993 0.04429637 -0.00994225
v -0.00853385 0.04377562 -0.00984931
v -0.00835542 0.04390922 -0.00997239
v -0.00793071 0.04392285 -0.01031652
v -0.00804883 0.04429637 -0.01012813
v -0.00786286 0.04429637 -0.01026880
v -0.00772212 0.04355205 -0.01054511
v -0.00776233 0.04330122 -0.01057023
v -0.00793574 0.04317853 -0.01046222
v -0.00817448 0.04347571 -0.01022861
v -0.00847857 0.04243693 -0.01017586
v -0.00853385 0.04193799 -0.01021856
v -0.00855396 0.04169534 -0.01023865
v -0.00855899 0.04132181 -0.01024870
v -0.00893344 0.04169534 -0.00987945
v -0.00874495 0.04132181 -0.01005277
v -0.00890831 0.04095101 -0.00985433
v -0.00889825 0.04070018 -0.00984428
v -0.00924255 0.04020942 -0.00944238
v -0.00853134 0.04070018 -0.01021856
v -0.00854391 0.04095101 -0.01023363
v -0.00916967 0.03909429 -0.00937204
v -0.00821469 0.03686405 -0.00990457
v -0.00839563 0.03872350 -0.01008543
v -0.00820966 0.03872350 -0.01026377
v -0.00814935 0.04077106 -0.01058028
v -0.00810663 0.04020942 -0.01054511
v -0.00799354 0.03872350 -0.01044966
v -0.00783521 0.03909429 -0.01062800
v -0.00755626 0.03875894 -0.01081388
v -0.00724715 0.03875894 -0.01106508
v -0.00697824 0.03872350 -0.01127859
v -0.00679479 0.03872350 -0.01142679
v -0.00694557 0.03834997 -0.01125096
v -0.00773971 0.03797917 -0.01055013
v -0.00743060 0.03695403 -0.01060037
v -0.00737783 0.03457383 -0.01018590
v -0.00710893 0.03389222 -0.01026880
v -0.00703856 0.03331693 -0.01021354
v -0.00716421 0.03240630 -0.00993722
v -0.00725469 0.03166470 -0.00971869
v -0.00716924 0.03055231 -0.00956044
v -0.00735270 0.03055231 -0.00941475
v -0.00770453 0.03055231 -0.00900530
v -0.00783270 0.03055231 0.00655351
v -0.00787542 0.03092038 0.00659119
v -0.00791563 0.03129117 0.00662887
v -0.00810160 0.03315062 0.00682982
v -0.00828003 0.03500734 0.00701570
v -0.00824485 0.03277982 0.00660626
v -0.00888317 0.03562079 0.00649574
v -0.00839563 0.03240630 0.00636763
v -0.00813176 0.03900432 0.00797274
v -0.00882537 0.03500734 0.00643294
v -0.00924757 0.04132181 0.00722922
v -0.00891836 0.04169534 0.00765122
v -0.00877511 0.04206613 0.00785217
v -0.00959187 0.04132181 0.00682480
v -0.00843584 0.04280773 0.00826412
v -0.00843082 0.04318125 0.00825659
v -0.00825490 0.04243693 0.00848517
v -0.00929030 0.03797917 0.00653341
v -0.00950642 0.03980863 0.00666906
v -0.00850118 0.04095101 0.00797023
v -0.00854139 0.04139815 0.00801544
v -0.00890579 0.04143905 0.00763363
v -0.00921993 0.04095101 0.00720158
v -0.00676212 0.05310829 0.00767634
v -0.00661887 0.05335639 0.00759595
v -0.00622934 0.05371083 0.00758339
v -0.00611876 0.05396439 0.00745026
v -0.00479436 0.05262025 0.00909808
v -0.00524672 0.05272931 0.00877656
v -0.00500295 0.05284654 0.00885694
v -0.00630222 0.05302921 0.00799786
v -0.00631981 0.04830699 0.00912822
v -0.00656358 0.04986380 0.00865850
v -0.00662641 0.05134972 0.00833697
v -0.00657112 0.05172324 0.00830432
v -0.00665657 0.05113160 0.00835707
v -0.00646557 0.05210767 0.00827417
v -0.00801616 0.04355205 0.00862835
v -0.00824485 0.04318125 0.00846005
v -0.00807144 0.04280773 0.00866352
v -0.00804380 0.04318125 0.00864594
v -0.00657364 0.04355205 0.00977881
v -0.00756380 0.04356841 0.00899007
v -0.00660882 0.04318125 0.00980644
v -0.00642285 0.04318125 0.00995464
v -0.00618913 0.04318125 0.01014053
v -0.00558347 0.04318125 0.01062030
v -0.00615143 0.04355205 0.01011038
v -0.00596547 0.04355205 0.01025607
v -0.00555834 0.04340482 0.01060021
v -0.00628966 0.04855510 0.00910562
v -0.00627206 0.05224127 0.00835204
v -0.00620421 0.05246484 0.00831185
v -0.00650578 0.05248938 0.00812095
v -0.00602075 0.05246484 0.00842238
v -0.00556086 0.05414434 0.00762610
v -0.00570410 0.05423976 0.00743770
v -0.00551813 0.05449605 0.00723173
v -0.00573426 0.05444697 0.00715888
v -0.00594536 0.05452059 0.00689764
v -0.00580965 0.05406527 0.00756330
v -0.00619164 0.05444970 0.00679214
v -0.00626704 0.05486685 0.00611644
v -0.00658871 0.05520765 0.00532769
v -0.00672442 0.05529217 0.00508153
v -0.00650327 0.05555664 0.00485294
v -0.00626201 0.05560572 0.00499110
v -0.00639521 0.05567115 0.00474242
v -0.00381425 0.05840306 0.00179343
v -0.00399771 0.05840306 0.00158494
v -0.00414095 0.05840306 0.00140157
v -0.00431938 0.05840306 0.00111019
v -0.00465363 0.05361268 -0.00919621
v -0.00446012 0.05304558 -0.00947503
v -0.00470892 0.05292834 -0.00943233
v -0.00492755 0.05351180 -0.00913844
v -0.00276378 0.05840306 -0.00752327
v -0.00191183 0.05342728 -0.00985182
v -0.00202995 0.05356360 -0.00977395
v -0.00303268 0.05380080 -0.00948257
v -0.00350514 0.05369720 -0.00943735
v -0.00390724 0.05357178 -0.00941223
v -0.00424902 0.05357996 -0.00933436
v -0.00423143 0.05396439 -0.00916607
v -0.00483708 0.05268023 -0.00947754
v -0.00497279 0.05244030 -0.00951020
v -0.00519646 0.05230125 -0.00947252
v -0.00499290 0.05209404 -0.00961570
v -0.00540002 0.05175869 -0.00956797
v -0.00563122 0.05052088 -0.00986940
v -0.00510347 0.04661659 -0.01129617
v -0.00481447 0.04449268 -0.01207235
v -0.00524923 0.04615037 -0.01136651
v -0.00562871 0.04800708 -0.01062800
v -0.00559353 0.04680472 -0.01097967
v -0.00538243 0.04429365 -0.01179604
v -0.00628966 0.05078534 -0.00946498
v -0.00650578 0.04988016 -0.00958053
v -0.00714411 0.04726549 -0.00990457
v -0.00700589 0.04923944 -0.00944740
v -0.00486724 0.04429637 -0.01209998
v -0.00777992 0.04597042 -0.00983926
v -0.00775982 0.04480895 -0.01019595
v -0.00781008 0.04456084 -0.01023112
v -0.00765176 0.04392285 -0.01050241
v -0.00756380 0.04427729 -0.01046473
v -0.00731751 0.04318125 -0.01089678
v -0.00737280 0.04287316 -0.01092943
v -0.00702097 0.04219700 -0.01131376
v -0.00705112 0.04195162 -0.01133636
v -0.00747333 0.04206613 -0.01100228
v -0.00809406 0.04206613 -0.01053757
v -0.00815438 0.04153175 -0.01058530
v -0.00816694 0.04132181 -0.01059283
v -0.00835040 0.04132181 -0.01043458
v -0.00816694 0.04101645 -0.01059283
v -0.00872988 0.04095101 -0.01004021
v -0.00747835 0.03983589 -0.01100981
v -0.00700840 0.03909429 -0.01130120
v -0.00722202 0.03909429 -0.01112787
v -0.00763668 0.03946509 -0.01083649
v -0.00789301 0.03983589 -0.01067322
v -0.00654097 0.03872350 -0.01161267
v -0.00675960 0.03834997 -0.01139916
v -0.00682243 0.03909429 -0.01144438
v -0.00755374 0.03797917 -0.01069834
v -0.00688275 0.03722122 -0.01108768
v -0.00682495 0.03759747 -0.01120574
v -0.00668421 0.03771198 -0.01133887
v -0.00668924 0.03584708 -0.01096962
v -0.00700589 0.03306883 -0.01018842
v -0.00704107 0.03146022 -0.00984177
v -0.00706872 0.03166470 -0.00986187
v -0.00665154 0.03746387 -0.01131627
v -0.00689783 0.03055231 -0.00974883
v -0.00762160 0.03055231 0.00673939
v -0.00766432 0.03092038 0.00677707
v -0.00770704 0.03129117 0.00681475
v -0.00774977 0.03166470 0.00685243
v -0.00783521 0.03426574 0.00729955
v -0.00787793 0.03834997 0.00808075
v -0.00810160 0.03686405 0.00757335
v -0.00806390 0.04020942 0.00827920
v -0.00828003 0.03686405 0.00738747
v -0.00850118 0.03909429 0.00759847
v -0.00888317 0.03933422 0.00723926
v -0.00813176 0.04086104 0.00834451
v -0.00875501 0.04169534 0.00783710
v -0.00858914 0.04206613 0.00807071
v -0.00824987 0.04280773 0.00847764
v -0.00808401 0.04243693 0.00867106
v -0.00842579 0.04206613 0.00825659
v -0.00823982 0.04206613 0.00846508
v -0.00929030 0.03983589 0.00690518
v -0.00828506 0.04097010 0.00820384
v -0.00820966 0.04169534 0.00842740
v -0.00839563 0.04169534 0.00822896
v -0.00856904 0.04169534 0.00804308
v -0.00591269 0.05338638 0.00798781
v -0.00610620 0.05358541 0.00774165
v -0.00598306 0.05381716 0.00765624
v -0.00559353 0.05306193 0.00838972
v -0.00454556 0.05274839 0.00916339
v -0.00556588 0.05230943 0.00874390
v -0.00484462 0.05237214 0.00912822
v -0.00465111 0.05248392 0.00920107
v -0.00465111 0.05285745 0.00904282
v -0.00513363 0.05297741 0.00870873
v -0.00632986 0.05023732 0.00876148
v -0.00638515 0.05172324 0.00841986
v -0.00633489 0.05199316 0.00838721
v -0.00629971 0.05044726 0.00874139
v -0.00626452 0.04875140 0.00908803
v -0.00788547 0.04280773 0.00882177
v -0.00765678 0.04280773 0.00900765
v -0.00747081 0.04280773 0.00915837
v -0.00789804 0.04243693 0.00883182
v -0.00723961 0.04280773 0.00934425
v -0.00685008 0.04280773 0.00965573
v -0.00536232 0.04318125 0.01075343
v -0.00645049 0.04280773 0.00997223
v -0.00560358 0.04280773 0.01063537
v -0.00536232 0.04280773 0.01078358
v -0.00552567 0.04365293 0.01057760
v -0.00499290 0.05407345 0.00794009
v -0.00454305 0.05419614 0.00804056
v -0.00406807 0.05450968 0.00799284
v -0.00479939 0.05450696 0.00761605
v -0.00551059 0.05374082 0.00797525
v -0.00499290 0.05347363 0.00842740
v -0.00448022 0.05489957 0.00727443
v -0.00499290 0.05493228 0.00694537
v -0.00465614 0.05554028 0.00632492
v -0.00480441 0.05562208 0.00613151
v -0.00573426 0.05457784 0.00697300
v -0.00573929 0.05476870 0.00668664
v -0.00602075 0.05493228 0.00621440
v -0.00618662 0.05519675 0.00567936
v -0.00647060 0.05535761 0.00520461
v -0.00487729 0.05603104 0.00544827
v -0.00512609 0.05596834 0.00534277
v -0.00551059 0.05597652 0.00497854
v -0.00612630 0.05553483 0.00521215
v -0.00361572 0.05840306 0.00197931
v -0.00424902 0.05331550 -0.00943735
v -0.00409823 0.05230670 -0.00984680
v -0.00423143 0.05244303 -0.00975888
v -0.00434452 0.05220310 -0.00981163
v -0.00462096 0.05246484 -0.00962826
v -0.00459834 0.05281655 -0.00951020
v -0.00247226 0.05840306 -0.00752830
v -0.00164796 0.05395076 -0.00964082
v -0.00164796 0.05364267 -0.00978400
v -0.00164796 0.05320916 -0.00997239
v -0.00152733 0.05007646 -0.01133385
v -0.00165047 0.05021551 -0.01125598
v -0.00188670 0.05081533 -0.01096209
v -0.00239184 0.05251119 -0.01015074
v -0.00278891 0.05320098 -0.00978400
v -0.00276378 0.05357996 -0.00962826
v -0.00201487 0.05095711 -0.01087919
v -0.00313320 0.05278384 -0.00989452
v -0.00380169 0.05344364 -0.00948759
v -0.00405048 0.05338638 -0.00946247
v -0.00460839 0.05208586 -0.00976139
v -0.00472399 0.05181049 -0.00980661
v -0.00499290 0.05097892 -0.00996737
v -0.00480944 0.05042545 -0.01021102
v -0.00499290 0.04726549 -0.01113541
v -0.00498536 0.04650481 -0.01137655
v -0.00460839 0.05170143 -0.00988447
v -0.00445509 0.05081806 -0.01021605
v -0.00440986 0.04853874 -0.01094450
v -0.00470389 0.04474079 -0.01203216
v -0.00462096 0.04429637 -0.01219795
v -0.00462096 0.04392285 -0.01229089
v -0.00505321 0.04429637 -0.01199448
v -0.00513866 0.04392285 -0.01204221
v -0.00562871 0.04392285 -0.01174329
v -0.00671186 0.04429637 -0.01098218
v -0.00552065 0.04441634 -0.01167798
v -0.00761909 0.04467535 -0.01032155
v -0.00738285 0.04702556 -0.00982168
v -0.00495269 0.04392285 -0.01214269
v -0.00517635 0.04373745 -0.01206733
v -0.00746579 0.04392285 -0.01061795
v -0.00681992 0.04315944 -0.01120825
v -0.00690536 0.04280773 -0.01124342
v -0.00656861 0.04206613 -0.01163528
v -0.00697824 0.04243693 -0.01128864
v -0.00720694 0.04357114 -0.01086663
v -0.00662892 0.04169534 -0.01167547
v -0.00685008 0.04169534 -0.01152224
v -0.00708128 0.04169534 -0.01135646
v -0.00726725 0.04169534 -0.01121830
v -0.00796338 0.04132181 -0.01074104
v -0.00772212 0.04095101 -0.01091185
v -0.00703856 0.03961777 -0.01132631
v -0.00702599 0.03936967 -0.01131627
v -0.00709887 0.04132181 -0.01136902
v -0.00635500 0.03872350 -0.01173073
v -0.00632484 0.03842631 -0.01171315
v -0.00646055 0.03832271 -0.01160514
v -0.00656107 0.03909429 -0.01163026
v -0.00713406 0.03797917 -0.01103242
v -0.00662138 0.03723758 -0.01129366
v -0.00643541 0.03723758 -0.01141926
v -0.00638013 0.03686405 -0.01138158
v -0.00661887 0.03537813 -0.01092190
v -0.00642536 0.03352142 -0.01066819
v -0.00671437 0.03055231 -0.00986940
v -0.00647814 0.03797917 -0.01152978
v -0.00718181 0.03055231 0.00712623
v -0.00708128 0.03092038 0.00728950
v -0.00712400 0.03129117 0.00732718
v -0.00766683 0.03463654 0.00752311
v -0.00741552 0.03775560 0.00837214
v -0.00766935 0.03834997 0.00826664
v -0.00759647 0.04130818 0.00892476
v -0.00783772 0.04169534 0.00878660
v -0.00787793 0.04020942 0.00845252
v -0.00802369 0.04169534 0.00861328
v -0.00806139 0.04206613 0.00865096
v -0.00787793 0.04206613 0.00881926
v -0.00520400 0.05341364 0.00837716
v -0.00488483 0.05308102 0.00878158
v -0.00424399 0.05285745 0.00920107
v -0.00436713 0.05299377 0.00908552
v -0.00424902 0.05246484 0.00935932
v -0.00579709 0.05209404 0.00866603
v -0.00561112 0.05209404 0.00876902
v -0.00489991 0.05209404 0.00915837
v -0.00480944 0.05079897 0.00947989
v -0.00462096 0.05209404 0.00929652
v -0.00444755 0.05156783 0.00948492
v -0.00436965 0.05181594 0.00945980
v -0.00482200 0.04897225 0.00985668
v -0.00610620 0.05172324 0.00857811
v -0.00556588 0.04527245 0.01023096
v -0.00552065 0.04552055 0.01020584
v -0.00583478 0.04837788 0.00943217
v -0.00581719 0.05023732 0.00905035
v -0.00601321 0.05097892 0.00878660
v -0.00548295 0.04392285 0.01055248
v -0.00766683 0.04243693 0.00901770
v -0.00764924 0.04206613 0.00900514
v -0.00498284 0.04320034 0.01092173
v -0.00529698 0.04392285 0.01065547
v -0.00538745 0.04353842 0.01067557
v -0.00505824 0.04280773 0.01092676
v -0.00724463 0.04243693 0.00934927
v -0.00705866 0.04243693 0.00949496
v -0.00685008 0.04243693 0.00965824
v -0.00663395 0.04243693 0.00982654
v -0.00601824 0.04243693 0.01029627
v -0.00576693 0.04243693 0.01048215
v -0.00558096 0.04243693 0.01061528
v -0.00536232 0.04243693 0.01074339
v -0.00458577 0.05320643 0.00882679
v -0.00458829 0.05356360 0.00853541
v -0.00444001 0.05339729 0.00873637
v -0.00421383 0.05459966 0.00780444
v -0.00455310 0.05455876 0.00768136
v -0.00386200 0.05396984 0.00847764
v -0.00372881 0.05414979 0.00837465
v -0.00276378 0.05366993 0.00903026
v -0.00239184 0.05354452 0.00923121
v -0.00186911 0.05340274 0.00948492
v -0.00239184 0.05372992 0.00907547
v -0.00387708 0.05453149 0.00801544
v -0.00373132 0.05489139 0.00763363
v -0.00397760 0.05485594 0.00758842
v -0.00424902 0.05480687 0.00752311
v -0.00440483 0.05524037 0.00686248
v -0.00462096 0.05533580 0.00661631
v -0.00455562 0.05567388 0.00620184
v -0.00447268 0.05601468 0.00578989
v -0.00472148 0.05595198 0.00569695
v -0.00499290 0.05557300 0.00605866
v -0.00561614 0.05491592 0.00656105
v -0.00573426 0.05519402 0.00604610
v -0.00594033 0.05526218 0.00577733
v -0.00460588 0.05608557 0.00557386
v -0.00436211 0.05633641 0.00533021
v -0.00526180 0.05603377 0.00509660
v -0.00499290 0.05569569 0.00587278
v -0.00561112 0.05565479 0.00544073
v -0.00342975 0.05840306 0.00214258
v -0.00368357 0.05264751 -0.00983675
v -0.00331666 0.05190592 -0.01020851
v -0.00350514 0.05209404 -0.01008794
v -0.00372127 0.05156238 -0.01021856
v -0.00294723 0.05116432 -0.01058028
v -0.00424902 0.05172324 -0.01000002
v -0.00447520 0.05195499 -0.00985182
v -0.00239184 0.05840306 -0.00752327
v -0.00127602 0.05345454 -0.00986689
v -0.00127602 0.05320916 -0.00997490
v -0.00127602 0.05284927 -0.01013315
v -0.00153236 0.05266387 -0.01021354
v -0.00127602 0.05008192 -0.01133636
v -0.00127602 0.04986380 -0.01142930
v -0.00127602 0.04949300 -0.01156495
v -0.00165047 0.04988288 -0.01138911
v -0.00177613 0.05001921 -0.01131376
v -0.00213299 0.05075808 -0.01093948
v -0.00248231 0.05149422 -0.01056269
v -0.00433698 0.05106344 -0.01017837
v -0.00409069 0.05119158 -0.01021856
v -0.00293969 0.05004102 -0.01094953
v -0.00387205 0.04688924 -0.01163277
v -0.00424148 0.04651571 -0.01163026
v -0.00433698 0.04511976 -0.01203468
v -0.00447771 0.04601132 -0.01171064
v -0.00408818 0.04524791 -0.01207487
v -0.00424902 0.04466445 -0.01220297
v -0.00424902 0.04429637 -0.01231350
v -0.00405300 0.04409734 -0.01243407
v -0.00339708 0.04344299 -0.01283346
v -0.00415855 0.04384923 -0.01247175
v -0.00387708 0.04355205 -0.01264256
v -0.00440734 0.04365020 -0.01242653
v -0.00458829 0.04353569 -0.01236625
v -0.00502808 0.04358749 -0.01216278
v -0.00702348 0.04370746 -0.01094450
v -0.00697824 0.04392285 -0.01091687
v -0.00522159 0.04348934 -0.01208994
v -0.00627709 0.04258416 -0.01168552
v -0.00615395 0.04318125 -0.01161016
v -0.00638264 0.04206613 -0.01174581
v -0.00632735 0.04233605 -0.01171566
v -0.00644295 0.04169534 -0.01177344
v -0.00664652 0.04132181 -0.01168552
v -0.00685008 0.04132181 -0.01154485
v -0.00685008 0.04095101 -0.01152727
v -0.00685008 0.03983589 -0.01147201
v -0.00610620 0.03872350 -0.01185382
v -0.00637510 0.03909429 -0.01174329
v -0.00610620 0.03909429 -0.01188396
v -0.00614138 0.03832271 -0.01178097
v -0.00628714 0.03817820 -0.01169305
v -0.00577950 0.03872350 -0.01200453
v -0.00632233 0.03649325 -0.01134390
v -0.00650830 0.03573530 -0.01106759
v -0.00592526 0.03517638 -0.01132631
v -0.00619918 0.03389222 -0.01089175
v -0.00558850 0.03055231 -0.01060539
v -0.00664149 0.03055231 0.00760098
v -0.00645552 0.03055231 0.00776425
v -0.00666411 0.03259442 0.00799284
v -0.00738788 0.03751022 0.00834702
v -0.00717175 0.03909429 0.00885442
v -0.00738788 0.03936421 0.00871878
v -0.00655856 0.03352142 0.00827166
v -0.00695814 0.03723758 0.00866854
v -0.00738788 0.04122093 0.00909055
v -0.00741552 0.04146904 0.00911315
v -0.00743563 0.04169534 0.00912822
v -0.00387708 0.05283564 0.00930406
v -0.00288692 0.05299105 0.00946482
v -0.00211540 0.05335366 0.00945477
v -0.00387708 0.05308920 0.00915837
v -0.00411834 0.05304285 0.00912320
v -0.00388964 0.05210222 0.00953013
v -0.00313320 0.05209404 0.00971852
v -0.00377404 0.05235305 0.00949999
v -0.00388964 0.05247302 0.00943970
v -0.00362074 0.05260116 0.00946482
v -0.00412336 0.05198498 0.00949496
v -0.00568400 0.05172324 0.00880921
v -0.00518892 0.05156238 0.00911315
v -0.00505070 0.04875140 0.00978132
v -0.00484714 0.05060812 0.00949999
v -0.00424902 0.05134972 0.00959042
v -0.00475918 0.04922035 0.00983156
v -0.00462096 0.04875140 0.00997474
v -0.00458326 0.04797164 0.01014053
v -0.00442745 0.04594861 0.01059016
v -0.00436211 0.04806979 0.01019830
v -0.00436965 0.04994287 0.00982905
v -0.00412085 0.05014735 0.00986924
v -0.00404546 0.05039546 0.00984412
v -0.00396755 0.05060812 0.00982402
v -0.00523164 0.04429637 0.01062030
v -0.00518892 0.04450631 0.01059770
v -0.00499290 0.04429637 0.01071324
v -0.00541761 0.04429637 0.01051731
v -0.00536232 0.04503524 0.01039423
v -0.00521405 0.04791166 0.00986924
v -0.00746327 0.04206613 0.00915083
v -0.00485468 0.04309128 0.01097700
v -0.00335184 0.04379743 0.01134625
v -0.00479436 0.04333939 0.01095941
v -0.00473656 0.04355205 0.01094183
v -0.00499290 0.04355205 0.01085391
v -0.00497782 0.04242057 0.01091420
v -0.00484714 0.04253508 0.01097700
v -0.00487227 0.04280773 0.01098453
v -0.00660631 0.04206613 0.00980644
v -0.00682243 0.04169534 0.00959795
v -0.00697573 0.04132181 0.00943468
v -0.00657364 0.04169534 0.00978383
v -0.00638767 0.04169534 0.00991948
v -0.00555583 0.04222699 0.01059770
v -0.00551813 0.04197889 0.01057509
v -0.00549803 0.03983589 0.01019328
v -0.00528693 0.04169534 0.01064793
v -0.00387708 0.05369992 0.00868361
v -0.00304776 0.05343001 0.00913576
v -0.00315582 0.05356360 0.00900012
v -0.00276378 0.05348454 0.00917595
v -0.00176607 0.05340274 0.00948492
v -0.00127602 0.05421250 0.00879916
v -0.00127602 0.05439790 0.00863589
v -0.00164796 0.05398893 0.00896997
v -0.00164796 0.05418796 0.00878409
v -0.00191937 0.05378172 0.00912320
v -0.00216817 0.05375718 0.00909808
v -0.00264063 0.05304830 0.00948994
v -0.00239184 0.05310283 0.00951506
v -0.00200231 0.05322007 0.00953767
v -0.00224356 0.05229852 0.00985668
v -0.00201990 0.05283564 0.00967833
v -0.00164796 0.05283564 0.00969843
v -0.00127602 0.05283564 0.00970345
v -0.00313320 0.05423158 0.00845252
v -0.00276378 0.05445515 0.00830934
v -0.00221089 0.05450968 0.00836460
v -0.00350514 0.05456421 0.00805312
v -0.00350514 0.05475234 0.00784463
v -0.00386451 0.05498954 0.00745278
v -0.00350514 0.05491320 0.00765875
v -0.00276378 0.05566843 0.00693030
v -0.00301006 0.05564116 0.00690015
v -0.00325886 0.05560572 0.00685494
v -0.00387708 0.05551847 0.00673688
v -0.00396504 0.05596834 0.00609634
v -0.00407561 0.05562753 0.00651081
v -0.00421886 0.05571478 0.00632492
v -0.00432190 0.05558118 0.00645052
v -0.00424902 0.05605831 0.00584766
v -0.00424399 0.05625189 0.00555879
v -0.00411582 0.05638548 0.00542566
v -0.00302011 0.05840306 0.00247918
v -0.00257027 0.05041454 -0.01094953
v -0.00269090 0.05016916 -0.01098972
v -0.00232398 0.05050997 -0.01098721
v -0.00422640 0.05133063 -0.01013064
v -0.00128859 0.05840306 -0.00745294
v -0.00127602 0.05363994 -0.00977646
v -0.00090659 0.05341910 -0.00985182
v -0.00090659 0.05320916 -0.00995230
v -0.00053466 0.05262297 -0.01019595
v -0.00079853 0.05264479 -0.01020600
v -0.00091413 0.05280292 -0.01014069
v -0.00104481 0.05265569 -0.01021102
v -0.00127602 0.05246484 -0.01030145
v -0.00127602 0.05186502 -0.01056269
v -0.00127602 0.05026732 -0.01125598
v -0.00090659 0.05006283 -0.01132883
v -0.00090659 0.05209404 -0.01044966
v -0.00090659 0.05086441 -0.01098218
v -0.00071560 0.05005193 -0.01132380
v -0.00164796 0.04949300 -0.01152476
v -0.00046931 0.05002739 -0.01131627
v -0.00090659 0.04949300 -0.01153983
v -0.00090659 0.04898043 -0.01171064
v -0.00127602 0.04918491 -0.01166040
v -0.00150974 0.04897225 -0.01170310
v -0.00193194 0.04977382 -0.01135395
v -0.00252252 0.04813795 -0.01167798
v -0.00301006 0.04751359 -0.01171566
v -0.00190681 0.04863689 -0.01171817
v -0.00274618 0.04687560 -0.01199448
v -0.00353781 0.04469716 -0.01241146
v -0.00314325 0.04393375 -0.01276313
v -0.00302765 0.04381652 -0.01283346
v -0.00314325 0.04356296 -0.01287366
v -0.00313320 0.04318125 -0.01297916
v -0.00346996 0.04318125 -0.01286612
v -0.00365593 0.04318125 -0.01279830
v -0.00387708 0.04318125 -0.01270787
v -0.00452546 0.04280773 -0.01247677
v -0.00466117 0.04318125 -0.01237630
v -0.00499290 0.04318125 -0.01223563
v -0.00527688 0.04318125 -0.01211254
v -0.00610620 0.04206613 -0.01188396
v -0.00610620 0.04169534 -0.01192666
v -0.00610620 0.04132181 -0.01194676
v -0.00646055 0.04132181 -0.01178097
v -0.00644547 0.04095101 -0.01177846
v -0.00582473 0.03909429 -0.01202212
v -0.00509845 0.03946509 -0.01240141
v -0.00491248 0.03946509 -0.01248933
v -0.00536232 0.03909429 -0.01224065
v -0.00610620 0.04058021 -0.01194173
v -0.00584484 0.03946509 -0.01202965
v -0.00565887 0.03946509 -0.01212259
v -0.00559353 0.03872350 -0.01208743
v -0.00555583 0.03852174 -0.01206984
v -0.00499290 0.03797917 -0.01222056
v -0.00589007 0.03712579 -0.01168301
v -0.00573426 0.03537813 -0.01144689
v -0.00574683 0.03503460 -0.01138158
v -0.00521907 0.03136752 -0.01097213
v -0.00486724 0.03909429 -0.01246421
v -0.00559353 0.03240630 -0.01097967
v -0.00588505 0.03307700 -0.01092943
v -0.00595541 0.03352142 -0.01097465
v -0.00551311 0.03194007 -0.01093446
v -0.00536735 0.03055231 -0.01073601
v -0.00555834 0.03218818 -0.01095706
v -0.00624191 0.03055231 0.00795013
v -0.00627458 0.03081677 0.00797525
v -0.00702599 0.03968593 0.00910059
v -0.00632986 0.03315062 0.00839474
v -0.00717175 0.04095101 0.00921865
v -0.00705615 0.03993404 0.00912320
v -0.00724715 0.04133544 0.00922368
v -0.00350011 0.05281655 0.00940202
v -0.00337195 0.05267750 0.00948743
v -0.00313320 0.05274021 0.00951255
v -0.00276378 0.05285472 0.00954269
v -0.00239184 0.05283564 0.00962307
v -0.00350514 0.05334548 0.00906794
v -0.00324378 0.05144787 0.00983156
v -0.00276378 0.05171779 0.00989185
v -0.00370619 0.05080988 0.00985417
v -0.00264063 0.05196862 0.00986422
v -0.00276378 0.05209404 0.00980393
v -0.00248985 0.05221673 0.00983156
v -0.00276378 0.05246484 0.00969089
v -0.00384943 0.05095165 0.00978635
v -0.00330661 0.04780260 0.01059016
v -0.00462096 0.04429637 0.01084386
v -0.00423143 0.04465899 0.01090666
v -0.00402284 0.04478168 0.01095188
v -0.00411331 0.04827700 0.01023849
v -0.00378409 0.04875140 0.01025105
v -0.00297739 0.04638211 0.01097448
v -0.00322870 0.04800708 0.01057006
v -0.00462096 0.04280773 0.01105738
v -0.00424902 0.04318125 0.01114529
v -0.00455059 0.04355205 0.01100211
v -0.00313320 0.04355205 0.01143165
v -0.00239184 0.04392285 0.01161000
v -0.00276378 0.04392285 0.01150199
v -0.00239184 0.04429637 0.01156227
v -0.00276378 0.04429637 0.01144924
v -0.00321865 0.04429637 0.01130354
v -0.00447771 0.04381652 0.01097951
v -0.00434703 0.04429637 0.01093680
v -0.00521907 0.04132181 0.01061277
v -0.00518138 0.04112550 0.01059518
v -0.00499290 0.04206613 0.01084386
v -0.00479185 0.04228698 0.01095941
v -0.00333928 0.04146904 0.01134373
v -0.00337697 0.04169534 0.01135378
v -0.00424902 0.04243693 0.01115032
v -0.00387708 0.04243693 0.01125833
v -0.00678976 0.04132181 0.00957032
v -0.00693301 0.04095101 0.00940454
v -0.00652840 0.04132181 0.00975620
v -0.00610620 0.04132181 0.01005010
v -0.00594787 0.03769289 0.00949748
v -0.00557091 0.04031029 0.01023598
v -0.00553573 0.04006491 0.01021337
v -0.00555080 0.03815639 0.00985166
v -0.00552316 0.03601067 0.00946482
v -0.00053466 0.05312191 0.00954771
v -0.00016272 0.05309192 0.00953013
v -0.00151728 0.05338365 0.00947236
v -0.00127602 0.05380080 0.00913325
v -0.00090659 0.05420432 0.00878660
v -0.00127602 0.05398620 0.00898504
v -0.00090659 0.05283564 0.00970094
v 0.00020671 0.05251392 0.00981147
v -0.00016272 0.05283564 0.00967833
v 0.00020671 0.05283564 0.00965070
v -0.00090659 0.05438972 0.00863589
v -0.00090659 0.05458875 0.00845001
v -0.00127602 0.05458875 0.00845001
v -0.00204754 0.05429974 0.00860072
v -0.00205508 0.05395894 0.00892727
v -0.00164796 0.05437336 0.00860323
v -0.00201990 0.05231489 0.00986170
v -0.00237676 0.05209404 0.00988933
v -0.00239184 0.05172324 0.00997725
v -0.00201990 0.05172324 0.01001995
v -0.00201990 0.05209404 0.00992450
v -0.00164796 0.05232306 0.00986422
v -0.00090659 0.05251664 0.00980895
v -0.00016272 0.05251392 0.00981147
v -0.00235665 0.05434609 0.00849522
v -0.00164796 0.05456148 0.00841735
v -0.00164796 0.05474688 0.00821137
v -0.00276378 0.05481505 0.00791748
v -0.00276378 0.05532489 0.00733220
v -0.00276378 0.05551029 0.00711618
v -0.00239184 0.05570114 0.00697049
v -0.00265069 0.05601468 0.00653341
v -0.00313320 0.05594653 0.00644298
v -0.00385697 0.05585655 0.00628976
v -0.00385697 0.05609375 0.00596321
v -0.00387708 0.05629824 0.00565927
v -0.00181885 0.05840306 0.00316242
v -0.00200733 0.05840306 0.00307953
v -0.00239938 0.05840306 0.00287857
v -0.00256021 0.05840306 0.00278563
v -0.00273864 0.05840306 0.00267260
v -0.00204252 0.04951481 -0.01140167
v -0.00201990 0.04912220 -0.01153229
v -0.00053466 0.05840306 -0.00736502
v -0.00070806 0.05339729 -0.00983926
v -0.00053466 0.05283564 -0.01009296
v 0.00020671 0.05158419 -0.01060288
v 0.00038011 0.05079352 -0.01095204
v -0.00053466 0.05243758 -0.01028136
v -0.00053466 0.05182957 -0.01054762
v -0.00053466 0.05164418 -0.01062800
v 0.00023687 0.05064357 -0.01102237
v -0.00164042 0.04910584 -0.01164030
v -0.00175854 0.04888500 -0.01168050
v 0.00020671 0.05023732 -0.01118314
v -0.00016272 0.04999194 -0.01130371
v -0.00016272 0.04912220 -0.01159509
v -0.00054471 0.04909221 -0.01164030
v 0.00020671 0.04726549 -0.01218037
v -0.00090659 0.04875140 -0.01178097
v 0.00076462 0.04633576 -0.01243909
v 0.00057865 0.04636303 -0.01244663
v 0.00057865 0.04615037 -0.01251445
v 0.00057865 0.04577957 -0.01263000
v -0.00016272 0.04726549 -0.01220549
v -0.00090659 0.04837788 -0.01189150
v -0.00127602 0.04899951 -0.01171315
v -0.00127602 0.04875140 -0.01178097
v -0.00164796 0.04800708 -0.01193922
v -0.00182388 0.04744543 -0.01206482
v -0.00164042 0.04875686 -0.01173827
v -0.00223854 0.04711280 -0.01207738
v -0.00276378 0.04577957 -0.01232103
v -0.00276378 0.04355205 -0.01295655
v -0.00256775 0.04558599 -0.01243658
v -0.00287938 0.04406463 -0.01279579
v -0.00276378 0.04318125 -0.01304949
v -0.00276378 0.04280773 -0.01311480
v -0.00313320 0.04280773 -0.01303944
v -0.00354284 0.04284317 -0.01288370
v -0.00369111 0.04299040 -0.01280835
v -0.00540002 0.04246965 -0.01214520
v -0.00499290 0.04243693 -0.01232103
v -0.00558096 0.04236604 -0.01207989
v -0.00552065 0.04280773 -0.01205226
v -0.00580463 0.04206613 -0.01201709
v -0.00571667 0.04246965 -0.01200704
v -0.00475918 0.04243693 -0.01241900
v -0.00478933 0.04215065 -0.01243156
v -0.00495771 0.04204159 -0.01237127
v -0.00565887 0.04169534 -0.01211003
v -0.00587248 0.04132181 -0.01204724
v -0.00589007 0.04095101 -0.01205477
v -0.00610620 0.04095101 -0.01195178
v -0.00511604 0.03983589 -0.01240644
v -0.00493007 0.03983589 -0.01249687
v -0.00462096 0.03946509 -0.01262246
v -0.00588756 0.04058021 -0.01204975
v -0.00477426 0.03861716 -0.01242402
v -0.00472148 0.03834997 -0.01240141
v -0.00496525 0.03873440 -0.01236122
v -0.00453551 0.03834997 -0.01248180
v -0.00447771 0.03805824 -0.01245668
v -0.00462096 0.03723758 -0.01225321
v -0.00490996 0.03500734 -0.01174078
v -0.00513614 0.03307155 -0.01130622
v -0.00517133 0.03111941 -0.01094953
v -0.00462096 0.03909429 -0.01256971
v -0.00513112 0.03092038 -0.01093194
v -0.00505321 0.03055231 -0.01089929
v -0.00605845 0.03055231 0.00809834
v -0.00630222 0.03291887 0.00837214
v -0.00276378 0.04726549 0.01085140
v -0.00278639 0.05027004 0.01019830
v -0.00249487 0.04884956 0.01057509
v -0.00242451 0.05064357 0.01020332
v -0.00276629 0.04690559 0.01092676
v -0.00257027 0.04520974 0.01133369
v -0.00409572 0.04453358 0.01097448
v -0.00311058 0.04464809 0.01127089
v -0.00289446 0.04475987 0.01131862
v -0.00264566 0.04496435 0.01135881
v -0.00387708 0.04577957 0.01080367
v -0.00424902 0.04280773 0.01116288
v -0.00225864 0.04243693 0.01172303
v -0.00127602 0.04243693 0.01200437
v -0.00387708 0.04318125 0.01125079
v -0.00276378 0.04355205 0.01153464
v -0.00344734 0.04318125 0.01137137
v -0.00276378 0.04318125 0.01156227
v -0.00198723 0.04355205 0.01175067
v -0.00191937 0.04385469 0.01173057
v -0.00201990 0.04429637 0.01164014
v -0.00239184 0.04466445 0.01149194
v -0.00276629 0.04464809 0.01138141
v -0.00482954 0.03849175 0.01023096
v -0.00437970 0.03939148 0.01057258
v -0.00550305 0.03196461 0.00871376
v -0.00544023 0.03166470 0.00868613
v -0.00525677 0.03166470 0.00876902
v -0.00520400 0.03142204 0.00874641
v -0.00515625 0.03709580 0.00984161
v -0.00473656 0.04206613 0.01093932
v -0.00462096 0.04132181 0.01084386
v -0.00441991 0.04153993 0.01095941
v -0.00427666 0.04167625 0.01103728
v -0.00327896 0.04122093 0.01132113
v -0.00182136 0.04041935 0.01170545
v -0.00186911 0.04066746 0.01171801
v -0.00209529 0.04095101 0.01167531
v -0.00276378 0.04206613 0.01155474
v -0.00213550 0.04132181 0.01168787
v -0.00665405 0.03820547 0.00909808
v -0.00662390 0.03797917 0.00907799
v -0.00660128 0.03983589 0.00943468
v -0.00643793 0.03797917 0.00920861
v -0.00603081 0.03426574 0.00881172
v -0.00595541 0.03166470 0.00838721
v -0.00557845 0.03834997 0.00986924
v -0.00592777 0.03145476 0.00836711
v -0.00589007 0.03120665 0.00834451
v -0.00575436 0.03131571 0.00844749
v -0.00565887 0.03092038 0.00842991
v -0.00555080 0.03221272 0.00873637
v -0.00016272 0.05327732 0.00938946
v 0.00020671 0.05305648 0.00950250
v -0.00053466 0.05416615 0.00875646
v -0.00016272 0.05351725 0.00920358
v -0.00053466 0.05232852 0.00986422
v 0.00020671 0.05232852 0.00986170
v 0.00044043 0.05231216 0.00985668
v 0.00056860 0.05244848 0.00979137
v 0.00056608 0.05286017 0.00958037
v -0.00053466 0.05435155 0.00860072
v -0.00053466 0.05456148 0.00841484
v -0.00053466 0.05474688 0.00821389
v -0.00053466 0.05491047 0.00802800
v -0.00090659 0.05477415 0.00823398
v -0.00127602 0.05477415 0.00823147
v -0.00164796 0.05490774 0.00802549
v -0.00222095 0.04560780 0.01133871
v -0.00224859 0.04898043 0.01060272
v -0.00219330 0.05079080 0.01022091
v -0.00164796 0.05172324 0.01001995
v -0.00164796 0.05209404 0.00992701
v -0.00201990 0.05134972 0.01010536
v -0.00164796 0.05023732 0.01037414
v -0.00119309 0.04932669 0.01059770
v -0.00038638 0.04782714 0.01096444
v 0.00095059 0.04480622 0.01169791
v -0.00127602 0.05023732 0.01038167
v -0.00127602 0.05232852 0.00986422
v -0.00239184 0.05554028 0.00715637
v -0.00239184 0.05588654 0.00674441
v -0.00201990 0.05538215 0.00740505
v -0.00201990 0.05556755 0.00718149
v -0.00313320 0.05608012 0.00625710
v -0.00239184 0.05603377 0.00655853
v -0.00164545 0.05840306 0.00319759
v -0.00047685 0.05840306 -0.00735749
v -0.00056481 0.05322825 -0.00990457
v -0.00016272 0.05257390 -0.01017083
v -0.00016272 0.05238850 -0.01026126
v 0.00043289 0.05155148 -0.01058781
v 0.00057865 0.05076898 -0.01094199
v 0.00057865 0.05058359 -0.01101986
v -0.00201990 0.04719460 -0.01209747
v 0.00057865 0.05023732 -0.01115048
v 0.00075457 0.04967567 -0.01132380
v 0.00020671 0.04975474 -0.01134892
v 0.00075959 0.04856328 -0.01169557
v 0.00076210 0.04745089 -0.01206733
v 0.00061383 0.04761993 -0.01202463
v 0.00057865 0.04689196 -0.01227080
v 0.00095059 0.04577957 -0.01260488
v 0.00095059 0.04517702 -0.01279579
v 0.00095059 0.04466445 -0.01294399
v 0.00057865 0.04540604 -0.01273550
v 0.00020671 0.04615037 -0.01252450
v 0.00158138 0.04377289 -0.01319267
v -0.00090659 0.04800708 -0.01199448
v -0.00090659 0.04726549 -0.01218790
v -0.00127602 0.04726549 -0.01216278
v -0.00167812 0.04762265 -0.01203468
v -0.00232147 0.04567051 -0.01245919
v -0.00239184 0.04466445 -0.01271540
v -0.00239184 0.04420095 -0.01283346
v -0.00275875 0.04393375 -0.01285356
v -0.00033361 0.04335847 -0.01318011
v -0.00201990 0.04318125 -0.01309973
v -0.00239184 0.04355205 -0.01299172
v -0.00164796 0.04355205 -0.01304447
v -0.00239184 0.04280773 -0.01313992
v -0.00217571 0.04261142 -0.01318011
v -0.00201990 0.04206613 -0.01325798
v -0.00239184 0.04235786 -0.01319518
v -0.00259791 0.04228425 -0.01318513
v -0.00273864 0.04242057 -0.01315248
v -0.00282409 0.04206613 -0.01316001
v -0.00313320 0.04243693 -0.01306456
v -0.00350514 0.04243693 -0.01293143
v -0.00372127 0.04274229 -0.01282091
v -0.00424902 0.04243693 -0.01263000
v -0.00375142 0.04243693 -0.01283346
v -0.00464860 0.04204159 -0.01249687
v -0.00568651 0.04132181 -0.01212259
v -0.00509845 0.04058021 -0.01240644
v -0.00493258 0.04020942 -0.01249184
v -0.00511855 0.04020942 -0.01241146
v -0.00570159 0.04058021 -0.01214018
v -0.00462096 0.03983589 -0.01263754
v -0.00424902 0.03909429 -0.01270284
v -0.00428923 0.03983589 -0.01276564
v -0.00422640 0.03947054 -0.01276313
v -0.00442745 0.03781013 -0.01243407
v -0.00446514 0.03586344 -0.01207989
v -0.00494515 0.03092038 -0.01100981
v -0.00486975 0.03055231 -0.01097465
v -0.00578704 0.03055231 0.00828422
v -0.00627206 0.03267076 0.00834702
v -0.00613133 0.03278800 0.00847010
v -0.00236419 0.04574958 0.01127340
v -0.00248985 0.04540604 0.01131359
v -0.00230388 0.04540604 0.01136132
v -0.00242451 0.04506524 0.01140151
v -0.00366347 0.04280773 0.01132866
v -0.00164796 0.04169534 0.01185114
v -0.00127602 0.04206613 0.01197423
v -0.00101466 0.04243693 0.01206717
v -0.00127602 0.04280773 0.01199432
v -0.00164796 0.04280773 0.01189636
v -0.00201990 0.04280773 0.01179337
v -0.00190932 0.04095101 0.01172806
v -0.00223351 0.04309946 0.01171550
v -0.00164796 0.04355205 0.01182602
v -0.00164796 0.04318125 0.01186873
v -0.00201990 0.04466445 0.01156478
v -0.00181885 0.04410280 0.01170545
v -0.00459834 0.03761656 0.01015309
v -0.00480190 0.03445932 0.00947738
v -0.00239184 0.03055231 0.00965321
v -0.00201487 0.03055231 0.00979639
v -0.00142681 0.03155019 0.01020835
v -0.00400776 0.03864716 0.01057258
v -0.00560107 0.03055231 0.00839474
v -0.00536232 0.03055231 0.00851029
v -0.00497279 0.03055231 0.00867106
v -0.00512860 0.03306610 0.00908803
v -0.00499290 0.03203550 0.00894485
v -0.00436462 0.04132181 0.01093932
v -0.00326388 0.03716124 0.01057258
v -0.00258283 0.03592615 0.01059518
v -0.00201990 0.03946509 0.01145928
v -0.00201990 0.03983589 0.01152710
v -0.00146199 0.03779378 0.01133620
v -0.00154995 0.04020942 0.01172555
v -0.00127602 0.04058021 0.01182602
v -0.00127602 0.04095101 0.01186873
v -0.00127602 0.04132181 0.01190640
v -0.00164796 0.04095101 0.01179337
v -0.00150220 0.03585526 0.01097951
v -0.00108502 0.03297067 0.01059267
v -0.00632233 0.03507550 0.00875646
v -0.00616651 0.03389222 0.00864845
v 0.00043289 0.05303194 0.00948492
v -0.00018785 0.05397530 0.00884689
v -0.00007978 0.05411434 0.00871627
v -0.00127602 0.05209404 0.00992701
v -0.00053466 0.05209404 0.00992450
v -0.00016272 0.05209404 0.00992199
v 0.00020671 0.05209404 0.00991948
v 0.00057865 0.05023732 0.01037162
v 0.00078724 0.04931578 0.01059518
v 0.00068671 0.05224127 0.00983658
v 0.00076964 0.05079625 0.01022091
v 0.00091540 0.05094347 0.01016565
v 0.00151352 0.05042818 0.01022342
v 0.00095059 0.05246484 0.00967833
v 0.00095059 0.05276747 0.00954520
v 0.00095059 0.05295288 0.00943719
v 0.00067917 0.05300195 0.00946231
v 0.00020671 0.05429156 0.00850276
v 0.00169195 0.05372446 0.00870120
v 0.00243583 0.05384715 0.00843996
v -0.00000690 0.05450150 0.00835707
v 0.00057865 0.05480959 0.00791999
v 0.00178242 0.05523219 0.00722922
v 0.00020671 0.05485049 0.00796018
v -0.00001947 0.05487230 0.00798530
v -0.00026827 0.05489139 0.00800540
v -0.00090659 0.05492410 0.00804810
v -0.00015015 0.05501680 0.00783961
v -0.00016272 0.05522947 0.00759344
v -0.00016272 0.05537942 0.00740756
v -0.00053466 0.05524583 0.00761103
v -0.00127602 0.05492410 0.00804810
v -0.00213299 0.04741817 0.01095690
v -0.00164796 0.04615037 0.01127843
v -0.00145696 0.04596224 0.01133620
v -0.00194450 0.05082351 0.01022844
v -0.00201990 0.04615037 0.01124326
v -0.00167560 0.04428547 0.01168033
v -0.00127602 0.05060812 0.01029124
v -0.00090659 0.04986380 0.01047210
v -0.00053466 0.04933487 0.01060021
v -0.00090659 0.05083987 0.01023347
v -0.00164796 0.04928306 0.01058765
v -0.00144188 0.04930215 0.01059267
v -0.00127602 0.04875140 0.01072329
v -0.00063518 0.04780805 0.01096192
v 0.00057865 0.04503524 0.01163512
v 0.00095059 0.04429637 0.01181598
v 0.00095059 0.04503524 0.01164265
v -0.00016272 0.04782714 0.01096695
v 0.00132001 0.04392285 0.01191143
v -0.00201990 0.05571750 0.00699561
v -0.00201990 0.05590290 0.00675697
v -0.00201990 0.05604195 0.00657109
v -0.00136900 0.05840306 0.00319256
v -0.00164796 0.05603922 0.00656858
v -0.00016272 0.05840306 -0.00730976
v 0.00020671 0.05209404 -0.01035420
v 0.00068169 0.05151058 -0.01056772
v 0.00057865 0.05097892 -0.01084151
v 0.00095059 0.05097892 -0.01077621
v 0.00095059 0.05069537 -0.01090934
v 0.00095059 0.05050997 -0.01098972
v 0.00095059 0.05023732 -0.01109271
v 0.00095059 0.04963205 -0.01130622
v 0.00095059 0.04944665 -0.01137153
v 0.00132001 0.04827155 -0.01172069
v 0.00095059 0.04912220 -0.01148457
v 0.00095059 0.04853329 -0.01168552
v 0.00095059 0.04742089 -0.01205728
v 0.00132001 0.04512522 -0.01277820
v 0.00132001 0.04377835 -0.01319267
v 0.00057865 0.04517702 -0.01279830
v 0.00169949 0.04390922 -0.01312987
v 0.00182766 0.04371019 -0.01317257
v 0.00169949 0.04357114 -0.01322532
v 0.00132001 0.04355205 -0.01324542
v 0.00157886 0.04488802 -0.01282342
v 0.00020671 0.04577957 -0.01262498
v -0.00016272 0.04638211 -0.01245165
v 0.00020671 0.04514430 -0.01279076
v -0.00053466 0.04577957 -0.01258981
v -0.00090659 0.04652116 -0.01237881
v -0.00090659 0.04612583 -0.01247928
v -0.00090659 0.04577957 -0.01256720
v -0.00127602 0.04652116 -0.01235118
v -0.00164796 0.04577957 -0.01250440
v -0.00127602 0.04577957 -0.01253706
v -0.00164796 0.04503524 -0.01269029
v -0.00184649 0.04448177 -0.01281086
v 0.00095059 0.04318125 -0.01328812
v 0.00020671 0.04318125 -0.01324291
v -0.00115790 0.04301767 -0.01318513
v -0.00140419 0.04296859 -0.01317760
v -0.00053466 0.04355205 -0.01312234
v 0.00094807 0.04357932 -0.01321779
v 0.00020671 0.04344299 -0.01319769
v -0.00164796 0.04451177 -0.01281839
v -0.00090659 0.04480895 -0.01280081
v -0.00069047 0.04484167 -0.01280835
v -0.00090659 0.04392285 -0.01300930
v -0.00192943 0.04266595 -0.01318765
v -0.00090659 0.04132181 -0.01342377
v -0.00127602 0.04132181 -0.01340116
v -0.00127602 0.04095101 -0.01344135
v -0.00263812 0.04206613 -0.01319267
v -0.00164796 0.04095101 -0.01340116
v -0.00239184 0.04132181 -0.01328059
v -0.00239184 0.04095101 -0.01330068
v -0.00268838 0.04169534 -0.01320523
v -0.00272105 0.04132181 -0.01321779
v -0.00287435 0.04169534 -0.01316504
v -0.00313320 0.04206613 -0.01307963
v -0.00407813 0.04058021 -0.01281588
v -0.00406556 0.04078197 -0.01281086
v -0.00377907 0.04206613 -0.01284602
v -0.00421383 0.04092375 -0.01274304
v -0.00482703 0.04169534 -0.01244663
v -0.00504064 0.04132181 -0.01238383
v -0.00462096 0.04058021 -0.01259986
v -0.00491248 0.04058021 -0.01248180
v -0.00462096 0.04020942 -0.01262246
v -0.00428420 0.04020942 -0.01275308
v -0.00396504 0.03909429 -0.01278323
v -0.00387708 0.03797917 -0.01263251
v -0.00424902 0.03834997 -0.01258227
v -0.00428169 0.03795191 -0.01250692
v -0.00403289 0.03935058 -0.01280081
v -0.00409823 0.04020942 -0.01282342
v -0.00387708 0.04020942 -0.01289124
v -0.00410326 0.03983589 -0.01282091
v -0.00408567 0.03959869 -0.01281588
v -0.00418870 0.03760837 -0.01247928
v -0.00440232 0.03561806 -0.01205728
v -0.00443750 0.03370136 -0.01169557
v -0.00462347 0.03055231 -0.01105754
v -0.00090157 0.04205523 0.01205461
v -0.00077340 0.04217246 0.01208726
v -0.00082869 0.04243693 0.01209229
v -0.00081110 0.04267141 0.01208726
v -0.00092167 0.04280228 0.01205461
v -0.00127602 0.04318125 0.01194659
v -0.00127602 0.04355205 0.01187626
v -0.00499290 0.03166470 0.00887452
v -0.00375896 0.03055231 0.00913325
v -0.00165550 0.03055231 0.00993204
v -0.00127602 0.03055231 0.01007522
v -0.00117550 0.03129117 0.01025356
v -0.00127602 0.03797917 0.01140151
v -0.00135393 0.03976773 0.01168787
v -0.00090659 0.03983589 0.01178081
v -0.00016272 0.03983589 0.01191394
v 0.00106619 0.03957688 0.01209229
v -0.00090659 0.04020942 0.01183858
v -0.00053466 0.04020942 0.01190389
v 0.00071938 0.03996949 0.01208726
v 0.00023938 0.04024213 0.01203954
v -0.00090659 0.04132181 0.01197171
v -0.00111518 0.03105670 0.01023096
v -0.00104230 0.03080859 0.01020835
v -0.00079602 0.03062592 0.01024100
v -0.00060502 0.03234359 0.01057258
v -0.00035874 0.03221272 0.01059518
v -0.00050701 0.03429028 0.01091922
v -0.00053466 0.03537813 0.01109757
v -0.00090659 0.03649325 0.01121814
v 0.00132001 0.05334821 0.00907045
v 0.00094305 0.05323643 0.00922870
v 0.00132253 0.05360995 0.00886196
v 0.00020671 0.05134972 0.01010285
v 0.00095059 0.04652116 0.01128094
v 0.00095059 0.04726549 0.01109757
v 0.00132001 0.04429637 0.01182100
v 0.00132001 0.04480077 0.01169540
v 0.00132001 0.04609584 0.01136885
v 0.00085509 0.05199316 0.00987678
v 0.00132001 0.04652116 0.01126084
v 0.00132001 0.04756267 0.01099458
v 0.00132001 0.04920945 0.01056755
v 0.00169195 0.04910312 0.01054997
v 0.00132001 0.05047725 0.01023598
v 0.00169195 0.04949300 0.01044698
v 0.00181509 0.04890681 0.01058514
v 0.00199855 0.04865870 0.01061779
v 0.00206389 0.04912220 0.01047461
v 0.00206389 0.04949300 0.01036158
v 0.00203876 0.04983926 0.01025859
v 0.00189551 0.05006828 0.01022593
v 0.00176232 0.05031367 0.01018323
v 0.00123708 0.05163054 0.00988431
v 0.00110389 0.05187865 0.00983910
v 0.00096818 0.05210767 0.00980142
v 0.00132755 0.05247302 0.00955023
v 0.00218703 0.05296378 0.00908552
v 0.00120692 0.05270204 0.00950250
v 0.00266955 0.05341637 0.00875144
v 0.00243583 0.05345182 0.00877907
v 0.00206389 0.05349544 0.00881423
v 0.00243583 0.05363722 0.00862584
v 0.00280777 0.05379808 0.00839726
v 0.00243583 0.05403255 0.00826161
v 0.00095059 0.05476597 0.00787980
v 0.00206389 0.05519947 0.00718902
v 0.00206389 0.05534943 0.00700314
v 0.00167185 0.05537124 0.00708855
v 0.00142556 0.05561117 0.00685996
v 0.00153614 0.05525673 0.00725433
v 0.00165928 0.05506043 0.00742766
v 0.00206389 0.05501408 0.00738244
v 0.00095059 0.05530308 0.00730960
v 0.00057865 0.05567661 0.00694034
v -0.00090659 0.05524855 0.00761605
v -0.00127602 0.05525128 0.00761856
v 0.00079980 0.05600378 0.00651583
v 0.00057865 0.05601741 0.00653341
v -0.00016272 0.05556482 0.00717395
v 0.00020671 0.05602832 0.00654849
v -0.00016272 0.05570660 0.00698807
v -0.00164796 0.05557845 0.00718651
v -0.00090659 0.04318125 0.01198427
v -0.00090659 0.04426638 0.01174313
v 0.00020671 0.04763628 0.01101216
v 0.00057865 0.04429637 0.01180090
v 0.00020671 0.04392285 0.01186873
v 0.00132001 0.04355205 0.01199683
v 0.00095059 0.04577957 0.01146179
v 0.00020671 0.04726549 0.01110259
v 0.00169195 0.04355205 0.01197674
v -0.00164796 0.05590290 0.00675446
v -0.00053466 0.05840306 0.00297654
v 0.00020671 0.05618645 0.00631990
v 0.00057865 0.05616191 0.00631990
v 0.00057865 0.05632550 0.00606369
v -0.00001696 0.05840306 -0.00728213
v 0.00152106 0.05265842 -0.00984177
v 0.00095059 0.05220583 -0.01017335
v 0.00095059 0.05172324 -0.01041198
v 0.00095059 0.05145878 -0.01054260
v 0.00122954 0.05121067 -0.01060288
v 0.00134012 0.05100891 -0.01067322
v 0.00169195 0.05091076 -0.01063805
v 0.00222473 0.05077989 -0.01057525
v 0.00243583 0.05072263 -0.01055013
v 0.00208651 0.05063811 -0.01066819
v 0.00117928 0.05044726 -0.01096209
v 0.00132001 0.04986380 -0.01114797
v 0.00134766 0.04949573 -0.01127859
v 0.00124211 0.04937304 -0.01134641
v 0.00154117 0.04821429 -0.01170310
v 0.00132001 0.04875140 -0.01155239
v 0.00132001 0.04800708 -0.01181111
v 0.00132001 0.04763628 -0.01193671
v 0.00132001 0.04652116 -0.01231099
v 0.00132001 0.04577957 -0.01255967
v 0.00107122 0.04375654 -0.01318513
v 0.00095059 0.04429637 -0.01304447
v 0.00169195 0.04429637 -0.01300176
v 0.00206389 0.04429637 -0.01293394
v 0.00206389 0.04362839 -0.01314997
v 0.00206389 0.04344299 -0.01320272
v 0.00206389 0.04392285 -0.01305703
v 0.00243583 0.04392285 -0.01298418
v 0.00314452 0.04391740 -0.01284602
v 0.00344861 0.04378925 -0.01282593
v 0.00369489 0.04371291 -0.01280081
v 0.00412966 0.04338574 -0.01281588
v 0.00169195 0.04318125 -0.01329315
v 0.00132001 0.04318125 -0.01330571
v 0.00156127 0.04710735 -0.01207738
v 0.00057865 0.04429637 -0.01302437
v -0.00016272 0.04510068 -0.01278071
v -0.00053466 0.04540604 -0.01268275
v -0.00090659 0.04540604 -0.01266014
v -0.00127602 0.04540604 -0.01263000
v -0.00016272 0.04169534 -0.01341623
v 0.00020671 0.04243693 -0.01334338
v 0.00020671 0.04429637 -0.01299925
v 0.00082493 0.04371837 -0.01317760
v -0.00053466 0.04206613 -0.01334841
v -0.00090659 0.04095101 -0.01347149
v -0.00090659 0.04058021 -0.01350415
v -0.00201990 0.04095101 -0.01335343
v -0.00127602 0.04058021 -0.01346396
v -0.00274367 0.04095101 -0.01322784
v -0.00201990 0.04058021 -0.01335846
v -0.00239184 0.04058021 -0.01329817
v -0.00290702 0.04132181 -0.01317006
v -0.00292964 0.04095101 -0.01317509
v -0.00377907 0.03909429 -0.01283346
v -0.00276378 0.03834997 -0.01299423
v -0.00385446 0.03873713 -0.01275811
v -0.00200985 0.03797372 -0.01313741
v -0.00325132 0.03791101 -0.01279076
v -0.00387708 0.03760837 -0.01256971
v -0.00219330 0.03856809 -0.01317760
v -0.00313320 0.04058021 -0.01311480
v -0.00292210 0.04058021 -0.01317509
v -0.00387708 0.03983589 -0.01288370
v -0.00273613 0.04058021 -0.01322281
v -0.00313320 0.04020942 -0.01309722
v -0.00286933 0.04020942 -0.01316253
v -0.00350514 0.03983589 -0.01297664
v -0.00350514 0.03946509 -0.01294399
v -0.00223854 0.03881620 -0.01319016
v -0.00205006 0.03870441 -0.01322532
v -0.00411331 0.03733573 -0.01245417
v -0.00403792 0.03708762 -0.01243156
v -0.00424902 0.03463654 -0.01192164
v -0.00423897 0.03355413 -0.01172571
v -0.00439226 0.03154201 -0.01131124
v -0.00446766 0.03179012 -0.01133385
v -0.00425404 0.03055231 -0.01116806
v -0.00068795 0.04192436 0.01207470
v 0.00058870 0.04024213 0.01209731
v -0.00055225 0.04205523 0.01209982
v 0.00057865 0.04058021 0.01212243
v -0.00053466 0.04243693 0.01210736
v -0.00053466 0.04270685 0.01209229
v 0.00035498 0.04300131 0.01207973
v -0.00053466 0.04289225 0.01205963
v -0.00092670 0.03055231 0.01019076
v 0.00020671 0.03946509 0.01191896
v 0.00132001 0.03909429 0.01202446
v 0.00132001 0.03952507 0.01210233
v 0.00132001 0.03983589 0.01213499
v 0.00094556 0.03984134 0.01210485
v 0.00081739 0.03972138 0.01206968
v 0.00070933 0.03773379 0.01171801
v 0.00095059 0.03834997 0.01185868
v 0.00095059 0.03765745 0.01173308
v -0.00087644 0.03055231 0.01020332
v -0.00062261 0.03055231 0.01025105
v -0.00054722 0.03055231 0.01026110
v -0.00051706 0.03055231 0.01026361
v 0.00020671 0.03315062 0.01081623
v 0.00095059 0.03686405 0.01158488
v 0.00095059 0.03723758 0.01165521
v 0.00035247 0.03589343 0.01134373
v 0.00021927 0.03613881 0.01136132
v 0.00095059 0.04631668 0.01133117
v 0.00169195 0.04392285 0.01188631
v 0.00169195 0.04429637 0.01179086
v 0.00169195 0.04601404 0.01134876
v 0.00169195 0.04619944 0.01130103
v 0.00169195 0.04689196 0.01112269
v 0.00185530 0.04743998 0.01096192
v 0.00169195 0.04837788 0.01073836
v 0.00224735 0.04856055 0.01059267
v 0.00206389 0.04800708 0.01077604
v 0.00226745 0.04969749 0.01022844
v 0.00243583 0.04912220 0.01035404
v 0.00214431 0.04994559 0.01018574
v 0.00203876 0.05021006 0.01012797
v 0.00209907 0.05064357 0.00995213
v 0.00208148 0.05174233 0.00956279
v 0.00183520 0.05224127 0.00946482
v 0.00170452 0.05247302 0.00942463
v 0.00244086 0.05247302 0.00917846
v 0.00291834 0.05332367 0.00870873
v 0.00314955 0.05357178 0.00844498
v 0.00300379 0.05377081 0.00836963
v 0.00274243 0.05417978 0.00803303
v 0.00243583 0.05422068 0.00807573
v 0.00243583 0.05495682 0.00732718
v 0.00270724 0.05491047 0.00728196
v 0.00295604 0.05486685 0.00723173
v 0.00236044 0.05529490 0.00694034
v 0.00208651 0.05554846 0.00668915
v 0.00169195 0.05558390 0.00681475
v 0.00117928 0.05563026 0.00688508
v 0.00130996 0.05548576 0.00703077
v 0.00243583 0.05477688 0.00751306
v 0.00243583 0.05459148 0.00770397
v -0.00090659 0.05571205 0.00699561
v 0.00104608 0.05597652 0.00647313
v 0.00126975 0.05840306 0.00247164
v -0.00016272 0.05589200 0.00673939
v -0.00053466 0.04318125 0.01200186
v 0.00020671 0.04355205 0.01195162
v 0.00057865 0.04320306 0.01204456
v 0.00057865 0.04301767 0.01208224
v 0.00132001 0.04322215 0.01205963
v 0.00206389 0.04355205 0.01190892
v 0.00206389 0.04392285 0.01182100
v 0.00153111 0.04302584 0.01208224
v 0.00167185 0.04316217 0.01204707
v 0.00206389 0.04318125 0.01198176
v 0.00095059 0.05840306 0.00256710
v 0.00058870 0.05840306 -0.00713393
v 0.00226745 0.05377354 -0.00909824
v 0.00206389 0.05381989 -0.00912336
v 0.00175729 0.05334003 -0.00943987
v 0.00206389 0.05308102 -0.00949513
v 0.00206389 0.05251937 -0.00977395
v 0.00298871 0.05116159 -0.01020851
v 0.00273991 0.05122703 -0.01023865
v 0.00243583 0.05130337 -0.01027633
v 0.00169195 0.05209404 -0.01007287
v 0.00149844 0.05190592 -0.01020851
v 0.00134012 0.05134154 -0.01051497
v 0.00208651 0.05097074 -0.01051748
v 0.00243583 0.05097892 -0.01043207
v 0.00317971 0.05060812 -0.01041449
v 0.00281279 0.05059449 -0.01051245
v 0.00269217 0.05046362 -0.01059786
v 0.00243583 0.05053723 -0.01062800
v 0.00284044 0.05101436 -0.01031652
v 0.00294096 0.05039000 -0.01056772
v 0.00172462 0.04989924 -0.01103996
v 0.00169195 0.04923399 -0.01129617
v 0.00243583 0.04757357 -0.01174078
v 0.00209907 0.04801253 -0.01165538
v 0.00134766 0.04915219 -0.01140418
v 0.00299625 0.04633849 -0.01206733
v 0.00252881 0.04665476 -0.01204975
v 0.00206389 0.04726549 -0.01192917
v 0.00229007 0.04561598 -0.01244663
v 0.00243583 0.04503524 -0.01261493
v 0.00300630 0.04522882 -0.01244161
v 0.00242578 0.04430455 -0.01286110
v 0.00225991 0.04337211 -0.01318262
v 0.00206389 0.04318125 -0.01324040
v 0.00325510 0.04515521 -0.01241649
v 0.00354913 0.04429637 -0.01264005
v 0.00392107 0.04363930 -0.01277820
v 0.00392107 0.04318125 -0.01289124
v 0.00354913 0.04318125 -0.01296408
v 0.00392107 0.04392285 -0.01268526
v 0.00392107 0.04429637 -0.01255967
v 0.00429301 0.04392285 -0.01259232
v 0.00426788 0.04352751 -0.01272796
v 0.00437092 0.04318125 -0.01277569
v 0.00418495 0.04318125 -0.01283346
v 0.00392107 0.04243693 -0.01300427
v 0.00132001 0.04280773 -0.01334087
v 0.00206389 0.04280773 -0.01327305
v 0.00169195 0.04243693 -0.01334841
v 0.00132001 0.04169534 -0.01342879
v 0.00132001 0.04206613 -0.01340116
v 0.00020671 0.04169534 -0.01343130
v -0.00016272 0.04132181 -0.01346144
v -0.00053466 0.04095101 -0.01348908
v -0.00053466 0.04058021 -0.01351922
v -0.00090659 0.04020942 -0.01350163
v -0.00127602 0.04020942 -0.01345893
v -0.00201990 0.04020942 -0.01334338
v -0.00201990 0.03983589 -0.01332078
v -0.00239184 0.04020942 -0.01327305
v -0.00213550 0.03834997 -0.01316253
v -0.00239184 0.03834997 -0.01309470
v -0.00166555 0.03797372 -0.01323035
v -0.00179874 0.03784830 -0.01317257
v -0.00350514 0.03760837 -0.01267019
v -0.00350263 0.03610882 -0.01239890
v -0.00396252 0.03686405 -0.01241146
v -0.00164796 0.03834997 -0.01328561
v -0.00194953 0.03834997 -0.01321025
v -0.00239184 0.03983589 -0.01324291
v -0.00258032 0.03964504 -0.01318262
v -0.00201990 0.03909429 -0.01326551
v -0.00164796 0.03872350 -0.01331826
v -0.00423897 0.03314516 -0.01165035
v -0.00387205 0.03503460 -0.01209998
v -0.00313823 0.03055231 -0.01147703
v 0.00095059 0.04020942 0.01213499
v -0.00016272 0.04169534 0.01211238
v 0.00020671 0.04169534 0.01212243
v -0.00016272 0.04243693 0.01210736
v 0.00057865 0.04280773 0.01209480
v 0.00020671 0.04132181 0.01212243
v 0.00095059 0.04058021 0.01214252
v 0.00095059 0.04302857 0.01208475
v 0.00022179 0.04314853 0.01204205
v 0.00159897 0.03955779 0.01209731
v 0.00132001 0.03834997 0.01188380
v 0.00165677 0.03983589 0.01210485
v 0.00132001 0.04020942 0.01214001
v -0.00016272 0.03055231 0.01028873
v 0.00095561 0.03572985 0.01136634
v 0.00108629 0.03554717 0.01133871
v 0.00132001 0.03797917 0.01181346
v 0.00189551 0.04448995 0.01171047
v 0.00187792 0.04596496 0.01133620
v 0.00206389 0.04652116 0.01116036
v 0.00206389 0.04689196 0.01106491
v 0.00337322 0.04597587 0.01096695
v 0.00259918 0.04817067 0.01058514
v 0.00243583 0.04875140 0.01046708
v 0.00227499 0.04710190 0.01096946
v 0.00268463 0.04528608 0.01135378
v 0.00330034 0.04478168 0.01131862
v 0.00391353 0.04391467 0.01138141
v 0.00414474 0.04378380 0.01134876
v 0.00240819 0.04945756 0.01025607
v 0.00262431 0.04931033 0.01022342
v 0.00283039 0.05026732 0.00981147
v 0.00261175 0.05041182 0.00984663
v 0.00305405 0.05197680 0.00913074
v 0.00259667 0.05151058 0.00946984
v 0.00270222 0.04792256 0.01062281
v 0.00304903 0.04752177 0.01061528
v 0.00283290 0.04877321 0.01031134
v 0.00224735 0.05079080 0.00984914
v 0.00243583 0.05209404 0.00931662
v 0.00303395 0.05307557 0.00875395
v 0.00328274 0.05293106 0.00869617
v 0.00316714 0.05320371 0.00863840
v 0.00341091 0.05344091 0.00839223
v 0.00325259 0.05368902 0.00831185
v 0.00376526 0.05415797 0.00764117
v 0.00354913 0.05420704 0.00769392
v 0.00354913 0.05439517 0.00750301
v 0.00317971 0.05410071 0.00795767
v 0.00317971 0.05428066 0.00777179
v 0.00272484 0.05454513 0.00765875
v 0.00317971 0.05446606 0.00757586
v 0.00354913 0.05456966 0.00731964
v 0.00377280 0.05452604 0.00727192
v 0.00260672 0.05524583 0.00686750
v 0.00198096 0.05840306 0.00215012
v 0.00169195 0.05840306 0.00231842
v 0.00132001 0.04303675 0.01208475
v 0.00279772 0.04391467 0.01166024
v 0.00254389 0.04403191 0.01169038
v 0.00229761 0.04415187 0.01171801
v 0.00243583 0.04318125 0.01190640
v 0.00280777 0.04318125 0.01182602
v 0.00243583 0.04466445 0.01156478
v 0.00214180 0.04439998 0.01168787
v 0.00132001 0.04280773 0.01209229
v 0.00132001 0.04206613 0.01210987
v 0.00132001 0.04169534 0.01211741
v 0.00155876 0.04280773 0.01208475
v 0.00174473 0.04280773 0.01206214
v 0.00206389 0.04280773 0.01201442
v 0.00243583 0.04280773 0.01195162
v 0.00378788 0.04267413 0.01171801
v 0.00096315 0.05840306 -0.00701084
v 0.00225237 0.05450968 -0.00872397
v 0.00240819 0.05391804 -0.00898772
v 0.00251374 0.05370810 -0.00906559
v 0.00240567 0.05317644 -0.00935948
v 0.00226243 0.05302921 -0.00947001
v 0.00427542 0.05058359 -0.01010804
v 0.00317971 0.05091894 -0.01027131
v 0.00273238 0.05346272 -0.00912839
v 0.00317971 0.05184593 -0.00980661
v 0.00392107 0.05050724 -0.01025121
v 0.00413971 0.05044181 -0.01021856
v 0.00317971 0.05030821 -0.01053757
v 0.00287311 0.04848966 -0.01129617
v 0.00280777 0.04956389 -0.01090934
v 0.00243583 0.04985290 -0.01088924
v 0.00317971 0.05012281 -0.01060791
v 0.00317971 0.04733637 -0.01165286
v 0.00317971 0.04689196 -0.01181865
v 0.00314452 0.04614218 -0.01210501
v 0.00317971 0.04577957 -0.01222307
v 0.00243583 0.04615037 -0.01223814
v 0.00280777 0.04577957 -0.01229340
v 0.00280777 0.04318125 -0.01310726
v 0.00252127 0.04318125 -0.01316253
v 0.00233531 0.04318125 -0.01319518
v 0.00260169 0.04295769 -0.01317760
v 0.00370494 0.04483076 -0.01243156
v 0.00426285 0.04427729 -0.01247677
v 0.00450662 0.04414096 -0.01244914
v 0.00459207 0.04392285 -0.01248682
v 0.00470265 0.04358749 -0.01254459
v 0.00466495 0.04318125 -0.01266014
v 0.00443877 0.04289225 -0.01279579
v 0.00429301 0.04243693 -0.01290380
v 0.00354913 0.04243693 -0.01306958
v 0.00392107 0.04206613 -0.01304447
v 0.00095059 0.04206613 -0.01340367
v 0.00057865 0.04169534 -0.01343381
v 0.00267206 0.04270958 -0.01318765
v 0.00317971 0.04243693 -0.01313238
v 0.00354913 0.04206613 -0.01310475
v 0.00280777 0.04169534 -0.01324040
v 0.00206389 0.04169534 -0.01334841
v 0.00169195 0.04169534 -0.01340116
v 0.00132001 0.04095101 -0.01348405
v 0.00095059 0.04095101 -0.01348908
v -0.00016272 0.04095101 -0.01349410
v 0.00020671 0.04058021 -0.01351168
v -0.00053466 0.04020942 -0.01351419
v 0.00020671 0.04095101 -0.01349410
v -0.00090659 0.03983589 -0.01347903
v -0.00127602 0.03872350 -0.01338609
v -0.00127602 0.03909429 -0.01340618
v -0.00127602 0.03983589 -0.01344135
v -0.00164796 0.03983589 -0.01338357
v -0.00164796 0.03946509 -0.01336599
v -0.00164796 0.03909429 -0.01334338
v -0.00201990 0.03946509 -0.01329566
v -0.00127602 0.03797917 -0.01331575
v -0.00153487 0.03760837 -0.01320020
v -0.00161529 0.03726757 -0.01311731
v -0.00250493 0.03678771 -0.01279076
v -0.00276378 0.03649325 -0.01266768
v -0.00201990 0.03537813 -0.01266517
v -0.00166555 0.03388676 -0.01248933
v -0.00190681 0.03203550 -0.01208743
v -0.00250493 0.03270075 -0.01204724
v -0.00312818 0.03391948 -0.01209998
v -0.00127602 0.03834997 -0.01335846
v -0.00275372 0.03091765 -0.01165035
v -0.00202492 0.03055231 -0.01178348
v 0.00020671 0.04206613 0.01211489
v 0.00095059 0.04280773 0.01209480
v 0.00132001 0.04095101 0.01212996
v 0.00095059 0.04132181 0.01212745
v 0.00169195 0.03872350 0.01192650
v 0.00169195 0.03909429 0.01199683
v 0.00338075 0.03889526 0.01171047
v 0.00429301 0.03872350 0.01153464
v 0.00392107 0.03909429 0.01163763
v 0.00280777 0.03946509 0.01186873
v 0.00184274 0.03983589 0.01207219
v 0.00153111 0.03554717 0.01133871
v 0.00185279 0.04020942 0.01207470
v 0.00166682 0.04020942 0.01210485
v 0.00164672 0.04095101 0.01210233
v 0.00163666 0.04132181 0.01209982
v 0.00162158 0.04169534 0.01209731
v 0.00020671 0.03055231 0.01031385
v 0.00095561 0.03540540 0.01130354
v 0.00057865 0.03055231 0.01033897
v 0.00102849 0.03367137 0.01097197
v 0.00132001 0.03055231 0.01037916
v 0.00203625 0.04463446 0.01164768
v 0.00202619 0.04576321 0.01136132
v 0.00242578 0.04540877 0.01137639
v 0.00280777 0.04466445 0.01147938
v 0.00280777 0.04503524 0.01138644
v 0.00392107 0.04355205 0.01147435
v 0.00429301 0.04280773 0.01156730
v 0.00429301 0.04318125 0.01146682
v 0.00469259 0.04283499 0.01142663
v 0.00456945 0.04318125 0.01137137
v 0.00449155 0.04338301 0.01134122
v 0.00439102 0.04363112 0.01130354
v 0.00345363 0.04577957 0.01099709
v 0.00391856 0.04873777 0.00990692
v 0.00404170 0.04885229 0.00982402
v 0.00379290 0.04900224 0.00987175
v 0.00429301 0.04912220 0.00963563
v 0.00392107 0.04949300 0.00965321
v 0.00307918 0.04977655 0.00988431
v 0.00282285 0.05099255 0.00956279
v 0.00341091 0.05158964 0.00912571
v 0.00316714 0.05281928 0.00879163
v 0.00448903 0.04820611 0.00985417
v 0.00338578 0.05268296 0.00874641
v 0.00354159 0.05318190 0.00843745
v 0.00365720 0.05328823 0.00831436
v 0.00409950 0.05338365 0.00798781
v 0.00356421 0.05359632 0.00818877
v 0.00347123 0.05384170 0.00806317
v 0.00401154 0.05405164 0.00755828
v 0.00419500 0.05420704 0.00730960
v 0.00389343 0.05430520 0.00741510
v 0.00371751 0.05374900 0.00798028
v 0.00415228 0.05380626 0.00765122
v 0.00401908 0.05445515 0.00718400
v 0.00416987 0.05454785 0.00693783
v 0.00390599 0.05459693 0.00706092
v 0.00449657 0.05488866 0.00614909
v 0.00463982 0.05495137 0.00594060
v 0.00466998 0.05515585 0.00557135
v 0.00479814 0.05522947 0.00534779
v 0.00491375 0.05529217 0.00509911
v 0.00218201 0.05840306 0.00186376
v 0.00317217 0.04317307 0.01174564
v 0.00317217 0.04354387 0.01166024
v 0.00280777 0.04429637 0.01156981
v 0.00158389 0.04243693 0.01208977
v 0.00206389 0.04169534 0.01202698
v 0.00317971 0.04206613 0.01184109
v 0.00354913 0.04206613 0.01178081
v 0.00354913 0.04243693 0.01177578
v 0.00383814 0.04243693 0.01172555
v 0.00391605 0.04280228 0.01166024
v 0.00402411 0.04243693 0.01169038
v 0.00429301 0.04243693 0.01163512
v 0.00103101 0.05840306 -0.00698823
v 0.00267960 0.05419069 -0.00875662
v 0.00239813 0.05431610 -0.00878174
v 0.00503689 0.05053451 -0.00989703
v 0.00503689 0.05023732 -0.01004273
v 0.00355667 0.05171234 -0.00975888
v 0.00458956 0.05086168 -0.00987192
v 0.00483584 0.05078534 -0.00983424
v 0.00298117 0.05338638 -0.00909071
v 0.00317971 0.05239941 -0.00952778
v 0.00503689 0.04994559 -0.01016832
v 0.00481574 0.05002466 -0.01019846
v 0.00392107 0.05023732 -0.01036174
v 0.00351646 0.05020188 -0.01048733
v 0.00337070 0.05005465 -0.01058279
v 0.00337322 0.04708554 -0.01169808
v 0.00342850 0.04601404 -0.01208491
v 0.00367479 0.04591589 -0.01204975
v 0.00383060 0.04566778 -0.01209496
v 0.00419249 0.04640392 -0.01172069
v 0.00476045 0.04812159 -0.01092692
v 0.00511982 0.04885774 -0.01055264
v 0.00526307 0.04860963 -0.01059786
v 0.00483835 0.04595133 -0.01169054
v 0.00527563 0.04751632 -0.01097465
v 0.00505448 0.04580956 -0.01165035
v 0.00505448 0.04541968 -0.01178348
v 0.00505699 0.04431273 -0.01216027
v 0.00485092 0.04373745 -0.01243658
v 0.00491626 0.04348934 -0.01246924
v 0.00522788 0.04300676 -0.01244161
v 0.00463228 0.04278592 -0.01273550
v 0.00546160 0.04280773 -0.01237630
v 0.00527563 0.04280773 -0.01245919
v 0.00553448 0.04243693 -0.01241397
v 0.00448652 0.04264687 -0.01281337
v 0.00451919 0.04243693 -0.01282593
v 0.00429301 0.04206613 -0.01294399
v 0.00392107 0.04169534 -0.01304949
v 0.00354913 0.04169534 -0.01311982
v 0.00327269 0.04169534 -0.01316755
v 0.00308672 0.04169534 -0.01319769
v 0.00169195 0.04095101 -0.01345140
v 0.00206389 0.04132181 -0.01337353
v 0.00132001 0.04058021 -0.01349661
v 0.00095059 0.04058021 -0.01350163
v 0.00020671 0.04020942 -0.01350163
v -0.00016272 0.03946509 -0.01345391
v -0.00090659 0.03872350 -0.01341121
v -0.00090659 0.03797917 -0.01334087
v -0.00109256 0.03704945 -0.01318011
v -0.00127602 0.03760837 -0.01325296
v -0.00146953 0.03741480 -0.01318262
v -0.00150974 0.03549537 -0.01282342
v -0.00146953 0.03332784 -0.01243909
v -0.00209278 0.03203550 -0.01203719
v -0.00238430 0.03239812 -0.01202463
v -0.00240692 0.03091765 -0.01174581
v -0.00090659 0.03834997 -0.01338357
v -0.00164796 0.03092038 -0.01194425
v -0.00165299 0.03055231 -0.01187391
v 0.00272484 0.03845630 0.01172303
v 0.00317971 0.03881892 0.01172555
v 0.00169195 0.03686405 0.01156981
v 0.00393615 0.03758929 0.01137639
v 0.00429301 0.03834997 0.01146933
v 0.00392107 0.03872350 0.01159493
v 0.00234787 0.03623151 0.01135127
v 0.00280777 0.03500734 0.01104733
v 0.00466495 0.03872350 0.01145175
v 0.00429301 0.03909429 0.01156730
v 0.00467500 0.03834997 0.01138644
v 0.00243583 0.04058021 0.01197423
v 0.00206389 0.04020942 0.01203702
v 0.00317971 0.03946509 0.01179839
v 0.00206389 0.03983589 0.01202949
v 0.00429301 0.04169534 0.01164768
v 0.00354913 0.04132181 0.01178081
v 0.00429301 0.04206613 0.01165521
v 0.00159394 0.03178194 0.01060523
v 0.00168944 0.03353232 0.01092927
v 0.00404924 0.04206613 0.01169791
v 0.00243583 0.04095101 0.01197423
v 0.00183269 0.04095101 0.01207219
v 0.00095059 0.03055231 0.01036158
v 0.00095059 0.03161290 0.01056755
v 0.00169195 0.03055231 0.01035153
v 0.00317971 0.04429637 0.01147938
v 0.00392107 0.04318125 0.01156981
v 0.00466495 0.04243693 0.01153715
v 0.00492631 0.04272594 0.01136634
v 0.00483584 0.04297404 0.01132866
v 0.00475542 0.04318125 0.01129852
v 0.00504443 0.04243693 0.01140402
v 0.00526558 0.04231151 0.01135378
v 0.00463479 0.04352479 0.01124075
v 0.00483584 0.04780260 0.00984412
v 0.00427542 0.04873777 0.00976876
v 0.00470013 0.04878412 0.00958539
v 0.00463228 0.04834789 0.00975369
v 0.00457950 0.04912220 0.00952008
v 0.00449406 0.04932669 0.00948492
v 0.00427542 0.04946846 0.00952259
v 0.00365720 0.05145060 0.00907547
v 0.00411709 0.05080715 0.00911315
v 0.00352651 0.05281928 0.00860575
v 0.00576569 0.05134699 0.00787478
v 0.00429804 0.05208586 0.00845754
v 0.00442369 0.05220310 0.00832943
v 0.00630852 0.05038455 0.00797525
v 0.00597176 0.05080443 0.00799535
v 0.00532087 0.05314373 0.00731211
v 0.00522034 0.05339183 0.00724680
v 0.00453678 0.05344636 0.00765875
v 0.00521783 0.05264479 0.00761856
v 0.00542893 0.05285472 0.00738495
v 0.00556715 0.05298832 0.00723173
v 0.00483333 0.05374900 0.00723675
v 0.00444128 0.05410344 0.00721666
v 0.00430558 0.05433519 0.00707599
v 0.00497155 0.05350362 0.00732969
v 0.00441867 0.05446333 0.00682480
v 0.00514998 0.05482868 0.00569695
v 0.00490118 0.05490774 0.00580998
v 0.00502935 0.05497863 0.00557386
v 0.00527061 0.05491592 0.00544827
v 0.00516254 0.05521311 0.00492328
v 0.00218955 0.05840306 0.00185120
v 0.00466495 0.04206613 0.01156981
v 0.00132001 0.05840306 -0.00687269
v 0.00340589 0.05305921 -0.00911583
v 0.00412715 0.05192500 -0.00947503
v 0.00526055 0.05045817 -0.00985684
v 0.00539375 0.05022915 -0.00991713
v 0.00537616 0.04983381 -0.01010552
v 0.00523291 0.04968930 -0.01021354
v 0.00445636 0.04929124 -0.01057525
v 0.00355165 0.04876231 -0.01101986
v 0.00351898 0.04688106 -0.01173576
v 0.00466495 0.04875140 -0.01072094
v 0.00487354 0.04895316 -0.01058781
v 0.00403667 0.04665203 -0.01167547
v 0.00548171 0.04957479 -0.01017083
v 0.00560485 0.04932669 -0.01021605
v 0.00540380 0.04763901 -0.01087919
v 0.00540631 0.04466445 -0.01189401
v 0.00519773 0.04444906 -0.01205477
v 0.00528568 0.04420095 -0.01209747
v 0.00540883 0.04389286 -0.01212510
v 0.00596674 0.04448450 -0.01169557
v 0.00577825 0.04429637 -0.01183875
v 0.00537364 0.04315126 -0.01233359
v 0.00629093 0.04253781 -0.01204472
v 0.00635627 0.04228970 -0.01207487
v 0.00640653 0.04206613 -0.01209496
v 0.00615019 0.04206613 -0.01220297
v 0.00574810 0.04205250 -0.01237127
v 0.00470516 0.04243693 -0.01275057
v 0.00503689 0.04206613 -0.01265512
v 0.00456443 0.04206613 -0.01284351
v 0.00457448 0.04169534 -0.01284602
v 0.00429301 0.04169534 -0.01294901
v 0.00448903 0.03957960 -0.01281337
v 0.00392107 0.04132181 -0.01303442
v 0.00354913 0.04132181 -0.01311229
v 0.00306913 0.04095101 -0.01319769
v 0.00280777 0.04095101 -0.01325044
v 0.00310180 0.04132181 -0.01320272
v 0.00280777 0.04132181 -0.01325547
v 0.00206389 0.04095101 -0.01339111
v 0.00169195 0.04058021 -0.01345642
v 0.00169195 0.04020942 -0.01344135
v 0.00132001 0.04020942 -0.01347903
v 0.00095059 0.04020942 -0.01348656
v 0.00020671 0.03983589 -0.01347400
v 0.00095059 0.03983589 -0.01345893
v 0.00020671 0.03946509 -0.01344637
v -0.00016272 0.03797917 -0.01331575
v -0.00090659 0.03760837 -0.01327807
v -0.00016272 0.03834997 -0.01336348
v 0.00020671 0.03834997 -0.01335343
v 0.00132001 0.03834997 -0.01331826
v -0.00093424 0.03720486 -0.01320774
v -0.00108000 0.03704945 -0.01318011
v 0.00020671 0.03098309 -0.01208994
v -0.00039895 0.03294613 -0.01244161
v -0.00090659 0.03537813 -0.01287366
v -0.00090659 0.03352142 -0.01251948
v -0.00127602 0.03203550 -0.01221051
v -0.00149969 0.03143568 -0.01207487
v 0.00020671 0.03872350 -0.01338609
v -0.00128105 0.03055231 -0.01192666
v 0.00243583 0.03352142 0.01081623
v 0.00224735 0.03222362 0.01059267
v 0.00432317 0.03794918 0.01138644
v 0.00446641 0.03780468 0.01133369
v 0.00455940 0.03805006 0.01135881
v 0.00488862 0.03847266 0.01135127
v 0.00493134 0.03872350 0.01136885
v 0.00466495 0.03909429 0.01148189
v 0.00429301 0.03946509 0.01157986
v 0.00350390 0.03946509 0.01173559
v 0.00280777 0.03983589 0.01188380
v 0.00401908 0.04132181 0.01169038
v 0.00404170 0.04169534 0.01169540
v 0.00429301 0.04095101 0.01162507
v 0.00466495 0.04020942 0.01151706
v 0.00466495 0.04132181 0.01154971
v 0.00184022 0.03187736 0.01058765
v 0.00277510 0.03055231 0.01016313
v 0.00503689 0.04206613 0.01145426
v 0.00517511 0.04255962 0.01131610
v 0.00504443 0.04283499 0.01128596
v 0.00505951 0.04357114 0.01105486
v 0.00529825 0.04206613 0.01136383
v 0.00637637 0.04195980 0.01098453
v 0.00630852 0.04220791 0.01095188
v 0.00596925 0.04262778 0.01096695
v 0.00503186 0.04652934 0.01015560
v 0.00558474 0.04558053 0.01021588
v 0.00525804 0.04713734 0.00986924
v 0.00492631 0.04868324 0.00952008
v 0.00484589 0.04893135 0.00947487
v 0.00495647 0.04949300 0.00917093
v 0.00468254 0.05061903 0.00885442
v 0.00455186 0.05097892 0.00877907
v 0.00405929 0.05184048 0.00870622
v 0.00606223 0.05134972 0.00768387
v 0.00614768 0.05097347 0.00780444
v 0.00459458 0.05172324 0.00843494
v 0.00518516 0.05111252 0.00834199
v 0.00451165 0.05195499 0.00838470
v 0.00639899 0.05013645 0.00802800
v 0.00664527 0.04996195 0.00795265
v 0.00632360 0.05114523 0.00761103
v 0.00542893 0.05324461 0.00718149
v 0.00562244 0.05342183 0.00690769
v 0.00577323 0.05209949 0.00751809
v 0.00578077 0.05245393 0.00734727
v 0.00565762 0.05274021 0.00729201
v 0.00598935 0.05232306 0.00726941
v 0.00590391 0.05257117 0.00719907
v 0.00570537 0.05320916 0.00698053
v 0.00457699 0.05421523 0.00696798
v 0.00522537 0.05376808 0.00688257
v 0.00468757 0.05434337 0.00671427
v 0.00493385 0.05457512 0.00621189
v 0.00504191 0.05470326 0.00595316
v 0.00518013 0.05447696 0.00609634
v 0.00530328 0.05458057 0.00584766
v 0.00541134 0.05469781 0.00558140
v 0.00534349 0.05497045 0.00520461
v 0.00565762 0.05456694 0.00546585
v 0.00639648 0.05418523 0.00508655
v 0.00664276 0.05407617 0.00491574
v 0.00599438 0.05453149 0.00506143
v 0.00523542 0.05526218 0.00467460
v 0.00523040 0.05600105 0.00280573
v 0.00226745 0.05840306 0.00170802
v 0.00528317 0.05603922 0.00260478
v 0.00503689 0.04169534 0.01144672
v 0.00503689 0.04132181 0.01143668
v 0.00167436 0.05840306 -0.00666420
v 0.00563752 0.05010100 -0.00987192
v 0.00392107 0.04775352 -0.01129868
v 0.00373510 0.04782168 -0.01132380
v 0.00570789 0.04986380 -0.00992718
v 0.00584611 0.04912220 -0.01012311
v 0.00591899 0.04884683 -0.01017586
v 0.00596674 0.04559417 -0.01132380
v 0.00588632 0.04473261 -0.01165789
v 0.00576820 0.04503252 -0.01161016
v 0.00562998 0.04601132 -0.01133887
v 0.00563752 0.04490437 -0.01171315
v 0.00583605 0.04355205 -0.01200453
v 0.00615270 0.04499980 -0.01140418
v 0.00611501 0.04462900 -0.01155239
v 0.00619794 0.04429637 -0.01160514
v 0.00633365 0.04372927 -0.01169305
v 0.00659250 0.04206613 -0.01200453
v 0.00662014 0.04169534 -0.01202212
v 0.00643417 0.04169534 -0.01210752
v 0.00560234 0.04192163 -0.01244161
v 0.00503689 0.04169534 -0.01266517
v 0.00454683 0.04095101 -0.01283598
v 0.00453175 0.04058021 -0.01283095
v 0.00450160 0.03983589 -0.01281839
v 0.00503689 0.04020942 -0.01261744
v 0.00555207 0.04058021 -0.01242151
v 0.00503689 0.03983589 -0.01259483
v 0.00463479 0.03945964 -0.01274304
v 0.00446641 0.03933150 -0.01280583
v 0.00432317 0.03945964 -0.01284602
v 0.00392107 0.04095101 -0.01301683
v 0.00298368 0.04007309 -0.01318011
v 0.00206389 0.04058021 -0.01338609
v 0.00243583 0.04095101 -0.01332329
v 0.00206389 0.03983589 -0.01335594
v 0.00206389 0.03909429 -0.01332580
v 0.00206389 0.03872350 -0.01330571
v 0.00169195 0.03983589 -0.01341874
v 0.00169195 0.03946509 -0.01339613
v 0.00169195 0.03909429 -0.01337101
v 0.00169195 0.03872350 -0.01334338
v 0.00132001 0.03983589 -0.01344888
v 0.00095059 0.03797917 -0.01327807
v -0.00016272 0.03760837 -0.01325296
v 0.00169195 0.03834997 -0.01330571
v -0.00053466 0.03727029 -0.01320774
v -0.00053466 0.03612246 -0.01300930
v -0.00053466 0.03537813 -0.01287868
v 0.00020671 0.03129117 -0.01214520
v 0.00057865 0.03277982 -0.01239137
v 0.00050577 0.03102943 -0.01207989
v 0.00020168 0.03055231 -0.01200956
v -0.00016272 0.03129117 -0.01214018
v -0.00016774 0.03055231 -0.01199951
v 0.00132001 0.03909429 -0.01338609
v 0.00367730 0.03524454 0.01095439
v 0.00355165 0.03537268 0.01100211
v 0.00405175 0.03375589 0.01058262
v 0.00443877 0.03597523 0.01095439
v 0.00452924 0.03622333 0.01098202
v 0.00576820 0.03797372 0.01090415
v 0.00745198 0.03779378 0.01022091
v 0.00670056 0.03820820 0.01059016
v 0.00448903 0.03443205 0.01059770
v 0.00445134 0.03264077 0.01021086
v 0.00503689 0.03649325 0.01085140
v 0.00666538 0.03638147 0.01020584
v 0.00511731 0.03872350 0.01129350
v 0.00516003 0.03909429 0.01131108
v 0.00497406 0.03909429 0.01138393
v 0.00500673 0.03946509 0.01139146
v 0.00466495 0.03946509 0.01149445
v 0.00503689 0.04020942 0.01140653
v 0.00354913 0.03055231 0.01001995
v 0.00529825 0.04169534 0.01136132
v 0.00577825 0.04169534 0.01120307
v 0.00615019 0.04169534 0.01107747
v 0.00565260 0.04419004 0.01061779
v 0.00638642 0.04169534 0.01098955
v 0.00657239 0.04169534 0.01089159
v 0.00709009 0.04156446 0.01060021
v 0.00692171 0.04168988 0.01068812
v 0.00706747 0.04181257 0.01058262
v 0.00684129 0.04206613 0.01068059
v 0.00650956 0.04207704 0.01087903
v 0.00652213 0.04243693 0.01076348
v 0.00638642 0.04308037 0.01062281
v 0.00598684 0.04377562 0.01060272
v 0.00589888 0.04402100 0.01056504
v 0.00617030 0.04430183 0.01032641
v 0.00539124 0.04726276 0.00975118
v 0.00532087 0.04800708 0.00953515
v 0.00525050 0.04823883 0.00949496
v 0.00517260 0.04848694 0.00944975
v 0.00504443 0.04878412 0.00941207
v 0.00529825 0.04904586 0.00915334
v 0.00541637 0.04915219 0.00903780
v 0.00566516 0.04941121 0.00877907
v 0.00506705 0.04915219 0.00924880
v 0.00543647 0.04951754 0.00887201
v 0.00568275 0.05023732 0.00841735
v 0.00652213 0.04984744 0.00807824
v 0.00673072 0.05046089 0.00764117
v 0.00672820 0.04971384 0.00800540
v 0.00704988 0.04925853 0.00796772
v 0.00595920 0.05301558 0.00687252
v 0.00589134 0.05320916 0.00679214
v 0.00597679 0.05340819 0.00652337
v 0.00573553 0.05353906 0.00664143
v 0.00559982 0.05377081 0.00651332
v 0.00547417 0.05366993 0.00676200
v 0.00603459 0.05276747 0.00695290
v 0.00482327 0.05411707 0.00685243
v 0.00506202 0.05404346 0.00671427
v 0.00495647 0.05422068 0.00660626
v 0.00554956 0.05446878 0.00571453
v 0.00577574 0.05478505 0.00486048
v 0.00672067 0.05414706 0.00466706
v 0.00605972 0.05458057 0.00483536
v 0.00579584 0.05433792 0.00559647
v 0.00628841 0.05409253 0.00533523
v 0.00653218 0.05396167 0.00521717
v 0.00677093 0.05383079 0.00509911
v 0.00711020 0.05379808 0.00469720
v 0.00529322 0.05530308 0.00446359
v 0.00526809 0.05565479 0.00361708
v 0.00557972 0.05561390 0.00313730
v 0.00236295 0.05840306 0.00149953
v 0.00564255 0.05566297 0.00288862
v 0.00546914 0.05590018 0.00260478
v 0.00553951 0.05595470 0.00223301
v 0.00535354 0.05608830 0.00223301
v 0.00250620 0.05840306 0.00114284
v 0.00526809 0.04095101 0.01135127
v 0.00528317 0.04132181 0.01135629
v 0.00168190 0.05840306 -0.00664913
v 0.00668799 0.05486412 -0.00383578
v 0.00680360 0.05461056 -0.00407943
v 0.00673574 0.05453967 -0.00431053
v 0.00633365 0.05450696 -0.00500382
v 0.00604464 0.05422068 -0.00587294
v 0.00596422 0.05413616 -0.00612162
v 0.00822099 0.05082896 -0.00689781
v 0.00821345 0.05044453 -0.00725701
v 0.00783146 0.05043090 -0.00761621
v 0.00577323 0.05023187 -0.00964584
v 0.00601700 0.05011463 -0.00951522
v 0.00589386 0.04986380 -0.00977144
v 0.00594914 0.04964841 -0.00982419
v 0.00600946 0.04940030 -0.00987945
v 0.00629344 0.04810523 -0.01017586
v 0.00635375 0.04785985 -0.01022358
v 0.00641155 0.04763628 -0.01026377
v 0.00616024 0.04799345 -0.01031401
v 0.00605972 0.04726549 -0.01065061
v 0.00608485 0.04615037 -0.01103744
v 0.00627082 0.04615037 -0.01090431
v 0.00627585 0.04510068 -0.01128110
v 0.00656988 0.04466445 -0.01122584
v 0.00638391 0.04466445 -0.01135646
v 0.00646936 0.04429637 -0.01141926
v 0.00651710 0.04358477 -0.01161016
v 0.00674580 0.04270958 -0.01172320
v 0.00680360 0.04243693 -0.01176590
v 0.00645679 0.04318125 -0.01177344
v 0.00686140 0.04206613 -0.01181865
v 0.00688402 0.04169534 -0.01183623
v 0.00687648 0.04132181 -0.01181865
v 0.00685889 0.04095101 -0.01180107
v 0.00683878 0.04058021 -0.01178348
v 0.00681616 0.04020942 -0.01176339
v 0.00678852 0.03983589 -0.01174329
v 0.00658747 0.04132181 -0.01200453
v 0.00640150 0.04132181 -0.01209747
v 0.00557218 0.04095101 -0.01242905
v 0.00615019 0.04169534 -0.01222307
v 0.00578579 0.04169534 -0.01236876
v 0.00560234 0.04169534 -0.01244161
v 0.00559480 0.04150175 -0.01243909
v 0.00538621 0.04095101 -0.01250440
v 0.00552192 0.04020942 -0.01240393
v 0.00529574 0.03983589 -0.01247426
v 0.00503689 0.03946509 -0.01255967
v 0.00392107 0.03946509 -0.01293897
v 0.00466495 0.03909429 -0.01268777
v 0.00441113 0.03909429 -0.01279076
v 0.00422516 0.03909429 -0.01283849
v 0.00261426 0.03855991 -0.01318011
v 0.00392107 0.03983589 -0.01295906
v 0.00317971 0.03983589 -0.01312485
v 0.00287060 0.03909429 -0.01315499
v 0.00243583 0.03909429 -0.01325044
v 0.00246850 0.03869896 -0.01322030
v 0.00237551 0.03834997 -0.01321025
v 0.00206389 0.03834997 -0.01327054
v 0.00132001 0.03797917 -0.01326551
v 0.00020671 0.03760837 -0.01324040
v 0.00193824 0.03773924 -0.01319267
v 0.00169195 0.03797917 -0.01325044
v -0.00016272 0.03686405 -0.01312485
v -0.00016272 0.03612246 -0.01299674
v -0.00016272 0.03426574 -0.01267521
v -0.00016272 0.03389222 -0.01260990
v 0.00020671 0.03203550 -0.01227582
v 0.00095059 0.03389222 -0.01256720
v 0.00095059 0.03523363 -0.01280332
v 0.00132001 0.03686405 -0.01307210
v 0.00169195 0.03768744 -0.01320020
v 0.00155876 0.03552809 -0.01281588
v 0.00115666 0.03331966 -0.01244161
v 0.00057865 0.03055231 -0.01197941
v 0.00391102 0.03204913 0.01025356
v 0.00412966 0.03218273 0.01022844
v 0.00673826 0.03662958 0.01023347
v 0.00760025 0.03764382 0.01009531
v 0.00766056 0.03797917 0.01012545
v 0.00747460 0.03797917 0.01023347
v 0.00737910 0.03754567 0.01019328
v 0.00730119 0.03645781 0.00995716
v 0.00744946 0.03631058 0.00984914
v 0.00749973 0.03655869 0.00988180
v 0.00540631 0.03872350 0.01117544
v 0.00726601 0.03834997 0.01036158
v 0.00678349 0.03909429 0.01062533
v 0.00598181 0.03919245 0.01097197
v 0.00427039 0.03204913 0.01014555
v 0.00415730 0.03064773 0.00987175
v 0.00466495 0.03240630 0.01007522
v 0.00521532 0.03973229 0.01133369
v 0.00604213 0.03983589 0.01099709
v 0.00636381 0.04132181 0.01097700
v 0.00523542 0.04020942 0.01134122
v 0.00394369 0.03055231 0.00992199
v 0.00391102 0.03167288 0.01017318
v 0.00577825 0.04132181 0.01119302
v 0.00654977 0.04132181 0.01089159
v 0.00689407 0.04132181 0.01071073
v 0.00723585 0.04168988 0.01049219
v 0.00709009 0.04132181 0.01060021
v 0.00727606 0.04132181 0.01049219
v 0.00759020 0.04132181 0.01030631
v 0.00754999 0.04169534 0.01028873
v 0.00694433 0.04243693 0.01051229
v 0.00675836 0.04243693 0.01062533
v 0.00702726 0.04206613 0.01055750
v 0.00741177 0.04251055 0.01019579
v 0.00818832 0.04334757 0.00947487
v 0.00734391 0.04280773 0.01015811
v 0.00671061 0.04262506 0.01059267
v 0.00685637 0.04277228 0.01045954
v 0.00710014 0.04302857 0.01023347
v 0.00728109 0.04355478 0.00994962
v 0.00774098 0.04429637 0.00943217
v 0.00596925 0.04708827 0.00948240
v 0.00564757 0.04754086 0.00951004
v 0.00550684 0.04800708 0.00942463
v 0.00650454 0.04651571 0.00936937
v 0.00786413 0.04491801 0.00913325
v 0.00541637 0.04874050 0.00920107
v 0.00580338 0.04802344 0.00923372
v 0.00591396 0.04922581 0.00870371
v 0.00628087 0.04959388 0.00832943
v 0.00603208 0.04977382 0.00840479
v 0.00594412 0.05002193 0.00835204
v 0.00649951 0.04947937 0.00824152
v 0.00679355 0.05023732 0.00769894
v 0.00704988 0.04999194 0.00758842
v 0.00697951 0.05023732 0.00751306
v 0.00677344 0.05090531 0.00731964
v 0.00661511 0.04912220 0.00830683
v 0.00676087 0.04865053 0.00839726
v 0.00708255 0.04820066 0.00836711
v 0.00783146 0.04598405 0.00874390
v 0.00747460 0.04749996 0.00838218
v 0.00747460 0.04824428 0.00801796
v 0.00726601 0.04912220 0.00780696
v 0.00717051 0.04949300 0.00772155
v 0.00711271 0.04974383 0.00765624
v 0.00819586 0.04522609 0.00873888
v 0.00670810 0.05227944 0.00650578
v 0.00651459 0.05282746 0.00631236
v 0.00630349 0.05297196 0.00646559
v 0.00604213 0.05320916 0.00660626
v 0.00817826 0.05039273 0.00611392
v 0.00785659 0.05084805 0.00617170
v 0.00632108 0.05337002 0.00611392
v 0.00701972 0.05367811 0.00494337
v 0.00666789 0.05371901 0.00534528
v 0.00642161 0.05384443 0.00548846
v 0.00587124 0.05367811 0.00631990
v 0.00568527 0.05384988 0.00631990
v 0.00635375 0.05230943 0.00689513
v 0.00561490 0.05526764 0.00394614
v 0.00637386 0.05453695 0.00434805
v 0.00695690 0.05403801 0.00446359
v 0.00677344 0.05418796 0.00446359
v 0.00582098 0.05398893 0.00599586
v 0.00740674 0.05369992 0.00409183
v 0.00744444 0.05375446 0.00388585
v 0.00715543 0.05385260 0.00446359
v 0.00717302 0.05356360 0.00482531
v 0.00736402 0.05322279 0.00484792
v 0.00749973 0.05310829 0.00473237
v 0.00742936 0.05335639 0.00459673
v 0.00735145 0.05356905 0.00446862
v 0.00539877 0.05551302 0.00373263
v 0.00592653 0.05522401 0.00346134
v 0.00571040 0.05571478 0.00260478
v 0.00633616 0.05488048 0.00353419
v 0.00594663 0.05560844 0.00236614
v 0.00580590 0.05575022 0.00223804
v 0.00598684 0.05564116 0.00211746
v 0.00284798 0.05840306 -0.00039445
v 0.00663773 0.05519947 0.00186125
v 0.00182012 0.05840306 -0.00630750
v 0.00672820 0.05489684 -0.00358710
v 0.00694936 0.05475234 -0.00333591
v 0.00689156 0.05469781 -0.00370516
v 0.00705491 0.05447424 -0.00382071
v 0.00698705 0.05439517 -0.00407943
v 0.00708506 0.05414434 -0.00427536
v 0.00629344 0.05408435 -0.00567953
v 0.00631857 0.05374627 -0.00609650
v 0.00703983 0.05260934 -0.00643812
v 0.00819586 0.05116705 -0.00649590
v 0.00856528 0.05041999 -0.00686264
v 0.00829638 0.05058359 -0.00703345
v 0.00784653 0.05156511 -0.00653107
v 0.00847984 0.05027277 -0.00705606
v 0.00827376 0.05023732 -0.00731478
v 0.00807774 0.05023732 -0.00750067
v 0.00639648 0.05012554 -0.00915099
v 0.00627585 0.04986380 -0.00940972
v 0.00702224 0.04993196 -0.00866619
v 0.00647187 0.04986380 -0.00922384
v 0.00689658 0.04983108 -0.00883449
v 0.00670559 0.04967295 -0.00909071
v 0.00645930 0.04912220 -0.00958304
v 0.00754747 0.04615037 -0.00992969
v 0.00777868 0.04513885 -0.01017335
v 0.00740925 0.04588317 -0.01017586
v 0.00666538 0.04736636 -0.01017586
v 0.00715543 0.04615037 -0.01026629
v 0.00690663 0.04651026 -0.01031652
v 0.00701721 0.04466445 -0.01090682
v 0.00683124 0.04466445 -0.01103996
v 0.00706747 0.04445724 -0.01094450
v 0.00712527 0.04420913 -0.01098469
v 0.00711522 0.04307220 -0.01134892
v 0.00698705 0.04243693 -0.01162774
v 0.00748213 0.04343754 -0.01097465
v 0.00784653 0.04380016 -0.01060037
v 0.00704737 0.04206613 -0.01167045
v 0.00722077 0.04243693 -0.01144186
v 0.00706999 0.04169534 -0.01168803
v 0.00726601 0.04132181 -0.01151973
v 0.00706245 0.04132181 -0.01168050
v 0.00704486 0.04095101 -0.01166794
v 0.00700213 0.04020942 -0.01164030
v 0.00717051 0.03872350 -0.01139414
v 0.00694433 0.03946509 -0.01161016
v 0.00689407 0.03872350 -0.01156997
v 0.00675836 0.03946509 -0.01172320
v 0.00673072 0.03916246 -0.01170813
v 0.00648695 0.04061021 -0.01198193
v 0.00601197 0.03946509 -0.01208994
v 0.00537616 0.03911065 -0.01235620
v 0.00505699 0.03911065 -0.01250692
v 0.00595417 0.03895252 -0.01206231
v 0.00264944 0.03880802 -0.01318765
v 0.00519773 0.03899887 -0.01242653
v 0.00644925 0.03834997 -0.01174832
v 0.00615019 0.03834997 -0.01188647
v 0.00466495 0.03872350 -0.01262749
v 0.00429301 0.03760837 -0.01259734
v 0.00392107 0.03760837 -0.01271792
v 0.00391102 0.03796554 -0.01277318
v 0.00409196 0.03856809 -0.01280583
v 0.00354913 0.03872350 -0.01296408
v 0.00256148 0.03834997 -0.01316755
v 0.00230012 0.03810186 -0.01319267
v 0.00206389 0.03797917 -0.01321276
v 0.00095059 0.03726484 -0.01315499
v 0.00218452 0.03785376 -0.01317006
v 0.00221970 0.03596159 -0.01280583
v 0.00225237 0.03407761 -0.01243909
v 0.00168693 0.03574348 -0.01284100
v 0.00131750 0.03055231 -0.01188145
v 0.00095059 0.03092038 -0.01200202
v 0.00168693 0.03539449 -0.01277318
v 0.00402662 0.03193462 0.01020081
v 0.00398139 0.03055231 0.00990943
v 0.00765805 0.03724303 0.00995464
v 0.00787669 0.03760837 0.00989938
v 0.00793198 0.03797917 0.00993957
v 0.00769323 0.03834997 0.01014304
v 0.00750727 0.03834997 0.01025105
v 0.00726601 0.03686405 0.01007522
v 0.00706496 0.03558807 0.00984412
v 0.00667040 0.03339873 0.00946231
v 0.00672569 0.03217727 0.00911818
v 0.00688653 0.03055231 0.00848015
v 0.00774350 0.03686405 0.00978635
v 0.00779376 0.03712579 0.00982654
v 0.00783900 0.03737117 0.00986422
v 0.00703480 0.03983589 0.01057258
v 0.00700213 0.03946509 0.01056002
v 0.00412966 0.03055231 0.00985919
v 0.00430558 0.03055231 0.00978383
v 0.00492882 0.03203550 0.00988431
v 0.00705491 0.04020942 0.01058011
v 0.00706999 0.04058021 0.01058765
v 0.00777365 0.04132181 0.01018825
v 0.00759020 0.04095101 0.01030129
v 0.00723082 0.04094283 0.01050727
v 0.00777617 0.04095101 0.01019076
v 0.00773596 0.04169534 0.01016313
v 0.00726601 0.04206613 0.01039674
v 0.00715794 0.04280773 0.01027115
v 0.00784151 0.04268231 0.00986422
v 0.00822350 0.04309946 0.00950250
v 0.00858287 0.04343754 0.00912320
v 0.00855020 0.04368565 0.00909055
v 0.00840696 0.04355750 0.00924126
v 0.00831648 0.04392285 0.00920358
v 0.00814057 0.04355205 0.00944724
v 0.00795460 0.04355205 0.00956027
v 0.00800486 0.04394466 0.00940202
v 0.00662517 0.04615037 0.00942965
v 0.00804004 0.04432636 0.00924377
v 0.00658998 0.04726549 0.00903277
v 0.00818832 0.04447087 0.00910059
v 0.00751229 0.04643392 0.00877404
v 0.00599187 0.04897770 0.00875144
v 0.00636129 0.04934577 0.00837967
v 0.00741177 0.04997013 0.00720661
v 0.00824612 0.05014463 0.00619179
v 0.00771585 0.05026732 0.00669669
v 0.00709260 0.05044453 0.00726187
v 0.00749721 0.05087259 0.00655602
v 0.00667292 0.05184593 0.00683987
v 0.00824109 0.04503524 0.00878409
v 0.00771334 0.04875140 0.00750050
v 0.00788172 0.04875140 0.00731462
v 0.00840193 0.04879775 0.00671678
v 0.00831900 0.04912220 0.00664394
v 0.00752486 0.04949300 0.00733220
v 0.00735648 0.04949300 0.00751809
v 0.00783146 0.04970021 0.00688759
v 0.00777365 0.04994559 0.00682228
v 0.00844717 0.04580138 0.00817118
v 0.00855523 0.04668475 0.00760851
v 0.00855523 0.04742635 0.00723675
v 0.00829889 0.04611492 0.00817872
v 0.00705239 0.05223581 0.00609885
v 0.00777868 0.05109616 0.00607876
v 0.00672569 0.05268023 0.00615914
v 0.00674328 0.05307829 0.00580998
v 0.00666538 0.05332640 0.00570699
v 0.00838182 0.05023732 0.00595065
v 0.00825366 0.05060812 0.00584515
v 0.00819837 0.05080170 0.00576979
v 0.00811292 0.05060812 0.00603103
v 0.00676087 0.05347090 0.00545831
v 0.00710266 0.05343001 0.00505138
v 0.00702978 0.05409253 0.00416216
v 0.00690161 0.05423704 0.00405918
v 0.00752737 0.05351453 0.00409183
v 0.00782140 0.05376536 0.00279066
v 0.00748716 0.05380626 0.00363969
v 0.00822853 0.05344636 0.00223301
v 0.00708255 0.05414161 0.00391600
v 0.00742685 0.05298287 0.00498105
v 0.00781638 0.05263933 0.00463692
v 0.00820339 0.05229307 0.00429278
v 0.00781386 0.05189228 0.00537542
v 0.00820088 0.05117522 0.00540305
v 0.00967858 0.05041999 0.00353167
v 0.00858287 0.05193591 0.00393860
v 0.00780632 0.05299650 0.00423250
v 0.00589637 0.05556755 0.00260478
v 0.00616276 0.05536306 0.00258719
v 0.00635124 0.05526218 0.00244904
v 0.00658244 0.05515313 0.00223301
v 0.00669805 0.05487230 0.00276805
v 0.00668297 0.05448787 0.00385069
v 0.00639648 0.05529763 0.00223301
v 0.00293091 0.05840306 -0.00110784
v 0.00666538 0.05522129 0.00149200
v 0.00669302 0.05524037 0.00112023
v 0.00595417 0.05598742 -0.00065569
v 0.00681616 0.05496773 0.00223301
v 0.00687396 0.05501135 0.00186125
v 0.00707753 0.05487775 0.00166030
v 0.00692925 0.05501135 0.00151963
v 0.00217698 0.05840306 -0.00482296
v 0.00710014 0.05489684 -0.00212265
v 0.00706999 0.05487230 -0.00236882
v 0.00704234 0.05484776 -0.00259238
v 0.00676339 0.05492138 -0.00333591
v 0.00699711 0.05480414 -0.00296414
v 0.00712527 0.05456694 -0.00333591
v 0.00709512 0.05452877 -0.00357203
v 0.00732632 0.05393713 -0.00407943
v 0.00713030 0.05420977 -0.00407943
v 0.00719062 0.05434064 -0.00370014
v 0.00752486 0.05386896 -0.00370767
v 0.00781386 0.05338365 -0.00387095
v 0.00747711 0.05380353 -0.00395384
v 0.00757261 0.05359359 -0.00407943
v 0.00756255 0.05209131 -0.00628992
v 0.00714035 0.05346817 -0.00510932
v 0.00664276 0.05368629 -0.00564185
v 0.00745449 0.05340002 -0.00464462
v 0.00667040 0.05334821 -0.00605883
v 0.00855774 0.05115341 -0.00573228
v 0.00926644 0.05073354 -0.00482296
v 0.00969869 0.05044999 -0.00430802
v 0.00892465 0.05038728 -0.00609399
v 0.00968612 0.05006828 -0.00464964
v 0.00896486 0.05013917 -0.00618442
v 0.00890958 0.04995923 -0.00643310
v 0.00884172 0.04984744 -0.00665415
v 0.00892717 0.04927488 -0.00684506
v 0.00860549 0.05017189 -0.00693548
v 0.00852758 0.04995104 -0.00718416
v 0.00836926 0.04983653 -0.00740772
v 0.00821345 0.04971930 -0.00762626
v 0.00815313 0.04996741 -0.00756849
v 0.00739920 0.04994287 -0.00830197
v 0.00702475 0.04912220 -0.00904298
v 0.00706496 0.04816249 -0.00945242
v 0.00719313 0.04763628 -0.00957551
v 0.00785407 0.04565688 -0.00986689
v 0.00800235 0.04502434 -0.01001761
v 0.00784151 0.04489074 -0.01022609
v 0.00820842 0.04414642 -0.01022358
v 0.00789680 0.04466445 -0.01026880
v 0.00764800 0.04502434 -0.01031904
v 0.00742685 0.04480077 -0.01056269
v 0.00748716 0.04455266 -0.01060791
v 0.00773596 0.04429637 -0.01051999
v 0.00725596 0.04431818 -0.01085659
v 0.00765805 0.04392285 -0.01069834
v 0.00735145 0.04280773 -0.01124593
v 0.00779376 0.04404827 -0.01056018
v 0.00788423 0.04355205 -0.01063303
v 0.00782392 0.04225971 -0.01095455
v 0.00729365 0.04205795 -0.01145693
v 0.00746203 0.04192981 -0.01133134
v 0.00747711 0.04169534 -0.01134641
v 0.00726601 0.04169534 -0.01152476
v 0.00757512 0.04280773 -0.01106005
v 0.00776109 0.04280773 -0.01089929
v 0.00779627 0.04250782 -0.01092943
v 0.00747962 0.04132181 -0.01134641
v 0.00930916 0.04077379 -0.00983926
v 0.00930916 0.04075471 -0.00983926
v 0.00788172 0.04095101 -0.01099977
v 0.00726601 0.04095101 -0.01149210
v 0.00949513 0.04020942 -0.00965338
v 0.00718810 0.03909429 -0.01141172
v 0.00735648 0.03872350 -0.01124845
v 0.00714538 0.03834997 -0.01137404
v 0.00689407 0.03834997 -0.01152727
v 0.00668548 0.03872350 -0.01168301
v 0.00649951 0.03872350 -0.01177344
v 0.00663522 0.03834997 -0.01166040
v 0.00637888 0.03797917 -0.01171566
v 0.00557720 0.03783740 -0.01205979
v 0.00481322 0.03789738 -0.01242151
v 0.00466495 0.03834997 -0.01256469
v 0.00456945 0.03760837 -0.01247928
v 0.00451416 0.03734118 -0.01245417
v 0.00431814 0.03722394 -0.01251445
v 0.00421762 0.03686405 -0.01248431
v 0.00392107 0.03723758 -0.01265010
v 0.00317971 0.03760837 -0.01289626
v 0.00280777 0.03797917 -0.01304949
v 0.00317971 0.03797917 -0.01295906
v 0.00371500 0.03783194 -0.01280332
v 0.00357426 0.03796554 -0.01285858
v 0.00242829 0.03797917 -0.01313992
v 0.00267960 0.03660776 -0.01282342
v 0.00243583 0.03537813 -0.01264758
v 0.00233028 0.03620970 -0.01282844
v 0.00243583 0.03500734 -0.01257725
v 0.00265447 0.03068045 -0.01170561
v 0.00242578 0.03055231 -0.01172320
v 0.00205886 0.03055231 -0.01177846
v 0.00206389 0.03426574 -0.01250189
v 0.00158138 0.03365501 -0.01244914
v 0.00819586 0.03593160 0.00910813
v 0.00822601 0.03612246 0.00913576
v 0.00821847 0.03734664 0.00949999
v 0.00806266 0.03760837 0.00972355
v 0.00811795 0.03797917 0.00977881
v 0.00858036 0.03849175 0.00948994
v 0.00815062 0.03834997 0.00981398
v 0.00796465 0.03834997 0.00995716
v 0.00771083 0.03872350 0.01015057
v 0.00752486 0.03872350 0.01026361
v 0.00692171 0.03572712 0.00994209
v 0.00681868 0.03537813 0.00989938
v 0.00572045 0.03055231 0.00916088
v 0.00615270 0.03131844 0.00916339
v 0.00627585 0.03121211 0.00908050
v 0.00615019 0.03055231 0.00896746
v 0.00645176 0.03055231 0.00880921
v 0.00663522 0.03055231 0.00867608
v 0.00668297 0.03079769 0.00871627
v 0.00829638 0.03055231 0.00732718
v 0.00780884 0.03485738 0.00909557
v 0.00799229 0.03499098 0.00898756
v 0.00820591 0.03478922 0.00874641
v 0.00856277 0.03334147 0.00799033
v 0.00891963 0.03189645 0.00723424
v 0.00564757 0.03324332 0.00987426
v 0.00753491 0.03909429 0.01027115
v 0.00755753 0.03983589 0.01028371
v 0.00800737 0.04095101 0.01000740
v 0.00819334 0.04113914 0.00984914
v 0.00803753 0.04128637 0.00997223
v 0.00818329 0.04138724 0.00983910
v 0.00797219 0.04169534 0.00997725
v 0.00776360 0.04058021 0.01018574
v 0.00797722 0.03872350 0.00996469
v 0.00818832 0.03975682 0.00984663
v 0.00819837 0.04020942 0.00985417
v 0.00825617 0.04280773 0.00953013
v 0.00861303 0.04318125 0.00914832
v 0.00811795 0.04206613 0.00978635
v 0.00931921 0.04192163 0.00874390
v 0.00928905 0.04216974 0.00871376
v 0.00896989 0.04318125 0.00877404
v 0.00894225 0.04338574 0.00874139
v 0.00929659 0.04332575 0.00834953
v 0.00890455 0.04363385 0.00869366
v 0.00866329 0.04392285 0.00885191
v 0.00850245 0.04392285 0.00903780
v 0.00824863 0.04422276 0.00914832
v 0.00925387 0.04243693 0.00867608
v 0.00831397 0.04986380 0.00626715
v 0.00855020 0.04964568 0.00611392
v 0.00849994 0.04986380 0.00604359
v 0.00855523 0.04445451 0.00872129
v 0.00855523 0.04519883 0.00835204
v 0.00850748 0.04763628 0.00718400
v 0.00855272 0.04890954 0.00649322
v 0.00850497 0.04912220 0.00643796
v 0.00839942 0.04953662 0.00634251
v 0.00819083 0.04967295 0.00650327
v 0.00860800 0.04643664 0.00767131
v 0.00860800 0.04791984 0.00692779
v 0.00770831 0.05136335 0.00595316
v 0.00739418 0.05218947 0.00568941
v 0.00706999 0.05263388 0.00574970
v 0.00798978 0.05094893 0.00592302
v 0.00687648 0.05317917 0.00555377
v 0.00858036 0.05007919 0.00578737
v 0.00851502 0.05032730 0.00567685
v 0.00858539 0.05045817 0.00542817
v 0.00741177 0.05258753 0.00533774
v 0.00772591 0.05319826 0.00410188
v 0.00815062 0.05332640 0.00267009
v 0.00827376 0.05358541 0.00182859
v 0.00815313 0.05371083 0.00193158
v 0.00819586 0.05376808 0.00168290
v 0.00774098 0.05405164 0.00223301
v 0.00869596 0.05249483 0.00262738
v 0.00856528 0.05302104 0.00204713
v 0.00745700 0.05414434 0.00280824
v 0.00725344 0.05431065 0.00294137
v 0.00709009 0.05452059 0.00282582
v 0.00700213 0.05481232 0.00223301
v 0.00858790 0.05083169 0.00505892
v 0.00974895 0.05017189 0.00365476
v 0.00864570 0.05059176 0.00519205
v 0.01005304 0.05005465 0.00316745
v 0.00927900 0.05112070 0.00345380
v 0.00294096 0.05840306 -0.00147960
v 0.00596674 0.05599560 -0.00089935
v 0.00709009 0.05489139 0.00141413
v 0.00689407 0.05507678 0.00112023
v 0.00670559 0.05524855 0.00090421
v 0.00632862 0.05561935 0.00013054
v 0.00654223 0.05548848 -0.00036682
v 0.00637386 0.05565479 -0.00073607
v 0.00705993 0.05486140 0.00186125
v 0.00745449 0.05451241 0.00168793
v 0.00723585 0.05474143 0.00151963
v 0.00253133 0.05840306 -0.00333591
v 0.00718056 0.05495682 -0.00147960
v 0.00736402 0.05479596 -0.00147960
v 0.00717051 0.05461601 -0.00296414
v 0.00748716 0.05455603 -0.00185136
v 0.00743187 0.05448242 -0.00232360
v 0.00735648 0.05437881 -0.00296414
v 0.00732884 0.05429702 -0.00332837
v 0.00743187 0.05411162 -0.00344643
v 0.00785659 0.05344364 -0.00362227
v 0.00776863 0.05331822 -0.00407943
v 0.00857031 0.05228762 -0.00390611
v 0.00936445 0.05087259 -0.00438840
v 0.00784653 0.05305648 -0.00431807
v 0.00891711 0.05113706 -0.00496363
v 0.00846476 0.05209131 -0.00446627
v 0.00882916 0.05134427 -0.00483301
v 0.00932424 0.05118886 -0.00393626
v 0.00961073 0.05069537 -0.00407943
v 0.00973136 0.05050724 -0.00407943
v 0.00985199 0.05023732 -0.00407943
v 0.00973136 0.05021006 -0.00443864
v 0.00964340 0.05031639 -0.00455419
v 0.00928403 0.05035184 -0.00532535
v 0.00963335 0.04986380 -0.00490334
v 0.00983691 0.04986380 -0.00445120
v 0.01008319 0.04866961 -0.00470490
v 0.00983691 0.04875140 -0.00519473
v 0.00964843 0.04808615 -0.00605129
v 0.01076424 0.04438089 -0.00605631
v 0.01006058 0.04599496 -0.00651097
v 0.00920361 0.04799072 -0.00702591
v 0.00900256 0.04875140 -0.00698823
v 0.00890204 0.04875140 -0.00717412
v 0.00885931 0.04913856 -0.00704350
v 0.00874874 0.04949300 -0.00705103
v 0.00864067 0.04984199 -0.00705606
v 0.01080194 0.04413279 -0.00613669
v 0.00857282 0.04970294 -0.00724696
v 0.00845219 0.04949300 -0.00748057
v 0.00821847 0.04490710 -0.00986438
v 0.00826622 0.04949300 -0.00767901
v 0.00820591 0.04895861 -0.00799049
v 0.00799481 0.04983653 -0.00778200
v 0.00787167 0.04717824 -0.00914095
v 0.00801240 0.04578502 -0.00965589
v 0.00830894 0.04428002 -0.01003519
v 0.00851251 0.04429637 -0.00976641
v 0.00859293 0.04381924 -0.00987443
v 0.00888947 0.04318125 -0.00977395
v 0.00892465 0.04295496 -0.00982419
v 0.00895984 0.04270685 -0.00985936
v 0.00823858 0.04392285 -0.01025121
v 0.00856528 0.04893408 -0.00760868
v 0.00853764 0.04662477 -0.00868629
v 0.00762287 0.04466990 -0.01046724
v 0.00821345 0.04233605 -0.01059786
v 0.00903272 0.04206613 -0.00992215
v 0.00806015 0.04169534 -0.01083398
v 0.00766308 0.04169534 -0.01118314
v 0.00792947 0.04318125 -0.01067573
v 0.00832905 0.04318125 -0.01032657
v 0.00818580 0.04258416 -0.01057274
v 0.01010832 0.04058021 -0.00914848
v 0.00989471 0.04058021 -0.00933436
v 0.00969366 0.04095101 -0.00947754
v 0.01011084 0.04020942 -0.00914597
v 0.00988968 0.04020942 -0.00933185
v 0.00970372 0.04020942 -0.00948508
v 0.00767313 0.03981408 -0.01108015
v 0.00760779 0.03909429 -0.01107764
v 0.00864570 0.03946509 -0.01027382
v 0.00758517 0.03872350 -0.01106256
v 0.00820842 0.03909429 -0.01059283
v 0.00733135 0.03834997 -0.01122081
v 0.00711271 0.03804733 -0.01135143
v 0.00692925 0.03794646 -0.01143433
v 0.00656485 0.03797917 -0.01162774
v 0.00648695 0.03764109 -0.01159760
v 0.00552946 0.03760837 -0.01203719
v 0.00464987 0.03722394 -0.01236876
v 0.00451165 0.03548992 -0.01208240
v 0.00445887 0.03709307 -0.01242905
v 0.00440359 0.03686405 -0.01240644
v 0.00414976 0.03659686 -0.01245668
v 0.00445385 0.03524181 -0.01205728
v 0.00392107 0.03686405 -0.01257725
v 0.00374767 0.03591525 -0.01244161
v 0.00365217 0.03566714 -0.01241900
v 0.00353657 0.03577620 -0.01246672
v 0.00280777 0.03352142 -0.01221051
v 0.00271981 0.03277982 -0.01208994
v 0.00263688 0.03257534 -0.01206984
v 0.00290578 0.03277982 -0.01204724
v 0.00340840 0.03363593 -0.01208240
v 0.00279018 0.03055231 -0.01163528
v 0.00896235 0.03214456 0.00727192
v 0.00931670 0.03070226 0.00651583
v 0.00865575 0.03389222 0.00807573
v 0.00836675 0.03579528 0.00890718
v 0.00841198 0.03612246 0.00895993
v 0.00844465 0.03760837 0.00936183
v 0.00876633 0.03718850 0.00893481
v 0.00891963 0.03822728 0.00909055
v 0.00895230 0.03847539 0.00912320
v 0.00896989 0.03872350 0.00914330
v 0.00877889 0.03872350 0.00932918
v 0.00859293 0.03872350 0.00949999
v 0.00837931 0.03872350 0.00966326
v 0.00816318 0.03872350 0.00982654
v 0.00847984 0.03055231 0.00717646
v 0.00816570 0.03340690 0.00834199
v 0.00888947 0.03055231 0.00683736
v 0.00852758 0.03315062 0.00796018
v 0.00913827 0.03055231 0.00662887
v 0.00929408 0.03055231 0.00649071
v 0.00819586 0.04095101 0.00985166
v 0.00819837 0.04058021 0.00985417
v 0.00838182 0.04095101 0.00968838
v 0.00859293 0.04095101 0.00950250
v 0.00917345 0.04095101 0.00898756
v 0.00916340 0.04132181 0.00897751
v 0.00857031 0.04153175 0.00948240
v 0.00815816 0.04169534 0.00981900
v 0.00837931 0.03909429 0.00967833
v 0.00860298 0.03909429 0.00951004
v 0.00860549 0.03946509 0.00951255
v 0.00833156 0.04206613 0.00960046
v 0.00847984 0.04243693 0.00940202
v 0.00865073 0.04280773 0.00918349
v 0.00934183 0.04169534 0.00876651
v 0.00971377 0.04163263 0.00839977
v 0.00941974 0.04243693 0.00849020
v 0.01016864 0.04206613 0.00775421
v 0.01035461 0.04206613 0.00754320
v 0.01051796 0.04206613 0.00735732
v 0.01070393 0.04206613 0.00714381
v 0.01007817 0.04270958 0.00765122
v 0.01067126 0.04245329 0.00704584
v 0.01000529 0.04318125 0.00756581
v 0.00975398 0.04355205 0.00770899
v 0.00993995 0.04355205 0.00748543
v 0.00884926 0.04392285 0.00862835
v 0.01016110 0.04318125 0.00737993
v 0.00860549 0.04420640 0.00878409
v 0.00862560 0.04986380 0.00585771
v 0.00860298 0.04940030 0.00618175
v 0.00895481 0.04860690 0.00615914
v 0.00890455 0.04885501 0.00608127
v 0.00895984 0.04787621 0.00653341
v 0.00890958 0.04812432 0.00647062
v 0.00866832 0.04837788 0.00662636
v 0.00892717 0.04928579 0.00574718
v 0.00881408 0.04984471 0.00555377
v 0.00889952 0.04995650 0.00532518
v 0.00928905 0.05000557 0.00461431
v 0.00896989 0.05011463 0.00507901
v 0.00890455 0.05036274 0.00496095
v 0.00967858 0.05004647 0.00390093
v 0.00854769 0.05225218 0.00348395
v 0.00940466 0.05098983 0.00333574
v 0.00932424 0.05118886 0.00320512
v 0.00849491 0.05320371 0.00189893
v 0.00859293 0.05307829 0.00179845
v 0.00851753 0.05330459 0.00149200
v 0.00834915 0.05357996 0.00149200
v 0.00821345 0.05378717 0.00149200
v 0.00782894 0.05414434 0.00169797
v 0.00799229 0.05393440 0.00181603
v 0.00755501 0.05424522 0.00223301
v 0.00936445 0.05125157 0.00297654
v 0.00965094 0.05074717 0.00306948
v 0.00719062 0.05462419 0.00223301
v 0.01000780 0.04986380 0.00344124
v 0.01005052 0.04967295 0.00352916
v 0.01008822 0.04986380 0.00325536
v 0.01041492 0.04890954 0.00311218
v 0.01026665 0.04949300 0.00297654
v 0.01014099 0.04986380 0.00297654
v 0.01045011 0.04937304 0.00149200
v 0.01046770 0.04940303 0.00112023
v 0.01006058 0.05006828 0.00297654
v 0.00969869 0.05083169 0.00260478
v 0.00861303 0.05311919 0.00149200
v 0.00895984 0.05232306 0.00213505
v 0.00596674 0.05599560 -0.00092949
v 0.00720569 0.05498136 -0.00110784
v 0.00287562 0.05840306 -0.00186895
v 0.00697449 0.05516676 -0.00073607
v 0.00738664 0.05482322 -0.00073607
v 0.00714287 0.05493501 0.00037671
v 0.00754496 0.05459966 0.00000494
v 0.00671815 0.05525946 0.00065553
v 0.00784402 0.05415797 0.00149200
v 0.00786413 0.05417705 0.00112023
v 0.00739166 0.05482595 -0.00110784
v 0.00756004 0.05464055 -0.00110784
v 0.00752988 0.05460784 -0.00147960
v 0.00771585 0.05436518 -0.00147960
v 0.00819837 0.05377354 -0.00131633
v 0.00780130 0.05410889 -0.00194431
v 0.00829638 0.05359905 -0.00145448
v 0.00850497 0.05330732 -0.00147960
v 0.00822601 0.05343818 -0.00222062
v 0.00792695 0.05359905 -0.00294907
v 0.00776611 0.05368629 -0.00333591
v 0.00789931 0.05350089 -0.00333591
v 0.00819083 0.05301831 -0.00350923
v 0.00815816 0.05297196 -0.00370767
v 0.00890706 0.05186502 -0.00378052
v 0.00965597 0.05075808 -0.00377800
v 0.00935691 0.05123521 -0.00370767
v 0.00974895 0.05062448 -0.00367502
v 0.00992738 0.05023732 -0.00370767
v 0.01004801 0.05003829 -0.00348160
v 0.01002791 0.04996741 -0.00370767
v 0.00998267 0.04984471 -0.00405934
v 0.01002539 0.04958570 -0.00416986
v 0.01005806 0.04933759 -0.00428541
v 0.00996256 0.04947392 -0.00442608
v 0.01004550 0.04891499 -0.00462201
v 0.01083461 0.04503524 -0.00546601
v 0.01069639 0.04538423 -0.00553886
v 0.01117891 0.04341300 -0.00578251
v 0.01119398 0.04271776 -0.00617186
v 0.01077178 0.04365566 -0.00645068
v 0.01039230 0.04429637 -0.00680738
v 0.00985450 0.04429637 -0.00779456
v 0.00893219 0.04854692 -0.00722687
v 0.01007817 0.04308310 -0.00802817
v 0.01004550 0.04260325 -0.00833965
v 0.01121409 0.04318125 -0.00585536
v 0.01112613 0.04318125 -0.00603873
v 0.01115629 0.04296586 -0.00610655
v 0.00893219 0.04780532 -0.00760114
v 0.00892214 0.04628941 -0.00832960
v 0.00817072 0.04591589 -0.00944238
v 0.00817826 0.04667657 -0.00908066
v 0.00819586 0.04819793 -0.00835472
v 0.00813554 0.04844604 -0.00829694
v 0.00865324 0.04429637 -0.00958304
v 0.00884675 0.04358749 -0.00964835
v 0.00903020 0.04318125 -0.00959058
v 0.00930916 0.04262778 -0.00946750
v 0.00933932 0.04243693 -0.00950769
v 0.00939712 0.04206613 -0.00956546
v 0.00921869 0.04206613 -0.00975134
v 0.00899502 0.04243693 -0.00988950
v 0.00895481 0.04527245 -0.00874658
v 0.00890455 0.04392285 -0.00942228
v 0.00966351 0.04138452 -0.00944740
v 0.00924633 0.04169534 -0.00978149
v 0.00906036 0.04169534 -0.00994727
v 0.00885177 0.04169534 -0.01013315
v 0.01007817 0.04085558 -0.00912336
v 0.01030937 0.04057749 -0.00888724
v 0.01043754 0.04044934 -0.00874909
v 0.01029681 0.04020942 -0.00893497
v 0.00968110 0.04113641 -0.00946498
v 0.01008319 0.03990950 -0.00912336
v 0.00968864 0.03997494 -0.00947503
v 0.00819586 0.03889799 -0.01058279
v 0.00724842 0.03794646 -0.01120574
v 0.00707753 0.03779923 -0.01132129
v 0.00685386 0.03760837 -0.01140670
v 0.00673574 0.03697311 -0.01134139
v 0.00652213 0.03723758 -0.01149964
v 0.00612506 0.03687496 -0.01161267
v 0.00579584 0.03687496 -0.01176590
v 0.00468003 0.03613609 -0.01213515
v 0.00521532 0.03149566 -0.01094953
v 0.00486097 0.03256716 -0.01132883
v 0.00405678 0.03453293 -0.01204975
v 0.00392107 0.03500734 -0.01219795
v 0.00407688 0.03634875 -0.01242905
v 0.00465741 0.03055231 -0.01099223
v 0.00498411 0.03129117 -0.01101233
v 0.00480066 0.03231905 -0.01130371
v 0.00489867 0.03092038 -0.01097213
v 0.00485343 0.03073225 -0.01095204
v 0.00355667 0.03055231 -0.01137404
v 0.00318222 0.03168106 -0.01174329
v 0.00281279 0.03055231 -0.01162774
v 0.00941471 0.03055231 0.00634502
v 0.00963586 0.03166470 0.00644801
v 0.00934937 0.03092038 0.00654849
v 0.00930162 0.03187191 0.00687252
v 0.00897994 0.03352142 0.00766126
v 0.00887439 0.03537813 0.00830432
v 0.00890706 0.03686405 0.00870622
v 0.00910811 0.03720213 0.00861077
v 0.00931167 0.03704127 0.00836711
v 0.00968612 0.03703037 0.00799786
v 0.00942979 0.03797917 0.00849773
v 0.00928905 0.03827636 0.00871376
v 0.00930916 0.03852447 0.00873637
v 0.00925638 0.03797917 0.00868361
v 0.01005052 0.03705218 0.00762107
v 0.00915586 0.03872350 0.00893229
v 0.00917345 0.03909429 0.00894988
v 0.00898748 0.03909429 0.00915837
v 0.00878895 0.03909429 0.00934425
v 0.00860298 0.03983589 0.00951004
v 0.00899251 0.04058021 0.00915585
v 0.00938204 0.04095101 0.00880168
v 0.00937199 0.04132181 0.00879163
v 0.00895732 0.04160809 0.00912571
v 0.00879146 0.03946509 0.00934927
v 0.00955796 0.04132181 0.00861328
v 0.00973639 0.04132181 0.00842740
v 0.01006812 0.04157810 0.00801293
v 0.00987461 0.04172805 0.00818877
v 0.01086225 0.04206613 0.00695793
v 0.01078184 0.04258688 0.00686248
v 0.01081953 0.04233878 0.00691020
v 0.01034707 0.04318125 0.00715637
v 0.01045262 0.04344299 0.00691523
v 0.01009325 0.04355205 0.00729955
v 0.00900256 0.04392285 0.00844247
v 0.00941722 0.04429637 0.00775421
v 0.00906539 0.04577139 0.00745026
v 0.01005555 0.04523155 0.00651081
v 0.01040236 0.04442997 0.00647062
v 0.00918853 0.04836152 0.00592553
v 0.00897743 0.04903768 0.00583259
v 0.01079440 0.04336938 0.00650829
v 0.00921617 0.04693013 0.00669167
v 0.00942225 0.04652116 0.00664394
v 0.00975900 0.04577957 0.00660124
v 0.00918099 0.04947119 0.00517949
v 0.00926895 0.04958025 0.00495091
v 0.00933932 0.04975747 0.00470474
v 0.00921869 0.04987471 0.00483033
v 0.00853261 0.05332913 0.00112023
v 0.00838182 0.05357996 0.00112023
v 0.00822853 0.05380626 0.00112023
v 0.00805010 0.05399165 0.00112023
v 0.00802999 0.05397257 0.00149200
v 0.01041995 0.04706646 0.00463943
v 0.01009325 0.04942757 0.00361457
v 0.01015607 0.04952845 0.00338347
v 0.00965848 0.04962660 0.00424255
v 0.00931921 0.04933214 0.00503631
v 0.00974644 0.04909221 0.00445606
v 0.01007565 0.04899679 0.00394614
v 0.01028927 0.04912220 0.00334830
v 0.01045011 0.04866143 0.00324280
v 0.01118393 0.04639575 0.00284592
v 0.01191273 0.04412188 0.00243397
v 0.01096780 0.04726549 0.00260478
v 0.01052801 0.04875140 0.00260478
v 0.01039230 0.04920673 0.00260478
v 0.01030686 0.04949300 0.00260478
v 0.01043503 0.04934032 0.00179343
v 0.01056822 0.04912220 0.00112023
v 0.01059587 0.04912220 0.00074847
v 0.01061346 0.04912220 0.00037671
v 0.01047775 0.04942211 0.00074847
v 0.00961827 0.05104163 0.00223301
v 0.01007817 0.05010645 0.00223301
v 0.00973136 0.05089985 0.00149200
v 0.00923879 0.05206405 0.00003006
v 0.00895481 0.05268568 -0.00036682
v 0.00886183 0.05287381 -0.00036682
v 0.00928151 0.05185411 0.00112023
v 0.00925638 0.05180504 0.00186125
v 0.00720067 0.05497863 -0.00073607
v 0.00718056 0.05496500 -0.00036682
v 0.00756004 0.05461874 -0.00036682
v 0.00756758 0.05463782 -0.00073607
v 0.00771083 0.05440063 0.00037671
v 0.00788172 0.05419614 0.00074847
v 0.00775355 0.05442516 -0.00073607
v 0.00774601 0.05440880 -0.00110784
v 0.00788926 0.05422340 -0.00110784
v 0.00838434 0.05357996 -0.00110784
v 0.00854518 0.05336730 -0.00110784
v 0.00863565 0.05312191 -0.00147960
v 0.00847984 0.05319826 -0.00188653
v 0.00810538 0.05319553 -0.00336605
v 0.00822350 0.05306466 -0.00326306
v 0.00968110 0.05079625 -0.00353184
v 0.00930413 0.05152966 -0.00312993
v 0.00933178 0.05157601 -0.00288125
v 0.00865324 0.05240758 -0.00333591
v 0.00998016 0.05021006 -0.00334847
v 0.01005806 0.05006828 -0.00323543
v 0.01048278 0.04943302 -0.00185136
v 0.01045765 0.04938940 -0.00222062
v 0.01060843 0.04912220 -0.00185136
v 0.01043754 0.04934305 -0.00247934
v 0.01023398 0.04949300 -0.00333591
v 0.01008068 0.04978201 -0.00370767
v 0.01005806 0.04970567 -0.00392370
v 0.01047524 0.04913856 -0.00259740
v 0.01008571 0.04947392 -0.00405934
v 0.01115629 0.04407553 -0.00534544
v 0.01114372 0.04366111 -0.00569209
v 0.01153325 0.04222699 -0.00573730
v 0.01139001 0.04243693 -0.00593574
v 0.01123419 0.04243693 -0.00624722
v 0.01113367 0.04243693 -0.00643310
v 0.01075168 0.04169534 -0.00752830
v 0.00968864 0.04376199 -0.00836225
v 0.01043251 0.04191345 -0.00799802
v 0.01047021 0.04095101 -0.00843761
v 0.01040487 0.04069745 -0.00868880
v 0.01001534 0.04206613 -0.00866368
v 0.01126435 0.04282954 -0.00596337
v 0.00955042 0.04390104 -0.00850794
v 0.00940466 0.04428002 -0.00855065
v 0.00938707 0.04277501 -0.00928413
v 0.00926895 0.04287589 -0.00940972
v 0.00949513 0.04243693 -0.00927910
v 0.01004047 0.04110369 -0.00908066
v 0.00963084 0.04169534 -0.00939967
v 0.01017366 0.04096737 -0.00893748
v 0.01077178 0.04058021 -0.00792518
v 0.01069136 0.04020942 -0.00816632
v 0.01053304 0.04020942 -0.00853809
v 0.01043754 0.04020942 -0.00874909
v 0.01081702 0.04122093 -0.00765389
v 0.01113618 0.04169534 -0.00680989
v 0.01122414 0.04169534 -0.00662401
v 0.01116131 0.04142269 -0.00685510
v 0.01042749 0.03999675 -0.00873150
v 0.01024152 0.03983044 -0.00891236
v 0.01018623 0.03946509 -0.00887971
v 0.01014099 0.03909429 -0.00882696
v 0.01002037 0.03946509 -0.00906559
v 0.00966351 0.03822455 -0.00907815
v 0.00927900 0.03679044 -0.00906559
v 0.00854266 0.03416486 -0.00907313
v 0.00822601 0.03322151 -0.00912336
v 0.00860800 0.03463654 -0.00913341
v 0.00939209 0.03760837 -0.00917109
v 0.00875628 0.03870714 -0.01002765
v 0.00816318 0.03864988 -0.01055264
v 0.00773093 0.03834997 -0.01086915
v 0.00749219 0.03649325 -0.01061795
v 0.00748465 0.03203550 -0.00949764
v 0.00747962 0.03055231 -0.00912588
v 0.00737407 0.03129117 -0.00940219
v 0.00724590 0.03055231 -0.00931427
v 0.00708758 0.03071316 -0.00947252
v 0.00690663 0.03055231 -0.00956295
v 0.00687145 0.03537813 -0.01083900
v 0.00634621 0.03442387 -0.01095957
v 0.00595920 0.03334692 -0.01094953
v 0.00668799 0.03672500 -0.01131124
v 0.00556967 0.03227815 -0.01093948
v 0.00561741 0.03252353 -0.01096711
v 0.00633616 0.03593706 -0.01132380
v 0.00654726 0.03685587 -0.01140921
v 0.00500170 0.03055231 -0.01084905
v 0.00389845 0.03055231 -0.01125598
v 0.00466998 0.03055231 -0.01098721
v 0.00328526 0.03055231 -0.01146698
v 0.00317468 0.03055231 -0.01150466
v 0.00962581 0.03055231 0.00603857
v 0.00969115 0.03106488 0.00615160
v 0.01004047 0.03337964 0.00649322
v 0.00966602 0.03190190 0.00648820
v 0.01009576 0.03277982 0.00620184
v 0.01033953 0.03426574 0.00639275
v 0.01113870 0.03760837 0.00646810
v 0.00969869 0.03215001 0.00652839
v 0.00965848 0.03304429 0.00685243
v 0.00968110 0.03444296 0.00725182
v 0.00938204 0.03240630 0.00695039
v 0.00933932 0.03211729 0.00690769
v 0.00955042 0.03612246 0.00786724
v 0.00970120 0.03586072 0.00764368
v 0.00973890 0.03612246 0.00768136
v 0.00971125 0.03723758 0.00802549
v 0.00974895 0.03760837 0.00807071
v 0.00961576 0.03797917 0.00829176
v 0.00964591 0.03834997 0.00832441
v 0.01048026 0.03797917 0.00731462
v 0.01066623 0.03797917 0.00710362
v 0.01082958 0.03797917 0.00691774
v 0.01068885 0.03834997 0.00712874
v 0.00949010 0.03872350 0.00855048
v 0.00931921 0.03872350 0.00874641
v 0.00969115 0.03329239 0.00689011
v 0.00973136 0.03240630 0.00656858
v 0.01006560 0.03476741 0.00689513
v 0.01013346 0.03649325 0.00734727
v 0.01068131 0.03646872 0.00667408
v 0.01116383 0.03781286 0.00650327
v 0.01043000 0.03739026 0.00725685
v 0.01045011 0.03760837 0.00727945
v 0.01007314 0.03730029 0.00764619
v 0.00986204 0.03946509 0.00817872
v 0.00972885 0.04058021 0.00841986
v 0.00935691 0.03983589 0.00879163
v 0.00936947 0.04020942 0.00880168
v 0.00966602 0.03872350 0.00834702
v 0.01084969 0.03834997 0.00694286
v 0.00899502 0.03946509 0.00916339
v 0.00937953 0.04058021 0.00880419
v 0.00899502 0.04020942 0.00915837
v 0.00956801 0.04095101 0.00861830
v 0.00973890 0.04095101 0.00843242
v 0.00992236 0.04132181 0.00820886
v 0.01007817 0.04132181 0.00802549
v 0.01089492 0.04169534 0.00699812
v 0.01109346 0.04171442 0.00667408
v 0.01101807 0.04206613 0.00669167
v 0.01086728 0.04280773 0.00662887
v 0.01081953 0.04318125 0.00654849
v 0.01074916 0.04280773 0.00681475
v 0.01050037 0.04318125 0.00697049
v 0.01060089 0.04353024 0.00668162
v 0.01040236 0.04369110 0.00685494
v 0.01029681 0.04356023 0.00704836
v 0.01068634 0.04318125 0.00673437
v 0.00975649 0.04429637 0.00734225
v 0.00994246 0.04429637 0.00711618
v 0.01045011 0.04418186 0.00654346
v 0.01007817 0.04788712 0.00469469
v 0.01053053 0.04430183 0.00633748
v 0.01116131 0.04185347 0.00649071
v 0.01100299 0.04280773 0.00631990
v 0.01091000 0.04318125 0.00631990
v 0.01082707 0.04351661 0.00629729
v 0.01080445 0.04377562 0.00615914
v 0.00926895 0.05182957 0.00149200
v 0.00854518 0.05335366 0.00074847
v 0.00855523 0.05337548 0.00037671
v 0.00856277 0.05338911 0.00000494
v 0.00841450 0.05357996 0.00000494
v 0.00823104 0.05381171 0.00037671
v 0.00790182 0.05423704 -0.00036682
v 0.00774601 0.05442244 -0.00036682
v 0.00789428 0.05421523 0.00037671
v 0.01077932 0.04442179 0.00571453
v 0.01040236 0.04811341 0.00384064
v 0.01038225 0.04877321 0.00335835
v 0.01229975 0.04269322 0.00247667
v 0.01267420 0.04158900 0.00214258
v 0.01242038 0.04243693 0.00223301
v 0.01231734 0.04281318 0.00220789
v 0.01210373 0.04355205 0.00223301
v 0.01192530 0.04416005 0.00223301
v 0.01060592 0.04875140 0.00186125
v 0.01046770 0.04908676 0.00223301
v 0.01041241 0.04927216 0.00223301
v 0.01042246 0.04930487 0.00204211
v 0.01053304 0.04912220 0.00149200
v 0.01068131 0.04875140 0.00112023
v 0.01071398 0.04875140 0.00074847
v 0.01073409 0.04875140 0.00037671
v 0.01064110 0.04912220 -0.00073607
v 0.01048278 0.04943575 0.00037671
v 0.01075670 0.04880048 -0.00073607
v 0.01076173 0.04881957 -0.00110784
v 0.00968110 0.05116432 -0.00018094
v 0.01003293 0.05038183 0.00037671
v 0.00966853 0.05113978 0.00037671
v 0.01001534 0.05034638 0.00112023
v 0.00923125 0.05211585 -0.00036682
v 0.00906287 0.05246484 -0.00036682
v 0.00887188 0.05289017 -0.00073607
v 0.00892968 0.05263661 0.00044202
v 0.00773093 0.05441426 0.00000494
v 0.00790182 0.05423704 -0.00073607
v 0.00823355 0.05381444 -0.00073607
v 0.00841701 0.05357996 -0.00073607
v 0.00856277 0.05339183 -0.00073607
v 0.00867586 0.05318190 -0.00110784
v 0.00892717 0.05263661 -0.00161524
v 0.00889952 0.05259571 -0.00185136
v 0.00870350 0.05287381 -0.00188653
v 0.00856528 0.05302104 -0.00203473
v 0.00882162 0.05244030 -0.00258736
v 0.00969115 0.05081533 -0.00333591
v 0.00894727 0.05267205 -0.00136656
v 0.00927900 0.05185139 -0.00222062
v 0.00897994 0.05234215 -0.00222062
v 0.01049534 0.04945756 -0.00147960
v 0.01064362 0.04912220 -0.00147960
v 0.01011838 0.05018825 -0.00185136
v 0.00994497 0.05060812 -0.00147960
v 0.01004298 0.05040364 -0.00147960
v 0.01075922 0.04880866 -0.00147960
v 0.01080194 0.04858782 -0.00170065
v 0.01073660 0.04872687 -0.00183378
v 0.01058581 0.04875140 -0.00259238
v 0.01042498 0.04893953 -0.00315505
v 0.01190519 0.04446541 -0.00201213
v 0.01093262 0.04726549 -0.00296414
v 0.01219168 0.04355205 -0.00185136
v 0.01226205 0.04329576 -0.00185136
v 0.01239525 0.04280773 -0.00185136
v 0.01249577 0.04243693 -0.00185136
v 0.01221682 0.04316217 -0.00220303
v 0.01026916 0.04875140 -0.00407943
v 0.01143021 0.04318125 -0.00519473
v 0.01156592 0.04236332 -0.00548862
v 0.01151063 0.04246692 -0.00559412
v 0.01177451 0.04169534 -0.00519473
v 0.01155084 0.04197889 -0.00578754
v 0.01147796 0.04208794 -0.00592318
v 0.01191022 0.04225971 -0.00427285
v 0.01200320 0.04206613 -0.00407943
v 0.01170917 0.04206613 -0.00519473
v 0.01192530 0.04160536 -0.00469988
v 0.01127692 0.04209340 -0.00634016
v 0.01119650 0.04198979 -0.00655116
v 0.01085220 0.04169534 -0.00734241
v 0.01004550 0.04186437 -0.00871392
v 0.01008319 0.04161627 -0.00877421
v 0.00996759 0.04172260 -0.00890232
v 0.01071398 0.04133817 -0.00778451
v 0.01012843 0.04132181 -0.00884203
v 0.01084718 0.04058021 -0.00773930
v 0.01078184 0.04020942 -0.00794527
v 0.01112362 0.03983589 -0.00712890
v 0.01100299 0.03983589 -0.00742280
v 0.01085974 0.03983589 -0.00775437
v 0.01077681 0.03983589 -0.00794025
v 0.01149053 0.04169534 -0.00600356
v 0.01118644 0.03917064 -0.00690785
v 0.01049283 0.03985770 -0.00855316
v 0.01040236 0.03974864 -0.00868629
v 0.01153577 0.03896070 -0.00611660
v 0.01009325 0.03872350 -0.00877170
v 0.00997010 0.03909429 -0.00901284
v 0.00933429 0.03584436 -0.00875160
v 0.00957806 0.03760837 -0.00899526
v 0.00825114 0.03203550 -0.00877923
v 0.00796214 0.03129117 -0.00885961
v 0.00777114 0.03129117 -0.00904549
v 0.00780632 0.03153928 -0.00907815
v 0.00831900 0.03389222 -0.00920877
v 0.00792947 0.03389222 -0.00956295
v 0.00763292 0.03316425 -0.00964835
v 0.00766559 0.03055231 -0.00894753
v 0.00743941 0.03055231 -0.00915853
v 0.00552192 0.03055231 -0.01053255
v 0.00566014 0.03129117 -0.01062800
v 0.00533343 0.03055231 -0.01066066
v 0.00529574 0.03055231 -0.01068326
v 0.00502432 0.03055231 -0.01083649
v 0.00973136 0.03055231 0.00584766
v 0.01034204 0.03313699 0.00593558
v 0.01040738 0.03376680 0.00610639
v 0.01006560 0.03253989 0.00615663
v 0.01078937 0.03632967 0.00649825
v 0.01044005 0.03401490 0.00615914
v 0.01109095 0.03723758 0.00640279
v 0.01118644 0.03696766 0.00616667
v 0.01121911 0.03723758 0.00621691
v 0.01104320 0.03795463 0.00666655
v 0.01118142 0.03806097 0.00652337
v 0.01126184 0.03760837 0.00628222
v 0.01128194 0.03795463 0.00635507
v 0.01038225 0.03946509 0.00757335
v 0.01119398 0.03834997 0.00653844
v 0.01086225 0.03872350 0.00695542
v 0.00992487 0.04095101 0.00820886
v 0.01039230 0.03983589 0.00758591
v 0.01007063 0.04058021 0.00801544
v 0.01041492 0.04132181 0.00761103
v 0.01056320 0.04132181 0.00742514
v 0.01074916 0.04132181 0.00719154
v 0.01089492 0.04132181 0.00700565
v 0.01108089 0.04132181 0.00674190
v 0.01119398 0.04132181 0.00655853
v 0.01118393 0.04160536 0.00653844
v 0.01014853 0.04389013 0.00706594
v 0.01201577 0.04169534 0.00409183
v 0.01153577 0.04186983 0.00538547
v 0.01120152 0.04206613 0.00623701
v 0.01109849 0.04242330 0.00629981
v 0.01154079 0.04115277 0.00577230
v 0.01151817 0.04140088 0.00570448
v 0.01156090 0.04162445 0.00545831
v 0.01226959 0.04144723 0.00350153
v 0.01152069 0.04255144 0.00496849
v 0.01112110 0.04282954 0.00595316
v 0.01121660 0.04242330 0.00595316
v 0.01228467 0.04189437 0.00317498
v 0.01115880 0.04296586 0.00573965
v 0.01113116 0.04318125 0.00565424
v 0.01093513 0.04355205 0.00594814
v 0.00868591 0.05320643 -0.00073607
v 0.00856277 0.05339183 -0.00036682
v 0.00823104 0.05381444 0.00000494
v 0.01154330 0.04375654 0.00392102
v 0.01242540 0.04206613 0.00260478
v 0.01264404 0.04145813 0.00239126
v 0.01261640 0.04170624 0.00225311
v 0.01269179 0.04132999 0.00225311
v 0.01274457 0.04132181 0.00186125
v 0.01268677 0.04163808 0.00186125
v 0.01263650 0.04182348 0.00186125
v 0.01256865 0.04206613 0.00186125
v 0.01228216 0.04300403 0.00206723
v 0.01203336 0.04392285 0.00186125
v 0.01076676 0.04846785 0.00112023
v 0.01090246 0.04800708 0.00112023
v 0.01078184 0.04851966 0.00074847
v 0.01079440 0.04856328 0.00016822
v 0.01075419 0.04872141 0.00003006
v 0.01093011 0.04800708 0.00074847
v 0.01103566 0.04763628 0.00074847
v 0.01216404 0.04355205 0.00149200
v 0.01064864 0.04912220 -0.00110784
v 0.01048780 0.04944392 0.00000494
v 0.01081451 0.04863417 -0.00110784
v 0.01195545 0.04433182 0.00114786
v 0.01197807 0.04429637 0.00074847
v 0.01115126 0.04739635 -0.00073607
v 0.01004298 0.05040364 -0.00036682
v 0.00968612 0.05117522 -0.00073607
v 0.00942727 0.05172324 -0.00073607
v 0.00932424 0.05194136 -0.00073607
v 0.00896235 0.05270477 -0.00073607
v 0.00895984 0.05269659 -0.00110784
v 0.00886183 0.05288199 -0.00110784
v 0.00929659 0.05188410 -0.00185136
v 0.01049786 0.04946574 -0.00110784
v 0.00968361 0.05117250 -0.00133391
v 0.00995754 0.05060812 -0.00110784
v 0.01013597 0.05023187 -0.00110784
v 0.00931670 0.05192227 -0.00138164
v 0.01081199 0.04862326 -0.00147960
v 0.01093765 0.04800708 -0.00185136
v 0.01227964 0.04336665 -0.00166046
v 0.01154079 0.04597587 -0.00168307
v 0.01177451 0.04503524 -0.00185136
v 0.01265912 0.04191618 -0.00169563
v 0.01259378 0.04204978 -0.00183127
v 0.01228718 0.04228152 -0.00280840
v 0.01240027 0.04243693 -0.00222062
v 0.01221682 0.04241784 -0.00294405
v 0.01193284 0.04277774 -0.00367502
v 0.01201325 0.04318125 -0.00296414
v 0.01133472 0.04429637 -0.00445120
v 0.01172173 0.04243693 -0.00482296
v 0.01189514 0.04132181 -0.00495861
v 0.01204090 0.04132181 -0.00445120
v 0.01265912 0.03969411 -0.00317263
v 0.01190770 0.04109824 -0.00500131
v 0.01156341 0.04169534 -0.00581768
v 0.01193284 0.04240421 -0.00404678
v 0.01239273 0.04206613 -0.00259238
v 0.01228216 0.04188891 -0.00315756
v 0.01190268 0.04185074 -0.00461699
v 0.01196551 0.04171442 -0.00447632
v 0.01118142 0.04058021 -0.00690283
v 0.01099042 0.04020942 -0.00742280
v 0.01187252 0.03946509 -0.00528516
v 0.01188006 0.03909429 -0.00530525
v 0.01177702 0.03909429 -0.00556398
v 0.01208613 0.03872350 -0.00482296
v 0.01196048 0.03872350 -0.00512439
v 0.01119901 0.03946509 -0.00694051
v 0.01205598 0.03946509 -0.00482296
v 0.01194540 0.03834997 -0.00508169
v 0.01040990 0.03786466 -0.00795281
v 0.01185242 0.03834997 -0.00526757
v 0.01199315 0.03797645 -0.00484557
v 0.01116383 0.03892525 -0.00686013
v 0.01154079 0.03703582 -0.00538563
v 0.01070393 0.03502369 -0.00627987
v 0.01036466 0.03352142 -0.00637784
v 0.01006560 0.03736572 -0.00836979
v 0.01007817 0.03055231 -0.00580261
v 0.01007565 0.03248536 -0.00653358
v 0.01007565 0.03545720 -0.00764887
v 0.01008068 0.03649325 -0.00802566
v 0.01187755 0.03872350 -0.00531027
v 0.01221682 0.03834997 -0.00448637
v 0.01206603 0.03834997 -0.00482296
v 0.01006309 0.03849175 -0.00873653
v 0.00975900 0.03760837 -0.00880937
v 0.00970874 0.03723758 -0.00875411
v 0.00968110 0.03704400 -0.00872648
v 0.00964843 0.03679589 -0.00868629
v 0.00929911 0.03559625 -0.00871392
v 0.00860298 0.03203550 -0.00839491
v 0.00822350 0.03062047 -0.00838737
v 0.00891711 0.03415396 -0.00869885
v 0.00894979 0.03440206 -0.00873653
v 0.00818078 0.03152838 -0.00870890
v 0.00785659 0.03055231 -0.00876165
v 0.00987712 0.03055231 0.00557386
v 0.01007063 0.03177648 0.00579742
v 0.01041241 0.03300612 0.00574216
v 0.01115629 0.03672228 0.00611392
v 0.01134728 0.03723758 0.00594814
v 0.01142770 0.03760837 0.00594814
v 0.01133974 0.03834997 0.00631990
v 0.01149304 0.03794918 0.00594814
v 0.01149807 0.03834997 0.00604861
v 0.01119901 0.03872350 0.00654849
v 0.01086979 0.03909429 0.00697049
v 0.01007565 0.04095101 0.00802298
v 0.01054560 0.03983589 0.00740003
v 0.01024906 0.04095101 0.00780696
v 0.01073157 0.03983589 0.00716893
v 0.01087482 0.03946509 0.00697802
v 0.01089241 0.04095101 0.00700063
v 0.01120404 0.03946509 0.00655853
v 0.01120404 0.03983589 0.00656356
v 0.01120404 0.04020942 0.00656356
v 0.01133974 0.03983589 0.00631990
v 0.01149556 0.03872350 0.00605364
v 0.01149304 0.03909429 0.00604861
v 0.01132969 0.04058021 0.00631990
v 0.01157597 0.04058021 0.00583761
v 0.01155838 0.04095101 0.00580496
v 0.01195797 0.03983589 0.00511669
v 0.01208613 0.03983589 0.00483536
v 0.01230729 0.04169534 0.00323778
v 0.01191022 0.04188346 0.00428022
v 0.01229724 0.03974047 0.00432293
v 0.01216404 0.04020942 0.00446359
v 0.01247315 0.04132181 0.00297654
v 0.01241284 0.04095101 0.00334830
v 0.01123922 0.04282954 0.00560149
v 0.01252090 0.04169534 0.00260478
v 0.01260132 0.04132999 0.00258970
v 0.01266163 0.04121002 0.00245406
v 0.01273451 0.04095101 0.00223301
v 0.01278478 0.04095101 0.00186125
v 0.01275713 0.04132181 0.00149200
v 0.01280991 0.04095101 0.00149200
v 0.01282750 0.04095101 0.00112023
v 0.01276467 0.04132181 0.00112023
v 0.01270938 0.04169534 0.00000494
v 0.01266666 0.04193254 -0.00036682
v 0.01265409 0.04188618 0.00062036
v 0.01225451 0.04327123 0.00112023
v 0.01246310 0.04243693 0.00186125
v 0.01237263 0.04280773 0.00149200
v 0.01214142 0.04355205 0.00186125
v 0.01150310 0.04584500 0.00149200
v 0.01117388 0.04710462 0.00102227
v 0.01205849 0.04392285 0.00149200
v 0.01099042 0.04800708 -0.00110784
v 0.01228467 0.04338028 -0.00141178
v 0.01201828 0.04429637 -0.00073607
v 0.01160362 0.04577957 -0.00073607
v 0.01115629 0.04741544 -0.00110784
v 0.01223692 0.04351661 -0.00076119
v 0.00959816 0.05136335 -0.00110784
v 0.01202582 0.04429637 -0.00147960
v 0.01224195 0.04352206 -0.00151226
v 0.01232739 0.04321670 -0.00151226
v 0.01244300 0.04280773 -0.00147960
v 0.01254603 0.04243693 -0.00147960
v 0.01264907 0.04149085 -0.00202217
v 0.01263148 0.04169534 -0.00195435
v 0.01256362 0.04169534 -0.00222062
v 0.01262394 0.04213702 -0.00147960
v 0.01266917 0.04195162 -0.00147960
v 0.01271190 0.04169534 -0.00147960
v 0.01275713 0.04132181 -0.00147960
v 0.01274205 0.04095101 -0.00185136
v 0.01272446 0.04058021 -0.00222062
v 0.01268425 0.03982498 -0.00296666
v 0.01266917 0.04012762 -0.00284608
v 0.01265912 0.04081196 -0.00243664
v 0.01229975 0.04169534 -0.00322287
v 0.01227210 0.04145541 -0.00348662
v 0.01228216 0.04077379 -0.00389858
v 0.01252844 0.04020942 -0.00333591
v 0.01263148 0.04058021 -0.00269788
v 0.01274708 0.03983589 -0.00259238
v 0.01269682 0.03946509 -0.00296414
v 0.01265912 0.03946509 -0.00317766
v 0.01260383 0.03946509 -0.00336354
v 0.01248320 0.03946509 -0.00370767
v 0.01246310 0.03983589 -0.00370767
v 0.01233744 0.03983589 -0.00404176
v 0.01234750 0.03946509 -0.00406688
v 0.01202079 0.04020942 -0.00482296
v 0.01192027 0.04058021 -0.00503647
v 0.01222184 0.03872350 -0.00448385
v 0.01229472 0.03834997 -0.00430048
v 0.01222687 0.03912701 -0.00442357
v 0.01228718 0.03812368 -0.00428290
v 0.01219671 0.03799281 -0.00442357
v 0.01193284 0.03723758 -0.00468229
v 0.01131713 0.03537813 -0.00519473
v 0.01080697 0.03327604 -0.00540321
v 0.01042498 0.03221272 -0.00575488
v 0.00999523 0.03797917 -0.00865363
v 0.01003042 0.03824364 -0.00869634
v 0.00969115 0.03366592 -0.00762124
v 0.00968864 0.03479194 -0.00799049
v 0.00961324 0.03537813 -0.00827182
v 0.01037220 0.03166470 -0.00564687
v 0.01116383 0.03409397 -0.00500131
v 0.01046267 0.03166470 -0.00546099
v 0.01043754 0.03140841 -0.00540824
v 0.01018874 0.03055231 -0.00556900
v 0.00997010 0.03055231 -0.00598849
v 0.01001283 0.03092038 -0.00605380
v 0.01004801 0.03223725 -0.00648836
v 0.00976906 0.03055231 -0.00633262
v 0.00958057 0.03055231 -0.00665415
v 0.00965345 0.03233814 -0.00719421
v 0.00942727 0.03537813 -0.00849287
v 0.00834915 0.03055231 -0.00821907
v 0.00812549 0.03055231 -0.00847529
v 0.00807523 0.03055231 -0.00853055
v 0.00814811 0.03129117 -0.00867373
v 0.01001283 0.03055231 0.00531262
v 0.01004047 0.03077860 0.00537040
v 0.01010581 0.03129117 0.00549599
v 0.01118142 0.03549810 0.00542566
v 0.01121409 0.03649325 0.00586776
v 0.01124927 0.03685315 0.00597326
v 0.01010581 0.03055231 0.00512172
v 0.01060089 0.03055231 0.00408681
v 0.01080445 0.03106760 0.00392604
v 0.01153577 0.03780468 0.00575723
v 0.01156090 0.03805279 0.00582254
v 0.01117639 0.03477286 0.00504385
v 0.01119147 0.03426574 0.00471730
v 0.01141011 0.03686405 0.00557637
v 0.01134226 0.03872350 0.00631990
v 0.01158100 0.03834997 0.00586273
v 0.01159105 0.03872350 0.00586776
v 0.01209116 0.03909429 0.00483536
v 0.01196048 0.03909429 0.00512674
v 0.01187001 0.03909429 0.00531262
v 0.01158603 0.03946509 0.00585771
v 0.01193786 0.04020942 0.00508655
v 0.01210624 0.03946509 0.00483536
v 0.01224195 0.03946509 0.00453895
v 0.01230729 0.03946509 0.00435307
v 0.01238519 0.03946509 0.00409183
v 0.01245556 0.03983589 0.00372007
v 0.01262394 0.04095101 0.00269018
v 0.01267420 0.04095101 0.00250430
v 0.01268928 0.04058021 0.00256710
v 0.01287776 0.03909429 0.00223301
v 0.01293054 0.03909429 0.00186125
v 0.01281493 0.04058021 0.00186125
v 0.01293305 0.04020942 0.00074847
v 0.01287274 0.04058021 0.00112023
v 0.01295818 0.04020942 0.00037671
v 0.01302101 0.03998312 -0.00036682
v 0.01298331 0.04020942 -0.00036682
v 0.01276970 0.04132181 0.00074847
v 0.01272195 0.04169534 -0.00073607
v 0.01291294 0.04058021 0.00000494
v 0.01266163 0.04191618 0.00000494
v 0.01266917 0.04194889 -0.00073607
v 0.01262394 0.04214792 -0.00110784
v 0.01254603 0.04243693 -0.00110784
v 0.01233996 0.04318125 -0.00110784
v 0.01195797 0.04427456 0.00149200
v 0.01161367 0.04577957 -0.00110784
v 0.01202833 0.04429637 -0.00110784
v 0.01260132 0.04094283 -0.00257480
v 0.01267169 0.04196253 -0.00110784
v 0.01272698 0.04169534 -0.00110784
v 0.01278729 0.04132181 -0.00110784
v 0.01291546 0.04058021 -0.00073607
v 0.01296823 0.04020942 -0.00073607
v 0.01288530 0.04058021 -0.00110784
v 0.01281745 0.04020942 -0.00185136
v 0.01285263 0.03983589 -0.00185136
v 0.01275211 0.03946509 -0.00259238
v 0.01265409 0.03925788 -0.00316259
v 0.01249326 0.03909429 -0.00370767
v 0.01229221 0.03872350 -0.00429797
v 0.01234498 0.03912701 -0.00411460
v 0.01228718 0.03902341 -0.00428039
v 0.01237011 0.03872350 -0.00407943
v 0.01211127 0.03760837 -0.00445120
v 0.01242540 0.03834997 -0.00370767
v 0.01230729 0.03799281 -0.00407190
v 0.01226456 0.03787557 -0.00418996
v 0.01190770 0.03556626 -0.00389355
v 0.01151566 0.03344780 -0.00382071
v 0.01117137 0.03182556 -0.00390360
v 0.01191776 0.03626696 -0.00428290
v 0.01194037 0.03649325 -0.00433816
v 0.01185995 0.03649325 -0.00452404
v 0.01191273 0.03703309 -0.00464210
v 0.01121660 0.03463654 -0.00510932
v 0.00937953 0.03055231 -0.00697065
v 0.00933932 0.03129117 -0.00727459
v 0.00927649 0.03197006 -0.00757100
v 0.00905282 0.03055231 -0.00738009
v 0.00869345 0.03055231 -0.00780963
v 0.01114372 0.03389222 -0.00495358
v 0.01041241 0.03116030 -0.00535298
v 0.01037220 0.03055231 -0.00515956
v 0.01038728 0.03092038 -0.00529771
v 0.01082707 0.03055231 0.00360201
v 0.01074163 0.03055231 0.00379040
v 0.01203587 0.03872350 0.00483536
v 0.01118896 0.03359503 0.00434051
v 0.01137241 0.03537813 0.00483536
v 0.01229975 0.03918427 0.00433046
v 0.01194037 0.03872350 0.00509157
v 0.01092508 0.03055231 0.00334328
v 0.01116383 0.03334692 0.00427018
v 0.01247818 0.03909429 0.00372007
v 0.01264656 0.03909429 0.00314484
v 0.01269933 0.03909429 0.00295896
v 0.01248572 0.03946509 0.00372007
v 0.01255106 0.03983589 0.00334830
v 0.01264153 0.04058021 0.00275298
v 0.01273703 0.03983589 0.00260478
v 0.01279232 0.03909429 0.00260478
v 0.01288279 0.03872350 0.00223301
v 0.01293808 0.03872350 0.00186125
v 0.01295567 0.03909429 0.00149200
v 0.01303357 0.03974592 -0.00006790
v 0.01290289 0.03983589 0.00149200
v 0.01301598 0.03985498 0.00003509
v 0.01303609 0.03979772 -0.00036682
v 0.01302855 0.03975137 -0.00060043
v 0.01300593 0.03986043 -0.00072854
v 0.01292300 0.04020942 -0.00110784
v 0.01295818 0.03983589 -0.00110784
v 0.01302855 0.03959869 -0.00060043
v 0.01285263 0.03946509 -0.00185136
v 0.01271692 0.03909429 -0.00259238
v 0.01266917 0.03911883 -0.00294154
v 0.01263650 0.03900977 -0.00304955
v 0.01254603 0.03872350 -0.00333591
v 0.01237011 0.03797917 -0.00370767
v 0.01231231 0.03761110 -0.00370767
v 0.01228970 0.03773652 -0.00394128
v 0.01226959 0.03749114 -0.00383076
v 0.01218415 0.03686405 -0.00370767
v 0.01211880 0.03649325 -0.00370767
v 0.01153828 0.03258897 -0.00315254
v 0.01120404 0.03055231 -0.00296666
v 0.01155336 0.03325695 -0.00357203
v 0.01110603 0.03055231 -0.00330325
v 0.01114623 0.03157745 -0.00382824
v 0.01097534 0.03055231 -0.00371269
v 0.01085472 0.03055231 -0.00403924
v 0.01182980 0.03613609 -0.00442608
v 0.00923879 0.03055231 -0.00715402
v 0.01151566 0.03493099 -0.00458433
v 0.01225451 0.03872350 0.00419733
v 0.01123168 0.03276891 0.00374267
v 0.01109095 0.03132117 0.00331565
v 0.01247064 0.03834997 0.00334830
v 0.01266666 0.03846176 0.00283587
v 0.01262896 0.03872350 0.00309711
v 0.01268928 0.03872350 0.00291123
v 0.01278478 0.03872350 0.00260478
v 0.01103566 0.03055231 0.00297152
v 0.01114372 0.03121756 0.00307953
v 0.01116885 0.03146567 0.00316996
v 0.01263902 0.03946509 0.00310967
v 0.01283755 0.03834997 0.00223301
v 0.01290038 0.03834997 0.00186125
v 0.01292048 0.03834997 0.00149200
v 0.01295064 0.03872350 0.00149200
v 0.01303357 0.03953325 -0.00006790
v 0.01303609 0.03952507 -0.00036682
v 0.01299839 0.03947054 -0.00072854
v 0.01295064 0.03946509 -0.00110784
v 0.01290289 0.03946509 -0.00147960
v 0.01282499 0.03723758 0.00000494
v 0.01291294 0.03834997 -0.00036682
v 0.01281242 0.03909429 -0.00185136
v 0.01281996 0.03834997 -0.00110784
v 0.01282499 0.03760837 -0.00036682
v 0.01277724 0.03723758 -0.00036682
v 0.01271944 0.03834997 -0.00185136
v 0.01265661 0.03888436 -0.00280338
v 0.01261389 0.03874531 -0.00294154
v 0.01243294 0.03797917 -0.00333591
v 0.01229472 0.03696766 -0.00322538
v 0.01227210 0.03710398 -0.00347155
v 0.01219168 0.03649325 -0.00333591
v 0.01191776 0.03477559 -0.00319022
v 0.01155336 0.03244174 -0.00293400
v 0.01151566 0.03234086 -0.00303699
v 0.01134477 0.03092038 -0.00259238
v 0.01140760 0.03166470 -0.00296414
v 0.01120655 0.03055231 -0.00295410
v 0.01100801 0.03055231 -0.00361222
v 0.01226205 0.03751840 0.00347892
v 0.01155838 0.03352142 0.00322271
v 0.01118896 0.03166470 0.00322773
v 0.01259881 0.03834179 0.00296649
v 0.01271441 0.03834179 0.00262487
v 0.01106079 0.03055231 0.00285848
v 0.01117639 0.03105943 0.00283085
v 0.01153074 0.03262987 0.00275298
v 0.01155587 0.03287797 0.00284592
v 0.01157597 0.03318334 0.00297403
v 0.01268174 0.03797917 0.00250932
v 0.01265912 0.03775288 0.00244401
v 0.01263650 0.03750477 0.00235358
v 0.01276216 0.03797917 0.00223301
v 0.01266666 0.03735754 0.00210490
v 0.01283504 0.03797917 0.00186125
v 0.01287525 0.03797917 0.00149200
v 0.01292802 0.03834997 0.00112023
v 0.01286771 0.03760837 0.00074847
v 0.01295818 0.03872350 0.00112023
v 0.01299839 0.03909429 0.00037671
v 0.01300342 0.03909429 0.00000494
v 0.01297326 0.03872350 0.00000494
v 0.01293808 0.03834997 0.00000494
v 0.01287022 0.03797917 -0.00036682
v 0.01286017 0.03909429 -0.00147960
v 0.01284006 0.03723758 0.00037671
v 0.01277472 0.03686405 0.00000494
v 0.01267169 0.03688587 -0.00071095
v 0.01272195 0.03723758 -0.00073607
v 0.01272195 0.03760837 -0.00110784
v 0.01267169 0.03725666 -0.00108774
v 0.01255106 0.03797917 -0.00259238
v 0.01238017 0.03723758 -0.00296414
v 0.01227462 0.03671955 -0.00310983
v 0.01153828 0.03220999 -0.00279082
v 0.01127692 0.03055231 -0.00259740
v 0.01141011 0.03129117 -0.00259238
v 0.01158603 0.03200005 -0.00225578
v 0.01240781 0.03537813 -0.00073607
v 0.01265158 0.03630513 -0.00018596
v 0.01271190 0.03649325 0.00000494
v 0.01245053 0.03760837 0.00297654
v 0.01250331 0.03723758 0.00260478
v 0.01258624 0.03761928 0.00258217
v 0.01111859 0.03055231 0.00259473
v 0.01119901 0.03092856 0.00259473
v 0.01226205 0.03565351 0.00232344
v 0.01228718 0.03590161 0.00244150
v 0.01190268 0.03448386 0.00276554
v 0.01227210 0.03634875 0.00276805
v 0.01275965 0.03760837 0.00186125
v 0.01228467 0.03517910 0.00169295
v 0.01263902 0.03710943 0.00196675
v 0.01265912 0.03701673 0.00172058
v 0.01258373 0.03649325 0.00149200
v 0.01267420 0.03694312 0.00149200
v 0.01280739 0.03760837 0.00149200
v 0.01275211 0.03686405 0.00074847
v 0.01281996 0.03723758 0.00074847
v 0.01293808 0.03834997 0.00037671
v 0.01287525 0.03760837 0.00037671
v 0.01278729 0.03686405 0.00037671
v 0.01263399 0.03641146 -0.00043213
v 0.01271944 0.03686405 -0.00036682
v 0.01248823 0.03649325 -0.00147960
v 0.01237514 0.03649325 -0.00222062
v 0.01238017 0.03686405 -0.00259238
v 0.01265661 0.03702219 -0.00094959
v 0.01231734 0.03685315 -0.00297670
v 0.01229472 0.03659959 -0.00286116
v 0.01191776 0.03440479 -0.00282348
v 0.01131964 0.03055231 -0.00222564
v 0.01220174 0.03426574 -0.00073607
v 0.01155587 0.03212274 -0.00259238
v 0.01191524 0.03404762 -0.00244166
v 0.01192781 0.03360321 -0.00185136
v 0.01248069 0.03612246 -0.00110784
v 0.01271692 0.03649325 0.00037671
v 0.01262896 0.03605975 0.00000494
v 0.01119398 0.03055231 0.00221543
v 0.01126435 0.03055231 0.00185874
v 0.01268425 0.03723485 0.00185120
v 0.01190268 0.03299794 0.00125588
v 0.01133723 0.03055231 0.00148697
v 0.01149304 0.03093401 0.00110767
v 0.01157095 0.03129935 0.00110767
v 0.01154582 0.03106488 0.00097705
v 0.01210624 0.03389222 0.00112023
v 0.01255608 0.03612246 0.00112023
v 0.01265661 0.03628877 0.00059022
v 0.01228970 0.03588798 -0.00209000
v 0.01229221 0.03624515 -0.00247934
v 0.01231483 0.03648235 -0.00259992
v 0.01212383 0.03537813 -0.00259238
v 0.01135734 0.03055231 -0.00185388
v 0.01212886 0.03389222 -0.00073607
v 0.01238519 0.03500734 -0.00036682
v 0.01266666 0.03623424 0.00037671
v 0.01249577 0.03537813 0.00000494
v 0.01156341 0.03098309 0.00074847
v 0.01141011 0.03055231 0.00111270
v 0.01147294 0.03055231 0.00074345
v 0.01245305 0.03537813 0.00074847
v 0.01162624 0.03129117 0.00074847
v 0.01153828 0.03073498 0.00056008
v 0.01193284 0.03278255 0.00071833
v 0.01234750 0.03463654 0.00037671
v 0.01249577 0.03537813 0.00037671
v 0.01192278 0.03252898 0.00037671
v 0.01150561 0.03055231 -0.00037185
v 0.01235001 0.03463654 0.00000494
v 0.01229724 0.03436934 0.00000494
v 0.01151817 0.03055231 0.00041187
v 0.01155084 0.03066409 0.00031391
v 0.01153325 0.03055231 0.00000494
v 0.01168153 0.03129117 0.00000494
v 0.01205346 0.03315062 0.00000494
v 0.01153074 0.03055231 0.00013807
f 1 2 3
f 1 3 4
f 1 4 5
f 1 5 6
f 1 6 7
f 1 7 8
f 1 8 9
f 1 9 2
f 2 9 3
f 3 9 10
f 3 10 11
f 3 11 4
f 4 11 12
f 4 12 5
f 5 12 13
f 5 13 14
f 5 14 6
f 6 14 13
f 6 13 15
f 6 15 16
f 6 16 17
f 6 17 7
f 7 17 18
f 7 18 19
f 7 19 20
f 7 20 21
f 7 21 22
f 7 22 23
f 7 23 8
f 8 23 9
f 9 23 24
f 9 24 10
f 10 24 25
f 10 25 11
f 11 26 27
f 11 27 28
f 11 28 29
f 11 29 12
f 11 25 26
f 12 29 30
f 12 30 13
f 13 30 15
f 15 30 31
f 15 31 32
f 15 32 33
f 15 33 34
f 15 34 35
f 15 35 36
f 15 36 37
f 15 37 38
f 15 38 39
f 15 39 40
f 15 40 16
f 16 40 39
f 16 39 41
f 16 41 42
f 16 42 17
f 17 42 95
f 17 95 43
f 17 43 44
f 17 44 18
f 18 44 19
f 19 45 46
f 19 46 47
f 19 47 48
f 19 48 20
f 19 44 43
f 19 43 49
f 19 49 50
f 19 50 51
f 19 51 52
f 19 52 53
f 19 53 54
f 19 54 55
f 19 55 56
f 19 56 57
f 19 57 58
f 19 58 45
f 20 59 21
f 20 48 60
f 20 60 59
f 21 59 22
f 22 24 23
f 22 59 61
f 22 61 62
f 22 62 63
f 22 63 64
f 22 64 25
f 22 25 24
f 25 65 66
f 25 66 67
f 25 67 26
f 25 64 65
f 26 67 27
f 27 68 69
f 27 69 70
f 27 70 71
f 27 71 72
f 27 72 73
f 27 73 28
f 27 67 68
f 28 73 29
f 29 73 74
f 29 74 30
f 30 74 75
f 30 75 31
f 31 75 32
f 32 76 77
f 32 77 78
f 32 78 79
f 32 79 33
f 32 75 80
f 32 80 81
f 32 81 82
f 32 82 76
f 33 79 34
f 34 79 83
f 34 83 35
f 35 83 84
f 35 84 85
f 35 85 36
f 36 85 149
f 36 149 86
f 36 86 87
f 36 87 88
f 36 88 89
f 36 89 90
f 36 90 37
f 37 90 38
f 38 90 91
f 38 91 39
f 39 91 88
f 39 88 92
f 39 92 41
f 41 92 88
f 41 88 93
f 41 93 42
f 42 93 94
f 42 94 88
f 42 88 95
f 43 95 49
f 45 58 96
f 45 96 46
f 46 96 97
f 46 97 47
f 47 98 48
f 47 97 98
f 48 98 62
f 48 62 60
f 49 95 99
f 49 99 100
f 49 100 101
f 49 101 102
f 49 102 50
f 50 102 51
f 51 102 52
f 52 102 103
f 52 103 104
f 52 104 105
f 52 105 106
f 52 106 107
f 52 107 108
f 52 108 53
f 53 108 109
f 53 109 54
f 54 109 110
f 54 110 56
f 54 56 55
f 56 110 111
f 56 111 112
f 56 112 113
f 56 113 57
f 57 113 58
f 58 113 112
f 58 112 114
f 58 114 115
f 58 115 96
f 59 60 61
f 60 62 61
f 62 98 116
f 62 116 117
f 62 117 118
f 62 118 64
f 62 64 63
f 64 118 119
f 64 119 65
f 65 119 66
f 66 119 120
f 66 120 121
f 66 121 122
f 66 122 123
f 66 123 124
f 66 124 67
f 67 125 68
f 67 124 125
f 68 125 126
f 68 126 127
f 68 127 128
f 68 128 129
f 68 129 130
f 68 130 69
f 69 130 131
f 69 131 132
f 69 132 70
f 70 132 133
f 70 133 134
f 70 134 135
f 70 135 71
f 71 135 136
f 71 136 72
f 72 136 137
f 72 137 138
f 72 138 73
f 73 138 137
f 73 137 139
f 73 139 140
f 73 140 74
f 74 140 75
f 75 140 141
f 75 141 142
f 75 142 80
f 76 143 77
f 76 82 144
f 76 144 143
f 77 143 78
f 78 143 79
f 79 85 84
f 79 84 83
f 79 143 85
f 80 142 145
f 80 145 146
f 80 146 81
f 81 146 147
f 81 147 82
f 82 147 148
f 82 148 144
f 85 143 149
f 86 149 150
f 86 150 151
f 86 151 152
f 86 152 100
f 86 100 87
f 87 100 153
f 87 153 88
f 88 153 100
f 88 100 99
f 88 99 95
f 88 94 93
f 88 91 90
f 88 90 89
f 96 154 97
f 96 115 154
f 97 155 156
f 97 156 157
f 97 157 158
f 97 158 98
f 97 154 159
f 97 159 160
f 97 160 161
f 97 161 155
f 98 162 163
f 98 163 164
f 98 164 165
f 98 165 117
f 98 117 116
f 98 158 162
f 100 166 167
f 100 167 101
f 100 152 166
f 101 167 168
f 101 168 103
f 101 103 102
f 103 169 170
f 103 170 171
f 103 171 104
f 103 168 169
f 104 171 172
f 104 172 173
f 104 173 105
f 105 173 174
f 105 174 175
f 105 175 176
f 105 176 177
f 105 177 106
f 106 177 107
f 107 177 110
f 107 110 108
f 108 110 109
f 110 176 175
f 110 175 260
f 110 260 259
f 110 259 370
f 110 370 451
f 110 451 450
f 110 450 554
f 110 554 445
f 110 445 444
f 110 444 443
f 110 443 553
f 110 553 678
f 110 678 788
f 110 788 884
f 110 884 1023
f 110 1023 1022
f 110 1022 1021
f 110 1021 1016
f 110 1016 1138
f 110 1138 1012
f 110 1012 1137
f 110 1137 1275
f 110 1275 1134
f 110 1134 1274
f 110 1274 1273
f 110 1273 1410
f 110 1410 1546
f 110 1546 1682
f 110 1682 1846
f 110 1846 2014
f 110 2014 2162
f 110 2162 2344
f 110 2344 2520
f 110 2520 2672
f 110 2672 2817
f 110 2817 2955
f 110 2955 3086
f 110 3086 3211
f 110 3211 3209
f 110 3209 3368
f 110 3368 3545
f 110 3545 3747
f 110 3747 3746
f 110 3746 3944
f 110 3944 4131
f 110 4131 4307
f 110 4307 4306
f 110 4306 4129
f 110 4129 4304
f 110 4304 4124
f 110 4124 4305
f 110 4305 4303
f 110 4303 4493
f 110 4493 4492
f 110 4492 4491
f 110 4491 4489
f 110 4489 4294
f 110 4294 4292
f 110 4292 4488
f 110 4488 4290
f 110 4290 4487
f 110 4487 4637
f 110 4637 4759
f 110 4759 4758
f 110 4758 4757
f 110 4757 4842
f 110 4842 4841
f 110 4841 4895
f 110 4895 4838
f 110 4838 4754
f 110 4754 4753
f 110 4753 4750
f 110 4750 4619
f 110 4619 4749
f 110 4749 4845
f 110 4845 4893
f 110 4893 4892
f 110 4892 4937
f 110 4937 4890
f 110 4890 4888
f 110 4888 4936
f 110 4936 4974
f 110 4974 5010
f 110 5010 5033
f 110 5033 5048
f 110 5048 5053
f 110 5053 5056
f 110 5056 5051
f 110 5051 5040
f 110 5040 5039
f 110 5039 5022
f 110 5022 5019
f 110 5019 5018
f 110 5018 4983
f 110 4983 4943
f 110 4943 4905
f 110 4905 4854
f 110 4854 4847
f 110 4847 4848
f 110 4848 4768
f 110 4768 4767
f 110 4767 4761
f 110 4761 4638
f 110 4638 4494
f 110 4494 4308
f 110 4308 4132
f 110 4132 3964
f 110 3964 3963
f 110 3963 3961
f 110 3961 3959
f 110 3959 3769
f 110 3769 3559
f 110 3559 3767
f 110 3767 3766
f 110 3766 3765
f 110 3765 3762
f 110 3762 3566
f 110 3566 3565
f 110 3565 3549
f 110 3549 3390
f 110 3390 3231
f 110 3231 3104
f 110 3104 2981
f 110 2981 2839
f 110 2839 2979
f 110 2979 2837
f 110 2837 2835
f 110 2835 2686
f 110 2686 2542
f 110 2542 2541
f 110 2541 2540
f 110 2540 2539
f 110 2539 2529
f 110 2529 2355
f 110 2355 2354
f 110 2354 2186
f 110 2186 2185
f 110 2185 2353
f 110 2353 2191
f 110 2191 2190
f 110 2190 2189
f 110 2189 2163
f 110 2163 2015
f 110 2015 1848
f 110 1848 1684
f 110 1684 1683
f 110 1683 1548
f 110 1548 1411
f 110 1411 1276
f 110 1276 1143
f 110 1143 1024
f 110 1024 888
f 110 888 887
f 110 887 886
f 110 886 784
f 110 784 673
f 110 673 672
f 110 672 778
f 110 778 666
f 110 666 665
f 110 665 663
f 110 663 662
f 110 662 661
f 110 661 549
f 110 549 434
f 110 434 340
f 110 340 236
f 110 236 234
f 110 234 261
f 110 261 178
f 110 178 179
f 110 179 180
f 110 180 181
f 110 181 111
f 110 177 176
f 111 181 112
f 112 181 114
f 114 181 180
f 114 180 182
f 114 182 115
f 115 159 154
f 115 182 159
f 117 165 183
f 117 183 184
f 117 184 185
f 117 185 120
f 117 120 186
f 117 186 118
f 118 186 119
f 119 186 120
f 120 185 121
f 121 185 184
f 121 184 187
f 121 187 122
f 122 187 188
f 122 188 189
f 122 189 190
f 122 190 123
f 123 190 124
f 124 190 191
f 124 191 192
f 124 192 125
f 125 193 194
f 125 194 126
f 125 192 193
f 126 194 195
f 126 195 127
f 127 195 196
f 127 196 128
f 128 196 129
f 129 196 197
f 129 197 131
f 129 131 130
f 131 197 198
f 131 198 199
f 131 199 200
f 131 200 201
f 131 201 132
f 132 201 200
f 132 200 133
f 133 200 134
f 134 200 202
f 134 202 135
f 135 203 136
f 135 202 203
f 136 203 137
f 137 203 204
f 137 204 139
f 139 204 140
f 140 204 141
f 141 204 203
f 141 203 205
f 141 205 142
f 142 205 206
f 142 206 145
f 143 207 208
f 143 208 209
f 143 209 210
f 143 210 149
f 143 144 148
f 143 148 211
f 143 211 207
f 145 206 212
f 145 212 213
f 145 213 214
f 145 214 146
f 146 214 215
f 146 215 147
f 147 215 216
f 147 216 148
f 148 216 211
f 149 210 217
f 149 217 218
f 149 218 150
f 150 218 219
f 150 219 220
f 150 220 221
f 150 221 151
f 151 221 222
f 151 222 223
f 151 223 224
f 151 224 152
f 152 224 166
f 155 225 226
f 155 226 156
f 155 161 227
f 155 227 225
f 156 228 229
f 156 229 157
f 156 226 230
f 156 230 231
f 156 231 228
f 157 229 232
f 157 232 162
f 157 162 158
f 159 182 160
f 160 182 233
f 160 233 234
f 160 234 235
f 160 235 161
f 161 235 236
f 161 236 237
f 161 237 238
f 161 238 227
f 162 232 239
f 162 239 240
f 162 240 241
f 162 241 163
f 163 241 242
f 163 242 164
f 164 242 187
f 164 187 183
f 164 183 165
f 166 224 167
f 167 243 244
f 167 244 245
f 167 245 246
f 167 246 168
f 167 224 243
f 168 246 247
f 168 247 248
f 168 248 169
f 169 249 250
f 169 250 251
f 169 251 170
f 169 248 252
f 169 252 249
f 170 253 254
f 170 254 255
f 170 255 256
f 170 256 257
f 170 257 171
f 170 251 250
f 170 250 253
f 171 257 258
f 171 258 173
f 171 173 172
f 173 258 174
f 174 258 259
f 174 259 260
f 174 260 175
f 178 261 262
f 178 262 182
f 178 182 179
f 179 182 180
f 182 262 233
f 183 187 184
f 187 242 188
f 188 263 264
f 188 264 189
f 188 242 263
f 189 264 190
f 190 264 191
f 191 264 265
f 191 265 192
f 192 265 193
f 193 266 267
f 193 267 268
f 193 268 194
f 193 265 269
f 193 269 266
f 194 268 195
f 195 268 270
f 195 270 271
f 195 271 272
f 195 272 196
f 196 273 197
f 196 272 274
f 196 274 275
f 196 275 276
f 196 276 277
f 196 277 273
f 197 273 277
f 197 277 278
f 197 278 198
f 198 278 199
f 199 278 277
f 199 277 279
f 199 279 280
f 199 280 200
f 200 280 281
f 200 281 202
f 202 281 282
f 202 282 283
f 202 283 212
f 202 212 284
f 202 284 206
f 202 206 205
f 202 205 203
f 206 284 212
f 207 211 208
f 208 285 209
f 208 211 286
f 208 286 287
f 208 287 288
f 208 288 289
f 208 289 290
f 208 290 291
f 208 291 292
f 208 292 293
f 208 293 294
f 208 294 295
f 208 295 296
f 208 296 297
f 208 297 285
f 209 285 210
f 210 298 217
f 210 285 298
f 211 216 286
f 212 283 299
f 212 299 213
f 213 299 300
f 213 300 301
f 213 301 214
f 214 301 302
f 214 302 303
f 214 303 215
f 215 303 216
f 216 303 304
f 216 304 305
f 216 305 306
f 216 306 286
f 217 307 308
f 217 308 309
f 217 309 310
f 217 310 218
f 217 298 311
f 217 311 312
f 217 312 313
f 217 313 307
f 218 310 314
f 218 314 315
f 218 315 219
f 219 315 316
f 219 316 317
f 219 317 318
f 219 318 319
f 219 319 220
f 220 320 221
f 220 319 318
f 220 318 321
f 220 321 322
f 220 322 323
f 220 323 324
f 220 324 320
f 221 320 325
f 221 325 222
f 222 325 326
f 222 326 327
f 222 327 223
f 223 327 224
f 224 327 243
f 225 328 226
f 225 227 329
f 225 329 330
f 225 330 328
f 226 328 331
f 226 331 332
f 226 332 231
f 226 231 230
f 227 238 329
f 228 231 229
f 229 239 232
f 229 231 333
f 229 333 334
f 229 334 240
f 229 240 239
f 231 335 336
f 231 336 333
f 231 332 337
f 231 337 338
f 231 338 339
f 231 339 335
f 233 262 261
f 233 261 234
f 234 236 235
f 236 340 237
f 237 340 238
f 238 340 329
f 240 334 341
f 240 341 241
f 241 341 242
f 242 341 342
f 242 342 263
f 243 326 244
f 243 327 326
f 244 326 343
f 244 343 245
f 245 343 344
f 245 344 246
f 246 344 247
f 247 344 324
f 247 324 345
f 247 345 248
f 248 345 252
f 249 252 250
f 250 252 346
f 250 346 345
f 250 345 347
f 250 347 348
f 250 348 349
f 250 349 254
f 250 254 253
f 252 345 346
f 254 350 351
f 254 351 352
f 254 352 353
f 254 353 354
f 254 354 355
f 254 355 356
f 254 356 357
f 254 357 358
f 254 358 359
f 254 359 255
f 254 349 350
f 255 359 256
f 256 359 360
f 256 360 361
f 256 361 362
f 256 362 257
f 257 362 363
f 257 363 364
f 257 364 365
f 257 365 366
f 257 366 367
f 257 367 368
f 257 368 369
f 257 369 258
f 258 369 259
f 259 369 367
f 259 367 370
f 263 371 372
f 263 372 264
f 263 342 373
f 263 373 371
f 264 372 265
f 265 372 269
f 266 374 267
f 266 269 374
f 267 374 268
f 268 374 270
f 269 372 375
f 269 375 376
f 269 376 377
f 269 377 378
f 269 378 374
f 270 378 271
f 270 374 378
f 271 379 380
f 271 380 272
f 271 378 379
f 272 380 381
f 272 381 382
f 272 382 274
f 274 382 383
f 274 383 384
f 274 384 275
f 275 384 280
f 275 280 279
f 275 279 276
f 276 279 277
f 280 385 281
f 280 384 385
f 281 385 282
f 282 385 386
f 282 386 387
f 282 387 388
f 282 388 283
f 283 388 389
f 283 389 299
f 285 297 390
f 285 390 298
f 286 306 305
f 286 305 287
f 287 305 391
f 287 391 392
f 287 392 288
f 288 392 391
f 288 391 393
f 288 393 394
f 288 394 289
f 289 394 290
f 290 394 292
f 290 292 291
f 292 394 393
f 292 393 395
f 292 395 396
f 292 396 293
f 293 396 397
f 293 397 296
f 293 296 295
f 293 295 294
f 296 397 398
f 296 398 297
f 297 398 399
f 297 399 390
f 298 390 311
f 299 400 301
f 299 301 300
f 299 389 400
f 301 400 302
f 302 304 303
f 302 400 389
f 302 389 401
f 302 401 304
f 304 401 402
f 304 402 305
f 305 402 403
f 305 403 404
f 305 404 405
f 305 405 391
f 307 313 406
f 307 406 308
f 308 407 408
f 308 408 309
f 308 406 407
f 309 408 310
f 310 408 314
f 311 390 399
f 311 399 409
f 311 409 312
f 312 409 313
f 313 409 406
f 314 408 410
f 314 410 411
f 314 411 316
f 314 316 315
f 316 411 412
f 316 412 413
f 316 413 317
f 317 413 318
f 318 413 412
f 318 412 321
f 320 324 344
f 320 344 343
f 320 343 325
f 321 412 322
f 322 412 414
f 322 414 415
f 322 415 416
f 322 416 323
f 323 416 417
f 323 417 418
f 323 418 324
f 324 418 419
f 324 419 420
f 324 420 421
f 324 421 422
f 324 422 345
f 325 343 326
f 328 423 331
f 328 330 424
f 328 424 423
f 329 340 425
f 329 425 330
f 330 425 426
f 330 426 424
f 331 423 332
f 332 423 337
f 333 336 341
f 333 341 334
f 335 427 336
f 335 339 427
f 336 427 342
f 336 342 341
f 337 423 428
f 337 428 338
f 338 429 339
f 338 428 430
f 338 430 429
f 339 429 431
f 339 431 432
f 339 432 433
f 339 433 427
f 340 434 425
f 342 427 435
f 342 435 373
f 345 422 436
f 345 436 347
f 347 352 349
f 347 349 348
f 347 436 352
f 349 352 351
f 349 351 350
f 352 436 437
f 352 437 438
f 352 438 353
f 353 438 354
f 354 439 355
f 354 438 440
f 354 440 439
f 355 439 441
f 355 441 356
f 356 441 442
f 356 442 443
f 356 443 444
f 356 444 445
f 356 445 357
f 357 445 446
f 357 446 447
f 357 447 358
f 358 447 362
f 358 362 359
f 359 361 360
f 359 362 361
f 362 447 446
f 362 446 448
f 362 448 449
f 362 449 450
f 362 450 451
f 362 451 363
f 363 451 364
f 364 451 370
f 364 370 365
f 365 370 366
f 366 370 367
f 367 369 368
f 371 452 453
f 371 453 454
f 371 454 457
f 371 457 375
f 371 375 372
f 371 373 452
f 373 435 455
f 373 455 456
f 373 456 452
f 375 457 376
f 376 458 459
f 376 459 460
f 376 460 377
f 376 457 458
f 377 460 461
f 377 461 378
f 378 461 379
f 379 461 462
f 379 462 463
f 379 463 464
f 379 464 465
f 379 465 380
f 380 465 466
f 380 466 467
f 380 467 573
f 380 573 468
f 380 468 381
f 381 468 469
f 381 469 470
f 381 470 471
f 381 471 472
f 381 472 473
f 381 473 474
f 381 474 382
f 382 474 475
f 382 475 476
f 382 476 588
f 382 588 477
f 382 477 478
f 382 478 383
f 383 478 479
f 383 479 480
f 383 480 384
f 384 480 481
f 384 481 385
f 385 482 483
f 385 483 386
f 385 481 484
f 385 484 482
f 386 483 485
f 386 485 486
f 386 486 487
f 386 487 387
f 387 487 488
f 387 488 388
f 388 488 489
f 388 489 490
f 388 490 491
f 388 491 492
f 388 492 389
f 389 492 493
f 389 493 401
f 391 405 494
f 391 494 495
f 391 495 393
f 393 495 395
f 395 495 494
f 395 494 496
f 395 496 397
f 395 397 396
f 397 496 497
f 397 497 498
f 397 498 398
f 398 499 500
f 398 500 501
f 398 501 409
f 398 409 399
f 398 498 502
f 398 502 503
f 398 503 504
f 398 504 505
f 398 505 506
f 398 506 507
f 398 507 508
f 398 508 509
f 398 509 510
f 398 510 511
f 398 511 512
f 398 512 513
f 398 513 499
f 401 493 514
f 401 514 402
f 402 514 515
f 402 515 516
f 402 516 403
f 403 516 497
f 403 497 517
f 403 517 404
f 404 517 497
f 404 497 496
f 404 496 405
f 405 496 494
f 406 518 408
f 406 408 407
f 406 409 519
f 406 519 518
f 408 520 519
f 408 519 501
f 408 501 499
f 408 499 521
f 408 521 522
f 408 522 523
f 408 523 410
f 408 518 520
f 409 501 519
f 410 523 412
f 410 412 411
f 412 523 414
f 414 523 415
f 415 523 522
f 415 522 524
f 415 524 417
f 415 417 416
f 417 524 525
f 417 525 526
f 417 526 418
f 418 526 527
f 418 527 419
f 419 527 528
f 419 528 420
f 420 528 529
f 420 529 421
f 421 529 530
f 421 530 422
f 422 531 437
f 422 437 436
f 422 530 532
f 422 532 531
f 423 424 533
f 423 533 428
f 424 426 534
f 424 534 533
f 425 434 535
f 425 535 534
f 425 534 426
f 427 433 435
f 428 533 534
f 428 534 430
f 429 536 537
f 429 537 431
f 429 430 538
f 429 538 536
f 430 534 538
f 431 537 536
f 431 536 539
f 431 539 540
f 431 540 541
f 431 541 432
f 432 542 543
f 432 543 544
f 432 544 433
f 432 541 542
f 433 545 546
f 433 546 547
f 433 547 435
f 433 544 548
f 433 548 545
f 434 549 535
f 435 547 550
f 435 550 455
f 437 531 551
f 437 551 532
f 437 532 440
f 437 440 438
f 439 552 553
f 439 553 441
f 439 440 532
f 439 532 552
f 441 553 443
f 441 443 442
f 445 554 555
f 445 555 446
f 446 555 448
f 448 555 554
f 448 554 449
f 449 554 450
f 452 456 556
f 452 556 453
f 453 557 558
f 453 558 454
f 453 556 559
f 453 559 550
f 453 550 560
f 453 560 561
f 453 561 562
f 453 562 557
f 454 558 563
f 454 563 564
f 454 564 457
f 455 550 456
f 456 550 559
f 456 559 556
f 457 564 565
f 457 565 566
f 457 566 458
f 458 566 565
f 458 565 567
f 458 567 459
f 459 568 461
f 459 461 460
f 459 567 569
f 459 569 568
f 461 568 462
f 462 568 571
f 462 571 463
f 463 570 464
f 463 571 570
f 464 466 465
f 464 570 572
f 464 572 466
f 466 572 467
f 467 572 573
f 468 573 574
f 468 574 575
f 468 575 576
f 468 576 470
f 468 470 469
f 470 576 471
f 471 577 578
f 471 578 579
f 471 579 580
f 471 580 581
f 471 581 582
f 471 582 583
f 471 583 473
f 471 473 472
f 471 576 574
f 471 574 584
f 471 584 585
f 471 585 586
f 471 586 577
f 473 583 475
f 473 475 474
f 475 583 581
f 475 581 587
f 475 587 588
f 475 588 476
f 477 588 587
f 477 587 589
f 477 589 478
f 478 589 590
f 478 590 591
f 478 591 479
f 479 591 481
f 479 481 480
f 481 592 593
f 481 593 484
f 481 591 592
f 482 484 593
f 482 593 594
f 482 594 595
f 482 595 596
f 482 596 483
f 483 596 485
f 485 597 598
f 485 598 599
f 485 599 600
f 485 600 601
f 485 601 486
f 485 596 602
f 485 602 603
f 485 603 597
f 486 601 604
f 486 604 487
f 487 604 605
f 487 605 606
f 487 606 607
f 487 607 488
f 488 607 608
f 488 608 609
f 488 609 610
f 488 610 489
f 489 610 611
f 489 611 490
f 490 611 491
f 491 611 492
f 492 611 612
f 492 612 613
f 492 613 493
f 493 614 615
f 493 615 616
f 493 616 617
f 493 617 514
f 493 613 618
f 493 618 614
f 497 516 515
f 497 515 619
f 497 619 620
f 497 620 621
f 497 621 498
f 498 621 620
f 498 620 502
f 499 501 500
f 499 513 622
f 499 622 521
f 502 620 503
f 503 623 504
f 503 620 624
f 503 624 625
f 503 625 626
f 503 626 627
f 503 627 623
f 504 623 505
f 505 623 506
f 506 623 628
f 506 628 629
f 506 629 507
f 507 629 630
f 507 630 508
f 508 630 631
f 508 631 511
f 508 511 509
f 509 511 510
f 511 631 513
f 511 513 512
f 513 632 622
f 513 631 630
f 513 630 633
f 513 633 632
f 514 617 634
f 514 634 515
f 515 634 635
f 515 635 636
f 515 636 619
f 518 519 520
f 521 622 637
f 521 637 522
f 522 637 638
f 522 638 524
f 524 639 640
f 524 640 525
f 524 638 641
f 524 641 642
f 524 642 643
f 524 643 639
f 525 640 644
f 525 644 645
f 525 645 526
f 526 645 646
f 526 646 647
f 526 647 648
f 526 648 649
f 526 649 527
f 527 649 650
f 527 650 651
f 527 651 528
f 528 651 652
f 528 652 653
f 528 653 654
f 528 654 529
f 529 654 655
f 529 655 656
f 529 656 657
f 529 657 658
f 529 658 530
f 530 658 552
f 530 552 532
f 531 532 551
f 534 535 659
f 534 659 536
f 534 536 538
f 535 549 660
f 535 660 536
f 535 536 659
f 536 660 539
f 539 660 549
f 539 549 661
f 539 661 662
f 539 662 663
f 539 663 664
f 539 664 540
f 540 664 663
f 540 663 665
f 540 665 666
f 540 666 667
f 540 667 541
f 541 668 542
f 541 667 669
f 541 669 668
f 542 668 543
f 543 668 544
f 544 668 548
f 545 670 671
f 545 671 546
f 545 548 670
f 546 671 560
f 546 560 550
f 546 550 547
f 548 668 669
f 548 669 672
f 548 672 673
f 548 673 674
f 548 674 675
f 548 675 670
f 552 658 676
f 552 676 677
f 552 677 553
f 553 657 678
f 553 677 676
f 553 676 657
f 557 679 680
f 557 680 681
f 557 681 682
f 557 682 558
f 557 562 683
f 557 683 679
f 558 682 567
f 558 567 563
f 560 671 561
f 561 671 684
f 561 684 685
f 561 685 562
f 562 685 686
f 562 686 687
f 562 687 683
f 563 567 565
f 563 565 564
f 567 682 569
f 568 569 571
f 569 682 688
f 569 688 689
f 569 689 571
f 570 690 572
f 570 571 691
f 570 691 689
f 570 689 690
f 571 689 691
f 572 692 693
f 572 693 573
f 572 690 694
f 572 694 692
f 573 695 574
f 573 693 585
f 573 585 584
f 573 584 695
f 574 695 584
f 574 576 575
f 577 696 697
f 577 697 698
f 577 698 578
f 577 586 696
f 578 698 579
f 579 698 699
f 579 699 700
f 579 700 580
f 580 700 701
f 580 701 702
f 580 702 603
f 580 603 602
f 580 602 581
f 581 602 595
f 581 595 587
f 581 583 582
f 585 693 586
f 586 693 703
f 586 703 704
f 586 704 705
f 586 705 706
f 586 706 707
f 586 707 708
f 586 708 696
f 587 595 594
f 587 594 709
f 587 709 589
f 589 710 711
f 589 711 590
f 589 709 710
f 590 711 712
f 590 712 591
f 591 712 593
f 591 593 592
f 593 712 594
f 594 712 709
f 595 602 596
f 597 603 713
f 597 713 714
f 597 714 715
f 597 715 716
f 597 716 598
f 598 716 717
f 598 717 718
f 598 718 599
f 599 718 719
f 599 719 720
f 599 720 600
f 600 721 605
f 600 605 604
f 600 604 601
f 600 720 722
f 600 722 721
f 603 702 713
f 605 721 723
f 605 723 606
f 606 723 724
f 606 724 725
f 606 725 607
f 607 725 608
f 608 613 609
f 608 725 724
f 608 724 726
f 608 726 727
f 608 727 728
f 608 728 613
f 609 613 610
f 610 613 729
f 610 729 611
f 611 729 612
f 612 729 613
f 613 728 730
f 613 730 731
f 613 731 618
f 614 616 615
f 614 618 732
f 614 732 616
f 616 732 733
f 616 733 734
f 616 734 617
f 617 734 735
f 617 735 736
f 617 736 634
f 618 731 732
f 619 636 737
f 619 737 620
f 620 737 738
f 620 738 739
f 620 739 740
f 620 740 626
f 620 626 624
f 622 632 637
f 623 741 628
f 623 627 741
f 624 626 625
f 626 740 739
f 626 739 731
f 626 731 843
f 626 843 842
f 626 842 841
f 626 841 840
f 626 840 966
f 626 966 1083
f 626 1083 1212
f 626 1212 1211
f 626 1211 1347
f 626 1347 1346
f 626 1346 1345
f 626 1345 1344
f 626 1344 1479
f 626 1479 1623
f 626 1623 1779
f 626 1779 1945
f 626 1945 1944
f 626 1944 1943
f 626 1943 1942
f 626 1942 1941
f 626 1941 2103
f 626 2103 2263
f 626 2263 2438
f 626 2438 2596
f 626 2596 2584
f 626 2584 2729
f 626 2729 2728
f 626 2728 2882
f 626 2882 3022
f 626 3022 3153
f 626 3153 3285
f 626 3285 3290
f 626 3290 3470
f 626 3470 3645
f 626 3645 3838
f 626 3838 4036
f 626 4036 3849
f 626 3849 3653
f 626 3653 3472
f 626 3472 3293
f 626 3293 3157
f 626 3157 3024
f 626 3024 2895
f 626 2895 2746
f 626 2746 2597
f 626 2597 2442
f 626 2442 2265
f 626 2265 2104
f 626 2104 1948
f 626 1948 1784
f 626 1784 1631
f 626 1631 1486
f 626 1486 1352
f 626 1352 1216
f 626 1216 1088
f 626 1088 1085
f 626 1085 967
f 626 967 848
f 626 848 742
f 626 742 627
f 627 742 741
f 628 743 629
f 628 741 744
f 628 744 745
f 628 745 743
f 629 743 746
f 629 746 630
f 630 746 747
f 630 747 632
f 630 632 633
f 632 748 749
f 632 749 750
f 632 750 637
f 632 747 751
f 632 751 746
f 632 746 752
f 632 752 753
f 632 753 754
f 632 754 748
f 634 736 755
f 634 755 756
f 634 756 635
f 635 756 738
f 635 738 757
f 635 757 636
f 636 757 737
f 637 750 638
f 638 750 758
f 638 758 867
f 638 867 759
f 638 759 641
f 639 643 760
f 639 760 640
f 640 760 644
f 641 759 761
f 641 761 762
f 641 762 763
f 641 763 643
f 641 643 642
f 643 764 765
f 643 765 760
f 643 763 764
f 644 760 766
f 644 766 646
f 644 646 645
f 646 766 767
f 646 767 648
f 646 648 647
f 648 767 768
f 648 768 650
f 648 650 649
f 650 768 769
f 650 769 770
f 650 770 652
f 650 652 651
f 652 770 771
f 652 771 772
f 652 772 773
f 652 773 774
f 652 774 775
f 652 775 653
f 653 775 654
f 654 775 655
f 655 775 776
f 655 776 657
f 655 657 656
f 657 776 777
f 657 777 678
f 657 676 658
f 666 778 779
f 666 779 669
f 666 669 667
f 669 779 778
f 669 778 672
f 670 780 781
f 670 781 782
f 670 782 671
f 670 675 783
f 670 783 780
f 671 781 685
f 671 685 684
f 671 782 781
f 673 784 785
f 673 785 674
f 674 785 786
f 674 786 787
f 674 787 675
f 675 787 783
f 678 777 788
f 679 789 790
f 679 790 681
f 679 681 680
f 679 683 789
f 681 790 791
f 681 791 792
f 681 792 793
f 681 793 694
f 681 694 794
f 681 794 682
f 682 794 694
f 682 694 795
f 682 795 688
f 683 687 796
f 683 796 797
f 683 797 798
f 683 798 912
f 683 912 799
f 683 799 800
f 683 800 801
f 683 801 802
f 683 802 789
f 685 781 780
f 685 780 686
f 686 780 803
f 686 803 796
f 686 796 687
f 688 795 689
f 689 795 690
f 690 795 694
f 692 793 792
f 692 792 703
f 692 703 693
f 692 694 793
f 696 708 804
f 696 804 697
f 697 805 698
f 697 804 708
f 697 708 806
f 697 806 807
f 697 807 805
f 698 805 808
f 698 808 699
f 699 808 700
f 700 808 809
f 700 809 701
f 701 713 702
f 701 809 713
f 703 810 811
f 703 811 704
f 703 792 810
f 704 811 812
f 704 812 813
f 704 813 814
f 704 814 815
f 704 815 705
f 705 815 816
f 705 816 817
f 705 817 818
f 705 818 819
f 705 819 706
f 706 819 820
f 706 820 821
f 706 821 822
f 706 822 707
f 707 822 708
f 708 822 806
f 709 712 711
f 709 711 710
f 713 823 714
f 713 809 823
f 714 824 825
f 714 825 826
f 714 826 715
f 714 823 824
f 715 826 827
f 715 827 828
f 715 828 716
f 716 828 717
f 717 828 829
f 717 829 830
f 717 830 831
f 717 831 718
f 718 831 832
f 718 832 833
f 718 833 719
f 719 833 834
f 719 834 720
f 720 834 835
f 720 835 722
f 721 722 835
f 721 835 836
f 721 836 724
f 721 724 723
f 724 836 837
f 724 837 726
f 726 728 727
f 726 837 838
f 726 838 839
f 726 839 840
f 726 840 728
f 728 840 841
f 728 841 842
f 728 842 843
f 728 843 844
f 728 844 730
f 730 844 731
f 731 844 843
f 731 739 755
f 731 755 735
f 731 735 845
f 731 845 732
f 732 845 734
f 732 734 733
f 734 845 735
f 735 755 736
f 737 757 738
f 738 756 846
f 738 846 847
f 738 847 739
f 739 847 755
f 741 742 744
f 742 848 849
f 742 849 850
f 742 850 851
f 742 851 852
f 742 852 853
f 742 853 744
f 743 745 854
f 743 854 746
f 744 853 745
f 745 853 852
f 745 852 855
f 745 855 856
f 745 856 854
f 746 854 857
f 746 857 858
f 746 858 983
f 746 983 859
f 746 859 860
f 746 860 861
f 746 861 862
f 746 862 754
f 746 754 752
f 746 751 747
f 748 863 749
f 748 754 862
f 748 862 863
f 749 863 864
f 749 864 865
f 749 865 758
f 749 758 750
f 752 754 753
f 755 847 756
f 756 847 846
f 758 865 866
f 758 866 867
f 759 867 868
f 759 868 761
f 760 765 766
f 761 868 869
f 761 869 870
f 761 870 871
f 761 871 872
f 761 872 762
f 762 872 873
f 762 873 763
f 763 873 874
f 763 874 764
f 764 767 765
f 764 874 873
f 764 873 875
f 764 875 768
f 764 768 767
f 765 767 766
f 768 875 771
f 768 771 770
f 768 770 769
f 771 875 876
f 771 876 877
f 771 877 878
f 771 878 772
f 772 774 773
f 772 878 879
f 772 879 880
f 772 880 881
f 772 881 774
f 774 881 882
f 774 882 775
f 775 882 883
f 775 883 884
f 775 884 776
f 776 884 788
f 776 788 777
f 780 783 787
f 780 787 885
f 780 885 803
f 784 886 787
f 784 787 786
f 784 786 785
f 787 886 887
f 787 887 888
f 787 888 889
f 787 889 890
f 787 890 891
f 787 891 885
f 789 802 892
f 789 892 893
f 789 893 894
f 789 894 895
f 789 895 896
f 789 896 897
f 789 897 898
f 789 898 790
f 790 898 791
f 791 898 899
f 791 899 900
f 791 900 901
f 791 901 902
f 791 902 903
f 791 903 792
f 792 903 904
f 792 904 905
f 792 905 906
f 792 906 907
f 792 907 810
f 796 803 908
f 796 908 797
f 797 908 909
f 797 909 910
f 797 910 911
f 797 911 798
f 798 911 913
f 798 913 912
f 799 914 915
f 799 915 801
f 799 801 800
f 799 912 914
f 801 916 917
f 801 917 893
f 801 893 892
f 801 892 802
f 801 915 916
f 803 885 891
f 803 891 890
f 803 890 909
f 803 909 908
f 805 821 918
f 805 918 809
f 805 809 808
f 805 807 821
f 806 822 821
f 806 821 919
f 806 919 807
f 807 919 821
f 809 920 921
f 809 921 922
f 809 922 823
f 809 918 821
f 809 821 920
f 810 907 923
f 810 923 811
f 811 923 924
f 811 924 812
f 812 924 813
f 813 925 926
f 813 926 814
f 813 924 925
f 814 926 927
f 814 927 815
f 815 927 816
f 816 928 817
f 816 927 929
f 816 929 930
f 816 930 931
f 816 931 932
f 816 932 933
f 816 933 934
f 816 934 935
f 816 935 936
f 816 936 928
f 817 820 819
f 817 819 818
f 817 928 937
f 817 937 938
f 817 938 920
f 817 920 820
f 820 920 821
f 823 922 939
f 823 939 940
f 823 940 824
f 824 941 825
f 824 940 942
f 824 942 941
f 825 943 944
f 825 944 945
f 825 945 946
f 825 946 947
f 825 947 948
f 825 948 826
f 825 941 942
f 825 942 921
f 825 921 943
f 826 948 827
f 827 948 949
f 827 949 828
f 828 949 829
f 829 949 950
f 829 950 951
f 829 951 830
f 830 951 952
f 830 952 831
f 831 952 832
f 832 952 951
f 832 951 953
f 832 953 954
f 832 954 955
f 832 955 956
f 832 956 957
f 832 957 958
f 832 958 959
f 832 959 833
f 833 959 834
f 834 959 960
f 834 960 835
f 835 961 836
f 835 960 961
f 836 961 962
f 836 962 837
f 837 962 838
f 838 962 963
f 838 963 964
f 838 964 839
f 839 964 958
f 839 958 965
f 839 965 966
f 839 966 840
f 848 967 968
f 848 968 969
f 848 969 970
f 848 970 849
f 849 970 971
f 849 971 850
f 850 971 851
f 851 971 852
f 852 971 972
f 852 972 973
f 852 973 855
f 854 856 974
f 854 974 857
f 855 973 975
f 855 975 976
f 855 976 856
f 856 976 977
f 856 977 974
f 857 974 977
f 857 977 978
f 857 978 858
f 858 978 979
f 858 979 980
f 858 980 981
f 858 981 982
f 858 982 983
f 859 983 860
f 860 983 984
f 860 984 985
f 860 985 866
f 860 866 986
f 860 986 987
f 860 987 861
f 861 987 988
f 861 988 862
f 862 988 863
f 863 988 864
f 864 987 986
f 864 986 989
f 864 989 865
f 864 988 987
f 865 989 866
f 866 989 986
f 866 985 984
f 866 984 990
f 866 990 991
f 866 991 992
f 866 992 867
f 867 991 868
f 867 992 991
f 868 991 869
f 869 991 993
f 869 993 994
f 869 994 871
f 869 871 870
f 871 994 872
f 872 994 995
f 872 995 996
f 872 996 873
f 873 996 997
f 873 997 998
f 873 998 999
f 873 999 875
f 875 999 876
f 876 999 1000
f 876 1000 1001
f 876 1001 1002
f 876 1002 1003
f 876 1003 1004
f 876 1004 877
f 877 1004 1005
f 877 1005 1006
f 877 1006 1007
f 877 1007 1008
f 877 1008 878
f 878 1008 1009
f 878 1009 1010
f 878 1010 1011
f 878 1011 1012
f 878 1012 1013
f 878 1013 879
f 879 1013 1014
f 879 1014 1015
f 879 1015 880
f 880 1015 1016
f 880 1016 1017
f 880 1017 1018
f 880 1018 882
f 880 882 1019
f 880 1019 881
f 881 1019 882
f 882 1018 1020
f 882 1020 1021
f 882 1021 1022
f 882 1022 1023
f 882 1023 883
f 883 1023 884
f 888 1024 1025
f 888 1025 890
f 888 890 889
f 890 1025 909
f 893 917 1026
f 893 1026 894
f 894 1026 1027
f 894 1027 1028
f 894 1028 895
f 895 1028 900
f 895 900 896
f 896 900 1029
f 896 1029 897
f 897 1029 898
f 898 1029 899
f 899 1029 900
f 900 1028 901
f 901 1030 902
f 901 1028 1027
f 901 1027 1026
f 901 1026 1030
f 902 1030 904
f 902 904 903
f 904 1031 1032
f 904 1032 905
f 904 1030 1031
f 905 1032 906
f 906 1033 1034
f 906 1034 1035
f 906 1035 907
f 906 1032 1033
f 907 1035 923
f 909 1025 1024
f 909 1024 910
f 910 1024 1036
f 910 1036 911
f 911 1036 1037
f 911 1037 1038
f 911 1038 1039
f 911 1039 912
f 911 912 913
f 912 915 914
f 912 1039 915
f 915 1040 1041
f 915 1041 916
f 915 1039 1040
f 916 1041 917
f 917 1042 1043
f 917 1043 1026
f 917 1041 1044
f 917 1044 1042
f 920 938 921
f 921 938 1045
f 921 1045 1046
f 921 1046 943
f 921 942 922
f 922 942 940
f 922 940 939
f 923 1035 924
f 924 1035 933
f 924 933 925
f 925 933 932
f 925 932 931
f 925 931 926
f 926 931 930
f 926 930 929
f 926 929 927
f 928 1047 1048
f 928 1048 937
f 928 936 1047
f 933 1049 934
f 933 1035 1050
f 933 1050 1051
f 933 1051 1049
f 934 1049 1052
f 934 1052 1053
f 934 1053 935
f 935 1053 936
f 936 1053 1054
f 936 1054 1055
f 936 1055 1047
f 937 1048 1056
f 937 1056 1057
f 937 1057 1058
f 937 1058 1045
f 937 1045 938
f 943 1046 1059
f 943 1059 1060
f 943 1060 944
f 944 1060 1061
f 944 1061 1062
f 944 1062 1063
f 944 1063 945
f 945 1063 1064
f 945 1064 946
f 946 1065 947
f 946 1064 1063
f 946 1063 1066
f 946 1066 1067
f 946 1067 1065
f 947 1065 948
f 948 1065 1068
f 948 1068 1069
f 948 1069 1070
f 948 1070 1071
f 948 1071 1072
f 948 1072 1073
f 948 1073 949
f 949 1073 953
f 949 953 950
f 950 953 951
f 953 1074 954
f 953 1073 1074
f 954 1075 955
f 954 1074 1075
f 955 1075 1076
f 955 1076 1077
f 955 1077 956
f 956 1077 1078
f 956 1078 1079
f 956 1079 1080
f 956 1080 1081
f 956 1081 957
f 957 1081 1082
f 957 1082 1083
f 957 1083 958
f 958 964 1084
f 958 1084 959
f 958 1083 965
f 959 1084 960
f 960 1084 964
f 960 964 963
f 960 963 962
f 960 962 961
f 965 1083 966
f 967 1085 968
f 968 1086 1087
f 968 1087 969
f 968 1085 1088
f 968 1088 1086
f 969 971 970
f 969 1087 1089
f 969 1089 1090
f 969 1090 1091
f 969 1091 1092
f 969 1092 971
f 971 1092 975
f 971 975 972
f 972 975 973
f 975 1092 1093
f 975 1093 1094
f 975 1094 976
f 976 1094 1095
f 976 1095 977
f 977 1095 978
f 978 1096 1097
f 978 1097 1098
f 978 1098 1099
f 978 1099 980
f 978 980 979
f 978 1095 1096
f 980 1099 1232
f 980 1232 1100
f 980 1100 981
f 981 1100 1101
f 981 1101 983
f 981 983 982
f 983 1101 984
f 984 1101 1102
f 984 1102 1103
f 984 1103 1104
f 984 1104 1105
f 984 1105 1106
f 984 1106 1107
f 984 1107 990
f 990 1107 991
f 991 1107 993
f 993 1107 1108
f 993 1108 995
f 993 995 994
f 995 1108 1109
f 995 1109 996
f 996 1109 1110
f 996 1110 1111
f 996 1111 1112
f 996 1112 997
f 997 1112 998
f 998 1112 999
f 999 1112 1113
f 999 1113 1114
f 999 1114 1115
f 999 1115 1000
f 1000 1115 1116
f 1000 1116 1001
f 1001 1117 1002
f 1001 1116 1118
f 1001 1118 1119
f 1001 1119 1120
f 1001 1120 1121
f 1001 1121 1122
f 1001 1122 1123
f 1001 1123 1124
f 1001 1124 1125
f 1001 1125 1126
f 1001 1126 1117
f 1002 1117 1003
f 1003 1117 1005
f 1003 1005 1004
f 1005 1117 1127
f 1005 1127 1006
f 1006 1128 1129
f 1006 1129 1130
f 1006 1130 1131
f 1006 1131 1007
f 1006 1127 1128
f 1007 1131 1126
f 1007 1126 1132
f 1007 1132 1133
f 1007 1133 1008
f 1008 1133 1009
f 1009 1133 1010
f 1010 1133 1134
f 1010 1134 1135
f 1010 1135 1136
f 1010 1136 1137
f 1010 1137 1011
f 1011 1137 1012
f 1012 1138 1139
f 1012 1139 1140
f 1012 1140 1141
f 1012 1141 1013
f 1013 1141 1140
f 1013 1140 1014
f 1014 1140 1138
f 1014 1138 1016
f 1014 1016 1015
f 1016 1021 1017
f 1017 1021 1018
f 1018 1021 1020
f 1024 1142 1037
f 1024 1037 1036
f 1024 1143 1144
f 1024 1144 1145
f 1024 1145 1146
f 1024 1146 1147
f 1024 1147 1148
f 1024 1148 1149
f 1024 1149 1142
f 1026 1043 1150
f 1026 1150 1151
f 1026 1151 1030
f 1030 1151 1289
f 1030 1289 1152
f 1030 1152 1153
f 1030 1153 1031
f 1031 1153 1032
f 1032 1154 1033
f 1032 1153 1155
f 1032 1155 1288
f 1032 1288 1154
f 1033 1156 1157
f 1033 1157 1034
f 1033 1154 1158
f 1033 1158 1156
f 1034 1157 1159
f 1034 1159 1160
f 1034 1160 1161
f 1034 1161 1035
f 1035 1161 1160
f 1035 1160 1050
f 1037 1142 1038
f 1038 1162 1163
f 1038 1163 1039
f 1038 1142 1149
f 1038 1149 1041
f 1038 1041 1040
f 1038 1040 1162
f 1039 1163 1162
f 1039 1162 1040
f 1041 1149 1044
f 1042 1164 1165
f 1042 1165 1167
f 1042 1167 1043
f 1042 1044 1166
f 1042 1166 1164
f 1043 1167 1168
f 1043 1168 1150
f 1044 1149 1166
f 1045 1169 1170
f 1045 1170 1171
f 1045 1171 1059
f 1045 1059 1046
f 1045 1058 1172
f 1045 1172 1169
f 1047 1055 1173
f 1047 1173 1174
f 1047 1174 1175
f 1047 1175 1048
f 1048 1175 1176
f 1048 1176 1177
f 1048 1177 1056
f 1049 1051 1178
f 1049 1178 1052
f 1050 1160 1159
f 1050 1159 1179
f 1050 1179 1051
f 1051 1179 1180
f 1051 1180 1178
f 1052 1178 1181
f 1052 1181 1182
f 1052 1182 1183
f 1052 1183 1184
f 1052 1184 1053
f 1053 1184 1054
f 1054 1184 1185
f 1054 1185 1186
f 1054 1186 1187
f 1054 1187 1188
f 1054 1188 1055
f 1055 1188 1189
f 1055 1189 1190
f 1055 1190 1191
f 1055 1191 1173
f 1056 1192 1057
f 1056 1177 1192
f 1057 1193 1194
f 1057 1194 1172
f 1057 1172 1058
f 1057 1192 1193
f 1059 1171 1195
f 1059 1195 1060
f 1060 1195 1061
f 1061 1195 1062
f 1062 1196 1197
f 1062 1197 1198
f 1062 1198 1199
f 1062 1199 1066
f 1062 1066 1063
f 1062 1195 1200
f 1062 1200 1196
f 1065 1067 1201
f 1065 1201 1202
f 1065 1202 1069
f 1065 1069 1068
f 1066 1199 1203
f 1066 1203 1204
f 1066 1204 1067
f 1067 1204 1205
f 1067 1205 1206
f 1067 1206 1201
f 1069 1202 1207
f 1069 1207 1208
f 1069 1208 1071
f 1069 1071 1070
f 1071 1208 1075
f 1071 1075 1074
f 1071 1074 1072
f 1072 1074 1073
f 1075 1208 1076
f 1076 1207 1209
f 1076 1209 1077
f 1076 1208 1207
f 1077 1209 1078
f 1078 1209 1207
f 1078 1207 1210
f 1078 1210 1079
f 1079 1210 1211
f 1079 1211 1081
f 1079 1081 1080
f 1081 1211 1212
f 1081 1212 1083
f 1081 1083 1082
f 1086 1213 1087
f 1086 1088 1213
f 1087 1214 1215
f 1087 1215 1089
f 1087 1213 1214
f 1088 1216 1217
f 1088 1217 1213
f 1089 1218 1219
f 1089 1219 1220
f 1089 1220 1221
f 1089 1221 1222
f 1089 1222 1090
f 1089 1215 1218
f 1090 1223 1091
f 1090 1222 1221
f 1090 1221 1224
f 1090 1224 1225
f 1090 1225 1226
f 1090 1226 1223
f 1091 1223 1227
f 1091 1227 1093
f 1091 1093 1092
f 1093 1228 1094
f 1093 1227 1229
f 1093 1229 1228
f 1094 1228 1095
f 1095 1228 1230
f 1095 1230 1096
f 1096 1230 1097
f 1097 1231 1098
f 1097 1230 1231
f 1098 1232 1099
f 1098 1231 1232
f 1100 1232 1101
f 1101 1233 1102
f 1101 1232 1233
f 1102 1233 1234
f 1102 1234 1103
f 1103 1235 1104
f 1103 1234 1232
f 1103 1232 1236
f 1103 1236 1237
f 1103 1237 1235
f 1104 1235 1238
f 1104 1238 1239
f 1104 1239 1240
f 1104 1240 1241
f 1104 1241 1105
f 1105 1241 1242
f 1105 1242 1106
f 1106 1242 1243
f 1106 1243 1244
f 1106 1244 1107
f 1107 1244 1245
f 1107 1245 1246
f 1107 1246 1109
f 1107 1109 1108
f 1109 1246 1111
f 1109 1111 1110
f 1111 1246 1245
f 1111 1245 1247
f 1111 1247 1248
f 1111 1248 1112
f 1112 1249 1250
f 1112 1250 1113
f 1112 1248 1249
f 1113 1250 1114
f 1114 1251 1115
f 1114 1250 1252
f 1114 1252 1251
f 1115 1251 1253
f 1115 1253 1116
f 1116 1253 1119
f 1116 1119 1118
f 1117 1126 1254
f 1117 1254 1128
f 1117 1128 1127
f 1119 1253 1251
f 1119 1251 1255
f 1119 1255 1120
f 1120 1256 1257
f 1120 1257 1258
f 1120 1258 1259
f 1120 1259 1121
f 1120 1255 1251
f 1120 1251 1256
f 1121 1259 1260
f 1121 1260 1122
f 1122 1260 1261
f 1122 1261 1262
f 1122 1262 1263
f 1122 1263 1264
f 1122 1264 1265
f 1122 1265 1266
f 1122 1266 1123
f 1123 1266 1124
f 1124 1266 1125
f 1125 1267 1268
f 1125 1268 1132
f 1125 1132 1126
f 1125 1266 1267
f 1126 1131 1130
f 1126 1130 1129
f 1126 1129 1128
f 1126 1128 1254
f 1132 1269 1270
f 1132 1270 1271
f 1132 1271 1272
f 1132 1272 1133
f 1132 1268 1269
f 1133 1272 1273
f 1133 1273 1274
f 1133 1274 1134
f 1134 1275 1136
f 1134 1136 1135
f 1136 1275 1137
f 1138 1140 1139
f 1143 1276 1277
f 1143 1277 1144
f 1144 1277 1278
f 1144 1278 1145
f 1145 1278 1279
f 1145 1279 1146
f 1146 1280 1281
f 1146 1281 1282
f 1146 1282 1283
f 1146 1283 1147
f 1146 1279 1284
f 1146 1284 1280
f 1147 1283 1285
f 1147 1285 1148
f 1148 1285 1282
f 1148 1282 1164
f 1148 1164 1166
f 1148 1166 1149
f 1150 1168 1286
f 1150 1286 1287
f 1150 1287 1151
f 1151 1287 1288
f 1151 1288 1289
f 1152 1289 1288
f 1152 1288 1155
f 1152 1155 1153
f 1154 1288 1158
f 1156 1290 1291
f 1156 1291 1157
f 1156 1158 1292
f 1156 1292 1290
f 1157 1291 1159
f 1158 1288 1292
f 1159 1291 1179
f 1164 1282 1293
f 1164 1293 1165
f 1165 1293 1294
f 1165 1294 1295
f 1165 1295 1296
f 1165 1296 1297
f 1165 1297 1298
f 1165 1298 1167
f 1167 1298 1297
f 1167 1297 1168
f 1168 1297 1286
f 1169 1172 1299
f 1169 1299 1300
f 1169 1300 1170
f 1170 1300 1301
f 1170 1301 1171
f 1171 1301 1302
f 1171 1302 1200
f 1171 1200 1195
f 1172 1194 1303
f 1172 1303 1304
f 1172 1304 1305
f 1172 1305 1306
f 1172 1306 1299
f 1173 1191 1307
f 1173 1307 1174
f 1174 1307 1308
f 1174 1308 1175
f 1175 1309 1310
f 1175 1310 1177
f 1175 1177 1176
f 1175 1308 1307
f 1175 1307 1311
f 1175 1311 1309
f 1177 1310 1312
f 1177 1312 1192
f 1178 1180 1313
f 1178 1313 1181
f 1179 1291 1314
f 1179 1314 1180
f 1180 1314 1315
f 1180 1315 1316
f 1180 1316 1313
f 1181 1313 1183
f 1181 1183 1182
f 1183 1317 1184
f 1183 1313 1318
f 1183 1318 1319
f 1183 1319 1320
f 1183 1320 1321
f 1183 1321 1322
f 1183 1322 1317
f 1184 1317 1323
f 1184 1323 1185
f 1185 1323 1186
f 1186 1323 1324
f 1186 1324 1187
f 1187 1324 1189
f 1187 1189 1188
f 1189 1324 1190
f 1190 1324 1325
f 1190 1325 1191
f 1191 1326 1311
f 1191 1311 1307
f 1191 1325 1326
f 1192 1312 1327
f 1192 1327 1328
f 1192 1328 1329
f 1192 1329 1193
f 1193 1303 1194
f 1193 1329 1328
f 1193 1328 1330
f 1193 1330 1303
f 1196 1331 1332
f 1196 1332 1333
f 1196 1333 1334
f 1196 1334 1335
f 1196 1335 1197
f 1196 1200 1302
f 1196 1302 1336
f 1196 1336 1331
f 1197 1335 1337
f 1197 1337 1198
f 1198 1204 1203
f 1198 1203 1199
f 1198 1337 1338
f 1198 1338 1339
f 1198 1339 1340
f 1198 1340 1206
f 1198 1206 1204
f 1201 1206 1340
f 1201 1340 1202
f 1202 1340 1210
f 1202 1210 1207
f 1204 1206 1205
f 1210 1340 1341
f 1210 1341 1342
f 1210 1342 1343
f 1210 1343 1344
f 1210 1344 1345
f 1210 1345 1346
f 1210 1346 1347
f 1210 1347 1211
f 1213 1217 1348
f 1213 1348 1349
f 1213 1349 1350
f 1213 1350 1351
f 1213 1351 1214
f 1214 1351 1218
f 1214 1218 1215
f 1216 1352 1353
f 1216 1353 1354
f 1216 1354 1355
f 1216 1355 1356
f 1216 1356 1357
f 1216 1357 1358
f 1216 1358 1359
f 1216 1359 1217
f 1217 1359 1358
f 1217 1358 1348
f 1218 1350 1360
f 1218 1360 1219
f 1218 1351 1350
f 1219 1361 1220
f 1219 1360 1361
f 1220 1361 1362
f 1220 1362 1363
f 1220 1363 1364
f 1220 1364 1365
f 1220 1365 1221
f 1221 1365 1366
f 1221 1366 1367
f 1221 1367 1225
f 1221 1225 1224
f 1223 1226 1368
f 1223 1368 1369
f 1223 1369 1370
f 1223 1370 1371
f 1223 1371 1372
f 1223 1372 1373
f 1223 1373 1374
f 1223 1374 1375
f 1223 1375 1227
f 1225 1367 1376
f 1225 1376 1368
f 1225 1368 1226
f 1227 1375 1377
f 1227 1377 1230
f 1227 1230 1229
f 1228 1229 1230
f 1230 1377 1231
f 1231 1378 1379
f 1231 1379 1236
f 1231 1236 1232
f 1231 1377 1378
f 1232 1234 1233
f 1235 1380 1238
f 1235 1237 1380
f 1236 1379 1237
f 1237 1379 1381
f 1237 1381 1380
f 1238 1380 1382
f 1238 1382 1383
f 1238 1383 1239
f 1239 1383 1384
f 1239 1384 1385
f 1239 1385 1386
f 1239 1386 1240
f 1240 1386 1387
f 1240 1387 1241
f 1241 1387 1388
f 1241 1388 1242
f 1242 1388 1243
f 1243 1388 1244
f 1244 1388 1389
f 1244 1389 1390
f 1244 1390 1245
f 1245 1390 1391
f 1245 1391 1252
f 1245 1252 1392
f 1245 1392 1249
f 1245 1249 1248
f 1245 1248 1247
f 1249 1392 1252
f 1249 1252 1250
f 1251 1257 1256
f 1251 1252 1391
f 1251 1391 1257
f 1257 1393 1394
f 1257 1394 1395
f 1257 1395 1396
f 1257 1396 1397
f 1257 1397 1260
f 1257 1260 1258
f 1257 1391 1393
f 1258 1260 1259
f 1260 1397 1396
f 1260 1396 1261
f 1261 1396 1395
f 1261 1395 1262
f 1262 1395 1394
f 1262 1394 1263
f 1263 1394 1264
f 1264 1398 1399
f 1264 1399 1265
f 1264 1394 1400
f 1264 1400 1398
f 1265 1399 1401
f 1265 1401 1266
f 1266 1401 1267
f 1267 1402 1268
f 1267 1401 1403
f 1267 1403 1402
f 1268 1402 1269
f 1269 1402 1403
f 1269 1403 1404
f 1269 1404 1270
f 1270 1405 1406
f 1270 1406 1407
f 1270 1407 1408
f 1270 1408 1271
f 1270 1404 1409
f 1270 1409 1405
f 1271 1408 1272
f 1272 1408 1273
f 1273 1408 1407
f 1273 1407 1410
f 1276 1411 1412
f 1276 1412 1277
f 1277 1412 1413
f 1277 1413 1414
f 1277 1414 1415
f 1277 1415 1416
f 1277 1416 1278
f 1278 1416 1279
f 1279 1417 1422
f 1279 1422 1284
f 1279 1416 1418
f 1279 1418 1417
f 1280 1419 1295
f 1280 1295 1420
f 1280 1420 1282
f 1280 1282 1281
f 1280 1284 1422
f 1280 1422 1419
f 1282 1285 1283
f 1282 1420 1295
f 1282 1295 1421
f 1282 1421 1294
f 1282 1294 1293
f 1286 1297 1287
f 1287 1297 1423
f 1287 1423 1427
f 1287 1427 1424
f 1287 1424 1288
f 1288 1424 1292
f 1290 1292 1291
f 1291 1292 1425
f 1291 1425 1314
f 1292 1426 1425
f 1292 1424 1427
f 1292 1427 1428
f 1292 1428 1426
f 1294 1421 1429
f 1294 1429 1295
f 1295 1430 1431
f 1295 1431 1296
f 1295 1429 1421
f 1295 1419 1430
f 1296 1431 1432
f 1296 1432 1297
f 1297 1432 1433
f 1297 1433 1428
f 1297 1428 1427
f 1297 1427 1423
f 1299 1306 1300
f 1300 1434 1435
f 1300 1435 1436
f 1300 1436 1301
f 1300 1306 1437
f 1300 1437 1434
f 1301 1436 1302
f 1302 1436 1336
f 1303 1438 1305
f 1303 1305 1304
f 1303 1330 1327
f 1303 1327 1439
f 1303 1439 1440
f 1303 1440 1441
f 1303 1441 1438
f 1305 1442 1443
f 1305 1443 1306
f 1305 1438 1442
f 1306 1443 1437
f 1309 1311 1444
f 1309 1444 1310
f 1310 1445 1446
f 1310 1446 1312
f 1310 1444 1447
f 1310 1447 1445
f 1311 1326 1448
f 1311 1448 1444
f 1312 1446 1327
f 1313 1316 1449
f 1313 1449 1450
f 1313 1450 1451
f 1313 1451 1319
f 1313 1319 1318
f 1314 1425 1315
f 1315 1449 1316
f 1315 1425 1426
f 1315 1426 1452
f 1315 1452 1449
f 1317 1322 1323
f 1319 1451 1453
f 1319 1453 1454
f 1319 1454 1320
f 1320 1454 1321
f 1321 1454 1322
f 1322 1455 1325
f 1322 1325 1324
f 1322 1324 1323
f 1322 1454 1456
f 1322 1456 1457
f 1322 1457 1458
f 1322 1458 1455
f 1325 1455 1459
f 1325 1459 1448
f 1325 1448 1326
f 1327 1330 1328
f 1327 1446 1439
f 1331 1460 1461
f 1331 1461 1462
f 1331 1462 1463
f 1331 1463 1332
f 1331 1336 1464
f 1331 1464 1465
f 1331 1465 1460
f 1332 1463 1333
f 1333 1463 1466
f 1333 1466 1467
f 1333 1467 1468
f 1333 1468 1469
f 1333 1469 1334
f 1334 1469 1470
f 1334 1470 1335
f 1335 1470 1471
f 1335 1471 1472
f 1335 1472 1338
f 1335 1338 1337
f 1336 1436 1464
f 1338 1472 1617
f 1338 1617 1473
f 1338 1473 1474
f 1338 1474 1339
f 1339 1474 1340
f 1340 1474 1341
f 1341 1474 1342
f 1342 1475 1476
f 1342 1476 1477
f 1342 1477 1343
f 1342 1474 1478
f 1342 1478 1475
f 1343 1477 1344
f 1344 1477 1479
f 1348 1358 1480
f 1348 1480 1349
f 1349 1481 1482
f 1349 1482 1483
f 1349 1483 1484
f 1349 1484 1485
f 1349 1485 1350
f 1349 1480 1481
f 1350 1485 1360
f 1352 1486 1487
f 1352 1487 1488
f 1352 1488 1353
f 1353 1488 1489
f 1353 1489 1490
f 1353 1490 1491
f 1353 1491 1492
f 1353 1492 1354
f 1354 1493 1494
f 1354 1494 1495
f 1354 1495 1355
f 1354 1492 1496
f 1354 1496 1493
f 1355 1495 1356
f 1356 1495 1494
f 1356 1494 1497
f 1356 1497 1498
f 1356 1498 1357
f 1357 1498 1499
f 1357 1499 1358
f 1358 1499 1480
f 1360 1485 1484
f 1360 1484 1500
f 1360 1500 1361
f 1361 1500 1362
f 1362 1500 1363
f 1363 1500 1501
f 1363 1501 1364
f 1364 1501 1502
f 1364 1502 1503
f 1364 1503 1504
f 1364 1504 1365
f 1365 1504 1366
f 1366 1504 1505
f 1366 1505 1367
f 1367 1505 1504
f 1367 1504 1503
f 1367 1503 1506
f 1367 1506 1507
f 1367 1507 1508
f 1367 1508 1509
f 1367 1509 1510
f 1367 1510 1511
f 1367 1511 1376
f 1368 1376 1512
f 1368 1512 1369
f 1369 1512 1370
f 1370 1512 1371
f 1371 1513 1514
f 1371 1514 1515
f 1371 1515 1516
f 1371 1516 1372
f 1371 1512 1513
f 1372 1516 1373
f 1373 1516 1515
f 1373 1515 1374
f 1374 1515 1381
f 1374 1381 1517
f 1374 1517 1375
f 1375 1517 1518
f 1375 1518 1377
f 1376 1511 1519
f 1376 1519 1520
f 1376 1520 1513
f 1376 1513 1512
f 1377 1518 1378
f 1378 1517 1381
f 1378 1381 1379
f 1378 1518 1517
f 1380 1381 1521
f 1380 1521 1382
f 1381 1515 1521
f 1382 1522 1523
f 1382 1523 1524
f 1382 1524 1525
f 1382 1525 1383
f 1382 1521 1526
f 1382 1526 1522
f 1383 1525 1384
f 1384 1525 1524
f 1384 1524 1527
f 1384 1527 1528
f 1384 1528 1385
f 1385 1528 1529
f 1385 1529 1530
f 1385 1530 1388
f 1385 1388 1386
f 1386 1388 1387
f 1388 1530 1529
f 1388 1529 1389
f 1389 1531 1391
f 1389 1391 1390
f 1389 1529 1531
f 1391 1532 1533
f 1391 1533 1534
f 1391 1534 1394
f 1391 1394 1393
f 1391 1531 1535
f 1391 1535 1532
f 1394 1534 1400
f 1398 1536 1537
f 1398 1537 1538
f 1398 1538 1399
f 1398 1400 1539
f 1398 1539 1536
f 1399 1538 1404
f 1399 1404 1403
f 1399 1403 1540
f 1399 1540 1401
f 1400 1534 1533
f 1400 1533 1539
f 1401 1540 1403
f 1404 1538 1409
f 1405 1541 1542
f 1405 1542 1543
f 1405 1543 1544
f 1405 1544 1407
f 1405 1407 1406
f 1405 1409 1541
f 1407 1545 1546
f 1407 1546 1410
f 1407 1544 1545
f 1409 1538 1547
f 1409 1547 1542
f 1409 1542 1541
f 1411 1548 1412
f 1412 1548 1549
f 1412 1549 1550
f 1412 1550 1413
f 1413 1550 1414
f 1414 1551 1415
f 1414 1550 1552
f 1414 1552 1551
f 1415 1551 1552
f 1415 1552 1553
f 1415 1553 1416
f 1416 1553 1554
f 1416 1554 1555
f 1416 1555 1556
f 1416 1556 1418
f 1417 1418 1422
f 1418 1556 1555
f 1418 1555 1557
f 1418 1557 1422
f 1419 1422 1430
f 1422 1557 1558
f 1422 1558 1431
f 1422 1431 1430
f 1426 1428 1558
f 1426 1558 1559
f 1426 1559 1452
f 1428 1433 1432
f 1428 1432 1431
f 1428 1431 1558
f 1434 1560 1436
f 1434 1436 1435
f 1434 1437 1560
f 1436 1560 1464
f 1437 1443 1561
f 1437 1561 1560
f 1438 1562 1563
f 1438 1563 1442
f 1438 1441 1564
f 1438 1564 1562
f 1439 1446 1565
f 1439 1565 1566
f 1439 1566 1440
f 1440 1566 1567
f 1440 1567 1568
f 1440 1568 1441
f 1441 1569 1570
f 1441 1570 1571
f 1441 1571 1564
f 1441 1568 1572
f 1441 1572 1569
f 1442 1563 1561
f 1442 1561 1443
f 1444 1448 1459
f 1444 1459 1447
f 1445 1573 1446
f 1445 1447 1573
f 1446 1573 1565
f 1447 1574 1575
f 1447 1575 1576
f 1447 1576 1577
f 1447 1577 1578
f 1447 1578 1573
f 1447 1459 1579
f 1447 1579 1574
f 1449 1452 1450
f 1450 1452 1451
f 1451 1452 1580
f 1451 1580 1453
f 1452 1559 1581
f 1452 1581 1580
f 1453 1580 1454
f 1454 1580 1456
f 1455 1582 1583
f 1455 1583 1584
f 1455 1584 1459
f 1455 1458 1585
f 1455 1585 1582
f 1456 1580 1586
f 1456 1586 1587
f 1456 1587 1457
f 1457 1587 1588
f 1457 1588 1589
f 1457 1589 1590
f 1457 1590 1591
f 1457 1591 1592
f 1457 1592 1458
f 1458 1592 1593
f 1458 1593 1585
f 1459 1584 1579
f 1460 1465 1594
f 1460 1594 1595
f 1460 1595 1461
f 1461 1595 1596
f 1461 1596 1462
f 1462 1597 1598
f 1462 1598 1463
f 1462 1596 1563
f 1462 1563 1599
f 1462 1599 1600
f 1462 1600 1601
f 1462 1601 1602
f 1462 1602 1603
f 1462 1603 1604
f 1462 1604 1605
f 1462 1605 1606
f 1462 1606 1607
f 1462 1607 1608
f 1462 1608 1597
f 1463 1598 1608
f 1463 1608 1466
f 1464 1560 1465
f 1465 1560 1594
f 1466 1608 1609
f 1466 1609 1468
f 1466 1468 1610
f 1466 1610 1467
f 1467 1610 1468
f 1468 1609 1611
f 1468 1611 1469
f 1469 1611 1612
f 1469 1612 1613
f 1469 1613 1614
f 1469 1614 1471
f 1469 1471 1470
f 1471 1614 1615
f 1471 1615 1616
f 1471 1616 1472
f 1472 1616 1617
f 1473 1617 1478
f 1473 1478 1474
f 1475 1613 1618
f 1475 1618 1619
f 1475 1619 1620
f 1475 1620 1476
f 1475 1478 1613
f 1476 1620 1477
f 1477 1620 1479
f 1478 1617 1621
f 1478 1621 1622
f 1478 1622 1613
f 1479 1620 1619
f 1479 1619 1623
f 1480 1499 1624
f 1480 1624 1625
f 1480 1625 1626
f 1480 1626 1481
f 1481 1627 1483
f 1481 1483 1482
f 1481 1626 1625
f 1481 1625 1628
f 1481 1628 1627
f 1483 1627 1629
f 1483 1629 1630
f 1483 1630 1484
f 1484 1630 1500
f 1486 1631 1632
f 1486 1632 1487
f 1487 1632 1488
f 1488 1632 1633
f 1488 1633 1634
f 1488 1634 1635
f 1488 1635 1489
f 1489 1635 1490
f 1490 1636 1637
f 1490 1637 1638
f 1490 1638 1639
f 1490 1639 1640
f 1490 1640 1491
f 1490 1635 1636
f 1491 1640 1496
f 1491 1496 1492
f 1493 1496 1494
f 1494 1496 1497
f 1496 1640 1641
f 1496 1641 1642
f 1496 1642 1498
f 1496 1498 1497
f 1498 1642 1641
f 1498 1641 1499
f 1499 1641 1640
f 1499 1640 1624
f 1500 1630 1506
f 1500 1506 1501
f 1501 1506 1503
f 1501 1503 1502
f 1506 1630 1507
f 1507 1643 1508
f 1507 1630 1643
f 1508 1643 1644
f 1508 1644 1645
f 1508 1645 1646
f 1508 1646 1647
f 1508 1647 1648
f 1508 1648 1649
f 1508 1649 1509
f 1509 1649 1510
f 1510 1649 1648
f 1510 1648 1650
f 1510 1650 1651
f 1510 1651 1652
f 1510 1652 1653
f 1510 1653 1654
f 1510 1654 1655
f 1510 1655 1511
f 1511 1655 1656
f 1511 1656 1657
f 1511 1657 1658
f 1511 1658 1659
f 1511 1659 1519
f 1513 1520 1514
f 1514 1520 1660
f 1514 1660 1661
f 1514 1661 1515
f 1515 1661 1521
f 1519 1659 1662
f 1519 1662 1520
f 1520 1663 1664
f 1520 1664 1522
f 1520 1522 1660
f 1520 1662 1665
f 1520 1665 1666
f 1520 1666 1663
f 1521 1661 1660
f 1521 1660 1526
f 1522 1664 1663
f 1522 1663 1523
f 1522 1526 1660
f 1523 1663 1524
f 1524 1666 1665
f 1524 1665 1527
f 1524 1663 1666
f 1527 1665 1667
f 1527 1667 1668
f 1527 1668 1669
f 1527 1669 1528
f 1528 1669 1535
f 1528 1535 1529
f 1529 1535 1531
f 1532 1535 1669
f 1532 1669 1670
f 1532 1670 1671
f 1532 1671 1533
f 1533 1671 1539
f 1536 1672 1537
f 1536 1539 1673
f 1536 1673 1674
f 1536 1674 1672
f 1537 1675 1676
f 1537 1676 1538
f 1537 1672 1677
f 1537 1677 1675
f 1538 1676 1547
f 1539 1671 1668
f 1539 1668 1673
f 1542 1547 1676
f 1542 1676 1543
f 1543 1678 1679
f 1543 1679 1544
f 1543 1676 1680
f 1543 1680 1678
f 1544 1679 1545
f 1545 1681 1682
f 1545 1682 1546
f 1545 1679 1681
f 1548 1683 1549
f 1549 1683 1684
f 1549 1684 1550
f 1550 1684 1685
f 1550 1685 1686
f 1550 1686 1552
f 1552 1687 1688
f 1552 1688 1554
f 1552 1554 1553
f 1552 1686 1685
f 1552 1685 1689
f 1552 1689 1690
f 1552 1690 1687
f 1554 1691 1692
f 1554 1692 1555
f 1554 1688 1691
f 1555 1692 1559
f 1555 1559 1558
f 1555 1558 1557
f 1559 1692 1693
f 1559 1693 1581
f 1560 1561 1594
f 1561 1563 1594
f 1562 1694 1695
f 1562 1695 1696
f 1562 1696 1697
f 1562 1697 1698
f 1562 1698 1563
f 1562 1564 1694
f 1563 1698 1599
f 1563 1596 1594
f 1564 1699 1700
f 1564 1700 1701
f 1564 1701 1702
f 1564 1702 1703
f 1564 1703 1694
f 1564 1571 1704
f 1564 1704 1699
f 1565 1573 1566
f 1566 1573 1567
f 1567 1573 1705
f 1567 1705 1706
f 1567 1706 1707
f 1567 1707 1708
f 1567 1708 1568
f 1568 1708 1572
f 1569 1572 1570
f 1570 1709 1571
f 1570 1572 1710
f 1570 1710 1711
f 1570 1711 1712
f 1570 1712 1713
f 1570 1713 1714
f 1570 1714 1715
f 1570 1715 1716
f 1570 1716 1717
f 1570 1717 1709
f 1571 1709 1718
f 1571 1718 1704
f 1572 1708 1719
f 1572 1719 1720
f 1572 1720 1721
f 1572 1721 1710
f 1573 1578 1705
f 1574 1722 1575
f 1574 1579 1722
f 1575 1722 1719
f 1575 1719 1723
f 1575 1723 1724
f 1575 1724 1577
f 1575 1577 1576
f 1577 1724 1707
f 1577 1707 1706
f 1577 1706 1705
f 1577 1705 1578
f 1579 1584 1583
f 1579 1583 1719
f 1579 1719 1722
f 1580 1581 1586
f 1581 1725 1587
f 1581 1587 1586
f 1581 1693 1725
f 1582 1585 1726
f 1582 1726 1727
f 1582 1727 1728
f 1582 1728 1729
f 1582 1729 1730
f 1582 1730 1719
f 1582 1719 1583
f 1585 1593 1731
f 1585 1731 1732
f 1585 1732 1733
f 1585 1733 1726
f 1587 1725 1588
f 1588 1725 1589
f 1589 1725 1734
f 1589 1734 1590
f 1590 1734 1735
f 1590 1735 1736
f 1590 1736 1737
f 1590 1737 1591
f 1591 1737 1738
f 1591 1738 1592
f 1592 1739 1593
f 1592 1738 1739
f 1593 1739 1740
f 1593 1740 1741
f 1593 1741 1742
f 1593 1742 1731
f 1594 1596 1595
f 1597 1608 1598
f 1599 1698 1743
f 1599 1743 1744
f 1599 1744 1745
f 1599 1745 1746
f 1599 1746 1601
f 1599 1601 1600
f 1601 1746 1602
f 1602 1746 1603
f 1603 1747 1748
f 1603 1748 1749
f 1603 1749 1750
f 1603 1750 1751
f 1603 1751 1752
f 1603 1752 1753
f 1603 1753 1604
f 1603 1746 1696
f 1603 1696 1695
f 1603 1695 1754
f 1603 1754 1755
f 1603 1755 1756
f 1603 1756 1757
f 1603 1757 1758
f 1603 1758 1759
f 1603 1759 1760
f 1603 1760 1747
f 1604 1753 1761
f 1604 1761 1605
f 1605 1761 1762
f 1605 1762 1763
f 1605 1763 1764
f 1605 1764 1765
f 1605 1765 1606
f 1606 1766 1607
f 1606 1765 1767
f 1606 1767 1768
f 1606 1768 1769
f 1606 1769 1770
f 1606 1770 1766
f 1607 1766 1771
f 1607 1771 1772
f 1607 1772 1773
f 1607 1773 1608
f 1608 1773 1774
f 1608 1774 1775
f 1608 1775 1609
f 1609 1775 1612
f 1609 1612 1611
f 1612 1776 1777
f 1612 1777 1618
f 1612 1618 1613
f 1612 1775 1774
f 1612 1774 1776
f 1613 1622 1621
f 1613 1621 1614
f 1614 1621 1615
f 1615 1621 1616
f 1616 1621 1617
f 1618 1777 1619
f 1619 1777 1778
f 1619 1778 1779
f 1619 1779 1623
f 1624 1640 1625
f 1625 1640 1628
f 1627 1628 1780
f 1627 1780 1781
f 1627 1781 1629
f 1628 1640 1782
f 1628 1782 1780
f 1629 1783 1643
f 1629 1643 1630
f 1629 1781 1644
f 1629 1644 1783
f 1631 1784 1785
f 1631 1785 1632
f 1632 1786 1787
f 1632 1787 1788
f 1632 1788 1789
f 1632 1789 1790
f 1632 1790 1791
f 1632 1791 1633
f 1632 1785 1786
f 1633 1791 1634
f 1634 1791 1792
f 1634 1792 1635
f 1635 1792 1793
f 1635 1793 1794
f 1635 1794 1636
f 1636 1795 1637
f 1636 1794 1796
f 1636 1796 1797
f 1636 1797 1795
f 1637 1795 1798
f 1637 1798 1638
f 1638 1799 1639
f 1638 1798 1800
f 1638 1800 1801
f 1638 1801 1802
f 1638 1802 1803
f 1638 1803 1804
f 1638 1804 1799
f 1639 1799 1640
f 1640 1799 1805
f 1640 1805 1782
f 1643 1783 1644
f 1644 1781 1645
f 1645 1781 1806
f 1645 1806 1646
f 1646 1807 1650
f 1646 1650 1647
f 1646 1806 1807
f 1647 1650 1648
f 1650 1807 1806
f 1650 1806 1808
f 1650 1808 1651
f 1651 1809 1810
f 1651 1810 1654
f 1651 1654 1653
f 1651 1653 1652
f 1651 1808 1809
f 1654 1656 1655
f 1654 1810 1811
f 1654 1811 1812
f 1654 1812 1813
f 1654 1813 1814
f 1654 1814 1815
f 1654 1815 1656
f 1656 1815 1816
f 1656 1816 1657
f 1657 1816 1817
f 1657 1817 1658
f 1658 1817 1818
f 1658 1818 1819
f 1658 1819 1820
f 1658 1820 1821
f 1658 1821 1659
f 1659 1821 1662
f 1662 1821 1822
f 1662 1822 1665
f 1665 1822 1667
f 1667 1822 1823
f 1667 1823 1824
f 1667 1824 1825
f 1667 1825 1668
f 1668 1670 1669
f 1668 1825 1826
f 1668 1826 1673
f 1668 1671 1670
f 1672 1674 1827
f 1672 1827 1828
f 1672 1828 1829
f 1672 1829 1830
f 1672 1830 1677
f 1673 1831 1674
f 1673 1826 1831
f 1674 1832 1833
f 1674 1833 1828
f 1674 1828 1827
f 1674 1831 1832
f 1675 1677 1834
f 1675 1834 1676
f 1676 1834 1835
f 1676 1835 1836
f 1676 1836 1837
f 1676 1837 1838
f 1676 1838 1839
f 1676 1839 1840
f 1676 1840 1680
f 1677 1830 1841
f 1677 1841 1834
f 1678 1680 1842
f 1678 1842 1843
f 1678 1843 1844
f 1678 1844 1681
f 1678 1681 1679
f 1680 1840 1845
f 1680 1845 1842
f 1681 1844 1682
f 1682 1845 1846
f 1682 1844 1843
f 1682 1843 1842
f 1682 1842 1847
f 1682 1847 1845
f 1684 1848 1849
f 1684 1849 1689
f 1684 1689 1685
f 1687 1850 1691
f 1687 1691 1688
f 1687 1690 1850
f 1689 1849 1851
f 1689 1851 1850
f 1689 1850 1690
f 1691 1852 1692
f 1691 1850 1853
f 1691 1853 1852
f 1692 1852 1854
f 1692 1854 1736
f 1692 1736 1693
f 1693 1736 1735
f 1693 1735 1725
f 1694 1703 1855
f 1694 1855 1695
f 1695 1855 1703
f 1695 1703 1856
f 1695 1856 1857
f 1695 1857 1858
f 1695 1858 1859
f 1695 1859 1754
f 1696 1746 1697
f 1697 1746 1744
f 1697 1744 1860
f 1697 1860 1743
f 1697 1743 1698
f 1699 1861 1862
f 1699 1862 1700
f 1699 1704 1863
f 1699 1863 1861
f 1700 1862 1864
f 1700 1864 1865
f 1700 1865 1701
f 1701 1865 1702
f 1702 1865 1703
f 1703 1865 1866
f 1703 1866 1757
f 1703 1757 1867
f 1703 1867 1856
f 1704 1718 1868
f 1704 1868 1863
f 1707 1724 1723
f 1707 1723 1719
f 1707 1719 1708
f 1709 1717 1869
f 1709 1869 1718
f 1710 1721 1711
f 1711 1721 1712
f 1712 1721 1713
f 1713 1721 1870
f 1713 1870 1871
f 1713 1871 1714
f 1714 1871 1872
f 1714 1872 1873
f 1714 1873 1715
f 1715 1873 1716
f 1716 1873 1874
f 1716 1874 1875
f 1716 1875 1869
f 1716 1869 1717
f 1718 1869 1876
f 1718 1876 1868
f 1719 1730 1720
f 1720 1730 1721
f 1721 1730 1870
f 1725 1735 1734
f 1726 1733 1877
f 1726 1877 1878
f 1726 1878 1727
f 1727 1879 1728
f 1727 1878 1880
f 1727 1880 1881
f 1727 1881 1882
f 1727 1882 1883
f 1727 1883 1884
f 1727 1884 1885
f 1727 1885 1879
f 1728 1879 1729
f 1729 1879 1886
f 1729 1886 1887
f 1729 1887 1870
f 1729 1870 1730
f 1731 1742 1888
f 1731 1888 1889
f 1731 1889 1890
f 1731 1890 1891
f 1731 1891 1732
f 1732 1891 1892
f 1732 1892 1893
f 1732 1893 1894
f 1732 1894 1733
f 1733 1894 1895
f 1733 1895 1877
f 1736 1896 1738
f 1736 1738 1737
f 1736 1854 1852
f 1736 1852 1897
f 1736 1897 1896
f 1738 1896 1898
f 1738 1898 1739
f 1739 1898 1899
f 1739 1899 1900
f 1739 1900 1901
f 1739 1901 1902
f 1739 1902 1740
f 1740 1902 1741
f 1741 1902 1903
f 1741 1903 1904
f 1741 1904 1889
f 1741 1889 1888
f 1741 1888 1742
f 1743 1860 1744
f 1744 1746 1745
f 1747 1905 1906
f 1747 1906 1907
f 1747 1907 1908
f 1747 1908 1909
f 1747 1909 1910
f 1747 1910 1748
f 1747 1760 1911
f 1747 1911 1912
f 1747 1912 1913
f 1747 1913 1914
f 1747 1914 1905
f 1748 1910 1915
f 1748 1915 1749
f 1749 1915 1916
f 1749 1916 1917
f 1749 1917 1751
f 1749 1751 1750
f 1751 1918 1919
f 1751 1919 1752
f 1751 1917 1920
f 1751 1920 1918
f 1752 1919 1753
f 1753 1919 1761
f 1754 1859 1755
f 1755 1859 1756
f 1756 1859 1757
f 1757 1921 1759
f 1757 1759 1758
f 1757 1859 1858
f 1757 1858 1867
f 1757 1866 1922
f 1757 1922 1923
f 1757 1923 1924
f 1757 1924 1925
f 1757 1925 1921
f 1759 1921 1926
f 1759 1926 1760
f 1760 1926 1927
f 1760 1927 1928
f 1760 1928 1912
f 1760 1912 1911
f 1761 1919 1918
f 1761 1918 1929
f 1761 1929 1762
f 1762 1929 1763
f 1763 1929 1918
f 1763 1918 1920
f 1763 1920 1930
f 1763 1930 1764
f 1764 1930 1765
f 1765 1931 1932
f 1765 1932 1933
f 1765 1933 1767
f 1765 1930 1931
f 1766 1770 1771
f 1767 1933 1934
f 1767 1934 1768
f 1768 1935 1936
f 1768 1936 1769
f 1768 1934 1935
f 1769 1936 1770
f 1770 1936 1937
f 1770 1937 1938
f 1770 1938 1771
f 1771 1938 1772
f 1772 1938 1937
f 1772 1937 1936
f 1772 1936 1939
f 1772 1939 1776
f 1772 1776 1773
f 1773 1776 1774
f 1776 1939 1940
f 1776 1940 1778
f 1776 1778 1777
f 1778 1940 1941
f 1778 1941 1942
f 1778 1942 1943
f 1778 1943 1944
f 1778 1944 1945
f 1778 1945 1779
f 1780 1782 1805
f 1780 1805 1946
f 1780 1946 1781
f 1781 1946 1947
f 1781 1947 1806
f 1784 1948 1786
f 1784 1786 1785
f 1786 1949 1950
f 1786 1950 1788
f 1786 1788 1787
f 1786 1948 1949
f 1788 1950 1951
f 1788 1951 1952
f 1788 1952 1953
f 1788 1953 1789
f 1789 1954 1796
f 1789 1796 1791
f 1789 1791 1790
f 1789 1953 1952
f 1789 1952 1954
f 1791 1796 1793
f 1791 1793 1792
f 1793 1796 1794
f 1795 1797 1955
f 1795 1955 1952
f 1795 1952 1798
f 1796 1954 1955
f 1796 1955 1797
f 1798 1952 1956
f 1798 1956 1800
f 1799 1804 1957
f 1799 1957 1958
f 1799 1958 1808
f 1799 1808 1805
f 1800 1959 1960
f 1800 1960 1801
f 1800 1956 1959
f 1801 1960 1961
f 1801 1961 1962
f 1801 1962 1963
f 1801 1963 1802
f 1802 1964 1803
f 1802 1963 1965
f 1802 1965 1966
f 1802 1966 1967
f 1802 1967 1968
f 1802 1968 1969
f 1802 1969 1964
f 1803 1970 1971
f 1803 1971 1804
f 1803 1964 1969
f 1803 1969 1968
f 1803 1968 1970
f 1804 1972 1973
f 1804 1973 1974
f 1804 1974 1975
f 1804 1975 1958
f 1804 1958 1957
f 1804 1971 1972
f 1805 1808 1947
f 1805 1947 1946
f 1806 1947 1808
f 1808 1958 1976
f 1808 1976 1812
f 1808 1812 1977
f 1808 1977 1809
f 1809 1977 1810
f 1810 1977 1811
f 1811 1977 1812
f 1812 1978 1814
f 1812 1814 1813
f 1812 1976 1979
f 1812 1979 1980
f 1812 1980 1978
f 1814 1981 1982
f 1814 1982 1983
f 1814 1983 1815
f 1814 1978 1981
f 1815 1983 1816
f 1816 1983 1984
f 1816 1984 1985
f 1816 1985 1817
f 1817 1985 1818
f 1818 1986 1819
f 1818 1985 1987
f 1818 1987 1986
f 1819 1986 1820
f 1820 1986 1988
f 1820 1988 1821
f 1821 1988 1989
f 1821 1989 1822
f 1822 1988 1990
f 1822 1990 1823
f 1822 1989 1991
f 1822 1991 1988
f 1823 1990 1992
f 1823 1992 1993
f 1823 1993 1994
f 1823 1994 1995
f 1823 1995 1996
f 1823 1996 1824
f 1824 1996 1997
f 1824 1997 1825
f 1825 1997 1998
f 1825 1998 1831
f 1825 1831 1826
f 1828 1833 1831
f 1828 1831 1999
f 1828 1999 2000
f 1828 2000 1829
f 1829 2000 2001
f 1829 2001 1830
f 1830 2001 1841
f 1831 2002 1999
f 1831 1833 1832
f 1831 1998 2002
f 1834 1841 1835
f 1835 2003 2004
f 1835 2004 1836
f 1835 1841 2005
f 1835 2005 2003
f 1836 2004 2006
f 1836 2006 2007
f 1836 2007 2008
f 1836 2008 2009
f 1836 2009 1837
f 1837 2009 2010
f 1837 2010 1838
f 1838 2010 1839
f 1839 2010 1840
f 1840 2010 2011
f 1840 2011 1845
f 1841 2012 2006
f 1841 2006 2003
f 1841 2003 2005
f 1841 2001 2012
f 1842 1845 1847
f 1845 2011 2013
f 1845 2013 1846
f 1846 2013 2014
f 1848 2015 2016
f 1848 2016 1849
f 1849 2016 1851
f 1850 1897 1853
f 1850 1851 2016
f 1850 2016 1897
f 1852 1853 1897
f 1856 1867 1857
f 1857 1867 1858
f 1861 1863 2017
f 1861 2017 2018
f 1861 2018 1862
f 1862 1923 1864
f 1862 2018 2017
f 1862 2017 2019
f 1862 2019 2020
f 1862 2020 1923
f 1863 1868 2021
f 1863 2021 2017
f 1864 1922 1865
f 1864 1923 1922
f 1865 1922 1866
f 1868 1876 2022
f 1868 2022 2021
f 1869 1875 2022
f 1869 2022 1876
f 1870 1887 1871
f 1871 1887 1872
f 1872 1887 2023
f 1872 2023 1885
f 1872 1885 2024
f 1872 2024 2025
f 1872 2025 2026
f 1872 2026 2027
f 1872 2027 1873
f 1873 2027 2026
f 1873 2026 1875
f 1873 1875 1874
f 1875 2026 2022
f 1877 2028 2031
f 1877 2031 1878
f 1877 1895 2029
f 1877 2029 2030
f 1877 2030 2028
f 1878 2031 1880
f 1879 1885 1886
f 1880 2032 1881
f 1880 2031 2033
f 1880 2033 2034
f 1880 2034 2032
f 1881 2032 2035
f 1881 2035 2036
f 1881 2036 1883
f 1881 1883 1882
f 1883 2036 2037
f 1883 2037 2038
f 1883 2038 2026
f 1883 2026 1884
f 1884 2026 2039
f 1884 2039 1885
f 1885 2023 1887
f 1885 1887 1886
f 1885 2039 2024
f 1889 2040 2041
f 1889 2041 1890
f 1889 1904 2042
f 1889 2042 2043
f 1889 2043 2044
f 1889 2044 2045
f 1889 2045 2046
f 1889 2046 2040
f 1890 2047 1891
f 1890 2041 2188
f 1890 2188 2048
f 1890 2048 2049
f 1890 2049 2047
f 1891 2047 2050
f 1891 2050 2051
f 1891 2051 1892
f 1892 2051 2052
f 1892 2052 2053
f 1892 2053 1893
f 1893 2053 2054
f 1893 2054 1895
f 1893 1895 1894
f 1895 2055 2029
f 1895 2054 2056
f 1895 2056 2055
f 1896 1897 1898
f 1897 2016 2057
f 1897 2057 2058
f 1897 2058 2059
f 1897 2059 1898
f 1898 2059 1899
f 1899 2059 1900
f 1900 2059 2060
f 1900 2060 2061
f 1900 2061 2062
f 1900 2062 1901
f 1901 2063 1903
f 1901 1903 1902
f 1901 2062 2064
f 1901 2064 2063
f 1903 2063 2064
f 1903 2064 2065
f 1903 2065 2066
f 1903 2066 2067
f 1903 2067 2068
f 1903 2068 1904
f 1904 2068 2042
f 1905 1914 1906
f 1906 2069 1909
f 1906 1909 1908
f 1906 1908 1907
f 1906 1914 2070
f 1906 2070 2069
f 1909 2071 1915
f 1909 1915 1910
f 1909 2069 2072
f 1909 2072 2071
f 1912 1928 2096
f 1912 2096 2073
f 1912 2073 2074
f 1912 2074 2075
f 1912 2075 2076
f 1912 2076 1914
f 1912 1914 1913
f 1914 2077 2070
f 1914 2076 2077
f 1915 2078 2079
f 1915 2079 1916
f 1915 2071 2078
f 1916 2079 2080
f 1916 2080 2081
f 1916 2081 2082
f 1916 2082 1917
f 1917 1930 1920
f 1917 2082 2083
f 1917 2083 2084
f 1917 2084 1931
f 1917 1931 1930
f 1921 1925 1926
f 1923 2020 2085
f 1923 2085 2086
f 1923 2086 2087
f 1923 2087 1924
f 1924 2088 2212
f 1924 2212 2089
f 1924 2089 1925
f 1924 2087 2090
f 1924 2090 2091
f 1924 2091 2092
f 1924 2092 2093
f 1924 2093 2094
f 1924 2094 2095
f 1924 2095 2088
f 1925 2089 1926
f 1926 2096 1927
f 1926 2089 2096
f 1927 2096 1928
f 1931 2084 1935
f 1931 1935 2097
f 1931 2097 1933
f 1931 1933 1932
f 1933 2097 1935
f 1933 1935 1934
f 1935 2098 1936
f 1935 2084 2099
f 1935 2099 2100
f 1935 2100 2098
f 1936 1940 2101
f 1936 2101 1939
f 1936 2098 2102
f 1936 2102 1941
f 1936 1941 1940
f 1939 2101 1940
f 1941 2102 2103
f 1948 2104 2105
f 1948 2105 1949
f 1949 2105 1950
f 1950 2106 2107
f 1950 2107 1951
f 1950 2105 2104
f 1950 2104 2106
f 1951 2107 2106
f 1951 2106 2266
f 1951 2266 2108
f 1951 2108 2109
f 1951 2109 1952
f 1952 2109 2110
f 1952 2110 1956
f 1952 1955 1954
f 1956 2110 1959
f 1958 1975 2111
f 1958 2111 1979
f 1958 1979 1976
f 1959 2112 1960
f 1959 2110 2112
f 1960 2112 2113
f 1960 2113 2114
f 1960 2114 1961
f 1961 2114 2115
f 1961 2115 2116
f 1961 2116 2117
f 1961 2117 2118
f 1961 2118 1962
f 1962 2118 1963
f 1963 2118 1965
f 1965 2118 2116
f 1965 2116 2119
f 1965 2119 1966
f 1966 2119 1967
f 1967 2119 2120
f 1967 2120 1968
f 1968 2121 2122
f 1968 2122 2123
f 1968 2123 1970
f 1968 2120 2124
f 1968 2124 2121
f 1970 2125 1971
f 1970 2123 2125
f 1971 2125 1972
f 1972 2125 2126
f 1972 2126 2127
f 1972 2127 1973
f 1973 2127 2128
f 1973 2128 1974
f 1974 2129 2111
f 1974 2111 1975
f 1974 2128 2130
f 1974 2130 1978
f 1974 1978 2129
f 1978 2131 1981
f 1978 1980 2132
f 1978 2132 2129
f 1978 2130 2131
f 1979 2111 1980
f 1980 2111 2129
f 1980 2129 2132
f 1981 2133 2134
f 1981 2134 2137
f 1981 2137 1982
f 1981 2131 2135
f 1981 2135 2136
f 1981 2136 2133
f 1982 2137 2138
f 1982 2138 2139
f 1982 2139 2140
f 1982 2140 2141
f 1982 2141 2142
f 1982 2142 1983
f 1983 2142 2143
f 1983 2143 2144
f 1983 2144 2145
f 1983 2145 1984
f 1984 2145 2146
f 1984 2146 1985
f 1985 2146 1992
f 1985 1992 1987
f 1986 1987 1988
f 1987 1992 1990
f 1987 1990 1988
f 1988 1991 1989
f 1992 2146 2147
f 1992 2147 1993
f 1993 2147 2148
f 1993 2148 1994
f 1994 2148 2149
f 1994 2149 1995
f 1995 2150 1996
f 1995 2149 2150
f 1996 2150 2329
f 1996 2329 2151
f 1996 2151 1997
f 1997 2151 2152
f 1997 2152 2153
f 1997 2153 2000
f 1997 2000 2154
f 1997 2154 1998
f 1998 2154 2002
f 1999 2002 2154
f 1999 2154 2000
f 2000 2153 2155
f 2000 2155 2001
f 2001 2156 2012
f 2001 2155 2157
f 2001 2157 2158
f 2001 2158 2156
f 2003 2006 2004
f 2006 2012 2007
f 2007 2012 2156
f 2007 2156 2159
f 2007 2159 2160
f 2007 2160 2008
f 2008 2160 2009
f 2009 2160 2010
f 2010 2013 2011
f 2010 2160 2013
f 2013 2161 2014
f 2013 2160 2161
f 2014 2161 2162
f 2015 2163 2065
f 2015 2065 2064
f 2015 2064 2062
f 2015 2062 2164
f 2015 2164 2016
f 2016 2164 2062
f 2016 2062 2165
f 2016 2165 2058
f 2016 2058 2057
f 2017 2021 2166
f 2017 2166 2085
f 2017 2085 2019
f 2019 2085 2020
f 2021 2022 2167
f 2021 2167 2168
f 2021 2168 2166
f 2022 2026 2038
f 2022 2038 2169
f 2022 2169 2167
f 2024 2039 2025
f 2025 2039 2026
f 2028 2170 2031
f 2028 2030 2170
f 2029 2055 2056
f 2029 2056 2171
f 2029 2171 2030
f 2030 2172 2173
f 2030 2173 2174
f 2030 2174 2175
f 2030 2175 2176
f 2030 2176 2170
f 2030 2171 2177
f 2030 2177 2053
f 2030 2053 2172
f 2031 2170 2176
f 2031 2176 2033
f 2032 2034 2035
f 2033 2176 2178
f 2033 2178 2034
f 2034 2178 2035
f 2035 2179 2036
f 2035 2178 2175
f 2035 2175 2180
f 2035 2180 2179
f 2036 2179 2037
f 2037 2181 2085
f 2037 2085 2038
f 2037 2179 2182
f 2037 2182 2181
f 2038 2085 2168
f 2038 2168 2169
f 2040 2183 2041
f 2040 2046 2184
f 2040 2184 2183
f 2041 2183 2184
f 2041 2184 2185
f 2041 2185 2186
f 2041 2186 2187
f 2041 2187 2188
f 2042 2068 2189
f 2042 2189 2190
f 2042 2190 2043
f 2043 2190 2044
f 2044 2190 2045
f 2045 2190 2191
f 2045 2191 2192
f 2045 2192 2046
f 2046 2192 2193
f 2046 2193 2184
f 2047 2049 2050
f 2048 2194 2049
f 2048 2188 2195
f 2048 2195 2194
f 2049 2194 2196
f 2049 2196 2051
f 2049 2051 2050
f 2051 2197 2198
f 2051 2198 2052
f 2051 2196 2197
f 2052 2199 2200
f 2052 2200 2201
f 2052 2201 2202
f 2052 2202 2203
f 2052 2203 2204
f 2052 2204 2053
f 2052 2198 2197
f 2052 2197 2205
f 2052 2205 2206
f 2052 2206 2199
f 2053 2204 2173
f 2053 2173 2172
f 2053 2177 2054
f 2054 2177 2171
f 2054 2171 2056
f 2058 2060 2059
f 2058 2165 2207
f 2058 2207 2060
f 2060 2207 2208
f 2060 2208 2061
f 2061 2208 2062
f 2062 2208 2165
f 2065 2163 2066
f 2066 2163 2067
f 2067 2163 2189
f 2067 2189 2068
f 2069 2070 2072
f 2070 2077 2209
f 2070 2209 2072
f 2071 2210 2211
f 2071 2211 2078
f 2071 2072 2209
f 2071 2209 2210
f 2073 2096 2089
f 2073 2089 2212
f 2073 2212 2213
f 2073 2213 2074
f 2074 2213 2214
f 2074 2214 2215
f 2074 2215 2216
f 2074 2216 2217
f 2074 2217 2075
f 2075 2218 2076
f 2075 2217 2219
f 2075 2219 2220
f 2075 2220 2221
f 2075 2221 2218
f 2076 2222 2223
f 2076 2223 2077
f 2076 2218 2222
f 2077 2224 2225
f 2077 2225 2209
f 2077 2223 2224
f 2078 2226 2079
f 2078 2211 2227
f 2078 2227 2226
f 2079 2226 2228
f 2079 2228 2229
f 2079 2229 2230
f 2079 2230 2231
f 2079 2231 2232
f 2079 2232 2233
f 2079 2233 2080
f 2080 2233 2234
f 2080 2234 2081
f 2081 2235 2082
f 2081 2234 2236
f 2081 2236 2237
f 2081 2237 2238
f 2081 2238 2239
f 2081 2239 2235
f 2082 2235 2240
f 2082 2240 2083
f 2083 2240 2100
f 2083 2100 2084
f 2084 2100 2099
f 2085 2166 2168
f 2085 2181 2241
f 2085 2241 2087
f 2085 2087 2086
f 2087 2242 2243
f 2087 2243 2244
f 2087 2244 2090
f 2087 2241 2181
f 2087 2181 2245
f 2087 2245 2246
f 2087 2246 2242
f 2088 2213 2212
f 2088 2095 2247
f 2088 2247 2248
f 2088 2248 2249
f 2088 2249 2250
f 2088 2250 2213
f 2090 2244 2091
f 2091 2244 2251
f 2091 2251 2252
f 2091 2252 2253
f 2091 2253 2092
f 2092 2253 2254
f 2092 2254 2255
f 2092 2255 2256
f 2092 2256 2094
f 2092 2094 2093
f 2094 2257 2258
f 2094 2258 2095
f 2094 2256 2259
f 2094 2259 2257
f 2095 2258 2248
f 2095 2248 2247
f 2098 2100 2260
f 2098 2260 2102
f 2100 2240 2260
f 2102 2260 2261
f 2102 2261 2262
f 2102 2262 2103
f 2103 2262 2264
f 2103 2264 2263
f 2104 2265 2108
f 2104 2108 2266
f 2104 2266 2106
f 2108 2265 2267
f 2108 2267 2268
f 2108 2268 2109
f 2109 2268 2269
f 2109 2269 2270
f 2109 2270 2271
f 2109 2271 2110
f 2110 2271 2272
f 2110 2272 2112
f 2112 2272 2113
f 2113 2272 2273
f 2113 2273 2274
f 2113 2274 2275
f 2113 2275 2276
f 2113 2276 2277
f 2113 2277 2115
f 2113 2115 2114
f 2115 2277 2116
f 2116 2118 2117
f 2116 2277 2278
f 2116 2278 2119
f 2119 2278 2279
f 2119 2279 2124
f 2119 2124 2120
f 2121 2124 2280
f 2121 2280 2122
f 2122 2280 2281
f 2122 2281 2123
f 2123 2281 2125
f 2124 2282 2283
f 2124 2283 2284
f 2124 2284 2285
f 2124 2285 2280
f 2124 2279 2286
f 2124 2286 2282
f 2125 2281 2287
f 2125 2287 2288
f 2125 2288 2126
f 2126 2288 2289
f 2126 2289 2290
f 2126 2290 2291
f 2126 2291 2127
f 2127 2291 2292
f 2127 2292 2293
f 2127 2293 2294
f 2127 2294 2295
f 2127 2295 2128
f 2128 2295 2131
f 2128 2131 2130
f 2131 2295 2296
f 2131 2296 2297
f 2131 2297 2298
f 2131 2298 2135
f 2133 2299 2300
f 2133 2300 2301
f 2133 2301 2302
f 2133 2302 2134
f 2133 2136 2303
f 2133 2303 2304
f 2133 2304 2305
f 2133 2305 2285
f 2133 2285 2299
f 2134 2302 2137
f 2135 2298 2306
f 2135 2306 2136
f 2136 2306 2307
f 2136 2307 2308
f 2136 2308 2309
f 2136 2309 2303
f 2137 2310 2138
f 2137 2302 2310
f 2138 2310 2311
f 2138 2311 2312
f 2138 2312 2139
f 2139 2312 2140
f 2140 2312 2313
f 2140 2313 2141
f 2141 2314 2142
f 2141 2313 2315
f 2141 2315 2316
f 2141 2316 2314
f 2142 2314 2143
f 2143 2314 2316
f 2143 2316 2317
f 2143 2317 2318
f 2143 2318 2319
f 2143 2319 2320
f 2143 2320 2144
f 2144 2320 2321
f 2144 2321 2322
f 2144 2322 2323
f 2144 2323 2145
f 2145 2324 2148
f 2145 2148 2146
f 2145 2323 2324
f 2146 2148 2147
f 2148 2324 2149
f 2149 2324 2325
f 2149 2325 2326
f 2149 2326 2150
f 2150 2326 2327
f 2150 2327 2328
f 2150 2328 2329
f 2151 2329 2330
f 2151 2330 2152
f 2152 2330 2155
f 2152 2155 2153
f 2155 2330 2331
f 2155 2331 2157
f 2156 2332 2333
f 2156 2333 2334
f 2156 2334 2335
f 2156 2335 2159
f 2156 2158 2336
f 2156 2336 2332
f 2157 2331 2337
f 2157 2337 2338
f 2157 2338 2339
f 2157 2339 2340
f 2157 2340 2158
f 2158 2340 2336
f 2159 2335 2341
f 2159 2341 2160
f 2160 2342 2162
f 2160 2162 2161
f 2160 2341 2342
f 2162 2343 2344
f 2162 2342 2343
f 2165 2208 2207
f 2167 2169 2168
f 2173 2345 2346
f 2173 2346 2347
f 2173 2347 2348
f 2173 2348 2174
f 2173 2204 2345
f 2174 2348 2349
f 2174 2349 2350
f 2174 2350 2179
f 2174 2179 2180
f 2174 2180 2175
f 2175 2178 2176
f 2179 2350 2182
f 2181 2182 2246
f 2181 2246 2245
f 2182 2350 2351
f 2182 2351 2246
f 2184 2193 2352
f 2184 2352 2353
f 2184 2353 2185
f 2186 2354 2187
f 2187 2354 2355
f 2187 2355 2356
f 2187 2356 2195
f 2187 2195 2188
f 2191 2353 2352
f 2191 2352 2192
f 2192 2352 2193
f 2194 2195 2196
f 2195 2356 2196
f 2196 2356 2197
f 2197 2356 2205
f 2199 2357 2358
f 2199 2358 2200
f 2199 2206 2357
f 2200 2358 2359
f 2200 2359 2360
f 2200 2360 2361
f 2200 2361 2362
f 2200 2362 2201
f 2201 2362 2363
f 2201 2363 2364
f 2201 2364 2365
f 2201 2365 2202
f 2202 2366 2345
f 2202 2345 2203
f 2202 2365 2366
f 2203 2345 2204
f 2205 2356 2206
f 2206 2356 2367
f 2206 2367 2368
f 2206 2368 2369
f 2206 2369 2370
f 2206 2370 2371
f 2206 2371 2372
f 2206 2372 2373
f 2206 2373 2374
f 2206 2374 2357
f 2209 2225 2375
f 2209 2375 2376
f 2209 2376 2377
f 2209 2377 2210
f 2210 2377 2211
f 2211 2377 2227
f 2213 2378 2214
f 2213 2250 2249
f 2213 2249 2378
f 2214 2378 2215
f 2215 2378 2216
f 2216 2379 2217
f 2216 2378 2379
f 2217 2379 2380
f 2217 2380 2381
f 2217 2381 2382
f 2217 2382 2383
f 2217 2383 2219
f 2218 2384 2222
f 2218 2221 2384
f 2219 2383 2385
f 2219 2385 2386
f 2219 2386 2220
f 2220 2386 2387
f 2220 2387 2388
f 2220 2388 2389
f 2220 2389 2221
f 2221 2389 2390
f 2221 2390 2391
f 2221 2391 2392
f 2221 2392 2393
f 2221 2393 2394
f 2221 2394 2395
f 2221 2395 2396
f 2221 2396 2397
f 2221 2397 2398
f 2221 2398 2399
f 2221 2399 2400
f 2221 2400 2384
f 2222 2384 2400
f 2222 2400 2399
f 2222 2399 2401
f 2222 2401 2402
f 2222 2402 2403
f 2222 2403 2223
f 2223 2403 2404
f 2223 2404 2224
f 2224 2404 2405
f 2224 2405 2225
f 2225 2405 2375
f 2226 2227 2228
f 2227 2377 2406
f 2227 2406 2405
f 2227 2405 2407
f 2227 2407 2228
f 2228 2407 2408
f 2228 2408 2409
f 2228 2409 2229
f 2229 2409 2410
f 2229 2410 2230
f 2230 2410 2231
f 2231 2411 2412
f 2231 2412 2413
f 2231 2413 2414
f 2231 2414 2415
f 2231 2415 2233
f 2231 2233 2232
f 2231 2410 2416
f 2231 2416 2417
f 2231 2417 2411
f 2233 2236 2234
f 2233 2415 2418
f 2233 2418 2419
f 2233 2419 2236
f 2235 2239 2420
f 2235 2420 2421
f 2235 2421 2240
f 2236 2419 2237
f 2237 2419 2422
f 2237 2422 2423
f 2237 2423 2238
f 2238 2424 2239
f 2238 2423 2424
f 2239 2424 2425
f 2239 2425 2426
f 2239 2426 2420
f 2240 2421 2427
f 2240 2427 2261
f 2240 2261 2260
f 2242 2246 2351
f 2242 2351 2243
f 2243 2251 2244
f 2243 2351 2428
f 2243 2428 2429
f 2243 2429 2251
f 2248 2258 2249
f 2249 2258 2430
f 2249 2430 2378
f 2251 2429 2252
f 2252 2429 2253
f 2253 2431 2254
f 2253 2429 2432
f 2253 2432 2431
f 2254 2431 2255
f 2255 2431 2256
f 2256 2431 2433
f 2256 2433 2259
f 2257 2259 2381
f 2257 2381 2434
f 2257 2434 2435
f 2257 2435 2258
f 2258 2435 2430
f 2259 2433 2436
f 2259 2436 2381
f 2261 2427 2437
f 2261 2437 2262
f 2262 2437 2264
f 2263 2264 2425
f 2263 2425 2439
f 2263 2439 2440
f 2263 2440 2441
f 2263 2441 2438
f 2264 2437 2425
f 2265 2442 2443
f 2265 2443 2444
f 2265 2444 2267
f 2267 2444 2445
f 2267 2445 2446
f 2267 2446 2269
f 2267 2269 2268
f 2269 2446 2443
f 2269 2443 2447
f 2269 2447 2448
f 2269 2448 2270
f 2270 2448 2449
f 2270 2449 2450
f 2270 2450 2271
f 2271 2450 2451
f 2271 2451 2452
f 2271 2452 2453
f 2271 2453 2272
f 2272 2454 2455
f 2272 2455 2456
f 2272 2456 2457
f 2272 2457 2458
f 2272 2458 2273
f 2272 2453 2454
f 2273 2458 2274
f 2274 2458 2457
f 2274 2457 2275
f 2275 2457 2459
f 2275 2459 2276
f 2276 2459 2277
f 2277 2459 2460
f 2277 2460 2461
f 2277 2461 2462
f 2277 2462 2278
f 2278 2462 2279
f 2279 2462 2286
f 2280 2285 2463
f 2280 2463 2464
f 2280 2464 2281
f 2281 2464 2287
f 2282 2286 2465
f 2282 2465 2466
f 2282 2466 2283
f 2283 2467 2468
f 2283 2468 2284
f 2283 2466 2469
f 2283 2469 2470
f 2283 2470 2471
f 2283 2471 2472
f 2283 2472 2473
f 2283 2473 2474
f 2283 2474 2467
f 2284 2468 2475
f 2284 2475 2285
f 2285 2305 2304
f 2285 2304 2463
f 2285 2475 2476
f 2285 2476 2299
f 2286 2462 2461
f 2286 2461 2460
f 2286 2460 2477
f 2286 2477 2466
f 2286 2466 2465
f 2287 2464 2288
f 2288 2464 2289
f 2289 2464 2478
f 2289 2478 2290
f 2290 2478 2479
f 2290 2479 2480
f 2290 2480 2481
f 2290 2481 2293
f 2290 2293 2292
f 2290 2292 2291
f 2293 2481 2482
f 2293 2482 2296
f 2293 2296 2294
f 2294 2296 2295
f 2296 2482 2297
f 2297 2482 2298
f 2298 2482 2481
f 2298 2481 2306
f 2299 2310 2302
f 2299 2302 2301
f 2299 2301 2300
f 2299 2476 2483
f 2299 2483 2488
f 2299 2488 2484
f 2299 2484 2310
f 2303 2309 2485
f 2303 2485 2486
f 2303 2486 2304
f 2304 2486 2463
f 2306 2481 2307
f 2307 2481 2308
f 2308 2481 2485
f 2308 2485 2309
f 2310 2484 2487
f 2310 2487 2311
f 2311 2487 2484
f 2311 2484 2488
f 2311 2488 2312
f 2312 2488 2313
f 2313 2488 2489
f 2313 2489 2315
f 2315 2490 2316
f 2315 2489 2491
f 2315 2491 2490
f 2316 2490 2317
f 2317 2492 2319
f 2317 2319 2318
f 2317 2490 2491
f 2317 2491 2493
f 2317 2493 2494
f 2317 2494 2492
f 2319 2492 2320
f 2320 2492 2495
f 2320 2495 2321
f 2321 2495 2496
f 2321 2496 2337
f 2321 2337 2322
f 2322 2337 2331
f 2322 2331 2330
f 2322 2330 2323
f 2323 2330 2325
f 2323 2325 2324
f 2325 2330 2328
f 2325 2328 2327
f 2325 2327 2326
f 2328 2330 2329
f 2332 2497 2658
f 2332 2658 2498
f 2332 2498 2499
f 2332 2499 2333
f 2332 2336 2497
f 2333 2499 2498
f 2333 2498 2500
f 2333 2500 2501
f 2333 2501 2502
f 2333 2502 2341
f 2333 2341 2334
f 2334 2341 2335
f 2336 2340 2503
f 2336 2503 2497
f 2337 2496 2338
f 2338 2504 2339
f 2338 2496 2504
f 2339 2504 2505
f 2339 2505 2506
f 2339 2506 2340
f 2340 2506 2505
f 2340 2505 2507
f 2340 2507 2508
f 2340 2508 2509
f 2340 2509 2510
f 2340 2510 2511
f 2340 2511 2512
f 2340 2512 2513
f 2340 2513 2503
f 2341 2502 2514
f 2341 2514 2342
f 2342 2515 2516
f 2342 2516 2343
f 2342 2514 2515
f 2343 2517 2518
f 2343 2518 2519
f 2343 2519 2344
f 2343 2516 2517
f 2344 2519 2518
f 2344 2518 2520
f 2345 2521 2346
f 2345 2366 2522
f 2345 2522 2521
f 2346 2523 2347
f 2346 2521 2522
f 2346 2522 2524
f 2346 2524 2523
f 2347 2523 2525
f 2347 2525 2348
f 2348 2526 2527
f 2348 2527 2528
f 2348 2528 2428
f 2348 2428 2349
f 2348 2525 2526
f 2349 2428 2350
f 2350 2428 2351
f 2355 2529 2368
f 2355 2368 2367
f 2355 2367 2356
f 2357 2359 2358
f 2357 2374 2359
f 2359 2530 2361
f 2359 2361 2360
f 2359 2374 2373
f 2359 2373 2530
f 2361 2531 2532
f 2361 2532 2533
f 2361 2533 2534
f 2361 2534 2364
f 2361 2364 2535
f 2361 2535 2363
f 2361 2363 2362
f 2361 2530 2536
f 2361 2536 2537
f 2361 2537 2538
f 2361 2538 2531
f 2363 2535 2364
f 2364 2534 2522
f 2364 2522 2365
f 2365 2522 2366
f 2368 2529 2369
f 2369 2529 2539
f 2369 2539 2540
f 2369 2540 2371
f 2369 2371 2370
f 2371 2540 2541
f 2371 2541 2542
f 2371 2542 2543
f 2371 2543 2544
f 2371 2544 2545
f 2371 2545 2538
f 2371 2538 2537
f 2371 2537 2546
f 2371 2546 2547
f 2371 2547 2372
f 2372 2547 2373
f 2373 2547 2536
f 2373 2536 2530
f 2375 2405 2406
f 2375 2406 2377
f 2375 2377 2376
f 2378 2430 2548
f 2378 2548 2379
f 2379 2548 2381
f 2379 2381 2380
f 2381 2548 2434
f 2381 2436 2549
f 2381 2549 2382
f 2382 2549 2383
f 2383 2549 2385
f 2385 2549 2550
f 2385 2550 2386
f 2386 2550 2551
f 2386 2551 2552
f 2386 2552 2553
f 2386 2553 2554
f 2386 2554 2387
f 2387 2555 2388
f 2387 2554 2555
f 2388 2555 2554
f 2388 2554 2391
f 2388 2391 2390
f 2388 2390 2389
f 2391 2554 2392
f 2392 2556 2393
f 2392 2554 2557
f 2392 2557 2556
f 2393 2556 2394
f 2394 2558 2395
f 2394 2556 2559
f 2394 2559 2558
f 2395 2558 2560
f 2395 2560 2561
f 2395 2561 2396
f 2396 2561 2397
f 2397 2561 2562
f 2397 2562 2563
f 2397 2563 2398
f 2398 2563 2564
f 2398 2564 2401
f 2398 2401 2399
f 2401 2564 2565
f 2401 2565 2402
f 2402 2565 2566
f 2402 2566 2567
f 2402 2567 2404
f 2402 2404 2403
f 2404 2567 2568
f 2404 2568 2569
f 2404 2569 2408
f 2404 2408 2407
f 2404 2407 2405
f 2408 2569 2570
f 2408 2570 2571
f 2408 2571 2409
f 2409 2571 2417
f 2409 2417 2410
f 2410 2417 2416
f 2411 2417 2572
f 2411 2572 2573
f 2411 2573 2412
f 2412 2573 2574
f 2412 2574 2575
f 2412 2575 2576
f 2412 2576 2577
f 2412 2577 2414
f 2412 2414 2413
f 2414 2577 2422
f 2414 2422 2578
f 2414 2578 2579
f 2414 2579 2415
f 2415 2579 2418
f 2417 2580 2572
f 2417 2571 2570
f 2417 2570 2581
f 2417 2581 2580
f 2418 2579 2419
f 2419 2578 2422
f 2419 2579 2578
f 2420 2426 2582
f 2420 2582 2437
f 2420 2437 2421
f 2421 2437 2427
f 2422 2577 2583
f 2422 2583 2584
f 2422 2584 2441
f 2422 2441 2440
f 2422 2440 2423
f 2423 2440 2439
f 2423 2439 2425
f 2423 2425 2424
f 2425 2437 2585
f 2425 2585 2426
f 2426 2585 2437
f 2426 2437 2582
f 2428 2528 2586
f 2428 2586 2429
f 2429 2586 2587
f 2429 2587 2432
f 2430 2435 2548
f 2431 2432 2587
f 2431 2587 2588
f 2431 2588 2433
f 2433 2588 2527
f 2433 2527 2589
f 2433 2589 2590
f 2433 2590 2436
f 2434 2548 2435
f 2436 2591 2592
f 2436 2592 2549
f 2436 2590 2593
f 2436 2593 2594
f 2436 2594 2595
f 2436 2595 2591
f 2438 2441 2596
f 2441 2584 2596
f 2442 2597 2598
f 2442 2598 2599
f 2442 2599 2600
f 2442 2600 2443
f 2443 2446 2445
f 2443 2445 2444
f 2443 2600 2598
f 2443 2598 2601
f 2443 2601 2602
f 2443 2602 2603
f 2443 2603 2604
f 2443 2604 2605
f 2443 2605 2606
f 2443 2606 2607
f 2443 2607 2447
f 2447 2607 2608
f 2447 2608 2448
f 2448 2608 2449
f 2449 2609 2610
f 2449 2610 2450
f 2449 2608 2609
f 2450 2610 2451
f 2451 2611 2612
f 2451 2612 2613
f 2451 2613 2614
f 2451 2614 2452
f 2451 2610 2615
f 2451 2615 2611
f 2452 2614 2453
f 2453 2614 2613
f 2453 2613 2616
f 2453 2616 2617
f 2453 2617 2454
f 2454 2617 2618
f 2454 2618 2455
f 2455 2618 2619
f 2455 2619 2620
f 2455 2620 2621
f 2455 2621 2456
f 2456 2621 2457
f 2457 2621 2620
f 2457 2620 2622
f 2457 2622 2623
f 2457 2623 2624
f 2457 2624 2477
f 2457 2477 2459
f 2459 2477 2460
f 2463 2486 2478
f 2463 2478 2464
f 2466 2477 2625
f 2466 2625 2626
f 2466 2626 2627
f 2466 2627 2628
f 2466 2628 2469
f 2467 2474 2468
f 2468 2474 2629
f 2468 2629 2630
f 2468 2630 2475
f 2469 2628 2470
f 2470 2628 2471
f 2471 2473 2472
f 2471 2628 2627
f 2471 2627 2631
f 2471 2631 2632
f 2471 2632 2473
f 2473 2633 2474
f 2473 2632 2633
f 2474 2634 2635
f 2474 2635 2629
f 2474 2633 2636
f 2474 2636 2637
f 2474 2637 2638
f 2474 2638 2639
f 2474 2639 2640
f 2474 2640 2641
f 2474 2641 2642
f 2474 2642 2634
f 2475 2643 2476
f 2475 2630 2644
f 2475 2644 2645
f 2475 2645 2791
f 2475 2791 2646
f 2475 2646 2647
f 2475 2647 2643
f 2476 2643 2648
f 2476 2648 2649
f 2476 2649 2650
f 2476 2650 2483
f 2477 2624 2623
f 2477 2623 2625
f 2478 2486 2485
f 2478 2485 2481
f 2478 2481 2480
f 2478 2480 2479
f 2483 2650 2488
f 2488 2650 2489
f 2489 2651 2652
f 2489 2652 2491
f 2489 2650 2651
f 2491 2652 2653
f 2491 2653 2493
f 2492 2496 2495
f 2492 2494 2507
f 2492 2507 2505
f 2492 2505 2496
f 2493 2653 2654
f 2493 2654 2494
f 2494 2654 2802
f 2494 2802 2655
f 2494 2655 2804
f 2494 2804 2656
f 2494 2656 2507
f 2496 2505 2504
f 2497 2503 2657
f 2497 2657 2658
f 2498 2658 2500
f 2500 2659 2660
f 2500 2660 2661
f 2500 2661 2502
f 2500 2502 2501
f 2500 2658 2659
f 2502 2661 2662
f 2502 2662 2663
f 2502 2663 2515
f 2502 2515 2514
f 2503 2513 2664
f 2503 2664 2665
f 2503 2665 2657
f 2507 2656 2509
f 2507 2509 2508
f 2509 2656 2666
f 2509 2666 2667
f 2509 2667 2510
f 2510 2667 2511
f 2511 2667 2512
f 2512 2667 2513
f 2513 2667 2666
f 2513 2666 2668
f 2513 2668 2669
f 2513 2669 2664
f 2515 2663 2517
f 2515 2517 2516
f 2517 2670 2518
f 2517 2663 2671
f 2517 2671 2672
f 2517 2672 2670
f 2518 2670 2520
f 2520 2670 2672
f 2522 2534 2673
f 2522 2673 2524
f 2523 2674 2525
f 2523 2524 2673
f 2523 2673 2674
f 2525 2675 2818
f 2525 2818 2676
f 2525 2676 2819
f 2525 2819 2677
f 2525 2677 2526
f 2525 2674 2678
f 2525 2678 2679
f 2525 2679 2675
f 2526 2677 2680
f 2526 2680 2589
f 2526 2589 2527
f 2527 2588 2681
f 2527 2681 2586
f 2527 2586 2528
f 2531 2682 2532
f 2531 2538 2545
f 2531 2545 2544
f 2531 2544 2683
f 2531 2683 2682
f 2532 2682 2533
f 2533 2682 2684
f 2533 2684 2685
f 2533 2685 2679
f 2533 2679 2673
f 2533 2673 2534
f 2536 2547 2546
f 2536 2546 2537
f 2542 2686 2543
f 2543 2686 2687
f 2543 2687 2544
f 2544 2687 2688
f 2544 2688 2689
f 2544 2689 2683
f 2549 2592 2690
f 2549 2690 2550
f 2550 2690 2691
f 2550 2691 2554
f 2550 2554 2551
f 2551 2554 2552
f 2552 2554 2553
f 2554 2691 2692
f 2554 2692 2693
f 2554 2693 2557
f 2556 2694 2695
f 2556 2695 2696
f 2556 2696 2559
f 2556 2557 2697
f 2556 2697 2698
f 2556 2698 2699
f 2556 2699 2700
f 2556 2700 2701
f 2556 2701 2694
f 2557 2693 2697
f 2558 2559 2702
f 2558 2702 2703
f 2558 2703 2704
f 2558 2704 2705
f 2558 2705 2706
f 2558 2706 2707
f 2558 2707 2560
f 2559 2696 2695
f 2559 2695 2708
f 2559 2708 2709
f 2559 2709 2710
f 2559 2710 2703
f 2559 2703 2702
f 2560 2707 2711
f 2560 2711 2561
f 2561 2711 2562
f 2562 2711 2563
f 2563 2712 2566
f 2563 2566 2564
f 2563 2711 2712
f 2564 2566 2565
f 2566 2712 2567
f 2567 2713 2714
f 2567 2714 2715
f 2567 2715 2716
f 2567 2716 2568
f 2567 2712 2711
f 2567 2711 2707
f 2567 2707 2713
f 2568 2717 2569
f 2568 2716 2717
f 2569 2717 2718
f 2569 2718 2719
f 2569 2719 2720
f 2569 2720 2721
f 2569 2721 2722
f 2569 2722 2723
f 2569 2723 2570
f 2570 2723 2572
f 2570 2572 2580
f 2570 2580 2581
f 2572 2723 2573
f 2573 2723 2722
f 2573 2722 2724
f 2573 2724 2574
f 2574 2724 2725
f 2574 2725 2726
f 2574 2726 2575
f 2575 2727 2728
f 2575 2728 2729
f 2575 2729 2576
f 2575 2726 2727
f 2576 2729 2577
f 2577 2729 2583
f 2583 2729 2584
f 2586 2681 2587
f 2587 2681 2588
f 2589 2680 2590
f 2590 2680 2730
f 2590 2730 2593
f 2591 2731 2732
f 2591 2732 2733
f 2591 2733 2592
f 2591 2595 2734
f 2591 2734 2735
f 2591 2735 2731
f 2592 2733 2736
f 2592 2736 2737
f 2592 2737 2690
f 2593 2595 2594
f 2593 2730 2738
f 2593 2738 2739
f 2593 2739 2740
f 2593 2740 2741
f 2593 2741 2742
f 2593 2742 2743
f 2593 2743 2595
f 2595 2743 2744
f 2595 2744 2745
f 2595 2745 2734
f 2597 2746 2747
f 2597 2747 2598
f 2598 2600 2599
f 2598 2747 2748
f 2598 2748 2749
f 2598 2749 2750
f 2598 2750 2751
f 2598 2751 2601
f 2601 2751 2602
f 2602 2751 2603
f 2603 2752 2753
f 2603 2753 2615
f 2603 2615 2604
f 2603 2751 2750
f 2603 2750 2749
f 2603 2749 2754
f 2603 2754 2755
f 2603 2755 2752
f 2604 2615 2605
f 2605 2615 2610
f 2605 2610 2606
f 2606 2610 2607
f 2607 2610 2608
f 2608 2610 2609
f 2611 2756 2757
f 2611 2757 2758
f 2611 2758 2616
f 2611 2616 2612
f 2611 2615 2753
f 2611 2753 2756
f 2612 2616 2613
f 2616 2759 2760
f 2616 2760 2761
f 2616 2761 2617
f 2616 2758 2762
f 2616 2762 2763
f 2616 2763 2759
f 2617 2761 2759
f 2617 2759 2618
f 2618 2759 2619
f 2619 2764 2622
f 2619 2622 2620
f 2619 2759 2764
f 2622 2764 2765
f 2622 2765 2766
f 2622 2766 2623
f 2623 2767 2625
f 2623 2766 2768
f 2623 2768 2767
f 2625 2768 2766
f 2625 2766 2626
f 2625 2767 2768
f 2626 2766 2627
f 2627 2766 2631
f 2629 2635 2769
f 2629 2769 2770
f 2629 2770 2771
f 2629 2771 2630
f 2630 2771 2772
f 2630 2772 2644
f 2631 2766 2773
f 2631 2773 2632
f 2632 2773 2636
f 2632 2636 2633
f 2634 2642 2635
f 2635 2642 2769
f 2636 2773 2637
f 2637 2773 2638
f 2638 2774 2775
f 2638 2775 2639
f 2638 2773 2774
f 2639 2775 2776
f 2639 2776 2777
f 2639 2777 2640
f 2640 2777 2778
f 2640 2778 2779
f 2640 2779 2641
f 2641 2779 2780
f 2641 2780 2642
f 2642 2781 2772
f 2642 2772 2770
f 2642 2770 2769
f 2642 2780 2932
f 2642 2932 2782
f 2642 2782 2781
f 2643 2647 2783
f 2643 2783 2784
f 2643 2784 2648
f 2644 2772 2785
f 2644 2785 2786
f 2644 2786 2787
f 2644 2787 2788
f 2644 2788 2789
f 2644 2789 2790
f 2644 2790 2645
f 2645 2790 2791
f 2646 2791 2792
f 2646 2792 2647
f 2647 2792 2783
f 2648 2784 2793
f 2648 2793 2649
f 2649 2793 2650
f 2650 2793 2651
f 2651 2794 2795
f 2651 2795 2652
f 2651 2793 2796
f 2651 2796 2792
f 2651 2792 2794
f 2652 2795 2797
f 2652 2797 2798
f 2652 2798 2799
f 2652 2799 2800
f 2652 2800 2653
f 2653 2800 2801
f 2653 2801 2654
f 2654 2801 2802
f 2655 2802 2803
f 2655 2803 2669
f 2655 2669 2804
f 2656 2804 2666
f 2657 2665 2659
f 2657 2659 2658
f 2659 2805 2806
f 2659 2806 2660
f 2659 2665 2664
f 2659 2664 2805
f 2660 2806 2807
f 2660 2807 2661
f 2661 2807 2808
f 2661 2808 2809
f 2661 2809 2662
f 2662 2809 2810
f 2662 2810 2811
f 2662 2811 2812
f 2662 2812 2813
f 2662 2813 2663
f 2663 2813 2814
f 2663 2814 2671
f 2664 2669 2815
f 2664 2815 2805
f 2666 2804 2669
f 2666 2669 2668
f 2669 2798 2815
f 2669 2803 2798
f 2671 2814 2672
f 2672 2816 2817
f 2672 2814 2816
f 2673 2679 2678
f 2673 2678 2674
f 2675 2679 2821
f 2675 2821 2818
f 2676 2818 2819
f 2677 2819 2730
f 2677 2730 2680
f 2679 2685 2820
f 2679 2820 2740
f 2679 2740 2739
f 2679 2739 2821
f 2682 2822 2823
f 2682 2823 2824
f 2682 2824 2825
f 2682 2825 2826
f 2682 2826 2827
f 2682 2827 2828
f 2682 2828 2684
f 2682 2683 2689
f 2682 2689 2829
f 2682 2829 2822
f 2684 2828 2830
f 2684 2830 2831
f 2684 2831 2685
f 2685 2831 2832
f 2685 2832 2833
f 2685 2833 2834
f 2685 2834 2820
f 2686 2835 2687
f 2687 2836 2688
f 2687 2835 2837
f 2687 2837 2836
f 2688 2836 2838
f 2688 2838 2839
f 2688 2839 2689
f 2689 2839 2829
f 2690 2737 2840
f 2690 2840 2841
f 2690 2841 2691
f 2691 2841 2692
f 2692 2841 2842
f 2692 2842 2693
f 2693 2842 2697
f 2694 2708 2695
f 2694 2701 2852
f 2694 2852 2708
f 2697 2842 2698
f 2698 2842 2736
f 2698 2736 2843
f 2698 2843 2844
f 2698 2844 2700
f 2698 2700 2699
f 2700 2845 2846
f 2700 2846 2701
f 2700 2844 2845
f 2701 2846 2847
f 2701 2847 2848
f 2701 2848 2849
f 2701 2849 2850
f 2701 2850 2851
f 2701 2851 2852
f 2703 2710 2853
f 2703 2853 2854
f 2703 2854 2855
f 2703 2855 2856
f 2703 2856 2857
f 2703 2857 2858
f 2703 2858 2704
f 2704 2859 2705
f 2704 2858 2860
f 2704 2860 2859
f 2705 2859 2706
f 2706 2860 2861
f 2706 2861 2713
f 2706 2713 2707
f 2706 2859 2860
f 2708 2852 2851
f 2708 2851 2709
f 2709 2862 2710
f 2709 2851 2862
f 2710 2862 2853
f 2713 2861 2863
f 2713 2863 2714
f 2714 2863 2864
f 2714 2864 2715
f 2715 2864 2716
f 2716 2864 2865
f 2716 2865 2866
f 2716 2866 2867
f 2716 2867 2717
f 2717 2867 2868
f 2717 2868 2718
f 2718 2869 2870
f 2718 2870 2871
f 2718 2871 2726
f 2718 2726 2719
f 2718 2868 2872
f 2718 2872 2873
f 2718 2873 2869
f 2719 2726 2720
f 2720 2726 2725
f 2720 2725 2722
f 2720 2722 2721
f 2722 2725 2724
f 2726 2871 2874
f 2726 2874 2875
f 2726 2875 2876
f 2726 2876 2728
f 2726 2728 2727
f 2728 2877 2878
f 2728 2878 2879
f 2728 2879 2880
f 2728 2880 2881
f 2728 2881 2882
f 2728 2876 2877
f 2730 2819 2738
f 2731 2735 2883
f 2731 2883 2884
f 2731 2884 2885
f 2731 2885 2732
f 2732 2885 2733
f 2733 2885 2736
f 2734 2745 2735
f 2735 2745 2883
f 2736 2885 2843
f 2736 2842 2841
f 2736 2841 2737
f 2737 2841 2840
f 2738 2819 2739
f 2739 2818 2821
f 2739 2819 2818
f 2740 2820 2886
f 2740 2886 2741
f 2741 2886 2742
f 2742 2886 2834
f 2742 2834 2743
f 2743 2834 2833
f 2743 2833 2887
f 2743 2887 2888
f 2743 2888 2889
f 2743 2889 2890
f 2743 2890 2744
f 2744 2890 2891
f 2744 2891 2745
f 2745 2846 2892
f 2745 2892 2883
f 2745 2891 2893
f 2745 2893 2894
f 2745 2894 2846
f 2746 2895 2747
f 2747 2896 2897
f 2747 2897 2748
f 2747 2895 2896
f 2748 2754 2749
f 2748 2897 2754
f 2752 2898 2899
f 2752 2899 2757
f 2752 2757 2753
f 2752 2755 2900
f 2752 2900 2901
f 2752 2901 2902
f 2752 2902 2898
f 2753 2757 2756
f 2754 2897 2903
f 2754 2903 2901
f 2754 2901 2904
f 2754 2904 2755
f 2755 2904 2900
f 2757 2899 2905
f 2757 2905 2906
f 2757 2906 2907
f 2757 2907 2758
f 2758 2907 2908
f 2758 2908 2909
f 2758 2909 2762
f 2759 2761 2760
f 2759 2763 2764
f 2762 2909 2910
f 2762 2910 2763
f 2763 2910 2911
f 2763 2911 2764
f 2764 2911 2765
f 2765 2911 2766
f 2766 2911 2773
f 2770 2772 2771
f 2772 2781 2782
f 2772 2782 2786
f 2772 2786 2785
f 2773 2911 2774
f 2774 2911 2912
f 2774 2912 2913
f 2774 2913 2914
f 2774 2914 2915
f 2774 2915 2916
f 2774 2916 2917
f 2774 2917 2775
f 2775 2917 2918
f 2775 2918 2919
f 2775 2919 2920
f 2775 2920 2921
f 2775 2921 2922
f 2775 2922 2776
f 2776 2923 2777
f 2776 2922 2923
f 2777 2923 2924
f 2777 2924 2925
f 2777 2925 2778
f 2778 2926 2779
f 2778 2925 2927
f 2778 2927 2928
f 2778 2928 2929
f 2778 2929 2926
f 2779 2926 2930
f 2779 2930 2780
f 2780 2930 2931
f 2780 2931 2932
f 2782 2787 2786
f 2782 2932 3056
f 2782 3056 2933
f 2782 2933 2934
f 2782 2934 2935
f 2782 2935 2936
f 2782 2936 2787
f 2783 2792 2796
f 2783 2796 2784
f 2784 2796 2793
f 2787 2936 2788
f 2788 2936 2937
f 2788 2937 2938
f 2788 2938 2789
f 2789 2938 2937
f 2789 2937 2790
f 2790 2937 2791
f 2791 2937 2939
f 2791 2939 2940
f 2791 2940 2792
f 2792 2940 2794
f 2794 2940 2795
f 2795 2940 2939
f 2795 2939 2941
f 2795 2941 2942
f 2795 2942 2943
f 2795 2943 2797
f 2797 2943 2798
f 2798 2943 2953
f 2798 2953 2815
f 2798 2803 2802
f 2798 2802 2799
f 2799 2802 2801
f 2799 2801 2800
f 2805 2944 2945
f 2805 2945 2946
f 2805 2946 2947
f 2805 2947 2806
f 2805 2815 2953
f 2805 2953 2944
f 2806 2947 2807
f 2807 2947 2948
f 2807 2948 2811
f 2807 2811 2810
f 2807 2810 2809
f 2807 2809 2808
f 2811 2949 2812
f 2811 2948 2949
f 2812 2817 2950
f 2812 2950 2951
f 2812 2951 2813
f 2812 2949 2817
f 2813 2951 2817
f 2813 2817 2952
f 2813 2952 2816
f 2813 2816 2814
f 2816 2952 2817
f 2817 2949 2954
f 2817 2954 2955
f 2817 2951 2950
f 2820 2834 2886
f 2822 2956 2957
f 2822 2957 2824
f 2822 2824 2823
f 2822 2829 2958
f 2822 2958 2956
f 2824 2959 2960
f 2824 2960 2961
f 2824 2961 2825
f 2824 2957 2962
f 2824 2962 2963
f 2824 2963 2959
f 2825 2964 2965
f 2825 2965 2826
f 2825 2961 2960
f 2825 2960 2966
f 2825 2966 2964
f 2826 2965 2828
f 2826 2828 2827
f 2828 2967 2968
f 2828 2968 2830
f 2828 2965 2969
f 2828 2969 2970
f 2828 2970 2971
f 2828 2971 2972
f 2828 2972 2973
f 2828 2973 2967
f 2829 2839 2974
f 2829 2974 2975
f 2829 2975 2958
f 2830 2968 2967
f 2830 2967 2976
f 2830 2976 2977
f 2830 2977 2978
f 2830 2978 2832
f 2830 2832 2831
f 2832 2978 2887
f 2832 2887 2833
f 2836 2837 2838
f 2837 2979 2980
f 2837 2980 2838
f 2838 2980 2979
f 2838 2979 2839
f 2839 2981 2974
f 2843 2885 2982
f 2843 2982 2844
f 2844 2982 2845
f 2845 2983 2846
f 2845 2982 2983
f 2846 2848 2847
f 2846 2983 2892
f 2846 2894 2984
f 2846 2984 2848
f 2848 2985 2986
f 2848 2986 2987
f 2848 2987 2849
f 2848 2984 2988
f 2848 2988 2989
f 2848 2989 2985
f 2849 2987 2850
f 2850 2987 2990
f 2850 2990 2991
f 2850 2991 2862
f 2850 2862 2851
f 2853 2862 2854
f 2854 2992 2993
f 2854 2993 2856
f 2854 2856 2855
f 2854 2862 2994
f 2854 2994 2992
f 2856 2993 2995
f 2856 2995 2996
f 2856 2996 2997
f 2856 2997 2857
f 2857 2997 2860
f 2857 2860 2858
f 2860 2998 2861
f 2860 2997 2996
f 2860 2996 2998
f 2861 2998 2996
f 2861 2996 2999
f 2861 2999 2863
f 2862 2991 2994
f 2863 3000 2864
f 2863 2999 3000
f 2864 3001 2865
f 2864 3000 3002
f 2864 3002 3003
f 2864 3003 3004
f 2864 3004 3005
f 2864 3005 3001
f 2865 3001 2866
f 2866 3006 3007
f 2866 3007 3008
f 2866 3008 2867
f 2866 3001 3009
f 2866 3009 3010
f 2866 3010 3011
f 2866 3011 3006
f 2867 2872 2868
f 2867 3008 2872
f 2869 2873 3012
f 2869 3012 2870
f 2870 3013 3014
f 2870 3014 2874
f 2870 2874 2871
f 2870 3012 3013
f 2872 3008 3007
f 2872 3007 2873
f 2873 3007 3015
f 2873 3015 3012
f 2874 3014 3016
f 2874 3016 2875
f 2875 3016 3017
f 2875 3017 3018
f 2875 3018 2878
f 2875 2878 2877
f 2875 2877 2876
f 2878 3018 2880
f 2878 2880 2879
f 2880 3018 3019
f 2880 3019 3020
f 2880 3020 2881
f 2881 3020 3021
f 2881 3021 2882
f 2882 3021 3022
f 2883 2892 2884
f 2884 2892 2885
f 2885 2892 2983
f 2885 2983 2982
f 2887 2978 2977
f 2887 2977 2888
f 2888 2977 2889
f 2889 2976 2890
f 2889 2977 2976
f 2890 2976 2891
f 2891 2976 2973
f 2891 2973 2893
f 2893 2973 2894
f 2894 2973 3023
f 2894 3023 2984
f 2895 3024 2896
f 2896 3025 2903
f 2896 2903 2897
f 2896 3024 3025
f 2898 2902 3026
f 2898 3026 3027
f 2898 3027 2899
f 2899 3028 3029
f 2899 3029 2905
f 2899 3027 3028
f 2900 2904 2901
f 2901 2903 2902
f 2902 2903 3026
f 2903 3025 3026
f 2905 3029 3030
f 2905 3030 2908
f 2905 2908 2906
f 2906 2908 2907
f 2908 3030 2909
f 2909 3030 3031
f 2909 3031 3032
f 2909 3032 3033
f 2909 3033 2910
f 2910 3033 2911
f 2911 3033 3034
f 2911 3034 3035
f 2911 3035 2915
f 2911 2915 3036
f 2911 3036 2912
f 2912 3036 2914
f 2912 2914 2913
f 2914 3036 2915
f 2915 3035 3030
f 2915 3030 2916
f 2916 3030 2917
f 2917 3030 3037
f 2917 3037 3038
f 2917 3038 2918
f 2918 3038 2919
f 2919 3038 3039
f 2919 3039 2920
f 2920 3039 3040
f 2920 3040 2921
f 2921 3040 2922
f 2922 3040 3041
f 2922 3041 3042
f 2922 3042 2923
f 2923 3043 2924
f 2923 3042 3044
f 2923 3044 3045
f 2923 3045 3043
f 2924 3043 3046
f 2924 3046 2925
f 2925 3046 3047
f 2925 3047 3048
f 2925 3048 2927
f 2926 2929 2930
f 2927 3048 3049
f 2927 3049 2929
f 2927 2929 2928
f 2929 3049 3050
f 2929 3050 3051
f 2929 3051 3052
f 2929 3052 2930
f 2930 3052 2931
f 2931 3052 3051
f 2931 3051 3053
f 2931 3053 3054
f 2931 3054 2932
f 2932 3054 3055
f 2932 3055 3056
f 2933 3056 3057
f 2933 3057 3058
f 2933 3058 3059
f 2933 3059 3060
f 2933 3060 3061
f 2933 3061 3062
f 2933 3062 2934
f 2934 3062 3063
f 2934 3063 2935
f 2935 3063 3064
f 2935 3064 2937
f 2935 2937 2936
f 2937 3064 3065
f 2937 3065 2939
f 2939 3065 3066
f 2939 3066 3067
f 2939 3067 3068
f 2939 3068 2941
f 2941 3068 3070
f 2941 3070 3069
f 2941 3069 2942
f 2942 3069 3070
f 2942 3070 3071
f 2942 3071 2953
f 2942 2953 2943
f 2944 3072 3201
f 2944 3201 3073
f 2944 3073 2945
f 2944 2953 3074
f 2944 3074 3075
f 2944 3075 3076
f 2944 3076 3202
f 2944 3202 3072
f 2945 3077 3078
f 2945 3078 3079
f 2945 3079 3080
f 2945 3080 3081
f 2945 3081 3082
f 2945 3082 3083
f 2945 3083 2949
f 2945 2949 2946
f 2945 3073 3077
f 2946 2949 2947
f 2947 2949 2948
f 2949 3083 3084
f 2949 3084 2955
f 2949 2955 2954
f 2953 3085 3074
f 2953 3071 3070
f 2953 3070 3085
f 2955 3084 3086
f 2956 2958 2957
f 2957 2958 2962
f 2958 2975 2962
f 2959 2963 3087
f 2959 3087 3088
f 2959 3088 2960
f 2960 3088 3089
f 2960 3089 3090
f 2960 3090 3091
f 2960 3091 2966
f 2962 2975 2963
f 2963 2975 3087
f 2964 2966 3092
f 2964 3092 3093
f 2964 3093 3094
f 2964 3094 2965
f 2965 3094 3229
f 2965 3229 3095
f 2965 3095 3096
f 2965 3096 2969
f 2966 3091 3092
f 2967 2973 2976
f 2969 3096 2970
f 2970 3096 3097
f 2970 3097 3098
f 2970 3098 2971
f 2971 3023 2973
f 2971 2973 3099
f 2971 3099 2972
f 2971 3098 3100
f 2971 3100 3229
f 2971 3229 3101
f 2971 3101 3102
f 2971 3102 3023
f 2972 3099 2973
f 2974 2981 3103
f 2974 3103 2975
f 2975 3103 3087
f 2981 3104 3088
f 2981 3088 3103
f 2984 3023 3105
f 2984 3105 2989
f 2984 2989 2988
f 2985 2989 3106
f 2985 3106 2986
f 2986 3106 3107
f 2986 3107 2987
f 2987 3107 3108
f 2987 3108 2991
f 2987 2991 2990
f 2989 3105 3109
f 2989 3109 3110
f 2989 3110 3111
f 2989 3111 3112
f 2989 3112 3106
f 2991 3113 3114
f 2991 3114 3115
f 2991 3115 3116
f 2991 3116 3117
f 2991 3117 2993
f 2991 2993 2994
f 2991 3108 3113
f 2992 2994 2993
f 2993 3117 2995
f 2995 3117 2996
f 2996 3117 2999
f 2999 3117 3118
f 2999 3118 3119
f 2999 3119 3120
f 2999 3120 3121
f 2999 3121 3000
f 3000 3121 3002
f 3001 3122 3009
f 3001 3005 3123
f 3001 3123 3122
f 3002 3121 3124
f 3002 3124 3125
f 3002 3125 3126
f 3002 3126 3003
f 3003 3126 3004
f 3004 3125 3127
f 3004 3127 3128
f 3004 3128 3129
f 3004 3129 3123
f 3004 3123 3005
f 3004 3126 3125
f 3006 3011 3007
f 3007 3130 3131
f 3007 3131 3012
f 3007 3012 3015
f 3007 3011 3130
f 3009 3122 3132
f 3009 3132 3133
f 3009 3133 3010
f 3010 3133 3134
f 3010 3134 3011
f 3011 3134 3135
f 3011 3135 3136
f 3011 3136 3137
f 3011 3137 3130
f 3012 3131 3013
f 3013 3138 3014
f 3013 3131 3139
f 3013 3139 3138
f 3014 3138 3016
f 3016 3138 3140
f 3016 3140 3141
f 3016 3141 3142
f 3016 3142 3017
f 3017 3020 3018
f 3017 3142 3143
f 3017 3143 3144
f 3017 3144 3145
f 3017 3145 3020
f 3018 3020 3019
f 3020 3146 3021
f 3020 3145 3147
f 3020 3147 3148
f 3020 3148 3149
f 3020 3149 3150
f 3020 3150 3146
f 3021 3146 3151
f 3021 3151 3152
f 3021 3152 3022
f 3022 3152 3154
f 3022 3154 3153
f 3023 3155 3105
f 3023 3102 3156
f 3023 3156 3155
f 3024 3157 3027
f 3024 3027 3025
f 3025 3027 3026
f 3027 3158 3028
f 3027 3157 3158
f 3028 3158 3029
f 3029 3037 3030
f 3029 3158 3037
f 3030 3035 3034
f 3030 3034 3031
f 3031 3034 3159
f 3031 3159 3160
f 3031 3160 3032
f 3032 3160 3033
f 3033 3160 3159
f 3033 3159 3034
f 3037 3158 3038
f 3038 3158 3161
f 3038 3161 3162
f 3038 3162 3163
f 3038 3163 3164
f 3038 3164 3165
f 3038 3165 3166
f 3038 3166 3167
f 3038 3167 3039
f 3039 3167 3040
f 3040 3167 3168
f 3040 3168 3165
f 3040 3165 3042
f 3040 3042 3041
f 3042 3165 3044
f 3043 3169 3047
f 3043 3047 3046
f 3043 3045 3169
f 3044 3165 3164
f 3044 3164 3170
f 3044 3170 3171
f 3044 3171 3172
f 3044 3172 3173
f 3044 3173 3174
f 3044 3174 3047
f 3044 3047 3045
f 3045 3047 3169
f 3047 3174 3048
f 3048 3174 3049
f 3049 3174 3175
f 3049 3175 3176
f 3049 3176 3050
f 3050 3176 3177
f 3050 3177 3051
f 3051 3177 3053
f 3053 3177 3054
f 3054 3177 3055
f 3055 3177 3178
f 3055 3178 3179
f 3055 3179 3056
f 3056 3179 3180
f 3056 3180 3181
f 3056 3181 3057
f 3057 3181 3182
f 3057 3182 3183
f 3057 3183 3184
f 3057 3184 3185
f 3057 3185 3186
f 3057 3186 3187
f 3057 3187 3188
f 3057 3188 3058
f 3058 3188 3189
f 3058 3189 3059
f 3059 3189 3060
f 3060 3189 3190
f 3060 3190 3061
f 3061 3191 3062
f 3061 3190 3191
f 3062 3191 3064
f 3062 3064 3063
f 3064 3191 3065
f 3065 3190 3192
f 3065 3192 3193
f 3065 3193 3066
f 3065 3191 3190
f 3066 3193 3194
f 3066 3194 3195
f 3066 3195 3067
f 3067 3195 3196
f 3067 3196 3197
f 3067 3197 3198
f 3067 3198 3199
f 3067 3199 3070
f 3067 3070 3068
f 3070 3199 3085
f 3072 3200 3201
f 3072 3202 3200
f 3073 3201 3203
f 3073 3203 3204
f 3073 3204 3360
f 3073 3360 3205
f 3073 3205 3077
f 3074 3085 3075
f 3075 3085 3198
f 3075 3198 3076
f 3076 3198 3202
f 3077 3205 3206
f 3077 3206 3078
f 3078 3206 3079
f 3079 3206 3207
f 3079 3207 3208
f 3079 3208 3209
f 3079 3209 3210
f 3079 3210 3080
f 3080 3210 3211
f 3080 3211 3081
f 3081 3211 3082
f 3082 3211 3086
f 3082 3086 3083
f 3083 3086 3084
f 3085 3199 3212
f 3085 3212 3198
f 3087 3103 3088
f 3088 3104 3213
f 3088 3213 3214
f 3088 3214 3089
f 3089 3214 3090
f 3090 3214 3213
f 3090 3213 3104
f 3090 3104 3215
f 3090 3215 3216
f 3090 3216 3217
f 3090 3217 3091
f 3091 3217 3092
f 3092 3218 3219
f 3092 3219 3220
f 3092 3220 3093
f 3092 3217 3370
f 3092 3370 3221
f 3092 3221 3222
f 3092 3222 3223
f 3092 3223 3224
f 3092 3224 3218
f 3093 3220 3225
f 3093 3225 3226
f 3093 3226 3227
f 3093 3227 3094
f 3094 3227 3228
f 3094 3228 3229
f 3095 3229 3100
f 3095 3100 3096
f 3096 3100 3098
f 3096 3098 3097
f 3101 3229 3230
f 3101 3230 3102
f 3102 3230 3156
f 3104 3231 3215
f 3105 3155 3232
f 3105 3232 3233
f 3105 3233 3234
f 3105 3234 3109
f 3106 3112 3108
f 3106 3108 3107
f 3108 3112 3235
f 3108 3235 3113
f 3109 3234 3110
f 3110 3234 3236
f 3110 3236 3237
f 3110 3237 3238
f 3110 3238 3239
f 3110 3239 3240
f 3110 3240 3241
f 3110 3241 3242
f 3110 3242 3111
f 3111 3242 3243
f 3111 3243 3244
f 3111 3244 3245
f 3111 3245 3114
f 3111 3114 3246
f 3111 3246 3112
f 3112 3246 3114
f 3112 3114 3235
f 3113 3235 3114
f 3114 3245 3244
f 3114 3244 3115
f 3115 3244 3247
f 3115 3247 3248
f 3115 3248 3249
f 3115 3249 3250
f 3115 3250 3116
f 3116 3250 3251
f 3116 3251 3117
f 3117 3251 3252
f 3117 3252 3253
f 3117 3253 3254
f 3117 3254 3255
f 3117 3255 3256
f 3117 3256 3118
f 3118 3257 3258
f 3118 3258 3119
f 3118 3256 3257
f 3119 3125 3120
f 3119 3258 3125
f 3120 3125 3121
f 3121 3125 3124
f 3122 3133 3132
f 3122 3123 3129
f 3122 3129 3133
f 3125 3258 3259
f 3125 3259 3127
f 3127 3259 3128
f 3128 3260 3129
f 3128 3259 3261
f 3128 3261 3262
f 3128 3262 3260
f 3129 3260 3135
f 3129 3135 3133
f 3130 3137 3131
f 3131 3137 3263
f 3131 3263 3264
f 3131 3264 3265
f 3131 3265 3266
f 3131 3266 3267
f 3131 3267 3144
f 3131 3144 3268
f 3131 3268 3139
f 3133 3135 3134
f 3135 3269 3136
f 3135 3260 3269
f 3136 3269 3263
f 3136 3263 3137
f 3138 3139 3270
f 3138 3270 3140
f 3139 3268 3143
f 3139 3143 3271
f 3139 3271 3270
f 3140 3143 3141
f 3140 3270 3272
f 3140 3272 3143
f 3141 3143 3142
f 3143 3272 3271
f 3143 3268 3144
f 3144 3267 3273
f 3144 3273 3145
f 3145 3273 3147
f 3146 3274 3151
f 3146 3150 3275
f 3146 3275 3276
f 3146 3276 3274
f 3147 3273 3277
f 3147 3277 3278
f 3147 3278 3279
f 3147 3279 3148
f 3148 3279 3280
f 3148 3280 3281
f 3148 3281 3149
f 3149 3275 3150
f 3149 3281 3275
f 3151 3274 3282
f 3151 3282 3283
f 3151 3283 3152
f 3152 3283 3284
f 3152 3284 3154
f 3153 3154 3285
f 3154 3284 3286
f 3154 3286 3287
f 3154 3287 3288
f 3154 3288 3289
f 3154 3289 3290
f 3154 3290 3285
f 3155 3156 3291
f 3155 3291 3292
f 3155 3292 3232
f 3156 3230 3291
f 3157 3293 3294
f 3157 3294 3295
f 3157 3295 3296
f 3157 3296 3297
f 3157 3297 3298
f 3157 3298 3299
f 3157 3299 3300
f 3157 3300 3301
f 3157 3301 3302
f 3157 3302 3303
f 3157 3303 3158
f 3158 3303 3302
f 3158 3302 3304
f 3158 3304 3305
f 3158 3305 3161
f 3161 3305 3306
f 3161 3306 3307
f 3161 3307 3162
f 3162 3307 3308
f 3162 3308 3163
f 3163 3308 3309
f 3163 3309 3310
f 3163 3310 3311
f 3163 3311 3312
f 3163 3312 3164
f 3164 3312 3313
f 3164 3313 3314
f 3164 3314 3315
f 3164 3315 3170
f 3165 3168 3166
f 3166 3168 3167
f 3170 3316 3317
f 3170 3317 3171
f 3170 3315 3316
f 3171 3318 3172
f 3171 3317 3318
f 3172 3318 3173
f 3173 3319 3320
f 3173 3320 3321
f 3173 3321 3322
f 3173 3322 3174
f 3173 3318 3319
f 3174 3321 3323
f 3174 3323 3175
f 3174 3322 3321
f 3175 3324 3325
f 3175 3325 3326
f 3175 3326 3327
f 3175 3327 3328
f 3175 3328 3329
f 3175 3329 3330
f 3175 3330 3331
f 3175 3331 3176
f 3175 3323 3324
f 3176 3332 3333
f 3176 3333 3177
f 3176 3331 3183
f 3176 3183 3182
f 3176 3182 3332
f 3177 3333 3334
f 3177 3334 3335
f 3177 3335 3178
f 3178 3335 3336
f 3178 3336 3180
f 3178 3180 3179
f 3180 3336 3337
f 3180 3337 3181
f 3181 3337 3182
f 3182 3337 3332
f 3183 3331 3184
f 3184 3338 3339
f 3184 3339 3340
f 3184 3340 3185
f 3184 3331 3338
f 3185 3340 3186
f 3186 3341 3187
f 3186 3340 3342
f 3186 3342 3343
f 3186 3343 3344
f 3186 3344 3345
f 3186 3345 3341
f 3187 3341 3346
f 3187 3346 3188
f 3188 3346 3347
f 3188 3347 3189
f 3189 3347 3348
f 3189 3348 3349
f 3189 3349 3193
f 3189 3193 3192
f 3189 3192 3190
f 3193 3349 3194
f 3194 3350 3345
f 3194 3345 3351
f 3194 3351 3352
f 3194 3352 3198
f 3194 3198 3197
f 3194 3197 3196
f 3194 3196 3195
f 3194 3349 3350
f 3198 3352 3202
f 3198 3212 3199
f 3200 3353 3354
f 3200 3354 3201
f 3200 3202 3353
f 3201 3354 3203
f 3202 3352 3355
f 3202 3355 3356
f 3202 3356 3353
f 3203 3354 3357
f 3203 3357 3358
f 3203 3358 3204
f 3204 3358 3359
f 3204 3359 3360
f 3205 3360 3206
f 3206 3361 3207
f 3206 3360 3361
f 3207 3362 3208
f 3207 3361 3363
f 3207 3363 3364
f 3207 3364 3365
f 3207 3365 3362
f 3208 3366 3367
f 3208 3367 3368
f 3208 3368 3209
f 3208 3362 3355
f 3208 3355 3366
f 3209 3211 3210
f 3215 3231 3369
f 3215 3369 3370
f 3215 3370 3216
f 3216 3370 3217
f 3218 3224 3371
f 3218 3371 3219
f 3219 3372 3373
f 3219 3373 3374
f 3219 3374 3220
f 3219 3371 3224
f 3219 3224 3375
f 3219 3375 3376
f 3219 3376 3377
f 3219 3377 3378
f 3219 3378 3372
f 3220 3379 3225
f 3220 3374 3380
f 3220 3380 3381
f 3220 3381 3382
f 3220 3382 3226
f 3220 3226 3379
f 3221 3370 3222
f 3222 3370 3383
f 3222 3383 3384
f 3222 3384 3385
f 3222 3385 3224
f 3222 3224 3223
f 3224 3385 3384
f 3224 3384 3375
f 3225 3379 3226
f 3226 3386 3227
f 3226 3382 3387
f 3226 3387 3388
f 3226 3388 3386
f 3227 3386 3228
f 3228 3386 3230
f 3228 3230 3229
f 3230 3386 3389
f 3230 3389 3291
f 3231 3390 3391
f 3231 3391 3369
f 3232 3292 3233
f 3233 3292 3392
f 3233 3392 3234
f 3234 3392 3386
f 3234 3386 3236
f 3236 3388 3393
f 3236 3393 3394
f 3236 3394 3237
f 3236 3386 3388
f 3237 3394 3238
f 3238 3395 3240
f 3238 3240 3239
f 3238 3394 3396
f 3238 3396 3397
f 3238 3397 3398
f 3238 3398 3395
f 3240 3399 3241
f 3240 3395 3399
f 3241 3400 3401
f 3241 3401 3242
f 3241 3399 3402
f 3241 3402 3403
f 3241 3403 3404
f 3241 3404 3405
f 3241 3405 3400
f 3242 3401 3243
f 3243 3401 3406
f 3243 3406 3244
f 3244 3406 3407
f 3244 3407 3408
f 3244 3408 3409
f 3244 3409 3247
f 3247 3410 3411
f 3247 3411 3412
f 3247 3412 3248
f 3247 3409 3410
f 3248 3412 3249
f 3249 3412 3250
f 3250 3413 3251
f 3250 3412 3411
f 3250 3411 3414
f 3250 3414 3415
f 3250 3415 3413
f 3251 3416 3252
f 3251 3413 3417
f 3251 3417 3416
f 3252 3416 3253
f 3253 3418 3419
f 3253 3419 3254
f 3253 3416 3418
f 3254 3419 3259
f 3254 3259 3255
f 3255 3259 3420
f 3255 3420 3257
f 3255 3257 3256
f 3257 3420 3421
f 3257 3421 3258
f 3258 3421 3259
f 3259 3419 3422
f 3259 3422 3261
f 3259 3421 3420
f 3260 3262 3423
f 3260 3423 3424
f 3260 3424 3425
f 3260 3425 3426
f 3260 3426 3269
f 3261 3422 3427
f 3261 3427 3428
f 3261 3428 3429
f 3261 3429 3430
f 3261 3430 3431
f 3261 3431 3262
f 3262 3432 3433
f 3262 3433 3434
f 3262 3434 3435
f 3262 3435 3424
f 3262 3424 3423
f 3262 3431 3436
f 3262 3436 3432
f 3263 3437 3438
f 3263 3438 3439
f 3263 3439 3440
f 3263 3440 3265
f 3263 3265 3264
f 3263 3269 3441
f 3263 3441 3442
f 3263 3442 3437
f 3265 3440 3443
f 3265 3443 3444
f 3265 3444 3445
f 3265 3445 3280
f 3265 3280 3446
f 3265 3446 3447
f 3265 3447 3266
f 3266 3447 3267
f 3267 3447 3448
f 3267 3448 3273
f 3269 3426 3449
f 3269 3449 3441
f 3270 3271 3272
f 3273 3448 3277
f 3274 3284 3450
f 3274 3450 3282
f 3274 3276 3451
f 3274 3451 3284
f 3275 3452 3453
f 3275 3453 3451
f 3275 3451 3276
f 3275 3281 3452
f 3277 3448 3454
f 3277 3454 3447
f 3277 3447 3446
f 3277 3446 3278
f 3278 3446 3279
f 3279 3446 3280
f 3280 3445 3444
f 3280 3444 3281
f 3281 3455 3456
f 3281 3456 3457
f 3281 3457 3452
f 3281 3444 3458
f 3281 3458 3459
f 3281 3459 3460
f 3281 3460 3461
f 3281 3461 3462
f 3281 3462 3455
f 3282 3450 3284
f 3282 3284 3463
f 3282 3463 3283
f 3283 3463 3284
f 3284 3464 3286
f 3284 3451 3464
f 3286 3465 3287
f 3286 3464 3453
f 3286 3453 3466
f 3286 3466 3465
f 3287 3465 3467
f 3287 3467 3288
f 3288 3467 3468
f 3288 3468 3469
f 3288 3469 3290
f 3288 3290 3289
f 3290 3469 3471
f 3290 3471 3470
f 3291 3392 3292
f 3291 3389 3392
f 3293 3472 3294
f 3294 3472 3473
f 3294 3473 3474
f 3294 3474 3475
f 3294 3475 3476
f 3294 3476 3295
f 3295 3476 3477
f 3295 3477 3296
f 3296 3477 3478
f 3296 3478 3479
f 3296 3479 3297
f 3297 3479 3298
f 3298 3479 3299
f 3299 3479 3480
f 3299 3480 3481
f 3299 3481 3300
f 3300 3482 3483
f 3300 3483 3484
f 3300 3484 3301
f 3300 3481 3480
f 3300 3480 3485
f 3300 3485 3482
f 3301 3484 3483
f 3301 3483 3486
f 3301 3486 3487
f 3301 3487 3488
f 3301 3488 3489
f 3301 3489 3304
f 3301 3304 3302
f 3304 3489 3305
f 3305 3490 3306
f 3305 3489 3488
f 3305 3488 3491
f 3305 3491 3490
f 3306 3490 3492
f 3306 3492 3493
f 3306 3493 3494
f 3306 3494 3495
f 3306 3495 3496
f 3306 3496 3497
f 3306 3497 3307
f 3307 3497 3498
f 3307 3498 3499
f 3307 3499 3308
f 3308 3499 3309
f 3309 3499 3500
f 3309 3500 3501
f 3309 3501 3310
f 3310 3501 3314
f 3310 3314 3312
f 3310 3312 3311
f 3312 3314 3313
f 3314 3501 3502
f 3314 3502 3315
f 3315 3502 3503
f 3315 3503 3316
f 3316 3503 3504
f 3316 3504 3318
f 3316 3318 3317
f 3318 3504 3505
f 3318 3505 3319
f 3319 3505 3506
f 3319 3506 3320
f 3320 3506 3321
f 3321 3507 3323
f 3321 3506 3508
f 3321 3508 3509
f 3321 3509 3507
f 3323 3510 3512
f 3323 3512 3324
f 3323 3507 3511
f 3323 3511 3510
f 3324 3512 3513
f 3324 3513 3514
f 3324 3514 3325
f 3325 3514 3515
f 3325 3515 3516
f 3325 3516 3326
f 3326 3516 3327
f 3327 3516 3517
f 3327 3517 3328
f 3328 3517 3518
f 3328 3518 3519
f 3328 3519 3329
f 3329 3519 3520
f 3329 3520 3330
f 3330 3520 3521
f 3330 3521 3522
f 3330 3522 3331
f 3331 3522 3339
f 3331 3339 3338
f 3332 3337 3333
f 3333 3337 3336
f 3333 3336 3334
f 3334 3336 3335
f 3339 3522 3523
f 3339 3523 3340
f 3340 3524 3525
f 3340 3525 3342
f 3340 3523 3526
f 3340 3526 3524
f 3341 3348 3346
f 3341 3345 3527
f 3341 3527 3348
f 3342 3525 3528
f 3342 3528 3529
f 3342 3529 3530
f 3342 3530 3531
f 3342 3531 3532
f 3342 3532 3343
f 3343 3532 3533
f 3343 3533 3534
f 3343 3534 3535
f 3343 3535 3344
f 3344 3535 3536
f 3344 3536 3345
f 3345 3536 3537
f 3345 3537 3351
f 3345 3350 3527
f 3346 3348 3347
f 3348 3527 3349
f 3349 3527 3350
f 3351 3537 3538
f 3351 3538 3352
f 3352 3538 3539
f 3352 3539 3355
f 3353 3356 3365
f 3353 3365 3364
f 3353 3364 3363
f 3353 3363 3540
f 3353 3540 3358
f 3353 3358 3357
f 3353 3357 3354
f 3355 3365 3356
f 3355 3539 3541
f 3355 3541 3542
f 3355 3542 3543
f 3355 3543 3544
f 3355 3544 3366
f 3355 3362 3365
f 3358 3363 3359
f 3358 3540 3363
f 3359 3363 3361
f 3359 3361 3360
f 3366 3544 3367
f 3367 3545 3546
f 3367 3546 3368
f 3367 3544 3547
f 3367 3547 3545
f 3368 3546 3545
f 3369 3391 3548
f 3369 3548 3370
f 3370 3548 3390
f 3370 3390 3549
f 3370 3549 3384
f 3370 3384 3383
f 3372 3378 3550
f 3372 3550 3551
f 3372 3551 3373
f 3373 3551 3552
f 3373 3552 3757
f 3373 3757 3553
f 3373 3553 3554
f 3373 3554 3374
f 3374 3554 3380
f 3375 3384 3555
f 3375 3555 3376
f 3376 3555 3556
f 3376 3556 3377
f 3377 3556 3557
f 3377 3557 3558
f 3377 3558 3559
f 3377 3559 3560
f 3377 3560 3561
f 3377 3561 3562
f 3377 3562 3378
f 3378 3562 3550
f 3380 3554 3563
f 3380 3563 3564
f 3380 3564 3388
f 3380 3388 3381
f 3381 3387 3382
f 3381 3388 3387
f 3384 3549 3565
f 3384 3565 3566
f 3384 3566 3567
f 3384 3567 3555
f 3386 3392 3389
f 3388 3564 3563
f 3388 3563 3393
f 3390 3548 3391
f 3393 3563 3568
f 3393 3568 3569
f 3393 3569 3394
f 3394 3569 3396
f 3395 3398 3570
f 3395 3570 3399
f 3396 3571 3397
f 3396 3569 3572
f 3396 3572 3571
f 3397 3571 3398
f 3398 3571 3573
f 3398 3573 3570
f 3399 3574 3575
f 3399 3575 3402
f 3399 3570 3574
f 3400 3405 3576
f 3400 3576 3401
f 3401 3576 3406
f 3402 3575 3403
f 3403 3577 3404
f 3403 3575 3574
f 3403 3574 3577
f 3404 3577 3574
f 3404 3574 3578
f 3404 3578 3579
f 3404 3579 3580
f 3404 3580 3581
f 3404 3581 3582
f 3404 3582 3583
f 3404 3583 3405
f 3405 3583 3584
f 3405 3584 3576
f 3406 3576 3407
f 3407 3576 3408
f 3408 3576 3584
f 3408 3584 3585
f 3408 3585 3409
f 3409 3585 3410
f 3410 3585 3411
f 3411 3586 3587
f 3411 3587 3414
f 3411 3585 3586
f 3413 3415 3588
f 3413 3588 3417
f 3414 3587 3415
f 3415 3587 3589
f 3415 3589 3590
f 3415 3590 3428
f 3415 3428 3588
f 3416 3417 3428
f 3416 3428 3591
f 3416 3591 3592
f 3416 3592 3418
f 3417 3588 3428
f 3418 3592 3422
f 3418 3422 3419
f 3422 3592 3427
f 3424 3435 3593
f 3424 3593 3594
f 3424 3594 3595
f 3424 3595 3425
f 3425 3595 3596
f 3425 3596 3426
f 3426 3596 3597
f 3426 3597 3598
f 3426 3598 3449
f 3427 3592 3428
f 3428 3592 3591
f 3428 3590 3429
f 3429 3590 3589
f 3429 3589 3430
f 3430 3589 3599
f 3430 3599 3436
f 3430 3436 3431
f 3432 3436 3433
f 3433 3436 3600
f 3433 3600 3601
f 3433 3601 3602
f 3433 3602 3603
f 3433 3603 3604
f 3433 3604 3605
f 3433 3605 3434
f 3434 3605 3435
f 3435 3605 3606
f 3435 3606 3607
f 3435 3607 3593
f 3436 3599 3608
f 3436 3608 3609
f 3436 3609 3610
f 3436 3610 3611
f 3436 3611 3600
f 3437 3612 3438
f 3437 3442 3613
f 3437 3613 3612
f 3438 3612 3614
f 3438 3614 3615
f 3438 3615 3616
f 3438 3616 3439
f 3439 3616 3440
f 3440 3616 3443
f 3441 3597 3595
f 3441 3595 3594
f 3441 3594 3617
f 3441 3617 3618
f 3441 3618 3619
f 3441 3619 3620
f 3441 3620 3442
f 3441 3449 3597
f 3442 3620 3613
f 3443 3616 3621
f 3443 3621 3444
f 3444 3621 3622
f 3444 3622 3458
f 3447 3454 3448
f 3449 3598 3597
f 3451 3453 3464
f 3452 3623 3624
f 3452 3624 3453
f 3452 3457 3623
f 3453 3624 3466
f 3455 3462 3625
f 3455 3625 3456
f 3456 3626 3627
f 3456 3627 3457
f 3456 3625 3628
f 3456 3628 3626
f 3457 3627 3629
f 3457 3629 3623
f 3458 3622 3630
f 3458 3630 3459
f 3459 3630 3460
f 3460 3631 3632
f 3460 3632 3461
f 3460 3630 3633
f 3460 3633 3634
f 3460 3634 3631
f 3461 3632 3635
f 3461 3635 3636
f 3461 3636 3637
f 3461 3637 3462
f 3462 3637 3625
f 3465 3466 3638
f 3465 3638 3639
f 3465 3639 3640
f 3465 3640 3641
f 3465 3641 3467
f 3466 3642 3639
f 3466 3639 3638
f 3466 3624 3643
f 3466 3643 3642
f 3467 3641 3644
f 3467 3644 3468
f 3468 3644 3469
f 3469 3644 3471
f 3470 3471 3646
f 3470 3646 3647
f 3470 3647 3648
f 3470 3648 3645
f 3471 3644 3641
f 3471 3641 3649
f 3471 3649 3650
f 3471 3650 3651
f 3471 3651 3652
f 3471 3652 3646
f 3472 3653 3654
f 3472 3654 3655
f 3472 3655 3656
f 3472 3656 3657
f 3472 3657 3473
f 3473 3657 3656
f 3473 3656 3658
f 3473 3658 3474
f 3474 3658 3659
f 3474 3659 3660
f 3474 3660 3475
f 3475 3660 3476
f 3476 3661 3662
f 3476 3662 3478
f 3476 3478 3477
f 3476 3660 3663
f 3476 3663 3664
f 3476 3664 3665
f 3476 3665 3666
f 3476 3666 3667
f 3476 3667 3661
f 3478 3668 3669
f 3478 3669 3672
f 3478 3672 3670
f 3478 3670 3479
f 3478 3662 3671
f 3478 3671 3482
f 3478 3482 3668
f 3479 3670 3672
f 3479 3672 3480
f 3480 3672 3485
f 3482 3485 3668
f 3482 3671 3483
f 3483 3673 3674
f 3483 3674 3675
f 3483 3675 3676
f 3483 3676 3677
f 3483 3677 3678
f 3483 3678 3679
f 3483 3679 3680
f 3483 3680 3681
f 3483 3681 3682
f 3483 3682 3683
f 3483 3683 3486
f 3483 3671 3673
f 3485 3672 3668
f 3486 3683 3487
f 3487 3683 3684
f 3487 3684 3685
f 3487 3685 3686
f 3487 3686 3687
f 3487 3687 3491
f 3487 3491 3488
f 3490 3491 3492
f 3491 3687 3492
f 3492 3687 3493
f 3493 3687 3688
f 3493 3688 3495
f 3493 3495 3494
f 3495 3688 3689
f 3495 3689 3690
f 3495 3690 3496
f 3496 3691 3692
f 3496 3692 3497
f 3496 3690 3691
f 3497 3693 3498
f 3497 3692 3694
f 3497 3694 3693
f 3498 3693 3499
f 3499 3693 3500
f 3500 3693 3695
f 3500 3695 3696
f 3500 3696 3501
f 3501 3696 3697
f 3501 3697 3502
f 3502 3697 3698
f 3502 3698 3699
f 3502 3699 3504
f 3502 3504 3503
f 3504 3699 3700
f 3504 3700 3505
f 3505 3701 3506
f 3505 3700 3701
f 3506 3701 3508
f 3507 3509 3702
f 3507 3702 3511
f 3508 3701 3509
f 3509 3701 3703
f 3509 3703 3694
f 3509 3694 3704
f 3509 3704 3702
f 3510 3705 3706
f 3510 3706 3707
f 3510 3707 3708
f 3510 3708 3709
f 3510 3709 3512
f 3510 3511 3710
f 3510 3710 3711
f 3510 3711 3712
f 3510 3712 3705
f 3511 3702 3704
f 3511 3704 3901
f 3511 3901 3710
f 3512 3713 3513
f 3512 3709 3714
f 3512 3714 3715
f 3512 3715 3713
f 3513 3716 3717
f 3513 3717 3515
f 3513 3515 3514
f 3513 3713 3715
f 3513 3715 3718
f 3513 3718 3716
f 3515 3717 3719
f 3515 3719 3516
f 3516 3719 3517
f 3517 3720 3721
f 3517 3721 3518
f 3517 3719 3720
f 3518 3721 3519
f 3519 3721 3722
f 3519 3722 3723
f 3519 3723 3521
f 3519 3521 3520
f 3521 3723 3724
f 3521 3724 3522
f 3522 3724 3523
f 3523 3724 3526
f 3524 3526 3528
f 3524 3528 3525
f 3526 3724 3725
f 3526 3725 3528
f 3528 3725 3529
f 3529 3725 3926
f 3529 3926 3726
f 3529 3726 3530
f 3530 3726 3727
f 3530 3727 3728
f 3530 3728 3531
f 3531 3728 3729
f 3531 3729 3532
f 3532 3729 3730
f 3532 3730 3731
f 3532 3731 3732
f 3532 3732 3733
f 3532 3733 3734
f 3532 3734 3533
f 3533 3735 3736
f 3533 3736 3737
f 3533 3737 3738
f 3533 3738 3534
f 3533 3734 3735
f 3534 3738 3739
f 3534 3739 3537
f 3534 3537 3535
f 3535 3537 3536
f 3537 3739 3737
f 3537 3737 3538
f 3538 3541 3539
f 3538 3737 3736
f 3538 3736 3735
f 3538 3735 3740
f 3538 3740 3741
f 3538 3741 3742
f 3538 3742 3743
f 3538 3743 3542
f 3538 3542 3541
f 3542 3743 3742
f 3542 3742 3744
f 3542 3744 3745
f 3542 3745 3543
f 3543 3745 3746
f 3543 3746 3747
f 3543 3747 3545
f 3543 3545 3748
f 3543 3748 3544
f 3544 3748 3547
f 3545 3547 3749
f 3545 3749 3748
f 3547 3748 3749
f 3550 3562 3551
f 3551 3562 3750
f 3551 3750 3751
f 3551 3751 3752
f 3551 3752 3753
f 3551 3753 3754
f 3551 3754 3552
f 3552 3754 3755
f 3552 3755 3756
f 3552 3756 3757
f 3553 3757 3758
f 3553 3758 3759
f 3553 3759 3554
f 3554 3759 3563
f 3555 3567 3760
f 3555 3760 3556
f 3556 3760 3761
f 3556 3761 3566
f 3556 3566 3762
f 3556 3762 3763
f 3556 3763 3557
f 3557 3763 3764
f 3557 3764 3558
f 3558 3764 3765
f 3558 3765 3766
f 3558 3766 3767
f 3558 3767 3768
f 3558 3768 3559
f 3559 3768 3767
f 3559 3769 3770
f 3559 3770 3560
f 3560 3770 3771
f 3560 3771 3772
f 3560 3772 3561
f 3561 3772 3773
f 3561 3773 3562
f 3562 3773 3774
f 3562 3774 3750
f 3563 3759 3568
f 3566 3761 3775
f 3566 3775 3567
f 3567 3775 3760
f 3568 3759 3569
f 3569 3759 3776
f 3569 3776 3777
f 3569 3777 3572
f 3570 3573 3778
f 3570 3778 3779
f 3570 3779 3780
f 3570 3780 3781
f 3570 3781 3782
f 3570 3782 3574
f 3571 3572 3777
f 3571 3777 3573
f 3573 3777 3783
f 3573 3783 3784
f 3573 3784 3785
f 3573 3785 3786
f 3573 3786 3778
f 3574 3782 3578
f 3578 3787 3788
f 3578 3788 3579
f 3578 3782 3789
f 3578 3789 3787
f 3579 3788 3790
f 3579 3790 3791
f 3579 3791 3580
f 3580 3792 3793
f 3580 3793 3794
f 3580 3794 3795
f 3580 3795 3796
f 3580 3796 3797
f 3580 3797 3798
f 3580 3798 3582
f 3580 3582 3581
f 3580 3791 3799
f 3580 3799 3792
f 3582 3798 3583
f 3583 3798 3585
f 3583 3585 3584
f 3585 3798 3589
f 3585 3589 3587
f 3585 3587 3586
f 3589 3798 3797
f 3589 3797 3599
f 3593 3607 3594
f 3594 3607 3800
f 3594 3800 3801
f 3594 3801 3802
f 3594 3802 3617
f 3595 3597 3596
f 3599 3803 3804
f 3599 3804 3608
f 3599 3797 3803
f 3600 3611 3601
f 3601 3611 3805
f 3601 3805 3602
f 3602 3806 3603
f 3602 3805 3610
f 3602 3610 3806
f 3603 3806 3807
f 3603 3807 3808
f 3603 3808 3606
f 3603 3606 3604
f 3604 3606 3605
f 3606 3808 3809
f 3606 3809 3800
f 3606 3800 3607
f 3608 3804 3609
f 3609 3810 3811
f 3609 3811 3610
f 3609 3804 3810
f 3610 3811 3806
f 3610 3805 3611
f 3612 3812 3813
f 3612 3813 3814
f 3612 3814 3615
f 3612 3615 3614
f 3612 3613 3812
f 3613 3620 3815
f 3613 3815 3812
f 3615 3816 3616
f 3615 3814 3816
f 3616 3622 3621
f 3616 3816 3622
f 3617 3802 3817
f 3617 3817 3618
f 3618 3817 3619
f 3619 3815 3620
f 3619 3817 3818
f 3619 3818 3819
f 3619 3819 3634
f 3619 3634 3633
f 3619 3633 3622
f 3619 3622 3820
f 3619 3820 3813
f 3619 3813 3815
f 3622 3816 3814
f 3622 3814 3813
f 3622 3813 3820
f 3622 3633 3630
f 3623 3629 3624
f 3624 3629 3642
f 3624 3642 3643
f 3625 3637 3821
f 3625 3821 3822
f 3625 3822 3628
f 3626 3628 3823
f 3626 3823 3824
f 3626 3824 3825
f 3626 3825 3826
f 3626 3826 3629
f 3626 3629 3627
f 3628 3822 3827
f 3628 3827 3828
f 3628 3828 3823
f 3629 3826 3829
f 3629 3829 3830
f 3629 3830 3831
f 3629 3831 3832
f 3629 3832 3649
f 3629 3649 3642
f 3631 3634 3833
f 3631 3833 3834
f 3631 3834 3632
f 3632 3834 3635
f 3634 3819 3835
f 3634 3835 3833
f 3635 3834 3836
f 3635 3836 3636
f 3636 3836 3837
f 3636 3837 3637
f 3637 3837 3821
f 3639 3642 3640
f 3640 3642 3649
f 3640 3649 3641
f 3645 3648 3839
f 3645 3839 3838
f 3646 3652 3647
f 3647 3652 3840
f 3647 3840 3841
f 3647 3841 3842
f 3647 3842 3843
f 3647 3843 3648
f 3648 3843 3844
f 3648 3844 3845
f 3648 3845 3839
f 3649 3832 3846
f 3649 3846 3650
f 3650 3846 3651
f 3651 3840 3652
f 3651 3846 3847
f 3651 3847 3848
f 3651 3848 3840
f 3653 3849 3850
f 3653 3850 3654
f 3654 3850 3851
f 3654 3851 3655
f 3655 3851 3656
f 3656 3851 3658
f 3658 3851 3852
f 3658 3852 3659
f 3659 3852 3853
f 3659 3853 3854
f 3659 3854 3855
f 3659 3855 3856
f 3659 3856 3660
f 3660 3856 3857
f 3660 3857 3858
f 3660 3858 3663
f 3661 3667 3671
f 3661 3671 3662
f 3663 3858 3664
f 3664 3858 3665
f 3665 3859 3667
f 3665 3667 3666
f 3665 3858 3860
f 3665 3860 3675
f 3665 3675 3861
f 3665 3861 3859
f 3667 3859 3671
f 3668 3672 3669
f 3671 3859 3862
f 3671 3862 3673
f 3673 3863 3674
f 3673 3862 3864
f 3673 3864 3865
f 3673 3865 3863
f 3674 3863 3861
f 3674 3861 3675
f 3675 3866 3867
f 3675 3867 3868
f 3675 3868 3869
f 3675 3869 3870
f 3675 3870 3871
f 3675 3871 3872
f 3675 3872 3676
f 3675 3860 3866
f 3676 3872 3677
f 3677 3873 3679
f 3677 3679 3678
f 3677 3872 3871
f 3677 3871 3870
f 3677 3870 3874
f 3677 3874 3875
f 3677 3875 3873
f 3679 3681 3680
f 3679 3873 3876
f 3679 3876 3877
f 3679 3877 3878
f 3679 3878 3681
f 3681 3879 3880
f 3681 3880 3881
f 3681 3881 3882
f 3681 3882 3883
f 3681 3883 3884
f 3681 3884 3885
f 3681 3885 3682
f 3681 3878 3886
f 3681 3886 3879
f 3682 3885 3887
f 3682 3887 3683
f 3683 3888 3684
f 3683 3887 3889
f 3683 3889 3888
f 3684 3888 3890
f 3684 3890 3685
f 3685 3890 3891
f 3685 3891 3686
f 3686 3891 3892
f 3686 3892 3687
f 3687 3892 3891
f 3687 3891 3688
f 3688 3891 3893
f 3688 3893 3689
f 3689 3893 3690
f 3690 3893 3691
f 3691 3894 3692
f 3691 3893 3894
f 3692 3894 3889
f 3692 3889 3694
f 3693 3694 3695
f 3694 3895 3896
f 3694 3896 3897
f 3694 3897 3898
f 3694 3898 3899
f 3694 3899 3900
f 3694 3900 3901
f 3694 3901 3704
f 3694 3703 3699
f 3694 3699 3695
f 3694 3889 3902
f 3694 3902 3903
f 3694 3903 3895
f 3695 3699 3904
f 3695 3904 3696
f 3696 3904 3697
f 3697 3904 3699
f 3697 3699 3698
f 3699 3703 3700
f 3700 3703 3701
f 3705 3905 3707
f 3705 3707 3706
f 3705 3712 3911
f 3705 3911 3905
f 3707 3905 3906
f 3707 3906 3907
f 3707 3907 3908
f 3707 3908 3708
f 3708 3908 3714
f 3708 3714 3709
f 3710 3901 3909
f 3710 3909 3711
f 3711 3909 3910
f 3711 3910 3712
f 3712 3910 3911
f 3714 3912 3913
f 3714 3913 3715
f 3714 3908 3907
f 3714 3907 3914
f 3714 3914 3912
f 3715 3913 3915
f 3715 3915 3916
f 3715 3916 3917
f 3715 3917 3718
f 3716 3718 3717
f 3717 3718 3918
f 3717 3918 3919
f 3717 3919 3719
f 3718 3917 3920
f 3718 3920 3720
f 3718 3720 3919
f 3718 3919 3918
f 3719 3919 3720
f 3720 3921 3721
f 3720 3920 3922
f 3720 3922 3921
f 3721 3921 3923
f 3721 3923 3924
f 3721 3924 3722
f 3722 3725 3723
f 3722 3924 3925
f 3722 3925 3725
f 3723 3725 3724
f 3725 3925 3926
f 3726 3926 3927
f 3726 3927 3928
f 3726 3928 3727
f 3727 3928 3929
f 3727 3929 3731
f 3727 3731 3730
f 3727 3730 3728
f 3728 3730 3729
f 3731 3929 3930
f 3731 3930 3931
f 3731 3931 3732
f 3732 3931 3932
f 3732 3932 3733
f 3733 3933 3734
f 3733 3932 3934
f 3733 3934 3933
f 3734 3933 3935
f 3734 3935 3936
f 3734 3936 3937
f 3734 3937 3735
f 3735 3937 3938
f 3735 3938 3939
f 3735 3939 3741
f 3735 3741 3740
f 3737 3739 3738
f 3741 3939 3742
f 3742 3939 3940
f 3742 3940 3744
f 3744 3940 3941
f 3744 3941 3745
f 3745 3941 3940
f 3745 3940 3942
f 3745 3942 3937
f 3745 3937 3936
f 3745 3936 3943
f 3745 3943 3944
f 3745 3944 3746
f 3750 3774 3945
f 3750 3945 3946
f 3750 3946 3947
f 3750 3947 3948
f 3750 3948 3751
f 3751 3948 3949
f 3751 3949 3752
f 3752 3950 3755
f 3752 3755 3753
f 3752 3949 3951
f 3752 3951 3950
f 3753 3755 3754
f 3755 3952 3953
f 3755 3953 3954
f 3755 3954 3955
f 3755 3955 3956
f 3755 3956 3756
f 3755 3950 3951
f 3755 3951 3952
f 3756 3956 3757
f 3757 3956 3957
f 3757 3957 3958
f 3757 3958 3784
f 3757 3784 3758
f 3758 3784 3783
f 3758 3783 3776
f 3758 3776 3759
f 3760 3775 3761
f 3762 3765 3763
f 3763 3765 3764
f 3769 3959 3960
f 3769 3960 3770
f 3770 3960 3771
f 3771 3960 3772
f 3772 3960 3961
f 3772 3961 3962
f 3772 3962 3963
f 3772 3963 3773
f 3773 3963 3774
f 3774 3963 3964
f 3774 3964 3945
f 3776 3783 3777
f 3778 3965 3779
f 3778 3786 3966
f 3778 3966 3965
f 3779 3965 3967
f 3779 3967 3968
f 3779 3968 3969
f 3779 3969 3970
f 3779 3970 3781
f 3779 3781 3780
f 3781 3970 3971
f 3781 3971 3972
f 3781 3972 3782
f 3782 3972 3789
f 3784 3958 3785
f 3785 3958 3973
f 3785 3973 3974
f 3785 3974 3786
f 3786 3974 3975
f 3786 3975 3966
f 3787 3789 3976
f 3787 3976 3788
f 3788 3976 3977
f 3788 3977 3978
f 3788 3978 3979
f 3788 3979 3790
f 3789 3972 3976
f 3790 3979 3980
f 3790 3980 3791
f 3791 3980 3799
f 3792 3799 3980
f 3792 3980 3981
f 3792 3981 3982
f 3792 3982 3983
f 3792 3983 3984
f 3792 3984 3793
f 3793 3984 3985
f 3793 3985 3794
f 3794 3985 3986
f 3794 3986 3987
f 3794 3987 3988
f 3794 3988 3795
f 3795 3989 3990
f 3795 3990 3991
f 3795 3991 3796
f 3795 3988 3992
f 3795 3992 3989
f 3796 3991 3993
f 3796 3993 3797
f 3797 3993 3803
f 3800 3809 3808
f 3800 3808 3801
f 3801 3994 3817
f 3801 3817 3802
f 3801 3808 3995
f 3801 3995 3996
f 3801 3996 3997
f 3801 3997 3994
f 3803 3993 3804
f 3804 3998 3999
f 3804 3999 3810
f 3804 3993 3998
f 3806 3811 4000
f 3806 4000 3999
f 3806 3999 3995
f 3806 3995 3807
f 3807 3995 3808
f 3810 3999 3811
f 3811 3999 4000
f 3812 3815 3813
f 3817 3994 3997
f 3817 3997 4001
f 3817 4001 4002
f 3817 4002 4003
f 3817 4003 4004
f 3817 4004 4005
f 3817 4005 3818
f 3818 4006 3819
f 3818 4005 4007
f 3818 4007 4006
f 3819 4006 3835
f 3821 4008 3827
f 3821 3827 3822
f 3821 3837 4009
f 3821 4009 4010
f 3821 4010 4008
f 3823 3825 3824
f 3823 3828 4011
f 3823 4011 3825
f 3825 4011 4012
f 3825 4012 4013
f 3825 4013 4014
f 3825 4014 4015
f 3825 4015 4016
f 3825 4016 4017
f 3825 4017 3826
f 3826 4017 4018
f 3826 4018 3830
f 3826 3830 3829
f 3827 4008 4010
f 3827 4010 3828
f 3828 4010 4019
f 3828 4019 4020
f 3828 4020 3836
f 3828 3836 4011
f 3830 4018 4021
f 3830 4021 3831
f 3831 4021 3832
f 3832 4021 4016
f 3832 4016 3846
f 3833 3835 4006
f 3833 4006 3834
f 3834 4006 4007
f 3834 4007 4022
f 3834 4022 3836
f 3836 4020 4009
f 3836 4009 3837
f 3836 4022 4023
f 3836 4023 4024
f 3836 4024 4025
f 3836 4025 4026
f 3836 4026 4027
f 3836 4027 4028
f 3836 4028 4029
f 3836 4029 4030
f 3836 4030 4031
f 3836 4031 4032
f 3836 4032 4013
f 3836 4013 4033
f 3836 4033 4011
f 3838 4034 4035
f 3838 4035 3850
f 3838 3850 4036
f 3838 3839 4034
f 3839 3845 4037
f 3839 4037 4035
f 3839 4035 4034
f 3840 4038 4039
f 3840 4039 4037
f 3840 4037 3841
f 3840 3848 4040
f 3840 4040 4038
f 3841 4037 4041
f 3841 4041 3842
f 3842 4041 3843
f 3843 4041 3844
f 3844 4041 4037
f 3844 4037 3845
f 3846 4016 3847
f 3847 4016 4042
f 3847 4042 3848
f 3848 4042 4043
f 3848 4043 4040
f 3849 4036 3850
f 3850 4035 4044
f 3850 4044 3851
f 3851 4044 4045
f 3851 4045 4046
f 3851 4046 3852
f 3852 4046 3853
f 3853 4046 4047
f 3853 4047 4048
f 3853 4048 4049
f 3853 4049 3854
f 3854 4049 3855
f 3855 4049 4050
f 3855 4050 3856
f 3856 4050 4051
f 3856 4051 4052
f 3856 4052 4053
f 3856 4053 4054
f 3856 4054 3857
f 3857 4054 4055
f 3857 4055 3858
f 3858 4055 4056
f 3858 4056 4057
f 3858 4057 3860
f 3859 3864 3862
f 3859 3861 3864
f 3860 4057 4058
f 3860 4058 3866
f 3861 3863 3865
f 3861 3865 3864
f 3866 4059 3867
f 3866 4058 4060
f 3866 4060 4059
f 3867 4059 3868
f 3868 4059 4061
f 3868 4061 4062
f 3868 4062 3869
f 3869 4062 4063
f 3869 4063 4064
f 3869 4064 4065
f 3869 4065 4066
f 3869 4066 3874
f 3869 3874 3870
f 3873 3875 3876
f 3874 4066 4067
f 3874 4067 4068
f 3874 4068 4069
f 3874 4069 3875
f 3875 4069 4070
f 3875 4070 3876
f 3876 4070 4071
f 3876 4071 3878
f 3876 3878 3877
f 3878 4071 4070
f 3878 4070 4072
f 3878 4072 3886
f 3879 3886 4073
f 3879 4073 4074
f 3879 4074 3880
f 3880 3882 3881
f 3880 4074 4075
f 3880 4075 4076
f 3880 4076 3882
f 3882 4077 3887
f 3882 3887 3885
f 3882 3885 3884
f 3882 3884 3883
f 3882 4076 4078
f 3882 4078 4079
f 3882 4079 4077
f 3886 4072 4080
f 3886 4080 4081
f 3886 4081 4082
f 3886 4082 4073
f 3887 4077 4083
f 3887 4083 4084
f 3887 4084 3902
f 3887 3902 3889
f 3888 3889 3890
f 3889 3894 4085
f 3889 4085 4086
f 3889 4086 4087
f 3889 4087 3891
f 3889 3891 3890
f 3891 4087 3894
f 3891 3894 4088
f 3891 4088 3893
f 3893 4088 3894
f 3894 4086 4085
f 3894 4087 4086
f 3895 3903 3896
f 3896 3903 4089
f 3896 4089 4090
f 3896 4090 3898
f 3896 3898 3897
f 3898 4091 4092
f 3898 4092 3899
f 3898 4090 4091
f 3899 4092 4093
f 3899 4093 4094
f 3899 4094 3900
f 3900 4094 4095
f 3900 4095 4096
f 3900 4096 3901
f 3901 3910 3909
f 3901 4096 3910
f 3902 4084 4097
f 3902 4097 4098
f 3902 4098 3903
f 3903 4098 4089
f 3905 4096 3906
f 3905 3911 4096
f 3906 4096 4095
f 3906 4095 4099
f 3906 4099 4100
f 3906 4100 4101
f 3906 4101 4102
f 3906 4102 3907
f 3907 4102 3914
f 3910 4096 3911
f 3912 4103 4104
f 3912 4104 4105
f 3912 4105 4106
f 3912 4106 3915
f 3912 3915 3913
f 3912 3914 4107
f 3912 4107 4099
f 3912 4099 4103
f 3914 4102 4101
f 3914 4101 4100
f 3914 4100 4107
f 3915 4106 4108
f 3915 4108 4109
f 3915 4109 3916
f 3916 4109 3917
f 3917 4109 3920
f 3920 4109 3922
f 3921 3922 4110
f 3921 4110 3923
f 3922 4109 4110
f 3923 4110 3924
f 3924 4111 4112
f 3924 4112 3925
f 3924 4110 4111
f 3925 4112 4113
f 3925 4113 3926
f 3926 4113 4114
f 3926 4114 4115
f 3926 4115 3927
f 3927 4115 4116
f 3927 4116 3928
f 3928 4116 4117
f 3928 4117 3929
f 3929 4117 4118
f 3929 4118 3930
f 3930 3934 3931
f 3930 4118 4119
f 3930 4119 4120
f 3930 4120 3934
f 3931 3934 3932
f 3933 4121 4122
f 3933 4122 4123
f 3933 4123 3936
f 3933 3936 3935
f 3933 3934 4124
f 3933 4124 4121
f 3934 4120 4125
f 3934 4125 4126
f 3934 4126 4127
f 3934 4127 4128
f 3934 4128 4124
f 3936 4123 3943
f 3937 3942 3938
f 3938 3942 3939
f 3939 3942 3940
f 3943 4129 4130
f 3943 4130 4131
f 3943 4131 3944
f 3943 4123 4122
f 3943 4122 4129
f 3945 3964 3946
f 3946 3964 4132
f 3946 4132 4133
f 3946 4133 4134
f 3946 4134 4135
f 3946 4135 4136
f 3946 4136 3948
f 3946 3948 3947
f 3948 4137 3949
f 3948 4136 4137
f 3949 4137 3951
f 3951 4137 4138
f 3951 4138 3952
f 3952 4138 4139
f 3952 4139 4140
f 3952 4140 4141
f 3952 4141 3953
f 3953 4142 4143
f 3953 4143 4144
f 3953 4144 3954
f 3953 4141 4145
f 3953 4145 4146
f 3953 4146 4142
f 3954 4144 4147
f 3954 4147 4148
f 3954 4148 4149
f 3954 4149 3955
f 3955 4149 4150
f 3955 4150 3956
f 3956 4150 3974
f 3956 3974 3957
f 3957 3974 3958
f 3958 3974 3973
f 3959 3961 3960
f 3961 3963 3962
f 3965 3966 3975
f 3965 3975 4151
f 3965 4151 3967
f 3967 4151 3968
f 3968 4151 4152
f 3968 4152 3969
f 3969 4153 4154
f 3969 4154 3970
f 3969 4152 4153
f 3970 4154 3971
f 3971 4154 4155
f 3971 4155 3976
f 3971 3976 3972
f 3974 4150 4156
f 3974 4156 3975
f 3975 4156 4151
f 3976 4155 3978
f 3976 3978 3977
f 3978 4155 3979
f 3979 4155 4154
f 3979 4154 4157
f 3979 4157 3980
f 3980 4157 4158
f 3980 4158 4159
f 3980 4159 4160
f 3980 4160 3983
f 3980 3983 3982
f 3980 3982 3981
f 3983 4160 4159
f 3983 4159 3984
f 3984 4159 3985
f 3985 4159 4161
f 3985 4161 3987
f 3985 3987 3986
f 3987 4162 3992
f 3987 3992 3988
f 3987 4161 4163
f 3987 4163 4162
f 3989 3992 4164
f 3989 4164 3990
f 3990 4164 4165
f 3990 4165 4166
f 3990 4166 4167
f 3990 4167 3991
f 3991 4167 3993
f 3992 4162 4164
f 3993 4167 4168
f 3993 4168 4169
f 3993 4169 3998
f 3995 3999 3996
f 3996 3999 4170
f 3996 4170 4171
f 3996 4171 3997
f 3997 4172 4173
f 3997 4173 4001
f 3997 4171 4174
f 3997 4174 4172
f 3998 4169 4175
f 3998 4175 4176
f 3998 4176 4177
f 3998 4177 4170
f 3998 4170 3999
f 4001 4173 4178
f 4001 4178 4002
f 4002 4179 4180
f 4002 4180 4181
f 4002 4181 4004
f 4002 4004 4003
f 4002 4178 4179
f 4004 4007 4005
f 4004 4181 4180
f 4004 4180 4023
f 4004 4023 4007
f 4007 4023 4022
f 4009 4020 4019
f 4009 4019 4010
f 4011 4033 4012
f 4012 4033 4013
f 4013 4032 4182
f 4013 4182 4183
f 4013 4183 4014
f 4014 4183 4015
f 4015 4183 4184
f 4015 4184 4185
f 4015 4185 4186
f 4015 4186 4016
f 4016 4021 4017
f 4016 4186 4042
f 4017 4021 4018
f 4023 4187 4188
f 4023 4188 4189
f 4023 4189 4024
f 4023 4180 4190
f 4023 4190 4191
f 4023 4191 4192
f 4023 4192 4193
f 4023 4193 4174
f 4023 4174 4187
f 4024 4189 4194
f 4024 4194 4025
f 4025 4194 4195
f 4025 4195 4196
f 4025 4196 4197
f 4025 4197 4026
f 4026 4198 4199
f 4026 4199 4200
f 4026 4200 4201
f 4026 4201 4027
f 4026 4197 4198
f 4027 4201 4202
f 4027 4202 4028
f 4028 4202 4203
f 4028 4203 4029
f 4029 4203 4204
f 4029 4204 4205
f 4029 4205 4206
f 4029 4206 4030
f 4030 4207 4214
f 4030 4214 4031
f 4030 4206 4208
f 4030 4208 4209
f 4030 4209 4210
f 4030 4210 4211
f 4030 4211 4212
f 4030 4212 4213
f 4030 4213 4207
f 4031 4214 4032
f 4032 4214 4182
f 4035 4037 4215
f 4035 4215 4038
f 4035 4038 4044
f 4037 4039 4216
f 4037 4216 4215
f 4038 4215 4216
f 4038 4216 4039
f 4038 4040 4217
f 4038 4217 4218
f 4038 4218 4044
f 4040 4043 4219
f 4040 4219 4217
f 4042 4186 4185
f 4042 4185 4043
f 4043 4185 4220
f 4043 4220 4219
f 4044 4218 4045
f 4045 4218 4221
f 4045 4221 4222
f 4045 4222 4046
f 4046 4222 4223
f 4046 4223 4224
f 4046 4224 4047
f 4047 4224 4048
f 4048 4224 4225
f 4048 4225 4050
f 4048 4050 4049
f 4050 4225 4051
f 4051 4225 4419
f 4051 4419 4226
f 4051 4226 4227
f 4051 4227 4052
f 4052 4227 4055
f 4052 4055 4053
f 4053 4055 4054
f 4055 4228 4056
f 4055 4227 4229
f 4055 4229 4228
f 4056 4229 4060
f 4056 4060 4058
f 4056 4058 4057
f 4056 4228 4229
f 4059 4230 4061
f 4059 4060 4231
f 4059 4231 4232
f 4059 4232 4230
f 4060 4229 4233
f 4060 4233 4231
f 4061 4230 4234
f 4061 4234 4063
f 4061 4063 4062
f 4063 4234 4235
f 4063 4235 4236
f 4063 4236 4237
f 4063 4237 4238
f 4063 4238 4239
f 4063 4239 4064
f 4064 4240 4241
f 4064 4241 4242
f 4064 4242 4065
f 4064 4239 4243
f 4064 4243 4240
f 4065 4242 4066
f 4066 4242 4244
f 4066 4244 4245
f 4066 4245 4067
f 4067 4245 4246
f 4067 4246 4068
f 4068 4070 4069
f 4068 4246 4070
f 4070 4246 4072
f 4072 4246 4247
f 4072 4247 4080
f 4073 4082 4248
f 4073 4248 4249
f 4073 4249 4250
f 4073 4250 4074
f 4074 4250 4251
f 4074 4251 4075
f 4075 4251 4078
f 4075 4078 4076
f 4077 4079 4252
f 4077 4252 4083
f 4078 4251 4253
f 4078 4253 4254
f 4078 4254 4079
f 4079 4254 4255
f 4079 4255 4256
f 4079 4256 4252
f 4080 4257 4082
f 4080 4082 4081
f 4080 4247 4248
f 4080 4248 4257
f 4082 4257 4248
f 4083 4252 4258
f 4083 4258 4259
f 4083 4259 4084
f 4084 4259 4260
f 4084 4260 4092
f 4084 4092 4261
f 4084 4261 4097
f 4089 4098 4090
f 4090 4098 4091
f 4091 4261 4092
f 4091 4098 4097
f 4091 4097 4261
f 4092 4260 4262
f 4092 4262 4263
f 4092 4263 4093
f 4093 4263 4103
f 4093 4103 4264
f 4093 4264 4094
f 4094 4264 4103
f 4094 4103 4099
f 4094 4099 4095
f 4099 4107 4100
f 4103 4105 4104
f 4103 4263 4265
f 4103 4265 4105
f 4105 4266 4267
f 4105 4267 4268
f 4105 4268 4269
f 4105 4269 4106
f 4105 4265 4255
f 4105 4255 4270
f 4105 4270 4271
f 4105 4271 4272
f 4105 4272 4273
f 4105 4273 4266
f 4106 4269 4274
f 4106 4274 4108
f 4108 4274 4275
f 4108 4275 4276
f 4108 4276 4277
f 4108 4277 4278
f 4108 4278 4279
f 4108 4279 4280
f 4108 4280 4281
f 4108 4281 4282
f 4108 4282 4283
f 4108 4283 4284
f 4108 4284 4285
f 4108 4285 4286
f 4108 4286 4110
f 4108 4110 4109
f 4110 4286 4287
f 4110 4287 4111
f 4111 4287 4286
f 4111 4286 4288
f 4111 4288 4289
f 4111 4289 4112
f 4112 4289 4290
f 4112 4290 4291
f 4112 4291 4292
f 4112 4292 4293
f 4112 4293 4294
f 4112 4294 4295
f 4112 4295 4296
f 4112 4296 4297
f 4112 4297 4298
f 4112 4298 4114
f 4112 4114 4113
f 4114 4298 4299
f 4114 4299 4300
f 4114 4300 4301
f 4114 4301 4302
f 4114 4302 4115
f 4115 4302 4301
f 4115 4301 4116
f 4116 4301 4119
f 4116 4119 4117
f 4117 4119 4118
f 4119 4300 4299
f 4119 4299 4303
f 4119 4303 4125
f 4119 4125 4120
f 4119 4301 4300
f 4121 4124 4304
f 4121 4304 4122
f 4122 4304 4129
f 4124 4128 4305
f 4125 4303 4127
f 4125 4127 4126
f 4127 4303 4128
f 4128 4303 4305
f 4129 4306 4130
f 4130 4306 4307
f 4130 4307 4131
f 4132 4308 4309
f 4132 4309 4133
f 4133 4310 4311
f 4133 4311 4134
f 4133 4309 4312
f 4133 4312 4313
f 4133 4313 4500
f 4133 4500 4314
f 4133 4314 4310
f 4134 4311 4315
f 4134 4315 4316
f 4134 4316 4317
f 4134 4317 4318
f 4134 4318 4319
f 4134 4319 4135
f 4135 4319 4138
f 4135 4138 4137
f 4135 4137 4136
f 4138 4319 4139
f 4139 4319 4140
f 4140 4319 4318
f 4140 4318 4317
f 4140 4317 4320
f 4140 4320 4141
f 4141 4320 4321
f 4141 4321 4322
f 4141 4322 4146
f 4141 4146 4323
f 4141 4323 4145
f 4142 4324 4143
f 4142 4146 4324
f 4143 4324 4325
f 4143 4325 4144
f 4144 4325 4326
f 4144 4326 4327
f 4144 4327 4328
f 4144 4328 4329
f 4144 4329 4330
f 4144 4330 4331
f 4144 4331 4332
f 4144 4332 4147
f 4145 4323 4146
f 4146 4322 4317
f 4146 4317 4316
f 4146 4316 4333
f 4146 4333 4334
f 4146 4334 4335
f 4146 4335 4336
f 4146 4336 4337
f 4146 4337 4338
f 4146 4338 4339
f 4146 4339 4340
f 4146 4340 4341
f 4146 4341 4324
f 4147 4332 4148
f 4148 4342 4343
f 4148 4343 4344
f 4148 4344 4345
f 4148 4345 4149
f 4148 4332 4331
f 4148 4331 4346
f 4148 4346 4347
f 4148 4347 4342
f 4149 4348 4150
f 4149 4345 4349
f 4149 4349 4348
f 4150 4348 4156
f 4151 4156 4152
f 4152 4156 4350
f 4152 4350 4153
f 4153 4351 4157
f 4153 4157 4154
f 4153 4350 4156
f 4153 4156 4348
f 4153 4348 4349
f 4153 4349 4351
f 4157 4351 4158
f 4158 4351 4352
f 4158 4352 4353
f 4158 4353 4159
f 4159 4353 4354
f 4159 4354 4355
f 4159 4355 4161
f 4161 4355 4356
f 4161 4356 4357
f 4161 4357 4358
f 4161 4358 4359
f 4161 4359 4163
f 4162 4174 4360
f 4162 4360 4361
f 4162 4361 4164
f 4162 4163 4174
f 4163 4359 4174
f 4164 4361 4165
f 4165 4362 4363
f 4165 4363 4364
f 4165 4364 4166
f 4165 4361 4365
f 4165 4365 4174
f 4165 4174 4362
f 4166 4364 4167
f 4167 4364 4366
f 4167 4366 4168
f 4168 4366 4169
f 4169 4366 4367
f 4169 4367 4175
f 4170 4177 4363
f 4170 4363 4368
f 4170 4368 4171
f 4171 4368 4174
f 4172 4369 4192
f 4172 4192 4173
f 4172 4174 4370
f 4172 4370 4369
f 4173 4192 4191
f 4173 4191 4178
f 4174 4368 4362
f 4174 4365 4360
f 4174 4359 4357
f 4174 4357 4371
f 4174 4371 4372
f 4174 4372 4373
f 4174 4373 4374
f 4174 4374 4375
f 4174 4375 4187
f 4174 4193 4370
f 4175 4367 4176
f 4176 4367 4363
f 4176 4363 4177
f 4178 4191 4190
f 4178 4190 4179
f 4179 4190 4180
f 4182 4214 4376
f 4182 4376 4213
f 4182 4213 4377
f 4182 4377 4183
f 4183 4377 4378
f 4183 4378 4184
f 4184 4378 4379
f 4184 4379 4380
f 4184 4380 4381
f 4184 4381 4382
f 4184 4382 4221
f 4184 4221 4383
f 4184 4383 4384
f 4184 4384 4185
f 4185 4384 4220
f 4187 4385 4386
f 4187 4386 4194
f 4187 4194 4189
f 4187 4189 4188
f 4187 4375 4385
f 4192 4369 4193
f 4193 4369 4370
f 4194 4386 4387
f 4194 4387 4195
f 4195 4387 4386
f 4195 4386 4388
f 4195 4388 4196
f 4196 4388 4197
f 4197 4388 4389
f 4197 4389 4390
f 4197 4390 4391
f 4197 4391 4392
f 4197 4392 4393
f 4197 4393 4198
f 4198 4394 4199
f 4198 4393 4394
f 4199 4394 4395
f 4199 4395 4200
f 4200 4395 4396
f 4200 4396 4201
f 4201 4396 4397
f 4201 4397 4202
f 4202 4397 4398
f 4202 4398 4203
f 4203 4398 4399
f 4203 4399 4400
f 4203 4400 4204
f 4204 4400 4401
f 4204 4401 4205
f 4205 4402 4403
f 4205 4403 4206
f 4205 4401 4404
f 4205 4404 4405
f 4205 4405 4402
f 4206 4403 4406
f 4206 4406 4407
f 4206 4407 4408
f 4206 4408 4409
f 4206 4409 4208
f 4207 4213 4376
f 4207 4376 4214
f 4208 4409 4209
f 4209 4409 4408
f 4209 4408 4210
f 4210 4410 4411
f 4210 4411 4211
f 4210 4408 4410
f 4211 4411 4412
f 4211 4412 4212
f 4212 4413 4213
f 4212 4412 4378
f 4212 4378 4377
f 4212 4377 4413
f 4213 4413 4377
f 4217 4219 4220
f 4217 4220 4414
f 4217 4414 4218
f 4218 4414 4384
f 4218 4384 4383
f 4218 4383 4221
f 4220 4384 4414
f 4221 4382 4415
f 4221 4415 4222
f 4222 4415 4416
f 4222 4416 4417
f 4222 4417 4418
f 4222 4418 4223
f 4223 4418 4224
f 4224 4418 4225
f 4225 4418 4419
f 4226 4419 4420
f 4226 4420 4421
f 4226 4421 4422
f 4226 4422 4423
f 4226 4423 4227
f 4227 4423 4229
f 4229 4423 4422
f 4229 4422 4424
f 4229 4424 4233
f 4230 4425 4234
f 4230 4232 4420
f 4230 4420 4426
f 4230 4426 4427
f 4230 4427 4425
f 4231 4233 4424
f 4231 4424 4422
f 4231 4422 4428
f 4231 4428 4421
f 4231 4421 4232
f 4232 4421 4420
f 4234 4425 4235
f 4235 4425 4236
f 4236 4429 4430
f 4236 4430 4238
f 4236 4238 4237
f 4236 4425 4431
f 4236 4431 4432
f 4236 4432 4433
f 4236 4433 4429
f 4238 4430 4434
f 4238 4434 4435
f 4238 4435 4436
f 4238 4436 4239
f 4239 4436 4435
f 4239 4435 4243
f 4240 4243 4437
f 4240 4437 4438
f 4240 4438 4241
f 4241 4438 4439
f 4241 4439 4440
f 4241 4440 4242
f 4242 4440 4441
f 4242 4441 4442
f 4242 4442 4443
f 4242 4443 4444
f 4242 4444 4445
f 4242 4445 4244
f 4243 4435 4437
f 4244 4445 4446
f 4244 4446 4447
f 4244 4447 4245
f 4245 4447 4448
f 4245 4448 4449
f 4245 4449 4247
f 4245 4247 4246
f 4247 4450 4451
f 4247 4451 4452
f 4247 4452 4248
f 4247 4449 4448
f 4247 4448 4453
f 4247 4453 4454
f 4247 4454 4455
f 4247 4455 4456
f 4247 4456 4450
f 4248 4452 4457
f 4248 4457 4249
f 4249 4457 4458
f 4249 4458 4459
f 4249 4459 4251
f 4249 4251 4250
f 4251 4459 4254
f 4251 4254 4253
f 4252 4256 4460
f 4252 4460 4461
f 4252 4461 4462
f 4252 4462 4258
f 4254 4459 4463
f 4254 4463 4270
f 4254 4270 4255
f 4255 4265 4464
f 4255 4464 4461
f 4255 4461 4460
f 4255 4460 4256
f 4258 4462 4259
f 4259 4462 4260
f 4260 4462 4263
f 4260 4263 4262
f 4263 4462 4461
f 4263 4461 4464
f 4263 4464 4265
f 4266 4465 4466
f 4266 4466 4267
f 4266 4273 4465
f 4267 4466 4467
f 4267 4467 4468
f 4267 4468 4268
f 4268 4468 4469
f 4268 4469 4470
f 4268 4470 4269
f 4269 4470 4274
f 4270 4463 4458
f 4270 4458 4271
f 4271 4458 4457
f 4271 4457 4452
f 4271 4452 4272
f 4272 4452 4273
f 4273 4452 4451
f 4273 4451 4471
f 4273 4471 4465
f 4274 4472 4473
f 4274 4473 4474
f 4274 4474 4277
f 4274 4277 4276
f 4274 4276 4275
f 4274 4470 4475
f 4274 4475 4472
f 4277 4474 4476
f 4277 4476 4278
f 4278 4476 4477
f 4278 4477 4478
f 4278 4478 4479
f 4278 4479 4280
f 4278 4280 4279
f 4280 4479 4281
f 4281 4479 4480
f 4281 4480 4481
f 4281 4481 4482
f 4281 4482 4483
f 4281 4483 4282
f 4282 4483 4290
f 4282 4290 4289
f 4282 4289 4484
f 4282 4484 4283
f 4283 4484 4284
f 4284 4484 4285
f 4285 4484 4286
f 4286 4484 4288
f 4288 4484 4485
f 4288 4485 4486
f 4288 4486 4289
f 4289 4486 4485
f 4289 4485 4484
f 4290 4483 4482
f 4290 4482 4487
f 4290 4488 4291
f 4291 4488 4292
f 4292 4294 4293
f 4294 4489 4490
f 4294 4490 4295
f 4295 4490 4296
f 4296 4490 4297
f 4297 4490 4491
f 4297 4491 4299
f 4297 4299 4298
f 4299 4491 4492
f 4299 4492 4493
f 4299 4493 4303
f 4308 4494 4495
f 4308 4495 4496
f 4308 4496 4497
f 4308 4497 4309
f 4309 4497 4312
f 4310 4498 4315
f 4310 4315 4311
f 4310 4314 4498
f 4312 4497 4499
f 4312 4499 4500
f 4312 4500 4313
f 4314 4338 4498
f 4314 4500 4501
f 4314 4501 4502
f 4314 4502 4338
f 4315 4334 4333
f 4315 4333 4316
f 4315 4498 4338
f 4315 4338 4334
f 4317 4322 4321
f 4317 4321 4320
f 4324 4341 4325
f 4325 4341 4340
f 4325 4340 4327
f 4325 4327 4326
f 4327 4340 4328
f 4328 4340 4329
f 4329 4338 4503
f 4329 4503 4504
f 4329 4504 4330
f 4329 4340 4338
f 4330 4347 4331
f 4330 4504 4347
f 4331 4347 4346
f 4334 4337 4335
f 4334 4338 4337
f 4335 4337 4336
f 4338 4502 4505
f 4338 4505 4506
f 4338 4506 4504
f 4338 4504 4503
f 4338 4340 4339
f 4342 4507 4343
f 4342 4347 4507
f 4343 4345 4344
f 4343 4507 4511
f 4343 4511 4352
f 4343 4352 4345
f 4345 4352 4351
f 4345 4351 4349
f 4347 4504 4508
f 4347 4508 4509
f 4347 4509 4507
f 4352 4510 4354
f 4352 4354 4353
f 4352 4511 4512
f 4352 4512 4510
f 4354 4510 4513
f 4354 4513 4355
f 4355 4513 4514
f 4355 4514 4515
f 4355 4515 4516
f 4355 4516 4517
f 4355 4517 4356
f 4356 4517 4518
f 4356 4518 4519
f 4356 4519 4357
f 4357 4519 4371
f 4357 4359 4358
f 4360 4365 4361
f 4362 4368 4363
f 4363 4520 4364
f 4363 4367 4520
f 4364 4520 4367
f 4364 4367 4366
f 4371 4521 4522
f 4371 4522 4523
f 4371 4523 4524
f 4371 4524 4372
f 4371 4519 4525
f 4371 4525 4526
f 4371 4526 4527
f 4371 4527 4528
f 4371 4528 4521
f 4372 4529 4530
f 4372 4530 4373
f 4372 4524 4531
f 4372 4531 4532
f 4372 4532 4529
f 4373 4533 4534
f 4373 4534 4535
f 4373 4535 4375
f 4373 4375 4374
f 4373 4530 4533
f 4375 4535 4385
f 4378 4412 4379
f 4379 4536 4537
f 4379 4537 4380
f 4379 4412 4536
f 4380 4417 4382
f 4380 4382 4538
f 4380 4538 4381
f 4380 4537 4417
f 4381 4538 4382
f 4382 4417 4416
f 4382 4416 4415
f 4385 4535 4534
f 4385 4534 4539
f 4385 4539 4386
f 4386 4539 4388
f 4388 4539 4534
f 4388 4534 4540
f 4388 4540 4541
f 4388 4541 4542
f 4388 4542 4389
f 4389 4542 4541
f 4389 4541 4543
f 4389 4543 4544
f 4389 4544 4545
f 4389 4545 4546
f 4389 4546 4547
f 4389 4547 4548
f 4389 4548 4391
f 4389 4391 4390
f 4391 4548 4392
f 4392 4548 4393
f 4393 4548 4549
f 4393 4549 4550
f 4393 4550 4394
f 4394 4550 4397
f 4394 4397 4395
f 4395 4397 4396
f 4397 4550 4398
f 4398 4550 4399
f 4399 4550 4400
f 4400 4550 4551
f 4400 4551 4552
f 4400 4552 4401
f 4401 4553 4554
f 4401 4554 4404
f 4401 4552 4555
f 4401 4555 4556
f 4401 4556 4557
f 4401 4557 4553
f 4402 4558 4559
f 4402 4559 4403
f 4402 4405 4558
f 4403 4559 4406
f 4404 4560 4405
f 4404 4554 4553
f 4404 4553 4561
f 4404 4561 4562
f 4404 4562 4563
f 4404 4563 4560
f 4405 4560 4577
f 4405 4577 4434
f 4405 4434 4430
f 4405 4430 4558
f 4406 4408 4407
f 4406 4559 4564
f 4406 4564 4565
f 4406 4565 4566
f 4406 4566 4567
f 4406 4567 4568
f 4406 4568 4410
f 4406 4410 4408
f 4410 4568 4411
f 4411 4568 4412
f 4412 4568 4569
f 4412 4569 4570
f 4412 4570 4536
f 4417 4537 4418
f 4418 4537 4536
f 4418 4536 4419
f 4419 4536 4570
f 4419 4570 4420
f 4420 4570 4426
f 4421 4428 4422
f 4425 4427 4571
f 4425 4571 4431
f 4426 4570 4569
f 4426 4569 4427
f 4427 4569 4571
f 4429 4572 4430
f 4429 4433 4573
f 4429 4573 4574
f 4429 4574 4575
f 4429 4575 4572
f 4430 4572 4558
f 4431 4571 4576
f 4431 4576 4573
f 4431 4573 4432
f 4432 4573 4433
f 4434 4577 4435
f 4435 4578 4437
f 4435 4577 4579
f 4435 4579 4580
f 4435 4580 4578
f 4437 4578 4438
f 4438 4578 4439
f 4439 4578 4581
f 4439 4581 4579
f 4439 4579 4441
f 4439 4441 4440
f 4441 4579 4442
f 4442 4579 4443
f 4443 4579 4444
f 4444 4579 4582
f 4444 4582 4583
f 4444 4583 4584
f 4444 4584 4585
f 4444 4585 4445
f 4445 4585 4586
f 4445 4586 4587
f 4445 4587 4588
f 4445 4588 4589
f 4445 4589 4446
f 4446 4589 4447
f 4447 4590 4448
f 4447 4589 4590
f 4448 4590 4453
f 4450 4591 4451
f 4450 4456 4592
f 4450 4592 4593
f 4450 4593 4591
f 4451 4591 4594
f 4451 4594 4595
f 4451 4595 4471
f 4453 4590 4596
f 4453 4596 4584
f 4453 4584 4597
f 4453 4597 4454
f 4454 4597 4598
f 4454 4598 4455
f 4455 4598 4599
f 4455 4599 4600
f 4455 4600 4456
f 4456 4600 4592
f 4458 4463 4459
f 4465 4471 4466
f 4466 4471 4601
f 4466 4601 4602
f 4466 4602 4467
f 4467 4602 4601
f 4467 4601 4603
f 4467 4603 4604
f 4467 4604 4605
f 4467 4605 4468
f 4468 4605 4606
f 4468 4606 4607
f 4468 4607 4469
f 4469 4608 4475
f 4469 4475 4470
f 4469 4607 4608
f 4471 4595 4609
f 4471 4609 4603
f 4471 4603 4601
f 4472 4475 4610
f 4472 4610 4473
f 4473 4611 4474
f 4473 4610 4612
f 4473 4612 4613
f 4473 4613 4614
f 4473 4614 4615
f 4473 4615 4616
f 4473 4616 4617
f 4473 4617 4611
f 4474 4618 4476
f 4474 4611 4619
f 4474 4619 4620
f 4474 4620 4621
f 4474 4621 4622
f 4474 4622 4618
f 4475 4607 4623
f 4475 4623 4624
f 4475 4624 4625
f 4475 4625 4610
f 4475 4608 4607
f 4476 4618 4626
f 4476 4626 4627
f 4476 4627 4477
f 4477 4627 4478
f 4478 4628 4629
f 4478 4629 4630
f 4478 4630 4631
f 4478 4631 4632
f 4478 4632 4633
f 4478 4633 4634
f 4478 4634 4635
f 4478 4635 4480
f 4478 4480 4479
f 4478 4627 4628
f 4480 4635 4636
f 4480 4636 4637
f 4480 4637 4481
f 4481 4637 4487
f 4481 4487 4482
f 4489 4491 4490
f 4494 4638 4639
f 4494 4639 4495
f 4495 4639 4640
f 4495 4640 4641
f 4495 4641 4496
f 4496 4641 4497
f 4497 4641 4499
f 4499 4641 4501
f 4499 4501 4500
f 4501 4641 4642
f 4501 4642 4643
f 4501 4643 4502
f 4502 4643 4505
f 4504 4506 4644
f 4504 4644 4508
f 4505 4643 4645
f 4505 4645 4506
f 4506 4645 4646
f 4506 4646 4644
f 4507 4509 4508
f 4507 4508 4511
f 4508 4644 4647
f 4508 4647 4648
f 4508 4648 4512
f 4508 4512 4511
f 4510 4649 4513
f 4510 4512 4649
f 4512 4648 4650
f 4512 4650 4649
f 4513 4649 4651
f 4513 4651 4652
f 4513 4652 4514
f 4514 4652 4653
f 4514 4653 4654
f 4514 4654 4515
f 4515 4654 4516
f 4516 4654 4647
f 4516 4647 4655
f 4516 4655 4656
f 4516 4656 4517
f 4517 4656 4657
f 4517 4657 4518
f 4518 4657 4658
f 4518 4658 4659
f 4518 4659 4660
f 4518 4660 4661
f 4518 4661 4662
f 4518 4662 4519
f 4519 4663 4525
f 4519 4662 4664
f 4519 4664 4665
f 4519 4665 4663
f 4521 4666 4667
f 4521 4667 4522
f 4521 4528 4666
f 4522 4667 4523
f 4523 4667 4532
f 4523 4532 4524
f 4524 4532 4531
f 4525 4528 4526
f 4525 4663 4668
f 4525 4668 4669
f 4525 4669 4528
f 4526 4528 4527
f 4528 4670 4541
f 4528 4541 4666
f 4528 4669 4671
f 4528 4671 4670
f 4529 4533 4672
f 4529 4672 4530
f 4529 4532 4533
f 4530 4672 4533
f 4532 4667 4666
f 4532 4666 4673
f 4532 4673 4540
f 4532 4540 4534
f 4532 4534 4533
f 4540 4673 4541
f 4541 4670 4674
f 4541 4674 4675
f 4541 4675 4543
f 4541 4673 4666
f 4543 4675 4676
f 4543 4676 4677
f 4543 4677 4544
f 4544 4678 4545
f 4544 4677 4679
f 4544 4679 4680
f 4544 4680 4678
f 4545 4678 4681
f 4545 4681 4682
f 4545 4682 4683
f 4545 4683 4684
f 4545 4684 4546
f 4546 4684 4685
f 4546 4685 4547
f 4547 4686 4548
f 4547 4685 4687
f 4547 4687 4557
f 4547 4557 4691
f 4547 4691 4686
f 4548 4688 4549
f 4548 4686 4688
f 4549 4688 4689
f 4549 4689 4551
f 4549 4551 4550
f 4551 4689 4690
f 4551 4690 4552
f 4552 4690 4555
f 4553 4557 4561
f 4555 4690 4691
f 4555 4691 4557
f 4555 4557 4556
f 4557 4687 4685
f 4557 4685 4562
f 4557 4562 4561
f 4558 4572 4559
f 4559 4572 4564
f 4560 4692 4693
f 4560 4693 4577
f 4560 4563 4692
f 4562 4694 4695
f 4562 4695 4696
f 4562 4696 4563
f 4562 4685 4697
f 4562 4697 4694
f 4563 4696 4692
f 4564 4572 4565
f 4565 4572 4566
f 4566 4572 4575
f 4566 4575 4567
f 4567 4575 4568
f 4568 4575 4574
f 4568 4574 4698
f 4568 4698 4569
f 4569 4698 4573
f 4569 4573 4576
f 4569 4576 4571
f 4573 4698 4574
f 4577 4693 4699
f 4577 4699 4700
f 4577 4700 4579
f 4578 4580 4581
f 4579 4700 4701
f 4579 4701 4702
f 4579 4702 4703
f 4579 4703 4582
f 4579 4581 4580
f 4582 4704 4705
f 4582 4705 4706
f 4582 4706 4598
f 4582 4598 4597
f 4582 4597 4583
f 4582 4703 4707
f 4582 4707 4708
f 4582 4708 4709
f 4582 4709 4710
f 4582 4710 4711
f 4582 4711 4712
f 4582 4712 4713
f 4582 4713 4714
f 4582 4714 4715
f 4582 4715 4704
f 4583 4597 4584
f 4584 4596 4586
f 4584 4586 4585
f 4586 4596 4587
f 4587 4596 4590
f 4587 4590 4589
f 4587 4589 4588
f 4591 4593 4594
f 4592 4600 4716
f 4592 4716 4717
f 4592 4717 4718
f 4592 4718 4593
f 4593 4718 4719
f 4593 4719 4720
f 4593 4720 4715
f 4593 4715 4714
f 4593 4714 4713
f 4593 4713 4721
f 4593 4721 4722
f 4593 4722 4723
f 4593 4723 4724
f 4593 4724 4725
f 4593 4725 4726
f 4593 4726 4594
f 4594 4726 4727
f 4594 4727 4728
f 4594 4728 4729
f 4594 4729 4730
f 4594 4730 4595
f 4595 4730 4609
f 4598 4706 4716
f 4598 4716 4600
f 4598 4600 4599
f 4603 4609 4731
f 4603 4731 4604
f 4604 4731 4605
f 4605 4731 4606
f 4606 4731 4732
f 4606 4732 4607
f 4607 4732 4624
f 4607 4624 4623
f 4609 4730 4729
f 4609 4729 4733
f 4609 4733 4731
f 4610 4625 4734
f 4610 4734 4613
f 4610 4613 4612
f 4611 4617 4619
f 4613 4734 4735
f 4613 4735 4736
f 4613 4736 4615
f 4613 4615 4614
f 4615 4737 4616
f 4615 4736 4737
f 4616 4737 4738
f 4616 4738 4617
f 4617 4738 4739
f 4617 4739 4619
f 4618 4740 4741
f 4618 4741 4626
f 4618 4622 4742
f 4618 4742 4743
f 4618 4743 4744
f 4618 4744 4740
f 4619 4739 4745
f 4619 4745 4738
f 4619 4738 4746
f 4619 4746 4747
f 4619 4747 4748
f 4619 4748 4749
f 4619 4750 4751
f 4619 4751 4752
f 4619 4752 4620
f 4620 4752 4621
f 4621 4752 4753
f 4621 4753 4754
f 4621 4754 4622
f 4622 4754 4755
f 4622 4755 4742
f 4624 4732 4734
f 4624 4734 4625
f 4626 4741 4630
f 4626 4630 4629
f 4626 4629 4628
f 4626 4628 4627
f 4630 4744 4756
f 4630 4756 4632
f 4630 4632 4631
f 4630 4741 4740
f 4630 4740 4744
f 4632 4757 4633
f 4632 4756 4757
f 4633 4757 4758
f 4633 4758 4634
f 4634 4758 4759
f 4634 4759 4760
f 4634 4760 4636
f 4634 4636 4635
f 4636 4760 4637
f 4637 4760 4759
f 4638 4761 4762
f 4638 4762 4763
f 4638 4763 4640
f 4638 4640 4639
f 4640 4763 4761
f 4640 4761 4641
f 4641 4764 4765
f 4641 4765 4766
f 4641 4766 4642
f 4641 4761 4767
f 4641 4767 4768
f 4641 4768 4769
f 4641 4769 4764
f 4642 4766 4765
f 4642 4765 4764
f 4642 4764 4643
f 4643 4770 4771
f 4643 4771 4645
f 4643 4764 4772
f 4643 4772 4773
f 4643 4773 4774
f 4643 4774 4770
f 4644 4646 4775
f 4644 4775 4656
f 4644 4656 4655
f 4644 4655 4647
f 4645 4771 4776
f 4645 4776 4646
f 4646 4777 4659
f 4646 4659 4656
f 4646 4656 4775
f 4646 4776 4778
f 4646 4778 4779
f 4646 4779 4780
f 4646 4780 4777
f 4647 4653 4650
f 4647 4650 4648
f 4647 4654 4653
f 4649 4650 4653
f 4649 4653 4652
f 4649 4652 4651
f 4656 4659 4657
f 4657 4659 4658
f 4659 4777 4781
f 4659 4781 4660
f 4660 4781 4661
f 4661 4781 4664
f 4661 4664 4662
f 4663 4665 4782
f 4663 4782 4668
f 4664 4781 4780
f 4664 4780 4783
f 4664 4783 4784
f 4664 4784 4665
f 4665 4784 4668
f 4665 4668 4782
f 4668 4784 4785
f 4668 4785 4786
f 4668 4786 4787
f 4668 4787 4788
f 4668 4788 4675
f 4668 4675 4674
f 4668 4674 4670
f 4668 4670 4671
f 4668 4671 4669
f 4675 4788 4789
f 4675 4789 4676
f 4676 4789 4790
f 4676 4790 4791
f 4676 4791 4792
f 4676 4792 4793
f 4676 4793 4677
f 4677 4793 4794
f 4677 4794 4795
f 4677 4795 4679
f 4678 4680 4798
f 4678 4798 4801
f 4678 4801 4681
f 4679 4795 4796
f 4679 4796 4680
f 4680 4796 4797
f 4680 4797 4798
f 4681 4799 4812
f 4681 4812 4800
f 4681 4800 4682
f 4681 4801 4799
f 4682 4800 4683
f 4683 4802 4684
f 4683 4800 4803
f 4683 4803 4804
f 4683 4804 4805
f 4683 4805 4806
f 4683 4806 4802
f 4684 4802 4806
f 4684 4806 4685
f 4685 4806 4697
f 4686 4691 4807
f 4686 4807 4690
f 4686 4690 4688
f 4688 4690 4689
f 4690 4807 4691
f 4692 4696 4693
f 4693 4806 4703
f 4693 4703 4702
f 4693 4702 4700
f 4693 4700 4699
f 4693 4696 4808
f 4693 4808 4809
f 4693 4809 4806
f 4694 4697 4809
f 4694 4809 4808
f 4694 4808 4695
f 4695 4808 4696
f 4697 4806 4809
f 4700 4702 4701
f 4703 4804 4707
f 4703 4806 4805
f 4703 4805 4804
f 4704 4706 4705
f 4704 4715 4706
f 4706 4715 4810
f 4706 4810 4717
f 4706 4717 4716
f 4707 4804 4811
f 4707 4811 4708
f 4708 4811 4812
f 4708 4812 4709
f 4709 4812 4813
f 4709 4813 4814
f 4709 4814 4815
f 4709 4815 4816
f 4709 4816 4710
f 4710 4816 4873
f 4710 4873 4817
f 4710 4817 4711
f 4711 4817 4721
f 4711 4721 4712
f 4712 4721 4713
f 4715 4720 4810
f 4717 4810 4718
f 4718 4810 4719
f 4719 4810 4720
f 4721 4817 4818
f 4721 4818 4819
f 4721 4819 4722
f 4722 4819 4820
f 4722 4820 4723
f 4723 4820 4732
f 4723 4732 4821
f 4723 4821 4724
f 4724 4821 4725
f 4725 4821 4822
f 4725 4822 4823
f 4725 4823 4824
f 4725 4824 4728
f 4725 4728 4727
f 4725 4727 4726
f 4728 4824 4729
f 4729 4824 4733
f 4731 4822 4732
f 4731 4733 4824
f 4731 4824 4822
f 4732 4822 4825
f 4732 4825 4821
f 4732 4820 4734
f 4734 4826 4735
f 4734 4820 4827
f 4734 4827 4828
f 4734 4828 4829
f 4734 4829 4830
f 4734 4830 4831
f 4734 4831 4832
f 4734 4832 4833
f 4734 4833 4834
f 4734 4834 4835
f 4734 4835 4826
f 4735 4826 4736
f 4736 4826 4836
f 4736 4836 4837
f 4736 4837 4738
f 4736 4738 4737
f 4738 4745 4739
f 4738 4837 4746
f 4742 4755 4838
f 4742 4838 4839
f 4742 4839 4743
f 4743 4839 4840
f 4743 4840 4744
f 4744 4840 4841
f 4744 4841 4842
f 4744 4842 4757
f 4744 4757 4756
f 4746 4837 4836
f 4746 4836 4835
f 4746 4835 4843
f 4746 4843 4844
f 4746 4844 4748
f 4746 4748 4747
f 4748 4844 4749
f 4749 4844 4846
f 4749 4846 4845
f 4750 4753 4751
f 4751 4753 4752
f 4754 4838 4755
f 4761 4763 4762
f 4764 4769 4847
f 4764 4847 4772
f 4768 4848 4769
f 4769 4848 4847
f 4770 4849 4771
f 4770 4774 4773
f 4770 4773 4850
f 4770 4850 4851
f 4770 4851 4849
f 4771 4849 4852
f 4771 4852 4853
f 4771 4853 4778
f 4771 4778 4776
f 4772 4847 4854
f 4772 4854 4773
f 4773 4854 4855
f 4773 4855 4850
f 4777 4780 4781
f 4778 4852 4784
f 4778 4784 4779
f 4778 4853 4852
f 4779 4784 4783
f 4779 4783 4780
f 4784 4852 4785
f 4785 4852 4856
f 4785 4856 4786
f 4786 4856 4857
f 4786 4857 4858
f 4786 4858 4859
f 4786 4859 4787
f 4787 4859 4860
f 4787 4860 4790
f 4787 4790 4861
f 4787 4861 4789
f 4787 4789 4788
f 4789 4861 4790
f 4790 4860 4862
f 4790 4862 4791
f 4791 4862 4863
f 4791 4863 4864
f 4791 4864 4865
f 4791 4865 4792
f 4792 4865 4866
f 4792 4866 4867
f 4792 4867 4868
f 4792 4868 4793
f 4793 4868 4794
f 4794 4868 4867
f 4794 4867 4795
f 4795 4867 4869
f 4795 4869 4796
f 4796 4869 4797
f 4797 4869 4867
f 4797 4867 4870
f 4797 4870 4871
f 4797 4871 4815
f 4797 4815 4814
f 4797 4814 4813
f 4797 4813 4812
f 4797 4812 4798
f 4798 4812 4801
f 4799 4801 4812
f 4800 4812 4811
f 4800 4811 4803
f 4803 4811 4804
f 4815 4871 4872
f 4815 4872 4816
f 4816 4872 4873
f 4817 4873 4874
f 4817 4874 4818
f 4818 4874 4819
f 4819 4875 4876
f 4819 4876 4877
f 4819 4877 4820
f 4819 4874 4875
f 4820 4877 4878
f 4820 4878 4879
f 4820 4879 4880
f 4820 4880 4827
f 4821 4825 4822
f 4822 4824 4823
f 4826 4835 4836
f 4827 4880 4881
f 4827 4881 4828
f 4828 4881 4882
f 4828 4882 4883
f 4828 4883 4829
f 4829 4883 4884
f 4829 4884 4885
f 4829 4885 4886
f 4829 4886 4887
f 4829 4887 4830
f 4830 4887 4888
f 4830 4888 4889
f 4830 4889 4890
f 4830 4890 4831
f 4831 4890 4891
f 4831 4891 4832
f 4832 4891 4892
f 4832 4892 4893
f 4832 4893 4833
f 4833 4893 4834
f 4834 4893 4894
f 4834 4894 4835
f 4835 4894 4843
f 4838 4895 4839
f 4839 4895 4841
f 4839 4841 4840
f 4843 4894 4896
f 4843 4896 4845
f 4843 4845 4844
f 4844 4845 4846
f 4845 4896 4893
f 4849 4897 4852
f 4849 4851 4898
f 4849 4898 4897
f 4850 4855 4899
f 4850 4899 4898
f 4850 4898 4851
f 4852 4897 4900
f 4852 4900 4901
f 4852 4901 4902
f 4852 4902 4903
f 4852 4903 4904
f 4852 4904 4856
f 4854 4905 4906
f 4854 4906 4907
f 4854 4907 4899
f 4854 4899 4855
f 4856 4904 4857
f 4857 4904 4858
f 4858 4904 4864
f 4858 4864 4863
f 4858 4863 4859
f 4859 4863 4908
f 4859 4908 4860
f 4860 4908 4862
f 4862 4908 4863
f 4864 4904 4909
f 4864 4909 4910
f 4864 4910 4865
f 4865 4910 4911
f 4865 4911 4912
f 4865 4912 4913
f 4865 4913 4867
f 4865 4867 4866
f 4867 4913 4914
f 4867 4914 4870
f 4870 4914 4875
f 4870 4875 4871
f 4871 4875 4874
f 4871 4874 4872
f 4872 4874 4873
f 4875 4915 4916
f 4875 4916 4917
f 4875 4917 4876
f 4875 4914 4918
f 4875 4918 4919
f 4875 4919 4915
f 4876 4917 4877
f 4877 4917 4920
f 4877 4920 4921
f 4877 4921 4922
f 4877 4922 4923
f 4877 4923 4924
f 4877 4924 4925
f 4877 4925 4878
f 4878 4925 4879
f 4879 4925 4926
f 4879 4926 4927
f 4879 4927 4880
f 4880 4927 4881
f 4881 4927 4928
f 4881 4928 4882
f 4882 4884 4883
f 4882 4928 4929
f 4882 4929 4884
f 4884 4929 4885
f 4885 4929 4930
f 4885 4930 4931
f 4885 4931 4886
f 4886 4931 4887
f 4887 4931 4932
f 4887 4932 4933
f 4887 4933 4934
f 4887 4934 4935
f 4887 4935 4888
f 4888 4935 4936
f 4888 4890 4889
f 4890 4937 4891
f 4891 4937 4892
f 4893 4896 4894
f 4897 4898 4938
f 4897 4938 4900
f 4898 4899 4939
f 4898 4939 4938
f 4899 4907 4940
f 4899 4940 4939
f 4900 4938 4941
f 4900 4941 4901
f 4901 4941 4942
f 4901 4942 4902
f 4902 4942 4903
f 4903 4942 4904
f 4904 4942 4909
f 4905 4943 4944
f 4905 4944 4945
f 4905 4945 4906
f 4906 4945 4946
f 4906 4946 4907
f 4907 4946 4947
f 4907 4947 4940
f 4909 4942 4948
f 4909 4948 4949
f 4909 4949 4950
f 4909 4950 4951
f 4909 4951 4952
f 4909 4952 4953
f 4909 4953 4910
f 4910 4953 4954
f 4910 4954 4911
f 4911 4955 4957
f 4911 4957 4912
f 4911 4954 4956
f 4911 4956 4999
f 4911 4999 4955
f 4912 4957 4958
f 4912 4958 4913
f 4913 4958 4959
f 4913 4959 4914
f 4914 4959 4960
f 4914 4960 4961
f 4914 4961 4918
f 4915 4919 4962
f 4915 4962 4916
f 4916 4963 4920
f 4916 4920 4917
f 4916 4962 4921
f 4916 4921 4963
f 4918 4961 4964
f 4918 4964 4965
f 4918 4965 4923
f 4918 4923 4922
f 4918 4922 4962
f 4918 4962 4919
f 4920 4963 4921
f 4921 4962 4922
f 4923 4965 4966
f 4923 4966 4967
f 4923 4967 4968
f 4923 4968 4924
f 4924 4968 4925
f 4925 4968 4969
f 4925 4969 4970
f 4925 4970 4971
f 4925 4971 4926
f 4926 4971 4927
f 4927 4971 4928
f 4928 4972 4929
f 4928 4971 4972
f 4929 4972 4930
f 4930 4972 4931
f 4931 4972 4932
f 4932 4973 4934
f 4932 4934 4933
f 4932 4972 4973
f 4934 4974 4935
f 4934 4973 4975
f 4934 4975 4976
f 4934 4976 4977
f 4934 4977 4978
f 4934 4978 4979
f 4934 4979 4974
f 4935 4974 4936
f 4938 4980 4941
f 4938 4939 4980
f 4939 4940 4947
f 4939 4947 4980
f 4941 4980 4981
f 4941 4981 4942
f 4942 4981 4982
f 4942 4982 4949
f 4942 4949 4948
f 4943 4983 4944
f 4944 4983 4945
f 4945 4983 4984
f 4945 4984 4985
f 4945 4985 4986
f 4945 4986 4946
f 4946 4987 4947
f 4946 4986 4949
f 4946 4949 4987
f 4947 4988 4980
f 4947 4987 4949
f 4947 4949 4981
f 4947 4981 4988
f 4949 4982 4981
f 4949 4986 4950
f 4950 4952 4951
f 4950 4986 4952
f 4952 4989 4953
f 4952 4986 4985
f 4952 4985 4990
f 4952 4990 4991
f 4952 4991 4989
f 4953 4989 4992
f 4953 4992 4993
f 4953 4993 4994
f 4953 4994 4995
f 4953 4995 4954
f 4954 4995 4996
f 4954 4996 4997
f 4954 4997 4964
f 4954 4964 4956
f 4955 4998 4959
f 4955 4959 4958
f 4955 4958 4957
f 4955 4999 4998
f 4956 4964 4999
f 4959 4998 4960
f 4960 4998 4999
f 4960 4999 4961
f 4961 4999 4964
f 4964 4997 5000
f 4964 5000 4965
f 4965 5000 4979
f 4965 4979 5001
f 4965 5001 5002
f 4965 5002 4966
f 4966 5003 5004
f 4966 5004 5005
f 4966 5005 5006
f 4966 5006 4967
f 4966 5002 5001
f 4966 5001 5003
f 4967 4969 4968
f 4967 5006 4969
f 4969 5006 5005
f 4969 5005 4970
f 4970 5005 4971
f 4971 5005 5007
f 4971 5007 4972
f 4972 5007 5005
f 4972 5005 5008
f 4972 5008 5009
f 4972 5009 4973
f 4973 5009 4975
f 4974 4979 5011
f 4974 5011 5010
f 4975 5009 5012
f 4975 5012 4976
f 4976 5012 5013
f 4976 5013 5014
f 4976 5014 4977
f 4977 5013 5015
f 4977 5015 5001
f 4977 5001 4978
f 4977 5014 5013
f 4978 5001 4979
f 4979 5000 5016
f 4979 5016 5017
f 4979 5017 5011
f 4980 4988 4981
f 4983 5018 4984
f 4984 5018 4985
f 4985 5018 5019
f 4985 5019 4990
f 4989 4991 5020
f 4989 5020 5021
f 4989 5021 4992
f 4990 5020 4991
f 4990 5019 5022
f 4990 5022 5023
f 4990 5023 5024
f 4990 5024 5025
f 4990 5025 5021
f 4990 5021 5020
f 4992 5021 5026
f 4992 5026 4993
f 4993 5027 5028
f 4993 5028 4994
f 4993 5026 5027
f 4994 5028 4996
f 4994 4996 4995
f 4996 5028 5016
f 4996 5016 5000
f 4996 5000 4997
f 5001 5015 5004
f 5001 5004 5003
f 5004 5008 5005
f 5004 5015 5029
f 5004 5029 5013
f 5004 5013 5030
f 5004 5030 5031
f 5004 5031 5008
f 5008 5031 5032
f 5008 5032 5009
f 5009 5032 5012
f 5010 5011 5034
f 5010 5034 5033
f 5011 5017 5035
f 5011 5035 5034
f 5012 5032 5013
f 5013 5032 5030
f 5013 5029 5015
f 5016 5036 5017
f 5016 5028 5036
f 5017 5036 5037
f 5017 5037 5035
f 5021 5025 5038
f 5021 5038 5026
f 5022 5039 5023
f 5023 5039 5025
f 5023 5025 5024
f 5025 5039 5040
f 5025 5040 5038
f 5026 5041 5027
f 5026 5038 5042
f 5026 5042 5043
f 5026 5043 5044
f 5026 5044 5041
f 5027 5041 5028
f 5028 5045 5046
f 5028 5046 5036
f 5028 5041 5044
f 5028 5044 5043
f 5028 5043 5047
f 5028 5047 5045
f 5030 5032 5031
f 5033 5034 5049
f 5033 5049 5050
f 5033 5050 5048
f 5034 5035 5037
f 5034 5037 5049
f 5036 5050 5049
f 5036 5049 5037
f 5036 5046 5050
f 5038 5040 5043
f 5038 5043 5042
f 5040 5051 5043
f 5043 5051 5047
f 5045 5050 5046
f 5045 5047 5052
f 5045 5052 5053
f 5045 5053 5054
f 5045 5054 5055
f 5045 5055 5050
f 5047 5051 5052
f 5048 5055 5054
f 5048 5054 5053
f 5048 5050 5055
f 5051 5056 5052
f 5052 5056 5053

